dtype,l2_norm,layer_idx,machine,max,mean,micro_step,min,numel,optimizer_step,sample,sha256,shape,source_json,std,target,trace_name,variant,window_micro_idx
torch.float32,255.99618530273438,1,2080ti,1.5926038026809692,0.0006710691377520561,0,-1.5414212942123413,524288,0,"[0.43720102310180664,-0.47418761253356934,-0.12221133708953857,0.2982311248779297,-0.16422449052333832,-0.11781228333711624,-0.49186304211616516,0.034084249287843704]",7eafdaa36e612e280d2fb2c9c3cb62ed9aea8534fcf882e35ef8e3603dbd2ea6,"[64,2,64,64]",zoology/experiments/flash_vqg/scripts/20260629-01-flash-vqg-gate-logf-stability/outputs/2080ti/probe.json,0.35354912281036377,gate-logf-probe-s123-r1,phase1/q_all,no-dropout,0
torch.float32,255.9937286376953,1,2080ti,1.6455446481704712,5.468557355925441e-05,0,-1.4379643201828003,524288,0,"[0.2290818840265274,0.17472465336322784,-0.5262090563774109,-0.33765751123428345,0.7831315994262695,-0.41186249256134033,0.43849584460258484,-0.09059952944517136]",5d37dccf16213c484f5f4dd1816d0b7f343602f7708ddc638d348efe532bf7e6,"[64,2,64,64]",zoology/experiments/flash_vqg/scripts/20260629-01-flash-vqg-gate-logf-stability/outputs/2080ti/probe.json,0.3535461127758026,gate-logf-probe-s123-r1,phase1/k_all,no-dropout,0
torch.float32,58.87234115600586,1,2080ti,0.6101686358451843,0.006445801816880703,0,-0.253231942653656,524288,0,"[0.07940109074115753,0.039708636701107025,-0.07384831458330154,-0.08339323848485947,-0.009571666829288006,-0.07319962978363037,0.1329384446144104,-0.10811452567577362]",007ca34e5ad8d9cf91291651d6f0e4cb8f051c8b6efbfd77574608e653aa5960,"[64,2,64,64]",zoology/experiments/flash_vqg/scripts/20260629-01-flash-vqg-gate-logf-stability/outputs/2080ti/probe.json,0.08105120807886124,gate-logf-probe-s123-r1,phase1/v_all,no-dropout,0
torch.float32,163.77285766601562,1,2080ti,1.0111680030822754,0.0007309167413040996,0,-1.0400457382202148,524288,0,"[-0.3866400122642517,-0.0003336060617584735,0.274516761302948,-0.06162302941083908,0.05467773601412773,0.021006522700190544,0.17238442599773407,-0.25864097476005554]",871dddddc039c8c8c5fcbe118831b433f6f476e7037558ec8cb9b4669bbeaa8b,"[64,2,64,64]",zoology/experiments/flash_vqg/scripts/20260629-01-flash-vqg-gate-logf-stability/outputs/2080ti/probe.json,0.22618119418621063,gate-logf-probe-s123-r1,phase1/g_raw_all,no-dropout,0
torch.float32,40.955135345458984,1,2080ti,0.2677234709262848,0.0017296954756602645,0,-0.22957539558410645,524288,0,"[0.0371975377202034,-0.040959183126688004,-0.0022900900803506374,0.04461415484547615,0.09493521600961685,-0.06041162461042404,-0.04216456413269043,-0.09387834370136261]",61d4693e36a3721d9b9a2f91ec445e428e18253ea13183d165e403501a2de674,"[64,2,64,64]",zoology/experiments/flash_vqg/scripts/20260629-01-flash-vqg-gate-logf-stability/outputs/2080ti/probe.json,0.05653558671474457,gate-logf-probe-s123-r1,phase1/K_q_all,no-dropout,0
torch.int32,3421.633056640625,1,2080ti,63.0,32.972900390625,0,0.0,8192,0,"[26,19,19,11,0,7,36,60]",acd27605803513d9492d5ec72ccbf02c68ea239822061484cc8ef5953acc83c5,"[64,2,64]",zoology/experiments/flash_vqg/scripts/20260629-01-flash-vqg-gate-logf-stability/outputs/2080ti/probe.json,18.491479873657227,gate-logf-probe-s123-r1,phase1/Delta_all,no-dropout,0
torch.float32,12.744465827941895,1,2080ti,0.11100196838378906,0.015625,0,0.0014944170834496617,524288,0,"[0.02963186241686344,0.025065932422876358,0.023681746795773506,0.00960193295031786,0.00933751743286848,0.01803426258265972,0.006216543726623058,0.021651284769177437]",ef42fa94204b60d9842042f6dc673ff3848dcbff1fd7343c9aaeaf6f3df608ed,"[64,2,64,64]",zoology/experiments/flash_vqg/scripts/20260629-01-flash-vqg-gate-logf-stability/outputs/2080ti/probe.json,0.008102668449282646,gate-logf-probe-s123-r1,phase1/W_all,no-dropout,0
torch.float32,724.0740356445312,1,2080ti,4.748272895812988,-2.837623469531536e-10,0,-5.1808390617370605,524288,0,"[0.02532190829515457,0.15918952226638794,-0.7185203433036804,-0.155963733792305,-0.5711404085159302,-0.2691114842891693,-0.22938433289527893,-2.4623677730560303]",ce513891fb8efa13a41de32d8fb8fdc9f7269a8f28bad19d2fd3d9b34ee59a13,"[64,64,128]",zoology/experiments/flash_vqg/scripts/20260629-01-flash-vqg-gate-logf-stability/outputs/2080ti/probe.json,0.9999987483024597,gate-logf-probe-s123-r1,fox_gate/input_x,no-dropout,0
torch.float32,20.328201293945312,1,2080ti,0.7899494767189026,0.0017203858587890863,0,-0.9237731695175171,8192,0,"[-0.2620856761932373,0.48922717571258545,-0.083706796169281,0.06343737244606018,-0.020924754440784454,0.2494209110736847,0.016498565673828125,-0.4003526270389557]",1e06fe0ae90f69c777ede6c8ecc8174b8f99a55c59b9b3f13c31fb7c93c3deb7,"[64,2,64]",zoology/experiments/flash_vqg/scripts/20260629-01-flash-vqg-gate-logf-stability/outputs/2080ti/probe.json,0.22459042072296143,gate-logf-probe-s123-r1,fox_gate/logits_cuda,no-dropout,0
torch.float32,4.002523899078369,1,2080ti,-0.023389212787151337,-0.04365961626172066,0,-0.07863207906484604,8192,0,"[-0.05204698070883751,-0.029884863644838333,-0.04599225893616676,-0.04137071594595909,-0.043979015201330185,-0.036012064665555954,-0.04280824586749077,-0.057076647877693176]",476c88d729d9555ba6a7c8401c79eed44a91fe0a5e52a7fbee01245d16a52b10,"[64,2,64]",zoology/experiments/flash_vqg/scripts/20260629-01-flash-vqg-gate-logf-stability/outputs/2080ti/probe.json,0.007030486594885588,gate-logf-probe-s123-r1,fox_gate/logf_cuda,no-dropout,0
torch.float64,20.328201293945312,1,2080ti,0.7899495363235474,0.0017203855095431209,0,-0.9237732291221619,8192,0,"[-0.2620857365270256,0.4892271541204725,-0.08370679527125159,0.06343735019055556,-0.02092477734360984,0.24942087489139902,0.01649856104907023,-0.40035271848105924]",d9daf893f8dce6bfd96627ccc08baa79416911cda02beab568adffec257a2250,"[64,2,64]",zoology/experiments/flash_vqg/scripts/20260629-01-flash-vqg-gate-logf-stability/outputs/2080ti/probe.json,0.22459042072296143,gate-logf-probe-s123-r1,fox_gate/logits_ref_fp64_cpu,no-dropout,0
torch.float64,4.002523899078369,1,2080ti,-0.023389210924506187,-0.04365961626172066,0,-0.07863208651542664,8192,0,"[-0.05204698147697186,-0.029884863758890958,-0.04599226100345978,-0.0413707161445869,-0.04397901868885331,-0.03601206348351599,-0.042808245310256,-0.05707665222169803]",b13958988a1cd5ae25f07dcdd40c064b61a26f32c47f5e563c7abb740cfe5371,"[64,2,64]",zoology/experiments/flash_vqg/scripts/20260629-01-flash-vqg-gate-logf-stability/outputs/2080ti/probe.json,0.007030486594885588,gate-logf-probe-s123-r1,fox_gate/logf_ref_fp64_cpu,no-dropout,0
torch.float32,4.002523899078369,1,2080ti,-0.023389212787151337,-0.04365961626172066,0,-0.07863207906484604,8192,0,"[-0.05204698070883751,-0.029884863644838333,-0.04599225893616676,-0.04137071594595909,-0.043979015201330185,-0.036012064665555954,-0.04280824586749077,-0.057076647877693176]",476c88d729d9555ba6a7c8401c79eed44a91fe0a5e52a7fbee01245d16a52b10,"[64,2,64]",zoology/experiments/flash_vqg/scripts/20260629-01-flash-vqg-gate-logf-stability/outputs/2080ti/probe.json,0.007030486594885588,gate-logf-probe-s123-r1,state_build/logf_all,no-dropout,0
torch.float32,45.25483322143555,1,2080ti,0.5,0.5,0,0.5,8192,0,"[0.5,0.5,0.5,0.5,0.5,0.5,0.5,0.5]",31c5bc096f4ebb31c881c9ed866d59e45c0e94073f7765ad6ea1cbf93d4e3b4f,"[64,2,64]",zoology/experiments/flash_vqg/scripts/20260629-01-flash-vqg-gate-logf-stability/outputs/2080ti/probe.json,0.0,gate-logf-probe-s123-r1,state_build/beta_all,no-dropout,0
torch.float32,5.0671491622924805,1,2080ti,0.052391521632671356,0.0009069809457287192,0,-0.03566717728972435,1048576,0,"[0.0,0.0,0.0,0.0,0.0,0.0,0.0,0.0]",23cda5831a1b5e953bf403d65c81efe1457a0a9b08379e7683aa50f553cb7d44,"[64,2,2,64,64]",zoology/experiments/flash_vqg/scripts/20260629-01-flash-vqg-gate-logf-stability/outputs/2080ti/probe.json,0.004864578600972891,gate-logf-probe-s123-r1,state_build/G_state,no-dropout,0
torch.float32,25.248516082763672,1,2080ti,0.4707127511501312,0.13812081515789032,0,0.0,16384,0,"[0.0,0.0,0.0,0.0,0.0,0.0,0.0,0.0]",a67e82aff7cb42fa6b1498aee1b10275b8dbe01c069ace347b7a03ed905b25ff,"[64,2,2,64]",zoology/experiments/flash_vqg/scripts/20260629-01-flash-vqg-gate-logf-stability/outputs/2080ti/probe.json,0.14082539081573486,gate-logf-probe-s123-r1,state_build/L_state,no-dropout,0
torch.float32,6.691649436950684,1,2080ti,0.049796395003795624,5.044794761488447e-06,0,-0.05900086462497711,16777216,0,"[0.0,0.0,0.0,0.0,0.0,0.0,0.0,0.0]",e84ed3bb11dceff043c27710eb05196a531a34a5acd6c1ef8ffda28f2114f16f,"[64,2,2,64,64,16]",zoology/experiments/flash_vqg/scripts/20260629-01-flash-vqg-gate-logf-stability/outputs/2080ti/probe.json,0.0016343846218660474,gate-logf-probe-s123-r1,state_build/M_state,no-dropout,0
torch.float32,inf,1,2080ti,-1.0000000150474662e+30,-1.0000003172789211e+30,0,-1.0000000150474662e+30,524288,0,"[-1.0000000150474662e+30,-1.0000000150474662e+30,-1.0000000150474662e+30,-1.0000000150474662e+30,-1.0000000150474662e+30,-1.0000000150474662e+30,-1.0000000150474662e+30,-1.0000000150474662e+30]",61ce6a8cd370ca81c3f343145d521a45aac538ef8972e11b8dba8c5540f1eff2,"[64,2,2,32,64]",zoology/experiments/flash_vqg/scripts/20260629-01-flash-vqg-gate-logf-stability/outputs/2080ti/probe.json,3.022314549036573e+23,gate-logf-probe-s123-r1,phase2/S_far,no-dropout,0
torch.float32,25.824739456176758,1,2080ti,0.38107576966285706,0.006429946981370449,0,-0.1840706467628479,524288,0,"[0.07940109074115753,0.039708636701107025,-0.07384831458330154,-0.08339323848485947,-0.009571666829288006,-0.07319962978363037,0.1329384446144104,-0.10811452567577362]",9cfabc9443672808c4687d4edac8b5f1d7ba468ef6720d2c221d6e8a94b946ce,"[64,2,2,32,64]",zoology/experiments/flash_vqg/scripts/20260629-01-flash-vqg-gate-logf-stability/outputs/2080ti/probe.json,0.035081565380096436,gate-logf-probe-s123-r1,phase2/O_base,no-dropout,0
torch.int64,90.5096664428711,1,2080ti,1.0,0.5,0,0.0,16384,0,"[1,0,1,0,1,0,1,0]",dc11edbaeecd85c2e2c82456db4232b7ddbbdfd7d6481b97eca720a60ac56f7c,"[64,2,2,32,2]",zoology/experiments/flash_vqg/scripts/20260629-01-flash-vqg-gate-logf-stability/outputs/2080ti/probe.json,0.5,gate-logf-probe-s123-r1,phase2_read/top_idx,no-dropout,0
torch.float32,inf,1,2080ti,-1.0000000150474662e+30,-1.0000001661631937e+30,0,-1.0000000150474662e+30,16384,0,"[-1.0000000150474662e+30,-1.0000000150474662e+30,-1.0000000150474662e+30,-1.0000000150474662e+30,-1.0000000150474662e+30,-1.0000000150474662e+30,-1.0000000150474662e+30,-1.0000000150474662e+30]",9a9fe1aa50ef523d738b70d1c4410771a1eebdba615eba1bac04c3b3539793cb,"[64,2,2,32,2]",zoology/experiments/flash_vqg/scripts/20260629-01-flash-vqg-gate-logf-stability/outputs/2080ti/probe.json,1.5111572745182865e+23,gate-logf-probe-s123-r1,phase2_read/top_scores,no-dropout,0
torch.float32,0.0,1,2080ti,0.0,0.0,0,0.0,16384,0,"[0.0,0.0,0.0,0.0,0.0,0.0,0.0,0.0]",85a80fae2f428310daf8e819aed8147d2ca75f273599d1da531939dbf3f55a7b,"[64,2,2,32,2]",zoology/experiments/flash_vqg/scripts/20260629-01-flash-vqg-gate-logf-stability/outputs/2080ti/probe.json,0.0,gate-logf-probe-s123-r1,phase2_read/top_probs,no-dropout,0
torch.float32,0.0,1,2080ti,0.0,0.0,0,0.0,16384,0,"[0.0,0.0,0.0,0.0,0.0,0.0,0.0,0.0]",85a80fae2f428310daf8e819aed8147d2ca75f273599d1da531939dbf3f55a7b,"[64,2,2,32,2]",zoology/experiments/flash_vqg/scripts/20260629-01-flash-vqg-gate-logf-stability/outputs/2080ti/probe.json,0.0,gate-logf-probe-s123-r1,phase2_read/omega_sel,no-dropout,0
torch.float32,0.0,1,2080ti,0.0,0.0,0,0.0,8192,0,"[0.0,0.0,0.0,0.0,0.0,0.0,0.0,0.0]",f8dbbb428d043d7769f8fef4e7717b8a7a9697ac9b6425b62cef8cbd4120f9b0,"[64,2,2,32]",zoology/experiments/flash_vqg/scripts/20260629-01-flash-vqg-gate-logf-stability/outputs/2080ti/probe.json,0.0,gate-logf-probe-s123-r1,phase2_read/read_selected_mass,no-dropout,0
torch.float32,0.0,1,2080ti,0.0,0.0,0,0.0,524288,0,"[0.0,0.0,0.0,0.0,0.0,0.0,0.0,0.0]",33f5081ccd747a947e389515e1c9cde8155433ffa6999a97fd86a1da6b73247a,"[64,2,2,32,64]",zoology/experiments/flash_vqg/scripts/20260629-01-flash-vqg-gate-logf-stability/outputs/2080ti/probe.json,0.0,gate-logf-probe-s123-r1,phase2_read/u_res,no-dropout,0
torch.float32,0.0,1,2080ti,0.0,0.0,0,0.0,524288,0,"[0.0,0.0,0.0,0.0,0.0,0.0,0.0,0.0]",33f5081ccd747a947e389515e1c9cde8155433ffa6999a97fd86a1da6b73247a,"[64,2,2,32,64]",zoology/experiments/flash_vqg/scripts/20260629-01-flash-vqg-gate-logf-stability/outputs/2080ti/probe.json,0.0,gate-logf-probe-s123-r1,phase2/O_res_added,no-dropout,0
torch.float32,25.824739456176758,1,2080ti,0.38107576966285706,0.006429946981370449,0,-0.1840706467628479,524288,0,"[0.07940109074115753,0.039708636701107025,-0.07384831458330154,-0.08339323848485947,-0.009571666829288006,-0.07319962978363037,0.1329384446144104,-0.10811452567577362]",9cfabc9443672808c4687d4edac8b5f1d7ba468ef6720d2c221d6e8a94b946ce,"[64,2,2,32,64]",zoology/experiments/flash_vqg/scripts/20260629-01-flash-vqg-gate-logf-stability/outputs/2080ti/probe.json,0.035081565380096436,gate-logf-probe-s123-r1,phase2/Out_f32,no-dropout,0
torch.float32,25.824739456176758,1,2080ti,0.38107576966285706,0.006429946981370449,0,-0.1840706467628479,524288,0,"[0.07940109074115753,0.039708636701107025,-0.07384831458330154,-0.08339323848485947,-0.009571666829288006,-0.07319962978363037,0.1329384446144104,-0.10811452567577362]",afbe02d37c5f81abfc1240b7a0d09cb700557cb86ce0fe65c3c054e46eb1afdf,"[64,2,64,64]",zoology/experiments/flash_vqg/scripts/20260629-01-flash-vqg-gate-logf-stability/outputs/2080ti/probe.json,0.035081565380096436,gate-logf-probe-s123-r1,output_proj/O_heads,no-dropout,0
torch.float32,83.50859832763672,1,2080ti,1.7408274412155151,0.002401280915364623,0,-1.7503535747528076,524288,0,"[-0.19990679621696472,-0.00010660163388820365,-0.1854211390018463,0.040087029337882996,-0.004327393602579832,-0.012505988590419292,0.2003031075000763,0.19611649215221405]",cc844405f2c7741c626e524a6692e9ce707c4af0d844c5fcaa1b60cf66e42de6,"[64,2,64,64]",zoology/experiments/flash_vqg/scripts/20260629-01-flash-vqg-gate-logf-stability/outputs/2080ti/probe.json,0.11530762165784836,gate-logf-probe-s123-r1,output_proj/o_heads,no-dropout,0
torch.float32,18.868906021118164,1,2080ti,0.13842158019542694,-0.00013265137386042625,0,-0.14551879465579987,524288,0,"[0.03996148332953453,-0.0033638705499470234,0.012420875951647758,0.04953775182366371,0.013684508390724659,0.001448249677196145,0.00022671140322927386,0.010053996928036213]",732c319b863c6dfa1e5538d33948643cb48af0b8a91db74e75a9f04a8efb9ee7,"[64,64,128]",zoology/experiments/flash_vqg/scripts/20260629-01-flash-vqg-gate-logf-stability/outputs/2080ti/probe.json,0.02605900913476944,gate-logf-probe-s123-r1,output_proj/res,no-dropout,0
torch.float32,1318.9432373046875,,2080ti,3.167426347732544,0.0002454897912684828,0,-1.1616417169570923,33554432,0,"[-0.3174777626991272,-0.15193472802639008,0.16587187349796295,0.04986667260527611,-0.08510883152484894,-0.003580532968044281,-0.0306699275970459,0.2924538850784302]",459baa4b02f43dc4a12a8c5c0e19a62ecc02949ec1150d44920460ee48983f56,"[64,64,8192]",zoology/experiments/flash_vqg/scripts/20260629-01-flash-vqg-gate-logf-stability/outputs/2080ti/probe.json,0.22817322611808777,gate-logf-probe-s123-r1,forward/logits,no-dropout,0
,,,2080ti,,,0,,,0,,d8ddeb731d5304875c304e1a27f22f52981e5e38d0995ec69bb6311ca8656683,,zoology/experiments/flash_vqg/scripts/20260629-01-flash-vqg-gate-logf-stability/outputs/2080ti/probe.json,,gate-logf-probe-s123-r1,forward/preds,no-dropout,0
float,10.871895790100098,,2080ti,10.871895790100098,10.871895790100098,0,10.871895790100098,1,0,[10.871895790100098],10.8718957901,[],zoology/experiments/flash_vqg/scripts/20260629-01-flash-vqg-gate-logf-stability/outputs/2080ti/probe.json,0,gate-logf-probe-s123-r1,forward/loss,no-dropout,0
torch.float32,362.03082275390625,1,2080ti,1.5838767290115356,0.0012374620418995619,4,-1.5867475271224976,1048576,1,"[-0.16777242720127106,0.15290845930576324,-0.14047765731811523,-0.28370848298072815,0.219734787940979,0.5104270577430725,0.16752690076828003,-0.3058089017868042]",2c6855f8151b91fcf7b1f7ddbb1e34f5a0bd182fd9106e69ff00773ad38caf81,"[64,2,128,64]",zoology/experiments/flash_vqg/scripts/20260629-01-flash-vqg-gate-logf-stability/outputs/2080ti/probe.json,0.353547602891922,gate-logf-probe-s123-r1,phase1/q_all,no-dropout,0
torch.float32,362.0274963378906,1,2080ti,1.5713329315185547,0.0006706067943014205,4,-1.647322416305542,1048576,1,"[-0.19380617141723633,0.7514046430587769,0.22231176495552063,0.1130921021103859,0.40694817900657654,-0.2674444615840912,0.29446619749069214,-0.1348334401845932]",adf86e0d29400b034289e04b3f50e66e83aec48d2ff781f3b2aba377f4413ad8,"[64,2,128,64]",zoology/experiments/flash_vqg/scripts/20260629-01-flash-vqg-gate-logf-stability/outputs/2080ti/probe.json,0.35354557633399963,gate-logf-probe-s123-r1,phase1/k_all,no-dropout,0
torch.float32,83.43143463134766,1,2080ti,0.6730828881263733,0.006443673744797707,4,-0.2575630843639374,1048576,1,"[-0.015553750097751617,-0.026564382016658783,0.13319556415081024,-0.006882244721055031,-0.04905040189623833,0.06787211447954178,-0.0010197844821959734,0.027408123016357422]",a92cf061dc0b98b9ce7a54a6d0c6f0a3c0b75069d54543a1ea377658adabde66,"[64,2,128,64]",zoology/experiments/flash_vqg/scripts/20260629-01-flash-vqg-gate-logf-stability/outputs/2080ti/probe.json,0.08122162520885468,gate-logf-probe-s123-r1,phase1/v_all,no-dropout,0
torch.float32,231.6661834716797,1,2080ti,1.058910608291626,0.00019427118240855634,4,-1.0625340938568115,1048576,1,"[-0.08519785851240158,0.12955698370933533,0.33556583523750305,-0.04565999284386635,-0.054912421852350235,-0.06252109259366989,0.39017197489738464,0.10450750589370728]",3a1870b90129fe4409cae93e71b8308a65099787a26ce6cadf16bcac465f8fbf,"[64,2,128,64]",zoology/experiments/flash_vqg/scripts/20260629-01-flash-vqg-gate-logf-stability/outputs/2080ti/probe.json,0.22623921930789948,gate-logf-probe-s123-r1,phase1/g_raw_all,no-dropout,0
torch.float32,59.272735595703125,1,2080ti,0.2515982687473297,0.0017250848468393087,4,-0.25989261269569397,1048576,1,"[-0.003649345599114895,0.008390258066356182,0.03597196564078331,0.09794089943170547,0.07773058861494064,-0.07232344150543213,-0.037670765072107315,-0.09629852324724197]",89af9b4051a4931607133530ecdbc40cba1a62da82b937849e0b53867ecb0e5b,"[64,2,128,64]",zoology/experiments/flash_vqg/scripts/20260629-01-flash-vqg-gate-logf-stability/outputs/2080ti/probe.json,0.05785837396979332,gate-logf-probe-s123-r1,phase1/K_q_all,no-dropout,0
torch.int32,4827.93017578125,1,2080ti,63.0,32.9443359375,4,0.0,16384,1,"[45,44,11,12,8,38,38,18]",359996a0300dd15c64ba31af21d704f631d98a304ddec217bd56ac5405e0ac07,"[64,2,128]",zoology/experiments/flash_vqg/scripts/20260629-01-flash-vqg-gate-logf-stability/outputs/2080ti/probe.json,18.366649627685547,gate-logf-probe-s123-r1,phase1/Delta_all,no-dropout,0
torch.float32,18.265687942504883,1,2080ti,0.1270197182893753,0.015625,4,0.0012770314933732152,1048576,1,"[0.015865851193666458,0.019818324595689774,0.013537713326513767,0.026639100164175034,0.02596074528992176,0.011286645196378231,0.013356202282011509,0.02080187015235424]",64c980409b98c051d4a23f24d79628cfe63aefb1a59e60ed1fde92533f7379d3,"[64,2,128,64]",zoology/experiments/flash_vqg/scripts/20260629-01-flash-vqg-gate-logf-stability/outputs/2080ti/probe.json,0.008604551665484905,gate-logf-probe-s123-r1,phase1/W_all,no-dropout,0
torch.float32,1023.892333984375,1,2080ti,4.965943813323975,4.6436212869593874e-05,4,-4.675135135650635,1048576,1,"[-0.1956392526626587,-1.5131516456604004,-0.6157064437866211,-0.5642762184143066,-0.24382345378398895,-0.1518012434244156,-1.6145381927490234,0.43818399310112]",afbee4c0f566a53ee4df0f394edd053d0a3f368435f18462472703c2dd1edd18,"[64,128,128]",zoology/experiments/flash_vqg/scripts/20260629-01-flash-vqg-gate-logf-stability/outputs/2080ti/probe.json,0.9999063014984131,gate-logf-probe-s123-r1,fox_gate/input_x,no-dropout,0
torch.float32,28.63463020324707,1,2080ti,0.7791343927383423,-0.0010724576422944665,4,-0.9615288376808167,16384,1,"[-0.08557498455047607,-0.24647220969200134,0.11058289557695389,-0.12128672748804092,0.11572082340717316,-0.23130086064338684,0.015359833836555481,0.30607548356056213]",148c88da73d326c13e1f8570a3982bd7c11ba469ebafd10b2b06566632c53339,"[64,2,128]",zoology/experiments/flash_vqg/scripts/20260629-01-flash-vqg-gate-logf-stability/outputs/2080ti/probe.json,0.2237054705619812,gate-logf-probe-s123-r1,fox_gate/logits_cuda,no-dropout,0
torch.float32,5.670543193817139,1,2080ti,-0.02360101416707039,-0.04374382272362709,4,-0.08033020794391632,16384,1,"[-0.04605311155319214,-0.05149735510349274,-0.039961472153663635,-0.047226764261722565,-0.03980998694896698,-0.050966888666152954,-0.042843546718358994,-0.034485891461372375]",62410286589f29c62787f3f80c31fd838d4bab2f4919046d47fb55d27db14340,"[64,2,128]",zoology/experiments/flash_vqg/scripts/20260629-01-flash-vqg-gate-logf-stability/outputs/2080ti/probe.json,0.007004797924309969,gate-logf-probe-s123-r1,fox_gate/logf_cuda,no-dropout,0
torch.float64,28.63463020324707,1,2080ti,0.7791345119476318,-0.0010724554304033518,4,-0.9615290760993958,16384,1,"[-0.08557499457239048,-0.2464720691282471,0.11058282929709667,-0.12128675749481468,0.11572081621261396,-0.23130084230257342,0.015359827524062897,0.30607544325836444]",9e93999d57d1327eb49fa83138109a1b6ae099e6f7348def95e73c2adf4700de,"[64,2,128]",zoology/experiments/flash_vqg/scripts/20260629-01-flash-vqg-gate-logf-stability/outputs/2080ti/probe.json,0.2237054705619812,gate-logf-probe-s123-r1,fox_gate/logits_ref_fp64_cpu,no-dropout,0
torch.float64,5.670543193817139,1,2080ti,-0.02360101230442524,-0.04374382272362709,4,-0.08033022284507751,16384,1,"[-0.046053111477159826,-0.0514973519998803,-0.03996147237314469,-0.047226765189418415,-0.03980998454402265,-0.05096689106415919,-0.04284354731535733,-0.034485894022571836]",cee25b95e52f71f330f4e7652df890c9414305c5ddfa02dbdeb141298a54a8d0,"[64,2,128]",zoology/experiments/flash_vqg/scripts/20260629-01-flash-vqg-gate-logf-stability/outputs/2080ti/probe.json,0.007004797924309969,gate-logf-probe-s123-r1,fox_gate/logf_ref_fp64_cpu,no-dropout,0
torch.float32,5.670543193817139,1,2080ti,-0.02360101416707039,-0.04374382272362709,4,-0.08033020794391632,16384,1,"[-0.04605311155319214,-0.05149735510349274,-0.039961472153663635,-0.047226764261722565,-0.03980998694896698,-0.050966888666152954,-0.042843546718358994,-0.034485891461372375]",62410286589f29c62787f3f80c31fd838d4bab2f4919046d47fb55d27db14340,"[64,2,128]",zoology/experiments/flash_vqg/scripts/20260629-01-flash-vqg-gate-logf-stability/outputs/2080ti/probe.json,0.007004797924309969,gate-logf-probe-s123-r1,state_build/logf_all,no-dropout,0
torch.float32,63.97880554199219,1,2080ti,0.5108117461204529,0.49982666969299316,4,0.49036332964897156,16384,1,"[0.5017622709274292,0.5013792514801025,0.5019950866699219,0.4984910786151886,0.5021466612815857,0.5043736100196838,0.49848002195358276,0.5018180012702942]",77af6c8396b8fad8cd2a9f6c410c7accfd58f8b50746f95908a346eddd33d9d3,"[64,2,128]",zoology/experiments/flash_vqg/scripts/20260629-01-flash-vqg-gate-logf-stability/outputs/2080ti/probe.json,0.002783231670036912,gate-logf-probe-s123-r1,state_build/beta_all,no-dropout,0
torch.float32,9.228290557861328,1,2080ti,0.05632184073328972,0.0015998648013919592,4,-0.04064016416668892,2097152,1,"[0.0,0.0,0.0,0.0,0.0,0.0,0.0,0.0]",758a2ab1e4a689bf08b4180c0360cc317ea94eb49db165c6e5d546f08c409a5c,"[64,2,4,64,64]",zoology/experiments/flash_vqg/scripts/20260629-01-flash-vqg-gate-logf-stability/outputs/2080ti/probe.json,0.006168522872030735,gate-logf-probe-s123-r1,state_build/G_state,no-dropout,0
torch.float32,51.81071853637695,1,2080ti,0.6146818399429321,0.24424727261066437,4,0.0,32768,1,"[0.0,0.0,0.0,0.0,0.0,0.0,0.0,0.0]",f35a63badbdbff4ba757bfcacb726bd1949c5e25ff178bc63c9a2882f76d3c53,"[64,2,4,64]",zoology/experiments/flash_vqg/scripts/20260629-01-flash-vqg-gate-logf-stability/outputs/2080ti/probe.json,0.14920848608016968,gate-logf-probe-s123-r1,state_build/L_state,no-dropout,0
torch.float32,11.967278480529785,1,2080ti,0.056951798498630524,7.845170330256224e-06,4,-0.0640835165977478,33554432,1,"[0.0,0.0,0.0,0.0,0.0,0.0,0.0,0.0]",f11d6a971008c28feecfcd24c4d481c6e5edf748c55c1fe68e6d0152c3513fab,"[64,2,4,64,64,16]",zoology/experiments/flash_vqg/scripts/20260629-01-flash-vqg-gate-logf-stability/outputs/2080ti/probe.json,0.0020702779293060303,gate-logf-probe-s123-r1,state_build/M_state,no-dropout,0
torch.float32,inf,1,2080ti,1.4199841022491455,-5.000000075237331e+29,4,-1.0000000150474662e+30,1048576,1,"[-1.0000000150474662e+30,-1.0000000150474662e+30,-1.0000000150474662e+30,-1.0000000150474662e+30,-1.0000000150474662e+30,-1.0000000150474662e+30,-1.0000000150474662e+30,-1.0000000150474662e+30]",0f362059169b30b0b7433dc1eb8ceb9b890f12fac75f5144b6b2be1677660f63,"[64,2,4,32,64]",zoology/experiments/flash_vqg/scripts/20260629-01-flash-vqg-gate-logf-stability/outputs/2080ti/probe.json,5.000000075237331e+29,gate-logf-probe-s123-r1,phase2/S_far,no-dropout,0
torch.float32,30.939266204833984,1,2080ti,0.31242796778678894,0.006402069237083197,4,-0.18826508522033691,1048576,1,"[-0.015553750097751617,-0.026564382016658783,0.13319556415081024,-0.006882244721055031,-0.04905040189623833,0.06787211447954178,-0.0010197844821959734,0.027408123016357422]",5e18969bdf56591133ef8d56cf827556b298f47e792d9a725f190cf0d9c18b7b,"[64,2,4,32,64]",zoology/experiments/flash_vqg/scripts/20260629-01-flash-vqg-gate-logf-stability/outputs/2080ti/probe.json,0.029528465121984482,gate-logf-probe-s123-r1,phase2/O_base,no-dropout,0
torch.int64,4696.99951171875,1,2080ti,63.0,16.190399169921875,4,0.0,32768,1,"[1,0,1,0,1,0,1,0]",310049a45aa081529f40a793fc267d329c2b6e01665666f387dafb743d0f3004,"[64,2,4,32,2]",zoology/experiments/flash_vqg/scripts/20260629-01-flash-vqg-gate-logf-stability/outputs/2080ti/probe.json,20.276681900024414,gate-logf-probe-s123-r1,phase2_read/top_idx,no-dropout,0
torch.float32,inf,1,2080ti,1.4199841022491455,-5.000000075237331e+29,4,-1.0000000150474662e+30,32768,1,"[-1.0000000150474662e+30,-1.0000000150474662e+30,-1.0000000150474662e+30,-1.0000000150474662e+30,-1.0000000150474662e+30,-1.0000000150474662e+30,-1.0000000150474662e+30,-1.0000000150474662e+30]",e85a2192cee7f4dd53194a5373f9301e9b7d9da0de3b93f7c5f853fc89f86149,"[64,2,4,32,2]",zoology/experiments/flash_vqg/scripts/20260629-01-flash-vqg-gate-logf-stability/outputs/2080ti/probe.json,5.000000075237331e+29,gate-logf-probe-s123-r1,phase2_read/top_scores,no-dropout,0
torch.float32,12.124382972717285,1,2080ti,0.518949031829834,0.04382232204079628,4,0.0,32768,1,"[0.0,0.0,0.0,0.0,0.0,0.0,0.0,0.0]",dd6953de732ca519930efed044fb1fd30c92b02c652b222f8f8d7a8326b4cc17,"[64,2,4,32,2]",zoology/experiments/flash_vqg/scripts/20260629-01-flash-vqg-gate-logf-stability/outputs/2080ti/probe.json,0.05065283924341202,gate-logf-probe-s123-r1,phase2_read/top_probs,no-dropout,0
torch.float32,1.6558610200881958,1,2080ti,0.12449026107788086,0.005245090927928686,4,0.0,32768,1,"[0.0,0.0,0.0,0.0,0.0,0.0,0.0,0.0]",0ff57cdd4ec8fd60342d330bd6f4e55084fb4a67dd3f1ac6683c1c2b1f39939a,"[64,2,4,32,2]",zoology/experiments/flash_vqg/scripts/20260629-01-flash-vqg-gate-logf-stability/outputs/2080ti/probe.json,0.007494295481592417,gate-logf-probe-s123-r1,phase2_read/omega_sel,no-dropout,0
torch.float32,2.248469591140747,1,2080ti,0.15552808344364166,0.010490180924534798,4,0.0,16384,1,"[0.0,0.0,0.0,0.0,0.0,0.0,0.0,0.0]",7c21ff94527ac4ec43f38485cc7efa4a6e8a614af7dc0087a7764a00b7637e99,"[64,2,4,32]",zoology/experiments/flash_vqg/scripts/20260629-01-flash-vqg-gate-logf-stability/outputs/2080ti/probe.json,0.01408994197845459,gate-logf-probe-s123-r1,phase2_read/read_selected_mass,no-dropout,0
torch.float32,0.06815925240516663,1,2080ti,0.00431824242696166,2.4258429220935795e-06,4,-0.00167009886354208,1048576,1,"[0.0,0.0,0.0,0.0,0.0,0.0,0.0,0.0]",6c2b5bfca27549a8b52e5b951be25239df2c2fee750448d4c8c45736c7fd0003,"[64,2,4,32,64]",zoology/experiments/flash_vqg/scripts/20260629-01-flash-vqg-gate-logf-stability/outputs/2080ti/probe.json,6.65185070829466e-05,gate-logf-probe-s123-r1,phase2_read/u_res,no-dropout,0
torch.float32,3.266653060913086,1,2080ti,0.14681342244148254,0.0001191531409858726,4,-0.06576362997293472,1048576,1,"[0.0,0.0,0.0,0.0,0.0,0.0,0.0,0.0]",508ec920b96c6ae6bf2be4cd169e68544179ff188e741c2c6b050df169dce57c,"[64,2,4,32,64]",zoology/experiments/flash_vqg/scripts/20260629-01-flash-vqg-gate-logf-stability/outputs/2080ti/probe.json,0.003187907161191106,gate-logf-probe-s123-r1,phase2/O_res_added,no-dropout,0
torch.float32,31.24889373779297,1,2080ti,0.31242796778678894,0.006521222181618214,4,-0.18826508522033691,1048576,1,"[-0.015553750097751617,-0.026564382016658783,0.13319556415081024,-0.006882244721055031,-0.04905040189623833,0.06787211447954178,-0.0010197844821959734,0.027408123016357422]",dc0036426f77e775837e5f86a2d528737d92ed567f88f90115852bd0cd90d72a,"[64,2,4,32,64]",zoology/experiments/flash_vqg/scripts/20260629-01-flash-vqg-gate-logf-stability/outputs/2080ti/probe.json,0.02981194481253624,gate-logf-probe-s123-r1,phase2/Out_f32,no-dropout,0
torch.float32,31.24889373779297,1,2080ti,0.31242796778678894,0.006521222181618214,4,-0.18826508522033691,1048576,1,"[-0.015553750097751617,-0.026564382016658783,0.13319556415081024,-0.006882244721055031,-0.04905040189623833,0.06787211447954178,-0.0010197844821959734,0.027408123016357422]",604986055bd4f7b9477a770ca06678e67524cc719f9b234975c8a1b44bc1e5fd,"[64,2,128,64]",zoology/experiments/flash_vqg/scripts/20260629-01-flash-vqg-gate-logf-stability/outputs/2080ti/probe.json,0.02981194481253624,gate-logf-probe-s123-r1,output_proj/O_heads,no-dropout,0
torch.float32,117.77005004882812,1,2080ti,2.079526424407959,0.0030052252113819122,4,-1.5267324447631836,1048576,1,"[0.011413675732910633,-0.03302973508834839,0.4697774350643158,0.0027624513022601604,0.023612918332219124,-0.03698161989450455,-0.004269064404070377,0.0271134153008461]",77fddbc50e2e264687658ffea10b6578301abbc9b9672240edf48b38f88fa5a2,"[64,2,128,64]",zoology/experiments/flash_vqg/scripts/20260629-01-flash-vqg-gate-logf-stability/outputs/2080ti/probe.json,0.11497429758310318,gate-logf-probe-s123-r1,output_proj/o_heads,no-dropout,0
torch.float32,26.6569766998291,1,2080ti,0.1369270384311676,-8.608910866314545e-05,4,-0.15180522203445435,1048576,1,"[0.012985607609152794,0.017026372253894806,0.006246807985007763,-0.039378490298986435,-0.025087473914027214,-0.0399755984544754,-0.03861985728144646,0.006424858700484037]",42600044a95e14162cde2771f9ca93b4978505960a130e8d5eae468455f911aa,"[64,128,128]",zoology/experiments/flash_vqg/scripts/20260629-01-flash-vqg-gate-logf-stability/outputs/2080ti/probe.json,0.026032382622361183,gate-logf-probe-s123-r1,output_proj/res,no-dropout,0
torch.float32,1851.4132080078125,,2080ti,3.151853084564209,0.0013850887771695852,4,-1.2499229907989502,67108864,1,"[0.2500215470790863,-0.12531235814094543,-0.21588781476020813,0.4429374933242798,-0.4351273775100708,-0.20865429937839508,-0.011157109402120113,0.029938627034425735]",daa8692165ac4395b4a3da2490332257dca0c58eb0f78b3c4407aaee00e91d8f,"[64,128,8192]",zoology/experiments/flash_vqg/scripts/20260629-01-flash-vqg-gate-logf-stability/outputs/2080ti/probe.json,0.22733841836452484,gate-logf-probe-s123-r1,forward/logits,no-dropout,0
,,,2080ti,,,4,,,1,,e915ec4f426b11c78269b02ef717ac73ba4bd6633a6e7f8f10fdaec75ac857bd,,zoology/experiments/flash_vqg/scripts/20260629-01-flash-vqg-gate-logf-stability/outputs/2080ti/probe.json,,gate-logf-probe-s123-r1,forward/preds,no-dropout,0
float,10.823689460754395,,2080ti,10.823689460754395,10.823689460754395,4,10.823689460754395,1,1,[10.823689460754395],10.8236894608,[],zoology/experiments/flash_vqg/scripts/20260629-01-flash-vqg-gate-logf-stability/outputs/2080ti/probe.json,0,gate-logf-probe-s123-r1,forward/loss,no-dropout,0
torch.float32,255.9962921142578,1,2080ti,1.4654059410095215,0.0023906235583126545,16,-1.5353705883026123,524288,4,"[-1.2898818254470825,-0.09234656393527985,0.04432598128914833,0.4779543876647949,-0.015061227604746819,0.2232721894979477,-0.38209450244903564,0.051783040165901184]",f42182bef6e9e0456bca7e3820bdcb801ce2d4dbcec383fcb9bc01760fa0989a,"[64,2,64,64]",zoology/experiments/flash_vqg/scripts/20260629-01-flash-vqg-gate-logf-stability/outputs/2080ti/probe.json,0.3535417318344116,gate-logf-probe-s123-r1,phase1/q_all,no-dropout,0
torch.float32,255.99411010742188,1,2080ti,1.5119301080703735,0.000696284812875092,16,-1.4341410398483276,524288,4,"[-0.014601870439946651,-0.4189021587371826,0.10766954720020294,0.38762345910072327,0.6290415525436401,-0.011783977039158344,-0.09899191558361053,0.3487183749675751]",b0fa4cd664d7ad9c2073f645eb90ec64ee09837c96e93eb631dd19e9f15feaaa,"[64,2,64,64]",zoology/experiments/flash_vqg/scripts/20260629-01-flash-vqg-gate-logf-stability/outputs/2080ti/probe.json,0.3535459041595459,gate-logf-probe-s123-r1,phase1/k_all,no-dropout,0
torch.float32,59.42367935180664,1,2080ti,0.558800458908081,0.006630027666687965,16,-0.23942013084888458,524288,4,"[0.0363268218934536,0.03358203545212746,-0.0014026573626324534,0.04861905798316002,-0.026077544316649437,0.054066501557826996,0.07096853107213974,-0.042462196201086044]",99ed343cfbde17f552f84bf3f5635776a116bd63e050d77d5a449d2e84fbcf6d,"[64,2,64,64]",zoology/experiments/flash_vqg/scripts/20260629-01-flash-vqg-gate-logf-stability/outputs/2080ti/probe.json,0.0818001925945282,gate-logf-probe-s123-r1,phase1/v_all,no-dropout,0
torch.float32,164.4031219482422,1,2080ti,1.0403485298156738,8.418961806455627e-05,16,-1.0988929271697998,524288,4,"[-0.05593835934996605,-0.060361240059137344,-0.06587567925453186,-0.006838539149612188,-0.33851268887519836,-0.13868092000484467,0.40813443064689636,0.14090070128440857]",5f8e1185a09c8fa36be23b25e8b1f66dde9ee696c11eb95d6672ff93b8ec989a,"[64,2,64,64]",zoology/experiments/flash_vqg/scripts/20260629-01-flash-vqg-gate-logf-stability/outputs/2080ti/probe.json,0.22705267369747162,gate-logf-probe-s123-r1,phase1/g_raw_all,no-dropout,0
torch.float32,44.95456314086914,1,2080ti,0.2843722105026245,0.0017286516958847642,16,-0.2673735022544861,524288,4,"[0.02677762880921364,-0.05960305407643318,0.0389283187687397,0.09453576058149338,0.1125301718711853,-0.05105705186724663,-0.060782045125961304,-0.07245434075593948]",4ee858475816f329c8024a472bf30b8e581152f6e6aca0d1a0bbe1d24b1112ac,"[64,2,64,64]",zoology/experiments/flash_vqg/scripts/20260629-01-flash-vqg-gate-logf-stability/outputs/2080ti/probe.json,0.06206146255135536,gate-logf-probe-s123-r1,phase1/K_q_all,no-dropout,0
torch.int32,3381.627197265625,1,2080ti,63.0,32.5985107421875,16,0.0,8192,4,"[12,26,20,20,59,36,25,46]",7ab1933a38d293a1853c7b9e3847ae30dc088041f150c7d1e87f0f23e3eec8fa,"[64,2,64]",zoology/experiments/flash_vqg/scripts/20260629-01-flash-vqg-gate-logf-stability/outputs/2080ti/probe.json,18.25541877746582,gate-logf-probe-s123-r1,phase1/Delta_all,no-dropout,0
torch.float32,13.353947639465332,1,2080ti,0.14052362740039825,0.015625,16,0.0012671914882957935,524288,4,"[0.02079174853861332,0.01754656806588173,0.017535710707306862,0.01957416534423828,0.009496982209384441,0.016019349917769432,0.020633112639188766,0.01176045835018158]",5461d01f2f1f936169b17ba507ee11ad5c1689e87f951e628d9608cecedcc57a,"[64,2,64,64]",zoology/experiments/flash_vqg/scripts/20260629-01-flash-vqg-gate-logf-stability/outputs/2080ti/probe.json,0.009797613136470318,gate-logf-probe-s123-r1,phase1/W_all,no-dropout,0
torch.float32,723.948486328125,1,2080ti,4.605385780334473,0.00017792229482438415,16,-4.6664605140686035,524288,4,"[-0.9883147478103638,0.24394072592258453,-0.1730097085237503,0.01710931770503521,-0.45251521468162537,1.5980255603790283,-2.312086820602417,0.09137265384197235]",8e52e7a435320d49f4f114ea2fb5aca3ca37577928b2136dcdfa816d10f7e30b,"[64,64,128]",zoology/experiments/flash_vqg/scripts/20260629-01-flash-vqg-gate-logf-stability/outputs/2080ti/probe.json,0.9998249411582947,gate-logf-probe-s123-r1,fox_gate/input_x,no-dropout,0
torch.float32,20.717069625854492,1,2080ti,0.8225581049919128,-0.006249834783375263,16,-0.9901272058486938,8192,4,"[-0.39202064275741577,-0.27254995703697205,-0.34957176446914673,0.05108542740345001,-0.30286702513694763,-0.1449788212776184,-0.07806223630905151,-0.20885947346687317]",f48c4eb15f9e1a794a4bf30b27ce8b36f4c0fafb00d26674fdd580b65e80ba6e,"[64,2,64]",zoology/experiments/flash_vqg/scripts/20260629-01-flash-vqg-gate-logf-stability/outputs/2080ti/probe.json,0.22880807518959045,gate-logf-probe-s123-r1,fox_gate/logits_cuda,no-dropout,0
torch.float32,4.028176307678223,1,2080ti,-0.02276008389890194,-0.04392370209097862,16,-0.08162835240364075,8192,4,"[-0.0567653588950634,-0.05241743475198746,-0.05519568547606468,-0.04174566641449928,-0.05350019782781601,-0.04801635444164276,-0.045808739960193634,-0.05018874257802963]",8a1d76c2d9f513dbdbeb05f15bf9cf04f9ee0fd4b3f3c2e48f73c7a76573e2f4,"[64,2,64]",zoology/experiments/flash_vqg/scripts/20260629-01-flash-vqg-gate-logf-stability/outputs/2080ti/probe.json,0.007172602228820324,gate-logf-probe-s123-r1,fox_gate/logf_cuda,no-dropout,0
torch.float64,20.71706771850586,1,2080ti,0.8225580453872681,-0.006249833852052689,16,-0.9901272058486938,8192,4,"[-0.39202061169133295,-0.27254998856213164,-0.34957173736449965,0.051085441064771225,-0.30286704130442577,-0.14497883301836395,-0.07806220256111937,-0.20885946990098098]",4da6e7ecaadcbd95c98c229458dc3574132ca08aaef943d3d54018115d4a4f77,"[64,2,64]",zoology/experiments/flash_vqg/scripts/20260629-01-flash-vqg-gate-logf-stability/outputs/2080ti/probe.json,0.22880807518959045,gate-logf-probe-s123-r1,fox_gate/logits_ref_fp64_cpu,no-dropout,0
torch.float64,4.028176307678223,1,2080ti,-0.02276008576154709,-0.04392370209097862,16,-0.08162835985422134,8192,4,"[-0.05676535899120388,-0.05241743835139876,-0.055195684454189826,-0.04174566499048063,-0.053500199966410165,-0.04801635356489316,-0.04580873762188581,-0.05018873862843164]",fa45cdbd6eb4bf500420216723c47977561692a5a18b185489f8a8df94a20e8c,"[64,2,64]",zoology/experiments/flash_vqg/scripts/20260629-01-flash-vqg-gate-logf-stability/outputs/2080ti/probe.json,0.007172602228820324,gate-logf-probe-s123-r1,fox_gate/logf_ref_fp64_cpu,no-dropout,0
torch.float32,4.028176307678223,1,2080ti,-0.02276008389890194,-0.04392370209097862,16,-0.08162835240364075,8192,4,"[-0.0567653588950634,-0.05241743475198746,-0.05519568547606468,-0.04174566641449928,-0.05350019782781601,-0.04801635444164276,-0.045808739960193634,-0.05018874257802963]",8a1d76c2d9f513dbdbeb05f15bf9cf04f9ee0fd4b3f3c2e48f73c7a76573e2f4,"[64,2,64]",zoology/experiments/flash_vqg/scripts/20260629-01-flash-vqg-gate-logf-stability/outputs/2080ti/probe.json,0.007172602228820324,gate-logf-probe-s123-r1,state_build/logf_all,no-dropout,0
torch.float32,45.278873443603516,1,2080ti,0.5242594480514526,0.5002308487892151,16,0.47811728715896606,8192,4,"[0.5109513998031616,0.49410778284072876,0.49960073828697205,0.5021160244941711,0.4951015114784241,0.49330952763557434,0.49897879362106323,0.495576947927475]",1489f64ad5e7dfb12633f01a3eabbe3f74c2e602e9bc57d223676c682fb73e38,"[64,2,64]",zoology/experiments/flash_vqg/scripts/20260629-01-flash-vqg-gate-logf-stability/outputs/2080ti/probe.json,0.005893334746360779,gate-logf-probe-s123-r1,state_build/beta_all,no-dropout,0
torch.float32,5.568747520446777,1,2080ti,0.057611774653196335,0.0008909257012419403,16,-0.04414419084787369,1048576,4,"[0.0,0.0,0.0,0.0,0.0,0.0,0.0,0.0]",92cae652d104b1ff9adaa213765e5a89a4c861d16eaafc895ac307a86854b1b7,"[64,2,2,64,64]",zoology/experiments/flash_vqg/scripts/20260629-01-flash-vqg-gate-logf-stability/outputs/2080ti/probe.json,0.005364776123315096,gate-logf-probe-s123-r1,state_build/G_state,no-dropout,0
torch.float32,25.300880432128906,1,2080ti,0.5762233138084412,0.1373363435268402,16,0.0,16384,4,"[0.0,0.0,0.0,0.0,0.0,0.0,0.0,0.0]",199c0ead447f84305fb538357613f0d13c7e33b214cb733a21de64362eec1368,"[64,2,2,64]",zoology/experiments/flash_vqg/scripts/20260629-01-flash-vqg-gate-logf-stability/outputs/2080ti/probe.json,0.14215987920761108,gate-logf-probe-s123-r1,state_build/L_state,no-dropout,0
torch.float32,6.791439533233643,1,2080ti,0.048937734216451645,3.423439693506225e-06,16,-0.049751102924346924,16777216,4,"[0.0,0.0,0.0,0.0,0.0,0.0,0.0,0.0]",4169f006c6d7d9c113cf21c8a53c6c955dc775150e1c9d43cb516fadf5918073,"[64,2,2,64,64,16]",zoology/experiments/flash_vqg/scripts/20260629-01-flash-vqg-gate-logf-stability/outputs/2080ti/probe.json,0.0016587412683293223,gate-logf-probe-s123-r1,state_build/M_state,no-dropout,0
torch.float32,inf,1,2080ti,-1.0000000150474662e+30,-1.0000003172789211e+30,16,-1.0000000150474662e+30,524288,4,"[-1.0000000150474662e+30,-1.0000000150474662e+30,-1.0000000150474662e+30,-1.0000000150474662e+30,-1.0000000150474662e+30,-1.0000000150474662e+30,-1.0000000150474662e+30,-1.0000000150474662e+30]",61ce6a8cd370ca81c3f343145d521a45aac538ef8972e11b8dba8c5540f1eff2,"[64,2,2,32,64]",zoology/experiments/flash_vqg/scripts/20260629-01-flash-vqg-gate-logf-stability/outputs/2080ti/probe.json,3.022314549036573e+23,gate-logf-probe-s123-r1,phase2/S_far,no-dropout,0
torch.float32,26.51862335205078,1,2080ti,0.3171740174293518,0.006569400429725647,16,-0.198897123336792,524288,4,"[0.0363268218934536,0.03358203545212746,-0.0014026573626324534,0.04861905798316002,-0.026077544316649437,0.054066501557826996,0.07096853107213974,-0.042462196201086044]",cf1501879509519aae7519e1de4f871b14c75eebcea4c3f1bb134e848ca64134,"[64,2,2,32,64]",zoology/experiments/flash_vqg/scripts/20260629-01-flash-vqg-gate-logf-stability/outputs/2080ti/probe.json,0.03603015094995499,gate-logf-probe-s123-r1,phase2/O_base,no-dropout,0
torch.int64,90.5096664428711,1,2080ti,1.0,0.5,16,0.0,16384,4,"[1,0,1,0,1,0,1,0]",dc11edbaeecd85c2e2c82456db4232b7ddbbdfd7d6481b97eca720a60ac56f7c,"[64,2,2,32,2]",zoology/experiments/flash_vqg/scripts/20260629-01-flash-vqg-gate-logf-stability/outputs/2080ti/probe.json,0.5,gate-logf-probe-s123-r1,phase2_read/top_idx,no-dropout,0
torch.float32,inf,1,2080ti,-1.0000000150474662e+30,-1.0000001661631937e+30,16,-1.0000000150474662e+30,16384,4,"[-1.0000000150474662e+30,-1.0000000150474662e+30,-1.0000000150474662e+30,-1.0000000150474662e+30,-1.0000000150474662e+30,-1.0000000150474662e+30,-1.0000000150474662e+30,-1.0000000150474662e+30]",9a9fe1aa50ef523d738b70d1c4410771a1eebdba615eba1bac04c3b3539793cb,"[64,2,2,32,2]",zoology/experiments/flash_vqg/scripts/20260629-01-flash-vqg-gate-logf-stability/outputs/2080ti/probe.json,1.5111572745182865e+23,gate-logf-probe-s123-r1,phase2_read/top_scores,no-dropout,0
torch.float32,0.0,1,2080ti,0.0,0.0,16,0.0,16384,4,"[0.0,0.0,0.0,0.0,0.0,0.0,0.0,0.0]",85a80fae2f428310daf8e819aed8147d2ca75f273599d1da531939dbf3f55a7b,"[64,2,2,32,2]",zoology/experiments/flash_vqg/scripts/20260629-01-flash-vqg-gate-logf-stability/outputs/2080ti/probe.json,0.0,gate-logf-probe-s123-r1,phase2_read/top_probs,no-dropout,0
torch.float32,0.0,1,2080ti,0.0,0.0,16,0.0,16384,4,"[0.0,0.0,0.0,0.0,0.0,0.0,0.0,0.0]",85a80fae2f428310daf8e819aed8147d2ca75f273599d1da531939dbf3f55a7b,"[64,2,2,32,2]",zoology/experiments/flash_vqg/scripts/20260629-01-flash-vqg-gate-logf-stability/outputs/2080ti/probe.json,0.0,gate-logf-probe-s123-r1,phase2_read/omega_sel,no-dropout,0
torch.float32,0.0,1,2080ti,0.0,0.0,16,0.0,8192,4,"[0.0,0.0,0.0,0.0,0.0,0.0,0.0,0.0]",f8dbbb428d043d7769f8fef4e7717b8a7a9697ac9b6425b62cef8cbd4120f9b0,"[64,2,2,32]",zoology/experiments/flash_vqg/scripts/20260629-01-flash-vqg-gate-logf-stability/outputs/2080ti/probe.json,0.0,gate-logf-probe-s123-r1,phase2_read/read_selected_mass,no-dropout,0
torch.float32,0.0,1,2080ti,0.0,0.0,16,0.0,524288,4,"[0.0,0.0,0.0,0.0,0.0,0.0,0.0,0.0]",33f5081ccd747a947e389515e1c9cde8155433ffa6999a97fd86a1da6b73247a,"[64,2,2,32,64]",zoology/experiments/flash_vqg/scripts/20260629-01-flash-vqg-gate-logf-stability/outputs/2080ti/probe.json,0.0,gate-logf-probe-s123-r1,phase2_read/u_res,no-dropout,0
torch.float32,0.0,1,2080ti,0.0,0.0,16,0.0,524288,4,"[0.0,0.0,0.0,0.0,0.0,0.0,0.0,0.0]",33f5081ccd747a947e389515e1c9cde8155433ffa6999a97fd86a1da6b73247a,"[64,2,2,32,64]",zoology/experiments/flash_vqg/scripts/20260629-01-flash-vqg-gate-logf-stability/outputs/2080ti/probe.json,0.0,gate-logf-probe-s123-r1,phase2/O_res_added,no-dropout,0
torch.float32,26.51862335205078,1,2080ti,0.3171740174293518,0.006569400429725647,16,-0.198897123336792,524288,4,"[0.0363268218934536,0.03358203545212746,-0.0014026573626324534,0.04861905798316002,-0.026077544316649437,0.054066501557826996,0.07096853107213974,-0.042462196201086044]",cf1501879509519aae7519e1de4f871b14c75eebcea4c3f1bb134e848ca64134,"[64,2,2,32,64]",zoology/experiments/flash_vqg/scripts/20260629-01-flash-vqg-gate-logf-stability/outputs/2080ti/probe.json,0.03603015094995499,gate-logf-probe-s123-r1,phase2/Out_f32,no-dropout,0
torch.float32,26.51862335205078,1,2080ti,0.3171740174293518,0.006569400429725647,16,-0.198897123336792,524288,4,"[0.0363268218934536,0.03358203545212746,-0.0014026573626324534,0.04861905798316002,-0.026077544316649437,0.054066501557826996,0.07096853107213974,-0.042462196201086044]",042d910104b7de032e12ca260d4b06baf270ee239ed8ca762d6a960a1bc85f11,"[64,2,64,64]",zoology/experiments/flash_vqg/scripts/20260629-01-flash-vqg-gate-logf-stability/outputs/2080ti/probe.json,0.03603015094995499,gate-logf-probe-s123-r1,output_proj/O_heads,no-dropout,0
torch.float32,83.54615783691406,1,2080ti,1.7279317378997803,0.0030684620141983032,16,-1.257343053817749,524288,4,"[-0.01967281475663185,-0.019611576572060585,0.0008897209190763533,-0.0032950558234006166,0.07345862686634064,-0.06936833262443542,0.3461952805519104,-0.06372801959514618]",3784877d205d370e029b327fd5848df5374a3ec643ac568b74ab79892bafc782,"[64,2,64,64]",zoology/experiments/flash_vqg/scripts/20260629-01-flash-vqg-gate-logf-stability/outputs/2080ti/probe.json,0.1153435930609703,gate-logf-probe-s123-r1,output_proj/o_heads,no-dropout,0
torch.float32,19.03496742248535,1,2080ti,0.13643266260623932,7.191024451458361e-06,16,-0.15834981203079224,524288,4,"[0.010057086125016212,0.02817351371049881,0.0441826768219471,-0.014339733868837357,-0.02575758844614029,-0.0234797652810812,0.0519258938729763,-0.02199692092835903]",3aad53b188ffa2917f9f52965242767c45307362a42b2d01e2da6deec223f0bf,"[64,64,128]",zoology/experiments/flash_vqg/scripts/20260629-01-flash-vqg-gate-logf-stability/outputs/2080ti/probe.json,0.02628869190812111,gate-logf-probe-s123-r1,output_proj/res,no-dropout,0
torch.float32,1316.5538330078125,,2080ti,3.0273804664611816,0.008713370189070702,16,-1.1750544309616089,33554432,4,"[0.007336419075727463,0.5794976353645325,0.03968226537108421,-0.20736131072044373,0.08498033136129379,0.31753960251808167,0.18217603862285614,0.02981429733335972]",ecddad161411e5c83bc029da4af48a43c7e2ea2b76b34942a92e4c1e62786ca7,"[64,64,8192]",zoology/experiments/flash_vqg/scripts/20260629-01-flash-vqg-gate-logf-stability/outputs/2080ti/probe.json,0.2275950163602829,gate-logf-probe-s123-r1,forward/logits,no-dropout,0
,,,2080ti,,,16,,,4,,ad637d48bbfa647c77aa7a80ab6bb8386c0b04a27fde68ffbec77678ad9e3df0,,zoology/experiments/flash_vqg/scripts/20260629-01-flash-vqg-gate-logf-stability/outputs/2080ti/probe.json,,gate-logf-probe-s123-r1,forward/preds,no-dropout,0
float,10.682329177856445,,2080ti,10.682329177856445,10.682329177856445,16,10.682329177856445,1,4,[10.682329177856445],10.6823291779,[],zoology/experiments/flash_vqg/scripts/20260629-01-flash-vqg-gate-logf-stability/outputs/2080ti/probe.json,0,gate-logf-probe-s123-r1,forward/loss,no-dropout,0
torch.float32,362.0316162109375,1,2080ti,1.6055103540420532,0.009767744690179825,64,-1.5039803981781006,1048576,16,"[-0.6134124398231506,-0.1174045130610466,-0.4864632189273834,-0.015393555164337158,0.21080198884010315,0.5416103005409241,-0.17393054068088531,-0.5518726110458374]",4e278a67f7d71a23925a7f8b9d159d720967c5908fc52e5f2ce8625ccdb27d03,"[64,2,128,64]",zoology/experiments/flash_vqg/scripts/20260629-01-flash-vqg-gate-logf-stability/outputs/2080ti/probe.json,0.35341501235961914,gate-logf-probe-s123-r1,phase1/q_all,no-dropout,0
torch.float32,362.03240966796875,1,2080ti,1.4189168214797974,0.003871703054755926,64,-1.5241854190826416,1048576,16,"[0.04116547480225563,-0.12407279759645462,0.2744717597961426,0.6396361589431763,0.4458918571472168,0.06584004312753677,-0.07442917674779892,-0.020669961348176003]",01827950eefa1bba74f10026c9ca51ccec9fa600d6fa9c723949896e9c989d9d,"[64,2,128,64]",zoology/experiments/flash_vqg/scripts/20260629-01-flash-vqg-gate-logf-stability/outputs/2080ti/probe.json,0.353529691696167,gate-logf-probe-s123-r1,phase1/k_all,no-dropout,0
torch.float32,89.26356506347656,1,2080ti,0.6189051270484924,0.006829793099313974,64,-0.2598893642425537,1048576,16,"[0.056238461285829544,0.02075905166566372,-0.0026465931441634893,-0.06626579165458679,-0.04449191316962242,0.12038791924715042,-0.061351943761110306,-0.014359171502292156]",b6e9f6993f89c17bfab002ba7088c490c09e3bf93dcfa7228b70262f3a564941,"[64,2,128,64]",zoology/experiments/flash_vqg/scripts/20260629-01-flash-vqg-gate-logf-stability/outputs/2080ti/probe.json,0.08690444380044937,gate-logf-probe-s123-r1,phase1/v_all,no-dropout,0
torch.float32,240.2867889404297,1,2080ti,1.0899503231048584,0.0016276681562885642,64,-1.1738361120224,1048576,16,"[0.09837345778942108,-0.37215569615364075,0.10808199644088745,0.17377865314483643,0.17587605118751526,-0.09240254759788513,0.09482336789369583,-0.1831335723400116]",527faf42c7cf60670f1c525ec0376abf8f79b6e4ec88b0a531af60a1965659e4,"[64,2,128,64]",zoology/experiments/flash_vqg/scripts/20260629-01-flash-vqg-gate-logf-stability/outputs/2080ti/probe.json,0.23465192317962646,gate-logf-probe-s123-r1,phase1/g_raw_all,no-dropout,0
torch.float32,91.01905059814453,1,2080ti,0.33939963579177856,0.0031898138113319874,64,-0.31587547063827515,1048576,16,"[0.015293605625629425,-0.010193129070103168,0.08713867515325546,0.12816418707370758,0.10843921452760696,0.010945798829197884,-0.03307138755917549,-0.03860096633434296]",361630fa77d7f80676a640fd026b0ecba166a812f4eec552d4cc1c2028af0326,"[64,2,128,64]",zoology/experiments/flash_vqg/scripts/20260629-01-flash-vqg-gate-logf-stability/outputs/2080ti/probe.json,0.08882949501276016,gate-logf-probe-s123-r1,phase1/K_q_all,no-dropout,0
torch.int32,3509.19970703125,1,2080ti,63.0,21.6573486328125,64,0.0,16384,16,"[39,39,20,20,29,29,29,29]",0a653c8c1f480230331a11e79e58447a85c2ad249f91feeade8348355e9a7e35,"[64,2,128]",zoology/experiments/flash_vqg/scripts/20260629-01-flash-vqg-gate-logf-stability/outputs/2080ti/probe.json,16.80998420715332,gate-logf-probe-s123-r1,phase1/Delta_all,no-dropout,0
torch.float32,21.395782470703125,1,2080ti,0.19492658972740173,0.015625,64,0.0007407518569380045,1048576,16,"[0.007829297333955765,0.011242290027439594,0.017679918557405472,0.010895137675106525,0.020195255056023598,0.00886459555476904,0.01076456904411316,0.006665457971394062]",4cae402c26018da672ef53c3c0b8949c02cdb084c0e625b1418d3346d514597b,"[64,2,128,64]",zoology/experiments/flash_vqg/scripts/20260629-01-flash-vqg-gate-logf-stability/outputs/2080ti/probe.json,0.013871923089027405,gate-logf-probe-s123-r1,phase1/W_all,no-dropout,0
torch.float32,1024.554443359375,1,2080ti,4.762744903564453,0.0009600815246812999,64,-4.996644973754883,1048576,16,"[1.318496823310852,0.6653687357902527,1.2698971033096313,-0.8425363898277283,-0.3624911606311798,-0.4044513404369354,0.25521910190582275,-1.564386248588562]",fb38d40e9d29d328bdc4087fe7800872f2519edeef3915e2185f57ddd9a4e5e2,"[64,128,128]",zoology/experiments/flash_vqg/scripts/20260629-01-flash-vqg-gate-logf-stability/outputs/2080ti/probe.json,1.0005519390106201,gate-logf-probe-s123-r1,fox_gate/input_x,no-dropout,0
torch.float32,28.674467086791992,1,2080ti,0.8999811410903931,-0.00031941995257511735,64,-0.9212309122085571,16384,16,"[-0.23880760371685028,-0.2532406449317932,0.00958488043397665,0.039437148720026016,0.2270311713218689,-0.055663686245679855,-0.2433473765850067,-0.11407043039798737]",7e51f1c2bbc3a29a265369f3168153eee829b27183e2f956e8b3b270d29320ec,"[64,2,128]",zoology/experiments/flash_vqg/scripts/20260629-01-flash-vqg-gate-logf-stability/outputs/2080ti/probe.json,0.22401905059814453,gate-logf-probe-s123-r1,fox_gate/logits_cuda,no-dropout,0
torch.float32,5.667905807495117,1,2080ti,-0.02132245898246765,-0.04372130706906319,64,-0.07851838320493698,16384,16,"[-0.05122892186045647,-0.05173515900969505,-0.04302288964390755,-0.04210143908858299,-0.03662879392504692,-0.045085396617650986,-0.051387809216976166,-0.046987999230623245]",6217afa58ed2d9cbf1a7d50e062a53c9582a9766c9598d765d4245b2408a6082,"[64,2,128]",zoology/experiments/flash_vqg/scripts/20260629-01-flash-vqg-gate-logf-stability/outputs/2080ti/probe.json,0.00701502850279212,gate-logf-probe-s123-r1,fox_gate/logf_cuda,no-dropout,0
torch.float64,28.674467086791992,1,2080ti,0.8999812006950378,-0.0003194193122908473,64,-0.9212309718132019,16384,16,"[-0.23880760804996912,-0.25324063146642417,0.00958492237673312,0.03943709893136432,0.22703106740878076,-0.05566366305367948,-0.24334738962677516,-0.11407047817369378]",d37607a60508748a08d932d86c9ff9892b63f23b04dc859caed574d3e63f3c4b,"[64,2,128]",zoology/experiments/flash_vqg/scripts/20260629-01-flash-vqg-gate-logf-stability/outputs/2080ti/probe.json,0.22401905059814453,gate-logf-probe-s123-r1,fox_gate/logits_ref_fp64_cpu,no-dropout,0
torch.float64,5.667905807495117,1,2080ti,-0.021322457119822502,-0.04372130706906319,64,-0.07851839065551758,16384,16,"[-0.05122892148593599,-0.051735157435959606,-0.04302288769810878,-0.04210143931834945,-0.03662879659230682,-0.04508539171989688,-0.051387807922221085,-0.046988002988484184]",ddbd7daa91eeea4e6cc505eea1d3e4bbe5621033ce3995cdad76ac38c8661e1c,"[64,2,128]",zoology/experiments/flash_vqg/scripts/20260629-01-flash-vqg-gate-logf-stability/outputs/2080ti/probe.json,0.00701502850279212,gate-logf-probe-s123-r1,fox_gate/logf_ref_fp64_cpu,no-dropout,0
torch.float32,5.667905807495117,1,2080ti,-0.02132245898246765,-0.04372130706906319,64,-0.07851838320493698,16384,16,"[-0.05122892186045647,-0.05173515900969505,-0.04302288964390755,-0.04210143908858299,-0.03662879392504692,-0.045085396617650986,-0.051387809216976166,-0.046987999230623245]",6217afa58ed2d9cbf1a7d50e062a53c9582a9766c9598d765d4245b2408a6082,"[64,2,128]",zoology/experiments/flash_vqg/scripts/20260629-01-flash-vqg-gate-logf-stability/outputs/2080ti/probe.json,0.00701502850279212,gate-logf-probe-s123-r1,state_build/logf_all,no-dropout,0
torch.float32,64.36993408203125,1,2080ti,0.549404501914978,0.5027278661727905,64,0.4541027843952179,16384,16,"[0.4857068359851837,0.5001436471939087,0.48483049869537354,0.5060259699821472,0.49741750955581665,0.5065634250640869,0.493658185005188,0.5042809844017029]",d4c0a847a46dd99f9f7c247380b56bab8ed9ee89ed09e98e4f6382b1328c7ea4,"[64,2,128]",zoology/experiments/flash_vqg/scripts/20260629-01-flash-vqg-gate-logf-stability/outputs/2080ti/probe.json,0.012773850932717323,gate-logf-probe-s123-r1,state_build/beta_all,no-dropout,0
torch.float32,18.27190399169922,1,2080ti,0.24909263849258423,0.0016880764160305262,64,-0.1955181211233139,2097152,16,"[0.0,0.0,0.0,0.0,0.0,0.0,0.0,0.0]",e68c3626fa519196876f05f1dc99ea3c33b9c86b1fb2353331f81b84ee8428c9,"[64,2,4,64,64]",zoology/experiments/flash_vqg/scripts/20260629-01-flash-vqg-gate-logf-stability/outputs/2080ti/probe.json,0.012504433281719685,gate-logf-probe-s123-r1,state_build/G_state,no-dropout,0
torch.float32,62.21318817138672,1,2080ti,2.184701442718506,0.24450407922267914,64,0.0,32768,16,"[0.0,0.0,0.0,0.0,0.0,0.0,0.0,0.0]",269ec1f452f3bbe7d19f0e215f09de6a46f0c56f31e53eccfc89ba86bc3ae46d,"[64,2,4,64]",zoology/experiments/flash_vqg/scripts/20260629-01-flash-vqg-gate-logf-stability/outputs/2080ti/probe.json,0.24152737855911255,gate-logf-probe-s123-r1,state_build/L_state,no-dropout,0
torch.float32,12.84793472290039,1,2080ti,0.09101320803165436,2.490268116162042e-06,64,-0.09885059297084808,33554432,16,"[0.0,0.0,0.0,0.0,0.0,0.0,0.0,0.0]",744fd5283c60c03fd756280de447a98c48ef73eb7842483f8a25c9921ec118da,"[64,2,4,64,64,16]",zoology/experiments/flash_vqg/scripts/20260629-01-flash-vqg-gate-logf-stability/outputs/2080ti/probe.json,0.0022205282002687454,gate-logf-probe-s123-r1,state_build/M_state,no-dropout,0
torch.float32,inf,1,2080ti,2.9368021488189697,-5.000000075237331e+29,64,-1.0000000150474662e+30,1048576,16,"[-1.0000000150474662e+30,-1.0000000150474662e+30,-1.0000000150474662e+30,-1.0000000150474662e+30,-1.0000000150474662e+30,-1.0000000150474662e+30,-1.0000000150474662e+30,-1.0000000150474662e+30]",509b794b43dd4f89dc1f74908edad96575791ad5180cdccb75a206f065e70d9c,"[64,2,4,32,64]",zoology/experiments/flash_vqg/scripts/20260629-01-flash-vqg-gate-logf-stability/outputs/2080ti/probe.json,5.000000075237331e+29,gate-logf-probe-s123-r1,phase2/S_far,no-dropout,0
torch.float32,39.9351921081543,1,2080ti,0.3601761758327484,0.006716735661029816,64,-0.19819264113903046,1048576,16,"[0.056238461285829544,0.02075905166566372,-0.0026465931441634893,-0.06626579165458679,-0.04449191316962242,0.12038791924715042,-0.061351943761110306,-0.014359171502292156]",f2b2b8f68e4e3c5066ca475a43b58f62b1aefbda214743e86d26635e82d0d2b4,"[64,2,4,32,64]",zoology/experiments/flash_vqg/scripts/20260629-01-flash-vqg-gate-logf-stability/outputs/2080ti/probe.json,0.03841698169708252,gate-logf-probe-s123-r1,phase2/O_base,no-dropout,0
torch.int64,4433.03076171875,1,2080ti,63.0,15.14300537109375,64,0.0,32768,16,"[1,0,1,0,1,0,1,0]",89e6eb92f20ab7c2ca28cab95a9e18b0eb278aaf4e0aa5eadea63b44ae791727,"[64,2,4,32,2]",zoology/experiments/flash_vqg/scripts/20260629-01-flash-vqg-gate-logf-stability/outputs/2080ti/probe.json,19.246129989624023,gate-logf-probe-s123-r1,phase2_read/top_idx,no-dropout,0
torch.float32,inf,1,2080ti,2.9368021488189697,-5.000000075237331e+29,64,-1.0000000150474662e+30,32768,16,"[-1.0000000150474662e+30,-1.0000000150474662e+30,-1.0000000150474662e+30,-1.0000000150474662e+30,-1.0000000150474662e+30,-1.0000000150474662e+30,-1.0000000150474662e+30,-1.0000000150474662e+30]",5508b589f53ef78fa438b5e661535b3cc93482a6734ad648c2056e4e07c23c98,"[64,2,4,32,2]",zoology/experiments/flash_vqg/scripts/20260629-01-flash-vqg-gate-logf-stability/outputs/2080ti/probe.json,5.000000075237331e+29,gate-logf-probe-s123-r1,phase2_read/top_scores,no-dropout,0
torch.float32,15.06058120727539,1,2080ti,0.6700336337089539,0.05313467979431152,64,0.0,32768,16,"[0.0,0.0,0.0,0.0,0.0,0.0,0.0,0.0]",fd1e52490c1157c837526456eb211d4301cc95b84536423588608dc6f9600542,"[64,2,4,32,2]",zoology/experiments/flash_vqg/scripts/20260629-01-flash-vqg-gate-logf-stability/outputs/2080ti/probe.json,0.06402137875556946,gate-logf-probe-s123-r1,phase2_read/top_probs,no-dropout,0
torch.float32,2.6318647861480713,1,2080ti,0.17900565266609192,0.008132977411150932,64,0.0,32768,16,"[0.0,0.0,0.0,0.0,0.0,0.0,0.0,0.0]",086e195e35d6f5cbd32669ab918cc295d5b9b796c8cd139ce3a612de811da3de,"[64,2,4,32,2]",zoology/experiments/flash_vqg/scripts/20260629-01-flash-vqg-gate-logf-stability/outputs/2080ti/probe.json,0.012051603756844997,gate-logf-probe-s123-r1,phase2_read/omega_sel,no-dropout,0
torch.float32,3.532902240753174,1,2080ti,0.229153111577034,0.016265954822301865,64,0.0,16384,16,"[0.0,0.0,0.0,0.0,0.0,0.0,0.0,0.0]",87b132c895ba03492f73be51c8c66e0f15ef798ad6ebfbdba653ac1cd0096d17,"[64,2,4,32]",zoology/experiments/flash_vqg/scripts/20260629-01-flash-vqg-gate-logf-stability/outputs/2080ti/probe.json,0.02229849249124527,gate-logf-probe-s123-r1,phase2_read/read_selected_mass,no-dropout,0
torch.float32,0.21693767607212067,1,2080ti,0.008102070540189743,7.757449566270225e-06,64,-0.006592186167836189,1048576,16,"[0.0,0.0,0.0,0.0,0.0,0.0,0.0,0.0]",62ddf4db1e4c809d8964852c6286f64df15adbb0151ce509298c625fd93941fd,"[64,2,4,32,64]",zoology/experiments/flash_vqg/scripts/20260629-01-flash-vqg-gate-logf-stability/outputs/2080ti/probe.json,0.0002117148251272738,gate-logf-probe-s123-r1,phase2_read/u_res,no-dropout,0
torch.float32,9.202771186828613,1,2080ti,0.173427551984787,0.00036031100898981094,64,-0.13590553402900696,1048576,16,"[0.0,0.0,0.0,0.0,0.0,0.0,0.0,0.0]",e2d0ec8fe9dd3f95dd85b9cb924fb56359be3486509d156a17f1fdabe93fe02b,"[64,2,4,32,64]",zoology/experiments/flash_vqg/scripts/20260629-01-flash-vqg-gate-logf-stability/outputs/2080ti/probe.json,0.008979994803667068,gate-logf-probe-s123-r1,phase2/O_res_added,no-dropout,0
torch.float32,42.143184661865234,1,2080ti,0.3601761758327484,0.007077045738697052,64,-0.19819264113903046,1048576,16,"[0.056238461285829544,0.02075905166566372,-0.0026465931441634893,-0.06626579165458679,-0.04449191316962242,0.12038791924715042,-0.061351943761110306,-0.014359171502292156]",ca898660fad86fb297e05a38d87f8734f2d312cab48049de0bebacb74234eb57,"[64,2,4,32,64]",zoology/experiments/flash_vqg/scripts/20260629-01-flash-vqg-gate-logf-stability/outputs/2080ti/probe.json,0.040542952716350555,gate-logf-probe-s123-r1,phase2/Out_f32,no-dropout,0
torch.float32,42.143184661865234,1,2080ti,0.3601761758327484,0.007077045738697052,64,-0.19819264113903046,1048576,16,"[0.056238461285829544,0.02075905166566372,-0.0026465931441634893,-0.06626579165458679,-0.04449191316962242,0.12038791924715042,-0.061351943761110306,-0.014359171502292156]",d433f2d2f7cf7d3a37bb78d226b50447cdcdda590c8da7c37d7e5b0dff322dce,"[64,2,128,64]",zoology/experiments/flash_vqg/scripts/20260629-01-flash-vqg-gate-logf-stability/outputs/2080ti/probe.json,0.040542952716350555,gate-logf-probe-s123-r1,output_proj/O_heads,no-dropout,0
torch.float32,123.69268035888672,1,2080ti,1.922623634338379,0.0039479490369558334,64,-1.4248024225234985,1048576,16,"[0.04458942636847496,-0.04847313463687897,-0.002301879459992051,-0.09495539963245392,-0.06533394753932953,-0.0808367058634758,-0.04655688256025314,0.018246954306960106]",b90ddbda7310d2200fd78a8e76bde1e1f3c530351916bd4cb32ab065c1c2eee1,"[64,2,128,64]",zoology/experiments/flash_vqg/scripts/20260629-01-flash-vqg-gate-logf-stability/outputs/2080ti/probe.json,0.12073327600955963,gate-logf-probe-s123-r1,output_proj/o_heads,no-dropout,0
torch.float32,29.25763702392578,1,2080ti,0.17921112477779388,-0.00014864749391563237,64,-0.17311975359916687,1048576,16,"[0.04036354646086693,0.014975816011428833,0.03576776757836342,0.019346268847584724,0.04940282180905342,0.04758494347333908,-0.06043962761759758,3.0682774649903877e-06]",a50a554e1608eb26a160f6ade614438b96fdcfc16062adfc294f835a7a67a4ab,"[64,128,128]",zoology/experiments/flash_vqg/scripts/20260629-01-flash-vqg-gate-logf-stability/outputs/2080ti/probe.json,0.02857188507914543,gate-logf-probe-s123-r1,output_proj/res,no-dropout,0
torch.float32,1991.356689453125,,2080ti,3.137843132019043,0.07166984677314758,64,-1.1688168048858643,67108864,16,"[0.36539411544799805,0.43502676486968994,-0.0998644232749939,0.04045245423913002,0.29792314767837524,0.49632084369659424,0.07986809313297272,-0.001148028066381812]",7e430a5f1d44f9e7c138340ef6cf37f4c5359b384282b62335116bfe82cad11b,"[64,128,8192]",zoology/experiments/flash_vqg/scripts/20260629-01-flash-vqg-gate-logf-stability/outputs/2080ti/probe.json,0.23363950848579407,gate-logf-probe-s123-r1,forward/logits,no-dropout,0
,,,2080ti,,,64,,,16,,f0344aca7090232a4ccb18a323890d03b2782424ff567d656132b645e57678a6,,zoology/experiments/flash_vqg/scripts/20260629-01-flash-vqg-gate-logf-stability/outputs/2080ti/probe.json,,gate-logf-probe-s123-r1,forward/preds,no-dropout,0
float,10.266509056091309,,2080ti,10.266509056091309,10.266509056091309,64,10.266509056091309,1,16,[10.266509056091309],10.2665090561,[],zoology/experiments/flash_vqg/scripts/20260629-01-flash-vqg-gate-logf-stability/outputs/2080ti/probe.json,0,gate-logf-probe-s123-r1,forward/loss,no-dropout,0
torch.float32,255.99618530273438,1,3090,1.5926038026809692,0.000671069195959717,0,-1.5414212942123413,524288,0,"[0.43720102310180664,-0.47418761253356934,-0.12221133708953857,0.2982311248779297,-0.16422449052333832,-0.11781228333711624,-0.49186304211616516,0.034084249287843704]",7eafdaa36e612e280d2fb2c9c3cb62ed9aea8534fcf882e35ef8e3603dbd2ea6,"[64,2,64,64]",zoology/experiments/flash_vqg/scripts/20260629-01-flash-vqg-gate-logf-stability/outputs/3090/probe.json,0.35354912281036377,gate-logf-probe-s123-r1,phase1/q_all,no-dropout,0
torch.float32,255.9937286376953,1,3090,1.6455446481704712,5.4685500799678266e-05,0,-1.4379643201828003,524288,0,"[0.2290818840265274,0.17472465336322784,-0.5262090563774109,-0.33765751123428345,0.7831315994262695,-0.41186249256134033,0.43849584460258484,-0.09059952944517136]",5d37dccf16213c484f5f4dd1816d0b7f343602f7708ddc638d348efe532bf7e6,"[64,2,64,64]",zoology/experiments/flash_vqg/scripts/20260629-01-flash-vqg-gate-logf-stability/outputs/3090/probe.json,0.3535461127758026,gate-logf-probe-s123-r1,phase1/k_all,no-dropout,0
torch.float32,58.87234115600586,1,3090,0.6101686358451843,0.006445802748203278,0,-0.253231942653656,524288,0,"[0.07940109074115753,0.039708636701107025,-0.07384831458330154,-0.08339323848485947,-0.009571666829288006,-0.07319962978363037,0.1329384446144104,-0.10811452567577362]",007ca34e5ad8d9cf91291651d6f0e4cb8f051c8b6efbfd77574608e653aa5960,"[64,2,64,64]",zoology/experiments/flash_vqg/scripts/20260629-01-flash-vqg-gate-logf-stability/outputs/3090/probe.json,0.08105120807886124,gate-logf-probe-s123-r1,phase1/v_all,no-dropout,0
torch.float32,163.77285766601562,1,3090,1.0111680030822754,0.0007309167995117605,0,-1.0400457382202148,524288,0,"[-0.3866400122642517,-0.0003336060617584735,0.274516761302948,-0.06162302941083908,0.05467773601412773,0.021006522700190544,0.17238442599773407,-0.25864097476005554]",871dddddc039c8c8c5fcbe118831b433f6f476e7037558ec8cb9b4669bbeaa8b,"[64,2,64,64]",zoology/experiments/flash_vqg/scripts/20260629-01-flash-vqg-gate-logf-stability/outputs/3090/probe.json,0.22618119418621063,gate-logf-probe-s123-r1,phase1/g_raw_all,no-dropout,0
torch.float32,40.955135345458984,1,3090,0.2677234709262848,0.0017296953592449427,0,-0.22957539558410645,524288,0,"[0.0371975377202034,-0.040959183126688004,-0.0022900900803506374,0.04461415484547615,0.09493521600961685,-0.06041162461042404,-0.04216456413269043,-0.09387834370136261]",61d4693e36a3721d9b9a2f91ec445e428e18253ea13183d165e403501a2de674,"[64,2,64,64]",zoology/experiments/flash_vqg/scripts/20260629-01-flash-vqg-gate-logf-stability/outputs/3090/probe.json,0.05653558671474457,gate-logf-probe-s123-r1,phase1/K_q_all,no-dropout,0
torch.int32,3421.633056640625,1,3090,63.0,32.972900390625,0,0.0,8192,0,"[26,19,19,11,0,7,36,60]",acd27605803513d9492d5ec72ccbf02c68ea239822061484cc8ef5953acc83c5,"[64,2,64]",zoology/experiments/flash_vqg/scripts/20260629-01-flash-vqg-gate-logf-stability/outputs/3090/probe.json,18.491479873657227,gate-logf-probe-s123-r1,phase1/Delta_all,no-dropout,0
torch.float32,12.744465827941895,1,3090,0.11100196838378906,0.015625,0,0.0014944170834496617,524288,0,"[0.02963186241686344,0.025065932422876358,0.023681746795773506,0.00960193295031786,0.00933751743286848,0.01803426258265972,0.006216543726623058,0.021651284769177437]",ef42fa94204b60d9842042f6dc673ff3848dcbff1fd7343c9aaeaf6f3df608ed,"[64,2,64,64]",zoology/experiments/flash_vqg/scripts/20260629-01-flash-vqg-gate-logf-stability/outputs/3090/probe.json,0.008102668449282646,gate-logf-probe-s123-r1,phase1/W_all,no-dropout,0
torch.float32,724.0740356445312,1,3090,4.748272895812988,-4.802132025361061e-10,0,-5.1808390617370605,524288,0,"[0.02532190829515457,0.15918952226638794,-0.7185203433036804,-0.155963733792305,-0.5711404085159302,-0.2691114842891693,-0.22938433289527893,-2.4623677730560303]",ce513891fb8efa13a41de32d8fb8fdc9f7269a8f28bad19d2fd3d9b34ee59a13,"[64,64,128]",zoology/experiments/flash_vqg/scripts/20260629-01-flash-vqg-gate-logf-stability/outputs/3090/probe.json,0.9999987483024597,gate-logf-probe-s123-r1,fox_gate/input_x,no-dropout,0
torch.float32,20.328201293945312,1,3090,0.7899494767189026,0.00172038609161973,0,-0.9237731695175171,8192,0,"[-0.2620857357978821,0.4892271161079407,-0.0837068185210228,0.06343735009431839,-0.02092479169368744,0.2494209110736847,0.01649858057498932,-0.40035274624824524]",be0245b0061825d2b513a21e0137351a8507f430eee14bdd9ac05a53ef302a18,"[64,2,64]",zoology/experiments/flash_vqg/scripts/20260629-01-flash-vqg-gate-logf-stability/outputs/3090/probe.json,0.22459042072296143,gate-logf-probe-s123-r1,fox_gate/logits_cuda,no-dropout,0
torch.float32,4.002523899078369,1,3090,-0.023389212787151337,-0.04365961626172066,0,-0.07863207906484604,8192,0,"[-0.05204698070883751,-0.02988486737012863,-0.04599225893616676,-0.04137071594595909,-0.04397901892662048,-0.036012064665555954,-0.04280824586749077,-0.05707665532827377]",dceaec5c4111d88a580fc8425d7618b87f122679f07cfec4bf3151edaf2e8139,"[64,2,64]",zoology/experiments/flash_vqg/scripts/20260629-01-flash-vqg-gate-logf-stability/outputs/3090/probe.json,0.007030486594885588,gate-logf-probe-s123-r1,fox_gate/logf_cuda,no-dropout,0
torch.float64,20.328201293945312,1,3090,0.7899495363235474,0.0017203855095431209,0,-0.9237732291221619,8192,0,"[-0.26208573652702566,0.48922715412047246,-0.08370679527125154,0.06343735019055553,-0.020924777343609854,0.24942087489139905,0.016498561049070215,-0.40035271848105913]",71b8ae984a3904741eba100b28919d71e5def4b2cd11364596ebfc457f01cfb5,"[64,2,64]",zoology/experiments/flash_vqg/scripts/20260629-01-flash-vqg-gate-logf-stability/outputs/3090/probe.json,0.22459042072296143,gate-logf-probe-s123-r1,fox_gate/logits_ref_fp64_cpu,no-dropout,0
torch.float64,4.002523899078369,1,3090,-0.023389210924506187,-0.04365961626172066,0,-0.07863208651542664,8192,0,"[-0.05204698147697186,-0.029884863758890958,-0.04599226100345978,-0.0413707161445869,-0.04397901868885331,-0.03601206348351598,-0.042808245310256,-0.05707665222169802]",764c8690967f74556f6c1a12bebdfd7732e18318b82d16b563c97df686e83950,"[64,2,64]",zoology/experiments/flash_vqg/scripts/20260629-01-flash-vqg-gate-logf-stability/outputs/3090/probe.json,0.007030486594885588,gate-logf-probe-s123-r1,fox_gate/logf_ref_fp64_cpu,no-dropout,0
torch.float32,4.002523899078369,1,3090,-0.023389212787151337,-0.04365961626172066,0,-0.07863207906484604,8192,0,"[-0.05204698070883751,-0.02988486737012863,-0.04599225893616676,-0.04137071594595909,-0.04397901892662048,-0.036012064665555954,-0.04280824586749077,-0.05707665532827377]",dceaec5c4111d88a580fc8425d7618b87f122679f07cfec4bf3151edaf2e8139,"[64,2,64]",zoology/experiments/flash_vqg/scripts/20260629-01-flash-vqg-gate-logf-stability/outputs/3090/probe.json,0.007030486594885588,gate-logf-probe-s123-r1,state_build/logf_all,no-dropout,0
torch.float32,45.25483322143555,1,3090,0.5,0.5,0,0.5,8192,0,"[0.5,0.5,0.5,0.5,0.5,0.5,0.5,0.5]",31c5bc096f4ebb31c881c9ed866d59e45c0e94073f7765ad6ea1cbf93d4e3b4f,"[64,2,64]",zoology/experiments/flash_vqg/scripts/20260629-01-flash-vqg-gate-logf-stability/outputs/3090/probe.json,0.0,gate-logf-probe-s123-r1,state_build/beta_all,no-dropout,0
torch.float32,5.0671491622924805,1,3090,0.05239151790738106,0.0009069809457287192,0,-0.03566717728972435,1048576,0,"[0.0,0.0,0.0,0.0,0.0,0.0,0.0,0.0]",8fd7d205d0bc36efac559df6f0c3d46bce6e47a3d2f8f92c6c2dd9ff8ce95575,"[64,2,2,64,64]",zoology/experiments/flash_vqg/scripts/20260629-01-flash-vqg-gate-logf-stability/outputs/3090/probe.json,0.004864578600972891,gate-logf-probe-s123-r1,state_build/G_state,no-dropout,0
torch.float32,25.248516082763672,1,3090,0.4707127511501312,0.13812081515789032,0,0.0,16384,0,"[0.0,0.0,0.0,0.0,0.0,0.0,0.0,0.0]",6f8c23ee8b57d64c6072f80d48f91bdd32c5fcce6059dfc807e5e39be6aaeb8f,"[64,2,2,64]",zoology/experiments/flash_vqg/scripts/20260629-01-flash-vqg-gate-logf-stability/outputs/3090/probe.json,0.14082539081573486,gate-logf-probe-s123-r1,state_build/L_state,no-dropout,0
torch.float32,6.691649436950684,1,3090,0.049796395003795624,5.044794306741096e-06,0,-0.05900086462497711,16777216,0,"[0.0,0.0,0.0,0.0,0.0,0.0,0.0,0.0]",6a275ffee6b1e1d2a225e942d3af4ec702b59781786e4d534c868b652f5d245c,"[64,2,2,64,64,16]",zoology/experiments/flash_vqg/scripts/20260629-01-flash-vqg-gate-logf-stability/outputs/3090/probe.json,0.0016343846218660474,gate-logf-probe-s123-r1,state_build/M_state,no-dropout,0
torch.float32,inf,1,3090,-1.0000000150474662e+30,-1.0000001661631937e+30,0,-1.0000000150474662e+30,524288,0,"[-1.0000000150474662e+30,-1.0000000150474662e+30,-1.0000000150474662e+30,-1.0000000150474662e+30,-1.0000000150474662e+30,-1.0000000150474662e+30,-1.0000000150474662e+30,-1.0000000150474662e+30]",61ce6a8cd370ca81c3f343145d521a45aac538ef8972e11b8dba8c5540f1eff2,"[64,2,2,32,64]",zoology/experiments/flash_vqg/scripts/20260629-01-flash-vqg-gate-logf-stability/outputs/3090/probe.json,1.5111572745182865e+23,gate-logf-probe-s123-r1,phase2/S_far,no-dropout,0
torch.float32,25.824739456176758,1,3090,0.38107576966285706,0.006429946981370449,0,-0.1840706467628479,524288,0,"[0.07940109074115753,0.039708636701107025,-0.07384831458330154,-0.08339323848485947,-0.009571666829288006,-0.07319962978363037,0.1329384446144104,-0.10811452567577362]",61e35f645340f11abce265863dea13c6e41c6f4828b63b58a39968622265c40b,"[64,2,2,32,64]",zoology/experiments/flash_vqg/scripts/20260629-01-flash-vqg-gate-logf-stability/outputs/3090/probe.json,0.035081565380096436,gate-logf-probe-s123-r1,phase2/O_base,no-dropout,0
torch.int64,90.5096664428711,1,3090,1.0,0.5,0,0.0,16384,0,"[1,0,1,0,1,0,1,0]",dc11edbaeecd85c2e2c82456db4232b7ddbbdfd7d6481b97eca720a60ac56f7c,"[64,2,2,32,2]",zoology/experiments/flash_vqg/scripts/20260629-01-flash-vqg-gate-logf-stability/outputs/3090/probe.json,0.5,gate-logf-probe-s123-r1,phase2_read/top_idx,no-dropout,0
torch.float32,inf,1,3090,-1.0000000150474662e+30,-1.0000001661631937e+30,0,-1.0000000150474662e+30,16384,0,"[-1.0000000150474662e+30,-1.0000000150474662e+30,-1.0000000150474662e+30,-1.0000000150474662e+30,-1.0000000150474662e+30,-1.0000000150474662e+30,-1.0000000150474662e+30,-1.0000000150474662e+30]",9a9fe1aa50ef523d738b70d1c4410771a1eebdba615eba1bac04c3b3539793cb,"[64,2,2,32,2]",zoology/experiments/flash_vqg/scripts/20260629-01-flash-vqg-gate-logf-stability/outputs/3090/probe.json,1.5111572745182865e+23,gate-logf-probe-s123-r1,phase2_read/top_scores,no-dropout,0
torch.float32,0.0,1,3090,0.0,0.0,0,0.0,16384,0,"[0.0,0.0,0.0,0.0,0.0,0.0,0.0,0.0]",85a80fae2f428310daf8e819aed8147d2ca75f273599d1da531939dbf3f55a7b,"[64,2,2,32,2]",zoology/experiments/flash_vqg/scripts/20260629-01-flash-vqg-gate-logf-stability/outputs/3090/probe.json,0.0,gate-logf-probe-s123-r1,phase2_read/top_probs,no-dropout,0
torch.float32,0.0,1,3090,0.0,0.0,0,0.0,16384,0,"[0.0,0.0,0.0,0.0,0.0,0.0,0.0,0.0]",85a80fae2f428310daf8e819aed8147d2ca75f273599d1da531939dbf3f55a7b,"[64,2,2,32,2]",zoology/experiments/flash_vqg/scripts/20260629-01-flash-vqg-gate-logf-stability/outputs/3090/probe.json,0.0,gate-logf-probe-s123-r1,phase2_read/omega_sel,no-dropout,0
torch.float32,0.0,1,3090,0.0,0.0,0,0.0,8192,0,"[0.0,0.0,0.0,0.0,0.0,0.0,0.0,0.0]",f8dbbb428d043d7769f8fef4e7717b8a7a9697ac9b6425b62cef8cbd4120f9b0,"[64,2,2,32]",zoology/experiments/flash_vqg/scripts/20260629-01-flash-vqg-gate-logf-stability/outputs/3090/probe.json,0.0,gate-logf-probe-s123-r1,phase2_read/read_selected_mass,no-dropout,0
torch.float32,0.0,1,3090,0.0,0.0,0,0.0,524288,0,"[0.0,0.0,0.0,0.0,0.0,0.0,0.0,0.0]",33f5081ccd747a947e389515e1c9cde8155433ffa6999a97fd86a1da6b73247a,"[64,2,2,32,64]",zoology/experiments/flash_vqg/scripts/20260629-01-flash-vqg-gate-logf-stability/outputs/3090/probe.json,0.0,gate-logf-probe-s123-r1,phase2_read/u_res,no-dropout,0
torch.float32,0.0,1,3090,0.0,0.0,0,0.0,524288,0,"[0.0,0.0,0.0,0.0,0.0,0.0,0.0,0.0]",33f5081ccd747a947e389515e1c9cde8155433ffa6999a97fd86a1da6b73247a,"[64,2,2,32,64]",zoology/experiments/flash_vqg/scripts/20260629-01-flash-vqg-gate-logf-stability/outputs/3090/probe.json,0.0,gate-logf-probe-s123-r1,phase2/O_res_added,no-dropout,0
torch.float32,25.824739456176758,1,3090,0.38107576966285706,0.006429946981370449,0,-0.1840706467628479,524288,0,"[0.07940109074115753,0.039708636701107025,-0.07384831458330154,-0.08339323848485947,-0.009571666829288006,-0.07319962978363037,0.1329384446144104,-0.10811452567577362]",61e35f645340f11abce265863dea13c6e41c6f4828b63b58a39968622265c40b,"[64,2,2,32,64]",zoology/experiments/flash_vqg/scripts/20260629-01-flash-vqg-gate-logf-stability/outputs/3090/probe.json,0.035081565380096436,gate-logf-probe-s123-r1,phase2/Out_f32,no-dropout,0
torch.float32,25.824739456176758,1,3090,0.38107576966285706,0.006429946981370449,0,-0.1840706467628479,524288,0,"[0.07940109074115753,0.039708636701107025,-0.07384831458330154,-0.08339323848485947,-0.009571666829288006,-0.07319962978363037,0.1329384446144104,-0.10811452567577362]",5be0f9f92429c160fd51b6a7e189c5e615c59390d6a00f14021de972d64b4eb5,"[64,2,64,64]",zoology/experiments/flash_vqg/scripts/20260629-01-flash-vqg-gate-logf-stability/outputs/3090/probe.json,0.035081565380096436,gate-logf-probe-s123-r1,output_proj/O_heads,no-dropout,0
torch.float32,83.50859832763672,1,3090,1.7408274412155151,0.002401280915364623,0,-1.7503535747528076,524288,0,"[-0.19990679621696472,-0.00010660163388820365,-0.1854211390018463,0.040087029337882996,-0.004327393602579832,-0.012505988590419292,0.2003031075000763,0.19611649215221405]",d90286619a3daa771e213a35d71d15976dc09bee55ec1b800b93dee3dd3f0f76,"[64,2,64,64]",zoology/experiments/flash_vqg/scripts/20260629-01-flash-vqg-gate-logf-stability/outputs/3090/probe.json,0.11530762165784836,gate-logf-probe-s123-r1,output_proj/o_heads,no-dropout,0
torch.float32,18.868906021118164,1,3090,0.13842158019542694,-0.00013265138841234148,0,-0.14551879465579987,524288,0,"[0.03996148332953453,-0.0033638705499470234,0.012420875951647758,0.04953775182366371,0.013684508390724659,0.001448249677196145,0.00022671140322927386,0.010053996928036213]",5fa4c7d39094b2411630a03fe408033fa1512206d8d91a14d5d384522cc19fdc,"[64,64,128]",zoology/experiments/flash_vqg/scripts/20260629-01-flash-vqg-gate-logf-stability/outputs/3090/probe.json,0.02605900913476944,gate-logf-probe-s123-r1,output_proj/res,no-dropout,0
torch.float32,1318.9432373046875,,3090,3.167426347732544,0.00024548982037231326,0,-1.1616417169570923,33554432,0,"[-0.3174777626991272,-0.15193472802639008,0.16587187349796295,0.04986667260527611,-0.08510883152484894,-0.003580532968044281,-0.0306699275970459,0.2924538850784302]",aacba0b5381f33488466dbcb0e95afc2cbcda4f5a9a0fc94cb192873c6e820df,"[64,64,8192]",zoology/experiments/flash_vqg/scripts/20260629-01-flash-vqg-gate-logf-stability/outputs/3090/probe.json,0.22817322611808777,gate-logf-probe-s123-r1,forward/logits,no-dropout,0
,,,3090,,,0,,,0,,d8ddeb731d5304875c304e1a27f22f52981e5e38d0995ec69bb6311ca8656683,,zoology/experiments/flash_vqg/scripts/20260629-01-flash-vqg-gate-logf-stability/outputs/3090/probe.json,,gate-logf-probe-s123-r1,forward/preds,no-dropout,0
float,10.871895790100098,,3090,10.871895790100098,10.871895790100098,0,10.871895790100098,1,0,[10.871895790100098],10.8718957901,[],zoology/experiments/flash_vqg/scripts/20260629-01-flash-vqg-gate-logf-stability/outputs/3090/probe.json,0,gate-logf-probe-s123-r1,forward/loss,no-dropout,0
torch.float32,362.0307922363281,1,3090,1.5838767290115356,0.0012374605285003781,4,-1.5867481231689453,1048576,1,"[-0.16777242720127106,0.15290848910808563,-0.14047788083553314,-0.2837085723876953,0.21973465383052826,0.5104272365570068,0.16752691566944122,-0.30580899119377136]",f33800c56598bf03d31437bcd75a1afc4331582ceaa6cba895dcbbcf78ba412b,"[64,2,128,64]",zoology/experiments/flash_vqg/scripts/20260629-01-flash-vqg-gate-logf-stability/outputs/3090/probe.json,0.353547602891922,gate-logf-probe-s123-r1,phase1/q_all,no-dropout,0
torch.float32,362.0274963378906,1,3090,1.5713329315185547,0.0006706069689244032,4,-1.647322416305542,1048576,1,"[-0.19380611181259155,0.7514045238494873,0.22231189906597137,0.11309201270341873,0.4069482088088989,-0.267444372177124,0.2944662570953369,-0.13483348488807678]",3f48ebaf1328b2e74b8f200d22f0d31f0061b274de3e4252a5ee69c39ef39e65,"[64,2,128,64]",zoology/experiments/flash_vqg/scripts/20260629-01-flash-vqg-gate-logf-stability/outputs/3090/probe.json,0.35354557633399963,gate-logf-probe-s123-r1,phase1/k_all,no-dropout,0
torch.float32,83.43143463134766,1,3090,0.6730828881263733,0.006443674210458994,4,-0.2575630843639374,1048576,1,"[-0.015553739853203297,-0.026564380154013634,0.13319554924964905,-0.006882237270474434,-0.049050405621528625,0.06787210702896118,-0.001019757823087275,0.027408141642808914]",68cbb1cef135d72dad53bebabeab83953f3282cfdb70e7ee02acf61c6cc5dc2b,"[64,2,128,64]",zoology/experiments/flash_vqg/scripts/20260629-01-flash-vqg-gate-logf-stability/outputs/3090/probe.json,0.08122162520885468,gate-logf-probe-s123-r1,phase1/v_all,no-dropout,0
torch.float32,231.66616821289062,1,3090,1.0589107275009155,0.0001942712697200477,4,-1.062533974647522,1048576,1,"[-0.0851978287100792,0.12955687940120697,0.3355657756328583,-0.045660026371479034,-0.05491247400641441,-0.06252112984657288,0.39017245173454285,0.10450749099254608]",0f878603a9d8efa212fc33ab0dc741b603c346c897ffcdcf84777a2e267e55f1,"[64,2,128,64]",zoology/experiments/flash_vqg/scripts/20260629-01-flash-vqg-gate-logf-stability/outputs/3090/probe.json,0.22623921930789948,gate-logf-probe-s123-r1,phase1/g_raw_all,no-dropout,0
torch.float32,59.272735595703125,1,3090,0.2515982389450073,0.0017250848468393087,4,-0.2598925530910492,1048576,1,"[-0.003649348858743906,0.00839023943990469,0.0359719954431057,0.09794088453054428,0.07773058116436005,-0.07232344150543213,-0.03767073526978493,-0.09629851579666138]",328e92fb1c1f273d6ab11d29f23b2e2718eac08459e84c3b5aeb7e8e9d572141,"[64,2,128,64]",zoology/experiments/flash_vqg/scripts/20260629-01-flash-vqg-gate-logf-stability/outputs/3090/probe.json,0.05785837396979332,gate-logf-probe-s123-r1,phase1/K_q_all,no-dropout,0
torch.int32,4827.93017578125,1,3090,63.0,32.9443359375,4,0.0,16384,1,"[45,44,11,12,8,38,38,18]",359996a0300dd15c64ba31af21d704f631d98a304ddec217bd56ac5405e0ac07,"[64,2,128]",zoology/experiments/flash_vqg/scripts/20260629-01-flash-vqg-gate-logf-stability/outputs/3090/probe.json,18.366649627685547,gate-logf-probe-s123-r1,phase1/Delta_all,no-dropout,0
torch.float32,18.265687942504883,1,3090,0.1270197182893753,0.01562500186264515,4,0.0012770328903570771,1048576,1,"[0.015865851193666458,0.019818326458334923,0.013537713326513767,0.026639094576239586,0.025960752740502357,0.011286645196378231,0.013356202282011509,0.02080187015235424]",04c5d81d32a4ef7841ae0b2f4781584b5b9980d932a974a2f142fd3ad8befab5,"[64,2,128,64]",zoology/experiments/flash_vqg/scripts/20260629-01-flash-vqg-gate-logf-stability/outputs/3090/probe.json,0.008604551665484905,gate-logf-probe-s123-r1,phase1/W_all,no-dropout,0
torch.float32,1023.892333984375,1,3090,4.965943813323975,4.6436562115559354e-05,4,-4.675135612487793,1048576,1,"[-0.1956392079591751,-1.5131515264511108,-0.6157063841819763,-0.5642762184143066,-0.24382343888282776,-0.1518012136220932,-1.6145381927490234,0.4381839334964752]",12c1e24b39e5e926578727250d895738a2c1e26b6185947356dab8479f33ebcd,"[64,128,128]",zoology/experiments/flash_vqg/scripts/20260629-01-flash-vqg-gate-logf-stability/outputs/3090/probe.json,0.9999063014984131,gate-logf-probe-s123-r1,fox_gate/input_x,no-dropout,0
torch.float32,28.63463020324707,1,3090,0.7791343331336975,-0.0010724591556936502,4,-0.9615288376808167,16384,1,"[-0.08557494729757309,-0.24647265672683716,0.11058297008275986,-0.12128695100545883,0.11572080850601196,-0.23130127787590027,0.01536006573587656,0.3060751259326935]",2759965785eb019bfd131e7d15aa84c8f54477999fa948d846d234e1d7204c8e,"[64,2,128]",zoology/experiments/flash_vqg/scripts/20260629-01-flash-vqg-gate-logf-stability/outputs/3090/probe.json,0.2237054705619812,gate-logf-probe-s123-r1,fox_gate/logits_cuda,no-dropout,0
torch.float32,5.670543193817139,1,3090,-0.023601016029715538,-0.04374382272362709,4,-0.08033020794391632,16384,1,"[-0.04605310782790184,-0.05149737372994423,-0.03996146842837334,-0.04722677171230316,-0.03980998694896698,-0.050966911017894745,-0.0428435392677784,-0.03448590263724327]",683ab26c402a47861d641ebf83786eb999aa04d944ff2a0b5b2ffa6b265c0d37,"[64,2,128]",zoology/experiments/flash_vqg/scripts/20260629-01-flash-vqg-gate-logf-stability/outputs/3090/probe.json,0.007004797924309969,gate-logf-probe-s123-r1,fox_gate/logf_cuda,no-dropout,0
torch.float64,28.63463020324707,1,3090,0.7791343927383423,-0.0010724578751251101,4,-0.961529016494751,16384,1,"[-0.08557488974000725,-0.24647257392170574,0.11058287442626225,-0.12128696778566055,0.11572080801562709,-0.23130125543345087,0.015360034834506209,0.30607512420440813]",fa24c64af02dd1797991b963c0d1f338f89fb12cd2ad84713689c262828e5c46,"[64,2,128]",zoology/experiments/flash_vqg/scripts/20260629-01-flash-vqg-gate-logf-stability/outputs/3090/probe.json,0.2237054705619812,gate-logf-probe-s123-r1,fox_gate/logits_ref_fp64_cpu,no-dropout,0
torch.float64,5.670543193817139,1,3090,-0.02360101416707039,-0.04374382272362709,4,-0.08033022284507751,16384,1,"[-0.04605310806106106,-0.05149736970891915,-0.03996147104075564,-0.04722677215904323,-0.03980998478537373,-0.05096690546096541,-0.04284354088665928,-0.03448590247895748]",bd4b735a13e4a251e31afddadd285d57f676876b0c756ebda01ade01352631cf,"[64,2,128]",zoology/experiments/flash_vqg/scripts/20260629-01-flash-vqg-gate-logf-stability/outputs/3090/probe.json,0.007004797924309969,gate-logf-probe-s123-r1,fox_gate/logf_ref_fp64_cpu,no-dropout,0
torch.float32,5.670543193817139,1,3090,-0.023601016029715538,-0.04374382272362709,4,-0.08033020794391632,16384,1,"[-0.04605310782790184,-0.05149737372994423,-0.03996146842837334,-0.04722677171230316,-0.03980998694896698,-0.050966911017894745,-0.0428435392677784,-0.03448590263724327]",683ab26c402a47861d641ebf83786eb999aa04d944ff2a0b5b2ffa6b265c0d37,"[64,2,128]",zoology/experiments/flash_vqg/scripts/20260629-01-flash-vqg-gate-logf-stability/outputs/3090/probe.json,0.007004797924309969,gate-logf-probe-s123-r1,state_build/logf_all,no-dropout,0
torch.float32,63.97880554199219,1,3090,0.5108117461204529,0.49982666969299316,4,0.49036332964897156,16384,1,"[0.5017622709274292,0.5013792514801025,0.5019950866699219,0.4984910786151886,0.5021466612815857,0.5043736100196838,0.49848002195358276,0.5018180012702942]",b18f17477115d67f2df66d066708f91cf172ce4bb177030747cef27e6fb2ccf6,"[64,2,128]",zoology/experiments/flash_vqg/scripts/20260629-01-flash-vqg-gate-logf-stability/outputs/3090/probe.json,0.0027832319028675556,gate-logf-probe-s123-r1,state_build/beta_all,no-dropout,0
torch.float32,9.228290557861328,1,3090,0.056321851909160614,0.0015998645685613155,4,-0.04064016044139862,2097152,1,"[0.0,0.0,0.0,0.0,0.0,0.0,0.0,0.0]",d4f53287a807930b9cc41978807c5d023c6353af8810dcaa96df5395f4c4232d,"[64,2,4,64,64]",zoology/experiments/flash_vqg/scripts/20260629-01-flash-vqg-gate-logf-stability/outputs/3090/probe.json,0.006168522872030735,gate-logf-probe-s123-r1,state_build/G_state,no-dropout,0
torch.float32,51.81071853637695,1,3090,0.6146819591522217,0.24424727261066437,4,0.0,32768,1,"[0.0,0.0,0.0,0.0,0.0,0.0,0.0,0.0]",41d10ba8b4810b17daa0e2e3878f221f3eb79850352cca50af3b5d9acb511b7d,"[64,2,4,64]",zoology/experiments/flash_vqg/scripts/20260629-01-flash-vqg-gate-logf-stability/outputs/3090/probe.json,0.14920848608016968,gate-logf-probe-s123-r1,state_build/L_state,no-dropout,0
torch.float32,11.967278480529785,1,3090,0.05695180594921112,7.845172149245627e-06,4,-0.0640835240483284,33554432,1,"[0.0,0.0,0.0,0.0,0.0,0.0,0.0,0.0]",13712e124bbfe808869eddb469abc6a5c899e731b4a8088cf2935b387faee106,"[64,2,4,64,64,16]",zoology/experiments/flash_vqg/scripts/20260629-01-flash-vqg-gate-logf-stability/outputs/3090/probe.json,0.0020702779293060303,gate-logf-probe-s123-r1,state_build/M_state,no-dropout,0
torch.float32,inf,1,3090,1.4199841022491455,-4.999999319658694e+29,4,-1.0000000150474662e+30,1048576,1,"[-1.0000000150474662e+30,-1.0000000150474662e+30,-1.0000000150474662e+30,-1.0000000150474662e+30,-1.0000000150474662e+30,-1.0000000150474662e+30,-1.0000000150474662e+30,-1.0000000150474662e+30]",b30f4676207d8d62e86b8f45b7f183f9b63b7a807a349ce1baa3df4e8d0da267,"[64,2,4,32,64]",zoology/experiments/flash_vqg/scripts/20260629-01-flash-vqg-gate-logf-stability/outputs/3090/probe.json,5.000000075237331e+29,gate-logf-probe-s123-r1,phase2/S_far,no-dropout,0
torch.float32,30.93926429748535,1,3090,0.31242799758911133,0.006402069702744484,4,-0.1882651001214981,1048576,1,"[-0.015553739853203297,-0.026564380154013634,0.13319554924964905,-0.006882237270474434,-0.049050405621528625,0.06787210702896118,-0.001019757823087275,0.027408141642808914]",030db4a4cb428bbd919667c76e6cddc0ce68a52dbee9ddd569089b60039c81e3,"[64,2,4,32,64]",zoology/experiments/flash_vqg/scripts/20260629-01-flash-vqg-gate-logf-stability/outputs/3090/probe.json,0.029528465121984482,gate-logf-probe-s123-r1,phase2/O_base,no-dropout,0
torch.int64,4696.99951171875,1,3090,63.0,16.190399169921875,4,0.0,32768,1,"[1,0,1,0,1,0,1,0]",310049a45aa081529f40a793fc267d329c2b6e01665666f387dafb743d0f3004,"[64,2,4,32,2]",zoology/experiments/flash_vqg/scripts/20260629-01-flash-vqg-gate-logf-stability/outputs/3090/probe.json,20.276681900024414,gate-logf-probe-s123-r1,phase2_read/top_idx,no-dropout,0
torch.float32,inf,1,3090,1.4199841022491455,-5.000000075237331e+29,4,-1.0000000150474662e+30,32768,1,"[-1.0000000150474662e+30,-1.0000000150474662e+30,-1.0000000150474662e+30,-1.0000000150474662e+30,-1.0000000150474662e+30,-1.0000000150474662e+30,-1.0000000150474662e+30,-1.0000000150474662e+30]",e5f5b3322ea4f12fc3c80e8cd14ae6545277455ed2dd458e5b270510841ba315,"[64,2,4,32,2]",zoology/experiments/flash_vqg/scripts/20260629-01-flash-vqg-gate-logf-stability/outputs/3090/probe.json,5.000000075237331e+29,gate-logf-probe-s123-r1,phase2_read/top_scores,no-dropout,0
torch.float32,12.124384880065918,1,3090,0.5189490914344788,0.04382232576608658,4,0.0,32768,1,"[0.0,0.0,0.0,0.0,0.0,0.0,0.0,0.0]",bc542d747413d236b0cb211a5002a36e45df1c86dbbcb15006fa83e8d7749f1d,"[64,2,4,32,2]",zoology/experiments/flash_vqg/scripts/20260629-01-flash-vqg-gate-logf-stability/outputs/3090/probe.json,0.05065283924341202,gate-logf-probe-s123-r1,phase2_read/top_probs,no-dropout,0
torch.float32,1.6558610200881958,1,3090,0.12449034303426743,0.005245090927928686,4,0.0,32768,1,"[0.0,0.0,0.0,0.0,0.0,0.0,0.0,0.0]",2a154dbe8ec4f4f6f6ed991a1bdb22f25c4024d2188935c6d4a4baa30a19355f,"[64,2,4,32,2]",zoology/experiments/flash_vqg/scripts/20260629-01-flash-vqg-gate-logf-stability/outputs/3090/probe.json,0.007494295481592417,gate-logf-probe-s123-r1,phase2_read/omega_sel,no-dropout,0
torch.float32,2.248469829559326,1,3090,0.15552809834480286,0.010490180924534798,4,0.0,16384,1,"[0.0,0.0,0.0,0.0,0.0,0.0,0.0,0.0]",d298a554e0a3e182fdd655c0a319a24446238eaad070c6e335d714c49f53d56a,"[64,2,4,32]",zoology/experiments/flash_vqg/scripts/20260629-01-flash-vqg-gate-logf-stability/outputs/3090/probe.json,0.014089942909777164,gate-logf-probe-s123-r1,phase2_read/read_selected_mass,no-dropout,0
torch.float32,0.06815925985574722,1,3090,0.004318245220929384,2.4258429220935795e-06,4,-0.0016700990963727236,1048576,1,"[0.0,0.0,0.0,0.0,0.0,0.0,0.0,0.0]",602f985e151de8b026b5b3cd677d53ee68372a6658c45a2d56d78f90dbac5b5a,"[64,2,4,32,64]",zoology/experiments/flash_vqg/scripts/20260629-01-flash-vqg-gate-logf-stability/outputs/3090/probe.json,6.651851435890421e-05,gate-logf-probe-s123-r1,phase2_read/u_res,no-dropout,0
torch.float32,3.266652822494507,1,3090,0.14681346714496613,0.0001191531409858726,4,-0.06576362997293472,1048576,1,"[0.0,0.0,0.0,0.0,0.0,0.0,0.0,0.0]",a1932261ca4f6dddafd2171864afacc5869253001a855e0f769b8c44d1d169fa,"[64,2,4,32,64]",zoology/experiments/flash_vqg/scripts/20260629-01-flash-vqg-gate-logf-stability/outputs/3090/probe.json,0.0031879073940217495,gate-logf-probe-s123-r1,phase2/O_res_added,no-dropout,0
torch.float32,31.24889373779297,1,3090,0.31242799758911133,0.006521222181618214,4,-0.1882651001214981,1048576,1,"[-0.015553739853203297,-0.026564380154013634,0.13319554924964905,-0.006882237270474434,-0.049050405621528625,0.06787210702896118,-0.001019757823087275,0.027408141642808914]",aa326a4fc14b24d87e9b74ee98ddbc850e5a4c0338a03b83b4e658c60b5e1a36,"[64,2,4,32,64]",zoology/experiments/flash_vqg/scripts/20260629-01-flash-vqg-gate-logf-stability/outputs/3090/probe.json,0.02981194481253624,gate-logf-probe-s123-r1,phase2/Out_f32,no-dropout,0
torch.float32,31.24889373779297,1,3090,0.31242799758911133,0.006521222181618214,4,-0.1882651001214981,1048576,1,"[-0.015553739853203297,-0.026564380154013634,0.13319554924964905,-0.006882237270474434,-0.049050405621528625,0.06787210702896118,-0.001019757823087275,0.027408141642808914]",0bb3aaa1429af89d007d751df771c0efc1b4d3e2698a083900df77576460391c,"[64,2,128,64]",zoology/experiments/flash_vqg/scripts/20260629-01-flash-vqg-gate-logf-stability/outputs/3090/probe.json,0.02981194481253624,gate-logf-probe-s123-r1,output_proj/O_heads,no-dropout,0
torch.float32,117.77005767822266,1,3090,2.0795247554779053,0.003005226142704487,4,-1.5267326831817627,1048576,1,"[0.011413665488362312,-0.033029705286026,0.4697774350643158,0.0027624506037682295,0.023612944409251213,-0.03698164224624634,-0.00426896009594202,0.027113432064652443]",dede7e1bef7c17065185005e030bc398bd7a21df543d74ed50c632085ebf2219,"[64,2,128,64]",zoology/experiments/flash_vqg/scripts/20260629-01-flash-vqg-gate-logf-stability/outputs/3090/probe.json,0.11497429758310318,gate-logf-probe-s123-r1,output_proj/o_heads,no-dropout,0
torch.float32,26.6569766998291,1,3090,0.1369270235300064,-8.608915959484875e-05,4,-0.15180519223213196,1048576,1,"[0.012985682114958763,0.01702633686363697,0.006246758624911308,-0.03937835246324539,-0.025087490677833557,-0.039975665509700775,-0.03861996904015541,0.006424892693758011]",32d73c5c4d9cb4ae6a4e60656749a862d79a3568b029532ae9b1db40f9ab0bc1,"[64,128,128]",zoology/experiments/flash_vqg/scripts/20260629-01-flash-vqg-gate-logf-stability/outputs/3090/probe.json,0.026032382622361183,gate-logf-probe-s123-r1,output_proj/res,no-dropout,0
torch.float32,1851.4132080078125,,3090,3.151853084564209,0.001385088893584907,4,-1.2499232292175293,67108864,1,"[0.25002166628837585,-0.12531232833862305,-0.2158878594636917,0.4429374635219574,-0.4351274073123932,-0.20865434408187866,-0.011157115921378136,0.029938673600554466]",c3381ee20b9d542f2d19e2deb5e6980c435ada6109fae12a1391f2af849c5a24,"[64,128,8192]",zoology/experiments/flash_vqg/scripts/20260629-01-flash-vqg-gate-logf-stability/outputs/3090/probe.json,0.22733841836452484,gate-logf-probe-s123-r1,forward/logits,no-dropout,0
,,,3090,,,4,,,1,,e915ec4f426b11c78269b02ef717ac73ba4bd6633a6e7f8f10fdaec75ac857bd,,zoology/experiments/flash_vqg/scripts/20260629-01-flash-vqg-gate-logf-stability/outputs/3090/probe.json,,gate-logf-probe-s123-r1,forward/preds,no-dropout,0
float,10.823689460754395,,3090,10.823689460754395,10.823689460754395,4,10.823689460754395,1,1,[10.823689460754395],10.8236894608,[],zoology/experiments/flash_vqg/scripts/20260629-01-flash-vqg-gate-logf-stability/outputs/3090/probe.json,0,gate-logf-probe-s123-r1,forward/loss,no-dropout,0
torch.float32,255.99627685546875,1,3090,1.465405821800232,0.002390621928498149,16,-1.5353707075119019,524288,4,"[-1.2898818254470825,-0.09234648197889328,0.04432573541998863,0.4779544472694397,-0.015061810612678528,0.22327224910259247,-0.3820943832397461,0.05178286135196686]",c3a01da522bf840eaffa59aba4051166f1f4067b6a02c1a1ad14bbb0091b0325,"[64,2,64,64]",zoology/experiments/flash_vqg/scripts/20260629-01-flash-vqg-gate-logf-stability/outputs/3090/probe.json,0.3535417318344116,gate-logf-probe-s123-r1,phase1/q_all,no-dropout,0
torch.float32,255.99412536621094,1,3090,1.5119303464889526,0.0006962845800444484,16,-1.4341416358947754,524288,4,"[-0.014601805247366428,-0.4189019799232483,0.1076696366071701,0.3876236379146576,0.6290414333343506,-0.011784073896706104,-0.09899192303419113,0.3487183451652527]",73151b8fb9d44340ad423ed29a233b01c2eabfb77d9c400e159645ce3364075e,"[64,2,64,64]",zoology/experiments/flash_vqg/scripts/20260629-01-flash-vqg-gate-logf-stability/outputs/3090/probe.json,0.3535459041595459,gate-logf-probe-s123-r1,phase1/k_all,no-dropout,0
torch.float32,59.42367935180664,1,3090,0.5588003396987915,0.00663002859801054,16,-0.23942017555236816,524288,4,"[0.03632684797048569,0.03358205035328865,-0.0014026656281203032,0.04861906170845032,-0.026077555492520332,0.0540664866566658,0.07096849381923676,-0.04246221482753754]",bd0ba18e92e64e7fac8fd8072cb8f10214a3045b47d4f0d1b6b7a24435aca222,"[64,2,64,64]",zoology/experiments/flash_vqg/scripts/20260629-01-flash-vqg-gate-logf-stability/outputs/3090/probe.json,0.0818001925945282,gate-logf-probe-s123-r1,phase1/v_all,no-dropout,0
torch.float32,164.4031219482422,1,3090,1.040349006652832,8.419094956479967e-05,16,-1.0988930463790894,524288,4,"[-0.05593833327293396,-0.06036121025681496,-0.06587576866149902,-0.006838558241724968,-0.3385127782821655,-0.13868097960948944,0.4081350862979889,0.140900656580925]",7b129d62745d251b0b11ca6cf83df290a9582676c510c741e5ccfe09bb1180a7,"[64,2,64,64]",zoology/experiments/flash_vqg/scripts/20260629-01-flash-vqg-gate-logf-stability/outputs/3090/probe.json,0.22705267369747162,gate-logf-probe-s123-r1,phase1/g_raw_all,no-dropout,0
torch.float32,44.95456314086914,1,3090,0.2843721807003021,0.001728651812300086,16,-0.26737353205680847,524288,4,"[0.026777639985084534,-0.05960303917527199,0.0389283113181591,0.09453576058149338,0.1125301644206047,-0.051057055592536926,-0.0607820488512516,-0.07245435565710068]",4580a8c73a60f0870050edaeb3d0377ab21cb5bdfb0a58dfa169280bb4968a91,"[64,2,64,64]",zoology/experiments/flash_vqg/scripts/20260629-01-flash-vqg-gate-logf-stability/outputs/3090/probe.json,0.06206146255135536,gate-logf-probe-s123-r1,phase1/K_q_all,no-dropout,0
torch.int32,3381.627197265625,1,3090,63.0,32.5985107421875,16,0.0,8192,4,"[12,26,20,20,59,36,25,46]",7ab1933a38d293a1853c7b9e3847ae30dc088041f150c7d1e87f0f23e3eec8fa,"[64,2,64]",zoology/experiments/flash_vqg/scripts/20260629-01-flash-vqg-gate-logf-stability/outputs/3090/probe.json,18.25541877746582,gate-logf-probe-s123-r1,phase1/Delta_all,no-dropout,0
torch.float32,13.353947639465332,1,3090,0.14052364230155945,0.015625,16,0.001267191837541759,524288,4,"[0.02079175040125847,0.01754656620323658,0.017535710707306862,0.01957416906952858,0.009496983140707016,0.016019349917769432,0.020633116364479065,0.011760459281504154]",47e8c17eac9dc700a6ccf82b362a357dbc57b76897b775dddb23034f59f4635c,"[64,2,64,64]",zoology/experiments/flash_vqg/scripts/20260629-01-flash-vqg-gate-logf-stability/outputs/3090/probe.json,0.009797613136470318,gate-logf-probe-s123-r1,phase1/W_all,no-dropout,0
torch.float32,723.948486328125,1,3090,4.605385780334473,0.00017792213475331664,16,-4.6664605140686035,524288,4,"[-0.9883148670196533,0.24394075572490692,-0.1730096936225891,0.017109377309679985,-0.45251524448394775,1.5980255603790283,-2.312086820602417,0.09137268364429474]",19636376ee1847d8769a17997d0896b67a438ee0162765201fdeff71efd24f2e,"[64,64,128]",zoology/experiments/flash_vqg/scripts/20260629-01-flash-vqg-gate-logf-stability/outputs/3090/probe.json,0.9998249411582947,gate-logf-probe-s123-r1,fox_gate/input_x,no-dropout,0
torch.float32,20.71706771850586,1,3090,0.8225581645965576,-0.00624984223395586,16,-0.9901272058486938,8192,4,"[-0.39202067255973816,-0.2725498676300049,-0.34957197308540344,0.0510854609310627,-0.3028669059276581,-0.1449788361787796,-0.07806238532066345,-0.2088596224784851]",de151c4c1dae888c13b1c6e15fe11404892803cc7979b991478779e4d4ee28e1,"[64,2,64]",zoology/experiments/flash_vqg/scripts/20260629-01-flash-vqg-gate-logf-stability/outputs/3090/probe.json,0.22880807518959045,gate-logf-probe-s123-r1,fox_gate/logits_cuda,no-dropout,0
torch.float32,4.028176307678223,1,3090,-0.02276008389890194,-0.04392370209097862,16,-0.08162835240364075,8192,4,"[-0.0567653626203537,-0.05241743475198746,-0.05519569665193558,-0.041745662689208984,-0.05350019782781601,-0.04801635444164276,-0.04580874741077423,-0.05018874257802963]",54eac42cc1b833d50661c24a0f4eeece01bdebe75923cfc3ab9f5250e620b8e6,"[64,2,64]",zoology/experiments/flash_vqg/scripts/20260629-01-flash-vqg-gate-logf-stability/outputs/3090/probe.json,0.007172602228820324,gate-logf-probe-s123-r1,fox_gate/logf_cuda,no-dropout,0
torch.float64,20.717069625854492,1,3090,0.8225581049919128,-0.006249843165278435,16,-0.9901273250579834,8192,4,"[-0.3920206851019491,-0.2725497833916397,-0.3495719357395863,0.05108545313427931,-0.30286696051106243,-0.14497883914065618,-0.0780623920071688,-0.2088596316738218]",3514e1bd8fd55f873e8862caadcb9e31ae97a2ad917b6fc7dc632da49d298ffa,"[64,2,64]",zoology/experiments/flash_vqg/scripts/20260629-01-flash-vqg-gate-logf-stability/outputs/3090/probe.json,0.22880807518959045,gate-logf-probe-s123-r1,fox_gate/logits_ref_fp64_cpu,no-dropout,0
torch.float64,4.028176307678223,1,3090,-0.02276008389890194,-0.04392370581626892,16,-0.08162835985422134,8192,4,"[-0.056765361729277784,-0.05241743107145229,-0.05519569172604703,-0.04174566462294041,-0.053500197062175424,-0.048016353770059333,-0.04580874377302936,-0.05018874420985652]",199bed07b4e15502224a97f83b45344b3a839686830ae1e5d88b23ff98b0323a,"[64,2,64]",zoology/experiments/flash_vqg/scripts/20260629-01-flash-vqg-gate-logf-stability/outputs/3090/probe.json,0.007172602228820324,gate-logf-probe-s123-r1,fox_gate/logf_ref_fp64_cpu,no-dropout,0
torch.float32,4.028176307678223,1,3090,-0.02276008389890194,-0.04392370209097862,16,-0.08162835240364075,8192,4,"[-0.0567653626203537,-0.05241743475198746,-0.05519569665193558,-0.041745662689208984,-0.05350019782781601,-0.04801635444164276,-0.04580874741077423,-0.05018874257802963]",54eac42cc1b833d50661c24a0f4eeece01bdebe75923cfc3ab9f5250e620b8e6,"[64,2,64]",zoology/experiments/flash_vqg/scripts/20260629-01-flash-vqg-gate-logf-stability/outputs/3090/probe.json,0.007172602228820324,gate-logf-probe-s123-r1,state_build/logf_all,no-dropout,0
torch.float32,45.278873443603516,1,3090,0.5242594480514526,0.5002308487892151,16,0.47811728715896606,8192,4,"[0.5109513998031616,0.49410784244537354,0.49960073828697205,0.5021160244941711,0.4951015114784241,0.49330952763557434,0.49897879362106323,0.495576947927475]",c8f647f67a93011646d8661a4276818b5aef7a5ec49ce699c9d77057e1bf2312,"[64,2,64]",zoology/experiments/flash_vqg/scripts/20260629-01-flash-vqg-gate-logf-stability/outputs/3090/probe.json,0.0058933342806994915,gate-logf-probe-s123-r1,state_build/beta_all,no-dropout,0
torch.float32,5.568747043609619,1,3090,0.05761176720261574,0.0008909256430342793,16,-0.04414419084787369,1048576,4,"[0.0,0.0,0.0,0.0,0.0,0.0,0.0,0.0]",924a745993137fda5e33c55afd1b04aa7e284b13ecbbef0401bc045860887da9,"[64,2,2,64,64]",zoology/experiments/flash_vqg/scripts/20260629-01-flash-vqg-gate-logf-stability/outputs/3090/probe.json,0.005364776123315096,gate-logf-probe-s123-r1,state_build/G_state,no-dropout,0
torch.float32,25.300880432128906,1,3090,0.5762233138084412,0.1373363435268402,16,0.0,16384,4,"[0.0,0.0,0.0,0.0,0.0,0.0,0.0,0.0]",a658d58da1c7f7a8ac783777fb5607282a2a5e6734bffedccd00714c766b4159,"[64,2,2,64]",zoology/experiments/flash_vqg/scripts/20260629-01-flash-vqg-gate-logf-stability/outputs/3090/probe.json,0.14215987920761108,gate-logf-probe-s123-r1,state_build/L_state,no-dropout,0
torch.float32,6.791440010070801,1,3090,0.04893772676587105,3.423439238758874e-06,16,-0.04975109547376633,16777216,4,"[0.0,0.0,0.0,0.0,0.0,0.0,0.0,0.0]",647f5f4fa7ea94c71f2b0422e890d765da6c086342a6ea5eb3b386dcc910cb6c,"[64,2,2,64,64,16]",zoology/experiments/flash_vqg/scripts/20260629-01-flash-vqg-gate-logf-stability/outputs/3090/probe.json,0.0016587412683293223,gate-logf-probe-s123-r1,state_build/M_state,no-dropout,0
torch.float32,inf,1,3090,-1.0000000150474662e+30,-1.0000001661631937e+30,16,-1.0000000150474662e+30,524288,4,"[-1.0000000150474662e+30,-1.0000000150474662e+30,-1.0000000150474662e+30,-1.0000000150474662e+30,-1.0000000150474662e+30,-1.0000000150474662e+30,-1.0000000150474662e+30,-1.0000000150474662e+30]",61ce6a8cd370ca81c3f343145d521a45aac538ef8972e11b8dba8c5540f1eff2,"[64,2,2,32,64]",zoology/experiments/flash_vqg/scripts/20260629-01-flash-vqg-gate-logf-stability/outputs/3090/probe.json,1.5111572745182865e+23,gate-logf-probe-s123-r1,phase2/S_far,no-dropout,0
torch.float32,26.51862335205078,1,3090,0.31717386841773987,0.00656939996406436,16,-0.19889713823795319,524288,4,"[0.03632684797048569,0.03358205035328865,-0.0014026656281203032,0.04861906170845032,-0.026077555492520332,0.0540664866566658,0.07096849381923676,-0.04246221482753754]",ba123d22e47b089078977012299daeaa0b85451e4b7d514251bc0f44191e3492,"[64,2,2,32,64]",zoology/experiments/flash_vqg/scripts/20260629-01-flash-vqg-gate-logf-stability/outputs/3090/probe.json,0.03603015094995499,gate-logf-probe-s123-r1,phase2/O_base,no-dropout,0
torch.int64,90.5096664428711,1,3090,1.0,0.5,16,0.0,16384,4,"[1,0,1,0,1,0,1,0]",dc11edbaeecd85c2e2c82456db4232b7ddbbdfd7d6481b97eca720a60ac56f7c,"[64,2,2,32,2]",zoology/experiments/flash_vqg/scripts/20260629-01-flash-vqg-gate-logf-stability/outputs/3090/probe.json,0.5,gate-logf-probe-s123-r1,phase2_read/top_idx,no-dropout,0
torch.float32,inf,1,3090,-1.0000000150474662e+30,-1.0000001661631937e+30,16,-1.0000000150474662e+30,16384,4,"[-1.0000000150474662e+30,-1.0000000150474662e+30,-1.0000000150474662e+30,-1.0000000150474662e+30,-1.0000000150474662e+30,-1.0000000150474662e+30,-1.0000000150474662e+30,-1.0000000150474662e+30]",9a9fe1aa50ef523d738b70d1c4410771a1eebdba615eba1bac04c3b3539793cb,"[64,2,2,32,2]",zoology/experiments/flash_vqg/scripts/20260629-01-flash-vqg-gate-logf-stability/outputs/3090/probe.json,1.5111572745182865e+23,gate-logf-probe-s123-r1,phase2_read/top_scores,no-dropout,0
torch.float32,0.0,1,3090,0.0,0.0,16,0.0,16384,4,"[0.0,0.0,0.0,0.0,0.0,0.0,0.0,0.0]",85a80fae2f428310daf8e819aed8147d2ca75f273599d1da531939dbf3f55a7b,"[64,2,2,32,2]",zoology/experiments/flash_vqg/scripts/20260629-01-flash-vqg-gate-logf-stability/outputs/3090/probe.json,0.0,gate-logf-probe-s123-r1,phase2_read/top_probs,no-dropout,0
torch.float32,0.0,1,3090,0.0,0.0,16,0.0,16384,4,"[0.0,0.0,0.0,0.0,0.0,0.0,0.0,0.0]",85a80fae2f428310daf8e819aed8147d2ca75f273599d1da531939dbf3f55a7b,"[64,2,2,32,2]",zoology/experiments/flash_vqg/scripts/20260629-01-flash-vqg-gate-logf-stability/outputs/3090/probe.json,0.0,gate-logf-probe-s123-r1,phase2_read/omega_sel,no-dropout,0
torch.float32,0.0,1,3090,0.0,0.0,16,0.0,8192,4,"[0.0,0.0,0.0,0.0,0.0,0.0,0.0,0.0]",f8dbbb428d043d7769f8fef4e7717b8a7a9697ac9b6425b62cef8cbd4120f9b0,"[64,2,2,32]",zoology/experiments/flash_vqg/scripts/20260629-01-flash-vqg-gate-logf-stability/outputs/3090/probe.json,0.0,gate-logf-probe-s123-r1,phase2_read/read_selected_mass,no-dropout,0
torch.float32,0.0,1,3090,0.0,0.0,16,0.0,524288,4,"[0.0,0.0,0.0,0.0,0.0,0.0,0.0,0.0]",33f5081ccd747a947e389515e1c9cde8155433ffa6999a97fd86a1da6b73247a,"[64,2,2,32,64]",zoology/experiments/flash_vqg/scripts/20260629-01-flash-vqg-gate-logf-stability/outputs/3090/probe.json,0.0,gate-logf-probe-s123-r1,phase2_read/u_res,no-dropout,0
torch.float32,0.0,1,3090,0.0,0.0,16,0.0,524288,4,"[0.0,0.0,0.0,0.0,0.0,0.0,0.0,0.0]",33f5081ccd747a947e389515e1c9cde8155433ffa6999a97fd86a1da6b73247a,"[64,2,2,32,64]",zoology/experiments/flash_vqg/scripts/20260629-01-flash-vqg-gate-logf-stability/outputs/3090/probe.json,0.0,gate-logf-probe-s123-r1,phase2/O_res_added,no-dropout,0
torch.float32,26.51862335205078,1,3090,0.31717386841773987,0.00656939996406436,16,-0.19889713823795319,524288,4,"[0.03632684797048569,0.03358205035328865,-0.0014026656281203032,0.04861906170845032,-0.026077555492520332,0.0540664866566658,0.07096849381923676,-0.04246221482753754]",ba123d22e47b089078977012299daeaa0b85451e4b7d514251bc0f44191e3492,"[64,2,2,32,64]",zoology/experiments/flash_vqg/scripts/20260629-01-flash-vqg-gate-logf-stability/outputs/3090/probe.json,0.03603015094995499,gate-logf-probe-s123-r1,phase2/Out_f32,no-dropout,0
torch.float32,26.51862335205078,1,3090,0.31717386841773987,0.00656939996406436,16,-0.19889713823795319,524288,4,"[0.03632684797048569,0.03358205035328865,-0.0014026656281203032,0.04861906170845032,-0.026077555492520332,0.0540664866566658,0.07096849381923676,-0.04246221482753754]",1cda47fea21e91afaf6edd24c8c867f26a5f813603afd863c0deb7f90e2da356,"[64,2,64,64]",zoology/experiments/flash_vqg/scripts/20260629-01-flash-vqg-gate-logf-stability/outputs/3090/probe.json,0.03603015094995499,gate-logf-probe-s123-r1,output_proj/O_heads,no-dropout,0
torch.float32,83.54615020751953,1,3090,1.7279326915740967,0.0030684631783515215,16,-1.2573442459106445,524288,4,"[-0.019672816619277,-0.019611576572060585,0.0008897273801267147,-0.003295064903795719,0.07345867156982422,-0.06936833262443542,0.3461957275867462,-0.06372801959514618]",889671174e36ce1f1ce3704d207d7d9f693d5d43fb34f805ca629e3c27d1b7a4,"[64,2,64,64]",zoology/experiments/flash_vqg/scripts/20260629-01-flash-vqg-gate-logf-stability/outputs/3090/probe.json,0.1153436005115509,gate-logf-probe-s123-r1,output_proj/o_heads,no-dropout,0
torch.float32,19.03496742248535,1,3090,0.1364326924085617,7.190927135525271e-06,16,-0.15834981203079224,524288,4,"[0.010057107545435429,0.028173504397273064,0.04418268799781799,-0.014339719898998737,-0.0257575586438179,-0.023479711264371872,0.05192591995000839,-0.02199692279100418]",9dc253ef837d5af18fa36d620dcc3b26e01d91154598a6befb1a4e1fea2ad511,"[64,64,128]",zoology/experiments/flash_vqg/scripts/20260629-01-flash-vqg-gate-logf-stability/outputs/3090/probe.json,0.02628869190812111,gate-logf-probe-s123-r1,output_proj/res,no-dropout,0
torch.float32,1316.5538330078125,,3090,3.0273804664611816,0.008713370189070702,16,-1.1750544309616089,33554432,4,"[0.0073364414274692535,0.5794976353645325,0.03968226909637451,-0.20736128091812134,0.0849803239107132,0.31753960251808167,0.18217599391937256,0.029814263805747032]",a01a9da6896328ea7b8b5b11e54d9311ea97372e7d005b7c4359ed4628f5a79c,"[64,64,8192]",zoology/experiments/flash_vqg/scripts/20260629-01-flash-vqg-gate-logf-stability/outputs/3090/probe.json,0.2275950163602829,gate-logf-probe-s123-r1,forward/logits,no-dropout,0
,,,3090,,,16,,,4,,ad637d48bbfa647c77aa7a80ab6bb8386c0b04a27fde68ffbec77678ad9e3df0,,zoology/experiments/flash_vqg/scripts/20260629-01-flash-vqg-gate-logf-stability/outputs/3090/probe.json,,gate-logf-probe-s123-r1,forward/preds,no-dropout,0
float,10.682329177856445,,3090,10.682329177856445,10.682329177856445,16,10.682329177856445,1,4,[10.682329177856445],10.6823291779,[],zoology/experiments/flash_vqg/scripts/20260629-01-flash-vqg-gate-logf-stability/outputs/3090/probe.json,0,gate-logf-probe-s123-r1,forward/loss,no-dropout,0
torch.float32,362.0315856933594,1,3090,1.6055101156234741,0.009767729789018631,64,-1.503980278968811,1048576,16,"[-0.6134127378463745,-0.11740434169769287,-0.48646360635757446,-0.015393691137433052,0.21080118417739868,0.541610062122345,-0.17393027245998383,-0.551872730255127]",8216e7035520b189f52e1e193647b6d9589187c363fcb7f62e142df92049c550,"[64,2,128,64]",zoology/experiments/flash_vqg/scripts/20260629-01-flash-vqg-gate-logf-stability/outputs/3090/probe.json,0.35341501235961914,gate-logf-probe-s123-r1,phase1/q_all,no-dropout,0
torch.float32,362.03240966796875,1,3090,1.418916940689087,0.0038717021234333515,64,-1.5241857767105103,1048576,16,"[0.04116544872522354,-0.12407276779413223,0.2744717597961426,0.6396361589431763,0.4458918869495392,0.06584001332521439,-0.07442918419837952,-0.020669998601078987]",a10002ef4b2a7d7462b57c8f51c0d465d50191a61d16a1f7a418fcee87b8f43d,"[64,2,128,64]",zoology/experiments/flash_vqg/scripts/20260629-01-flash-vqg-gate-logf-stability/outputs/3090/probe.json,0.353529691696167,gate-logf-probe-s123-r1,phase1/k_all,no-dropout,0
torch.float32,89.26356506347656,1,3090,0.6189050674438477,0.006829790771007538,64,-0.2598893940448761,1048576,16,"[0.05623850226402283,0.02075905166566372,-0.0026465747505426407,-0.06626579165458679,-0.04449189826846123,0.12038790434598923,-0.06135197728872299,-0.0143591882660985]",1dea97b508f7add5caeffb2e96898a0b089996a7246f98d1d9769aff4daf1ed1,"[64,2,128,64]",zoology/experiments/flash_vqg/scripts/20260629-01-flash-vqg-gate-logf-stability/outputs/3090/probe.json,0.08690444380044937,gate-logf-probe-s123-r1,phase1/v_all,no-dropout,0
torch.float32,240.28677368164062,1,3090,1.0899505615234375,0.0016276715323328972,64,-1.173836588859558,1048576,16,"[0.09837353974580765,-0.37215572595596313,0.10808208584785461,0.17377853393554688,0.1758759319782257,-0.09240267425775528,0.0948251336812973,-0.1831335872411728]",f905e5c8aa16b7d12ba5cb003edc6721830f8e65fb6b947019556dd3d5d1659b,"[64,2,128,64]",zoology/experiments/flash_vqg/scripts/20260629-01-flash-vqg-gate-logf-stability/outputs/3090/probe.json,0.23465192317962646,gate-logf-probe-s123-r1,phase1/g_raw_all,no-dropout,0
torch.float32,91.01904296875,1,3090,0.33939963579177856,0.0031898138113319874,64,-0.31587541103363037,1048576,16,"[0.015293609350919724,-0.010193130932748318,0.08713866770267487,0.12816418707370758,0.10843921452760696,0.010945804417133331,-0.03307138383388519,-0.038600970059633255]",ad73301944ab694deacf92f5570c460e801f42eaa7cd00adba9510c3b0d7dc4f,"[64,2,128,64]",zoology/experiments/flash_vqg/scripts/20260629-01-flash-vqg-gate-logf-stability/outputs/3090/probe.json,0.08882949501276016,gate-logf-probe-s123-r1,phase1/K_q_all,no-dropout,0
torch.int32,3509.19970703125,1,3090,63.0,21.6573486328125,64,0.0,16384,16,"[39,39,20,20,29,29,29,29]",0a653c8c1f480230331a11e79e58447a85c2ad249f91feeade8348355e9a7e35,"[64,2,128]",zoology/experiments/flash_vqg/scripts/20260629-01-flash-vqg-gate-logf-stability/outputs/3090/probe.json,16.80998420715332,gate-logf-probe-s123-r1,phase1/Delta_all,no-dropout,0
torch.float32,21.395782470703125,1,3090,0.19492661952972412,0.015625,64,0.0007407524972222745,1048576,16,"[0.007829295471310616,0.011242290027439594,0.017679918557405472,0.010895135812461376,0.020195255056023598,0.00886459369212389,0.010764566250145435,0.006665458902716637]",1fc926abcd572d1eb68cc2ec24a782e32d0681a3b36dd7f9dbebb440a3034c31,"[64,2,128,64]",zoology/experiments/flash_vqg/scripts/20260629-01-flash-vqg-gate-logf-stability/outputs/3090/probe.json,0.013871923089027405,gate-logf-probe-s123-r1,phase1/W_all,no-dropout,0
torch.float32,1024.554443359375,1,3090,4.762744903564453,0.0009600812336429954,64,-4.996644973754883,1048576,16,"[1.318496823310852,0.6653686761856079,1.2698975801467896,-0.8425360918045044,-0.3624911606311798,-0.4044512212276459,0.25521910190582275,-1.5643861293792725]",53f2d51195a5e03a3f54d706a83f0f0432422e3673bc6afc19a08a2b428a8ed4,"[64,128,128]",zoology/experiments/flash_vqg/scripts/20260629-01-flash-vqg-gate-logf-stability/outputs/3090/probe.json,1.0005519390106201,gate-logf-probe-s123-r1,fox_gate/input_x,no-dropout,0
torch.float32,28.674467086791992,1,3090,0.8999812006950378,-0.0003195071767549962,64,-0.9212310314178467,16384,16,"[-0.23880793154239655,-0.25324034690856934,0.009584831073880196,0.03943727910518646,0.22703084349632263,-0.05566418915987015,-0.24334751069545746,-0.1140706017613411]",cb1abd5edc4af4ff989b423e4d18f2fedaba51e32694cb3688ca79224247a847,"[64,2,128]",zoology/experiments/flash_vqg/scripts/20260629-01-flash-vqg-gate-logf-stability/outputs/3090/probe.json,0.22401905059814453,gate-logf-probe-s123-r1,fox_gate/logits_cuda,no-dropout,0
torch.float32,5.667906284332275,1,3090,-0.02132245898246765,-0.043721310794353485,64,-0.07851839065551758,16384,16,"[-0.05122893303632736,-0.05173514783382416,-0.04302288964390755,-0.042101435363292694,-0.03662880137562752,-0.04508540779352188,-0.051387812942266464,-0.04698800668120384]",c6d744335124cb1bb36eff3f2be2a7632540cc8f3a0406fa500ca988b2490a44,"[64,2,128]",zoology/experiments/flash_vqg/scripts/20260629-01-flash-vqg-gate-logf-stability/outputs/3090/probe.json,0.00701502850279212,gate-logf-probe-s123-r1,fox_gate/logf_cuda,no-dropout,0
torch.float64,28.674468994140625,1,3090,0.8999812602996826,-0.0003195054014213383,64,-0.9212312698364258,16384,16,"[-0.2388080147858939,-0.25324038185578057,0.009584789512477987,0.0394372903020988,0.22703083269212854,-0.055664204790009095,-0.24334757949467423,-0.11407061168069957]",04856832aaa3c2c4762b4db17b8f6405859ac7f79768f2506722dcd2e7765fcc,"[64,2,128]",zoology/experiments/flash_vqg/scripts/20260629-01-flash-vqg-gate-logf-stability/outputs/3090/probe.json,0.22401905059814453,gate-logf-probe-s123-r1,fox_gate/logits_ref_fp64_cpu,no-dropout,0
torch.float64,5.667906284332275,1,3090,-0.021322455257177353,-0.043721310794353485,64,-0.07851839810609818,16384,16,"[-0.05122893570694491,-0.051735148653191655,-0.04302289183021871,-0.04210143345592254,-0.03662880309813606,-0.045085409120210175,-0.05138781457398682,-0.04698800739827694]",baa7c7bbfaa5b029dcce5c07437b8a131cb190de3368f34d043465b2580e0518,"[64,2,128]",zoology/experiments/flash_vqg/scripts/20260629-01-flash-vqg-gate-logf-stability/outputs/3090/probe.json,0.00701502850279212,gate-logf-probe-s123-r1,fox_gate/logf_ref_fp64_cpu,no-dropout,0
torch.float32,5.667906284332275,1,3090,-0.02132245898246765,-0.043721310794353485,64,-0.07851839065551758,16384,16,"[-0.05122893303632736,-0.05173514783382416,-0.04302288964390755,-0.042101435363292694,-0.03662880137562752,-0.04508540779352188,-0.051387812942266464,-0.04698800668120384]",c6d744335124cb1bb36eff3f2be2a7632540cc8f3a0406fa500ca988b2490a44,"[64,2,128]",zoology/experiments/flash_vqg/scripts/20260629-01-flash-vqg-gate-logf-stability/outputs/3090/probe.json,0.00701502850279212,gate-logf-probe-s123-r1,state_build/logf_all,no-dropout,0
torch.float32,64.36993408203125,1,3090,0.5494044423103333,0.5027278661727905,64,0.4541027843952179,16384,16,"[0.48570680618286133,0.5001437067985535,0.48483043909072876,0.5060259699821472,0.49741750955581665,0.5065634846687317,0.493658185005188,0.5042809844017029]",cff24d897073b8bbde7aa60ba2a1051595eacf4942452317253a3b1a88d15cea,"[64,2,128]",zoology/experiments/flash_vqg/scripts/20260629-01-flash-vqg-gate-logf-stability/outputs/3090/probe.json,0.01277384627610445,gate-logf-probe-s123-r1,state_build/beta_all,no-dropout,0
torch.float32,18.27190399169922,1,3090,0.24909266829490662,0.001688075833953917,64,-0.19551818072795868,2097152,16,"[0.0,0.0,0.0,0.0,0.0,0.0,0.0,0.0]",0a48b756434666dcfceed6f0aa8104d959dda069d140c3f83051664700815636,"[64,2,4,64,64]",zoology/experiments/flash_vqg/scripts/20260629-01-flash-vqg-gate-logf-stability/outputs/3090/probe.json,0.012504433281719685,gate-logf-probe-s123-r1,state_build/G_state,no-dropout,0
torch.float32,62.21318435668945,1,3090,2.1847012042999268,0.24450406432151794,64,0.0,32768,16,"[0.0,0.0,0.0,0.0,0.0,0.0,0.0,0.0]",522f3115cf2294ca4738a85fcf4e0274037d3c6bc5c5f3aa80ac752932eb0f78,"[64,2,4,64]",zoology/experiments/flash_vqg/scripts/20260629-01-flash-vqg-gate-logf-stability/outputs/3090/probe.json,0.24152737855911255,gate-logf-probe-s123-r1,state_build/L_state,no-dropout,0
torch.float32,12.847935676574707,1,3090,0.09101323783397675,2.4902717541408492e-06,64,-0.09885060787200928,33554432,16,"[0.0,0.0,0.0,0.0,0.0,0.0,0.0,0.0]",052cc046c5c247fca6b09de88540dbd2ad129c13d5dedbe79ba32cece94a85b1,"[64,2,4,64,64,16]",zoology/experiments/flash_vqg/scripts/20260629-01-flash-vqg-gate-logf-stability/outputs/3090/probe.json,0.0022205282002687454,gate-logf-probe-s123-r1,state_build/M_state,no-dropout,0
torch.float32,inf,1,3090,2.9368042945861816,-4.999999319658694e+29,64,-1.0000000150474662e+30,1048576,16,"[-1.0000000150474662e+30,-1.0000000150474662e+30,-1.0000000150474662e+30,-1.0000000150474662e+30,-1.0000000150474662e+30,-1.0000000150474662e+30,-1.0000000150474662e+30,-1.0000000150474662e+30]",80bd7771b84e01d19336aa9ffd3e47dc8274828979b57626b505887de102541f,"[64,2,4,32,64]",zoology/experiments/flash_vqg/scripts/20260629-01-flash-vqg-gate-logf-stability/outputs/3090/probe.json,5.000000075237331e+29,gate-logf-probe-s123-r1,phase2/S_far,no-dropout,0
torch.float32,39.93519592285156,1,3090,0.3601761758327484,0.006716733332723379,64,-0.19819261133670807,1048576,16,"[0.05623850226402283,0.02075905166566372,-0.0026465747505426407,-0.06626579165458679,-0.04449189826846123,0.12038790434598923,-0.06135197728872299,-0.0143591882660985]",02fb0616c7fad828c809b1ab586102de9469417d469d76934574a2aedb0175a8,"[64,2,4,32,64]",zoology/experiments/flash_vqg/scripts/20260629-01-flash-vqg-gate-logf-stability/outputs/3090/probe.json,0.03841698169708252,gate-logf-probe-s123-r1,phase2/O_base,no-dropout,0
torch.int64,4433.0166015625,1,3090,63.0,15.142852783203125,64,0.0,32768,16,"[1,0,1,0,1,0,1,0]",21dc207d69180d4f7dacd9799aa5818079af1cfbab005e5131326eb806e56853,"[64,2,4,32,2]",zoology/experiments/flash_vqg/scripts/20260629-01-flash-vqg-gate-logf-stability/outputs/3090/probe.json,19.246150970458984,gate-logf-probe-s123-r1,phase2_read/top_idx,no-dropout,0
torch.float32,inf,1,3090,2.9368042945861816,-5.000000075237331e+29,64,-1.0000000150474662e+30,32768,16,"[-1.0000000150474662e+30,-1.0000000150474662e+30,-1.0000000150474662e+30,-1.0000000150474662e+30,-1.0000000150474662e+30,-1.0000000150474662e+30,-1.0000000150474662e+30,-1.0000000150474662e+30]",f605a99255e46bcc030562dc171c894864cbe552425bce08d4d78a8dc38b3f91,"[64,2,4,32,2]",zoology/experiments/flash_vqg/scripts/20260629-01-flash-vqg-gate-logf-stability/outputs/3090/probe.json,5.000000075237331e+29,gate-logf-probe-s123-r1,phase2_read/top_scores,no-dropout,0
torch.float32,15.060582160949707,1,3090,0.6700343489646912,0.05313468724489212,64,0.0,32768,16,"[0.0,0.0,0.0,0.0,0.0,0.0,0.0,0.0]",4dad0e3e9354f54ffbf0ad70d48bf634356150a58e7dd38b0fc17ff59a06c7b4,"[64,2,4,32,2]",zoology/experiments/flash_vqg/scripts/20260629-01-flash-vqg-gate-logf-stability/outputs/3090/probe.json,0.06402137875556946,gate-logf-probe-s123-r1,phase2_read/top_probs,no-dropout,0
torch.float32,2.631864309310913,1,3090,0.17900604009628296,0.008132977411150932,64,0.0,32768,16,"[0.0,0.0,0.0,0.0,0.0,0.0,0.0,0.0]",c4d8b95992d2a4e2295bec23b030c6578a7870ed5966c99f9a071013e92b425d,"[64,2,4,32,2]",zoology/experiments/flash_vqg/scripts/20260629-01-flash-vqg-gate-logf-stability/outputs/3090/probe.json,0.012051602825522423,gate-logf-probe-s123-r1,phase2_read/omega_sel,no-dropout,0
torch.float32,3.5329020023345947,1,3090,0.2291540652513504,0.016265952959656715,64,0.0,16384,16,"[0.0,0.0,0.0,0.0,0.0,0.0,0.0,0.0]",3a8f96a0b2fd2d87eddd34ffff9149e601b366d7bbd6f7e35cf8e1211f2c422a,"[64,2,4,32]",zoology/experiments/flash_vqg/scripts/20260629-01-flash-vqg-gate-logf-stability/outputs/3090/probe.json,0.02229849249124527,gate-logf-probe-s123-r1,phase2_read/read_selected_mass,no-dropout,0
torch.float32,0.21697433292865753,1,3090,0.00810207612812519,7.757163984933868e-06,64,-0.006592190824449062,1048576,16,"[0.0,0.0,0.0,0.0,0.0,0.0,0.0,0.0]",1e125701127ead70c4ef6bb9bd04a89cccd97ee77cb75c0aaf4df68322ecf715,"[64,2,4,32,64]",zoology/experiments/flash_vqg/scripts/20260629-01-flash-vqg-gate-logf-stability/outputs/3090/probe.json,0.0002117506373906508,gate-logf-probe-s123-r1,phase2_read/u_res,no-dropout,0
torch.float32,9.20453929901123,1,3090,0.173427551984787,0.0003602976503316313,64,-0.13590550422668457,1048576,16,"[0.0,0.0,0.0,0.0,0.0,0.0,0.0,0.0]",0bbcbeb0ab33873fbf46a795a722cc43967bfdaafcaf9fea4057bea9e1f684ea,"[64,2,4,32,64]",zoology/experiments/flash_vqg/scripts/20260629-01-flash-vqg-gate-logf-stability/outputs/3090/probe.json,0.00898172426968813,gate-logf-probe-s123-r1,phase2/O_res_added,no-dropout,0
torch.float32,42.144187927246094,1,3090,0.3601761758327484,0.007077030837535858,64,-0.19819261133670807,1048576,16,"[0.05623850226402283,0.02075905166566372,-0.0026465747505426407,-0.06626579165458679,-0.04449189826846123,0.12038790434598923,-0.06135197728872299,-0.0143591882660985]",3c278a7b88ddbce5b2ac20da0090f9d575a172400b8ac49fcbc0e4865671d9ec,"[64,2,4,32,64]",zoology/experiments/flash_vqg/scripts/20260629-01-flash-vqg-gate-logf-stability/outputs/3090/probe.json,0.04054395109415054,gate-logf-probe-s123-r1,phase2/Out_f32,no-dropout,0
torch.float32,42.144187927246094,1,3090,0.3601761758327484,0.007077030837535858,64,-0.19819261133670807,1048576,16,"[0.05623850226402283,0.02075905166566372,-0.0026465747505426407,-0.06626579165458679,-0.04449189826846123,0.12038790434598923,-0.06135197728872299,-0.0143591882660985]",564817ddcc87d3c764b31aa10501ee6599db7f7dce7e55a664ef2620eb1adaee,"[64,2,128,64]",zoology/experiments/flash_vqg/scripts/20260629-01-flash-vqg-gate-logf-stability/outputs/3090/probe.json,0.04054395109415054,gate-logf-probe-s123-r1,output_proj/O_heads,no-dropout,0
torch.float32,123.6923599243164,1,3090,1.9226233959197998,0.003947730641812086,64,-1.4248017072677612,1048576,16,"[0.04458950087428093,-0.048473142087459564,-0.002301866188645363,-0.09495534002780914,-0.06533388793468475,-0.08083681017160416,-0.04655781760811806,0.018246980383992195]",5b8c5a6c65182e2550cbfc81a5e950789ac419220727a6f32fb9c6fcc232128c,"[64,2,128,64]",zoology/experiments/flash_vqg/scripts/20260629-01-flash-vqg-gate-logf-stability/outputs/3090/probe.json,0.12073296308517456,gate-logf-probe-s123-r1,output_proj/o_heads,no-dropout,0
torch.float32,29.257570266723633,1,3090,0.17921115458011627,-0.0001487141998950392,64,-0.17311963438987732,1048576,16,"[0.04036357253789902,0.014975800178945065,0.03576773777604103,0.019346218556165695,0.04940279945731163,0.047584909945726395,-0.06043962761759758,3.0922540190658765e-06]",823fbcf977a7a8c0e00d3a8eca036cc3e9383c1dd830fc0152e067ac1fd81d21,"[64,128,128]",zoology/experiments/flash_vqg/scripts/20260629-01-flash-vqg-gate-logf-stability/outputs/3090/probe.json,0.02857181616127491,gate-logf-probe-s123-r1,output_proj/res,no-dropout,0
torch.float32,1991.356689453125,,3090,3.137843132019043,0.07166985422372818,64,-1.1688168048858643,67108864,16,"[0.3653941750526428,0.43502673506736755,-0.09986438602209091,0.04045247659087181,0.29792314767837524,0.4963206648826599,0.07986818253993988,-0.00114810757804662]",7bfc34b84bc490c691f7bec2a6bd372d5a973d6e14ed6f52c96d45ec69e22a66,"[64,128,8192]",zoology/experiments/flash_vqg/scripts/20260629-01-flash-vqg-gate-logf-stability/outputs/3090/probe.json,0.23363950848579407,gate-logf-probe-s123-r1,forward/logits,no-dropout,0
,,,3090,,,64,,,16,,f0344aca7090232a4ccb18a323890d03b2782424ff567d656132b645e57678a6,,zoology/experiments/flash_vqg/scripts/20260629-01-flash-vqg-gate-logf-stability/outputs/3090/probe.json,,gate-logf-probe-s123-r1,forward/preds,no-dropout,0
float,10.266508102416992,,3090,10.266508102416992,10.266508102416992,64,10.266508102416992,1,16,[10.266508102416992],10.2665081024,[],zoology/experiments/flash_vqg/scripts/20260629-01-flash-vqg-gate-logf-stability/outputs/3090/probe.json,0,gate-logf-probe-s123-r1,forward/loss,no-dropout,0
