target,stage,optimizer_step,micro_step,field,module,machine_count,unique_sha256_count,all_match,values_json
default-r2,preflight,,,cache_combined_content_sha256,,2,1,True,"{""2080ti"": ""d9098e876a036b8cb90a7186174fd827e0f5b422482266772850069c905bd8c8"", ""3090"": ""d9098e876a036b8cb90a7186174fd827e0f5b422482266772850069c905bd8c8""}"
default-r2,preflight,,,init_model_state_sha256,,2,1,True,"{""2080ti"": ""2a1107bf22d0804ed485ab94bdc7af8004ef7b892a60c2967f842ba0f4b4efb0"", ""3090"": ""2a1107bf22d0804ed485ab94bdc7af8004ef7b892a60c2967f842ba0f4b4efb0""}"
default-r2,preflight,,,batch_order_sha256,,2,1,True,"{""2080ti"": ""fb11b66aca3ad686a85f9623c9ae6769bb4a799fdaa0d952c0af518f0dfcc320"", ""3090"": ""fb11b66aca3ad686a85f9623c9ae6769bb4a799fdaa0d952c0af518f0dfcc320""}"
default-r2,after_init_checkpoint_load_before_to_device,0,0,model_params_sha256,,2,1,True,"{""2080ti"": ""2a1107bf22d0804ed485ab94bdc7af8004ef7b892a60c2967f842ba0f4b4efb0"", ""3090"": ""2a1107bf22d0804ed485ab94bdc7af8004ef7b892a60c2967f842ba0f4b4efb0""}"
default-r2,after_model_to_device_before_optimizer_step,0,0,model_params_sha256,,2,1,True,"{""2080ti"": ""2a1107bf22d0804ed485ab94bdc7af8004ef7b892a60c2967f842ba0f4b4efb0"", ""3090"": ""2a1107bf22d0804ed485ab94bdc7af8004ef7b892a60c2967f842ba0f4b4efb0""}"
default-r2,forward_before_backward_step0_micro0,0,0,inputs_sha256,,2,1,True,"{""2080ti"": ""d8ddeb731d5304875c304e1a27f22f52981e5e38d0995ec69bb6311ca8656683"", ""3090"": ""d8ddeb731d5304875c304e1a27f22f52981e5e38d0995ec69bb6311ca8656683""}"
default-r2,forward_before_backward_step0_micro0,0,0,targets_sha256,,2,1,True,"{""2080ti"": ""94be089514a641dd4c084d4bd04ea7bf662f2040ee00b89a9d5395ae3cee4040"", ""3090"": ""94be089514a641dd4c084d4bd04ea7bf662f2040ee00b89a9d5395ae3cee4040""}"
default-r2,forward_before_backward_step0_micro0,0,0,module_output_sha256,backbone.embeddings,2,1,True,"{""2080ti"": ""00e449c4d5a87f342e65483f17621f739eafb7a76eabd553aeea1640712ae4ab"", ""3090"": ""00e449c4d5a87f342e65483f17621f739eafb7a76eabd553aeea1640712ae4ab""}"
default-r2,forward_before_backward_step0_micro0,0,0,module_output_sha256,backbone.layers.0.dropout1,2,2,False,"{""2080ti"": ""c68b76aea43c9fbf6a6f91b069b956e25022f8776e694f038efb60fe923cdb7f"", ""3090"": ""c35500ed7ab20b9b22d54bb1b961d3210eee42e3d6df89ee00483d428744dd0d""}"
default-r2,forward_before_backward_step0_micro0,0,0,module_output_sha256,backbone.layers.0.drop_path1,2,2,False,"{""2080ti"": ""c68b76aea43c9fbf6a6f91b069b956e25022f8776e694f038efb60fe923cdb7f"", ""3090"": ""c35500ed7ab20b9b22d54bb1b961d3210eee42e3d6df89ee00483d428744dd0d""}"
default-r2,forward_before_backward_step0_micro0,0,0,module_output_sha256,backbone.layers.0.norm1,2,2,False,"{""2080ti"": ""7817d4607ddda65e5399f89e789259752e98cc647780795c5df9c3ce32f35e1a"", ""3090"": ""d654cb1fb4577fa1285f5907dda4a75e44febe60c9752bdb405104515d971c78""}"
default-r2,forward_before_backward_step0_micro0,0,0,module_output_sha256,backbone.layers.0.sequence_mixer.mixer,2,2,False,"{""2080ti"": ""5347d7c3f4cdf80e9664da5a091f7d56dfbf5f64ac8978f5acd110d61523dfed"", ""3090"": ""6a34465ea862cfbb894680a9414978949431c27d5f4103fb272f25266f72c32f""}"
default-r2,forward_before_backward_step0_micro0,0,0,module_output_sha256,backbone.layers.0.sequence_mixer,2,2,False,"{""2080ti"": ""5347d7c3f4cdf80e9664da5a091f7d56dfbf5f64ac8978f5acd110d61523dfed"", ""3090"": ""6a34465ea862cfbb894680a9414978949431c27d5f4103fb272f25266f72c32f""}"
default-r2,forward_before_backward_step0_micro0,0,0,module_output_sha256,backbone.layers.0.dropout2,2,2,False,"{""2080ti"": ""5347d7c3f4cdf80e9664da5a091f7d56dfbf5f64ac8978f5acd110d61523dfed"", ""3090"": ""6a34465ea862cfbb894680a9414978949431c27d5f4103fb272f25266f72c32f""}"
default-r2,forward_before_backward_step0_micro0,0,0,module_output_sha256,backbone.layers.0.drop_path2,2,2,False,"{""2080ti"": ""5347d7c3f4cdf80e9664da5a091f7d56dfbf5f64ac8978f5acd110d61523dfed"", ""3090"": ""6a34465ea862cfbb894680a9414978949431c27d5f4103fb272f25266f72c32f""}"
default-r2,forward_before_backward_step0_micro0,0,0,module_output_sha256,backbone.layers.0.norm2,2,2,False,"{""2080ti"": ""327a50be6670fabf05e06b8c006696b02b9a34347841368463834d3e881a5998"", ""3090"": ""4277f7012a680f0be7aff9cf3ff15af3e9649017bec4b64dc29d76f236df8c04""}"
default-r2,forward_before_backward_step0_micro0,0,0,module_output_sha256,backbone.layers.0.state_mixer,2,2,False,"{""2080ti"": ""327a50be6670fabf05e06b8c006696b02b9a34347841368463834d3e881a5998"", ""3090"": ""4277f7012a680f0be7aff9cf3ff15af3e9649017bec4b64dc29d76f236df8c04""}"
default-r2,forward_before_backward_step0_micro0,0,0,module_output_sha256,backbone.layers.1.dropout1,2,2,False,"{""2080ti"": ""327a50be6670fabf05e06b8c006696b02b9a34347841368463834d3e881a5998"", ""3090"": ""4277f7012a680f0be7aff9cf3ff15af3e9649017bec4b64dc29d76f236df8c04""}"
default-r2,forward_before_backward_step0_micro0,0,0,module_output_sha256,backbone.layers.1.drop_path1,2,2,False,"{""2080ti"": ""327a50be6670fabf05e06b8c006696b02b9a34347841368463834d3e881a5998"", ""3090"": ""4277f7012a680f0be7aff9cf3ff15af3e9649017bec4b64dc29d76f236df8c04""}"
default-r2,forward_before_backward_step0_micro0,0,0,module_output_sha256,backbone.layers.1.norm1,2,2,False,"{""2080ti"": ""be5db28189eb827d0a325d170c3cd9868ddfc7e69e19a04065607b06b983f340"", ""3090"": ""bcbf90d6605b5e0549a9e86d6fc13761fe2572665d60b68dfff1b658005e8d3c""}"
default-r2,forward_before_backward_step0_micro0,0,0,module_output_sha256,backbone.layers.1.sequence_mixer.mixer,2,2,False,"{""2080ti"": ""0c44f0c5023d9693bd50e575d65f682ee1151c3ac20dbf0ca16a0ff68876467c"", ""3090"": ""1e76ab7aff53dcec26c9c6622bc9a869d698ab89c54a3b9499ab8c96343a766c""}"
default-r2,forward_before_backward_step0_micro0,0,0,module_output_sha256,backbone.layers.1.sequence_mixer,2,2,False,"{""2080ti"": ""0c44f0c5023d9693bd50e575d65f682ee1151c3ac20dbf0ca16a0ff68876467c"", ""3090"": ""1e76ab7aff53dcec26c9c6622bc9a869d698ab89c54a3b9499ab8c96343a766c""}"
default-r2,forward_before_backward_step0_micro0,0,0,module_output_sha256,backbone.layers.1.dropout2,2,2,False,"{""2080ti"": ""0c44f0c5023d9693bd50e575d65f682ee1151c3ac20dbf0ca16a0ff68876467c"", ""3090"": ""1e76ab7aff53dcec26c9c6622bc9a869d698ab89c54a3b9499ab8c96343a766c""}"
default-r2,forward_before_backward_step0_micro0,0,0,module_output_sha256,backbone.layers.1.drop_path2,2,2,False,"{""2080ti"": ""0c44f0c5023d9693bd50e575d65f682ee1151c3ac20dbf0ca16a0ff68876467c"", ""3090"": ""1e76ab7aff53dcec26c9c6622bc9a869d698ab89c54a3b9499ab8c96343a766c""}"
default-r2,forward_before_backward_step0_micro0,0,0,module_output_sha256,backbone.layers.1.norm2,2,2,False,"{""2080ti"": ""9874e8ccd3bb02642d1c8ef2ac1263aa308ebb1b6b53f2c4d21121e0bf3aa976"", ""3090"": ""9a0b3226b79e244ae0c91dfa17629e33e255c013c1da39babe56b44206b44f77""}"
default-r2,forward_before_backward_step0_micro0,0,0,module_output_sha256,backbone.layers.1.state_mixer,2,2,False,"{""2080ti"": ""9874e8ccd3bb02642d1c8ef2ac1263aa308ebb1b6b53f2c4d21121e0bf3aa976"", ""3090"": ""9a0b3226b79e244ae0c91dfa17629e33e255c013c1da39babe56b44206b44f77""}"
default-r2,forward_before_backward_step0_micro0,0,0,module_output_sha256,backbone.ln_f,2,2,False,"{""2080ti"": ""598ff2b653a2661ae93114c274144ebbf974bc6ef9bf453708fd8189368a8668"", ""3090"": ""9d4ce79f221174154dace2caf1b624a0e1bdfc16e877d5e5d8917c07850b479f""}"
default-r2,forward_before_backward_step0_micro0,0,0,logits_sha256,,2,2,False,"{""2080ti"": ""81fe1dec99caa37d790afd974160f329318dc46ee342c38bd7d42cb3981c7c8b"", ""3090"": ""ca5798cfe629e8699a8ca3a04f066b25d18e3a835152294f3cc764e2d7e39e07""}"
default-r2,forward_before_backward_step0_micro0,0,0,preds_sha256,,2,1,True,"{""2080ti"": ""d8ddeb731d5304875c304e1a27f22f52981e5e38d0995ec69bb6311ca8656683"", ""3090"": ""d8ddeb731d5304875c304e1a27f22f52981e5e38d0995ec69bb6311ca8656683""}"
default-r2,forward_before_backward_step1_micro4,1,4,inputs_sha256,,2,1,True,"{""2080ti"": ""e915ec4f426b11c78269b02ef717ac73ba4bd6633a6e7f8f10fdaec75ac857bd"", ""3090"": ""e915ec4f426b11c78269b02ef717ac73ba4bd6633a6e7f8f10fdaec75ac857bd""}"
default-r2,forward_before_backward_step1_micro4,1,4,targets_sha256,,2,1,True,"{""2080ti"": ""179e0d62bac1dd3ebed50c14988e136747aadcbc9ffa4474fd8a290656014d71"", ""3090"": ""179e0d62bac1dd3ebed50c14988e136747aadcbc9ffa4474fd8a290656014d71""}"
default-r2,forward_before_backward_step1_micro4,1,4,module_output_sha256,backbone.embeddings,2,2,False,"{""2080ti"": ""6249ecf9b101ba106eb0a9cc68e9f13c647f3e002a7e8ff6dd3a3cb489920305"", ""3090"": ""3ac23be6852c6af826589a2aac941c1f43b2c02f174a7b9bf2ae479735ad1a0e""}"
default-r2,forward_before_backward_step1_micro4,1,4,module_output_sha256,backbone.layers.0.dropout1,2,2,False,"{""2080ti"": ""6351acd2e25259beb9eb264509c8b4f0756f637476c75551f7a5d46775165da5"", ""3090"": ""3120363bd35a726d43e97a8dd171d363180dd0216eda6a1824b93d2407aadabd""}"
default-r2,forward_before_backward_step1_micro4,1,4,module_output_sha256,backbone.layers.0.drop_path1,2,2,False,"{""2080ti"": ""6351acd2e25259beb9eb264509c8b4f0756f637476c75551f7a5d46775165da5"", ""3090"": ""3120363bd35a726d43e97a8dd171d363180dd0216eda6a1824b93d2407aadabd""}"
default-r2,forward_before_backward_step1_micro4,1,4,module_output_sha256,backbone.layers.0.norm1,2,2,False,"{""2080ti"": ""fb17e5636c76660f6638abebf401f2f25aa38734b6c3b176707ace54bb20fa20"", ""3090"": ""ac0f2739f00039369119ebb198a5c201dfc5a521abf6240b491d66dee9b38213""}"
default-r2,forward_before_backward_step1_micro4,1,4,module_output_sha256,backbone.layers.0.sequence_mixer.mixer,2,2,False,"{""2080ti"": ""e2c76ad2cd71593c3ac837110b3a43dd0ce0250e2e93a98627b07812bd5c434f"", ""3090"": ""a94f8fd41fb3f5f44ac0c5041fa01df1eeb946f43d3daebb101850be554e039b""}"
default-r2,forward_before_backward_step1_micro4,1,4,module_output_sha256,backbone.layers.0.sequence_mixer,2,2,False,"{""2080ti"": ""e2c76ad2cd71593c3ac837110b3a43dd0ce0250e2e93a98627b07812bd5c434f"", ""3090"": ""a94f8fd41fb3f5f44ac0c5041fa01df1eeb946f43d3daebb101850be554e039b""}"
default-r2,forward_before_backward_step1_micro4,1,4,module_output_sha256,backbone.layers.0.dropout2,2,2,False,"{""2080ti"": ""e2c76ad2cd71593c3ac837110b3a43dd0ce0250e2e93a98627b07812bd5c434f"", ""3090"": ""a94f8fd41fb3f5f44ac0c5041fa01df1eeb946f43d3daebb101850be554e039b""}"
default-r2,forward_before_backward_step1_micro4,1,4,module_output_sha256,backbone.layers.0.drop_path2,2,2,False,"{""2080ti"": ""e2c76ad2cd71593c3ac837110b3a43dd0ce0250e2e93a98627b07812bd5c434f"", ""3090"": ""a94f8fd41fb3f5f44ac0c5041fa01df1eeb946f43d3daebb101850be554e039b""}"
default-r2,forward_before_backward_step1_micro4,1,4,module_output_sha256,backbone.layers.0.norm2,2,2,False,"{""2080ti"": ""4b0fa8348769367edfd125e465b81b67179436c67344fe771198d43088d56a6a"", ""3090"": ""fb0a5f45a9924d4f5d6e3c0d3df27a83c9dc20a2d5d7e524cea2da896274aa24""}"
default-r2,forward_before_backward_step1_micro4,1,4,module_output_sha256,backbone.layers.0.state_mixer,2,2,False,"{""2080ti"": ""4b0fa8348769367edfd125e465b81b67179436c67344fe771198d43088d56a6a"", ""3090"": ""fb0a5f45a9924d4f5d6e3c0d3df27a83c9dc20a2d5d7e524cea2da896274aa24""}"
default-r2,forward_before_backward_step1_micro4,1,4,module_output_sha256,backbone.layers.1.dropout1,2,2,False,"{""2080ti"": ""4b0fa8348769367edfd125e465b81b67179436c67344fe771198d43088d56a6a"", ""3090"": ""fb0a5f45a9924d4f5d6e3c0d3df27a83c9dc20a2d5d7e524cea2da896274aa24""}"
default-r2,forward_before_backward_step1_micro4,1,4,module_output_sha256,backbone.layers.1.drop_path1,2,2,False,"{""2080ti"": ""4b0fa8348769367edfd125e465b81b67179436c67344fe771198d43088d56a6a"", ""3090"": ""fb0a5f45a9924d4f5d6e3c0d3df27a83c9dc20a2d5d7e524cea2da896274aa24""}"
default-r2,forward_before_backward_step1_micro4,1,4,module_output_sha256,backbone.layers.1.norm1,2,2,False,"{""2080ti"": ""40339f852d38ebbe69961a93f8ffde05cae22ec782cd97f025f0b19387ee9e5c"", ""3090"": ""82ba4fa8f5e93c01bc95de0e8770bfa80834f54c080faaad0006f45aafa2c21a""}"
default-r2,forward_before_backward_step1_micro4,1,4,module_output_sha256,backbone.layers.1.sequence_mixer.mixer,2,2,False,"{""2080ti"": ""d321ff6f517da2469f75fe2a0ae731e071378cb908ac5f3f5303aa308e41ba85"", ""3090"": ""edddd801edea2bf6e9f3584e3868fe62723634de4329fee68f3bdf7382c015c2""}"
default-r2,forward_before_backward_step1_micro4,1,4,module_output_sha256,backbone.layers.1.sequence_mixer,2,2,False,"{""2080ti"": ""d321ff6f517da2469f75fe2a0ae731e071378cb908ac5f3f5303aa308e41ba85"", ""3090"": ""edddd801edea2bf6e9f3584e3868fe62723634de4329fee68f3bdf7382c015c2""}"
default-r2,forward_before_backward_step1_micro4,1,4,module_output_sha256,backbone.layers.1.dropout2,2,2,False,"{""2080ti"": ""d321ff6f517da2469f75fe2a0ae731e071378cb908ac5f3f5303aa308e41ba85"", ""3090"": ""edddd801edea2bf6e9f3584e3868fe62723634de4329fee68f3bdf7382c015c2""}"
default-r2,forward_before_backward_step1_micro4,1,4,module_output_sha256,backbone.layers.1.drop_path2,2,2,False,"{""2080ti"": ""d321ff6f517da2469f75fe2a0ae731e071378cb908ac5f3f5303aa308e41ba85"", ""3090"": ""edddd801edea2bf6e9f3584e3868fe62723634de4329fee68f3bdf7382c015c2""}"
default-r2,forward_before_backward_step1_micro4,1,4,module_output_sha256,backbone.layers.1.norm2,2,2,False,"{""2080ti"": ""c81a31b7631859fc076ece6ab80db65a899f4f3d62d5c7bf31e8d346f759e5ff"", ""3090"": ""41a8dd3bf51513a8227c461a1daabdfb7d42fdeda81c13d892ea8a8912d362b5""}"
default-r2,forward_before_backward_step1_micro4,1,4,module_output_sha256,backbone.layers.1.state_mixer,2,2,False,"{""2080ti"": ""c81a31b7631859fc076ece6ab80db65a899f4f3d62d5c7bf31e8d346f759e5ff"", ""3090"": ""41a8dd3bf51513a8227c461a1daabdfb7d42fdeda81c13d892ea8a8912d362b5""}"
default-r2,forward_before_backward_step1_micro4,1,4,module_output_sha256,backbone.ln_f,2,2,False,"{""2080ti"": ""289c875fc7b9a0b5c2a92a00d23353f69caf550dc10014c2011e60882bfcde62"", ""3090"": ""b74982bdd6030f7ad4a91986c72342405c7de4522542033323d7029ab306476b""}"
default-r2,forward_before_backward_step1_micro4,1,4,logits_sha256,,2,2,False,"{""2080ti"": ""adc57b02a53af52449ae5d35223da2cb3e1056e638e69a417c76732b23334873"", ""3090"": ""f825d00b2205e3da127206cc3adb983749b4f104f67e0c3f5c3581573770fa99""}"
default-r2,forward_before_backward_step1_micro4,1,4,preds_sha256,,2,1,True,"{""2080ti"": ""e915ec4f426b11c78269b02ef717ac73ba4bd6633a6e7f8f10fdaec75ac857bd"", ""3090"": ""e915ec4f426b11c78269b02ef717ac73ba4bd6633a6e7f8f10fdaec75ac857bd""}"
default-r2,forward_before_backward_step4_micro16,4,16,inputs_sha256,,2,1,True,"{""2080ti"": ""ad637d48bbfa647c77aa7a80ab6bb8386c0b04a27fde68ffbec77678ad9e3df0"", ""3090"": ""ad637d48bbfa647c77aa7a80ab6bb8386c0b04a27fde68ffbec77678ad9e3df0""}"
default-r2,forward_before_backward_step4_micro16,4,16,targets_sha256,,2,1,True,"{""2080ti"": ""dea2b1c881f6007a2b5402031481a9684aa9f4d1b6a8831a4ab194ba41dc8825"", ""3090"": ""dea2b1c881f6007a2b5402031481a9684aa9f4d1b6a8831a4ab194ba41dc8825""}"
default-r2,forward_before_backward_step4_micro16,4,16,module_output_sha256,backbone.embeddings,2,2,False,"{""2080ti"": ""db6d840fd699a0e8b8c5c3145610f38eac5298103594c4d51add87b6b327f8d9"", ""3090"": ""59baa280db7e9f768184f229c77c0d14a4ad28a1b74e3f98f0e33b9d56c56088""}"
default-r2,forward_before_backward_step4_micro16,4,16,module_output_sha256,backbone.layers.0.dropout1,2,2,False,"{""2080ti"": ""c21c5951c0b8f5133d876bffa98f8818f4f66d8a2d8e3b533e51c73f66e626a9"", ""3090"": ""59a7270c13d3286ed8bbbaa26d5904ac06191b6c5f409ac1bbba3710bbbc12e7""}"
default-r2,forward_before_backward_step4_micro16,4,16,module_output_sha256,backbone.layers.0.drop_path1,2,2,False,"{""2080ti"": ""c21c5951c0b8f5133d876bffa98f8818f4f66d8a2d8e3b533e51c73f66e626a9"", ""3090"": ""59a7270c13d3286ed8bbbaa26d5904ac06191b6c5f409ac1bbba3710bbbc12e7""}"
default-r2,forward_before_backward_step4_micro16,4,16,module_output_sha256,backbone.layers.0.norm1,2,2,False,"{""2080ti"": ""40ddff613707e4564d304bc72233fa5fb6de9036dda854b97ba1b24f61e21a12"", ""3090"": ""ac445f07dae7e430b97e0f53622088e76e83ff8633e820ce81e624375bc4be34""}"
default-r2,forward_before_backward_step4_micro16,4,16,module_output_sha256,backbone.layers.0.sequence_mixer.mixer,2,2,False,"{""2080ti"": ""7c98d9a7449374535f062ad9c178ec33f71b48eebeeb94863e80d8511b0864d7"", ""3090"": ""f45b2772546725abc2ee959cb16c2ea3eac0cabdf9571a2883b0305ccc38bdcd""}"
default-r2,forward_before_backward_step4_micro16,4,16,module_output_sha256,backbone.layers.0.sequence_mixer,2,2,False,"{""2080ti"": ""7c98d9a7449374535f062ad9c178ec33f71b48eebeeb94863e80d8511b0864d7"", ""3090"": ""f45b2772546725abc2ee959cb16c2ea3eac0cabdf9571a2883b0305ccc38bdcd""}"
default-r2,forward_before_backward_step4_micro16,4,16,module_output_sha256,backbone.layers.0.dropout2,2,2,False,"{""2080ti"": ""7c98d9a7449374535f062ad9c178ec33f71b48eebeeb94863e80d8511b0864d7"", ""3090"": ""f45b2772546725abc2ee959cb16c2ea3eac0cabdf9571a2883b0305ccc38bdcd""}"
default-r2,forward_before_backward_step4_micro16,4,16,module_output_sha256,backbone.layers.0.drop_path2,2,2,False,"{""2080ti"": ""7c98d9a7449374535f062ad9c178ec33f71b48eebeeb94863e80d8511b0864d7"", ""3090"": ""f45b2772546725abc2ee959cb16c2ea3eac0cabdf9571a2883b0305ccc38bdcd""}"
default-r2,forward_before_backward_step4_micro16,4,16,module_output_sha256,backbone.layers.0.norm2,2,2,False,"{""2080ti"": ""df600031ffbb7d3bf75e2d1ee5901210273fae2ceb69d41b6e00dacb603c49db"", ""3090"": ""42d82637d056db92c921d7cc8d7180eaf7ddd6a38e8cad74d08d005286631a9d""}"
default-r2,forward_before_backward_step4_micro16,4,16,module_output_sha256,backbone.layers.0.state_mixer,2,2,False,"{""2080ti"": ""df600031ffbb7d3bf75e2d1ee5901210273fae2ceb69d41b6e00dacb603c49db"", ""3090"": ""42d82637d056db92c921d7cc8d7180eaf7ddd6a38e8cad74d08d005286631a9d""}"
default-r2,forward_before_backward_step4_micro16,4,16,module_output_sha256,backbone.layers.1.dropout1,2,2,False,"{""2080ti"": ""df600031ffbb7d3bf75e2d1ee5901210273fae2ceb69d41b6e00dacb603c49db"", ""3090"": ""42d82637d056db92c921d7cc8d7180eaf7ddd6a38e8cad74d08d005286631a9d""}"
default-r2,forward_before_backward_step4_micro16,4,16,module_output_sha256,backbone.layers.1.drop_path1,2,2,False,"{""2080ti"": ""df600031ffbb7d3bf75e2d1ee5901210273fae2ceb69d41b6e00dacb603c49db"", ""3090"": ""42d82637d056db92c921d7cc8d7180eaf7ddd6a38e8cad74d08d005286631a9d""}"
default-r2,forward_before_backward_step4_micro16,4,16,module_output_sha256,backbone.layers.1.norm1,2,2,False,"{""2080ti"": ""912217bd309675a6744e5ec70780236a3ee08579c23d36b5cff5667ea002e292"", ""3090"": ""c4de71703f2d2b2d26377ac9f347cef59a65324c77e6f524e9bc14e9243d66b6""}"
default-r2,forward_before_backward_step4_micro16,4,16,module_output_sha256,backbone.layers.1.sequence_mixer.mixer,2,2,False,"{""2080ti"": ""5bab8340cff7c9eea871bd79ee3c5c6a11549ef93839d98815820b67ec811fe6"", ""3090"": ""7cdb35e0dfa87345c79ff9959880cb7f8b68701754ea2136f7cbe25a0178ddd8""}"
default-r2,forward_before_backward_step4_micro16,4,16,module_output_sha256,backbone.layers.1.sequence_mixer,2,2,False,"{""2080ti"": ""5bab8340cff7c9eea871bd79ee3c5c6a11549ef93839d98815820b67ec811fe6"", ""3090"": ""7cdb35e0dfa87345c79ff9959880cb7f8b68701754ea2136f7cbe25a0178ddd8""}"
default-r2,forward_before_backward_step4_micro16,4,16,module_output_sha256,backbone.layers.1.dropout2,2,2,False,"{""2080ti"": ""5bab8340cff7c9eea871bd79ee3c5c6a11549ef93839d98815820b67ec811fe6"", ""3090"": ""7cdb35e0dfa87345c79ff9959880cb7f8b68701754ea2136f7cbe25a0178ddd8""}"
default-r2,forward_before_backward_step4_micro16,4,16,module_output_sha256,backbone.layers.1.drop_path2,2,2,False,"{""2080ti"": ""5bab8340cff7c9eea871bd79ee3c5c6a11549ef93839d98815820b67ec811fe6"", ""3090"": ""7cdb35e0dfa87345c79ff9959880cb7f8b68701754ea2136f7cbe25a0178ddd8""}"
default-r2,forward_before_backward_step4_micro16,4,16,module_output_sha256,backbone.layers.1.norm2,2,2,False,"{""2080ti"": ""15db43980c0c6fd4452a699e37280d61492dbe1f61c4b6364f9e56b16e6a70a2"", ""3090"": ""9380fef3f041a6c501fc8c295403e04ce492f009f784aa9b995c34a2003d6607""}"
default-r2,forward_before_backward_step4_micro16,4,16,module_output_sha256,backbone.layers.1.state_mixer,2,2,False,"{""2080ti"": ""15db43980c0c6fd4452a699e37280d61492dbe1f61c4b6364f9e56b16e6a70a2"", ""3090"": ""9380fef3f041a6c501fc8c295403e04ce492f009f784aa9b995c34a2003d6607""}"
default-r2,forward_before_backward_step4_micro16,4,16,module_output_sha256,backbone.ln_f,2,2,False,"{""2080ti"": ""c42cb6b72608885ac46229953a8b48eaad48eace3e5b9228dbf8e7adb64177dc"", ""3090"": ""ebf6f16c39e62703171571bde43652e50b82e99eb94e7a35cb419c8b6ec3fb1d""}"
default-r2,forward_before_backward_step4_micro16,4,16,logits_sha256,,2,2,False,"{""2080ti"": ""516c1b04f08b5ee5d121ea440f73848030008e6716598dbbbec2342b29215324"", ""3090"": ""9af79165665518e3e6acf4d837466db460abece6a15c5f67e6c6320a0db9f741""}"
default-r2,forward_before_backward_step4_micro16,4,16,preds_sha256,,2,1,True,"{""2080ti"": ""ad637d48bbfa647c77aa7a80ab6bb8386c0b04a27fde68ffbec77678ad9e3df0"", ""3090"": ""ad637d48bbfa647c77aa7a80ab6bb8386c0b04a27fde68ffbec77678ad9e3df0""}"
default-r2,forward_before_backward_step16_micro64,16,64,inputs_sha256,,2,1,True,"{""2080ti"": ""f0344aca7090232a4ccb18a323890d03b2782424ff567d656132b645e57678a6"", ""3090"": ""f0344aca7090232a4ccb18a323890d03b2782424ff567d656132b645e57678a6""}"
default-r2,forward_before_backward_step16_micro64,16,64,targets_sha256,,2,1,True,"{""2080ti"": ""980375c954dd90b94a62490d40f69b697f410aaf08dd749597dc8d77efc9c6a6"", ""3090"": ""980375c954dd90b94a62490d40f69b697f410aaf08dd749597dc8d77efc9c6a6""}"
default-r2,forward_before_backward_step16_micro64,16,64,module_output_sha256,backbone.embeddings,2,2,False,"{""2080ti"": ""556e0483b8bcc1aafbfe3280dd95f27fef3519fa2ddc7fc2ea8f7512b53ece05"", ""3090"": ""b0bba5def3aad729b0a0d57ee00c292059fa8e3e81fe4985be386f24f73322e9""}"
default-r2,forward_before_backward_step16_micro64,16,64,module_output_sha256,backbone.layers.0.dropout1,2,2,False,"{""2080ti"": ""2612411efc6499606fdd15b588f3a5fae07dbb8cbc8e738d9dedd8a19fa82cb3"", ""3090"": ""8739130de02f4af13c4d5c256fdf17b6b4ea5e0b39e1ff04223de7b0e450f05a""}"
default-r2,forward_before_backward_step16_micro64,16,64,module_output_sha256,backbone.layers.0.drop_path1,2,2,False,"{""2080ti"": ""2612411efc6499606fdd15b588f3a5fae07dbb8cbc8e738d9dedd8a19fa82cb3"", ""3090"": ""8739130de02f4af13c4d5c256fdf17b6b4ea5e0b39e1ff04223de7b0e450f05a""}"
default-r2,forward_before_backward_step16_micro64,16,64,module_output_sha256,backbone.layers.0.norm1,2,2,False,"{""2080ti"": ""e79811da0962c2471b02df7966be6ff27aa04db46b0c0b0371842dd475a537bc"", ""3090"": ""95d517e42ec3f8f6b96bed68bb294f2b20b94d5ee0aeefbb009c93d03a98e707""}"
default-r2,forward_before_backward_step16_micro64,16,64,module_output_sha256,backbone.layers.0.sequence_mixer.mixer,2,2,False,"{""2080ti"": ""03b006a539cb3097d1d60dcb61cdb1f361fb40b199170dff3d9186ed298b4c29"", ""3090"": ""e00906cd70402332875d588e24aea3695be459f779337001be3d56046bb1f93f""}"
default-r2,forward_before_backward_step16_micro64,16,64,module_output_sha256,backbone.layers.0.sequence_mixer,2,2,False,"{""2080ti"": ""03b006a539cb3097d1d60dcb61cdb1f361fb40b199170dff3d9186ed298b4c29"", ""3090"": ""e00906cd70402332875d588e24aea3695be459f779337001be3d56046bb1f93f""}"
default-r2,forward_before_backward_step16_micro64,16,64,module_output_sha256,backbone.layers.0.dropout2,2,2,False,"{""2080ti"": ""03b006a539cb3097d1d60dcb61cdb1f361fb40b199170dff3d9186ed298b4c29"", ""3090"": ""e00906cd70402332875d588e24aea3695be459f779337001be3d56046bb1f93f""}"
default-r2,forward_before_backward_step16_micro64,16,64,module_output_sha256,backbone.layers.0.drop_path2,2,2,False,"{""2080ti"": ""03b006a539cb3097d1d60dcb61cdb1f361fb40b199170dff3d9186ed298b4c29"", ""3090"": ""e00906cd70402332875d588e24aea3695be459f779337001be3d56046bb1f93f""}"
default-r2,forward_before_backward_step16_micro64,16,64,module_output_sha256,backbone.layers.0.norm2,2,2,False,"{""2080ti"": ""9bbc0c35d6022b47c8ab8cfe14ccd67d90ccc97d20bdb9d271f074c45c0ab0da"", ""3090"": ""a75cfee3d10d8f183ce6b19e456092986e2dce685d0256a8aa7447e3e2f6c47c""}"
default-r2,forward_before_backward_step16_micro64,16,64,module_output_sha256,backbone.layers.0.state_mixer,2,2,False,"{""2080ti"": ""9bbc0c35d6022b47c8ab8cfe14ccd67d90ccc97d20bdb9d271f074c45c0ab0da"", ""3090"": ""a75cfee3d10d8f183ce6b19e456092986e2dce685d0256a8aa7447e3e2f6c47c""}"
default-r2,forward_before_backward_step16_micro64,16,64,module_output_sha256,backbone.layers.1.dropout1,2,2,False,"{""2080ti"": ""9bbc0c35d6022b47c8ab8cfe14ccd67d90ccc97d20bdb9d271f074c45c0ab0da"", ""3090"": ""a75cfee3d10d8f183ce6b19e456092986e2dce685d0256a8aa7447e3e2f6c47c""}"
default-r2,forward_before_backward_step16_micro64,16,64,module_output_sha256,backbone.layers.1.drop_path1,2,2,False,"{""2080ti"": ""9bbc0c35d6022b47c8ab8cfe14ccd67d90ccc97d20bdb9d271f074c45c0ab0da"", ""3090"": ""a75cfee3d10d8f183ce6b19e456092986e2dce685d0256a8aa7447e3e2f6c47c""}"
default-r2,forward_before_backward_step16_micro64,16,64,module_output_sha256,backbone.layers.1.norm1,2,2,False,"{""2080ti"": ""e838440f2e81157252665c0c627d6f2136f78fe2223793cdee96389bb400e7ac"", ""3090"": ""edd638306f42a267447ecf9751ed00582aabc47ebed650a7ffb3404df87d867f""}"
default-r2,forward_before_backward_step16_micro64,16,64,module_output_sha256,backbone.layers.1.sequence_mixer.mixer,2,2,False,"{""2080ti"": ""7fd324f28d1431d17b451855cf898a29209fd83ceaeaf324e9918aa772473f70"", ""3090"": ""f1b5c77294e94be3add6b91a075411cedae402f0ad183a0176b5dd33b12d64d2""}"
default-r2,forward_before_backward_step16_micro64,16,64,module_output_sha256,backbone.layers.1.sequence_mixer,2,2,False,"{""2080ti"": ""7fd324f28d1431d17b451855cf898a29209fd83ceaeaf324e9918aa772473f70"", ""3090"": ""f1b5c77294e94be3add6b91a075411cedae402f0ad183a0176b5dd33b12d64d2""}"
default-r2,forward_before_backward_step16_micro64,16,64,module_output_sha256,backbone.layers.1.dropout2,2,2,False,"{""2080ti"": ""7fd324f28d1431d17b451855cf898a29209fd83ceaeaf324e9918aa772473f70"", ""3090"": ""f1b5c77294e94be3add6b91a075411cedae402f0ad183a0176b5dd33b12d64d2""}"
default-r2,forward_before_backward_step16_micro64,16,64,module_output_sha256,backbone.layers.1.drop_path2,2,2,False,"{""2080ti"": ""7fd324f28d1431d17b451855cf898a29209fd83ceaeaf324e9918aa772473f70"", ""3090"": ""f1b5c77294e94be3add6b91a075411cedae402f0ad183a0176b5dd33b12d64d2""}"
default-r2,forward_before_backward_step16_micro64,16,64,module_output_sha256,backbone.layers.1.norm2,2,2,False,"{""2080ti"": ""e5eb8edd483a98f24623b7130eeb866107dd703f92cbdb94f32941a5de08cf6f"", ""3090"": ""83ae9838004b219f223026d096283e4e018c7e59ce4b46e2cdf423a699a08e9a""}"
default-r2,forward_before_backward_step16_micro64,16,64,module_output_sha256,backbone.layers.1.state_mixer,2,2,False,"{""2080ti"": ""e5eb8edd483a98f24623b7130eeb866107dd703f92cbdb94f32941a5de08cf6f"", ""3090"": ""83ae9838004b219f223026d096283e4e018c7e59ce4b46e2cdf423a699a08e9a""}"
default-r2,forward_before_backward_step16_micro64,16,64,module_output_sha256,backbone.ln_f,2,2,False,"{""2080ti"": ""83f4686672e7b603da0f586ea4015ef5ea67ad8545fa7aef9e3bd477b4259d6c"", ""3090"": ""e5dc2fa6ecee1a12e2a6f7de847d450bc5b01f975d41fdf52c9f72e295e6e1b1""}"
default-r2,forward_before_backward_step16_micro64,16,64,logits_sha256,,2,2,False,"{""2080ti"": ""34ebff171492a4c69d9d2f021c6a291455c7964c944de16273428b7cb685923b"", ""3090"": ""f19e0586da417e74b1965c8a41e2c216b3ab14e2588e35bfe625d53ea7ddfbb9""}"
default-r2,forward_before_backward_step16_micro64,16,64,preds_sha256,,2,1,True,"{""2080ti"": ""f0344aca7090232a4ccb18a323890d03b2782424ff567d656132b645e57678a6"", ""3090"": ""f0344aca7090232a4ccb18a323890d03b2782424ff567d656132b645e57678a6""}"
default-r2,forward_before_backward_step64_micro256,64,256,inputs_sha256,,2,1,True,"{""2080ti"": ""b61c3ff977756531df4995938a9f6d77170aceb0fc198344680ed79d11a2a736"", ""3090"": ""b61c3ff977756531df4995938a9f6d77170aceb0fc198344680ed79d11a2a736""}"
default-r2,forward_before_backward_step64_micro256,64,256,targets_sha256,,2,1,True,"{""2080ti"": ""d89cd50a86422bf234eb04ec2af1285fa6163e7301670639b13e95f5a015fcf6"", ""3090"": ""d89cd50a86422bf234eb04ec2af1285fa6163e7301670639b13e95f5a015fcf6""}"
default-r2,forward_before_backward_step64_micro256,64,256,module_output_sha256,backbone.embeddings,2,2,False,"{""2080ti"": ""50a69532d23992f7fa347a37590a770a1c6f58dfd739e03ea5a2ae36640ae7e7"", ""3090"": ""84f68ce03c1f58fdf2c10a42e8e3295b5f0ef7844537394689a50efed3d36b53""}"
default-r2,forward_before_backward_step64_micro256,64,256,module_output_sha256,backbone.layers.0.dropout1,2,2,False,"{""2080ti"": ""f658c78cc362deee26bbce4dc5235aa719496af0a678652a49e649352c870ad2"", ""3090"": ""f7a53d39f7f3fe8ca499385c6aef406b096e66da9af193b50aa9a40159714f95""}"
default-r2,forward_before_backward_step64_micro256,64,256,module_output_sha256,backbone.layers.0.drop_path1,2,2,False,"{""2080ti"": ""f658c78cc362deee26bbce4dc5235aa719496af0a678652a49e649352c870ad2"", ""3090"": ""f7a53d39f7f3fe8ca499385c6aef406b096e66da9af193b50aa9a40159714f95""}"
default-r2,forward_before_backward_step64_micro256,64,256,module_output_sha256,backbone.layers.0.norm1,2,2,False,"{""2080ti"": ""b03ba935fa2d1524b90fa5eca9a7d4cc28bcf33d1f355d29ed6ed7ab467332d8"", ""3090"": ""16ffffeab9c7e2a7487ecc95599cf6ef8e56968daa1702161f404da207dea6ba""}"
default-r2,forward_before_backward_step64_micro256,64,256,module_output_sha256,backbone.layers.0.sequence_mixer.mixer,2,2,False,"{""2080ti"": ""3e16edbb19ceb3ca72d5c70504b4764939f43c0eb639445611852163041be0d8"", ""3090"": ""0b1f923f32f6f001224145b174a56bfb7ef983534ead2aa2af7883959d55eeaa""}"
default-r2,forward_before_backward_step64_micro256,64,256,module_output_sha256,backbone.layers.0.sequence_mixer,2,2,False,"{""2080ti"": ""3e16edbb19ceb3ca72d5c70504b4764939f43c0eb639445611852163041be0d8"", ""3090"": ""0b1f923f32f6f001224145b174a56bfb7ef983534ead2aa2af7883959d55eeaa""}"
default-r2,forward_before_backward_step64_micro256,64,256,module_output_sha256,backbone.layers.0.dropout2,2,2,False,"{""2080ti"": ""3e16edbb19ceb3ca72d5c70504b4764939f43c0eb639445611852163041be0d8"", ""3090"": ""0b1f923f32f6f001224145b174a56bfb7ef983534ead2aa2af7883959d55eeaa""}"
default-r2,forward_before_backward_step64_micro256,64,256,module_output_sha256,backbone.layers.0.drop_path2,2,2,False,"{""2080ti"": ""3e16edbb19ceb3ca72d5c70504b4764939f43c0eb639445611852163041be0d8"", ""3090"": ""0b1f923f32f6f001224145b174a56bfb7ef983534ead2aa2af7883959d55eeaa""}"
default-r2,forward_before_backward_step64_micro256,64,256,module_output_sha256,backbone.layers.0.norm2,2,2,False,"{""2080ti"": ""4dea1f98f34c04ca29069e59a39f57ff7c0d9e6236330f54352f6bf0934dfb88"", ""3090"": ""45c5e954489367ce29597cf884bda781c0f4479cd78cd2ffc77d24f03fbb7321""}"
default-r2,forward_before_backward_step64_micro256,64,256,module_output_sha256,backbone.layers.0.state_mixer,2,2,False,"{""2080ti"": ""4dea1f98f34c04ca29069e59a39f57ff7c0d9e6236330f54352f6bf0934dfb88"", ""3090"": ""45c5e954489367ce29597cf884bda781c0f4479cd78cd2ffc77d24f03fbb7321""}"
default-r2,forward_before_backward_step64_micro256,64,256,module_output_sha256,backbone.layers.1.dropout1,2,2,False,"{""2080ti"": ""4dea1f98f34c04ca29069e59a39f57ff7c0d9e6236330f54352f6bf0934dfb88"", ""3090"": ""45c5e954489367ce29597cf884bda781c0f4479cd78cd2ffc77d24f03fbb7321""}"
default-r2,forward_before_backward_step64_micro256,64,256,module_output_sha256,backbone.layers.1.drop_path1,2,2,False,"{""2080ti"": ""4dea1f98f34c04ca29069e59a39f57ff7c0d9e6236330f54352f6bf0934dfb88"", ""3090"": ""45c5e954489367ce29597cf884bda781c0f4479cd78cd2ffc77d24f03fbb7321""}"
default-r2,forward_before_backward_step64_micro256,64,256,module_output_sha256,backbone.layers.1.norm1,2,2,False,"{""2080ti"": ""b18cf148e44c114bf80dd9d1011a3da2f8eb926cb53a52371ea73975b49175a7"", ""3090"": ""51cf4d6ee2e1deeb3f15a82b8011165e140cca4be3c4b72dee21f88b342e871d""}"
default-r2,forward_before_backward_step64_micro256,64,256,module_output_sha256,backbone.layers.1.sequence_mixer.mixer,2,2,False,"{""2080ti"": ""2af35a93b9b5c86d8a52e9efd24d8cd69266da7b243ea4961e37b726571a6dc4"", ""3090"": ""b3184c7312f60c5619f527e679676a1669f30282b1afd184e2af0f1233bd6118""}"
default-r2,forward_before_backward_step64_micro256,64,256,module_output_sha256,backbone.layers.1.sequence_mixer,2,2,False,"{""2080ti"": ""2af35a93b9b5c86d8a52e9efd24d8cd69266da7b243ea4961e37b726571a6dc4"", ""3090"": ""b3184c7312f60c5619f527e679676a1669f30282b1afd184e2af0f1233bd6118""}"
default-r2,forward_before_backward_step64_micro256,64,256,module_output_sha256,backbone.layers.1.dropout2,2,2,False,"{""2080ti"": ""2af35a93b9b5c86d8a52e9efd24d8cd69266da7b243ea4961e37b726571a6dc4"", ""3090"": ""b3184c7312f60c5619f527e679676a1669f30282b1afd184e2af0f1233bd6118""}"
default-r2,forward_before_backward_step64_micro256,64,256,module_output_sha256,backbone.layers.1.drop_path2,2,2,False,"{""2080ti"": ""2af35a93b9b5c86d8a52e9efd24d8cd69266da7b243ea4961e37b726571a6dc4"", ""3090"": ""b3184c7312f60c5619f527e679676a1669f30282b1afd184e2af0f1233bd6118""}"
default-r2,forward_before_backward_step64_micro256,64,256,module_output_sha256,backbone.layers.1.norm2,2,2,False,"{""2080ti"": ""77ef3b5776cbc055a5c1bea04ce272823e25d19228452304ddfd48c25cdf6e07"", ""3090"": ""7890427ec6cfb705592c5d68db36e1a4da92f026df17337c02851561323bab96""}"
default-r2,forward_before_backward_step64_micro256,64,256,module_output_sha256,backbone.layers.1.state_mixer,2,2,False,"{""2080ti"": ""77ef3b5776cbc055a5c1bea04ce272823e25d19228452304ddfd48c25cdf6e07"", ""3090"": ""7890427ec6cfb705592c5d68db36e1a4da92f026df17337c02851561323bab96""}"
default-r2,forward_before_backward_step64_micro256,64,256,module_output_sha256,backbone.ln_f,2,2,False,"{""2080ti"": ""b92dfc6cb7702050e7e716d48dd621524646bf7b6e7af31d157448716a8bd987"", ""3090"": ""756d42e0cb2fc8ffee679913de490e92f665edc6527e236bcaa3facdcf3e80db""}"
default-r2,forward_before_backward_step64_micro256,64,256,logits_sha256,,2,2,False,"{""2080ti"": ""51a96e061f297ae6d46ab3455b91c3a580acb09aa8934f1f7a77e1e226922482"", ""3090"": ""989b1eee51a9d413727f3a02f5ca6b4209a0a9c9a8aa6b203d5af9aa91d3fa61""}"
default-r2,forward_before_backward_step64_micro256,64,256,preds_sha256,,2,2,False,"{""2080ti"": ""918aa1e537c0e9c138d03606352e0d3944e805b17990514259e85d95d13fb112"", ""3090"": ""2a63f784eacb2b673d5a47d7feca1fb3f7449f67ce60823fe7c9ddd34d8aa900""}"
default-r2,after_microbatch_backward,0,1,model_params_sha256,,2,1,True,"{""2080ti"": ""2a1107bf22d0804ed485ab94bdc7af8004ef7b892a60c2967f842ba0f4b4efb0"", ""3090"": ""2a1107bf22d0804ed485ab94bdc7af8004ef7b892a60c2967f842ba0f4b4efb0""}"
default-r2,after_microbatch_backward,0,1,grad_sha256,,2,2,False,"{""2080ti"": ""ebca7b7cec4c58119b87e72ca575dd9ee1015d739972ca427ca68c9695c3a1af"", ""3090"": ""8be231bfd17fb83af23150b7b4906317d1d6d07d972f14fc7a7f8759daad060b""}"
default-r2,after_microbatch_backward,0,2,model_params_sha256,,2,1,True,"{""2080ti"": ""2a1107bf22d0804ed485ab94bdc7af8004ef7b892a60c2967f842ba0f4b4efb0"", ""3090"": ""2a1107bf22d0804ed485ab94bdc7af8004ef7b892a60c2967f842ba0f4b4efb0""}"
default-r2,after_microbatch_backward,0,2,grad_sha256,,2,2,False,"{""2080ti"": ""f2b848abdf35de499022934915e1bf7f0c2c472e57ca00821162e557c6e3e57c"", ""3090"": ""03f758c5e5107974c6ff3290737768328bcc8d000f1d08b9ced60f88e1407b18""}"
default-r2,after_microbatch_backward,0,3,model_params_sha256,,2,1,True,"{""2080ti"": ""2a1107bf22d0804ed485ab94bdc7af8004ef7b892a60c2967f842ba0f4b4efb0"", ""3090"": ""2a1107bf22d0804ed485ab94bdc7af8004ef7b892a60c2967f842ba0f4b4efb0""}"
default-r2,after_microbatch_backward,0,3,grad_sha256,,2,2,False,"{""2080ti"": ""985ec0ede821ff44dbdae818a88172d481aa38230884f27b9ffa4fba34a1a376"", ""3090"": ""2588b698e84f004c30cec39cbd69a899ddeceda6718205176cde02a8e60c3f2d""}"
default-r2,after_microbatch_backward,0,4,model_params_sha256,,2,1,True,"{""2080ti"": ""2a1107bf22d0804ed485ab94bdc7af8004ef7b892a60c2967f842ba0f4b4efb0"", ""3090"": ""2a1107bf22d0804ed485ab94bdc7af8004ef7b892a60c2967f842ba0f4b4efb0""}"
default-r2,after_microbatch_backward,0,4,grad_sha256,,2,2,False,"{""2080ti"": ""f15d70703912d9c86eae39124dc6fc9678db8a29a269f0e3cd2b96a30bf651b8"", ""3090"": ""6baf8f6a065323ea10810da5e70810814a2e52ebd9557bca0182e9988470fa85""}"
default-r2,after_optimizer_step,1,4,model_params_sha256,,2,2,False,"{""2080ti"": ""1fce8eb9e0db142c0cc9147acb173c548c479febe9ca24a0beec5bb309656ca9"", ""3090"": ""fcf44a628de8bc763b8d0909738cab05511a38f48d7662d0c89f25b56260d6ba""}"
default-r2,after_optimizer_step,1,4,optimizer_state_sha256,,2,2,False,"{""2080ti"": ""61e3422ca8c267f10c8c7db0d1d8119659a8372556f8babaee4191b107be4c7b"", ""3090"": ""df962395811129d637090f7c3071eb0fd8c5fff0acf9676b98fb747b4f4eae9b""}"
default-r2,after_optimizer_step,2,8,model_params_sha256,,2,2,False,"{""2080ti"": ""102e15fcc963ca2c7adb93b4e945c218921c38769e57e7fef2ba0864ac967e57"", ""3090"": ""89816d36929acf72bd2b5450cbb5e68b91a5523085aa788e43de05be103476d7""}"
default-r2,after_optimizer_step,2,8,optimizer_state_sha256,,2,2,False,"{""2080ti"": ""c3c0cac430fbdc96961e508976f94d6db59f06d05ee1038faacffdfcea3db1a4"", ""3090"": ""c507263c0d9efcecb30dd16c287d67810e4f0335166337696b0b55d14dfbf9b3""}"
default-r2,after_optimizer_step,3,12,model_params_sha256,,2,2,False,"{""2080ti"": ""91a15a435a2c0cbc41b5de04997dddc020c6ce8dbe6849efb5aa966f2a6506bc"", ""3090"": ""0a32b5d50332af1f164f38d0952913ea1e14c2d0204c77bfd09cd523824e71eb""}"
default-r2,after_optimizer_step,3,12,optimizer_state_sha256,,2,2,False,"{""2080ti"": ""3e91e86627e4708bea19a795ee9bc2780056b6909f89a352d517601643c5f9aa"", ""3090"": ""e2d15e7ad0f1b854decd6cbaaf7aab8e91d4ebabf69b62b94a0b4107c7483c2f""}"
default-r2,after_optimizer_step,4,16,model_params_sha256,,2,2,False,"{""2080ti"": ""16b167a09d5661d41b5ce0cd60dc334e9b3046f41dc82b105d61883af58716d3"", ""3090"": ""c1bded9566483d3dc57e96315ac2695884e9211dc2f87acd6e462ff065f2b955""}"
default-r2,after_optimizer_step,4,16,optimizer_state_sha256,,2,2,False,"{""2080ti"": ""b48ee186e0bd14d3b7c6ecc073b3a74779fa0e59a280453333416e70c2f5dd89"", ""3090"": ""02f0edc351481b3d27f8643ca708fec0620ad300daa4903bd9a1d49793c19faf""}"
default-r2,after_optimizer_step,5,20,model_params_sha256,,2,2,False,"{""2080ti"": ""4ed9eeaa2dc6066871dcf641bcf49a70f3fa7bcdfc8824b11fc9d913111fe25a"", ""3090"": ""fefbb8f828e1e6466e465945936e31d076db36e161c1d07cd91ebbf20c4dd76d""}"
default-r2,after_optimizer_step,5,20,optimizer_state_sha256,,2,2,False,"{""2080ti"": ""9cd57f444c89e76b3ce9422f025f119d2325e32c5b9933810100125c0ec1c191"", ""3090"": ""339de8bcf842bb88c60d189b3bae504ea5d9a9f818cbc010836fb77c9f8db64f""}"
default-r2,after_optimizer_step,6,24,model_params_sha256,,2,2,False,"{""2080ti"": ""dc3fcc366e223b933dae9cc3009fa1ab81afb48ee20490429b3a5ff85c7aec5e"", ""3090"": ""8d881b59a092c8302f79f47fd5d7aedf186035b011d2bb293825131ebc92f88d""}"
default-r2,after_optimizer_step,6,24,optimizer_state_sha256,,2,2,False,"{""2080ti"": ""18b4a7af15c4c14f31455f08885e10e8618301d36c51000e9110e3245942f45d"", ""3090"": ""f68fff85205ab6c1c7a75489effa2d69f5b854cd7d491666598549d4a6188992""}"
default-r2,after_optimizer_step,7,28,model_params_sha256,,2,2,False,"{""2080ti"": ""e2fda708f2d28a20619aac2faa2b3e55e570507e69a7127cda06c672c7f47b69"", ""3090"": ""c650a8bc7edefa31537acbe740ded20a18feeb6ff58dd11030acbd0090f58c20""}"
default-r2,after_optimizer_step,7,28,optimizer_state_sha256,,2,2,False,"{""2080ti"": ""10e251011fad7cb8b64898215fe595713182daabb42869f17bc86645592df268"", ""3090"": ""5d9dcf9a7441f75ab031d4850ae59f286297d61a1fae622ba8b5a9eff826bb5e""}"
default-r2,after_optimizer_step,8,32,model_params_sha256,,2,2,False,"{""2080ti"": ""a76cb51442c56611b1fa1e2bdb279545e34dac41c0cb96f6754a0f548471ea17"", ""3090"": ""a11941e2f40c9d6b8deacfe0b651db8423787c1a8ee12648c084d3552804a571""}"
default-r2,after_optimizer_step,8,32,optimizer_state_sha256,,2,2,False,"{""2080ti"": ""69f92192d3aa1332c9b71685e89df1940f73540578c0ee597d17b54832332c8c"", ""3090"": ""a617395f27b93a3f1a0bdfad9b3a61c8fcc5a63973fd91ac31b10c4251bd957a""}"
default-r2,after_optimizer_step,9,36,model_params_sha256,,2,2,False,"{""2080ti"": ""e0fc6daea5a93415f8fe90c254284d5f6cf2846224b976418447ef03fc3bcb91"", ""3090"": ""36836840343c4e16739fb59abc875edeb4b35c78370d314cfc07015c735c9a78""}"
default-r2,after_optimizer_step,9,36,optimizer_state_sha256,,2,2,False,"{""2080ti"": ""c38d72da4da9f902368f15d487e30194ab019e6c7ee7de811526ba734ed27d17"", ""3090"": ""8eff37cc5ac6c7e88d9f00e39d907b0469ddac6579b2c99484114d09ef0a476c""}"
default-r2,after_optimizer_step,10,40,model_params_sha256,,2,2,False,"{""2080ti"": ""5f571f6041fa8ae41dd22b1895a6ca52de77bb45902fd9df111ab690030ca002"", ""3090"": ""864f434bc3bc2856698d92814e0f3ea20ddb8e509ceb5b054490b3026795cc7a""}"
default-r2,after_optimizer_step,10,40,optimizer_state_sha256,,2,2,False,"{""2080ti"": ""43ec98610e98dda3b4578930b8adda0c82da8bb23f800064d92f404174089e5a"", ""3090"": ""a93c1d85ac17cdc279fe5ff7c504da16c8e4764c2e9880bc6fdf8b8af7f51fcd""}"
default-r2,after_optimizer_step,11,44,model_params_sha256,,2,2,False,"{""2080ti"": ""85501029c028786b91c6f84fc13498ef6f612feda4c88096df7388396bd3fde9"", ""3090"": ""b7aacf9ccdb11907a5c28e869fee812778b338e8de7426957a068b0efd9fc71f""}"
default-r2,after_optimizer_step,11,44,optimizer_state_sha256,,2,2,False,"{""2080ti"": ""f03af120773153d867b9f5c3640bc024218548e4db32fd4dad10dede785aad50"", ""3090"": ""400094144fc7d0c97e85a925b135f3a414fa2167c38bf87c8d962917ff2d8866""}"
default-r2,after_optimizer_step,12,48,model_params_sha256,,2,2,False,"{""2080ti"": ""077b97c6635846c3ac3d606eeca2da51da5b2f2705b2f632ba563eaef3d27f2d"", ""3090"": ""0d348dd51dc41def951c69db3e41f714c581218d0fe6a09016dc0970eeef055c""}"
default-r2,after_optimizer_step,12,48,optimizer_state_sha256,,2,2,False,"{""2080ti"": ""d4d5630dd237dbc95808670faa35aeab543a63702014390ac928c37c54534501"", ""3090"": ""6ca7c0c9031c9f9d02c40d8c52855119cda63bb4b467dbab35250d0a26b00e0b""}"
default-r2,after_optimizer_step,13,52,model_params_sha256,,2,2,False,"{""2080ti"": ""e134847dc1f769b752e5d6cce4cc2777112fd0284006060f080e66ffe266c13f"", ""3090"": ""1f77162e6b512734aaf9a8d640c4fe84e879655ca3f4f2fbc998471c089b7868""}"
default-r2,after_optimizer_step,13,52,optimizer_state_sha256,,2,2,False,"{""2080ti"": ""f1662cd28210fe8fcb863cf63970a215f2a07c30576cd516e59a74f7279e3a18"", ""3090"": ""6cb6e22565f6cc86e4fe4b15fb3bcf69dcffecf579929f6cb7d9e41041b00e72""}"
default-r2,after_optimizer_step,14,56,model_params_sha256,,2,2,False,"{""2080ti"": ""7d085d3e01e8a373ffd74eead76f69284e62198a66e5f160b03ec538cce474d3"", ""3090"": ""bd50d4564a1de5e012fba40dd94d079b2ca80f29600be24c96591315b24306b0""}"
default-r2,after_optimizer_step,14,56,optimizer_state_sha256,,2,2,False,"{""2080ti"": ""a8e91fddf5d495d663436c5b06094cc87d86e4c747b4ad94f79dc811a4de3ce0"", ""3090"": ""3efc0b4d5f089846a1815a9af35dd3dc6461e18a3ae6edfcfeda516ba60f3db8""}"
default-r2,after_optimizer_step,15,60,model_params_sha256,,2,2,False,"{""2080ti"": ""2f26645a21f8f35a5d067825479eb63eb150735ec404187d3e9c2f659d82e0a8"", ""3090"": ""623270102a3ea63214bc6f873207006d51e32fc66a090557aada4cb6bd1ac175""}"
default-r2,after_optimizer_step,15,60,optimizer_state_sha256,,2,2,False,"{""2080ti"": ""2d14cf5cbcb54ea68f617f159e25c71f581b429226d986f231d6684dc3cebf5b"", ""3090"": ""d7f5873fbc322a18c8fdabbf730e65b66c7b6ef34c544b1c2d7e5411402e2701""}"
default-r2,after_optimizer_step,16,64,model_params_sha256,,2,2,False,"{""2080ti"": ""50e6fe42f8a4fa53fc91b815917f6a7b864c7c240d486154ca6fb1cec26ba70e"", ""3090"": ""462aaf9545cf6812263e6192a029ae359bdb31ddc8cfb051b22f040da438d8e2""}"
default-r2,after_optimizer_step,16,64,optimizer_state_sha256,,2,2,False,"{""2080ti"": ""a324ec8e98cbb787adde7607a4ec4f0fe34083781c4afe41c9f4453858e2aff2"", ""3090"": ""726532e0340f65385a29f22ed26027fb1d4cc8597e95fbe7d903cb72181aeabd""}"
default-r2,after_optimizer_step,17,68,model_params_sha256,,2,2,False,"{""2080ti"": ""ab72ee0030690da566fd9f01a6f449fea2248c8fd11e5a92af09395b5b44a5b9"", ""3090"": ""d5accb6be67e0d7fa4a59fda271c12c36e40e4efe1291d8d088fa73b4973ea6c""}"
default-r2,after_optimizer_step,17,68,optimizer_state_sha256,,2,2,False,"{""2080ti"": ""9b7fd65f804aac60b59458443d8eab9e0bcf79f67d8e877cf66822515ac823c3"", ""3090"": ""281ec0c1dfa44d2fa230d93ff243a4bfc7d52e13f2c9f15162b4cbde502ccf53""}"
default-r2,after_optimizer_step,18,72,model_params_sha256,,2,2,False,"{""2080ti"": ""2e05b9d6810808e20083d7e03cedc3a21e0bef92c6941567f0402fb369885933"", ""3090"": ""b3a151007be74049b7be284e71c8d4b5a0aeda668d44ce29526352d4a3e25160""}"
default-r2,after_optimizer_step,18,72,optimizer_state_sha256,,2,2,False,"{""2080ti"": ""6beb5d428f833f5c48ce89c7ff8b9640de55493c9a97cd02162222f65a38be74"", ""3090"": ""297161cae391df67fffdb5f6c668734ee809ee077ca8f854ee682645a57e3a9f""}"
default-r2,after_optimizer_step,19,76,model_params_sha256,,2,2,False,"{""2080ti"": ""957ca86dd83a2ba980d79e3246fa1e921e1d6b9e9048f753147bd5db9ac4ba51"", ""3090"": ""4a026afde37d633744b7ca85616f2279f9c9795db19c9201e49c2801d69cf477""}"
default-r2,after_optimizer_step,19,76,optimizer_state_sha256,,2,2,False,"{""2080ti"": ""dfbb390784699bdf7440ede60f0d8e670fc9c189d93e45c535ed6d3795e9d23c"", ""3090"": ""a4ba3ec6dd911e0d51f075246bdd858a3257dd6e5099f05cfc7ea247428dad85""}"
default-r2,after_optimizer_step,20,80,model_params_sha256,,2,2,False,"{""2080ti"": ""25359d769d8021a59c8848ba82f5733f6bd7f37a93b5ecc183893ee80657037d"", ""3090"": ""0bce4d2c46f45ec91a5f5558470a94acb960bb28660f5c267f87fe17012df828""}"
default-r2,after_optimizer_step,20,80,optimizer_state_sha256,,2,2,False,"{""2080ti"": ""f855900ea3d238da98d5256a5775ba3660cc87ee54e2b942a2044e386980cff9"", ""3090"": ""2e96a2a76c38bbaa8645fa11ec196d213107c922f54e9dfe803fc81eb532d4f5""}"
default-r2,after_optimizer_step,21,84,model_params_sha256,,2,2,False,"{""2080ti"": ""90c7e7ac9c0473dc32ae21224b77e735d7f2c8796e5478a01541836f5ba7ccbd"", ""3090"": ""eb5f41645b58007e4e24e13f9315d6aec692de00f4098831932effeaa048276c""}"
default-r2,after_optimizer_step,21,84,optimizer_state_sha256,,2,2,False,"{""2080ti"": ""5d8e9a14aea83150bcde530d9d148b999743638f7cec7793ac99d07b7a01f071"", ""3090"": ""3c08d6c700acbdeb37f6acfa3a7096b91b91c98def3a120fa9309ede83a248fb""}"
default-r2,after_optimizer_step,22,88,model_params_sha256,,2,2,False,"{""2080ti"": ""7104e1f8b6b37e9f92f2660e307f2ac96b786c41f5ec7a35d4925e8cdbf826dc"", ""3090"": ""54b4a89f1b9241f390158e90d7369e7f35b45f2d2d459ca752854836be384e02""}"
default-r2,after_optimizer_step,22,88,optimizer_state_sha256,,2,2,False,"{""2080ti"": ""5cab72b0fb7c4197986ba995757ad6f3faca8a6595fb35b13b5cabf708d3024b"", ""3090"": ""8c0a1e63d259de3215471ddba37ca4295664027d781ed4a599a57003b71670b4""}"
default-r2,after_optimizer_step,23,92,model_params_sha256,,2,2,False,"{""2080ti"": ""f7c35e0f65f0da507b5ce0f487f3d5b8f50b8e5b2c6872733ae6f0e4f93f51a9"", ""3090"": ""05819cb1eea74610554c6443c2a1b93f10df41733723b134a27b2ccf775b6776""}"
default-r2,after_optimizer_step,23,92,optimizer_state_sha256,,2,2,False,"{""2080ti"": ""a3a7dfd5963e2151ff651d5735c72d2a54141c2092ab3714a19fe42da8f86942"", ""3090"": ""d336fc4a307b6918a65f79b61695bd653b14c8d45732d23c0f2e18c3d2ef7251""}"
default-r2,after_optimizer_step,24,96,model_params_sha256,,2,2,False,"{""2080ti"": ""6cd9ba1c9129cfc4ff20ad6b4490d3a67c2d30abec01e6f093c9a90a4fdf3be3"", ""3090"": ""e3327cbce04606150ee315db58ebfa2ff6e1cb19cc9c0ce2db60b22cefc20712""}"
default-r2,after_optimizer_step,24,96,optimizer_state_sha256,,2,2,False,"{""2080ti"": ""935b06ca3a2dcef78c4cbd408c1e9a82ca41caf412692b179fd339dfd8399910"", ""3090"": ""d949da4692579acfa901f9c1e7c8cc0433b0c43f7dc74be952adb3d68d6a711a""}"
default-r2,after_optimizer_step,25,100,model_params_sha256,,2,2,False,"{""2080ti"": ""8a45a5a47195697cf76a54eeaa999f092a8ffeafdad1945739902b2d3c97ea69"", ""3090"": ""1808e0387ce9bf420f9081dc270bdf0ef6eab7bca8612b84738ef178be2c8b1f""}"
default-r2,after_optimizer_step,25,100,optimizer_state_sha256,,2,2,False,"{""2080ti"": ""7786fa3950c422d56e760f1801e7de71dcb83a2c403b130cf5ead6f72c47e16c"", ""3090"": ""fdc63e83e45c1b800eebcca16daa15afa9839e5a2951a875320fb9b65d884d43""}"
default-r2,after_optimizer_step,26,104,model_params_sha256,,2,2,False,"{""2080ti"": ""e1ec8f33d4297647e8e623123d08861d9f625ca5509a0dd6183208fa6c65ec51"", ""3090"": ""9592f69b33771e9edc1922e1b050e54d35aeccd4aa4825c826364eae23faba83""}"
default-r2,after_optimizer_step,26,104,optimizer_state_sha256,,2,2,False,"{""2080ti"": ""bb6065b0efd9a94d57bfde81c17b8d3d886639a56f16d9afe7bdae915bc8d91b"", ""3090"": ""9abacd41559290b6f25e03f68035de336c81b5a30dd9b71fc696dd6e3664fe38""}"
default-r2,after_optimizer_step,27,108,model_params_sha256,,2,2,False,"{""2080ti"": ""3bd3bb37b937d47fa70b32b107d3f0f85c7539849b3a7e1e51a73b8e171d8278"", ""3090"": ""743957122fee5ed5be98370f5085aafafcfb3fceb73a23f01b32b758379b7128""}"
default-r2,after_optimizer_step,27,108,optimizer_state_sha256,,2,2,False,"{""2080ti"": ""0ea1431aa5608dea154f32adddbadc71e319e56892b2eb13dba1af6f5cbbfb24"", ""3090"": ""17d6a32cd6d0f881253673254ad59a5b2712c79e669598a10904457d464c5ed2""}"
default-r2,after_optimizer_step,28,112,model_params_sha256,,2,2,False,"{""2080ti"": ""06d9f3f2be1437b3c2d0255231571ac8094c105c7690728eb177cf21c065d2a1"", ""3090"": ""54edd4f5d398a3756b6adb8ee1519568d28178a499a7872dbc58c0fe78f0d0b2""}"
default-r2,after_optimizer_step,28,112,optimizer_state_sha256,,2,2,False,"{""2080ti"": ""569d7485634f42ccecdb99ab375a4ae98c7ed9ef3402069b06a8e5353026eeeb"", ""3090"": ""3394b8dcede67a7da2c0e75c98dee2665edc01c031935d794806a1c6fd1ff0e0""}"
default-r2,after_optimizer_step,29,116,model_params_sha256,,2,2,False,"{""2080ti"": ""ec162ace34176d06ce9575df95336dfeaa7e942d9169ec7f7b4671950d72d5bb"", ""3090"": ""93e6728417d0be739f090edf9fc55b44862dc28af8f0c309086ae3a11d915da2""}"
default-r2,after_optimizer_step,29,116,optimizer_state_sha256,,2,2,False,"{""2080ti"": ""861ecc7d54b25491b7cbccceccf21cf5826c4c39f8bbcc3bc633092687e2950f"", ""3090"": ""c9673dcac325a3440e21cf41c9a682322c253cf6a7f22af4d3d931b04f16e128""}"
default-r2,after_optimizer_step,30,120,model_params_sha256,,2,2,False,"{""2080ti"": ""c55011fcfeb9e56c56446237e05ca6f2969c0878337bacde477b2cd9bf72d833"", ""3090"": ""4cf73685a31b7e6b5fd548fb0aa81bbb2eb3374e07d456074af5720ed6e08518""}"
default-r2,after_optimizer_step,30,120,optimizer_state_sha256,,2,2,False,"{""2080ti"": ""005465b15b26925f234995659d3036d1d176f185f6e131a3cb7f4434c6b8547a"", ""3090"": ""8b12dc26b61a04f54a6251703e3f96736014c606a14873fb721f0bfb3eb6d6b7""}"
default-r2,after_optimizer_step,31,124,model_params_sha256,,2,2,False,"{""2080ti"": ""7f8438d7c9bdc46bc9ca15c88d5f20d7cdb73f8304af4ab06440a63ee0dcb7f7"", ""3090"": ""c4a7e2a7c2f241e8cdd467a21544d022483a7727f8fdcf20183965dbac33af2b""}"
default-r2,after_optimizer_step,31,124,optimizer_state_sha256,,2,2,False,"{""2080ti"": ""ab1f14383ef2fc7dd6de3609d7411b479b9fd234a39c0e644dea363f268f9b39"", ""3090"": ""59a63049b86046ab8e529b177db1298b077c8270461c3c31eb05b6ef49a13caf""}"
default-r2,after_optimizer_step,32,128,model_params_sha256,,2,2,False,"{""2080ti"": ""3bebfeea94e2b2b60a88345fff1a843e6f01a441ee473a0473299203ed215a17"", ""3090"": ""514e672558f51bd3ee708bdbad5f41d6ffcdc49b402ec31e4c47b956a9d3cc2e""}"
default-r2,after_optimizer_step,32,128,optimizer_state_sha256,,2,2,False,"{""2080ti"": ""24932bdf249f53fa3ca19d42c5897d8fe2ffba23eb8b53f2d06e77e59df1f200"", ""3090"": ""70ae1ff8d245cb6e6ed3e19096174e0bd257550199005147a699505b5ea518f1""}"
default-r2,after_optimizer_step,33,132,model_params_sha256,,2,2,False,"{""2080ti"": ""431b9580c5350e7a3b2adfbfa372e1db4bc218d2b1f85027dad0aecc760e2c14"", ""3090"": ""7f10b1472dd5518900255d5ad47f2df03596d3d953ebf82d872527bb392f11b1""}"
default-r2,after_optimizer_step,33,132,optimizer_state_sha256,,2,2,False,"{""2080ti"": ""4a85d7324a8c69e979122993f90ee88f8b10caf06804310cfacad5a6cbb2efd7"", ""3090"": ""5714f7c725e5e6f092b8a4bc986c996680a3c84cf80d517e09ab00ed4863e4bf""}"
default-r2,after_optimizer_step,34,136,model_params_sha256,,2,2,False,"{""2080ti"": ""936ed603e6bafc992d293456307b8ad495c21b9c854cf58c5b3fa44cf972b78a"", ""3090"": ""dbc99c65da0db7f2af4d4e99807b6f093849ac50a078e7a2ef4062507c33eafd""}"
default-r2,after_optimizer_step,34,136,optimizer_state_sha256,,2,2,False,"{""2080ti"": ""c10af663e6ba983efdceeecdeace98f82c12ec5cd7bea770fcede7c8fb9e8c4a"", ""3090"": ""2d1973c22747c91e57f0c77e8ef20b0f13454111b3a9c1d7c378a689e9d2b471""}"
default-r2,after_optimizer_step,35,140,model_params_sha256,,2,2,False,"{""2080ti"": ""19f206a0ca7050a0c0b16ba82cce603056e032b653d2946fe26e12909f37381e"", ""3090"": ""f5ef62940bf1bb2211c09272abf972b67f01406b7be2006183c63a8f91cfb8e1""}"
default-r2,after_optimizer_step,35,140,optimizer_state_sha256,,2,2,False,"{""2080ti"": ""bc883de1dba95070f75aa0dfd20bb55e6f19e5983ec48a76c641ef9f6064e6c5"", ""3090"": ""169b535e3d14bd962f02c58df7a0b3fa44093e87d6a9e943140935b544b6e900""}"
default-r2,after_optimizer_step,36,144,model_params_sha256,,2,2,False,"{""2080ti"": ""a6dc4ebe4fd44ccdd98f3bdae80fbc56c2ea7881a03d149c76a616317f32e465"", ""3090"": ""9c790fcd11306eac9d352e6ae15300fea70d1cee493fd03f7506541065efd65c""}"
default-r2,after_optimizer_step,36,144,optimizer_state_sha256,,2,2,False,"{""2080ti"": ""00910dc7674d1a562ce9d99b33f50efcc6d5ccc50014331e33efc6bcce26f07b"", ""3090"": ""31cdbda75c8bddd984bb43feb58b6381a8ee29ec377684c0b1d641e1d1bf6c07""}"
default-r2,after_optimizer_step,37,148,model_params_sha256,,2,2,False,"{""2080ti"": ""aea1385f8440db1b3e769bec66efa60569b324e74ce970f564e96a9ed40a792c"", ""3090"": ""7113fd7dda866053bd27c4b16a20777f097c57e0353fdf2326edd9799ab032aa""}"
default-r2,after_optimizer_step,37,148,optimizer_state_sha256,,2,2,False,"{""2080ti"": ""f2c1d6c5e00268912b6f1a658c2410e3e08538c1ad120071dd39c60bdd81ca62"", ""3090"": ""a8e68209b92e5959a4cc890861a2a3d0305d394019aad60aececf9ee443cb459""}"
default-r2,after_optimizer_step,38,152,model_params_sha256,,2,2,False,"{""2080ti"": ""4c99ac6fc3bf80470c7c64661ce2fb86942bb8b584795d6121f4f70d008c6578"", ""3090"": ""a3b53d359f33daf12b3732f14aff9a7654931b2a914a71d0b999f05fbdc11aa0""}"
default-r2,after_optimizer_step,38,152,optimizer_state_sha256,,2,2,False,"{""2080ti"": ""c568ca8fef7411f0f75b228a276a3c7f041f1a9a6e95525ba238c2a7d0bbaadd"", ""3090"": ""d144a83b50b63cd6a6f4f602eb777b762fcc4ce0f45a139b804720dc3929b001""}"
default-r2,after_optimizer_step,39,156,model_params_sha256,,2,2,False,"{""2080ti"": ""a6cbd7d35e729e50cc057dd053fac365e78a27a05a05286f8fe0ebc6575cf5da"", ""3090"": ""94f92fe3fc96898d061d030c1f810f4929cf9c3a7f9c5b77f48e86ee61a9d5b9""}"
default-r2,after_optimizer_step,39,156,optimizer_state_sha256,,2,2,False,"{""2080ti"": ""663f08934540402151469833503964b59732d6fcf5d15e32fe47f0c79a6cdf66"", ""3090"": ""ed94e27ff7d9a2aa13786a9ca9fa8344a9fef96d8d412a22ddc3325db159972f""}"
default-r2,after_optimizer_step,40,160,model_params_sha256,,2,2,False,"{""2080ti"": ""ea635b3717ed3995b82dd46db35281ec09ff10b912e01e3fa4cc0de028a4f375"", ""3090"": ""95555a7f56e56eb3b41364a68f380d1f3a3b3808cb168b2e57568ec3a20f18d9""}"
default-r2,after_optimizer_step,40,160,optimizer_state_sha256,,2,2,False,"{""2080ti"": ""8e41c42f3cfdef85ff707c99139fd9c3e7fcf28cbbab6bc9854de89b2c2f8a03"", ""3090"": ""9a97f8a9f5d14d5179650205a0f12db71b28dacfb412be35fd9ad2e522b11c5b""}"
default-r2,after_optimizer_step,41,164,model_params_sha256,,2,2,False,"{""2080ti"": ""dfd708405ad3d8f7fee2a3c3bc09cdafff0703b23bdcc75ef7b2cad4bbdf8706"", ""3090"": ""1e7db9343aaaa11f4c735d58807c912b7bdf5291a36d4331a946e75db91e4866""}"
default-r2,after_optimizer_step,41,164,optimizer_state_sha256,,2,2,False,"{""2080ti"": ""8375784a72084dd688889f92abc4ef63964e9cf547cd94c6032cfb140a2b02b3"", ""3090"": ""52cfd0f33a4b7987935ec8d4a0e78f9dc80a722af211677e42f08131e11b5054""}"
default-r2,after_optimizer_step,42,168,model_params_sha256,,2,2,False,"{""2080ti"": ""af660d43615402d973e4be56f483ad09143dbe0bf864c1aa827f8e21885a2c13"", ""3090"": ""84c723a459b3facf38f47143b4d13a855e3908c5a407e5c5d9b437ec57b0eee2""}"
default-r2,after_optimizer_step,42,168,optimizer_state_sha256,,2,2,False,"{""2080ti"": ""99315c0c55dd908f0bc5fff90a148d3e74863017b23411421246889e9153606b"", ""3090"": ""af4153f8a33063b186d18aa357366c536b36ee9f576db8abc89381b4cb93d88e""}"
default-r2,after_optimizer_step,43,172,model_params_sha256,,2,2,False,"{""2080ti"": ""3d74f819e76b583872e0782659ba12f23141de3b457ef61502775022f7daae62"", ""3090"": ""5c650d920b1e7dec1347660e54521a635f9ca26df2515a2016b3dc3e4d01d60a""}"
default-r2,after_optimizer_step,43,172,optimizer_state_sha256,,2,2,False,"{""2080ti"": ""9b89c7a98bed77c7bd4b880936c96532490c5b5af722e7a1436997bccf3ef299"", ""3090"": ""c2b2849a5eec6841d7ab5f122af9a768073eb2b5ff4714b6d3fa44c3f88d30ea""}"
default-r2,after_optimizer_step,44,176,model_params_sha256,,2,2,False,"{""2080ti"": ""2f1aa09df7c13ec5fcd0b24c2e640090348c3359d5e6c60ea730b221dd1d5571"", ""3090"": ""aa435399dc6caf9072f0f13eac5371506f0b8caf6001a5a38126d35049f54df7""}"
default-r2,after_optimizer_step,44,176,optimizer_state_sha256,,2,2,False,"{""2080ti"": ""4245d91609f400eb64d08d1b5b00e4d4c8446adf68ace9de13e06a71df3fd914"", ""3090"": ""18b03d0e838ec0ee1ef9596cc171bb6df94874dcddbd7d9bc6c5617db5b03bd4""}"
default-r2,after_optimizer_step,45,180,model_params_sha256,,2,2,False,"{""2080ti"": ""d9f67744c46fd1340961e59a0b8b055414ad12458afee14b771adb54af04569c"", ""3090"": ""e15742ad04bd1775c18b858e0daf03d0d036e274e7c7d6f2f31d74a107965b93""}"
default-r2,after_optimizer_step,45,180,optimizer_state_sha256,,2,2,False,"{""2080ti"": ""3a8d81cbfc6283cd270388ca1be1f195ea087222b7ccb032c034180e382ea573"", ""3090"": ""fbde6893f2efec57c1087276f2d1ff59b7cdadd4ee5fe2728f877b214b7d9146""}"
default-r2,after_optimizer_step,46,184,model_params_sha256,,2,2,False,"{""2080ti"": ""838febd17f1e9696e408b5f30de63815855a219eb97d26038cd9d45e47e3899d"", ""3090"": ""fd60e6668d7d263f7b1933b1732a1e4780e1fe200b61305f7ee9c247975a9f05""}"
default-r2,after_optimizer_step,46,184,optimizer_state_sha256,,2,2,False,"{""2080ti"": ""3aafbc7fb0fb87027f6aa21882f3de8b01f9127d04cbf8fc2740fa8500c999d1"", ""3090"": ""dca0f3dd7578a4e043a95c231fa4810f473e214d2a49c8a3defd6ec6ea4676d0""}"
default-r2,after_optimizer_step,47,188,model_params_sha256,,2,2,False,"{""2080ti"": ""4720dd28d2d59f150af8e055ed19ae14af6d502f02c512c7e9aa620cb05a08b2"", ""3090"": ""764636696a3091ad4dcd3d0e716caa087ece1325d51ed98bf9c29a8e632c4a5d""}"
default-r2,after_optimizer_step,47,188,optimizer_state_sha256,,2,2,False,"{""2080ti"": ""289c870a9763cf28a23e3ad2c518fe594e6642cb0aa31746acb4df8f9e149128"", ""3090"": ""b192a9283b7a046be2d6ed3465fcbbe65b3885292f9549b187b90c3ef7ffb16e""}"
default-r2,after_optimizer_step,48,192,model_params_sha256,,2,2,False,"{""2080ti"": ""12dd1406078d5489d7610a5a0c34fc15ffc44b4626255195699c6851ed03aebe"", ""3090"": ""758738e9edce193bd5d3d3d9cbb74eb50c73bdf05c6b275960e4e35d17506eb1""}"
default-r2,after_optimizer_step,48,192,optimizer_state_sha256,,2,2,False,"{""2080ti"": ""7facb954d67ad9d19de8758911457d982b36421fc6082248ee5fac04395aba16"", ""3090"": ""c05946eefd23cd6266d13b75f48998eaa7526da4770335dbb53d386a57d85301""}"
default-r2,after_optimizer_step,49,196,model_params_sha256,,2,2,False,"{""2080ti"": ""b508017b2e6eceecfc95e13a2f683eef0b4df6f277c8cff8eb45f035476d8859"", ""3090"": ""26d049e631a664491f24ae007485f55530db447253a8ce4cf9d2f6a43eb646c7""}"
default-r2,after_optimizer_step,49,196,optimizer_state_sha256,,2,2,False,"{""2080ti"": ""d58aef2ffd155bdb88ffc32d53b3b587bb4e6824f04c7884fb75a0f60377e59f"", ""3090"": ""5a4ebcf7a1a9f83f1ac9d5c3b82c54af8b494d9af05d9160914667c2fd043c44""}"
default-r2,after_optimizer_step,50,200,model_params_sha256,,2,2,False,"{""2080ti"": ""172b6b6b5dc296901f4bbfff1a5e125d3642a7a0ddfb7d2cc444629642f84cef"", ""3090"": ""3eeb0b95cca0f9590b0d8ac405edbb77fd0344470e50a5607b0ca249f5725edb""}"
default-r2,after_optimizer_step,50,200,optimizer_state_sha256,,2,2,False,"{""2080ti"": ""bb4b3a30507e96906e3791865dfb5e6df894fe7dec5d18404f8619a8c57ce96a"", ""3090"": ""b47102c5b9d03a59d47c15d0fc1b8796e0140991ba7828cace5d30fefd5ea794""}"
default-r2,after_optimizer_step,51,204,model_params_sha256,,2,2,False,"{""2080ti"": ""3cec8024259ac70ddf1b8893e93f63db7c1dc24ba096f17cbfe0e52a4f88cb89"", ""3090"": ""ee5b82103f6d0369c1cbe48d3e06b969de5668ad9236ee1d965608f330e46910""}"
default-r2,after_optimizer_step,51,204,optimizer_state_sha256,,2,2,False,"{""2080ti"": ""81a8f4e0053b7af68007f47296fbd450f4025d06c61a8f4a31f1ff6a77b9f9eb"", ""3090"": ""745ad067256f4ae9fe2319969289fa8c18cafaf5cae79c9637f74fad6c2298cc""}"
default-r2,after_optimizer_step,52,208,model_params_sha256,,2,2,False,"{""2080ti"": ""37eed6baa0dd2e507c188e40fd143be330fe70d617bb4783571ab0bc040d357c"", ""3090"": ""3a018f733547af34d7556982dff6acc1bc7e7b3e3aad6c65c41b5fe70be2d550""}"
default-r2,after_optimizer_step,52,208,optimizer_state_sha256,,2,2,False,"{""2080ti"": ""75c3074a17e87285f601fb937f86f5838e82ea4acc3df1b53607f614cff7eb6e"", ""3090"": ""f81369a3ebe365bd08ea9521a8a4bdbe3b3964b65142532ca7626209ac5bf0bb""}"
default-r2,after_optimizer_step,53,212,model_params_sha256,,2,2,False,"{""2080ti"": ""8729144634f74e4606be848ee5586606cc3bcd08983cc04d90ca8a4a9b8cf8d6"", ""3090"": ""87642bf02d6913121b4e8621f5169a307d9e094cf469e31f166bfb29775e78da""}"
default-r2,after_optimizer_step,53,212,optimizer_state_sha256,,2,2,False,"{""2080ti"": ""bc270ecde9c0268eda930624cfe7754d243089765596af3fa9fc9b93524784ff"", ""3090"": ""81ceffac9b63e7786df0507bb1134b0c9ccf95924d86a30840467172387559f5""}"
default-r2,after_optimizer_step,54,216,model_params_sha256,,2,2,False,"{""2080ti"": ""ec12d3d58f6ead89086995325ced0af0aa0cc205ff1409be45a87a0af42c49df"", ""3090"": ""e561e61131bfded399f479d5a48c1e00ebb5d96c758752e9ae4177eee69b7f45""}"
default-r2,after_optimizer_step,54,216,optimizer_state_sha256,,2,2,False,"{""2080ti"": ""e9db5f5abbdc64cc238ec01a8fae2c66a858a81683d69394e6581c557359bdf3"", ""3090"": ""3b1a597f14f33a87c30279745a707f7b98cca63496817dcc2a86ddc8599ca8c8""}"
default-r2,after_optimizer_step,55,220,model_params_sha256,,2,2,False,"{""2080ti"": ""f443e3315358d8ce0284f5a617ab57a919bb659667f366f328b4e99e7de414c5"", ""3090"": ""430e54b29f39c10ce30bbadc0042c5f77e7246707752ea2f409444683d937009""}"
default-r2,after_optimizer_step,55,220,optimizer_state_sha256,,2,2,False,"{""2080ti"": ""f2a3272785cbc6b188bc273f04bcff3d5d157e37851eed3c655de26bb3462ebb"", ""3090"": ""f0035eebf702dc52c29b7bc4ef555eac701f8f5288b95c53f4dbf58628a1c0aa""}"
default-r2,after_optimizer_step,56,224,model_params_sha256,,2,2,False,"{""2080ti"": ""9ceca047c36f9fbaf43a6b523f8bef7399f54fec572a018bc09d0d2578faaa6e"", ""3090"": ""5d31226c945fa7332271312b28b2f78bd7b337f350c33d1faf802a71f84a797e""}"
default-r2,after_optimizer_step,56,224,optimizer_state_sha256,,2,2,False,"{""2080ti"": ""de181f52894a93f427955a4fda830013ad452ca0ab294b078257427003c24bbc"", ""3090"": ""ae58aaf0fc503ce1dc0772aa249c93ba82aaf7800fb8ddf5c33eb7191eaf3829""}"
default-r2,after_optimizer_step,57,228,model_params_sha256,,2,2,False,"{""2080ti"": ""c0182b5b6ee9ee55f3cf0e74a5bb22c58cab571105373a7cab98cd80245dff65"", ""3090"": ""2a37a35a3e8d8126bb5a90de101b5085ae128545810e5c607bab5b3b87ca480b""}"
default-r2,after_optimizer_step,57,228,optimizer_state_sha256,,2,2,False,"{""2080ti"": ""e982b047cb0cd934f94288a10c8e71957591ccd6af792de5ba8479e4379c8314"", ""3090"": ""1967020fad04fc5c221be66c5fccf54fe6057f73a0c9a68efa14607800d26116""}"
default-r2,after_optimizer_step,58,232,model_params_sha256,,2,2,False,"{""2080ti"": ""b3f742344c1a2c852306ec0677b03330f95381111856b497d9954399dc6170ae"", ""3090"": ""74551e1496a9e1e84c5e4d46e7b9bfb30df64d2e83c72038f801a9a1af6f1f30""}"
default-r2,after_optimizer_step,58,232,optimizer_state_sha256,,2,2,False,"{""2080ti"": ""f54eace0f1faec32c5cc428c9acbf8875155b6ca3b52adbf07a6b99c1b8eb4f8"", ""3090"": ""2b1dd9ec6e1f8b21309d9e0ff269db022d6c2616ed0dd25a336101f90e3ba9e2""}"
default-r2,after_optimizer_step,59,236,model_params_sha256,,2,2,False,"{""2080ti"": ""66ad6f2cfaecf49e406900adb3c07be4d7d8073082d79563eeb08f3e33d803b3"", ""3090"": ""43deb1f1b5c2080731f466be3cd837086be3cadce56dd78eda0826682ffcb5a7""}"
default-r2,after_optimizer_step,59,236,optimizer_state_sha256,,2,2,False,"{""2080ti"": ""5ae725f0bdbe6c13cc111b4df44c028f3fc09d6133dbcc73a2af4acde4ff4541"", ""3090"": ""870dc34e19923ed808f5069cb41a401f9d61c7cecc3499ad5b2ef3008f15e7a3""}"
default-r2,after_optimizer_step,60,240,model_params_sha256,,2,2,False,"{""2080ti"": ""c3f550a3dc5e865f6809a4a85aca7b85c27d662ac47a1003a3829d9016838887"", ""3090"": ""f55b91356961ed8c0c480b8353e006a6f495b0f6eefb9e0aa995996122d235a5""}"
default-r2,after_optimizer_step,60,240,optimizer_state_sha256,,2,2,False,"{""2080ti"": ""60da60539dbbcc52e104086d79e1c83cdccd6c3ab14bf37c0d4b54014973fb11"", ""3090"": ""4bf81b44ef7b71ca0ba02ee3a3bb96c730ea1c464a11677fbdad2896bad0c189""}"
default-r2,after_optimizer_step,61,244,model_params_sha256,,2,2,False,"{""2080ti"": ""91e6227832c518496a01b1df5efd9e9b75ce70cc352d9f40239314bf53ff21c1"", ""3090"": ""c620e77c14c2796093ed117081601d85598758d6f1e51121474cfd5224e94274""}"
default-r2,after_optimizer_step,61,244,optimizer_state_sha256,,2,2,False,"{""2080ti"": ""1433fc619ea9ad2494b6bb702e16913be79dc8b82e16d78ca73155ef43626068"", ""3090"": ""188cba32f5c679c8d58a9d3583e73ec839c2a8b1ffa26ae0755f1d26015b9dac""}"
default-r2,after_optimizer_step,62,248,model_params_sha256,,2,2,False,"{""2080ti"": ""6f74ac4173021cbf2b455fe9b01236b5ed6a7a8f5a1e05c4b9b74ae48256634c"", ""3090"": ""18f9cfdf671d12c1184980ad854660b7430cd000f540009a09aeb89d7a66e8d2""}"
default-r2,after_optimizer_step,62,248,optimizer_state_sha256,,2,2,False,"{""2080ti"": ""12b8d71a9f0d1e6b14ed2e0d7c43b807abf48b4483ca52b24b47f7ab9cbe3253"", ""3090"": ""7167ebaf25e7bb12be5ce7976c5108b327c15e6d2f216a681e71c10d19c15ea3""}"
default-r2,after_optimizer_step,63,252,model_params_sha256,,2,2,False,"{""2080ti"": ""385dcbb49602af8a1119e8e60a909faf4ac8ebf160bbc1185d1aa325f193a07a"", ""3090"": ""b9c70d39cfbb2ec24e554f8804de4c6e3fe83fd115b43a5773e527096ede6c8b""}"
default-r2,after_optimizer_step,63,252,optimizer_state_sha256,,2,2,False,"{""2080ti"": ""a0ce0a535706661dcac0cf473941902e6533553dfd400f7b306992a206af9b20"", ""3090"": ""052b079457c3fb05021c70db68d2996039b4968a2ef9d8d24bec2db5a49a3764""}"
default-r2,after_optimizer_step,64,256,model_params_sha256,,2,2,False,"{""2080ti"": ""595f5332f72fc56f54b8b9c9baeff5703213fc241fa111111a39a0ace0aa84bf"", ""3090"": ""83503dca5e320862f65cc31fd3100b266e8d7c74a639c642679b26d09a3e28cd""}"
default-r2,after_optimizer_step,64,256,optimizer_state_sha256,,2,2,False,"{""2080ti"": ""b81dd8f5199105f3b098796eac4fe95b5e00ed84e8b1e0314d4880799b766224"", ""3090"": ""045a834018d40ba1bdd8d7912f3cd3dd4f32585d78c20c28420c7435568fa393""}"
default-r2,after_optimizer_step,65,260,model_params_sha256,,2,2,False,"{""2080ti"": ""b550c6665607413b31a92692dbc13ebc85073e37849540bf5566f938e1776c12"", ""3090"": ""65d56745417c470325efe282a29025e506ad2b6a0118b869bb8fa6be23e2237a""}"
default-r2,after_optimizer_step,65,260,optimizer_state_sha256,,2,2,False,"{""2080ti"": ""69ad83f8c5659f860f79e923fff51294b80de2fa06d6cc76c85c23bf75d79329"", ""3090"": ""fe97b39c1a9d1f7ab58ec19825d1dc6d80a986d9e35ebfdb465af648dc1e71a1""}"
default-r2,after_optimizer_step,66,264,model_params_sha256,,2,2,False,"{""2080ti"": ""33d9851f31b9625bcc5c323f2ae16b59aa33e1ed1d3dff7b470ffec5a2a2ac9f"", ""3090"": ""bfc083ad783dfa89271cba1510fc0bca71f3fb0ea2dec9ecfb6180650b522613""}"
default-r2,after_optimizer_step,66,264,optimizer_state_sha256,,2,2,False,"{""2080ti"": ""6c6821a4fe37abfe572e7ff9072a6e2598e4b2eeaf82ee96a43a3b33247135d0"", ""3090"": ""263969113f41f7dff2826d88f9cfb01e0833e424383cc5554a39d3f85086965b""}"
default-r2,after_optimizer_step,67,268,model_params_sha256,,2,2,False,"{""2080ti"": ""d7761c05079efe1d99daea9a6806acad4c20320276c425aeb9ee0a8c21accccd"", ""3090"": ""ca696c371fa4ae8dbaca995d23235e483de4480424537b2a54bd706b30572429""}"
default-r2,after_optimizer_step,67,268,optimizer_state_sha256,,2,2,False,"{""2080ti"": ""e009ca0e24911a99bbe459e5b810eac4429fed1e8e6ffd4cf9b3879ed2e4f6c2"", ""3090"": ""21fa6e5f1d627a1d82911af220cb68451de4cf70ec8f9cee7b0dea697ff625e3""}"
default-r2,after_optimizer_step,68,272,model_params_sha256,,2,2,False,"{""2080ti"": ""54c6fdfdeb2869ad902ab3a33166cedd9dc22fe624ed850e725e61c510339a5c"", ""3090"": ""f2fd98c97712f48733862ac0d1a0542d06c1537212f6bb4c01ebfb4ba49c8fe4""}"
default-r2,after_optimizer_step,68,272,optimizer_state_sha256,,2,2,False,"{""2080ti"": ""21031b1d23a0c556adef82de4a7ad59f8720c16217f60d881431e86f5de9667a"", ""3090"": ""8a10c8f150342afe6c2578437161dc33e74eb33c931494bbb7a069f8e6f5c2ba""}"
default-r2,after_optimizer_step,69,276,model_params_sha256,,2,2,False,"{""2080ti"": ""10adaf60976c66810f5021c515848daac6d24f8c8f3bc89819dc71a50f84d02a"", ""3090"": ""acb253aa22149650fb266c18b60ec6ac226bb7860d67f1dfc0b43e6d1458aa94""}"
default-r2,after_optimizer_step,69,276,optimizer_state_sha256,,2,2,False,"{""2080ti"": ""0fbda1d1f935bfe25ed8613e91a1887f40e79c2a49c2ba6a1d4647ea506f81f4"", ""3090"": ""35a23a32e851975a515ef38453a169e206df674be42fb7bd657cd23d857cdf14""}"
default-r2,after_optimizer_step,70,280,model_params_sha256,,2,2,False,"{""2080ti"": ""308093144fec5c8b3ff008da84c3dadfe62102ef1100375b83af90f6c855cc40"", ""3090"": ""a73544c79deda7e5bb00181175e7d7308aec163c25953b00838d9d613a7cf0a5""}"
default-r2,after_optimizer_step,70,280,optimizer_state_sha256,,2,2,False,"{""2080ti"": ""65d9b54080244c47280c01eb04940f4067990074783203d3cea44c474491c521"", ""3090"": ""993be25b522b42d77aa4a87ee1b13609011cae98f6d16738844684f971c52df0""}"
default-r2,after_optimizer_step,71,284,model_params_sha256,,2,2,False,"{""2080ti"": ""6993e5bf312b322f69f1442351b17c733861842f26a222e16431aeaeeddb0479"", ""3090"": ""b1287a3fcb4806034f261bc5c4a55570da4e5459255d787ab3e029e8553a5167""}"
default-r2,after_optimizer_step,71,284,optimizer_state_sha256,,2,2,False,"{""2080ti"": ""69cfa4d4b5347d21ab96dfb9fab2601b36faae8d12334fca95eb8df4db3ee894"", ""3090"": ""4abd54f84fb485927e5d29ce26883eb67ec1ec9efd2b36acae73befda977d381""}"
default-r2,after_optimizer_step,72,288,model_params_sha256,,2,2,False,"{""2080ti"": ""d382be396b28ce26ac3b7b3cc29227fb292957e6153f9d9c87d64e9787dc7e6d"", ""3090"": ""fb0560fca33e748d0bd8e64cbd601903a8edb20b033e07ae1556a18d6d49e9a0""}"
default-r2,after_optimizer_step,72,288,optimizer_state_sha256,,2,2,False,"{""2080ti"": ""77c0cbe5a6355f38c8d3e7273b5138074e05b10a1a5fb053909cf7e696105b43"", ""3090"": ""5c6fc35522dda76a334ab75bb5f45719a2a0504e976ac79fc6c547f077632416""}"
default-r2,after_optimizer_step,73,292,model_params_sha256,,2,2,False,"{""2080ti"": ""39730fb002856cf16c9d7e309a583b1641af1d06081ac336ab0b8a5ec248e326"", ""3090"": ""c9b20fbc16ce7347a5209bed0e623af71f0d040aef2c1494d67daa3c1337120d""}"
default-r2,after_optimizer_step,73,292,optimizer_state_sha256,,2,2,False,"{""2080ti"": ""064f2864e8f56e5d009c8418b2021d7b6ba9d161cec1ad8ae95ec217ead84e98"", ""3090"": ""3f71fa62a44ba2993b35ec2f399d11bc3331d0c00764e2c33d7e178eea057129""}"
default-r2,after_optimizer_step,74,296,model_params_sha256,,2,2,False,"{""2080ti"": ""7fd7e7609936628bc83b4e158c494d4f83baa8ccdc15cdfc005702c7bf017ac6"", ""3090"": ""0046feceaa8723cf5c918142e163b29f083e6abe351d1fc1802247eabe7a5bcf""}"
default-r2,after_optimizer_step,74,296,optimizer_state_sha256,,2,2,False,"{""2080ti"": ""a2125fed65df06df1d1b873a9718d6bdf50bf942604efcbf9fac47fd3abce84b"", ""3090"": ""770afcab63eaa86b02f7600d00abd088b30b754e240a788aa233a19198a223c4""}"
default-r2,after_optimizer_step,75,300,model_params_sha256,,2,2,False,"{""2080ti"": ""6a557276a90c027707c84100e2b38a7b06c92f75271086b0e7d8e6289af7b271"", ""3090"": ""8c49ea80bd18d2cbd92745678ce9dda68ccd51b66ed2e0d1d876cd28a87fdb38""}"
default-r2,after_optimizer_step,75,300,optimizer_state_sha256,,2,2,False,"{""2080ti"": ""a73416561c8de3738b83e8bffd189c0e08c006869f6d551afe831813493f54a7"", ""3090"": ""5d0b495bf86e4e1e707996429c92fa5fb21a9037b22b73a00ef71f4172051ffe""}"
default-r2,after_optimizer_step,76,304,model_params_sha256,,2,2,False,"{""2080ti"": ""8fd08b2cbff93cb37fe665de34fa5b8c3263495252fd4a978c3d34751fff5d48"", ""3090"": ""b92ffa8c8a7040a0ebf533128a2123f378c426e3b788a964ddaf97497eef3061""}"
default-r2,after_optimizer_step,76,304,optimizer_state_sha256,,2,2,False,"{""2080ti"": ""903bb56533ca6fe4148344f2421923b01f0ef67f59888c419897ec1054c73d4d"", ""3090"": ""1ddaa011beb657d0f4acd9985ed07c86eaf34e216124faba95a505cf64d15a2a""}"
default-r2,after_optimizer_step,77,308,model_params_sha256,,2,2,False,"{""2080ti"": ""fa386f8298097b7ad99e3d85f5c4591d05bf6d10a786733c2ccdb902b61f3566"", ""3090"": ""fa4e3403b51bcf787608368a79b37b7e7e90e05196aeb0783761059f7891d18d""}"
default-r2,after_optimizer_step,77,308,optimizer_state_sha256,,2,2,False,"{""2080ti"": ""4e9ce33af386e4985e3d9c3a1dae5949ea9aa756e37945cdf92d5f11f7ffc83c"", ""3090"": ""3cd3be794b8a66e84b46c475c383fee97a579911dfda5b52a7f653bf900ad6fd""}"
default-r2,after_optimizer_step,78,312,model_params_sha256,,2,2,False,"{""2080ti"": ""da8ab6bbb4dc8a76aac9628ad7cbb0d1cb303d876255488399dbb63bc478568e"", ""3090"": ""1820e38e51d0cbfdd879bd812d02964bedac47c106ea92feb8f0d796da6a2350""}"
default-r2,after_optimizer_step,78,312,optimizer_state_sha256,,2,2,False,"{""2080ti"": ""c96a0cb7f96b017a4ee1cdf602ba9028a323d8a5a88f2bcd956c2a46429cf51b"", ""3090"": ""ab90f42c6ebf7ab1a85e7ec34f71c2fc601ccf3afa20b4fb82c5c10341ed9946""}"
default-r2,after_optimizer_step,79,316,model_params_sha256,,2,2,False,"{""2080ti"": ""8ed139dc99190890608b5838935b72fd9427bc8a0e6b83af61ea5a54de6510ed"", ""3090"": ""9f370831d45d41a1c863a485c5a415ecb51fd9b7b4dd8c58c6438c958a19f02f""}"
default-r2,after_optimizer_step,79,316,optimizer_state_sha256,,2,2,False,"{""2080ti"": ""8672f240360b41db69e96389fc525058bf830072562bcdc2489d7ba5e6c78f57"", ""3090"": ""caa8f82f75c144bc25c3c15fcf6e22ce7f68937515974ff2789af9219aace37f""}"
default-r2,after_optimizer_step,80,320,model_params_sha256,,2,2,False,"{""2080ti"": ""cd2cba4918576e80e849d4266d8f6925102f4692acac527fdf0ae515c4cdebc1"", ""3090"": ""0350a30732b857e9ea7ffcd1efbaf2d89b394df0765152f3ee2d42bf892b4c47""}"
default-r2,after_optimizer_step,80,320,optimizer_state_sha256,,2,2,False,"{""2080ti"": ""c737a0f438308698bbd7a340209954ba460cfb5affb92542c0afe3dee02ae038"", ""3090"": ""83c79610ebb4645d7c1c258eeaf57bbdc1b2c8949ed632c7826f8a2a20a1555b""}"
default-r2,after_optimizer_step,81,324,model_params_sha256,,2,2,False,"{""2080ti"": ""28626c399e003a751412b7d24dc8038638f2b1e7441fd11c8035fe39a99225b7"", ""3090"": ""88d4ee343f1c65923e897fdf4425d7d94f0004e08941f0c06a63e78d4f74dc37""}"
default-r2,after_optimizer_step,81,324,optimizer_state_sha256,,2,2,False,"{""2080ti"": ""cc6ee0ef8c3270bc23b587ec84d0a382da4be6b72407d30ba125354f8f74892c"", ""3090"": ""fe94596797bd4fd4ea6b83aa3de861bdc89b960561295f589a12b74ad6311d21""}"
default-r2,after_optimizer_step,82,328,model_params_sha256,,2,2,False,"{""2080ti"": ""e1950f04c343376926beb9e98f8b508007e4e0a1d69d43ee5203efdb008fe8bf"", ""3090"": ""a5904d8ddea8d09913c5281deb0e457ea0facc798b088f7bc32c4ea597ad6df8""}"
default-r2,after_optimizer_step,82,328,optimizer_state_sha256,,2,2,False,"{""2080ti"": ""b5357984a6e067af81cc73b874d38a9ce04750a03342f249b7e340d160a2923c"", ""3090"": ""dfcbbfb7a06d35e46d7e1cf3569abf49d27dc0f3cdd40c156e2533bfa6f4b19b""}"
default-r2,after_optimizer_step,83,332,model_params_sha256,,2,2,False,"{""2080ti"": ""b3be81ccdffce1013eef22675b680b24b5f441ab9f34db7ce4b4a4f2306bc5a8"", ""3090"": ""cd8a4f7e1ff812ae5fb20dd6735e5938033b7a80b86cd9d7211c6f96ddad6a76""}"
default-r2,after_optimizer_step,83,332,optimizer_state_sha256,,2,2,False,"{""2080ti"": ""de960f062a3f48c003e2b69bfe74537065b1d043213e3ef737d040193d41ed39"", ""3090"": ""aa35c656e7406ceef245f41190cef3e9efec3089f7bfc5d45099c64f553f3f58""}"
default-r2,after_optimizer_step,84,336,model_params_sha256,,2,2,False,"{""2080ti"": ""60b7234fe07ac529b26d9ed147ebf62ae973bf74722ea0de8be69722ad3cb87f"", ""3090"": ""55b921b560795898a252b7fc2c62847da207a0cac11d309109f444c549d8d443""}"
default-r2,after_optimizer_step,84,336,optimizer_state_sha256,,2,2,False,"{""2080ti"": ""14ca894d70e0f42a31cd463cec1a8185c4adce546d4cc61243dfc730b3fdfec8"", ""3090"": ""4d841fb92d84da626b8cd5d1bc1683034d1f5537d10e4385643a1508ac871605""}"
default-r2,after_optimizer_step,85,340,model_params_sha256,,2,2,False,"{""2080ti"": ""ffd6de6648e70ebb6d841bb25eca16c2e6b970b4c577d77d7615368b26c22df6"", ""3090"": ""dddeac785b9315617cb2182a31486dcf50ee028681765ca0af9451dce3380a9d""}"
default-r2,after_optimizer_step,85,340,optimizer_state_sha256,,2,2,False,"{""2080ti"": ""aa7eb2374a031c430f6d5b55f68dd8aed7dea4383630cbe7995bc6b677889d01"", ""3090"": ""6848023018f11b7991a0d04e3e23a0c07074d11e4823bcadbd5b1ee14a9e3034""}"
default-r2,after_optimizer_step,86,344,model_params_sha256,,2,2,False,"{""2080ti"": ""dc0be8bca56f94a3bc9cdaf7a66ccee2b8a877e46101b686eba98ae55d797a46"", ""3090"": ""8b744b4800479049fb9c2367aeb18d44dadabbebd4dd6e2a7dd2de9a6fb85dfe""}"
default-r2,after_optimizer_step,86,344,optimizer_state_sha256,,2,2,False,"{""2080ti"": ""b71092addb0827950a9595418f793a9b44b68bed8245963d50bacdba07413acd"", ""3090"": ""9350e7bd4820b3176d9edd517f647b548373c2792119cf1fbd3d4837924c3ca0""}"
default-r2,after_optimizer_step,87,348,model_params_sha256,,2,2,False,"{""2080ti"": ""29e3021a3028700d01f6ce9d9d3167a807f8b214edfe09e4e5f741f30121878d"", ""3090"": ""2d0f609a5b752a75f40ff3fda045a756e03e621bbcfc77f9faf7cecbc266909f""}"
default-r2,after_optimizer_step,87,348,optimizer_state_sha256,,2,2,False,"{""2080ti"": ""6912e57332d444fb00953ce90ba902af23f04d3036fd54b041ec2861e221d96d"", ""3090"": ""d2b602ea1cd18f3cc5aa92b3ff093d851b8a908b186ef32a8f9488eedba20d14""}"
default-r2,after_optimizer_step,88,352,model_params_sha256,,2,2,False,"{""2080ti"": ""757166d3ef0cbf315c02c13d3d601a777f64b0d278f09046c7f66374a1a71654"", ""3090"": ""74686e2dc840d1f2130be0b744a44086c94c2896c777097510430d3fd1b59bfe""}"
default-r2,after_optimizer_step,88,352,optimizer_state_sha256,,2,2,False,"{""2080ti"": ""d677ad5eacac4d5818c3c5588e7d90cf5fe65244bf4cea4dda36baaeee955141"", ""3090"": ""faf06d30df1d0fd29616db8c523d693c2b664831dc6634e26344c497a435983e""}"
default-r2,after_optimizer_step,89,356,model_params_sha256,,2,2,False,"{""2080ti"": ""983d65c2141d39cc8c7626b60932d1c65073fa8ca2906d7551beac9341f424c3"", ""3090"": ""8e307a0b571977f55183b235620cd5db84cba3733a7a79183303ef0f29882d0d""}"
default-r2,after_optimizer_step,89,356,optimizer_state_sha256,,2,2,False,"{""2080ti"": ""d0d5b23165f3a3ea71d21627de9fe11f7079acdca6c66a895cedf9d12e3393fc"", ""3090"": ""5516a918593f3e2e8286a9d6107983d27c06c28909f73075e5dfb5a9e5cb5833""}"
default-r2,after_optimizer_step,90,360,model_params_sha256,,2,2,False,"{""2080ti"": ""cf326392dcf0193655dc995b7a0cee433da146c3e2e549333d096ec310ac6cb0"", ""3090"": ""95946e01a28a195c11a5b42e66b131f8134d6012d8104730fafcc0d6bf362d54""}"
default-r2,after_optimizer_step,90,360,optimizer_state_sha256,,2,2,False,"{""2080ti"": ""1b1775eddcc39f22894359d0c0519aa27dd76982edc23e4f504b2b8ed1709eb0"", ""3090"": ""0b8f2acc3ffe140441ee9edd770be1e3df74e74b256f945af307740d772fa2b9""}"
default-r2,after_optimizer_step,91,364,model_params_sha256,,2,2,False,"{""2080ti"": ""0731bb7d09d4fee60b59c5feaa957b3e30c85723a93e63612ed5ce4c2d0e71c7"", ""3090"": ""61fb5e543c4eb8867581e76d9678ba2e1a3acf7df2e1f647a5de44f8a612fd28""}"
default-r2,after_optimizer_step,91,364,optimizer_state_sha256,,2,2,False,"{""2080ti"": ""74bf752e617a8f66c93016b07ccbbef6ff3711f00bb69c43907fd4e0faff6a7f"", ""3090"": ""b13b24c4e576eb11cef5651f23193e4f40d217adb868fe3817747d9ce2b3a94f""}"
default-r2,after_optimizer_step,92,368,model_params_sha256,,2,2,False,"{""2080ti"": ""36745d3b91af116e21cd3377a6fb4376286238e164c9e831c02af66afd2aa162"", ""3090"": ""44fab83a36f326649f5598d58ade17b73752e9e62c9c1b27df3787933408a821""}"
default-r2,after_optimizer_step,92,368,optimizer_state_sha256,,2,2,False,"{""2080ti"": ""d71edce3bba51f26942e4c7ebd782a6e3352cb8128da00d12a7ce10f614cf1e9"", ""3090"": ""59596eff43f6c220e99c8a40c48e89f7c983c4f8bd054a82cd96d03a765af289""}"
default-r2,after_optimizer_step,93,372,model_params_sha256,,2,2,False,"{""2080ti"": ""011d8d9ddd28d6eb6305c4a2f1a566472ee25461a13382a5df3e8418fe405d46"", ""3090"": ""6fa53241e5342b8484cfe3240d7dddb0013b426b27fbd0bd230772424dac6e29""}"
default-r2,after_optimizer_step,93,372,optimizer_state_sha256,,2,2,False,"{""2080ti"": ""055c140e084554128491c2f0a42eb4041839e1e7064f958a1914c711ffb92b78"", ""3090"": ""e51c1171116858291e8ccb9750b26389fcd8c29b992dd51385a5d9ec7070295b""}"
default-r2,after_optimizer_step,94,376,model_params_sha256,,2,2,False,"{""2080ti"": ""debec98316861f89a3a829f4240fac82a0b91f9e15c6a4ac038322b2a8ab3752"", ""3090"": ""6f636a62f06646578f180f7ccfe3c24e75d5edeea0d6c91311cb0b0ce0c6c317""}"
default-r2,after_optimizer_step,94,376,optimizer_state_sha256,,2,2,False,"{""2080ti"": ""383b74eb1da3ba9f7ac328de7149ab00a6885723a8a983ffe1d409f965ad5ccf"", ""3090"": ""56cfad694618f02b61b5c089bd35df09fb0271118d4e8f6a971a3d8d966c7ae4""}"
default-r2,after_optimizer_step,95,380,model_params_sha256,,2,2,False,"{""2080ti"": ""733c912dac7739a278e6316164abf57c40868c9e3521a16d21051a621659f543"", ""3090"": ""173602bc9d1de155dade6915da6dae2f977fde30976af974878d085f8f765222""}"
default-r2,after_optimizer_step,95,380,optimizer_state_sha256,,2,2,False,"{""2080ti"": ""8a48fa9f784ebca94c04818f86bbf39a21ba67c02b98e728bcf514480ba21961"", ""3090"": ""8cbf125eaa91f0af2ff607a7b87df2458fa4ab8678f1a3db0375e02adb99d01f""}"
default-r2,after_optimizer_step,96,384,model_params_sha256,,2,2,False,"{""2080ti"": ""ed9394e024a093bb20e0eab13da0c51a51a2c971e37df34c0367e5fa3a14aaf3"", ""3090"": ""3275e0fcb61ddf20bb17b70a93822b0ea88b3120cd52fa0d9b50c03867417bdf""}"
default-r2,after_optimizer_step,96,384,optimizer_state_sha256,,2,2,False,"{""2080ti"": ""d54dafb5c6bf9e9d8df3a4fe86c85872b290a381ebadc392de5874bc1f5927d8"", ""3090"": ""c3674044a7201596524a0476a2d64487dbeb0f28abeeab2fb1b6cbfc0eda337f""}"
default-r2,after_optimizer_step,97,388,model_params_sha256,,2,2,False,"{""2080ti"": ""dbe76539bef2608b9f7fd290fa6f7e98a9a7822e3771058c56b3b5f7f36596b8"", ""3090"": ""4d0b487be06c492d6c962972c328a5868c874159b666792d2640581d7f855ccb""}"
default-r2,after_optimizer_step,97,388,optimizer_state_sha256,,2,2,False,"{""2080ti"": ""3ef0e3a2ef87251fb83bca5aaa595d45db040cfcccbe430307af78936d9a1f9b"", ""3090"": ""f33710669a60135e7ef33d66031c2e896b1f48aed629261e34442502f9f91986""}"
default-r2,after_optimizer_step,98,392,model_params_sha256,,2,2,False,"{""2080ti"": ""b85e21f3fab99ba1fc98abb7690bcf6d4be062bcefb00345c4c8f1fa2c15ea51"", ""3090"": ""213714de28568dcbae7b26ed3ac109ff16563e903adf1aaab15baf0665546b6b""}"
default-r2,after_optimizer_step,98,392,optimizer_state_sha256,,2,2,False,"{""2080ti"": ""e0a934cec78b1d08a5ca226fe4d2ef8084913ffd4ef8cb4b72c02fe3858c4ff3"", ""3090"": ""2cf8feeac8972634791ac5f66c499e75d9009de8028774864d25b4666e009716""}"
default-r2,after_optimizer_step,99,396,model_params_sha256,,2,2,False,"{""2080ti"": ""3dfe71c84f6769a6814210e24cb3574157886fbfcf53c8201ee405a13d4bb0b5"", ""3090"": ""c2a49e02b71edee8b5019c2229e3dd73fb63f6da8bc1b4f4e16fca966c41d494""}"
default-r2,after_optimizer_step,99,396,optimizer_state_sha256,,2,2,False,"{""2080ti"": ""e284d307f028e3652093296853664054d903b45b0a7f266a044104c2cd15db6f"", ""3090"": ""0be7c279a20bf03e5957be87f751b18ebdd746242282148a08549635bd5f99ee""}"
default-r2,after_optimizer_step,100,400,model_params_sha256,,2,2,False,"{""2080ti"": ""c3eb40e25e2aaab999de3f636401d53d1899044c0e1a6ff3a495239bf2572e2a"", ""3090"": ""4ef0a187e695e223f020b812ec0ff8a9698b10c9a0773b54ec7aae6799074d31""}"
default-r2,after_optimizer_step,100,400,optimizer_state_sha256,,2,2,False,"{""2080ti"": ""fa1105b69552918af81fcb727557f00d6b473779c0fee35546009262e0a5e675"", ""3090"": ""581109f059ab8c6957f94cbd83c1635ddfcd6f226f8c38b3f338341faa5d8535""}"
default-r2,after_optimizer_step,101,404,model_params_sha256,,2,2,False,"{""2080ti"": ""b031d87722461623b9ad0d2e77e658d7cd1d54b8eb9d8fed42addc6e6bad1936"", ""3090"": ""3118ec70152901e30f27d20bbc6f3980cf3d164f00a066cce105b2f6ef168e3d""}"
default-r2,after_optimizer_step,101,404,optimizer_state_sha256,,2,2,False,"{""2080ti"": ""e961dbff7917b7c9c9801b6eb17f45bbc5fedffff99d1201158150b9e3b50ab5"", ""3090"": ""40dc8f996fe6b6083f0310b83986a0fe4b88510afb5b45be6bf6572ef3ca367c""}"
default-r2,after_optimizer_step,102,408,model_params_sha256,,2,2,False,"{""2080ti"": ""512d4973b642f16cdfb0c7d3b3041bbcddff4a42bd62a16877c7cd5eca631f83"", ""3090"": ""e2fdbbdfac809cd5cc1b6f2cd2d26ac60e8b15a5b9870b885d14a93e1e7a6fb0""}"
default-r2,after_optimizer_step,102,408,optimizer_state_sha256,,2,2,False,"{""2080ti"": ""a800e27d36bfc7e6602b976669149be0d8c575ca483d526724bf5592ba80a4aa"", ""3090"": ""b9f25ca8ae0ac89ff28e3bae4fe524fee20f1a94ca5a2e801ee51db7c96e5556""}"
default-r2,after_optimizer_step,103,412,model_params_sha256,,2,2,False,"{""2080ti"": ""0e43163b4f455ef1376c953503d84199a7bf190d6748cf55a68a91738000c031"", ""3090"": ""7def24c35e09f993960f9574707b3449a0c3db15f98a9b31b5ba985f95e1efc7""}"
default-r2,after_optimizer_step,103,412,optimizer_state_sha256,,2,2,False,"{""2080ti"": ""f44f7bc42e6a70402cf2ddb1528e22a2c0ebac3f41ab46a93e589cebbc058a2c"", ""3090"": ""966ea83f9db1201127848c6a405656ea812084d47935046736f1be3022347cdd""}"
default-r2,after_optimizer_step,104,416,model_params_sha256,,2,2,False,"{""2080ti"": ""21dd172f208783d7cb742793a19b36c8e68585162c9dd43ea009189be0eda75e"", ""3090"": ""bbd18e65eea30ea09ed4551df45e12c4b111becbe96b7487a9dc1d6fe882f185""}"
default-r2,after_optimizer_step,104,416,optimizer_state_sha256,,2,2,False,"{""2080ti"": ""bc233bb31e4e071322f514408c6b7532e428ecb86078e714f7d22ce8f0152fab"", ""3090"": ""3d0fe23057da353f1bdb94dab935d6ee4e7ecfbf112489d0d6ca108f1ebdfbf1""}"
default-r2,after_optimizer_step,105,420,model_params_sha256,,2,2,False,"{""2080ti"": ""da122bb0e77f18f3e8ddfe3685babe35bd1e7ee42c9c7bcd482a0b52d192b4ee"", ""3090"": ""142f1fa664872fb0c6faa495faa97382480f63c0a9c393860bff34ddcea009b0""}"
default-r2,after_optimizer_step,105,420,optimizer_state_sha256,,2,2,False,"{""2080ti"": ""064823128adbf4997fba20a1483c3eb8cd0f3af323a2a22cb4c1597714c59004"", ""3090"": ""3056274972af1b8a83dc5aa0255835fb6945ab01f993999776ae8d8a04334ad3""}"
default-r2,after_optimizer_step,106,424,model_params_sha256,,2,2,False,"{""2080ti"": ""9d1a8ee02b5d00b5cd89d4968c6f8da181e90d52c41c5748337c7363f8028fe4"", ""3090"": ""7ee88f5219bf35de1133077bc5b14ea532cd108b4d9186fa8fb21a68450291f5""}"
default-r2,after_optimizer_step,106,424,optimizer_state_sha256,,2,2,False,"{""2080ti"": ""1299e0d74077556646d5ab8fbc20c3a0692ffaed4477d2d3ed0c2505cc935f31"", ""3090"": ""b4cfb1ae8f96c7c6764f10568a73b2a3b94a95497efb291b0522d81655e180e1""}"
default-r2,after_optimizer_step,107,428,model_params_sha256,,2,2,False,"{""2080ti"": ""ea33eca2ba8ca6eab13f0a04a588321d2cc4d71dbfe9f8a4d465deb839c1658e"", ""3090"": ""750e1408b05cdc2cc1332164d05bc34616d248e657c8d6df89f23d9ed8482bc0""}"
default-r2,after_optimizer_step,107,428,optimizer_state_sha256,,2,2,False,"{""2080ti"": ""4ed4eec0c0ecef73a411aa7a32cd0f6f76a9a20f0886ee2d28ddbb17c9d9c213"", ""3090"": ""065ee5344f6d2b6aac94120b7c9709105c626e20f069853c631ec1b55be541d5""}"
default-r2,after_optimizer_step,108,432,model_params_sha256,,2,2,False,"{""2080ti"": ""5cd2f6fd0d5af5077719a177adc36ae935b8c762ed49fb674045299512fe7680"", ""3090"": ""ca6826dcfb859a393b85c1edb4e60c1bd4e301dfa8fef63442bb9fe8d2084069""}"
default-r2,after_optimizer_step,108,432,optimizer_state_sha256,,2,2,False,"{""2080ti"": ""ba2ab02c399c2eaca4da3ff762d3be4e8b04a73abff0a62aecea70497ac9d970"", ""3090"": ""a8d347286603e14eae40d8591419dd837e838ee47a4a4048f038cbbc164c8cb0""}"
default-r2,after_optimizer_step,109,436,model_params_sha256,,2,2,False,"{""2080ti"": ""9dea49c1105c32b0ea194aac578f327568ce21da31198ec5d5d95841b7d738fc"", ""3090"": ""e7c3f4cf1aa22e36f9c15c99b9469a5955c9b9cbec2c8bcfbfcfbbbe59b2355d""}"
default-r2,after_optimizer_step,109,436,optimizer_state_sha256,,2,2,False,"{""2080ti"": ""86f76e2be08298d33996d1aa7b07bd2741b9a87d7fea83ef616a37249d273785"", ""3090"": ""88d8ba07a2596a20ff15b660a2c3f13456d0fab20b97354b30742ff6ec99e580""}"
default-r2,after_optimizer_step,110,440,model_params_sha256,,2,2,False,"{""2080ti"": ""4d476c28a05f5456a90c4f4b24bb9225141f91485e8a011279769d620d381706"", ""3090"": ""f306b56a30bf409607ce6a1b8b8ab5dd547bbb239e10e27b289b3450cd8b8263""}"
default-r2,after_optimizer_step,110,440,optimizer_state_sha256,,2,2,False,"{""2080ti"": ""59d122f8b50b6d8f22c8748c72ed6329e5f8a94cdc0008b6f96c7bb79607aad4"", ""3090"": ""ec3f373391ce82533e3f936b99e60fd6b33546eaf09d48f2557624d91494856f""}"
default-r2,after_optimizer_step,111,444,model_params_sha256,,2,2,False,"{""2080ti"": ""3b1ca573881d067c82f9d7329008317fff0bfbfd2493fe17fca00391028c2cd8"", ""3090"": ""620008433bd44f7b1df84b3e00037f6af76bc2d6c8dbf276ec1be19c737b57a1""}"
default-r2,after_optimizer_step,111,444,optimizer_state_sha256,,2,2,False,"{""2080ti"": ""3cd7cd2f3746c72bd78f8def359d70e2f521ae084d76bc3de71f30d432d9c7c4"", ""3090"": ""c40f8230bc9f53ec67d839c4ec1d0355afa22e3bf0f07426d45174380990bc04""}"
default-r2,after_optimizer_step,112,448,model_params_sha256,,2,2,False,"{""2080ti"": ""d0f4f42a749a5c70675c4e131c2b55d56aed922021085dc6b92c96400511db5e"", ""3090"": ""4387d6ac98afae0e59345f6a6b8c4fe223606c999db8e23cb635655b3da394e9""}"
default-r2,after_optimizer_step,112,448,optimizer_state_sha256,,2,2,False,"{""2080ti"": ""f19836f09bd91b0bd76a88a6ffe717f9866a320d4b9a3bde24aab9228039d86a"", ""3090"": ""76419f58562a08bb19b144004b759ad681771737623f84e623a67e5fc73334b0""}"
default-r2,after_optimizer_step,113,452,model_params_sha256,,2,2,False,"{""2080ti"": ""dd7fca2d489aabbb6e701ce5a5ef74d0bd5683a9ad25b9df0233a0807df229df"", ""3090"": ""b36674e379bc7b54cb0d65ff0513132ad06080241f4b882be926aa65454fa29c""}"
default-r2,after_optimizer_step,113,452,optimizer_state_sha256,,2,2,False,"{""2080ti"": ""f43db2d2fac353cc5cd295a5be329f6ae0276a72eebc88e4c502a58f36d4fb47"", ""3090"": ""8e4cb1a97c28990f1a633ff365feaf5a7b2f5b4b04ae736a7fa8a105deae9d39""}"
default-r2,after_optimizer_step,114,456,model_params_sha256,,2,2,False,"{""2080ti"": ""1f977008dfe08f3270f963b2501d2506c2231ef2de8a32ba3f8a3dbad2562bf4"", ""3090"": ""14cabc2230f347c8e616d8b51fd44b562d6f9999b972a23bd7c24779b0b850a9""}"
default-r2,after_optimizer_step,114,456,optimizer_state_sha256,,2,2,False,"{""2080ti"": ""b225121acbe0994cb46c95970e368c84cc404d11b39a08f444ecbe99bee765c0"", ""3090"": ""e6e453c66bfef0113faa4349a61a8009fe8785e133b90860d28f38852e2401ab""}"
default-r2,after_optimizer_step,115,460,model_params_sha256,,2,2,False,"{""2080ti"": ""6e3928f3076403c55d500a09cbee0aeca7474f7d750064bd8695d7430b13f22e"", ""3090"": ""d7af8dbefe1e5f0d80d057a5735bf21b5ed2a97eb5df0344ad56fd0dd1663787""}"
default-r2,after_optimizer_step,115,460,optimizer_state_sha256,,2,2,False,"{""2080ti"": ""4023a983989f50ee7688c846fad8f0f3eb276bdd6f5cdaaa561b8ee6b69596df"", ""3090"": ""52f17323a7a9e0432a698524294ba7afcd605cca090634446377ba0e744365b4""}"
default-r2,after_optimizer_step,116,464,model_params_sha256,,2,2,False,"{""2080ti"": ""371dfbbad58bd56b0b4ce22f35a30b1c89c46913ba23472dc58fd3c0918d5f6c"", ""3090"": ""5db219952e77a245dcb2508a825f7bc1d0709448bded615150eff599c5c045cc""}"
default-r2,after_optimizer_step,116,464,optimizer_state_sha256,,2,2,False,"{""2080ti"": ""cef565b26c65bdeb3dd75ce13130df7e7a416bbbefe7546fae42e2b10b43c35a"", ""3090"": ""7d7e3711fe4d37458c3db0f6f6bd9184886c107e638b218056a6777db7ec201e""}"
default-r2,after_optimizer_step,117,468,model_params_sha256,,2,2,False,"{""2080ti"": ""4259d06fa6d509360531f7d56a1d233067ffa70741849e8fa4f01a80e92dc1ad"", ""3090"": ""851ec7c75feaa94b4cc8dc2ca6b72c8e42ed145fc488657be3065884e490c3ef""}"
default-r2,after_optimizer_step,117,468,optimizer_state_sha256,,2,2,False,"{""2080ti"": ""f6d14167c2ec58e38e0e22e9381a5929c0c8641e763854237aed512500657f2f"", ""3090"": ""f199aea0369c9a0a9843460bca4630267d06b80f964e7d5df333731d40d33c6f""}"
default-r2,after_optimizer_step,118,472,model_params_sha256,,2,2,False,"{""2080ti"": ""3ff04d937859d58e2d5e471455fba006fb2fd697867275c36bd0eb7b27283a77"", ""3090"": ""3c1512ecb0b9d67ea86b456addd3e56a3e4594f0580f4dd2e55a6c363e1f32ac""}"
default-r2,after_optimizer_step,118,472,optimizer_state_sha256,,2,2,False,"{""2080ti"": ""cc645be7506872ea5676446ab3e19df0e43ce36a9336c47ce5c1c54cfdd7b290"", ""3090"": ""fb56f1b866236f020ea305e86b6f2ff51ddc946817a60d192be6f15163b71e8c""}"
default-r2,after_optimizer_step,119,476,model_params_sha256,,2,2,False,"{""2080ti"": ""2adb93c796d535ec181d8ee9489b5921f25aaf6b680ff551829bd0a11ee9a6e7"", ""3090"": ""a74d6aab770d7f4a5dfc275a87d3e2c4ea38695e4954e9dc914b98afa19c3565""}"
default-r2,after_optimizer_step,119,476,optimizer_state_sha256,,2,2,False,"{""2080ti"": ""7aa34f8a951dda6701be739c783584d2cdb276f712f1808965647f5dc2d93532"", ""3090"": ""7de4b99ae0fdf6ab5f5876050be67c8368cf2c9aeae7702ed19f10a7b0a62d32""}"
default-r2,after_optimizer_step,120,480,model_params_sha256,,2,2,False,"{""2080ti"": ""84dcd3471c148f8c1c44017f6d68f0319e433fbe1e66e4ef6efc3a12f781b26b"", ""3090"": ""7b4d4cae11486998d98b7f5df58ad59bfb46b551f02810a3c91f13cae27c855d""}"
default-r2,after_optimizer_step,120,480,optimizer_state_sha256,,2,2,False,"{""2080ti"": ""6ad347298faf152761347237cc787ace13ceeff5a324b8780b9277ae2f86951b"", ""3090"": ""1064a01c3f50d8a383fc2c4d6ff2dc38d2fcc8149b829288168a4f26ca880b4e""}"
default-r2,after_optimizer_step,121,484,model_params_sha256,,2,2,False,"{""2080ti"": ""816ed13ae0f34931ee4a02eb03bd1d6b073bf6a50aab2c0a2a78127e4f21a6bd"", ""3090"": ""c3d1dff44eee8ff4e00a5b65ad716938f45668f504d080c58b3ff96865fff125""}"
default-r2,after_optimizer_step,121,484,optimizer_state_sha256,,2,2,False,"{""2080ti"": ""083bfd22e19436d6ba4b960c987220665ae0e01513b5bbc6719628ba1db953b0"", ""3090"": ""5883bdaabadc75abd4d787e9e828f292eca671958e5c1b9d80d81e48c1be8233""}"
default-r2,after_optimizer_step,122,488,model_params_sha256,,2,2,False,"{""2080ti"": ""2e56b7ad97877a892068f3ec3563962e12486fccb69c66ce097cab1a8d05bf3a"", ""3090"": ""f1c4e6538aa5749758d5f112bddd9f037b776b4cc9d256abc9e7c3d786730260""}"
default-r2,after_optimizer_step,122,488,optimizer_state_sha256,,2,2,False,"{""2080ti"": ""6ad0296e9bc8f62762b2865b8e162039e5ea14dc5ca2cd2e4a4c68f756c286dc"", ""3090"": ""2777d3b98d6c55e01b1ef1782affbb674e1f2c6cd8a157e64ae6bb1344e39152""}"
default-r2,after_optimizer_step,123,492,model_params_sha256,,2,2,False,"{""2080ti"": ""a4066b537308700d6a9016e3883f3c6a2e7f4b061aa481a11ac97ee99e415f0c"", ""3090"": ""f08c2e2ae4ca32b45aed71f29ae0a35270f40ce43bc69c0dbb358d7fefa9135e""}"
default-r2,after_optimizer_step,123,492,optimizer_state_sha256,,2,2,False,"{""2080ti"": ""bb65eb9fb6c0123f784dfcd0f1d31220c598c4b9a189a3f6e103c759164e60c4"", ""3090"": ""9750b4749925a8ca32d7f92e800ba9191d6413cb277ba1ba13ca3f6bd33f1130""}"
default-r2,after_optimizer_step,124,496,model_params_sha256,,2,2,False,"{""2080ti"": ""14557d1e9ae7f4cffedfce39dcd69d05980b6b0044b94f37a1873831007adda0"", ""3090"": ""302abaa43ed8579cf7156a30ca852047d5d2974e7d3bdc371ce05d71d0874376""}"
default-r2,after_optimizer_step,124,496,optimizer_state_sha256,,2,2,False,"{""2080ti"": ""c8a23cf1ea19efc7cad4d0b3709cc41e6095821994561a8efbe9cbe56801890d"", ""3090"": ""1feff584c30d523033b53266879d756e76d67f6f6c62bdb90fcfbd656a8729f6""}"
default-r2,after_optimizer_step,125,500,model_params_sha256,,2,2,False,"{""2080ti"": ""709d217cc4e6bb147c2c0b633f85d590ca23065c4a2e6719f89ceebd9c9e29f1"", ""3090"": ""6b09012361e1dcad669303fb3ec99f44716f95b98e6127991354047219912f36""}"
default-r2,after_optimizer_step,125,500,optimizer_state_sha256,,2,2,False,"{""2080ti"": ""257890e23f2c6b743eef7e09abb3a5317d6dad7d441dac6f7bb83d5fa83969ac"", ""3090"": ""1bc0c4fa41f300fdb08cc5a71bac24624136d9bae8e351559234512e07104556""}"
default-r2,after_optimizer_step,126,504,model_params_sha256,,2,2,False,"{""2080ti"": ""8d36bbea33d0a278f1310a368e87381f55c8d9d04a4aa3cdc49149e569bedee1"", ""3090"": ""991d38fec3d674104b6771f42afc48c9735fc79cb61b189e95175f76e994756b""}"
default-r2,after_optimizer_step,126,504,optimizer_state_sha256,,2,2,False,"{""2080ti"": ""624a96dbcadbc9c917ce90fdd81470a6fbe06dc375aad128d38f5f30f6456791"", ""3090"": ""760a5c05ec64f832f72387c88db553283af37038be46cf3a29d4962299e864c5""}"
default-r2,after_optimizer_step,127,508,model_params_sha256,,2,2,False,"{""2080ti"": ""77ae1c90c9c72d348a4b623b4b8f91e2a17a3a2352bb846ac29763cbe487b47a"", ""3090"": ""6a769efec71fe575ff6dccaee60c1f2182d38499bc001f4fa9ff4fe4939ac0df""}"
default-r2,after_optimizer_step,127,508,optimizer_state_sha256,,2,2,False,"{""2080ti"": ""ec9b16b142fe2fc3b5563bed168234b0e26af8e12ea6daeddcb1bda3e76da8d0"", ""3090"": ""86ee26b854d70ec7efbeff5daf34d6f40dc23ac0acd759155af190fb3aa8ebe6""}"
default-r2,after_optimizer_step,128,512,model_params_sha256,,2,2,False,"{""2080ti"": ""15e38bf8cd735fdb85ccfef3cf7a305e81c0378ee6ab473dd7149a8021cde9d5"", ""3090"": ""052aa96705e886c2e3f96b9c29e8c699bb6861dd964f2237a7a6f8360bd75568""}"
default-r2,after_optimizer_step,128,512,optimizer_state_sha256,,2,2,False,"{""2080ti"": ""bd8a86efbdffc801eb7d5eab3aa5ea77cf27e37aa315ed850f594c902668d6aa"", ""3090"": ""111667227a54d61a6ead3bd3539df36e682026a5e80904ed51d5239c8f78c461""}"
default-r4,preflight,,,cache_combined_content_sha256,,2,1,True,"{""2080ti"": ""d9098e876a036b8cb90a7186174fd827e0f5b422482266772850069c905bd8c8"", ""3090"": ""d9098e876a036b8cb90a7186174fd827e0f5b422482266772850069c905bd8c8""}"
default-r4,preflight,,,init_model_state_sha256,,2,1,True,"{""2080ti"": ""2a1107bf22d0804ed485ab94bdc7af8004ef7b892a60c2967f842ba0f4b4efb0"", ""3090"": ""2a1107bf22d0804ed485ab94bdc7af8004ef7b892a60c2967f842ba0f4b4efb0""}"
default-r4,preflight,,,batch_order_sha256,,2,1,True,"{""2080ti"": ""fb11b66aca3ad686a85f9623c9ae6769bb4a799fdaa0d952c0af518f0dfcc320"", ""3090"": ""fb11b66aca3ad686a85f9623c9ae6769bb4a799fdaa0d952c0af518f0dfcc320""}"
default-r4,after_init_checkpoint_load_before_to_device,0,0,model_params_sha256,,2,1,True,"{""2080ti"": ""2a1107bf22d0804ed485ab94bdc7af8004ef7b892a60c2967f842ba0f4b4efb0"", ""3090"": ""2a1107bf22d0804ed485ab94bdc7af8004ef7b892a60c2967f842ba0f4b4efb0""}"
default-r4,after_model_to_device_before_optimizer_step,0,0,model_params_sha256,,2,1,True,"{""2080ti"": ""2a1107bf22d0804ed485ab94bdc7af8004ef7b892a60c2967f842ba0f4b4efb0"", ""3090"": ""2a1107bf22d0804ed485ab94bdc7af8004ef7b892a60c2967f842ba0f4b4efb0""}"
default-r4,forward_before_backward_step0_micro0,0,0,inputs_sha256,,2,1,True,"{""2080ti"": ""d8ddeb731d5304875c304e1a27f22f52981e5e38d0995ec69bb6311ca8656683"", ""3090"": ""d8ddeb731d5304875c304e1a27f22f52981e5e38d0995ec69bb6311ca8656683""}"
default-r4,forward_before_backward_step0_micro0,0,0,targets_sha256,,2,1,True,"{""2080ti"": ""94be089514a641dd4c084d4bd04ea7bf662f2040ee00b89a9d5395ae3cee4040"", ""3090"": ""94be089514a641dd4c084d4bd04ea7bf662f2040ee00b89a9d5395ae3cee4040""}"
default-r4,forward_before_backward_step0_micro0,0,0,module_output_sha256,backbone.embeddings,2,1,True,"{""2080ti"": ""00e449c4d5a87f342e65483f17621f739eafb7a76eabd553aeea1640712ae4ab"", ""3090"": ""00e449c4d5a87f342e65483f17621f739eafb7a76eabd553aeea1640712ae4ab""}"
default-r4,forward_before_backward_step0_micro0,0,0,module_output_sha256,backbone.layers.0.dropout1,2,2,False,"{""2080ti"": ""c68b76aea43c9fbf6a6f91b069b956e25022f8776e694f038efb60fe923cdb7f"", ""3090"": ""c35500ed7ab20b9b22d54bb1b961d3210eee42e3d6df89ee00483d428744dd0d""}"
default-r4,forward_before_backward_step0_micro0,0,0,module_output_sha256,backbone.layers.0.drop_path1,2,2,False,"{""2080ti"": ""c68b76aea43c9fbf6a6f91b069b956e25022f8776e694f038efb60fe923cdb7f"", ""3090"": ""c35500ed7ab20b9b22d54bb1b961d3210eee42e3d6df89ee00483d428744dd0d""}"
default-r4,forward_before_backward_step0_micro0,0,0,module_output_sha256,backbone.layers.0.norm1,2,2,False,"{""2080ti"": ""7817d4607ddda65e5399f89e789259752e98cc647780795c5df9c3ce32f35e1a"", ""3090"": ""d654cb1fb4577fa1285f5907dda4a75e44febe60c9752bdb405104515d971c78""}"
default-r4,forward_before_backward_step0_micro0,0,0,module_output_sha256,backbone.layers.0.sequence_mixer.mixer,2,2,False,"{""2080ti"": ""5347d7c3f4cdf80e9664da5a091f7d56dfbf5f64ac8978f5acd110d61523dfed"", ""3090"": ""6a34465ea862cfbb894680a9414978949431c27d5f4103fb272f25266f72c32f""}"
default-r4,forward_before_backward_step0_micro0,0,0,module_output_sha256,backbone.layers.0.sequence_mixer,2,2,False,"{""2080ti"": ""5347d7c3f4cdf80e9664da5a091f7d56dfbf5f64ac8978f5acd110d61523dfed"", ""3090"": ""6a34465ea862cfbb894680a9414978949431c27d5f4103fb272f25266f72c32f""}"
default-r4,forward_before_backward_step0_micro0,0,0,module_output_sha256,backbone.layers.0.dropout2,2,2,False,"{""2080ti"": ""5347d7c3f4cdf80e9664da5a091f7d56dfbf5f64ac8978f5acd110d61523dfed"", ""3090"": ""6a34465ea862cfbb894680a9414978949431c27d5f4103fb272f25266f72c32f""}"
default-r4,forward_before_backward_step0_micro0,0,0,module_output_sha256,backbone.layers.0.drop_path2,2,2,False,"{""2080ti"": ""5347d7c3f4cdf80e9664da5a091f7d56dfbf5f64ac8978f5acd110d61523dfed"", ""3090"": ""6a34465ea862cfbb894680a9414978949431c27d5f4103fb272f25266f72c32f""}"
default-r4,forward_before_backward_step0_micro0,0,0,module_output_sha256,backbone.layers.0.norm2,2,2,False,"{""2080ti"": ""327a50be6670fabf05e06b8c006696b02b9a34347841368463834d3e881a5998"", ""3090"": ""4277f7012a680f0be7aff9cf3ff15af3e9649017bec4b64dc29d76f236df8c04""}"
default-r4,forward_before_backward_step0_micro0,0,0,module_output_sha256,backbone.layers.0.state_mixer,2,2,False,"{""2080ti"": ""327a50be6670fabf05e06b8c006696b02b9a34347841368463834d3e881a5998"", ""3090"": ""4277f7012a680f0be7aff9cf3ff15af3e9649017bec4b64dc29d76f236df8c04""}"
default-r4,forward_before_backward_step0_micro0,0,0,module_output_sha256,backbone.layers.1.dropout1,2,2,False,"{""2080ti"": ""327a50be6670fabf05e06b8c006696b02b9a34347841368463834d3e881a5998"", ""3090"": ""4277f7012a680f0be7aff9cf3ff15af3e9649017bec4b64dc29d76f236df8c04""}"
default-r4,forward_before_backward_step0_micro0,0,0,module_output_sha256,backbone.layers.1.drop_path1,2,2,False,"{""2080ti"": ""327a50be6670fabf05e06b8c006696b02b9a34347841368463834d3e881a5998"", ""3090"": ""4277f7012a680f0be7aff9cf3ff15af3e9649017bec4b64dc29d76f236df8c04""}"
default-r4,forward_before_backward_step0_micro0,0,0,module_output_sha256,backbone.layers.1.norm1,2,2,False,"{""2080ti"": ""be5db28189eb827d0a325d170c3cd9868ddfc7e69e19a04065607b06b983f340"", ""3090"": ""bcbf90d6605b5e0549a9e86d6fc13761fe2572665d60b68dfff1b658005e8d3c""}"
default-r4,forward_before_backward_step0_micro0,0,0,module_output_sha256,backbone.layers.1.sequence_mixer.mixer,2,2,False,"{""2080ti"": ""0c44f0c5023d9693bd50e575d65f682ee1151c3ac20dbf0ca16a0ff68876467c"", ""3090"": ""1e76ab7aff53dcec26c9c6622bc9a869d698ab89c54a3b9499ab8c96343a766c""}"
default-r4,forward_before_backward_step0_micro0,0,0,module_output_sha256,backbone.layers.1.sequence_mixer,2,2,False,"{""2080ti"": ""0c44f0c5023d9693bd50e575d65f682ee1151c3ac20dbf0ca16a0ff68876467c"", ""3090"": ""1e76ab7aff53dcec26c9c6622bc9a869d698ab89c54a3b9499ab8c96343a766c""}"
default-r4,forward_before_backward_step0_micro0,0,0,module_output_sha256,backbone.layers.1.dropout2,2,2,False,"{""2080ti"": ""0c44f0c5023d9693bd50e575d65f682ee1151c3ac20dbf0ca16a0ff68876467c"", ""3090"": ""1e76ab7aff53dcec26c9c6622bc9a869d698ab89c54a3b9499ab8c96343a766c""}"
default-r4,forward_before_backward_step0_micro0,0,0,module_output_sha256,backbone.layers.1.drop_path2,2,2,False,"{""2080ti"": ""0c44f0c5023d9693bd50e575d65f682ee1151c3ac20dbf0ca16a0ff68876467c"", ""3090"": ""1e76ab7aff53dcec26c9c6622bc9a869d698ab89c54a3b9499ab8c96343a766c""}"
default-r4,forward_before_backward_step0_micro0,0,0,module_output_sha256,backbone.layers.1.norm2,2,2,False,"{""2080ti"": ""9874e8ccd3bb02642d1c8ef2ac1263aa308ebb1b6b53f2c4d21121e0bf3aa976"", ""3090"": ""9a0b3226b79e244ae0c91dfa17629e33e255c013c1da39babe56b44206b44f77""}"
default-r4,forward_before_backward_step0_micro0,0,0,module_output_sha256,backbone.layers.1.state_mixer,2,2,False,"{""2080ti"": ""9874e8ccd3bb02642d1c8ef2ac1263aa308ebb1b6b53f2c4d21121e0bf3aa976"", ""3090"": ""9a0b3226b79e244ae0c91dfa17629e33e255c013c1da39babe56b44206b44f77""}"
default-r4,forward_before_backward_step0_micro0,0,0,module_output_sha256,backbone.ln_f,2,2,False,"{""2080ti"": ""598ff2b653a2661ae93114c274144ebbf974bc6ef9bf453708fd8189368a8668"", ""3090"": ""9d4ce79f221174154dace2caf1b624a0e1bdfc16e877d5e5d8917c07850b479f""}"
default-r4,forward_before_backward_step0_micro0,0,0,logits_sha256,,2,2,False,"{""2080ti"": ""81fe1dec99caa37d790afd974160f329318dc46ee342c38bd7d42cb3981c7c8b"", ""3090"": ""ca5798cfe629e8699a8ca3a04f066b25d18e3a835152294f3cc764e2d7e39e07""}"
default-r4,forward_before_backward_step0_micro0,0,0,preds_sha256,,2,1,True,"{""2080ti"": ""d8ddeb731d5304875c304e1a27f22f52981e5e38d0995ec69bb6311ca8656683"", ""3090"": ""d8ddeb731d5304875c304e1a27f22f52981e5e38d0995ec69bb6311ca8656683""}"
default-r4,forward_before_backward_step1_micro4,1,4,inputs_sha256,,2,1,True,"{""2080ti"": ""e915ec4f426b11c78269b02ef717ac73ba4bd6633a6e7f8f10fdaec75ac857bd"", ""3090"": ""e915ec4f426b11c78269b02ef717ac73ba4bd6633a6e7f8f10fdaec75ac857bd""}"
default-r4,forward_before_backward_step1_micro4,1,4,targets_sha256,,2,1,True,"{""2080ti"": ""179e0d62bac1dd3ebed50c14988e136747aadcbc9ffa4474fd8a290656014d71"", ""3090"": ""179e0d62bac1dd3ebed50c14988e136747aadcbc9ffa4474fd8a290656014d71""}"
default-r4,forward_before_backward_step1_micro4,1,4,module_output_sha256,backbone.embeddings,2,2,False,"{""2080ti"": ""f1a47af7cf89a79a4e886b043d3bc22f8e60158a900795e2eb1efc49975d6c3d"", ""3090"": ""f9d83a4e0da378aa30386bcdf933c504602d002787041054354d69c4c4ec302e""}"
default-r4,forward_before_backward_step1_micro4,1,4,module_output_sha256,backbone.layers.0.dropout1,2,2,False,"{""2080ti"": ""bb3ca1dedd8b5034314afa6be4eabe67576a42a2a118e4caf130bf83d2a0bdde"", ""3090"": ""0aeb5cb414e34f75c9b2bf5339571f7245f9ee402007ea8b52f15e0085ee9c26""}"
default-r4,forward_before_backward_step1_micro4,1,4,module_output_sha256,backbone.layers.0.drop_path1,2,2,False,"{""2080ti"": ""bb3ca1dedd8b5034314afa6be4eabe67576a42a2a118e4caf130bf83d2a0bdde"", ""3090"": ""0aeb5cb414e34f75c9b2bf5339571f7245f9ee402007ea8b52f15e0085ee9c26""}"
default-r4,forward_before_backward_step1_micro4,1,4,module_output_sha256,backbone.layers.0.norm1,2,2,False,"{""2080ti"": ""6799e81216fa22edd2a3d803b7b130f73f23f407a4d815b7564db6730436d78f"", ""3090"": ""8cbcf3c2fae2172283158c7ac7985a9b568a28ae65760074d7e12accc7392e71""}"
default-r4,forward_before_backward_step1_micro4,1,4,module_output_sha256,backbone.layers.0.sequence_mixer.mixer,2,2,False,"{""2080ti"": ""3e830df9e0e25755f750f77fa0163d8342af9bc5114038704e3d45fc81f2f813"", ""3090"": ""1f021606ed80a58e2604ce54b938b331a8fb33b294f0e94236b860c4f9e2bb52""}"
default-r4,forward_before_backward_step1_micro4,1,4,module_output_sha256,backbone.layers.0.sequence_mixer,2,2,False,"{""2080ti"": ""3e830df9e0e25755f750f77fa0163d8342af9bc5114038704e3d45fc81f2f813"", ""3090"": ""1f021606ed80a58e2604ce54b938b331a8fb33b294f0e94236b860c4f9e2bb52""}"
default-r4,forward_before_backward_step1_micro4,1,4,module_output_sha256,backbone.layers.0.dropout2,2,2,False,"{""2080ti"": ""3e830df9e0e25755f750f77fa0163d8342af9bc5114038704e3d45fc81f2f813"", ""3090"": ""1f021606ed80a58e2604ce54b938b331a8fb33b294f0e94236b860c4f9e2bb52""}"
default-r4,forward_before_backward_step1_micro4,1,4,module_output_sha256,backbone.layers.0.drop_path2,2,2,False,"{""2080ti"": ""3e830df9e0e25755f750f77fa0163d8342af9bc5114038704e3d45fc81f2f813"", ""3090"": ""1f021606ed80a58e2604ce54b938b331a8fb33b294f0e94236b860c4f9e2bb52""}"
default-r4,forward_before_backward_step1_micro4,1,4,module_output_sha256,backbone.layers.0.norm2,2,2,False,"{""2080ti"": ""f9c02a003ddb40f43336b18950e489445b1390b168fe93979ee7e74d6cfa6d52"", ""3090"": ""25285f55cb41daaf3e6f69e8f68094fb2445177da568b97e6e8ffc907b8e1f11""}"
default-r4,forward_before_backward_step1_micro4,1,4,module_output_sha256,backbone.layers.0.state_mixer,2,2,False,"{""2080ti"": ""f9c02a003ddb40f43336b18950e489445b1390b168fe93979ee7e74d6cfa6d52"", ""3090"": ""25285f55cb41daaf3e6f69e8f68094fb2445177da568b97e6e8ffc907b8e1f11""}"
default-r4,forward_before_backward_step1_micro4,1,4,module_output_sha256,backbone.layers.1.dropout1,2,2,False,"{""2080ti"": ""f9c02a003ddb40f43336b18950e489445b1390b168fe93979ee7e74d6cfa6d52"", ""3090"": ""25285f55cb41daaf3e6f69e8f68094fb2445177da568b97e6e8ffc907b8e1f11""}"
default-r4,forward_before_backward_step1_micro4,1,4,module_output_sha256,backbone.layers.1.drop_path1,2,2,False,"{""2080ti"": ""f9c02a003ddb40f43336b18950e489445b1390b168fe93979ee7e74d6cfa6d52"", ""3090"": ""25285f55cb41daaf3e6f69e8f68094fb2445177da568b97e6e8ffc907b8e1f11""}"
default-r4,forward_before_backward_step1_micro4,1,4,module_output_sha256,backbone.layers.1.norm1,2,2,False,"{""2080ti"": ""25e55027cf52243c05a7c6312aadb9098fa5b4d2e2d505217e86d7c72c28dc17"", ""3090"": ""3205b948f4b99396bea5bd3cfe5d14f1ccfe4fd8fc27c8b662190ec2a5e56dfa""}"
default-r4,forward_before_backward_step1_micro4,1,4,module_output_sha256,backbone.layers.1.sequence_mixer.mixer,2,2,False,"{""2080ti"": ""bf508996ef70b549f1f0fc0a3f4d6e72c0be19ceae13f1b82f28a4a2286b92d0"", ""3090"": ""5f52db445fd97e059b1770ce120265375fed77a3853c458b8dcb3a9c96dfb409""}"
default-r4,forward_before_backward_step1_micro4,1,4,module_output_sha256,backbone.layers.1.sequence_mixer,2,2,False,"{""2080ti"": ""bf508996ef70b549f1f0fc0a3f4d6e72c0be19ceae13f1b82f28a4a2286b92d0"", ""3090"": ""5f52db445fd97e059b1770ce120265375fed77a3853c458b8dcb3a9c96dfb409""}"
default-r4,forward_before_backward_step1_micro4,1,4,module_output_sha256,backbone.layers.1.dropout2,2,2,False,"{""2080ti"": ""bf508996ef70b549f1f0fc0a3f4d6e72c0be19ceae13f1b82f28a4a2286b92d0"", ""3090"": ""5f52db445fd97e059b1770ce120265375fed77a3853c458b8dcb3a9c96dfb409""}"
default-r4,forward_before_backward_step1_micro4,1,4,module_output_sha256,backbone.layers.1.drop_path2,2,2,False,"{""2080ti"": ""bf508996ef70b549f1f0fc0a3f4d6e72c0be19ceae13f1b82f28a4a2286b92d0"", ""3090"": ""5f52db445fd97e059b1770ce120265375fed77a3853c458b8dcb3a9c96dfb409""}"
default-r4,forward_before_backward_step1_micro4,1,4,module_output_sha256,backbone.layers.1.norm2,2,2,False,"{""2080ti"": ""20516bede3f537c8ee3cd43f5f88a32c1d6b9bf533bdcef1bcffd8bdf8dfb433"", ""3090"": ""2b7fec950f0c26b0ca2c2d122b93cdf3493a8e4c5edd4f2b8e0d8ad550f104e2""}"
default-r4,forward_before_backward_step1_micro4,1,4,module_output_sha256,backbone.layers.1.state_mixer,2,2,False,"{""2080ti"": ""20516bede3f537c8ee3cd43f5f88a32c1d6b9bf533bdcef1bcffd8bdf8dfb433"", ""3090"": ""2b7fec950f0c26b0ca2c2d122b93cdf3493a8e4c5edd4f2b8e0d8ad550f104e2""}"
default-r4,forward_before_backward_step1_micro4,1,4,module_output_sha256,backbone.ln_f,2,2,False,"{""2080ti"": ""35c9444413bcedfd37a3ee713fa2e8c6b35f142966a0264755e0c8d133bf5c0a"", ""3090"": ""64de37f19a93c768a83b58939a7fc3b0ce436bacf8bb323bdc53afcfebfcc1f0""}"
default-r4,forward_before_backward_step1_micro4,1,4,logits_sha256,,2,2,False,"{""2080ti"": ""c2de8efed87b27d03f4d9a52fbb3b6e13b94f7f7fe68daa9acd67da40c083d5b"", ""3090"": ""85235b0a30ebecb0c831054ced7678abb2bdce8ffc44b47b5bd41b243abad1bf""}"
default-r4,forward_before_backward_step1_micro4,1,4,preds_sha256,,2,1,True,"{""2080ti"": ""e915ec4f426b11c78269b02ef717ac73ba4bd6633a6e7f8f10fdaec75ac857bd"", ""3090"": ""e915ec4f426b11c78269b02ef717ac73ba4bd6633a6e7f8f10fdaec75ac857bd""}"
default-r4,forward_before_backward_step4_micro16,4,16,inputs_sha256,,2,1,True,"{""2080ti"": ""ad637d48bbfa647c77aa7a80ab6bb8386c0b04a27fde68ffbec77678ad9e3df0"", ""3090"": ""ad637d48bbfa647c77aa7a80ab6bb8386c0b04a27fde68ffbec77678ad9e3df0""}"
default-r4,forward_before_backward_step4_micro16,4,16,targets_sha256,,2,1,True,"{""2080ti"": ""dea2b1c881f6007a2b5402031481a9684aa9f4d1b6a8831a4ab194ba41dc8825"", ""3090"": ""dea2b1c881f6007a2b5402031481a9684aa9f4d1b6a8831a4ab194ba41dc8825""}"
default-r4,forward_before_backward_step4_micro16,4,16,module_output_sha256,backbone.embeddings,2,2,False,"{""2080ti"": ""16588dbe86384e9b219b9342a0b5ec4b202d3ef7ca20adc94798267a05f05080"", ""3090"": ""d90cdf744750824746f25426868ed602b45b49d943c051a348cf0028519aa7e7""}"
default-r4,forward_before_backward_step4_micro16,4,16,module_output_sha256,backbone.layers.0.dropout1,2,2,False,"{""2080ti"": ""83d34a3ee4f7d64eec8f118ae324473aeea079452735da345aa279f739db34df"", ""3090"": ""6edf726518a8de97baf5220bbd6224e62b8afc6a73f603a923633d48cce9b45c""}"
default-r4,forward_before_backward_step4_micro16,4,16,module_output_sha256,backbone.layers.0.drop_path1,2,2,False,"{""2080ti"": ""83d34a3ee4f7d64eec8f118ae324473aeea079452735da345aa279f739db34df"", ""3090"": ""6edf726518a8de97baf5220bbd6224e62b8afc6a73f603a923633d48cce9b45c""}"
default-r4,forward_before_backward_step4_micro16,4,16,module_output_sha256,backbone.layers.0.norm1,2,2,False,"{""2080ti"": ""b6bfc776ae9c7a4c093b9fd0524d0b7e033b3db78424d11da2136951dbbbbac5"", ""3090"": ""58cb43f9d5caa95e90beb1e1d062b0d70084281a1f8f91908c41b35465813aad""}"
default-r4,forward_before_backward_step4_micro16,4,16,module_output_sha256,backbone.layers.0.sequence_mixer.mixer,2,2,False,"{""2080ti"": ""0022e0fe68f4bbdfa020e95f5ee70288ef49975f6cfe9dbf29d69db079b948a1"", ""3090"": ""17c1ce1ebb563a3f5f304180cc0cde30cd934acb4fc49e7e9858f46424cef69f""}"
default-r4,forward_before_backward_step4_micro16,4,16,module_output_sha256,backbone.layers.0.sequence_mixer,2,2,False,"{""2080ti"": ""0022e0fe68f4bbdfa020e95f5ee70288ef49975f6cfe9dbf29d69db079b948a1"", ""3090"": ""17c1ce1ebb563a3f5f304180cc0cde30cd934acb4fc49e7e9858f46424cef69f""}"
default-r4,forward_before_backward_step4_micro16,4,16,module_output_sha256,backbone.layers.0.dropout2,2,2,False,"{""2080ti"": ""0022e0fe68f4bbdfa020e95f5ee70288ef49975f6cfe9dbf29d69db079b948a1"", ""3090"": ""17c1ce1ebb563a3f5f304180cc0cde30cd934acb4fc49e7e9858f46424cef69f""}"
default-r4,forward_before_backward_step4_micro16,4,16,module_output_sha256,backbone.layers.0.drop_path2,2,2,False,"{""2080ti"": ""0022e0fe68f4bbdfa020e95f5ee70288ef49975f6cfe9dbf29d69db079b948a1"", ""3090"": ""17c1ce1ebb563a3f5f304180cc0cde30cd934acb4fc49e7e9858f46424cef69f""}"
default-r4,forward_before_backward_step4_micro16,4,16,module_output_sha256,backbone.layers.0.norm2,2,2,False,"{""2080ti"": ""be768c7a0cb89787d5c2907e92db242817e57b1deed94189b5d870391f6123a8"", ""3090"": ""4e83db6009301fd6cb4b6da7d976ebe1e594081dd84b26ad658d08f6a6163f05""}"
default-r4,forward_before_backward_step4_micro16,4,16,module_output_sha256,backbone.layers.0.state_mixer,2,2,False,"{""2080ti"": ""be768c7a0cb89787d5c2907e92db242817e57b1deed94189b5d870391f6123a8"", ""3090"": ""4e83db6009301fd6cb4b6da7d976ebe1e594081dd84b26ad658d08f6a6163f05""}"
default-r4,forward_before_backward_step4_micro16,4,16,module_output_sha256,backbone.layers.1.dropout1,2,2,False,"{""2080ti"": ""be768c7a0cb89787d5c2907e92db242817e57b1deed94189b5d870391f6123a8"", ""3090"": ""4e83db6009301fd6cb4b6da7d976ebe1e594081dd84b26ad658d08f6a6163f05""}"
default-r4,forward_before_backward_step4_micro16,4,16,module_output_sha256,backbone.layers.1.drop_path1,2,2,False,"{""2080ti"": ""be768c7a0cb89787d5c2907e92db242817e57b1deed94189b5d870391f6123a8"", ""3090"": ""4e83db6009301fd6cb4b6da7d976ebe1e594081dd84b26ad658d08f6a6163f05""}"
default-r4,forward_before_backward_step4_micro16,4,16,module_output_sha256,backbone.layers.1.norm1,2,2,False,"{""2080ti"": ""9886348a8ad17fba97cd44e73d914a190bacf4e1a4e89f2e947a9dc289da7de8"", ""3090"": ""f787bc8e0004530b57983fa42f80c6cec3a3f62b3e1115b81a11a57c3108a1f5""}"
default-r4,forward_before_backward_step4_micro16,4,16,module_output_sha256,backbone.layers.1.sequence_mixer.mixer,2,2,False,"{""2080ti"": ""3e2b2a1ca5ea5c0a81dd23c24ee005694213a8150a10605f3a151d8616b237bf"", ""3090"": ""dd518884c176d71af8480c2857f55699798bf2d0de3fa4127e4f17a00ae0b155""}"
default-r4,forward_before_backward_step4_micro16,4,16,module_output_sha256,backbone.layers.1.sequence_mixer,2,2,False,"{""2080ti"": ""3e2b2a1ca5ea5c0a81dd23c24ee005694213a8150a10605f3a151d8616b237bf"", ""3090"": ""dd518884c176d71af8480c2857f55699798bf2d0de3fa4127e4f17a00ae0b155""}"
default-r4,forward_before_backward_step4_micro16,4,16,module_output_sha256,backbone.layers.1.dropout2,2,2,False,"{""2080ti"": ""3e2b2a1ca5ea5c0a81dd23c24ee005694213a8150a10605f3a151d8616b237bf"", ""3090"": ""dd518884c176d71af8480c2857f55699798bf2d0de3fa4127e4f17a00ae0b155""}"
default-r4,forward_before_backward_step4_micro16,4,16,module_output_sha256,backbone.layers.1.drop_path2,2,2,False,"{""2080ti"": ""3e2b2a1ca5ea5c0a81dd23c24ee005694213a8150a10605f3a151d8616b237bf"", ""3090"": ""dd518884c176d71af8480c2857f55699798bf2d0de3fa4127e4f17a00ae0b155""}"
default-r4,forward_before_backward_step4_micro16,4,16,module_output_sha256,backbone.layers.1.norm2,2,2,False,"{""2080ti"": ""fc90a1c9b11834f4d3f458ce4e20e4c0e303fe19cdf14bdabffc93cab0106a1a"", ""3090"": ""10fdee7434a5edd6c924d4f320d2d1d26377c2080b4c4dd2a3d3a5fe9214ca7e""}"
default-r4,forward_before_backward_step4_micro16,4,16,module_output_sha256,backbone.layers.1.state_mixer,2,2,False,"{""2080ti"": ""fc90a1c9b11834f4d3f458ce4e20e4c0e303fe19cdf14bdabffc93cab0106a1a"", ""3090"": ""10fdee7434a5edd6c924d4f320d2d1d26377c2080b4c4dd2a3d3a5fe9214ca7e""}"
default-r4,forward_before_backward_step4_micro16,4,16,module_output_sha256,backbone.ln_f,2,2,False,"{""2080ti"": ""ef70c901044f4f84bfe40616153c13a682d92ebe601731f374989e3a605a073d"", ""3090"": ""8b0c01baa07094f7bea1d0f2962b35cedd3c21db530b106796d458cc343586b4""}"
default-r4,forward_before_backward_step4_micro16,4,16,logits_sha256,,2,2,False,"{""2080ti"": ""ed5aeea5cb85375d1a2ef01da2c0ce3ef863ff0801d0891808d3ba8c194e11d1"", ""3090"": ""800e86603afed7754b5f49e2fedc22cdcfcd033470840fff60e1c2ffb5f7587f""}"
default-r4,forward_before_backward_step4_micro16,4,16,preds_sha256,,2,1,True,"{""2080ti"": ""ad637d48bbfa647c77aa7a80ab6bb8386c0b04a27fde68ffbec77678ad9e3df0"", ""3090"": ""ad637d48bbfa647c77aa7a80ab6bb8386c0b04a27fde68ffbec77678ad9e3df0""}"
default-r4,forward_before_backward_step16_micro64,16,64,inputs_sha256,,2,1,True,"{""2080ti"": ""f0344aca7090232a4ccb18a323890d03b2782424ff567d656132b645e57678a6"", ""3090"": ""f0344aca7090232a4ccb18a323890d03b2782424ff567d656132b645e57678a6""}"
default-r4,forward_before_backward_step16_micro64,16,64,targets_sha256,,2,1,True,"{""2080ti"": ""980375c954dd90b94a62490d40f69b697f410aaf08dd749597dc8d77efc9c6a6"", ""3090"": ""980375c954dd90b94a62490d40f69b697f410aaf08dd749597dc8d77efc9c6a6""}"
default-r4,forward_before_backward_step16_micro64,16,64,module_output_sha256,backbone.embeddings,2,2,False,"{""2080ti"": ""4b6b4bb1afce272c48ffc0f1d93f8e7e8ca19e00595326cfb0659022c25c660a"", ""3090"": ""330798cfa08a77a4908f1c328276aa52ef43fa4677c44c525f471b4f1a111360""}"
default-r4,forward_before_backward_step16_micro64,16,64,module_output_sha256,backbone.layers.0.dropout1,2,2,False,"{""2080ti"": ""1c851672556471c9175a4a593879a5dfbfdaea85cae063f400ce690d60c3b439"", ""3090"": ""7f60e18dbf3f3589013fd83a805dce6e945b55ffa81eb92c12978883a55baf34""}"
default-r4,forward_before_backward_step16_micro64,16,64,module_output_sha256,backbone.layers.0.drop_path1,2,2,False,"{""2080ti"": ""1c851672556471c9175a4a593879a5dfbfdaea85cae063f400ce690d60c3b439"", ""3090"": ""7f60e18dbf3f3589013fd83a805dce6e945b55ffa81eb92c12978883a55baf34""}"
default-r4,forward_before_backward_step16_micro64,16,64,module_output_sha256,backbone.layers.0.norm1,2,2,False,"{""2080ti"": ""3825db5e8b94bcd290cec1371d827ee36d783f8aebd9d519cd9ddd7d18bc06ca"", ""3090"": ""f62e42688a718139dfa6e2c904d14e9e1ff651c05f35332baa6d873fc15f5536""}"
default-r4,forward_before_backward_step16_micro64,16,64,module_output_sha256,backbone.layers.0.sequence_mixer.mixer,2,2,False,"{""2080ti"": ""7f94da4d2a196ec20722463eb94debeceb433b756fa824775ba8acead9faa74d"", ""3090"": ""a0db9cd62b36dd7cc16f190d37e5e51be1a76d376a476e29840370b9ad5332cb""}"
default-r4,forward_before_backward_step16_micro64,16,64,module_output_sha256,backbone.layers.0.sequence_mixer,2,2,False,"{""2080ti"": ""7f94da4d2a196ec20722463eb94debeceb433b756fa824775ba8acead9faa74d"", ""3090"": ""a0db9cd62b36dd7cc16f190d37e5e51be1a76d376a476e29840370b9ad5332cb""}"
default-r4,forward_before_backward_step16_micro64,16,64,module_output_sha256,backbone.layers.0.dropout2,2,2,False,"{""2080ti"": ""7f94da4d2a196ec20722463eb94debeceb433b756fa824775ba8acead9faa74d"", ""3090"": ""a0db9cd62b36dd7cc16f190d37e5e51be1a76d376a476e29840370b9ad5332cb""}"
default-r4,forward_before_backward_step16_micro64,16,64,module_output_sha256,backbone.layers.0.drop_path2,2,2,False,"{""2080ti"": ""7f94da4d2a196ec20722463eb94debeceb433b756fa824775ba8acead9faa74d"", ""3090"": ""a0db9cd62b36dd7cc16f190d37e5e51be1a76d376a476e29840370b9ad5332cb""}"
default-r4,forward_before_backward_step16_micro64,16,64,module_output_sha256,backbone.layers.0.norm2,2,2,False,"{""2080ti"": ""a160d542b73113d6bdcbdea0b4b7678d41a2975684eb877588588cf9785057d3"", ""3090"": ""cad1d5c10b3d04a6b87764a40cbab1e629e0dd189c48e90b8b313a53c4e5b13b""}"
default-r4,forward_before_backward_step16_micro64,16,64,module_output_sha256,backbone.layers.0.state_mixer,2,2,False,"{""2080ti"": ""a160d542b73113d6bdcbdea0b4b7678d41a2975684eb877588588cf9785057d3"", ""3090"": ""cad1d5c10b3d04a6b87764a40cbab1e629e0dd189c48e90b8b313a53c4e5b13b""}"
default-r4,forward_before_backward_step16_micro64,16,64,module_output_sha256,backbone.layers.1.dropout1,2,2,False,"{""2080ti"": ""a160d542b73113d6bdcbdea0b4b7678d41a2975684eb877588588cf9785057d3"", ""3090"": ""cad1d5c10b3d04a6b87764a40cbab1e629e0dd189c48e90b8b313a53c4e5b13b""}"
default-r4,forward_before_backward_step16_micro64,16,64,module_output_sha256,backbone.layers.1.drop_path1,2,2,False,"{""2080ti"": ""a160d542b73113d6bdcbdea0b4b7678d41a2975684eb877588588cf9785057d3"", ""3090"": ""cad1d5c10b3d04a6b87764a40cbab1e629e0dd189c48e90b8b313a53c4e5b13b""}"
default-r4,forward_before_backward_step16_micro64,16,64,module_output_sha256,backbone.layers.1.norm1,2,2,False,"{""2080ti"": ""787d82bb809cc99537885d60346d09167d1c22a1f402b24711e43ea848c370aa"", ""3090"": ""07cce947e65edf83bf25e403f27ddced22c0842467d7e54c506a9581e5046952""}"
default-r4,forward_before_backward_step16_micro64,16,64,module_output_sha256,backbone.layers.1.sequence_mixer.mixer,2,2,False,"{""2080ti"": ""373cd2ad3ab720a49dc8d5cc618c2b3e3acd547f4c59f8cd48edfe60e963ca9b"", ""3090"": ""ee8bf1dcb1109c1a31261c3642d874f0b9277c94851630b7097ad6dabbbce31c""}"
default-r4,forward_before_backward_step16_micro64,16,64,module_output_sha256,backbone.layers.1.sequence_mixer,2,2,False,"{""2080ti"": ""373cd2ad3ab720a49dc8d5cc618c2b3e3acd547f4c59f8cd48edfe60e963ca9b"", ""3090"": ""ee8bf1dcb1109c1a31261c3642d874f0b9277c94851630b7097ad6dabbbce31c""}"
default-r4,forward_before_backward_step16_micro64,16,64,module_output_sha256,backbone.layers.1.dropout2,2,2,False,"{""2080ti"": ""373cd2ad3ab720a49dc8d5cc618c2b3e3acd547f4c59f8cd48edfe60e963ca9b"", ""3090"": ""ee8bf1dcb1109c1a31261c3642d874f0b9277c94851630b7097ad6dabbbce31c""}"
default-r4,forward_before_backward_step16_micro64,16,64,module_output_sha256,backbone.layers.1.drop_path2,2,2,False,"{""2080ti"": ""373cd2ad3ab720a49dc8d5cc618c2b3e3acd547f4c59f8cd48edfe60e963ca9b"", ""3090"": ""ee8bf1dcb1109c1a31261c3642d874f0b9277c94851630b7097ad6dabbbce31c""}"
default-r4,forward_before_backward_step16_micro64,16,64,module_output_sha256,backbone.layers.1.norm2,2,2,False,"{""2080ti"": ""61f9568ccaea9aa66cf206ec927197827fd1e440be8b75a314f2701f8592c338"", ""3090"": ""afce8dcf99cc48b569c6529a2c629f9bd9a9a65263dc100c460e72b1fb4a11cd""}"
default-r4,forward_before_backward_step16_micro64,16,64,module_output_sha256,backbone.layers.1.state_mixer,2,2,False,"{""2080ti"": ""61f9568ccaea9aa66cf206ec927197827fd1e440be8b75a314f2701f8592c338"", ""3090"": ""afce8dcf99cc48b569c6529a2c629f9bd9a9a65263dc100c460e72b1fb4a11cd""}"
default-r4,forward_before_backward_step16_micro64,16,64,module_output_sha256,backbone.ln_f,2,2,False,"{""2080ti"": ""92869b1ee8881eb5f77bb307104f932f69988da9039e576d90903d4871fbc74a"", ""3090"": ""2eb595a8a47f9ba460865647313f51a2270abd31e276e2e062184f168ffb8275""}"
default-r4,forward_before_backward_step16_micro64,16,64,logits_sha256,,2,2,False,"{""2080ti"": ""d69698821593e954f2d0a1472345da85f1f3820229f6b1e554346c0b0952678d"", ""3090"": ""614cbb400fc0cc489632df353b6200bdd638dd917c59ad1474f3ae697a85410f""}"
default-r4,forward_before_backward_step16_micro64,16,64,preds_sha256,,2,1,True,"{""2080ti"": ""f0344aca7090232a4ccb18a323890d03b2782424ff567d656132b645e57678a6"", ""3090"": ""f0344aca7090232a4ccb18a323890d03b2782424ff567d656132b645e57678a6""}"
default-r4,forward_before_backward_step64_micro256,64,256,inputs_sha256,,2,1,True,"{""2080ti"": ""b61c3ff977756531df4995938a9f6d77170aceb0fc198344680ed79d11a2a736"", ""3090"": ""b61c3ff977756531df4995938a9f6d77170aceb0fc198344680ed79d11a2a736""}"
default-r4,forward_before_backward_step64_micro256,64,256,targets_sha256,,2,1,True,"{""2080ti"": ""d89cd50a86422bf234eb04ec2af1285fa6163e7301670639b13e95f5a015fcf6"", ""3090"": ""d89cd50a86422bf234eb04ec2af1285fa6163e7301670639b13e95f5a015fcf6""}"
default-r4,forward_before_backward_step64_micro256,64,256,module_output_sha256,backbone.embeddings,2,2,False,"{""2080ti"": ""a4bb67dba0cf8e6b91dbf845407081312fe34659d01fd39323866406c2af9ace"", ""3090"": ""b8d5b510c8d6450ca9ecbccba68045c1d29f00b1a28f1e861d54ffde808780c9""}"
default-r4,forward_before_backward_step64_micro256,64,256,module_output_sha256,backbone.layers.0.dropout1,2,2,False,"{""2080ti"": ""d57f9921b06b1221d9f93965b19f61807f90b404b770c8f18b81f10b0ad0a9e9"", ""3090"": ""1d1d3b81517647e69e6135be01289b37eefc90988e4b92ec24627e4c21ac653f""}"
default-r4,forward_before_backward_step64_micro256,64,256,module_output_sha256,backbone.layers.0.drop_path1,2,2,False,"{""2080ti"": ""d57f9921b06b1221d9f93965b19f61807f90b404b770c8f18b81f10b0ad0a9e9"", ""3090"": ""1d1d3b81517647e69e6135be01289b37eefc90988e4b92ec24627e4c21ac653f""}"
default-r4,forward_before_backward_step64_micro256,64,256,module_output_sha256,backbone.layers.0.norm1,2,2,False,"{""2080ti"": ""7f20315403e0ccbb5ab9814e15bc89fd3ad64e0a476102aa862b9f9e1022039d"", ""3090"": ""4b9e7e37f8ab5325109a48bb1186c4724bca8d5054523e05ef0e04aae7aa3a9f""}"
default-r4,forward_before_backward_step64_micro256,64,256,module_output_sha256,backbone.layers.0.sequence_mixer.mixer,2,2,False,"{""2080ti"": ""94f98f5e47dac7008843b8dc2ba0710f3bbe5ec7a59246925bd7eb72253fbd78"", ""3090"": ""39c2f200002ea21381af8a1a8b9b6d1a3d3bf074f4c6f1867946cde8f40d6e47""}"
default-r4,forward_before_backward_step64_micro256,64,256,module_output_sha256,backbone.layers.0.sequence_mixer,2,2,False,"{""2080ti"": ""94f98f5e47dac7008843b8dc2ba0710f3bbe5ec7a59246925bd7eb72253fbd78"", ""3090"": ""39c2f200002ea21381af8a1a8b9b6d1a3d3bf074f4c6f1867946cde8f40d6e47""}"
default-r4,forward_before_backward_step64_micro256,64,256,module_output_sha256,backbone.layers.0.dropout2,2,2,False,"{""2080ti"": ""94f98f5e47dac7008843b8dc2ba0710f3bbe5ec7a59246925bd7eb72253fbd78"", ""3090"": ""39c2f200002ea21381af8a1a8b9b6d1a3d3bf074f4c6f1867946cde8f40d6e47""}"
default-r4,forward_before_backward_step64_micro256,64,256,module_output_sha256,backbone.layers.0.drop_path2,2,2,False,"{""2080ti"": ""94f98f5e47dac7008843b8dc2ba0710f3bbe5ec7a59246925bd7eb72253fbd78"", ""3090"": ""39c2f200002ea21381af8a1a8b9b6d1a3d3bf074f4c6f1867946cde8f40d6e47""}"
default-r4,forward_before_backward_step64_micro256,64,256,module_output_sha256,backbone.layers.0.norm2,2,2,False,"{""2080ti"": ""bd61d1dc0bc87e7e5806bec9173a936bbd08be0f868dc20e725c97ad128d146a"", ""3090"": ""591d2f5fe836b36c8aaf281b54741c479fb3b53b80bf68f3d8e0c3bcdddd9e30""}"
default-r4,forward_before_backward_step64_micro256,64,256,module_output_sha256,backbone.layers.0.state_mixer,2,2,False,"{""2080ti"": ""bd61d1dc0bc87e7e5806bec9173a936bbd08be0f868dc20e725c97ad128d146a"", ""3090"": ""591d2f5fe836b36c8aaf281b54741c479fb3b53b80bf68f3d8e0c3bcdddd9e30""}"
default-r4,forward_before_backward_step64_micro256,64,256,module_output_sha256,backbone.layers.1.dropout1,2,2,False,"{""2080ti"": ""bd61d1dc0bc87e7e5806bec9173a936bbd08be0f868dc20e725c97ad128d146a"", ""3090"": ""591d2f5fe836b36c8aaf281b54741c479fb3b53b80bf68f3d8e0c3bcdddd9e30""}"
default-r4,forward_before_backward_step64_micro256,64,256,module_output_sha256,backbone.layers.1.drop_path1,2,2,False,"{""2080ti"": ""bd61d1dc0bc87e7e5806bec9173a936bbd08be0f868dc20e725c97ad128d146a"", ""3090"": ""591d2f5fe836b36c8aaf281b54741c479fb3b53b80bf68f3d8e0c3bcdddd9e30""}"
default-r4,forward_before_backward_step64_micro256,64,256,module_output_sha256,backbone.layers.1.norm1,2,2,False,"{""2080ti"": ""c68c719e1e190814dd6d732c868b47315c7bf5cd33ea928cb45d06a6fe5d0128"", ""3090"": ""92afa7a0f3a8d1e8c179f6af555f62a98ca6bb2725dbf1abc191d26b63e2c164""}"
default-r4,forward_before_backward_step64_micro256,64,256,module_output_sha256,backbone.layers.1.sequence_mixer.mixer,2,2,False,"{""2080ti"": ""25a2cf2c26e600c89d73de994b87c4c07e018370a5ea38408148855382aeff2a"", ""3090"": ""d58cfe639529ed326884a97d070ea95e0ae65c238e676b46407198c0f92917c6""}"
default-r4,forward_before_backward_step64_micro256,64,256,module_output_sha256,backbone.layers.1.sequence_mixer,2,2,False,"{""2080ti"": ""25a2cf2c26e600c89d73de994b87c4c07e018370a5ea38408148855382aeff2a"", ""3090"": ""d58cfe639529ed326884a97d070ea95e0ae65c238e676b46407198c0f92917c6""}"
default-r4,forward_before_backward_step64_micro256,64,256,module_output_sha256,backbone.layers.1.dropout2,2,2,False,"{""2080ti"": ""25a2cf2c26e600c89d73de994b87c4c07e018370a5ea38408148855382aeff2a"", ""3090"": ""d58cfe639529ed326884a97d070ea95e0ae65c238e676b46407198c0f92917c6""}"
default-r4,forward_before_backward_step64_micro256,64,256,module_output_sha256,backbone.layers.1.drop_path2,2,2,False,"{""2080ti"": ""25a2cf2c26e600c89d73de994b87c4c07e018370a5ea38408148855382aeff2a"", ""3090"": ""d58cfe639529ed326884a97d070ea95e0ae65c238e676b46407198c0f92917c6""}"
default-r4,forward_before_backward_step64_micro256,64,256,module_output_sha256,backbone.layers.1.norm2,2,2,False,"{""2080ti"": ""cb15d8d8e5fcb19e3fa0fcd937443e3a90505e10cbc85d5e0d5e4bba065efb85"", ""3090"": ""5e1e70c29031c5af3cef3638b34ce33b32c05a7c30aeadcc68c49d079b741e0a""}"
default-r4,forward_before_backward_step64_micro256,64,256,module_output_sha256,backbone.layers.1.state_mixer,2,2,False,"{""2080ti"": ""cb15d8d8e5fcb19e3fa0fcd937443e3a90505e10cbc85d5e0d5e4bba065efb85"", ""3090"": ""5e1e70c29031c5af3cef3638b34ce33b32c05a7c30aeadcc68c49d079b741e0a""}"
default-r4,forward_before_backward_step64_micro256,64,256,module_output_sha256,backbone.ln_f,2,2,False,"{""2080ti"": ""e6b443a0dda9785fd0bfeda026f5b4ac0d48c8d4ccf62b990aafe92d88c9bef9"", ""3090"": ""ca77f8bfa5fd670747cf96df6f478bbf8a5854f305f8763a7058384c5de839e8""}"
default-r4,forward_before_backward_step64_micro256,64,256,logits_sha256,,2,2,False,"{""2080ti"": ""7d3580c203dc5beed1d47af4594aeb258482d89c1619bcc2ef6b390ad9a6885e"", ""3090"": ""9cfbc7bd1035eeb8f501261afb9f3fd2d8a25b1b64d63c4b953504c25ec71dc8""}"
default-r4,forward_before_backward_step64_micro256,64,256,preds_sha256,,2,2,False,"{""2080ti"": ""dedfd54c839fea2d0619fb851a1c6c2ccc9bf054833526ef4973611673e7a585"", ""3090"": ""5524c7f41651298b61df03561020d8cd5ec93fab17bd84928740a82177a1188c""}"
default-r4,after_microbatch_backward,0,1,model_params_sha256,,2,1,True,"{""2080ti"": ""2a1107bf22d0804ed485ab94bdc7af8004ef7b892a60c2967f842ba0f4b4efb0"", ""3090"": ""2a1107bf22d0804ed485ab94bdc7af8004ef7b892a60c2967f842ba0f4b4efb0""}"
default-r4,after_microbatch_backward,0,1,grad_sha256,,2,2,False,"{""2080ti"": ""df579084d94f5d2f22baf1efe5f011b0dc4c3b0cfc4648911ac894d960a23bdf"", ""3090"": ""8be231bfd17fb83af23150b7b4906317d1d6d07d972f14fc7a7f8759daad060b""}"
default-r4,after_microbatch_backward,0,2,model_params_sha256,,2,1,True,"{""2080ti"": ""2a1107bf22d0804ed485ab94bdc7af8004ef7b892a60c2967f842ba0f4b4efb0"", ""3090"": ""2a1107bf22d0804ed485ab94bdc7af8004ef7b892a60c2967f842ba0f4b4efb0""}"
default-r4,after_microbatch_backward,0,2,grad_sha256,,2,2,False,"{""2080ti"": ""61eba5d71e9b774b8ef10dba61fbc1ff0df66d07cb1f218cada4311c45f6d087"", ""3090"": ""03f758c5e5107974c6ff3290737768328bcc8d000f1d08b9ced60f88e1407b18""}"
default-r4,after_microbatch_backward,0,3,model_params_sha256,,2,1,True,"{""2080ti"": ""2a1107bf22d0804ed485ab94bdc7af8004ef7b892a60c2967f842ba0f4b4efb0"", ""3090"": ""2a1107bf22d0804ed485ab94bdc7af8004ef7b892a60c2967f842ba0f4b4efb0""}"
default-r4,after_microbatch_backward,0,3,grad_sha256,,2,2,False,"{""2080ti"": ""ea99f43769f54caaa41b488ed496792b4c34e0a8c634e4dba151d1293770b8e7"", ""3090"": ""fcf93395eeca2e6ea9a840bcdc521581071fff47f9bf36cdf36e448c61a52c2b""}"
default-r4,after_microbatch_backward,0,4,model_params_sha256,,2,1,True,"{""2080ti"": ""2a1107bf22d0804ed485ab94bdc7af8004ef7b892a60c2967f842ba0f4b4efb0"", ""3090"": ""2a1107bf22d0804ed485ab94bdc7af8004ef7b892a60c2967f842ba0f4b4efb0""}"
default-r4,after_microbatch_backward,0,4,grad_sha256,,2,2,False,"{""2080ti"": ""053c82ed89c9a4ea2a05ce43c9c9a72704010054a644004835de4d1c5ecd72e6"", ""3090"": ""cda61e8dc9d979726a3b521c66c039a423f9ea7d4b942b8716183ae8b5a48cb2""}"
default-r4,after_optimizer_step,1,4,model_params_sha256,,2,2,False,"{""2080ti"": ""6301c2531b66e2725e02d1297cd31ad8e440c89bdd6c096fe2f050ece38c1e10"", ""3090"": ""c035f501038cc342181914bd94d5e5bf6c892afd54acc425780ba84dc41ad5ae""}"
default-r4,after_optimizer_step,1,4,optimizer_state_sha256,,2,2,False,"{""2080ti"": ""71d535f6c0aa2d54aba1914be2b33b0cd220cfa14f6550212138adf25b7f9c44"", ""3090"": ""8d8bb6af06a292ac4d2a9c50506043611585368e11891c7b09327336332aa8fe""}"
default-r4,after_optimizer_step,2,8,model_params_sha256,,2,2,False,"{""2080ti"": ""484a4d9926662355acf285083e09eb83fbeb030c2eabc843635b82b9b04027cd"", ""3090"": ""7819a38185bbdd8bf63e8263ca26527c51f9283aa2898b7c0d7d87b6cc76682e""}"
default-r4,after_optimizer_step,2,8,optimizer_state_sha256,,2,2,False,"{""2080ti"": ""e21758a043325e619a91ff324c80d5ec39757329001f3afdeae76e10dad273eb"", ""3090"": ""c7034e8b057c1c22fde663cbe4e842a2a2b3c3735ff5f9fd745c825638e9812b""}"
default-r4,after_optimizer_step,3,12,model_params_sha256,,2,2,False,"{""2080ti"": ""98f6404bf335b32f86adc5626ffe5bfac9b8e168ba14c1242455267a6281f4d1"", ""3090"": ""32a3538be1404a530efa6945183e7db4b483b1b078eea72f4a8c709f47bc4386""}"
default-r4,after_optimizer_step,3,12,optimizer_state_sha256,,2,2,False,"{""2080ti"": ""94e12c6796870db1dea5679587d70c983642845cf8f0ca31ef2bdbd1aee31457"", ""3090"": ""fd2e336b6cf5191b1b2e99fb6d0e5f005575c0370b843e511644e83253d384c2""}"
default-r4,after_optimizer_step,4,16,model_params_sha256,,2,2,False,"{""2080ti"": ""642541f33a9f30c1e46c2461e1324048403b98f918fb02227773c3f28b0843ab"", ""3090"": ""04f5d923a18fa4fbb557b2bc08f8451e9cc535f4ad0368680167fdd0642d6f96""}"
default-r4,after_optimizer_step,4,16,optimizer_state_sha256,,2,2,False,"{""2080ti"": ""0b8c64cac071a27c9a20bfd207dc6254777eff046bdd2d497e1f1b87d63724d2"", ""3090"": ""b0928cb5d2ed3d9b43a6adbf0c4ab421818c0a82370eb574a3a87331b9fffd1f""}"
default-r4,after_optimizer_step,5,20,model_params_sha256,,2,2,False,"{""2080ti"": ""35fd8e9327685278294c35a62f7f2443d6bd5bda23d6ab9d6d534f3c1bd66d57"", ""3090"": ""ef1d860ed1dfcc48f5fb3c4bd15140dce48b7f17aec88d1a39985010ebdc5b42""}"
default-r4,after_optimizer_step,5,20,optimizer_state_sha256,,2,2,False,"{""2080ti"": ""3ab8cc755a7ff9e8f3fc2683356cb5dca61e1412ba4f50fddbe01ecedde99c49"", ""3090"": ""a4bedebec59105264e8e052074a89f0f02bdc1801c35242b0886975e64a60617""}"
default-r4,after_optimizer_step,6,24,model_params_sha256,,2,2,False,"{""2080ti"": ""3e2e19554b1521139d9d68f3288f4d4dc7cbe393b7a73923d88449c5425d57f7"", ""3090"": ""56c114379819c2654f26491e1f6111684a7a22290eff7649e4d6e3220db47d3d""}"
default-r4,after_optimizer_step,6,24,optimizer_state_sha256,,2,2,False,"{""2080ti"": ""15202d279207cbd83c7763001de649fd932eefe2e0ace03ee0632cbef06efeaf"", ""3090"": ""90dc36fa1e95cd59cfa53661a62734d957a52f01ed54a7b637649ad1eff737ec""}"
default-r4,after_optimizer_step,7,28,model_params_sha256,,2,2,False,"{""2080ti"": ""00edb4b75a6fc99d4e6cae67846a7b872b16a137b32dd366465f6dbbf9985d7f"", ""3090"": ""f8a2345cd22cd19a5cf1401ac1ba09a2199d817b8f05f5f89fc013dee5fe1ce2""}"
default-r4,after_optimizer_step,7,28,optimizer_state_sha256,,2,2,False,"{""2080ti"": ""e547ba9310a796f72c567747dbbcd5924b903b65499f90a17f0ddb21515204e1"", ""3090"": ""fff19bb58ef4977b4b75a1bce316d8eb7c7cb8682c23e7083249a118f3bc204f""}"
default-r4,after_optimizer_step,8,32,model_params_sha256,,2,2,False,"{""2080ti"": ""b8a4815e7029c645607e62102b366a38d717ae3487ecb1e7563f307b7c993ac1"", ""3090"": ""cb26ea05bbd170bf5b28eb7ea58572c17f4e889b2224b66d291f21dbe95d8b1a""}"
default-r4,after_optimizer_step,8,32,optimizer_state_sha256,,2,2,False,"{""2080ti"": ""973733dd15eab5d44509da240f0c4b5d48b492bfdb495992c57c53131c5b4ef0"", ""3090"": ""8611574c64af85a0324f706f135f07a7e306f5dbda85d40458632d233cd4c1b6""}"
default-r4,after_optimizer_step,9,36,model_params_sha256,,2,2,False,"{""2080ti"": ""16b99f65bf6989b52f824f5e38c70d98c43196598dcb706cd70079174d06ae08"", ""3090"": ""794fd0d2c46935187f233b4bd17bc7cbc8d5fb7c73626e825f5882e00a4e8eea""}"
default-r4,after_optimizer_step,9,36,optimizer_state_sha256,,2,2,False,"{""2080ti"": ""c64236297c398300aae4d52866e3ed1b7cd9e3c99f6cf6e7e44cfffede8ab086"", ""3090"": ""97e6a7c3e52436f462db5eb0e268ecc169d392467f62a73c2fad3206d28e43cd""}"
default-r4,after_optimizer_step,10,40,model_params_sha256,,2,2,False,"{""2080ti"": ""39038104ac53b786b366bff16589cb668bb23f1e931fe7aa38c0805161369c83"", ""3090"": ""14508835126dbf2577e4fdc386238021bad1d4ebfd015f39354d4675f1142983""}"
default-r4,after_optimizer_step,10,40,optimizer_state_sha256,,2,2,False,"{""2080ti"": ""c08ec76440116b54f747e3dd3c29ab96642f384feeab3d36fb046f9877979ffa"", ""3090"": ""58ee435a827d0331be7cdd13bc62c9b46c753a7ac33289668305c08c085b9f6c""}"
default-r4,after_optimizer_step,11,44,model_params_sha256,,2,2,False,"{""2080ti"": ""053936e531580b97f19dccc68b31dbbcd838e81d403e533ad7d73f9b88e83581"", ""3090"": ""65da113e1f85c2199e776c15ab64608d45202cf4fa9958061d0aeaaf3d3a18b0""}"
default-r4,after_optimizer_step,11,44,optimizer_state_sha256,,2,2,False,"{""2080ti"": ""51bcc79da19ded1899a9947b79c12dedcc24c8b1d72cd5d09e7f20ee4d9dfb9d"", ""3090"": ""5e8075bba8b21429a2a5a8c87523e2929d52e9339ac4d9f972b9dc9dd1fbcb84""}"
default-r4,after_optimizer_step,12,48,model_params_sha256,,2,2,False,"{""2080ti"": ""d864c1b765a227bb4e322093c92ee7c7be8a2ba53045941525775dc7cc73c8d2"", ""3090"": ""fe2e655f638a2ad8789b4596d8eb5fa26fd6a36701a06e95acc9de86f8aa617c""}"
default-r4,after_optimizer_step,12,48,optimizer_state_sha256,,2,2,False,"{""2080ti"": ""0b9679b03f16fcd1c21700c6ba367243cb722cf156e7052b6759d86e05abdb09"", ""3090"": ""1e14c1d3291a030d517f5c213c115f63b779ce1b058e3fbb3143caa6af3fb381""}"
default-r4,after_optimizer_step,13,52,model_params_sha256,,2,2,False,"{""2080ti"": ""cb64a4c28f0ac5a387f952dd5ff371b543edf1e1467cd9b598ac88ef3e456693"", ""3090"": ""c465e10e8eb83f1f857139c7f45ca533f20e09960e0d1c731de3c74640605848""}"
default-r4,after_optimizer_step,13,52,optimizer_state_sha256,,2,2,False,"{""2080ti"": ""f5340c9c1bf2426a45d23406540e454d6cb2669368db9d9b8386847349d65905"", ""3090"": ""a31e0b9b186e5606d4338e8455e9bb1128cdf7e154ae052272479b0385a57f23""}"
default-r4,after_optimizer_step,14,56,model_params_sha256,,2,2,False,"{""2080ti"": ""60463af509f04de6a935ed2d4c9f139986864f7c0b9f3e208fe8fddbbd2f3e30"", ""3090"": ""0f0de8520c129fd520342d2aca28f6e22a1541d961f9082217194957dc707f7b""}"
default-r4,after_optimizer_step,14,56,optimizer_state_sha256,,2,2,False,"{""2080ti"": ""dcc4fe62971339e31381dcb616d8e5ece83b8483bc581212a85b9d6de821b275"", ""3090"": ""0b8cf5477243f2586e686edbbca793d11ed068086923933dbd3823a4b1aec3a0""}"
default-r4,after_optimizer_step,15,60,model_params_sha256,,2,2,False,"{""2080ti"": ""566e20293a807e0d9659ff7a538f0b0ff01d4e71537ff36004f71756e894e246"", ""3090"": ""211ac46167c3c50ff08842ecaed7c3b33eb7d883908272b3edbf605856cf39cd""}"
default-r4,after_optimizer_step,15,60,optimizer_state_sha256,,2,2,False,"{""2080ti"": ""4a18f11f8ac754dc57f6b30d15304e483d8661de7a3e9e400825c9a523d8c74f"", ""3090"": ""ce1ae219d09ccc97aefdd72fdb0207d764fa8e3be6c11ed0aeae0a4cae9805cd""}"
default-r4,after_optimizer_step,16,64,model_params_sha256,,2,2,False,"{""2080ti"": ""8b7878fb6ea698b59d36bf6237cbb612ec8b1d5168fa8e1537cfa5c2f32360e4"", ""3090"": ""64f23d7b7a30412e4f8b8e1845ef35dc6c5f2c1b6031ea745624487fa8795142""}"
default-r4,after_optimizer_step,16,64,optimizer_state_sha256,,2,2,False,"{""2080ti"": ""3de04476aedb65631f48eb52f2922be7b61d223c244d274484e544d6d47c4376"", ""3090"": ""9a5ac799fbf8e9916737e5ef72952c5541edcae6b8a7302f68356b9a796d5692""}"
default-r4,after_optimizer_step,17,68,model_params_sha256,,2,2,False,"{""2080ti"": ""700a1255252560803ae705cb0cf50b04c8be22c6ed9f2708ff06ced952fdf43a"", ""3090"": ""225a8c03fc3f20bd230126ad130247ac2312f2e55a9a4dfa1bfb48d79d3a8228""}"
default-r4,after_optimizer_step,17,68,optimizer_state_sha256,,2,2,False,"{""2080ti"": ""4b40ef370aa78040e56a36868c9e5b3503f5c324c3bfe3fc4a5ace7f48142581"", ""3090"": ""3f443ff0c6f2e633c0feee0fc5bbbae932f6eee6ae15c1987da9519d1c5a5bdf""}"
default-r4,after_optimizer_step,18,72,model_params_sha256,,2,2,False,"{""2080ti"": ""c52157061ff66cb17e295f62d548aae953c5698acb605f152af1320c859ae6bb"", ""3090"": ""cf991b23ed84febe31e696459b86b5b674bd9dd3671ddc54fcae7628ff29db66""}"
default-r4,after_optimizer_step,18,72,optimizer_state_sha256,,2,2,False,"{""2080ti"": ""42cb38821a0bccfe13fd0cfaa232de063e5974adf0eba3d4cd7dc5df0203bb43"", ""3090"": ""d0e3c21d15428e06e9e540b8341f6479714ab0df496b54577d3c4ee06280fa55""}"
default-r4,after_optimizer_step,19,76,model_params_sha256,,2,2,False,"{""2080ti"": ""9374712c838a4d5ba738b064419ac9591c15cbc9e6b4ad38cc4193f88f5091d2"", ""3090"": ""74946fb0270809173a3b210602f8832e0b5d3ef1f428be6413372ddd3fbae1ee""}"
default-r4,after_optimizer_step,19,76,optimizer_state_sha256,,2,2,False,"{""2080ti"": ""b2970c7e60ea7e0a14b352549c1f6d5a5b8de7bce0c79f1a59216dd99bfbc3d3"", ""3090"": ""10a7b689402beadaf178e717e234be8f04352ac754b81e046d24c2cd10276069""}"
default-r4,after_optimizer_step,20,80,model_params_sha256,,2,2,False,"{""2080ti"": ""55bb4bd61a0b893016b81518d00b686935264ce33521bbf7e243564bc8c5d51c"", ""3090"": ""fc73c23346506da381ea921688bfa27e2692a4829c52e83937c64e446f3be38e""}"
default-r4,after_optimizer_step,20,80,optimizer_state_sha256,,2,2,False,"{""2080ti"": ""d133021c2e0a274b0663f581ec36da2f4a9e08b0d91427f0ddf0a1ae7f6b689d"", ""3090"": ""8e45d712d9a3e64542a08781d235bfbea62682da4df0fc6310572da08249cd20""}"
default-r4,after_optimizer_step,21,84,model_params_sha256,,2,2,False,"{""2080ti"": ""a9265dc1597315efccf24c373f746f46379b4b06a33581d51cbf250019c49a98"", ""3090"": ""37a588d34e62c58db940188c9a14f15b0e147e1143c9340271d490e5df214f70""}"
default-r4,after_optimizer_step,21,84,optimizer_state_sha256,,2,2,False,"{""2080ti"": ""6b08c76cbc37ac3424c02ec5854896ff43d6791ad9c52708a0296be2e262ec63"", ""3090"": ""295b07bbb65182e4eb8aff1cf804bbc74f01d646cee42f3f02dcf69b892d4cce""}"
default-r4,after_optimizer_step,22,88,model_params_sha256,,2,2,False,"{""2080ti"": ""c21a5772a4278d77f11a38f59356b361dc8db5cf82e6781e82e338678e0a5f26"", ""3090"": ""28ed06ab84496f7569192803a5bc2a2b51267fb59effb25f76f0c7032289cd49""}"
default-r4,after_optimizer_step,22,88,optimizer_state_sha256,,2,2,False,"{""2080ti"": ""d1d6bdf2cd3d5fc00adee5d035e4851766c21276cb4c43279bbfe965d19240fc"", ""3090"": ""65e8c1ab593cf424badd4bd0505d698cdcde62080e980d69fdbd79dba9545f0a""}"
default-r4,after_optimizer_step,23,92,model_params_sha256,,2,2,False,"{""2080ti"": ""ca1207629b606958aa7351ce1eb985c2adbc77638b05a4931826a6645317fc1d"", ""3090"": ""a27ddd2526c39b46a498c9fc290557e3d030513106fb2da4711033236857f036""}"
default-r4,after_optimizer_step,23,92,optimizer_state_sha256,,2,2,False,"{""2080ti"": ""b4ffd49cb25e351d3cfb71f27e13a47f45f57f2535afc89fffafb56725f62769"", ""3090"": ""e9217b7f4b33389276e97868eebd401b24004a36c1bdfe3bfd710568ed0c17b3""}"
default-r4,after_optimizer_step,24,96,model_params_sha256,,2,2,False,"{""2080ti"": ""73436712c551f3eda9ad3a78e537deba762c1a9a720a0e1de4d0b6fad022da93"", ""3090"": ""1a97c0931c2e093ab5133af4280223ec4a417af13385a532c2d7e0a513dad72d""}"
default-r4,after_optimizer_step,24,96,optimizer_state_sha256,,2,2,False,"{""2080ti"": ""0f8597710351a4300567621ca30435e68b82c2033c0fe33ba5c4ee6c755d3d10"", ""3090"": ""83f7cf0771b0e54890be88b557114190d2c3dcbea1925f43c6540a15aa31f261""}"
default-r4,after_optimizer_step,25,100,model_params_sha256,,2,2,False,"{""2080ti"": ""d8445fb0600cb7e9a4171f0ab8b3728ff5df8a6f311b71e28ab331c7d429525e"", ""3090"": ""339942888cd58f1b0f071345bcab6ae627236f6de6dfc9dd979c6c38feb55a99""}"
default-r4,after_optimizer_step,25,100,optimizer_state_sha256,,2,2,False,"{""2080ti"": ""0e79abdb186291deb8637088cecd6e4bd49e87451f91ac68a034083ffc7f46e8"", ""3090"": ""be0ac127813754279d2c6b85d721ba139ed9813aec27d5df27a1a81acf4af479""}"
default-r4,after_optimizer_step,26,104,model_params_sha256,,2,2,False,"{""2080ti"": ""d8b7c90b5624fa9645e088cd92c6d2fe5992f0e926dacf42f7f89b81c61fa4f8"", ""3090"": ""3c8254b405ab8586fa244e0f10e55ce781d90662b821cc13a7e2eb3e26659eba""}"
default-r4,after_optimizer_step,26,104,optimizer_state_sha256,,2,2,False,"{""2080ti"": ""158d3e5cbf824247b738cbcb8c1db6298979a0e58fe1daf94f613eb0f80a9620"", ""3090"": ""1646c47b5ca880892f9ebc2ff3b22915115f78bca58e5d791e5425e864cc522c""}"
default-r4,after_optimizer_step,27,108,model_params_sha256,,2,2,False,"{""2080ti"": ""c054544b6119eb4477f6b7581cefc71a5dc4ca7660d278732bc2d39cf6a25e65"", ""3090"": ""2ef487f3c6aa030018e65c58c12c7031ed927d84872db21e3b518ecc66594468""}"
default-r4,after_optimizer_step,27,108,optimizer_state_sha256,,2,2,False,"{""2080ti"": ""2a420a85e8c85228c5ba3a8038ce7c1b270b143f0376672d9f9662343c5cbd4f"", ""3090"": ""dab0702ba02b0d01d594d7aecff07ea5ce2c36f895f193fa097b8c73dd2a206d""}"
default-r4,after_optimizer_step,28,112,model_params_sha256,,2,2,False,"{""2080ti"": ""6142b582a214b1cf97c1419ae8824407cd69ab6f0b15b7d27876412141980603"", ""3090"": ""9a92543ddd89e05bce54695c259a8b802755087052f008baa5a41807f3d54cd7""}"
default-r4,after_optimizer_step,28,112,optimizer_state_sha256,,2,2,False,"{""2080ti"": ""547d3f77825dfdb38b5e531fdbc554d654acd5ce0c3ab6cec27f4ee69d6e7b4c"", ""3090"": ""483ef46cfd6d77452f7f36cab5ca8b56c5fc9a6ee6a563b865433b5f2bfb4fa9""}"
default-r4,after_optimizer_step,29,116,model_params_sha256,,2,2,False,"{""2080ti"": ""b768b58969b2f404dc3f7ccc2d2dbed79f8cf963855d5e94c3d04f25fc8f6a39"", ""3090"": ""cef48cd94ea42c1b840a5789af0b0e102c1645c28c44451f7fd0361971b76473""}"
default-r4,after_optimizer_step,29,116,optimizer_state_sha256,,2,2,False,"{""2080ti"": ""d3d6d1a0c3ad5cbe7bd74992c6365dabdfe14ffbd4c69ef8c0851795006e3041"", ""3090"": ""968721c7dc51f10bf06138ef87312ef09d3ba096bfc50a589a49532d7955be19""}"
default-r4,after_optimizer_step,30,120,model_params_sha256,,2,2,False,"{""2080ti"": ""f0463354046c88a17883e4ebe65acdea82a7ec69030ec063d5242050e21e0c55"", ""3090"": ""8ce6cccc1b44837ec503b80b20501e6ad1fa4a452b9148d27a6014f8d20623c8""}"
default-r4,after_optimizer_step,30,120,optimizer_state_sha256,,2,2,False,"{""2080ti"": ""dea3420e33232d49240c2c15674734d78eee8da6367d238cef5e01fa30797778"", ""3090"": ""4c6dcc1ba0077d8ed9b4aa16bdb4dffea738b6cfc766ecd31f0ea12f68f53f39""}"
default-r4,after_optimizer_step,31,124,model_params_sha256,,2,2,False,"{""2080ti"": ""8560f8a43223aee71d71bfc386becbf2bdd53b6dbc455640a4d7fb2da9a699e5"", ""3090"": ""82edde2b4b166db80314e159aad823ebdae39fbd933911335f7c9befe25e2e1a""}"
default-r4,after_optimizer_step,31,124,optimizer_state_sha256,,2,2,False,"{""2080ti"": ""59f594dc95b39c41a538db84a3b55207c2061d4edf36ce0fe5fb734cca26c512"", ""3090"": ""283e826ae067550929c0a3813cc886128d43b7c233443f211aa888b2b1010640""}"
default-r4,after_optimizer_step,32,128,model_params_sha256,,2,2,False,"{""2080ti"": ""1d0e2019ccbb56f081951bb3271788477edfd67aba6044f4af148974e6153233"", ""3090"": ""b9acdbf21f945552c19ee40ded7f13841b88c9836f0fbc2f54082ea3e31b33e6""}"
default-r4,after_optimizer_step,32,128,optimizer_state_sha256,,2,2,False,"{""2080ti"": ""f3778c23ced4292ae7a8587fa258a47fb88302f48234d97e703fe5fa1215dfef"", ""3090"": ""97901a644b7653fb8b322da07e6aa8cbd033551d6e4751936ff3c55bfaf6d214""}"
default-r4,after_optimizer_step,33,132,model_params_sha256,,2,2,False,"{""2080ti"": ""c80bdf561f469882ea7cf8dea479d6d0d378e189fc98456839f137ca9017d0e6"", ""3090"": ""cdae4f4ed222cd423925c672ac8682a7c5a2c798b19dbb22e36a797c44bbe6ab""}"
default-r4,after_optimizer_step,33,132,optimizer_state_sha256,,2,2,False,"{""2080ti"": ""05e78769db5bc5ac6f75a85994b394fb913944260a1d94a89e14fd4e975fcfc0"", ""3090"": ""ad3beb845b2abfe055a15fba3678fd68e34e7503ba10b3f773ab81c4e562b004""}"
default-r4,after_optimizer_step,34,136,model_params_sha256,,2,2,False,"{""2080ti"": ""b14ca732f89478de69e3af07b5369765c0b93b997b3248d83e01289973be322b"", ""3090"": ""d511bab166653756fbbf2a16dc3672a1e6572a28d9006b92d2f4fcb042e000b9""}"
default-r4,after_optimizer_step,34,136,optimizer_state_sha256,,2,2,False,"{""2080ti"": ""df6e14629e31e0088e1d3d7f81fa523c46d223756cc7e5d0a82ac489a8f374ed"", ""3090"": ""6d923f3edd553053ce6638495bb6ffb7a084a35f0c39f08978c194b7b946b9cf""}"
default-r4,after_optimizer_step,35,140,model_params_sha256,,2,2,False,"{""2080ti"": ""5e936c251eb34e45d04cbde71751cf7fa67743ce8d715319241a6f6d2267f42f"", ""3090"": ""5802dcf397b4736068b74e3cc1cd09bdb2f8df5205076b028a8fac44fd73a7f0""}"
default-r4,after_optimizer_step,35,140,optimizer_state_sha256,,2,2,False,"{""2080ti"": ""438c1672536a70cda5121527c7dad47c5cde368227cdf7b8c0aac42d5e174493"", ""3090"": ""3cdd9211983727b7139ccb90adb8851468f7789f4bb0bd8addaa61048b990c58""}"
default-r4,after_optimizer_step,36,144,model_params_sha256,,2,2,False,"{""2080ti"": ""e07b0d7bfce9877ce2a8c7d374b748815460b0a153e61ef02f4236ca72aac9de"", ""3090"": ""7f55bc3f7cdf540f1646b6c3f934d42d4ef680c769ba14ed889349056931cf98""}"
default-r4,after_optimizer_step,36,144,optimizer_state_sha256,,2,2,False,"{""2080ti"": ""3ed1b8a7ea9c5bd6d6b2a3e13890fc9f041cadf89b83b531f67592c91b808617"", ""3090"": ""03770e393b08d656e1d4e0e22c7b5289d6cd2944440292583dad8744e15fe10a""}"
default-r4,after_optimizer_step,37,148,model_params_sha256,,2,2,False,"{""2080ti"": ""9f904533aa9dc2f3df40edf1ac11821962eaf377e6b231592aa3a10a7ebc60a0"", ""3090"": ""fbb7086ba718582f9f8da9c18ff1e19dca878c2cb711a13c494b1a6dc449b7dc""}"
default-r4,after_optimizer_step,37,148,optimizer_state_sha256,,2,2,False,"{""2080ti"": ""202596d3d88acb6a7a9aa05adead3d877dea46c1a3ac3ff4b0717b32e89cf059"", ""3090"": ""d159fbf959343ad0aedc99ec7a6f0fdbec73ae2802a62ea9186349152a1ac94c""}"
default-r4,after_optimizer_step,38,152,model_params_sha256,,2,2,False,"{""2080ti"": ""ddc52c1eef71f013ace64f44028e9542329c884bff54658d2c49afae34d904bd"", ""3090"": ""e674ef3a3ce6c2053d38609699923798510818f79373b71e6aeb116a7ba2812f""}"
default-r4,after_optimizer_step,38,152,optimizer_state_sha256,,2,2,False,"{""2080ti"": ""50893da8662e7a8219f5abe0a052956383f7e384fe72a516cb99f7ca5b1b49a6"", ""3090"": ""16e4f82719cb8ab1fb903fd2f8f75444c564bc6f31182a3b32b1e4d93e91df1f""}"
default-r4,after_optimizer_step,39,156,model_params_sha256,,2,2,False,"{""2080ti"": ""daa54dc2a5441e42938e7a277b539f84a9ecd945637e3b4f965957149bbba4c6"", ""3090"": ""21b1890e9c125e0bb27de4e9c5e106ab75897aec06534e3dc837c82e6c108ee3""}"
default-r4,after_optimizer_step,39,156,optimizer_state_sha256,,2,2,False,"{""2080ti"": ""3cd60495de0cf71e72e29645f5e3157e301a26616297b1634ef3a04174f57876"", ""3090"": ""09805a2445968cdf1b02d5fe9cc2e821579f57420b6e8d7c0a42db634c7bbdea""}"
default-r4,after_optimizer_step,40,160,model_params_sha256,,2,2,False,"{""2080ti"": ""136e6c7ed7d9483586f6aa21a93cb23d662b81076c8eacf3cc404175a0d7683e"", ""3090"": ""f47fdcea21e66820fd18ffbf9b3238e177684041fdf092ed7ba15a47e272d6fc""}"
default-r4,after_optimizer_step,40,160,optimizer_state_sha256,,2,2,False,"{""2080ti"": ""5fb6df07eeb4fbaffcce240646be25725c3f49a560455d00037e9f2a41999ef2"", ""3090"": ""c199a91ddf043be4d9286d47b8482d58ff60403397c7a09309b1f1e7a45da9f7""}"
default-r4,after_optimizer_step,41,164,model_params_sha256,,2,2,False,"{""2080ti"": ""b42f01a2293d176009d4d8cf03bde8c67bfb3d291dc99d2cdceac04f676c5bd1"", ""3090"": ""3fe6433298f694d21795f9020dab28f8fe49f2b33a38a5839441446265586d32""}"
default-r4,after_optimizer_step,41,164,optimizer_state_sha256,,2,2,False,"{""2080ti"": ""2cb69f7718a535cae294e975ea4503f0e60db315163e882113a1a82198bc41d4"", ""3090"": ""a9b62604595b02dbb37b826278000d56562a9f93bcee566b3b5bb61590713395""}"
default-r4,after_optimizer_step,42,168,model_params_sha256,,2,2,False,"{""2080ti"": ""f2d22e0e4a2d5bcacd092adface550ade56558df3c187104a1fc508f64969d1b"", ""3090"": ""fcb35195c4ba84b94dd75dc0fc1c96a283690b1e24ced141c62ac2af32f2d599""}"
default-r4,after_optimizer_step,42,168,optimizer_state_sha256,,2,2,False,"{""2080ti"": ""c0fbdf32443568c8e4e019a4c9296cca18ee45aa8ed8783e5063a7a5cb3658da"", ""3090"": ""186a430057543e733be86380fb56bb67af06b6ca2c70d3400f38821f52eaa525""}"
default-r4,after_optimizer_step,43,172,model_params_sha256,,2,2,False,"{""2080ti"": ""923f917eaae2191d7ce23f2895c03e607e7009339074a0b3018595f0825ec0eb"", ""3090"": ""d485d758522d913e993485c8456cac2f40215adbd4d6a6075ae86fa4dad9517e""}"
default-r4,after_optimizer_step,43,172,optimizer_state_sha256,,2,2,False,"{""2080ti"": ""7d447c85d56b11e61b7e724334547f59325bb8394f96d5800975c0171dbc556b"", ""3090"": ""31f604ff5f5214ca908bf5d06a15d00f8242ecce9d2a9f631da002740e3e9de9""}"
default-r4,after_optimizer_step,44,176,model_params_sha256,,2,2,False,"{""2080ti"": ""2769942a87bc7e08b047bcf04b6be5100482db54ba8683e0acd66ef79e51eac9"", ""3090"": ""8eefbb0350941a724e863a341c54f77d2d55034ba68b1c6c2c47976a8c2d3414""}"
default-r4,after_optimizer_step,44,176,optimizer_state_sha256,,2,2,False,"{""2080ti"": ""f1036706030aef0be2d159dd182333d642f81427cccbc29515b20589ac68b19a"", ""3090"": ""7a23cb212e5b20090aab836ee124a82c41429dd516dcd52b419cdfc13f35d6ca""}"
default-r4,after_optimizer_step,45,180,model_params_sha256,,2,2,False,"{""2080ti"": ""71bf9f71990ffb561bc52d222964c58bbd6820758ce53072778eea7bbc415627"", ""3090"": ""9d0259e30c1112a24da5a78531e6e7c81f8a4925a2a045163040b8af4a0727d8""}"
default-r4,after_optimizer_step,45,180,optimizer_state_sha256,,2,2,False,"{""2080ti"": ""7f6a3383848fc3a8913bc1a5ed66ad62486f1b5e612cbd24c2f5839c49371b00"", ""3090"": ""188570b98e3c029f73453ce17c1c9e37606a21ae707c0206590158b1cceff3ac""}"
default-r4,after_optimizer_step,46,184,model_params_sha256,,2,2,False,"{""2080ti"": ""9b950157d12b58cffa09b50586f0a25b239fbd3e8c64709ecda907ea998f9b61"", ""3090"": ""8e384f4fca7d1706a29ae7a1cba6ce1d7b7f5b859c3cd0723aad92068b580f3d""}"
default-r4,after_optimizer_step,46,184,optimizer_state_sha256,,2,2,False,"{""2080ti"": ""f657cee06a6f0b22c21ceb14d2bf2d7c52e61f4af2e9804b33a2b4322f83d0e4"", ""3090"": ""8354d37fe4fd6bb16f42bf19209ac41d15fca587e20b7dd503b4fb9afe0e12e3""}"
default-r4,after_optimizer_step,47,188,model_params_sha256,,2,2,False,"{""2080ti"": ""f0099e5bf1173c1468fe7e6cbeda97bcce7e5d4ba9d534a00eb143ad40d030cb"", ""3090"": ""fdbf4cc85bc5a156bc27db88f02d631c3c72b0a086fa6b54d1ff6946bda9c563""}"
default-r4,after_optimizer_step,47,188,optimizer_state_sha256,,2,2,False,"{""2080ti"": ""37731f846c75ea5654a229a43bb7f2aa95157a52195cc5ae6b3e83e83244d93d"", ""3090"": ""8118948b2bb9dfc66b8afdbb567424164c8485c33d1c23ef94f3cc844d9bc772""}"
default-r4,after_optimizer_step,48,192,model_params_sha256,,2,2,False,"{""2080ti"": ""b8f0be883f57a3a81a1c9b2b7c87ddb327181de5c161f4038b47542da0821bc2"", ""3090"": ""798abad512a495d2af467fb4965349911845e6c10de1f5a764aba9f652c5893d""}"
default-r4,after_optimizer_step,48,192,optimizer_state_sha256,,2,2,False,"{""2080ti"": ""3ac887e6618c17e4eb63d6f9912cc3aa08823684cd81ab339c6285058637e2c5"", ""3090"": ""8be09a9d40f195dfd36fe2be706e4ba69195a9c55291fc604223f40dcb6fd604""}"
default-r4,after_optimizer_step,49,196,model_params_sha256,,2,2,False,"{""2080ti"": ""58aa1c86cbb57146197973329cebad52597b8107b1f34f206f7a671a6853a369"", ""3090"": ""dda8b1c228b0da965e90d20910cb05ab44889f3b376ac6a8184fe4bb14c23461""}"
default-r4,after_optimizer_step,49,196,optimizer_state_sha256,,2,2,False,"{""2080ti"": ""c3b13ff2f1c02ba41d2c830a2ad748ea8088ade0a15c30e879990bb1dc5b51a6"", ""3090"": ""69db7e631323cba4a49332b37040342b6a9aa78329430e62457572a4d8419201""}"
default-r4,after_optimizer_step,50,200,model_params_sha256,,2,2,False,"{""2080ti"": ""8c4c9aa9c4002c34bb5025624c36eb687e4dac2844985d97b2492900451bf8ff"", ""3090"": ""e82d3bd8671a853c02cd80565193f3a5b16e132c62bb3cea135f255067368dde""}"
default-r4,after_optimizer_step,50,200,optimizer_state_sha256,,2,2,False,"{""2080ti"": ""128d3c4ea734386aa903f059ff54c24ecc449c878723da20983d71cd25b1c387"", ""3090"": ""c5acc2f0db863eb316257df11b0f135d4434d77d0c617c1304d532e756f86a80""}"
default-r4,after_optimizer_step,51,204,model_params_sha256,,2,2,False,"{""2080ti"": ""1ed25e1b87d8aeaa398e7b23e83ea0af40cbe98723be67f7365032a6a63ea33a"", ""3090"": ""a189c2ab62f370ab7dfcd82fcec5e230f041ab524dd9a2ac6a7758d21d4c62f8""}"
default-r4,after_optimizer_step,51,204,optimizer_state_sha256,,2,2,False,"{""2080ti"": ""4d8ed81f4ed543f548d718f562cdec1d9e3c47857cb4498a4eb7c8fddc0d64a5"", ""3090"": ""a185e479dc762737e5f095553bb8b3f66e353d67883bb7ff7d2967a72f6b856f""}"
default-r4,after_optimizer_step,52,208,model_params_sha256,,2,2,False,"{""2080ti"": ""2990c9bb7e4077a63013b9eb32c52542c186106608d382033e752d1ced45f664"", ""3090"": ""f38a4686e912991dec1ce166214d011384e4bae91d13786a5c3901546f066ccd""}"
default-r4,after_optimizer_step,52,208,optimizer_state_sha256,,2,2,False,"{""2080ti"": ""82d0b477a535bd434154b4510e323bd981e1b62297910f21302336a0007a6415"", ""3090"": ""adbc2c8be62e3490eb1f45b339d2ec02ab2fab789bd3977f7a0a7531d73ec00c""}"
default-r4,after_optimizer_step,53,212,model_params_sha256,,2,2,False,"{""2080ti"": ""5f8fcbf63234b5e10f43f0f60f532a4f72dc3bc18ea69c6c56aae28c4527c84d"", ""3090"": ""c01b88da2c220a8d0632a358fdef531b8206dd390b966ec8412b54d7cb0ff84f""}"
default-r4,after_optimizer_step,53,212,optimizer_state_sha256,,2,2,False,"{""2080ti"": ""99876c4ed00aa1737ff7b89412f3a9a4d8d805949458189d29eb1ef457732112"", ""3090"": ""8cc4cf2edbb0df93481993c916dcb61400001dd442aefb129bd16498850cf83d""}"
default-r4,after_optimizer_step,54,216,model_params_sha256,,2,2,False,"{""2080ti"": ""46cd65a72a1c982f8e0a950ecc15827fa54e5f8c6389b147c8ad2a749d0b9259"", ""3090"": ""c19b1126cb0744380923e40df79d0a938790aad1520c42f40c3d818391b6650b""}"
default-r4,after_optimizer_step,54,216,optimizer_state_sha256,,2,2,False,"{""2080ti"": ""73eabd71b39307b0e9ddcca48d211656978299cb5f431a2603eff382f6e96518"", ""3090"": ""7c53caa2c02a8db5eac0cc2b3108a018bc1b9b82734efff54d8fa3c92294ee69""}"
default-r4,after_optimizer_step,55,220,model_params_sha256,,2,2,False,"{""2080ti"": ""c3cfc978664cc8292038419e3b9785faede790486e38512ec41eedf1988fda85"", ""3090"": ""ff24bff81352b9e60898a2c2faf4a1e6747c1250f89b9a0d745acdc25db2f563""}"
default-r4,after_optimizer_step,55,220,optimizer_state_sha256,,2,2,False,"{""2080ti"": ""d82d812ca1a2fc069faf64d33453f4f7e053d0994a80a64f07e38033d15dbc78"", ""3090"": ""a6944ccf27d479f95c863de1b9c538dc80977c839f77ffce6e2d61e0cb95f1f4""}"
default-r4,after_optimizer_step,56,224,model_params_sha256,,2,2,False,"{""2080ti"": ""3a55f6762f86023ea20bd5177763268cf376f796becc88b796f1b07a29566c33"", ""3090"": ""e8554e3d11a21718b15e432f0cc0a45d25446aed1e06b63d4f9eda2df38ee863""}"
default-r4,after_optimizer_step,56,224,optimizer_state_sha256,,2,2,False,"{""2080ti"": ""2a0d49294ded3c224f90a3a631ce0924fc26de3dc3a8e3c5842c64f9f60bb343"", ""3090"": ""62928974dfddb2b87a4c8c40e6a2e348c923794728e829391129880685112267""}"
default-r4,after_optimizer_step,57,228,model_params_sha256,,2,2,False,"{""2080ti"": ""fa4f76cfb42c46bf763accf645a928c9351787ea0c5fc4a65a0b11e55f3102b4"", ""3090"": ""c800ebea06532983965ea9375b810f38b9e1742a1a30cc068120faf4b468d5a2""}"
default-r4,after_optimizer_step,57,228,optimizer_state_sha256,,2,2,False,"{""2080ti"": ""dbf205ea02567caf427793c2c528d35308a3bb697f380bd0439505edc747994a"", ""3090"": ""5e5dbbd448f598ce66fe97314bd18a2832433f1a0e9b41742abe753056148543""}"
default-r4,after_optimizer_step,58,232,model_params_sha256,,2,2,False,"{""2080ti"": ""ea0833f9351b077699204094416e5ee8b567c071d09d48e94774c34d0a1e0b50"", ""3090"": ""b049b5bc7dc0c1d49dc3798d3285564b1c33f2d1c83b855d598254a8020552d6""}"
default-r4,after_optimizer_step,58,232,optimizer_state_sha256,,2,2,False,"{""2080ti"": ""559959ce23fffaa547a47a2543264cbc1134b23128793488c9c5851cc4d973d3"", ""3090"": ""808859d2ef9578e01b459ca145d897c20362a4044ccb3b797d183df20c63c679""}"
default-r4,after_optimizer_step,59,236,model_params_sha256,,2,2,False,"{""2080ti"": ""ac58bf0510853605d3bda09935ffebbd84b6929201c12bccf9ae564d90ed10d6"", ""3090"": ""2a7c7941c9c8356c303f410e4c737693dd8920367d4d985b3f5f0a1854d3d163""}"
default-r4,after_optimizer_step,59,236,optimizer_state_sha256,,2,2,False,"{""2080ti"": ""66eb9daedbe1607c45847db17729310375051e4958bc7473fb31ca0bdd86548d"", ""3090"": ""cdf19632ef42442423c6d1c19a2ad547eb78239894d5b70e0db4ae4782f01f2d""}"
default-r4,after_optimizer_step,60,240,model_params_sha256,,2,2,False,"{""2080ti"": ""44cd947b1a1fc12a00a58445471a2fabe0ee207fb57da85f0a38231b9375829a"", ""3090"": ""0cdd87d7f6fe9e74df9a50f8d4ecf9e722117f52b8e04f00b0fa2597fb00f8da""}"
default-r4,after_optimizer_step,60,240,optimizer_state_sha256,,2,2,False,"{""2080ti"": ""9e55593cb046af043a30736633fccb5058e4f75e61ba83ac2e8eecc9c0d0f012"", ""3090"": ""1be21260ce323aa17a8ed8665b9a72c2f8e37a998881d7765997aef64a721de8""}"
default-r4,after_optimizer_step,61,244,model_params_sha256,,2,2,False,"{""2080ti"": ""00a336609ebaf765445694f114bc1d4d43b21a0a9de766fb015c2ff17f775fe9"", ""3090"": ""79baa4bd12dfdf8b8bdb68344dfb09f798fee1a081112b9f3ce2d36f333a58ed""}"
default-r4,after_optimizer_step,61,244,optimizer_state_sha256,,2,2,False,"{""2080ti"": ""74e2c0859052a78db523f5e3554c6659bbbc88bf47abfbce4fbf6ef7caa7872c"", ""3090"": ""c6ba77fbf784e8cb2855fde1fe48be029ec273ce1070625897388a8f9cbe0c47""}"
default-r4,after_optimizer_step,62,248,model_params_sha256,,2,2,False,"{""2080ti"": ""f2ea376b9127b479c8323eea4648374a102f583d8931553d6e5070d4671be26a"", ""3090"": ""5f470728cd5bcbec1997e6adeaf428e1ea65fc64ec8829802332fba02dff16aa""}"
default-r4,after_optimizer_step,62,248,optimizer_state_sha256,,2,2,False,"{""2080ti"": ""4720113fb0998aa5c204189ceb45176279e7b5c810ad56027de92427d5298828"", ""3090"": ""51dc9743b08de6fbbb1e68d72310514ff1612aa8726e11f5badbda26738e84c1""}"
default-r4,after_optimizer_step,63,252,model_params_sha256,,2,2,False,"{""2080ti"": ""5567a1e48b14a57d42cdc961772485f10517d2fdb7c6172fb3d74aa3b8d2e601"", ""3090"": ""ed70310e230aa087a2bdfd1b2746dccf6f8711aac3185af59ffac24d2d50ac78""}"
default-r4,after_optimizer_step,63,252,optimizer_state_sha256,,2,2,False,"{""2080ti"": ""ae2ae8f9b9705267066fdee16393d53149c3f8d01ff91ad7157e193e6e4e49f6"", ""3090"": ""ebe78e78c6f0684b5cedbe10c82702eabda4b71f6958dcee640d65c6f359acb1""}"
default-r4,after_optimizer_step,64,256,model_params_sha256,,2,2,False,"{""2080ti"": ""8e991a7a226877f35f91c36ee74acff5e85749e8baab0e2215c1afba9d5ec92a"", ""3090"": ""03fd5689d27c2f75cf7ddf09fa1bbc3454c14d91d0ab8440732474f62e6b3b97""}"
default-r4,after_optimizer_step,64,256,optimizer_state_sha256,,2,2,False,"{""2080ti"": ""d1a54821bb6793a4f7464f8563f2ba3e7ffc16e9ca78f9d3255dd081d7851c8d"", ""3090"": ""da89e0de995540ef53d219f90f31350f2537e9128a645a2aa3b980172f294233""}"
default-r4,after_optimizer_step,65,260,model_params_sha256,,2,2,False,"{""2080ti"": ""c76802cf59006b1add1f9eb80c23c2f6e1134b947f79ccf575b5893ba209547d"", ""3090"": ""1a5d58f3f44c36d77bece56547dae05676aa97db88a6571de50416f2251a62ce""}"
default-r4,after_optimizer_step,65,260,optimizer_state_sha256,,2,2,False,"{""2080ti"": ""82acf22b40db7954cadd21f3c78534e66a7b9688e41751b57e9049261055e161"", ""3090"": ""9328afa91dde905026d7017a5a0e1058cb7c6c44a7945425b144d9514fb56e4d""}"
default-r4,after_optimizer_step,66,264,model_params_sha256,,2,2,False,"{""2080ti"": ""710932d3f46fad3dd3b28780cf2d632d73d6bfdbd61f6e4956ca9c63f1ecf3d9"", ""3090"": ""d4403917e19ded1957622197e206f9ca3c2c29a7012f0492a6ff42cb1fabddbc""}"
default-r4,after_optimizer_step,66,264,optimizer_state_sha256,,2,2,False,"{""2080ti"": ""34b9307fa18034d51975ed0e95f33316370f33497dfd5ec5e56bbb4d274bd3ef"", ""3090"": ""46d65a8e04fab2ba90b260483b504dd568bc8ed64070de5b03fbcc37e6e3f8df""}"
default-r4,after_optimizer_step,67,268,model_params_sha256,,2,2,False,"{""2080ti"": ""378d9726d6724b67c0ebd678ddffaf9cb749353af6692c23f647c5923763e49b"", ""3090"": ""2fba3be67de9853ee5fdf39600e46d4280c14e2101e2fc4ce9f81f281c6254c7""}"
default-r4,after_optimizer_step,67,268,optimizer_state_sha256,,2,2,False,"{""2080ti"": ""11104ca8e4ab4afd22a3a5cf5ac2df9f63cf46336cfbb8ea33a4776ea3edfb5d"", ""3090"": ""ef19c033672550cad619e5cde5c0d44f5d5f9ccfb606fb34d60adc3fc520cb24""}"
default-r4,after_optimizer_step,68,272,model_params_sha256,,2,2,False,"{""2080ti"": ""a2988cd51b17b997a8a6fa0605df5d7fc7bd357c633327e925f460aeca9cd3ae"", ""3090"": ""f9cec9efa1866c7939b046eaf86e859405a1d946cbf5c8c37023f3820dfc3eeb""}"
default-r4,after_optimizer_step,68,272,optimizer_state_sha256,,2,2,False,"{""2080ti"": ""191134892647a9df5388b2f145e1fcd1ccaf1a2785f8bd444e342f2a24b29544"", ""3090"": ""5dfc594eff221c18563e9a641c260b66729ead60cd11b3483b2cbec9f2df0e28""}"
default-r4,after_optimizer_step,69,276,model_params_sha256,,2,2,False,"{""2080ti"": ""0ba9a8c386264465ae731cd91ea3bdbb9c9ce041b9dbf7dab900807302e67d0f"", ""3090"": ""d5a92a0daaa74943bd719e9beceede8ad0eeb54a9d246e3bc7cf48b060348ebe""}"
default-r4,after_optimizer_step,69,276,optimizer_state_sha256,,2,2,False,"{""2080ti"": ""2f1b368d901da2d4a2d64c1211c724d60f19dc42a3d1e1573ecc68c65484808e"", ""3090"": ""a6893324ac04cca5ea3078b281584149ea7d9afa697c9e18da65cc93368d2150""}"
default-r4,after_optimizer_step,70,280,model_params_sha256,,2,2,False,"{""2080ti"": ""95547c63560833ca92d332a59986bf127efb383d41ded01209b59c58b56a3e43"", ""3090"": ""3e6f73f994044ad03828574bc281cc62e6328ecf6453bdfc8472fff634e5624b""}"
default-r4,after_optimizer_step,70,280,optimizer_state_sha256,,2,2,False,"{""2080ti"": ""1a312df46ab099dfb2b9a95877b6bdb1fb1543990e044716d12557bcc4c8f2a6"", ""3090"": ""72546f3abc87f0460f00dc87c399e4207e9f645400aca81f41239f9e87fc1db5""}"
default-r4,after_optimizer_step,71,284,model_params_sha256,,2,2,False,"{""2080ti"": ""3058be3853392e05c2bc1ffb007dc042d4bb55e2f6a434e734d7750ce361477a"", ""3090"": ""b2d84af0413450b5fc0e68184ad782bb73a73b9089e65b3fb872bfce8f82fe8b""}"
default-r4,after_optimizer_step,71,284,optimizer_state_sha256,,2,2,False,"{""2080ti"": ""c99f5fe0a3c46809c49437efa9a226802e435cd0b59c973588a4f87611971d27"", ""3090"": ""83f61914e1776ca4106fa02d064da61191e2f2dd90d4ca82f9839c3f0b88fcb0""}"
default-r4,after_optimizer_step,72,288,model_params_sha256,,2,2,False,"{""2080ti"": ""032c9057f174f50d54e191e72c86d9cdea12f5432cf0d80281481d2501e7ac35"", ""3090"": ""022b89c0a21e87e696aefaa7e06574dcf4e3c297f94cbc9060b79b721e12950b""}"
default-r4,after_optimizer_step,72,288,optimizer_state_sha256,,2,2,False,"{""2080ti"": ""5ae8694c012fa1015546ab21dcb28b0423dd34b6aa4b024e25d5288bd56cd742"", ""3090"": ""20bf78dd42e7234d941afa5d409fa7a81420369d2168f19f607e73a67af94678""}"
default-r4,after_optimizer_step,73,292,model_params_sha256,,2,2,False,"{""2080ti"": ""d26ec486dd0999c64e1d7c881197a99860809fcc73a8322929723df98b5939f8"", ""3090"": ""a7cc1a8452640f4bd778868c0c50275d80af612477d0c1eb642b247f5d0bb5e7""}"
default-r4,after_optimizer_step,73,292,optimizer_state_sha256,,2,2,False,"{""2080ti"": ""113a32ce4870828ca88b3fae03ad077fa4232f3c7bc3d459ec9a0324ec84c28f"", ""3090"": ""123e6264c02d254c3b4e184ab5ccf73bf7ec49af8ae37254da78035da544665f""}"
default-r4,after_optimizer_step,74,296,model_params_sha256,,2,2,False,"{""2080ti"": ""b28b70c4013d0560420fcb337830957d2b0541299a4ca9617088770236f95d75"", ""3090"": ""79dfda4b1cb4340aa9b88649e90cf884f10dd04a8152785f3a548818da3ed5af""}"
default-r4,after_optimizer_step,74,296,optimizer_state_sha256,,2,2,False,"{""2080ti"": ""c8e190ca4912d18ae1e8cc6ef4f72e57849de9503e741059b573ff59f08eb89b"", ""3090"": ""a8735724aa347efde8208c9b309da0b87db7e00a35f2de3971aac503a8b156fa""}"
default-r4,after_optimizer_step,75,300,model_params_sha256,,2,2,False,"{""2080ti"": ""1c2b7c9c28e09fd042465d5fe934ff697abc932ef169ebb01a0ef202d6b8f4bd"", ""3090"": ""8095858c25f56b3c3569c31c2d841f30246f3ec2bfd0bd2b3400a25655d58324""}"
default-r4,after_optimizer_step,75,300,optimizer_state_sha256,,2,2,False,"{""2080ti"": ""eba633558645536ca15de01ce920ac3c6362f22be8bd2063028305d3f1418f12"", ""3090"": ""b1e5e18be6f1d35ed5feeb81aadc03afbd314e9949d6f4c4ff80097bba8b3e19""}"
default-r4,after_optimizer_step,76,304,model_params_sha256,,2,2,False,"{""2080ti"": ""02db8108acb45b583f07d6fbd1b46282e34a4477f1c43e63a765af55e8d8a8ce"", ""3090"": ""af7825065a5535bcb63f5369df48ea6f96345ce0bc6dcd056486898429c76da7""}"
default-r4,after_optimizer_step,76,304,optimizer_state_sha256,,2,2,False,"{""2080ti"": ""557c10d19be1867a4d442ea12515f09dd67c56153a8d1f0d913759b6c17ca3ad"", ""3090"": ""e92073088a0c4734722c626a4cf0db83f69df2e84764a40e7dce7dd959c0e91d""}"
default-r4,after_optimizer_step,77,308,model_params_sha256,,2,2,False,"{""2080ti"": ""a0436c43952a307ea7d2a9c5ae44fb99122d2576981d773c06a738cec588324a"", ""3090"": ""4c4ff8905a6969fa43589a1b0a438da892bc794eada73ca218022fcca8ab552d""}"
default-r4,after_optimizer_step,77,308,optimizer_state_sha256,,2,2,False,"{""2080ti"": ""c69009539c0a64c0a124446244e80b9e2c67d537b364537d37ed901426667680"", ""3090"": ""4af211517fb81cd0c74c4ce621872ca7e0d17bd83c732c129f498fefb923ee14""}"
default-r4,after_optimizer_step,78,312,model_params_sha256,,2,2,False,"{""2080ti"": ""4d2133b40e6ea8c959989ba2eca461b4c4ec375ecd0a34b9382f8d8b32040dfa"", ""3090"": ""8bdd6b0a778a1a7e9c56140df54e9ea61b4eba854d0374c3db67c562710714a5""}"
default-r4,after_optimizer_step,78,312,optimizer_state_sha256,,2,2,False,"{""2080ti"": ""0129ce7bcbc942bc4c8134eee60de7778f77b222c1aa909b4cf78b49061fd604"", ""3090"": ""022f4a6008b0060055f4d5625d265db3a5229defdfbfbaebb99e725e8852fadc""}"
default-r4,after_optimizer_step,79,316,model_params_sha256,,2,2,False,"{""2080ti"": ""ad8578ec775c0408c702ade7a1dbb2599a2e60b464e94b77b95c37fd08732090"", ""3090"": ""f27247b06f1173eb1f7efd061876be9e89b642fe3b4faab5908f6417a12a8925""}"
default-r4,after_optimizer_step,79,316,optimizer_state_sha256,,2,2,False,"{""2080ti"": ""ea1a118d195ae306ab46c1066a1bd9451522163f6ee88487b202ea2d3bfc299a"", ""3090"": ""481ad8fcb3e71cb83f829f2290259bd108e627a473143913b9ebeac2b735dd0c""}"
default-r4,after_optimizer_step,80,320,model_params_sha256,,2,2,False,"{""2080ti"": ""f914bcb8cda950218a95e71bd7563e8c38ce3d3504a9ed8cb0dd9c2c10087a87"", ""3090"": ""0b1b8b275a14ea9643ea9422bf838e0bd7f2983a4f156163f5465e74e197f55b""}"
default-r4,after_optimizer_step,80,320,optimizer_state_sha256,,2,2,False,"{""2080ti"": ""af3e49db175986c31d9ba4f5fb92945bfaed21ee7fb9ea64c0933e4377d337b8"", ""3090"": ""6a1317350bac47eb2f48e58e1ecb8450e98a8f266692ae638879111f7fb9a6e0""}"
default-r4,after_optimizer_step,81,324,model_params_sha256,,2,2,False,"{""2080ti"": ""606574d9eaa9164cf897fa7a1811327ebbf3747ee803fb551f39ae4ff172f9ad"", ""3090"": ""c91fda6d810077027e39c1f8683b4045c05144409dcf915d8ad2568d765ee817""}"
default-r4,after_optimizer_step,81,324,optimizer_state_sha256,,2,2,False,"{""2080ti"": ""104118f44995622af0c71638b557fc60718222724f7dba8494c886728bede6e2"", ""3090"": ""d170e305adb8b25c8f5e0abff588d000d8155108025b5c3d3761e99b2d7d2709""}"
default-r4,after_optimizer_step,82,328,model_params_sha256,,2,2,False,"{""2080ti"": ""f4a377decd8adc527d512b047d7ee306d3250878de47b6ac29584a64a711a1a4"", ""3090"": ""5891dded7dba7133060fb825a565862eab27d9057cb47c12d91eb87b44985ef4""}"
default-r4,after_optimizer_step,82,328,optimizer_state_sha256,,2,2,False,"{""2080ti"": ""2118b5e98376c25000f6397f3cab7c3c52f92ed45fb753d135259d8c40e07289"", ""3090"": ""7eb5300887939d0773a84d01b2df54cc2cef41415b0038b178e172491fb6d34a""}"
default-r4,after_optimizer_step,83,332,model_params_sha256,,2,2,False,"{""2080ti"": ""0edd255af895b5aacd54b482f3bab657a565dd398cfe271dedea24fe52ca823d"", ""3090"": ""53daa7fab564a6a054dd2ed335463204d8aba7ac758a33295e2542b72d95b642""}"
default-r4,after_optimizer_step,83,332,optimizer_state_sha256,,2,2,False,"{""2080ti"": ""27f3a66c94b8dbaad244dcb4ef74e70fd0cd4c49761f4d67487233de94747778"", ""3090"": ""6aead70dcc9c8a23dab0476a4fd946094a30384c8502ef3e6217b9e9b5c2adb1""}"
default-r4,after_optimizer_step,84,336,model_params_sha256,,2,2,False,"{""2080ti"": ""110802ce7dca1e0f66c133db914aeb213aa50e97cee442e8c988d8d7bfa7be09"", ""3090"": ""b2b06fdf938844d5771c7147828dced696417faf23d295ed7d421d15efaf850d""}"
default-r4,after_optimizer_step,84,336,optimizer_state_sha256,,2,2,False,"{""2080ti"": ""f5f92d77db08e790dac06855796c6043e219aafa1ecfc750f281c560dccc3438"", ""3090"": ""0c4238fc3de6f8ee2d323a24bd0544491cf92993ced89273521b7c5a0d7beafd""}"
default-r4,after_optimizer_step,85,340,model_params_sha256,,2,2,False,"{""2080ti"": ""ad9548c363c0ebb3abffa6925dd347505565dd8ea4c483ee6a16832e27a1eb08"", ""3090"": ""ed1ba98b77f8ce96049ae1acfe57973323e5140c537ca898a87afb3db8a02958""}"
default-r4,after_optimizer_step,85,340,optimizer_state_sha256,,2,2,False,"{""2080ti"": ""fc63625796456fcfd36325975fe485fddfd5e7a60f5dd74fc5e837d02e95d920"", ""3090"": ""cd8997b86ac3ebd69943f78dd133c1a9ef9b5f00002515dfa56b3d6953e958eb""}"
default-r4,after_optimizer_step,86,344,model_params_sha256,,2,2,False,"{""2080ti"": ""ed40611966730279f1ec21f267a73fba67e99644843f0cff5c58e7e0f453925a"", ""3090"": ""75c652429b0cedacefb67df8f9f2b781a3f72b509b09cbcab230767f03b78a03""}"
default-r4,after_optimizer_step,86,344,optimizer_state_sha256,,2,2,False,"{""2080ti"": ""20bf87ae4002a5d8478d80aee6be1ceac0a089051579fe44b5da751ebd381cc1"", ""3090"": ""fbbe8fadb925822bcc5bcbc03b9b2a5c709351722d43278c89933c5d76a58a7a""}"
default-r4,after_optimizer_step,87,348,model_params_sha256,,2,2,False,"{""2080ti"": ""0caed26c718ab06fde85eab377bca92ca1a0e810730e76de53df78f9529f81ed"", ""3090"": ""6221321b274a90326d3bc2e95815d9efe988ca08314115a96d931f500370f901""}"
default-r4,after_optimizer_step,87,348,optimizer_state_sha256,,2,2,False,"{""2080ti"": ""7de1ec4248ce13552aae05c79fec247fb410b1147d9da6e6dd9cc1f11e0a28ce"", ""3090"": ""bcaa4e5f6d3243c7d4777c235f081f1c4345a4a114d8b6709a2d5217b449935e""}"
default-r4,after_optimizer_step,88,352,model_params_sha256,,2,2,False,"{""2080ti"": ""c154bcceea93134ec4452ddd022b54822f9d943c84ce6e4e132fd6c76d054c5a"", ""3090"": ""f10305bf9f8bb21acd49abd86190527ff846a4c2a10768bcfc4610c5a2f70f68""}"
default-r4,after_optimizer_step,88,352,optimizer_state_sha256,,2,2,False,"{""2080ti"": ""0b9eab995a0115d699123f53aceb9edc4d913a79fff347e641885be0b041b6dd"", ""3090"": ""c60baeb48cd307e27e9a150860565441f8d9e08fb13e79aacd068f62d3802366""}"
default-r4,after_optimizer_step,89,356,model_params_sha256,,2,2,False,"{""2080ti"": ""90cf70250d20f6a2e141425f9aaf36755c879d83754ffc3c7a5a9cebfbbd9fe6"", ""3090"": ""1e8dfa202a93940d532432df9f9b0b8def12b01b757b4737cc8c0e00f7a430d3""}"
default-r4,after_optimizer_step,89,356,optimizer_state_sha256,,2,2,False,"{""2080ti"": ""d42f9950ecba1f5a425b4ee90f379507e0e659cc7a4b0295e945e8e94518d2c0"", ""3090"": ""5cc3009f817bb40648764a629328a988bcd818f6d214a4e5cb9a3a46b8201c65""}"
default-r4,after_optimizer_step,90,360,model_params_sha256,,2,2,False,"{""2080ti"": ""822c4bff20caed640b38c863a34afdcf52979bc073010ed7c7f3c5a73639d20b"", ""3090"": ""d08e4df9b5b541757ed9fe1381b72faeaa729037938b903148ff9d8a1bdd4ffb""}"
default-r4,after_optimizer_step,90,360,optimizer_state_sha256,,2,2,False,"{""2080ti"": ""ccebc2f158defea685bb72a45ef9bc324cc27469532c6731bdcd84cb5887bcf2"", ""3090"": ""f5fedea109eaa270e9380a20d49d39bbc17114065ca6a0ebe5dc354dc0cf7cea""}"
default-r4,after_optimizer_step,91,364,model_params_sha256,,2,2,False,"{""2080ti"": ""e6312286c0cceb6548e2250ab98a4ba6d755ce3a24f7200738bb0d05745da043"", ""3090"": ""005d27bba4542270581ebd18e37a32dc876acec3825c3a62f62c1b5a8c47fe4e""}"
default-r4,after_optimizer_step,91,364,optimizer_state_sha256,,2,2,False,"{""2080ti"": ""acdc953c0b662cc2528ad966dfbe45dea90845c4b14900b4d327b96a30fb31c6"", ""3090"": ""56919c6ac6c61d049bc6c5d7728205be6746659137941ee6d5de15ae7f8aadfe""}"
default-r4,after_optimizer_step,92,368,model_params_sha256,,2,2,False,"{""2080ti"": ""0530e27e63a172477f1420b20203a73ccaa1d43ca31a6eae5bf215352c85171d"", ""3090"": ""f9b973de0323d7c4783deee10516db0a78c06cd2b97e3455a1469284f312d43e""}"
default-r4,after_optimizer_step,92,368,optimizer_state_sha256,,2,2,False,"{""2080ti"": ""4635ec6a3f9146234af59532774a60e6f2ca2173c9fb10297f0c63c6bd0f03fc"", ""3090"": ""9d8067c0bb509120e7400de8220dfb565f22f294aa21ede8b93f612713ef61ac""}"
default-r4,after_optimizer_step,93,372,model_params_sha256,,2,2,False,"{""2080ti"": ""6b0f6b131cd5e6c786529f33c313a5b02c53ddc26ba20d26055387b82f6aa166"", ""3090"": ""0fadb7bed3bc34d2abc5eb0201cda4aae4c973f9d078b82dc4a92d70ab364fd7""}"
default-r4,after_optimizer_step,93,372,optimizer_state_sha256,,2,2,False,"{""2080ti"": ""1c96e5d9c8871adc401a60f927778b13e2fef2f47b70d543af96b3f8b5896b21"", ""3090"": ""ee464094e202e2cd17841be31bcd54498fe11530b89094f1df64ad4a3226e3ba""}"
default-r4,after_optimizer_step,94,376,model_params_sha256,,2,2,False,"{""2080ti"": ""006c159aa361d52506adf88c5b232399b6edecddb84732d4b860ea9ddf36b452"", ""3090"": ""36acbb487b05237f638113ca5a9ea51496b9fdf4a49f7f42122a6161cc543bd5""}"
default-r4,after_optimizer_step,94,376,optimizer_state_sha256,,2,2,False,"{""2080ti"": ""b9d951904fe36aee8b39296099a175af57faddcad3d9c5c3fdd19c7d19e51f00"", ""3090"": ""5f6950529169bbebd6ba034e56a3b348d3ce0f7616008c70d3841540dd5ae689""}"
default-r4,after_optimizer_step,95,380,model_params_sha256,,2,2,False,"{""2080ti"": ""2c27e7378f92245d175c00ece65b9859ca4062de77eb5d1bb4b2fb5abf9c85b2"", ""3090"": ""c017889b835a34c1ed5104662c66917e3fbfd904bbd805f6a8cc8865eb0b5809""}"
default-r4,after_optimizer_step,95,380,optimizer_state_sha256,,2,2,False,"{""2080ti"": ""b2e3a1837bcb9c7158793a3f9e25ed766b70471712da8978e1b2e5601212ac81"", ""3090"": ""3168cb9c622015f36bbd505fa2600eaa77eef479e69f6628c73c3bb011b5923d""}"
default-r4,after_optimizer_step,96,384,model_params_sha256,,2,2,False,"{""2080ti"": ""d89c6eb594eb809254c75c2821b5992bcc6240f56c7004fdd12a932cd42d17cc"", ""3090"": ""acdbc467fddaceb2566865ca0ef7617aea999503376f88d88702aefa75aed4c8""}"
default-r4,after_optimizer_step,96,384,optimizer_state_sha256,,2,2,False,"{""2080ti"": ""877c03d10a3f7c334602d0e7a30da6491cf9a608cc8e00ac53bf55c67428d85d"", ""3090"": ""152c22dbb5b0e8c2686878f407b27450325be8fb8b0eb63a50d3a1db61bfd913""}"
default-r4,after_optimizer_step,97,388,model_params_sha256,,2,2,False,"{""2080ti"": ""a3290a464ad9bf53103bd94706865e8f10c59c04fb17d98bab7b05eacea63707"", ""3090"": ""eedaaf871444a86b95fd0510b2ba663d91c92b3f3601e072ab95e46e9a9a257c""}"
default-r4,after_optimizer_step,97,388,optimizer_state_sha256,,2,2,False,"{""2080ti"": ""61e3b73c332590b4a5bcddf222329f0ba9fb163b6cbe8424ab1424ff64423f9d"", ""3090"": ""66520d6944ff040bfd1755f4e825ccebdb31f78ba9daa4ef70d16d17788e9cde""}"
default-r4,after_optimizer_step,98,392,model_params_sha256,,2,2,False,"{""2080ti"": ""c0e1d1e4710b1e26f2ea0fc45640847bc547283cf427f0b569b5449d951e33e1"", ""3090"": ""8d019f8eca272bd82c3ed2cbaa4474ab3de5da561638d9ea3929853faf91ff08""}"
default-r4,after_optimizer_step,98,392,optimizer_state_sha256,,2,2,False,"{""2080ti"": ""0e158c9c99e26c19e4c657b1807a09d97183e81448f9d20d4abf1db85d966f6b"", ""3090"": ""5141bb780d2c40d51d8c18452191b387dad15efd7d436921a45c65a824cdb7df""}"
default-r4,after_optimizer_step,99,396,model_params_sha256,,2,2,False,"{""2080ti"": ""8079b74ca38d564453151e2e636463dee197228f884a065801cab52078427ab4"", ""3090"": ""877978185f45281b7a3d4fcefc243626cba934572dfe15f25dd3695e2eb56859""}"
default-r4,after_optimizer_step,99,396,optimizer_state_sha256,,2,2,False,"{""2080ti"": ""d19a58af863c3439a84e9e0f15076f0a9c79df52a90d256dad0673c16c0312fa"", ""3090"": ""1973a75cf4a256281fb6e1853631d562d3fe2c1d985ebd6d57e03c37fb6720ee""}"
default-r4,after_optimizer_step,100,400,model_params_sha256,,2,2,False,"{""2080ti"": ""a49a1833605046a26cdb0ed9be7126b8c976133b746f17b5a43ff974c0745c83"", ""3090"": ""d3c47cd42467d9047b77843e99a0aa26bf209fce6a72cf4c9d372e19e852a90b""}"
default-r4,after_optimizer_step,100,400,optimizer_state_sha256,,2,2,False,"{""2080ti"": ""6a1f15c34497c63281cb2a1de58390cfddd10cfff1f20fbc779fc16e0f872bbf"", ""3090"": ""56f887ae79ea573ecccea5a6b78f9149955b1de3f05e00ce848b194c580f9c98""}"
default-r4,after_optimizer_step,101,404,model_params_sha256,,2,2,False,"{""2080ti"": ""01d1e06bda96c1b1b261a61b96a4e4eea7494a22cf0f3c37e3d0542aba2151f5"", ""3090"": ""7d6720863ce9309efeb6ec47f3055ffaed9c5322372d4c28fdf7f5c4430a2d40""}"
default-r4,after_optimizer_step,101,404,optimizer_state_sha256,,2,2,False,"{""2080ti"": ""92d4b01d1e767cc29eed28891df37063d76c77d6194c2a1b7abc4718f2433b24"", ""3090"": ""36a17fa82be72b5cc3c28674ca63c4f44397680426ad3d0d0a60f62eb7baae41""}"
default-r4,after_optimizer_step,102,408,model_params_sha256,,2,2,False,"{""2080ti"": ""68375606d075a24db014c0d8ab609c5ee896995054b49c079d69cb6f3a2e6007"", ""3090"": ""7df1de8c9cd9d464e986180d596eec5efba0fdb440fb7a2c0b55079b81bb4331""}"
default-r4,after_optimizer_step,102,408,optimizer_state_sha256,,2,2,False,"{""2080ti"": ""223f2127d62622daa4eb192580556578ecd18792d5265ba85967ce316458647f"", ""3090"": ""a82f66a0c7eeef7593cc6cbcc2655f61ad4388c0443dc8260d1f4b829973fea2""}"
default-r4,after_optimizer_step,103,412,model_params_sha256,,2,2,False,"{""2080ti"": ""4000194776302e2dd3b176d0d16a67f4f62c90613f4606a1a9f33178a0ebc313"", ""3090"": ""878037f570db72acf302c29ea97b5ca9a82425d7236d06d942d4fc972457ffaf""}"
default-r4,after_optimizer_step,103,412,optimizer_state_sha256,,2,2,False,"{""2080ti"": ""4ef151fee6a92988656326454361ffca20edd849fe63ea90b685d16810375592"", ""3090"": ""1f54ec91415455cf405d5bc9e0d2b6f0bc78f3f18f287501be423e1201936b5b""}"
default-r4,after_optimizer_step,104,416,model_params_sha256,,2,2,False,"{""2080ti"": ""2add79766dfccdafc9f66ea156c93a6e2a50e7d1d937e92edc8e03e72f44dadc"", ""3090"": ""aaeea58bee093de65197ad0dece85d13f0fdcee78bca070448c26f3f6fe2c11d""}"
default-r4,after_optimizer_step,104,416,optimizer_state_sha256,,2,2,False,"{""2080ti"": ""de18c6da1dd1bf5cf9526cc88072bcd48a44c3133b8767693cf4afbe08493690"", ""3090"": ""0b6c283e21defb1fbe31839e324fbc2179cbe9fe46a971a89d016d0991f1ca49""}"
default-r4,after_optimizer_step,105,420,model_params_sha256,,2,2,False,"{""2080ti"": ""33a85c87480627a7ccf2107ab4e16f0504d4a9384107c52284bff52f67c062aa"", ""3090"": ""6727015af1e42a4a0750d38112b915282c76107cc71361e21afa265326d5f54a""}"
default-r4,after_optimizer_step,105,420,optimizer_state_sha256,,2,2,False,"{""2080ti"": ""8a53c385b4b97659df4e01031f3a1f159349134378230398a25990a8e26ea063"", ""3090"": ""cf36e8059c63d232fa437edcda5600ad59a954b415afd512b29dfe6ea9245981""}"
default-r4,after_optimizer_step,106,424,model_params_sha256,,2,2,False,"{""2080ti"": ""5ea8e63107e3982b7bf34a8ddea236bad3f419e3748d1d336cdae8511b9480cd"", ""3090"": ""e243421b8690892f837569363c54ef976980198080830e6a835906fc535751b8""}"
default-r4,after_optimizer_step,106,424,optimizer_state_sha256,,2,2,False,"{""2080ti"": ""95ba4639cdf53958f87b2ff1172b135dd5ba001cac9b3340d9426be85182fcc5"", ""3090"": ""c49411e70ed00e50c557f25ccd371bc90f1bb503cac358ca011cb8fd8ffa1f65""}"
default-r4,after_optimizer_step,107,428,model_params_sha256,,2,2,False,"{""2080ti"": ""1749ad73321f7c5a3c8ace48dff284bc1ac241b783d76e630947419d2580cb3a"", ""3090"": ""8cabb1b4837491db8447d26abb974dc18192396c00d96520580020765b87f9bf""}"
default-r4,after_optimizer_step,107,428,optimizer_state_sha256,,2,2,False,"{""2080ti"": ""419e1309059dec8fbe4a452b395744c1b3872c46b9d86a0047f20b8942302206"", ""3090"": ""ecd4d66a274eae6231b81e4ece53f32e5e0944ff47202a22839fd2360ea2e135""}"
default-r4,after_optimizer_step,108,432,model_params_sha256,,2,2,False,"{""2080ti"": ""93855fdc31dbfb798193d39821c49212e0b46316228a96965beb83154a27b330"", ""3090"": ""8207ae6d2a930fc1a04e25f3e6340b12f4827dc06f27a2a014ea120f6b32646d""}"
default-r4,after_optimizer_step,108,432,optimizer_state_sha256,,2,2,False,"{""2080ti"": ""fa9a0840af3d0ed26c456cdc9a01404cddcf0d7c4cf80bc9ab45e58f4a678bb0"", ""3090"": ""1cb5e6b25db2093c8bac0acd0e5c01d924d55e3ad33d0c18fb8e72549ba6f151""}"
default-r4,after_optimizer_step,109,436,model_params_sha256,,2,2,False,"{""2080ti"": ""c963e083ba3375ce269504c295364852ba2469861ab0c648dc12b9006e3bfcb7"", ""3090"": ""58ae41b54b01a3d737af1e53ab8b04e65e80c956a3dee51171d5efab484813b9""}"
default-r4,after_optimizer_step,109,436,optimizer_state_sha256,,2,2,False,"{""2080ti"": ""51885acc4a513f876224b15d652c792e9750b75923eef6dbd6dbf37450bf1f14"", ""3090"": ""d03ff08e8b77b8ae1a0c377f1ef736ee61f3b37f7b88600825ed5e10657ba62b""}"
default-r4,after_optimizer_step,110,440,model_params_sha256,,2,2,False,"{""2080ti"": ""33816aeee3729f413f5edb03ae88d9bedb8ead16046a36be64361e04a4844940"", ""3090"": ""e2811a258b72266910d72fb593e5d1dc5de2dee93c3d3d234c2604f58fbad8ea""}"
default-r4,after_optimizer_step,110,440,optimizer_state_sha256,,2,2,False,"{""2080ti"": ""f0ac7564f955204e2c10c3b7232b170761d59930fb7d604536264b39dd66ae54"", ""3090"": ""082375a5e1cbf6e52d997b820011646edfd83ea4500d3ad5d514aae26c01d61b""}"
default-r4,after_optimizer_step,111,444,model_params_sha256,,2,2,False,"{""2080ti"": ""d561d6b0ed3fcdcc0b700b790b3b8015df18c74d6bdafc0a6e73cbe38499b683"", ""3090"": ""459130c96cefb33f2f6512ff15d5a63d13542f4f0fcab2635c94da549c5ad516""}"
default-r4,after_optimizer_step,111,444,optimizer_state_sha256,,2,2,False,"{""2080ti"": ""690b1a6b7491fe534317783214cddab11cb35009852c2cdcc8269816e21ddc32"", ""3090"": ""08d6d4d9688e338d1a2fcaf9eb9d3caf06ce726fcb64d5d47ab6a5a50c157617""}"
default-r4,after_optimizer_step,112,448,model_params_sha256,,2,2,False,"{""2080ti"": ""6e55bc3039385dcd7a249c8cac8b92fca45c0d4837aecd089dcb6a093dfa7903"", ""3090"": ""388706e455bb4654c31b5fb3a6d828e326928f7139aebe45ac109f5861f1f514""}"
default-r4,after_optimizer_step,112,448,optimizer_state_sha256,,2,2,False,"{""2080ti"": ""5a483acf18fbbd95393746154926d9fafa7f2b9c8530136432d1123931e442b7"", ""3090"": ""350b53dadc2c12c1252c6fb78f75c4386841f69f6998b97e7518465f44cc51b0""}"
default-r4,after_optimizer_step,113,452,model_params_sha256,,2,2,False,"{""2080ti"": ""f30a3469a63f337170f8213daf3e24f1a8e90a6ad731ed96a68142d65675cca4"", ""3090"": ""72856ba2c909c003d296abeb7b46999a2798006fed8c8157123e7a681c562e04""}"
default-r4,after_optimizer_step,113,452,optimizer_state_sha256,,2,2,False,"{""2080ti"": ""0b888ce57799d8b52829fd0b53d1e7596cd4ee0eeafeeae86d9d3e08abfa52f1"", ""3090"": ""deba860208dc1c203aea2c27d7100aea22d6dc9daebd76d3f291fec3dd3e4fea""}"
default-r4,after_optimizer_step,114,456,model_params_sha256,,2,2,False,"{""2080ti"": ""a4511018ab1740f04e104568ce0ab86c10bc1e59b016c2b9b19e9dbf1ab683e8"", ""3090"": ""fdfaaedfab139b4cf782daa34b46329fb77bceb53c78efe42073756ae4e1a930""}"
default-r4,after_optimizer_step,114,456,optimizer_state_sha256,,2,2,False,"{""2080ti"": ""8f03a318b0265989a6672a6182ef21320281cc2dcaf5fa1d12f3ad1e5d45af85"", ""3090"": ""8ac7287778c9e3c5ce82ee59ad655a127c101b460ee3e5ee8a0b40b38dd252f5""}"
default-r4,after_optimizer_step,115,460,model_params_sha256,,2,2,False,"{""2080ti"": ""12b46322fde1afcb15ab851dd7a4b66241d6347ba635bc0dc8d152ca786f9370"", ""3090"": ""5063e54c1078d9322e450058daaea0ccc1d466d2faa72f8ea369a090b035a207""}"
default-r4,after_optimizer_step,115,460,optimizer_state_sha256,,2,2,False,"{""2080ti"": ""37cbc78961fe9008ee90b557002b2b6ea591048dc8f4cda3575ea346ea7efd9e"", ""3090"": ""61633cd92f0206b16db584b3035c3aa339ca2d890d24f2e9495e284dc97fd090""}"
default-r4,after_optimizer_step,116,464,model_params_sha256,,2,2,False,"{""2080ti"": ""13632612df5609c6e98803e47b6d39bc17920d2a8a3e27387228f817a8e6b3df"", ""3090"": ""c7776aa276560fecec08b55c7e3168f80e8f753dec21782bb396b5d85030f05c""}"
default-r4,after_optimizer_step,116,464,optimizer_state_sha256,,2,2,False,"{""2080ti"": ""612fe228f785cec6b87867e47fd9e66a9b3132492c88e68c9c2cdd1d3fd6e098"", ""3090"": ""2d681ddaef9f1037b0abcf31eaf8a3c49e1a0df48e5a8b3fe57312593ee3d6cb""}"
default-r4,after_optimizer_step,117,468,model_params_sha256,,2,2,False,"{""2080ti"": ""087a71b93436850fd6ee08125dc321432b3d2bac764dd8ec3b74a417de95731e"", ""3090"": ""c61084aec3909b4c12447b807f2835ef0375b2527f90bf9d106c74222bab2a86""}"
default-r4,after_optimizer_step,117,468,optimizer_state_sha256,,2,2,False,"{""2080ti"": ""05dc418b81c69b855cdd7c34515cb192801dcf4c62bebdf37e3f0f9f5d476ea9"", ""3090"": ""c32f7b96ca752fd827c280217a6e26aec6142d05625a1ee18cab443bf870ccc7""}"
default-r4,after_optimizer_step,118,472,model_params_sha256,,2,2,False,"{""2080ti"": ""ae58c84374a95388a06cb8baf27dbf5c95c2893481a28f2200f231a0e8268152"", ""3090"": ""fb66b59ca53434e4702d37bc69af7ec4c12550237f3e21b365eae323b81f910f""}"
default-r4,after_optimizer_step,118,472,optimizer_state_sha256,,2,2,False,"{""2080ti"": ""86f8336202f5ffb53f35adb10a899d7053d3abfcf04305d71066f1ff8aa26a3c"", ""3090"": ""8885ae9ee0098601321ec82fc605a82d7606e58606f5d6bacf498c5b2d3d3c0e""}"
default-r4,after_optimizer_step,119,476,model_params_sha256,,2,2,False,"{""2080ti"": ""686ff15c5d10bf1976b590a04af99977a0642fdd29e5dcd0a0aac5b06cdca303"", ""3090"": ""35367c95c0ceb122cae08b848856ef6d43ff1f81cee972a1dc5c7daf0d1be1aa""}"
default-r4,after_optimizer_step,119,476,optimizer_state_sha256,,2,2,False,"{""2080ti"": ""38233215ee292e45ea4e7cf8c9cde76461ab2e2923a77da40db6692ffca943a0"", ""3090"": ""aa650a396d0234b2bf949038c814a2937a0f3cd42d2d8a88fc3a08c60b25d304""}"
default-r4,after_optimizer_step,120,480,model_params_sha256,,2,2,False,"{""2080ti"": ""3b35c77e48bb84be11b235033a4d9b338f9eb9e8a0e0ae7bd4b3a7e89e5081ab"", ""3090"": ""c42fe1b7391ff3775122a33f7a42cacd265bb384b21973c5c74fdc4173fa481b""}"
default-r4,after_optimizer_step,120,480,optimizer_state_sha256,,2,2,False,"{""2080ti"": ""84cebba280e2569968b708be093683eec11c2ef150084c2a07e5341ab5824d8d"", ""3090"": ""e4faa24815691790ebff29567048643759f1070b3d961962968f4c54018d8ee1""}"
default-r4,after_optimizer_step,121,484,model_params_sha256,,2,2,False,"{""2080ti"": ""23737b7becc072fb33fe49bf8c298ba0c4c977f107e999bb4d1594b84ce1c73c"", ""3090"": ""af2202da9bd05e3b19140983caa5f319ed8a2916e01485720b2e172824882b17""}"
default-r4,after_optimizer_step,121,484,optimizer_state_sha256,,2,2,False,"{""2080ti"": ""f3e0b13c006266b123fa1afb9cdeafcb08779eaa6409c96f6303438e84a6819e"", ""3090"": ""ff9ec74c871461a81edb598ccd03bc3520d049e49cda36804d9c8675e03a23e9""}"
default-r4,after_optimizer_step,122,488,model_params_sha256,,2,2,False,"{""2080ti"": ""e8e0d88e831316a4d693fccece71686f2b146285dfb7fed30ec466f17dcec559"", ""3090"": ""5398caf8e0e9d7f25f8c501afda3cb158c79e2a96a57d447f81f0fdc0b21b35a""}"
default-r4,after_optimizer_step,122,488,optimizer_state_sha256,,2,2,False,"{""2080ti"": ""e9a8d1c38a2ee261ea08f6576550f79488e7666f6911f3b6e7a20e48a3ff92f6"", ""3090"": ""bfbcda9bcdc83e3455d5659df857bc43b4428d80731629eeac11f8aff6f54b0e""}"
default-r4,after_optimizer_step,123,492,model_params_sha256,,2,2,False,"{""2080ti"": ""7c0cebe58c2f677139e3597ddff616d350902dddaaa8430c10d3888cfd0fb870"", ""3090"": ""02e6f5a93a3ab9d154f17dc5b4dfca04d610432c60153ac31484ca9dfc5e8df4""}"
default-r4,after_optimizer_step,123,492,optimizer_state_sha256,,2,2,False,"{""2080ti"": ""dbf9fbe5d6aefd906576958310b34b78832ea18b11619811581aa05410b3b240"", ""3090"": ""3ad0321a92c104bc547b0dccdd62ab6cf398b18368e27f18dac1904318e3e723""}"
default-r4,after_optimizer_step,124,496,model_params_sha256,,2,2,False,"{""2080ti"": ""0b57077da04062242047f9181d72755ce118fa21ae67eb56184a5030d1f80299"", ""3090"": ""1a53a9307988117138b1a035e79b5ae6b55636512448add521fdff5ea7c86a81""}"
default-r4,after_optimizer_step,124,496,optimizer_state_sha256,,2,2,False,"{""2080ti"": ""5869ccaae684ffe6768641510ba27bfb25477e302539fe8270f18e4128c01642"", ""3090"": ""d50792f59cb8a6a87f84a5a8b22fd87b3e8ba7050c8d91c1b46e41365669e4c4""}"
default-r4,after_optimizer_step,125,500,model_params_sha256,,2,2,False,"{""2080ti"": ""ad402c48b306d9656da85be538e36546f5e04f94025389923936953f3e1d4185"", ""3090"": ""651cacec03af7b4904b884e868cb01966bf18424ba065cfff4f99c9b9b2dd5a6""}"
default-r4,after_optimizer_step,125,500,optimizer_state_sha256,,2,2,False,"{""2080ti"": ""601005a72004d3049f307da262f820822e4cb0bfbbe6cf0be48cc439d505c43a"", ""3090"": ""a8210cfd748d987a83272e6429ef51ffa3f3a91812b4909ef033fccf1571093e""}"
default-r4,after_optimizer_step,126,504,model_params_sha256,,2,2,False,"{""2080ti"": ""7bdfdd0f71060db71fef65523f391d0e43ef8add5fac4a583b65df520a844faf"", ""3090"": ""c33bfcdd135f46a07917a820d71ba300457bd17580dab97b3ef45eec475ee3b5""}"
default-r4,after_optimizer_step,126,504,optimizer_state_sha256,,2,2,False,"{""2080ti"": ""065fecefaa3a97b00b3091bf38786cf1a4d5fc55c773a4f2637d5aaffcf21696"", ""3090"": ""ff6c79897f6785f34b6bee7d40832a8c906e4176780d3d2eeeabdf187a82ded5""}"
default-r4,after_optimizer_step,127,508,model_params_sha256,,2,2,False,"{""2080ti"": ""24513c1001ad07413144ead974ef240e9616a98bb5b06c0f6dab067fc60d9cb4"", ""3090"": ""37a011f46fb77657983545a55d3f0993e05129cd06ffd2cc8030b19001c7ed3b""}"
default-r4,after_optimizer_step,127,508,optimizer_state_sha256,,2,2,False,"{""2080ti"": ""97f8ab41980fad2d549407e842085064b41a1f234c9d6f5f3b2fbe267074e6e7"", ""3090"": ""fd362ebe1d40ab45817a6f13dd914bd9eac62681e43500fa014c96c4667da083""}"
default-r4,after_optimizer_step,128,512,model_params_sha256,,2,2,False,"{""2080ti"": ""1a53ccdec6931419008f8f56bea5f053b4b4162552448436c2b93a60805a4341"", ""3090"": ""1e2c5dbc6973ca429f9c8191d578210ba6f29c616e21de9833ba47a09b1ca6ad""}"
default-r4,after_optimizer_step,128,512,optimizer_state_sha256,,2,2,False,"{""2080ti"": ""3d3d57235762a6c1412ac2496d8c6fb38e783fd2ee6dc29a4126a60228b08d79"", ""3090"": ""d128e6229ac60323ae99bc0df5522797d8e5c36795a0cf0dec489d026a73bf00""}"
dropout005-r4,preflight,,,cache_combined_content_sha256,,2,1,True,"{""2080ti"": ""d9098e876a036b8cb90a7186174fd827e0f5b422482266772850069c905bd8c8"", ""3090"": ""d9098e876a036b8cb90a7186174fd827e0f5b422482266772850069c905bd8c8""}"
dropout005-r4,preflight,,,init_model_state_sha256,,2,1,True,"{""2080ti"": ""2a1107bf22d0804ed485ab94bdc7af8004ef7b892a60c2967f842ba0f4b4efb0"", ""3090"": ""2a1107bf22d0804ed485ab94bdc7af8004ef7b892a60c2967f842ba0f4b4efb0""}"
dropout005-r4,preflight,,,batch_order_sha256,,2,1,True,"{""2080ti"": ""fb11b66aca3ad686a85f9623c9ae6769bb4a799fdaa0d952c0af518f0dfcc320"", ""3090"": ""fb11b66aca3ad686a85f9623c9ae6769bb4a799fdaa0d952c0af518f0dfcc320""}"
dropout005-r4,after_init_checkpoint_load_before_to_device,0,0,model_params_sha256,,2,1,True,"{""2080ti"": ""2a1107bf22d0804ed485ab94bdc7af8004ef7b892a60c2967f842ba0f4b4efb0"", ""3090"": ""2a1107bf22d0804ed485ab94bdc7af8004ef7b892a60c2967f842ba0f4b4efb0""}"
dropout005-r4,after_model_to_device_before_optimizer_step,0,0,model_params_sha256,,2,1,True,"{""2080ti"": ""2a1107bf22d0804ed485ab94bdc7af8004ef7b892a60c2967f842ba0f4b4efb0"", ""3090"": ""2a1107bf22d0804ed485ab94bdc7af8004ef7b892a60c2967f842ba0f4b4efb0""}"
dropout005-r4,forward_before_backward_step0_micro0,0,0,inputs_sha256,,2,1,True,"{""2080ti"": ""d8ddeb731d5304875c304e1a27f22f52981e5e38d0995ec69bb6311ca8656683"", ""3090"": ""d8ddeb731d5304875c304e1a27f22f52981e5e38d0995ec69bb6311ca8656683""}"
dropout005-r4,forward_before_backward_step0_micro0,0,0,targets_sha256,,2,1,True,"{""2080ti"": ""94be089514a641dd4c084d4bd04ea7bf662f2040ee00b89a9d5395ae3cee4040"", ""3090"": ""94be089514a641dd4c084d4bd04ea7bf662f2040ee00b89a9d5395ae3cee4040""}"
dropout005-r4,forward_before_backward_step0_micro0,0,0,module_output_sha256,backbone.embeddings,2,1,True,"{""2080ti"": ""00e449c4d5a87f342e65483f17621f739eafb7a76eabd553aeea1640712ae4ab"", ""3090"": ""00e449c4d5a87f342e65483f17621f739eafb7a76eabd553aeea1640712ae4ab""}"
dropout005-r4,forward_before_backward_step0_micro0,0,0,module_output_sha256,backbone.layers.0.dropout1,2,2,False,"{""2080ti"": ""0a41d7e07979db28ca4dae044b303c68a24e9f007c75bc143d239292c3f4794a"", ""3090"": ""4d4422f4eaf74cb4e1c8342ce316c1e54556158c082c6bc0adb3e0708828ecd4""}"
dropout005-r4,forward_before_backward_step0_micro0,0,0,module_output_sha256,backbone.layers.0.drop_path1,2,2,False,"{""2080ti"": ""0a41d7e07979db28ca4dae044b303c68a24e9f007c75bc143d239292c3f4794a"", ""3090"": ""4d4422f4eaf74cb4e1c8342ce316c1e54556158c082c6bc0adb3e0708828ecd4""}"
dropout005-r4,forward_before_backward_step0_micro0,0,0,module_output_sha256,backbone.layers.0.norm1,2,2,False,"{""2080ti"": ""1629d3dee739dc95326a11a395f20d43de4e270fc55849aacc3feea7c15c4e64"", ""3090"": ""4b90c10bd425afc988f0e094b711857d79a2c7207683936341800411f2c29f30""}"
dropout005-r4,forward_before_backward_step0_micro0,0,0,module_output_sha256,backbone.layers.0.sequence_mixer.mixer,2,2,False,"{""2080ti"": ""0068dbb6ebe97af6237b03d9b5b63c7e578209d42830c2c66aec0954e1a3ea91"", ""3090"": ""2c0a4dc836927d484259cbbdf5d0572ec2a36dc5ccf4ccb2662d68bba80cda96""}"
dropout005-r4,forward_before_backward_step0_micro0,0,0,module_output_sha256,backbone.layers.0.sequence_mixer,2,2,False,"{""2080ti"": ""0068dbb6ebe97af6237b03d9b5b63c7e578209d42830c2c66aec0954e1a3ea91"", ""3090"": ""2c0a4dc836927d484259cbbdf5d0572ec2a36dc5ccf4ccb2662d68bba80cda96""}"
dropout005-r4,forward_before_backward_step0_micro0,0,0,module_output_sha256,backbone.layers.0.dropout2,2,2,False,"{""2080ti"": ""0068dbb6ebe97af6237b03d9b5b63c7e578209d42830c2c66aec0954e1a3ea91"", ""3090"": ""2c0a4dc836927d484259cbbdf5d0572ec2a36dc5ccf4ccb2662d68bba80cda96""}"
dropout005-r4,forward_before_backward_step0_micro0,0,0,module_output_sha256,backbone.layers.0.drop_path2,2,2,False,"{""2080ti"": ""0068dbb6ebe97af6237b03d9b5b63c7e578209d42830c2c66aec0954e1a3ea91"", ""3090"": ""2c0a4dc836927d484259cbbdf5d0572ec2a36dc5ccf4ccb2662d68bba80cda96""}"
dropout005-r4,forward_before_backward_step0_micro0,0,0,module_output_sha256,backbone.layers.0.norm2,2,2,False,"{""2080ti"": ""c2eb600346a93998fade73e36d707f5f36d01604a0f671ee3a60cd829b46e1a2"", ""3090"": ""bd60de6ff767294ff880096c5f8cb42ba6727b2daf1b9f13ac83802be84a869d""}"
dropout005-r4,forward_before_backward_step0_micro0,0,0,module_output_sha256,backbone.layers.0.state_mixer,2,2,False,"{""2080ti"": ""c2eb600346a93998fade73e36d707f5f36d01604a0f671ee3a60cd829b46e1a2"", ""3090"": ""bd60de6ff767294ff880096c5f8cb42ba6727b2daf1b9f13ac83802be84a869d""}"
dropout005-r4,forward_before_backward_step0_micro0,0,0,module_output_sha256,backbone.layers.1.dropout1,2,2,False,"{""2080ti"": ""c2eb600346a93998fade73e36d707f5f36d01604a0f671ee3a60cd829b46e1a2"", ""3090"": ""bd60de6ff767294ff880096c5f8cb42ba6727b2daf1b9f13ac83802be84a869d""}"
dropout005-r4,forward_before_backward_step0_micro0,0,0,module_output_sha256,backbone.layers.1.drop_path1,2,2,False,"{""2080ti"": ""c2eb600346a93998fade73e36d707f5f36d01604a0f671ee3a60cd829b46e1a2"", ""3090"": ""bd60de6ff767294ff880096c5f8cb42ba6727b2daf1b9f13ac83802be84a869d""}"
dropout005-r4,forward_before_backward_step0_micro0,0,0,module_output_sha256,backbone.layers.1.norm1,2,2,False,"{""2080ti"": ""4e64dd78ec5d0af2aed318aff74373d4a166e243255be3c88b1d1e61ffcc7b09"", ""3090"": ""674b8df39e60ef59e74531da53ab69ea64e761a681cd95c7c3267da57a958ec9""}"
dropout005-r4,forward_before_backward_step0_micro0,0,0,module_output_sha256,backbone.layers.1.sequence_mixer.mixer,2,2,False,"{""2080ti"": ""0060ddf778092ffadd0fb185f8587a87b6c472b8eff55e4e2a578a3fb961ba6c"", ""3090"": ""c4210392afec5c96bc1d23ee2182f3a66edc1b0c7aefad7e12d88795c73f3f4c""}"
dropout005-r4,forward_before_backward_step0_micro0,0,0,module_output_sha256,backbone.layers.1.sequence_mixer,2,2,False,"{""2080ti"": ""0060ddf778092ffadd0fb185f8587a87b6c472b8eff55e4e2a578a3fb961ba6c"", ""3090"": ""c4210392afec5c96bc1d23ee2182f3a66edc1b0c7aefad7e12d88795c73f3f4c""}"
dropout005-r4,forward_before_backward_step0_micro0,0,0,module_output_sha256,backbone.layers.1.dropout2,2,2,False,"{""2080ti"": ""0060ddf778092ffadd0fb185f8587a87b6c472b8eff55e4e2a578a3fb961ba6c"", ""3090"": ""c4210392afec5c96bc1d23ee2182f3a66edc1b0c7aefad7e12d88795c73f3f4c""}"
dropout005-r4,forward_before_backward_step0_micro0,0,0,module_output_sha256,backbone.layers.1.drop_path2,2,2,False,"{""2080ti"": ""0060ddf778092ffadd0fb185f8587a87b6c472b8eff55e4e2a578a3fb961ba6c"", ""3090"": ""c4210392afec5c96bc1d23ee2182f3a66edc1b0c7aefad7e12d88795c73f3f4c""}"
dropout005-r4,forward_before_backward_step0_micro0,0,0,module_output_sha256,backbone.layers.1.norm2,2,2,False,"{""2080ti"": ""2f2086372f203644a584bf18f3425f23ca046bda33f6ecf7a4c908595af93cc8"", ""3090"": ""0027e054dc35f95dd8ef957b16c862fff1a588bb1704783624d22c8437b4f730""}"
dropout005-r4,forward_before_backward_step0_micro0,0,0,module_output_sha256,backbone.layers.1.state_mixer,2,2,False,"{""2080ti"": ""2f2086372f203644a584bf18f3425f23ca046bda33f6ecf7a4c908595af93cc8"", ""3090"": ""0027e054dc35f95dd8ef957b16c862fff1a588bb1704783624d22c8437b4f730""}"
dropout005-r4,forward_before_backward_step0_micro0,0,0,module_output_sha256,backbone.ln_f,2,2,False,"{""2080ti"": ""a0f4b217c6be5845bfdf2b221a0d4e08b0ba3c3cc22fa652d8bcbd47fed8537a"", ""3090"": ""5e7fd603d700c8e0a6150e8151f64f1d5630c2ce2758048c432899d326959a0a""}"
dropout005-r4,forward_before_backward_step0_micro0,0,0,logits_sha256,,2,2,False,"{""2080ti"": ""99de9b13aa94a6ee4499760a08b83d9e2b2cb7cba70418ff3d1897f1a412c60a"", ""3090"": ""2e88ec0b06455744c85c133d778175ab952a06b5d8d16e8e17daeb7219c7b60a""}"
dropout005-r4,forward_before_backward_step0_micro0,0,0,preds_sha256,,2,1,True,"{""2080ti"": ""d8ddeb731d5304875c304e1a27f22f52981e5e38d0995ec69bb6311ca8656683"", ""3090"": ""d8ddeb731d5304875c304e1a27f22f52981e5e38d0995ec69bb6311ca8656683""}"
dropout005-r4,forward_before_backward_step1_micro4,1,4,inputs_sha256,,2,1,True,"{""2080ti"": ""e915ec4f426b11c78269b02ef717ac73ba4bd6633a6e7f8f10fdaec75ac857bd"", ""3090"": ""e915ec4f426b11c78269b02ef717ac73ba4bd6633a6e7f8f10fdaec75ac857bd""}"
dropout005-r4,forward_before_backward_step1_micro4,1,4,targets_sha256,,2,1,True,"{""2080ti"": ""179e0d62bac1dd3ebed50c14988e136747aadcbc9ffa4474fd8a290656014d71"", ""3090"": ""179e0d62bac1dd3ebed50c14988e136747aadcbc9ffa4474fd8a290656014d71""}"
dropout005-r4,forward_before_backward_step1_micro4,1,4,module_output_sha256,backbone.embeddings,2,2,False,"{""2080ti"": ""8de30d61cf75d3b8ff51846a64f8fa0901e1d29d6bc59f9183d0416ef5f305ac"", ""3090"": ""3dceb615021ad1b854e4aa89a06b99228f22cbf59df37fc9cac4bee316656e55""}"
dropout005-r4,forward_before_backward_step1_micro4,1,4,module_output_sha256,backbone.layers.0.dropout1,2,2,False,"{""2080ti"": ""ba39fd729c6250683256ff23c8ae1cc7933aaeb833cb41b2f4b24debcf016068"", ""3090"": ""e68129df575115830d818b2fc8f0042f6d0baab36e82a81d9fca7c0afe74d6cf""}"
dropout005-r4,forward_before_backward_step1_micro4,1,4,module_output_sha256,backbone.layers.0.drop_path1,2,2,False,"{""2080ti"": ""ba39fd729c6250683256ff23c8ae1cc7933aaeb833cb41b2f4b24debcf016068"", ""3090"": ""e68129df575115830d818b2fc8f0042f6d0baab36e82a81d9fca7c0afe74d6cf""}"
dropout005-r4,forward_before_backward_step1_micro4,1,4,module_output_sha256,backbone.layers.0.norm1,2,2,False,"{""2080ti"": ""6480263b5f4244f2e22a85aa1f77e84bb73699614bbc246831e701e5b80bb3c8"", ""3090"": ""6884819e706ed65805370b3fde396149f2bd8143fe697740c2ce169ee579d669""}"
dropout005-r4,forward_before_backward_step1_micro4,1,4,module_output_sha256,backbone.layers.0.sequence_mixer.mixer,2,2,False,"{""2080ti"": ""9eaa1fb9caee5569e768a25930fbebd855bfb95728d30a08169dce748a575e2a"", ""3090"": ""aa0cf7e38bb4c9ad79f6748ba68d1e6fbe5dbc80d1386c2089c84b82bb8cb0af""}"
dropout005-r4,forward_before_backward_step1_micro4,1,4,module_output_sha256,backbone.layers.0.sequence_mixer,2,2,False,"{""2080ti"": ""9eaa1fb9caee5569e768a25930fbebd855bfb95728d30a08169dce748a575e2a"", ""3090"": ""aa0cf7e38bb4c9ad79f6748ba68d1e6fbe5dbc80d1386c2089c84b82bb8cb0af""}"
dropout005-r4,forward_before_backward_step1_micro4,1,4,module_output_sha256,backbone.layers.0.dropout2,2,2,False,"{""2080ti"": ""9eaa1fb9caee5569e768a25930fbebd855bfb95728d30a08169dce748a575e2a"", ""3090"": ""aa0cf7e38bb4c9ad79f6748ba68d1e6fbe5dbc80d1386c2089c84b82bb8cb0af""}"
dropout005-r4,forward_before_backward_step1_micro4,1,4,module_output_sha256,backbone.layers.0.drop_path2,2,2,False,"{""2080ti"": ""9eaa1fb9caee5569e768a25930fbebd855bfb95728d30a08169dce748a575e2a"", ""3090"": ""aa0cf7e38bb4c9ad79f6748ba68d1e6fbe5dbc80d1386c2089c84b82bb8cb0af""}"
dropout005-r4,forward_before_backward_step1_micro4,1,4,module_output_sha256,backbone.layers.0.norm2,2,2,False,"{""2080ti"": ""75203edf1ec03859372b9b94fd171de8c3c1fdef05c81a77596dadbfe7823349"", ""3090"": ""a9b0b529afdb3156aa06d0b578278fdebcbd424d73de7a07549ccf264b6301af""}"
dropout005-r4,forward_before_backward_step1_micro4,1,4,module_output_sha256,backbone.layers.0.state_mixer,2,2,False,"{""2080ti"": ""75203edf1ec03859372b9b94fd171de8c3c1fdef05c81a77596dadbfe7823349"", ""3090"": ""a9b0b529afdb3156aa06d0b578278fdebcbd424d73de7a07549ccf264b6301af""}"
dropout005-r4,forward_before_backward_step1_micro4,1,4,module_output_sha256,backbone.layers.1.dropout1,2,2,False,"{""2080ti"": ""75203edf1ec03859372b9b94fd171de8c3c1fdef05c81a77596dadbfe7823349"", ""3090"": ""a9b0b529afdb3156aa06d0b578278fdebcbd424d73de7a07549ccf264b6301af""}"
dropout005-r4,forward_before_backward_step1_micro4,1,4,module_output_sha256,backbone.layers.1.drop_path1,2,2,False,"{""2080ti"": ""75203edf1ec03859372b9b94fd171de8c3c1fdef05c81a77596dadbfe7823349"", ""3090"": ""a9b0b529afdb3156aa06d0b578278fdebcbd424d73de7a07549ccf264b6301af""}"
dropout005-r4,forward_before_backward_step1_micro4,1,4,module_output_sha256,backbone.layers.1.norm1,2,2,False,"{""2080ti"": ""9505ffb28715b3b074f01ad87efce3f1e542ef4d0d9bcfe57ca6c9000e708b9d"", ""3090"": ""7f32c0693503d8ff5ae419e305203025d2e72c80d8601d0f3e9c94fc215a1e17""}"
dropout005-r4,forward_before_backward_step1_micro4,1,4,module_output_sha256,backbone.layers.1.sequence_mixer.mixer,2,2,False,"{""2080ti"": ""540d2aa1ce004930ba5bd0432a97d469a47426606904278ec52a80c9a495aee6"", ""3090"": ""da526f7b4d30d12e711a864d99c0661c2d1b7ab9898c8acae533ba70b9c95c3b""}"
dropout005-r4,forward_before_backward_step1_micro4,1,4,module_output_sha256,backbone.layers.1.sequence_mixer,2,2,False,"{""2080ti"": ""540d2aa1ce004930ba5bd0432a97d469a47426606904278ec52a80c9a495aee6"", ""3090"": ""da526f7b4d30d12e711a864d99c0661c2d1b7ab9898c8acae533ba70b9c95c3b""}"
dropout005-r4,forward_before_backward_step1_micro4,1,4,module_output_sha256,backbone.layers.1.dropout2,2,2,False,"{""2080ti"": ""540d2aa1ce004930ba5bd0432a97d469a47426606904278ec52a80c9a495aee6"", ""3090"": ""da526f7b4d30d12e711a864d99c0661c2d1b7ab9898c8acae533ba70b9c95c3b""}"
dropout005-r4,forward_before_backward_step1_micro4,1,4,module_output_sha256,backbone.layers.1.drop_path2,2,2,False,"{""2080ti"": ""540d2aa1ce004930ba5bd0432a97d469a47426606904278ec52a80c9a495aee6"", ""3090"": ""da526f7b4d30d12e711a864d99c0661c2d1b7ab9898c8acae533ba70b9c95c3b""}"
dropout005-r4,forward_before_backward_step1_micro4,1,4,module_output_sha256,backbone.layers.1.norm2,2,2,False,"{""2080ti"": ""42a97e4b8e4a3bd3433bdaf3c12a76954c404e812b9d6d0fc1cd407491cbc28e"", ""3090"": ""b43190e97f97c0bdf049f24c1d10c29c044bfd77789190543d9639d7317bfcb6""}"
dropout005-r4,forward_before_backward_step1_micro4,1,4,module_output_sha256,backbone.layers.1.state_mixer,2,2,False,"{""2080ti"": ""42a97e4b8e4a3bd3433bdaf3c12a76954c404e812b9d6d0fc1cd407491cbc28e"", ""3090"": ""b43190e97f97c0bdf049f24c1d10c29c044bfd77789190543d9639d7317bfcb6""}"
dropout005-r4,forward_before_backward_step1_micro4,1,4,module_output_sha256,backbone.ln_f,2,2,False,"{""2080ti"": ""fec4b9818813b08b13b2bee062c9052c30e8e5f16836681a846f6e4ea7033028"", ""3090"": ""1e3f20ad4d36c46361f2546c39d4d3929b004f7e4723059075750321e7f9813b""}"
dropout005-r4,forward_before_backward_step1_micro4,1,4,logits_sha256,,2,2,False,"{""2080ti"": ""2ee1a49025bd554d50fe553ea84f74390b8330dc3fb7336c5fe9cd56061fbdda"", ""3090"": ""ae00ebfc45e471c9e1c66a2093181f893dff70b1a4573540f1ab4c7305cce281""}"
dropout005-r4,forward_before_backward_step1_micro4,1,4,preds_sha256,,2,1,True,"{""2080ti"": ""e915ec4f426b11c78269b02ef717ac73ba4bd6633a6e7f8f10fdaec75ac857bd"", ""3090"": ""e915ec4f426b11c78269b02ef717ac73ba4bd6633a6e7f8f10fdaec75ac857bd""}"
dropout005-r4,forward_before_backward_step4_micro16,4,16,inputs_sha256,,2,1,True,"{""2080ti"": ""ad637d48bbfa647c77aa7a80ab6bb8386c0b04a27fde68ffbec77678ad9e3df0"", ""3090"": ""ad637d48bbfa647c77aa7a80ab6bb8386c0b04a27fde68ffbec77678ad9e3df0""}"
dropout005-r4,forward_before_backward_step4_micro16,4,16,targets_sha256,,2,1,True,"{""2080ti"": ""dea2b1c881f6007a2b5402031481a9684aa9f4d1b6a8831a4ab194ba41dc8825"", ""3090"": ""dea2b1c881f6007a2b5402031481a9684aa9f4d1b6a8831a4ab194ba41dc8825""}"
dropout005-r4,forward_before_backward_step4_micro16,4,16,module_output_sha256,backbone.embeddings,2,2,False,"{""2080ti"": ""0cda1b463416475393b181cdbe6bc7403a651f47259b4c283481ea8dde7ef8ef"", ""3090"": ""49942c771abb7dbbb83a765533cf126a9ac801a2d2310a488f0958efbf984155""}"
dropout005-r4,forward_before_backward_step4_micro16,4,16,module_output_sha256,backbone.layers.0.dropout1,2,2,False,"{""2080ti"": ""8c23a47dad4e72b9a6e0cb493d56e9835c27b667aa392a5ab4e5b69df84472f4"", ""3090"": ""6f2ff1f8cca5fd1fb4df6d917a55be811eb707ce2bdc8612a285104df82992b6""}"
dropout005-r4,forward_before_backward_step4_micro16,4,16,module_output_sha256,backbone.layers.0.drop_path1,2,2,False,"{""2080ti"": ""8c23a47dad4e72b9a6e0cb493d56e9835c27b667aa392a5ab4e5b69df84472f4"", ""3090"": ""6f2ff1f8cca5fd1fb4df6d917a55be811eb707ce2bdc8612a285104df82992b6""}"
dropout005-r4,forward_before_backward_step4_micro16,4,16,module_output_sha256,backbone.layers.0.norm1,2,2,False,"{""2080ti"": ""641c58ab5f2a8e5aa15268127044f98843653ca64aaf2d824bd20b5fb5f59147"", ""3090"": ""ee6aaea2daa67f6e4b6c307471f6ebbc79a099a41cd6a36a090481744b80875c""}"
dropout005-r4,forward_before_backward_step4_micro16,4,16,module_output_sha256,backbone.layers.0.sequence_mixer.mixer,2,2,False,"{""2080ti"": ""006a38420f4d9006e2f01a25ae6039d19aca8bf5c5086a0eb18f0927f543defd"", ""3090"": ""d5382d28fa09d95851ad7d8c5c4ecd19be360118dc0e6d938a6ba2010daa7e00""}"
dropout005-r4,forward_before_backward_step4_micro16,4,16,module_output_sha256,backbone.layers.0.sequence_mixer,2,2,False,"{""2080ti"": ""006a38420f4d9006e2f01a25ae6039d19aca8bf5c5086a0eb18f0927f543defd"", ""3090"": ""d5382d28fa09d95851ad7d8c5c4ecd19be360118dc0e6d938a6ba2010daa7e00""}"
dropout005-r4,forward_before_backward_step4_micro16,4,16,module_output_sha256,backbone.layers.0.dropout2,2,2,False,"{""2080ti"": ""006a38420f4d9006e2f01a25ae6039d19aca8bf5c5086a0eb18f0927f543defd"", ""3090"": ""d5382d28fa09d95851ad7d8c5c4ecd19be360118dc0e6d938a6ba2010daa7e00""}"
dropout005-r4,forward_before_backward_step4_micro16,4,16,module_output_sha256,backbone.layers.0.drop_path2,2,2,False,"{""2080ti"": ""006a38420f4d9006e2f01a25ae6039d19aca8bf5c5086a0eb18f0927f543defd"", ""3090"": ""d5382d28fa09d95851ad7d8c5c4ecd19be360118dc0e6d938a6ba2010daa7e00""}"
dropout005-r4,forward_before_backward_step4_micro16,4,16,module_output_sha256,backbone.layers.0.norm2,2,2,False,"{""2080ti"": ""860d6deed64d54bcc8c400dee1d25c0293ca0e6e73b6ff220f7c71c6c1ae4c75"", ""3090"": ""48e70fccde59f79d326d47393443b2b3d55c8419d19b833f0b83e2e9461b6be8""}"
dropout005-r4,forward_before_backward_step4_micro16,4,16,module_output_sha256,backbone.layers.0.state_mixer,2,2,False,"{""2080ti"": ""860d6deed64d54bcc8c400dee1d25c0293ca0e6e73b6ff220f7c71c6c1ae4c75"", ""3090"": ""48e70fccde59f79d326d47393443b2b3d55c8419d19b833f0b83e2e9461b6be8""}"
dropout005-r4,forward_before_backward_step4_micro16,4,16,module_output_sha256,backbone.layers.1.dropout1,2,2,False,"{""2080ti"": ""860d6deed64d54bcc8c400dee1d25c0293ca0e6e73b6ff220f7c71c6c1ae4c75"", ""3090"": ""48e70fccde59f79d326d47393443b2b3d55c8419d19b833f0b83e2e9461b6be8""}"
dropout005-r4,forward_before_backward_step4_micro16,4,16,module_output_sha256,backbone.layers.1.drop_path1,2,2,False,"{""2080ti"": ""860d6deed64d54bcc8c400dee1d25c0293ca0e6e73b6ff220f7c71c6c1ae4c75"", ""3090"": ""48e70fccde59f79d326d47393443b2b3d55c8419d19b833f0b83e2e9461b6be8""}"
dropout005-r4,forward_before_backward_step4_micro16,4,16,module_output_sha256,backbone.layers.1.norm1,2,2,False,"{""2080ti"": ""0fcfa8edc27ec3cca35de8ffb45a44eeb49f04258a28e7b2c221e5d51e7a51a7"", ""3090"": ""37e74c456c6a124244f818dbc4d3c874efa914538506fb163719a2aa35bb6c1a""}"
dropout005-r4,forward_before_backward_step4_micro16,4,16,module_output_sha256,backbone.layers.1.sequence_mixer.mixer,2,2,False,"{""2080ti"": ""ccc9923e99eda69f3aa2a6dcf4afae5107821ccc64fa11f52ae794127f6aa9e8"", ""3090"": ""c99652f6a2c3d454c9a9c0298b55c36eb51f0bb73d94e9ac7dd0a3fcbf3cdbe8""}"
dropout005-r4,forward_before_backward_step4_micro16,4,16,module_output_sha256,backbone.layers.1.sequence_mixer,2,2,False,"{""2080ti"": ""ccc9923e99eda69f3aa2a6dcf4afae5107821ccc64fa11f52ae794127f6aa9e8"", ""3090"": ""c99652f6a2c3d454c9a9c0298b55c36eb51f0bb73d94e9ac7dd0a3fcbf3cdbe8""}"
dropout005-r4,forward_before_backward_step4_micro16,4,16,module_output_sha256,backbone.layers.1.dropout2,2,2,False,"{""2080ti"": ""ccc9923e99eda69f3aa2a6dcf4afae5107821ccc64fa11f52ae794127f6aa9e8"", ""3090"": ""c99652f6a2c3d454c9a9c0298b55c36eb51f0bb73d94e9ac7dd0a3fcbf3cdbe8""}"
dropout005-r4,forward_before_backward_step4_micro16,4,16,module_output_sha256,backbone.layers.1.drop_path2,2,2,False,"{""2080ti"": ""ccc9923e99eda69f3aa2a6dcf4afae5107821ccc64fa11f52ae794127f6aa9e8"", ""3090"": ""c99652f6a2c3d454c9a9c0298b55c36eb51f0bb73d94e9ac7dd0a3fcbf3cdbe8""}"
dropout005-r4,forward_before_backward_step4_micro16,4,16,module_output_sha256,backbone.layers.1.norm2,2,2,False,"{""2080ti"": ""a7dd500d6a255f1c591ed719a2e7170a5d3e055105ff36f88efb34060fdef30f"", ""3090"": ""8875bd2449a7d6857dc0d728604c3251e25c734cd7eaad0a16da0f081d6549f3""}"
dropout005-r4,forward_before_backward_step4_micro16,4,16,module_output_sha256,backbone.layers.1.state_mixer,2,2,False,"{""2080ti"": ""a7dd500d6a255f1c591ed719a2e7170a5d3e055105ff36f88efb34060fdef30f"", ""3090"": ""8875bd2449a7d6857dc0d728604c3251e25c734cd7eaad0a16da0f081d6549f3""}"
dropout005-r4,forward_before_backward_step4_micro16,4,16,module_output_sha256,backbone.ln_f,2,2,False,"{""2080ti"": ""9c110bc078eccd9ada3a0fc05cbb5d406dd7e70e80d3fde8d235379c3f165e97"", ""3090"": ""19a00bf7cdf2ed15658de8a7720c1b8714797a110becb25c6218082fee3ba357""}"
dropout005-r4,forward_before_backward_step4_micro16,4,16,logits_sha256,,2,2,False,"{""2080ti"": ""7170768fb07ca27961bc24ca9429e3a67ad3f5711df4171d4a01b19b8cc64a10"", ""3090"": ""5f5df171604ee9c7660b020c4a1083123bdd438e6c03bdafb7dba4e7914de337""}"
dropout005-r4,forward_before_backward_step4_micro16,4,16,preds_sha256,,2,1,True,"{""2080ti"": ""ad637d48bbfa647c77aa7a80ab6bb8386c0b04a27fde68ffbec77678ad9e3df0"", ""3090"": ""ad637d48bbfa647c77aa7a80ab6bb8386c0b04a27fde68ffbec77678ad9e3df0""}"
dropout005-r4,forward_before_backward_step16_micro64,16,64,inputs_sha256,,2,1,True,"{""2080ti"": ""f0344aca7090232a4ccb18a323890d03b2782424ff567d656132b645e57678a6"", ""3090"": ""f0344aca7090232a4ccb18a323890d03b2782424ff567d656132b645e57678a6""}"
dropout005-r4,forward_before_backward_step16_micro64,16,64,targets_sha256,,2,1,True,"{""2080ti"": ""980375c954dd90b94a62490d40f69b697f410aaf08dd749597dc8d77efc9c6a6"", ""3090"": ""980375c954dd90b94a62490d40f69b697f410aaf08dd749597dc8d77efc9c6a6""}"
dropout005-r4,forward_before_backward_step16_micro64,16,64,module_output_sha256,backbone.embeddings,2,2,False,"{""2080ti"": ""c971779c883c0a16a264d79540958666e5be3f1bf0512829b969942d2a2f97c3"", ""3090"": ""45127a41382b0d5646650e5f01c1ce7e635ed9915e2b7f7c3a03a9c53c337aa6""}"
dropout005-r4,forward_before_backward_step16_micro64,16,64,module_output_sha256,backbone.layers.0.dropout1,2,2,False,"{""2080ti"": ""989dfe648e980236b4896ff932c897926f21935365b57c13d1e133a2f16bef5c"", ""3090"": ""869ba9f3dec568b2a3525933687dc0748c42b5201adbadda24bb15c2e8b8f0ac""}"
dropout005-r4,forward_before_backward_step16_micro64,16,64,module_output_sha256,backbone.layers.0.drop_path1,2,2,False,"{""2080ti"": ""989dfe648e980236b4896ff932c897926f21935365b57c13d1e133a2f16bef5c"", ""3090"": ""869ba9f3dec568b2a3525933687dc0748c42b5201adbadda24bb15c2e8b8f0ac""}"
dropout005-r4,forward_before_backward_step16_micro64,16,64,module_output_sha256,backbone.layers.0.norm1,2,2,False,"{""2080ti"": ""e2c095a0a93d68473e939f93f0ff9bc080892434db2a1884ac3fd72284e98981"", ""3090"": ""299ac528630f71a02604d87e860974b42f88156756f6c3f2650ab2145599901c""}"
dropout005-r4,forward_before_backward_step16_micro64,16,64,module_output_sha256,backbone.layers.0.sequence_mixer.mixer,2,2,False,"{""2080ti"": ""d55cac6eb0c5646c2334b5edde4db2cb7bd35a00a88b3f5e4d055f79a10caee6"", ""3090"": ""d03a031545b8f79750a753faaa28d25277c0b498f5f101cbe65cc90df5c9f10b""}"
dropout005-r4,forward_before_backward_step16_micro64,16,64,module_output_sha256,backbone.layers.0.sequence_mixer,2,2,False,"{""2080ti"": ""d55cac6eb0c5646c2334b5edde4db2cb7bd35a00a88b3f5e4d055f79a10caee6"", ""3090"": ""d03a031545b8f79750a753faaa28d25277c0b498f5f101cbe65cc90df5c9f10b""}"
dropout005-r4,forward_before_backward_step16_micro64,16,64,module_output_sha256,backbone.layers.0.dropout2,2,2,False,"{""2080ti"": ""d55cac6eb0c5646c2334b5edde4db2cb7bd35a00a88b3f5e4d055f79a10caee6"", ""3090"": ""d03a031545b8f79750a753faaa28d25277c0b498f5f101cbe65cc90df5c9f10b""}"
dropout005-r4,forward_before_backward_step16_micro64,16,64,module_output_sha256,backbone.layers.0.drop_path2,2,2,False,"{""2080ti"": ""d55cac6eb0c5646c2334b5edde4db2cb7bd35a00a88b3f5e4d055f79a10caee6"", ""3090"": ""d03a031545b8f79750a753faaa28d25277c0b498f5f101cbe65cc90df5c9f10b""}"
dropout005-r4,forward_before_backward_step16_micro64,16,64,module_output_sha256,backbone.layers.0.norm2,2,2,False,"{""2080ti"": ""06ede84510f32bca52c81f89159d3e9bd405067047e52207b8c002ea3c1a015f"", ""3090"": ""30bb86c52ce0468d4e635ec4d669f00a20346a78cf91472b084aa400bf01bc0b""}"
dropout005-r4,forward_before_backward_step16_micro64,16,64,module_output_sha256,backbone.layers.0.state_mixer,2,2,False,"{""2080ti"": ""06ede84510f32bca52c81f89159d3e9bd405067047e52207b8c002ea3c1a015f"", ""3090"": ""30bb86c52ce0468d4e635ec4d669f00a20346a78cf91472b084aa400bf01bc0b""}"
dropout005-r4,forward_before_backward_step16_micro64,16,64,module_output_sha256,backbone.layers.1.dropout1,2,2,False,"{""2080ti"": ""06ede84510f32bca52c81f89159d3e9bd405067047e52207b8c002ea3c1a015f"", ""3090"": ""30bb86c52ce0468d4e635ec4d669f00a20346a78cf91472b084aa400bf01bc0b""}"
dropout005-r4,forward_before_backward_step16_micro64,16,64,module_output_sha256,backbone.layers.1.drop_path1,2,2,False,"{""2080ti"": ""06ede84510f32bca52c81f89159d3e9bd405067047e52207b8c002ea3c1a015f"", ""3090"": ""30bb86c52ce0468d4e635ec4d669f00a20346a78cf91472b084aa400bf01bc0b""}"
dropout005-r4,forward_before_backward_step16_micro64,16,64,module_output_sha256,backbone.layers.1.norm1,2,2,False,"{""2080ti"": ""1d8a37b82440632a5854cabe105a83023b353e1ccfa67970849511164f054e4e"", ""3090"": ""4b2fc13bff4484264a221ea03abb9632858d2a3ebd8bda52041c676b4c09b64b""}"
dropout005-r4,forward_before_backward_step16_micro64,16,64,module_output_sha256,backbone.layers.1.sequence_mixer.mixer,2,2,False,"{""2080ti"": ""79ff12ec84e5f75ddb4ef93fe5ba84f8a21291512f0e4a215dd66b5a819942a0"", ""3090"": ""2c99cfa48a9a0a78b173306d992065d54dce09fab386b14e314145c9ab92dbcd""}"
dropout005-r4,forward_before_backward_step16_micro64,16,64,module_output_sha256,backbone.layers.1.sequence_mixer,2,2,False,"{""2080ti"": ""79ff12ec84e5f75ddb4ef93fe5ba84f8a21291512f0e4a215dd66b5a819942a0"", ""3090"": ""2c99cfa48a9a0a78b173306d992065d54dce09fab386b14e314145c9ab92dbcd""}"
dropout005-r4,forward_before_backward_step16_micro64,16,64,module_output_sha256,backbone.layers.1.dropout2,2,2,False,"{""2080ti"": ""79ff12ec84e5f75ddb4ef93fe5ba84f8a21291512f0e4a215dd66b5a819942a0"", ""3090"": ""2c99cfa48a9a0a78b173306d992065d54dce09fab386b14e314145c9ab92dbcd""}"
dropout005-r4,forward_before_backward_step16_micro64,16,64,module_output_sha256,backbone.layers.1.drop_path2,2,2,False,"{""2080ti"": ""79ff12ec84e5f75ddb4ef93fe5ba84f8a21291512f0e4a215dd66b5a819942a0"", ""3090"": ""2c99cfa48a9a0a78b173306d992065d54dce09fab386b14e314145c9ab92dbcd""}"
dropout005-r4,forward_before_backward_step16_micro64,16,64,module_output_sha256,backbone.layers.1.norm2,2,2,False,"{""2080ti"": ""4ecfe5e1878a55a8ef77ec1a124a89a9a8ae4ef047e80bdb080505e08f817afb"", ""3090"": ""e942a2f47e858b51525655520be419e2013471d1b366548574ffcef3b45149ec""}"
dropout005-r4,forward_before_backward_step16_micro64,16,64,module_output_sha256,backbone.layers.1.state_mixer,2,2,False,"{""2080ti"": ""4ecfe5e1878a55a8ef77ec1a124a89a9a8ae4ef047e80bdb080505e08f817afb"", ""3090"": ""e942a2f47e858b51525655520be419e2013471d1b366548574ffcef3b45149ec""}"
dropout005-r4,forward_before_backward_step16_micro64,16,64,module_output_sha256,backbone.ln_f,2,2,False,"{""2080ti"": ""539e45ea13514a1cef465fe18571de057478d57f1125c42401ad81872db3acd0"", ""3090"": ""9ff39190a2bf4bd7e0b5b57ac81d87aff12f70c4a435a631436b95739235e355""}"
dropout005-r4,forward_before_backward_step16_micro64,16,64,logits_sha256,,2,2,False,"{""2080ti"": ""a92837b4651694389edb8ab8651a06dc06a2b42e3a4f4f9780d8d1bd577e7e37"", ""3090"": ""ba9d4a3bafb5f7431bd00013ff980e091706d768c7b02fa9c46b71c8f734567b""}"
dropout005-r4,forward_before_backward_step16_micro64,16,64,preds_sha256,,2,1,True,"{""2080ti"": ""f0344aca7090232a4ccb18a323890d03b2782424ff567d656132b645e57678a6"", ""3090"": ""f0344aca7090232a4ccb18a323890d03b2782424ff567d656132b645e57678a6""}"
dropout005-r4,forward_before_backward_step64_micro256,64,256,inputs_sha256,,2,1,True,"{""2080ti"": ""b61c3ff977756531df4995938a9f6d77170aceb0fc198344680ed79d11a2a736"", ""3090"": ""b61c3ff977756531df4995938a9f6d77170aceb0fc198344680ed79d11a2a736""}"
dropout005-r4,forward_before_backward_step64_micro256,64,256,targets_sha256,,2,1,True,"{""2080ti"": ""d89cd50a86422bf234eb04ec2af1285fa6163e7301670639b13e95f5a015fcf6"", ""3090"": ""d89cd50a86422bf234eb04ec2af1285fa6163e7301670639b13e95f5a015fcf6""}"
dropout005-r4,forward_before_backward_step64_micro256,64,256,module_output_sha256,backbone.embeddings,2,2,False,"{""2080ti"": ""9d8396ef0d3b013799adedfa6e116940b32abb934993e126172bbfe1ef313797"", ""3090"": ""4540f873775b3758b6c794216afe657a7638cf7b45ce1d5f7f9f5187899d9f11""}"
dropout005-r4,forward_before_backward_step64_micro256,64,256,module_output_sha256,backbone.layers.0.dropout1,2,2,False,"{""2080ti"": ""c2389bf47d274442c381c792c6cc40ccef2b63b67aa21a5777ac9b5ac2b8d0d5"", ""3090"": ""25a3e53fc897ca917e08d8e17adae5e29ea3df6909ed2454f732514fe991ce1b""}"
dropout005-r4,forward_before_backward_step64_micro256,64,256,module_output_sha256,backbone.layers.0.drop_path1,2,2,False,"{""2080ti"": ""c2389bf47d274442c381c792c6cc40ccef2b63b67aa21a5777ac9b5ac2b8d0d5"", ""3090"": ""25a3e53fc897ca917e08d8e17adae5e29ea3df6909ed2454f732514fe991ce1b""}"
dropout005-r4,forward_before_backward_step64_micro256,64,256,module_output_sha256,backbone.layers.0.norm1,2,2,False,"{""2080ti"": ""c5d7a772e546cbc821e3f9608f1aacdd7d85a5166c3dae010f09996cf1d20e49"", ""3090"": ""df9149208e7183b17be157266c8f53fb7f476fd94f5d84c7ffed0cd76de24991""}"
dropout005-r4,forward_before_backward_step64_micro256,64,256,module_output_sha256,backbone.layers.0.sequence_mixer.mixer,2,2,False,"{""2080ti"": ""07f14c226c9ae5534531e65c67bac7a17d525508ba3f8bf56b44aa6212e44e6a"", ""3090"": ""ca299d7ca00c3ce453e2245c130eea66ac2c22378c9f6c83502ad57fffd70bf9""}"
dropout005-r4,forward_before_backward_step64_micro256,64,256,module_output_sha256,backbone.layers.0.sequence_mixer,2,2,False,"{""2080ti"": ""07f14c226c9ae5534531e65c67bac7a17d525508ba3f8bf56b44aa6212e44e6a"", ""3090"": ""ca299d7ca00c3ce453e2245c130eea66ac2c22378c9f6c83502ad57fffd70bf9""}"
dropout005-r4,forward_before_backward_step64_micro256,64,256,module_output_sha256,backbone.layers.0.dropout2,2,2,False,"{""2080ti"": ""07f14c226c9ae5534531e65c67bac7a17d525508ba3f8bf56b44aa6212e44e6a"", ""3090"": ""ca299d7ca00c3ce453e2245c130eea66ac2c22378c9f6c83502ad57fffd70bf9""}"
dropout005-r4,forward_before_backward_step64_micro256,64,256,module_output_sha256,backbone.layers.0.drop_path2,2,2,False,"{""2080ti"": ""07f14c226c9ae5534531e65c67bac7a17d525508ba3f8bf56b44aa6212e44e6a"", ""3090"": ""ca299d7ca00c3ce453e2245c130eea66ac2c22378c9f6c83502ad57fffd70bf9""}"
dropout005-r4,forward_before_backward_step64_micro256,64,256,module_output_sha256,backbone.layers.0.norm2,2,2,False,"{""2080ti"": ""e524cda7a612afc7971ad235e5041ada50de55f34039cd3518c74639709b973e"", ""3090"": ""1b5aff3233692c48810d4d1fbb46dfaba4a45c54280014cfb5233c0e22873320""}"
dropout005-r4,forward_before_backward_step64_micro256,64,256,module_output_sha256,backbone.layers.0.state_mixer,2,2,False,"{""2080ti"": ""e524cda7a612afc7971ad235e5041ada50de55f34039cd3518c74639709b973e"", ""3090"": ""1b5aff3233692c48810d4d1fbb46dfaba4a45c54280014cfb5233c0e22873320""}"
dropout005-r4,forward_before_backward_step64_micro256,64,256,module_output_sha256,backbone.layers.1.dropout1,2,2,False,"{""2080ti"": ""e524cda7a612afc7971ad235e5041ada50de55f34039cd3518c74639709b973e"", ""3090"": ""1b5aff3233692c48810d4d1fbb46dfaba4a45c54280014cfb5233c0e22873320""}"
dropout005-r4,forward_before_backward_step64_micro256,64,256,module_output_sha256,backbone.layers.1.drop_path1,2,2,False,"{""2080ti"": ""e524cda7a612afc7971ad235e5041ada50de55f34039cd3518c74639709b973e"", ""3090"": ""1b5aff3233692c48810d4d1fbb46dfaba4a45c54280014cfb5233c0e22873320""}"
dropout005-r4,forward_before_backward_step64_micro256,64,256,module_output_sha256,backbone.layers.1.norm1,2,2,False,"{""2080ti"": ""3c4b436bc8143941a26c966f0a47f32f565d32f59d13f15dc4d2db6b407ac604"", ""3090"": ""f34470a8a1d16c66da27e519f8e92c522d67576f3a0611f58281aa716aa57e1e""}"
dropout005-r4,forward_before_backward_step64_micro256,64,256,module_output_sha256,backbone.layers.1.sequence_mixer.mixer,2,2,False,"{""2080ti"": ""50407ac9b5361a72c285c6cd5f11b8340a6234e1ec022493f076fbfa18199923"", ""3090"": ""f9daa24da9c929cba573f09da3b0b9ac16a9cf31386afa838ea04a0f0510a63a""}"
dropout005-r4,forward_before_backward_step64_micro256,64,256,module_output_sha256,backbone.layers.1.sequence_mixer,2,2,False,"{""2080ti"": ""50407ac9b5361a72c285c6cd5f11b8340a6234e1ec022493f076fbfa18199923"", ""3090"": ""f9daa24da9c929cba573f09da3b0b9ac16a9cf31386afa838ea04a0f0510a63a""}"
dropout005-r4,forward_before_backward_step64_micro256,64,256,module_output_sha256,backbone.layers.1.dropout2,2,2,False,"{""2080ti"": ""50407ac9b5361a72c285c6cd5f11b8340a6234e1ec022493f076fbfa18199923"", ""3090"": ""f9daa24da9c929cba573f09da3b0b9ac16a9cf31386afa838ea04a0f0510a63a""}"
dropout005-r4,forward_before_backward_step64_micro256,64,256,module_output_sha256,backbone.layers.1.drop_path2,2,2,False,"{""2080ti"": ""50407ac9b5361a72c285c6cd5f11b8340a6234e1ec022493f076fbfa18199923"", ""3090"": ""f9daa24da9c929cba573f09da3b0b9ac16a9cf31386afa838ea04a0f0510a63a""}"
dropout005-r4,forward_before_backward_step64_micro256,64,256,module_output_sha256,backbone.layers.1.norm2,2,2,False,"{""2080ti"": ""4add0fdc75d0e62d7594f954c00714cf7e54c9a7b573160e8c32189e0f4310b7"", ""3090"": ""7b37a6b1dd757625b18721a7579f2b5ef5bf905135364d8e663c7d332117c7e3""}"
dropout005-r4,forward_before_backward_step64_micro256,64,256,module_output_sha256,backbone.layers.1.state_mixer,2,2,False,"{""2080ti"": ""4add0fdc75d0e62d7594f954c00714cf7e54c9a7b573160e8c32189e0f4310b7"", ""3090"": ""7b37a6b1dd757625b18721a7579f2b5ef5bf905135364d8e663c7d332117c7e3""}"
dropout005-r4,forward_before_backward_step64_micro256,64,256,module_output_sha256,backbone.ln_f,2,2,False,"{""2080ti"": ""7ca7e7d3778dc92be7dae922229b6b2ba4c2fe7f29b7a6e7cfb84e8af1cf31ab"", ""3090"": ""26dde3e4d951c92b40fc8853d26e6e01b433e0c94df7b1af84670249232be879""}"
dropout005-r4,forward_before_backward_step64_micro256,64,256,logits_sha256,,2,2,False,"{""2080ti"": ""2fe3c533a781205790aef931e67c8207d3603cb2d62974c3d2daead880331b91"", ""3090"": ""bd0bc46d7c2e4becf47eafb4f54cd1e1bf529cc3876c0189efaa45b5c5acd749""}"
dropout005-r4,forward_before_backward_step64_micro256,64,256,preds_sha256,,2,2,False,"{""2080ti"": ""ef9d53189c8f45b3059880a7b72f72441688bcb6574c9b3ae897193be74fd1f5"", ""3090"": ""3d4d6a1532d8c6b76b632bba29ced83d241f0fe6539a713b3eab3a4fe3f9c9b5""}"
dropout005-r4,after_microbatch_backward,0,1,model_params_sha256,,2,1,True,"{""2080ti"": ""2a1107bf22d0804ed485ab94bdc7af8004ef7b892a60c2967f842ba0f4b4efb0"", ""3090"": ""2a1107bf22d0804ed485ab94bdc7af8004ef7b892a60c2967f842ba0f4b4efb0""}"
dropout005-r4,after_microbatch_backward,0,1,grad_sha256,,2,2,False,"{""2080ti"": ""fa90e9624b23a230a9dc0ab60b6e030c69b8ece9fd5ec299e6e894d879749455"", ""3090"": ""433612df54c415ae65a265e53c7a1d827f84b5bd6edcfa14623d242a458969b6""}"
dropout005-r4,after_microbatch_backward,0,2,model_params_sha256,,2,1,True,"{""2080ti"": ""2a1107bf22d0804ed485ab94bdc7af8004ef7b892a60c2967f842ba0f4b4efb0"", ""3090"": ""2a1107bf22d0804ed485ab94bdc7af8004ef7b892a60c2967f842ba0f4b4efb0""}"
dropout005-r4,after_microbatch_backward,0,2,grad_sha256,,2,2,False,"{""2080ti"": ""6ace28382b92e3c3a36ee89ab00ded82219c53be4cc2d9dfe60d43a98358a508"", ""3090"": ""a5c0b6aca60539dc5cd7c18bc5dcdc423ab963c06f37dc30e1637b9a8905b61f""}"
dropout005-r4,after_microbatch_backward,0,3,model_params_sha256,,2,1,True,"{""2080ti"": ""2a1107bf22d0804ed485ab94bdc7af8004ef7b892a60c2967f842ba0f4b4efb0"", ""3090"": ""2a1107bf22d0804ed485ab94bdc7af8004ef7b892a60c2967f842ba0f4b4efb0""}"
dropout005-r4,after_microbatch_backward,0,3,grad_sha256,,2,2,False,"{""2080ti"": ""2a10fc242d4a64bfdd9b48dffcb75a5e8ede7e001cc71adaa68bb314ad7687b6"", ""3090"": ""f660965c955a769d7ee7dd823c8ac878bd940db00f7270d9a41bd41a66d41631""}"
dropout005-r4,after_microbatch_backward,0,4,model_params_sha256,,2,1,True,"{""2080ti"": ""2a1107bf22d0804ed485ab94bdc7af8004ef7b892a60c2967f842ba0f4b4efb0"", ""3090"": ""2a1107bf22d0804ed485ab94bdc7af8004ef7b892a60c2967f842ba0f4b4efb0""}"
dropout005-r4,after_microbatch_backward,0,4,grad_sha256,,2,2,False,"{""2080ti"": ""e99bbd2f3a124d1ca242533cd0dde4b1976ccd92148aaa33182c78e416868082"", ""3090"": ""42618f3e225beaaf418daa8cc1ff8e9dff7c6ac48a2ff358b7cda6a4a974a4ba""}"
dropout005-r4,after_optimizer_step,1,4,model_params_sha256,,2,2,False,"{""2080ti"": ""55a05b32ced5f66f0354d87060bec8e56977614e82c43a3058cfbc4aa4154e7f"", ""3090"": ""7052c8a2ae22a39422b6041f10edc8076172b3c40f65f47e94a9fa77eec05f70""}"
dropout005-r4,after_optimizer_step,1,4,optimizer_state_sha256,,2,2,False,"{""2080ti"": ""2ed74b99f6b585905bbed6c16d9e20012065f1c7a26ad76c142228068546fbc7"", ""3090"": ""21ab85f0f7ed4e8faf9532a0940c02fce4589f67a072ecf315dda5a8d0470b02""}"
dropout005-r4,after_optimizer_step,2,8,model_params_sha256,,2,2,False,"{""2080ti"": ""cfbde5652a242243f2a14f4f475c261989682c7428afbfff331c24b6ffd69edd"", ""3090"": ""5b18859b88d031a2d679da6a699527fee4663cccaa021e94647b20b86680c798""}"
dropout005-r4,after_optimizer_step,2,8,optimizer_state_sha256,,2,2,False,"{""2080ti"": ""e11f822482668a4c1b21c38f824b7514a79235b27ceb57a112feb9c07fa8045b"", ""3090"": ""ccdea3b12a779de68285bb6c3d8703bd52f7fcc6b6969f45a7dc6f021d7cd16f""}"
dropout005-r4,after_optimizer_step,3,12,model_params_sha256,,2,2,False,"{""2080ti"": ""73c85217ee8f07dc6040dce528a903049938296e7957d69623b705c0c0cca469"", ""3090"": ""a9ae151e8b09f43cf14d1d06f4dc25f186dcd849541d19659323bbc2d246ed53""}"
dropout005-r4,after_optimizer_step,3,12,optimizer_state_sha256,,2,2,False,"{""2080ti"": ""e669af15434828fcc6178bf1bdb8635fdfd110bde70dc04ad359c43d36567943"", ""3090"": ""c8830dfe32a5b4a2717435aecb9dfeb70288a01aff558b2132fbbdc0597552a1""}"
dropout005-r4,after_optimizer_step,4,16,model_params_sha256,,2,2,False,"{""2080ti"": ""73ec899ec3a8ebb158cbb6de6bfd8b44a6c8a7859bab4ee9cd2fe4d379b85a76"", ""3090"": ""7f6eabae1ed409386daa7e8d40d250ec56d4ae31afed3c1b79f66bed04b6ad09""}"
dropout005-r4,after_optimizer_step,4,16,optimizer_state_sha256,,2,2,False,"{""2080ti"": ""737a3f2435cfb9050999522af9df26c1531266765cd17ff4c27c38ae9535a25a"", ""3090"": ""ec990941ad80a5ba50e58d699630806d197a696bff882ba6aca3b4d8a8fad5b9""}"
dropout005-r4,after_optimizer_step,5,20,model_params_sha256,,2,2,False,"{""2080ti"": ""4976e3ef685773c35f8c9f1b0b8fe44ea38876b4c6613cbf203aa89680bf5e29"", ""3090"": ""825275a4c539a730222f4642af4983172a8b2a7d793c296a6cd980dbe030a2e6""}"
dropout005-r4,after_optimizer_step,5,20,optimizer_state_sha256,,2,2,False,"{""2080ti"": ""f30633e1409295cd3e8e809fdc0d30f7a360b3abb56ad5eff1fd7a20aa2b212d"", ""3090"": ""20221610e22a00037299479919611e80d23749911f24e5b30ea1ac2b8c13d0fc""}"
dropout005-r4,after_optimizer_step,6,24,model_params_sha256,,2,2,False,"{""2080ti"": ""a0682de5b09158b6068c7d3c0d5edd97e82acb4839d7ef036661407834ca4b99"", ""3090"": ""cc812f44b69ee976822564e5153fc9b5b10f6b69597d39715ece14d1923a7e10""}"
dropout005-r4,after_optimizer_step,6,24,optimizer_state_sha256,,2,2,False,"{""2080ti"": ""31fe76ac0e2574d69c04f6749307062985e93782ad03ad7892a17ce1ebabe654"", ""3090"": ""75bdffd1e2f48093406d118e17e5a1b1d5e224eb56a7e07ef67e3186a2ce638f""}"
dropout005-r4,after_optimizer_step,7,28,model_params_sha256,,2,2,False,"{""2080ti"": ""19f39c4a05f358af39048c5f3da0b4bfcf5f2d1425c38533cfdf028a057ec312"", ""3090"": ""2c842d97776a0aa3e33df59dc9a406fe5211705c1f99d73e068fa26e07362a2f""}"
dropout005-r4,after_optimizer_step,7,28,optimizer_state_sha256,,2,2,False,"{""2080ti"": ""beeca5b374f2f98b181d2e52bea299b2d13405e776093a006b68c3c22998165f"", ""3090"": ""b6c76f79abfdd2e3c9337ae0be7489ac5e322d5627cac06f1a2ec0522b5da261""}"
dropout005-r4,after_optimizer_step,8,32,model_params_sha256,,2,2,False,"{""2080ti"": ""7f86b574bf6151c0c85687ee77cd4d7fcb06eb9800e5936f24419661d0feb0f7"", ""3090"": ""69a98b0edf96d6f33fa094a07c7d57f7bb3a52b4e2e30e5522b6e7bf0d77081a""}"
dropout005-r4,after_optimizer_step,8,32,optimizer_state_sha256,,2,2,False,"{""2080ti"": ""c0b2d3d2b5b94c1c35c1265ef8009159dc445b2c9adec655b6898d3620901684"", ""3090"": ""1d61c23070edb2533e344cbda25f6eb0f776f73968543fcf058a54adf2d8a108""}"
dropout005-r4,after_optimizer_step,9,36,model_params_sha256,,2,2,False,"{""2080ti"": ""82d8f08397aeac0ec9a961b2238987b19039cc4842b24a8d177143c157feea31"", ""3090"": ""cdf452a9ee47b9f104773a5b87ad32f3d298930e8fb6d3469ec8726ad21ca176""}"
dropout005-r4,after_optimizer_step,9,36,optimizer_state_sha256,,2,2,False,"{""2080ti"": ""a81121e9d441d7545e9e85f8d5159f90513c8d53a1a9871f2fa31fba26cca238"", ""3090"": ""370e470bd923cdffe38fa2f568281ecdf3da18d06379a1e0ead23520e7db8ef4""}"
dropout005-r4,after_optimizer_step,10,40,model_params_sha256,,2,2,False,"{""2080ti"": ""04a5795c8d98a786cd4e8c25e4475e0354c3bd24e356e2840736e35ea4d8d139"", ""3090"": ""6710c6b21245819f72369714b1e789d3aadfd0d569829dc145b67e22e1cef2f3""}"
dropout005-r4,after_optimizer_step,10,40,optimizer_state_sha256,,2,2,False,"{""2080ti"": ""350a58136dec5eb1c60b9d502eaeb485ade7446933cf6bad4eed6832c4219157"", ""3090"": ""5c788c0a9c8fb8749f2ba2e61fead1f38c988835367e9f817708e3b8c723dd50""}"
dropout005-r4,after_optimizer_step,11,44,model_params_sha256,,2,2,False,"{""2080ti"": ""a90a6fa169ee6bc7567fba6f63be108160856f9e5ba25e75a93148b9b477c78d"", ""3090"": ""f4f7775b257f7ed43337159987f6934896abe47e66dfb625148bf7ec5ec63232""}"
dropout005-r4,after_optimizer_step,11,44,optimizer_state_sha256,,2,2,False,"{""2080ti"": ""3f46926e728a730ec15f67e21b74f585a839a6fb8e50a0daeca8985f0513448c"", ""3090"": ""5f807f0e0975d32964647176931fd3b6ae8020e24bc817cb6785e4cdf90c208d""}"
dropout005-r4,after_optimizer_step,12,48,model_params_sha256,,2,2,False,"{""2080ti"": ""7f30f29bd54bf61ba4dbb349aa93913a3c627c0ae5d27e4eb87f78ab08eb7eae"", ""3090"": ""0c980d0740d63dc98f027c29efbcbfc237feae2cc720168875b77137640752b0""}"
dropout005-r4,after_optimizer_step,12,48,optimizer_state_sha256,,2,2,False,"{""2080ti"": ""dd25fa02c643a9c1c49933a2a1684e450f83be8a14b7d19e2bd2b643fcafa4a2"", ""3090"": ""ef7a59f29ee2071e7fdd0cb8241717b00eb64b2720cdd0614abb6d8ed5937eac""}"
dropout005-r4,after_optimizer_step,13,52,model_params_sha256,,2,2,False,"{""2080ti"": ""3c86826714f8099cc8126fdba0fbf633c22d4b2b5cd75c4c15508915ba186e80"", ""3090"": ""905f76b032165edbb795e94a9ee9e6fad5e8f4add5332f9eaf4e2e333fbff524""}"
dropout005-r4,after_optimizer_step,13,52,optimizer_state_sha256,,2,2,False,"{""2080ti"": ""73718a4160ff065e4da082294b7693088bc45c340cc2da9357b7fcf1cd658da1"", ""3090"": ""167b370cfc8d164fa87a9648eda3cc687f7d12690e8809ff715998b85cd8e144""}"
dropout005-r4,after_optimizer_step,14,56,model_params_sha256,,2,2,False,"{""2080ti"": ""5fdb3144dbb0dcbe35cb56be123c42a23f71266ab960e658f058cc939f0f4489"", ""3090"": ""bcaa509a16f7805038509f6dcf6fc57f4b451a539f5037c7dd0ebdf2e0034877""}"
dropout005-r4,after_optimizer_step,14,56,optimizer_state_sha256,,2,2,False,"{""2080ti"": ""d6213863a1fcd79dcc0a8d281450412e29afd759f487a5b7b747ada4d5da9ebf"", ""3090"": ""3ae487195682dcf2dea0c857aa54e34ecc218d17267d6f4b033044275fec866f""}"
dropout005-r4,after_optimizer_step,15,60,model_params_sha256,,2,2,False,"{""2080ti"": ""868761dedf44e437413b847076cb0cd97afa4cc82ea29b9ada03754f11b572b7"", ""3090"": ""e8841c34e28c4dc1a74ed6a0f7f22423a0647ae3b549e942bc2ec07cd877d26f""}"
dropout005-r4,after_optimizer_step,15,60,optimizer_state_sha256,,2,2,False,"{""2080ti"": ""b4d724cea5ceda475f2f3c68b8b177cf78968849d682ea8801c96bbe60f28a05"", ""3090"": ""4ae61efc16b99e04a8f99ac998241ddd470c037754eb7bb219cd5d66a1b64649""}"
dropout005-r4,after_optimizer_step,16,64,model_params_sha256,,2,2,False,"{""2080ti"": ""8196e6b02f0a58249c9f1558b57a2f2e84c8d84ab5604758fbea848e4edebbaf"", ""3090"": ""eb090a461a6eb707743ba18a220cd9db53a8ac01feba81b8af06f2e3519ca7db""}"
dropout005-r4,after_optimizer_step,16,64,optimizer_state_sha256,,2,2,False,"{""2080ti"": ""bd3b8bd87854a3f229bb5d5a5e55f2df55b533f9938a545c21fb76626cb441fc"", ""3090"": ""23129d79f662f42e7e264d2b861396624f11aaa464e64079b53b5fdc26c999ed""}"
dropout005-r4,after_optimizer_step,17,68,model_params_sha256,,2,2,False,"{""2080ti"": ""67ccfad38373fbf0527d94c0cddfa6be00ab49266d83005d6cc82b9138fff2bb"", ""3090"": ""cac5f76aecbc18d5a2a862281aa361e38b9ac0c0eda5bf302886b94823177eac""}"
dropout005-r4,after_optimizer_step,17,68,optimizer_state_sha256,,2,2,False,"{""2080ti"": ""1fc063e0e4741f5ecfc72c78c19c3d7ac111c74d1fdbe066597a749fa08d6616"", ""3090"": ""8bfdf2fdb14e97d78a7c32a602b95059224365162fdbe267c6d8741dbe503bef""}"
dropout005-r4,after_optimizer_step,18,72,model_params_sha256,,2,2,False,"{""2080ti"": ""808eee62b35a6c3e946510764438c611ed753b4e6d64ebf0d0f4408ef207869d"", ""3090"": ""fa20c79064009690f6699b659dc61fe9a5840aef4f883d930373c65d08a08c9d""}"
dropout005-r4,after_optimizer_step,18,72,optimizer_state_sha256,,2,2,False,"{""2080ti"": ""f357ef91d5c87992453ac850693cd37b790f5f704fcf76fe60641b299834b454"", ""3090"": ""56f7e3bd28c2835a389ebab508a1e854d9358d1e06335c2b104ea57cf3e327ef""}"
dropout005-r4,after_optimizer_step,19,76,model_params_sha256,,2,2,False,"{""2080ti"": ""440f180780aa4a5fb48e1890c0027c786363e1aec6ad89af64181ba36f36b184"", ""3090"": ""5fb7f58920bdea4994d1d81bd1523d370c431f454d82da0f4666e7a0810db590""}"
dropout005-r4,after_optimizer_step,19,76,optimizer_state_sha256,,2,2,False,"{""2080ti"": ""0d7cae25863e75a6c598ed8fcb4dd3cd7dc82acdc0a0ce618b42dde0d05e7d13"", ""3090"": ""980ed5d0adfefb19dd6c34de9df0dc24375959b0c65eef9e8dde94199d08a667""}"
dropout005-r4,after_optimizer_step,20,80,model_params_sha256,,2,2,False,"{""2080ti"": ""902b9bcfbd4ca4260edce11ddf667cff276d0b89a5832d1f1b54a10bc8b298e9"", ""3090"": ""ce32b1d0d9510c137935bf1bcadc7fe12add8d626cb4594fe88e0fed714a2034""}"
dropout005-r4,after_optimizer_step,20,80,optimizer_state_sha256,,2,2,False,"{""2080ti"": ""c351d7d2279a0b10db122e38fabaec704d0795e39edfc9b48fb255d242145a16"", ""3090"": ""e867ca8a02c677b5c8c16492d5eaee61094afd0e3758c5621ed8a19e34987445""}"
dropout005-r4,after_optimizer_step,21,84,model_params_sha256,,2,2,False,"{""2080ti"": ""95bf084107720445cf25137d269ceddf28c9e4c38ea52d6060ca80c0973e78e3"", ""3090"": ""4742ee4f28c0ea5fd4e7514c7e9d939a5019458272cabbf341921c2a533e13c9""}"
dropout005-r4,after_optimizer_step,21,84,optimizer_state_sha256,,2,2,False,"{""2080ti"": ""8a39f1228d66e49308aae826d56f764bac7be2ca600e7054851c14711564fa2b"", ""3090"": ""5467ea26bf4933d98327116dabfe863b4d92c043c27736ad0824e588110f6cc6""}"
dropout005-r4,after_optimizer_step,22,88,model_params_sha256,,2,2,False,"{""2080ti"": ""8de1106c0d15437a08f109a7763b71cd79dfc74919fd5996d51fa38b6edb741e"", ""3090"": ""919f15772fe393ea13c22b33c6778f9702d7d939f0b01fc357ed2b2c2487ca88""}"
dropout005-r4,after_optimizer_step,22,88,optimizer_state_sha256,,2,2,False,"{""2080ti"": ""fd85a8c0d665123bd36146fc66e66a192f9175dcb3bdb18fee4cc227be6097eb"", ""3090"": ""b02929411f3832d3f46ef5c1a49e662496040c58d393cdb51768ada11cf241fc""}"
dropout005-r4,after_optimizer_step,23,92,model_params_sha256,,2,2,False,"{""2080ti"": ""f81a2b4984fb123fb503ba2218befa630eb7d6e5f01492c4fbba8069b70b260b"", ""3090"": ""2c96dd3df2d27b69d9d0d86999571ab5363bd9aaecfc8387bc139e421689af89""}"
dropout005-r4,after_optimizer_step,23,92,optimizer_state_sha256,,2,2,False,"{""2080ti"": ""26fe78ae2d5541471725ca4bc5dd7cfe0a95b744d2d048a9b599b9ba2efcba11"", ""3090"": ""6d2fc9c39bdc6dc5c77c3dc4c25571ce684b48d91313c1fed4378196532df3af""}"
dropout005-r4,after_optimizer_step,24,96,model_params_sha256,,2,2,False,"{""2080ti"": ""717a62714f524ad05170ed11b80b5f137c4dd640504091a60bd327ea311b04e1"", ""3090"": ""1dda5b29a7378d87b5f1cac05a39f50eaff53da068ba260b5578de1ca782a38d""}"
dropout005-r4,after_optimizer_step,24,96,optimizer_state_sha256,,2,2,False,"{""2080ti"": ""1762aa8e09626f45bd8f0647be00065027cf5e49b4758670bbeb8ac175f869d0"", ""3090"": ""de48c21decddcf21d25f8aef5f3eef1623e9a18694def94583198470eb2bc3fd""}"
dropout005-r4,after_optimizer_step,25,100,model_params_sha256,,2,2,False,"{""2080ti"": ""90e024777b9bb7a7b484125a97230e2a90047ba5698d3a7e8d8487a30d13972a"", ""3090"": ""bd4beff8c93dfb0d81300d005ceeaccbf91c86b31385701fd0e4cd55ba035443""}"
dropout005-r4,after_optimizer_step,25,100,optimizer_state_sha256,,2,2,False,"{""2080ti"": ""9e83c8f549b25598fad1b799590b01a180c9fc91b3e9927356c3cbae7865e99d"", ""3090"": ""753df8f227d46197d253676b8cf88535428eca25ba9b9ffe8aab75093b96bcbc""}"
dropout005-r4,after_optimizer_step,26,104,model_params_sha256,,2,2,False,"{""2080ti"": ""da25764b3329f0abdf5ca62abed9cc210c828194a3f75e28b87a5febd8a5ca1e"", ""3090"": ""766232c1ae65678d559f396544f432525ccd2de31be1bfbe02dc7359f1a8a61e""}"
dropout005-r4,after_optimizer_step,26,104,optimizer_state_sha256,,2,2,False,"{""2080ti"": ""d006035991246fd81bcaf3ffa8d52704da26d5dc7602fee22f7206f7ff5cab8b"", ""3090"": ""91d5d5c809e581d47a876f0258f28936e8ee2ae1540cdfde58e369a7fa75c3d3""}"
dropout005-r4,after_optimizer_step,27,108,model_params_sha256,,2,2,False,"{""2080ti"": ""c26bde64fc783aea47e1645f8269f451a23624a28692e079658fefcd22d42756"", ""3090"": ""e569d13d9ac8b5b9cf4f67ed56147a5687b29455e4a440e0739ec9ee60124d5a""}"
dropout005-r4,after_optimizer_step,27,108,optimizer_state_sha256,,2,2,False,"{""2080ti"": ""a7c3af0b46e36b58a89f1409400cbca1302f3652c0fb0a16b5c3d360e00632bf"", ""3090"": ""bdddd83878f2c34d92d4515e3b04695792731128316e5db21b7a4dac4a4eab0c""}"
dropout005-r4,after_optimizer_step,28,112,model_params_sha256,,2,2,False,"{""2080ti"": ""aa5e05d99a23ffdca5abaf2e6b49fe1b6f8e1ea8341cf934103c340776cfe2c0"", ""3090"": ""471b055c83a1aac0b224d6c9ceaf44ba7f3635e18de4ebaa3a12e2cd544082a6""}"
dropout005-r4,after_optimizer_step,28,112,optimizer_state_sha256,,2,2,False,"{""2080ti"": ""794cbb1dd820de5cb027ca416d83acfbdf609a822f3700919b3ac16c9da10088"", ""3090"": ""2f7c5eb875da1448f55763fd44a2a53f592d2e81a255b7a84e046185d3336688""}"
dropout005-r4,after_optimizer_step,29,116,model_params_sha256,,2,2,False,"{""2080ti"": ""9c134bc96e86ae265a72607d45a785f37a2b1eff763e2b15762deec12131596e"", ""3090"": ""2877a973b50a3f05040a8ac316be65630bc42552e2d95e0dbf301a69dc0b265f""}"
dropout005-r4,after_optimizer_step,29,116,optimizer_state_sha256,,2,2,False,"{""2080ti"": ""8d54d2f4d2d300765ad19d1cb0177deba5a1b87d558ad88265699cbd7d17bdf6"", ""3090"": ""96955dcb1926e46400a8010887730c7561f90447c18f21c002d8d4f953be89f8""}"
dropout005-r4,after_optimizer_step,30,120,model_params_sha256,,2,2,False,"{""2080ti"": ""8c69a0622378840bfb143534bb87871d8b08b1b3aa91dd2bbf35a1d3365013fc"", ""3090"": ""713a7d3ed8b3fd9370cb36aa371dc2a7f8cde23d35b954d460e4b390e3a0dab7""}"
dropout005-r4,after_optimizer_step,30,120,optimizer_state_sha256,,2,2,False,"{""2080ti"": ""5ba9d08f9a9a2eafb0ff1d3b5c72badb99e4e38d17768f106a175a637a7c1042"", ""3090"": ""1a0e5803de239d3a62f3a8f8bfbedd8ed0ef2a78d05fa9fc4753e1b46042b05a""}"
dropout005-r4,after_optimizer_step,31,124,model_params_sha256,,2,2,False,"{""2080ti"": ""e515643f0633abb2d9a25f837c0009d08ebbf70f22a0d27e2579876c195bd5f8"", ""3090"": ""8fe8c781e640f12c355be878058d1ae4f3ea1375ef9dcc6b40cefe5537a8948e""}"
dropout005-r4,after_optimizer_step,31,124,optimizer_state_sha256,,2,2,False,"{""2080ti"": ""fc0827e2aee364305f258cd7e5100e2e17706f30a3dd78b4d37ef3366be02102"", ""3090"": ""d5e0ddd8c113291d8f5ccd1e99c5eb0722a2a06acf8e4b97ac4021dcd4cb32be""}"
dropout005-r4,after_optimizer_step,32,128,model_params_sha256,,2,2,False,"{""2080ti"": ""3d007438446c131ebd723c1cea00f0daf6a17d3c4ff798cb6558236c16547467"", ""3090"": ""3530b0529934a0c54859e6381a941506b28d63166db67d904e5bd8750db2a05c""}"
dropout005-r4,after_optimizer_step,32,128,optimizer_state_sha256,,2,2,False,"{""2080ti"": ""9fd3c2fce3c9f9479bbe3b989f466067e04b8c5cc438fe76e568b51fc2abb358"", ""3090"": ""ba8f62bda886068a6c9bf4e0f7743060f588b8dde79be5cdb34a7de2b3f33b12""}"
dropout005-r4,after_optimizer_step,33,132,model_params_sha256,,2,2,False,"{""2080ti"": ""c0ff3cc3b15b8b663d1ab636197e8add8ab8604a322af7ca7d33d21359126343"", ""3090"": ""cae1e75415229c711dabc8d3570d07eff4d8645f648b9dc2499944f93dd76902""}"
dropout005-r4,after_optimizer_step,33,132,optimizer_state_sha256,,2,2,False,"{""2080ti"": ""d02d38b1586f896093046238c5cd0cb8e12836845a08347478fec891b5c67e38"", ""3090"": ""5efa3eac907ff3cacb68a599517a735aeabba50894b160c1ac06b1d91615e917""}"
dropout005-r4,after_optimizer_step,34,136,model_params_sha256,,2,2,False,"{""2080ti"": ""0d2e3c48da983d2008d50b9be01a6eadc821654809c1f35a37d254d48e62aa7a"", ""3090"": ""75db7a3ed82b0e3dd30cfc3a2526024325c636a6cca260c40e515820af0c6efa""}"
dropout005-r4,after_optimizer_step,34,136,optimizer_state_sha256,,2,2,False,"{""2080ti"": ""d3ae4cfc4317a136ae9a24380f57a2d9460dbfa8e7465fe4c7bc4e95a851c04d"", ""3090"": ""749af50524eeb48ec0352d43c4e037a69fec57050ea59c3e45158b377f1868ce""}"
dropout005-r4,after_optimizer_step,35,140,model_params_sha256,,2,2,False,"{""2080ti"": ""753891c75ce98a6261dd5d21b6fed166f63d029c9672626f962b23e85c223875"", ""3090"": ""399a3b6525de2f4730806e077c8be7c00d380da65c0068f908017f9363b97190""}"
dropout005-r4,after_optimizer_step,35,140,optimizer_state_sha256,,2,2,False,"{""2080ti"": ""6ea1171d33f37a6538032dd318ef4bf7912d4d48d9039be87165782344ff7d2e"", ""3090"": ""230a236756401450c74fd8b438f5ba3b77eaaf811b7be56afae431b1ce8fb411""}"
dropout005-r4,after_optimizer_step,36,144,model_params_sha256,,2,2,False,"{""2080ti"": ""893ae49318f2b2eb724f3cd95446f3ad79ed275d5a9ea3a209783f4a95dbec08"", ""3090"": ""fabf1c93cfac8070572fcdd1d1ca7e5aed0d10527ac5cd49b08459bed10b607b""}"
dropout005-r4,after_optimizer_step,36,144,optimizer_state_sha256,,2,2,False,"{""2080ti"": ""4f0f321dc297a81edb0e586d7a6c9acff21896527faba0c09c30c3bdea7cd0c2"", ""3090"": ""c90f0bf6ba16f3b9f774cfe479eb35270c9dbb282bc6d1cfd465adb455473aa7""}"
dropout005-r4,after_optimizer_step,37,148,model_params_sha256,,2,2,False,"{""2080ti"": ""eb742db95811062b4f2c98131abdb2cb3e8f34e618f09df9306ec6676f7706ef"", ""3090"": ""0f0e3d3e7bd8fd07db79855dd9b06e03751b15042da2187a6dd15c98441414c5""}"
dropout005-r4,after_optimizer_step,37,148,optimizer_state_sha256,,2,2,False,"{""2080ti"": ""97dbf0810c83b369a36bc0691a28082cbe8e9ad6427968552c05a7a70cc47dc7"", ""3090"": ""d034c51815d61b2fc14fb36c541601eca48afacc3f93a9fb17869eddcf0db250""}"
dropout005-r4,after_optimizer_step,38,152,model_params_sha256,,2,2,False,"{""2080ti"": ""14175411c3e9dd985ad9fb3dd4840973bec7b0ef352313e927098b0d8bcabf6b"", ""3090"": ""c225f060786be9dbee4f0f9cbe1e3fa9034de543ee3a5dfc2d70e5c9b54f3fd0""}"
dropout005-r4,after_optimizer_step,38,152,optimizer_state_sha256,,2,2,False,"{""2080ti"": ""db3f54d849161aab39bf8d1a3e7b69141302db2305379a3ed5309ae4012179da"", ""3090"": ""f159386b30447db88af230027a0dec1a2ea73db1a8e3ec3b5f20871e36800ecd""}"
dropout005-r4,after_optimizer_step,39,156,model_params_sha256,,2,2,False,"{""2080ti"": ""df8b575af1431826be6735639d8af81eab339c3ac05007bc5f06302cbbb7c6f4"", ""3090"": ""510792cfd5edb4e6417dde1898d08fcad7ed4605851d1ef6879df5a7a3e5da13""}"
dropout005-r4,after_optimizer_step,39,156,optimizer_state_sha256,,2,2,False,"{""2080ti"": ""a764e3663d384463aa222cd7a5f34ef61634aebcbab0a3adeab73a76005262d0"", ""3090"": ""2a987d5a5ab73162d874160b49c179a026dca18f17253f5a19588ed39ecc4d4a""}"
dropout005-r4,after_optimizer_step,40,160,model_params_sha256,,2,2,False,"{""2080ti"": ""4ed04411bd4b5d16ca7038e91a966c2c879c82bb21049af06b4b471eb1934752"", ""3090"": ""105aa38f3f507f3822f6ad784432b1d5d6513a194f284ca29f08baefab0366d0""}"
dropout005-r4,after_optimizer_step,40,160,optimizer_state_sha256,,2,2,False,"{""2080ti"": ""4710bf1185f425b2c6580929735f3fc1c3ee82f0629b3a70c5f64244d4a6c5ab"", ""3090"": ""e1fc975d381932d9fc8cd1f1a91d74aded03407ab2e03590121185e1d113f5e2""}"
dropout005-r4,after_optimizer_step,41,164,model_params_sha256,,2,2,False,"{""2080ti"": ""ae932c188d50a1d83a6c02a676189c3b913fc2c559d20d672c0c3c57e9c6f17e"", ""3090"": ""27ee0b35e4e0df4371b9bbd5f7b3f19c3fcbabacde69e8d43bcc1b6bd473ee95""}"
dropout005-r4,after_optimizer_step,41,164,optimizer_state_sha256,,2,2,False,"{""2080ti"": ""af61e963969d40b0ab6e510089302d4ff11c55a6656ee35bb38f1e1961d5288a"", ""3090"": ""68f945160f052552d98c4d096763b0e9ed7ae5a40d98c878b37bd7e755d0cbb8""}"
dropout005-r4,after_optimizer_step,42,168,model_params_sha256,,2,2,False,"{""2080ti"": ""8645f1318ec5a6c62e39bcbd26dbca07d81633522c5cccb4859cf637fe3cc738"", ""3090"": ""d3a7bda6c7c6e553e867a263abd9f946b8b2eb52d32a4862f79a650166b499e0""}"
dropout005-r4,after_optimizer_step,42,168,optimizer_state_sha256,,2,2,False,"{""2080ti"": ""53ebc7c7c418d1a7fa32bec86c3239708158dc3b6ee687272e95a022e2ceba0a"", ""3090"": ""76205df70b2662ec12206e3274f0aee1cffebf991363e32b79f51c2d294ad948""}"
dropout005-r4,after_optimizer_step,43,172,model_params_sha256,,2,2,False,"{""2080ti"": ""60c71f8dae7c796c9cca1c168a7eb2da83589ec8d6960afb26e159378bd0eef5"", ""3090"": ""f7a8070caf693f05bd00d6e0b0447f87117294954cf2d36030acc0fa4bb247db""}"
dropout005-r4,after_optimizer_step,43,172,optimizer_state_sha256,,2,2,False,"{""2080ti"": ""57bb3111435e351de7d3464afeb36be7a9e1cee70e4f2dade2784be0fb9559b7"", ""3090"": ""9b5219d12272420103db00ebf3bc137938719149f2eeb84e4efa776c70a26c90""}"
dropout005-r4,after_optimizer_step,44,176,model_params_sha256,,2,2,False,"{""2080ti"": ""1b6f156d72edf149f6268b8887851ad822a0bf2d2382aae333e21a188b702c81"", ""3090"": ""a61dea71a40cb65a9edfa142f32029fd5892bbb72260bfd4aa0d5fe5964fab1e""}"
dropout005-r4,after_optimizer_step,44,176,optimizer_state_sha256,,2,2,False,"{""2080ti"": ""bef7200157d3521d10ea44a1dfa04835aa89635dd895d6127ddd30c44249ab1a"", ""3090"": ""b390648e081723d5a44cfb9ec34796f3eb34110cb2b012623368e807caf3927a""}"
dropout005-r4,after_optimizer_step,45,180,model_params_sha256,,2,2,False,"{""2080ti"": ""eb134ac4410a815b4ae1c26f48e58a7521321eb2f9c171212fef82470ca8c7e6"", ""3090"": ""41a4aa83770baf764b3712f16280fb06174d1da9c54e4a6b833b2471ddbd4fe7""}"
dropout005-r4,after_optimizer_step,45,180,optimizer_state_sha256,,2,2,False,"{""2080ti"": ""cbb980c44104857353a9042dff54568daf860be8e1ecd35e946408b968833627"", ""3090"": ""d009f9aa5902ddb0e7c57ecbc62c845a8e096f019219256766ef031934aede5a""}"
dropout005-r4,after_optimizer_step,46,184,model_params_sha256,,2,2,False,"{""2080ti"": ""113a580294d494f4b99c70e9eb432679002fffff7696ed8a3ada20dd05e0a419"", ""3090"": ""fa49f104fc86d21a6b0fbda057c15db6a16b58449844a0c4e21bee24179cc259""}"
dropout005-r4,after_optimizer_step,46,184,optimizer_state_sha256,,2,2,False,"{""2080ti"": ""ab65440c90765ff1ce851086ae7b510fc0865ba66d1d6e5aff7c1d3da3430167"", ""3090"": ""f847b54e1b32ce0ba63f68dde3e7d96a0c1f38d18115fa8573cc9e47e8df96ae""}"
dropout005-r4,after_optimizer_step,47,188,model_params_sha256,,2,2,False,"{""2080ti"": ""79e504aacf34e53f6714539bc84b5c35a6da74d1f4b1695a51f7dade19db2571"", ""3090"": ""27374f3215aee5116f126630b6bd7c900d612181f2a9396c70abaed5e351604a""}"
dropout005-r4,after_optimizer_step,47,188,optimizer_state_sha256,,2,2,False,"{""2080ti"": ""1502f32e520c9ebcbc269d97644a7859e7c34625a197e3e13295898b5940d81c"", ""3090"": ""dc45b9fa0c22654aef4619a2552b094d57e9c58ae42d94c941356fbe8c215a54""}"
dropout005-r4,after_optimizer_step,48,192,model_params_sha256,,2,2,False,"{""2080ti"": ""9ebad417e12d0ed4d4f9ec3210f1b4a396da60b4f2f5826b8692017256aea6ce"", ""3090"": ""e9e729a72ba925cd3a87e19834ce2170d7f0d67e1534ba146001552f63176887""}"
dropout005-r4,after_optimizer_step,48,192,optimizer_state_sha256,,2,2,False,"{""2080ti"": ""3509858bce4d991c054e0eee6b8db9fed8aaf6489dd1e4df31e1c93ea3a040ce"", ""3090"": ""09397abae03354a42c9767f8d908d9fdde59adfd7bee62c64329561d90402dc5""}"
dropout005-r4,after_optimizer_step,49,196,model_params_sha256,,2,2,False,"{""2080ti"": ""240999b5a2e77487d6b10c0c25395a76835ae1f35fdb09299f18f15ed73ec422"", ""3090"": ""eb5ee40f0445deb28015fe479f21b7eda21f2030fa1486fffaae98b8522a25ad""}"
dropout005-r4,after_optimizer_step,49,196,optimizer_state_sha256,,2,2,False,"{""2080ti"": ""377f5a8e5395598613360617aef4d242cce87b331e736e76d6194948a7510095"", ""3090"": ""55f172ca9b907f3e1639bd71f5316d2c8b829efda5f9a944291d1c39aae290b6""}"
dropout005-r4,after_optimizer_step,50,200,model_params_sha256,,2,2,False,"{""2080ti"": ""41c8a0f969814760f8540c8852ca8365690f5de13244221de189c5e68bbd0afa"", ""3090"": ""d86fba3e72d6cf9447f495e9b26476b99a943c2ddb9d72ed6367e1d861fac5ba""}"
dropout005-r4,after_optimizer_step,50,200,optimizer_state_sha256,,2,2,False,"{""2080ti"": ""d06224a93d442972c60b14148f38c33d849c9e6024eff2001d68f10edde8d486"", ""3090"": ""eb07fe679778fe44156c2de49dc4c9f9ee8f15e2513e98af90930f7e7ba98f9f""}"
dropout005-r4,after_optimizer_step,51,204,model_params_sha256,,2,2,False,"{""2080ti"": ""1603ac71968668e62394a317cbf4986f6e10ce234b44e97409a0ce2ef436bc58"", ""3090"": ""5e698d1038957796ed88b02d0af72027ccac5c2e858e159015ff4c68057392bd""}"
dropout005-r4,after_optimizer_step,51,204,optimizer_state_sha256,,2,2,False,"{""2080ti"": ""441cfb56b18396c5fded85a87d16f2c1b765b71714c328b008bf3eb7425e5c48"", ""3090"": ""3a797246f06b05007cd5e67675a2e8cef09ee61f538c09da6ab0ef38aa76f9b4""}"
dropout005-r4,after_optimizer_step,52,208,model_params_sha256,,2,2,False,"{""2080ti"": ""9c5888c04ebeeef24f5038d94b6b6f30287632a5d82035296966c64b5561151e"", ""3090"": ""b5b74c4fcf1e171dd7a9521307eee45a53aabee59363a4e7b11f682ac88207c3""}"
dropout005-r4,after_optimizer_step,52,208,optimizer_state_sha256,,2,2,False,"{""2080ti"": ""8922e16f78be53b2474754c3b1f485fd21be590ce4814c7b39264cc9ed4eba97"", ""3090"": ""df9312becdb15f298cdf18521a08d27ef4667dd2378a92c067b05ebf9eff67f4""}"
dropout005-r4,after_optimizer_step,53,212,model_params_sha256,,2,2,False,"{""2080ti"": ""264b161ff1541c35867f53b8f8d82f4021001b4e6a02a219d89c7b8a62eadb00"", ""3090"": ""0401adc4128822d5605638e3ca9a429009ee93d50321990f9e418fa2d9ce94ce""}"
dropout005-r4,after_optimizer_step,53,212,optimizer_state_sha256,,2,2,False,"{""2080ti"": ""82f52ebae618cb93b31ad7315274baa999ec17b3f458e07e8ed3df9fd952ef8c"", ""3090"": ""b1e2417f72d102747390b7c0b656f950fe2bd7e0efd7e47991e1312001ef58bb""}"
dropout005-r4,after_optimizer_step,54,216,model_params_sha256,,2,2,False,"{""2080ti"": ""77bdad83280e1db4443186ee1c2705d07dacff06ec5cbe6230602ed4ce245d11"", ""3090"": ""cbf3b20777a3fe78bde5ca0c970488671d89748150e13361eb82af00eaa2c59f""}"
dropout005-r4,after_optimizer_step,54,216,optimizer_state_sha256,,2,2,False,"{""2080ti"": ""d65ef2103ec4f36294d3605e1b0fcb4e62de7da0218dc8c99b8519eebff86165"", ""3090"": ""e5e288632d380f91cb9dbb93dd45f6cfa95d24bf85e72f31a5b4811b94e68c7b""}"
dropout005-r4,after_optimizer_step,55,220,model_params_sha256,,2,2,False,"{""2080ti"": ""eada8f4c85665a7a4a1a473dd95ed7a1897dab7f1953e8f8663271dcafd22ffd"", ""3090"": ""f197a35519aeb263b804dac04a2ecc3954351a5789a93d0b05e0ae085d3b7219""}"
dropout005-r4,after_optimizer_step,55,220,optimizer_state_sha256,,2,2,False,"{""2080ti"": ""ded56869371c18b6b9ddc31468a5f39cf866e66973ca8c5aa5da4c1e8b9e78ea"", ""3090"": ""78aed691f728c001f60e0f888094060a08f5424aa1cfd06d19d199169e54bde8""}"
dropout005-r4,after_optimizer_step,56,224,model_params_sha256,,2,2,False,"{""2080ti"": ""1b40715fcb42d59de5e71f9e0b4c773613786f63d874ababd9e7bedc831299af"", ""3090"": ""755e149681cea84a64b635c3eb5b21ad85177b01dbb3ff66fd3eca6385ad9560""}"
dropout005-r4,after_optimizer_step,56,224,optimizer_state_sha256,,2,2,False,"{""2080ti"": ""d61d79aec6c675b5193b2f7a1e346a9471cf8bd783482cda154ba226381c7860"", ""3090"": ""cec80abb597320a94163bd697a6d43ae67c6157a79a774dd7a8bacf860b78ac3""}"
dropout005-r4,after_optimizer_step,57,228,model_params_sha256,,2,2,False,"{""2080ti"": ""668aad71f36ad7d10b48d78868f406853f65dff15e0c25f86406af729508e4d9"", ""3090"": ""e716fce41e96c66f5ba5fb641d4d91d9fb63bc75239e6d9e6e67802274ca54a2""}"
dropout005-r4,after_optimizer_step,57,228,optimizer_state_sha256,,2,2,False,"{""2080ti"": ""260450cbc56ca05613e783c4b79e8f78ec4c23cdbf1832a92baa930bd9ba89ad"", ""3090"": ""d931099b72162aaffb8a8eb03bf8e22ba876e3ce5cee078084d689b3c447f5d4""}"
dropout005-r4,after_optimizer_step,58,232,model_params_sha256,,2,2,False,"{""2080ti"": ""a29253168139c22ebd39b76ae388c9abeb4f086411b3800ff4ebabbf51e2faeb"", ""3090"": ""8f2815135484d297299986f6fed65cca69dbf51395ecf8de162271152f8cfe47""}"
dropout005-r4,after_optimizer_step,58,232,optimizer_state_sha256,,2,2,False,"{""2080ti"": ""a8602b0b4ee7bda50ba264372110085f2c0c881486a3a45ac7f9ba4366aa550b"", ""3090"": ""87d78d6c5a5f39b50c965074aa25c3ef192c4effa49534b3905b8bfc03d1ee0d""}"
dropout005-r4,after_optimizer_step,59,236,model_params_sha256,,2,2,False,"{""2080ti"": ""1b4ae2664313529005fbcf800f702201ec7ed753a8dcdf1777a887c92fd0c45a"", ""3090"": ""8af8618a79c3d1fa835b1ff8231667eb6a1820a2e191a873713ff5a24a843507""}"
dropout005-r4,after_optimizer_step,59,236,optimizer_state_sha256,,2,2,False,"{""2080ti"": ""bfbf9535df09fedeefafa2e84d72ce12cf306627abff7c50f253a808e6ac6bf8"", ""3090"": ""bf6554e1f4847a8b479eac27a1bdbc46cec887df358c81ccabe0c1f46731b17f""}"
dropout005-r4,after_optimizer_step,60,240,model_params_sha256,,2,2,False,"{""2080ti"": ""091a6ab2bbfa427b4c7634421410589e42b68be91fd9fbf49a341f8806a2ea66"", ""3090"": ""9f426ec67d6156e5ad3940448cdbe21dcc891dd158e2087dd56f90496e3eb3b3""}"
dropout005-r4,after_optimizer_step,60,240,optimizer_state_sha256,,2,2,False,"{""2080ti"": ""2af4a660e01093903b3bb54041bab582df6052b3d9e96ab4347f9f459aa944eb"", ""3090"": ""fb3b6a0a995f5132dfc8b426a2e88d32b55a73c1fd64d6cc1c17b25c53e88312""}"
dropout005-r4,after_optimizer_step,61,244,model_params_sha256,,2,2,False,"{""2080ti"": ""cb85874575b50a560952c1f6d1168ed700b5b0d5c938407d15e9f3b7badb28b1"", ""3090"": ""7d1af028853b857360d98cf6a9a5357d8097403c14fc5bfc341fc316d9f2305c""}"
dropout005-r4,after_optimizer_step,61,244,optimizer_state_sha256,,2,2,False,"{""2080ti"": ""8dc496a7f4f4e7eb4644a19529c0c4cda3615995a5d336fa49837c52db22341a"", ""3090"": ""1c2f183788b3e9e042d4943c019c6109e97ee850e414814716d8a3a678ca58ba""}"
dropout005-r4,after_optimizer_step,62,248,model_params_sha256,,2,2,False,"{""2080ti"": ""0cdcd26ababed53bedf3c8074a3871cfeea583ca37d34309080449f1102d64c3"", ""3090"": ""941e9f463b77c4ad30315747592359901dfc943605512ffa9a6716bbba703d20""}"
dropout005-r4,after_optimizer_step,62,248,optimizer_state_sha256,,2,2,False,"{""2080ti"": ""46b09d1db57f9df2494cb86957456b2544bd62242f9261225b32fb998d2578fe"", ""3090"": ""b1359d61084650edec5661d329ebaa46f311171174dd72ada3e3acfa9669e741""}"
dropout005-r4,after_optimizer_step,63,252,model_params_sha256,,2,2,False,"{""2080ti"": ""ba75a35f2e50ae4f349eabc053e7fd213736683916d176265c4d7afe464d1809"", ""3090"": ""272540235af3055d2d0c05c86630aa2f1e9c9dd00d9a7ed6764525c1e3a51f99""}"
dropout005-r4,after_optimizer_step,63,252,optimizer_state_sha256,,2,2,False,"{""2080ti"": ""0852d6748ea357c281e81f5cdef639340515a3f259e99c193e83c31bea4f12e3"", ""3090"": ""cff6193b5e8e692a9e90650742d162b480e5e4578724eabf3da19eb9a45c5387""}"
dropout005-r4,after_optimizer_step,64,256,model_params_sha256,,2,2,False,"{""2080ti"": ""7f3c2582f08b090e6b6045f69469eb201e3b550c765a898987bb538825baed4c"", ""3090"": ""1679c61f36b933feb0c3656b6f3443fd57b463d6fdcb6b3daed2ff8d6bcb97d2""}"
dropout005-r4,after_optimizer_step,64,256,optimizer_state_sha256,,2,2,False,"{""2080ti"": ""ffc5f69281fe6302a59209b013b3871ced0dd74b0bd8a54900660d5338dd7bec"", ""3090"": ""04dded3ce10387d34452b1217d2951b1c9bcf921b68659c8e5209da28715e36d""}"
dropout005-r4,after_optimizer_step,65,260,model_params_sha256,,2,2,False,"{""2080ti"": ""7dffdfd59a6bc041cfd77f648ed16eba881cbf278133479bf78dc8fe8419b01b"", ""3090"": ""f2898ea74524fc9e4721878120f36a9d7f3e35696a3d61f7a2cd6c31af32723f""}"
dropout005-r4,after_optimizer_step,65,260,optimizer_state_sha256,,2,2,False,"{""2080ti"": ""87900a42d93b0c54050c4c44e8b04b466e42cd3351b20fb0718ab55b431fc0eb"", ""3090"": ""c06e4e3342a055f8c441e25660da146fd4e8e83c932c6b07076c1736f2a2e533""}"
dropout005-r4,after_optimizer_step,66,264,model_params_sha256,,2,2,False,"{""2080ti"": ""8545262fef580074962a16bcc6ec71d5c5ccaa18f8b2afd1391beac86c48bdc5"", ""3090"": ""384eb1c9a11507f49cbb57d305859f16e913ac0027f5d7f22436303546c2bdd3""}"
dropout005-r4,after_optimizer_step,66,264,optimizer_state_sha256,,2,2,False,"{""2080ti"": ""019fb9b38cb0eb50bf2970a3a5c8087956c5e2364f7814ce0c921df7123446ff"", ""3090"": ""d8e071e4572af5b39b24760a78e2487a9d3a4b76646cdb5c900fead9c620d5f0""}"
dropout005-r4,after_optimizer_step,67,268,model_params_sha256,,2,2,False,"{""2080ti"": ""620d9ebf20ca85aa1db6d137b71b4673ef58d096bc5830f44caecbdf03ca6853"", ""3090"": ""81c5422633dc189176958f37e56941fa4d589f97e51f936bc4e0d7e2cc41a602""}"
dropout005-r4,after_optimizer_step,67,268,optimizer_state_sha256,,2,2,False,"{""2080ti"": ""903a931a2a1c4606c614a2a0ce89a1b57a11d88bb312f0fb30a04bbe1bb343e6"", ""3090"": ""57a11916c0aa86d6a26b2782a455a0c055878ac464e8baa56b41e7f8bed5a5d2""}"
dropout005-r4,after_optimizer_step,68,272,model_params_sha256,,2,2,False,"{""2080ti"": ""c981942fafa432b408090268dd86251aee3c2b1bfccce54e090501b7ab798bca"", ""3090"": ""ea9f2b4f3a5e09d458da0c44c4d4092781f10b0446391cc4eaad61ec88016d26""}"
dropout005-r4,after_optimizer_step,68,272,optimizer_state_sha256,,2,2,False,"{""2080ti"": ""a75857b67a1ed1e804de5805f87589995c940ac86b00729db6fe4a1a9ca73a6a"", ""3090"": ""89b85d4879611d0dfa56c07c5076c3d72b2f262e07199f9a5d54fde1a9e8f8b8""}"
dropout005-r4,after_optimizer_step,69,276,model_params_sha256,,2,2,False,"{""2080ti"": ""197feb3637ee19e95a8b0324e6f40a55ea5d08939696d4156facf7fc19f6586c"", ""3090"": ""ac508acfb607192a5de13de2da6b8ede1e1edee099ac86ac3c200be1476047e8""}"
dropout005-r4,after_optimizer_step,69,276,optimizer_state_sha256,,2,2,False,"{""2080ti"": ""f6e069a6cf90e855b300c3217e1c93acf6805e98108002adbd9111c751d92b59"", ""3090"": ""40484ba821a50b11aaf9144ba54bb3f325645ee3cfd0c7c2cc89828f4b3dd9cb""}"
dropout005-r4,after_optimizer_step,70,280,model_params_sha256,,2,2,False,"{""2080ti"": ""c86a365056c6d4ca3442f55ee3aa2f0fd950a7b83ac24cb13bdab102412733d5"", ""3090"": ""805aea8526b2a62738c3330e02b3954cf78d2d7460d51089412d6fe89e1a1ad2""}"
dropout005-r4,after_optimizer_step,70,280,optimizer_state_sha256,,2,2,False,"{""2080ti"": ""b676539acbf07e8acc864f6400a8d6697734db1e2385f25352cafecb95665511"", ""3090"": ""b31f26d4a95f6c82aa803f0b38aef606f98889ae6b724928d2d9837b616b7310""}"
dropout005-r4,after_optimizer_step,71,284,model_params_sha256,,2,2,False,"{""2080ti"": ""a9a963f65edc9a5c030bbc115866fba075c1fcbe4c33a21d3934aa06eccef737"", ""3090"": ""e4b47a1685cd2a7fc8b5b08e6001b1292af6d0e29a7baa956917c475661a7e0d""}"
dropout005-r4,after_optimizer_step,71,284,optimizer_state_sha256,,2,2,False,"{""2080ti"": ""5afea5bd9ffa3826a78b283d7b8c7c3c1e873c8f0eae15f6e30ad37fd013d2d3"", ""3090"": ""0d5e7e7d3cfed43e5178d3ea2d01f9f473f1db5b7e3d67088be06500e7ec1c8f""}"
dropout005-r4,after_optimizer_step,72,288,model_params_sha256,,2,2,False,"{""2080ti"": ""630999c033401f17b6b095e973e908973258b442256933a71b55781c187595cd"", ""3090"": ""c3172c228ab4d48aff1827ed17a859aac0467a781c49c7a472d7802f8cde925f""}"
dropout005-r4,after_optimizer_step,72,288,optimizer_state_sha256,,2,2,False,"{""2080ti"": ""e9f689bb98812dfd4dcf22ad20a0e360a96e2ec73bbc5c073c0f80a1132fc44f"", ""3090"": ""b88285311318a66d6c3acf0d138bf450a75409706d421e907ca0a5f3d94b8087""}"
dropout005-r4,after_optimizer_step,73,292,model_params_sha256,,2,2,False,"{""2080ti"": ""f1c64ff956ac645af143c0623b510fc6377452d661c7fd460523d728f08f1990"", ""3090"": ""001a9cc0b4a8a12ceadb2a72192d3f1bbc001124e0d5acf2cfcea15af8020f2f""}"
dropout005-r4,after_optimizer_step,73,292,optimizer_state_sha256,,2,2,False,"{""2080ti"": ""4ab92cf460c4366e5f1c3f7905419c96effc3e166b4f767d240a0a0a6e41b6ba"", ""3090"": ""659446872ecf94b1e7771a93910a56c72b8ef4b77513d4d155af897c8ac80c60""}"
dropout005-r4,after_optimizer_step,74,296,model_params_sha256,,2,2,False,"{""2080ti"": ""d466f652bb9bf001647a755122816c34a312dce5080a03e3442f95ec69f83ac2"", ""3090"": ""beab864400d260e4afc65173921b6a7c77b37919356c79b6cf65a079fbf06d4c""}"
dropout005-r4,after_optimizer_step,74,296,optimizer_state_sha256,,2,2,False,"{""2080ti"": ""70db9c655cacb2834bdc6a8da93fc62a2d127a5e344df115e2d5e80fc03e5484"", ""3090"": ""c42bba4a152910274141e228ac0bfa7ef2bcb0ef1ebc295c74bf82d84fae37fc""}"
dropout005-r4,after_optimizer_step,75,300,model_params_sha256,,2,2,False,"{""2080ti"": ""651306dd56df6fc2a8a68d053220b3c1754d2423d0b93109c3fde6f1580ac4a9"", ""3090"": ""d2f7812a3d843c07c73f6fef3801bd5b4bffd13dac2dfac878a44e638deaa089""}"
dropout005-r4,after_optimizer_step,75,300,optimizer_state_sha256,,2,2,False,"{""2080ti"": ""3e18e31bbee114b3a72948f05e656c24e2fa5126dd3071aaad142063889d4736"", ""3090"": ""dcf3e91f1c711ea771b47b5c6cde8e8399e5e6d802838552333e5cc32936ee93""}"
dropout005-r4,after_optimizer_step,76,304,model_params_sha256,,2,2,False,"{""2080ti"": ""2fb82a6828d07d4aea1aed3ea43f2f355a6a56ba34c2629d37e1989543fd0ade"", ""3090"": ""3c41343e8dcdd0b032307813bab34abe3e5fafb56f09f98bdb454a19015849b3""}"
dropout005-r4,after_optimizer_step,76,304,optimizer_state_sha256,,2,2,False,"{""2080ti"": ""33546c31a0d07ce239dd26763608ace85b5c35ed8816979562bd3399afe7c8ed"", ""3090"": ""098b1507c5c25d6faeeffc978cb2e02d3efe4271a36eea73e7a0cc3a64d62c6f""}"
dropout005-r4,after_optimizer_step,77,308,model_params_sha256,,2,2,False,"{""2080ti"": ""7be59f61616e574ff1e2456dec633cd851151c0ba8772fcaa40391a7f60db3f7"", ""3090"": ""9528564d323d3f32bc9d2024fdc03d966bb962900c3daf7859da4ac36572fa4a""}"
dropout005-r4,after_optimizer_step,77,308,optimizer_state_sha256,,2,2,False,"{""2080ti"": ""c766076f28b1aace5fdd793c306d7401918f8c7e6385f13c0f28dd35999ee81e"", ""3090"": ""936038d4910cc738e6b89d7c2b58a7095d401c8b1c6b147db58ecddcb383da42""}"
dropout005-r4,after_optimizer_step,78,312,model_params_sha256,,2,2,False,"{""2080ti"": ""0292ccd150379650e6999b2a16daf64e990987fe4ecadee7ae77f0b37155719f"", ""3090"": ""bdb884ec07e4519341754b496f75c3b10c83620532a36fb6f2efaae1513bbaed""}"
dropout005-r4,after_optimizer_step,78,312,optimizer_state_sha256,,2,2,False,"{""2080ti"": ""552be6bcffddacf30239012e433c319fe84694dc2c2c27e3d5b0e0e0e5a9d405"", ""3090"": ""64cad842ec99b85e5cf04f5f43cf60749f3169b0889b16f9b4320259d3dd144b""}"
dropout005-r4,after_optimizer_step,79,316,model_params_sha256,,2,2,False,"{""2080ti"": ""4843b8064ca4656a9f357d4014327dba87e58bf5b57d4bcf8f5ba9162b319014"", ""3090"": ""cee987eae879680d72594df81d89d8a49d4e0863063c32411f309d32f90b6c92""}"
dropout005-r4,after_optimizer_step,79,316,optimizer_state_sha256,,2,2,False,"{""2080ti"": ""6676bde56f6fc88e2075c6ce4468f13087bf6380f52fbc886302e75885f227e4"", ""3090"": ""001280419593fbc88d6491d2767779ac8e161763a3c14fa7c2578db3b302e380""}"
dropout005-r4,after_optimizer_step,80,320,model_params_sha256,,2,2,False,"{""2080ti"": ""deed6e00b5d1fdbe0b2b8204ab318ea8b24058eefe0bef79ebb116032cc61ff4"", ""3090"": ""cb6f58a2e4f112ea377d91825df94b6c35cf0dd77cb070dcbefd18707e3a7b52""}"
dropout005-r4,after_optimizer_step,80,320,optimizer_state_sha256,,2,2,False,"{""2080ti"": ""1ac367577f0fb86d2b30d56e9d09893040d876b4d4e6366cb2a3c7eda6faf058"", ""3090"": ""4a30661a576de174a052a66f07701c289fec728bdb584b95491d8c765d8812e4""}"
dropout005-r4,after_optimizer_step,81,324,model_params_sha256,,2,2,False,"{""2080ti"": ""f81faa7426f27bf2c95790cfe611b63d1234f08394791b48f63e7b3cdddac2e5"", ""3090"": ""d88012ca9ba9c41d047838e1fb0a59ac32fef71954103c2276d11221dad4cae9""}"
dropout005-r4,after_optimizer_step,81,324,optimizer_state_sha256,,2,2,False,"{""2080ti"": ""b8760dc813da495dd69a783d532bebb3ca3aa60ee1d5e8a02b31049a655130e1"", ""3090"": ""3335f573e3587145e8f7b45e0858e6059a4134e474dd6b8cf731e49606149e01""}"
dropout005-r4,after_optimizer_step,82,328,model_params_sha256,,2,2,False,"{""2080ti"": ""6a348de9c36902a3a6e7652f334f29d51e6f5a7fa1ec96c92b8a0dc4758c07f7"", ""3090"": ""9befb7ac9f4db85a7038ecfd3cd63b131a781fc9c9d49b3018357994ddb04193""}"
dropout005-r4,after_optimizer_step,82,328,optimizer_state_sha256,,2,2,False,"{""2080ti"": ""ef84d7c4c25c2feaa08f63fee85da4f03a6d299580680c47aad4352faeeaf4a0"", ""3090"": ""a90897fcdcd652304c3a026d74c04ca41d83fb023ac6ba31056940356771636d""}"
dropout005-r4,after_optimizer_step,83,332,model_params_sha256,,2,2,False,"{""2080ti"": ""91ffa3426532425f8f8bb14a4b906345eb23d8ae116ef9be84a0925ad9b8d76f"", ""3090"": ""0f3e43e73b0d0b09ba0849f044c6c3bfbb4dd352a59d72ba06e673852a7f2ed7""}"
dropout005-r4,after_optimizer_step,83,332,optimizer_state_sha256,,2,2,False,"{""2080ti"": ""f206b86c458a34a1b2205dc551f939a5709b0da8d61bde0046b2fa893bd4e663"", ""3090"": ""4e6ca72d520500ea42d542754eabae52792676c44a03cea5f0bc4d50f6aab188""}"
dropout005-r4,after_optimizer_step,84,336,model_params_sha256,,2,2,False,"{""2080ti"": ""fb2dc9d8a5645e9e65c1cca00065dc18b76368ea91f8c06f80b9f313e39ea6e3"", ""3090"": ""cfa854b6b87ef54099c73aece54bb311b2c3167127745b4974dc6d2c81a973e2""}"
dropout005-r4,after_optimizer_step,84,336,optimizer_state_sha256,,2,2,False,"{""2080ti"": ""4a1001bb78f15bd9de2172fc3042f44f1c8f1f0795fb7bf114291d7369b9e4f4"", ""3090"": ""a17e92613da1b6fc22c5fde04abced0d94b19b435a496e32358da72df609c72e""}"
dropout005-r4,after_optimizer_step,85,340,model_params_sha256,,2,2,False,"{""2080ti"": ""590582f5f08253e63d02e600729f943a699970aee5046b8f55734a1b793b8c1c"", ""3090"": ""c0e58386d70aefe8ed85ef5b1f00f6d8dfed71a232d606bc2810ffdd980e952f""}"
dropout005-r4,after_optimizer_step,85,340,optimizer_state_sha256,,2,2,False,"{""2080ti"": ""b4d43ab5cc514012317c2beaa9c578e173e719bde64088c8cbd1566a549d907f"", ""3090"": ""778eccd6c4eb4ac13bbdf25408a586b718f13b9dbd24f9dbcdbb501e5c2db69d""}"
dropout005-r4,after_optimizer_step,86,344,model_params_sha256,,2,2,False,"{""2080ti"": ""8081314218aeee46c329f16f23f08ded4f9e32b8b085579336f45597994f3303"", ""3090"": ""29e0ecabffc8aad25ce2d3b7e9534e3d56e5d5e5e1f9fecbb00906d204ad6bdd""}"
dropout005-r4,after_optimizer_step,86,344,optimizer_state_sha256,,2,2,False,"{""2080ti"": ""71645d9a2fd5df4232da16f176d2a680befe6a67838b3b142cc286226f764fb8"", ""3090"": ""9794afb7e7a250d5be728fae18d252f56c1e7f4e954d79cf42e54641309fdf8d""}"
dropout005-r4,after_optimizer_step,87,348,model_params_sha256,,2,2,False,"{""2080ti"": ""2c8df72566cfec84dbeb4477da65ad1f45d6daef81bcfd1dfb0ddd776a349f9e"", ""3090"": ""320fadbc7a8f98a76a767335f14bc4c294c410e737e0f104824d4d40821fc18b""}"
dropout005-r4,after_optimizer_step,87,348,optimizer_state_sha256,,2,2,False,"{""2080ti"": ""e0935b51bd5a7ad1dd38a580552473de04c6fc6eb9d007d89ba356f8147a8082"", ""3090"": ""1241579acc9fc51e176937a764b429047fd8bbe0756f8c5f15c7f0e0d8117609""}"
dropout005-r4,after_optimizer_step,88,352,model_params_sha256,,2,2,False,"{""2080ti"": ""ddccd2b8c6164a32c8b090503d20ce4a40111fa159e66247bb8b4b9c611ab070"", ""3090"": ""7232c7997b5b8cf8240e566518ca08efd8bbef96c95de79108a43300a6756547""}"
dropout005-r4,after_optimizer_step,88,352,optimizer_state_sha256,,2,2,False,"{""2080ti"": ""43d139301471e43278e66801427a2c3fdf1c02432686a9d37dd0c5bd271010d5"", ""3090"": ""4f6d15d551f64ca9f71803113aeeba86e8b98e083f537cb2a847ba008043f92c""}"
dropout005-r4,after_optimizer_step,89,356,model_params_sha256,,2,2,False,"{""2080ti"": ""093e269bb2007b45d1bcbb4b7065f7f94e5b0a579ef64cf45e4cbff1a22ad8c4"", ""3090"": ""989e871fef354f715adddce7082b52bdb220a209052c5aab1e31e74a2a1f71ed""}"
dropout005-r4,after_optimizer_step,89,356,optimizer_state_sha256,,2,2,False,"{""2080ti"": ""bbc00f9b1e0e92fa1cd0906a4b3452dfcb0eab11406a260391b0b1cba4431f62"", ""3090"": ""b06f4c8874f66719fe3982b473c1201517fd533ed06f7466110d1b4359a68f7f""}"
dropout005-r4,after_optimizer_step,90,360,model_params_sha256,,2,2,False,"{""2080ti"": ""89b2bdecfe7acd2b6ee2f22ead58eaf84114cc0fae3dd2d9845a2dce92f96c17"", ""3090"": ""8b8b18619afc1f428aee18ac3c7ff85ae3e012d18aa22c16fc7dc6d1bea6d231""}"
dropout005-r4,after_optimizer_step,90,360,optimizer_state_sha256,,2,2,False,"{""2080ti"": ""b3cadfa6f37023bfbdc27f6bc4e65db0a6cfd4779dfbc6e7cb7453c104440d91"", ""3090"": ""425a5019301706f9c60b1fdb5259ae1098ffcda17cfdfa585b335817ed2c952c""}"
dropout005-r4,after_optimizer_step,91,364,model_params_sha256,,2,2,False,"{""2080ti"": ""944765290b3d58588afc7f5387306f78bfe036d010940090050cc228ba2650fb"", ""3090"": ""ec841ec05d31891354d459972ae4316fac6a77d79c35ac57f39a11527b52333c""}"
dropout005-r4,after_optimizer_step,91,364,optimizer_state_sha256,,2,2,False,"{""2080ti"": ""713be76370a7e615b743518779111a6779485559d49ce4c3b60b806eac0fb09c"", ""3090"": ""0fb92c2171a8339992f090525e7c4c25c835d4a708cfa0dad599af9b10b08fc2""}"
dropout005-r4,after_optimizer_step,92,368,model_params_sha256,,2,2,False,"{""2080ti"": ""af4751ad46f84eee470c591694b200ef261a7c8a63be9f38cc36b5f1f092a35c"", ""3090"": ""0dda2dd8e47f50c68f437583d3f64e7f5d6f706bef34ebe38afdaa119172772e""}"
dropout005-r4,after_optimizer_step,92,368,optimizer_state_sha256,,2,2,False,"{""2080ti"": ""03e42304052cb8dfe1fc76fa140ebe77c84f9a047d8a3a08707031fd2ae3c6a1"", ""3090"": ""e0eef834461fda4be7b89fb5c4422e54d7add509242484f829bd06f2c6b130c0""}"
dropout005-r4,after_optimizer_step,93,372,model_params_sha256,,2,2,False,"{""2080ti"": ""01a07fe6614fbadd9df40102b31d4ec060d22b63d387753aad37c245265a3a32"", ""3090"": ""94f4097f577a751e27ca866cc6357f28184aa9cc4c5023d400710c8445f0f23b""}"
dropout005-r4,after_optimizer_step,93,372,optimizer_state_sha256,,2,2,False,"{""2080ti"": ""a08beb0e3ad4ff6079abaa0627d20c14a7771f1b9b989b23ca2b0c38e9806192"", ""3090"": ""eb0d707aeadbd3a2d87e5903ab276758d6885741f7962a9b0bed48338e7a21fd""}"
dropout005-r4,after_optimizer_step,94,376,model_params_sha256,,2,2,False,"{""2080ti"": ""3faddf22d7d719c64298311b7c712c9d1f4b9a8ab6156437759a403dcb634c4b"", ""3090"": ""1806985baccaae19dd7c532abc7d2ff4d15a7d3f03978138bc83fa5d6249bfe5""}"
dropout005-r4,after_optimizer_step,94,376,optimizer_state_sha256,,2,2,False,"{""2080ti"": ""58c142baa5d15b9d7990ae24822c1969dac22fc999d756c023793048da6ec33e"", ""3090"": ""64cabce5897eb52db83cd029f61f781bbb20382e63adce673fb09352b499fcf7""}"
dropout005-r4,after_optimizer_step,95,380,model_params_sha256,,2,2,False,"{""2080ti"": ""233f0a473c3e461a7cfeeba0963a20b744df79c1f7006336afcc4e6e5912a8b4"", ""3090"": ""ead7a432cf2baaa58ee1326ce0b6c8575555146e8cf898431e324d845b80c534""}"
dropout005-r4,after_optimizer_step,95,380,optimizer_state_sha256,,2,2,False,"{""2080ti"": ""b94098a34749ec4e5b8ab1022c9f421f430cfe04a5a5c1e7ff96e7f344d94170"", ""3090"": ""9a1e207a79c124e64b70b9569b41e585719533ad8cbe7bb26db5b9b00f9e4347""}"
dropout005-r4,after_optimizer_step,96,384,model_params_sha256,,2,2,False,"{""2080ti"": ""4001f1bc3e71684e4b5e9cd001b92f518e9f24cd495db99df74f1e7af0666151"", ""3090"": ""19afef25017a0073e3897aa57cb34d7365bd9b9dca0e718d13e017bf54bd8059""}"
dropout005-r4,after_optimizer_step,96,384,optimizer_state_sha256,,2,2,False,"{""2080ti"": ""df926ae83ad821252e59efba9798bdc3523dfd15fc26de4d0804022c8de69abe"", ""3090"": ""571421df675b40a6a4ff60a8f3bb1ff4cec766c93429374919e11e0cad3fdf6e""}"
dropout005-r4,after_optimizer_step,97,388,model_params_sha256,,2,2,False,"{""2080ti"": ""745d325cae8639bd6fec84802c42f5cb9c61eaa29004ec13ed0108504ac36b3d"", ""3090"": ""d32b1b0b432d33ee8fde16fbfae978bdb671e0329ed19572857fbc2a865c872a""}"
dropout005-r4,after_optimizer_step,97,388,optimizer_state_sha256,,2,2,False,"{""2080ti"": ""c66f8808dcc90d688202285aef0267da01f6ac1e597ec50a5beec228d5278ca8"", ""3090"": ""1937a2aebae03e5f2baf068b640dac1214eba58456c52ffb4ec3c4be0bb6c6dc""}"
dropout005-r4,after_optimizer_step,98,392,model_params_sha256,,2,2,False,"{""2080ti"": ""c3b289c2195ca984eabb20edc35223a02fedc6f83e62f5f523403ca0313f7969"", ""3090"": ""2eb243adfdcf2472309e4f3ac0a9077ef4be7c6746ab0ef2b1d5052cdb4152b9""}"
dropout005-r4,after_optimizer_step,98,392,optimizer_state_sha256,,2,2,False,"{""2080ti"": ""4c280dfb7a31e2df6009d15b4baab3824e863ecfddd6cf3bf55fdb7ef43128b3"", ""3090"": ""6f119061e851c505d8840ed927943718022ca8f41241b0d0f0ed7feeca204556""}"
dropout005-r4,after_optimizer_step,99,396,model_params_sha256,,2,2,False,"{""2080ti"": ""5c52f146227dc1c81fb28663213ac213a161842ed70bad0751059099ead59d9a"", ""3090"": ""cd76b4202317f35ffdccdda927eb30b51a05bb008ab4585d9a1925cf4d1f7371""}"
dropout005-r4,after_optimizer_step,99,396,optimizer_state_sha256,,2,2,False,"{""2080ti"": ""faba74dc2cba0f7fc844309ea36c1fdd12888d8eeb9f40f20b59225c480d58e6"", ""3090"": ""0362826043dd40ef12bd86b6f4ab5117db1233e30ce9a1f0194722b66b481d24""}"
dropout005-r4,after_optimizer_step,100,400,model_params_sha256,,2,2,False,"{""2080ti"": ""5f7fbe24d40bb964c751ed77428285000c678dbae7dd8f15544f78a65ed49c36"", ""3090"": ""b4cdbdd299ba48a7c5777395a0207a5524ec1a00af07f60939b95a8525f4a5a4""}"
dropout005-r4,after_optimizer_step,100,400,optimizer_state_sha256,,2,2,False,"{""2080ti"": ""fa09558311076fd55b166e6d5da35d18774136e32d96bbd018ce78dddd559b9e"", ""3090"": ""e0e448bcafeac2b69757d0b532a56914f094112c98c860430675b3c639db5441""}"
dropout005-r4,after_optimizer_step,101,404,model_params_sha256,,2,2,False,"{""2080ti"": ""804f80338f9da01d88385cebe7dd91a488c462da837b8641fb344870eae12e65"", ""3090"": ""219412833c33cef286d27539d4aaec97a24ef6d36b31cd07c1502375877d7bd4""}"
dropout005-r4,after_optimizer_step,101,404,optimizer_state_sha256,,2,2,False,"{""2080ti"": ""8a37e927dac46a4c8c3e0c535bbf8a774d82d22418563ab4ab7aa1f00be8a2c1"", ""3090"": ""98db9ce3680b76a6822fdd2c2d38e7b6660b442ca308134b2cb7f053809d69d6""}"
dropout005-r4,after_optimizer_step,102,408,model_params_sha256,,2,2,False,"{""2080ti"": ""d097630bf0d3c7a0ee3ab6932bdf5622654226219dad7bd87ec7e0ea86b86958"", ""3090"": ""f177770c5c4d4be97b1021c44ba057fd3673d064738cb826535ada717177234e""}"
dropout005-r4,after_optimizer_step,102,408,optimizer_state_sha256,,2,2,False,"{""2080ti"": ""403f86d2f335320d998c66d7bdc195b735445f500d10cb845854e8d8c11c59bb"", ""3090"": ""73f28e36b0d1e7eed2b6542043e182d1669b34ee5ef3264b02e47c69a81e4fd9""}"
dropout005-r4,after_optimizer_step,103,412,model_params_sha256,,2,2,False,"{""2080ti"": ""29bd79af20f7221ba6b3eb809d6971ff72e85430a2dc7e821c6fc1cb29377e09"", ""3090"": ""3a38d76db02c91c79cbabc26b95f6f2c734d90f46c57aa51b436031ac95967ed""}"
dropout005-r4,after_optimizer_step,103,412,optimizer_state_sha256,,2,2,False,"{""2080ti"": ""8ae45d8e84e61c924baa1dc75b99e188ff14257bd945db85d38382a3a74aa137"", ""3090"": ""4dfa247e2191f9d3b4ee6f3d4cc62b2f768fdbc9f9e249b800f1e60fc109bd24""}"
dropout005-r4,after_optimizer_step,104,416,model_params_sha256,,2,2,False,"{""2080ti"": ""657f72c9f55601dec4b42a2f9a355098d782b46a2f59b80030c9cbcaf36e9164"", ""3090"": ""7c6e0ffc9ff156c35544c24ca26661e3e77b9d4a93b15d217f07166696fdb7e8""}"
dropout005-r4,after_optimizer_step,104,416,optimizer_state_sha256,,2,2,False,"{""2080ti"": ""c89fb0411f7af3953bec0f77967bb64670bb980370a860e2bbd1fa7c4f05a81b"", ""3090"": ""cfbb2cf80dc034800f05b436455f249021460103793dc383b13c738eaa5b0904""}"
dropout005-r4,after_optimizer_step,105,420,model_params_sha256,,2,2,False,"{""2080ti"": ""d3f255324c11661dc50292c38640a167d6369750ce671dd4f664d2ce68cdce23"", ""3090"": ""e7e029aa65745b8af0897cd995b939c242b60fe72a7bd9f62518fa6adba5cd0a""}"
dropout005-r4,after_optimizer_step,105,420,optimizer_state_sha256,,2,2,False,"{""2080ti"": ""bcd998746e384b56932dfed2941995ab3849cb9a78c3004fb5de69832896fdeb"", ""3090"": ""f3d25c9a984ab8febf2bd6debf40afe9fc389422b4a923afec047a195c0f8443""}"
dropout005-r4,after_optimizer_step,106,424,model_params_sha256,,2,2,False,"{""2080ti"": ""10527023d4a0c531135b89a2f098d05ac7890b227093d29dafd4820c79a4c35a"", ""3090"": ""6210ebc8d41f0182f3105b6edc3d3fb7c7dbc9ad8435ae15af1eb90ac33b5860""}"
dropout005-r4,after_optimizer_step,106,424,optimizer_state_sha256,,2,2,False,"{""2080ti"": ""45e3d05b939ccf3b0ed71f54b1cdc1c6a9303eb710c51719b05bcd75b0754540"", ""3090"": ""1f2eb149d9c9f31174887fcd6c7be73ac025c34463fb70c88bb7c9843d56177f""}"
dropout005-r4,after_optimizer_step,107,428,model_params_sha256,,2,2,False,"{""2080ti"": ""4af2a37995dbc1570fdc5b4ce50543e568366630429a99f49da047a03c99df26"", ""3090"": ""867815205b52a85806a06fae13d625d0f9567906815b23288965f6a900d4765d""}"
dropout005-r4,after_optimizer_step,107,428,optimizer_state_sha256,,2,2,False,"{""2080ti"": ""d3cca89868f1ec7a1433a1f90bb5d0d78ef2abe580232fe86e4fc44c03874d65"", ""3090"": ""8f3aa8438afe1d2e43acd89f2f3aa144d906aeb6b9c6ac032fbe93fa9711689a""}"
dropout005-r4,after_optimizer_step,108,432,model_params_sha256,,2,2,False,"{""2080ti"": ""03de7a49cb36f88ab63bca038e288726782752d265d90739d7440ee4c9789fe0"", ""3090"": ""c4e7116e0196b6417e972301bd3b88634d22b7d29f53fa8e32e4b92d88821e0e""}"
dropout005-r4,after_optimizer_step,108,432,optimizer_state_sha256,,2,2,False,"{""2080ti"": ""451dc17dfae927953cda6dd53518b4b393eddd4f79f58535d59d07b1ce7bda10"", ""3090"": ""3c0f4b7c620e4adc7a2fb35f8aa08487c69b6eed70b6f3c976472e24f2a5f9e7""}"
dropout005-r4,after_optimizer_step,109,436,model_params_sha256,,2,2,False,"{""2080ti"": ""7e2e41c1003915d2e78c823e4de3bf1003aa3916619d0d32dbc3b6816ce83952"", ""3090"": ""12c2b7826a730a254d439c700cb5e39166682b2941e9fb922416a08d67b2902b""}"
dropout005-r4,after_optimizer_step,109,436,optimizer_state_sha256,,2,2,False,"{""2080ti"": ""0711595776b5942c1e7b8ee68136a2f25a44fbc8a772aa2afb974d95901daf5c"", ""3090"": ""75d8568f2f5edcd1db52141982fe3af276610ff90a722c230c7cb260269bbba4""}"
dropout005-r4,after_optimizer_step,110,440,model_params_sha256,,2,2,False,"{""2080ti"": ""2e0430627c5f4ac3dcd8f4a72d6ee4d63d80feba901ce4882fdd9502ba828955"", ""3090"": ""be9aac1920c517ae3ea0e99b31241fbf34d015ce65ff31713f650dff4b7efae7""}"
dropout005-r4,after_optimizer_step,110,440,optimizer_state_sha256,,2,2,False,"{""2080ti"": ""6ecc02a581c5aeade95c0912ab7ea8b0e09a08cf6c4875a68512c1de53e5b633"", ""3090"": ""266ebfec7eb2258bffafecd7b32ab8da656f2474798727a8b562fde8d3174899""}"
dropout005-r4,after_optimizer_step,111,444,model_params_sha256,,2,2,False,"{""2080ti"": ""58348fbf3692e3e86eafc961cd4fd5111cddeb53e1a705e15f8ac0bfc1cac6f1"", ""3090"": ""118f63c473f8913061a6b2d54036b961e065f376a34095df7debdfcf4bbbb142""}"
dropout005-r4,after_optimizer_step,111,444,optimizer_state_sha256,,2,2,False,"{""2080ti"": ""1a64aa07f034319381b42cec437625e220ebf97fac2610296f6352657ae2da7a"", ""3090"": ""abb63e1bf0860726a988ce69f61baa692ec032cd8cb24ea164c06c2e62f751ce""}"
dropout005-r4,after_optimizer_step,112,448,model_params_sha256,,2,2,False,"{""2080ti"": ""8420478db71d3865697ef1282f205e540a399c21ea9147fdabe22eeda84f3d8c"", ""3090"": ""431b5f6780b076203d1b3e01b11424c46f3e9f4fbbfce8efce1b7d21319ec148""}"
dropout005-r4,after_optimizer_step,112,448,optimizer_state_sha256,,2,2,False,"{""2080ti"": ""4cb34fbe5ed827924a540730d6a47dd0838f3aaba5e3732f44290ca56a83c9ea"", ""3090"": ""9a5dd958066615d69e34dbed27ac21477e3a9412323ad89416a089617a3cb8db""}"
dropout005-r4,after_optimizer_step,113,452,model_params_sha256,,2,2,False,"{""2080ti"": ""fc41e8a8c19f7ce87d73ef40b3daf35befee7d87f24330d113121c72f4d041e9"", ""3090"": ""5225e03ec181304c9908aa4199b0088ec562e1460db2942628356bb4cf466feb""}"
dropout005-r4,after_optimizer_step,113,452,optimizer_state_sha256,,2,2,False,"{""2080ti"": ""bcd07756165dc8c6c46faec33ca156f42b36eddc5511798a1d105fa8eb1d0154"", ""3090"": ""f53f2b494696e272a72567022266495acd365d6f5768d03f7354497349f00ab1""}"
dropout005-r4,after_optimizer_step,114,456,model_params_sha256,,2,2,False,"{""2080ti"": ""eeaf94d4a3a6ecc393f8e1555e67470f948deefced5dc28944abcf5508431ec7"", ""3090"": ""0f09be6da506852683bf2740da8f30dba6699ef4569bc7c52c0bfb52f3c76346""}"
dropout005-r4,after_optimizer_step,114,456,optimizer_state_sha256,,2,2,False,"{""2080ti"": ""7d82e2c5f7bcb03e09c7b837e24dc95eae7cece800cfc701ace01544c04650de"", ""3090"": ""6def04b231e95fa31c47480c8fe3212fee171dc48ecdc0e509a798a9d91773ed""}"
dropout005-r4,after_optimizer_step,115,460,model_params_sha256,,2,2,False,"{""2080ti"": ""c653052feefba6822e0f08975d669f4797438446cf44ef5423b321208133fcbd"", ""3090"": ""a78ef31aa07f90c877c1279b9e7a260a1e5a4296aef4312542fe1291a62e4fc7""}"
dropout005-r4,after_optimizer_step,115,460,optimizer_state_sha256,,2,2,False,"{""2080ti"": ""8e118221d27bf81c3b05806dabc2d03a2068bfe99001e5dce82038c58e19655f"", ""3090"": ""9fec8c026f321226e9aab2f76ffed18bc5ec54e14363daa384416607b36d33da""}"
dropout005-r4,after_optimizer_step,116,464,model_params_sha256,,2,2,False,"{""2080ti"": ""b952e82d073cba6dd71b1a3637b21e364a5a22ca1b75535d6feaae1761f37ba2"", ""3090"": ""e103a9a846159476315d5594dd4b5db49b082f669668de2cefad4a86a81534b7""}"
dropout005-r4,after_optimizer_step,116,464,optimizer_state_sha256,,2,2,False,"{""2080ti"": ""4f7457246a6cd78ab069e91eaef912f72be142ad9eafedcef3df50d7aa881549"", ""3090"": ""701c26b524e5065a9a058d714adb91bb76b84054660b88427f91ce940b28fee6""}"
dropout005-r4,after_optimizer_step,117,468,model_params_sha256,,2,2,False,"{""2080ti"": ""0b6a8a30c2324750bb1d587b905dd0c543a89b54e3fa1b882f660e681057690c"", ""3090"": ""65a5d3d8277ced9b539cc914a65d698a68f62e8a9a3432194012235745e34030""}"
dropout005-r4,after_optimizer_step,117,468,optimizer_state_sha256,,2,2,False,"{""2080ti"": ""f6ba6ff146c7ea3d779cb4277d044648e480cbd11cb5dcd5b343e73211feb2d5"", ""3090"": ""ddee5e4c888cabf287c1a93daad4be3243916e7cc4b69368a59184438c6cacb1""}"
dropout005-r4,after_optimizer_step,118,472,model_params_sha256,,2,2,False,"{""2080ti"": ""c4da3a7c3dbc90b717ac4fdbdef2ecc7c99457a1af5f1b5a0897db0abc242b51"", ""3090"": ""6e455990e815527b62fe9310c2f039bdff212c82eced96a8b402e55f25aeaefe""}"
dropout005-r4,after_optimizer_step,118,472,optimizer_state_sha256,,2,2,False,"{""2080ti"": ""3f23d22ee67ec0cb43fbe8c36b1e666b06fee04d823fe4a2350c58a4858b6474"", ""3090"": ""a7892aa4e8477c24ef54823d421dff547528a1d3b26810d54e152aebeab49515""}"
dropout005-r4,after_optimizer_step,119,476,model_params_sha256,,2,2,False,"{""2080ti"": ""706fefd56019fa9695cb748a892a910f9cbf0c8a172184498334cfc768b45985"", ""3090"": ""5c2f857c098a4c98b67de892395cc9c5034176aca47ab3f593fcaad1cee8b49a""}"
dropout005-r4,after_optimizer_step,119,476,optimizer_state_sha256,,2,2,False,"{""2080ti"": ""ae9da7fa28507bfd6d6012f3b3451691170411f5a7998bc4d2108e7664c842ab"", ""3090"": ""9987eae727c70b2deca5d7a67f169ee7e040ed0f195c9094079e2d86ed6f2066""}"
dropout005-r4,after_optimizer_step,120,480,model_params_sha256,,2,2,False,"{""2080ti"": ""c2e1b71c31ca8608aafd23dcdfba0a969ab4cb8d6b7e0749eb00ba16d617209c"", ""3090"": ""5ad065f963b4e5909b3ae3345bee07ace773f3a2ea48bb27b749d93093a3f9fa""}"
dropout005-r4,after_optimizer_step,120,480,optimizer_state_sha256,,2,2,False,"{""2080ti"": ""8226ddc0c964aa962f91aa188b2b0a71b0d185c3ecb0f44fc3f4637c8d649274"", ""3090"": ""ab8dea6cee23a37b9f0eeca48d46b2e6514752bea6c16dc9aa101451189ef65f""}"
dropout005-r4,after_optimizer_step,121,484,model_params_sha256,,2,2,False,"{""2080ti"": ""1f62cca61358f045fa199b46d8b6e7596ba0c2bf47b6b62ff923454c8029dd2a"", ""3090"": ""bbe1448c1633950250d4e4b6c723e6303993208b517e90a6f73417c83fbb1d45""}"
dropout005-r4,after_optimizer_step,121,484,optimizer_state_sha256,,2,2,False,"{""2080ti"": ""242d18b912bfef02b7162242da590d859b09933b73ceda61a2502831932afe17"", ""3090"": ""d695f08e6989ef913fcfd59a178b90902c6a4856b1c298cea53226ed96340a41""}"
dropout005-r4,after_optimizer_step,122,488,model_params_sha256,,2,2,False,"{""2080ti"": ""c8b6bf4355988cf319afb8a9d5d171c3acf86ceece90e3db43cf7869392deadf"", ""3090"": ""fc7c0850267a96536c38df25dba54e4fcbbf91e074e7b5a65aa51404fddd36c2""}"
dropout005-r4,after_optimizer_step,122,488,optimizer_state_sha256,,2,2,False,"{""2080ti"": ""2efdc4e7c4fb08efe47c0aa6ed31aaeebcb92cdb087b1066e389c944581f4087"", ""3090"": ""282c4c4d8615b6a08680d494a1970fb4d1a956b82427d24e0b214cad12b465eb""}"
dropout005-r4,after_optimizer_step,123,492,model_params_sha256,,2,2,False,"{""2080ti"": ""cb02db643d7186c7a816751be05e83c16dac447f093e08ef9b1d4799816b904c"", ""3090"": ""220e94b81eff834b55484e00900e33b916f700fa1b3716b80e6771d8c542a057""}"
dropout005-r4,after_optimizer_step,123,492,optimizer_state_sha256,,2,2,False,"{""2080ti"": ""5f5a13f47776722b862cc09c97dcdfae5c3aca37df375bb2be8587cb51539ccf"", ""3090"": ""c7641a3f3d70f3b3306acb41ffc3d3dedf29cf056e1de0eb9cfc7ad995459373""}"
dropout005-r4,after_optimizer_step,124,496,model_params_sha256,,2,2,False,"{""2080ti"": ""acf287b21976435c706e7b21a59fed53215ef9337b3c1dd4d8f07d4da015fcfd"", ""3090"": ""8a41f5c6c8c97003c2a8a4004baebea94c6f41e501b9ad4b1782a4936106bc9f""}"
dropout005-r4,after_optimizer_step,124,496,optimizer_state_sha256,,2,2,False,"{""2080ti"": ""587db0e1f1e4b581a0a3ea7dd571c6fc197116d81b580dcad627ab219911f34b"", ""3090"": ""b2841c3fb6e1b734bfc022c43f654dee67a3f6193fe8cb32f8b1483758c1a5b0""}"
dropout005-r4,after_optimizer_step,125,500,model_params_sha256,,2,2,False,"{""2080ti"": ""3c2368fd9f4a6414fbee8a4da2aba92ae76b06d0799001f1635a62428dae7ecd"", ""3090"": ""91cce402159bcd88ccdd2118e8d9ebb3fdda66e0c97af061cc2ce81813b2477a""}"
dropout005-r4,after_optimizer_step,125,500,optimizer_state_sha256,,2,2,False,"{""2080ti"": ""1b850ccf3eef6be43f95abe3bc188e09bb8d4a50783a215d8d18c6f80f862041"", ""3090"": ""b012b0a8535087f3721c2c845128722d5114cf1d54aba7419f218cbe49511aee""}"
dropout005-r4,after_optimizer_step,126,504,model_params_sha256,,2,2,False,"{""2080ti"": ""63075d42a5e4d01aa3fcef5e365f39d4f2bf078d607a6e886c82dcfd422f4672"", ""3090"": ""060c37a4465c079a72bf69f8f94fea43eb69daa917eccb0bcdeebf8a870080ac""}"
dropout005-r4,after_optimizer_step,126,504,optimizer_state_sha256,,2,2,False,"{""2080ti"": ""915380ac0472b700ba8e9789a246fdec074d44b3d325da85800c3251af64820b"", ""3090"": ""2d3405b270b40d0b1a9afb4d3ea0e4eab60e29cb0945716bbeda3c31084984ab""}"
dropout005-r4,after_optimizer_step,127,508,model_params_sha256,,2,2,False,"{""2080ti"": ""1e6dbe33678ab55dc25476dd1262e7ae77b53d19fc7d71c2c18af701dab09d95"", ""3090"": ""2c2c7ffb46d993226c47aa2862eb351a25c755884e116ebc2a0c5d11624c401a""}"
dropout005-r4,after_optimizer_step,127,508,optimizer_state_sha256,,2,2,False,"{""2080ti"": ""4354029dcc6196e6d38f5d21dabc20917036952242cc0d56e558f6647720ce97"", ""3090"": ""8b4f5b50a0bb183884233b7abaf2e59a29838a9aada72001404089d3c3b82945""}"
dropout005-r4,after_optimizer_step,128,512,model_params_sha256,,2,2,False,"{""2080ti"": ""ff4d094e26abe577ccd85aa5df6b6f3c961abe96c3cf9aa43b3a194792e11420"", ""3090"": ""47da7d8a406c68008af3e77d23a990bb30f985c8aab32eb5f7f32e97538dac16""}"
dropout005-r4,after_optimizer_step,128,512,optimizer_state_sha256,,2,2,False,"{""2080ti"": ""5663d779a7bfcfcb07775bc4616d09d2994ca3847140ba2977f1f25fa3a6991a"", ""3090"": ""902fd6850a80e26551af504fc6a030324eb54d00011a8e092bc042cab06cb5fd""}"
