experiment_id,machine,target,run_id,train_step,valid_batches,source_path,loss,gd_residual_read_candidate_retention_mean,gd_residual_read_candidate_churn_mean,gd_residual_read_candidate_top1_flip_rate,gd_residual_read_margin_top1_top2_mean,gd_residual_read_margin_top1_top2_p05,gd_residual_read_entropy_mean,gd_residual_read_selected_mass_mean,gd_residual_read_selected_mass_p05,gd_residual_lambda_mean,gd_residual_inject_ratio,gd_residual_m_norm_mean,gd_residual_m_norm_max,gd_residual_update_norm_mean,gd_residual_update_norm_p95,gd_residual_update_norm_max,gd_residual_write_strength_mean,gd_residual_write_strength_p95,gd_residual_write_strength_max,gd_residual_sum_zeta_mean,gd_residual_sum_zeta_p95,gd_residual_sum_zeta_max,gd_residual_raw_topk_mass_mean,gd_residual_raw_topk_mass_p05,gd_residual_write_top1_mass_mean,gd_residual_write_q_entropy_mean,gd_residual_write_q_top1_mean,layer_1/attn/gd_residual_inject_ratio,layer_1/attn/gd_residual_injection_warmup_factor,layer_1/attn/gd_residual_lambda_mean,layer_1/attn/gd_residual_m_norm_max,layer_1/attn/gd_residual_m_norm_mean,layer_1/attn/gd_residual_read_candidate_churn_mean,layer_1/attn/gd_residual_read_candidate_has_prev,layer_1/attn/gd_residual_read_candidate_probe_count,layer_1/attn/gd_residual_read_candidate_retention_mean,layer_1/attn/gd_residual_read_candidate_top1_flip_rate,layer_1/attn/gd_residual_read_entropy_mean,layer_1/attn/gd_residual_read_margin_top1_top2_mean,layer_1/attn/gd_residual_read_margin_top1_top2_p05,layer_1/attn/gd_residual_read_selected_mass_mean,layer_1/attn/gd_residual_read_selected_mass_p05,layer_1/attn/gd_residual_update_norm_cap_active,layer_1/attn/gd_residual_update_norm_cap_hit_ratio,layer_1/attn/gd_residual_update_norm_effective_cap,layer_1/attn/gd_residual_update_norm_max,layer_1/attn/gd_residual_update_norm_mean,layer_1/attn/gd_residual_update_norm_p95
20260702-03-flash-vqg-injection-warmup-screen,2080ti,baseline-r2,20260702-03-flash-vqg-injection-warmup-screen-baseline-r2-s124-d123-b64ga4-2080ti-injwarm-2080ti-gpu0-baseline-linear512,0,[441],zoology/experiments/flash_vqg/scripts/20260702-03-flash-vqg-injection-warmup-screen/outputs/traces/2080ti/baseline-r2/injwarm-2080ti-gpu0-baseline-linear512/early_window_metrics.jsonl,9.038751602172852,0.0,0.0,0.0,0.3420845866203308,0.0,3.4502551555633545,0.023108458146452904,0.0,0.05000000819563866,0.14336538314819336,0.06290135532617569,0.29540905356407166,0.08179070055484772,0.11187998205423355,0.204389289021492,0.125,0.16616804897785187,0.2910999357700348,0.5,0.5,0.5000000596046448,0.14608624577522278,0.12225420027971268,0.30616942048072815,1.3719041347503662,0.30616942048072815,0.14336538314819336,1.0,0.05000000819563866,0.29540905356407166,0.06290135532617569,0.0,0.0,8192.0,0.0,0.0,3.4502551555633545,0.3420845866203308,0.0,0.023108458146452904,0.0,0.0,0.0,0.0,0.204389289021492,0.08179070055484772,0.11187998205423355
20260702-03-flash-vqg-injection-warmup-screen,2080ti,baseline-r2,20260702-03-flash-vqg-injection-warmup-screen-baseline-r2-s124-d123-b64ga4-2080ti-injwarm-2080ti-gpu0-baseline-linear512,1,[441],zoology/experiments/flash_vqg/scripts/20260702-03-flash-vqg-injection-warmup-screen/outputs/traces/2080ti/baseline-r2/injwarm-2080ti-gpu0-baseline-linear512/early_window_metrics.jsonl,9.038331985473633,0.91162109375,0.08837890625,0.0987548828125,0.3434297442436218,0.0,3.4488868713378906,0.023129025474190712,0.0,0.050069410353899,0.1429695338010788,0.062883660197258,0.2924632728099823,0.08184780180454254,0.1134125292301178,0.21211397647857666,0.12506136298179626,0.16859173774719238,0.30559757351875305,0.5002455711364746,0.5047026872634888,0.5105452537536621,0.151956245303154,0.12606611847877502,0.3092632591724396,1.3703255653381348,0.3092632591724396,0.1429695338010788,1.0,0.050069410353899,0.2924632728099823,0.062883660197258,0.08837890625,1.0,8192.0,0.91162109375,0.0987548828125,3.4488868713378906,0.3434297442436218,0.0,0.023129025474190712,0.0,0.0,0.0,0.0,0.21211397647857666,0.08184780180454254,0.1134125292301178
20260702-03-flash-vqg-injection-warmup-screen,2080ti,baseline-r2,20260702-03-flash-vqg-injection-warmup-screen-baseline-r2-s124-d123-b64ga4-2080ti-injwarm-2080ti-gpu0-baseline-linear512,2,[441],zoology/experiments/flash_vqg/scripts/20260702-03-flash-vqg-injection-warmup-screen/outputs/traces/2080ti/baseline-r2/injwarm-2080ti-gpu0-baseline-linear512/early_window_metrics.jsonl,9.038467407226562,0.9364013671875,0.0635986328125,0.0762939453125,0.34379929304122925,0.0,3.4472262859344482,0.023162569850683212,0.0,0.050068676471710205,0.1412791907787323,0.06282587349414825,0.2894740402698517,0.0819205641746521,0.11486953496932983,0.21709981560707092,0.12503457069396973,0.17064926028251648,0.32301321625709534,0.5001382827758789,0.5070075988769531,0.5154882669448853,0.15756547451019287,0.12980276346206665,0.31210389733314514,1.3688316345214844,0.31210389733314514,0.1412791907787323,1.0,0.050068676471710205,0.2894740402698517,0.06282587349414825,0.0635986328125,1.0,8192.0,0.9364013671875,0.0762939453125,3.4472262859344482,0.34379929304122925,0.0,0.023162569850683212,0.0,0.0,0.0,0.0,0.21709981560707092,0.0819205641746521,0.11486953496932983
20260702-03-flash-vqg-injection-warmup-screen,2080ti,baseline-r2,20260702-03-flash-vqg-injection-warmup-screen-baseline-r2-s124-d123-b64ga4-2080ti-injwarm-2080ti-gpu0-baseline-linear512,4,[441],zoology/experiments/flash_vqg/scripts/20260702-03-flash-vqg-injection-warmup-screen/outputs/traces/2080ti/baseline-r2/injwarm-2080ti-gpu0-baseline-linear512/early_window_metrics.jsonl,9.038802146911621,0.9005126953125,0.0994873046875,0.116455078125,0.34423816204071045,0.0,3.442948818206787,0.023361768573522568,0.0,0.05009348690509796,0.13890570402145386,0.06265053153038025,0.28596994280815125,0.08219733834266663,0.11716730892658234,0.22448840737342834,0.12507420778274536,0.1742561161518097,0.3427598476409912,0.5002968907356262,0.510352373123169,0.5242743492126465,0.16724620759487152,0.13615494966506958,0.31665271520614624,1.3663474321365356,0.31665271520614624,0.13890570402145386,1.0,0.05009348690509796,0.28596994280815125,0.06265053153038025,0.0994873046875,1.0,8192.0,0.9005126953125,0.116455078125,3.442948818206787,0.34423816204071045,0.0,0.023361768573522568,0.0,0.0,0.0,0.0,0.22448840737342834,0.08219733834266663,0.11716730892658234
20260702-03-flash-vqg-injection-warmup-screen,2080ti,baseline-r2,20260702-03-flash-vqg-injection-warmup-screen-baseline-r2-s124-d123-b64ga4-2080ti-injwarm-2080ti-gpu0-baseline-linear512,8,[441],zoology/experiments/flash_vqg/scripts/20260702-03-flash-vqg-injection-warmup-screen/outputs/traces/2080ti/baseline-r2/injwarm-2080ti-gpu0-baseline-linear512/early_window_metrics.jsonl,9.038880348205566,0.8294677734375,0.1705322265625,0.193603515625,0.3474710285663605,0.0,3.429307699203491,0.02472546324133873,0.0,0.05021532252430916,0.14062467217445374,0.06088726595044136,0.3128572106361389,0.082588329911232,0.12032341957092285,0.23022986948490143,0.12516820430755615,0.1784401386976242,0.3381233513355255,0.5006728172302246,0.5154389142990112,0.5350580215454102,0.18148104846477509,0.1459713727235794,0.322142094373703,1.3631000518798828,0.3221420645713806,0.14062467217445374,1.0,0.05021532252430916,0.3128572106361389,0.06088726595044136,0.1705322265625,1.0,8192.0,0.8294677734375,0.193603515625,3.429307699203491,0.3474710285663605,0.0,0.02472546324133873,0.0,0.0,0.0,0.0,0.23022986948490143,0.082588329911232,0.12032341957092285
20260702-03-flash-vqg-injection-warmup-screen,2080ti,baseline-r2,20260702-03-flash-vqg-injection-warmup-screen-baseline-r2-s124-d123-b64ga4-2080ti-injwarm-2080ti-gpu0-baseline-linear512,16,[441],zoology/experiments/flash_vqg/scripts/20260702-03-flash-vqg-injection-warmup-screen/outputs/traces/2080ti/baseline-r2/injwarm-2080ti-gpu0-baseline-linear512/early_window_metrics.jsonl,9.036154747009277,0.664794921875,0.335205078125,0.3829345703125,0.37289226055145264,0.0,3.3613758087158203,0.03298118710517883,0.0,0.050577305257320404,0.1689431071281433,0.046117983758449554,0.4126177728176117,0.08195923268795013,0.12170965224504471,0.23767541348934174,0.12489835917949677,0.1823238730430603,0.31658580899238586,0.49959343671798706,0.5216208696365356,0.5518988370895386,0.20092059671878815,0.15977557003498077,0.32784903049468994,1.3594609498977661,0.32784903049468994,0.1689431071281433,1.0,0.050577305257320404,0.4126177728176117,0.046117983758449554,0.335205078125,1.0,8192.0,0.664794921875,0.3829345703125,3.3613758087158203,0.37289226055145264,0.0,0.03298118710517883,0.0,0.0,0.0,0.0,0.23767541348934174,0.08195923268795013,0.12170965224504471
20260702-03-flash-vqg-injection-warmup-screen,2080ti,baseline-r2,20260702-03-flash-vqg-injection-warmup-screen-baseline-r2-s124-d123-b64ga4-2080ti-injwarm-2080ti-gpu0-baseline-linear512,24,[441],zoology/experiments/flash_vqg/scripts/20260702-03-flash-vqg-injection-warmup-screen/outputs/traces/2080ti/baseline-r2/injwarm-2080ti-gpu0-baseline-linear512/early_window_metrics.jsonl,9.027427673339844,0.65960693359375,0.34039306640625,0.4080810546875,0.42986106872558594,0.0,3.230811595916748,0.04467029124498367,0.0,0.050137653946876526,0.19822320342063904,0.02787117287516594,0.554262638092041,0.08035336434841156,0.13454176485538483,0.27482491731643677,0.12398090213537216,0.2075730562210083,0.34992650151252747,0.49592360854148865,0.5241254568099976,0.557624340057373,0.2595498859882355,0.20641279220581055,0.36476612091064453,1.3322415351867676,0.36476612091064453,0.19822320342063904,1.0,0.050137653946876526,0.554262638092041,0.02787117287516594,0.34039306640625,1.0,8192.0,0.65960693359375,0.4080810546875,3.230811595916748,0.42986106872558594,0.0,0.04467029124498367,0.0,0.0,0.0,0.0,0.27482491731643677,0.08035336434841156,0.13454176485538483
20260702-03-flash-vqg-injection-warmup-screen,2080ti,baseline-r2,20260702-03-flash-vqg-injection-warmup-screen-baseline-r2-s124-d123-b64ga4-2080ti-injwarm-2080ti-gpu0-baseline-linear512,32,[441],zoology/experiments/flash_vqg/scripts/20260702-03-flash-vqg-injection-warmup-screen/outputs/traces/2080ti/baseline-r2/injwarm-2080ti-gpu0-baseline-linear512/early_window_metrics.jsonl,9.01124382019043,0.7332763671875,0.2667236328125,0.350830078125,0.5734918713569641,0.0,3.0740795135498047,0.06311173737049103,0.0,0.048434242606163025,0.2672933340072632,0.01992737501859665,0.7307857871055603,0.07836193591356277,0.1717781275510788,0.32190802693367004,0.1226535439491272,0.27934080362319946,0.40123695135116577,0.4906142055988312,0.5250457525253296,0.5607223510742188,0.3451022803783417,0.29358550906181335,0.46189796924591064,1.2380788326263428,0.46189796924591064,0.2672933340072632,1.0,0.048434242606163025,0.7307857871055603,0.01992737501859665,0.2667236328125,1.0,8192.0,0.7332763671875,0.350830078125,3.0740795135498047,0.5734918713569641,0.0,0.06311173737049103,0.0,0.0,0.0,0.0,0.32190802693367004,0.07836193591356277,0.1717781275510788
20260702-03-flash-vqg-injection-warmup-screen,2080ti,baseline-r2,20260702-03-flash-vqg-injection-warmup-screen-baseline-r2-s124-d123-b64ga4-2080ti-injwarm-2080ti-gpu0-baseline-linear512,48,[441],zoology/experiments/flash_vqg/scripts/20260702-03-flash-vqg-injection-warmup-screen/outputs/traces/2080ti/baseline-r2/injwarm-2080ti-gpu0-baseline-linear512/early_window_metrics.jsonl,8.909085273742676,0.67938232421875,0.32061767578125,0.388427734375,0.4337330460548401,0.0,3.216977596282959,0.10671208798885345,0.0,0.02300388179719448,0.07052435725927353,0.013003751635551453,1.4282034635543823,0.05318885296583176,0.19297797977924347,0.5332571268081665,0.08373269438743591,0.2929518222808838,0.419365257024765,0.33493077754974365,0.4096326529979706,0.4973083436489105,0.49870026111602783,0.47110140323638916,0.7957581877708435,0.7169570922851562,0.7957581877708435,0.07052435725927353,1.0,0.02300388179719448,1.4282034635543823,0.013003751635551453,0.32061767578125,1.0,8192.0,0.67938232421875,0.388427734375,3.216977596282959,0.4337330460548401,0.0,0.10671208798885345,0.0,0.0,0.0,0.0,0.5332571268081665,0.05318885296583176,0.19297797977924347
20260702-03-flash-vqg-injection-warmup-screen,2080ti,baseline-r2,20260702-03-flash-vqg-injection-warmup-screen-baseline-r2-s124-d123-b64ga4-2080ti-injwarm-2080ti-gpu0-baseline-linear512,64,[441],zoology/experiments/flash_vqg/scripts/20260702-03-flash-vqg-injection-warmup-screen/outputs/traces/2080ti/baseline-r2/injwarm-2080ti-gpu0-baseline-linear512/early_window_metrics.jsonl,8.70534896850586,0.46661376953125,0.53338623046875,0.6392822265625,0.3614988327026367,0.0,3.465728521347046,0.15528932213783264,0.0,0.008459502831101418,0.0048805661499500275,0.009902780875563622,1.3374580144882202,0.02445038966834545,0.11995672434568405,0.4149596095085144,0.03969540446996689,0.19154353439807892,0.36923354864120483,0.15878161787986755,0.2652544379234314,0.4148404002189636,0.5834860801696777,0.5747666358947754,0.8746011257171631,0.5125916004180908,0.8746011257171631,0.0048805661499500275,1.0,0.008459502831101418,1.3374580144882202,0.009902780875563622,0.53338623046875,1.0,8192.0,0.46661376953125,0.6392822265625,3.465728521347046,0.3614988327026367,0.0,0.15528932213783264,0.0,0.0,0.0,0.0,0.4149596095085144,0.02445038966834545,0.11995672434568405
20260702-03-flash-vqg-injection-warmup-screen,2080ti,baseline-r2,20260702-03-flash-vqg-injection-warmup-screen-baseline-r2-s124-d123-b64ga4-2080ti-injwarm-2080ti-gpu0-baseline-linear512,96,[441],zoology/experiments/flash_vqg/scripts/20260702-03-flash-vqg-injection-warmup-screen/outputs/traces/2080ti/baseline-r2/injwarm-2080ti-gpu0-baseline-linear512/early_window_metrics.jsonl,8.528665542602539,0.36785888671875,0.63214111328125,0.8057861328125,0.7134672999382019,0.0,2.861961603164673,0.27825862169265747,0.0,0.005927208811044693,0.03684002906084061,0.013652017340064049,1.050938367843628,0.019163308665156364,0.11596983671188354,0.44940853118896484,0.029169410467147827,0.17899295687675476,0.503329336643219,0.11667763441801071,0.2723725140094757,0.5496743321418762,0.7044124007225037,0.6979196071624756,0.9059900045394897,0.4123782217502594,0.9059900045394897,0.03684002906084061,1.0,0.005927208811044693,1.050938367843628,0.013652017340064049,0.63214111328125,1.0,8192.0,0.36785888671875,0.8057861328125,2.861961603164673,0.7134672999382019,0.0,0.27825862169265747,0.0,0.0,0.0,0.0,0.44940853118896484,0.019163308665156364,0.11596983671188354
20260702-03-flash-vqg-injection-warmup-screen,2080ti,baseline-r2,20260702-03-flash-vqg-injection-warmup-screen-baseline-r2-s124-d123-b64ga4-2080ti-injwarm-2080ti-gpu0-baseline-linear512,128,[441],zoology/experiments/flash_vqg/scripts/20260702-03-flash-vqg-injection-warmup-screen/outputs/traces/2080ti/baseline-r2/injwarm-2080ti-gpu0-baseline-linear512/early_window_metrics.jsonl,8.460675239562988,0.71600341796875,0.28399658203125,0.28466796875,1.0790119171142578,0.0,2.280956506729126,0.41593465209007263,0.0,0.00279348436743021,0.033887848258018494,0.01033911295235157,0.9701443314552307,0.00993435736745596,0.06477531790733337,0.4886903762817383,0.01704990677535534,0.11094653606414795,0.6761781573295593,0.06819962710142136,0.198915034532547,0.7261802554130554,0.7672665119171143,0.7632269859313965,0.9287531971931458,0.33349552750587463,0.9287531971931458,0.033887848258018494,1.0,0.00279348436743021,0.9701443314552307,0.01033911295235157,0.28399658203125,1.0,8192.0,0.71600341796875,0.28466796875,2.280956506729126,1.0790119171142578,0.0,0.41593465209007263,0.0,0.0,0.0,0.0,0.4886903762817383,0.00993435736745596,0.06477531790733337
20260702-03-flash-vqg-injection-warmup-screen,2080ti,baseline-r2,20260702-03-flash-vqg-injection-warmup-screen-baseline-r2-s124-d123-b64ga4-2080ti-injwarm-2080ti-gpu0-baseline-linear512,192,[441],zoology/experiments/flash_vqg/scripts/20260702-03-flash-vqg-injection-warmup-screen/outputs/traces/2080ti/baseline-r2/injwarm-2080ti-gpu0-baseline-linear512/early_window_metrics.jsonl,8.414987564086914,0.85418701171875,0.14581298828125,0.1895751953125,0.9143380522727966,0.0,2.1896350383758545,0.4558374881744385,0.0,0.001186898211017251,0.0019351175287738442,0.012141220271587372,1.56233811378479,0.011676721274852753,0.07451203465461731,0.5034561157226562,0.013927234336733818,0.08809638768434525,0.45195114612579346,0.055708933621644974,0.15865789353847504,0.4795357882976532,0.7960706949234009,0.790881872177124,0.9398988485336304,0.29211047291755676,0.9398987889289856,0.0019351175287738442,1.0,0.001186898211017251,1.56233811378479,0.012141220271587372,0.14581298828125,1.0,8192.0,0.85418701171875,0.1895751953125,2.1896350383758545,0.9143380522727966,0.0,0.4558374881744385,0.0,0.0,0.0,0.0,0.5034561157226562,0.011676721274852753,0.07451203465461731
20260702-03-flash-vqg-injection-warmup-screen,2080ti,baseline-r2,20260702-03-flash-vqg-injection-warmup-screen-baseline-r2-s124-d123-b64ga4-2080ti-injwarm-2080ti-gpu0-baseline-linear512,256,[441],zoology/experiments/flash_vqg/scripts/20260702-03-flash-vqg-injection-warmup-screen/outputs/traces/2080ti/baseline-r2/injwarm-2080ti-gpu0-baseline-linear512/early_window_metrics.jsonl,8.387794494628906,0.4874267578125,0.5125732421875,0.790283203125,0.7247949242591858,0.0,2.1473851203918457,0.4766988754272461,0.0,0.0007692654035054147,0.0005643294425681233,0.017327215522527695,2.307528257369995,0.010691966861486435,0.06094440072774887,0.7839226126670837,0.008431175723671913,0.048361554741859436,0.6373193264007568,0.03372470289468765,0.09729447215795517,0.6754964590072632,0.7989393472671509,0.793874979019165,0.9415132999420166,0.28593212366104126,0.9415133595466614,0.0005643294425681233,1.0,0.0007692654035054147,2.307528257369995,0.017327215522527695,0.5125732421875,1.0,8192.0,0.4874267578125,0.790283203125,2.1473851203918457,0.7247949242591858,0.0,0.4766988754272461,0.0,0.0,0.0,0.0,0.7839226126670837,0.010691966861486435,0.06094440072774887
20260702-03-flash-vqg-injection-warmup-screen,2080ti,baseline-r2,20260702-03-flash-vqg-injection-warmup-screen-baseline-r2-s124-d123-b64ga4-2080ti-injwarm-2080ti-gpu0-baseline-linear512,384,[441],zoology/experiments/flash_vqg/scripts/20260702-03-flash-vqg-injection-warmup-screen/outputs/traces/2080ti/baseline-r2/injwarm-2080ti-gpu0-baseline-linear512/early_window_metrics.jsonl,8.362643241882324,0.77801513671875,0.22198486328125,0.0,3.0344033241271973,0.0,0.758059561252594,0.8168894648551941,0.0,0.010835586115717888,0.04167395457625389,0.07952944934368134,9.61597728729248,0.14619119465351105,1.1000417470932007,2.9602248668670654,0.10368004441261292,0.8295130133628845,0.9129599332809448,0.41472017765045166,0.9271540641784668,0.967206597328186,0.7970695495605469,0.7815723419189453,0.9383994340896606,0.29701703786849976,0.9383994340896606,0.04167395457625389,1.0,0.010835586115717888,9.61597728729248,0.07952944934368134,0.22198486328125,1.0,8192.0,0.77801513671875,0.0,0.758059561252594,3.0344033241271973,0.0,0.8168894648551941,0.0,0.0,0.0,0.0,2.9602248668670654,0.14619119465351105,1.1000417470932007
20260702-03-flash-vqg-injection-warmup-screen,2080ti,baseline-r2,20260702-03-flash-vqg-injection-warmup-screen-baseline-r2-s124-d123-b64ga4-2080ti-injwarm-2080ti-gpu0-baseline-linear512,512,[441],zoology/experiments/flash_vqg/scripts/20260702-03-flash-vqg-injection-warmup-screen/outputs/traces/2080ti/baseline-r2/injwarm-2080ti-gpu0-baseline-linear512/early_window_metrics.jsonl,4.4655070304870605,0.234619140625,0.765380859375,0.8134765625,0.9047447443008423,0.0,2.56736421585083,0.3652927279472351,0.0,0.14833495020866394,0.2486705183982849,0.19363895058631897,6.916999816894531,0.0410037636756897,0.2106197327375412,3.0858137607574463,0.02926473319530487,0.15766501426696777,0.6288211345672607,0.11705893278121948,0.31068655848503113,0.6669129133224487,0.7219018340110779,0.27753692865371704,0.8317663073539734,0.5311357975006104,0.8317663073539734,0.2486705183982849,1.0,0.14833495020866394,6.916999816894531,0.19363895058631897,0.765380859375,1.0,8192.0,0.234619140625,0.8134765625,2.56736421585083,0.9047447443008423,0.0,0.3652927279472351,0.0,0.0,0.0,0.0,3.0858137607574463,0.0410037636756897,0.2106197327375412
20260702-03-flash-vqg-injection-warmup-screen,2080ti,baseline-r2,20260702-03-flash-vqg-injection-warmup-screen-baseline-r2-s124-d123-b64ga4-2080ti-injwarm-2080ti-gpu0-baseline-linear512,704,[441],zoology/experiments/flash_vqg/scripts/20260702-03-flash-vqg-injection-warmup-screen/outputs/traces/2080ti/baseline-r2/injwarm-2080ti-gpu0-baseline-linear512/early_window_metrics.jsonl,1.4675747156143188,0.60260009765625,0.39739990234375,0.3916015625,1.8499995470046997,0.0,1.6557203531265259,0.5753023624420166,0.0,0.15842589735984802,0.2627670168876648,0.05152129381895065,4.560886859893799,0.008575035259127617,0.04402472823858261,1.012203574180603,0.006396322511136532,0.02693643979728222,0.26219454407691956,0.025585290044546127,0.07116684317588806,0.2779231369495392,0.7450637221336365,0.3836090564727783,0.8275234699249268,0.5524545907974243,0.8275234699249268,0.2627670168876648,1.0,0.15842589735984802,4.560886859893799,0.05152129381895065,0.39739990234375,1.0,8192.0,0.60260009765625,0.3916015625,1.6557203531265259,1.8499995470046997,0.0,0.5753023624420166,0.0,0.0,0.0,0.0,1.012203574180603,0.008575035259127617,0.04402472823858261
20260702-03-flash-vqg-injection-warmup-screen,2080ti,inj-warmup-linear512-r2,20260702-03-flash-vqg-injection-warmup-screen-inj-warmup-linear512-r2-s124-d123-b64ga4-2080ti-injwarm-2080ti-gpu0-baseline-linear512,0,[441],zoology/experiments/flash_vqg/scripts/20260702-03-flash-vqg-injection-warmup-screen/outputs/traces/2080ti/inj-warmup-linear512-r2/injwarm-2080ti-gpu0-baseline-linear512/early_window_metrics.jsonl,9.038751602172852,0.0,0.0,0.0,0.3420845866203308,0.0,3.4502551555633545,0.023108458146452904,0.0,0.05000000819563866,0.0,0.06290135532617569,0.29540905356407166,0.08179070055484772,0.11187998205423355,0.204389289021492,0.125,0.16616804897785187,0.2910999357700348,0.5,0.5,0.5000000596046448,0.14608624577522278,0.12225420027971268,0.30616942048072815,1.3719041347503662,0.30616942048072815,0.0,0.0,0.05000000819563866,0.29540905356407166,0.06290135532617569,0.0,0.0,8192.0,0.0,0.0,3.4502551555633545,0.3420845866203308,0.0,0.023108458146452904,0.0,0.0,0.0,0.0,0.204389289021492,0.08179070055484772,0.11187998205423355
20260702-03-flash-vqg-injection-warmup-screen,2080ti,inj-warmup-linear512-r2,20260702-03-flash-vqg-injection-warmup-screen-inj-warmup-linear512-r2-s124-d123-b64ga4-2080ti-injwarm-2080ti-gpu0-baseline-linear512,1,[441],zoology/experiments/flash_vqg/scripts/20260702-03-flash-vqg-injection-warmup-screen/outputs/traces/2080ti/inj-warmup-linear512-r2/injwarm-2080ti-gpu0-baseline-linear512/early_window_metrics.jsonl,9.038322448730469,0.91259765625,0.08740234375,0.0987548828125,0.34340134263038635,0.0,3.4489965438842773,0.023127954453229904,0.0,0.05001812428236008,0.0002787417033687234,0.062868632376194,0.2910887897014618,0.08181902021169662,0.11334241181612015,0.21161723136901855,0.1250024437904358,0.16846396028995514,0.3046327233314514,0.5000097751617432,0.5005691051483154,0.5013654232025146,0.1519557237625122,0.12608449161052704,0.3092595040798187,1.3703267574310303,0.3092595040798187,0.0002787417033687234,0.001953125,0.05001812428236008,0.2910887897014618,0.062868632376194,0.08740234375,1.0,8192.0,0.91259765625,0.0987548828125,3.4489965438842773,0.34340134263038635,0.0,0.023127954453229904,0.0,0.0,0.0,0.0,0.21161723136901855,0.08181902021169662,0.11334241181612015
20260702-03-flash-vqg-injection-warmup-screen,2080ti,inj-warmup-linear512-r2,20260702-03-flash-vqg-injection-warmup-screen-inj-warmup-linear512-r2-s124-d123-b64ga4-2080ti-injwarm-2080ti-gpu0-baseline-linear512,2,[441],zoology/experiments/flash_vqg/scripts/20260702-03-flash-vqg-injection-warmup-screen/outputs/traces/2080ti/inj-warmup-linear512-r2/injwarm-2080ti-gpu0-baseline-linear512/early_window_metrics.jsonl,9.038458824157715,0.93365478515625,0.06634521484375,0.072998046875,0.3437656760215759,0.0,3.447328567504883,0.023177094757556915,0.0,0.05002392828464508,0.0005512486677616835,0.06282953172922134,0.2879205048084259,0.08190268278121948,0.11476364731788635,0.2158440202474594,0.12499460577964783,0.1704711616039276,0.3229407072067261,0.4999784231185913,0.5009577870368958,0.5020725727081299,0.15756472945213318,0.1298045814037323,0.31209951639175415,1.368833065032959,0.31209951639175415,0.0005512486677616835,0.00390625,0.05002392828464508,0.2879205048084259,0.06282953172922134,0.06634521484375,1.0,8192.0,0.93365478515625,0.072998046875,3.447328567504883,0.3437656760215759,0.0,0.023177094757556915,0.0,0.0,0.0,0.0,0.2158440202474594,0.08190268278121948,0.11476364731788635
20260702-03-flash-vqg-injection-warmup-screen,2080ti,inj-warmup-linear512-r2,20260702-03-flash-vqg-injection-warmup-screen-inj-warmup-linear512-r2-s124-d123-b64ga4-2080ti-injwarm-2080ti-gpu0-baseline-linear512,4,[441],zoology/experiments/flash_vqg/scripts/20260702-03-flash-vqg-injection-warmup-screen/outputs/traces/2080ti/inj-warmup-linear512-r2/injwarm-2080ti-gpu0-baseline-linear512/early_window_metrics.jsonl,9.038792610168457,0.9013671875,0.0986328125,0.115478515625,0.34410178661346436,0.0,3.443039894104004,0.023370204493403435,0.0,0.050061412155628204,0.0010848963866010308,0.06263599544763565,0.2864347994327545,0.08216245472431183,0.1170714795589447,0.22264187037944794,0.12500976026058197,0.1740216463804245,0.342879056930542,0.5000389814376831,0.5020451545715332,0.5044100284576416,0.16724522411823273,0.13615930080413818,0.31665000319480896,1.3663486242294312,0.31665000319480896,0.0010848963866010308,0.0078125,0.050061412155628204,0.2864347994327545,0.06263599544763565,0.0986328125,1.0,8192.0,0.9013671875,0.115478515625,3.443039894104004,0.34410178661346436,0.0,0.023370204493403435,0.0,0.0,0.0,0.0,0.22264187037944794,0.08216245472431183,0.1170714795589447
20260702-03-flash-vqg-injection-warmup-screen,2080ti,inj-warmup-linear512-r2,20260702-03-flash-vqg-injection-warmup-screen-inj-warmup-linear512-r2-s124-d123-b64ga4-2080ti-injwarm-2080ti-gpu0-baseline-linear512,8,[441],zoology/experiments/flash_vqg/scripts/20260702-03-flash-vqg-injection-warmup-screen/outputs/traces/2080ti/inj-warmup-linear512-r2/injwarm-2080ti-gpu0-baseline-linear512/early_window_metrics.jsonl,9.03887939453125,0.83074951171875,0.16925048828125,0.194091796875,0.3473607897758484,0.0,3.429494619369507,0.02473396621644497,0.0,0.05023208260536194,0.002197364578023553,0.06086296588182449,0.3142269551753998,0.08253403753042221,0.1201920360326767,0.2279580682516098,0.1250784993171692,0.17807866632938385,0.3393321931362152,0.500313937664032,0.5051525235176086,0.5116444230079651,0.18147999048233032,0.14596883952617645,0.32214248180389404,1.3630998134613037,0.32214248180389404,0.002197364578023553,0.015625,0.05023208260536194,0.3142269551753998,0.06086296588182449,0.16925048828125,1.0,8192.0,0.83074951171875,0.194091796875,3.429494619369507,0.3473607897758484,0.0,0.02473396621644497,0.0,0.0,0.0,0.0,0.2279580682516098,0.08253403753042221,0.1201920360326767
20260702-03-flash-vqg-injection-warmup-screen,2080ti,inj-warmup-linear512-r2,20260702-03-flash-vqg-injection-warmup-screen-inj-warmup-linear512-r2-s124-d123-b64ga4-2080ti-injwarm-2080ti-gpu0-baseline-linear512,16,[441],zoology/experiments/flash_vqg/scripts/20260702-03-flash-vqg-injection-warmup-screen/outputs/traces/2080ti/inj-warmup-linear512-r2/injwarm-2080ti-gpu0-baseline-linear512/early_window_metrics.jsonl,9.036168098449707,0.6680908203125,0.3319091796875,0.381591796875,0.37252819538116455,0.0,3.3624367713928223,0.03314989060163498,0.0,0.05043148994445801,0.005263104569166899,0.0461314357817173,0.4156874716281891,0.08180253207683563,0.12130232900381088,0.2352147400379181,0.12467044591903687,0.18176507949829102,0.312852680683136,0.4986817538738251,0.508817195892334,0.5218431353569031,0.20091387629508972,0.15975962579250336,0.32784008979797363,1.359465479850769,0.32784008979797363,0.005263104569166899,0.03125,0.05043148994445801,0.4156874716281891,0.0461314357817173,0.3319091796875,1.0,8192.0,0.6680908203125,0.381591796875,3.3624367713928223,0.37252819538116455,0.0,0.03314989060163498,0.0,0.0,0.0,0.0,0.2352147400379181,0.08180253207683563,0.12130232900381088
20260702-03-flash-vqg-injection-warmup-screen,2080ti,inj-warmup-linear512-r2,20260702-03-flash-vqg-injection-warmup-screen-inj-warmup-linear512-r2-s124-d123-b64ga4-2080ti-injwarm-2080ti-gpu0-baseline-linear512,24,[441],zoology/experiments/flash_vqg/scripts/20260702-03-flash-vqg-injection-warmup-screen/outputs/traces/2080ti/inj-warmup-linear512-r2/injwarm-2080ti-gpu0-baseline-linear512/early_window_metrics.jsonl,9.027445793151855,0.65875244140625,0.34124755859375,0.4056396484375,0.4293774664402008,0.0,3.234388589859009,0.046365104615688324,0.0,0.05004042759537697,0.009725257754325867,0.028026316314935684,0.5538687109947205,0.08024024963378906,0.13448701798915863,0.2715096175670624,0.12385217845439911,0.20755571126937866,0.35067370533943176,0.49540871381759644,0.511762261390686,0.5310007333755493,0.2595343589782715,0.20644232630729675,0.3647920489311218,1.3322231769561768,0.3647920489311218,0.009725257754325867,0.046875,0.05004042759537697,0.5538687109947205,0.028026316314935684,0.34124755859375,1.0,8192.0,0.65875244140625,0.4056396484375,3.234388589859009,0.4293774664402008,0.0,0.046365104615688324,0.0,0.0,0.0,0.0,0.2715096175670624,0.08024024963378906,0.13448701798915863
20260702-03-flash-vqg-injection-warmup-screen,2080ti,inj-warmup-linear512-r2,20260702-03-flash-vqg-injection-warmup-screen-inj-warmup-linear512-r2-s124-d123-b64ga4-2080ti-injwarm-2080ti-gpu0-baseline-linear512,32,[441],zoology/experiments/flash_vqg/scripts/20260702-03-flash-vqg-injection-warmup-screen/outputs/traces/2080ti/inj-warmup-linear512-r2/injwarm-2080ti-gpu0-baseline-linear512/early_window_metrics.jsonl,9.01122760772705,0.73016357421875,0.26983642578125,0.3526611328125,0.5773441791534424,0.0,3.0759403705596924,0.06838010251522064,0.0,0.0496903732419014,0.018978917971253395,0.020229097455739975,0.7474145293235779,0.07877160608768463,0.17424264550209045,0.3243573009967804,0.12343600392341614,0.2847185432910919,0.4106813073158264,0.49374398589134216,0.5159473419189453,0.5467748641967773,0.34509754180908203,0.2935810983181,0.4620623290538788,1.23789644241333,0.4620623290538788,0.018978917971253395,0.0625,0.0496903732419014,0.7474145293235779,0.020229097455739975,0.26983642578125,1.0,8192.0,0.73016357421875,0.3526611328125,3.0759403705596924,0.5773441791534424,0.0,0.06838010251522064,0.0,0.0,0.0,0.0,0.3243573009967804,0.07877160608768463,0.17424264550209045
20260702-03-flash-vqg-injection-warmup-screen,2080ti,inj-warmup-linear512-r2,20260702-03-flash-vqg-injection-warmup-screen-inj-warmup-linear512-r2-s124-d123-b64ga4-2080ti-injwarm-2080ti-gpu0-baseline-linear512,48,[441],zoology/experiments/flash_vqg/scripts/20260702-03-flash-vqg-injection-warmup-screen/outputs/traces/2080ti/inj-warmup-linear512-r2/injwarm-2080ti-gpu0-baseline-linear512/early_window_metrics.jsonl,8.908385276794434,0.6341552734375,0.3658447265625,0.4296875,0.9723783731460571,0.0,2.8427460193634033,0.19189424812793732,0.0,0.03479288890957832,0.02162390761077404,0.019826151430606842,1.7429920434951782,0.07295608520507812,0.2590675354003906,0.7699501514434814,0.1165289431810379,0.4131331443786621,0.4665330946445465,0.4661157727241516,0.5038232803344727,0.5479555130004883,0.49873799085617065,0.47117170691490173,0.7958470582962036,0.7167649269104004,0.7958470582962036,0.02162390761077404,0.09375,0.03479288890957832,1.7429920434951782,0.019826151430606842,0.3658447265625,1.0,8192.0,0.6341552734375,0.4296875,2.8427460193634033,0.9723783731460571,0.0,0.19189424812793732,0.0,0.0,0.0,0.0,0.7699501514434814,0.07295608520507812,0.2590675354003906
20260702-03-flash-vqg-injection-warmup-screen,2080ti,inj-warmup-linear512-r2,20260702-03-flash-vqg-injection-warmup-screen-inj-warmup-linear512-r2-s124-d123-b64ga4-2080ti-injwarm-2080ti-gpu0-baseline-linear512,64,[441],zoology/experiments/flash_vqg/scripts/20260702-03-flash-vqg-injection-warmup-screen/outputs/traces/2080ti/inj-warmup-linear512-r2/injwarm-2080ti-gpu0-baseline-linear512/early_window_metrics.jsonl,8.704903602600098,0.73333740234375,0.26666259765625,0.2689208984375,0.5305083394050598,0.0,3.2091517448425293,0.2109648734331131,0.0,0.013706001453101635,0.008694310672581196,0.024040669202804565,1.8535451889038086,0.06636527180671692,0.2615252435207367,0.6813247799873352,0.10850730538368225,0.4016542434692383,0.47891345620155334,0.434029221534729,0.48352479934692383,0.5403352975845337,0.5834920406341553,0.574781060218811,0.8746081590652466,0.5125694274902344,0.8746080994606018,0.008694310672581196,0.125,0.013706001453101635,1.8535451889038086,0.024040669202804565,0.26666259765625,1.0,8192.0,0.73333740234375,0.2689208984375,3.2091517448425293,0.5305083394050598,0.0,0.2109648734331131,0.0,0.0,0.0,0.0,0.6813247799873352,0.06636527180671692,0.2615252435207367
20260702-03-flash-vqg-injection-warmup-screen,2080ti,inj-warmup-linear512-r2,20260702-03-flash-vqg-injection-warmup-screen-inj-warmup-linear512-r2-s124-d123-b64ga4-2080ti-injwarm-2080ti-gpu0-baseline-linear512,96,[441],zoology/experiments/flash_vqg/scripts/20260702-03-flash-vqg-injection-warmup-screen/outputs/traces/2080ti/inj-warmup-linear512-r2/injwarm-2080ti-gpu0-baseline-linear512/early_window_metrics.jsonl,8.528586387634277,0.6402587890625,0.3597412109375,0.3536376953125,1.351952314376831,0.0,2.3694825172424316,0.39717528223991394,0.0,0.007653213106095791,0.010569355450570583,0.02905658632516861,1.981683373451233,0.0938522070646286,0.3915943503379822,0.8572561144828796,0.13811257481575012,0.5333017110824585,0.6115621328353882,0.5524502992630005,0.6088606119155884,0.6709773540496826,0.7044206857681274,0.6979385614395142,0.9060002565383911,0.4123440980911255,0.9060002565383911,0.010569355450570583,0.1875,0.007653213106095791,1.981683373451233,0.02905658632516861,0.3597412109375,1.0,8192.0,0.6402587890625,0.3536376953125,2.3694825172424316,1.351952314376831,0.0,0.39717528223991394,0.0,0.0,0.0,0.0,0.8572561144828796,0.0938522070646286,0.3915943503379822
20260702-03-flash-vqg-injection-warmup-screen,2080ti,inj-warmup-linear512-r2,20260702-03-flash-vqg-injection-warmup-screen-inj-warmup-linear512-r2-s124-d123-b64ga4-2080ti-injwarm-2080ti-gpu0-baseline-linear512,128,[441],zoology/experiments/flash_vqg/scripts/20260702-03-flash-vqg-injection-warmup-screen/outputs/traces/2080ti/inj-warmup-linear512-r2/injwarm-2080ti-gpu0-baseline-linear512/early_window_metrics.jsonl,8.461267471313477,0.7493896484375,0.2506103515625,0.1158447265625,3.692349910736084,0.0,0.7327827215194702,0.7258319854736328,0.0,0.0055216578766703606,0.023848125711083412,0.02752031572163105,2.0913171768188477,0.0814792662858963,0.37012505531311035,0.7189422249794006,0.15256023406982422,0.6310765147209167,0.7240429520606995,0.6102409362792969,0.7313656210899353,0.7798583507537842,0.7672975659370422,0.7632619142532349,0.9287667274475098,0.333440899848938,0.9287667870521545,0.023848125711083412,0.25,0.0055216578766703606,2.0913171768188477,0.02752031572163105,0.2506103515625,1.0,8192.0,0.7493896484375,0.1158447265625,0.7327827215194702,3.692349910736084,0.0,0.7258319854736328,0.0,0.0,0.0,0.0,0.7189422249794006,0.0814792662858963,0.37012505531311035
20260702-03-flash-vqg-injection-warmup-screen,2080ti,inj-warmup-linear512-r2,20260702-03-flash-vqg-injection-warmup-screen-inj-warmup-linear512-r2-s124-d123-b64ga4-2080ti-injwarm-2080ti-gpu0-baseline-linear512,192,[441],zoology/experiments/flash_vqg/scripts/20260702-03-flash-vqg-injection-warmup-screen/outputs/traces/2080ti/inj-warmup-linear512-r2/injwarm-2080ti-gpu0-baseline-linear512/early_window_metrics.jsonl,8.415788650512695,0.9527587890625,0.0472412109375,0.013671875,6.096713066101074,0.0,0.29891180992126465,0.8317075967788696,0.0,0.014461166225373745,0.011852367781102657,0.05836218222975731,5.297253131866455,0.12605851888656616,0.6826958060264587,2.833012819290161,0.13873478770256042,0.656769871711731,0.8366051912307739,0.5549390912055969,0.8268508315086365,0.8860719799995422,0.7960526943206787,0.7908497452735901,0.939886212348938,0.2921603322029114,0.939886212348938,0.011852367781102657,0.375,0.014461166225373745,5.297253131866455,0.05836218222975731,0.0472412109375,1.0,8192.0,0.9527587890625,0.013671875,0.29891180992126465,6.096713066101074,0.0,0.8317075967788696,0.0,0.0,0.0,0.0,2.833012819290161,0.12605851888656616,0.6826958060264587
20260702-03-flash-vqg-injection-warmup-screen,2080ti,inj-warmup-linear512-r2,20260702-03-flash-vqg-injection-warmup-screen-inj-warmup-linear512-r2-s124-d123-b64ga4-2080ti-injwarm-2080ti-gpu0-baseline-linear512,256,[441],zoology/experiments/flash_vqg/scripts/20260702-03-flash-vqg-injection-warmup-screen/outputs/traces/2080ti/inj-warmup-linear512-r2/injwarm-2080ti-gpu0-baseline-linear512/early_window_metrics.jsonl,8.388022422790527,0.8212890625,0.1787109375,0.0069580078125,8.309280395507812,0.0,0.01944607123732567,0.8970901370048523,0.0,0.05404368042945862,0.06104156747460365,0.0431763231754303,3.978792667388916,0.08809322118759155,0.5320575833320618,2.626721143722534,0.09440506994724274,0.5485041737556458,0.8117152452468872,0.37762027978897095,0.7564776539802551,0.85798579454422,0.7989509105682373,0.7938646674156189,0.9415093660354614,0.2859494686126709,0.9415093660354614,0.06104156747460365,0.5,0.05404368042945862,3.978792667388916,0.0431763231754303,0.1787109375,1.0,8192.0,0.8212890625,0.0069580078125,0.01944607123732567,8.309280395507812,0.0,0.8970901370048523,0.0,0.0,0.0,0.0,2.626721143722534,0.08809322118759155,0.5320575833320618
20260702-03-flash-vqg-injection-warmup-screen,2080ti,inj-warmup-linear512-r2,20260702-03-flash-vqg-injection-warmup-screen-inj-warmup-linear512-r2-s124-d123-b64ga4-2080ti-injwarm-2080ti-gpu0-baseline-linear512,384,[441],zoology/experiments/flash_vqg/scripts/20260702-03-flash-vqg-injection-warmup-screen/outputs/traces/2080ti/inj-warmup-linear512-r2/injwarm-2080ti-gpu0-baseline-linear512/early_window_metrics.jsonl,7.277788162231445,0.7301025390625,0.2698974609375,0.3271484375,5.9295654296875,0.0,0.8887555599212646,0.7221649885177612,0.0,0.557015061378479,0.4599451422691345,0.09011627733707428,13.522933959960938,0.05355311185121536,0.3448411524295807,6.681278228759766,0.02458939701318741,0.1488419622182846,0.6419685482978821,0.09835758060216904,0.4387587904930115,0.6826698780059814,0.7271902561187744,0.41980528831481934,0.879991888999939,0.44723039865493774,0.879991888999939,0.4599451422691345,0.75,0.557015061378479,13.522933959960938,0.09011627733707428,0.2698974609375,1.0,8192.0,0.7301025390625,0.3271484375,0.8887555599212646,5.9295654296875,0.0,0.7221649885177612,0.0,0.0,0.0,0.0,6.681278228759766,0.05355311185121536,0.3448411524295807
20260702-03-flash-vqg-injection-warmup-screen,2080ti,inj-warmup-linear512-r2,20260702-03-flash-vqg-injection-warmup-screen-inj-warmup-linear512-r2-s124-d123-b64ga4-2080ti-injwarm-2080ti-gpu0-baseline-linear512,512,[441],zoology/experiments/flash_vqg/scripts/20260702-03-flash-vqg-injection-warmup-screen/outputs/traces/2080ti/inj-warmup-linear512-r2/injwarm-2080ti-gpu0-baseline-linear512/early_window_metrics.jsonl,1.7725963592529297,0.634521484375,0.365478515625,0.3021240234375,4.561216831207275,0.0,0.807298481464386,0.7488632202148438,0.0,0.35405436158180237,0.2766511142253876,0.2946600914001465,9.520822525024414,0.038884833455085754,0.22388921678066254,1.2264410257339478,0.011268342845141888,0.0668027475476265,0.19033746421337128,0.04507337510585785,0.17783483862876892,0.2617436349391937,0.7320243120193481,0.3018786609172821,0.8331880569458008,0.5533357858657837,0.8331880569458008,0.2766511142253876,1.0,0.35405436158180237,9.520822525024414,0.2946600914001465,0.365478515625,1.0,8192.0,0.634521484375,0.3021240234375,0.807298481464386,4.561216831207275,0.0,0.7488632202148438,0.0,0.0,0.0,0.0,1.2264410257339478,0.038884833455085754,0.22388921678066254
20260702-03-flash-vqg-injection-warmup-screen,2080ti,inj-warmup-linear512-r2,20260702-03-flash-vqg-injection-warmup-screen-inj-warmup-linear512-r2-s124-d123-b64ga4-2080ti-injwarm-2080ti-gpu0-baseline-linear512,704,[441],zoology/experiments/flash_vqg/scripts/20260702-03-flash-vqg-injection-warmup-screen/outputs/traces/2080ti/inj-warmup-linear512-r2/injwarm-2080ti-gpu0-baseline-linear512/early_window_metrics.jsonl,1.1340880393981934,0.82781982421875,0.17218017578125,0.030029296875,3.333988904953003,0.0,0.6928244829177856,0.7697356939315796,0.0,0.2726510763168335,0.2099345326423645,0.41594600677490234,11.077653884887695,0.06311902403831482,0.36238235235214233,1.6892898082733154,0.016805844381451607,0.10061334073543549,0.21329177916049957,0.06722337752580643,0.22018247842788696,0.29064977169036865,0.7565608024597168,0.45206519961357117,0.8290677070617676,0.5719867944717407,0.8290677070617676,0.2099345326423645,1.0,0.2726510763168335,11.077653884887695,0.41594600677490234,0.17218017578125,1.0,8192.0,0.82781982421875,0.030029296875,0.6928244829177856,3.333988904953003,0.0,0.7697356939315796,0.0,0.0,0.0,0.0,1.6892898082733154,0.06311902403831482,0.36238235235214233
20260702-03-flash-vqg-injection-warmup-screen,2080ti,inj-warmup-silent64-linear512-r2,20260702-03-flash-vqg-injection-warmup-screen-inj-warmup-silent64-linear512-r2-s124-d123-b64ga4-2080ti-injwarm-2080ti-gpu1-silent64linear512,0,[441],zoology/experiments/flash_vqg/scripts/20260702-03-flash-vqg-injection-warmup-screen/outputs/traces/2080ti/inj-warmup-silent64-linear512-r2/injwarm-2080ti-gpu1-silent64linear512/early_window_metrics.jsonl,9.038751602172852,0.0,0.0,0.0,0.3420845866203308,0.0,3.4502551555633545,0.023108458146452904,0.0,0.05000000819563866,0.0,0.06290135532617569,0.29540905356407166,0.08179070055484772,0.11187998205423355,0.204389289021492,0.125,0.16616804897785187,0.2910999357700348,0.5,0.5,0.5000000596046448,0.14608624577522278,0.12225420027971268,0.30616942048072815,1.3719041347503662,0.30616942048072815,0.0,0.0,0.05000000819563866,0.29540905356407166,0.06290135532617569,0.0,0.0,8192.0,0.0,0.0,3.4502551555633545,0.3420845866203308,0.0,0.023108458146452904,0.0,0.0,0.0,0.0,0.204389289021492,0.08179070055484772,0.11187998205423355
20260702-03-flash-vqg-injection-warmup-screen,2080ti,inj-warmup-silent64-linear512-r2,20260702-03-flash-vqg-injection-warmup-screen-inj-warmup-silent64-linear512-r2-s124-d123-b64ga4-2080ti-injwarm-2080ti-gpu1-silent64linear512,1,[441],zoology/experiments/flash_vqg/scripts/20260702-03-flash-vqg-injection-warmup-screen/outputs/traces/2080ti/inj-warmup-silent64-linear512-r2/injwarm-2080ti-gpu1-silent64linear512/early_window_metrics.jsonl,9.038322448730469,0.91253662109375,0.08746337890625,0.0987548828125,0.34340041875839233,0.0,3.4489965438842773,0.023128047585487366,0.0,0.05001399666070938,0.0,0.0628674104809761,0.2910695970058441,0.08181741833686829,0.11333891749382019,0.21177196502685547,0.125,0.168449267745018,0.3045845925807953,0.5,0.5,0.5000001192092896,0.1519557237625122,0.1260843724012375,0.30925947427749634,1.3703267574310303,0.30925947427749634,0.0,0.0,0.05001399666070938,0.2910695970058441,0.0628674104809761,0.08746337890625,1.0,8192.0,0.91253662109375,0.0987548828125,3.4489965438842773,0.34340041875839233,0.0,0.023128047585487366,0.0,0.0,0.0,0.0,0.21177196502685547,0.08181741833686829,0.11333891749382019
20260702-03-flash-vqg-injection-warmup-screen,2080ti,inj-warmup-silent64-linear512-r2,20260702-03-flash-vqg-injection-warmup-screen-inj-warmup-silent64-linear512-r2-s124-d123-b64ga4-2080ti-injwarm-2080ti-gpu1-silent64linear512,2,[441],zoology/experiments/flash_vqg/scripts/20260702-03-flash-vqg-injection-warmup-screen/outputs/traces/2080ti/inj-warmup-silent64-linear512-r2/injwarm-2080ti-gpu1-silent64linear512/early_window_metrics.jsonl,9.038458824157715,0.933837890625,0.066162109375,0.0732421875,0.3437655568122864,0.0,3.4473278522491455,0.023177236318588257,0.0,0.05002797022461891,0.0,0.06283222138881683,0.28782010078430176,0.08190619945526123,0.11475612968206406,0.21600188314914703,0.125,0.1704947054386139,0.3230544328689575,0.5,0.5,0.5000000596046448,0.15756472945213318,0.1298045963048935,0.31209954619407654,1.368833065032959,0.31209951639175415,0.0,0.0,0.05002797022461891,0.28782010078430176,0.06283222138881683,0.066162109375,1.0,8192.0,0.933837890625,0.0732421875,3.4473278522491455,0.3437655568122864,0.0,0.023177236318588257,0.0,0.0,0.0,0.0,0.21600188314914703,0.08190619945526123,0.11475612968206406
20260702-03-flash-vqg-injection-warmup-screen,2080ti,inj-warmup-silent64-linear512-r2,20260702-03-flash-vqg-injection-warmup-screen-inj-warmup-silent64-linear512-r2-s124-d123-b64ga4-2080ti-injwarm-2080ti-gpu1-silent64linear512,4,[441],zoology/experiments/flash_vqg/scripts/20260702-03-flash-vqg-injection-warmup-screen/outputs/traces/2080ti/inj-warmup-silent64-linear512-r2/injwarm-2080ti-gpu1-silent64linear512/early_window_metrics.jsonl,9.038789749145508,0.90142822265625,0.09857177734375,0.115478515625,0.3441011309623718,0.0,3.4430394172668457,0.02337011881172657,0.0,0.05005597695708275,0.0,0.06263109296560287,0.2866152822971344,0.08215618133544922,0.11702533066272736,0.22246558964252472,0.125,0.17397049069404602,0.34286028146743774,0.5,0.5,0.5000000596046448,0.16724522411823273,0.13615931570529938,0.31665003299713135,1.3663487434387207,0.31665003299713135,0.0,0.0,0.05005597695708275,0.2866152822971344,0.06263109296560287,0.09857177734375,1.0,8192.0,0.90142822265625,0.115478515625,3.4430394172668457,0.3441011309623718,0.0,0.02337011881172657,0.0,0.0,0.0,0.0,0.22246558964252472,0.08215618133544922,0.11702533066272736
20260702-03-flash-vqg-injection-warmup-screen,2080ti,inj-warmup-silent64-linear512-r2,20260702-03-flash-vqg-injection-warmup-screen-inj-warmup-silent64-linear512-r2-s124-d123-b64ga4-2080ti-injwarm-2080ti-gpu1-silent64linear512,8,[441],zoology/experiments/flash_vqg/scripts/20260702-03-flash-vqg-injection-warmup-screen/outputs/traces/2080ti/inj-warmup-silent64-linear512-r2/injwarm-2080ti-gpu1-silent64linear512/early_window_metrics.jsonl,9.03887939453125,0.83099365234375,0.16900634765625,0.194580078125,0.34736114740371704,0.0,3.429494857788086,0.024733232334256172,0.0,0.05011199414730072,0.0,0.06082644686102867,0.31373098492622375,0.08248309791088104,0.12006514519453049,0.22688379883766174,0.125,0.17797712981700897,0.33969423174858093,0.5,0.5,0.5000000596046448,0.18147999048233032,0.14596965909004211,0.32214248180389404,1.3630998134613037,0.32214248180389404,0.0,0.0,0.05011199414730072,0.31373098492622375,0.06082644686102867,0.16900634765625,1.0,8192.0,0.83099365234375,0.194580078125,3.429494857788086,0.34736114740371704,0.0,0.024733232334256172,0.0,0.0,0.0,0.0,0.22688379883766174,0.08248309791088104,0.12006514519453049
20260702-03-flash-vqg-injection-warmup-screen,2080ti,inj-warmup-silent64-linear512-r2,20260702-03-flash-vqg-injection-warmup-screen-inj-warmup-silent64-linear512-r2-s124-d123-b64ga4-2080ti-injwarm-2080ti-gpu1-silent64linear512,16,[441],zoology/experiments/flash_vqg/scripts/20260702-03-flash-vqg-injection-warmup-screen/outputs/traces/2080ti/inj-warmup-silent64-linear512-r2/injwarm-2080ti-gpu1-silent64linear512/early_window_metrics.jsonl,9.03617000579834,0.66815185546875,0.33184814453125,0.3814697265625,0.3725227117538452,0.0,3.3624470233917236,0.03315451741218567,0.0,0.050224121659994125,0.0,0.04625199735164642,0.4188806712627411,0.08201514929533005,0.12161735445261002,0.23487097024917603,0.125,0.1822303831577301,0.31355199217796326,0.5,0.5,0.5000000596046448,0.20091387629508972,0.15975961089134216,0.32784008979797363,1.359465479850769,0.32784008979797363,0.0,0.0,0.050224121659994125,0.4188806712627411,0.04625199735164642,0.33184814453125,1.0,8192.0,0.66815185546875,0.3814697265625,3.3624470233917236,0.3725227117538452,0.0,0.03315451741218567,0.0,0.0,0.0,0.0,0.23487097024917603,0.08201514929533005,0.12161735445261002
20260702-03-flash-vqg-injection-warmup-screen,2080ti,inj-warmup-silent64-linear512-r2,20260702-03-flash-vqg-injection-warmup-screen-inj-warmup-silent64-linear512-r2-s124-d123-b64ga4-2080ti-injwarm-2080ti-gpu1-silent64linear512,24,[441],zoology/experiments/flash_vqg/scripts/20260702-03-flash-vqg-injection-warmup-screen/outputs/traces/2080ti/inj-warmup-silent64-linear512-r2/injwarm-2080ti-gpu1-silent64linear512/early_window_metrics.jsonl,9.027445793151855,0.65875244140625,0.34124755859375,0.4052734375,0.42943012714385986,0.0,3.23441219329834,0.046416327357292175,0.0,0.050336405634880066,0.0,0.02821960672736168,0.5577676892280579,0.08096374571323395,0.13603517413139343,0.272634893655777,0.125,0.20984183251857758,0.3529485762119293,0.5,0.5,0.5000000596046448,0.25953441858291626,0.2064422369003296,0.3647923469543457,1.3322229385375977,0.3647923469543457,0.0,0.0,0.050336405634880066,0.5577676892280579,0.02821960672736168,0.34124755859375,1.0,8192.0,0.65875244140625,0.4052734375,3.23441219329834,0.42943012714385986,0.0,0.046416327357292175,0.0,0.0,0.0,0.0,0.272634893655777,0.08096374571323395,0.13603517413139343
20260702-03-flash-vqg-injection-warmup-screen,2080ti,inj-warmup-silent64-linear512-r2,20260702-03-flash-vqg-injection-warmup-screen-inj-warmup-silent64-linear512-r2-s124-d123-b64ga4-2080ti-injwarm-2080ti-gpu1-silent64linear512,32,[441],zoology/experiments/flash_vqg/scripts/20260702-03-flash-vqg-injection-warmup-screen/outputs/traces/2080ti/inj-warmup-silent64-linear512-r2/injwarm-2080ti-gpu1-silent64linear512/early_window_metrics.jsonl,9.011229515075684,0.73004150390625,0.26995849609375,0.35205078125,0.5771519541740417,0.0,3.076030731201172,0.0684434175491333,0.0,0.05044883117079735,0.0,0.020390594378113747,0.750023365020752,0.07974378019571304,0.1776702105998993,0.32174623012542725,0.125,0.29097944498062134,0.39918041229248047,0.5,0.5,0.5000000596046448,0.3450976610183716,0.29358145594596863,0.4620636999607086,1.2378947734832764,0.4620636999607086,0.0,0.0,0.05044883117079735,0.750023365020752,0.020390594378113747,0.26995849609375,1.0,8192.0,0.73004150390625,0.35205078125,3.076030731201172,0.5771519541740417,0.0,0.0684434175491333,0.0,0.0,0.0,0.0,0.32174623012542725,0.07974378019571304,0.1776702105998993
20260702-03-flash-vqg-injection-warmup-screen,2080ti,inj-warmup-silent64-linear512-r2,20260702-03-flash-vqg-injection-warmup-screen-inj-warmup-silent64-linear512-r2-s124-d123-b64ga4-2080ti-injwarm-2080ti-gpu1-silent64linear512,48,[441],zoology/experiments/flash_vqg/scripts/20260702-03-flash-vqg-injection-warmup-screen/outputs/traces/2080ti/inj-warmup-silent64-linear512-r2/injwarm-2080ti-gpu1-silent64linear512/early_window_metrics.jsonl,8.908380508422852,0.63360595703125,0.36639404296875,0.4293212890625,0.96828293800354,0.0,2.847200870513916,0.19184163212776184,0.0,0.050674136728048325,0.0,0.020629867911338806,1.7731125354766846,0.07814836502075195,0.2721483111381531,0.6699934005737305,0.125,0.4263163208961487,0.43630456924438477,0.5,0.5000000596046448,0.5000000596046448,0.49873873591423035,0.471172571182251,0.7958475947380066,0.7167639136314392,0.7958475947380066,0.0,0.0,0.050674136728048325,1.7731125354766846,0.020629867911338806,0.36639404296875,1.0,8192.0,0.63360595703125,0.4293212890625,2.847200870513916,0.96828293800354,0.0,0.19184163212776184,0.0,0.0,0.0,0.0,0.6699934005737305,0.07814836502075195,0.2721483111381531
20260702-03-flash-vqg-injection-warmup-screen,2080ti,inj-warmup-silent64-linear512-r2,20260702-03-flash-vqg-injection-warmup-screen-inj-warmup-silent64-linear512-r2-s124-d123-b64ga4-2080ti-injwarm-2080ti-gpu1-silent64linear512,64,[441],zoology/experiments/flash_vqg/scripts/20260702-03-flash-vqg-injection-warmup-screen/outputs/traces/2080ti/inj-warmup-silent64-linear512-r2/injwarm-2080ti-gpu1-silent64linear512/early_window_metrics.jsonl,8.704910278320312,0.72833251953125,0.27166748046875,0.2916259765625,0.5009417533874512,0.0,3.2343249320983887,0.20482458174228668,0.0,0.050900038331747055,0.0,0.025580622255802155,2.0670125484466553,0.07645244896411896,0.2967303395271301,0.7409036755561829,0.125,0.44409656524658203,0.4510577619075775,0.5,0.5000000596046448,0.5000000596046448,0.5834925174713135,0.574781596660614,0.8746088743209839,0.5125674605369568,0.8746088743209839,0.0,0.0,0.050900038331747055,2.0670125484466553,0.025580622255802155,0.27166748046875,1.0,8192.0,0.72833251953125,0.2916259765625,3.2343249320983887,0.5009417533874512,0.0,0.20482458174228668,0.0,0.0,0.0,0.0,0.7409036755561829,0.07645244896411896,0.2967303395271301
20260702-03-flash-vqg-injection-warmup-screen,2080ti,inj-warmup-silent64-linear512-r2,20260702-03-flash-vqg-injection-warmup-screen-inj-warmup-silent64-linear512-r2-s124-d123-b64ga4-2080ti-injwarm-2080ti-gpu1-silent64linear512,96,[441],zoology/experiments/flash_vqg/scripts/20260702-03-flash-vqg-injection-warmup-screen/outputs/traces/2080ti/inj-warmup-silent64-linear512-r2/injwarm-2080ti-gpu1-silent64linear512/early_window_metrics.jsonl,8.528589248657227,0.6304931640625,0.3695068359375,0.3800048828125,1.3009679317474365,0.0,2.377791404724121,0.3965832591056824,0.0,0.020421091467142105,0.010759582743048668,0.03063611127436161,2.1097543239593506,0.1243770569562912,0.5270671844482422,1.0920153856277466,0.17788785696029663,0.7349681258201599,0.7882544994354248,0.7115514278411865,0.8516191244125366,0.8722363710403442,0.7044209241867065,0.6979372501373291,0.9060007333755493,0.412343293428421,0.9060007333755493,0.010759582743048668,0.0714285746216774,0.020421091467142105,2.1097543239593506,0.03063611127436161,0.3695068359375,1.0,8192.0,0.6304931640625,0.3800048828125,2.377791404724121,1.3009679317474365,0.0,0.3965832591056824,0.0,0.0,0.0,0.0,1.0920153856277466,0.1243770569562912,0.5270671844482422
20260702-03-flash-vqg-injection-warmup-screen,2080ti,inj-warmup-silent64-linear512-r2,20260702-03-flash-vqg-injection-warmup-screen-inj-warmup-silent64-linear512-r2-s124-d123-b64ga4-2080ti-injwarm-2080ti-gpu1-silent64linear512,128,[441],zoology/experiments/flash_vqg/scripts/20260702-03-flash-vqg-injection-warmup-screen/outputs/traces/2080ti/inj-warmup-silent64-linear512-r2/injwarm-2080ti-gpu1-silent64linear512/early_window_metrics.jsonl,8.46129322052002,0.75372314453125,0.24627685546875,0.11474609375,3.4044766426086426,0.0,0.8423680663108826,0.7058097720146179,0.0,0.033137306571006775,0.0818403884768486,0.02897246554493904,2.2328646183013916,0.10281838476657867,0.48329219222068787,0.9378566145896912,0.19152121245861053,0.8407017588615417,0.897996723651886,0.7660847902297974,0.9543777704238892,0.9666315913200378,0.7672979831695557,0.7632628083229065,0.9287661910057068,0.33344346284866333,0.9287661910057068,0.0818403884768486,0.1428571492433548,0.033137306571006775,2.2328646183013916,0.02897246554493904,0.24627685546875,1.0,8192.0,0.75372314453125,0.11474609375,0.8423680663108826,3.4044766426086426,0.0,0.7058097720146179,0.0,0.0,0.0,0.0,0.9378566145896912,0.10281838476657867,0.48329219222068787
20260702-03-flash-vqg-injection-warmup-screen,2080ti,inj-warmup-silent64-linear512-r2,20260702-03-flash-vqg-injection-warmup-screen-inj-warmup-silent64-linear512-r2-s124-d123-b64ga4-2080ti-injwarm-2080ti-gpu1-silent64linear512,192,[441],zoology/experiments/flash_vqg/scripts/20260702-03-flash-vqg-injection-warmup-screen/outputs/traces/2080ti/inj-warmup-silent64-linear512-r2/injwarm-2080ti-gpu1-silent64linear512/early_window_metrics.jsonl,8.411852836608887,0.894287109375,0.105712890625,0.06494140625,5.617976188659668,0.0,0.8189087510108948,0.7405167818069458,0.0,0.7012386322021484,0.5102598071098328,0.0510534793138504,4.953097820281982,0.09720800817012787,0.6347969174385071,3.1745996475219727,0.11084200441837311,0.7292281985282898,0.8593436479568481,0.44336801767349243,0.8579629063606262,0.918532133102417,0.7960590124130249,0.790851354598999,0.9399111270904541,0.29204875230789185,0.9399111270904541,0.5102598071098328,0.2857142984867096,0.7012386322021484,4.953097820281982,0.0510534793138504,0.105712890625,1.0,8192.0,0.894287109375,0.06494140625,0.8189087510108948,5.617976188659668,0.0,0.7405167818069458,0.0,0.0,0.0,0.0,3.1745996475219727,0.09720800817012787,0.6347969174385071
20260702-03-flash-vqg-injection-warmup-screen,2080ti,inj-warmup-silent64-linear512-r2,20260702-03-flash-vqg-injection-warmup-screen-inj-warmup-silent64-linear512-r2-s124-d123-b64ga4-2080ti-injwarm-2080ti-gpu1-silent64linear512,256,[441],zoology/experiments/flash_vqg/scripts/20260702-03-flash-vqg-injection-warmup-screen/outputs/traces/2080ti/inj-warmup-silent64-linear512-r2/injwarm-2080ti-gpu1-silent64linear512/early_window_metrics.jsonl,8.483966827392578,0.7352294921875,0.2647705078125,0.126220703125,7.742447376251221,0.0,0.04729239642620087,0.8859975337982178,0.0,0.9980530738830566,0.8729730248451233,0.06019550561904907,7.9804205894470215,0.08642552047967911,0.8288668990135193,4.586763858795166,0.059067100286483765,0.617263913154602,0.8552177548408508,0.23626840114593506,0.7739564180374146,0.9110846519470215,0.7980625629425049,0.7926044464111328,0.9410883784294128,0.28756773471832275,0.9410884380340576,0.8729730248451233,0.4285714328289032,0.9980530738830566,7.9804205894470215,0.06019550561904907,0.2647705078125,1.0,8192.0,0.7352294921875,0.126220703125,0.04729239642620087,7.742447376251221,0.0,0.8859975337982178,0.0,0.0,0.0,0.0,4.586763858795166,0.08642552047967911,0.8288668990135193
20260702-03-flash-vqg-injection-warmup-screen,2080ti,inj-warmup-silent64-linear512-r2,20260702-03-flash-vqg-injection-warmup-screen-inj-warmup-silent64-linear512-r2-s124-d123-b64ga4-2080ti-injwarm-2080ti-gpu1-silent64linear512,384,[441],zoology/experiments/flash_vqg/scripts/20260702-03-flash-vqg-injection-warmup-screen/outputs/traces/2080ti/inj-warmup-silent64-linear512-r2/injwarm-2080ti-gpu1-silent64linear512/early_window_metrics.jsonl,3.7289395332336426,0.81341552734375,0.18658447265625,0.052490234375,3.776613712310791,0.0,1.0813398361206055,0.6867458820343018,0.0,0.9724555611610413,1.003541111946106,0.7802286744117737,7.439236164093018,0.13858507573604584,0.826586127281189,3.24438214302063,0.03538086265325546,0.2506657540798187,0.49508634209632874,0.14152345061302185,0.5351960062980652,0.6818281412124634,0.6997614502906799,0.27467286586761475,0.8167068958282471,0.580215573310852,0.8167068958282471,1.003541111946106,0.7142857313156128,0.9724555611610413,7.439236164093018,0.7802286744117737,0.18658447265625,1.0,8192.0,0.81341552734375,0.052490234375,1.0813398361206055,3.776613712310791,0.0,0.6867458820343018,0.0,0.0,0.0,0.0,3.24438214302063,0.13858507573604584,0.826586127281189
20260702-03-flash-vqg-injection-warmup-screen,2080ti,inj-warmup-silent64-linear512-r2,20260702-03-flash-vqg-injection-warmup-screen-inj-warmup-silent64-linear512-r2-s124-d123-b64ga4-2080ti-injwarm-2080ti-gpu1-silent64linear512,512,[441],zoology/experiments/flash_vqg/scripts/20260702-03-flash-vqg-injection-warmup-screen/outputs/traces/2080ti/inj-warmup-silent64-linear512-r2/injwarm-2080ti-gpu1-silent64linear512/early_window_metrics.jsonl,2.0073976516723633,0.69903564453125,0.30096435546875,0.0509033203125,2.5102274417877197,0.0,1.2629806995391846,0.6669301986694336,0.0,0.7510114312171936,0.6766910552978516,1.1370103359222412,10.266300201416016,0.17739951610565186,0.8966087698936462,4.834307670593262,0.032216645777225494,0.15169422328472137,0.573802649974823,0.12886658310890198,0.598796546459198,0.7425006031990051,0.7434971928596497,0.41459736227989197,0.8348398804664612,0.5603537559509277,0.8348398804664612,0.6766910552978516,1.0,0.7510114312171936,10.266300201416016,1.1370103359222412,0.30096435546875,1.0,8192.0,0.69903564453125,0.0509033203125,1.2629806995391846,2.5102274417877197,0.0,0.6669301986694336,0.0,0.0,0.0,0.0,4.834307670593262,0.17739951610565186,0.8966087698936462
20260702-03-flash-vqg-injection-warmup-screen,2080ti,inj-warmup-silent64-linear512-r2,20260702-03-flash-vqg-injection-warmup-screen-inj-warmup-silent64-linear512-r2-s124-d123-b64ga4-2080ti-injwarm-2080ti-gpu1-silent64linear512,704,[441],zoology/experiments/flash_vqg/scripts/20260702-03-flash-vqg-injection-warmup-screen/outputs/traces/2080ti/inj-warmup-silent64-linear512-r2/injwarm-2080ti-gpu1-silent64linear512/early_window_metrics.jsonl,1.6216038465499878,0.78997802734375,0.21002197265625,0.0162353515625,2.6665868759155273,0.0,1.108922004699707,0.7002187967300415,0.0,0.707938551902771,0.7000941038131714,1.0383918285369873,10.418414115905762,0.20716890692710876,1.0024899244308472,4.393485069274902,0.03717901185154915,0.21281218528747559,0.4882005453109741,0.1487160623073578,0.5217119455337524,0.6053495407104492,0.7624828219413757,0.5427423715591431,0.8301225900650024,0.5721853971481323,0.8301225900650024,0.7000941038131714,1.0,0.707938551902771,10.418414115905762,1.0383918285369873,0.21002197265625,1.0,8192.0,0.78997802734375,0.0162353515625,1.108922004699707,2.6665868759155273,0.0,0.7002187967300415,0.0,0.0,0.0,0.0,4.393485069274902,0.20716890692710876,1.0024899244308472
20260702-03-flash-vqg-injection-warmup-screen,3090,baseline-r2,20260702-03-flash-vqg-injection-warmup-screen-baseline-r2-s124-d123-b64ga4-3090-injwarm-3090-gpu0-all,0,[441],zoology/experiments/flash_vqg/scripts/20260702-03-flash-vqg-injection-warmup-screen/outputs/traces/3090/baseline-r2/injwarm-3090-gpu0-all/early_window_metrics.jsonl,9.038751602172852,0.0,0.0,0.0,0.3420845866203308,0.0,3.4502551555633545,0.023108458146452904,0.0,0.05000000819563866,0.14336538314819336,0.06290135532617569,0.29540905356407166,0.08179070055484772,0.11187998205423355,0.204389289021492,0.125,0.16616804897785187,0.2910999357700348,0.5,0.5,0.5000000596046448,0.14608624577522278,0.12225420027971268,0.30616942048072815,1.3719041347503662,0.30616942048072815,0.14336538314819336,1.0,0.05000000819563866,0.29540905356407166,0.06290135532617569,0.0,0.0,8192.0,0.0,0.0,3.4502551555633545,0.3420845866203308,0.0,0.023108458146452904,0.0,0.0,0.0,0.0,0.204389289021492,0.08179070055484772,0.11187998205423355
20260702-03-flash-vqg-injection-warmup-screen,3090,baseline-r2,20260702-03-flash-vqg-injection-warmup-screen-baseline-r2-s124-d123-b64ga4-3090-injwarm-3090-gpu0-all,1,[441],zoology/experiments/flash_vqg/scripts/20260702-03-flash-vqg-injection-warmup-screen/outputs/traces/3090/baseline-r2/injwarm-3090-gpu0-all/early_window_metrics.jsonl,9.038392066955566,0.9134521484375,0.0865478515625,0.0987548828125,0.3439103960990906,0.0,3.448371171951294,0.02320723421871662,0.0,0.05000936985015869,0.14309410750865936,0.06293927133083344,0.2966611087322235,0.08187472820281982,0.11345678567886353,0.210693359375,0.12501057982444763,0.1684768944978714,0.29946547746658325,0.500042200088501,0.504538893699646,0.5107536315917969,0.15195831656455994,0.12609897553920746,0.3093103766441345,1.3703149557113647,0.3093103766441345,0.14309410750865936,1.0,0.05000936985015869,0.2966611087322235,0.06293927133083344,0.0865478515625,1.0,8192.0,0.9134521484375,0.0987548828125,3.448371171951294,0.3439103960990906,0.0,0.02320723421871662,0.0,0.0,0.0,0.0,0.210693359375,0.08187472820281982,0.11345678567886353
20260702-03-flash-vqg-injection-warmup-screen,3090,baseline-r2,20260702-03-flash-vqg-injection-warmup-screen-baseline-r2-s124-d123-b64ga4-3090-injwarm-3090-gpu0-all,2,[441],zoology/experiments/flash_vqg/scripts/20260702-03-flash-vqg-injection-warmup-screen/outputs/traces/3090/baseline-r2/injwarm-3090-gpu0-all/early_window_metrics.jsonl,9.03844928741455,0.93511962890625,0.06488037109375,0.069580078125,0.3445313572883606,0.0,3.4466419219970703,0.023279260843992233,0.0,0.050025444477796555,0.14181698858737946,0.06291592121124268,0.2911025583744049,0.08196016401052475,0.11483671516180038,0.2155442088842392,0.12500005960464478,0.17064520716667175,0.31276869773864746,0.5000002384185791,0.5067976117134094,0.5161945223808289,0.15756776928901672,0.12993016839027405,0.3121733069419861,1.3688024282455444,0.3121733069419861,0.14181698858737946,1.0,0.050025444477796555,0.2911025583744049,0.06291592121124268,0.06488037109375,1.0,8192.0,0.93511962890625,0.069580078125,3.4466419219970703,0.3445313572883606,0.0,0.023279260843992233,0.0,0.0,0.0,0.0,0.2155442088842392,0.08196016401052475,0.11483671516180038
20260702-03-flash-vqg-injection-warmup-screen,3090,baseline-r2,20260702-03-flash-vqg-injection-warmup-screen-baseline-r2-s124-d123-b64ga4-3090-injwarm-3090-gpu0-all,4,[441],zoology/experiments/flash_vqg/scripts/20260702-03-flash-vqg-injection-warmup-screen/outputs/traces/3090/baseline-r2/injwarm-3090-gpu0-all/early_window_metrics.jsonl,9.038887023925781,0.9027099609375,0.0972900390625,0.1171875,0.34564441442489624,0.0,3.442246198654175,0.023521415889263153,0.0,0.050080783665180206,0.13979536294937134,0.06274660676717758,0.2914790213108063,0.08221351355314255,0.11718924343585968,0.21992020308971405,0.12501543760299683,0.1741466075181961,0.329363614320755,0.5000617504119873,0.5103799104690552,0.5225623250007629,0.16724184155464172,0.1361696422100067,0.3167496919631958,1.366289496421814,0.3167496919631958,0.13979536294937134,1.0,0.050080783665180206,0.2914790213108063,0.06274660676717758,0.0972900390625,1.0,8192.0,0.9027099609375,0.1171875,3.442246198654175,0.34564441442489624,0.0,0.023521415889263153,0.0,0.0,0.0,0.0,0.21992020308971405,0.08221351355314255,0.11718924343585968
20260702-03-flash-vqg-injection-warmup-screen,3090,baseline-r2,20260702-03-flash-vqg-injection-warmup-screen-baseline-r2-s124-d123-b64ga4-3090-injwarm-3090-gpu0-all,8,[441],zoology/experiments/flash_vqg/scripts/20260702-03-flash-vqg-injection-warmup-screen/outputs/traces/3090/baseline-r2/injwarm-3090-gpu0-all/early_window_metrics.jsonl,9.039063453674316,0.82928466796875,0.17071533203125,0.1888427734375,0.3505555987358093,0.0,3.428863048553467,0.024610280990600586,0.0,0.050291210412979126,0.13956321775913239,0.060891225934028625,0.30972519516944885,0.08263751864433289,0.12041278183460236,0.2247801572084427,0.12516164779663086,0.1785486489534378,0.32363083958625793,0.5006465911865234,0.5158712267875671,0.5371901392936707,0.18146780133247375,0.14585021138191223,0.3222000300884247,1.3630579710006714,0.3222000300884247,0.13956321775913239,1.0,0.050291210412979126,0.30972519516944885,0.060891225934028625,0.17071533203125,1.0,8192.0,0.82928466796875,0.1888427734375,3.428863048553467,0.3505555987358093,0.0,0.024610280990600586,0.0,0.0,0.0,0.0,0.2247801572084427,0.08263751864433289,0.12041278183460236
20260702-03-flash-vqg-injection-warmup-screen,3090,baseline-r2,20260702-03-flash-vqg-injection-warmup-screen-baseline-r2-s124-d123-b64ga4-3090-injwarm-3090-gpu0-all,16,[441],zoology/experiments/flash_vqg/scripts/20260702-03-flash-vqg-injection-warmup-screen/outputs/traces/3090/baseline-r2/injwarm-3090-gpu0-all/early_window_metrics.jsonl,9.036564826965332,0.65826416015625,0.34173583984375,0.391357421875,0.37871861457824707,0.0,3.3602070808410645,0.03222509101033211,0.0,0.05093530938029289,0.16649450361728668,0.04615812748670578,0.39851218461990356,0.08241081982851028,0.12211079150438309,0.25360023975372314,0.12548141181468964,0.18292784690856934,0.3153323233127594,0.5019257068634033,0.5238906741142273,0.5530142784118652,0.20069757103919983,0.1596158891916275,0.3273990750312805,1.3598170280456543,0.3273990750312805,0.16649450361728668,1.0,0.05093530938029289,0.39851218461990356,0.04615812748670578,0.34173583984375,1.0,8192.0,0.65826416015625,0.391357421875,3.3602070808410645,0.37871861457824707,0.0,0.03222509101033211,0.0,0.0,0.0,0.0,0.25360023975372314,0.08241081982851028,0.12211079150438309
20260702-03-flash-vqg-injection-warmup-screen,3090,baseline-r2,20260702-03-flash-vqg-injection-warmup-screen-baseline-r2-s124-d123-b64ga4-3090-injwarm-3090-gpu0-all,24,[441],zoology/experiments/flash_vqg/scripts/20260702-03-flash-vqg-injection-warmup-screen/outputs/traces/3090/baseline-r2/injwarm-3090-gpu0-all/early_window_metrics.jsonl,9.028105735778809,0.677001953125,0.322998046875,0.373046875,0.426993191242218,0.0,3.2393484115600586,0.04641316831111908,0.0,0.0510915070772171,0.19957053661346436,0.028164736926555634,0.5589655041694641,0.08168860524892807,0.13574610650539398,0.26429659128189087,0.1257435828447342,0.20851480960845947,0.35552895069122314,0.5029743909835815,0.5290931463241577,0.5624884366989136,0.25909721851348877,0.20666153728961945,0.36223357915878296,1.3342843055725098,0.36223357915878296,0.19957053661346436,1.0,0.0510915070772171,0.5589655041694641,0.028164736926555634,0.322998046875,1.0,8192.0,0.677001953125,0.373046875,3.2393484115600586,0.426993191242218,0.0,0.04641316831111908,0.0,0.0,0.0,0.0,0.26429659128189087,0.08168860524892807,0.13574610650539398
20260702-03-flash-vqg-injection-warmup-screen,3090,baseline-r2,20260702-03-flash-vqg-injection-warmup-screen-baseline-r2-s124-d123-b64ga4-3090-injwarm-3090-gpu0-all,32,[441],zoology/experiments/flash_vqg/scripts/20260702-03-flash-vqg-injection-warmup-screen/outputs/traces/3090/baseline-r2/injwarm-3090-gpu0-all/early_window_metrics.jsonl,9.011590003967285,0.7344970703125,0.2655029296875,0.343017578125,0.5249121189117432,0.0,3.1005215644836426,0.062150739133358,0.0,0.04952145367860794,0.24566256999969482,0.020089033991098404,0.7376457452774048,0.08011628687381744,0.1735997349023819,0.33104005455970764,0.12454330921173096,0.27933910489082336,0.4045587182044983,0.49817323684692383,0.5266110897064209,0.572690486907959,0.3452751040458679,0.29548150300979614,0.45266395807266235,1.2461774349212646,0.45266395807266235,0.24566256999969482,1.0,0.04952145367860794,0.7376457452774048,0.020089033991098404,0.2655029296875,1.0,8192.0,0.7344970703125,0.343017578125,3.1005215644836426,0.5249121189117432,0.0,0.062150739133358,0.0,0.0,0.0,0.0,0.33104005455970764,0.08011628687381744,0.1735997349023819
20260702-03-flash-vqg-injection-warmup-screen,3090,baseline-r2,20260702-03-flash-vqg-injection-warmup-screen-baseline-r2-s124-d123-b64ga4-3090-injwarm-3090-gpu0-all,48,[441],zoology/experiments/flash_vqg/scripts/20260702-03-flash-vqg-injection-warmup-screen/outputs/traces/3090/baseline-r2/injwarm-3090-gpu0-all/early_window_metrics.jsonl,8.9066743850708,0.67205810546875,0.32794189453125,0.394775390625,0.529526948928833,0.0,3.1541757583618164,0.10502050817012787,0.0,0.02352314256131649,0.07134921848773956,0.01384421344846487,1.7540596723556519,0.05664178729057312,0.20347769558429718,0.587801456451416,0.08537562191486359,0.29923170804977417,0.4160316288471222,0.34150248765945435,0.4078488349914551,0.5191782116889954,0.49686282873153687,0.46822383999824524,0.788117527961731,0.7335762977600098,0.788117527961731,0.07134921848773956,1.0,0.02352314256131649,1.7540596723556519,0.01384421344846487,0.32794189453125,1.0,8192.0,0.67205810546875,0.394775390625,3.1541757583618164,0.529526948928833,0.0,0.10502050817012787,0.0,0.0,0.0,0.0,0.587801456451416,0.05664178729057312,0.20347769558429718
20260702-03-flash-vqg-injection-warmup-screen,3090,baseline-r2,20260702-03-flash-vqg-injection-warmup-screen-baseline-r2-s124-d123-b64ga4-3090-injwarm-3090-gpu0-all,64,[441],zoology/experiments/flash_vqg/scripts/20260702-03-flash-vqg-injection-warmup-screen/outputs/traces/3090/baseline-r2/injwarm-3090-gpu0-all/early_window_metrics.jsonl,8.702812194824219,0.49365234375,0.50634765625,0.662109375,0.38535642623901367,0.0,3.422635316848755,0.16435113549232483,0.0,0.008535051718354225,0.006416141055524349,0.010816000401973724,1.390829086303711,0.026560910046100616,0.12751449644565582,0.4194585680961609,0.04157103970646858,0.19608820974826813,0.39943355321884155,0.16628415882587433,0.2710946202278137,0.45205068588256836,0.5832308530807495,0.5744330286979675,0.8742078542709351,0.5136987566947937,0.8742078542709351,0.006416141055524349,1.0,0.008535051718354225,1.390829086303711,0.010816000401973724,0.50634765625,1.0,8192.0,0.49365234375,0.662109375,3.422635316848755,0.38535642623901367,0.0,0.16435113549232483,0.0,0.0,0.0,0.0,0.4194585680961609,0.026560910046100616,0.12751449644565582
20260702-03-flash-vqg-injection-warmup-screen,3090,baseline-r2,20260702-03-flash-vqg-injection-warmup-screen-baseline-r2-s124-d123-b64ga4-3090-injwarm-3090-gpu0-all,96,[441],zoology/experiments/flash_vqg/scripts/20260702-03-flash-vqg-injection-warmup-screen/outputs/traces/3090/baseline-r2/injwarm-3090-gpu0-all/early_window_metrics.jsonl,8.52867603302002,0.48736572265625,0.51263427734375,0.708740234375,1.2580809593200684,0.0,2.6638245582580566,0.3266232907772064,0.0,0.005306570790708065,0.02844303287565708,0.01448158361017704,1.0479623079299927,0.018916428089141846,0.11357907950878143,0.5188589096069336,0.02840317226946354,0.17402319610118866,0.5673206448554993,0.11361268162727356,0.2638360261917114,0.6341220736503601,0.7046684622764587,0.6981934309005737,0.9049731492996216,0.41574132442474365,0.9049731492996216,0.02844303287565708,1.0,0.005306570790708065,1.0479623079299927,0.01448158361017704,0.51263427734375,1.0,8192.0,0.48736572265625,0.708740234375,2.6638245582580566,1.2580809593200684,0.0,0.3266232907772064,0.0,0.0,0.0,0.0,0.5188589096069336,0.018916428089141846,0.11357907950878143
20260702-03-flash-vqg-injection-warmup-screen,3090,baseline-r2,20260702-03-flash-vqg-injection-warmup-screen-baseline-r2-s124-d123-b64ga4-3090-injwarm-3090-gpu0-all,128,[441],zoology/experiments/flash_vqg/scripts/20260702-03-flash-vqg-injection-warmup-screen/outputs/traces/3090/baseline-r2/injwarm-3090-gpu0-all/early_window_metrics.jsonl,8.4600248336792,0.62249755859375,0.37750244140625,0.3365478515625,2.9448142051696777,0.0,1.784171223640442,0.5117199420928955,0.0,0.0025590648874640465,0.0247290451079607,0.009573410265147686,0.8318141102790833,0.009761941619217396,0.06355557590723038,0.36578187346458435,0.016505271196365356,0.10811847448348999,0.5384445786476135,0.06602108478546143,0.18831302225589752,0.5794699788093567,0.7675474882125854,0.763482928276062,0.9277941584587097,0.3370383679866791,0.9277942180633545,0.0247290451079607,1.0,0.0025590648874640465,0.8318141102790833,0.009573410265147686,0.37750244140625,1.0,8192.0,0.62249755859375,0.3365478515625,1.784171223640442,2.9448142051696777,0.0,0.5117199420928955,0.0,0.0,0.0,0.0,0.36578187346458435,0.009761941619217396,0.06355557590723038
20260702-03-flash-vqg-injection-warmup-screen,3090,baseline-r2,20260702-03-flash-vqg-injection-warmup-screen-baseline-r2-s124-d123-b64ga4-3090-injwarm-3090-gpu0-all,192,[441],zoology/experiments/flash_vqg/scripts/20260702-03-flash-vqg-injection-warmup-screen/outputs/traces/3090/baseline-r2/injwarm-3090-gpu0-all/early_window_metrics.jsonl,8.416196823120117,0.912353515625,0.087646484375,0.0572509765625,4.3841753005981445,0.0,1.6561309099197388,0.5617838501930237,0.0,0.001066465163603425,0.0016489260597154498,0.020182020962238312,2.9668078422546387,0.01333635114133358,0.08196122944355011,1.202640175819397,0.011292798444628716,0.06969258189201355,0.4842979311943054,0.04517119377851486,0.1326902210712433,0.5163707733154297,0.796198844909668,0.7910118699073792,0.9389630556106567,0.29576119780540466,0.9389630556106567,0.0016489260597154498,1.0,0.001066465163603425,2.9668078422546387,0.020182020962238312,0.087646484375,1.0,8192.0,0.912353515625,0.0572509765625,1.6561309099197388,4.3841753005981445,0.0,0.5617838501930237,0.0,0.0,0.0,0.0,1.202640175819397,0.01333635114133358,0.08196122944355011
20260702-03-flash-vqg-injection-warmup-screen,3090,baseline-r2,20260702-03-flash-vqg-injection-warmup-screen-baseline-r2-s124-d123-b64ga4-3090-injwarm-3090-gpu0-all,256,[441],zoology/experiments/flash_vqg/scripts/20260702-03-flash-vqg-injection-warmup-screen/outputs/traces/3090/baseline-r2/injwarm-3090-gpu0-all/early_window_metrics.jsonl,8.387843132019043,0.84759521484375,0.15240478515625,0.1494140625,4.866024971008301,0.0,1.72147536277771,0.547881543636322,0.0,0.001304697711020708,0.002727053128182888,0.01855415105819702,2.622796058654785,0.013913239352405071,0.08461365103721619,0.671772837638855,0.01175493374466896,0.0730179101228714,0.4877026677131653,0.04701973497867584,0.12747347354888916,0.5216637253761292,0.7990456223487854,0.7939589619636536,0.9405813217163086,0.2895960211753845,0.9405813217163086,0.002727053128182888,1.0,0.001304697711020708,2.622796058654785,0.01855415105819702,0.15240478515625,1.0,8192.0,0.84759521484375,0.1494140625,1.72147536277771,4.866024971008301,0.0,0.547881543636322,0.0,0.0,0.0,0.0,0.671772837638855,0.013913239352405071,0.08461365103721619
20260702-03-flash-vqg-injection-warmup-screen,3090,baseline-r2,20260702-03-flash-vqg-injection-warmup-screen-baseline-r2-s124-d123-b64ga4-3090-injwarm-3090-gpu0-all,384,[441],zoology/experiments/flash_vqg/scripts/20260702-03-flash-vqg-injection-warmup-screen/outputs/traces/3090/baseline-r2/injwarm-3090-gpu0-all/early_window_metrics.jsonl,8.338187217712402,0.952880859375,0.047119140625,0.0,4.878641128540039,0.0,0.22833043336868286,0.8697956800460815,0.0,0.012526341713964939,0.14578035473823547,0.010380594059824944,1.1791518926620483,0.004848591983318329,0.02359132096171379,0.27591660618782043,0.003503199899569154,0.01726006530225277,0.16316623985767365,0.01401280052959919,0.029353035613894463,0.17244595289230347,0.7994028329849243,0.7843483686447144,0.9404147863388062,0.2899068593978882,0.9404147863388062,0.14578035473823547,1.0,0.012526341713964939,1.1791518926620483,0.010380594059824944,0.047119140625,1.0,8192.0,0.952880859375,0.0,0.22833043336868286,4.878641128540039,0.0,0.8697956800460815,0.0,0.0,0.0,0.0,0.27591660618782043,0.004848591983318329,0.02359132096171379
20260702-03-flash-vqg-injection-warmup-screen,3090,baseline-r2,20260702-03-flash-vqg-injection-warmup-screen-baseline-r2-s124-d123-b64ga4-3090-injwarm-3090-gpu0-all,512,[441],zoology/experiments/flash_vqg/scripts/20260702-03-flash-vqg-injection-warmup-screen/outputs/traces/3090/baseline-r2/injwarm-3090-gpu0-all/early_window_metrics.jsonl,6.253812789916992,0.351806640625,0.648193359375,0.804931640625,2.103703260421753,0.0,0.9563798904418945,0.739166259765625,0.0,0.1288445144891739,0.6179680228233337,0.24339377880096436,3.3729233741760254,0.08416881412267685,0.529547929763794,1.659898281097412,0.037106335163116455,0.23135003447532654,0.5163405537605286,0.14842534065246582,0.4708186388015747,0.626621663570404,0.6992338299751282,0.45064666867256165,0.7122973203659058,0.804009735584259,0.7122973203659058,0.6179680228233337,1.0,0.1288445144891739,3.3729233741760254,0.24339377880096436,0.648193359375,1.0,8192.0,0.351806640625,0.804931640625,0.9563798904418945,2.103703260421753,0.0,0.739166259765625,0.0,0.0,0.0,0.0,1.659898281097412,0.08416881412267685,0.529547929763794
20260702-03-flash-vqg-injection-warmup-screen,3090,baseline-r2,20260702-03-flash-vqg-injection-warmup-screen-baseline-r2-s124-d123-b64ga4-3090-injwarm-3090-gpu0-all,704,[441],zoology/experiments/flash_vqg/scripts/20260702-03-flash-vqg-injection-warmup-screen/outputs/traces/3090/baseline-r2/injwarm-3090-gpu0-all/early_window_metrics.jsonl,3.590254306793213,0.7625732421875,0.2374267578125,0.0755615234375,2.5809478759765625,0.0,0.6593368053436279,0.8191187977790833,0.0,0.09370701014995575,0.7647889852523804,0.445950448513031,8.771923065185547,0.12934105098247528,0.9061554670333862,2.2631099224090576,0.0447869598865509,0.30594000220298767,0.4680000841617584,0.1791478395462036,0.4812585711479187,0.5795704126358032,0.7849674820899963,0.7034634351730347,0.6435670256614685,0.9784789085388184,0.6435670256614685,0.7647889852523804,1.0,0.09370701014995575,8.771923065185547,0.445950448513031,0.2374267578125,1.0,8192.0,0.7625732421875,0.0755615234375,0.6593368053436279,2.5809478759765625,0.0,0.8191187977790833,0.0,0.0,0.0,0.0,2.2631099224090576,0.12934105098247528,0.9061554670333862
20260702-03-flash-vqg-injection-warmup-screen,3090,inj-warmup-linear512-r2,20260702-03-flash-vqg-injection-warmup-screen-inj-warmup-linear512-r2-s124-d123-b64ga4-3090-injwarm-3090-gpu0-all,0,[441],zoology/experiments/flash_vqg/scripts/20260702-03-flash-vqg-injection-warmup-screen/outputs/traces/3090/inj-warmup-linear512-r2/injwarm-3090-gpu0-all/early_window_metrics.jsonl,9.038751602172852,0.0,0.0,0.0,0.3420845866203308,0.0,3.4502551555633545,0.023108458146452904,0.0,0.05000000819563866,0.0,0.06290135532617569,0.29540905356407166,0.08179070055484772,0.11187998205423355,0.204389289021492,0.125,0.16616804897785187,0.2910999357700348,0.5,0.5,0.5000000596046448,0.14608624577522278,0.12225420027971268,0.30616942048072815,1.3719041347503662,0.30616942048072815,0.0,0.0,0.05000000819563866,0.29540905356407166,0.06290135532617569,0.0,0.0,8192.0,0.0,0.0,3.4502551555633545,0.3420845866203308,0.0,0.023108458146452904,0.0,0.0,0.0,0.0,0.204389289021492,0.08179070055484772,0.11187998205423355
20260702-03-flash-vqg-injection-warmup-screen,3090,inj-warmup-linear512-r2,20260702-03-flash-vqg-injection-warmup-screen-inj-warmup-linear512-r2-s124-d123-b64ga4-3090-injwarm-3090-gpu0-all,1,[441],zoology/experiments/flash_vqg/scripts/20260702-03-flash-vqg-injection-warmup-screen/outputs/traces/3090/inj-warmup-linear512-r2/injwarm-3090-gpu0-all/early_window_metrics.jsonl,9.038395881652832,0.91278076171875,0.08721923828125,0.09814453125,0.34357917308807373,0.0,3.4486773014068604,0.02315671555697918,0.0,0.05002104490995407,0.00027876897365786135,0.06290288269519806,0.29616597294807434,0.08186876028776169,0.11346948146820068,0.21042057871818542,0.12500573694705963,0.1684430092573166,0.30121803283691406,0.5000228881835938,0.5005237460136414,0.501409113407135,0.15195830166339874,0.1261061131954193,0.3093119263648987,1.370314598083496,0.3093119263648987,0.00027876897365786135,0.001953125,0.05002104490995407,0.29616597294807434,0.06290288269519806,0.08721923828125,1.0,8192.0,0.91278076171875,0.09814453125,3.4486773014068604,0.34357917308807373,0.0,0.02315671555697918,0.0,0.0,0.0,0.0,0.21042057871818542,0.08186876028776169,0.11346948146820068
20260702-03-flash-vqg-injection-warmup-screen,3090,inj-warmup-linear512-r2,20260702-03-flash-vqg-injection-warmup-screen-inj-warmup-linear512-r2-s124-d123-b64ga4-3090-injwarm-3090-gpu0-all,2,[441],zoology/experiments/flash_vqg/scripts/20260702-03-flash-vqg-injection-warmup-screen/outputs/traces/3090/inj-warmup-linear512-r2/injwarm-3090-gpu0-all/early_window_metrics.jsonl,9.03844928741455,0.935302734375,0.064697265625,0.071533203125,0.3443107604980469,0.0,3.4469430446624756,0.023234274238348007,0.0,0.050049521028995514,0.0005524363368749619,0.06289029121398926,0.2899740934371948,0.08196645975112915,0.11482450366020203,0.21527603268623352,0.12501144409179688,0.17060647904872894,0.32093775272369385,0.500045895576477,0.5009811520576477,0.5023024082183838,0.15756765007972717,0.12993110716342926,0.3121735453605652,1.3688023090362549,0.3121735453605652,0.0005524363368749619,0.00390625,0.050049521028995514,0.2899740934371948,0.06289029121398926,0.064697265625,1.0,8192.0,0.935302734375,0.071533203125,3.4469430446624756,0.3443107604980469,0.0,0.023234274238348007,0.0,0.0,0.0,0.0,0.21527603268623352,0.08196645975112915,0.11482450366020203
20260702-03-flash-vqg-injection-warmup-screen,3090,inj-warmup-linear512-r2,20260702-03-flash-vqg-injection-warmup-screen-inj-warmup-linear512-r2-s124-d123-b64ga4-3090-injwarm-3090-gpu0-all,4,[441],zoology/experiments/flash_vqg/scripts/20260702-03-flash-vqg-injection-warmup-screen/outputs/traces/3090/inj-warmup-linear512-r2/injwarm-3090-gpu0-all/early_window_metrics.jsonl,9.03889274597168,0.90240478515625,0.09759521484375,0.1162109375,0.34545087814331055,0.0,3.4425621032714844,0.023492202162742615,0.0,0.05010756477713585,0.0010906633688136935,0.0627368837594986,0.2906631827354431,0.08222149312496185,0.11718254536390305,0.22009821236133575,0.12502843141555786,0.17397356033325195,0.3419983685016632,0.5001137256622314,0.502260684967041,0.5051531195640564,0.1672419309616089,0.13618306815624237,0.3167504072189331,1.3662898540496826,0.3167504072189331,0.0010906633688136935,0.0078125,0.05010756477713585,0.2906631827354431,0.0627368837594986,0.09759521484375,1.0,8192.0,0.90240478515625,0.1162109375,3.4425621032714844,0.34545087814331055,0.0,0.023492202162742615,0.0,0.0,0.0,0.0,0.22009821236133575,0.08222149312496185,0.11718254536390305
20260702-03-flash-vqg-injection-warmup-screen,3090,inj-warmup-linear512-r2,20260702-03-flash-vqg-injection-warmup-screen-inj-warmup-linear512-r2-s124-d123-b64ga4-3090-injwarm-3090-gpu0-all,8,[441],zoology/experiments/flash_vqg/scripts/20260702-03-flash-vqg-injection-warmup-screen/outputs/traces/3090/inj-warmup-linear512-r2/injwarm-3090-gpu0-all/early_window_metrics.jsonl,9.039070129394531,0.8292236328125,0.1707763671875,0.193115234375,0.3501701354980469,0.0,3.4292218685150146,0.02457752637565136,0.0,0.050288572907447815,0.0021746226120740175,0.06085769832134247,0.3117091953754425,0.08262212574481964,0.12034877389669418,0.22513093054294586,0.1251327395439148,0.17823542654514313,0.3393903970718384,0.5005309581756592,0.5056210160255432,0.5127648711204529,0.18146827816963196,0.1458490639925003,0.32220011949539185,1.3630585670471191,0.32220011949539185,0.0021746226120740175,0.015625,0.050288572907447815,0.3117091953754425,0.06085769832134247,0.1707763671875,1.0,8192.0,0.8292236328125,0.193115234375,3.4292218685150146,0.3501701354980469,0.0,0.02457752637565136,0.0,0.0,0.0,0.0,0.22513093054294586,0.08262212574481964,0.12034877389669418
20260702-03-flash-vqg-injection-warmup-screen,3090,inj-warmup-linear512-r2,20260702-03-flash-vqg-injection-warmup-screen-inj-warmup-linear512-r2-s124-d123-b64ga4-3090-injwarm-3090-gpu0-all,16,[441],zoology/experiments/flash_vqg/scripts/20260702-03-flash-vqg-injection-warmup-screen/outputs/traces/3090/inj-warmup-linear512-r2/injwarm-3090-gpu0-all/early_window_metrics.jsonl,9.03658676147461,0.6583251953125,0.3416748046875,0.387939453125,0.3788972795009613,0.0,3.3608288764953613,0.032158639281988144,0.0,0.050872497260570526,0.005156815052032471,0.046093448996543884,0.39760634303092957,0.08238467574119568,0.12196061760187149,0.25032180547714233,0.1254166066646576,0.18257884681224823,0.3112791180610657,0.5016664862632751,0.5119131803512573,0.5252606868743896,0.20070244371891022,0.15960469841957092,0.32739654183387756,1.3598175048828125,0.32739657163619995,0.005156815052032471,0.03125,0.050872497260570526,0.39760634303092957,0.046093448996543884,0.3416748046875,1.0,8192.0,0.6583251953125,0.387939453125,3.3608288764953613,0.3788972795009613,0.0,0.032158639281988144,0.0,0.0,0.0,0.0,0.25032180547714233,0.08238467574119568,0.12196061760187149
20260702-03-flash-vqg-injection-warmup-screen,3090,inj-warmup-linear512-r2,20260702-03-flash-vqg-injection-warmup-screen-inj-warmup-linear512-r2-s124-d123-b64ga4-3090-injwarm-3090-gpu0-all,24,[441],zoology/experiments/flash_vqg/scripts/20260702-03-flash-vqg-injection-warmup-screen/outputs/traces/3090/inj-warmup-linear512-r2/injwarm-3090-gpu0-all/early_window_metrics.jsonl,9.028125762939453,0.6761474609375,0.3238525390625,0.3743896484375,0.42626315355300903,0.0,3.241828680038452,0.04748743027448654,0.0,0.05085396021604538,0.009544865228235722,0.028259841725230217,0.5557340979576111,0.0817103162407875,0.13570308685302734,0.25863581895828247,0.12577083706855774,0.20836952328681946,0.34589263796806335,0.5030834078788757,0.518972635269165,0.5395635366439819,0.2591019868850708,0.20665594935417175,0.3620695471763611,1.3344099521636963,0.3620695471763611,0.009544865228235722,0.046875,0.05085396021604538,0.5557340979576111,0.028259841725230217,0.3238525390625,1.0,8192.0,0.6761474609375,0.3743896484375,3.241828680038452,0.42626315355300903,0.0,0.04748743027448654,0.0,0.0,0.0,0.0,0.25863581895828247,0.0817103162407875,0.13570308685302734
20260702-03-flash-vqg-injection-warmup-screen,3090,inj-warmup-linear512-r2,20260702-03-flash-vqg-injection-warmup-screen-inj-warmup-linear512-r2-s124-d123-b64ga4-3090-injwarm-3090-gpu0-all,32,[441],zoology/experiments/flash_vqg/scripts/20260702-03-flash-vqg-injection-warmup-screen/outputs/traces/3090/inj-warmup-linear512-r2/injwarm-3090-gpu0-all/early_window_metrics.jsonl,9.011551856994629,0.72705078125,0.27294921875,0.3548583984375,0.532152533531189,0.0,3.100527048110962,0.0678432434797287,0.0,0.05093708634376526,0.01799958385527134,0.020494483411312103,0.7567275762557983,0.08089891076087952,0.17469722032546997,0.3271177113056183,0.12582038342952728,0.281103253364563,0.4028798043727875,0.5032815337181091,0.522987961769104,0.548339307308197,0.345232218503952,0.2954423725605011,0.45189017057418823,1.2470160722732544,0.45189017057418823,0.01799958385527134,0.0625,0.05093708634376526,0.7567275762557983,0.020494483411312103,0.27294921875,1.0,8192.0,0.72705078125,0.3548583984375,3.100527048110962,0.532152533531189,0.0,0.0678432434797287,0.0,0.0,0.0,0.0,0.3271177113056183,0.08089891076087952,0.17469722032546997
20260702-03-flash-vqg-injection-warmup-screen,3090,inj-warmup-linear512-r2,20260702-03-flash-vqg-injection-warmup-screen-inj-warmup-linear512-r2-s124-d123-b64ga4-3090-injwarm-3090-gpu0-all,48,[441],zoology/experiments/flash_vqg/scripts/20260702-03-flash-vqg-injection-warmup-screen/outputs/traces/3090/inj-warmup-linear512-r2/injwarm-3090-gpu0-all/early_window_metrics.jsonl,8.906113624572754,0.62060546875,0.37939453125,0.4649658203125,0.9743130207061768,0.0,2.8494207859039307,0.18924206495285034,0.0,0.036505378782749176,0.018876753747463226,0.02081313356757164,2.4110541343688965,0.07742153853178024,0.2853369116783142,0.9527552127838135,0.11830954253673553,0.43528029322624207,0.48567962646484375,0.47323814034461975,0.5294473171234131,0.5655194520950317,0.4968503713607788,0.4682762622833252,0.7881604433059692,0.7335649728775024,0.7881604433059692,0.018876753747463226,0.09375,0.036505378782749176,2.4110541343688965,0.02081313356757164,0.37939453125,1.0,8192.0,0.62060546875,0.4649658203125,2.8494207859039307,0.9743130207061768,0.0,0.18924206495285034,0.0,0.0,0.0,0.0,0.9527552127838135,0.07742153853178024,0.2853369116783142
20260702-03-flash-vqg-injection-warmup-screen,3090,inj-warmup-linear512-r2,20260702-03-flash-vqg-injection-warmup-screen-inj-warmup-linear512-r2-s124-d123-b64ga4-3090-injwarm-3090-gpu0-all,64,[441],zoology/experiments/flash_vqg/scripts/20260702-03-flash-vqg-injection-warmup-screen/outputs/traces/3090/inj-warmup-linear512-r2/injwarm-3090-gpu0-all/early_window_metrics.jsonl,8.702645301818848,0.77142333984375,0.22857666015625,0.25439453125,0.5905859470367432,0.0,3.1468567848205566,0.22585201263427734,0.0,0.014958036132156849,0.00887093786150217,0.02535570040345192,1.9613521099090576,0.0716327428817749,0.2855359613895416,0.7496106624603271,0.11263827979564667,0.4300856590270996,0.4922107458114624,0.45055311918258667,0.5197994112968445,0.5671524405479431,0.5832387208938599,0.5744312405586243,0.8742382526397705,0.513610303401947,0.8742381930351257,0.00887093786150217,0.125,0.014958036132156849,1.9613521099090576,0.02535570040345192,0.22857666015625,1.0,8192.0,0.77142333984375,0.25439453125,3.1468567848205566,0.5905859470367432,0.0,0.22585201263427734,0.0,0.0,0.0,0.0,0.7496106624603271,0.0716327428817749,0.2855359613895416
20260702-03-flash-vqg-injection-warmup-screen,3090,inj-warmup-linear512-r2,20260702-03-flash-vqg-injection-warmup-screen-inj-warmup-linear512-r2-s124-d123-b64ga4-3090-injwarm-3090-gpu0-all,96,[441],zoology/experiments/flash_vqg/scripts/20260702-03-flash-vqg-injection-warmup-screen/outputs/traces/3090/inj-warmup-linear512-r2/injwarm-3090-gpu0-all/early_window_metrics.jsonl,8.528580665588379,0.70233154296875,0.29766845703125,0.2998046875,0.9385124444961548,0.0,2.7134788036346436,0.33580195903778076,0.0,0.008286266587674618,0.010521067306399345,0.02877059206366539,1.9701570272445679,0.08866014331579208,0.37010589241981506,0.7944572567939758,0.1300395429134369,0.501620888710022,0.574313759803772,0.5201581716537476,0.5757277607917786,0.6302269697189331,0.7046903967857361,0.6982138752937317,0.904988169670105,0.4157053232192993,0.904988169670105,0.010521067306399345,0.1875,0.008286266587674618,1.9701570272445679,0.02877059206366539,0.29766845703125,1.0,8192.0,0.70233154296875,0.2998046875,2.7134788036346436,0.9385124444961548,0.0,0.33580195903778076,0.0,0.0,0.0,0.0,0.7944572567939758,0.08866014331579208,0.37010589241981506
20260702-03-flash-vqg-injection-warmup-screen,3090,inj-warmup-linear512-r2,20260702-03-flash-vqg-injection-warmup-screen-inj-warmup-linear512-r2-s124-d123-b64ga4-3090-injwarm-3090-gpu0-all,128,[441],zoology/experiments/flash_vqg/scripts/20260702-03-flash-vqg-injection-warmup-screen/outputs/traces/3090/inj-warmup-linear512-r2/injwarm-3090-gpu0-all/early_window_metrics.jsonl,8.46475887298584,0.57525634765625,0.42474365234375,0.43798828125,1.1781091690063477,0.0,2.4588797092437744,0.40840214490890503,0.0,0.007019524462521076,0.03427732363343239,0.027110207825899124,2.135087490081787,0.07559818029403687,0.34775906801223755,0.6057658195495605,0.14423929154872894,0.6056358814239502,0.6859992742538452,0.5769571661949158,0.6817329525947571,0.7376645803451538,0.7675825953483582,0.7635521292686462,0.9278143644332886,0.3369786739349365,0.9278143644332886,0.03427732363343239,0.25,0.007019524462521076,2.135087490081787,0.027110207825899124,0.42474365234375,1.0,8192.0,0.57525634765625,0.43798828125,2.4588797092437744,1.1781091690063477,0.0,0.40840214490890503,0.0,0.0,0.0,0.0,0.6057658195495605,0.07559818029403687,0.34775906801223755
20260702-03-flash-vqg-injection-warmup-screen,3090,inj-warmup-linear512-r2,20260702-03-flash-vqg-injection-warmup-screen-inj-warmup-linear512-r2-s124-d123-b64ga4-3090-injwarm-3090-gpu0-all,192,[441],zoology/experiments/flash_vqg/scripts/20260702-03-flash-vqg-injection-warmup-screen/outputs/traces/3090/inj-warmup-linear512-r2/injwarm-3090-gpu0-all/early_window_metrics.jsonl,8.415276527404785,0.88751220703125,0.11248779296875,0.1634521484375,0.6632027626037598,0.0,2.122976779937744,0.46367591619491577,0.0,0.04366379976272583,0.030799785628914833,0.05108978599309921,4.905410289764404,0.12223144620656967,0.6540546417236328,2.4731438159942627,0.14123263955116272,0.6516663432121277,0.8101305961608887,0.5649305582046509,0.8067529201507568,0.8598665595054626,0.7961486577987671,0.7909532785415649,0.9389750957489014,0.2957245111465454,0.9389750957489014,0.030799785628914833,0.375,0.04366379976272583,4.905410289764404,0.05108978599309921,0.11248779296875,1.0,8192.0,0.88751220703125,0.1634521484375,2.122976779937744,0.6632027626037598,0.0,0.46367591619491577,0.0,0.0,0.0,0.0,2.4731438159942627,0.12223144620656967,0.6540546417236328
20260702-03-flash-vqg-injection-warmup-screen,3090,inj-warmup-linear512-r2,20260702-03-flash-vqg-injection-warmup-screen-inj-warmup-linear512-r2-s124-d123-b64ga4-3090-injwarm-3090-gpu0-all,256,[441],zoology/experiments/flash_vqg/scripts/20260702-03-flash-vqg-injection-warmup-screen/outputs/traces/3090/inj-warmup-linear512-r2/injwarm-3090-gpu0-all/early_window_metrics.jsonl,8.375106811523438,0.7459716796875,0.2540283203125,0.3797607421875,1.420936107635498,0.0,1.9005355834960938,0.5310697555541992,0.0,0.49613213539123535,0.4728381037712097,0.05888477712869644,7.212889194488525,0.13938060402870178,0.9667272567749023,4.098621845245361,0.12789607048034668,0.807380735874176,0.8704410195350647,0.5115842819213867,0.908556342124939,0.9285061955451965,0.7989763617515564,0.7940038442611694,0.9406495094299316,0.28931888937950134,0.9406495094299316,0.4728381037712097,0.5,0.49613213539123535,7.212889194488525,0.05888477712869644,0.2540283203125,1.0,8192.0,0.7459716796875,0.3797607421875,1.9005355834960938,1.420936107635498,0.0,0.5310697555541992,0.0,0.0,0.0,0.0,4.098621845245361,0.13938060402870178,0.9667272567749023
20260702-03-flash-vqg-injection-warmup-screen,3090,inj-warmup-linear512-r2,20260702-03-flash-vqg-injection-warmup-screen-inj-warmup-linear512-r2-s124-d123-b64ga4-3090-injwarm-3090-gpu0-all,384,[441],zoology/experiments/flash_vqg/scripts/20260702-03-flash-vqg-injection-warmup-screen/outputs/traces/3090/inj-warmup-linear512-r2/injwarm-3090-gpu0-all/early_window_metrics.jsonl,5.401387691497803,0.8031005859375,0.1968994140625,0.1690673828125,1.2739107608795166,0.0,2.236205816268921,0.4892932176589966,0.0,0.8757692575454712,0.7514359951019287,0.1467832326889038,14.313267707824707,0.2611289322376251,1.8951799869537354,12.027366638183594,0.12778586149215698,0.9340203404426575,0.9391879439353943,0.5111434459686279,0.9976158738136292,0.9991424083709717,0.724440336227417,0.4332371950149536,0.8419551849365234,0.5223280191421509,0.8419551849365234,0.7514359951019287,0.75,0.8757692575454712,14.313267707824707,0.1467832326889038,0.1968994140625,1.0,8192.0,0.8031005859375,0.1690673828125,2.236205816268921,1.2739107608795166,0.0,0.4892932176589966,0.0,0.0,0.0,0.0,12.027366638183594,0.2611289322376251,1.8951799869537354
20260702-03-flash-vqg-injection-warmup-screen,3090,inj-warmup-linear512-r2,20260702-03-flash-vqg-injection-warmup-screen-inj-warmup-linear512-r2-s124-d123-b64ga4-3090-injwarm-3090-gpu0-all,512,[441],zoology/experiments/flash_vqg/scripts/20260702-03-flash-vqg-injection-warmup-screen/outputs/traces/3090/inj-warmup-linear512-r2/injwarm-3090-gpu0-all/early_window_metrics.jsonl,2.0870399475097656,0.79150390625,0.20849609375,0.12255859375,1.1384705305099487,0.0,2.107339859008789,0.524376630783081,0.0,0.8395830392837524,0.5815587043762207,0.19191785156726837,28.420490264892578,0.31836915016174316,2.473583459854126,17.500852584838867,0.12375722825527191,0.9354730844497681,0.9410805106163025,0.49502891302108765,0.9974848031997681,0.999056339263916,0.7304947376251221,0.3806394338607788,0.8379552960395813,0.5537614226341248,0.8379552960395813,0.5815587043762207,1.0,0.8395830392837524,28.420490264892578,0.19191785156726837,0.20849609375,1.0,8192.0,0.79150390625,0.12255859375,2.107339859008789,1.1384705305099487,0.0,0.524376630783081,0.0,0.0,0.0,0.0,17.500852584838867,0.31836915016174316,2.473583459854126
20260702-03-flash-vqg-injection-warmup-screen,3090,inj-warmup-linear512-r2,20260702-03-flash-vqg-injection-warmup-screen-inj-warmup-linear512-r2-s124-d123-b64ga4-3090-injwarm-3090-gpu0-all,704,[441],zoology/experiments/flash_vqg/scripts/20260702-03-flash-vqg-injection-warmup-screen/outputs/traces/3090/inj-warmup-linear512-r2/injwarm-3090-gpu0-all/early_window_metrics.jsonl,1.5014320611953735,0.85443115234375,0.14556884765625,0.01904296875,1.2931708097457886,0.0,1.9384111166000366,0.5607131719589233,0.0,0.7860192060470581,0.4376775920391083,0.20703095197677612,36.298648834228516,0.42723411321640015,3.587515354156494,20.276155471801758,0.12318610399961472,0.936147928237915,0.9424212574958801,0.4927443861961365,0.9966724514961243,0.9988198280334473,0.7553343772888184,0.5408565402030945,0.8319521546363831,0.5721697807312012,0.8319520950317383,0.4376775920391083,1.0,0.7860192060470581,36.298648834228516,0.20703095197677612,0.14556884765625,1.0,8192.0,0.85443115234375,0.01904296875,1.9384111166000366,1.2931708097457886,0.0,0.5607131719589233,0.0,0.0,0.0,0.0,20.276155471801758,0.42723411321640015,3.587515354156494
20260702-03-flash-vqg-injection-warmup-screen,3090,inj-warmup-silent64-linear512-r2,20260702-03-flash-vqg-injection-warmup-screen-inj-warmup-silent64-linear512-r2-s124-d123-b64ga4-3090-injwarm-3090-gpu0-all,0,[441],zoology/experiments/flash_vqg/scripts/20260702-03-flash-vqg-injection-warmup-screen/outputs/traces/3090/inj-warmup-silent64-linear512-r2/injwarm-3090-gpu0-all/early_window_metrics.jsonl,9.038751602172852,0.0,0.0,0.0,0.3420845866203308,0.0,3.4502551555633545,0.023108458146452904,0.0,0.05000000819563866,0.0,0.06290135532617569,0.29540905356407166,0.08179070055484772,0.11187998205423355,0.204389289021492,0.125,0.16616804897785187,0.2910999357700348,0.5,0.5,0.5000000596046448,0.14608624577522278,0.12225420027971268,0.30616942048072815,1.3719041347503662,0.30616942048072815,0.0,0.0,0.05000000819563866,0.29540905356407166,0.06290135532617569,0.0,0.0,8192.0,0.0,0.0,3.4502551555633545,0.3420845866203308,0.0,0.023108458146452904,0.0,0.0,0.0,0.0,0.204389289021492,0.08179070055484772,0.11187998205423355
20260702-03-flash-vqg-injection-warmup-screen,3090,inj-warmup-silent64-linear512-r2,20260702-03-flash-vqg-injection-warmup-screen-inj-warmup-silent64-linear512-r2-s124-d123-b64ga4-3090-injwarm-3090-gpu0-all,1,[441],zoology/experiments/flash_vqg/scripts/20260702-03-flash-vqg-injection-warmup-screen/outputs/traces/3090/inj-warmup-silent64-linear512-r2/injwarm-3090-gpu0-all/early_window_metrics.jsonl,9.038395881652832,0.91278076171875,0.08721923828125,0.09814453125,0.3435797691345215,0.0,3.4486782550811768,0.023156676441431046,0.0,0.05001399666070938,0.0,0.0629001036286354,0.29611441493034363,0.08186506479978561,0.11346343159675598,0.21047690510749817,0.125,0.16840584576129913,0.3012634515762329,0.5,0.5,0.5000000596046448,0.15195831656455994,0.12610608339309692,0.30931195616722107,1.3703147172927856,0.30931195616722107,0.0,0.0,0.05001399666070938,0.29611441493034363,0.0629001036286354,0.08721923828125,1.0,8192.0,0.91278076171875,0.09814453125,3.4486782550811768,0.3435797691345215,0.0,0.023156676441431046,0.0,0.0,0.0,0.0,0.21047690510749817,0.08186506479978561,0.11346343159675598
20260702-03-flash-vqg-injection-warmup-screen,3090,inj-warmup-silent64-linear512-r2,20260702-03-flash-vqg-injection-warmup-screen-inj-warmup-silent64-linear512-r2-s124-d123-b64ga4-3090-injwarm-3090-gpu0-all,2,[441],zoology/experiments/flash_vqg/scripts/20260702-03-flash-vqg-injection-warmup-screen/outputs/traces/3090/inj-warmup-silent64-linear512-r2/injwarm-3090-gpu0-all/early_window_metrics.jsonl,9.038450241088867,0.935302734375,0.064697265625,0.0712890625,0.3443114161491394,0.0,3.446943759918213,0.023234229534864426,0.0,0.05002797022461891,0.0,0.06288467347621918,0.28972047567367554,0.08195903897285461,0.11483525484800339,0.2153632640838623,0.125,0.17060326039791107,0.32218459248542786,0.5,0.5,0.5000001192092896,0.15756765007972717,0.12993139028549194,0.3121735155582428,1.3688023090362549,0.3121735155582428,0.0,0.0,0.05002797022461891,0.28972047567367554,0.06288467347621918,0.064697265625,1.0,8192.0,0.935302734375,0.0712890625,3.446943759918213,0.3443114161491394,0.0,0.023234229534864426,0.0,0.0,0.0,0.0,0.2153632640838623,0.08195903897285461,0.11483525484800339
20260702-03-flash-vqg-injection-warmup-screen,3090,inj-warmup-silent64-linear512-r2,20260702-03-flash-vqg-injection-warmup-screen-inj-warmup-silent64-linear512-r2-s124-d123-b64ga4-3090-injwarm-3090-gpu0-all,4,[441],zoology/experiments/flash_vqg/scripts/20260702-03-flash-vqg-injection-warmup-screen/outputs/traces/3090/inj-warmup-silent64-linear512-r2/injwarm-3090-gpu0-all/early_window_metrics.jsonl,9.03889274597168,0.90240478515625,0.09759521484375,0.1162109375,0.345451295375824,0.0,3.442563056945801,0.02349216677248478,0.0,0.05005597695708275,0.0,0.0627230629324913,0.29067522287368774,0.08220350742340088,0.11720309406518936,0.22085465490818024,0.125,0.1739465594291687,0.3446378707885742,0.5,0.5,0.5000000596046448,0.16724194586277008,0.13618336617946625,0.3167504370212555,1.3662898540496826,0.3167504370212555,0.0,0.0,0.05005597695708275,0.29067522287368774,0.0627230629324913,0.09759521484375,1.0,8192.0,0.90240478515625,0.1162109375,3.442563056945801,0.345451295375824,0.0,0.02349216677248478,0.0,0.0,0.0,0.0,0.22085465490818024,0.08220350742340088,0.11720309406518936
20260702-03-flash-vqg-injection-warmup-screen,3090,inj-warmup-silent64-linear512-r2,20260702-03-flash-vqg-injection-warmup-screen-inj-warmup-silent64-linear512-r2-s124-d123-b64ga4-3090-injwarm-3090-gpu0-all,8,[441],zoology/experiments/flash_vqg/scripts/20260702-03-flash-vqg-injection-warmup-screen/outputs/traces/3090/inj-warmup-silent64-linear512-r2/injwarm-3090-gpu0-all/early_window_metrics.jsonl,9.039070129394531,0.82928466796875,0.17071533203125,0.1929931640625,0.3501703441143036,0.0,3.4292240142822266,0.02457703836262226,0.0,0.05011199414730072,0.0,0.06079554557800293,0.3126169443130493,0.08253705501556396,0.12025796622037888,0.22574834525585175,0.125,0.17802000045776367,0.34391385316848755,0.5,0.5,0.5000000596046448,0.18146830797195435,0.14584890007972717,0.3222001791000366,1.3630585670471191,0.3222001791000366,0.0,0.0,0.05011199414730072,0.3126169443130493,0.06079554557800293,0.17071533203125,1.0,8192.0,0.82928466796875,0.1929931640625,3.4292240142822266,0.3501703441143036,0.0,0.02457703836262226,0.0,0.0,0.0,0.0,0.22574834525585175,0.08253705501556396,0.12025796622037888
20260702-03-flash-vqg-injection-warmup-screen,3090,inj-warmup-silent64-linear512-r2,20260702-03-flash-vqg-injection-warmup-screen-inj-warmup-silent64-linear512-r2-s124-d123-b64ga4-3090-injwarm-3090-gpu0-all,16,[441],zoology/experiments/flash_vqg/scripts/20260702-03-flash-vqg-injection-warmup-screen/outputs/traces/3090/inj-warmup-silent64-linear512-r2/injwarm-3090-gpu0-all/early_window_metrics.jsonl,9.036585807800293,0.65850830078125,0.34149169921875,0.387939453125,0.3788905739784241,0.0,3.360841751098633,0.0321568101644516,0.0,0.050224121659994125,0.0,0.04596797749400139,0.39798855781555176,0.08211740851402283,0.12157826125621796,0.2503795921802521,0.125,0.18186123669147491,0.3112982511520386,0.5,0.5,0.5000000596046448,0.20070235431194305,0.1596049964427948,0.3273963928222656,1.359817624092102,0.3273963928222656,0.0,0.0,0.050224121659994125,0.39798855781555176,0.04596797749400139,0.34149169921875,1.0,8192.0,0.65850830078125,0.387939453125,3.360841751098633,0.3788905739784241,0.0,0.0321568101644516,0.0,0.0,0.0,0.0,0.2503795921802521,0.08211740851402283,0.12157826125621796
20260702-03-flash-vqg-injection-warmup-screen,3090,inj-warmup-silent64-linear512-r2,20260702-03-flash-vqg-injection-warmup-screen-inj-warmup-silent64-linear512-r2-s124-d123-b64ga4-3090-injwarm-3090-gpu0-all,24,[441],zoology/experiments/flash_vqg/scripts/20260702-03-flash-vqg-injection-warmup-screen/outputs/traces/3090/inj-warmup-silent64-linear512-r2/injwarm-3090-gpu0-all/early_window_metrics.jsonl,9.028125762939453,0.676025390625,0.323974609375,0.37451171875,0.42622655630111694,0.0,3.2419092655181885,0.047521475702524185,0.0,0.050336405634880066,0.0,0.02812918834388256,0.5529885292053223,0.08121346682310104,0.13521292805671692,0.26448413729667664,0.125,0.2076987326145172,0.3450571596622467,0.5,0.5,0.5000001192092896,0.259101539850235,0.20665521919727325,0.3620689809322357,1.3344104290008545,0.3620689809322357,0.0,0.0,0.050336405634880066,0.5529885292053223,0.02812918834388256,0.323974609375,1.0,8192.0,0.676025390625,0.37451171875,3.2419092655181885,0.42622655630111694,0.0,0.047521475702524185,0.0,0.0,0.0,0.0,0.26448413729667664,0.08121346682310104,0.13521292805671692
20260702-03-flash-vqg-injection-warmup-screen,3090,inj-warmup-silent64-linear512-r2,20260702-03-flash-vqg-injection-warmup-screen-inj-warmup-silent64-linear512-r2-s124-d123-b64ga4-3090-injwarm-3090-gpu0-all,32,[441],zoology/experiments/flash_vqg/scripts/20260702-03-flash-vqg-injection-warmup-screen/outputs/traces/3090/inj-warmup-silent64-linear512-r2/injwarm-3090-gpu0-all/early_window_metrics.jsonl,9.011553764343262,0.7274169921875,0.2725830078125,0.3544921875,0.5318284034729004,0.0,3.1007790565490723,0.06791326403617859,0.0,0.05044883117079735,0.0,0.020353568717837334,0.7533019185066223,0.08038011193275452,0.17444075644016266,0.3273233473300934,0.125,0.28125667572021484,0.39677366614341736,0.5,0.5,0.5000000596046448,0.34523168206214905,0.29544082283973694,0.4518883526325226,1.2470180988311768,0.45188838243484497,0.0,0.0,0.05044883117079735,0.7533019185066223,0.020353568717837334,0.2725830078125,1.0,8192.0,0.7274169921875,0.3544921875,3.1007790565490723,0.5318284034729004,0.0,0.06791326403617859,0.0,0.0,0.0,0.0,0.3273233473300934,0.08038011193275452,0.17444075644016266
20260702-03-flash-vqg-injection-warmup-screen,3090,inj-warmup-silent64-linear512-r2,20260702-03-flash-vqg-injection-warmup-screen-inj-warmup-silent64-linear512-r2-s124-d123-b64ga4-3090-injwarm-3090-gpu0-all,48,[441],zoology/experiments/flash_vqg/scripts/20260702-03-flash-vqg-injection-warmup-screen/outputs/traces/3090/inj-warmup-silent64-linear512-r2/injwarm-3090-gpu0-all/early_window_metrics.jsonl,8.906110763549805,0.62030029296875,0.37969970703125,0.4617919921875,0.9625965356826782,0.0,2.858086347579956,0.18909196555614471,0.0,0.050674136728048325,0.0,0.02141028270125389,2.3406553268432617,0.08160489797592163,0.2855462431907654,0.7696628570556641,0.125,0.42541882395744324,0.43602779507637024,0.5,0.5000000596046448,0.5000000596046448,0.49685096740722656,0.4682776927947998,0.7881627082824707,0.7335604429244995,0.7881627082824707,0.0,0.0,0.050674136728048325,2.3406553268432617,0.02141028270125389,0.37969970703125,1.0,8192.0,0.62030029296875,0.4617919921875,2.858086347579956,0.9625965356826782,0.0,0.18909196555614471,0.0,0.0,0.0,0.0,0.7696628570556641,0.08160489797592163,0.2855462431907654
20260702-03-flash-vqg-injection-warmup-screen,3090,inj-warmup-silent64-linear512-r2,20260702-03-flash-vqg-injection-warmup-screen-inj-warmup-silent64-linear512-r2-s124-d123-b64ga4-3090-injwarm-3090-gpu0-all,64,[441],zoology/experiments/flash_vqg/scripts/20260702-03-flash-vqg-injection-warmup-screen/outputs/traces/3090/inj-warmup-silent64-linear512-r2/injwarm-3090-gpu0-all/early_window_metrics.jsonl,8.702651977539062,0.768310546875,0.231689453125,0.2689208984375,0.5647532939910889,0.0,3.172661781311035,0.2198588103055954,0.0,0.050900038331747055,0.0,0.02632499486207962,2.1016135215759277,0.07944586873054504,0.3075743615627289,0.7773016691207886,0.125,0.4439534842967987,0.45079517364501953,0.5,0.5000000596046448,0.5000000596046448,0.5832390785217285,0.5744335651397705,0.8742396831512451,0.5136062502861023,0.8742396831512451,0.0,0.0,0.050900038331747055,2.1016135215759277,0.02632499486207962,0.231689453125,1.0,8192.0,0.768310546875,0.2689208984375,3.172661781311035,0.5647532939910889,0.0,0.2198588103055954,0.0,0.0,0.0,0.0,0.7773016691207886,0.07944586873054504,0.3075743615627289
20260702-03-flash-vqg-injection-warmup-screen,3090,inj-warmup-silent64-linear512-r2,20260702-03-flash-vqg-injection-warmup-screen-inj-warmup-silent64-linear512-r2-s124-d123-b64ga4-3090-injwarm-3090-gpu0-all,96,[441],zoology/experiments/flash_vqg/scripts/20260702-03-flash-vqg-injection-warmup-screen/outputs/traces/3090/inj-warmup-silent64-linear512-r2/injwarm-3090-gpu0-all/early_window_metrics.jsonl,8.528587341308594,0.6929931640625,0.3070068359375,0.311279296875,0.9342130422592163,0.0,2.7143969535827637,0.3328700661659241,0.0,0.020933203399181366,0.00898057036101818,0.030572257936000824,2.041037082672119,0.12516620755195618,0.5282240509986877,1.085473895072937,0.17810189723968506,0.7337578535079956,0.7861310243606567,0.7124075889587402,0.8491895198822021,0.8714025020599365,0.7046907544136047,0.6982149481773376,0.90498948097229,0.41570135951042175,0.90498948097229,0.00898057036101818,0.0714285746216774,0.020933203399181366,2.041037082672119,0.030572257936000824,0.3070068359375,1.0,8192.0,0.6929931640625,0.311279296875,2.7143969535827637,0.9342130422592163,0.0,0.3328700661659241,0.0,0.0,0.0,0.0,1.085473895072937,0.12516620755195618,0.5282240509986877
20260702-03-flash-vqg-injection-warmup-screen,3090,inj-warmup-silent64-linear512-r2,20260702-03-flash-vqg-injection-warmup-screen-inj-warmup-silent64-linear512-r2-s124-d123-b64ga4-3090-injwarm-3090-gpu0-all,128,[441],zoology/experiments/flash_vqg/scripts/20260702-03-flash-vqg-injection-warmup-screen/outputs/traces/3090/inj-warmup-silent64-linear512-r2/injwarm-3090-gpu0-all/early_window_metrics.jsonl,8.464591979980469,0.59075927734375,0.40924072265625,0.4140625,1.7209720611572266,0.0,2.155832290649414,0.4608333110809326,0.0,0.01513337530195713,0.04070240631699562,0.031116029247641563,2.3962817192077637,0.10707470774650574,0.5034458637237549,0.952306866645813,0.20217415690422058,0.8439924716949463,0.8966021537780762,0.8086966276168823,0.9556169509887695,0.966535210609436,0.7675840854644775,0.7635539770126343,0.9278157949447632,0.33697399497032166,0.9278157949447632,0.04070240631699562,0.1428571492433548,0.01513337530195713,2.3962817192077637,0.031116029247641563,0.40924072265625,1.0,8192.0,0.59075927734375,0.4140625,2.155832290649414,1.7209720611572266,0.0,0.4608333110809326,0.0,0.0,0.0,0.0,0.952306866645813,0.10707470774650574,0.5034458637237549
20260702-03-flash-vqg-injection-warmup-screen,3090,inj-warmup-silent64-linear512-r2,20260702-03-flash-vqg-injection-warmup-screen-inj-warmup-silent64-linear512-r2-s124-d123-b64ga4-3090-injwarm-3090-gpu0-all,192,[441],zoology/experiments/flash_vqg/scripts/20260702-03-flash-vqg-injection-warmup-screen/outputs/traces/3090/inj-warmup-silent64-linear512-r2/injwarm-3090-gpu0-all/early_window_metrics.jsonl,8.411492347717285,0.8077392578125,0.1922607421875,0.1318359375,2.478142261505127,0.0,1.9109028577804565,0.5094542503356934,0.0,0.4740283787250519,0.6068097352981567,0.03961951285600662,3.4232001304626465,0.08555209636688232,0.5396724343299866,2.2665867805480957,0.11282806098461151,0.6761170625686646,0.8532149195671082,0.45131224393844604,0.7989621758460999,0.9076937437057495,0.79533851146698,0.7910503149032593,0.9393067359924316,0.2944449782371521,0.9393067359924316,0.6068097352981567,0.2857142984867096,0.4740283787250519,3.4232001304626465,0.03961951285600662,0.1922607421875,1.0,8192.0,0.8077392578125,0.1318359375,1.9109028577804565,2.478142261505127,0.0,0.5094542503356934,0.0,0.0,0.0,0.0,2.2665867805480957,0.08555209636688232,0.5396724343299866
20260702-03-flash-vqg-injection-warmup-screen,3090,inj-warmup-silent64-linear512-r2,20260702-03-flash-vqg-injection-warmup-screen-inj-warmup-silent64-linear512-r2-s124-d123-b64ga4-3090-injwarm-3090-gpu0-all,256,[441],zoology/experiments/flash_vqg/scripts/20260702-03-flash-vqg-injection-warmup-screen/outputs/traces/3090/inj-warmup-silent64-linear512-r2/injwarm-3090-gpu0-all/early_window_metrics.jsonl,8.365906715393066,0.64227294921875,0.35772705078125,0.4385986328125,2.241387128829956,0.0,1.4438170194625854,0.6731637716293335,0.0,0.48681288957595825,1.4809651374816895,0.07203520834445953,6.646708011627197,0.10231518000364304,0.6472969055175781,2.5742387771606445,0.07447005808353424,0.4395143985748291,0.8865273594856262,0.29788023233413696,0.8864834904670715,0.9492308497428894,0.7361140251159668,0.5222304463386536,0.909512460231781,0.38244640827178955,0.909512460231781,1.4809651374816895,0.4285714328289032,0.48681288957595825,6.646708011627197,0.07203520834445953,0.35772705078125,1.0,8192.0,0.64227294921875,0.4385986328125,1.4438170194625854,2.241387128829956,0.0,0.6731637716293335,0.0,0.0,0.0,0.0,2.5742387771606445,0.10231518000364304,0.6472969055175781
20260702-03-flash-vqg-injection-warmup-screen,3090,inj-warmup-silent64-linear512-r2,20260702-03-flash-vqg-injection-warmup-screen-inj-warmup-silent64-linear512-r2-s124-d123-b64ga4-3090-injwarm-3090-gpu0-all,384,[441],zoology/experiments/flash_vqg/scripts/20260702-03-flash-vqg-injection-warmup-screen/outputs/traces/3090/inj-warmup-silent64-linear512-r2/injwarm-3090-gpu0-all/early_window_metrics.jsonl,2.7563600540161133,0.4727783203125,0.5272216796875,0.521728515625,2.3165793418884277,0.0,1.1503732204437256,0.6845300197601318,0.0,0.20135775208473206,0.34502434730529785,0.548811674118042,5.049141883850098,0.14760388433933258,1.0209392309188843,3.2713100910186768,0.08229857683181763,0.4669650197029114,0.8929362297058105,0.3291943073272705,0.883918821811676,0.9515292048454285,0.7215067148208618,0.33917236328125,0.83635413646698,0.5527248978614807,0.83635413646698,0.34502434730529785,0.7142857313156128,0.20135775208473206,5.049141883850098,0.548811674118042,0.5272216796875,1.0,8192.0,0.4727783203125,0.521728515625,1.1503732204437256,2.3165793418884277,0.0,0.6845300197601318,0.0,0.0,0.0,0.0,3.2713100910186768,0.14760388433933258,1.0209392309188843
20260702-03-flash-vqg-injection-warmup-screen,3090,inj-warmup-silent64-linear512-r2,20260702-03-flash-vqg-injection-warmup-screen-inj-warmup-silent64-linear512-r2-s124-d123-b64ga4-3090-injwarm-3090-gpu0-all,512,[441],zoology/experiments/flash_vqg/scripts/20260702-03-flash-vqg-injection-warmup-screen/outputs/traces/3090/inj-warmup-silent64-linear512-r2/injwarm-3090-gpu0-all/early_window_metrics.jsonl,1.7259025573730469,0.76312255859375,0.23687744140625,0.0235595703125,2.2663705348968506,0.0,1.3508840799331665,0.6499727368354797,0.0,0.1341496706008911,0.3279734253883362,0.60720294713974,5.56611967086792,0.11530955880880356,0.5298675298690796,2.545736074447632,0.05643001198768616,0.35369157791137695,0.6786550879478455,0.22572003304958344,0.5324727296829224,0.7220203876495361,0.7454236745834351,0.4247332811355591,0.8378467559814453,0.5555896759033203,0.8378467559814453,0.3279734253883362,1.0,0.1341496706008911,5.56611967086792,0.60720294713974,0.23687744140625,1.0,8192.0,0.76312255859375,0.0235595703125,1.3508840799331665,2.2663705348968506,0.0,0.6499727368354797,0.0,0.0,0.0,0.0,2.545736074447632,0.11530955880880356,0.5298675298690796
20260702-03-flash-vqg-injection-warmup-screen,3090,inj-warmup-silent64-linear512-r2,20260702-03-flash-vqg-injection-warmup-screen-inj-warmup-silent64-linear512-r2-s124-d123-b64ga4-3090-injwarm-3090-gpu0-all,704,[441],zoology/experiments/flash_vqg/scripts/20260702-03-flash-vqg-injection-warmup-screen/outputs/traces/3090/inj-warmup-silent64-linear512-r2/injwarm-3090-gpu0-all/early_window_metrics.jsonl,1.4401098489761353,0.83282470703125,0.16717529296875,0.014892578125,2.3560986518859863,0.0,1.3368635177612305,0.655098021030426,0.0,0.126002699136734,0.28687986731529236,0.6118602752685547,5.826161861419678,0.16845877468585968,0.7904866933822632,2.5132155418395996,0.08623198419809341,0.46970999240875244,0.8501813411712646,0.34492793679237366,0.7672126889228821,0.9023348093032837,0.7652510404586792,0.5520448684692383,0.8268728256225586,0.5776512622833252,0.8268728256225586,0.28687986731529236,1.0,0.126002699136734,5.826161861419678,0.6118602752685547,0.16717529296875,1.0,8192.0,0.83282470703125,0.014892578125,1.3368635177612305,2.3560986518859863,0.0,0.655098021030426,0.0,0.0,0.0,0.0,2.5132155418395996,0.16845877468585968,0.7904866933822632
