early_window/attn/gd_residual_beta_bounded_active,early_window/attn/gd_residual_beta_cap_active,early_window/attn/gd_residual_beta_effective_cap,early_window/attn/gd_residual_beta_effective_high,early_window/attn/gd_residual_beta_effective_low,early_window/attn/gd_residual_beta_logits_abs_max,early_window/attn/gd_residual_beta_logits_abs_mean,early_window/attn/gd_residual_beta_max,early_window/attn/gd_residual_beta_mean,early_window/attn/gd_residual_beta_near_high_ratio,early_window/attn/gd_residual_beta_near_low_ratio,early_window/attn/gd_residual_beta_sigmoid_slope_mean,early_window/attn/gd_residual_beta_sigmoid_temp,early_window/attn/gd_residual_inject_ratio,early_window/attn/gd_residual_lambda_mean,early_window/attn/gd_residual_m_norm_max,early_window/attn/gd_residual_m_norm_mean,early_window/attn/gd_residual_mu_valid_ratio,early_window/attn/gd_residual_raw_topk_mass_mean,early_window/attn/gd_residual_raw_topk_mass_p05,early_window/attn/gd_residual_read_candidate_churn_mean,early_window/attn/gd_residual_read_candidate_has_prev,early_window/attn/gd_residual_read_candidate_probe_count,early_window/attn/gd_residual_read_candidate_retention_mean,early_window/attn/gd_residual_read_candidate_top1_flip_rate,early_window/attn/gd_residual_read_entropy_mean,early_window/attn/gd_residual_read_margin_top1_top2_mean,early_window/attn/gd_residual_read_margin_top1_top2_p05,early_window/attn/gd_residual_read_selected_mass_mean,early_window/attn/gd_residual_read_selected_mass_p05,early_window/attn/gd_residual_remote_read_topk_effective,early_window/attn/gd_residual_sum_zeta_max,early_window/attn/gd_residual_sum_zeta_mean,early_window/attn/gd_residual_sum_zeta_p95,early_window/attn/gd_residual_uncapped_sum_zeta_max,early_window/attn/gd_residual_uncapped_sum_zeta_mean,early_window/attn/gd_residual_uncapped_sum_zeta_p95,early_window/attn/gd_residual_uncapped_write_strength_max,early_window/attn/gd_residual_uncapped_write_strength_mean,early_window/attn/gd_residual_uncapped_write_strength_p95,early_window/attn/gd_residual_update_norm_cap_active,early_window/attn/gd_residual_update_norm_cap_hit_ratio,early_window/attn/gd_residual_update_norm_effective_cap,early_window/attn/gd_residual_update_norm_max,early_window/attn/gd_residual_update_norm_mean,early_window/attn/gd_residual_update_norm_p95,early_window/attn/gd_residual_write_budget_active,early_window/attn/gd_residual_write_budget_effective,early_window/attn/gd_residual_write_budget_hit_ratio,early_window/attn/gd_residual_write_budget_scale,early_window/attn/gd_residual_write_budget_scale_factor_mean,early_window/attn/gd_residual_write_budget_scale_factor_min,early_window/attn/gd_residual_write_budget_scale_factor_p05,early_window/attn/gd_residual_write_budget_scaled_cap_active,early_window/attn/gd_residual_write_budget_scaled_cap_hit_ratio,early_window/attn/gd_residual_write_budget_scaled_total_cap_active,early_window/attn/gd_residual_write_budget_scaled_total_cap_hit_ratio,early_window/attn/gd_residual_write_budget_total_scale_factor_mean,early_window/attn/gd_residual_write_budget_total_scale_factor_min,early_window/attn/gd_residual_write_budget_total_scale_factor_p05,early_window/attn/gd_residual_write_q_alpha,early_window/attn/gd_residual_write_q_entropy_mean,early_window/attn/gd_residual_write_q_raw_entropy_mean,early_window/attn/gd_residual_write_q_raw_top1_mean,early_window/attn/gd_residual_write_q_smoothing_active,early_window/attn/gd_residual_write_q_top1_mean,early_window/attn/gd_residual_write_strength_cap_active,early_window/attn/gd_residual_write_strength_cap_release_progress,early_window/attn/gd_residual_write_strength_effective_cap,early_window/attn/gd_residual_write_strength_max,early_window/attn/gd_residual_write_strength_mean,early_window/attn/gd_residual_write_strength_p95,early_window/attn/gd_residual_write_strength_scheduled_cap,early_window/attn/gd_residual_write_top1_mass_mean,early_window/attn/gd_residual_write_total_cap_active,early_window/attn/gd_residual_write_total_effective_cap,early_window/layer_1/attn/gd_residual_beta_bounded_active,early_window/layer_1/attn/gd_residual_beta_cap_active,early_window/layer_1/attn/gd_residual_beta_effective_cap,early_window/layer_1/attn/gd_residual_beta_effective_high,early_window/layer_1/attn/gd_residual_beta_effective_low,early_window/layer_1/attn/gd_residual_beta_logits_abs_max,early_window/layer_1/attn/gd_residual_beta_logits_abs_mean,early_window/layer_1/attn/gd_residual_beta_max,early_window/layer_1/attn/gd_residual_beta_mean,early_window/layer_1/attn/gd_residual_beta_near_high_ratio,early_window/layer_1/attn/gd_residual_beta_near_low_ratio,early_window/layer_1/attn/gd_residual_beta_sigmoid_slope_mean,early_window/layer_1/attn/gd_residual_beta_sigmoid_temp,early_window/layer_1/attn/gd_residual_inject_ratio,early_window/layer_1/attn/gd_residual_lambda_mean,early_window/layer_1/attn/gd_residual_m_norm_max,early_window/layer_1/attn/gd_residual_m_norm_mean,early_window/layer_1/attn/gd_residual_mu_valid_ratio,early_window/layer_1/attn/gd_residual_raw_topk_mass_mean,early_window/layer_1/attn/gd_residual_raw_topk_mass_p05,early_window/layer_1/attn/gd_residual_read_candidate_churn_mean,early_window/layer_1/attn/gd_residual_read_candidate_has_prev,early_window/layer_1/attn/gd_residual_read_candidate_probe_count,early_window/layer_1/attn/gd_residual_read_candidate_retention_mean,early_window/layer_1/attn/gd_residual_read_candidate_top1_flip_rate,early_window/layer_1/attn/gd_residual_read_entropy_mean,early_window/layer_1/attn/gd_residual_read_margin_top1_top2_mean,early_window/layer_1/attn/gd_residual_read_margin_top1_top2_p05,early_window/layer_1/attn/gd_residual_read_selected_mass_mean,early_window/layer_1/attn/gd_residual_read_selected_mass_p05,early_window/layer_1/attn/gd_residual_remote_read_topk_effective,early_window/layer_1/attn/gd_residual_sum_zeta_max,early_window/layer_1/attn/gd_residual_sum_zeta_mean,early_window/layer_1/attn/gd_residual_sum_zeta_p95,early_window/layer_1/attn/gd_residual_uncapped_sum_zeta_max,early_window/layer_1/attn/gd_residual_uncapped_sum_zeta_mean,early_window/layer_1/attn/gd_residual_uncapped_sum_zeta_p95,early_window/layer_1/attn/gd_residual_uncapped_write_strength_max,early_window/layer_1/attn/gd_residual_uncapped_write_strength_mean,early_window/layer_1/attn/gd_residual_uncapped_write_strength_p95,early_window/layer_1/attn/gd_residual_update_norm_cap_active,early_window/layer_1/attn/gd_residual_update_norm_cap_hit_ratio,early_window/layer_1/attn/gd_residual_update_norm_effective_cap,early_window/layer_1/attn/gd_residual_update_norm_max,early_window/layer_1/attn/gd_residual_update_norm_mean,early_window/layer_1/attn/gd_residual_update_norm_p95,early_window/layer_1/attn/gd_residual_write_budget_active,early_window/layer_1/attn/gd_residual_write_budget_effective,early_window/layer_1/attn/gd_residual_write_budget_hit_ratio,early_window/layer_1/attn/gd_residual_write_budget_scale,early_window/layer_1/attn/gd_residual_write_budget_scale_factor_mean,early_window/layer_1/attn/gd_residual_write_budget_scale_factor_min,early_window/layer_1/attn/gd_residual_write_budget_scale_factor_p05,early_window/layer_1/attn/gd_residual_write_budget_scaled_cap_active,early_window/layer_1/attn/gd_residual_write_budget_scaled_cap_hit_ratio,early_window/layer_1/attn/gd_residual_write_budget_scaled_total_cap_active,early_window/layer_1/attn/gd_residual_write_budget_scaled_total_cap_hit_ratio,early_window/layer_1/attn/gd_residual_write_budget_total_scale_factor_mean,early_window/layer_1/attn/gd_residual_write_budget_total_scale_factor_min,early_window/layer_1/attn/gd_residual_write_budget_total_scale_factor_p05,early_window/layer_1/attn/gd_residual_write_q_alpha,early_window/layer_1/attn/gd_residual_write_q_entropy_mean,early_window/layer_1/attn/gd_residual_write_q_raw_entropy_mean,early_window/layer_1/attn/gd_residual_write_q_raw_top1_mean,early_window/layer_1/attn/gd_residual_write_q_smoothing_active,early_window/layer_1/attn/gd_residual_write_q_top1_mean,early_window/layer_1/attn/gd_residual_write_strength_cap_active,early_window/layer_1/attn/gd_residual_write_strength_cap_release_progress,early_window/layer_1/attn/gd_residual_write_strength_effective_cap,early_window/layer_1/attn/gd_residual_write_strength_max,early_window/layer_1/attn/gd_residual_write_strength_mean,early_window/layer_1/attn/gd_residual_write_strength_p95,early_window/layer_1/attn/gd_residual_write_strength_scheduled_cap,early_window/layer_1/attn/gd_residual_write_top1_mass_mean,early_window/layer_1/attn/gd_residual_write_total_cap_active,early_window/layer_1/attn/gd_residual_write_total_effective_cap,early_window/layer_1/vq/c_entropy,early_window/layer_1/vq/c_entropy_batch,early_window/layer_1/vq/c_rms_mean,early_window/layer_1/vq/c_usage_large_ratio,early_window/layer_1/vq/c_usage_max,early_window/layer_1/vq/c_usage_max_batch,early_window/layer_1/vq/c_usage_mean,early_window/layer_1/vq/c_usage_mean_batch,early_window/layer_1/vq/c_usage_min,early_window/layer_1/vq/c_usage_min_batch,early_window/layer_1/vq/c_usage_small_ratio,early_window/layer_1/vq/k_hat_norm_mean,early_window/layer_1/vq/k_norm_mean,early_window/layer_1/vq/relative_err_mean,early_window/layer_1/vq/write_entropy_mean,early_window/layer_1/vq/write_top1_mass_mean,early_window/vq/c_entropy,early_window/vq/c_entropy_batch,early_window/vq/c_rms_mean,early_window/vq/c_usage_large_ratio,early_window/vq/c_usage_max,early_window/vq/c_usage_max_batch,early_window/vq/c_usage_mean,early_window/vq/c_usage_mean_batch,early_window/vq/c_usage_min,early_window/vq/c_usage_min_batch,early_window/vq/c_usage_small_ratio,early_window/vq/k_hat_norm_mean,early_window/vq/k_norm_mean,early_window/vq/relative_err_mean,early_window/vq/write_entropy_mean,early_window/vq/write_top1_mass_mean,epoch,examples,loss,processed_batches,run_id,trace_output_dir,train_step,valid_batches,experiment_id,machine,target,source_path,early_window/attn/gd_residual_write_strength_cap_hit_ratio,early_window/layer_1/attn/gd_residual_write_strength_cap_hit_ratio
0.0,0.0,0.0,1.0,0.0,0.0,0.0,0.5,0.5,0.0,0.0,0.25,1.0,0.14461518824100494,0.05000000819563866,0.2853860855102539,0.06277664005756378,0.96875,0.1456606090068817,0.12229201197624207,0.0,0.0,8192.0,0.0,0.0,3.455838441848755,0.3407163619995117,0.0,0.022652488201856613,0.0,2.0,0.5000001192092896,0.5,0.5,0.5000001192092896,0.5,0.5,0.28917381167411804,0.125,0.16582965850830078,0.0,0.0,0.0,0.22665639221668243,0.08149529993534088,0.1112910732626915,0.0,0.0,0.0,0.0,1.0,1.0,1.0,0.0,0.0,0.0,0.0,1.0,1.0,1.0,1.0,1.372265338897705,1.372265338897705,0.30548614263534546,0.0,0.30548614263534546,0.0,0.0,0.0,0.28917381167411804,0.125,0.16582965850830078,0.0,0.30548614263534546,0.0,0.0,0.0,0.0,0.0,1.0,0.0,0.0,0.0,0.5,0.5,0.0,0.0,0.25,1.0,0.14461518824100494,0.05000000819563866,0.2853860855102539,0.06277664005756378,0.96875,0.1456606090068817,0.12229201197624207,0.0,0.0,8192.0,0.0,0.0,3.455838441848755,0.3407163619995117,0.0,0.022652488201856613,0.0,2.0,0.5000001192092896,0.5,0.5,0.5000001192092896,0.5,0.5,0.28917381167411804,0.125,0.16582965850830078,0.0,0.0,0.0,0.22665639221668243,0.08149529993534088,0.1112910732626915,0.0,0.0,0.0,0.0,1.0,1.0,1.0,0.0,0.0,0.0,0.0,1.0,1.0,1.0,1.0,1.372265338897705,1.372265338897705,0.30548614263534546,0.0,0.30548614263534546,0.0,0.0,0.0,0.28917381167411804,0.125,0.16582965850830078,0.0,0.30548614263534546,0.0,0.0,4.1586995124816895,4.1586995124816895,0.35355308651924133,0.0,268.9447021484375,268.9447021484375,256.0,256.0,245.896484375,245.896484375,0.0,0.45164692401885986,2.8283700942993164,0.9507300853729248,4.037928581237793,0.04475907236337662,4.1586995124816895,4.1586995124816895,0.35355308651924133,0.0,268.9447021484375,268.9447021484375,256.0,256.0,245.896484375,245.896484375,0.0,0.45164692401885986,2.8283700942993164,0.9507300853729248,4.037928581237793,0.04475907236337662,0,16,9.037312507629395,1,etrace-cb64r16-default-s123-d123-b64ga4-2080ti,/home/lyj/mnt/project/zoology/zoology/experiments/flash_vqg/scripts/20260625-01-flash-vqg-early-window-trace/outputs/traces/2080ti/default-s123/train_step_0,0,[441],20260625-01-flash-vqg-early-window-trace,2080ti,default-s123,/home/lyj/mnt/project/zoology/zoology/experiments/flash_vqg/scripts/20260625-01-flash-vqg-early-window-trace/outputs/traces/2080ti/default-s123/early_window_metrics.jsonl,,
0.0,0.0,0.0,1.0,0.0,2.914945602416992,1.7863720655441284,0.42067471146583557,0.15585929155349731,0.0,0.0,0.12717995047569275,1.0,0.006138977129012346,0.0072555337101221085,0.9887702465057373,0.008972074836492538,0.9611053466796875,0.5869380831718445,0.580068826675415,0.72808837890625,1.0,8192.0,0.27191162109375,0.79638671875,3.496995687484741,0.30339178442955017,0.0,0.1411600559949875,0.0,2.0,0.42067474126815796,0.15585929155349731,0.2639864981174469,0.42067474126815796,0.15585929155349731,0.2639864981174469,0.3588508665561676,0.03896482288837433,0.1892370879650116,0.0,0.0,0.0,0.3893403708934784,0.022194599732756615,0.10987149178981781,0.0,0.0,0.0,0.0,1.0,1.0,1.0,0.0,0.0,0.0,0.0,1.0,1.0,1.0,1.0,0.4983213543891907,0.4983213543891907,0.8794324398040771,0.0,0.8794324398040771,0.0,0.0,0.0,0.3588508665561676,0.03896482288837433,0.1892370879650116,0.0,0.8794324398040771,0.0,0.0,0.0,0.0,0.0,1.0,0.0,2.914945602416992,1.7863720655441284,0.42067471146583557,0.15585929155349731,0.0,0.0,0.12717995047569275,1.0,0.006138977129012346,0.0072555337101221085,0.9887702465057373,0.008972074836492538,0.9611053466796875,0.5869380831718445,0.580068826675415,0.72808837890625,1.0,8192.0,0.27191162109375,0.79638671875,3.496995687484741,0.30339178442955017,0.0,0.1411600559949875,0.0,2.0,0.42067474126815796,0.15585929155349731,0.2639864981174469,0.42067474126815796,0.15585929155349731,0.2639864981174469,0.3588508665561676,0.03896482288837433,0.1892370879650116,0.0,0.0,0.0,0.3893403708934784,0.022194599732756615,0.10987149178981781,0.0,0.0,0.0,0.0,1.0,1.0,1.0,0.0,0.0,0.0,0.0,1.0,1.0,1.0,1.0,0.4983213543891907,0.4983213543891907,0.8794324398040771,0.0,0.8794324398040771,0.0,0.0,0.0,0.3588508665561676,0.03896482288837433,0.1892370879650116,0.0,0.8794324398040771,0.0,0.0,2.5865514278411865,2.5865516662597656,0.36828720569610596,0.015625,8456.447265625,8456.447265625,256.0,256.0,26.618879318237305,26.618879318237305,0.0078125,1.89371657371521,2.8284263610839844,0.3512335419654846,2.5853967666625977,0.5161405801773071,2.5865514278411865,2.5865516662597656,0.36828720569610596,0.015625,8456.447265625,8456.447265625,256.0,256.0,26.618879318237305,26.618879318237305,0.0078125,1.89371657371521,2.8284263610839844,0.3512335419654846,2.5853967666625977,0.5161405801773071,0,16,8.67382526397705,1,etrace-cb64r16-default-s123-d123-b64ga4-2080ti,/home/lyj/mnt/project/zoology/zoology/experiments/flash_vqg/scripts/20260625-01-flash-vqg-early-window-trace/outputs/traces/2080ti/default-s123/train_step_64,64,[441],20260625-01-flash-vqg-early-window-trace,2080ti,default-s123,/home/lyj/mnt/project/zoology/zoology/experiments/flash_vqg/scripts/20260625-01-flash-vqg-early-window-trace/outputs/traces/2080ti/default-s123/early_window_metrics.jsonl,,
0.0,0.0,0.0,1.0,0.0,5.981311798095703,3.3059959411621094,0.5643848776817322,0.06357213109731674,0.0,0.563507080078125,0.05529603362083435,1.0,0.019738342612981796,0.0009104456403292716,0.6321535110473633,0.005750562064349651,0.946258544921875,0.7695274353027344,0.7659366726875305,0.83306884765625,1.0,8192.0,0.16693115234375,0.96044921875,0.5547139644622803,3.6575465202331543,0.0,0.7640753388404846,0.0,2.0,0.5643848180770874,0.06357213109731674,0.1904103010892868,0.5643848180770874,0.06357213109731674,0.1904103010892868,0.5337992310523987,0.015893032774329185,0.10724534094333649,0.0,0.0,0.0,0.39743247628211975,0.008959951810538769,0.058999232947826385,0.0,0.0,0.0,0.0,1.0,1.0,1.0,0.0,0.0,0.0,0.0,1.0,1.0,1.0,1.0,0.32173773646354675,0.32173773646354675,0.9320389628410339,0.0,0.9320389628410339,0.0,0.0,0.0,0.5337992310523987,0.015893032774329185,0.10724534094333649,0.0,0.9320389628410339,0.0,0.0,0.0,0.0,0.0,1.0,0.0,5.981311798095703,3.3059959411621094,0.5643848776817322,0.06357213109731674,0.0,0.563507080078125,0.05529603362083435,1.0,0.019738342612981796,0.0009104456403292716,0.6321535110473633,0.005750562064349651,0.946258544921875,0.7695274353027344,0.7659366726875305,0.83306884765625,1.0,8192.0,0.16693115234375,0.96044921875,0.5547139644622803,3.6575465202331543,0.0,0.7640753388404846,0.0,2.0,0.5643848180770874,0.06357213109731674,0.1904103010892868,0.5643848180770874,0.06357213109731674,0.1904103010892868,0.5337992310523987,0.015893032774329185,0.10724534094333649,0.0,0.0,0.0,0.39743247628211975,0.008959951810538769,0.058999232947826385,0.0,0.0,0.0,0.0,1.0,1.0,1.0,0.0,0.0,0.0,0.0,1.0,1.0,1.0,1.0,0.32173773646354675,0.32173773646354675,0.9320389628410339,0.0,0.9320389628410339,0.0,0.0,0.0,0.5337992310523987,0.015893032774329185,0.10724534094333649,0.0,0.9320389628410339,0.0,0.0,1.6798560619354248,1.679856538772583,0.36961331963539124,0.015625,11751.521484375,11751.521484375,256.0,256.0,15.086832046508789,15.086832046508789,0.1328125,2.6669979095458984,2.8284263610839844,0.06806213408708572,1.6797043085098267,0.7172558307647705,1.6798560619354248,1.679856538772583,0.36961331963539124,0.015625,11751.521484375,11751.521484375,256.0,256.0,15.086832046508789,15.086832046508789,0.1328125,2.6669979095458984,2.8284263610839844,0.06806213408708572,1.6797043085098267,0.7172558307647705,0,16,8.451095581054688,1,etrace-cb64r16-default-s123-d123-b64ga4-2080ti,/home/lyj/mnt/project/zoology/zoology/experiments/flash_vqg/scripts/20260625-01-flash-vqg-early-window-trace/outputs/traces/2080ti/default-s123/train_step_130,130,[441],20260625-01-flash-vqg-early-window-trace,2080ti,default-s123,/home/lyj/mnt/project/zoology/zoology/experiments/flash_vqg/scripts/20260625-01-flash-vqg-early-window-trace/outputs/traces/2080ti/default-s123/early_window_metrics.jsonl,,
0.0,0.0,0.0,1.0,0.0,7.360949516296387,4.785852432250977,0.3564465045928955,0.016067985445261,0.0,0.935394287109375,0.015332113951444626,1.0,0.0005904208519496024,0.00010954315075650811,1.1951686143875122,0.007824286818504333,0.944488525390625,0.7978987097740173,0.7953416705131531,0.05963134765625,1.0,8192.0,0.94036865234375,0.0001220703125,0.0017998619005084038,9.425018310546875,0.0,0.9093763828277588,0.0,2.0,0.3564465343952179,0.016067985445261,0.05656851455569267,0.3564465343952179,0.016067985445261,0.05656851455569267,0.3388785123825073,0.00401699636131525,0.02362184040248394,0.0,0.0,0.0,0.4311521649360657,0.0039109461940824986,0.022473400458693504,0.0,0.0,0.0,0.0,1.0,1.0,1.0,0.0,0.0,0.0,0.0,1.0,1.0,1.0,1.0,0.28925397992134094,0.28925397992134094,0.940639853477478,0.0,0.940639853477478,0.0,0.0,0.0,0.3388785123825073,0.00401699636131525,0.02362184040248394,0.0,0.940639853477478,0.0,0.0,0.0,0.0,0.0,1.0,0.0,7.360949516296387,4.785852432250977,0.3564465045928955,0.016067985445261,0.0,0.935394287109375,0.015332113951444626,1.0,0.0005904208519496024,0.00010954315075650811,1.1951686143875122,0.007824286818504333,0.944488525390625,0.7978987097740173,0.7953416705131531,0.05963134765625,1.0,8192.0,0.94036865234375,0.0001220703125,0.0017998619005084038,9.425018310546875,0.0,0.9093763828277588,0.0,2.0,0.3564465343952179,0.016067985445261,0.05656851455569267,0.3564465343952179,0.016067985445261,0.05656851455569267,0.3388785123825073,0.00401699636131525,0.02362184040248394,0.0,0.0,0.0,0.4311521649360657,0.0039109461940824986,0.022473400458693504,0.0,0.0,0.0,0.0,1.0,1.0,1.0,0.0,0.0,0.0,0.0,1.0,1.0,1.0,1.0,0.28925397992134094,0.28925397992134094,0.940639853477478,0.0,0.940639853477478,0.0,0.0,0.0,0.3388785123825073,0.00401699636131525,0.02362184040248394,0.0,0.940639853477478,0.0,0.0,1.5179181098937988,1.5179182291030884,0.3680586814880371,0.015625,12297.046875,12297.046875,256.0,256.0,13.678682327270508,13.678682327270508,0.1484375,2.8082213401794434,2.8284265995025635,0.022904178127646446,1.517866611480713,0.7505521774291992,1.5179181098937988,1.5179182291030884,0.3680586814880371,0.015625,12297.046875,12297.046875,256.0,256.0,13.678682327270508,13.678682327270508,0.1484375,2.8082213401794434,2.8284265995025635,0.022904178127646446,1.517866611480713,0.7505521774291992,0,16,8.39938735961914,1,etrace-cb64r16-default-s123-d123-b64ga4-2080ti,/home/lyj/mnt/project/zoology/zoology/experiments/flash_vqg/scripts/20260625-01-flash-vqg-early-window-trace/outputs/traces/2080ti/default-s123/train_step_203,203,[441],20260625-01-flash-vqg-early-window-trace,2080ti,default-s123,/home/lyj/mnt/project/zoology/zoology/experiments/flash_vqg/scripts/20260625-01-flash-vqg-early-window-trace/outputs/traces/2080ti/default-s123/early_window_metrics.jsonl,,
0.0,0.0,0.0,1.0,0.0,6.80640172958374,3.434933662414551,0.3395727872848511,0.056177571415901184,0.0,0.585845947265625,0.0501759871840477,1.0,0.291890025138855,0.022790297865867615,2.8817832469940186,0.03710174933075905,0.9544677734375,0.7469053268432617,0.5980139970779419,0.41436767578125,1.0,8192.0,0.58563232421875,0.0286865234375,0.7159152626991272,3.9270548820495605,0.0,0.7338477373123169,0.0,2.0,0.33957281708717346,0.056177571415901184,0.16650915145874023,0.33957281708717346,0.056177571415901184,0.16650915145874023,0.31168144941329956,0.014044392853975296,0.08888624608516693,0.0,0.0,0.0,0.5508780479431152,0.018107695505023003,0.1137888953089714,0.0,0.0,0.0,0.0,1.0,1.0,1.0,0.0,0.0,0.0,0.0,1.0,1.0,1.0,1.0,0.36277928948402405,0.36277928948402405,0.917934775352478,0.0,0.917934775352478,0.0,0.0,0.0,0.31168144941329956,0.014044392853975296,0.08888624608516693,0.0,0.9179347157478333,0.0,0.0,0.0,0.0,0.0,1.0,0.0,6.80640172958374,3.434933662414551,0.3395727872848511,0.056177571415901184,0.0,0.585845947265625,0.0501759871840477,1.0,0.291890025138855,0.022790297865867615,2.8817832469940186,0.03710174933075905,0.9544677734375,0.7469053268432617,0.5980139970779419,0.41436767578125,1.0,8192.0,0.58563232421875,0.0286865234375,0.7159152626991272,3.9270548820495605,0.0,0.7338477373123169,0.0,2.0,0.33957281708717346,0.056177571415901184,0.16650915145874023,0.33957281708717346,0.056177571415901184,0.16650915145874023,0.31168144941329956,0.014044392853975296,0.08888624608516693,0.0,0.0,0.0,0.5508780479431152,0.018107695505023003,0.1137888953089714,0.0,0.0,0.0,0.0,1.0,1.0,1.0,0.0,0.0,0.0,0.0,1.0,1.0,1.0,1.0,0.36277928948402405,0.36277928948402405,0.917934775352478,0.0,0.917934775352478,0.0,0.0,0.0,0.31168144941329956,0.014044392853975296,0.08888624608516693,0.0,0.9179347157478333,0.0,0.0,1.8309061527252197,1.8309059143066406,0.36445266008377075,0.015625,11272.3671875,11272.3671875,256.0,256.0,20.852815628051758,20.852815628051758,0.0703125,2.5717415809631348,2.828425645828247,0.2976279854774475,1.8049054145812988,0.6880109310150146,1.8309061527252197,1.8309059143066406,0.36445266008377075,0.015625,11272.3671875,11272.3671875,256.0,256.0,20.852815628051758,20.852815628051758,0.0703125,2.5717415809631348,2.828425645828247,0.2976279854774475,1.8049054145812988,0.6880109310150146,0,16,8.403178215026855,1,etrace-cb64r16-default-s123-d123-b64ga4-2080ti,/home/lyj/mnt/project/zoology/zoology/experiments/flash_vqg/scripts/20260625-01-flash-vqg-early-window-trace/outputs/traces/2080ti/default-s123/train_step_352,352,[441],20260625-01-flash-vqg-early-window-trace,2080ti,default-s123,/home/lyj/mnt/project/zoology/zoology/experiments/flash_vqg/scripts/20260625-01-flash-vqg-early-window-trace/outputs/traces/2080ti/default-s123/early_window_metrics.jsonl,,
0.0,0.0,0.0,1.0,0.0,6.297095775604248,3.2878966331481934,0.7301076650619507,0.10654889047145844,0.0,0.625152587890625,0.07004949450492859,1.0,1.784014105796814,0.1814919114112854,1.892224669456482,0.2861882448196411,0.9589691162109375,0.7105308771133423,0.25577932596206665,0.6236572265625,1.0,8192.0,0.3763427734375,0.7811279296875,1.9029308557510376,1.274324893951416,0.0,0.5186949372291565,0.0,2.0,0.7301076650619507,0.10654889047145844,0.4877740740776062,0.7301076650619507,0.10654889047145844,0.4877740740776062,0.35162246227264404,0.026637224480509758,0.13181516528129578,0.0,0.0,0.0,0.6464301347732544,0.03992771357297897,0.21470902860164642,0.0,0.0,0.0,0.0,1.0,1.0,1.0,0.0,0.0,0.0,0.0,1.0,1.0,1.0,1.0,0.6804218292236328,0.6804218292236328,0.7586330771446228,0.0,0.7586330771446228,0.0,0.0,0.0,0.35162246227264404,0.026637224480509758,0.13181516528129578,0.0,0.7586330771446228,0.0,0.0,0.0,0.0,0.0,1.0,0.0,6.297095775604248,3.2878966331481934,0.7301076650619507,0.10654889047145844,0.0,0.625152587890625,0.07004949450492859,1.0,1.784014105796814,0.1814919114112854,1.892224669456482,0.2861882448196411,0.9589691162109375,0.7105308771133423,0.25577932596206665,0.6236572265625,1.0,8192.0,0.3763427734375,0.7811279296875,1.9029308557510376,1.274324893951416,0.0,0.5186949372291565,0.0,2.0,0.7301076650619507,0.10654889047145844,0.4877740740776062,0.7301076650619507,0.10654889047145844,0.4877740740776062,0.35162246227264404,0.026637224480509758,0.13181516528129578,0.0,0.0,0.0,0.6464301347732544,0.03992771357297897,0.21470902860164642,0.0,0.0,0.0,0.0,1.0,1.0,1.0,0.0,0.0,0.0,0.0,1.0,1.0,1.0,1.0,0.6804218292236328,0.6804218292236328,0.7586330771446228,0.0,0.7586330771446228,0.0,0.0,0.0,0.35162246227264404,0.026637224480509758,0.13181516528129578,0.0,0.7586330771446228,0.0,0.0,2.3548519611358643,2.3548521995544434,0.38307660818099976,0.0234375,8630.392578125,8630.392578125,256.0,256.0,40.98779296875,40.98779296875,0.078125,2.4007480144500732,2.828425884246826,0.2829594612121582,2.0534801483154297,0.5704350471496582,2.3548519611358643,2.3548521995544434,0.38307660818099976,0.0234375,8630.392578125,8630.392578125,256.0,256.0,40.98779296875,40.98779296875,0.078125,2.4007480144500732,2.828425884246826,0.2829594612121582,2.0534801483154297,0.5704350471496582,0,16,3.625094413757324,1,etrace-cb64r16-default-s123-d123-b64ga4-2080ti,/home/lyj/mnt/project/zoology/zoology/experiments/flash_vqg/scripts/20260625-01-flash-vqg-early-window-trace/outputs/traces/2080ti/default-s123/train_step_448,448,[441],20260625-01-flash-vqg-early-window-trace,2080ti,default-s123,/home/lyj/mnt/project/zoology/zoology/experiments/flash_vqg/scripts/20260625-01-flash-vqg-early-window-trace/outputs/traces/2080ti/default-s123/early_window_metrics.jsonl,,
0.0,0.0,0.0,1.0,0.0,7.182511329650879,3.6703498363494873,0.2203568071126938,0.05312725156545639,0.0,0.646453857421875,0.047086477279663086,1.0,0.8247819542884827,0.11015453189611435,2.9161510467529297,0.10818061232566833,0.942840576171875,0.7704188823699951,0.36202025413513184,0.00677490234375,1.0,8192.0,0.99322509765625,0.0032958984375,1.5990493297576904,1.4528309106826782,0.0,0.6099145412445068,0.0,2.0,0.2203567922115326,0.05312724784016609,0.17213760316371918,0.2203567922115326,0.05312724784016609,0.17213760316371918,0.17259067296981812,0.013281812891364098,0.05828571319580078,0.0,0.0,0.0,0.32089507579803467,0.018722301349043846,0.08127199858427048,0.0,0.0,0.0,0.0,1.0,1.0,1.0,0.0,0.0,0.0,0.0,1.0,1.0,1.0,1.0,0.8158856630325317,0.8158856630325317,0.6952749490737915,0.0,0.6952749490737915,0.0,0.0,0.0,0.17259067296981812,0.013281812891364098,0.05828571319580078,0.0,0.6952749490737915,0.0,0.0,0.0,0.0,0.0,1.0,0.0,7.182511329650879,3.6703498363494873,0.2203568071126938,0.05312725156545639,0.0,0.646453857421875,0.047086477279663086,1.0,0.8247819542884827,0.11015453189611435,2.9161510467529297,0.10818061232566833,0.942840576171875,0.7704188823699951,0.36202025413513184,0.00677490234375,1.0,8192.0,0.99322509765625,0.0032958984375,1.5990493297576904,1.4528309106826782,0.0,0.6099145412445068,0.0,2.0,0.2203567922115326,0.05312724784016609,0.17213760316371918,0.2203567922115326,0.05312724784016609,0.17213760316371918,0.17259067296981812,0.013281812891364098,0.05828571319580078,0.0,0.0,0.0,0.32089507579803467,0.018722301349043846,0.08127199858427048,0.0,0.0,0.0,0.0,1.0,1.0,1.0,0.0,0.0,0.0,0.0,1.0,1.0,1.0,1.0,0.8158856630325317,0.8158856630325317,0.6952749490737915,0.0,0.6952749490737915,0.0,0.0,0.0,0.17259067296981812,0.013281812891364098,0.05828571319580078,0.0,0.6952749490737915,0.0,0.0,2.252850294113159,2.252850294113159,0.40763550996780396,0.0234375,8123.66845703125,8123.66845703125,256.0,256.0,31.378015518188477,31.378015518188477,0.2421875,2.592634677886963,2.8284263610839844,0.14671015739440918,1.9247188568115234,0.546937882900238,2.252850294113159,2.252850294113159,0.40763550996780396,0.0234375,8123.66845703125,8123.66845703125,256.0,256.0,31.378015518188477,31.378015518188477,0.2421875,2.592634677886963,2.8284263610839844,0.14671015739440918,1.9247188568115234,0.546937882900238,1,16,0.8804334402084351,1,etrace-cb64r16-default-s123-d123-b64ga4-2080ti,/home/lyj/mnt/project/zoology/zoology/experiments/flash_vqg/scripts/20260625-01-flash-vqg-early-window-trace/outputs/traces/2080ti/default-s123/train_step_705,705,[441],20260625-01-flash-vqg-early-window-trace,2080ti,default-s123,/home/lyj/mnt/project/zoology/zoology/experiments/flash_vqg/scripts/20260625-01-flash-vqg-early-window-trace/outputs/traces/2080ti/default-s123/early_window_metrics.jsonl,,
0.0,0.0,0.0,1.0,0.0,0.0,0.0,0.5,0.5,0.0,0.0,0.25,1.0,0.14336538314819336,0.05000000819563866,0.29540905356407166,0.06290135532617569,0.96875,0.14608624577522278,0.12225420027971268,0.0,0.0,8192.0,0.0,0.0,3.4502551555633545,0.3420845866203308,0.0,0.023108458146452904,0.0,2.0,0.5000000596046448,0.5,0.5,0.5000000596046448,0.5,0.5,0.2910999357700348,0.125,0.16616804897785187,0.0,0.0,0.0,0.204389289021492,0.08179070055484772,0.11187998205423355,0.0,0.0,0.0,0.0,1.0,1.0,1.0,0.0,0.0,0.0,0.0,1.0,1.0,1.0,1.0,1.3719041347503662,1.3719041347503662,0.30616942048072815,0.0,0.30616942048072815,0.0,0.0,0.0,0.2910999357700348,0.125,0.16616804897785187,0.0,0.30616942048072815,0.0,0.0,0.0,0.0,0.0,1.0,0.0,0.0,0.0,0.5,0.5,0.0,0.0,0.25,1.0,0.14336538314819336,0.05000000819563866,0.29540905356407166,0.06290135532617569,0.96875,0.14608624577522278,0.12225420027971268,0.0,0.0,8192.0,0.0,0.0,3.4502551555633545,0.3420845866203308,0.0,0.023108458146452904,0.0,2.0,0.5000000596046448,0.5,0.5,0.5000000596046448,0.5,0.5,0.2910999357700348,0.125,0.16616804897785187,0.0,0.0,0.0,0.204389289021492,0.08179070055484772,0.11187998205423355,0.0,0.0,0.0,0.0,1.0,1.0,1.0,0.0,0.0,0.0,0.0,1.0,1.0,1.0,1.0,1.3719041347503662,1.3719041347503662,0.30616942048072815,0.0,0.30616942048072815,0.0,0.0,0.0,0.2910999357700348,0.125,0.16616804897785187,0.0,0.30616942048072815,0.0,0.0,4.158663749694824,4.158662796020508,0.3535503149032593,0.0,271.2391357421875,271.2391357421875,256.0,256.0,244.8729248046875,244.8729248046875,0.0,0.4489061236381531,2.8283708095550537,0.9499677419662476,4.0369768142700195,0.045007750391960144,4.158663749694824,4.158662796020508,0.3535503149032593,0.0,271.2391357421875,271.2391357421875,256.0,256.0,244.8729248046875,244.8729248046875,0.0,0.4489061236381531,2.8283708095550537,0.9499677419662476,4.0369768142700195,0.045007750391960144,0,16,9.038751602172852,1,etrace-cb64r16-default-s124-d123-b64ga4-2080ti,/home/lyj/mnt/project/zoology/zoology/experiments/flash_vqg/scripts/20260625-01-flash-vqg-early-window-trace/outputs/traces/2080ti/default-s124/train_step_0,0,[441],20260625-01-flash-vqg-early-window-trace,2080ti,default-s124,/home/lyj/mnt/project/zoology/zoology/experiments/flash_vqg/scripts/20260625-01-flash-vqg-early-window-trace/outputs/traces/2080ti/default-s124/early_window_metrics.jsonl,,
0.0,0.0,0.0,1.0,0.0,3.078406572341919,1.7590748071670532,0.414840430021286,0.15878161787986755,0.0,0.00103759765625,0.12933169305324554,1.0,0.004880567081272602,0.008459502831101418,1.3374580144882202,0.009902780875563622,0.9484405517578125,0.5834860801696777,0.5747666358947754,0.73565673828125,1.0,8192.0,0.26434326171875,0.8062744140625,3.465728521347046,0.3614988327026367,0.0,0.15528932213783264,0.0,2.0,0.414840430021286,0.15878163278102875,0.265254408121109,0.414840430021286,0.15878163278102875,0.265254408121109,0.3692336082458496,0.03969540819525719,0.19154353439807892,0.0,0.0,0.0,0.414959579706192,0.02445039339363575,0.11995673179626465,0.0,0.0,0.0,0.0,1.0,1.0,1.0,0.0,0.0,0.0,0.0,1.0,1.0,1.0,1.0,0.5125916004180908,0.5125916004180908,0.8746011257171631,0.0,0.8746011257171631,0.0,0.0,0.0,0.3692336082458496,0.03969540819525719,0.19154353439807892,0.0,0.8746011257171631,0.0,0.0,0.0,0.0,0.0,1.0,0.0,3.078406572341919,1.7590748071670532,0.414840430021286,0.15878161787986755,0.0,0.00103759765625,0.12933169305324554,1.0,0.004880567081272602,0.008459502831101418,1.3374580144882202,0.009902780875563622,0.9484405517578125,0.5834860801696777,0.5747666358947754,0.73565673828125,1.0,8192.0,0.26434326171875,0.8062744140625,3.465728521347046,0.3614988327026367,0.0,0.15528932213783264,0.0,2.0,0.414840430021286,0.15878163278102875,0.265254408121109,0.414840430021286,0.15878163278102875,0.265254408121109,0.3692336082458496,0.03969540819525719,0.19154353439807892,0.0,0.0,0.0,0.414959579706192,0.02445039339363575,0.11995673179626465,0.0,0.0,0.0,0.0,1.0,1.0,1.0,0.0,0.0,0.0,0.0,1.0,1.0,1.0,1.0,0.5125916004180908,0.5125916004180908,0.8746011257171631,0.0,0.8746011257171631,0.0,0.0,0.0,0.3692336082458496,0.03969540819525719,0.19154353439807892,0.0,0.8746011257171631,0.0,0.0,2.6101527214050293,2.61015248298645,0.3694550096988678,0.015625,8360.671875,8360.671875,256.0,256.0,23.33623504638672,23.33623504638672,0.015625,1.8698983192443848,2.8284263610839844,0.35948434472084045,2.608856678009033,0.5102949142456055,2.6101527214050293,2.61015248298645,0.3694550096988678,0.015625,8360.671875,8360.671875,256.0,256.0,23.33623504638672,23.33623504638672,0.015625,1.8698983192443848,2.8284263610839844,0.35948434472084045,2.608856678009033,0.5102949142456055,0,16,8.705349922180176,1,etrace-cb64r16-default-s124-d123-b64ga4-2080ti,/home/lyj/mnt/project/zoology/zoology/experiments/flash_vqg/scripts/20260625-01-flash-vqg-early-window-trace/outputs/traces/2080ti/default-s124/train_step_64,64,[441],20260625-01-flash-vqg-early-window-trace,2080ti,default-s124,/home/lyj/mnt/project/zoology/zoology/experiments/flash_vqg/scripts/20260625-01-flash-vqg-early-window-trace/outputs/traces/2080ti/default-s124/early_window_metrics.jsonl,,
0.0,0.0,0.0,1.0,0.0,5.560272216796875,3.2346725463867188,0.7941102981567383,0.06761835515499115,0.0,0.50439453125,0.05838100612163544,1.0,0.037797678261995316,0.0027002301067113876,0.9510360956192017,0.009940644726157188,0.94622802734375,0.7695189118385315,0.7654758095741272,0.76031494140625,1.0,8192.0,0.23968505859375,0.8861083984375,2.248002529144287,1.0988357067108154,0.0,0.4231536090373993,0.0,2.0,0.7941102385520935,0.06761835515499115,0.1977681815624237,0.7941102385520935,0.06761835515499115,0.1977681815624237,0.7402594089508057,0.016904586926102638,0.11049387603998184,0.0,0.0,0.0,0.5570403933525085,0.009732566773891449,0.06367189437150955,0.0,0.0,0.0,0.0,1.0,1.0,1.0,0.0,0.0,0.0,0.0,1.0,1.0,1.0,1.0,0.33048731088638306,0.33048731088638306,0.929584264755249,0.0,0.929584264755249,0.0,0.0,0.0,0.7402594089508057,0.016904586926102638,0.11049387603998184,0.0,0.929584264755249,0.0,0.0,0.0,0.0,0.0,1.0,0.0,5.560272216796875,3.2346725463867188,0.7941102981567383,0.06761835515499115,0.0,0.50439453125,0.05838100612163544,1.0,0.037797678261995316,0.0027002301067113876,0.9510360956192017,0.009940644726157188,0.94622802734375,0.7695189118385315,0.7654758095741272,0.76031494140625,1.0,8192.0,0.23968505859375,0.8861083984375,2.248002529144287,1.0988357067108154,0.0,0.4231536090373993,0.0,2.0,0.7941102385520935,0.06761835515499115,0.1977681815624237,0.7941102385520935,0.06761835515499115,0.1977681815624237,0.7402594089508057,0.016904586926102638,0.11049387603998184,0.0,0.0,0.0,0.5570403933525085,0.009732566773891449,0.06367189437150955,0.0,0.0,0.0,0.0,1.0,1.0,1.0,0.0,0.0,0.0,0.0,1.0,1.0,1.0,1.0,0.33048731088638306,0.33048731088638306,0.929584264755249,0.0,0.929584264755249,0.0,0.0,0.0,0.7402594089508057,0.016904586926102638,0.11049387603998184,0.0,0.929584264755249,0.0,0.0,1.6878142356872559,1.6878139972686768,0.3703957796096802,0.015625,11720.025390625,11720.025390625,256.0,256.0,13.107694625854492,13.107694625854492,0.171875,2.663877487182617,2.8284263610839844,0.06994110345840454,1.6876393556594849,0.7153335809707642,1.6878142356872559,1.6878139972686768,0.3703957796096802,0.015625,11720.025390625,11720.025390625,256.0,256.0,13.107694625854492,13.107694625854492,0.171875,2.663877487182617,2.8284263610839844,0.06994110345840454,1.6876393556594849,0.7153335809707642,0,16,8.456003189086914,1,etrace-cb64r16-default-s124-d123-b64ga4-2080ti,/home/lyj/mnt/project/zoology/zoology/experiments/flash_vqg/scripts/20260625-01-flash-vqg-early-window-trace/outputs/traces/2080ti/default-s124/train_step_130,130,[441],20260625-01-flash-vqg-early-window-trace,2080ti,default-s124,/home/lyj/mnt/project/zoology/zoology/experiments/flash_vqg/scripts/20260625-01-flash-vqg-early-window-trace/outputs/traces/2080ti/default-s124/early_window_metrics.jsonl,,
0.0,0.0,0.0,1.0,0.0,5.6772685050964355,3.3946802616119385,0.6474737524986267,0.052921734750270844,0.0,0.573028564453125,0.047413170337677,1.0,0.002205274300649762,0.0011301268823444843,1.3837262392044067,0.01074942946434021,0.9406890869140625,0.7969333529472351,0.7916920781135559,0.16357421875,1.0,8192.0,0.83642578125,0.1922607421875,2.2108349800109863,0.8616487383842468,0.0,0.45073816180229187,0.0,2.0,0.6474737524986267,0.052921734750270844,0.14906105399131775,0.6474737524986267,0.052921734750270844,0.14906105399131775,0.6076364517211914,0.013230433687567711,0.08332454413175583,0.0,0.0,0.0,0.714223325252533,0.010669533163309097,0.06758449226617813,0.0,0.0,0.0,0.0,1.0,1.0,1.0,0.0,0.0,0.0,0.0,1.0,1.0,1.0,1.0,0.2904903292655945,0.2904903292655945,0.9403229355812073,0.0,0.9403229355812073,0.0,0.0,0.0,0.6076364517211914,0.013230433687567711,0.08332454413175583,0.0,0.9403229355812073,0.0,0.0,0.0,0.0,0.0,1.0,0.0,5.6772685050964355,3.3946802616119385,0.6474737524986267,0.052921734750270844,0.0,0.573028564453125,0.047413170337677,1.0,0.002205274300649762,0.0011301268823444843,1.3837262392044067,0.01074942946434021,0.9406890869140625,0.7969333529472351,0.7916920781135559,0.16357421875,1.0,8192.0,0.83642578125,0.1922607421875,2.2108349800109863,0.8616487383842468,0.0,0.45073816180229187,0.0,2.0,0.6474737524986267,0.052921734750270844,0.14906105399131775,0.6474737524986267,0.052921734750270844,0.14906105399131775,0.6076364517211914,0.013230433687567711,0.08332454413175583,0.0,0.0,0.0,0.714223325252533,0.010669533163309097,0.06758449226617813,0.0,0.0,0.0,0.0,1.0,1.0,1.0,0.0,0.0,0.0,0.0,1.0,1.0,1.0,1.0,0.2904903292655945,0.2904903292655945,0.9403229355812073,0.0,0.9403229355812073,0.0,0.0,0.0,0.6076364517211914,0.013230433687567711,0.08332454413175583,0.0,0.9403229355812073,0.0,0.0,1.5233421325683594,1.5233418941497803,0.3687112629413605,0.015625,12277.9765625,12277.9765625,256.0,256.0,11.969499588012695,11.969499588012695,0.2265625,2.8079397678375244,2.8284265995025635,0.02330012060701847,1.523285984992981,0.7493882179260254,1.5233421325683594,1.5233418941497803,0.3687112629413605,0.015625,12277.9765625,12277.9765625,256.0,256.0,11.969499588012695,11.969499588012695,0.2265625,2.8079397678375244,2.8284265995025635,0.02330012060701847,1.523285984992981,0.7493882179260254,0,16,8.40966510772705,1,etrace-cb64r16-default-s124-d123-b64ga4-2080ti,/home/lyj/mnt/project/zoology/zoology/experiments/flash_vqg/scripts/20260625-01-flash-vqg-early-window-trace/outputs/traces/2080ti/default-s124/train_step_203,203,[441],20260625-01-flash-vqg-early-window-trace,2080ti,default-s124,/home/lyj/mnt/project/zoology/zoology/experiments/flash_vqg/scripts/20260625-01-flash-vqg-early-window-trace/outputs/traces/2080ti/default-s124/early_window_metrics.jsonl,,
0.0,0.0,0.0,1.0,0.0,5.883153438568115,3.9233484268188477,0.9972217082977295,0.49738866090774536,0.4190673828125,0.4796142578125,0.023257408291101456,1.0,0.13461805880069733,0.008821525610983372,5.9443359375,0.04533522576093674,0.9416351318359375,0.7964320778846741,0.7867012619972229,0.55059814453125,1.0,8192.0,0.44940185546875,0.866455078125,0.7451143264770508,2.588289260864258,0.0,0.8165770173072815,0.0,2.0,0.9972216486930847,0.497388631105423,0.9916307926177979,0.9972216486930847,0.497388631105423,0.9916307926177979,0.9464671611785889,0.12434716522693634,0.9303357601165771,0.0,0.0,0.0,2.569605588912964,0.12836115062236786,1.151939034461975,0.0,0.0,0.0,0.0,1.0,1.0,1.0,0.0,0.0,0.0,0.0,1.0,1.0,1.0,1.0,0.29543477296829224,0.29543477296829224,0.9389531016349792,0.0,0.9389531016349792,0.0,0.0,0.0,0.9464671611785889,0.12434716522693634,0.9303357601165771,0.0,0.9389531016349792,0.0,0.0,0.0,0.0,0.0,1.0,0.0,5.883153438568115,3.9233484268188477,0.9972217082977295,0.49738866090774536,0.4190673828125,0.4796142578125,0.023257408291101456,1.0,0.13461805880069733,0.008821525610983372,5.9443359375,0.04533522576093674,0.9416351318359375,0.7964320778846741,0.7867012619972229,0.55059814453125,1.0,8192.0,0.44940185546875,0.866455078125,0.7451143264770508,2.588289260864258,0.0,0.8165770173072815,0.0,2.0,0.9972216486930847,0.497388631105423,0.9916307926177979,0.9972216486930847,0.497388631105423,0.9916307926177979,0.9464671611785889,0.12434716522693634,0.9303357601165771,0.0,0.0,0.0,2.569605588912964,0.12836115062236786,1.151939034461975,0.0,0.0,0.0,0.0,1.0,1.0,1.0,0.0,0.0,0.0,0.0,1.0,1.0,1.0,1.0,0.29543477296829224,0.29543477296829224,0.9389531016349792,0.0,0.9389531016349792,0.0,0.0,0.0,0.9464671611785889,0.12434716522693634,0.9303357601165771,0.0,0.9389531016349792,0.0,0.0,1.5289616584777832,1.5289618968963623,0.36409828066825867,0.015625,12252.7890625,12252.7890625,256.0,256.0,12.003667831420898,12.003667831420898,0.2109375,2.7887120246887207,2.8284263610839844,0.07403546571731567,1.5281729698181152,0.7478508949279785,1.5289616584777832,1.5289618968963623,0.36409828066825867,0.015625,12252.7890625,12252.7890625,256.0,256.0,12.003667831420898,12.003667831420898,0.2109375,2.7887120246887207,2.8284263610839844,0.07403546571731567,1.5281729698181152,0.7478508949279785,0,16,8.334423065185547,1,etrace-cb64r16-default-s124-d123-b64ga4-2080ti,/home/lyj/mnt/project/zoology/zoology/experiments/flash_vqg/scripts/20260625-01-flash-vqg-early-window-trace/outputs/traces/2080ti/default-s124/train_step_352,352,[441],20260625-01-flash-vqg-early-window-trace,2080ti,default-s124,/home/lyj/mnt/project/zoology/zoology/experiments/flash_vqg/scripts/20260625-01-flash-vqg-early-window-trace/outputs/traces/2080ti/default-s124/early_window_metrics.jsonl,,
0.0,0.0,0.0,1.0,0.0,7.695059776306152,4.344457626342773,0.999545156955719,0.5116308331489563,0.4462890625,0.30377197265625,0.03259408101439476,1.0,0.4964425265789032,0.03719127178192139,5.719130516052246,0.07605363428592682,0.94757080078125,0.7700508236885071,0.6880609393119812,0.08697509765625,1.0,8192.0,0.91302490234375,0.422607421875,0.9968665242195129,1.5903997421264648,0.0,0.7416245937347412,0.0,2.0,0.9995450973510742,0.5116308331489563,0.9974308013916016,0.9995450973510742,0.5116308331489563,0.9974308013916016,0.947567880153656,0.12790770828723907,0.918453574180603,0.0,0.0,0.0,3.0566911697387695,0.16344575583934784,1.2082836627960205,0.0,0.0,0.0,0.0,1.0,1.0,1.0,0.0,0.0,0.0,0.0,1.0,1.0,1.0,1.0,0.35484814643859863,0.35484814643859863,0.920728862285614,0.0,0.920728862285614,0.0,0.0,0.0,0.947567880153656,0.12790770828723907,0.918453574180603,0.0,0.920728862285614,0.0,0.0,0.0,0.0,0.0,1.0,0.0,7.695059776306152,4.344457626342773,0.999545156955719,0.5116308331489563,0.4462890625,0.30377197265625,0.03259408101439476,1.0,0.4964425265789032,0.03719127178192139,5.719130516052246,0.07605363428592682,0.94757080078125,0.7700508236885071,0.6880609393119812,0.08697509765625,1.0,8192.0,0.91302490234375,0.422607421875,0.9968665242195129,1.5903997421264648,0.0,0.7416245937347412,0.0,2.0,0.9995450973510742,0.5116308331489563,0.9974308013916016,0.9995450973510742,0.5116308331489563,0.9974308013916016,0.947567880153656,0.12790770828723907,0.918453574180603,0.0,0.0,0.0,3.0566911697387695,0.16344575583934784,1.2082836627960205,0.0,0.0,0.0,0.0,1.0,1.0,1.0,0.0,0.0,0.0,0.0,1.0,1.0,1.0,1.0,0.35484814643859863,0.35484814643859863,0.920728862285614,0.0,0.920728862285614,0.0,0.0,0.0,0.947567880153656,0.12790770828723907,0.918453574180603,0.0,0.920728862285614,0.0,0.0,1.7016425132751465,1.7016422748565674,0.3618367910385132,0.015625,11642.0234375,11642.0234375,256.0,256.0,14.546906471252441,14.546906471252441,0.15625,2.655134439468384,2.8284263610839844,0.1937727928161621,1.6892074346542358,0.7105758786201477,1.7016425132751465,1.7016422748565674,0.3618367910385132,0.015625,11642.0234375,11642.0234375,256.0,256.0,14.546906471252441,14.546906471252441,0.15625,2.655134439468384,2.8284263610839844,0.1937727928161621,1.6892074346542358,0.7105758786201477,0,16,8.449262619018555,1,etrace-cb64r16-default-s124-d123-b64ga4-2080ti,/home/lyj/mnt/project/zoology/zoology/experiments/flash_vqg/scripts/20260625-01-flash-vqg-early-window-trace/outputs/traces/2080ti/default-s124/train_step_448,448,[441],20260625-01-flash-vqg-early-window-trace,2080ti,default-s124,/home/lyj/mnt/project/zoology/zoology/experiments/flash_vqg/scripts/20260625-01-flash-vqg-early-window-trace/outputs/traces/2080ti/default-s124/early_window_metrics.jsonl,,
0.0,0.0,0.0,1.0,0.0,4.373798370361328,2.175112247467041,0.763430655002594,0.20020824670791626,0.0,0.432891845703125,0.11119909584522247,1.0,0.7210679650306702,0.08752468973398209,8.53458309173584,0.4490167498588562,0.9284515380859375,0.762317419052124,0.6467595100402832,0.01068115234375,1.0,8192.0,0.98931884765625,0.000732421875,0.6716156005859375,2.805314540863037,0.0,0.8081332445144653,0.0,2.0,0.7634307146072388,0.20020824670791626,0.6375795602798462,0.7634307146072388,0.20020824670791626,0.6375795602798462,0.6007970571517944,0.050052061676979065,0.27895933389663696,0.0,0.0,0.0,2.072482109069824,0.11525903642177582,0.6641749143600464,0.0,0.0,0.0,0.0,1.0,1.0,1.0,0.0,0.0,0.0,0.0,1.0,1.0,1.0,1.0,0.9339768886566162,0.9339768886566162,0.6758588552474976,0.0,0.6758588552474976,0.0,0.0,0.0,0.6007970571517944,0.050052061676979065,0.27895933389663696,0.0,0.6758588552474976,0.0,0.0,0.0,0.0,0.0,1.0,0.0,4.373798370361328,2.175112247467041,0.763430655002594,0.20020824670791626,0.0,0.432891845703125,0.11119909584522247,1.0,0.7210679650306702,0.08752468973398209,8.53458309173584,0.4490167498588562,0.9284515380859375,0.762317419052124,0.6467595100402832,0.01068115234375,1.0,8192.0,0.98931884765625,0.000732421875,0.6716156005859375,2.805314540863037,0.0,0.8081332445144653,0.0,2.0,0.7634307146072388,0.20020824670791626,0.6375795602798462,0.7634307146072388,0.20020824670791626,0.6375795602798462,0.6007970571517944,0.050052061676979065,0.27895933389663696,0.0,0.0,0.0,2.072482109069824,0.11525903642177582,0.6641749143600464,0.0,0.0,0.0,0.0,1.0,1.0,1.0,0.0,0.0,0.0,0.0,1.0,1.0,1.0,1.0,0.9339768886566162,0.9339768886566162,0.6758588552474976,0.0,0.6758588552474976,0.0,0.0,0.0,0.6007970571517944,0.050052061676979065,0.27895933389663696,0.0,0.6758588552474976,0.0,0.0,2.3417797088623047,2.341780185699463,0.39535266160964966,0.015625,6597.4453125,6597.4453125,256.0,256.0,11.499731063842773,11.499731063842773,0.4375,2.6183111667633057,2.828425884246826,0.20323407649993896,2.0078048706054688,0.5168206691741943,2.3417797088623047,2.341780185699463,0.39535266160964966,0.015625,6597.4453125,6597.4453125,256.0,256.0,11.499731063842773,11.499731063842773,0.4375,2.6183111667633057,2.828425884246826,0.20323407649993896,2.0078048706054688,0.5168206691741943,1,16,3.0600311756134033,1,etrace-cb64r16-default-s124-d123-b64ga4-2080ti,/home/lyj/mnt/project/zoology/zoology/experiments/flash_vqg/scripts/20260625-01-flash-vqg-early-window-trace/outputs/traces/2080ti/default-s124/train_step_705,705,[441],20260625-01-flash-vqg-early-window-trace,2080ti,default-s124,/home/lyj/mnt/project/zoology/zoology/experiments/flash_vqg/scripts/20260625-01-flash-vqg-early-window-trace/outputs/traces/2080ti/default-s124/early_window_metrics.jsonl,,
0.0,0.0,0.0,1.0,0.0,0.0,0.0,0.5,0.5,0.0,0.0,0.25,1.0,0.14461518824100494,0.05000000819563866,0.2853860855102539,0.06277664005756378,0.96875,0.1456606090068817,0.12229201197624207,0.0,0.0,8192.0,0.0,0.0,3.455838441848755,0.3407163619995117,0.0,0.022652488201856613,0.0,2.0,0.5000001192092896,0.5,0.5,0.5000001192092896,0.5,0.5,0.28917381167411804,0.125,0.16582965850830078,0.0,0.0,0.0,0.22665639221668243,0.08149529993534088,0.1112910732626915,0.0,0.0,0.0,0.0,1.0,1.0,1.0,0.0,0.0,0.0,0.0,1.0,1.0,1.0,1.0,1.372265338897705,1.372265338897705,0.30548614263534546,0.0,0.30548614263534546,0.0,0.0,0.0,0.28917381167411804,0.125,0.16582965850830078,0.0,0.30548614263534546,0.0,0.0,0.0,0.0,0.0,1.0,0.0,0.0,0.0,0.5,0.5,0.0,0.0,0.25,1.0,0.14461518824100494,0.05000000819563866,0.2853860855102539,0.06277664005756378,0.96875,0.1456606090068817,0.12229201197624207,0.0,0.0,8192.0,0.0,0.0,3.455838441848755,0.3407163619995117,0.0,0.022652488201856613,0.0,2.0,0.5000001192092896,0.5,0.5,0.5000001192092896,0.5,0.5,0.28917381167411804,0.125,0.16582965850830078,0.0,0.0,0.0,0.22665639221668243,0.08149529993534088,0.1112910732626915,0.0,0.0,0.0,0.0,1.0,1.0,1.0,0.0,0.0,0.0,0.0,1.0,1.0,1.0,1.0,1.372265338897705,1.372265338897705,0.30548614263534546,0.0,0.30548614263534546,0.0,0.0,0.0,0.28917381167411804,0.125,0.16582965850830078,0.0,0.30548614263534546,0.0,0.0,4.1586995124816895,4.1586995124816895,0.35355308651924133,0.0,268.9447021484375,268.9447021484375,256.0,256.0,245.896484375,245.896484375,0.0,0.45164692401885986,2.8283700942993164,0.9507300853729248,4.037928581237793,0.04475907236337662,4.1586995124816895,4.1586995124816895,0.35355308651924133,0.0,268.9447021484375,268.9447021484375,256.0,256.0,245.896484375,245.896484375,0.0,0.45164692401885986,2.8283700942993164,0.9507300853729248,4.037928581237793,0.04475907236337662,0,16,9.037312507629395,1,etrace-cb64r16-smoke-default-s123-d123-b64ga4-2080ti,/home/lyj/mnt/project/zoology/zoology/experiments/flash_vqg/scripts/20260625-01-flash-vqg-early-window-trace/outputs/traces/2080ti/smoke-default-s123/train_step_0,0,[441],20260625-01-flash-vqg-early-window-trace,2080ti,smoke-default-s123,/home/lyj/mnt/project/zoology/zoology/experiments/flash_vqg/scripts/20260625-01-flash-vqg-early-window-trace/outputs/traces/2080ti/smoke-default-s123/early_window_metrics.jsonl,,
0.0,0.0,0.0,1.0,0.0,0.04286269098520279,0.008686303161084652,0.5103156566619873,0.4997946619987488,0.0,0.0,0.24999266862869263,1.0,0.1430312693119049,0.04997401311993599,0.29636815190315247,0.06270049512386322,0.96875,0.15129809081554413,0.12608611583709717,0.08709716796875,1.0,8192.0,0.91290283203125,0.09716796875,3.4538564682006836,0.34150075912475586,0.0,0.02258065901696682,0.0,2.0,0.5103156566619873,0.4997946619987488,0.5042482018470764,0.5103156566619873,0.4997946619987488,0.5042482018470764,0.2887936532497406,0.1249486654996872,0.16794055700302124,0.0,0.0,0.0,0.2392229586839676,0.08156385272741318,0.11272444576025009,0.0,0.0,0.0,0.0,1.0,1.0,1.0,0.0,0.0,0.0,0.0,1.0,1.0,1.0,1.0,1.3708045482635498,1.3708045482635498,0.3084745407104492,0.0,0.3084745407104492,0.0,0.0,0.0,0.2887936532497406,0.1249486654996872,0.16794055700302124,0.0,0.3084745407104492,0.0,0.0,0.0,0.0,0.0,1.0,0.0,0.04286269098520279,0.008686303161084652,0.5103156566619873,0.4997946619987488,0.0,0.0,0.24999266862869263,1.0,0.1430312693119049,0.04997401311993599,0.29636815190315247,0.06270049512386322,0.96875,0.15129809081554413,0.12608611583709717,0.08709716796875,1.0,8192.0,0.91290283203125,0.09716796875,3.4538564682006836,0.34150075912475586,0.0,0.02258065901696682,0.0,2.0,0.5103156566619873,0.4997946619987488,0.5042482018470764,0.5103156566619873,0.4997946619987488,0.5042482018470764,0.2887936532497406,0.1249486654996872,0.16794055700302124,0.0,0.0,0.0,0.2392229586839676,0.08156385272741318,0.11272444576025009,0.0,0.0,0.0,0.0,1.0,1.0,1.0,0.0,0.0,0.0,0.0,1.0,1.0,1.0,1.0,1.3708045482635498,1.3708045482635498,0.3084745407104492,0.0,0.3084745407104492,0.0,0.0,0.0,0.2887936532497406,0.1249486654996872,0.16794055700302124,0.0,0.3084745407104492,0.0,0.0,4.158520698547363,4.158520698547363,0.3538801968097687,0.0,271.99639892578125,271.99639892578125,256.0,256.0,238.16372680664062,238.16372680664062,0.0,0.4612869918346405,2.8283700942993164,0.9404135942459106,4.025516986846924,0.046972278505563736,4.158520698547363,4.158520698547363,0.3538801968097687,0.0,271.99639892578125,271.99639892578125,256.0,256.0,238.16372680664062,238.16372680664062,0.0,0.4612869918346405,2.8283700942993164,0.9404135942459106,4.025516986846924,0.046972278505563736,0,16,9.036267280578613,1,etrace-cb64r16-smoke-default-s123-d123-b64ga4-2080ti,/home/lyj/mnt/project/zoology/zoology/experiments/flash_vqg/scripts/20260625-01-flash-vqg-early-window-trace/outputs/traces/2080ti/smoke-default-s123/train_step_1,1,[441],20260625-01-flash-vqg-early-window-trace,2080ti,smoke-default-s123,/home/lyj/mnt/project/zoology/zoology/experiments/flash_vqg/scripts/20260625-01-flash-vqg-early-window-trace/outputs/traces/2080ti/smoke-default-s123/early_window_metrics.jsonl,,
0.0,0.0,0.0,1.0,0.0,0.0690579041838646,0.013409076258540154,0.5172576308250427,0.4998992681503296,0.0,0.0,0.24998243153095245,1.0,0.1408398598432541,0.050036802887916565,0.3044206500053406,0.06262030452489853,0.96875,0.15668828785419464,0.12983718514442444,0.07049560546875,1.0,8192.0,0.92950439453125,0.0782470703125,3.451984405517578,0.341677188873291,0.0,0.02251177281141281,0.0,2.0,0.517257571220398,0.4998992681503296,0.506823718547821,0.517257571220398,0.4998992681503296,0.506823718547821,0.2969294786453247,0.1249748095870018,0.169912189245224,0.0,0.0,0.0,0.24818509817123413,0.08169034123420715,0.11397054046392441,0.0,0.0,0.0,0.0,1.0,1.0,1.0,0.0,0.0,0.0,0.0,1.0,1.0,1.0,1.0,1.3694121837615967,1.3694121837615967,0.31118181347846985,0.0,0.31118181347846985,0.0,0.0,0.0,0.2969294786453247,0.1249748095870018,0.169912189245224,0.0,0.31118181347846985,0.0,0.0,0.0,0.0,0.0,1.0,0.0,0.0690579041838646,0.013409076258540154,0.5172576308250427,0.4998992681503296,0.0,0.0,0.24998243153095245,1.0,0.1408398598432541,0.050036802887916565,0.3044206500053406,0.06262030452489853,0.96875,0.15668828785419464,0.12983718514442444,0.07049560546875,1.0,8192.0,0.92950439453125,0.0782470703125,3.451984405517578,0.341677188873291,0.0,0.02251177281141281,0.0,2.0,0.517257571220398,0.4998992681503296,0.506823718547821,0.517257571220398,0.4998992681503296,0.506823718547821,0.2969294786453247,0.1249748095870018,0.169912189245224,0.0,0.0,0.0,0.24818509817123413,0.08169034123420715,0.11397054046392441,0.0,0.0,0.0,0.0,1.0,1.0,1.0,0.0,0.0,0.0,0.0,1.0,1.0,1.0,1.0,1.3694121837615967,1.3694121837615967,0.31118181347846985,0.0,0.31118181347846985,0.0,0.0,0.0,0.2969294786453247,0.1249748095870018,0.169912189245224,0.0,0.31118181347846985,0.0,0.0,4.158009052276611,4.158008575439453,0.35425740480422974,0.0,284.89471435546875,284.89471435546875,256.0,256.0,230.98643493652344,230.98643493652344,0.0,0.4716014266014099,2.8283708095550537,0.9305424094200134,4.013332366943359,0.04909859597682953,4.158009052276611,4.158008575439453,0.35425740480422974,0.0,284.89471435546875,284.89471435546875,256.0,256.0,230.98643493652344,230.98643493652344,0.0,0.4716014266014099,2.8283708095550537,0.9305424094200134,4.013332366943359,0.04909859597682953,0,16,9.03573226928711,1,etrace-cb64r16-smoke-default-s123-d123-b64ga4-2080ti,/home/lyj/mnt/project/zoology/zoology/experiments/flash_vqg/scripts/20260625-01-flash-vqg-early-window-trace/outputs/traces/2080ti/smoke-default-s123/train_step_2,2,[441],20260625-01-flash-vqg-early-window-trace,2080ti,smoke-default-s123,/home/lyj/mnt/project/zoology/zoology/experiments/flash_vqg/scripts/20260625-01-flash-vqg-early-window-trace/outputs/traces/2080ti/smoke-default-s123/early_window_metrics.jsonl,,
0.0,0.0,0.0,1.0,0.0,0.0,0.0,0.5,0.5,0.0,0.0,0.25,1.0,0.14461518824100494,0.05000000819563866,0.2853860855102539,0.06277664005756378,0.96875,0.1456606090068817,0.12229201197624207,0.0,0.0,8192.0,0.0,0.0,3.455838441848755,0.3407163619995117,0.0,0.022652488201856613,0.0,2.0,0.5000001192092896,0.5,0.5,0.5000001192092896,0.5,0.5,0.28917381167411804,0.125,0.16582965850830078,0.0,0.0,0.0,0.22665639221668243,0.08149529993534088,0.1112910732626915,0.0,0.0,0.0,0.0,1.0,1.0,1.0,0.0,0.0,0.0,0.0,1.0,1.0,1.0,1.0,1.372265338897705,1.372265338897705,0.30548614263534546,0.0,0.30548614263534546,0.0,0.0,0.0,0.28917381167411804,0.125,0.16582965850830078,0.0,0.30548614263534546,0.0,0.0,0.0,0.0,0.0,1.0,0.0,0.0,0.0,0.5,0.5,0.0,0.0,0.25,1.0,0.14461518824100494,0.05000000819563866,0.2853860855102539,0.06277664005756378,0.96875,0.1456606090068817,0.12229201197624207,0.0,0.0,8192.0,0.0,0.0,3.455838441848755,0.3407163619995117,0.0,0.022652488201856613,0.0,2.0,0.5000001192092896,0.5,0.5,0.5000001192092896,0.5,0.5,0.28917381167411804,0.125,0.16582965850830078,0.0,0.0,0.0,0.22665639221668243,0.08149529993534088,0.1112910732626915,0.0,0.0,0.0,0.0,1.0,1.0,1.0,0.0,0.0,0.0,0.0,1.0,1.0,1.0,1.0,1.372265338897705,1.372265338897705,0.30548614263534546,0.0,0.30548614263534546,0.0,0.0,0.0,0.28917381167411804,0.125,0.16582965850830078,0.0,0.30548614263534546,0.0,0.0,4.1586995124816895,4.1586995124816895,0.35355308651924133,0.0,268.9447021484375,268.9447021484375,256.0,256.0,245.896484375,245.896484375,0.0,0.45164692401885986,2.8283700942993164,0.9507300853729248,4.037928581237793,0.04475907236337662,4.1586995124816895,4.1586995124816895,0.35355308651924133,0.0,268.9447021484375,268.9447021484375,256.0,256.0,245.896484375,245.896484375,0.0,0.45164692401885986,2.8283700942993164,0.9507300853729248,4.037928581237793,0.04475907236337662,0,16,9.037312507629395,1,etrace-cb64r16-smoke-default-s123-d123-b64ga4-2080ti,/home/lyj/mnt/project/zoology/zoology/experiments/flash_vqg/scripts/20260625-01-flash-vqg-early-window-trace/outputs/traces/2080ti/smoke-default-s123/train_step_0,0,[441],20260625-01-flash-vqg-early-window-trace,2080ti,smoke-default-s123,/home/lyj/mnt/project/zoology/zoology/experiments/flash_vqg/scripts/20260625-01-flash-vqg-early-window-trace/outputs/traces/2080ti/smoke-default-s123/early_window_metrics.jsonl,,
0.0,0.0,0.0,1.0,0.0,0.04286269098520279,0.008686303161084652,0.5103156566619873,0.4997946619987488,0.0,0.0,0.24999266862869263,1.0,0.1430312693119049,0.04997401311993599,0.29636815190315247,0.06270049512386322,0.96875,0.15129809081554413,0.12608611583709717,0.08709716796875,1.0,8192.0,0.91290283203125,0.09716796875,3.4538564682006836,0.34150075912475586,0.0,0.02258065901696682,0.0,2.0,0.5103156566619873,0.4997946619987488,0.5042482018470764,0.5103156566619873,0.4997946619987488,0.5042482018470764,0.2887936532497406,0.1249486654996872,0.16794055700302124,0.0,0.0,0.0,0.2392229586839676,0.08156385272741318,0.11272444576025009,0.0,0.0,0.0,0.0,1.0,1.0,1.0,0.0,0.0,0.0,0.0,1.0,1.0,1.0,1.0,1.3708045482635498,1.3708045482635498,0.3084745407104492,0.0,0.3084745407104492,0.0,0.0,0.0,0.2887936532497406,0.1249486654996872,0.16794055700302124,0.0,0.3084745407104492,0.0,0.0,0.0,0.0,0.0,1.0,0.0,0.04286269098520279,0.008686303161084652,0.5103156566619873,0.4997946619987488,0.0,0.0,0.24999266862869263,1.0,0.1430312693119049,0.04997401311993599,0.29636815190315247,0.06270049512386322,0.96875,0.15129809081554413,0.12608611583709717,0.08709716796875,1.0,8192.0,0.91290283203125,0.09716796875,3.4538564682006836,0.34150075912475586,0.0,0.02258065901696682,0.0,2.0,0.5103156566619873,0.4997946619987488,0.5042482018470764,0.5103156566619873,0.4997946619987488,0.5042482018470764,0.2887936532497406,0.1249486654996872,0.16794055700302124,0.0,0.0,0.0,0.2392229586839676,0.08156385272741318,0.11272444576025009,0.0,0.0,0.0,0.0,1.0,1.0,1.0,0.0,0.0,0.0,0.0,1.0,1.0,1.0,1.0,1.3708045482635498,1.3708045482635498,0.3084745407104492,0.0,0.3084745407104492,0.0,0.0,0.0,0.2887936532497406,0.1249486654996872,0.16794055700302124,0.0,0.3084745407104492,0.0,0.0,4.158520698547363,4.158520698547363,0.3538801968097687,0.0,271.99639892578125,271.99639892578125,256.0,256.0,238.16372680664062,238.16372680664062,0.0,0.4612869918346405,2.8283700942993164,0.9404135942459106,4.025516986846924,0.046972278505563736,4.158520698547363,4.158520698547363,0.3538801968097687,0.0,271.99639892578125,271.99639892578125,256.0,256.0,238.16372680664062,238.16372680664062,0.0,0.4612869918346405,2.8283700942993164,0.9404135942459106,4.025516986846924,0.046972278505563736,0,16,9.036267280578613,1,etrace-cb64r16-smoke-default-s123-d123-b64ga4-2080ti,/home/lyj/mnt/project/zoology/zoology/experiments/flash_vqg/scripts/20260625-01-flash-vqg-early-window-trace/outputs/traces/2080ti/smoke-default-s123/train_step_1,1,[441],20260625-01-flash-vqg-early-window-trace,2080ti,smoke-default-s123,/home/lyj/mnt/project/zoology/zoology/experiments/flash_vqg/scripts/20260625-01-flash-vqg-early-window-trace/outputs/traces/2080ti/smoke-default-s123/early_window_metrics.jsonl,,
0.0,0.0,0.0,1.0,0.0,0.0690579041838646,0.013409076258540154,0.5172576308250427,0.4998992681503296,0.0,0.0,0.24998243153095245,1.0,0.1408398598432541,0.050036802887916565,0.3044206500053406,0.06262030452489853,0.96875,0.15668828785419464,0.12983718514442444,0.07049560546875,1.0,8192.0,0.92950439453125,0.0782470703125,3.451984405517578,0.341677188873291,0.0,0.02251177281141281,0.0,2.0,0.517257571220398,0.4998992681503296,0.506823718547821,0.517257571220398,0.4998992681503296,0.506823718547821,0.2969294786453247,0.1249748095870018,0.169912189245224,0.0,0.0,0.0,0.24818509817123413,0.08169034123420715,0.11397054046392441,0.0,0.0,0.0,0.0,1.0,1.0,1.0,0.0,0.0,0.0,0.0,1.0,1.0,1.0,1.0,1.3694121837615967,1.3694121837615967,0.31118181347846985,0.0,0.31118181347846985,0.0,0.0,0.0,0.2969294786453247,0.1249748095870018,0.169912189245224,0.0,0.31118181347846985,0.0,0.0,0.0,0.0,0.0,1.0,0.0,0.0690579041838646,0.013409076258540154,0.5172576308250427,0.4998992681503296,0.0,0.0,0.24998243153095245,1.0,0.1408398598432541,0.050036802887916565,0.3044206500053406,0.06262030452489853,0.96875,0.15668828785419464,0.12983718514442444,0.07049560546875,1.0,8192.0,0.92950439453125,0.0782470703125,3.451984405517578,0.341677188873291,0.0,0.02251177281141281,0.0,2.0,0.517257571220398,0.4998992681503296,0.506823718547821,0.517257571220398,0.4998992681503296,0.506823718547821,0.2969294786453247,0.1249748095870018,0.169912189245224,0.0,0.0,0.0,0.24818509817123413,0.08169034123420715,0.11397054046392441,0.0,0.0,0.0,0.0,1.0,1.0,1.0,0.0,0.0,0.0,0.0,1.0,1.0,1.0,1.0,1.3694121837615967,1.3694121837615967,0.31118181347846985,0.0,0.31118181347846985,0.0,0.0,0.0,0.2969294786453247,0.1249748095870018,0.169912189245224,0.0,0.31118181347846985,0.0,0.0,4.158009052276611,4.158008575439453,0.35425740480422974,0.0,284.89471435546875,284.89471435546875,256.0,256.0,230.98643493652344,230.98643493652344,0.0,0.4716014266014099,2.8283708095550537,0.9305424094200134,4.013332366943359,0.04909859597682953,4.158009052276611,4.158008575439453,0.35425740480422974,0.0,284.89471435546875,284.89471435546875,256.0,256.0,230.98643493652344,230.98643493652344,0.0,0.4716014266014099,2.8283708095550537,0.9305424094200134,4.013332366943359,0.04909859597682953,0,16,9.03573226928711,1,etrace-cb64r16-smoke-default-s123-d123-b64ga4-2080ti,/home/lyj/mnt/project/zoology/zoology/experiments/flash_vqg/scripts/20260625-01-flash-vqg-early-window-trace/outputs/traces/2080ti/smoke-default-s123/train_step_2,2,[441],20260625-01-flash-vqg-early-window-trace,2080ti,smoke-default-s123,/home/lyj/mnt/project/zoology/zoology/experiments/flash_vqg/scripts/20260625-01-flash-vqg-early-window-trace/outputs/traces/2080ti/smoke-default-s123/early_window_metrics.jsonl,,
0.0,0.0,0.0,1.0,0.0,0.0,0.0,0.5,0.5,0.0,0.0,0.25,1.0,0.14461518824100494,0.05000000819563866,0.2853860855102539,0.06277664005756378,0.96875,0.1456606090068817,0.12229201197624207,0.0,0.0,8192.0,0.0,0.0,3.455838441848755,0.3407163619995117,0.0,0.022652488201856613,0.0,2.0,0.5000001192092896,0.5,0.5,0.5000001192092896,0.5,0.5,0.28917381167411804,0.125,0.16582965850830078,0.0,0.0,0.0,0.22665639221668243,0.08149529993534088,0.1112910732626915,0.0,0.0,0.0,0.0,1.0,1.0,1.0,0.0,0.0,0.0,0.0,1.0,1.0,1.0,1.0,1.372265338897705,1.372265338897705,0.30548614263534546,0.0,0.30548614263534546,0.0,0.0,0.0,0.28917381167411804,0.125,0.16582965850830078,0.0,0.30548614263534546,0.0,0.0,0.0,0.0,0.0,1.0,0.0,0.0,0.0,0.5,0.5,0.0,0.0,0.25,1.0,0.14461518824100494,0.05000000819563866,0.2853860855102539,0.06277664005756378,0.96875,0.1456606090068817,0.12229201197624207,0.0,0.0,8192.0,0.0,0.0,3.455838441848755,0.3407163619995117,0.0,0.022652488201856613,0.0,2.0,0.5000001192092896,0.5,0.5,0.5000001192092896,0.5,0.5,0.28917381167411804,0.125,0.16582965850830078,0.0,0.0,0.0,0.22665639221668243,0.08149529993534088,0.1112910732626915,0.0,0.0,0.0,0.0,1.0,1.0,1.0,0.0,0.0,0.0,0.0,1.0,1.0,1.0,1.0,1.372265338897705,1.372265338897705,0.30548614263534546,0.0,0.30548614263534546,0.0,0.0,0.0,0.28917381167411804,0.125,0.16582965850830078,0.0,0.30548614263534546,0.0,0.0,4.1586995124816895,4.1586995124816895,0.35355308651924133,0.0,268.9447021484375,268.9447021484375,256.0,256.0,245.896484375,245.896484375,0.0,0.45164692401885986,2.8283700942993164,0.9507300853729248,4.037928581237793,0.04475907236337662,4.1586995124816895,4.1586995124816895,0.35355308651924133,0.0,268.9447021484375,268.9447021484375,256.0,256.0,245.896484375,245.896484375,0.0,0.45164692401885986,2.8283700942993164,0.9507300853729248,4.037928581237793,0.04475907236337662,0,16,9.037312507629395,1,etrace-cb64r16-smoke-default-s123-d123-b64ga4-2080ti,/home/lyj/mnt/project/zoology/zoology/experiments/flash_vqg/scripts/20260625-01-flash-vqg-early-window-trace/outputs/traces/2080ti/smoke-default-s123/train_step_0,0,[441],20260625-01-flash-vqg-early-window-trace,2080ti,smoke-default-s123,/home/lyj/mnt/project/zoology/zoology/experiments/flash_vqg/scripts/20260625-01-flash-vqg-early-window-trace/outputs/traces/2080ti/smoke-default-s123/early_window_metrics.jsonl,,
0.0,0.0,0.0,1.0,0.0,0.04286269098520279,0.008686303161084652,0.5103156566619873,0.4997946619987488,0.0,0.0,0.24999266862869263,1.0,0.1430312693119049,0.04997401311993599,0.29636815190315247,0.06270049512386322,0.96875,0.15129809081554413,0.12608611583709717,0.08709716796875,1.0,8192.0,0.91290283203125,0.09716796875,3.4538564682006836,0.34150075912475586,0.0,0.02258065901696682,0.0,2.0,0.5103156566619873,0.4997946619987488,0.5042482018470764,0.5103156566619873,0.4997946619987488,0.5042482018470764,0.2887936532497406,0.1249486654996872,0.16794055700302124,0.0,0.0,0.0,0.2392229586839676,0.08156385272741318,0.11272444576025009,0.0,0.0,0.0,0.0,1.0,1.0,1.0,0.0,0.0,0.0,0.0,1.0,1.0,1.0,1.0,1.3708045482635498,1.3708045482635498,0.3084745407104492,0.0,0.3084745407104492,0.0,0.0,0.0,0.2887936532497406,0.1249486654996872,0.16794055700302124,0.0,0.3084745407104492,0.0,0.0,0.0,0.0,0.0,1.0,0.0,0.04286269098520279,0.008686303161084652,0.5103156566619873,0.4997946619987488,0.0,0.0,0.24999266862869263,1.0,0.1430312693119049,0.04997401311993599,0.29636815190315247,0.06270049512386322,0.96875,0.15129809081554413,0.12608611583709717,0.08709716796875,1.0,8192.0,0.91290283203125,0.09716796875,3.4538564682006836,0.34150075912475586,0.0,0.02258065901696682,0.0,2.0,0.5103156566619873,0.4997946619987488,0.5042482018470764,0.5103156566619873,0.4997946619987488,0.5042482018470764,0.2887936532497406,0.1249486654996872,0.16794055700302124,0.0,0.0,0.0,0.2392229586839676,0.08156385272741318,0.11272444576025009,0.0,0.0,0.0,0.0,1.0,1.0,1.0,0.0,0.0,0.0,0.0,1.0,1.0,1.0,1.0,1.3708045482635498,1.3708045482635498,0.3084745407104492,0.0,0.3084745407104492,0.0,0.0,0.0,0.2887936532497406,0.1249486654996872,0.16794055700302124,0.0,0.3084745407104492,0.0,0.0,4.158520698547363,4.158520698547363,0.3538801968097687,0.0,271.99639892578125,271.99639892578125,256.0,256.0,238.16372680664062,238.16372680664062,0.0,0.4612869918346405,2.8283700942993164,0.9404135942459106,4.025516986846924,0.046972278505563736,4.158520698547363,4.158520698547363,0.3538801968097687,0.0,271.99639892578125,271.99639892578125,256.0,256.0,238.16372680664062,238.16372680664062,0.0,0.4612869918346405,2.8283700942993164,0.9404135942459106,4.025516986846924,0.046972278505563736,0,16,9.036267280578613,1,etrace-cb64r16-smoke-default-s123-d123-b64ga4-2080ti,/home/lyj/mnt/project/zoology/zoology/experiments/flash_vqg/scripts/20260625-01-flash-vqg-early-window-trace/outputs/traces/2080ti/smoke-default-s123/train_step_1,1,[441],20260625-01-flash-vqg-early-window-trace,2080ti,smoke-default-s123,/home/lyj/mnt/project/zoology/zoology/experiments/flash_vqg/scripts/20260625-01-flash-vqg-early-window-trace/outputs/traces/2080ti/smoke-default-s123/early_window_metrics.jsonl,,
0.0,0.0,0.0,1.0,0.0,0.0690579041838646,0.013409076258540154,0.5172576308250427,0.4998992681503296,0.0,0.0,0.24998243153095245,1.0,0.1408398598432541,0.050036802887916565,0.3044206500053406,0.06262030452489853,0.96875,0.15668828785419464,0.12983718514442444,0.07049560546875,1.0,8192.0,0.92950439453125,0.0782470703125,3.451984405517578,0.341677188873291,0.0,0.02251177281141281,0.0,2.0,0.517257571220398,0.4998992681503296,0.506823718547821,0.517257571220398,0.4998992681503296,0.506823718547821,0.2969294786453247,0.1249748095870018,0.169912189245224,0.0,0.0,0.0,0.24818509817123413,0.08169034123420715,0.11397054046392441,0.0,0.0,0.0,0.0,1.0,1.0,1.0,0.0,0.0,0.0,0.0,1.0,1.0,1.0,1.0,1.3694121837615967,1.3694121837615967,0.31118181347846985,0.0,0.31118181347846985,0.0,0.0,0.0,0.2969294786453247,0.1249748095870018,0.169912189245224,0.0,0.31118181347846985,0.0,0.0,0.0,0.0,0.0,1.0,0.0,0.0690579041838646,0.013409076258540154,0.5172576308250427,0.4998992681503296,0.0,0.0,0.24998243153095245,1.0,0.1408398598432541,0.050036802887916565,0.3044206500053406,0.06262030452489853,0.96875,0.15668828785419464,0.12983718514442444,0.07049560546875,1.0,8192.0,0.92950439453125,0.0782470703125,3.451984405517578,0.341677188873291,0.0,0.02251177281141281,0.0,2.0,0.517257571220398,0.4998992681503296,0.506823718547821,0.517257571220398,0.4998992681503296,0.506823718547821,0.2969294786453247,0.1249748095870018,0.169912189245224,0.0,0.0,0.0,0.24818509817123413,0.08169034123420715,0.11397054046392441,0.0,0.0,0.0,0.0,1.0,1.0,1.0,0.0,0.0,0.0,0.0,1.0,1.0,1.0,1.0,1.3694121837615967,1.3694121837615967,0.31118181347846985,0.0,0.31118181347846985,0.0,0.0,0.0,0.2969294786453247,0.1249748095870018,0.169912189245224,0.0,0.31118181347846985,0.0,0.0,4.158009052276611,4.158008575439453,0.35425740480422974,0.0,284.89471435546875,284.89471435546875,256.0,256.0,230.98643493652344,230.98643493652344,0.0,0.4716014266014099,2.8283708095550537,0.9305424094200134,4.013332366943359,0.04909859597682953,4.158009052276611,4.158008575439453,0.35425740480422974,0.0,284.89471435546875,284.89471435546875,256.0,256.0,230.98643493652344,230.98643493652344,0.0,0.4716014266014099,2.8283708095550537,0.9305424094200134,4.013332366943359,0.04909859597682953,0,16,9.03573226928711,1,etrace-cb64r16-smoke-default-s123-d123-b64ga4-2080ti,/home/lyj/mnt/project/zoology/zoology/experiments/flash_vqg/scripts/20260625-01-flash-vqg-early-window-trace/outputs/traces/2080ti/smoke-default-s123/train_step_2,2,[441],20260625-01-flash-vqg-early-window-trace,2080ti,smoke-default-s123,/home/lyj/mnt/project/zoology/zoology/experiments/flash_vqg/scripts/20260625-01-flash-vqg-early-window-trace/outputs/traces/2080ti/smoke-default-s123/early_window_metrics.jsonl,,
0.0,0.0,0.0,1.0,0.0,0.0,0.0,0.5,0.5,0.0,0.0,0.25,1.0,0.14461518824100494,0.05000000819563866,0.2853860855102539,0.06277664005756378,0.96875,0.1456606090068817,0.12229201197624207,0.0,0.0,8192.0,0.0,0.0,3.455838441848755,0.3407163619995117,0.0,0.022652488201856613,0.0,2.0,0.5000001192092896,0.5,0.5,0.5000001192092896,0.5,0.5,0.28917381167411804,0.125,0.16582965850830078,0.0,0.0,0.0,0.22665639221668243,0.08149529993534088,0.1112910732626915,0.0,0.0,0.0,0.0,1.0,1.0,1.0,0.0,0.0,0.0,0.0,1.0,1.0,1.0,1.0,1.372265338897705,1.372265338897705,0.30548614263534546,0.0,0.30548614263534546,0.0,0.0,0.0,0.28917381167411804,0.125,0.16582965850830078,0.0,0.30548614263534546,0.0,0.0,0.0,0.0,0.0,1.0,0.0,0.0,0.0,0.5,0.5,0.0,0.0,0.25,1.0,0.14461518824100494,0.05000000819563866,0.2853860855102539,0.06277664005756378,0.96875,0.1456606090068817,0.12229201197624207,0.0,0.0,8192.0,0.0,0.0,3.455838441848755,0.3407163619995117,0.0,0.022652488201856613,0.0,2.0,0.5000001192092896,0.5,0.5,0.5000001192092896,0.5,0.5,0.28917381167411804,0.125,0.16582965850830078,0.0,0.0,0.0,0.22665639221668243,0.08149529993534088,0.1112910732626915,0.0,0.0,0.0,0.0,1.0,1.0,1.0,0.0,0.0,0.0,0.0,1.0,1.0,1.0,1.0,1.372265338897705,1.372265338897705,0.30548614263534546,0.0,0.30548614263534546,0.0,0.0,0.0,0.28917381167411804,0.125,0.16582965850830078,0.0,0.30548614263534546,0.0,0.0,4.1586995124816895,4.1586995124816895,0.35355308651924133,0.0,268.9447021484375,268.9447021484375,256.0,256.0,245.896484375,245.896484375,0.0,0.45164692401885986,2.8283700942993164,0.9507300853729248,4.037928581237793,0.04475907236337662,4.1586995124816895,4.1586995124816895,0.35355308651924133,0.0,268.9447021484375,268.9447021484375,256.0,256.0,245.896484375,245.896484375,0.0,0.45164692401885986,2.8283700942993164,0.9507300853729248,4.037928581237793,0.04475907236337662,0,16,9.037312507629395,1,etrace-cb64r16-smoke-default-s123-d123-b64ga4-2080ti,/home/lyj/mnt/project/zoology/zoology/experiments/flash_vqg/scripts/20260625-01-flash-vqg-early-window-trace/outputs/traces/2080ti/smoke-default-s123/train_step_0,0,[441],20260625-01-flash-vqg-early-window-trace,2080ti,smoke-default-s123,/home/lyj/mnt/project/zoology/zoology/experiments/flash_vqg/scripts/20260625-01-flash-vqg-early-window-trace/outputs/traces/2080ti/smoke-default-s123/early_window_metrics.jsonl,,
0.0,0.0,0.0,1.0,0.0,0.04286269098520279,0.008686303161084652,0.5103156566619873,0.4997946619987488,0.0,0.0,0.24999266862869263,1.0,0.1430312693119049,0.04997401311993599,0.29636815190315247,0.06270049512386322,0.96875,0.15129809081554413,0.12608611583709717,0.08709716796875,1.0,8192.0,0.91290283203125,0.09716796875,3.4538564682006836,0.34150075912475586,0.0,0.02258065901696682,0.0,2.0,0.5103156566619873,0.4997946619987488,0.5042482018470764,0.5103156566619873,0.4997946619987488,0.5042482018470764,0.2887936532497406,0.1249486654996872,0.16794055700302124,0.0,0.0,0.0,0.2392229586839676,0.08156385272741318,0.11272444576025009,0.0,0.0,0.0,0.0,1.0,1.0,1.0,0.0,0.0,0.0,0.0,1.0,1.0,1.0,1.0,1.3708045482635498,1.3708045482635498,0.3084745407104492,0.0,0.3084745407104492,0.0,0.0,0.0,0.2887936532497406,0.1249486654996872,0.16794055700302124,0.0,0.3084745407104492,0.0,0.0,0.0,0.0,0.0,1.0,0.0,0.04286269098520279,0.008686303161084652,0.5103156566619873,0.4997946619987488,0.0,0.0,0.24999266862869263,1.0,0.1430312693119049,0.04997401311993599,0.29636815190315247,0.06270049512386322,0.96875,0.15129809081554413,0.12608611583709717,0.08709716796875,1.0,8192.0,0.91290283203125,0.09716796875,3.4538564682006836,0.34150075912475586,0.0,0.02258065901696682,0.0,2.0,0.5103156566619873,0.4997946619987488,0.5042482018470764,0.5103156566619873,0.4997946619987488,0.5042482018470764,0.2887936532497406,0.1249486654996872,0.16794055700302124,0.0,0.0,0.0,0.2392229586839676,0.08156385272741318,0.11272444576025009,0.0,0.0,0.0,0.0,1.0,1.0,1.0,0.0,0.0,0.0,0.0,1.0,1.0,1.0,1.0,1.3708045482635498,1.3708045482635498,0.3084745407104492,0.0,0.3084745407104492,0.0,0.0,0.0,0.2887936532497406,0.1249486654996872,0.16794055700302124,0.0,0.3084745407104492,0.0,0.0,4.158520698547363,4.158520698547363,0.3538801968097687,0.0,271.99639892578125,271.99639892578125,256.0,256.0,238.16372680664062,238.16372680664062,0.0,0.4612869918346405,2.8283700942993164,0.9404135942459106,4.025516986846924,0.046972278505563736,4.158520698547363,4.158520698547363,0.3538801968097687,0.0,271.99639892578125,271.99639892578125,256.0,256.0,238.16372680664062,238.16372680664062,0.0,0.4612869918346405,2.8283700942993164,0.9404135942459106,4.025516986846924,0.046972278505563736,0,16,9.036267280578613,1,etrace-cb64r16-smoke-default-s123-d123-b64ga4-2080ti,/home/lyj/mnt/project/zoology/zoology/experiments/flash_vqg/scripts/20260625-01-flash-vqg-early-window-trace/outputs/traces/2080ti/smoke-default-s123/train_step_1,1,[441],20260625-01-flash-vqg-early-window-trace,2080ti,smoke-default-s123,/home/lyj/mnt/project/zoology/zoology/experiments/flash_vqg/scripts/20260625-01-flash-vqg-early-window-trace/outputs/traces/2080ti/smoke-default-s123/early_window_metrics.jsonl,,
0.0,0.0,0.0,1.0,0.0,0.0690579041838646,0.013409076258540154,0.5172576308250427,0.4998992681503296,0.0,0.0,0.24998243153095245,1.0,0.1408398598432541,0.050036802887916565,0.3044206500053406,0.06262030452489853,0.96875,0.15668828785419464,0.12983718514442444,0.07049560546875,1.0,8192.0,0.92950439453125,0.0782470703125,3.451984405517578,0.341677188873291,0.0,0.02251177281141281,0.0,2.0,0.517257571220398,0.4998992681503296,0.506823718547821,0.517257571220398,0.4998992681503296,0.506823718547821,0.2969294786453247,0.1249748095870018,0.169912189245224,0.0,0.0,0.0,0.24818509817123413,0.08169034123420715,0.11397054046392441,0.0,0.0,0.0,0.0,1.0,1.0,1.0,0.0,0.0,0.0,0.0,1.0,1.0,1.0,1.0,1.3694121837615967,1.3694121837615967,0.31118181347846985,0.0,0.31118181347846985,0.0,0.0,0.0,0.2969294786453247,0.1249748095870018,0.169912189245224,0.0,0.31118181347846985,0.0,0.0,0.0,0.0,0.0,1.0,0.0,0.0690579041838646,0.013409076258540154,0.5172576308250427,0.4998992681503296,0.0,0.0,0.24998243153095245,1.0,0.1408398598432541,0.050036802887916565,0.3044206500053406,0.06262030452489853,0.96875,0.15668828785419464,0.12983718514442444,0.07049560546875,1.0,8192.0,0.92950439453125,0.0782470703125,3.451984405517578,0.341677188873291,0.0,0.02251177281141281,0.0,2.0,0.517257571220398,0.4998992681503296,0.506823718547821,0.517257571220398,0.4998992681503296,0.506823718547821,0.2969294786453247,0.1249748095870018,0.169912189245224,0.0,0.0,0.0,0.24818509817123413,0.08169034123420715,0.11397054046392441,0.0,0.0,0.0,0.0,1.0,1.0,1.0,0.0,0.0,0.0,0.0,1.0,1.0,1.0,1.0,1.3694121837615967,1.3694121837615967,0.31118181347846985,0.0,0.31118181347846985,0.0,0.0,0.0,0.2969294786453247,0.1249748095870018,0.169912189245224,0.0,0.31118181347846985,0.0,0.0,4.158009052276611,4.158008575439453,0.35425740480422974,0.0,284.89471435546875,284.89471435546875,256.0,256.0,230.98643493652344,230.98643493652344,0.0,0.4716014266014099,2.8283708095550537,0.9305424094200134,4.013332366943359,0.04909859597682953,4.158009052276611,4.158008575439453,0.35425740480422974,0.0,284.89471435546875,284.89471435546875,256.0,256.0,230.98643493652344,230.98643493652344,0.0,0.4716014266014099,2.8283708095550537,0.9305424094200134,4.013332366943359,0.04909859597682953,0,16,9.03573226928711,1,etrace-cb64r16-smoke-default-s123-d123-b64ga4-2080ti,/home/lyj/mnt/project/zoology/zoology/experiments/flash_vqg/scripts/20260625-01-flash-vqg-early-window-trace/outputs/traces/2080ti/smoke-default-s123/train_step_2,2,[441],20260625-01-flash-vqg-early-window-trace,2080ti,smoke-default-s123,/home/lyj/mnt/project/zoology/zoology/experiments/flash_vqg/scripts/20260625-01-flash-vqg-early-window-trace/outputs/traces/2080ti/smoke-default-s123/early_window_metrics.jsonl,,
0.0,0.0,0.0,1.0,0.0,0.0,0.0,0.5,0.5,0.0,0.0,0.25,1.0,0.04819762706756592,0.05000000819563866,0.09111104905605316,0.020476488396525383,0.96875,0.1456606090068817,0.12229201197624207,0.0,0.0,8192.0,0.0,0.0,3.455838441848755,0.3407163619995117,0.0,0.022652488201856613,0.0,2.0,0.1599999964237213,0.1599999964237213,0.1599999964237213,0.5000001192092896,0.5,0.5,0.28917381167411804,0.125,0.16582965850830078,0.0,0.0,0.0,0.039753250777721405,0.02626413106918335,0.03095998242497444,0.0,0.0,0.0,0.0,1.0,1.0,1.0,0.0,0.0,0.0,0.0,1.0,1.0,1.0,1.0,1.372265338897705,1.372265338897705,0.30548614263534546,0.0,0.30548614263534546,1.0,0.0,0.03999999910593033,0.03999999910593033,0.03999999910593033,0.03999999910593033,0.03999999910593033,0.25,0.0,0.0,0.0,0.0,0.0,1.0,0.0,0.0,0.0,0.5,0.5,0.0,0.0,0.25,1.0,0.04819762706756592,0.05000000819563866,0.09111104905605316,0.020476488396525383,0.96875,0.1456606090068817,0.12229201197624207,0.0,0.0,8192.0,0.0,0.0,3.455838441848755,0.3407163619995117,0.0,0.022652488201856613,0.0,2.0,0.1599999964237213,0.1599999964237213,0.1599999964237213,0.5000001192092896,0.5,0.5,0.28917381167411804,0.125,0.16582965850830078,0.0,0.0,0.0,0.039753250777721405,0.02626413106918335,0.03095998242497444,0.0,0.0,0.0,0.0,1.0,1.0,1.0,0.0,0.0,0.0,0.0,1.0,1.0,1.0,1.0,1.372265338897705,1.372265338897705,0.30548614263534546,0.0,0.30548614263534546,1.0,0.0,0.03999999910593033,0.03999999910593033,0.03999999910593033,0.03999999910593033,0.03999999910593033,0.25,0.0,0.0,4.1586995124816895,4.1586995124816895,0.35355308651924133,0.0,268.9447021484375,268.9447021484375,256.0,256.0,245.896484375,245.896484375,0.0,0.45164692401885986,2.8283700942993164,0.9507300853729248,4.037928581237793,0.04475907236337662,4.1586995124816895,4.1586995124816895,0.35355308651924133,0.0,268.9447021484375,268.9447021484375,256.0,256.0,245.896484375,245.896484375,0.0,0.45164692401885986,2.8283700942993164,0.9507300853729248,4.037928581237793,0.04475907236337662,0,16,9.037308692932129,1,etrace-cb64r16-smoke-hard04-s123-d123-b64ga4-2080ti,/home/lyj/mnt/project/zoology/zoology/experiments/flash_vqg/scripts/20260625-01-flash-vqg-early-window-trace/outputs/traces/2080ti/smoke-hard04-s123/train_step_0,0,[441],20260625-01-flash-vqg-early-window-trace,2080ti,smoke-hard04-s123,/home/lyj/mnt/project/zoology/zoology/experiments/flash_vqg/scripts/20260625-01-flash-vqg-early-window-trace/outputs/traces/2080ti/smoke-hard04-s123/early_window_metrics.jsonl,1.0,1.0
0.0,0.0,0.0,1.0,0.0,0.0,0.0,0.5,0.5,0.0,0.0,0.25,1.0,0.04762294888496399,0.049968086183071136,0.0984356552362442,0.02044108510017395,0.96875,0.15129786729812622,0.1260852962732315,0.088134765625,1.0,8192.0,0.911865234375,0.0972900390625,3.4538800716400146,0.34156084060668945,0.0,0.022579438984394073,0.0,2.0,0.1599999964237213,0.1599999964237213,0.1599999964237213,0.5000000596046448,0.5,0.5,0.2901941239833832,0.125,0.1679261028766632,0.0,0.0,0.0,0.039798539131879807,0.026295451447367668,0.031003590673208237,0.0,0.0,0.0,0.0,1.0,1.0,1.0,0.0,0.0,0.0,0.0,1.0,1.0,1.0,1.0,1.370804786682129,1.370804786682129,0.30847400426864624,0.0,0.30847400426864624,1.0,0.0,0.03999999910593033,0.03999999910593033,0.03999999910593033,0.03999999910593033,0.03999999910593033,0.25,0.0,0.0,0.0,0.0,0.0,1.0,0.0,0.0,0.0,0.5,0.5,0.0,0.0,0.25,1.0,0.04762294888496399,0.049968086183071136,0.0984356552362442,0.02044108510017395,0.96875,0.15129786729812622,0.1260852962732315,0.088134765625,1.0,8192.0,0.911865234375,0.0972900390625,3.4538800716400146,0.34156084060668945,0.0,0.022579438984394073,0.0,2.0,0.1599999964237213,0.1599999964237213,0.1599999964237213,0.5000000596046448,0.5,0.5,0.2901941239833832,0.125,0.1679261028766632,0.0,0.0,0.0,0.039798539131879807,0.026295451447367668,0.031003590673208237,0.0,0.0,0.0,0.0,1.0,1.0,1.0,0.0,0.0,0.0,0.0,1.0,1.0,1.0,1.0,1.370804786682129,1.370804786682129,0.30847400426864624,0.0,0.30847400426864624,1.0,0.0,0.03999999910593033,0.03999999910593033,0.03999999910593033,0.03999999910593033,0.03999999910593033,0.25,0.0,0.0,4.158520698547363,4.158520698547363,0.35388046503067017,0.0,271.9986877441406,271.9986877441406,256.0,256.0,238.16299438476562,238.16299438476562,0.0,0.46128785610198975,2.8283700942993164,0.9404140710830688,4.025516510009766,0.04697209596633911,4.158520698547363,4.158520698547363,0.35388046503067017,0.0,271.9986877441406,271.9986877441406,256.0,256.0,238.16299438476562,238.16299438476562,0.0,0.46128785610198975,2.8283700942993164,0.9404140710830688,4.025516510009766,0.04697209596633911,0,16,9.036264419555664,1,etrace-cb64r16-smoke-hard04-s123-d123-b64ga4-2080ti,/home/lyj/mnt/project/zoology/zoology/experiments/flash_vqg/scripts/20260625-01-flash-vqg-early-window-trace/outputs/traces/2080ti/smoke-hard04-s123/train_step_1,1,[441],20260625-01-flash-vqg-early-window-trace,2080ti,smoke-hard04-s123,/home/lyj/mnt/project/zoology/zoology/experiments/flash_vqg/scripts/20260625-01-flash-vqg-early-window-trace/outputs/traces/2080ti/smoke-hard04-s123/early_window_metrics.jsonl,1.0,1.0
0.0,0.0,0.0,1.0,0.0,0.0,0.0,0.5,0.5,0.0,0.0,0.25,1.0,0.04681292921304703,0.05001014471054077,0.10997401177883148,0.020399663597345352,0.96875,0.15668804943561554,0.12983694672584534,0.0697021484375,1.0,8192.0,0.9302978515625,0.0775146484375,3.4520254135131836,0.34166085720062256,0.0,0.02250538393855095,0.0,2.0,0.1599999964237213,0.1599999964237213,0.1599999964237213,0.5000000596046448,0.5,0.5,0.2998207211494446,0.125,0.16993066668510437,0.0,0.0,0.0,0.039800796657800674,0.026332251727581024,0.031063295900821686,0.0,0.0,0.0,0.0,1.0,1.0,1.0,0.0,0.0,0.0,0.0,1.0,1.0,1.0,1.0,1.3694124221801758,1.3694124221801758,0.3111804127693176,0.0,0.3111804127693176,1.0,0.0,0.03999999910593033,0.03999999910593033,0.03999999910593033,0.03999999910593033,0.03999999910593033,0.25,0.0,0.0,0.0,0.0,0.0,1.0,0.0,0.0,0.0,0.5,0.5,0.0,0.0,0.25,1.0,0.04681292921304703,0.05001014471054077,0.10997401177883148,0.020399663597345352,0.96875,0.15668804943561554,0.12983694672584534,0.0697021484375,1.0,8192.0,0.9302978515625,0.0775146484375,3.4520254135131836,0.34166085720062256,0.0,0.02250538393855095,0.0,2.0,0.1599999964237213,0.1599999964237213,0.1599999964237213,0.5000000596046448,0.5,0.5,0.2998207211494446,0.125,0.16993066668510437,0.0,0.0,0.0,0.039800796657800674,0.026332251727581024,0.031063295900821686,0.0,0.0,0.0,0.0,1.0,1.0,1.0,0.0,0.0,0.0,0.0,1.0,1.0,1.0,1.0,1.3694124221801758,1.3694124221801758,0.3111804127693176,0.0,0.3111804127693176,1.0,0.0,0.03999999910593033,0.03999999910593033,0.03999999910593033,0.03999999910593033,0.03999999910593033,0.25,0.0,0.0,4.1580095291137695,4.1580095291137695,0.3542576730251312,0.0,284.8913269042969,284.8913269042969,256.0,256.0,230.98724365234375,230.98724365234375,0.0,0.47160181403160095,2.8283708095550537,0.930543065071106,4.013332366943359,0.04909825325012207,4.1580095291137695,4.1580095291137695,0.3542576730251312,0.0,284.8913269042969,284.8913269042969,256.0,256.0,230.98724365234375,230.98724365234375,0.0,0.47160181403160095,2.8283708095550537,0.930543065071106,4.013332366943359,0.04909825325012207,0,16,9.035737037658691,1,etrace-cb64r16-smoke-hard04-s123-d123-b64ga4-2080ti,/home/lyj/mnt/project/zoology/zoology/experiments/flash_vqg/scripts/20260625-01-flash-vqg-early-window-trace/outputs/traces/2080ti/smoke-hard04-s123/train_step_2,2,[441],20260625-01-flash-vqg-early-window-trace,2080ti,smoke-hard04-s123,/home/lyj/mnt/project/zoology/zoology/experiments/flash_vqg/scripts/20260625-01-flash-vqg-early-window-trace/outputs/traces/2080ti/smoke-hard04-s123/early_window_metrics.jsonl,1.0,1.0
0.0,0.0,0.0,1.0,0.0,0.0,0.0,0.5,0.5,0.0,0.0,0.25,1.0,0.04819762706756592,0.05000000819563866,0.09111104905605316,0.020476488396525383,0.96875,0.1456606090068817,0.12229201197624207,0.0,0.0,8192.0,0.0,0.0,3.455838441848755,0.3407163619995117,0.0,0.022652488201856613,0.0,2.0,0.1599999964237213,0.1599999964237213,0.1599999964237213,0.5000001192092896,0.5,0.5,0.28917381167411804,0.125,0.16582965850830078,0.0,0.0,0.0,0.039753250777721405,0.02626413106918335,0.03095998242497444,0.0,0.0,0.0,0.0,1.0,1.0,1.0,0.0,0.0,0.0,0.0,1.0,1.0,1.0,1.0,1.372265338897705,1.372265338897705,0.30548614263534546,0.0,0.30548614263534546,1.0,0.0,0.03999999910593033,0.03999999910593033,0.03999999910593033,0.03999999910593033,0.03999999910593033,0.25,0.0,0.0,0.0,0.0,0.0,1.0,0.0,0.0,0.0,0.5,0.5,0.0,0.0,0.25,1.0,0.04819762706756592,0.05000000819563866,0.09111104905605316,0.020476488396525383,0.96875,0.1456606090068817,0.12229201197624207,0.0,0.0,8192.0,0.0,0.0,3.455838441848755,0.3407163619995117,0.0,0.022652488201856613,0.0,2.0,0.1599999964237213,0.1599999964237213,0.1599999964237213,0.5000001192092896,0.5,0.5,0.28917381167411804,0.125,0.16582965850830078,0.0,0.0,0.0,0.039753250777721405,0.02626413106918335,0.03095998242497444,0.0,0.0,0.0,0.0,1.0,1.0,1.0,0.0,0.0,0.0,0.0,1.0,1.0,1.0,1.0,1.372265338897705,1.372265338897705,0.30548614263534546,0.0,0.30548614263534546,1.0,0.0,0.03999999910593033,0.03999999910593033,0.03999999910593033,0.03999999910593033,0.03999999910593033,0.25,0.0,0.0,4.1586995124816895,4.1586995124816895,0.35355308651924133,0.0,268.9447021484375,268.9447021484375,256.0,256.0,245.896484375,245.896484375,0.0,0.45164692401885986,2.8283700942993164,0.9507300853729248,4.037928581237793,0.04475907236337662,4.1586995124816895,4.1586995124816895,0.35355308651924133,0.0,268.9447021484375,268.9447021484375,256.0,256.0,245.896484375,245.896484375,0.0,0.45164692401885986,2.8283700942993164,0.9507300853729248,4.037928581237793,0.04475907236337662,0,16,9.037308692932129,1,etrace-cb64r16-smoke-hard04-s123-d123-b64ga4-2080ti,/home/lyj/mnt/project/zoology/zoology/experiments/flash_vqg/scripts/20260625-01-flash-vqg-early-window-trace/outputs/traces/2080ti/smoke-hard04-s123/train_step_0,0,[441],20260625-01-flash-vqg-early-window-trace,2080ti,smoke-hard04-s123,/home/lyj/mnt/project/zoology/zoology/experiments/flash_vqg/scripts/20260625-01-flash-vqg-early-window-trace/outputs/traces/2080ti/smoke-hard04-s123/early_window_metrics.jsonl,1.0,1.0
0.0,0.0,0.0,1.0,0.0,0.0,0.0,0.5,0.5,0.0,0.0,0.25,1.0,0.04762294888496399,0.049968086183071136,0.0984356552362442,0.02044108510017395,0.96875,0.15129786729812622,0.1260852962732315,0.088134765625,1.0,8192.0,0.911865234375,0.0972900390625,3.4538800716400146,0.34156084060668945,0.0,0.022579438984394073,0.0,2.0,0.1599999964237213,0.1599999964237213,0.1599999964237213,0.5000000596046448,0.5,0.5,0.2901941239833832,0.125,0.1679261028766632,0.0,0.0,0.0,0.039798539131879807,0.026295451447367668,0.031003590673208237,0.0,0.0,0.0,0.0,1.0,1.0,1.0,0.0,0.0,0.0,0.0,1.0,1.0,1.0,1.0,1.370804786682129,1.370804786682129,0.30847400426864624,0.0,0.30847400426864624,1.0,0.0,0.03999999910593033,0.03999999910593033,0.03999999910593033,0.03999999910593033,0.03999999910593033,0.25,0.0,0.0,0.0,0.0,0.0,1.0,0.0,0.0,0.0,0.5,0.5,0.0,0.0,0.25,1.0,0.04762294888496399,0.049968086183071136,0.0984356552362442,0.02044108510017395,0.96875,0.15129786729812622,0.1260852962732315,0.088134765625,1.0,8192.0,0.911865234375,0.0972900390625,3.4538800716400146,0.34156084060668945,0.0,0.022579438984394073,0.0,2.0,0.1599999964237213,0.1599999964237213,0.1599999964237213,0.5000000596046448,0.5,0.5,0.2901941239833832,0.125,0.1679261028766632,0.0,0.0,0.0,0.039798539131879807,0.026295451447367668,0.031003590673208237,0.0,0.0,0.0,0.0,1.0,1.0,1.0,0.0,0.0,0.0,0.0,1.0,1.0,1.0,1.0,1.370804786682129,1.370804786682129,0.30847400426864624,0.0,0.30847400426864624,1.0,0.0,0.03999999910593033,0.03999999910593033,0.03999999910593033,0.03999999910593033,0.03999999910593033,0.25,0.0,0.0,4.158520698547363,4.158520698547363,0.35388046503067017,0.0,271.9986877441406,271.9986877441406,256.0,256.0,238.16299438476562,238.16299438476562,0.0,0.46128785610198975,2.8283700942993164,0.9404140710830688,4.025516510009766,0.04697209596633911,4.158520698547363,4.158520698547363,0.35388046503067017,0.0,271.9986877441406,271.9986877441406,256.0,256.0,238.16299438476562,238.16299438476562,0.0,0.46128785610198975,2.8283700942993164,0.9404140710830688,4.025516510009766,0.04697209596633911,0,16,9.036264419555664,1,etrace-cb64r16-smoke-hard04-s123-d123-b64ga4-2080ti,/home/lyj/mnt/project/zoology/zoology/experiments/flash_vqg/scripts/20260625-01-flash-vqg-early-window-trace/outputs/traces/2080ti/smoke-hard04-s123/train_step_1,1,[441],20260625-01-flash-vqg-early-window-trace,2080ti,smoke-hard04-s123,/home/lyj/mnt/project/zoology/zoology/experiments/flash_vqg/scripts/20260625-01-flash-vqg-early-window-trace/outputs/traces/2080ti/smoke-hard04-s123/early_window_metrics.jsonl,1.0,1.0
0.0,0.0,0.0,1.0,0.0,0.0,0.0,0.5,0.5,0.0,0.0,0.25,1.0,0.04681292921304703,0.05001014471054077,0.10997401177883148,0.020399663597345352,0.96875,0.15668804943561554,0.12983694672584534,0.0697021484375,1.0,8192.0,0.9302978515625,0.0775146484375,3.4520254135131836,0.34166085720062256,0.0,0.02250538393855095,0.0,2.0,0.1599999964237213,0.1599999964237213,0.1599999964237213,0.5000000596046448,0.5,0.5,0.2998207211494446,0.125,0.16993066668510437,0.0,0.0,0.0,0.039800796657800674,0.026332251727581024,0.031063295900821686,0.0,0.0,0.0,0.0,1.0,1.0,1.0,0.0,0.0,0.0,0.0,1.0,1.0,1.0,1.0,1.3694124221801758,1.3694124221801758,0.3111804127693176,0.0,0.3111804127693176,1.0,0.0,0.03999999910593033,0.03999999910593033,0.03999999910593033,0.03999999910593033,0.03999999910593033,0.25,0.0,0.0,0.0,0.0,0.0,1.0,0.0,0.0,0.0,0.5,0.5,0.0,0.0,0.25,1.0,0.04681292921304703,0.05001014471054077,0.10997401177883148,0.020399663597345352,0.96875,0.15668804943561554,0.12983694672584534,0.0697021484375,1.0,8192.0,0.9302978515625,0.0775146484375,3.4520254135131836,0.34166085720062256,0.0,0.02250538393855095,0.0,2.0,0.1599999964237213,0.1599999964237213,0.1599999964237213,0.5000000596046448,0.5,0.5,0.2998207211494446,0.125,0.16993066668510437,0.0,0.0,0.0,0.039800796657800674,0.026332251727581024,0.031063295900821686,0.0,0.0,0.0,0.0,1.0,1.0,1.0,0.0,0.0,0.0,0.0,1.0,1.0,1.0,1.0,1.3694124221801758,1.3694124221801758,0.3111804127693176,0.0,0.3111804127693176,1.0,0.0,0.03999999910593033,0.03999999910593033,0.03999999910593033,0.03999999910593033,0.03999999910593033,0.25,0.0,0.0,4.1580095291137695,4.1580095291137695,0.3542576730251312,0.0,284.8913269042969,284.8913269042969,256.0,256.0,230.98724365234375,230.98724365234375,0.0,0.47160181403160095,2.8283708095550537,0.930543065071106,4.013332366943359,0.04909825325012207,4.1580095291137695,4.1580095291137695,0.3542576730251312,0.0,284.8913269042969,284.8913269042969,256.0,256.0,230.98724365234375,230.98724365234375,0.0,0.47160181403160095,2.8283708095550537,0.930543065071106,4.013332366943359,0.04909825325012207,0,16,9.035737037658691,1,etrace-cb64r16-smoke-hard04-s123-d123-b64ga4-2080ti,/home/lyj/mnt/project/zoology/zoology/experiments/flash_vqg/scripts/20260625-01-flash-vqg-early-window-trace/outputs/traces/2080ti/smoke-hard04-s123/train_step_2,2,[441],20260625-01-flash-vqg-early-window-trace,2080ti,smoke-hard04-s123,/home/lyj/mnt/project/zoology/zoology/experiments/flash_vqg/scripts/20260625-01-flash-vqg-early-window-trace/outputs/traces/2080ti/smoke-hard04-s123/early_window_metrics.jsonl,1.0,1.0
0.0,0.0,0.0,1.0,0.0,0.0,0.0,0.5,0.5,0.0,0.0,0.25,1.0,0.04819762706756592,0.05000000819563866,0.09111104905605316,0.020476488396525383,0.96875,0.1456606090068817,0.12229201197624207,0.0,0.0,8192.0,0.0,0.0,3.455838441848755,0.3407163619995117,0.0,0.022652488201856613,0.0,2.0,0.1599999964237213,0.1599999964237213,0.1599999964237213,0.5000001192092896,0.5,0.5,0.28917381167411804,0.125,0.16582965850830078,0.0,0.0,0.0,0.039753250777721405,0.02626413106918335,0.03095998242497444,0.0,0.0,0.0,0.0,1.0,1.0,1.0,0.0,0.0,0.0,0.0,1.0,1.0,1.0,1.0,1.372265338897705,1.372265338897705,0.30548614263534546,0.0,0.30548614263534546,1.0,0.0,0.03999999910593033,0.03999999910593033,0.03999999910593033,0.03999999910593033,0.03999999910593033,0.25,0.0,0.0,0.0,0.0,0.0,1.0,0.0,0.0,0.0,0.5,0.5,0.0,0.0,0.25,1.0,0.04819762706756592,0.05000000819563866,0.09111104905605316,0.020476488396525383,0.96875,0.1456606090068817,0.12229201197624207,0.0,0.0,8192.0,0.0,0.0,3.455838441848755,0.3407163619995117,0.0,0.022652488201856613,0.0,2.0,0.1599999964237213,0.1599999964237213,0.1599999964237213,0.5000001192092896,0.5,0.5,0.28917381167411804,0.125,0.16582965850830078,0.0,0.0,0.0,0.039753250777721405,0.02626413106918335,0.03095998242497444,0.0,0.0,0.0,0.0,1.0,1.0,1.0,0.0,0.0,0.0,0.0,1.0,1.0,1.0,1.0,1.372265338897705,1.372265338897705,0.30548614263534546,0.0,0.30548614263534546,1.0,0.0,0.03999999910593033,0.03999999910593033,0.03999999910593033,0.03999999910593033,0.03999999910593033,0.25,0.0,0.0,4.1586995124816895,4.1586995124816895,0.35355308651924133,0.0,268.9447021484375,268.9447021484375,256.0,256.0,245.896484375,245.896484375,0.0,0.45164692401885986,2.8283700942993164,0.9507300853729248,4.037928581237793,0.04475907236337662,4.1586995124816895,4.1586995124816895,0.35355308651924133,0.0,268.9447021484375,268.9447021484375,256.0,256.0,245.896484375,245.896484375,0.0,0.45164692401885986,2.8283700942993164,0.9507300853729248,4.037928581237793,0.04475907236337662,0,16,9.037308692932129,1,etrace-cb64r16-smoke-hard04-s123-d123-b64ga4-2080ti,/home/lyj/mnt/project/zoology/zoology/experiments/flash_vqg/scripts/20260625-01-flash-vqg-early-window-trace/outputs/traces/2080ti/smoke-hard04-s123/train_step_0,0,[441],20260625-01-flash-vqg-early-window-trace,2080ti,smoke-hard04-s123,/home/lyj/mnt/project/zoology/zoology/experiments/flash_vqg/scripts/20260625-01-flash-vqg-early-window-trace/outputs/traces/2080ti/smoke-hard04-s123/early_window_metrics.jsonl,1.0,1.0
0.0,0.0,0.0,1.0,0.0,0.0,0.0,0.5,0.5,0.0,0.0,0.25,1.0,0.04762294888496399,0.049968086183071136,0.0984356552362442,0.02044108510017395,0.96875,0.15129786729812622,0.1260852962732315,0.088134765625,1.0,8192.0,0.911865234375,0.0972900390625,3.4538800716400146,0.34156084060668945,0.0,0.022579438984394073,0.0,2.0,0.1599999964237213,0.1599999964237213,0.1599999964237213,0.5000000596046448,0.5,0.5,0.2901941239833832,0.125,0.1679261028766632,0.0,0.0,0.0,0.039798539131879807,0.026295451447367668,0.031003590673208237,0.0,0.0,0.0,0.0,1.0,1.0,1.0,0.0,0.0,0.0,0.0,1.0,1.0,1.0,1.0,1.370804786682129,1.370804786682129,0.30847400426864624,0.0,0.30847400426864624,1.0,0.0,0.03999999910593033,0.03999999910593033,0.03999999910593033,0.03999999910593033,0.03999999910593033,0.25,0.0,0.0,0.0,0.0,0.0,1.0,0.0,0.0,0.0,0.5,0.5,0.0,0.0,0.25,1.0,0.04762294888496399,0.049968086183071136,0.0984356552362442,0.02044108510017395,0.96875,0.15129786729812622,0.1260852962732315,0.088134765625,1.0,8192.0,0.911865234375,0.0972900390625,3.4538800716400146,0.34156084060668945,0.0,0.022579438984394073,0.0,2.0,0.1599999964237213,0.1599999964237213,0.1599999964237213,0.5000000596046448,0.5,0.5,0.2901941239833832,0.125,0.1679261028766632,0.0,0.0,0.0,0.039798539131879807,0.026295451447367668,0.031003590673208237,0.0,0.0,0.0,0.0,1.0,1.0,1.0,0.0,0.0,0.0,0.0,1.0,1.0,1.0,1.0,1.370804786682129,1.370804786682129,0.30847400426864624,0.0,0.30847400426864624,1.0,0.0,0.03999999910593033,0.03999999910593033,0.03999999910593033,0.03999999910593033,0.03999999910593033,0.25,0.0,0.0,4.158520698547363,4.158520698547363,0.35388046503067017,0.0,271.9986877441406,271.9986877441406,256.0,256.0,238.16299438476562,238.16299438476562,0.0,0.46128785610198975,2.8283700942993164,0.9404140710830688,4.025516510009766,0.04697209596633911,4.158520698547363,4.158520698547363,0.35388046503067017,0.0,271.9986877441406,271.9986877441406,256.0,256.0,238.16299438476562,238.16299438476562,0.0,0.46128785610198975,2.8283700942993164,0.9404140710830688,4.025516510009766,0.04697209596633911,0,16,9.036264419555664,1,etrace-cb64r16-smoke-hard04-s123-d123-b64ga4-2080ti,/home/lyj/mnt/project/zoology/zoology/experiments/flash_vqg/scripts/20260625-01-flash-vqg-early-window-trace/outputs/traces/2080ti/smoke-hard04-s123/train_step_1,1,[441],20260625-01-flash-vqg-early-window-trace,2080ti,smoke-hard04-s123,/home/lyj/mnt/project/zoology/zoology/experiments/flash_vqg/scripts/20260625-01-flash-vqg-early-window-trace/outputs/traces/2080ti/smoke-hard04-s123/early_window_metrics.jsonl,1.0,1.0
0.0,0.0,0.0,1.0,0.0,0.0,0.0,0.5,0.5,0.0,0.0,0.25,1.0,0.04681292921304703,0.05001014471054077,0.10997401177883148,0.020399663597345352,0.96875,0.15668804943561554,0.12983694672584534,0.0697021484375,1.0,8192.0,0.9302978515625,0.0775146484375,3.4520254135131836,0.34166085720062256,0.0,0.02250538393855095,0.0,2.0,0.1599999964237213,0.1599999964237213,0.1599999964237213,0.5000000596046448,0.5,0.5,0.2998207211494446,0.125,0.16993066668510437,0.0,0.0,0.0,0.039800796657800674,0.026332251727581024,0.031063295900821686,0.0,0.0,0.0,0.0,1.0,1.0,1.0,0.0,0.0,0.0,0.0,1.0,1.0,1.0,1.0,1.3694124221801758,1.3694124221801758,0.3111804127693176,0.0,0.3111804127693176,1.0,0.0,0.03999999910593033,0.03999999910593033,0.03999999910593033,0.03999999910593033,0.03999999910593033,0.25,0.0,0.0,0.0,0.0,0.0,1.0,0.0,0.0,0.0,0.5,0.5,0.0,0.0,0.25,1.0,0.04681292921304703,0.05001014471054077,0.10997401177883148,0.020399663597345352,0.96875,0.15668804943561554,0.12983694672584534,0.0697021484375,1.0,8192.0,0.9302978515625,0.0775146484375,3.4520254135131836,0.34166085720062256,0.0,0.02250538393855095,0.0,2.0,0.1599999964237213,0.1599999964237213,0.1599999964237213,0.5000000596046448,0.5,0.5,0.2998207211494446,0.125,0.16993066668510437,0.0,0.0,0.0,0.039800796657800674,0.026332251727581024,0.031063295900821686,0.0,0.0,0.0,0.0,1.0,1.0,1.0,0.0,0.0,0.0,0.0,1.0,1.0,1.0,1.0,1.3694124221801758,1.3694124221801758,0.3111804127693176,0.0,0.3111804127693176,1.0,0.0,0.03999999910593033,0.03999999910593033,0.03999999910593033,0.03999999910593033,0.03999999910593033,0.25,0.0,0.0,4.1580095291137695,4.1580095291137695,0.3542576730251312,0.0,284.8913269042969,284.8913269042969,256.0,256.0,230.98724365234375,230.98724365234375,0.0,0.47160181403160095,2.8283708095550537,0.930543065071106,4.013332366943359,0.04909825325012207,4.1580095291137695,4.1580095291137695,0.3542576730251312,0.0,284.8913269042969,284.8913269042969,256.0,256.0,230.98724365234375,230.98724365234375,0.0,0.47160181403160095,2.8283708095550537,0.930543065071106,4.013332366943359,0.04909825325012207,0,16,9.035737037658691,1,etrace-cb64r16-smoke-hard04-s123-d123-b64ga4-2080ti,/home/lyj/mnt/project/zoology/zoology/experiments/flash_vqg/scripts/20260625-01-flash-vqg-early-window-trace/outputs/traces/2080ti/smoke-hard04-s123/train_step_2,2,[441],20260625-01-flash-vqg-early-window-trace,2080ti,smoke-hard04-s123,/home/lyj/mnt/project/zoology/zoology/experiments/flash_vqg/scripts/20260625-01-flash-vqg-early-window-trace/outputs/traces/2080ti/smoke-hard04-s123/early_window_metrics.jsonl,1.0,1.0
0.0,0.0,0.0,1.0,0.0,0.0,0.0,0.5,0.5,0.0,0.0,0.25,1.0,0.14626435935497284,0.05000000819563866,0.3302895426750183,0.06287489831447601,0.96875,0.1458929479122162,0.12237026542425156,0.0,0.0,8192.0,0.0,0.0,3.454502582550049,0.3416420817375183,0.0,0.02280840463936329,0.0,2.0,0.5000000596046448,0.5,0.5,0.5000000596046448,0.5,0.5,0.3047100901603699,0.125,0.16598741710186005,0.0,0.0,0.0,0.20923224091529846,0.08164903521537781,0.11171120405197144,0.0,0.0,0.0,0.0,1.0,1.0,1.0,0.0,0.0,0.0,0.0,1.0,1.0,1.0,1.0,1.372100591659546,1.372100591659546,0.3058225214481354,0.0,0.3058225214481354,0.0,0.0,0.0,0.3047100901603699,0.125,0.16598741710186005,0.0,0.30582255125045776,0.0,0.0,0.0,0.0,0.0,1.0,0.0,0.0,0.0,0.5,0.5,0.0,0.0,0.25,1.0,0.14626435935497284,0.05000000819563866,0.3302895426750183,0.06287489831447601,0.96875,0.1458929479122162,0.12237026542425156,0.0,0.0,8192.0,0.0,0.0,3.454502582550049,0.3416420817375183,0.0,0.02280840463936329,0.0,2.0,0.5000000596046448,0.5,0.5,0.5000000596046448,0.5,0.5,0.3047100901603699,0.125,0.16598741710186005,0.0,0.0,0.0,0.20923224091529846,0.08164903521537781,0.11171120405197144,0.0,0.0,0.0,0.0,1.0,1.0,1.0,0.0,0.0,0.0,0.0,1.0,1.0,1.0,1.0,1.372100591659546,1.372100591659546,0.3058225214481354,0.0,0.3058225214481354,0.0,0.0,0.0,0.3047100901603699,0.125,0.16598741710186005,0.0,0.30582255125045776,0.0,0.0,4.158657073974609,4.158656597137451,0.35355308651924133,0.0,273.0969543457031,273.0969543457031,256.0,256.0,245.66976928710938,245.66976928710938,0.0,0.45227909088134766,2.8283698558807373,0.9503829479217529,4.037550926208496,0.0448933020234108,4.158657073974609,4.158656597137451,0.35355308651924133,0.0,273.0969543457031,273.0969543457031,256.0,256.0,245.66976928710938,245.66976928710938,0.0,0.45227909088134766,2.8283698558807373,0.9503829479217529,4.037550926208496,0.0448933020234108,0,16,9.039597511291504,1,etrace-cb64r16-default-s123-d123-b64ga4-3090,/home/lyj/mnt/project/zoology/zoology/experiments/flash_vqg/scripts/20260625-01-flash-vqg-early-window-trace/outputs/traces/3090/default-s123/train_step_0,0,[441],20260625-01-flash-vqg-early-window-trace,3090,default-s123,/home/lyj/mnt/project/zoology/zoology/experiments/flash_vqg/scripts/20260625-01-flash-vqg-early-window-trace/outputs/traces/3090/default-s123/early_window_metrics.jsonl,,
0.0,0.0,0.0,1.0,0.0,2.829603910446167,1.7382073402404785,0.3957454264163971,0.16087868809700012,0.0,0.0,0.13075900077819824,1.0,0.005210652016103268,0.0069085839204490185,1.0304522514343262,0.010448720306158066,0.953765869140625,0.5950415134429932,0.588006854057312,0.7523193359375,1.0,8192.0,0.2476806640625,0.8206787109375,3.454007387161255,0.35007864236831665,0.0,0.15996712446212769,0.0,2.0,0.3957454264163971,0.16087868809700012,0.2678242623806,0.3957454264163971,0.16087868809700012,0.2678242623806,0.34324753284454346,0.04021966829895973,0.18879345059394836,0.0,0.0,0.0,0.3555375337600708,0.023554017767310143,0.11307430267333984,0.0,0.0,0.0,0.0,1.0,1.0,1.0,0.0,0.0,0.0,0.0,1.0,1.0,1.0,1.0,0.5506643056869507,0.5506643056869507,0.8625548481941223,0.0,0.8625548481941223,0.0,0.0,0.0,0.34324753284454346,0.04021966829895973,0.18879345059394836,0.0,0.8625548481941223,0.0,0.0,0.0,0.0,0.0,1.0,0.0,2.829603910446167,1.7382073402404785,0.3957454264163971,0.16087868809700012,0.0,0.0,0.13075900077819824,1.0,0.005210652016103268,0.0069085839204490185,1.0304522514343262,0.010448720306158066,0.953765869140625,0.5950415134429932,0.588006854057312,0.7523193359375,1.0,8192.0,0.2476806640625,0.8206787109375,3.454007387161255,0.35007864236831665,0.0,0.15996712446212769,0.0,2.0,0.3957454264163971,0.16087868809700012,0.2678242623806,0.3957454264163971,0.16087868809700012,0.2678242623806,0.34324753284454346,0.04021966829895973,0.18879345059394836,0.0,0.0,0.0,0.3555375337600708,0.023554017767310143,0.11307430267333984,0.0,0.0,0.0,0.0,1.0,1.0,1.0,0.0,0.0,0.0,0.0,1.0,1.0,1.0,1.0,0.5506643056869507,0.5506643056869507,0.8625548481941223,0.0,0.8625548481941223,0.0,0.0,0.0,0.34324753284454346,0.04021966829895973,0.18879345059394836,0.0,0.8625548481941223,0.0,0.0,2.573300838470459,2.573300361633301,0.368167519569397,0.015625,8409.29296875,8409.29296875,256.0,256.0,22.416215896606445,22.416215896606445,0.015625,1.9049351215362549,2.8284263610839844,0.34306493401527405,2.572322368621826,0.5132625102996826,2.573300838470459,2.573300361633301,0.368167519569397,0.015625,8409.29296875,8409.29296875,256.0,256.0,22.416215896606445,22.416215896606445,0.015625,1.9049351215362549,2.8284263610839844,0.34306493401527405,2.572322368621826,0.5132625102996826,0,16,8.677420616149902,1,etrace-cb64r16-default-s123-d123-b64ga4-3090,/home/lyj/mnt/project/zoology/zoology/experiments/flash_vqg/scripts/20260625-01-flash-vqg-early-window-trace/outputs/traces/3090/default-s123/train_step_64,64,[441],20260625-01-flash-vqg-early-window-trace,3090,default-s123,/home/lyj/mnt/project/zoology/zoology/experiments/flash_vqg/scripts/20260625-01-flash-vqg-early-window-trace/outputs/traces/3090/default-s123/early_window_metrics.jsonl,,
0.0,0.0,0.0,1.0,0.0,4.6316399574279785,2.581609010696411,0.6104451417922974,0.10017900168895721,0.0,0.410980224609375,0.0835326611995697,1.0,0.02733754925429821,0.0016658511012792587,0.803647518157959,0.00884079746901989,0.9444580078125,0.7703597545623779,0.7658039927482605,0.79071044921875,1.0,8192.0,0.20928955078125,0.94775390625,1.002964973449707,3.008380889892578,0.0,0.6748678684234619,0.0,2.0,0.6104451417922974,0.10017899423837662,0.2513672411441803,0.6104451417922974,0.10017899423837662,0.2513672411441803,0.5676710605621338,0.025044748559594154,0.15806561708450317,0.0,0.0,0.0,0.4871711730957031,0.013414403423666954,0.08386746048927307,0.0,0.0,0.0,0.0,1.0,1.0,1.0,0.0,0.0,0.0,0.0,1.0,1.0,1.0,1.0,0.33583059906959534,0.33583059906959534,0.928423285484314,0.0,0.928423285484314,0.0,0.0,0.0,0.5676710605621338,0.025044748559594154,0.15806561708450317,0.0,0.928423285484314,0.0,0.0,0.0,0.0,0.0,1.0,0.0,4.6316399574279785,2.581609010696411,0.6104451417922974,0.10017900168895721,0.0,0.410980224609375,0.0835326611995697,1.0,0.02733754925429821,0.0016658511012792587,0.803647518157959,0.00884079746901989,0.9444580078125,0.7703597545623779,0.7658039927482605,0.79071044921875,1.0,8192.0,0.20928955078125,0.94775390625,1.002964973449707,3.008380889892578,0.0,0.6748678684234619,0.0,2.0,0.6104451417922974,0.10017899423837662,0.2513672411441803,0.6104451417922974,0.10017899423837662,0.2513672411441803,0.5676710605621338,0.025044748559594154,0.15806561708450317,0.0,0.0,0.0,0.4871711730957031,0.013414403423666954,0.08386746048927307,0.0,0.0,0.0,0.0,1.0,1.0,1.0,0.0,0.0,0.0,0.0,1.0,1.0,1.0,1.0,0.33583059906959534,0.33583059906959534,0.928423285484314,0.0,0.928423285484314,0.0,0.0,0.0,0.5676710605621338,0.025044748559594154,0.15806561708450317,0.0,0.928423285484314,0.0,0.0,1.677454948425293,1.677455186843872,0.3695123791694641,0.015625,11718.2451171875,11718.2451171875,256.0,256.0,13.314508438110352,13.314508438110352,0.1484375,2.666048526763916,2.8284263610839844,0.06867252290248871,1.6773054599761963,0.7152249217033386,1.677454948425293,1.677455186843872,0.3695123791694641,0.015625,11718.2451171875,11718.2451171875,256.0,256.0,13.314508438110352,13.314508438110352,0.1484375,2.666048526763916,2.8284263610839844,0.06867252290248871,1.6773054599761963,0.7152249217033386,0,16,8.453656196594238,1,etrace-cb64r16-default-s123-d123-b64ga4-3090,/home/lyj/mnt/project/zoology/zoology/experiments/flash_vqg/scripts/20260625-01-flash-vqg-early-window-trace/outputs/traces/3090/default-s123/train_step_130,130,[441],20260625-01-flash-vqg-early-window-trace,3090,default-s123,/home/lyj/mnt/project/zoology/zoology/experiments/flash_vqg/scripts/20260625-01-flash-vqg-early-window-trace/outputs/traces/3090/default-s123/early_window_metrics.jsonl,,
0.0,0.0,0.0,1.0,0.0,4.248346328735352,1.717808485031128,0.7372902035713196,0.3201179802417755,0.0,0.277801513671875,0.14452356100082397,1.0,0.002454182133078575,0.0007688379846513271,3.883634090423584,0.03283514827489853,0.940887451171875,0.7978954911231995,0.7947221994400024,0.20489501953125,1.0,8192.0,0.79510498046875,0.00146484375,0.17324870824813843,6.341907978057861,0.0,0.8984386920928955,0.0,2.0,0.7372901439666748,0.3201180100440979,0.643770694732666,0.7372901439666748,0.3201180100440979,0.643770694732666,0.695293128490448,0.08002950251102448,0.5648826956748962,0.0,0.0,0.0,1.0653562545776367,0.06175357848405838,0.47378766536712646,0.0,0.0,0.0,0.0,1.0,1.0,1.0,0.0,0.0,0.0,0.0,1.0,1.0,1.0,1.0,0.2971908450126648,0.2971908450126648,0.938694953918457,0.0,0.938694953918457,0.0,0.0,0.0,0.695293128490448,0.08002950251102448,0.5648826956748962,0.0,0.938694953918457,0.0,0.0,0.0,0.0,0.0,1.0,0.0,4.248346328735352,1.717808485031128,0.7372902035713196,0.3201179802417755,0.0,0.277801513671875,0.14452356100082397,1.0,0.002454182133078575,0.0007688379846513271,3.883634090423584,0.03283514827489853,0.940887451171875,0.7978954911231995,0.7947221994400024,0.20489501953125,1.0,8192.0,0.79510498046875,0.00146484375,0.17324870824813843,6.341907978057861,0.0,0.8984386920928955,0.0,2.0,0.7372901439666748,0.3201180100440979,0.643770694732666,0.7372901439666748,0.3201180100440979,0.643770694732666,0.695293128490448,0.08002950251102448,0.5648826956748962,0.0,0.0,0.0,1.0653562545776367,0.06175357848405838,0.47378766536712646,0.0,0.0,0.0,0.0,1.0,1.0,1.0,0.0,0.0,0.0,0.0,1.0,1.0,1.0,1.0,0.2971908450126648,0.2971908450126648,0.938694953918457,0.0,0.938694953918457,0.0,0.0,0.0,0.695293128490448,0.08002950251102448,0.5648826956748962,0.0,0.938694953918457,0.0,0.0,1.5161685943603516,1.5161685943603516,0.3679736256599426,0.015625,12271.263671875,12271.263671875,256.0,256.0,12.202409744262695,12.202409744262695,0.1796875,2.805586338043213,2.8284265995025635,0.03481939062476158,1.5159451961517334,0.7489784955978394,1.5161685943603516,1.5161685943603516,0.3679736256599426,0.015625,12271.263671875,12271.263671875,256.0,256.0,12.202409744262695,12.202409744262695,0.1796875,2.805586338043213,2.8284265995025635,0.03481939062476158,1.5159451961517334,0.7489784955978394,0,16,8.404013633728027,1,etrace-cb64r16-default-s123-d123-b64ga4-3090,/home/lyj/mnt/project/zoology/zoology/experiments/flash_vqg/scripts/20260625-01-flash-vqg-early-window-trace/outputs/traces/3090/default-s123/train_step_203,203,[441],20260625-01-flash-vqg-early-window-trace,3090,default-s123,/home/lyj/mnt/project/zoology/zoology/experiments/flash_vqg/scripts/20260625-01-flash-vqg-early-window-trace/outputs/traces/3090/default-s123/early_window_metrics.jsonl,,
0.0,0.0,0.0,1.0,0.0,5.396223068237305,2.8013195991516113,0.3953171670436859,0.08315759152173996,0.0,0.314971923828125,0.07285904884338379,1.0,0.44387146830558777,0.07967621088027954,2.715902328491211,0.046247974038124084,0.953948974609375,0.6919389963150024,0.400169312953949,0.4935302734375,1.0,8192.0,0.5064697265625,0.3089599609375,0.7808306217193604,3.8869080543518066,0.0,0.721360981464386,0.0,2.0,0.3953171968460083,0.08315759897232056,0.1861601173877716,0.3953171968460083,0.08315759897232056,0.1861601173877716,0.3732788562774658,0.02078939788043499,0.0958162397146225,0.0,0.0,0.0,0.6247768998146057,0.02269689366221428,0.09358814358711243,0.0,0.0,0.0,0.0,1.0,1.0,1.0,0.0,0.0,0.0,0.0,1.0,1.0,1.0,1.0,0.613179087638855,0.613179087638855,0.7844759821891785,0.0,0.7844759821891785,0.0,0.0,0.0,0.3732788562774658,0.02078939788043499,0.0958162397146225,0.0,0.7844759821891785,0.0,0.0,0.0,0.0,0.0,1.0,0.0,5.396223068237305,2.8013195991516113,0.3953171670436859,0.08315759152173996,0.0,0.314971923828125,0.07285904884338379,1.0,0.44387146830558777,0.07967621088027954,2.715902328491211,0.046247974038124084,0.953948974609375,0.6919389963150024,0.400169312953949,0.4935302734375,1.0,8192.0,0.5064697265625,0.3089599609375,0.7808306217193604,3.8869080543518066,0.0,0.721360981464386,0.0,2.0,0.3953171968460083,0.08315759897232056,0.1861601173877716,0.3953171968460083,0.08315759897232056,0.1861601173877716,0.3732788562774658,0.02078939788043499,0.0958162397146225,0.0,0.0,0.0,0.6247768998146057,0.02269689366221428,0.09358814358711243,0.0,0.0,0.0,0.0,1.0,1.0,1.0,0.0,0.0,0.0,0.0,1.0,1.0,1.0,1.0,0.613179087638855,0.613179087638855,0.7844759821891785,0.0,0.7844759821891785,0.0,0.0,0.0,0.3732788562774658,0.02078939788043499,0.0958162397146225,0.0,0.7844759821891785,0.0,0.0,2.2731447219848633,2.273144483566284,0.3685523569583893,0.015625,8772.0771484375,8772.0771484375,256.0000305175781,256.0000305175781,25.362552642822266,25.362552642822266,0.09375,2.2728238105773926,2.828425884246826,0.29293346405029297,2.1170434951782227,0.5723683834075928,2.2731447219848633,2.273144483566284,0.3685523569583893,0.015625,8772.0771484375,8772.0771484375,256.0000305175781,256.0000305175781,25.362552642822266,25.362552642822266,0.09375,2.2728238105773926,2.828425884246826,0.29293346405029297,2.1170434951782227,0.5723683834075928,0,16,7.796646595001221,1,etrace-cb64r16-default-s123-d123-b64ga4-3090,/home/lyj/mnt/project/zoology/zoology/experiments/flash_vqg/scripts/20260625-01-flash-vqg-early-window-trace/outputs/traces/3090/default-s123/train_step_352,352,[441],20260625-01-flash-vqg-early-window-trace,3090,default-s123,/home/lyj/mnt/project/zoology/zoology/experiments/flash_vqg/scripts/20260625-01-flash-vqg-early-window-trace/outputs/traces/3090/default-s123/early_window_metrics.jsonl,,
0.0,0.0,0.0,1.0,0.0,6.229844570159912,2.7940127849578857,0.4404395818710327,0.10449515283107758,0.0,0.32745361328125,0.08786021173000336,1.0,0.338482528924942,0.08728358149528503,3.439929246902466,0.08936364203691483,0.9528656005859375,0.7408809661865234,0.533861517906189,0.26983642578125,1.0,8192.0,0.73016357421875,0.1722412109375,0.5701113939285278,4.033731937408447,0.0,0.7870820760726929,0.0,2.0,0.4404395818710327,0.10449515283107758,0.21462665498256683,0.4404395818710327,0.10449515283107758,0.21462665498256683,0.41633543372154236,0.026123788207769394,0.12757083773612976,0.0,0.0,0.0,0.9783926010131836,0.029314802959561348,0.15417799353599548,0.0,0.0,0.0,0.0,1.0,1.0,1.0,0.0,0.0,0.0,0.0,1.0,1.0,1.0,1.0,0.5504186153411865,0.5504186153411865,0.8322775363922119,0.0,0.8322775363922119,0.0,0.0,0.0,0.41633543372154236,0.026123788207769394,0.12757083773612976,0.0,0.8322775363922119,0.0,0.0,0.0,0.0,0.0,1.0,0.0,6.229844570159912,2.7940127849578857,0.4404395818710327,0.10449515283107758,0.0,0.32745361328125,0.08786021173000336,1.0,0.338482528924942,0.08728358149528503,3.439929246902466,0.08936364203691483,0.9528656005859375,0.7408809661865234,0.533861517906189,0.26983642578125,1.0,8192.0,0.73016357421875,0.1722412109375,0.5701113939285278,4.033731937408447,0.0,0.7870820760726929,0.0,2.0,0.4404395818710327,0.10449515283107758,0.21462665498256683,0.4404395818710327,0.10449515283107758,0.21462665498256683,0.41633543372154236,0.026123788207769394,0.12757083773612976,0.0,0.0,0.0,0.9783926010131836,0.029314802959561348,0.15417799353599548,0.0,0.0,0.0,0.0,1.0,1.0,1.0,0.0,0.0,0.0,0.0,1.0,1.0,1.0,1.0,0.5504186153411865,0.5504186153411865,0.8322775363922119,0.0,0.8322775363922119,0.0,0.0,0.0,0.41633543372154236,0.026123788207769394,0.12757083773612976,0.0,0.8322775363922119,0.0,0.0,2.223814010620117,2.2238142490386963,0.37860631942749023,0.015625,8425.9765625,8425.9765625,256.0,256.0,20.422365188598633,20.422365188598633,0.09375,2.5083277225494385,2.828425884246826,0.21869133412837982,1.907926082611084,0.62746262550354,2.223814010620117,2.2238142490386963,0.37860631942749023,0.015625,8425.9765625,8425.9765625,256.0,256.0,20.422365188598633,20.422365188598633,0.09375,2.5083277225494385,2.828425884246826,0.21869133412837982,1.907926082611084,0.62746262550354,0,16,5.850886344909668,1,etrace-cb64r16-default-s123-d123-b64ga4-3090,/home/lyj/mnt/project/zoology/zoology/experiments/flash_vqg/scripts/20260625-01-flash-vqg-early-window-trace/outputs/traces/3090/default-s123/train_step_448,448,[441],20260625-01-flash-vqg-early-window-trace,3090,default-s123,/home/lyj/mnt/project/zoology/zoology/experiments/flash_vqg/scripts/20260625-01-flash-vqg-early-window-trace/outputs/traces/3090/default-s123/early_window_metrics.jsonl,,
0.0,0.0,0.0,1.0,0.0,7.435280799865723,2.8158059120178223,0.8251563310623169,0.1526383012533188,0.0,0.3409423828125,0.1126985177397728,1.0,0.30584821105003357,0.12374282628297806,4.441007137298584,0.22946597635746002,0.9491119384765625,0.760924220085144,0.5932175517082214,0.0135498046875,1.0,8192.0,0.9864501953125,0.0006103515625,1.085608720779419,2.546056032180786,0.0,0.6910521984100342,0.0,2.0,0.8251563310623169,0.1526383012533188,0.3071845769882202,0.8251563310623169,0.1526383012533188,0.3071845769882202,0.7824075818061829,0.0381595753133297,0.17849722504615784,0.0,0.0,0.0,2.695216417312622,0.06314656883478165,0.3414332866668701,0.0,0.0,0.0,0.0,1.0,1.0,1.0,0.0,0.0,0.0,0.0,1.0,1.0,1.0,1.0,0.5819984674453735,0.5819984674453735,0.8196347951889038,0.0,0.8196347951889038,0.0,0.0,0.0,0.7824075818061829,0.0381595753133297,0.17849722504615784,0.0,0.8196347951889038,0.0,0.0,0.0,0.0,0.0,1.0,0.0,7.435280799865723,2.8158059120178223,0.8251563310623169,0.1526383012533188,0.0,0.3409423828125,0.1126985177397728,1.0,0.30584821105003357,0.12374282628297806,4.441007137298584,0.22946597635746002,0.9491119384765625,0.760924220085144,0.5932175517082214,0.0135498046875,1.0,8192.0,0.9864501953125,0.0006103515625,1.085608720779419,2.546056032180786,0.0,0.6910521984100342,0.0,2.0,0.8251563310623169,0.1526383012533188,0.3071845769882202,0.8251563310623169,0.1526383012533188,0.3071845769882202,0.7824075818061829,0.0381595753133297,0.17849722504615784,0.0,0.0,0.0,2.695216417312622,0.06314656883478165,0.3414332866668701,0.0,0.0,0.0,0.0,1.0,1.0,1.0,0.0,0.0,0.0,0.0,1.0,1.0,1.0,1.0,0.5819984674453735,0.5819984674453735,0.8196347951889038,0.0,0.8196347951889038,0.0,0.0,0.0,0.7824075818061829,0.0381595753133297,0.17849722504615784,0.0,0.8196347951889038,0.0,0.0,2.2104179859161377,2.2104177474975586,0.3928039073944092,0.015625,8321.6484375,8321.6484375,256.0,256.0,15.42009449005127,15.42009449005127,0.1171875,2.628645420074463,2.828425884246826,0.17837202548980713,1.8190507888793945,0.6315511465072632,2.2104179859161377,2.2104177474975586,0.3928039073944092,0.015625,8321.6484375,8321.6484375,256.0,256.0,15.42009449005127,15.42009449005127,0.1171875,2.628645420074463,2.828425884246826,0.17837202548980713,1.8190507888793945,0.6315511465072632,1,16,3.728975296020508,1,etrace-cb64r16-default-s123-d123-b64ga4-3090,/home/lyj/mnt/project/zoology/zoology/experiments/flash_vqg/scripts/20260625-01-flash-vqg-early-window-trace/outputs/traces/3090/default-s123/train_step_705,705,[441],20260625-01-flash-vqg-early-window-trace,3090,default-s123,/home/lyj/mnt/project/zoology/zoology/experiments/flash_vqg/scripts/20260625-01-flash-vqg-early-window-trace/outputs/traces/3090/default-s123/early_window_metrics.jsonl,,
0.0,0.0,0.0,1.0,0.0,0.0,0.0,0.5,0.5,0.0,0.0,0.25,1.0,0.14065086841583252,0.05000000819563866,0.282053679227829,0.0628763809800148,0.96875,0.1461583822965622,0.12242943048477173,0.0,0.0,8192.0,0.0,0.0,3.4514923095703125,0.344255268573761,0.0,0.02268003299832344,0.0,2.0,0.5000001192092896,0.5,0.5,0.5000001192092896,0.5,0.5,0.3029380738735199,0.125,0.16585657000541687,0.0,0.0,0.0,0.20596343278884888,0.08187101781368256,0.1119132936000824,0.0,0.0,0.0,0.0,1.0,1.0,1.0,0.0,0.0,0.0,0.0,1.0,1.0,1.0,1.0,1.37211012840271,1.37211012840271,0.3056560158729553,0.0,0.3056560158729553,0.0,0.0,0.0,0.3029380738735199,0.125,0.16585657000541687,0.0,0.3056560158729553,0.0,0.0,0.0,0.0,0.0,1.0,0.0,0.0,0.0,0.5,0.5,0.0,0.0,0.25,1.0,0.14065086841583252,0.05000000819563866,0.282053679227829,0.0628763809800148,0.96875,0.1461583822965622,0.12242943048477173,0.0,0.0,8192.0,0.0,0.0,3.4514923095703125,0.344255268573761,0.0,0.02268003299832344,0.0,2.0,0.5000001192092896,0.5,0.5,0.5000001192092896,0.5,0.5,0.3029380738735199,0.125,0.16585657000541687,0.0,0.0,0.0,0.20596343278884888,0.08187101781368256,0.1119132936000824,0.0,0.0,0.0,0.0,1.0,1.0,1.0,0.0,0.0,0.0,0.0,1.0,1.0,1.0,1.0,1.37211012840271,1.37211012840271,0.3056560158729553,0.0,0.3056560158729553,0.0,0.0,0.0,0.3029380738735199,0.125,0.16585657000541687,0.0,0.3056560158729553,0.0,0.0,4.158696174621582,4.158695697784424,0.3535503149032593,0.0,270.5523986816406,270.5523986816406,256.0,256.0,245.70285034179688,245.70285034179688,0.0,0.4498360753059387,2.828371047973633,0.9495648145675659,4.03684139251709,0.04495184123516083,4.158696174621582,4.158695697784424,0.3535503149032593,0.0,270.5523986816406,270.5523986816406,256.0,256.0,245.70285034179688,245.70285034179688,0.0,0.4498360753059387,2.828371047973633,0.9495648145675659,4.03684139251709,0.04495184123516083,0,16,9.039852142333984,1,etrace-cb64r16-default-s124-d123-b64ga4-3090,/home/lyj/mnt/project/zoology/zoology/experiments/flash_vqg/scripts/20260625-01-flash-vqg-early-window-trace/outputs/traces/3090/default-s124/train_step_0,0,[441],20260625-01-flash-vqg-early-window-trace,3090,default-s124,/home/lyj/mnt/project/zoology/zoology/experiments/flash_vqg/scripts/20260625-01-flash-vqg-early-window-trace/outputs/traces/3090/default-s124/early_window_metrics.jsonl,,
0.0,0.0,0.0,1.0,0.0,3.1830859184265137,1.8767595291137695,0.40004342794418335,0.14503273367881775,0.0,0.00799560546875,0.12002883106470108,1.0,0.004507125820964575,0.008163257502019405,1.2979472875595093,0.009475708939135075,0.9531097412109375,0.5815459489822388,0.5709699392318726,0.74603271484375,1.0,8192.0,0.25396728515625,0.807861328125,3.4757676124572754,0.32434141635894775,0.0,0.153302863240242,0.0,2.0,0.40004342794418335,0.14503273367881775,0.24886393547058105,0.40004342794418335,0.14503273367881775,0.24886393547058105,0.3417375385761261,0.03625817969441414,0.17592312395572662,0.0,0.0,0.0,0.26229336857795715,0.02201475203037262,0.10813186317682266,0.0,0.0,0.0,0.0,1.0,1.0,1.0,0.0,0.0,0.0,0.0,1.0,1.0,1.0,1.0,0.5166020393371582,0.5166020393371582,0.8733955025672913,0.0,0.8733955025672913,0.0,0.0,0.0,0.3417375385761261,0.03625817969441414,0.17592312395572662,0.0,0.8733955025672913,0.0,0.0,0.0,0.0,0.0,1.0,0.0,3.1830859184265137,1.8767595291137695,0.40004342794418335,0.14503273367881775,0.0,0.00799560546875,0.12002883106470108,1.0,0.004507125820964575,0.008163257502019405,1.2979472875595093,0.009475708939135075,0.9531097412109375,0.5815459489822388,0.5709699392318726,0.74603271484375,1.0,8192.0,0.25396728515625,0.807861328125,3.4757676124572754,0.32434141635894775,0.0,0.153302863240242,0.0,2.0,0.40004342794418335,0.14503273367881775,0.24886393547058105,0.40004342794418335,0.14503273367881775,0.24886393547058105,0.3417375385761261,0.03625817969441414,0.17592312395572662,0.0,0.0,0.0,0.26229336857795715,0.02201475203037262,0.10813186317682266,0.0,0.0,0.0,0.0,1.0,1.0,1.0,0.0,0.0,0.0,0.0,1.0,1.0,1.0,1.0,0.5166020393371582,0.5166020393371582,0.8733955025672913,0.0,0.8733955025672913,0.0,0.0,0.0,0.3417375385761261,0.03625817969441414,0.17592312395572662,0.0,0.8733955025672913,0.0,0.0,2.618868350982666,2.618868350982666,0.3695509433746338,0.015625,8321.0439453125,8321.0439453125,256.0,256.0,23.051279067993164,23.051279067993164,0.015625,1.866828441619873,2.8284263610839844,0.3609875440597534,2.6175589561462402,0.5078762769699097,2.618868350982666,2.618868350982666,0.3695509433746338,0.015625,8321.0439453125,8321.0439453125,256.0,256.0,23.051279067993164,23.051279067993164,0.015625,1.866828441619873,2.8284263610839844,0.3609875440597534,2.6175589561462402,0.5078762769699097,0,16,8.701085090637207,1,etrace-cb64r16-default-s124-d123-b64ga4-3090,/home/lyj/mnt/project/zoology/zoology/experiments/flash_vqg/scripts/20260625-01-flash-vqg-early-window-trace/outputs/traces/3090/default-s124/train_step_64,64,[441],20260625-01-flash-vqg-early-window-trace,3090,default-s124,/home/lyj/mnt/project/zoology/zoology/experiments/flash_vqg/scripts/20260625-01-flash-vqg-early-window-trace/outputs/traces/3090/default-s124/early_window_metrics.jsonl,,
0.0,0.0,0.0,1.0,0.0,5.222827911376953,3.219437599182129,0.4184599220752716,0.06244315952062607,0.0,0.503631591796875,0.055153220891952515,1.0,0.033808235079050064,0.0020048683509230614,0.8957889080047607,0.008099868893623352,0.9458770751953125,0.7682417631149292,0.7639811635017395,0.752197265625,1.0,8192.0,0.247802734375,0.881591796875,2.072420358657837,1.3640674352645874,0.0,0.47020334005355835,0.0,2.0,0.4184599220752716,0.06244315952062607,0.17152321338653564,0.4184599220752716,0.06244315952062607,0.17152321338653564,0.38856229186058044,0.015610789880156517,0.09975658357143402,0.0,0.0,0.0,0.33957409858703613,0.009316274896264076,0.059653621166944504,0.0,0.0,0.0,0.0,1.0,1.0,1.0,0.0,0.0,0.0,0.0,1.0,1.0,1.0,1.0,0.3337072730064392,0.3337072730064392,0.928723156452179,0.0,0.928723156452179,0.0,0.0,0.0,0.38856229186058044,0.015610789880156517,0.09975658357143402,0.0,0.928723156452179,0.0,0.0,0.0,0.0,0.0,1.0,0.0,5.222827911376953,3.219437599182129,0.4184599220752716,0.06244315952062607,0.0,0.503631591796875,0.055153220891952515,1.0,0.033808235079050064,0.0020048683509230614,0.8957889080047607,0.008099868893623352,0.9458770751953125,0.7682417631149292,0.7639811635017395,0.752197265625,1.0,8192.0,0.247802734375,0.881591796875,2.072420358657837,1.3640674352645874,0.0,0.47020334005355835,0.0,2.0,0.4184599220752716,0.06244315952062607,0.17152321338653564,0.4184599220752716,0.06244315952062607,0.17152321338653564,0.38856229186058044,0.015610789880156517,0.09975658357143402,0.0,0.0,0.0,0.33957409858703613,0.009316274896264076,0.059653621166944504,0.0,0.0,0.0,0.0,1.0,1.0,1.0,0.0,0.0,0.0,0.0,1.0,1.0,1.0,1.0,0.3337072730064392,0.3337072730064392,0.928723156452179,0.0,0.928723156452179,0.0,0.0,0.0,0.38856229186058044,0.015610789880156517,0.09975658357143402,0.0,0.928723156452179,0.0,0.0,1.694953441619873,1.6949529647827148,0.3706355094909668,0.015625,11689.7529296875,11689.7529296875,256.0,256.0,12.934501647949219,12.934501647949219,0.171875,2.6651220321655273,2.8284263610839844,0.06917396932840347,1.694791316986084,0.7134859561920166,1.694953441619873,1.6949529647827148,0.3706355094909668,0.015625,11689.7529296875,11689.7529296875,256.0,256.0,12.934501647949219,12.934501647949219,0.171875,2.6651220321655273,2.8284263610839844,0.06917396932840347,1.694791316986084,0.7134859561920166,0,16,8.451777458190918,1,etrace-cb64r16-default-s124-d123-b64ga4-3090,/home/lyj/mnt/project/zoology/zoology/experiments/flash_vqg/scripts/20260625-01-flash-vqg-early-window-trace/outputs/traces/3090/default-s124/train_step_130,130,[441],20260625-01-flash-vqg-early-window-trace,3090,default-s124,/home/lyj/mnt/project/zoology/zoology/experiments/flash_vqg/scripts/20260625-01-flash-vqg-early-window-trace/outputs/traces/3090/default-s124/early_window_metrics.jsonl,,
0.0,0.0,0.0,1.0,0.0,6.095762252807617,3.317183494567871,0.7249866127967834,0.05590581148862839,0.0,0.597320556640625,0.04990587383508682,1.0,0.00261865695938468,0.0015132292173802853,3.685828685760498,0.024223973974585533,0.9405670166015625,0.795295238494873,0.7893884778022766,0.048828125,1.0,8192.0,0.951171875,0.056884765625,1.1268874406814575,2.0803046226501465,0.0,0.7309579253196716,0.0,2.0,0.7249865531921387,0.05590581148862839,0.15742093324661255,0.7249865531921387,0.05590581148862839,0.15742093324661255,0.6765912771224976,0.013976452872157097,0.08628711849451065,0.0,0.0,0.0,1.06937575340271,0.01684078946709633,0.09763935953378677,0.0,0.0,0.0,0.0,1.0,1.0,1.0,0.0,0.0,0.0,0.0,1.0,1.0,1.0,1.0,0.2935686707496643,0.2935686707496643,0.9395236372947693,0.0,0.9395236372947693,0.0,0.0,0.0,0.6765912771224976,0.013976452872157097,0.08628711849451065,0.0,0.9395235776901245,0.0,0.0,0.0,0.0,0.0,1.0,0.0,6.095762252807617,3.317183494567871,0.7249866127967834,0.05590581148862839,0.0,0.597320556640625,0.04990587383508682,1.0,0.00261865695938468,0.0015132292173802853,3.685828685760498,0.024223973974585533,0.9405670166015625,0.795295238494873,0.7893884778022766,0.048828125,1.0,8192.0,0.951171875,0.056884765625,1.1268874406814575,2.0803046226501465,0.0,0.7309579253196716,0.0,2.0,0.7249865531921387,0.05590581148862839,0.15742093324661255,0.7249865531921387,0.05590581148862839,0.15742093324661255,0.6765912771224976,0.013976452872157097,0.08628711849451065,0.0,0.0,0.0,1.06937575340271,0.01684078946709633,0.09763935953378677,0.0,0.0,0.0,0.0,1.0,1.0,1.0,0.0,0.0,0.0,0.0,1.0,1.0,1.0,1.0,0.2935686707496643,0.2935686707496643,0.9395236372947693,0.0,0.9395236372947693,0.0,0.0,0.0,0.6765912771224976,0.013976452872157097,0.08628711849451065,0.0,0.9395235776901245,0.0,0.0,1.532437801361084,1.5324375629425049,0.3689560890197754,0.015625,12242.431640625,12242.431640625,256.0,256.0,11.816707611083984,11.816707611083984,0.234375,2.807854652404785,2.8284263610839844,0.024136565625667572,1.5323724746704102,0.7472187280654907,1.532437801361084,1.5324375629425049,0.3689560890197754,0.015625,12242.431640625,12242.431640625,256.0,256.0,11.816707611083984,11.816707611083984,0.234375,2.807854652404785,2.8284263610839844,0.024136565625667572,1.5323724746704102,0.7472187280654907,0,16,8.407332420349121,1,etrace-cb64r16-default-s124-d123-b64ga4-3090,/home/lyj/mnt/project/zoology/zoology/experiments/flash_vqg/scripts/20260625-01-flash-vqg-early-window-trace/outputs/traces/3090/default-s124/train_step_203,203,[441],20260625-01-flash-vqg-early-window-trace,3090,default-s124,/home/lyj/mnt/project/zoology/zoology/experiments/flash_vqg/scripts/20260625-01-flash-vqg-early-window-trace/outputs/traces/3090/default-s124/early_window_metrics.jsonl,,
0.0,0.0,0.0,1.0,0.0,6.364272594451904,3.8737916946411133,0.40045782923698425,0.040577538311481476,0.0,0.759735107421875,0.036123476922512054,1.0,0.21937142312526703,0.13703489303588867,4.7381205558776855,0.016559258103370667,0.940185546875,0.8001793622970581,0.7949953675270081,0.12701416015625,1.0,8192.0,0.87298583984375,0.331787109375,0.8348872661590576,2.4897255897521973,0.0,0.8207179307937622,0.0,2.0,0.40045785903930664,0.04057753458619118,0.1602925956249237,0.40045785903930664,0.04057753458619118,0.1602925956249237,0.37542062997817993,0.010144384577870369,0.06804365664720535,0.0,0.0,0.0,1.113189935684204,0.011524494737386703,0.07280999422073364,0.0,0.0,0.0,0.0,1.0,1.0,1.0,0.0,0.0,0.0,0.0,1.0,1.0,1.0,1.0,0.2818944752216339,0.2818944752216339,0.9425541162490845,0.0,0.9425541162490845,0.0,0.0,0.0,0.37542062997817993,0.010144384577870369,0.06804365664720535,0.0,0.9425541162490845,0.0,0.0,0.0,0.0,0.0,1.0,0.0,6.364272594451904,3.8737916946411133,0.40045782923698425,0.040577538311481476,0.0,0.759735107421875,0.036123476922512054,1.0,0.21937142312526703,0.13703489303588867,4.7381205558776855,0.016559258103370667,0.940185546875,0.8001793622970581,0.7949953675270081,0.12701416015625,1.0,8192.0,0.87298583984375,0.331787109375,0.8348872661590576,2.4897255897521973,0.0,0.8207179307937622,0.0,2.0,0.40045785903930664,0.04057753458619118,0.1602925956249237,0.40045785903930664,0.04057753458619118,0.1602925956249237,0.37542062997817993,0.010144384577870369,0.06804365664720535,0.0,0.0,0.0,1.113189935684204,0.011524494737386703,0.07280999422073364,0.0,0.0,0.0,0.0,1.0,1.0,1.0,0.0,0.0,0.0,0.0,1.0,1.0,1.0,1.0,0.2818944752216339,0.2818944752216339,0.9425541162490845,0.0,0.9425541162490845,0.0,0.0,0.0,0.37542062997817993,0.010144384577870369,0.06804365664720535,0.0,0.9425541162490845,0.0,0.0,1.5001344680786133,1.500133991241455,0.3640861511230469,0.015625,12357.39453125,12357.39453125,256.0,256.0,12.014484405517578,12.014484405517578,0.234375,2.815324068069458,2.8284265995025635,0.01433468610048294,1.5001153945922852,0.7542354464530945,1.5001344680786133,1.500133991241455,0.3640861511230469,0.015625,12357.39453125,12357.39453125,256.0,256.0,12.014484405517578,12.014484405517578,0.234375,2.815324068069458,2.8284265995025635,0.01433468610048294,1.5001153945922852,0.7542354464530945,0,16,8.370108604431152,1,etrace-cb64r16-default-s124-d123-b64ga4-3090,/home/lyj/mnt/project/zoology/zoology/experiments/flash_vqg/scripts/20260625-01-flash-vqg-early-window-trace/outputs/traces/3090/default-s124/train_step_352,352,[441],20260625-01-flash-vqg-early-window-trace,3090,default-s124,/home/lyj/mnt/project/zoology/zoology/experiments/flash_vqg/scripts/20260625-01-flash-vqg-early-window-trace/outputs/traces/3090/default-s124/early_window_metrics.jsonl,,
0.0,0.0,0.0,1.0,0.0,7.056125640869141,4.140834808349609,0.778218150138855,0.09734830260276794,0.0,0.794464111328125,0.049558721482753754,1.0,0.5643748641014099,0.439250111579895,12.558405876159668,0.051930636167526245,0.940704345703125,0.7997845411300659,0.7850661873817444,0.23974609375,1.0,8192.0,0.76025390625,0.3306884765625,0.32036200165748596,4.435952186584473,0.0,0.8619289994239807,0.0,2.0,0.7782180905342102,0.09734831005334854,0.5810460448265076,0.7782180905342102,0.09734831005334854,0.5810460448265076,0.7382070422172546,0.024337077513337135,0.05425107479095459,0.0,0.0,0.0,6.100685119628906,0.05069689452648163,0.1130930483341217,0.0,0.0,0.0,0.0,1.0,1.0,1.0,0.0,0.0,0.0,0.0,1.0,1.0,1.0,1.0,0.29249149560928345,0.29249149560928345,0.9393368363380432,0.0,0.9393368363380432,0.0,0.0,0.0,0.7382070422172546,0.024337077513337135,0.05425107479095459,0.0,0.9393368363380432,0.0,0.0,0.0,0.0,0.0,1.0,0.0,7.056125640869141,4.140834808349609,0.778218150138855,0.09734830260276794,0.0,0.794464111328125,0.049558721482753754,1.0,0.5643748641014099,0.439250111579895,12.558405876159668,0.051930636167526245,0.940704345703125,0.7997845411300659,0.7850661873817444,0.23974609375,1.0,8192.0,0.76025390625,0.3306884765625,0.32036200165748596,4.435952186584473,0.0,0.8619289994239807,0.0,2.0,0.7782180905342102,0.09734831005334854,0.5810460448265076,0.7782180905342102,0.09734831005334854,0.5810460448265076,0.7382070422172546,0.024337077513337135,0.05425107479095459,0.0,0.0,0.0,6.100685119628906,0.05069689452648163,0.1130930483341217,0.0,0.0,0.0,0.0,1.0,1.0,1.0,0.0,0.0,0.0,0.0,1.0,1.0,1.0,1.0,0.29249149560928345,0.29249149560928345,0.9393368363380432,0.0,0.9393368363380432,0.0,0.0,0.0,0.7382070422172546,0.024337077513337135,0.05425107479095459,0.0,0.9393368363380432,0.0,0.0,1.5104436874389648,1.5104434490203857,0.3610832989215851,0.015625,12310.310546875,12310.310546875,256.0,256.0,12.163211822509766,12.163211822509766,0.2265625,2.798624277114868,2.8284268379211426,0.06810753047466278,1.5097079277038574,0.7513617873191833,1.5104436874389648,1.5104434490203857,0.3610832989215851,0.015625,12310.310546875,12310.310546875,256.0,256.0,12.163211822509766,12.163211822509766,0.2265625,2.798624277114868,2.8284268379211426,0.06810753047466278,1.5097079277038574,0.7513617873191833,0,16,8.365453720092773,1,etrace-cb64r16-default-s124-d123-b64ga4-3090,/home/lyj/mnt/project/zoology/zoology/experiments/flash_vqg/scripts/20260625-01-flash-vqg-early-window-trace/outputs/traces/3090/default-s124/train_step_448,448,[441],20260625-01-flash-vqg-early-window-trace,3090,default-s124,/home/lyj/mnt/project/zoology/zoology/experiments/flash_vqg/scripts/20260625-01-flash-vqg-early-window-trace/outputs/traces/3090/default-s124/early_window_metrics.jsonl,,
0.0,0.0,0.0,1.0,0.0,9.142563819885254,5.1304521560668945,0.04258837550878525,0.008831918239593506,0.0,1.0,0.008714614436030388,1.0,0.40628886222839355,0.7119300365447998,5.437991619110107,0.05110478028655052,0.952392578125,0.7367010712623596,0.3166925311088562,0.00970458984375,1.0,8192.0,0.99029541015625,0.001708984375,1.2259083986282349,1.575639009475708,0.0,0.701554536819458,0.0,2.0,0.042588379234075546,0.008831918239593506,0.01966799423098564,0.042588379234075546,0.008831918239593506,0.01966799423098564,0.029327446594834328,0.0022079795598983765,0.010745790787041187,0.0,0.0,0.0,0.436984121799469,0.008886692114174366,0.04162817820906639,0.0,0.0,0.0,0.0,1.0,1.0,1.0,0.0,0.0,0.0,0.0,1.0,1.0,1.0,1.0,0.6395288705825806,0.6395288705825806,0.7748928070068359,0.0,0.7748928070068359,0.0,0.0,0.0,0.029327446594834328,0.0022079795598983765,0.010745790787041187,0.0,0.7748928070068359,0.0,0.0,0.0,0.0,0.0,1.0,0.0,9.142563819885254,5.1304521560668945,0.04258837550878525,0.008831918239593506,0.0,1.0,0.008714614436030388,1.0,0.40628886222839355,0.7119300365447998,5.437991619110107,0.05110478028655052,0.952392578125,0.7367010712623596,0.3166925311088562,0.00970458984375,1.0,8192.0,0.99029541015625,0.001708984375,1.2259083986282349,1.575639009475708,0.0,0.701554536819458,0.0,2.0,0.042588379234075546,0.008831918239593506,0.01966799423098564,0.042588379234075546,0.008831918239593506,0.01966799423098564,0.029327446594834328,0.0022079795598983765,0.010745790787041187,0.0,0.0,0.0,0.436984121799469,0.008886692114174366,0.04162817820906639,0.0,0.0,0.0,0.0,1.0,1.0,1.0,0.0,0.0,0.0,0.0,1.0,1.0,1.0,1.0,0.6395288705825806,0.6395288705825806,0.7748928070068359,0.0,0.7748928070068359,0.0,0.0,0.0,0.029327446594834328,0.0022079795598983765,0.010745790787041187,0.0,0.7748928070068359,0.0,0.0,2.1918177604675293,2.1918182373046875,0.3894171714782715,0.015625,9209.6298828125,9209.6298828125,256.0,256.0,28.792221069335938,28.792221069335938,0.1640625,2.5410451889038086,2.828425407409668,0.15847304463386536,1.9379394054412842,0.5896374583244324,2.1918177604675293,2.1918182373046875,0.3894171714782715,0.015625,9209.6298828125,9209.6298828125,256.0,256.0,28.792221069335938,28.792221069335938,0.1640625,2.5410451889038086,2.828425407409668,0.15847304463386536,1.9379394054412842,0.5896374583244324,1,16,1.0518006086349487,1,etrace-cb64r16-default-s124-d123-b64ga4-3090,/home/lyj/mnt/project/zoology/zoology/experiments/flash_vqg/scripts/20260625-01-flash-vqg-early-window-trace/outputs/traces/3090/default-s124/train_step_705,705,[441],20260625-01-flash-vqg-early-window-trace,3090,default-s124,/home/lyj/mnt/project/zoology/zoology/experiments/flash_vqg/scripts/20260625-01-flash-vqg-early-window-trace/outputs/traces/3090/default-s124/early_window_metrics.jsonl,,
0.0,0.0,0.0,1.0,0.0,0.0,0.0,0.5,0.5,0.0,0.0,0.25,1.0,0.048711445182561874,0.05000000819563866,0.09614020586013794,0.020514724776148796,0.96875,0.1458929479122162,0.12237026542425156,0.0,0.0,8192.0,0.0,0.0,3.454502582550049,0.3416420817375183,0.0,0.02280840463936329,0.0,2.0,0.1599999964237213,0.1599999964237213,0.1599999964237213,0.5000000596046448,0.5,0.5,0.3047100901603699,0.125,0.16598741710186005,0.0,0.0,0.0,0.04213334992527962,0.026317328214645386,0.0311142411082983,0.0,0.0,0.0,0.0,1.0,1.0,1.0,0.0,0.0,0.0,0.0,1.0,1.0,1.0,1.0,1.372100591659546,1.372100591659546,0.3058225214481354,0.0,0.3058225214481354,1.0,0.0,0.03999999910593033,0.03999999910593033,0.03999999910593033,0.03999999910593033,0.03999999910593033,0.25,0.0,0.0,0.0,0.0,0.0,1.0,0.0,0.0,0.0,0.5,0.5,0.0,0.0,0.25,1.0,0.048711445182561874,0.05000000819563866,0.09614020586013794,0.020514724776148796,0.96875,0.1458929479122162,0.12237026542425156,0.0,0.0,8192.0,0.0,0.0,3.454502582550049,0.3416420817375183,0.0,0.02280840463936329,0.0,2.0,0.1599999964237213,0.1599999964237213,0.1599999964237213,0.5000000596046448,0.5,0.5,0.3047100901603699,0.125,0.16598741710186005,0.0,0.0,0.0,0.04213334992527962,0.026317328214645386,0.0311142411082983,0.0,0.0,0.0,0.0,1.0,1.0,1.0,0.0,0.0,0.0,0.0,1.0,1.0,1.0,1.0,1.372100591659546,1.372100591659546,0.3058225214481354,0.0,0.3058225214481354,1.0,0.0,0.03999999910593033,0.03999999910593033,0.03999999910593033,0.03999999910593033,0.03999999910593033,0.25,0.0,0.0,4.158657073974609,4.158656597137451,0.35355308651924133,0.0,273.0969543457031,273.0969543457031,256.0,256.0,245.66976928710938,245.66976928710938,0.0,0.45227909088134766,2.8283698558807373,0.9503829479217529,4.037550926208496,0.0448933020234108,4.158657073974609,4.158656597137451,0.35355308651924133,0.0,273.0969543457031,273.0969543457031,256.0,256.0,245.66976928710938,245.66976928710938,0.0,0.45227909088134766,2.8283698558807373,0.9503829479217529,4.037550926208496,0.0448933020234108,0,16,9.039615631103516,1,etrace-cb64r16-hard04-s123-d123-b64ga4-3090,/home/lyj/mnt/project/zoology/zoology/experiments/flash_vqg/scripts/20260625-01-flash-vqg-early-window-trace/outputs/traces/3090/hard04-s123/train_step_0,0,[441],20260625-01-flash-vqg-early-window-trace,3090,hard04-s123,/home/lyj/mnt/project/zoology/zoology/experiments/flash_vqg/scripts/20260625-01-flash-vqg-early-window-trace/outputs/traces/3090/hard04-s123/early_window_metrics.jsonl,1.0,1.0
0.0,0.0,0.0,1.0,0.0,2.3271889686584473,1.4025826454162598,0.4234101176261902,0.2054186761379242,0.0,0.0,0.15906882286071777,1.0,0.002872503362596035,0.007925471290946007,0.7000402212142944,0.0073278434574604034,0.959716796875,0.5950149893760681,0.5879691243171692,0.7386474609375,1.0,8192.0,0.2613525390625,0.803955078125,3.498783826828003,0.32473230361938477,0.0,0.1533074676990509,0.0,2.0,0.10871319472789764,0.06824743002653122,0.0824742391705513,0.4234101176261902,0.2054186761379242,0.3057376444339752,0.36120811104774475,0.05135466903448105,0.2280866950750351,0.0,0.0,0.0,0.054236214607954025,0.010187014937400818,0.026369329541921616,0.0,0.0,0.0,0.0,1.0,1.0,1.0,0.0,0.0,0.0,0.0,1.0,1.0,1.0,1.0,0.5507122874259949,0.5507122874259949,0.8625390529632568,0.0,0.8625390529632568,1.0,0.0,0.03999999910593033,0.03999999910593033,0.017061857506632805,0.03999999910593033,0.03999999910593033,0.5964453220367432,0.0,0.0,0.0,0.0,0.0,1.0,0.0,2.3271889686584473,1.4025826454162598,0.4234101176261902,0.2054186761379242,0.0,0.0,0.15906882286071777,1.0,0.002872503362596035,0.007925471290946007,0.7000402212142944,0.0073278434574604034,0.959716796875,0.5950149893760681,0.5879691243171692,0.7386474609375,1.0,8192.0,0.2613525390625,0.803955078125,3.498783826828003,0.32473230361938477,0.0,0.1533074676990509,0.0,2.0,0.10871319472789764,0.06824743002653122,0.0824742391705513,0.4234101176261902,0.2054186761379242,0.3057376444339752,0.36120811104774475,0.05135466903448105,0.2280866950750351,0.0,0.0,0.0,0.054236214607954025,0.010187014937400818,0.026369329541921616,0.0,0.0,0.0,0.0,1.0,1.0,1.0,0.0,0.0,0.0,0.0,1.0,1.0,1.0,1.0,0.5507122874259949,0.5507122874259949,0.8625390529632568,0.0,0.8625390529632568,1.0,0.0,0.03999999910593033,0.03999999910593033,0.017061857506632805,0.03999999910593033,0.03999999910593033,0.5964453220367432,0.0,0.0,2.5734293460845947,2.5734288692474365,0.3681688606739044,0.015625,8408.7646484375,8408.7646484375,256.0,256.0,22.417800903320312,22.417800903320312,0.015625,1.9048733711242676,2.8284263610839844,0.3431027829647064,2.572448492050171,0.5132302641868591,2.5734293460845947,2.5734288692474365,0.3681688606739044,0.015625,8408.7646484375,8408.7646484375,256.0,256.0,22.417800903320312,22.417800903320312,0.015625,1.9048733711242676,2.8284263610839844,0.3431027829647064,2.572448492050171,0.5132302641868591,0,16,8.677087783813477,1,etrace-cb64r16-hard04-s123-d123-b64ga4-3090,/home/lyj/mnt/project/zoology/zoology/experiments/flash_vqg/scripts/20260625-01-flash-vqg-early-window-trace/outputs/traces/3090/hard04-s123/train_step_64,64,[441],20260625-01-flash-vqg-early-window-trace,3090,hard04-s123,/home/lyj/mnt/project/zoology/zoology/experiments/flash_vqg/scripts/20260625-01-flash-vqg-early-window-trace/outputs/traces/3090/hard04-s123/early_window_metrics.jsonl,0.25,0.25
0.0,0.0,0.0,1.0,0.0,4.77126932144165,2.464358329772949,0.5341295599937439,0.1090289056301117,0.0,0.234619140625,0.09052279591560364,1.0,0.04349936172366142,0.0027878116816282272,0.5408874154090881,0.00643753819167614,0.94476318359375,0.7703503966331482,0.7657980918884277,0.86871337890625,1.0,8192.0,0.13128662109375,0.95654296875,1.0381020307540894,3.691739559173584,0.0,0.6775351762771606,0.0,2.0,0.08689481019973755,0.04234686866402626,0.058346495032310486,0.5341295599937439,0.1090289056301117,0.25896939635276794,0.49549493193626404,0.027257226407527924,0.17111828923225403,0.0,0.0,0.0,0.04599602520465851,0.00547972833737731,0.023422468453645706,0.0,0.0,0.0,0.0,1.0,1.0,1.0,0.0,0.0,0.0,0.0,1.0,1.0,1.0,1.0,0.3358876705169678,0.3358876705169678,0.928408145904541,0.0,0.928408145904541,1.0,0.0,0.03999999910593033,0.03999999910593033,0.01058671809732914,0.03999999910593033,0.03999999910593033,0.839290201663971,0.0,0.0,0.0,0.0,0.0,1.0,0.0,4.77126932144165,2.464358329772949,0.5341295599937439,0.1090289056301117,0.0,0.234619140625,0.09052279591560364,1.0,0.04349936172366142,0.0027878116816282272,0.5408874154090881,0.00643753819167614,0.94476318359375,0.7703503966331482,0.7657980918884277,0.86871337890625,1.0,8192.0,0.13128662109375,0.95654296875,1.0381020307540894,3.691739559173584,0.0,0.6775351762771606,0.0,2.0,0.08689481019973755,0.04234686866402626,0.058346495032310486,0.5341295599937439,0.1090289056301117,0.25896939635276794,0.49549493193626404,0.027257226407527924,0.17111828923225403,0.0,0.0,0.0,0.04599602520465851,0.00547972833737731,0.023422468453645706,0.0,0.0,0.0,0.0,1.0,1.0,1.0,0.0,0.0,0.0,0.0,1.0,1.0,1.0,1.0,0.3358876705169678,0.3358876705169678,0.928408145904541,0.0,0.928408145904541,1.0,0.0,0.03999999910593033,0.03999999910593033,0.01058671809732914,0.03999999910593033,0.03999999910593033,0.839290201663971,0.0,0.0,1.677530288696289,1.67753005027771,0.369513601064682,0.015625,11717.912109375,11717.912109375,256.0,256.0,13.314772605895996,13.314772605895996,0.1484375,2.666053533554077,2.8284263610839844,0.06857079267501831,1.6773817539215088,0.7152045965194702,1.677530288696289,1.67753005027771,0.369513601064682,0.015625,11717.912109375,11717.912109375,256.0,256.0,13.314772605895996,13.314772605895996,0.1484375,2.666053533554077,2.8284263610839844,0.06857079267501831,1.6773817539215088,0.7152045965194702,0,16,8.454012870788574,1,etrace-cb64r16-hard04-s123-d123-b64ga4-3090,/home/lyj/mnt/project/zoology/zoology/experiments/flash_vqg/scripts/20260625-01-flash-vqg-early-window-trace/outputs/traces/3090/hard04-s123/train_step_130,130,[441],20260625-01-flash-vqg-early-window-trace,3090,hard04-s123,/home/lyj/mnt/project/zoology/zoology/experiments/flash_vqg/scripts/20260625-01-flash-vqg-early-window-trace/outputs/traces/3090/hard04-s123/early_window_metrics.jsonl,0.19380950927734375,0.19380950927734375
0.0,0.0,0.0,1.0,0.0,3.0546958446502686,1.8498589992523193,0.49695098400115967,0.14930939674377441,0.0,0.00067138671875,0.12212494015693665,1.0,0.002709624357521534,0.0032566674053668976,3.462005138397217,0.01946100778877735,0.940673828125,0.7980625033378601,0.7963947653770447,0.12237548828125,1.0,8192.0,0.87762451171875,0.146484375,1.5169947147369385,4.443232536315918,0.0,0.6025515198707581,0.0,2.0,0.07138641923666,0.04902523756027222,0.05653528496623039,0.49695098400115967,0.14930939674377441,0.2728012800216675,0.46765127778053284,0.0373273529112339,0.19848549365997314,0.0,0.0,0.0,0.2026851773262024,0.011016499251127243,0.04570266604423523,0.0,0.0,0.0,0.0,1.0,1.0,1.0,0.0,0.0,0.0,0.0,1.0,1.0,1.0,1.0,0.2939768433570862,0.2939768433570862,0.9395537376403809,0.0,0.9395537376403809,1.0,0.0,0.03999999910593033,0.03999999910593033,0.012256309390068054,0.03999999910593033,0.03999999910593033,0.8217684030532837,0.0,0.0,0.0,0.0,0.0,1.0,0.0,3.0546958446502686,1.8498589992523193,0.49695098400115967,0.14930939674377441,0.0,0.00067138671875,0.12212494015693665,1.0,0.002709624357521534,0.0032566674053668976,3.462005138397217,0.01946100778877735,0.940673828125,0.7980625033378601,0.7963947653770447,0.12237548828125,1.0,8192.0,0.87762451171875,0.146484375,1.5169947147369385,4.443232536315918,0.0,0.6025515198707581,0.0,2.0,0.07138641923666,0.04902523756027222,0.05653528496623039,0.49695098400115967,0.14930939674377441,0.2728012800216675,0.46765127778053284,0.0373273529112339,0.19848549365997314,0.0,0.0,0.0,0.2026851773262024,0.011016499251127243,0.04570266604423523,0.0,0.0,0.0,0.0,1.0,1.0,1.0,0.0,0.0,0.0,0.0,1.0,1.0,1.0,1.0,0.2939768433570862,0.2939768433570862,0.9395537376403809,0.0,0.9395537376403809,1.0,0.0,0.03999999910593033,0.03999999910593033,0.012256309390068054,0.03999999910593033,0.03999999910593033,0.8217684030532837,0.0,0.0,1.5123271942138672,1.5123270750045776,0.3679412603378296,0.015625,12285.1015625,12285.1015625,256.0,256.0,12.19447135925293,12.19447135925293,0.1796875,2.808316707611084,2.8284265995025635,0.022658461704850197,1.5122792720794678,0.7498230934143066,1.5123271942138672,1.5123270750045776,0.3679412603378296,0.015625,12285.1015625,12285.1015625,256.0,256.0,12.19447135925293,12.19447135925293,0.1796875,2.808316707611084,2.8284265995025635,0.022658461704850197,1.5122792720794678,0.7498230934143066,0,16,8.412927627563477,1,etrace-cb64r16-hard04-s123-d123-b64ga4-3090,/home/lyj/mnt/project/zoology/zoology/experiments/flash_vqg/scripts/20260625-01-flash-vqg-early-window-trace/outputs/traces/3090/hard04-s123/train_step_203,203,[441],20260625-01-flash-vqg-early-window-trace,3090,hard04-s123,/home/lyj/mnt/project/zoology/zoology/experiments/flash_vqg/scripts/20260625-01-flash-vqg-early-window-trace/outputs/traces/3090/hard04-s123/early_window_metrics.jsonl,0.25,0.25
0.0,0.0,0.0,1.0,0.0,4.572148323059082,2.075483560562134,0.7016429901123047,0.1479025036096573,0.0,0.2391357421875,0.11392048001289368,1.0,0.20811958611011505,0.044671960175037384,2.1158981323242188,0.0445028617978096,0.9532623291015625,0.7252331972122192,0.48405003547668457,0.5491943359375,1.0,8192.0,0.4508056640625,0.614501953125,2.0082387924194336,1.5487273931503296,0.0,0.45690828561782837,0.0,2.0,0.1599999964237213,0.05898893624544144,0.12855668365955353,0.7016430497169495,0.1479025036096573,0.3632048964500427,0.6015780568122864,0.03697562590241432,0.19385644793510437,0.0,0.0,0.0,0.14204062521457672,0.01865188218653202,0.06058289855718613,0.0,0.0,0.0,0.0,1.0,1.0,1.0,0.0,0.0,0.0,0.0,1.0,1.0,1.0,1.0,0.45310837030410767,0.45310837030410767,0.8800673484802246,0.0,0.8800673484802246,1.0,0.0,0.03999999910593033,0.03999999910593033,0.01474723406136036,0.03999999910593033,0.03999999910593033,0.7330582141876221,0.0,0.0,0.0,0.0,0.0,1.0,0.0,4.572148323059082,2.075483560562134,0.7016429901123047,0.1479025036096573,0.0,0.2391357421875,0.11392048001289368,1.0,0.20811958611011505,0.044671960175037384,2.1158981323242188,0.0445028617978096,0.9532623291015625,0.7252331972122192,0.48405003547668457,0.5491943359375,1.0,8192.0,0.4508056640625,0.614501953125,2.0082387924194336,1.5487273931503296,0.0,0.45690828561782837,0.0,2.0,0.1599999964237213,0.05898893624544144,0.12855668365955353,0.7016430497169495,0.1479025036096573,0.3632048964500427,0.6015780568122864,0.03697562590241432,0.19385644793510437,0.0,0.0,0.0,0.14204062521457672,0.01865188218653202,0.06058289855718613,0.0,0.0,0.0,0.0,1.0,1.0,1.0,0.0,0.0,0.0,0.0,1.0,1.0,1.0,1.0,0.45310837030410767,0.45310837030410767,0.8800673484802246,0.0,0.8800673484802246,1.0,0.0,0.03999999910593033,0.03999999910593033,0.01474723406136036,0.03999999910593033,0.03999999910593033,0.7330582141876221,0.0,0.0,1.96873140335083,1.9687319993972778,0.36529117822647095,0.015625,10629.107421875,10629.107421875,255.99996948242188,255.99996948242188,21.332990646362305,21.332990646362305,0.09375,2.454739570617676,2.8284261226654053,0.2649291455745697,1.922872543334961,0.648784875869751,1.96873140335083,1.9687319993972778,0.36529117822647095,0.015625,10629.107421875,10629.107421875,255.99996948242188,255.99996948242188,21.332990646362305,21.332990646362305,0.09375,2.454739570617676,2.8284261226654053,0.2649291455745697,1.922872543334961,0.648784875869751,0,16,8.423046112060547,1,etrace-cb64r16-hard04-s123-d123-b64ga4-3090,/home/lyj/mnt/project/zoology/zoology/experiments/flash_vqg/scripts/20260625-01-flash-vqg-early-window-trace/outputs/traces/3090/hard04-s123/train_step_352,352,[441],20260625-01-flash-vqg-early-window-trace,3090,hard04-s123,/home/lyj/mnt/project/zoology/zoology/experiments/flash_vqg/scripts/20260625-01-flash-vqg-early-window-trace/outputs/traces/3090/hard04-s123/early_window_metrics.jsonl,0.2248077392578125,0.2248077392578125
0.0,0.0,0.0,1.0,0.0,8.966729164123535,3.971048355102539,0.7899854183197021,0.056473564356565475,0.0,0.47357177734375,0.04751056805253029,1.0,0.27559730410575867,0.15795812010765076,2.0463411808013916,0.04634203389286995,0.953887939453125,0.7434338331222534,0.5046285390853882,0.51629638671875,1.0,8192.0,0.48370361328125,0.6243896484375,2.0068728923797607,1.402655839920044,0.0,0.4952694773674011,0.0,2.0,0.15449288487434387,0.03474258631467819,0.06664232909679413,0.7899854183197021,0.05647356063127518,0.15229375660419464,0.7447934746742249,0.014118391089141369,0.06067444384098053,0.0,0.0,0.0,0.20917370915412903,0.012206938117742538,0.06273027509450912,0.0,0.0,0.0,0.0,1.0,1.0,1.0,0.0,0.0,0.0,0.0,1.0,1.0,1.0,1.0,0.4971559941768646,0.4971559941768646,0.8570451736450195,0.0,0.8570451736450195,1.0,0.0,0.03999999910593033,0.03999999910593033,0.008685646578669548,0.03999999910593033,0.03999999910593033,0.8225154876708984,0.0,0.0,0.0,0.0,0.0,1.0,0.0,8.966729164123535,3.971048355102539,0.7899854183197021,0.056473564356565475,0.0,0.47357177734375,0.04751056805253029,1.0,0.27559730410575867,0.15795812010765076,2.0463411808013916,0.04634203389286995,0.953887939453125,0.7434338331222534,0.5046285390853882,0.51629638671875,1.0,8192.0,0.48370361328125,0.6243896484375,2.0068728923797607,1.402655839920044,0.0,0.4952694773674011,0.0,2.0,0.15449288487434387,0.03474258631467819,0.06664232909679413,0.7899854183197021,0.05647356063127518,0.15229375660419464,0.7447934746742249,0.014118391089141369,0.06067444384098053,0.0,0.0,0.0,0.20917370915412903,0.012206938117742538,0.06273027509450912,0.0,0.0,0.0,0.0,1.0,1.0,1.0,0.0,0.0,0.0,0.0,1.0,1.0,1.0,1.0,0.4971559941768646,0.4971559941768646,0.8570451736450195,0.0,0.8570451736450195,1.0,0.0,0.03999999910593033,0.03999999910593033,0.008685646578669548,0.03999999910593033,0.03999999910593033,0.8225154876708984,0.0,0.0,2.1445717811584473,2.1445722579956055,0.37392082810401917,0.015625,8870.515625,8870.515625,256.0,256.0,25.990036010742188,25.990036010742188,0.09375,2.550557851791382,2.828425884246826,0.2287600338459015,1.8707489967346191,0.6462619304656982,2.1445717811584473,2.1445722579956055,0.37392082810401917,0.015625,8870.515625,8870.515625,256.0,256.0,25.990036010742188,25.990036010742188,0.09375,2.550557851791382,2.828425884246826,0.2287600338459015,1.8707489967346191,0.6462619304656982,0,16,6.965582847595215,1,etrace-cb64r16-hard04-s123-d123-b64ga4-3090,/home/lyj/mnt/project/zoology/zoology/experiments/flash_vqg/scripts/20260625-01-flash-vqg-early-window-trace/outputs/traces/3090/hard04-s123/train_step_448,448,[441],20260625-01-flash-vqg-early-window-trace,3090,hard04-s123,/home/lyj/mnt/project/zoology/zoology/experiments/flash_vqg/scripts/20260625-01-flash-vqg-early-window-trace/outputs/traces/3090/hard04-s123/early_window_metrics.jsonl,0.12334442138671875,0.12334442138671875
0.0,0.0,0.0,1.0,0.0,8.643152236938477,3.993649482727051,0.745612382888794,0.05379299819469452,0.0,0.456939697265625,0.04767526686191559,1.0,0.18682493269443512,0.12375254929065704,2.279587745666504,0.1098460927605629,0.952728271484375,0.7502050399780273,0.5484238266944885,0.015380859375,1.0,8192.0,0.984619140625,0.009765625,2.173172950744629,1.0379196405410767,0.0,0.4683219790458679,0.0,2.0,0.11570563912391663,0.03862406685948372,0.07996077090501785,0.745612382888794,0.05379299819469452,0.11636856943368912,0.7069796323776245,0.01344824954867363,0.05770794302225113,0.0,0.0,0.0,0.23450520634651184,0.01949627324938774,0.09520130604505539,0.0,0.0,0.0,0.0,1.0,1.0,1.0,0.0,0.0,0.0,0.0,1.0,1.0,1.0,1.0,0.5941097736358643,0.5941097736358643,0.8118911981582642,0.0,0.8118911981582642,1.0,0.0,0.03999999910593033,0.03999999910593033,0.00965601671487093,0.03999999910593033,0.03999999910593033,0.7786840200424194,0.0,0.0,0.0,0.0,0.0,1.0,0.0,8.643152236938477,3.993649482727051,0.745612382888794,0.05379299819469452,0.0,0.456939697265625,0.04767526686191559,1.0,0.18682493269443512,0.12375254929065704,2.279587745666504,0.1098460927605629,0.952728271484375,0.7502050399780273,0.5484238266944885,0.015380859375,1.0,8192.0,0.984619140625,0.009765625,2.173172950744629,1.0379196405410767,0.0,0.4683219790458679,0.0,2.0,0.11570563912391663,0.03862406685948372,0.07996077090501785,0.745612382888794,0.05379299819469452,0.11636856943368912,0.7069796323776245,0.01344824954867363,0.05770794302225113,0.0,0.0,0.0,0.23450520634651184,0.01949627324938774,0.09520130604505539,0.0,0.0,0.0,0.0,1.0,1.0,1.0,0.0,0.0,0.0,0.0,1.0,1.0,1.0,1.0,0.5941097736358643,0.5941097736358643,0.8118911981582642,0.0,0.8118911981582642,1.0,0.0,0.03999999910593033,0.03999999910593033,0.00965601671487093,0.03999999910593033,0.03999999910593033,0.7786840200424194,0.0,0.0,2.3031914234161377,2.303191661834717,0.39691123366355896,0.015625,8443.734375,8443.734375,256.0,256.0,24.371809005737305,24.371809005737305,0.09375,2.6089768409729004,2.828425168991089,0.16778716444969177,1.8689510822296143,0.6208009123802185,2.3031914234161377,2.303191661834717,0.39691123366355896,0.015625,8443.734375,8443.734375,256.0,256.0,24.371809005737305,24.371809005737305,0.09375,2.6089768409729004,2.828425168991089,0.16778716444969177,1.8689510822296143,0.6208009123802185,1,16,2.99129581451416,1,etrace-cb64r16-hard04-s123-d123-b64ga4-3090,/home/lyj/mnt/project/zoology/zoology/experiments/flash_vqg/scripts/20260625-01-flash-vqg-early-window-trace/outputs/traces/3090/hard04-s123/train_step_705,705,[441],20260625-01-flash-vqg-early-window-trace,3090,hard04-s123,/home/lyj/mnt/project/zoology/zoology/experiments/flash_vqg/scripts/20260625-01-flash-vqg-early-window-trace/outputs/traces/3090/hard04-s123/early_window_metrics.jsonl,0.12290191650390625,0.12290191650390625
0.0,0.0,0.0,1.0,0.0,0.0,0.0,0.5,0.5,0.0,0.0,0.25,1.0,0.14626435935497284,0.05000000819563866,0.3302895426750183,0.06287489831447601,0.96875,0.1458929479122162,0.12237026542425156,0.0,0.0,8192.0,0.0,0.0,3.454502582550049,0.3416420817375183,0.0,0.02280840463936329,0.0,2.0,0.5000000596046448,0.5,0.5,0.5000000596046448,0.5,0.5,0.3047100901603699,0.125,0.16598741710186005,0.0,0.0,0.0,0.20923224091529846,0.08164903521537781,0.11171120405197144,0.0,0.0,0.0,0.0,1.0,1.0,1.0,0.0,0.0,0.0,0.0,1.0,1.0,1.0,1.0,1.372100591659546,1.372100591659546,0.3058225214481354,0.0,0.3058225214481354,0.0,0.0,0.0,0.3047100901603699,0.125,0.16598741710186005,0.0,0.30582255125045776,0.0,0.0,0.0,0.0,0.0,1.0,0.0,0.0,0.0,0.5,0.5,0.0,0.0,0.25,1.0,0.14626435935497284,0.05000000819563866,0.3302895426750183,0.06287489831447601,0.96875,0.1458929479122162,0.12237026542425156,0.0,0.0,8192.0,0.0,0.0,3.454502582550049,0.3416420817375183,0.0,0.02280840463936329,0.0,2.0,0.5000000596046448,0.5,0.5,0.5000000596046448,0.5,0.5,0.3047100901603699,0.125,0.16598741710186005,0.0,0.0,0.0,0.20923224091529846,0.08164903521537781,0.11171120405197144,0.0,0.0,0.0,0.0,1.0,1.0,1.0,0.0,0.0,0.0,0.0,1.0,1.0,1.0,1.0,1.372100591659546,1.372100591659546,0.3058225214481354,0.0,0.3058225214481354,0.0,0.0,0.0,0.3047100901603699,0.125,0.16598741710186005,0.0,0.30582255125045776,0.0,0.0,4.158657073974609,4.158656597137451,0.35355308651924133,0.0,273.0969543457031,273.0969543457031,256.0,256.0,245.66976928710938,245.66976928710938,0.0,0.45227909088134766,2.8283698558807373,0.9503829479217529,4.037550926208496,0.0448933020234108,4.158657073974609,4.158656597137451,0.35355308651924133,0.0,273.0969543457031,273.0969543457031,256.0,256.0,245.66976928710938,245.66976928710938,0.0,0.45227909088134766,2.8283698558807373,0.9503829479217529,4.037550926208496,0.0448933020234108,0,16,9.039597511291504,1,etrace-cb64r16-smoke-default-s123-d123-b64ga4-3090,/home/lyj/mnt/project/zoology/zoology/experiments/flash_vqg/scripts/20260625-01-flash-vqg-early-window-trace/outputs/traces/3090/smoke-default-s123/train_step_0,0,[441],20260625-01-flash-vqg-early-window-trace,3090,smoke-default-s123,/home/lyj/mnt/project/zoology/zoology/experiments/flash_vqg/scripts/20260625-01-flash-vqg-early-window-trace/outputs/traces/3090/smoke-default-s123/early_window_metrics.jsonl,,
0.0,0.0,0.0,1.0,0.0,0.040033020079135895,0.008811792358756065,0.5100069046020508,0.500237226486206,0.0,0.0,0.24999244511127472,1.0,0.14315706491470337,0.050057895481586456,0.33073145151138306,0.06279194355010986,0.96875,0.15155696868896484,0.12618495523929596,0.09173583984375,1.0,8192.0,0.90826416015625,0.10107421875,3.4532864093780518,0.34271541237831116,0.0,0.02258085086941719,0.0,2.0,0.5100069046020508,0.500237226486206,0.5047682523727417,0.5100069046020508,0.500237226486206,0.5047682523727417,0.3072683811187744,0.1250593066215515,0.16827590763568878,0.0,0.0,0.0,0.21567785739898682,0.08177905529737473,0.11323767900466919,0.0,0.0,0.0,0.0,1.0,1.0,1.0,0.0,0.0,0.0,0.0,1.0,1.0,1.0,1.0,1.3706461191177368,1.3706461191177368,0.30868637561798096,0.0,0.30868637561798096,0.0,0.0,0.0,0.3072683811187744,0.1250593066215515,0.16827590763568878,0.0,0.30868637561798096,0.0,0.0,0.0,0.0,0.0,1.0,0.0,0.040033020079135895,0.008811792358756065,0.5100069046020508,0.500237226486206,0.0,0.0,0.24999244511127472,1.0,0.14315706491470337,0.050057895481586456,0.33073145151138306,0.06279194355010986,0.96875,0.15155696868896484,0.12618495523929596,0.09173583984375,1.0,8192.0,0.90826416015625,0.10107421875,3.4532864093780518,0.34271541237831116,0.0,0.02258085086941719,0.0,2.0,0.5100069046020508,0.500237226486206,0.5047682523727417,0.5100069046020508,0.500237226486206,0.5047682523727417,0.3072683811187744,0.1250593066215515,0.16827590763568878,0.0,0.0,0.0,0.21567785739898682,0.08177905529737473,0.11323767900466919,0.0,0.0,0.0,0.0,1.0,1.0,1.0,0.0,0.0,0.0,0.0,1.0,1.0,1.0,1.0,1.3706461191177368,1.3706461191177368,0.30868637561798096,0.0,0.30868637561798096,0.0,0.0,0.0,0.3072683811187744,0.1250593066215515,0.16827590763568878,0.0,0.30868637561798096,0.0,0.0,4.158493518829346,4.158493518829346,0.3538702726364136,0.0,274.8260498046875,274.8260498046875,256.0,256.0,239.47998046875,239.47998046875,0.0,0.4617064893245697,2.8283703327178955,0.9401833415031433,4.0251312255859375,0.04710002988576889,4.158493518829346,4.158493518829346,0.3538702726364136,0.0,274.8260498046875,274.8260498046875,256.0,256.0,239.47998046875,239.47998046875,0.0,0.4617064893245697,2.8283703327178955,0.9401833415031433,4.0251312255859375,0.04710002988576889,0,16,9.039290428161621,1,etrace-cb64r16-smoke-default-s123-d123-b64ga4-3090,/home/lyj/mnt/project/zoology/zoology/experiments/flash_vqg/scripts/20260625-01-flash-vqg-early-window-trace/outputs/traces/3090/smoke-default-s123/train_step_1,1,[441],20260625-01-flash-vqg-early-window-trace,3090,smoke-default-s123,/home/lyj/mnt/project/zoology/zoology/experiments/flash_vqg/scripts/20260625-01-flash-vqg-early-window-trace/outputs/traces/3090/smoke-default-s123/early_window_metrics.jsonl,,
0.0,0.0,0.0,1.0,0.0,0.059967346489429474,0.013474678620696068,0.5149873495101929,0.5004136562347412,0.0,0.0,0.2499823123216629,1.0,0.14101479947566986,0.05012938752770424,0.3326748311519623,0.06267665326595306,0.96875,0.1569785475730896,0.12980341911315918,0.07171630859375,1.0,8192.0,0.92828369140625,0.0760498046875,3.451406478881836,0.3430575132369995,0.0,0.02249874547123909,0.0,2.0,0.5149873495101929,0.5004136562347412,0.5073882341384888,0.5149873495101929,0.5004136562347412,0.5073882341384888,0.30852460861206055,0.1251034140586853,0.17033535242080688,0.0,0.0,0.0,0.22355765104293823,0.08189663290977478,0.11457344889640808,0.0,0.0,0.0,0.0,1.0,1.0,1.0,0.0,0.0,0.0,0.0,1.0,1.0,1.0,1.0,1.3692545890808105,1.3692545890808105,0.3113693594932556,0.0,0.3113693594932556,0.0,0.0,0.0,0.30852460861206055,0.1251034140586853,0.17033535242080688,0.0,0.3113693594932556,0.0,0.0,0.0,0.0,0.0,1.0,0.0,0.059967346489429474,0.013474678620696068,0.5149873495101929,0.5004136562347412,0.0,0.0,0.2499823123216629,1.0,0.14101479947566986,0.05012938752770424,0.3326748311519623,0.06267665326595306,0.96875,0.1569785475730896,0.12980341911315918,0.07171630859375,1.0,8192.0,0.92828369140625,0.0760498046875,3.451406478881836,0.3430575132369995,0.0,0.02249874547123909,0.0,2.0,0.5149873495101929,0.5004136562347412,0.5073882341384888,0.5149873495101929,0.5004136562347412,0.5073882341384888,0.30852460861206055,0.1251034140586853,0.17033535242080688,0.0,0.0,0.0,0.22355765104293823,0.08189663290977478,0.11457344889640808,0.0,0.0,0.0,0.0,1.0,1.0,1.0,0.0,0.0,0.0,0.0,1.0,1.0,1.0,1.0,1.3692545890808105,1.3692545890808105,0.3113693594932556,0.0,0.3113693594932556,0.0,0.0,0.0,0.30852460861206055,0.1251034140586853,0.17033535242080688,0.0,0.3113693594932556,0.0,0.0,4.157980918884277,4.157980918884277,0.3542419672012329,0.0,284.98907470703125,284.98907470703125,256.0,256.0,232.42236328125,232.42236328125,0.0,0.4719037413597107,2.8283708095550537,0.9303517937660217,4.01288366317749,0.04923287034034729,4.157980918884277,4.157980918884277,0.3542419672012329,0.0,284.98907470703125,284.98907470703125,256.0,256.0,232.42236328125,232.42236328125,0.0,0.4719037413597107,2.8283708095550537,0.9303517937660217,4.01288366317749,0.04923287034034729,0,16,9.039140701293945,1,etrace-cb64r16-smoke-default-s123-d123-b64ga4-3090,/home/lyj/mnt/project/zoology/zoology/experiments/flash_vqg/scripts/20260625-01-flash-vqg-early-window-trace/outputs/traces/3090/smoke-default-s123/train_step_2,2,[441],20260625-01-flash-vqg-early-window-trace,3090,smoke-default-s123,/home/lyj/mnt/project/zoology/zoology/experiments/flash_vqg/scripts/20260625-01-flash-vqg-early-window-trace/outputs/traces/3090/smoke-default-s123/early_window_metrics.jsonl,,
0.0,0.0,0.0,1.0,0.0,0.0,0.0,0.5,0.5,0.0,0.0,0.25,1.0,0.048711445182561874,0.05000000819563866,0.09614020586013794,0.020514724776148796,0.96875,0.1458929479122162,0.12237026542425156,0.0,0.0,8192.0,0.0,0.0,3.454502582550049,0.3416420817375183,0.0,0.02280840463936329,0.0,2.0,0.1599999964237213,0.1599999964237213,0.1599999964237213,0.5000000596046448,0.5,0.5,0.3047100901603699,0.125,0.16598741710186005,0.0,0.0,0.0,0.04213334992527962,0.026317328214645386,0.0311142411082983,0.0,0.0,0.0,0.0,1.0,1.0,1.0,0.0,0.0,0.0,0.0,1.0,1.0,1.0,1.0,1.372100591659546,1.372100591659546,0.3058225214481354,0.0,0.3058225214481354,1.0,0.0,0.03999999910593033,0.03999999910593033,0.03999999910593033,0.03999999910593033,0.03999999910593033,0.25,0.0,0.0,0.0,0.0,0.0,1.0,0.0,0.0,0.0,0.5,0.5,0.0,0.0,0.25,1.0,0.048711445182561874,0.05000000819563866,0.09614020586013794,0.020514724776148796,0.96875,0.1458929479122162,0.12237026542425156,0.0,0.0,8192.0,0.0,0.0,3.454502582550049,0.3416420817375183,0.0,0.02280840463936329,0.0,2.0,0.1599999964237213,0.1599999964237213,0.1599999964237213,0.5000000596046448,0.5,0.5,0.3047100901603699,0.125,0.16598741710186005,0.0,0.0,0.0,0.04213334992527962,0.026317328214645386,0.0311142411082983,0.0,0.0,0.0,0.0,1.0,1.0,1.0,0.0,0.0,0.0,0.0,1.0,1.0,1.0,1.0,1.372100591659546,1.372100591659546,0.3058225214481354,0.0,0.3058225214481354,1.0,0.0,0.03999999910593033,0.03999999910593033,0.03999999910593033,0.03999999910593033,0.03999999910593033,0.25,0.0,0.0,4.158657073974609,4.158656597137451,0.35355308651924133,0.0,273.0969543457031,273.0969543457031,256.0,256.0,245.66976928710938,245.66976928710938,0.0,0.45227909088134766,2.8283698558807373,0.9503829479217529,4.037550926208496,0.0448933020234108,4.158657073974609,4.158656597137451,0.35355308651924133,0.0,273.0969543457031,273.0969543457031,256.0,256.0,245.66976928710938,245.66976928710938,0.0,0.45227909088134766,2.8283698558807373,0.9503829479217529,4.037550926208496,0.0448933020234108,0,16,9.039615631103516,1,etrace-cb64r16-smoke-hard04-s123-d123-b64ga4-3090,/home/lyj/mnt/project/zoology/zoology/experiments/flash_vqg/scripts/20260625-01-flash-vqg-early-window-trace/outputs/traces/3090/smoke-hard04-s123/train_step_0,0,[441],20260625-01-flash-vqg-early-window-trace,3090,smoke-hard04-s123,/home/lyj/mnt/project/zoology/zoology/experiments/flash_vqg/scripts/20260625-01-flash-vqg-early-window-trace/outputs/traces/3090/smoke-hard04-s123/early_window_metrics.jsonl,1.0,1.0
0.0,0.0,0.0,1.0,0.0,0.0,0.0,0.5,0.5,0.0,0.0,0.25,1.0,0.04764188081026077,0.05007375031709671,0.09472746402025223,0.020466646179556847,0.96875,0.15155792236328125,0.1261768937110901,0.09124755859375,1.0,8192.0,0.90875244140625,0.098876953125,3.453360080718994,0.3425149917602539,0.0,0.022576965391635895,0.0,2.0,0.1599999964237213,0.1599999964237213,0.1599999964237213,0.5000000596046448,0.5,0.5,0.3090178370475769,0.125,0.1682060956954956,0.0,0.0,0.0,0.04219971224665642,0.026349259540438652,0.03115636669099331,0.0,0.0,0.0,0.0,1.0,1.0,1.0,0.0,0.0,0.0,0.0,1.0,1.0,1.0,1.0,1.370645523071289,1.370645523071289,0.3086886703968048,0.0,0.3086886703968048,1.0,0.0,0.03999999910593033,0.03999999910593033,0.03999999910593033,0.03999999910593033,0.03999999910593033,0.25,0.0,0.0,0.0,0.0,0.0,1.0,0.0,0.0,0.0,0.5,0.5,0.0,0.0,0.25,1.0,0.04764188081026077,0.05007375031709671,0.09472746402025223,0.020466646179556847,0.96875,0.15155792236328125,0.1261768937110901,0.09124755859375,1.0,8192.0,0.90875244140625,0.098876953125,3.453360080718994,0.3425149917602539,0.0,0.022576965391635895,0.0,2.0,0.1599999964237213,0.1599999964237213,0.1599999964237213,0.5000000596046448,0.5,0.5,0.3090178370475769,0.125,0.1682060956954956,0.0,0.0,0.0,0.04219971224665642,0.026349259540438652,0.03115636669099331,0.0,0.0,0.0,0.0,1.0,1.0,1.0,0.0,0.0,0.0,0.0,1.0,1.0,1.0,1.0,1.370645523071289,1.370645523071289,0.3086886703968048,0.0,0.3086886703968048,1.0,0.0,0.03999999910593033,0.03999999910593033,0.03999999910593033,0.03999999910593033,0.03999999910593033,0.25,0.0,0.0,4.1584930419921875,4.158493995666504,0.35387030243873596,0.0,274.81610107421875,274.81610107421875,256.0,256.0,239.4752655029297,239.4752655029297,0.0,0.46170729398727417,2.8283703327178955,0.9401818513870239,4.025129318237305,0.047100700438022614,4.1584930419921875,4.158493995666504,0.35387030243873596,0.0,274.81610107421875,274.81610107421875,256.0,256.0,239.4752655029297,239.4752655029297,0.0,0.46170729398727417,2.8283703327178955,0.9401818513870239,4.025129318237305,0.047100700438022614,0,16,9.039300918579102,1,etrace-cb64r16-smoke-hard04-s123-d123-b64ga4-3090,/home/lyj/mnt/project/zoology/zoology/experiments/flash_vqg/scripts/20260625-01-flash-vqg-early-window-trace/outputs/traces/3090/smoke-hard04-s123/train_step_1,1,[441],20260625-01-flash-vqg-early-window-trace,3090,smoke-hard04-s123,/home/lyj/mnt/project/zoology/zoology/experiments/flash_vqg/scripts/20260625-01-flash-vqg-early-window-trace/outputs/traces/3090/smoke-hard04-s123/early_window_metrics.jsonl,1.0,1.0
0.0,0.0,0.0,1.0,0.0,0.0,0.0,0.5,0.5,0.0,0.0,0.25,1.0,0.0467933788895607,0.05015324056148529,0.08434147387742996,0.020407766103744507,0.96875,0.1569792926311493,0.12981411814689636,0.0706787109375,1.0,8192.0,0.9293212890625,0.0771484375,3.4515464305877686,0.3427698016166687,0.0,0.022481219843029976,0.0,2.0,0.1599999964237213,0.1599999964237213,0.1599999964237213,0.5000001192092896,0.5,0.5,0.3119865357875824,0.125,0.1701117902994156,0.0,0.0,0.0,0.04222065955400467,0.026378966867923737,0.031191784888505936,0.0,0.0,0.0,0.0,1.0,1.0,1.0,0.0,0.0,0.0,0.0,1.0,1.0,1.0,1.0,1.3692536354064941,1.3692536354064941,0.3113722801208496,0.0,0.3113722801208496,1.0,0.0,0.03999999910593033,0.03999999910593033,0.03999999910593033,0.03999999910593033,0.03999999910593033,0.25,0.0,0.0,0.0,0.0,0.0,1.0,0.0,0.0,0.0,0.5,0.5,0.0,0.0,0.25,1.0,0.0467933788895607,0.05015324056148529,0.08434147387742996,0.020407766103744507,0.96875,0.1569792926311493,0.12981411814689636,0.0706787109375,1.0,8192.0,0.9293212890625,0.0771484375,3.4515464305877686,0.3427698016166687,0.0,0.022481219843029976,0.0,2.0,0.1599999964237213,0.1599999964237213,0.1599999964237213,0.5000001192092896,0.5,0.5,0.3119865357875824,0.125,0.1701117902994156,0.0,0.0,0.0,0.04222065955400467,0.026378966867923737,0.031191784888505936,0.0,0.0,0.0,0.0,1.0,1.0,1.0,0.0,0.0,0.0,0.0,1.0,1.0,1.0,1.0,1.3692536354064941,1.3692536354064941,0.3113722801208496,0.0,0.3113722801208496,1.0,0.0,0.03999999910593033,0.03999999910593033,0.03999999910593033,0.03999999910593033,0.03999999910593033,0.25,0.0,0.0,4.157980918884277,4.157980918884277,0.3542419672012329,0.0,284.96484375,284.96484375,256.0,256.0,232.4251708984375,232.4251708984375,0.0,0.4719056487083435,2.8283708095550537,0.9303492903709412,4.012882232666016,0.0492335706949234,4.157980918884277,4.157980918884277,0.3542419672012329,0.0,284.96484375,284.96484375,256.0,256.0,232.4251708984375,232.4251708984375,0.0,0.4719056487083435,2.8283708095550537,0.9303492903709412,4.012882232666016,0.0492335706949234,0,16,9.039152145385742,1,etrace-cb64r16-smoke-hard04-s123-d123-b64ga4-3090,/home/lyj/mnt/project/zoology/zoology/experiments/flash_vqg/scripts/20260625-01-flash-vqg-early-window-trace/outputs/traces/3090/smoke-hard04-s123/train_step_2,2,[441],20260625-01-flash-vqg-early-window-trace,3090,smoke-hard04-s123,/home/lyj/mnt/project/zoology/zoology/experiments/flash_vqg/scripts/20260625-01-flash-vqg-early-window-trace/outputs/traces/3090/smoke-hard04-s123/early_window_metrics.jsonl,1.0,1.0
