actual_cap_hit,actual_cap_scale,actual_update_norm_cap,addr_d_norm,block_idx,code_idx,epoch_idx,err_norm,event_idx_in_block_pack,event_rank_in_block,global_step,head_idx,hypothetical_cap,hypothetical_cap_hit,hypothetical_cap_scale,layer_idx,raw_topk_mass,run_id,sample_idx,sum_zeta_pack,sum_zeta_uncapped_pack,target_u_norm,token_ell,token_pos,update_norm_uncapped,valid_batch_idx,write_q_entropy,write_q_raw_entropy,write_q_raw_top1,write_q_top1,write_top1_mass,zeta_after_update_cap,zeta_before_update_cap,zeta_pack,zeta_uncapped_pack,experiment_id,machine,target,trace_path
True,0.11980753653837867,0.5,1.0,8,39,0,6.7799272537231445,3407,0,704,0,0.5,True,0.11980754487172895,1,0.6807580590248108,20260702-01-flash-vqg-update-norm-event-trace-probe-ucap0p5-r2-s124-d123-b64ga4-3090-event-3090-gpu0-all,13,,,7.007081985473633,15,271,4.1733598709106445,441,,,,,,0.07374709844589233,0.6155464053153992,0.6155464053153992,0.6155464053153992,20260702-01-flash-vqg-update-norm-event-trace-probe,3090,ucap0p5-r2,zoology/experiments/flash_vqg/scripts/20260702-01-flash-vqg-update-norm-event-trace-probe/outputs/traces/3090/ucap0p5-r2/event-3090-gpu0-all/train_step_704/update_event_trace.jsonl
True,0.12317996913686116,0.5,1.0,31,39,0,7.0572590827941895,2893,0,704,0,0.5,True,0.1231799672789115,1,0.710475504398346,20260702-01-flash-vqg-update-norm-event-trace-probe-ucap0p5-r2-s124-d123-b64ga4-3090-event-3090-gpu0-all,11,,,7.29872989654541,11,1003,4.059101581573486,441,,,,,,0.07084903866052628,0.5751668810844421,0.5751668810844421,0.5751668810844421,20260702-01-flash-vqg-update-norm-event-trace-probe,3090,ucap0p5-r2,zoology/experiments/flash_vqg/scripts/20260702-01-flash-vqg-update-norm-event-trace-probe/outputs/traces/3090/ucap0p5-r2/event-3090-gpu0-all/train_step_704/update_event_trace.jsonl
True,0.12558796935857394,0.5,1.0,9,39,0,7.393128395080566,2377,0,704,0,0.5,True,0.1255879735085473,1,0.6201208829879761,20260702-01-flash-vqg-update-norm-event-trace-probe-ucap0p5-r2-s124-d123-b64ga4-3090-event-3090-gpu0-all,9,,,7.227342128753662,3,291,3.9812729358673096,441,,,,,,0.06763036549091339,0.5385099053382874,0.5385099053382874,0.5385099053382874,20260702-01-flash-vqg-update-norm-event-trace-probe,3090,ucap0p5-r2,zoology/experiments/flash_vqg/scripts/20260702-01-flash-vqg-update-norm-event-trace-probe/outputs/traces/3090/ucap0p5-r2/event-3090-gpu0-all/train_step_704/update_event_trace.jsonl
True,0.12787398316775078,0.5,0.9999999403953552,1,50,0,6.393481254577637,2142,0,704,0,0.5,True,0.12787398356087806,1,0.7016472220420837,20260702-01-flash-vqg-update-norm-event-trace-probe-ucap0p5-r2-s124-d123-b64ga4-3090-event-3090-gpu0-all,8,,,6.460043430328369,3,35,3.910099506378174,441,,,,,,0.07820465415716171,0.6115759611129761,0.6115759611129761,0.6115759611129761,20260702-01-flash-vqg-update-norm-event-trace-probe,3090,ucap0p5-r2,zoology/experiments/flash_vqg/scripts/20260702-01-flash-vqg-update-norm-event-trace-probe/outputs/traces/3090/ucap0p5-r2/event-3090-gpu0-all/train_step_704/update_event_trace.jsonl
True,0.1319009945392085,0.5,1.0,0,59,0,6.148104667663574,383,0,704,0,0.5,True,0.13190098947503878,1,0.6997928619384766,20260702-01-flash-vqg-update-norm-event-trace-probe-ucap0p5-r2-s124-d123-b64ga4-3090-event-3090-gpu0-all,1,0.03040573000907898,0.03040573000907898,6.537622451782227,29,29,3.790722131729126,441,0.283383846282959,0.283383846282959,0.942328691482544,0.942328691482544,0.942328691482544,0.08132588118314743,0.6165676116943359,0.6165676116943359,0.6165676116943359,20260702-01-flash-vqg-update-norm-event-trace-probe,3090,ucap0p5-r2,zoology/experiments/flash_vqg/scripts/20260702-01-flash-vqg-update-norm-event-trace-probe/outputs/traces/3090/ucap0p5-r2/event-3090-gpu0-all/train_step_704/update_event_trace.jsonl
True,0.13266555473940905,0.5,1.0,1,39,0,7.319993495941162,3162,1,704,0,0.5,True,0.13266556214934264,1,0.7003941535949707,20260702-01-flash-vqg-update-norm-event-trace-probe-ucap0p5-r2-s124-d123-b64ga4-3090-event-3090-gpu0-all,12,,,6.978044509887695,25,57,3.7688755989074707,441,,,,,,0.06830606609582901,0.5148741602897644,0.5148741602897644,0.5148741602897644,20260702-01-flash-vqg-update-norm-event-trace-probe,3090,ucap0p5-r2,zoology/experiments/flash_vqg/scripts/20260702-01-flash-vqg-update-norm-event-trace-probe/outputs/traces/3090/ucap0p5-r2/event-3090-gpu0-all/train_step_704/update_event_trace.jsonl
True,0.13523538491833095,0.5,1.0,11,39,0,6.556405067443848,2140,0,704,0,0.5,True,0.13523538182138733,1,0.6500328779220581,20260702-01-flash-vqg-update-norm-event-trace-probe-ucap0p5-r2-s124-d123-b64ga4-3090-event-3090-gpu0-all,8,,,6.949934482574463,27,379,3.6972572803497314,441,,,,,,0.07626130431890488,0.5639153122901917,0.5639153122901917,0.5639153122901917,20260702-01-flash-vqg-update-norm-event-trace-probe,3090,ucap0p5-r2,zoology/experiments/flash_vqg/scripts/20260702-01-flash-vqg-update-norm-event-trace-probe/outputs/traces/3090/ucap0p5-r2/event-3090-gpu0-all/train_step_704/update_event_trace.jsonl
True,0.14243597717624995,0.5,1.0,6,39,0,6.441095352172852,329,0,704,0,0.5,True,0.14243597858140924,1,0.6664106249809265,20260702-01-flash-vqg-update-norm-event-trace-probe-ucap0p5-r2-s124-d123-b64ga4-3090-event-3090-gpu0-all,1,0.5281355381011963,0.5281355381011963,6.3329176902771,1,193,3.5103490352630615,441,0.7573983669281006,0.7573983669281006,0.7833724617958069,0.7833724617958069,0.7833724617958069,0.0776265487074852,0.5449925661087036,0.5449925661087036,0.5449925661087036,20260702-01-flash-vqg-update-norm-event-trace-probe,3090,ucap0p5-r2,zoology/experiments/flash_vqg/scripts/20260702-01-flash-vqg-update-norm-event-trace-probe/outputs/traces/3090/ucap0p5-r2/event-3090-gpu0-all/train_step_704/update_event_trace.jsonl
True,0.14282558191984404,0.5,1.0,9,39,0,7.027203559875488,335,1,704,0,0.5,True,0.14282558126547507,1,0.6634674072265625,20260702-01-flash-vqg-update-norm-event-trace-probe-ucap0p5-r2-s124-d123-b64ga4-3090-event-3090-gpu0-all,1,0.4992336630821228,0.4992336630821228,6.9426422119140625,9,297,3.5007734298706055,441,1.063826322555542,1.063826322555542,0.6309739947319031,0.6309739947319031,0.6309739947319031,0.07115206122398376,0.4981744885444641,0.4981744885444641,0.4981744885444641,20260702-01-flash-vqg-update-norm-event-trace-probe,3090,ucap0p5-r2,zoology/experiments/flash_vqg/scripts/20260702-01-flash-vqg-update-norm-event-trace-probe/outputs/traces/3090/ucap0p5-r2/event-3090-gpu0-all/train_step_704/update_event_trace.jsonl
True,0.1447071441732296,0.5,1.0,6,39,0,7.104099750518799,1094,1,704,0,0.5,True,0.14470714865673956,1,0.6425620913505554,20260702-01-flash-vqg-update-norm-event-trace-probe-ucap0p5-r2-s124-d123-b64ga4-3090-event-3090-gpu0-all,4,,,7.035941123962402,1,193,3.455254316329956,441,,,,,,0.07038189470767975,0.48637470602989197,0.48637470602989197,0.48637470602989197,20260702-01-flash-vqg-update-norm-event-trace-probe,3090,ucap0p5-r2,zoology/experiments/flash_vqg/scripts/20260702-01-flash-vqg-update-norm-event-trace-probe/outputs/traces/3090/ucap0p5-r2/event-3090-gpu0-all/train_step_704/update_event_trace.jsonl
True,0.14747984193756558,0.5,0.9999999403953552,10,39,0,7.557363986968994,2392,0,704,0,0.5,True,0.14747984219042537,1,0.6880326271057129,20260702-01-flash-vqg-update-norm-event-trace-probe-ucap0p5-r2-s124-d123-b64ga4-3090-event-3090-gpu0-all,9,,,6.891600131988525,19,339,3.390293836593628,441,,,,,,0.06616063416004181,0.4486079812049866,0.4486079812049866,0.4486079812049866,20260702-01-flash-vqg-update-norm-event-trace-probe,3090,ucap0p5-r2,zoology/experiments/flash_vqg/scripts/20260702-01-flash-vqg-update-norm-event-trace-probe/outputs/traces/3090/ucap0p5-r2/event-3090-gpu0-all/train_step_704/update_event_trace.jsonl
True,0.14910885184697656,0.5,1.0,1,39,0,7.1412034034729,1109,2,704,0,0.5,True,0.14910886006468738,1,0.5635451078414917,20260702-01-flash-vqg-update-norm-event-trace-probe-ucap0p5-r2-s124-d123-b64ga4-3090-event-3090-gpu0-all,4,,,7.194435119628906,23,55,3.353254795074463,441,,,,,,0.07001620531082153,0.46956437826156616,0.46956437826156616,0.46956437826156616,20260702-01-flash-vqg-update-norm-event-trace-probe,3090,ucap0p5-r2,zoology/experiments/flash_vqg/scripts/20260702-01-flash-vqg-update-norm-event-trace-probe/outputs/traces/3090/ucap0p5-r2/event-3090-gpu0-all/train_step_704/update_event_trace.jsonl
True,0.14988297347812868,0.5,1.0,0,39,0,6.044953346252441,1368,1,704,0,0.5,True,0.1498829789659453,1,0.6781764626502991,20260702-01-flash-vqg-update-norm-event-trace-probe-ucap0p5-r2-s124-d123-b64ga4-3090-event-3090-gpu0-all,5,,,6.167685508728027,21,21,3.3359358310699463,441,,,,,,0.08271361887454987,0.55185467004776,0.55185467004776,0.55185467004776,20260702-01-flash-vqg-update-norm-event-trace-probe,3090,ucap0p5-r2,zoology/experiments/flash_vqg/scripts/20260702-01-flash-vqg-update-norm-event-trace-probe/outputs/traces/3090/ucap0p5-r2/event-3090-gpu0-all/train_step_704/update_event_trace.jsonl
True,0.15049473416517187,0.5,1.0,0,5,0,6.155109882354736,3596,2,704,0,0.5,True,0.1504947380174828,1,0.7222334742546082,20260702-01-flash-vqg-update-norm-event-trace-probe-ucap0p5-r2-s124-d123-b64ga4-3090-event-3090-gpu0-all,14,,,6.1696906089782715,15,15,3.3223752975463867,441,,,,,,0.08123331516981125,0.5397751331329346,0.5397751331329346,0.5397751331329346,20260702-01-flash-vqg-update-norm-event-trace-probe,3090,ucap0p5-r2,zoology/experiments/flash_vqg/scripts/20260702-01-flash-vqg-update-norm-event-trace-probe/outputs/traces/3090/ucap0p5-r2/event-3090-gpu0-all/train_step_704/update_event_trace.jsonl
True,0.15177821939734532,0.5,1.0,2,19,0,5.411664009094238,3369,0,704,0,0.5,True,0.151778220397992,1,0.6143655180931091,20260702-01-flash-vqg-update-norm-event-trace-probe-ucap0p5-r2-s124-d123-b64ga4-3090-event-3090-gpu0-all,13,,,5.563992500305176,5,69,3.2942802906036377,441,,,,,,0.09239302575588226,0.608737051486969,0.608737051486969,0.608737051486969,20260702-01-flash-vqg-update-norm-event-trace-probe,3090,ucap0p5-r2,zoology/experiments/flash_vqg/scripts/20260702-01-flash-vqg-update-norm-event-trace-probe/outputs/traces/3090/ucap0p5-r2/event-3090-gpu0-all/train_step_704/update_event_trace.jsonl
True,0.15357769741912447,0.5,1.0,0,32,0,5.951671123504639,1611,3,704,0,0.5,True,0.1535776982385468,1,0.6994116306304932,20260702-01-flash-vqg-update-norm-event-trace-probe-ucap0p5-r2-s124-d123-b64ga4-3090-event-3090-gpu0-all,6,,,5.917497634887695,21,21,3.255681037902832,441,,,,,,0.08401001989841461,0.5470196604728699,0.5470196604728699,0.5470196604728699,20260702-01-flash-vqg-update-norm-event-trace-probe,3090,ucap0p5-r2,zoology/experiments/flash_vqg/scripts/20260702-01-flash-vqg-update-norm-event-trace-probe/outputs/traces/3090/ucap0p5-r2/event-3090-gpu0-all/train_step_704/update_event_trace.jsonl
True,0.15449105332341256,0.5,0.9999999403953552,2,50,0,5.662379741668701,1388,1,704,0,0.5,True,0.15449104672510822,1,0.6884991526603699,20260702-01-flash-vqg-update-norm-event-trace-probe-ucap0p5-r2-s124-d123-b64ga4-3090-event-3090-gpu0-all,5,,,6.068756103515625,17,81,3.236433506011963,441,,,,,,0.08830209821462631,0.571567714214325,0.571567714214325,0.571567714214325,20260702-01-flash-vqg-update-norm-event-trace-probe,3090,ucap0p5-r2,zoology/experiments/flash_vqg/scripts/20260702-01-flash-vqg-update-norm-event-trace-probe/outputs/traces/3090/ucap0p5-r2/event-3090-gpu0-all/train_step_704/update_event_trace.jsonl
True,0.15564896442795073,0.5,1.0,1,39,0,6.7438836097717285,1621,3,704,0,0.5,True,0.15564896125393649,1,0.6841732263565063,20260702-01-flash-vqg-update-norm-event-trace-probe-ucap0p5-r2-s124-d123-b64ga4-3090-event-3090-gpu0-all,6,,,6.805168628692627,25,57,3.2123568058013916,441,,,,,,0.0741412565112114,0.4763363301753998,0.4763363301753998,0.4763363301753998,20260702-01-flash-vqg-update-norm-event-trace-probe,3090,ucap0p5-r2,zoology/experiments/flash_vqg/scripts/20260702-01-flash-vqg-update-norm-event-trace-probe/outputs/traces/3090/ucap0p5-r2/event-3090-gpu0-all/train_step_704/update_event_trace.jsonl
True,0.15590521267019894,0.5,0.9999999403953552,1,39,0,6.231630802154541,3665,4,704,0,0.5,True,0.15590521620151873,1,0.6830733418464661,20260702-01-flash-vqg-update-norm-event-trace-probe-ucap0p5-r2-s124-d123-b64ga4-3090-event-3090-gpu0-all,14,,,6.288027286529541,21,53,3.2070767879486084,441,,,,,,0.08023581653833389,0.5146448612213135,0.5146448612213135,0.5146448612213135,20260702-01-flash-vqg-update-norm-event-trace-probe,3090,ucap0p5-r2,zoology/experiments/flash_vqg/scripts/20260702-01-flash-vqg-update-norm-event-trace-probe/outputs/traces/3090/ucap0p5-r2/event-3090-gpu0-all/train_step_704/update_event_trace.jsonl
True,0.15852159691584725,0.5,1.0,0,19,0,6.070585250854492,3885,4,704,0,0.5,True,0.15852158832712585,1,0.6600078344345093,20260702-01-flash-vqg-update-norm-event-trace-probe-ucap0p5-r2-s124-d123-b64ga4-3090-event-3090-gpu0-all,15,,,6.151711940765381,23,23,3.154144525527954,441,,,,,,0.08236438781023026,0.5195783376693726,0.5195783376693726,0.5195783376693726,20260702-01-flash-vqg-update-norm-event-trace-probe,3090,ucap0p5-r2,zoology/experiments/flash_vqg/scripts/20260702-01-flash-vqg-update-norm-event-trace-probe/outputs/traces/3090/ucap0p5-r2/event-3090-gpu0-all/train_step_704/update_event_trace.jsonl
True,0.15937659280459293,0.5,1.0,19,39,0,6.102673530578613,609,0,704,0,0.5,True,0.15937659616783686,1,0.6228273510932922,20260702-01-flash-vqg-update-norm-event-trace-probe-ucap0p5-r2-s124-d123-b64ga4-3090-event-3090-gpu0-all,2,0.005606182850897312,0.005606182850897312,6.665141582489014,25,633,3.137223482131958,441,0.28350427746772766,0.28350427746772766,0.942310094833374,0.942310094833374,0.9423101544380188,0.08193130046129227,0.5140736103057861,0.5140736103057861,0.5140736103057861,20260702-01-flash-vqg-update-norm-event-trace-probe,3090,ucap0p5-r2,zoology/experiments/flash_vqg/scripts/20260702-01-flash-vqg-update-norm-event-trace-probe/outputs/traces/3090/ucap0p5-r2/event-3090-gpu0-all/train_step_704/update_event_trace.jsonl
True,0.15941404999740727,0.5,1.0,2,50,0,5.880717754364014,1133,2,704,0,0.5,True,0.15941405556070343,1,0.7593568563461304,20260702-01-flash-vqg-update-norm-event-trace-probe-ucap0p5-r2-s124-d123-b64ga4-3090-event-3090-gpu0-all,4,,,5.9260478019714355,31,95,3.136486291885376,441,,,,,,0.08502363413572311,0.533350944519043,0.533350944519043,0.533350944519043,20260702-01-flash-vqg-update-norm-event-trace-probe,3090,ucap0p5-r2,zoology/experiments/flash_vqg/scripts/20260702-01-flash-vqg-update-norm-event-trace-probe/outputs/traces/3090/ucap0p5-r2/event-3090-gpu0-all/train_step_704/update_event_trace.jsonl
True,0.15960304816434578,0.5,0.9999999403953552,7,39,0,6.028337001800537,2886,0,704,0,0.5,True,0.15960303809799237,1,0.7112811803817749,20260702-01-flash-vqg-update-norm-event-trace-probe-ucap0p5-r2-s124-d123-b64ga4-3090-event-3090-gpu0-all,11,,,6.596643924713135,1,225,3.132772445678711,441,,,,,,0.08294162154197693,0.5196744203567505,0.5196744203567505,0.5196744203567505,20260702-01-flash-vqg-update-norm-event-trace-probe,3090,ucap0p5-r2,zoology/experiments/flash_vqg/scripts/20260702-01-flash-vqg-update-norm-event-trace-probe/outputs/traces/3090/ucap0p5-r2/event-3090-gpu0-all/train_step_704/update_event_trace.jsonl
True,0.16149120912532103,0.5,1.0,2,39,0,6.425292491912842,76,3,704,0,0.5,True,0.16149121126416968,1,0.7294849157333374,20260702-01-flash-vqg-update-norm-event-trace-probe-ucap0p5-r2-s124-d123-b64ga4-3090-event-3090-gpu0-all,0,0.008855554275214672,0.008855554275214672,6.4849090576171875,15,79,3.0961437225341797,441,0.8810059428215027,0.8810059428215027,0.7103380560874939,0.7103380560874939,0.7103380560874939,0.07781746983528137,0.4818681478500366,0.4818681478500366,0.4818681478500366,20260702-01-flash-vqg-update-norm-event-trace-probe,3090,ucap0p5-r2,zoology/experiments/flash_vqg/scripts/20260702-01-flash-vqg-update-norm-event-trace-probe/outputs/traces/3090/ucap0p5-r2/event-3090-gpu0-all/train_step_704/update_event_trace.jsonl
True,0.1622747164832287,0.5,1.0,6,39,0,6.164783000946045,2887,2,704,0,0.5,True,0.1622747208624435,1,0.6309307813644409,20260702-01-flash-vqg-update-norm-event-trace-probe-ucap0p5-r2-s124-d123-b64ga4-3090-event-3090-gpu0-all,11,,,6.32416296005249,3,195,3.0811946392059326,441,,,,,,0.08110585063695908,0.49980583786964417,0.49980583786964417,0.49980583786964417,20260702-01-flash-vqg-update-norm-event-trace-probe,3090,ucap0p5-r2,zoology/experiments/flash_vqg/scripts/20260702-01-flash-vqg-update-norm-event-trace-probe/outputs/traces/3090/ucap0p5-r2/event-3090-gpu0-all/train_step_704/update_event_trace.jsonl
True,0.16257083239503214,0.5,1.0,12,39,0,5.786781311035156,3400,0,704,0,0.5,True,0.16257082985269375,1,0.7080953121185303,20260702-01-flash-vqg-update-norm-event-trace-probe-ucap0p5-r2-s124-d123-b64ga4-3090-event-3090-gpu0-all,13,,,6.330654621124268,9,393,3.075582504272461,441,,,,,,0.08640381693840027,0.5314841270446777,0.5314841270446777,0.5314841270446777,20260702-01-flash-vqg-update-norm-event-trace-probe,3090,ucap0p5-r2,zoology/experiments/flash_vqg/scripts/20260702-01-flash-vqg-update-norm-event-trace-probe/outputs/traces/3090/ucap0p5-r2/event-3090-gpu0-all/train_step_704/update_event_trace.jsonl
True,0.16339776585750967,0.5,0.9999999403953552,8,50,0,5.765441417694092,2400,1,704,0,0.5,True,0.1633977537670698,1,0.6864914298057556,20260702-01-flash-vqg-update-norm-event-trace-probe-ucap0p5-r2-s124-d123-b64ga4-3090-event-3090-gpu0-all,9,,,5.9689531326293945,9,265,3.0600175857543945,441,,,,,,0.08672363311052322,0.530751645565033,0.530751645565033,0.530751645565033,20260702-01-flash-vqg-update-norm-event-trace-probe,3090,ucap0p5-r2,zoology/experiments/flash_vqg/scripts/20260702-01-flash-vqg-update-norm-event-trace-probe/outputs/traces/3090/ucap0p5-r2/event-3090-gpu0-all/train_step_704/update_event_trace.jsonl
True,0.16452922927052746,0.5,0.9999999403953552,0,5,0,5.880642414093018,1806,5,704,0,0.5,True,0.16452923610697595,1,0.7255243062973022,20260702-01-flash-vqg-update-norm-event-trace-probe-ucap0p5-r2-s124-d123-b64ga4-3090-event-3090-gpu0-all,7,,,5.879757404327393,13,13,3.038973569869995,441,,,,,,0.08502472192049026,0.5167757868766785,0.5167757868766785,0.5167757868766785,20260702-01-flash-vqg-update-norm-event-trace-probe,3090,ucap0p5-r2,zoology/experiments/flash_vqg/scripts/20260702-01-flash-vqg-update-norm-event-trace-probe/outputs/traces/3090/ucap0p5-r2/event-3090-gpu0-all/train_step_704/update_event_trace.jsonl
True,0.16697865480187454,0.5,1.0,11,39,0,6.494335174560547,2897,1,704,0,0.5,True,0.1669786640302352,1,0.6664878129959106,20260702-01-flash-vqg-update-norm-event-trace-probe-ucap0p5-r2-s124-d123-b64ga4-3090-event-3090-gpu0-all,11,,,6.696859836578369,17,369,2.994394540786743,441,,,,,,0.07699017226696014,0.4610779285430908,0.4610779285430908,0.4610779285430908,20260702-01-flash-vqg-update-norm-event-trace-probe,3090,ucap0p5-r2,zoology/experiments/flash_vqg/scripts/20260702-01-flash-vqg-update-norm-event-trace-probe/outputs/traces/3090/ucap0p5-r2/event-3090-gpu0-all/train_step_704/update_event_trace.jsonl
True,0.1670620625589335,0.5,1.0,1,39,0,7.055689334869385,3401,5,704,0,0.5,True,0.16706205272118543,1,0.7415758371353149,20260702-01-flash-vqg-update-norm-event-trace-probe-ucap0p5-r2-s124-d123-b64ga4-3090-event-3090-gpu0-all,13,,,7.001733779907227,11,43,2.9928998947143555,441,,,,,,0.07086480408906937,0.4241825044155121,0.4241825044155121,0.4241825044155121,20260702-01-flash-vqg-update-norm-event-trace-probe,3090,ucap0p5-r2,zoology/experiments/flash_vqg/scripts/20260702-01-flash-vqg-update-norm-event-trace-probe/outputs/traces/3090/ucap0p5-r2/event-3090-gpu0-all/train_step_704/update_event_trace.jsonl
True,0.1674834873060638,0.5,0.9999999403953552,28,50,0,5.140756130218506,1134,0,704,0,0.5,True,0.16748349884007915,1,0.6390242576599121,20260702-01-flash-vqg-update-norm-event-trace-probe-ucap0p5-r2-s124-d123-b64ga4-3090-event-3090-gpu0-all,4,,,6.240387916564941,17,913,2.9853687286376953,441,,,,,,0.0972619503736496,0.5807256102561951,0.5807256102561951,0.5807256102561951,20260702-01-flash-vqg-update-norm-event-trace-probe,3090,ucap0p5-r2,zoology/experiments/flash_vqg/scripts/20260702-01-flash-vqg-update-norm-event-trace-probe/outputs/traces/3090/ucap0p5-r2/event-3090-gpu0-all/train_step_704/update_event_trace.jsonl
True,0.1680638126652278,0.5,0.9999999403953552,1,39,0,6.477485179901123,2120,6,704,0,0.5,True,0.16806382468390946,1,0.6144099235534668,20260702-01-flash-vqg-update-norm-event-trace-probe-ucap0p5-r2-s124-d123-b64ga4-3090-event-3090-gpu0-all,8,,,6.460352420806885,5,37,2.975060224533081,441,,,,,,0.07719044387340546,0.459292471408844,0.459292471408844,0.459292471408844,20260702-01-flash-vqg-update-norm-event-trace-probe,3090,ucap0p5-r2,zoology/experiments/flash_vqg/scripts/20260702-01-flash-vqg-update-norm-event-trace-probe/outputs/traces/3090/ucap0p5-r2/event-3090-gpu0-all/train_step_704/update_event_trace.jsonl
True,0.16874992127717264,0.5,1.0,3,39,0,6.590879917144775,585,0,704,0,0.5,True,0.16874991048132162,1,0.6796660423278809,20260702-01-flash-vqg-update-norm-event-trace-probe-ucap0p5-r2-s124-d123-b64ga4-3090-event-3090-gpu0-all,2,0.5956341028213501,0.5956341028213501,6.706093788146973,11,107,2.9629645347595215,441,0.782072126865387,0.782072126865387,0.7697070240974426,0.7697070240974426,0.7697070837020874,0.07586240768432617,0.4495552182197571,0.4495552182197571,0.4495552182197571,20260702-01-flash-vqg-update-norm-event-trace-probe,3090,ucap0p5-r2,zoology/experiments/flash_vqg/scripts/20260702-01-flash-vqg-update-norm-event-trace-probe/outputs/traces/3090/ucap0p5-r2/event-3090-gpu0-all/train_step_704/update_event_trace.jsonl
True,0.1711673345249166,0.5,1.0,11,39,0,6.011672496795654,3145,2,704,0,0.5,True,0.17116732552196537,1,0.7125276327133179,20260702-01-flash-vqg-update-norm-event-trace-probe-ucap0p5-r2-s124-d123-b64ga4-3090-event-3090-gpu0-all,12,,,6.291009902954102,7,359,2.9211182594299316,441,,,,,,0.0831715315580368,0.48590773344039917,0.48590773344039917,0.48590773344039917,20260702-01-flash-vqg-update-norm-event-trace-probe,3090,ucap0p5-r2,zoology/experiments/flash_vqg/scripts/20260702-01-flash-vqg-update-norm-event-trace-probe/outputs/traces/3090/ucap0p5-r2/event-3090-gpu0-all/train_step_704/update_event_trace.jsonl
True,0.1721528235528583,0.5,1.0,12,39,0,6.007555961608887,1874,1,704,0,0.5,True,0.17215281563556356,1,0.678317666053772,20260702-01-flash-vqg-update-norm-event-trace-probe-ucap0p5-r2-s124-d123-b64ga4-3090-event-3090-gpu0-all,7,,,5.959176063537598,19,403,2.9043962955474854,441,,,,,,0.08322852849960327,0.4834572374820709,0.4834572374820709,0.4834572374820709,20260702-01-flash-vqg-update-norm-event-trace-probe,3090,ucap0p5-r2,zoology/experiments/flash_vqg/scripts/20260702-01-flash-vqg-update-norm-event-trace-probe/outputs/traces/3090/ucap0p5-r2/event-3090-gpu0-all/train_step_704/update_event_trace.jsonl
True,0.172398371565711,0.5,1.0,23,19,0,4.914032459259033,47,0,704,0,0.5,True,0.1723983809044118,1,0.7222395539283752,20260702-01-flash-vqg-update-norm-event-trace-probe-ucap0p5-r2-s124-d123-b64ga4-3090-event-3090-gpu0-all,0,0.0854136198759079,0.0854136198759079,5.512824058532715,13,749,2.900259256362915,441,0.2850490212440491,0.2850490212440491,0.9419009685516357,0.9419009685516357,0.941900908946991,0.10174942761659622,0.5901994705200195,0.5901994705200195,0.5901994705200195,20260702-01-flash-vqg-update-norm-event-trace-probe,3090,ucap0p5-r2,zoology/experiments/flash_vqg/scripts/20260702-01-flash-vqg-update-norm-event-trace-probe/outputs/traces/3090/ucap0p5-r2/event-3090-gpu0-all/train_step_704/update_event_trace.jsonl
True,0.17339914461693437,0.5,1.0,8,39,0,6.073330879211426,3403,2,704,0,0.5,True,0.17339915684673213,1,0.7336257696151733,20260702-01-flash-vqg-update-norm-event-trace-probe-ucap0p5-r2-s124-d123-b64ga4-3090-event-3090-gpu0-all,13,,,6.606457710266113,9,265,2.8835203647613525,441,,,,,,0.08232714235782623,0.4747840166091919,0.4747840166091919,0.4747840166091919,20260702-01-flash-vqg-update-norm-event-trace-probe,3090,ucap0p5-r2,zoology/experiments/flash_vqg/scripts/20260702-01-flash-vqg-update-norm-event-trace-probe/outputs/traces/3090/ucap0p5-r2/event-3090-gpu0-all/train_step_704/update_event_trace.jsonl
True,0.17383774202850769,0.5,0.9999999403953552,14,19,0,4.5639848709106445,2103,0,704,0,0.5,True,0.1738377340298054,1,0.6428565979003906,20260702-01-flash-vqg-update-norm-event-trace-probe-ucap0p5-r2-s124-d123-b64ga4-3090-event-3090-gpu0-all,8,,,5.587602138519287,23,471,2.8762454986572266,441,,,,,,0.10955338925123215,0.6302048563957214,0.6302048563957214,0.6302048563957214,20260702-01-flash-vqg-update-norm-event-trace-probe,3090,ucap0p5-r2,zoology/experiments/flash_vqg/scripts/20260702-01-flash-vqg-update-norm-event-trace-probe/outputs/traces/3090/ucap0p5-r2/event-3090-gpu0-all/train_step_704/update_event_trace.jsonl
True,0.1741275150573975,0.5,1.0,11,39,0,6.732639312744141,857,3,704,0,0.5,True,0.1741275220194738,1,0.7413455247879028,20260702-01-flash-vqg-update-norm-event-trace-probe-ucap0p5-r2-s124-d123-b64ga4-3090-event-3090-gpu0-all,3,0.27342745661735535,0.27342745661735535,6.299257278442383,27,379,2.8714587688446045,441,1.0092936754226685,1.0092936754226685,0.6582778692245483,0.6582778692245483,0.6582778096199036,0.07426507771015167,0.4264982342720032,0.4264982342720032,0.4264982342720032,20260702-01-flash-vqg-update-norm-event-trace-probe,3090,ucap0p5-r2,zoology/experiments/flash_vqg/scripts/20260702-01-flash-vqg-update-norm-event-trace-probe/outputs/traces/3090/ucap0p5-r2/event-3090-gpu0-all/train_step_704/update_event_trace.jsonl
True,0.17547577187379135,0.5,1.0,15,39,0,6.635400295257568,852,0,704,0,0.5,True,0.17547577095386133,1,0.5622210502624512,20260702-01-flash-vqg-update-norm-event-trace-probe-ucap0p5-r2-s124-d123-b64ga4-3090-event-3090-gpu0-all,3,0.014020952396094799,0.014020952396094799,6.922628402709961,15,495,2.849396228790283,441,0.8813308477401733,0.8813308477401733,0.7224013805389404,0.7224013805389404,0.7224013805389404,0.07535340636968613,0.42942342162132263,0.42942342162132263,0.42942342162132263,20260702-01-flash-vqg-update-norm-event-trace-probe,3090,ucap0p5-r2,zoology/experiments/flash_vqg/scripts/20260702-01-flash-vqg-update-norm-event-trace-probe/outputs/traces/3090/ucap0p5-r2/event-3090-gpu0-all/train_step_704/update_event_trace.jsonl
True,0.17604112337764266,0.5,1.0,17,39,0,7.016643047332764,582,0,704,0,0.5,True,0.17604112129982633,1,0.6776863932609558,20260702-01-flash-vqg-update-norm-event-trace-probe-ucap0p5-r2-s124-d123-b64ga4-3090-event-3090-gpu0-all,2,0.003294183174148202,0.003294183174148202,6.040099143981934,5,549,2.840245485305786,441,1.1725132465362549,1.1725132465362549,0.5214568376541138,0.5214568376541138,0.5214568376541138,0.07125914841890335,0.40478694438934326,0.40478694438934326,0.40478694438934326,20260702-01-flash-vqg-update-norm-event-trace-probe,3090,ucap0p5-r2,zoology/experiments/flash_vqg/scripts/20260702-01-flash-vqg-update-norm-event-trace-probe/outputs/traces/3090/ucap0p5-r2/event-3090-gpu0-all/train_step_704/update_event_trace.jsonl
True,0.17605368492842635,0.5,0.9999999403953552,8,50,0,5.325497150421143,615,3,704,0,0.5,True,0.1760536829952108,1,0.733761191368103,20260702-01-flash-vqg-update-norm-event-trace-probe-ucap0p5-r2-s124-d123-b64ga4-3090-event-3090-gpu0-all,2,0.026669930666685104,0.026669930666685104,5.974945545196533,15,271,2.84004282951355,441,0.2846408486366272,0.2846408486366272,0.9420111775398254,0.9420111775398254,0.9420111775398254,0.09388794749975204,0.5332915782928467,0.5332915782928467,0.5332915782928467,20260702-01-flash-vqg-update-norm-event-trace-probe,3090,ucap0p5-r2,zoology/experiments/flash_vqg/scripts/20260702-01-flash-vqg-update-norm-event-trace-probe/outputs/traces/3090/ucap0p5-r2/event-3090-gpu0-all/train_step_704/update_event_trace.jsonl
True,0.17619404251152285,0.5,1.0,26,19,0,5.4209771156311035,2347,0,704,0,0.5,True,0.17619403766296768,1,0.7485572099685669,20260702-01-flash-vqg-update-norm-event-trace-probe-ucap0p5-r2-s124-d123-b64ga4-3090-event-3090-gpu0-all,9,,,6.022838592529297,9,841,2.837780475616455,441,,,,,,0.0922342985868454,0.5234813690185547,0.5234813690185547,0.5234813690185547,20260702-01-flash-vqg-update-norm-event-trace-probe,3090,ucap0p5-r2,zoology/experiments/flash_vqg/scripts/20260702-01-flash-vqg-update-norm-event-trace-probe/outputs/traces/3090/ucap0p5-r2/event-3090-gpu0-all/train_step_704/update_event_trace.jsonl
True,0.1771562913164357,0.5,1.0,6,39,0,6.623421669006348,3667,3,704,0,0.5,True,0.17715629924083426,1,0.6864407062530518,20260702-01-flash-vqg-update-norm-event-trace-probe-ucap0p5-r2-s124-d123-b64ga4-3090-event-3090-gpu0-all,14,,,6.6978678703308105,27,219,2.82236647605896,441,,,,,,0.07548967748880386,0.4261190891265869,0.4261190891265869,0.4261190891265869,20260702-01-flash-vqg-update-norm-event-trace-probe,3090,ucap0p5-r2,zoology/experiments/flash_vqg/scripts/20260702-01-flash-vqg-update-norm-event-trace-probe/outputs/traces/3090/ucap0p5-r2/event-3090-gpu0-all/train_step_704/update_event_trace.jsonl
False,1.0,,0.9999999403953552,0,39,0,3.052154302597046,1886,0,384,0,0.5,True,0.17721071454766632,1,0.8004239201545715,20260702-01-flash-vqg-update-norm-event-trace-probe-baseline-r2-s124-d123-b64ga4-2080ti-event-2080ti-gpu0-baseline,7,,,1.5813443660736084,31,31,2.821499824523926,441,,,,,,0.9244289398193359,0.9244289398193359,0.9244289398193359,0.9244289398193359,20260702-01-flash-vqg-update-norm-event-trace-probe,2080ti,baseline-r2,zoology/experiments/flash_vqg/scripts/20260702-01-flash-vqg-update-norm-event-trace-probe/outputs/traces/2080ti/baseline-r2/event-2080ti-gpu0-baseline/train_step_384/update_event_trace.jsonl
True,0.17795995670753645,0.5,0.9999999403953552,16,39,0,6.023683071136475,1876,0,704,0,0.5,True,0.17795996963104538,1,0.6075534820556641,20260702-01-flash-vqg-update-norm-event-trace-probe-ucap0p5-r2-s124-d123-b64ga4-3090-event-3090-gpu0-all,7,,,6.706559658050537,17,529,2.8096206188201904,441,,,,,,0.08300568908452988,0.4664290249347687,0.4664290249347687,0.4664290249347687,20260702-01-flash-vqg-update-norm-event-trace-probe,3090,ucap0p5-r2,zoology/experiments/flash_vqg/scripts/20260702-01-flash-vqg-update-norm-event-trace-probe/outputs/traces/3090/ucap0p5-r2/event-3090-gpu0-all/train_step_704/update_event_trace.jsonl
True,0.17914257300350567,0.5,1.0,0,50,0,5.501277446746826,2924,6,704,0,0.5,True,0.17914258340246808,1,0.6629677414894104,20260702-01-flash-vqg-update-norm-event-trace-probe-ucap0p5-r2-s124-d123-b64ga4-3090-event-3090-gpu0-all,11,,,5.529670715332031,11,11,2.7910728454589844,441,,,,,,0.09088797867298126,0.507349967956543,0.507349967956543,0.507349967956543,20260702-01-flash-vqg-update-norm-event-trace-probe,3090,ucap0p5-r2,zoology/experiments/flash_vqg/scripts/20260702-01-flash-vqg-update-norm-event-trace-probe/outputs/traces/3090/ucap0p5-r2/event-3090-gpu0-all/train_step_704/update_event_trace.jsonl
True,0.18037839491252713,0.5,1.0,14,39,0,6.283224105834961,3394,1,704,0,0.5,True,0.18037838698878864,1,0.6508517265319824,20260702-01-flash-vqg-update-norm-event-trace-probe-ucap0p5-r2-s124-d123-b64ga4-3090-event-3090-gpu0-all,13,,,6.562846660614014,5,453,2.7719507217407227,441,,,,,,0.07957698404788971,0.4411669373512268,0.4411669373512268,0.4411669373512268,20260702-01-flash-vqg-update-norm-event-trace-probe,3090,ucap0p5-r2,zoology/experiments/flash_vqg/scripts/20260702-01-flash-vqg-update-norm-event-trace-probe/outputs/traces/3090/ucap0p5-r2/event-3090-gpu0-all/train_step_704/update_event_trace.jsonl
True,0.180574688392999,0.5,1.0,6,39,0,6.6856279373168945,3918,4,704,0,0.5,True,0.18057468874219515,1,0.5938671827316284,20260702-01-flash-vqg-update-norm-event-trace-probe-ucap0p5-r2-s124-d123-b64ga4-3090-event-3090-gpu0-all,15,,,6.678345203399658,15,207,2.768937349319458,441,,,,,,0.07478728890419006,0.41416263580322266,0.41416263580322266,0.41416263580322266,20260702-01-flash-vqg-update-norm-event-trace-probe,3090,ucap0p5-r2,zoology/experiments/flash_vqg/scripts/20260702-01-flash-vqg-update-norm-event-trace-probe/outputs/traces/3090/ucap0p5-r2/event-3090-gpu0-all/train_step_704/update_event_trace.jsonl
True,0.18112233395023247,0.5,1.0,3,50,0,5.300495147705078,3167,1,704,0,0.5,True,0.18112233992065913,1,0.7481399774551392,20260702-01-flash-vqg-update-norm-event-trace-probe-ucap0p5-r2-s124-d123-b64ga4-3090-event-3090-gpu0-all,12,,,5.489063262939453,1,97,2.7605650424957275,441,,,,,,0.0943308100104332,0.5208126902580261,0.5208126902580261,0.5208126902580261,20260702-01-flash-vqg-update-norm-event-trace-probe,3090,ucap0p5-r2,zoology/experiments/flash_vqg/scripts/20260702-01-flash-vqg-update-norm-event-trace-probe/outputs/traces/3090/ucap0p5-r2/event-3090-gpu0-all/train_step_704/update_event_trace.jsonl
True,0.181263876577639,0.5,1.0,5,39,0,6.260459899902344,87,0,704,0,0.5,True,0.18126387687465298,1,0.7200391292572021,20260702-01-flash-vqg-update-norm-event-trace-probe-ucap0p5-r2-s124-d123-b64ga4-3090-event-3090-gpu0-all,0,0.3287767171859741,0.3287767171859741,6.3873467445373535,25,185,2.7584095001220703,441,0.7989205121994019,0.7989205121994019,0.7668402791023254,0.7668402791023254,0.7668402194976807,0.07986633479595184,0.44060811400413513,0.44060811400413513,0.44060811400413513,20260702-01-flash-vqg-update-norm-event-trace-probe,3090,ucap0p5-r2,zoology/experiments/flash_vqg/scripts/20260702-01-flash-vqg-update-norm-event-trace-probe/outputs/traces/3090/ucap0p5-r2/event-3090-gpu0-all/train_step_704/update_event_trace.jsonl
True,0.18219585473199174,0.5,1.0,30,39,0,5.130185127258301,3424,0,704,0,0.5,True,0.1821958631244404,1,0.7203502058982849,20260702-01-flash-vqg-update-norm-event-trace-probe-ucap0p5-r2-s124-d123-b64ga4-3090-event-3090-gpu0-all,13,,,6.5395002365112305,31,991,2.7442994117736816,441,,,,,,0.09746236354112625,0.5349318385124207,0.5349318385124207,0.5349318385124207,20260702-01-flash-vqg-update-norm-event-trace-probe,3090,ucap0p5-r2,zoology/experiments/flash_vqg/scripts/20260702-01-flash-vqg-update-norm-event-trace-probe/outputs/traces/3090/ucap0p5-r2/event-3090-gpu0-all/train_step_704/update_event_trace.jsonl
True,0.18324320862997795,0.5,1.0,7,39,0,6.230411052703857,2390,1,704,0,0.5,True,0.1832432081506823,1,0.6934536695480347,20260702-01-flash-vqg-update-norm-event-trace-probe-ucap0p5-r2-s124-d123-b64ga4-3090-event-3090-gpu0-all,9,,,6.342159271240234,25,249,2.728614091873169,441,,,,,,0.0802515298128128,0.43795090913772583,0.43795090913772583,0.43795090913772583,20260702-01-flash-vqg-update-norm-event-trace-probe,3090,ucap0p5-r2,zoology/experiments/flash_vqg/scripts/20260702-01-flash-vqg-update-norm-event-trace-probe/outputs/traces/3090/ucap0p5-r2/event-3090-gpu0-all/train_step_704/update_event_trace.jsonl
True,0.18324722856624795,0.5,1.0,0,59,0,5.748240947723389,887,7,704,0,0.5,True,0.18324722706836347,1,0.6962154507637024,20260702-01-flash-vqg-update-norm-event-trace-probe-ucap0p5-r2-s124-d123-b64ga4-3090-event-3090-gpu0-all,3,0.029771190136671066,0.029771190136671066,5.730890274047852,1,1,2.7285542488098145,441,0.28397342562675476,0.28397342562675476,0.9421845078468323,0.9421845078468323,0.9421845078468323,0.08698312938213348,0.47467637062072754,0.47467637062072754,0.47467637062072754,20260702-01-flash-vqg-update-norm-event-trace-probe,3090,ucap0p5-r2,zoology/experiments/flash_vqg/scripts/20260702-01-flash-vqg-update-norm-event-trace-probe/outputs/traces/3090/ucap0p5-r2/event-3090-gpu0-all/train_step_704/update_event_trace.jsonl
True,0.1835387484104117,0.5,1.0000001192092896,3,39,0,5.866413593292236,3918,2,704,0,0.5,True,0.18353875581470247,1,0.6884858012199402,20260702-01-flash-vqg-update-norm-event-trace-probe-ucap0p5-r2-s124-d123-b64ga4-3090-event-3090-gpu0-all,15,,,6.2993388175964355,9,105,2.7242202758789062,441,,,,,,0.08523094654083252,0.464375764131546,0.464375764131546,0.464375764131546,20260702-01-flash-vqg-update-norm-event-trace-probe,3090,ucap0p5-r2,zoology/experiments/flash_vqg/scripts/20260702-01-flash-vqg-update-norm-event-trace-probe/outputs/traces/3090/ucap0p5-r2/event-3090-gpu0-all/train_step_704/update_event_trace.jsonl
False,1.0,,1.0,13,39,0,3.030961275100708,3418,0,384,0,0.5,True,0.18373610853750263,1,0.8021212816238403,20260702-01-flash-vqg-update-norm-event-trace-probe-baseline-r2-s124-d123-b64ga4-2080ti-event-2080ti-gpu0-baseline,13,,,2.1541454792022705,27,443,2.7212941646575928,441,,,,,,0.8978320360183716,0.8978320360183716,0.8978320360183716,0.8978320360183716,20260702-01-flash-vqg-update-norm-event-trace-probe,2080ti,baseline-r2,zoology/experiments/flash_vqg/scripts/20260702-01-flash-vqg-update-norm-event-trace-probe/outputs/traces/2080ti/baseline-r2/event-2080ti-gpu0-baseline/train_step_384/update_event_trace.jsonl
True,0.18661572098265639,0.5,1.0,8,39,0,6.467332363128662,2639,4,704,0,0.5,True,0.18661571961084944,1,0.6863695979118347,20260702-01-flash-vqg-update-norm-event-trace-probe-ucap0p5-r2-s124-d123-b64ga4-3090-event-3090-gpu0-all,10,,,6.893542289733887,17,273,2.67930269241333,441,,,,,,0.07731162756681442,0.41428250074386597,0.41428250074386597,0.41428250074386597,20260702-01-flash-vqg-update-norm-event-trace-probe,3090,ucap0p5-r2,zoology/experiments/flash_vqg/scripts/20260702-01-flash-vqg-update-norm-event-trace-probe/outputs/traces/3090/ucap0p5-r2/event-3090-gpu0-all/train_step_704/update_event_trace.jsonl
True,0.18824591825859804,0.5,1.0,0,18,0,5.892237186431885,2340,8,704,0,0.5,True,0.18824592201546592,1,0.5998446941375732,20260702-01-flash-vqg-update-norm-event-trace-probe-ucap0p5-r2-s124-d123-b64ga4-3090-event-3090-gpu0-all,9,,,6.135433673858643,15,15,2.656100034713745,441,,,,,,0.08485741168260574,0.4507795572280884,0.4507795572280884,0.4507795572280884,20260702-01-flash-vqg-update-norm-event-trace-probe,3090,ucap0p5-r2,zoology/experiments/flash_vqg/scripts/20260702-01-flash-vqg-update-norm-event-trace-probe/outputs/traces/3090/ucap0p5-r2/event-3090-gpu0-all/train_step_704/update_event_trace.jsonl
True,0.18914589628009315,0.5,0.9999998807907104,1,19,0,4.835132598876953,1339,7,704,0,0.5,True,0.18914588738076193,1,0.7214163541793823,20260702-01-flash-vqg-update-norm-event-trace-probe-ucap0p5-r2-s124-d123-b64ga4-3090-event-3090-gpu0-all,5,,,5.377593040466309,31,63,2.6434621810913086,441,,,,,,0.1034097820520401,0.5467196702957153,0.5467196702957153,0.5467196702957153,20260702-01-flash-vqg-update-norm-event-trace-probe,3090,ucap0p5-r2,zoology/experiments/flash_vqg/scripts/20260702-01-flash-vqg-update-norm-event-trace-probe/outputs/traces/3090/ucap0p5-r2/event-3090-gpu0-all/train_step_704/update_event_trace.jsonl
False,1.0,,0.9999999403953552,5,39,0,2.9358837604522705,1618,0,384,0,0.5,True,0.18966415237437875,1,0.803144633769989,20260702-01-flash-vqg-update-norm-event-trace-probe-baseline-r2-s124-d123-b64ga4-2080ti-event-2080ti-gpu0-baseline,6,,,2.060685873031616,19,179,2.6362388134002686,441,,,,,,0.8979370594024658,0.8979370594024658,0.8979370594024658,0.8979370594024658,20260702-01-flash-vqg-update-norm-event-trace-probe,2080ti,baseline-r2,zoology/experiments/flash_vqg/scripts/20260702-01-flash-vqg-update-norm-event-trace-probe/outputs/traces/2080ti/baseline-r2/event-2080ti-gpu0-baseline/train_step_384/update_event_trace.jsonl
True,0.18971537837295055,0.5,1.0,1,39,0,6.0408525466918945,598,8,704,0,0.5,True,0.1897153851282422,1,0.6456162929534912,20260702-01-flash-vqg-update-norm-event-trace-probe-ucap0p5-r2-s124-d123-b64ga4-3090-event-3090-gpu0-all,2,0.0022999548818916082,0.0022999548818916082,6.034520149230957,21,53,2.6355268955230713,441,0.8819544315338135,0.8819544315338135,0.7132265567779541,0.7132265567779541,0.7132265567779541,0.08276977390050888,0.4362839460372925,0.4362839460372925,0.4362839460372925,20260702-01-flash-vqg-update-norm-event-trace-probe,3090,ucap0p5-r2,zoology/experiments/flash_vqg/scripts/20260702-01-flash-vqg-update-norm-event-trace-probe/outputs/traces/3090/ucap0p5-r2/event-3090-gpu0-all/train_step_704/update_event_trace.jsonl
True,0.18984736197141233,0.5,1.0,8,39,0,5.945646286010742,337,5,704,0,0.5,True,0.18984736907093602,1,0.651258111000061,20260702-01-flash-vqg-update-norm-event-trace-probe-ucap0p5-r2-s124-d123-b64ga4-3090-event-3090-gpu0-all,1,0.44131770730018616,0.44131770730018616,6.208404541015625,17,273,2.633694648742676,441,0.6424909830093384,0.6424909830093384,0.8232089877128601,0.8232089877128601,0.8232089281082153,0.08409514278173447,0.4429618716239929,0.4429618716239929,0.4429618716239929,20260702-01-flash-vqg-update-norm-event-trace-probe,3090,ucap0p5-r2,zoology/experiments/flash_vqg/scripts/20260702-01-flash-vqg-update-norm-event-trace-probe/outputs/traces/3090/ucap0p5-r2/event-3090-gpu0-all/train_step_704/update_event_trace.jsonl
False,1.0,,0.9999999403953552,2,39,0,2.8495914936065674,2385,0,384,0,0.5,True,0.18989997334167855,1,0.7987196445465088,20260702-01-flash-vqg-update-norm-event-trace-probe-baseline-r2-s124-d123-b64ga4-2080ti-event-2080ti-gpu0-baseline,9,,,1.8738681077957153,17,81,2.632965087890625,441,,,,,,0.9239798188209534,0.9239798188209534,0.9239798188209534,0.9239798188209534,20260702-01-flash-vqg-update-norm-event-trace-probe,2080ti,baseline-r2,zoology/experiments/flash_vqg/scripts/20260702-01-flash-vqg-update-norm-event-trace-probe/outputs/traces/2080ti/baseline-r2/event-2080ti-gpu0-baseline/train_step_384/update_event_trace.jsonl
True,0.1905336915006649,0.5,0.9999999403953552,1,39,0,6.451775074005127,3654,9,704,0,0.5,True,0.19053367913401315,1,0.7106682062149048,20260702-01-flash-vqg-update-norm-event-trace-probe-ucap0p5-r2-s124-d123-b64ga4-3090-event-3090-gpu0-all,14,,,6.390233039855957,5,37,2.6242079734802246,441,,,,,,0.07749805599451065,0.40674200654029846,0.40674200654029846,0.40674200654029846,20260702-01-flash-vqg-update-norm-event-trace-probe,3090,ucap0p5-r2,zoology/experiments/flash_vqg/scripts/20260702-01-flash-vqg-update-norm-event-trace-probe/outputs/traces/3090/ucap0p5-r2/event-3090-gpu0-all/train_step_704/update_event_trace.jsonl
True,0.19189898518645448,0.5,1.0,7,39,0,6.075131416320801,1111,2,704,0,0.5,True,0.191898990667998,1,0.6551690697669983,20260702-01-flash-vqg-update-norm-event-trace-probe-ucap0p5-r2-s124-d123-b64ga4-3090-event-3090-gpu0-all,4,,,5.997305393218994,27,251,2.6055374145507812,441,,,,,,0.08230274170637131,0.4288857579231262,0.4288857579231262,0.4288857579231262,20260702-01-flash-vqg-update-norm-event-trace-probe,3090,ucap0p5-r2,zoology/experiments/flash_vqg/scripts/20260702-01-flash-vqg-update-norm-event-trace-probe/outputs/traces/3090/ucap0p5-r2/event-3090-gpu0-all/train_step_704/update_event_trace.jsonl
False,1.0,,1.0,14,39,0,2.8120052814483643,3678,0,384,0,0.5,True,0.19262392917537674,1,0.7992956042289734,20260702-01-flash-vqg-update-norm-event-trace-probe-baseline-r2-s124-d123-b64ga4-2080ti-event-2080ti-gpu0-baseline,14,,,1.009007215499878,31,479,2.595731496810913,441,,,,,,0.9230891466140747,0.9230891466140747,0.9230891466140747,0.9230891466140747,20260702-01-flash-vqg-update-norm-event-trace-probe,2080ti,baseline-r2,zoology/experiments/flash_vqg/scripts/20260702-01-flash-vqg-update-norm-event-trace-probe/outputs/traces/2080ti/baseline-r2/event-2080ti-gpu0-baseline/train_step_384/update_event_trace.jsonl
False,1.0,,0.9999999403953552,0,39,0,2.8732407093048096,72,1,384,0,0.5,True,0.19285470393890747,1,0.8056292533874512,20260702-01-flash-vqg-update-norm-event-trace-probe-baseline-r2-s124-d123-b64ga4-2080ti-event-2080ti-gpu0-baseline,0,0.995274007320404,0.995274007320404,2.4488868713378906,11,11,2.592625379562378,441,0.3129207491874695,0.3129207491874695,0.9336952567100525,0.9336952567100525,0.9336952567100525,0.9023349285125732,0.9023349285125732,0.9023349285125732,0.9023349285125732,20260702-01-flash-vqg-update-norm-event-trace-probe,2080ti,baseline-r2,zoology/experiments/flash_vqg/scripts/20260702-01-flash-vqg-update-norm-event-trace-probe/outputs/traces/2080ti/baseline-r2/event-2080ti-gpu0-baseline/train_step_384/update_event_trace.jsonl
True,0.19387496877440963,0.5,0.9999999403953552,0,39,0,5.315261363983154,1362,9,704,0,0.5,True,0.19387497477358162,1,0.6661801934242249,20260702-01-flash-vqg-update-norm-event-trace-probe-ucap0p5-r2-s124-d123-b64ga4-3090-event-3090-gpu0-all,5,,,5.373704433441162,15,15,2.578981637954712,441,,,,,,0.0940687507390976,0.48520317673683167,0.48520317673683167,0.48520317673683167,20260702-01-flash-vqg-update-norm-event-trace-probe,3090,ucap0p5-r2,zoology/experiments/flash_vqg/scripts/20260702-01-flash-vqg-update-norm-event-trace-probe/outputs/traces/3090/ucap0p5-r2/event-3090-gpu0-all/train_step_704/update_event_trace.jsonl
True,0.1940504108669138,0.5,1.0,3,39,0,6.103773593902588,2902,3,704,0,0.5,True,0.19405042150859242,1,0.6297175884246826,20260702-01-flash-vqg-update-norm-event-trace-probe-ucap0p5-r2-s124-d123-b64ga4-3090-event-3090-gpu0-all,11,,,6.056950092315674,23,119,2.5766499042510986,441,,,,,,0.08191653341054916,0.4221404790878296,0.4221404790878296,0.4221404790878296,20260702-01-flash-vqg-update-norm-event-trace-probe,3090,ucap0p5-r2,zoology/experiments/flash_vqg/scripts/20260702-01-flash-vqg-update-norm-event-trace-probe/outputs/traces/3090/ucap0p5-r2/event-3090-gpu0-all/train_step_704/update_event_trace.jsonl
True,0.1943649758074683,0.5,0.9999999403953552,0,32,0,5.3109869956970215,3906,10,704,0,0.5,True,0.19436497354019733,1,0.687272846698761,20260702-01-flash-vqg-update-norm-event-trace-probe-ucap0p5-r2-s124-d123-b64ga4-3090-event-3090-gpu0-all,15,,,5.3109869956970215,5,5,2.5724799633026123,441,,,,,,0.09414446353912354,0.4843694865703583,0.4843694865703583,0.4843694865703583,20260702-01-flash-vqg-update-norm-event-trace-probe,3090,ucap0p5-r2,zoology/experiments/flash_vqg/scripts/20260702-01-flash-vqg-update-norm-event-trace-probe/outputs/traces/3090/ucap0p5-r2/event-3090-gpu0-all/train_step_704/update_event_trace.jsonl
False,1.0,,1.0,9,39,0,2.8044192790985107,853,0,384,0,0.5,True,0.19482704337806536,1,0.7977054715156555,20260702-01-flash-vqg-update-norm-event-trace-probe-baseline-r2-s124-d123-b64ga4-2080ti-event-2080ti-gpu0-baseline,3,0.9321972131729126,0.9321972131729126,1.699390172958374,25,313,2.5663788318634033,441,0.2824190855026245,0.2824190855026245,0.9422881603240967,0.9422881603240967,0.9422881007194519,0.9151195287704468,0.9151195287704468,0.9151195287704468,0.9151195287704468,20260702-01-flash-vqg-update-norm-event-trace-probe,2080ti,baseline-r2,zoology/experiments/flash_vqg/scripts/20260702-01-flash-vqg-update-norm-event-trace-probe/outputs/traces/2080ti/baseline-r2/event-2080ti-gpu0-baseline/train_step_384/update_event_trace.jsonl
False,1.0,,1.0,7,39,0,2.831644296646118,1858,0,384,0,0.5,True,0.1957780540026335,1,0.801149845123291,20260702-01-flash-vqg-update-norm-event-trace-probe-baseline-r2-s124-d123-b64ga4-2080ti-event-2080ti-gpu0-baseline,7,,,2.5113906860351562,3,227,2.553912401199341,441,,,,,,0.9019185304641724,0.9019185304641724,0.9019185304641724,0.9019185304641724,20260702-01-flash-vqg-update-norm-event-trace-probe,2080ti,baseline-r2,zoology/experiments/flash_vqg/scripts/20260702-01-flash-vqg-update-norm-event-trace-probe/outputs/traces/2080ti/baseline-r2/event-2080ti-gpu0-baseline/train_step_384/update_event_trace.jsonl
False,1.0,,1.0,11,39,0,2.8849551677703857,2117,0,384,0,0.5,True,0.1965090638272712,1,0.8043707609176636,20260702-01-flash-vqg-update-norm-event-trace-probe-baseline-r2-s124-d123-b64ga4-2080ti-event-2080ti-gpu0-baseline,8,,,1.9200801849365234,5,357,2.5444118976593018,441,,,,,,0.8819589018821716,0.8819589018821716,0.8819589018821716,0.8819589018821716,20260702-01-flash-vqg-update-norm-event-trace-probe,2080ti,baseline-r2,zoology/experiments/flash_vqg/scripts/20260702-01-flash-vqg-update-norm-event-trace-probe/outputs/traces/2080ti/baseline-r2/event-2080ti-gpu0-baseline/train_step_384/update_event_trace.jsonl
False,1.0,,1.0,4,39,0,2.820634603500366,1869,0,384,0,0.5,True,0.19766964660887754,1,0.7990301251411438,20260702-01-flash-vqg-update-norm-event-trace-probe-baseline-r2-s124-d123-b64ga4-2080ti-event-2080ti-gpu0-baseline,7,,,1.7536253929138184,17,145,2.529472827911377,441,,,,,,0.8967743515968323,0.8967743515968323,0.8967743515968323,0.8967743515968323,20260702-01-flash-vqg-update-norm-event-trace-probe,2080ti,baseline-r2,zoology/experiments/flash_vqg/scripts/20260702-01-flash-vqg-update-norm-event-trace-probe/outputs/traces/2080ti/baseline-r2/event-2080ti-gpu0-baseline/train_step_384/update_event_trace.jsonl
False,1.0,,1.0,10,39,0,2.7806527614593506,319,0,384,0,0.5,True,0.197805452394593,1,0.801825761795044,20260702-01-flash-vqg-update-norm-event-trace-probe-baseline-r2-s124-d123-b64ga4-2080ti-event-2080ti-gpu0-baseline,1,0.0036993972025811672,0.0036993972025811672,2.0464251041412354,1,321,2.527736186981201,441,0.3388676643371582,0.3388676643371582,0.9275915622711182,0.9275915622711182,0.9275915622711182,0.9090442061424255,0.9090442061424255,0.9090442061424255,0.9090442061424255,20260702-01-flash-vqg-update-norm-event-trace-probe,2080ti,baseline-r2,zoology/experiments/flash_vqg/scripts/20260702-01-flash-vqg-update-norm-event-trace-probe/outputs/traces/2080ti/baseline-r2/event-2080ti-gpu0-baseline/train_step_384/update_event_trace.jsonl
False,1.0,,0.9999999403953552,20,39,0,2.6691324710845947,331,0,384,0,0.5,True,0.20013583819966002,1,0.8080226182937622,20260702-01-flash-vqg-update-norm-event-trace-probe-baseline-r2-s124-d123-b64ga4-2080ti-event-2080ti-gpu0-baseline,1,0.9915651679039001,0.9915651679039001,1.3894098997116089,13,653,2.498303174972534,441,0.25918614864349365,0.25918614864349365,0.9481917023658752,0.9481917023658752,0.9481916427612305,0.9359982013702393,0.9359982013702393,0.9359982013702393,0.9359982013702393,20260702-01-flash-vqg-update-norm-event-trace-probe,2080ti,baseline-r2,zoology/experiments/flash_vqg/scripts/20260702-01-flash-vqg-update-norm-event-trace-probe/outputs/traces/2080ti/baseline-r2/event-2080ti-gpu0-baseline/train_step_384/update_event_trace.jsonl
False,1.0,,1.0,0,39,0,2.8681771755218506,1359,2,384,0,0.5,True,0.20093336700823183,1,0.7999472618103027,20260702-01-flash-vqg-update-norm-event-trace-probe-baseline-r2-s124-d123-b64ga4-2080ti-event-2080ti-gpu0-baseline,5,,,2.3380608558654785,15,15,2.488387107849121,441,,,,,,0.8675848841667175,0.8675848841667175,0.8675848841667175,0.8675848841667175,20260702-01-flash-vqg-update-norm-event-trace-probe,2080ti,baseline-r2,zoology/experiments/flash_vqg/scripts/20260702-01-flash-vqg-update-norm-event-trace-probe/outputs/traces/2080ti/baseline-r2/event-2080ti-gpu0-baseline/train_step_384/update_event_trace.jsonl
False,1.0,,1.0,0,39,0,2.731942653656006,2140,3,384,0,0.5,True,0.20113731695744744,1,0.8009639978408813,20260702-01-flash-vqg-update-norm-event-trace-probe-baseline-r2-s124-d123-b64ga4-2080ti-event-2080ti-gpu0-baseline,8,,,2.0577569007873535,31,31,2.4858639240264893,441,,,,,,0.9099253416061401,0.9099253416061401,0.9099253416061401,0.9099253416061401,20260702-01-flash-vqg-update-norm-event-trace-probe,2080ti,baseline-r2,zoology/experiments/flash_vqg/scripts/20260702-01-flash-vqg-update-norm-event-trace-probe/outputs/traces/2080ti/baseline-r2/event-2080ti-gpu0-baseline/train_step_384/update_event_trace.jsonl
False,1.0,,1.0,6,39,0,2.680233955383301,3160,0,384,0,0.5,True,0.20248283703369566,1,0.8026671409606934,20260702-01-flash-vqg-update-norm-event-trace-probe-baseline-r2-s124-d123-b64ga4-2080ti-event-2080ti-gpu0-baseline,12,,,1.4182326793670654,25,217,2.4693450927734375,441,,,,,,0.9213169813156128,0.9213169813156128,0.9213169813156128,0.9213169813156128,20260702-01-flash-vqg-update-norm-event-trace-probe,2080ti,baseline-r2,zoology/experiments/flash_vqg/scripts/20260702-01-flash-vqg-update-norm-event-trace-probe/outputs/traces/2080ti/baseline-r2/event-2080ti-gpu0-baseline/train_step_384/update_event_trace.jsonl
False,1.0,,1.0,15,39,0,2.760399341583252,331,0,384,0,0.5,True,0.20430860189881192,1,0.804703414440155,20260702-01-flash-vqg-update-norm-event-trace-probe-baseline-r2-s124-d123-b64ga4-2080ti-event-2080ti-gpu0-baseline,1,0.9632285237312317,0.9632285237312317,2.0915329456329346,13,493,2.4472782611846924,441,0.28660058975219727,0.28660058975219727,0.9410967230796814,0.9410967230796814,0.9410967230796814,0.8865667581558228,0.8865667581558228,0.8865667581558228,0.8865667581558228,20260702-01-flash-vqg-update-norm-event-trace-probe,2080ti,baseline-r2,zoology/experiments/flash_vqg/scripts/20260702-01-flash-vqg-update-norm-event-trace-probe/outputs/traces/2080ti/baseline-r2/event-2080ti-gpu0-baseline/train_step_384/update_event_trace.jsonl
False,1.0,,1.0,28,39,0,2.6946821212768555,3422,0,384,0,0.5,True,0.20438484328707313,1,0.8011151552200317,20260702-01-flash-vqg-update-norm-event-trace-probe-baseline-r2-s124-d123-b64ga4-2080ti-event-2080ti-gpu0-baseline,13,,,1.4478670358657837,31,927,2.4463653564453125,441,,,,,,0.9078493118286133,0.9078493118286133,0.9078493118286133,0.9078493118286133,20260702-01-flash-vqg-update-norm-event-trace-probe,2080ti,baseline-r2,zoology/experiments/flash_vqg/scripts/20260702-01-flash-vqg-update-norm-event-trace-probe/outputs/traces/2080ti/baseline-r2/event-2080ti-gpu0-baseline/train_step_384/update_event_trace.jsonl
False,1.0,,1.0,10,39,0,2.6580891609191895,3906,1,384,0,0.5,True,0.20443670559261048,1,0.8005837202072144,20260702-01-flash-vqg-update-norm-event-trace-probe-baseline-r2-s124-d123-b64ga4-2080ti-event-2080ti-gpu0-baseline,15,,,1.2690905332565308,3,323,2.445744752883911,441,,,,,,0.9201138615608215,0.9201138615608215,0.9201138615608215,0.9201138615608215,20260702-01-flash-vqg-update-norm-event-trace-probe,2080ti,baseline-r2,zoology/experiments/flash_vqg/scripts/20260702-01-flash-vqg-update-norm-event-trace-probe/outputs/traces/2080ti/baseline-r2/event-2080ti-gpu0-baseline/train_step_384/update_event_trace.jsonl
False,1.0,,1.0,25,39,0,2.6807427406311035,2635,0,384,0,0.5,True,0.2051093666179115,1,0.8026719093322754,20260702-01-flash-vqg-update-norm-event-trace-probe-baseline-r2-s124-d123-b64ga4-2080ti-event-2080ti-gpu0-baseline,10,,,2.2857208251953125,13,813,2.4377238750457764,441,,,,,,0.9093464016914368,0.9093464016914368,0.9093464016914368,0.9093464016914368,20260702-01-flash-vqg-update-norm-event-trace-probe,2080ti,baseline-r2,zoology/experiments/flash_vqg/scripts/20260702-01-flash-vqg-update-norm-event-trace-probe/outputs/traces/2080ti/baseline-r2/event-2080ti-gpu0-baseline/train_step_384/update_event_trace.jsonl
False,1.0,,1.0,0,39,0,2.649550199508667,1367,4,384,0,0.5,True,0.20527632526999418,1,0.8031884431838989,20260702-01-flash-vqg-update-norm-event-trace-probe-baseline-r2-s124-d123-b64ga4-2080ti-event-2080ti-gpu0-baseline,5,,,1.6745164394378662,23,23,2.4357411861419678,441,,,,,,0.9193036556243896,0.9193036556243896,0.9193036556243896,0.9193036556243896,20260702-01-flash-vqg-update-norm-event-trace-probe,2080ti,baseline-r2,zoology/experiments/flash_vqg/scripts/20260702-01-flash-vqg-update-norm-event-trace-probe/outputs/traces/2080ti/baseline-r2/event-2080ti-gpu0-baseline/train_step_384/update_event_trace.jsonl
False,1.0,,1.0,8,39,0,2.6759748458862305,342,0,384,0,0.5,True,0.20536602003745283,1,0.796819269657135,20260702-01-flash-vqg-update-norm-event-trace-probe-baseline-r2-s124-d123-b64ga4-2080ti-event-2080ti-gpu0-baseline,1,0.9923700094223022,0.9923700094223022,1.9337092638015747,23,279,2.4346773624420166,441,0.2937796115875244,0.2937796115875244,0.9391770362854004,0.9391770362854004,0.9391770362854004,0.9098281860351562,0.9098281860351562,0.9098281860351562,0.9098281860351562,20260702-01-flash-vqg-update-norm-event-trace-probe,2080ti,baseline-r2,zoology/experiments/flash_vqg/scripts/20260702-01-flash-vqg-update-norm-event-trace-probe/outputs/traces/2080ti/baseline-r2/event-2080ti-gpu0-baseline/train_step_384/update_event_trace.jsonl
False,1.0,,1.0,7,39,0,2.7178561687469482,2884,1,384,0,0.5,True,0.20618131413020258,1,0.7935221195220947,20260702-01-flash-vqg-update-norm-event-trace-probe-baseline-r2-s124-d123-b64ga4-2080ti-event-2080ti-gpu0-baseline,11,,,1.785603642463684,9,233,2.4250500202178955,441,,,,,,0.892265796661377,0.892265796661377,0.892265796661377,0.892265796661377,20260702-01-flash-vqg-update-norm-event-trace-probe,2080ti,baseline-r2,zoology/experiments/flash_vqg/scripts/20260702-01-flash-vqg-update-norm-event-trace-probe/outputs/traces/2080ti/baseline-r2/event-2080ti-gpu0-baseline/train_step_384/update_event_trace.jsonl
False,1.0,,0.9999999403953552,9,39,0,2.6185901165008545,581,1,384,0,0.5,True,0.20757392961427798,1,0.8023065328598022,20260702-01-flash-vqg-update-norm-event-trace-probe-baseline-r2-s124-d123-b64ga4-2080ti-event-2080ti-gpu0-baseline,2,0.9846473336219788,0.9846473336219788,2.013559341430664,7,295,2.408780336380005,441,0.28444862365722656,0.28444862365722656,0.9417157769203186,0.9417157769203186,0.9417157173156738,0.9198768138885498,0.9198768138885498,0.9198768138885498,0.9198768138885498,20260702-01-flash-vqg-update-norm-event-trace-probe,2080ti,baseline-r2,zoology/experiments/flash_vqg/scripts/20260702-01-flash-vqg-update-norm-event-trace-probe/outputs/traces/2080ti/baseline-r2/event-2080ti-gpu0-baseline/train_step_384/update_event_trace.jsonl
False,1.0,,1.0,14,39,0,2.590362071990967,1372,1,384,0,0.5,True,0.2076667954959079,1,0.8019068241119385,20260702-01-flash-vqg-update-norm-event-trace-probe-baseline-r2-s124-d123-b64ga4-2080ti-event-2080ti-gpu0-baseline,5,,,1.2667745351791382,29,477,2.407703161239624,441,,,,,,0.9294851422309875,0.9294851422309875,0.9294851422309875,0.9294851422309875,20260702-01-flash-vqg-update-norm-event-trace-probe,2080ti,baseline-r2,zoology/experiments/flash_vqg/scripts/20260702-01-flash-vqg-update-norm-event-trace-probe/outputs/traces/2080ti/baseline-r2/event-2080ti-gpu0-baseline/train_step_384/update_event_trace.jsonl
False,1.0,,1.0,1,39,0,2.846632242202759,2392,0,384,0,0.5,True,0.2080936510336851,1,0.8023683428764343,20260702-01-flash-vqg-update-norm-event-trace-probe-baseline-r2-s124-d123-b64ga4-2080ti-event-2080ti-gpu0-baseline,9,,,2.643726110458374,25,57,2.402764320373535,441,,,,,,0.8440725803375244,0.8440725803375244,0.8440725803375244,0.8440725803375244,20260702-01-flash-vqg-update-norm-event-trace-probe,2080ti,baseline-r2,zoology/experiments/flash_vqg/scripts/20260702-01-flash-vqg-update-norm-event-trace-probe/outputs/traces/2080ti/baseline-r2/event-2080ti-gpu0-baseline/train_step_384/update_event_trace.jsonl
False,1.0,,0.9999999403953552,1,39,0,2.6403822898864746,2112,1,384,0,0.5,True,0.20912765585088694,1,0.7984166145324707,20260702-01-flash-vqg-update-norm-event-trace-probe-baseline-r2-s124-d123-b64ga4-2080ti-event-2080ti-gpu0-baseline,8,,,1.8470280170440674,3,35,2.3908841609954834,441,,,,,,0.9055068492889404,0.9055068492889404,0.9055068492889404,0.9055068492889404,20260702-01-flash-vqg-update-norm-event-trace-probe,2080ti,baseline-r2,zoology/experiments/flash_vqg/scripts/20260702-01-flash-vqg-update-norm-event-trace-probe/outputs/traces/2080ti/baseline-r2/event-2080ti-gpu0-baseline/train_step_384/update_event_trace.jsonl
False,1.0,,1.0,9,39,0,2.6573760509490967,3398,2,384,0,0.5,True,0.20933954019511986,1,0.8007680177688599,20260702-01-flash-vqg-update-norm-event-trace-probe-baseline-r2-s124-d123-b64ga4-2080ti-event-2080ti-gpu0-baseline,13,,,1.8285140991210938,11,299,2.3884642124176025,441,,,,,,0.8988054990768433,0.8988054990768433,0.8988054990768433,0.8988054990768433,20260702-01-flash-vqg-update-norm-event-trace-probe,2080ti,baseline-r2,zoology/experiments/flash_vqg/scripts/20260702-01-flash-vqg-update-norm-event-trace-probe/outputs/traces/2080ti/baseline-r2/event-2080ti-gpu0-baseline/train_step_384/update_event_trace.jsonl
False,1.0,,1.0,3,39,0,2.585165023803711,1346,0,384,0,0.5,True,0.20962114299313897,1,0.8012884259223938,20260702-01-flash-vqg-update-norm-event-trace-probe-baseline-r2-s124-d123-b64ga4-2080ti-event-2080ti-gpu0-baseline,5,,,1.2681100368499756,3,99,2.3852555751800537,441,,,,,,0.9226705431938171,0.9226705431938171,0.9226705431938171,0.9226705431938171,20260702-01-flash-vqg-update-norm-event-trace-probe,2080ti,baseline-r2,zoology/experiments/flash_vqg/scripts/20260702-01-flash-vqg-update-norm-event-trace-probe/outputs/traces/2080ti/baseline-r2/event-2080ti-gpu0-baseline/train_step_384/update_event_trace.jsonl
False,1.0,,1.0,17,39,0,2.6149497032165527,2647,0,384,0,0.5,True,0.21010290288669684,1,0.8074561953544617,20260702-01-flash-vqg-update-norm-event-trace-probe-baseline-r2-s124-d123-b64ga4-2080ti-event-2080ti-gpu0-baseline,10,,,1.9335867166519165,23,567,2.379786252975464,441,,,,,,0.9100696444511414,0.9100696444511414,0.9100696444511414,0.9100696444511414,20260702-01-flash-vqg-update-norm-event-trace-probe,2080ti,baseline-r2,zoology/experiments/flash_vqg/scripts/20260702-01-flash-vqg-update-norm-event-trace-probe/outputs/traces/2080ti/baseline-r2/event-2080ti-gpu0-baseline/train_step_384/update_event_trace.jsonl
False,1.0,,1.0,29,39,0,2.561575412750244,2897,0,384,0,0.5,True,0.21057337071501195,1,0.8044586181640625,20260702-01-flash-vqg-update-norm-event-trace-probe-baseline-r2-s124-d123-b64ga4-2080ti-event-2080ti-gpu0-baseline,11,,,1.6534526348114014,17,945,2.37446928024292,441,,,,,,0.9269565939903259,0.9269565939903259,0.9269565939903259,0.9269565939903259,20260702-01-flash-vqg-update-norm-event-trace-probe,2080ti,baseline-r2,zoology/experiments/flash_vqg/scripts/20260702-01-flash-vqg-update-norm-event-trace-probe/outputs/traces/2080ti/baseline-r2/event-2080ti-gpu0-baseline/train_step_384/update_event_trace.jsonl
False,1.0,,0.9999999403953552,15,39,0,2.6106865406036377,1602,1,384,0,0.5,True,0.21087535183565906,1,0.7997931838035583,20260702-01-flash-vqg-update-norm-event-trace-probe-baseline-r2-s124-d123-b64ga4-2080ti-event-2080ti-gpu0-baseline,6,,,1.828711986541748,3,483,2.3710689544677734,441,,,,,,0.908216655254364,0.908216655254364,0.908216655254364,0.908216655254364,20260702-01-flash-vqg-update-norm-event-trace-probe,2080ti,baseline-r2,zoology/experiments/flash_vqg/scripts/20260702-01-flash-vqg-update-norm-event-trace-probe/outputs/traces/2080ti/baseline-r2/event-2080ti-gpu0-baseline/train_step_384/update_event_trace.jsonl
False,1.0,,1.0,18,39,0,2.5837466716766357,343,0,384,0,0.5,True,0.21090128775218953,1,0.8039689660072327,20260702-01-flash-vqg-update-norm-event-trace-probe-baseline-r2-s124-d123-b64ga4-2080ti-event-2080ti-gpu0-baseline,1,0.9749101996421814,0.9749101996421814,1.8667550086975098,23,599,2.3707773685455322,441,0.28741127252578735,0.28741127252578735,0.9409297108650208,0.9409297108650208,0.9409297108650208,0.9175734519958496,0.9175734519958496,0.9175734519958496,0.9175734519958496,20260702-01-flash-vqg-update-norm-event-trace-probe,2080ti,baseline-r2,zoology/experiments/flash_vqg/scripts/20260702-01-flash-vqg-update-norm-event-trace-probe/outputs/traces/2080ti/baseline-r2/event-2080ti-gpu0-baseline/train_step_384/update_event_trace.jsonl
False,1.0,,1.0000001192092896,26,39,0,2.5114831924438477,2889,0,384,0,0.5,True,0.21114154559712683,1,0.8081892132759094,20260702-01-flash-vqg-update-norm-event-trace-probe-baseline-r2-s124-d123-b64ga4-2080ti-event-2080ti-gpu0-baseline,11,,,1.221821665763855,9,841,2.368079662322998,441,,,,,,0.9429008364677429,0.9429008364677429,0.9429008364677429,0.9429008364677429,20260702-01-flash-vqg-update-norm-event-trace-probe,2080ti,baseline-r2,zoology/experiments/flash_vqg/scripts/20260702-01-flash-vqg-update-norm-event-trace-probe/outputs/traces/2080ti/baseline-r2/event-2080ti-gpu0-baseline/train_step_384/update_event_trace.jsonl
False,1.0,,0.9999999403953552,3,39,0,2.7835588455200195,343,1,384,0,0.5,True,0.2114208162933651,1,0.7997993230819702,20260702-01-flash-vqg-update-norm-event-trace-probe-baseline-r2-s124-d123-b64ga4-2080ti-event-2080ti-gpu0-baseline,1,0.925625741481781,0.925625741481781,2.567568302154541,25,121,2.3649516105651855,441,0.304735004901886,0.304735004901886,0.9360992312431335,0.9360992312431335,0.9360992908477783,0.8496143817901611,0.8496143817901611,0.8496143817901611,0.8496143817901611,20260702-01-flash-vqg-update-norm-event-trace-probe,2080ti,baseline-r2,zoology/experiments/flash_vqg/scripts/20260702-01-flash-vqg-update-norm-event-trace-probe/outputs/traces/2080ti/baseline-r2/event-2080ti-gpu0-baseline/train_step_384/update_event_trace.jsonl
False,1.0,,1.0,3,39,0,2.6284189224243164,2626,2,384,0,0.5,True,0.21182074052496627,1,0.8008652925491333,20260702-01-flash-vqg-update-norm-event-trace-probe-baseline-r2-s124-d123-b64ga4-2080ti-event-2080ti-gpu0-baseline,10,,,1.5107420682907104,3,99,2.3604865074157715,441,,,,,,0.8980633020401001,0.8980633020401001,0.8980633020401001,0.8980633020401001,20260702-01-flash-vqg-update-norm-event-trace-probe,2080ti,baseline-r2,zoology/experiments/flash_vqg/scripts/20260702-01-flash-vqg-update-norm-event-trace-probe/outputs/traces/2080ti/baseline-r2/event-2080ti-gpu0-baseline/train_step_384/update_event_trace.jsonl
False,1.0,,1.0,1,39,0,2.563239574432373,2886,2,384,0,0.5,True,0.21207270623890478,1,0.7978041172027588,20260702-01-flash-vqg-update-norm-event-trace-probe-baseline-r2-s124-d123-b64ga4-2080ti-event-2080ti-gpu0-baseline,11,,,1.2089025974273682,7,39,2.3576819896698,441,,,,,,0.9198055267333984,0.9198055267333984,0.9198055267333984,0.9198055267333984,20260702-01-flash-vqg-update-norm-event-trace-probe,2080ti,baseline-r2,zoology/experiments/flash_vqg/scripts/20260702-01-flash-vqg-update-norm-event-trace-probe/outputs/traces/2080ti/baseline-r2/event-2080ti-gpu0-baseline/train_step_384/update_event_trace.jsonl
False,1.0,,1.0,13,39,0,2.5619781017303467,2111,1,384,0,0.5,True,0.21216919130041892,1,0.8071563839912415,20260702-01-flash-vqg-update-norm-event-trace-probe-baseline-r2-s124-d123-b64ga4-2080ti-event-2080ti-gpu0-baseline,8,,,1.9189059734344482,1,417,2.35660982131958,441,,,,,,0.9198399782180786,0.9198399782180786,0.9198399782180786,0.9198399782180786,20260702-01-flash-vqg-update-norm-event-trace-probe,2080ti,baseline-r2,zoology/experiments/flash_vqg/scripts/20260702-01-flash-vqg-update-norm-event-trace-probe/outputs/traces/2080ti/baseline-r2/event-2080ti-gpu0-baseline/train_step_384/update_event_trace.jsonl
False,1.0,,1.0,3,39,0,2.56498384475708,325,3,384,0,0.5,True,0.21283856334944037,1,0.8025570511817932,20260702-01-flash-vqg-update-norm-event-trace-probe-baseline-r2-s124-d123-b64ga4-2080ti-event-2080ti-gpu0-baseline,1,0.9698886871337891,0.9698886871337891,1.829717993736267,7,103,2.349198341369629,441,0.2822958528995514,0.2822958528995514,0.9422875046730042,0.9422875046730042,0.9422875046730042,0.9158725738525391,0.9158725738525391,0.9158725738525391,0.9158725738525391,20260702-01-flash-vqg-update-norm-event-trace-probe,2080ti,baseline-r2,zoology/experiments/flash_vqg/scripts/20260702-01-flash-vqg-update-norm-event-trace-probe/outputs/traces/2080ti/baseline-r2/event-2080ti-gpu0-baseline/train_step_384/update_event_trace.jsonl
False,1.0,,0.9999999403953552,12,39,0,2.5611026287078857,1878,0,384,0,0.5,True,0.21297622811198225,1,0.804099977016449,20260702-01-flash-vqg-update-norm-event-trace-probe-baseline-r2-s124-d123-b64ga4-2080ti-event-2080ti-gpu0-baseline,7,,,1.698024868965149,25,409,2.347679853439331,441,,,,,,0.9166675806045532,0.9166675806045532,0.9166675806045532,0.9166675806045532,20260702-01-flash-vqg-update-norm-event-trace-probe,2080ti,baseline-r2,zoology/experiments/flash_vqg/scripts/20260702-01-flash-vqg-update-norm-event-trace-probe/outputs/traces/2080ti/baseline-r2/event-2080ti-gpu0-baseline/train_step_384/update_event_trace.jsonl
False,1.0,,1.0,13,39,0,2.5694611072540283,1117,2,384,0,0.5,True,0.21299649622291245,1,0.8021851778030396,20260702-01-flash-vqg-update-norm-event-trace-probe-baseline-r2-s124-d123-b64ga4-2080ti-event-2080ti-gpu0-baseline,4,,,1.75016188621521,31,447,2.347456455230713,441,,,,,,0.9135987758636475,0.9135987758636475,0.9135987758636475,0.9135987758636475,20260702-01-flash-vqg-update-norm-event-trace-probe,2080ti,baseline-r2,zoology/experiments/flash_vqg/scripts/20260702-01-flash-vqg-update-norm-event-trace-probe/outputs/traces/2080ti/baseline-r2/event-2080ti-gpu0-baseline/train_step_384/update_event_trace.jsonl
False,1.0,,1.0,4,39,0,2.5279812812805176,2380,1,384,0,0.5,True,0.21373994452948464,1,0.8021638989448547,20260702-01-flash-vqg-update-norm-event-trace-probe-baseline-r2-s124-d123-b64ga4-2080ti-event-2080ti-gpu0-baseline,9,,,1.1798361539840698,13,141,2.3392913341522217,441,,,,,,0.9253594279289246,0.9253594279289246,0.9253594279289246,0.9253594279289246,20260702-01-flash-vqg-update-norm-event-trace-probe,2080ti,baseline-r2,zoology/experiments/flash_vqg/scripts/20260702-01-flash-vqg-update-norm-event-trace-probe/outputs/traces/2080ti/baseline-r2/event-2080ti-gpu0-baseline/train_step_384/update_event_trace.jsonl
False,1.0,,0.9999999403953552,11,39,0,2.55159854888916,339,1,384,0,0.5,True,0.21383880333180963,1,0.7998208403587341,20260702-01-flash-vqg-update-norm-event-trace-probe-baseline-r2-s124-d123-b64ga4-2080ti-event-2080ti-gpu0-baseline,1,0.9342156052589417,0.9342156052589417,1.1093604564666748,21,373,2.338209867477417,441,0.28875529766082764,0.28875529766082764,0.9405520558357239,0.9405520558357239,0.9405520558357239,0.9163705706596375,0.9163705706596375,0.9163705706596375,0.9163705706596375,20260702-01-flash-vqg-update-norm-event-trace-probe,2080ti,baseline-r2,zoology/experiments/flash_vqg/scripts/20260702-01-flash-vqg-update-norm-event-trace-probe/outputs/traces/2080ti/baseline-r2/event-2080ti-gpu0-baseline/train_step_384/update_event_trace.jsonl
False,1.0,,1.0,14,39,0,2.5703999996185303,1094,2,384,0,0.5,True,0.21400193700064093,1,0.7995067238807678,20260702-01-flash-vqg-update-norm-event-trace-probe-baseline-r2-s124-d123-b64ga4-2080ti-event-2080ti-gpu0-baseline,4,,,2.2355477809906006,7,455,2.3364274501800537,441,,,,,,0.908974289894104,0.908974289894104,0.908974289894104,0.908974289894104,20260702-01-flash-vqg-update-norm-event-trace-probe,2080ti,baseline-r2,zoology/experiments/flash_vqg/scripts/20260702-01-flash-vqg-update-norm-event-trace-probe/outputs/traces/2080ti/baseline-r2/event-2080ti-gpu0-baseline/train_step_384/update_event_trace.jsonl
False,1.0,,0.9999999403953552,28,39,0,2.584778070449829,3928,1,384,0,0.5,True,0.21433878772554277,1,0.8044720888137817,20260702-01-flash-vqg-update-norm-event-trace-probe-baseline-r2-s124-d123-b64ga4-2080ti-event-2080ti-gpu0-baseline,15,,,2.2446634769439697,27,923,2.3327555656433105,441,,,,,,0.902497410774231,0.902497410774231,0.902497410774231,0.902497410774231,20260702-01-flash-vqg-update-norm-event-trace-probe,2080ti,baseline-r2,zoology/experiments/flash_vqg/scripts/20260702-01-flash-vqg-update-norm-event-trace-probe/outputs/traces/2080ti/baseline-r2/event-2080ti-gpu0-baseline/train_step_384/update_event_trace.jsonl
False,1.0,,1.0,1,39,0,2.596464157104492,2128,3,384,0,0.5,True,0.2143564895837656,1,0.7956231236457825,20260702-01-flash-vqg-update-norm-event-trace-probe-baseline-r2-s124-d123-b64ga4-2080ti-event-2080ti-gpu0-baseline,8,,,1.5809435844421387,19,51,2.3325629234313965,441,,,,,,0.8983612656593323,0.8983612656593323,0.8983612656593323,0.8983612656593323,20260702-01-flash-vqg-update-norm-event-trace-probe,2080ti,baseline-r2,zoology/experiments/flash_vqg/scripts/20260702-01-flash-vqg-update-norm-event-trace-probe/outputs/traces/2080ti/baseline-r2/event-2080ti-gpu0-baseline/train_step_384/update_event_trace.jsonl
False,1.0,,1.0,8,39,0,2.562467098236084,85,1,384,0,0.5,True,0.21460367865648391,1,0.799704372882843,20260702-01-flash-vqg-update-norm-event-trace-probe-baseline-r2-s124-d123-b64ga4-2080ti-event-2080ti-gpu0-baseline,0,0.9772739410400391,0.9772739410400391,1.7582950592041016,23,279,2.329876184463501,441,0.28719091415405273,0.28719091415405273,0.9409320950508118,0.9409320950508118,0.9409320950508118,0.9092316627502441,0.9092316627502441,0.9092316627502441,0.9092316627502441,20260702-01-flash-vqg-update-norm-event-trace-probe,2080ti,baseline-r2,zoology/experiments/flash_vqg/scripts/20260702-01-flash-vqg-update-norm-event-trace-probe/outputs/traces/2080ti/baseline-r2/event-2080ti-gpu0-baseline/train_step_384/update_event_trace.jsonl
False,1.0,,1.0,7,39,0,2.6047370433807373,1856,2,384,0,0.5,True,0.21472635483328634,1,0.7987200021743774,20260702-01-flash-vqg-update-norm-event-trace-probe-baseline-r2-s124-d123-b64ga4-2080ti-event-2080ti-gpu0-baseline,7,,,1.9270046949386597,1,225,2.328545093536377,441,,,,,,0.8939655423164368,0.8939655423164368,0.8939655423164368,0.8939655423164368,20260702-01-flash-vqg-update-norm-event-trace-probe,2080ti,baseline-r2,zoology/experiments/flash_vqg/scripts/20260702-01-flash-vqg-update-norm-event-trace-probe/outputs/traces/2080ti/baseline-r2/event-2080ti-gpu0-baseline/train_step_384/update_event_trace.jsonl
False,1.0,,1.0,10,39,0,2.615039348602295,2896,2,384,0,0.5,True,0.21497735110719662,1,0.8011854887008667,20260702-01-flash-vqg-update-norm-event-trace-probe-baseline-r2-s124-d123-b64ga4-2080ti-event-2080ti-gpu0-baseline,11,,,2.3796751499176025,19,339,2.325826406478882,441,,,,,,0.8894039392471313,0.8894039392471313,0.8894039392471313,0.8894039392471313,20260702-01-flash-vqg-update-norm-event-trace-probe,2080ti,baseline-r2,zoology/experiments/flash_vqg/scripts/20260702-01-flash-vqg-update-norm-event-trace-probe/outputs/traces/2080ti/baseline-r2/event-2080ti-gpu0-baseline/train_step_384/update_event_trace.jsonl
False,1.0,,0.9999999403953552,8,39,0,2.607877492904663,324,2,384,0,0.5,True,0.21508891697502902,1,0.8018942475318909,20260702-01-flash-vqg-update-norm-event-trace-probe-baseline-r2-s124-d123-b64ga4-2080ti-event-2080ti-gpu0-baseline,1,0.9948769211769104,0.9948769211769104,1.7878731489181519,5,261,2.324620008468628,441,0.2942221760749817,0.2942221760749817,0.938973069190979,0.938973069190979,0.938973069190979,0.8913838863372803,0.8913838863372803,0.8913838863372803,0.8913838863372803,20260702-01-flash-vqg-update-norm-event-trace-probe,2080ti,baseline-r2,zoology/experiments/flash_vqg/scripts/20260702-01-flash-vqg-update-norm-event-trace-probe/outputs/traces/2080ti/baseline-r2/event-2080ti-gpu0-baseline/train_step_384/update_event_trace.jsonl
False,1.0,,0.9999999403953552,9,39,0,2.7171764373779297,851,3,384,0,0.5,True,0.21525986356572596,1,0.8061955571174622,20260702-01-flash-vqg-update-norm-event-trace-probe-baseline-r2-s124-d123-b64ga4-2080ti-event-2080ti-gpu0-baseline,3,0.9611430764198303,0.9611430764198303,2.278965711593628,23,311,2.3227739334106445,441,0.27522003650665283,0.27522003650665283,0.9441528916358948,0.9441528916358948,0.9441528916358948,0.8548484444618225,0.8548484444618225,0.8548484444618225,0.8548484444618225,20260702-01-flash-vqg-update-norm-event-trace-probe,2080ti,baseline-r2,zoology/experiments/flash_vqg/scripts/20260702-01-flash-vqg-update-norm-event-trace-probe/outputs/traces/2080ti/baseline-r2/event-2080ti-gpu0-baseline/train_step_384/update_event_trace.jsonl
False,1.0,,0.9999998807907104,14,39,0,2.572568416595459,2884,3,384,0,0.5,True,0.215862999821208,1,0.8009281754493713,20260702-01-flash-vqg-update-norm-event-trace-probe-baseline-r2-s124-d123-b64ga4-2080ti-event-2080ti-gpu0-baseline,11,,,1.9115002155303955,5,453,2.316283941268921,441,,,,,,0.9003779888153076,0.9003779888153076,0.9003779888153076,0.9003779888153076,20260702-01-flash-vqg-update-norm-event-trace-probe,2080ti,baseline-r2,zoology/experiments/flash_vqg/scripts/20260702-01-flash-vqg-update-norm-event-trace-probe/outputs/traces/2080ti/baseline-r2/event-2080ti-gpu0-baseline/train_step_384/update_event_trace.jsonl
False,1.0,,1.0,3,39,0,2.78934645652771,3416,4,384,0,0.5,True,0.215878443202041,1,0.8030164837837219,20260702-01-flash-vqg-update-norm-event-trace-probe-baseline-r2-s124-d123-b64ga4-2080ti-event-2080ti-gpu0-baseline,13,,,2.361910581588745,27,123,2.3161182403564453,441,,,,,,0.8303443789482117,0.8303443789482117,0.8303443789482117,0.8303443789482117,20260702-01-flash-vqg-update-norm-event-trace-probe,2080ti,baseline-r2,zoology/experiments/flash_vqg/scripts/20260702-01-flash-vqg-update-norm-event-trace-probe/outputs/traces/2080ti/baseline-r2/event-2080ti-gpu0-baseline/train_step_384/update_event_trace.jsonl
False,1.0,,1.0,1,39,0,2.5355775356292725,3405,4,384,0,0.5,True,0.21593314609500802,1,0.8049711585044861,20260702-01-flash-vqg-update-norm-event-trace-probe-baseline-r2-s124-d123-b64ga4-2080ti-event-2080ti-gpu0-baseline,13,,,1.7642967700958252,15,47,2.3155314922332764,441,,,,,,0.9132165908813477,0.9132165908813477,0.9132165908813477,0.9132165908813477,20260702-01-flash-vqg-update-norm-event-trace-probe,2080ti,baseline-r2,zoology/experiments/flash_vqg/scripts/20260702-01-flash-vqg-update-norm-event-trace-probe/outputs/traces/2080ti/baseline-r2/event-2080ti-gpu0-baseline/train_step_384/update_event_trace.jsonl
True,0.2161640793700821,0.5,0.9999999403953552,0,39,0,2.5967764854431152,560,0,384,0,0.5,True,0.21616408808919127,1,0.7941567301750183,20260702-01-flash-vqg-update-norm-event-trace-probe-ucap0p5-r2-s124-d123-b64ga4-2080ti-event-2080ti-gpu1-ucap0p5,2,0.009265436790883541,0.009265436790883541,2.1692402362823486,7,7,2.3130576610565186,441,0.34553399682044983,0.34553399682044983,0.9257694482803345,0.9257694482803345,0.9257693290710449,0.19254641234874725,0.8907419443130493,0.8907419443130493,0.8907419443130493,20260702-01-flash-vqg-update-norm-event-trace-probe,2080ti,ucap0p5-r2,zoology/experiments/flash_vqg/scripts/20260702-01-flash-vqg-update-norm-event-trace-probe/outputs/traces/2080ti/ucap0p5-r2/event-2080ti-gpu1-ucap0p5/train_step_384/update_event_trace.jsonl
False,1.0,,0.9999999403953552,30,39,0,2.522801160812378,1613,0,384,0,0.5,True,0.21618077794287097,1,0.8044251203536987,20260702-01-flash-vqg-update-norm-event-trace-probe-baseline-r2-s124-d123-b64ga4-2080ti-event-2080ti-gpu0-baseline,6,,,2.2973484992980957,13,973,2.3128790855407715,441,,,,,,0.9167901277542114,0.9167901277542114,0.9167901277542114,0.9167901277542114,20260702-01-flash-vqg-update-norm-event-trace-probe,2080ti,baseline-r2,zoology/experiments/flash_vqg/scripts/20260702-01-flash-vqg-update-norm-event-trace-probe/outputs/traces/2080ti/baseline-r2/event-2080ti-gpu0-baseline/train_step_384/update_event_trace.jsonl
False,1.0,,1.0,8,39,0,2.5218451023101807,854,3,384,0,0.5,True,0.21693185016629718,1,0.7994555234909058,20260702-01-flash-vqg-update-norm-event-trace-probe-baseline-r2-s124-d123-b64ga4-2080ti-event-2080ti-gpu0-baseline,3,0.9900259971618652,0.9900259971618652,1.417306661605835,23,279,2.3048713207244873,441,0.32261741161346436,0.32261741161346436,0.9309447407722473,0.9309447407722473,0.9309447407722473,0.9139622449874878,0.9139622449874878,0.9139622449874878,0.9139622449874878,20260702-01-flash-vqg-update-norm-event-trace-probe,2080ti,baseline-r2,zoology/experiments/flash_vqg/scripts/20260702-01-flash-vqg-update-norm-event-trace-probe/outputs/traces/2080ti/baseline-r2/event-2080ti-gpu0-baseline/train_step_384/update_event_trace.jsonl
False,1.0,,1.0,7,39,0,2.547916889190674,3670,3,384,0,0.5,True,0.2170460833990617,1,0.8021320700645447,20260702-01-flash-vqg-update-norm-event-trace-probe-baseline-r2-s124-d123-b64ga4-2080ti-event-2080ti-gpu0-baseline,14,,,1.914375901222229,25,249,2.3036582469940186,441,,,,,,0.9041339755058289,0.9041339755058289,0.9041339755058289,0.9041339755058289,20260702-01-flash-vqg-update-norm-event-trace-probe,2080ti,baseline-r2,zoology/experiments/flash_vqg/scripts/20260702-01-flash-vqg-update-norm-event-trace-probe/outputs/traces/2080ti/baseline-r2/event-2080ti-gpu0-baseline/train_step_384/update_event_trace.jsonl
False,1.0,,1.0,15,39,0,2.5920352935791016,579,2,384,0,0.5,True,0.21727527133870303,1,0.8001798987388611,20260702-01-flash-vqg-update-norm-event-trace-probe-baseline-r2-s124-d123-b64ga4-2080ti-event-2080ti-gpu0-baseline,2,0.9625216722488403,0.9625216722488403,2.0231659412384033,3,483,2.3012282848358154,441,0.2906116843223572,0.2906116843223572,0.9400365948677063,0.9400365948677063,0.9400365352630615,0.8878074884414673,0.8878074884414673,0.8878074884414673,0.8878074884414673,20260702-01-flash-vqg-update-norm-event-trace-probe,2080ti,baseline-r2,zoology/experiments/flash_vqg/scripts/20260702-01-flash-vqg-update-norm-event-trace-probe/outputs/traces/2080ti/baseline-r2/event-2080ti-gpu0-baseline/train_step_384/update_event_trace.jsonl
False,1.0,,1.0,30,39,0,2.439037799835205,2630,1,384,0,0.5,True,0.21732311729644352,1,0.808991014957428,20260702-01-flash-vqg-update-norm-event-trace-probe-baseline-r2-s124-d123-b64ga4-2080ti-event-2080ti-gpu0-baseline,10,,,1.2139583826065063,7,967,2.3007216453552246,441,,,,,,0.943290650844574,0.943290650844574,0.943290650844574,0.943290650844574,20260702-01-flash-vqg-update-norm-event-trace-probe,2080ti,baseline-r2,zoology/experiments/flash_vqg/scripts/20260702-01-flash-vqg-update-norm-event-trace-probe/outputs/traces/2080ti/baseline-r2/event-2080ti-gpu0-baseline/train_step_384/update_event_trace.jsonl
False,1.0,,1.0000001192092896,31,39,0,2.434572696685791,2382,0,384,0,0.5,True,0.21739694271036503,1,0.8091143369674683,20260702-01-flash-vqg-update-norm-event-trace-probe-baseline-r2-s124-d123-b64ga4-2080ti-event-2080ti-gpu0-baseline,9,,,1.0358799695968628,15,1007,2.299940347671509,441,,,,,,0.944699764251709,0.944699764251709,0.944699764251709,0.944699764251709,20260702-01-flash-vqg-update-norm-event-trace-probe,2080ti,baseline-r2,zoology/experiments/flash_vqg/scripts/20260702-01-flash-vqg-update-norm-event-trace-probe/outputs/traces/2080ti/baseline-r2/event-2080ti-gpu0-baseline/train_step_384/update_event_trace.jsonl
False,1.0,,1.0,13,39,0,2.503530740737915,2627,3,384,0,0.5,True,0.21753653015898933,1,0.8009777069091797,20260702-01-flash-vqg-update-norm-event-trace-probe-baseline-r2-s124-d123-b64ga4-2080ti-event-2080ti-gpu0-baseline,10,,,1.7911401987075806,3,419,2.29846453666687,441,,,,,,0.9180892109870911,0.9180892109870911,0.9180892109870911,0.9180892109870911,20260702-01-flash-vqg-update-norm-event-trace-probe,2080ti,baseline-r2,zoology/experiments/flash_vqg/scripts/20260702-01-flash-vqg-update-norm-event-trace-probe/outputs/traces/2080ti/baseline-r2/event-2080ti-gpu0-baseline/train_step_384/update_event_trace.jsonl
True,0.2176009756965672,0.5,1.0,4,39,0,2.6427342891693115,1862,0,384,0,0.5,True,0.21760097219184354,1,0.7925273180007935,20260702-01-flash-vqg-update-norm-event-trace-probe-ucap0p5-r2-s124-d123-b64ga4-2080ti-event-2080ti-gpu1-ucap0p5,7,,,2.1196532249450684,31,159,2.297783851623535,441,,,,,,0.18919798731803894,0.8694721460342407,0.8694721460342407,0.8694721460342407,20260702-01-flash-vqg-update-norm-event-trace-probe,2080ti,ucap0p5-r2,zoology/experiments/flash_vqg/scripts/20260702-01-flash-vqg-update-norm-event-trace-probe/outputs/traces/2080ti/ucap0p5-r2/event-2080ti-gpu1-ucap0p5/train_step_384/update_event_trace.jsonl
False,1.0,,0.9999999403953552,27,39,0,2.5966904163360596,1606,0,384,0,0.5,True,0.218008119876024,1,0.8028103709220886,20260702-01-flash-vqg-update-norm-event-trace-probe-baseline-r2-s124-d123-b64ga4-2080ti-event-2080ti-gpu0-baseline,6,,,2.341984987258911,7,871,2.293492555618286,441,,,,,,0.8832367658615112,0.8832367658615112,0.8832367658615112,0.8832367658615112,20260702-01-flash-vqg-update-norm-event-trace-probe,2080ti,baseline-r2,zoology/experiments/flash_vqg/scripts/20260702-01-flash-vqg-update-norm-event-trace-probe/outputs/traces/2080ti/baseline-r2/event-2080ti-gpu0-baseline/train_step_384/update_event_trace.jsonl
False,1.0,,0.9999999403953552,12,39,0,2.5174179077148438,1622,1,384,0,0.5,True,0.2182711451368769,1,0.8008577227592468,20260702-01-flash-vqg-update-norm-event-trace-probe-baseline-r2-s124-d123-b64ga4-2080ti-event-2080ti-gpu0-baseline,6,,,1.6840157508850098,23,407,2.290728807449341,441,,,,,,0.9099517464637756,0.9099517464637756,0.9099517464637756,0.9099517464637756,20260702-01-flash-vqg-update-norm-event-trace-probe,2080ti,baseline-r2,zoology/experiments/flash_vqg/scripts/20260702-01-flash-vqg-update-norm-event-trace-probe/outputs/traces/2080ti/baseline-r2/event-2080ti-gpu0-baseline/train_step_384/update_event_trace.jsonl
False,1.0,,0.9999999403953552,12,39,0,2.5287272930145264,3417,2,384,0,0.5,True,0.21856464193066658,1,0.8031377792358398,20260702-01-flash-vqg-update-norm-event-trace-probe-baseline-r2-s124-d123-b64ga4-2080ti-event-2080ti-gpu0-baseline,13,,,2.0748884677886963,25,409,2.2876527309417725,441,,,,,,0.9046656489372253,0.9046656489372253,0.9046656489372253,0.9046656489372253,20260702-01-flash-vqg-update-norm-event-trace-probe,2080ti,baseline-r2,zoology/experiments/flash_vqg/scripts/20260702-01-flash-vqg-update-norm-event-trace-probe/outputs/traces/2080ti/baseline-r2/event-2080ti-gpu0-baseline/train_step_384/update_event_trace.jsonl
False,1.0,,0.9999999403953552,2,39,0,2.468512535095215,348,1,384,0,0.5,True,0.21858865337156116,1,0.7957599759101868,20260702-01-flash-vqg-update-norm-event-trace-probe-baseline-r2-s124-d123-b64ga4-2080ti-event-2080ti-gpu0-baseline,1,0.9916691184043884,0.9916691184043884,1.329533576965332,31,95,2.2874014377593994,441,0.3053434491157532,0.3053434491157532,0.9358481168746948,0.9358481168746948,0.9358481764793396,0.926631510257721,0.926631510257721,0.926631510257721,0.926631510257721,20260702-01-flash-vqg-update-norm-event-trace-probe,2080ti,baseline-r2,zoology/experiments/flash_vqg/scripts/20260702-01-flash-vqg-update-norm-event-trace-probe/outputs/traces/2080ti/baseline-r2/event-2080ti-gpu0-baseline/train_step_384/update_event_trace.jsonl
False,1.0,,1.0,23,14,0,5.149409294128418,925,0,704,1,0.5,True,0.2222922746048689,1,0.7706934809684753,20260702-01-flash-vqg-update-norm-event-trace-probe-baseline-r2-s124-d123-b64ga4-3090-event-3090-gpu0-all,3,0.32763388752937317,0.32763388752937317,4.401725769042969,27,763,2.249290943145752,441,0.6535347104072571,0.6535347104072571,0.8231896758079529,0.8231896758079529,0.8231896162033081,0.4368056356906891,0.4368056356906891,0.4368056356906891,0.4368056356906891,20260702-01-flash-vqg-update-norm-event-trace-probe,3090,baseline-r2,zoology/experiments/flash_vqg/scripts/20260702-01-flash-vqg-update-norm-event-trace-probe/outputs/traces/3090/baseline-r2/event-3090-gpu0-all/train_step_704/update_event_trace.jsonl
True,0.22738462418774982,0.5,0.9999999403953552,0,39,0,2.574338436126709,572,1,384,0,0.5,True,0.22738462232384335,1,0.7686339616775513,20260702-01-flash-vqg-update-norm-event-trace-probe-ucap0p5-r2-s124-d123-b64ga4-2080ti-event-2080ti-gpu1-ucap0p5,2,0.007023527752608061,0.007023527752608061,2.292922258377075,19,19,2.1989173889160156,441,0.34505975246429443,0.34505975246429443,0.9258804321289062,0.9258804321289062,0.925880491733551,0.19422465562820435,0.8541679382324219,0.8541679382324219,0.8541679382324219,20260702-01-flash-vqg-update-norm-event-trace-probe,2080ti,ucap0p5-r2,zoology/experiments/flash_vqg/scripts/20260702-01-flash-vqg-update-norm-event-trace-probe/outputs/traces/2080ti/ucap0p5-r2/event-2080ti-gpu1-ucap0p5/train_step_384/update_event_trace.jsonl
True,0.2295606054884989,0.5,1.0,0,59,0,4.359534740447998,383,0,512,0,0.5,True,0.2295605990035581,1,0.6278160810470581,20260702-01-flash-vqg-update-norm-event-trace-probe-ucap0p5-r2-s124-d123-b64ga4-3090-event-3090-gpu0-all,1,0.02750885672867298,0.02750885672867298,4.671402454376221,29,29,2.1780741214752197,441,0.29353898763656616,0.29353898763656616,0.9396964311599731,0.9396964311599731,0.9396964311599731,0.11469113826751709,0.49961158633232117,0.49961158633232117,0.49961158633232117,20260702-01-flash-vqg-update-norm-event-trace-probe,3090,ucap0p5-r2,zoology/experiments/flash_vqg/scripts/20260702-01-flash-vqg-update-norm-event-trace-probe/outputs/traces/3090/ucap0p5-r2/event-3090-gpu0-all/train_step_512/update_event_trace.jsonl
True,0.2304429724938989,0.5,1.0,12,39,0,2.572681188583374,2100,0,384,0,0.5,True,0.23044296894959357,1,0.7703214287757874,20260702-01-flash-vqg-update-norm-event-trace-probe-ucap0p5-r2-s124-d123-b64ga4-2080ti-event-2080ti-gpu1-ucap0p5,8,,,2.108290433883667,3,387,2.169734239578247,441,,,,,,0.1943497657775879,0.8433746695518494,0.8433746695518494,0.8433746695518494,20260702-01-flash-vqg-update-norm-event-trace-probe,2080ti,ucap0p5-r2,zoology/experiments/flash_vqg/scripts/20260702-01-flash-vqg-update-norm-event-trace-probe/outputs/traces/2080ti/ucap0p5-r2/event-2080ti-gpu1-ucap0p5/train_step_384/update_event_trace.jsonl
False,1.0,,1.0,7,50,0,6.063211917877197,1777,0,704,1,0.5,True,0.23506058395935955,1,0.7718832492828369,20260702-01-flash-vqg-update-norm-event-trace-probe-baseline-r2-s124-d123-b64ga4-3090-event-3090-gpu0-all,6,,,4.5448384284973145,19,243,2.1271111965179443,441,,,,,,0.3508225083351135,0.3508225083351135,0.3508225083351135,0.3508225083351135,20260702-01-flash-vqg-update-norm-event-trace-probe,3090,baseline-r2,zoology/experiments/flash_vqg/scripts/20260702-01-flash-vqg-update-norm-event-trace-probe/outputs/traces/3090/baseline-r2/event-3090-gpu0-all/train_step_704/update_event_trace.jsonl
False,1.0,,0.9999999403953552,7,50,0,6.250236988067627,2532,1,704,1,0.5,True,0.23624166638222843,1,0.7930136919021606,20260702-01-flash-vqg-update-norm-event-trace-probe-baseline-r2-s124-d123-b64ga4-3090-event-3090-gpu0-all,9,,,5.045424461364746,1,225,2.1164767742156982,441,,,,,,0.33862343430519104,0.33862343430519104,0.33862343430519104,0.33862343430519104,20260702-01-flash-vqg-update-norm-event-trace-probe,3090,baseline-r2,zoology/experiments/flash_vqg/scripts/20260702-01-flash-vqg-update-norm-event-trace-probe/outputs/traces/3090/baseline-r2/event-3090-gpu0-all/train_step_704/update_event_trace.jsonl
False,1.0,,1.0,10,50,0,6.522299289703369,3828,0,704,1,0.5,True,0.2368603694686185,1,0.7661653757095337,20260702-01-flash-vqg-update-norm-event-trace-probe-baseline-r2-s124-d123-b64ga4-3090-event-3090-gpu0-all,14,,,4.49055814743042,25,345,2.110948324203491,441,,,,,,0.32365092635154724,0.32365092635154724,0.32365092635154724,0.32365092635154724,20260702-01-flash-vqg-update-norm-event-trace-probe,3090,baseline-r2,zoology/experiments/flash_vqg/scripts/20260702-01-flash-vqg-update-norm-event-trace-probe/outputs/traces/3090/baseline-r2/event-3090-gpu0-all/train_step_704/update_event_trace.jsonl
False,1.0,,1.0,12,50,0,5.7275824546813965,1268,0,704,1,0.5,True,0.23699066943712072,1,0.7646673321723938,20260702-01-flash-vqg-update-norm-event-trace-probe-baseline-r2-s124-d123-b64ga4-3090-event-3090-gpu0-all,4,,,4.559670448303223,21,405,2.109787702560425,441,,,,,,0.36835572123527527,0.36835572123527527,0.36835572123527527,0.36835572123527527,20260702-01-flash-vqg-update-norm-event-trace-probe,3090,baseline-r2,zoology/experiments/flash_vqg/scripts/20260702-01-flash-vqg-update-norm-event-trace-probe/outputs/traces/3090/baseline-r2/event-3090-gpu0-all/train_step_704/update_event_trace.jsonl
True,0.23784526331178032,0.5,1.0,2,39,0,2.4298059940338135,2866,0,384,0,0.5,True,0.23784525323863462,1,0.7872351408004761,20260702-01-flash-vqg-update-norm-event-trace-probe-ucap0p5-r2-s124-d123-b64ga4-2080ti-event-2080ti-gpu1-ucap0p5,11,,,1.8147839307785034,3,67,2.1022071838378906,441,,,,,,0.20577774941921234,0.8651748895645142,0.8651748895645142,0.8651748895645142,20260702-01-flash-vqg-update-norm-event-trace-probe,2080ti,ucap0p5-r2,zoology/experiments/flash_vqg/scripts/20260702-01-flash-vqg-update-norm-event-trace-probe/outputs/traces/2080ti/ucap0p5-r2/event-2080ti-gpu1-ucap0p5/train_step_384/update_event_trace.jsonl
True,0.23914806514861162,0.5,1.0,0,39,0,2.3577451705932617,316,2,384,0,0.5,True,0.2391480605779597,1,0.800495982170105,20260702-01-flash-vqg-update-norm-event-trace-probe-ucap0p5-r2-s124-d123-b64ga4-2080ti-event-2080ti-gpu1-ucap0p5,1,0.003982124384492636,0.003982124384492636,1.7752485275268555,17,17,2.090754985809326,441,0.34912407398223877,0.34912407398223877,0.9247223734855652,0.9247223734855652,0.9247223734855652,0.21206702291965485,0.8867603540420532,0.8867603540420532,0.8867603540420532,20260702-01-flash-vqg-update-norm-event-trace-probe,2080ti,ucap0p5-r2,zoology/experiments/flash_vqg/scripts/20260702-01-flash-vqg-update-norm-event-trace-probe/outputs/traces/2080ti/ucap0p5-r2/event-2080ti-gpu1-ucap0p5/train_step_384/update_event_trace.jsonl
False,1.0,,1.0,2,50,0,5.63884973526001,225,0,704,1,0.5,True,0.24080124394624539,1,0.7457529306411743,20260702-01-flash-vqg-update-norm-event-trace-probe-baseline-r2-s124-d123-b64ga4-3090-event-3090-gpu0-all,0,0.5280642509460449,0.5280642509460449,5.580443382263184,5,69,2.0764012336730957,441,0.6948491930961609,0.6948491930961609,0.8068949580192566,0.8068949580192566,0.8068949580192566,0.3682313561439514,0.3682313561439514,0.3682313561439514,0.3682313561439514,20260702-01-flash-vqg-update-norm-event-trace-probe,3090,baseline-r2,zoology/experiments/flash_vqg/scripts/20260702-01-flash-vqg-update-norm-event-trace-probe/outputs/traces/3090/baseline-r2/event-3090-gpu0-all/train_step_704/update_event_trace.jsonl
False,1.0,,1.0,1,50,0,5.712058067321777,2794,0,704,1,0.5,True,0.24182615908148236,1,0.6891279220581055,20260702-01-flash-vqg-update-norm-event-trace-probe-baseline-r2-s124-d123-b64ga4-3090-event-3090-gpu0-all,10,,,5.6169819831848145,13,45,2.067600965499878,441,,,,,,0.36197128891944885,0.36197128891944885,0.36197128891944885,0.36197128891944885,20260702-01-flash-vqg-update-norm-event-trace-probe,3090,baseline-r2,zoology/experiments/flash_vqg/scripts/20260702-01-flash-vqg-update-norm-event-trace-probe/outputs/traces/3090/baseline-r2/event-3090-gpu0-all/train_step_704/update_event_trace.jsonl
True,0.24354887938513656,0.5,1.0,2,39,0,2.3125205039978027,2368,1,384,0,0.5,True,0.24354889002828423,1,0.7785566449165344,20260702-01-flash-vqg-update-norm-event-trace-probe-ucap0p5-r2-s124-d123-b64ga4-2080ti-event-2080ti-gpu1-ucap0p5,9,,,1.9391354322433472,17,81,2.05297589302063,441,,,,,,0.21621429920196533,0.8877655267715454,0.8877655267715454,0.8877655267715454,20260702-01-flash-vqg-update-norm-event-trace-probe,2080ti,ucap0p5-r2,zoology/experiments/flash_vqg/scripts/20260702-01-flash-vqg-update-norm-event-trace-probe/outputs/traces/2080ti/ucap0p5-r2/event-2080ti-gpu1-ucap0p5/train_step_384/update_event_trace.jsonl
True,0.243664836719894,0.5,1.0,8,39,0,2.340501308441162,308,0,384,0,0.5,True,0.24366482515730753,1,0.78941810131073,20260702-01-flash-vqg-update-norm-event-trace-probe-ucap0p5-r2-s124-d123-b64ga4-2080ti-event-2080ti-gpu1-ucap0p5,1,0.0070594786666333675,0.0070594786666333675,1.7502453327178955,7,263,2.051999092102051,441,0.35236501693725586,0.35236501693725586,0.9238525629043579,0.9238525629043579,0.9238525629043579,0.21362946927547455,0.8767349123954773,0.8767349123954773,0.8767349123954773,20260702-01-flash-vqg-update-norm-event-trace-probe,2080ti,ucap0p5-r2,zoology/experiments/flash_vqg/scripts/20260702-01-flash-vqg-update-norm-event-trace-probe/outputs/traces/2080ti/ucap0p5-r2/event-2080ti-gpu1-ucap0p5/train_step_384/update_event_trace.jsonl
True,0.24427421498786847,0.5,0.9999999403953552,3,39,0,2.4489073753356934,327,0,384,0,0.5,True,0.2442742116496027,1,0.7624580264091492,20260702-01-flash-vqg-update-norm-event-trace-probe-ucap0p5-r2-s124-d123-b64ga4-2080ti-event-2080ti-gpu1-ucap0p5,1,0.8394284844398499,0.8394284844398499,2.063976287841797,25,121,2.046880006790161,441,0.4528179466724396,0.4528179466724396,0.8881170749664307,0.8881170749664307,0.8881170749664307,0.20417270064353943,0.8358340263366699,0.8358340263366699,0.8358340263366699,20260702-01-flash-vqg-update-norm-event-trace-probe,2080ti,ucap0p5-r2,zoology/experiments/flash_vqg/scripts/20260702-01-flash-vqg-update-norm-event-trace-probe/outputs/traces/2080ti/ucap0p5-r2/event-2080ti-gpu1-ucap0p5/train_step_384/update_event_trace.jsonl
False,1.0,,1.0,12,50,0,5.884182453155518,736,1,704,1,0.5,True,0.24481678595318115,1,0.7686306238174438,20260702-01-flash-vqg-update-norm-event-trace-probe-baseline-r2-s124-d123-b64ga4-3090-event-3090-gpu0-all,2,0.0530085563659668,0.0530085563659668,5.078996181488037,1,385,2.0423436164855957,441,0.9129382967948914,0.9129382967948914,0.7120478749275208,0.7120478749275208,0.7120478749275208,0.3470904529094696,0.3470904529094696,0.3470904529094696,0.3470904529094696,20260702-01-flash-vqg-update-norm-event-trace-probe,3090,baseline-r2,zoology/experiments/flash_vqg/scripts/20260702-01-flash-vqg-update-norm-event-trace-probe/outputs/traces/3090/baseline-r2/event-3090-gpu0-all/train_step_704/update_event_trace.jsonl
True,0.24560873072021436,0.5,1.0,22,39,0,2.2034637928009033,3159,0,384,0,0.5,True,0.24560872996697697,1,0.7943776249885559,20260702-01-flash-vqg-update-norm-event-trace-probe-ucap0p5-r2-s124-d123-b64ga4-2080ti-event-2080ti-gpu1-ucap0p5,12,,,1.9207020998001099,26,730,2.0357582569122314,441,,,,,,0.22691544890403748,0.9238899946212769,0.9238899946212769,0.9238899946212769,20260702-01-flash-vqg-update-norm-event-trace-probe,2080ti,ucap0p5-r2,zoology/experiments/flash_vqg/scripts/20260702-01-flash-vqg-update-norm-event-trace-probe/outputs/traces/2080ti/ucap0p5-r2/event-2080ti-gpu1-ucap0p5/train_step_384/update_event_trace.jsonl
True,0.24691604169612377,0.5,0.9999999403953552,4,39,0,2.328481435775757,2889,1,384,0,0.5,True,0.24691603967842723,1,0.7924764156341553,20260702-01-flash-vqg-update-norm-event-trace-probe-ucap0p5-r2-s124-d123-b64ga4-2080ti-event-2080ti-gpu1-ucap0p5,11,,,1.9297513961791992,25,153,2.024979829788208,441,,,,,,0.21473222970962524,0.8696568608283997,0.8696568608283997,0.8696568608283997,20260702-01-flash-vqg-update-norm-event-trace-probe,2080ti,ucap0p5-r2,zoology/experiments/flash_vqg/scripts/20260702-01-flash-vqg-update-norm-event-trace-probe/outputs/traces/2080ti/ucap0p5-r2/event-2080ti-gpu1-ucap0p5/train_step_384/update_event_trace.jsonl
False,1.0,,1.0,1,50,0,5.413611888885498,4067,1,704,1,0.5,True,0.2479803247727396,1,0.7797247171401978,20260702-01-flash-vqg-update-norm-event-trace-probe-baseline-r2-s124-d123-b64ga4-3090-event-3090-gpu0-all,15,,,5.102168560028076,1,33,2.016288995742798,441,,,,,,0.37244802713394165,0.37244802713394165,0.37244802713394165,0.37244802713394165,20260702-01-flash-vqg-update-norm-event-trace-probe,3090,baseline-r2,zoology/experiments/flash_vqg/scripts/20260702-01-flash-vqg-update-norm-event-trace-probe/outputs/traces/3090/baseline-r2/event-3090-gpu0-all/train_step_704/update_event_trace.jsonl
False,1.0,,1.0,27,14,0,4.737983703613281,1955,0,704,1,0.5,True,0.24841977031661688,1,0.733701765537262,20260702-01-flash-vqg-update-norm-event-trace-probe-baseline-r2-s124-d123-b64ga4-3090-event-3090-gpu0-all,7,,,4.227035045623779,19,883,2.0127222537994385,441,,,,,,0.4248056411743164,0.4248056411743164,0.4248056411743164,0.4248056411743164,20260702-01-flash-vqg-update-norm-event-trace-probe,3090,baseline-r2,zoology/experiments/flash_vqg/scripts/20260702-01-flash-vqg-update-norm-event-trace-probe/outputs/traces/3090/baseline-r2/event-3090-gpu0-all/train_step_704/update_event_trace.jsonl
False,1.0,,1.0,10,50,0,6.149333477020264,2280,1,704,1,0.5,True,0.24855986178371028,1,0.7471441626548767,20260702-01-flash-vqg-update-norm-event-trace-probe-baseline-r2-s124-d123-b64ga4-3090-event-3090-gpu0-all,8,,,5.366480827331543,15,335,2.0115878582000732,441,,,,,,0.32712289690971375,0.32712289690971375,0.32712289690971375,0.32712289690971375,20260702-01-flash-vqg-update-norm-event-trace-probe,3090,baseline-r2,zoology/experiments/flash_vqg/scripts/20260702-01-flash-vqg-update-norm-event-trace-probe/outputs/traces/3090/baseline-r2/event-3090-gpu0-all/train_step_704/update_event_trace.jsonl
True,0.24989319825149037,0.5,0.9999999403953552,1,39,0,2.247072219848633,1076,0,384,0,0.5,True,0.2498932043150104,1,0.7813071012496948,20260702-01-flash-vqg-update-norm-event-trace-probe-ucap0p5-r2-s124-d123-b64ga4-2080ti-event-2080ti-gpu1-ucap0p5,4,,,1.9459834098815918,7,39,2.000854730606079,441,,,,,,0.22251176834106445,0.8904274702072144,0.8904274702072144,0.8904274702072144,20260702-01-flash-vqg-update-norm-event-trace-probe,2080ti,ucap0p5-r2,zoology/experiments/flash_vqg/scripts/20260702-01-flash-vqg-update-norm-event-trace-probe/outputs/traces/2080ti/ucap0p5-r2/event-2080ti-gpu1-ucap0p5/train_step_384/update_event_trace.jsonl
True,0.2500332889544349,0.5,1.0,28,39,0,2.138522148132324,844,0,384,0,0.5,True,0.25003329362737914,1,0.7972385287284851,20260702-01-flash-vqg-update-norm-event-trace-probe-ucap0p5-r2-s124-d123-b64ga4-2080ti-event-2080ti-gpu1-ucap0p5,3,0.9961670637130737,0.9961670637130737,1.95315682888031,16,912,1.9997336864471436,441,0.27117782831192017,0.27117782831192017,0.9450822472572327,0.9450822472572327,0.9450822472572327,0.233806312084198,0.9351007342338562,0.9351007342338562,0.9351007342338562,20260702-01-flash-vqg-update-norm-event-trace-probe,2080ti,ucap0p5-r2,zoology/experiments/flash_vqg/scripts/20260702-01-flash-vqg-update-norm-event-trace-probe/outputs/traces/2080ti/ucap0p5-r2/event-2080ti-gpu1-ucap0p5/train_step_384/update_event_trace.jsonl
True,0.2503159923676412,0.5,1.0,10,39,0,2.3305768966674805,579,0,384,0,0.5,True,0.25031600552779903,1,0.7973082065582275,20260702-01-flash-vqg-update-norm-event-trace-probe-ucap0p5-r2-s124-d123-b64ga4-2080ti-event-2080ti-gpu1-ucap0p5,2,0.9344244599342346,0.9344244599342346,1.8708348274230957,25,345,1.9974751472473145,441,0.4923478960990906,0.4923478960990906,0.8747108578681946,0.8747108578681946,0.8747108578681946,0.21453914046287537,0.8570732474327087,0.8570732474327087,0.8570732474327087,20260702-01-flash-vqg-update-norm-event-trace-probe,2080ti,ucap0p5-r2,zoology/experiments/flash_vqg/scripts/20260702-01-flash-vqg-update-norm-event-trace-probe/outputs/traces/2080ti/ucap0p5-r2/event-2080ti-gpu1-ucap0p5/train_step_384/update_event_trace.jsonl
True,0.2504253704641771,0.5,1.0,0,5,0,4.538202285766602,1803,1,512,0,0.5,True,0.25042536088879397,1,0.6412866711616516,20260702-01-flash-vqg-update-norm-event-trace-probe-ucap0p5-r2-s124-d123-b64ga4-3090-event-3090-gpu0-all,7,,,4.538354873657227,13,13,1.9966028928756714,441,,,,,,0.11017578840255737,0.43995457887649536,0.43995457887649536,0.43995457887649536,20260702-01-flash-vqg-update-norm-event-trace-probe,3090,ucap0p5-r2,zoology/experiments/flash_vqg/scripts/20260702-01-flash-vqg-update-norm-event-trace-probe/outputs/traces/3090/ucap0p5-r2/event-3090-gpu0-all/train_step_512/update_event_trace.jsonl
True,0.25148084579916413,0.5,1.0,0,39,0,2.2757787704467773,1607,3,384,0,0.5,True,0.251480835359504,1,0.7763357162475586,20260702-01-flash-vqg-update-norm-event-trace-probe-ucap0p5-r2-s124-d123-b64ga4-2080ti-event-2080ti-gpu1-ucap0p5,6,,,2.321681022644043,29,29,1.9882230758666992,441,,,,,,0.2197050154209137,0.8736451268196106,0.8736451268196106,0.8736451268196106,20260702-01-flash-vqg-update-norm-event-trace-probe,2080ti,ucap0p5-r2,zoology/experiments/flash_vqg/scripts/20260702-01-flash-vqg-update-norm-event-trace-probe/outputs/traces/2080ti/ucap0p5-r2/event-2080ti-gpu1-ucap0p5/train_step_384/update_event_trace.jsonl
False,1.0,,1.0,10,50,0,4.787618160247803,237,2,704,1,0.5,True,0.2519404283962295,1,0.7657185792922974,20260702-01-flash-vqg-update-norm-event-trace-probe-baseline-r2-s124-d123-b64ga4-3090-event-3090-gpu0-all,0,0.5007195472717285,0.5007195472717285,5.074611186981201,13,333,1.9845961332321167,441,0.8729737997055054,0.8729737997055054,0.7288059592247009,0.7288059592247009,0.7288059592247009,0.4145268201828003,0.4145268201828003,0.4145268201828003,0.4145268201828003,20260702-01-flash-vqg-update-norm-event-trace-probe,3090,baseline-r2,zoology/experiments/flash_vqg/scripts/20260702-01-flash-vqg-update-norm-event-trace-probe/outputs/traces/3090/baseline-r2/event-3090-gpu0-all/train_step_704/update_event_trace.jsonl
True,0.2523384943998043,0.5,1.0,0,19,0,4.236985206604004,3642,2,512,0,0.5,True,0.25233850423325216,1,0.585525393486023,20260702-01-flash-vqg-update-norm-event-trace-probe-ucap0p5-r2-s124-d123-b64ga4-3090-event-3090-gpu0-all,14,,,4.196494102478027,31,31,1.9814653396606445,441,,,,,,0.11800843477249146,0.46765926480293274,0.46765926480293274,0.46765926480293274,20260702-01-flash-vqg-update-norm-event-trace-probe,3090,ucap0p5-r2,zoology/experiments/flash_vqg/scripts/20260702-01-flash-vqg-update-norm-event-trace-probe/outputs/traces/3090/ucap0p5-r2/event-3090-gpu0-all/train_step_512/update_event_trace.jsonl
True,0.2530449429565111,0.5,0.9999999403953552,0,0,0,3.926515579223633,2052,3,512,0,0.5,True,0.25304494655069354,1,0.6405556797981262,20260702-01-flash-vqg-update-norm-event-trace-probe-ucap0p5-r2-s124-d123-b64ga4-3090-event-3090-gpu0-all,8,,,3.9824280738830566,31,31,1.97593355178833,441,,,,,,0.12733936309814453,0.5032282471656799,0.5032282471656799,0.5032282471656799,20260702-01-flash-vqg-update-norm-event-trace-probe,3090,ucap0p5-r2,zoology/experiments/flash_vqg/scripts/20260702-01-flash-vqg-update-norm-event-trace-probe/outputs/traces/3090/ucap0p5-r2/event-3090-gpu0-all/train_step_512/update_event_trace.jsonl
True,0.2540454484894648,0.5,1.0,15,39,0,2.2925102710723877,558,0,384,0,0.5,True,0.25404545945430945,1,0.7748493552207947,20260702-01-flash-vqg-update-norm-event-trace-probe-ucap0p5-r2-s124-d123-b64ga4-2080ti-event-2080ti-gpu1-ucap0p5,2,0.004885525908321142,0.004885525908321142,1.8498475551605225,3,483,1.9681516885757446,441,0.34304529428482056,0.34304529428482056,0.9264457821846008,0.9264457821846008,0.9264458417892456,0.21810151636600494,0.8585137724876404,0.8585137724876404,0.8585137724876404,20260702-01-flash-vqg-update-norm-event-trace-probe,2080ti,ucap0p5-r2,zoology/experiments/flash_vqg/scripts/20260702-01-flash-vqg-update-norm-event-trace-probe/outputs/traces/2080ti/ucap0p5-r2/event-2080ti-gpu1-ucap0p5/train_step_384/update_event_trace.jsonl
True,0.2540599431712918,0.5,1.0,23,39,0,2.0877463817596436,574,0,384,0,0.5,True,0.2540599551362881,1,0.7935440540313721,20260702-01-flash-vqg-update-norm-event-trace-probe-ucap0p5-r2-s124-d123-b64ga4-2080ti-event-2080ti-gpu1-ucap0p5,2,0.016346022486686707,0.016346022486686707,1.7386900186538696,2,738,1.9680393934249878,441,0.2831386923789978,0.2831386923789978,0.9423871636390686,0.9423871636390686,0.9423871636390686,0.23949268460273743,0.9426621198654175,0.9426621198654175,0.9426621198654175,20260702-01-flash-vqg-update-norm-event-trace-probe,2080ti,ucap0p5-r2,zoology/experiments/flash_vqg/scripts/20260702-01-flash-vqg-update-norm-event-trace-probe/outputs/traces/2080ti/ucap0p5-r2/event-2080ti-gpu1-ucap0p5/train_step_384/update_event_trace.jsonl
True,0.25427421455053006,0.5,1.0,5,39,0,2.1452126502990723,1838,0,384,0,0.5,True,0.2542742131044183,1,0.791627824306488,20260702-01-flash-vqg-update-norm-event-trace-probe-ucap0p5-r2-s124-d123-b64ga4-2080ti-event-2080ti-gpu1-ucap0p5,7,,,2.1302566528320312,0,160,1.9663810729980469,441,,,,,,0.23307712376117706,0.9166368842124939,0.9166368842124939,0.9166368842124939,20260702-01-flash-vqg-update-norm-event-trace-probe,2080ti,ucap0p5-r2,zoology/experiments/flash_vqg/scripts/20260702-01-flash-vqg-update-norm-event-trace-probe/outputs/traces/2080ti/ucap0p5-r2/event-2080ti-gpu1-ucap0p5/train_step_384/update_event_trace.jsonl
False,1.0,,0.9999999403953552,11,50,0,5.200131416320801,242,0,704,1,0.5,True,0.2543798808710248,1,0.7379109859466553,20260702-01-flash-vqg-update-norm-event-trace-probe-baseline-r2-s124-d123-b64ga4-3090-event-3090-gpu0-all,0,0.02715364098548889,0.02715364098548889,5.249730587005615,27,379,1.965564250946045,441,0.8990045189857483,0.8990045189857483,0.7181037068367004,0.7181037068367004,0.7181037664413452,0.37798357009887695,0.37798357009887695,0.37798357009887695,0.37798357009887695,20260702-01-flash-vqg-update-norm-event-trace-probe,3090,baseline-r2,zoology/experiments/flash_vqg/scripts/20260702-01-flash-vqg-update-norm-event-trace-probe/outputs/traces/3090/baseline-r2/event-3090-gpu0-all/train_step_704/update_event_trace.jsonl
True,0.25705224485851297,0.5,1.0,28,39,0,2.181079149246216,3389,1,384,0,0.5,True,0.2570522291168322,1,0.7925368547439575,20260702-01-flash-vqg-update-norm-event-trace-probe-ucap0p5-r2-s124-d123-b64ga4-2080ti-event-2080ti-gpu1-ucap0p5,13,,,1.9629534482955933,3,899,1.9451299905776978,441,,,,,,0.22924433648586273,0.8918200135231018,0.8918200135231018,0.8918200135231018,20260702-01-flash-vqg-update-norm-event-trace-probe,2080ti,ucap0p5-r2,zoology/experiments/flash_vqg/scripts/20260702-01-flash-vqg-update-norm-event-trace-probe/outputs/traces/2080ti/ucap0p5-r2/event-2080ti-gpu1-ucap0p5/train_step_384/update_event_trace.jsonl
False,1.0,,0.9999999403953552,9,50,0,5.70649528503418,1526,0,704,1,0.5,True,0.25721270200143465,1,0.7921389937400818,20260702-01-flash-vqg-update-norm-event-trace-probe-baseline-r2-s124-d123-b64ga4-3090-event-3090-gpu0-all,5,,,5.228017807006836,29,317,1.9439164400100708,441,,,,,,0.3406497836112976,0.3406497836112976,0.3406497836112976,0.3406497836112976,20260702-01-flash-vqg-update-norm-event-trace-probe,3090,baseline-r2,zoology/experiments/flash_vqg/scripts/20260702-01-flash-vqg-update-norm-event-trace-probe/outputs/traces/3090/baseline-r2/event-3090-gpu0-all/train_step_704/update_event_trace.jsonl
True,0.25730934216741985,0.5,1.0,21,39,0,2.1425342559814453,3389,0,384,0,0.5,True,0.25730935029006247,1,0.7958457469940186,20260702-01-flash-vqg-update-norm-event-trace-probe-ucap0p5-r2-s124-d123-b64ga4-2080ti-event-2080ti-gpu1-ucap0p5,13,,,1.8464826345443726,4,676,1.9431862831115723,441,,,,,,0.23336848616600037,0.9069569110870361,0.9069569110870361,0.9069569110870361,20260702-01-flash-vqg-update-norm-event-trace-probe,2080ti,ucap0p5-r2,zoology/experiments/flash_vqg/scripts/20260702-01-flash-vqg-update-norm-event-trace-probe/outputs/traces/2080ti/ucap0p5-r2/event-2080ti-gpu1-ucap0p5/train_step_384/update_event_trace.jsonl
True,0.2574607199973372,0.5,1.0,25,39,0,2.065690755844116,3389,0,384,0,0.5,True,0.25746072504622786,1,0.7811554670333862,20260702-01-flash-vqg-update-norm-event-trace-probe-ucap0p5-r2-s124-d123-b64ga4-2080ti-event-2080ti-gpu1-ucap0p5,13,,,1.954984188079834,10,810,1.9420437812805176,441,,,,,,0.24204978346824646,0.9401425719261169,0.9401425719261169,0.9401425719261169,20260702-01-flash-vqg-update-norm-event-trace-probe,2080ti,ucap0p5-r2,zoology/experiments/flash_vqg/scripts/20260702-01-flash-vqg-update-norm-event-trace-probe/outputs/traces/2080ti/ucap0p5-r2/event-2080ti-gpu1-ucap0p5/train_step_384/update_event_trace.jsonl
False,1.0,,1.0,11,50,0,6.354531288146973,1006,1,704,1,0.5,True,0.25770294079553535,1,0.7639496922492981,20260702-01-flash-vqg-update-norm-event-trace-probe-baseline-r2-s124-d123-b64ga4-3090-event-3090-gpu0-all,3,0.03129860758781433,0.03129860758781433,5.227684020996094,19,371,1.940218448638916,441,0.9162986278533936,0.9162986278533936,0.7061812281608582,0.7061812281608582,0.7061812281608582,0.3053283393383026,0.3053283393383026,0.3053283393383026,0.3053283393383026,20260702-01-flash-vqg-update-norm-event-trace-probe,3090,baseline-r2,zoology/experiments/flash_vqg/scripts/20260702-01-flash-vqg-update-norm-event-trace-probe/outputs/traces/3090/baseline-r2/event-3090-gpu0-all/train_step_704/update_event_trace.jsonl
True,0.2581200330252077,0.5,1.0,8,39,0,2.217341184616089,3395,1,384,0,0.5,True,0.25812002178783716,1,0.7912349700927734,20260702-01-flash-vqg-update-norm-event-trace-probe-ucap0p5-r2-s124-d123-b64ga4-2080ti-event-2080ti-gpu1-ucap0p5,13,,,1.5452392101287842,19,275,1.93708336353302,441,,,,,,0.22549530863761902,0.8736063838005066,0.8736063838005066,0.8736063838005066,20260702-01-flash-vqg-update-norm-event-trace-probe,2080ti,ucap0p5-r2,zoology/experiments/flash_vqg/scripts/20260702-01-flash-vqg-update-norm-event-trace-probe/outputs/traces/2080ti/ucap0p5-r2/event-2080ti-gpu1-ucap0p5/train_step_384/update_event_trace.jsonl
True,0.25814477082554455,0.5,1.0000001192092896,0,39,0,2.1106557846069336,561,4,384,0,0.5,True,0.25814477277797865,1,0.7942087650299072,20260702-01-flash-vqg-update-norm-event-trace-probe-ucap0p5-r2-s124-d123-b64ga4-2080ti-event-2080ti-gpu1-ucap0p5,2,0.02123349905014038,0.02123349905014038,2.1837568283081055,8,8,1.9368976354599,441,0.3319645822048187,0.3319645822048187,0.9294562935829163,0.9294562935829163,0.929456353187561,0.2368931919336319,0.9176757335662842,0.9176757335662842,0.9176757335662842,20260702-01-flash-vqg-update-norm-event-trace-probe,2080ti,ucap0p5-r2,zoology/experiments/flash_vqg/scripts/20260702-01-flash-vqg-update-norm-event-trace-probe/outputs/traces/2080ti/ucap0p5-r2/event-2080ti-gpu1-ucap0p5/train_step_384/update_event_trace.jsonl
True,0.25828242253770917,0.5,0.9999999403953552,14,39,0,2.225665807723999,2363,0,384,0,0.5,True,0.25828241954537706,1,0.7695837020874023,20260702-01-flash-vqg-update-norm-event-trace-probe-ucap0p5-r2-s124-d123-b64ga4-2080ti-event-2080ti-gpu1-ucap0p5,9,,,1.6282869577407837,17,465,1.9358654022216797,441,,,,,,0.22465187311172485,0.869791567325592,0.869791567325592,0.869791567325592,20260702-01-flash-vqg-update-norm-event-trace-probe,2080ti,ucap0p5-r2,zoology/experiments/flash_vqg/scripts/20260702-01-flash-vqg-update-norm-event-trace-probe/outputs/traces/2080ti/ucap0p5-r2/event-2080ti-gpu1-ucap0p5/train_step_384/update_event_trace.jsonl
False,1.0,,1.0,3,50,0,5.737918376922607,2288,0,704,1,0.5,True,0.2594190621709563,1,0.7884638905525208,20260702-01-flash-vqg-update-norm-event-trace-probe-baseline-r2-s124-d123-b64ga4-3090-event-3090-gpu0-all,8,,,5.130747318267822,19,115,1.9273834228515625,441,,,,,,0.3359028995037079,0.3359028995037079,0.3359028995037079,0.3359028995037079,20260702-01-flash-vqg-update-norm-event-trace-probe,3090,baseline-r2,zoology/experiments/flash_vqg/scripts/20260702-01-flash-vqg-update-norm-event-trace-probe/outputs/traces/3090/baseline-r2/event-3090-gpu0-all/train_step_704/update_event_trace.jsonl
True,0.25989322922170505,0.5,1.0,0,32,0,3.9431729316711426,3908,4,512,0,0.5,True,0.2598932432964145,1,0.4812365174293518,20260702-01-flash-vqg-update-norm-event-trace-probe-ucap0p5-r2-s124-d123-b64ga4-3090-event-3090-gpu0-all,15,,,3.9431729316711426,5,5,1.923866868019104,441,,,,,,0.12680143117904663,0.48789817094802856,0.48789817094802856,0.48789817094802856,20260702-01-flash-vqg-update-norm-event-trace-probe,3090,ucap0p5-r2,zoology/experiments/flash_vqg/scripts/20260702-01-flash-vqg-update-norm-event-trace-probe/outputs/traces/3090/ucap0p5-r2/event-3090-gpu0-all/train_step_512/update_event_trace.jsonl
True,0.26016476396600163,0.5,1.0,17,39,0,2.1829497814178467,2364,0,384,0,0.5,True,0.26016476403699307,1,0.7974815964698792,20260702-01-flash-vqg-update-norm-event-trace-probe-ucap0p5-r2-s124-d123-b64ga4-2080ti-event-2080ti-gpu1-ucap0p5,9,,,1.7601760625839233,3,547,1.9218590259552002,441,,,,,,0.22904786467552185,0.8803954124450684,0.8803954124450684,0.8803954124450684,20260702-01-flash-vqg-update-norm-event-trace-probe,2080ti,ucap0p5-r2,zoology/experiments/flash_vqg/scripts/20260702-01-flash-vqg-update-norm-event-trace-probe/outputs/traces/2080ti/ucap0p5-r2/event-2080ti-gpu1-ucap0p5/train_step_384/update_event_trace.jsonl
True,0.2604544496272207,0.5,1.0,17,39,0,2.053222417831421,2875,1,384,0,0.5,True,0.26045443209897395,1,0.8023643493652344,20260702-01-flash-vqg-update-norm-event-trace-probe-ucap0p5-r2-s124-d123-b64ga4-2080ti-event-2080ti-gpu1-ucap0p5,11,,,1.8989263772964478,8,552,1.9197216033935547,441,,,,,,0.24351966381072998,0.9349798560142517,0.9349798560142517,0.9349798560142517,20260702-01-flash-vqg-update-norm-event-trace-probe,2080ti,ucap0p5-r2,zoology/experiments/flash_vqg/scripts/20260702-01-flash-vqg-update-norm-event-trace-probe/outputs/traces/2080ti/ucap0p5-r2/event-2080ti-gpu1-ucap0p5/train_step_384/update_event_trace.jsonl
True,0.2605038810295402,0.5,0.9999999403953552,2,39,0,2.2000484466552734,2092,2,384,0,0.5,True,0.2605039000085338,1,0.7923926711082458,20260702-01-flash-vqg-update-norm-event-trace-probe-ucap0p5-r2-s124-d123-b64ga4-2080ti-event-2080ti-gpu1-ucap0p5,8,,,1.7535735368728638,5,69,1.9193570613861084,441,,,,,,0.22726771235466003,0.8724158406257629,0.8724158406257629,0.8724158406257629,20260702-01-flash-vqg-update-norm-event-trace-probe,2080ti,ucap0p5-r2,zoology/experiments/flash_vqg/scripts/20260702-01-flash-vqg-update-norm-event-trace-probe/outputs/traces/2080ti/ucap0p5-r2/event-2080ti-gpu1-ucap0p5/train_step_384/update_event_trace.jsonl
True,0.2606531461649706,0.5,1.0,0,59,0,4.285665035247803,895,5,512,0,0.5,True,0.260653145462065,1,0.538402795791626,20260702-01-flash-vqg-update-norm-event-trace-probe-ucap0p5-r2-s124-d123-b64ga4-3090-event-3090-gpu0-all,3,0.028544971719384193,0.028544971719384193,4.368920803070068,31,31,1.9182580709457397,441,0.2914752960205078,0.2914752960205078,0.9402531981468201,0.9402531981468201,0.9402531981468201,0.11666800826787949,0.4475986957550049,0.4475986957550049,0.4475986957550049,20260702-01-flash-vqg-update-norm-event-trace-probe,3090,ucap0p5-r2,zoology/experiments/flash_vqg/scripts/20260702-01-flash-vqg-update-norm-event-trace-probe/outputs/traces/3090/ucap0p5-r2/event-3090-gpu0-all/train_step_512/update_event_trace.jsonl
True,0.26077973833151596,0.5,0.9999999403953552,17,39,0,2.0814449787139893,2641,2,384,0,0.5,True,0.2607797308381204,1,0.780841588973999,20260702-01-flash-vqg-update-norm-event-trace-probe-ucap0p5-r2-s124-d123-b64ga4-2080ti-event-2080ti-gpu1-ucap0p5,10,,,2.0721633434295654,22,566,1.9173269271850586,441,,,,,,0.24021774530410767,0.921151876449585,0.921151876449585,0.921151876449585,20260702-01-flash-vqg-update-norm-event-trace-probe,2080ti,ucap0p5-r2,zoology/experiments/flash_vqg/scripts/20260702-01-flash-vqg-update-norm-event-trace-probe/outputs/traces/2080ti/ucap0p5-r2/event-2080ti-gpu1-ucap0p5/train_step_384/update_event_trace.jsonl
True,0.26093145450997585,0.5,1.0000001192092896,11,39,0,2.1827638149261475,822,0,384,0,0.5,True,0.2609314677774549,1,0.7764062285423279,20260702-01-flash-vqg-update-norm-event-trace-probe-ucap0p5-r2-s124-d123-b64ga4-2080ti-event-2080ti-gpu1-ucap0p5,3,0.0056081004440784454,0.0056081004440784454,1.7502950429916382,5,357,1.9162119626998901,441,0.34533199667930603,0.34533199667930603,0.925795316696167,0.925795316696167,0.9257952570915222,0.2290673702955246,0.8778833150863647,0.8778833150863647,0.8778833150863647,20260702-01-flash-vqg-update-norm-event-trace-probe,2080ti,ucap0p5-r2,zoology/experiments/flash_vqg/scripts/20260702-01-flash-vqg-update-norm-event-trace-probe/outputs/traces/2080ti/ucap0p5-r2/event-2080ti-gpu1-ucap0p5/train_step_384/update_event_trace.jsonl
True,0.2614680302219658,0.5,1.0,23,39,0,2.0466299057006836,2643,1,384,0,0.5,True,0.2614680234506228,1,0.7989786267280579,20260702-01-flash-vqg-update-norm-event-trace-probe-ucap0p5-r2-s124-d123-b64ga4-2080ti-event-2080ti-gpu1-ucap0p5,10,,,1.905643343925476,24,760,1.912279725074768,441,,,,,,0.24430407583713531,0.9343554377555847,0.9343554377555847,0.9343554377555847,20260702-01-flash-vqg-update-norm-event-trace-probe,2080ti,ucap0p5-r2,zoology/experiments/flash_vqg/scripts/20260702-01-flash-vqg-update-norm-event-trace-probe/outputs/traces/2080ti/ucap0p5-r2/event-2080ti-gpu1-ucap0p5/train_step_384/update_event_trace.jsonl
True,0.26147240004509475,0.5,1.0,30,39,0,2.0365116596221924,3418,0,384,0,0.5,True,0.2614723918195869,1,0.8026180863380432,20260702-01-flash-vqg-update-norm-event-trace-probe-ucap0p5-r2-s124-d123-b64ga4-2080ti-event-2080ti-gpu1-ucap0p5,13,,,1.8398162126541138,26,986,1.9122477769851685,441,,,,,,0.24551787972450256,0.9389820098876953,0.9389820098876953,0.9389820098876953,20260702-01-flash-vqg-update-norm-event-trace-probe,2080ti,ucap0p5-r2,zoology/experiments/flash_vqg/scripts/20260702-01-flash-vqg-update-norm-event-trace-probe/outputs/traces/2080ti/ucap0p5-r2/event-2080ti-gpu1-ucap0p5/train_step_384/update_event_trace.jsonl
False,1.0,,1.0,0,22,0,4.76033878326416,3252,0,704,1,0.5,True,0.26169084958259153,1,0.7953677177429199,20260702-01-flash-vqg-update-norm-event-trace-probe-baseline-r2-s124-d123-b64ga4-3090-event-3090-gpu0-all,12,,,4.837046146392822,23,23,1.910651445388794,441,,,,,,0.40136879682540894,0.40136879682540894,0.40136879682540894,0.40136879682540894,20260702-01-flash-vqg-update-norm-event-trace-probe,3090,baseline-r2,zoology/experiments/flash_vqg/scripts/20260702-01-flash-vqg-update-norm-event-trace-probe/outputs/traces/3090/baseline-r2/event-3090-gpu0-all/train_step_704/update_event_trace.jsonl
True,0.2618805094309643,0.5,1.0,10,39,0,2.175062894821167,3372,1,384,0,0.5,True,0.2618805318174584,1,0.7902168035507202,20260702-01-flash-vqg-update-norm-event-trace-probe-ucap0p5-r2-s124-d123-b64ga4-2080ti-event-2080ti-gpu1-ucap0p5,13,,,1.6980335712432861,3,323,1.909267544746399,441,,,,,,0.22987839579582214,0.8777987957000732,0.8777987957000732,0.8777987957000732,20260702-01-flash-vqg-update-norm-event-trace-probe,2080ti,ucap0p5-r2,zoology/experiments/flash_vqg/scripts/20260702-01-flash-vqg-update-norm-event-trace-probe/outputs/traces/2080ti/ucap0p5-r2/event-2080ti-gpu1-ucap0p5/train_step_384/update_event_trace.jsonl
False,1.0,,1.0,1,50,0,5.14832067489624,1257,2,704,1,0.5,True,0.2623664375453314,1,0.7898959517478943,20260702-01-flash-vqg-update-norm-event-trace-probe-baseline-r2-s124-d123-b64ga4-3090-event-3090-gpu0-all,4,,,5.153941631317139,9,41,1.9057315587997437,441,,,,,,0.3701656758785248,0.3701656758785248,0.3701656758785248,0.3701656758785248,20260702-01-flash-vqg-update-norm-event-trace-probe,3090,baseline-r2,zoology/experiments/flash_vqg/scripts/20260702-01-flash-vqg-update-norm-event-trace-probe/outputs/traces/3090/baseline-r2/event-3090-gpu0-all/train_step_704/update_event_trace.jsonl
True,0.262724603129007,0.5,1.0,17,39,0,2.029177188873291,3923,3,384,0,0.5,True,0.26272460495666644,1,0.7960495352745056,20260702-01-flash-vqg-update-norm-event-trace-probe-ucap0p5-r2-s124-d123-b64ga4-2080ti-event-2080ti-gpu1-ucap0p5,15,,,1.8881474733352661,26,570,1.903133511543274,441,,,,,,0.24640528857707977,0.9378843307495117,0.9378843307495117,0.9378843307495117,20260702-01-flash-vqg-update-norm-event-trace-probe,2080ti,ucap0p5-r2,zoology/experiments/flash_vqg/scripts/20260702-01-flash-vqg-update-norm-event-trace-probe/outputs/traces/2080ti/ucap0p5-r2/event-2080ti-gpu1-ucap0p5/train_step_384/update_event_trace.jsonl
True,0.26284616555056084,0.5,1.0,0,47,0,4.37677001953125,2653,6,512,0,0.5,True,0.2628461606624396,1,0.3813522458076477,20260702-01-flash-vqg-update-norm-event-trace-probe-ucap0p5-r2-s124-d123-b64ga4-3090-event-3090-gpu0-all,10,,,4.37677001953125,25,25,1.9022533893585205,441,,,,,,0.11423949897289276,0.43462494015693665,0.43462494015693665,0.43462494015693665,20260702-01-flash-vqg-update-norm-event-trace-probe,3090,ucap0p5-r2,zoology/experiments/flash_vqg/scripts/20260702-01-flash-vqg-update-norm-event-trace-probe/outputs/traces/3090/ucap0p5-r2/event-3090-gpu0-all/train_step_512/update_event_trace.jsonl
True,0.26293728252400034,0.5,0.9999999403953552,4,39,0,2.1676907539367676,3901,2,384,0,0.5,True,0.2629372817791276,1,0.7698007822036743,20260702-01-flash-vqg-update-norm-event-trace-probe-ucap0p5-r2-s124-d123-b64ga4-2080ti-event-2080ti-gpu1-ucap0p5,15,,,1.6358554363250732,27,155,1.9015941619873047,441,,,,,,0.23066021502017975,0.877244234085083,0.877244234085083,0.877244234085083,20260702-01-flash-vqg-update-norm-event-trace-probe,2080ti,ucap0p5-r2,zoology/experiments/flash_vqg/scripts/20260702-01-flash-vqg-update-norm-event-trace-probe/outputs/traces/2080ti/ucap0p5-r2/event-2080ti-gpu1-ucap0p5/train_step_384/update_event_trace.jsonl
False,1.0,,1.0,6,50,0,5.995355606079102,1525,0,704,1,0.5,True,0.2631043803202402,1,0.7964174747467041,20260702-01-flash-vqg-update-norm-event-trace-probe-baseline-r2-s124-d123-b64ga4-3090-event-3090-gpu0-all,5,,,5.225327014923096,25,217,1.9003864526748657,441,,,,,,0.3169764280319214,0.3169764280319214,0.3169764280319214,0.3169764280319214,20260702-01-flash-vqg-update-norm-event-trace-probe,3090,baseline-r2,zoology/experiments/flash_vqg/scripts/20260702-01-flash-vqg-update-norm-event-trace-probe/outputs/traces/3090/baseline-r2/event-3090-gpu0-all/train_step_704/update_event_trace.jsonl
False,1.0,,1.0,3,50,0,5.6971821784973145,233,1,704,1,0.5,True,0.263137987300905,1,0.774383008480072,20260702-01-flash-vqg-update-norm-event-trace-probe-baseline-r2-s124-d123-b64ga4-3090-event-3090-gpu0-all,0,0.4442393183708191,0.4442393183708191,5.701934814453125,9,105,1.9001437425613403,441,0.9377437829971313,0.9377437829971313,0.6948257088661194,0.6948257088661194,0.6948256492614746,0.3335234224796295,0.3335234224796295,0.3335234224796295,0.3335234224796295,20260702-01-flash-vqg-update-norm-event-trace-probe,3090,baseline-r2,zoology/experiments/flash_vqg/scripts/20260702-01-flash-vqg-update-norm-event-trace-probe/outputs/traces/3090/baseline-r2/event-3090-gpu0-all/train_step_704/update_event_trace.jsonl
True,0.2631724210733287,0.5,1.0,4,39,0,2.1807024478912354,3387,3,384,0,0.5,True,0.2631724285057702,1,0.7939690947532654,20260702-01-flash-vqg-update-norm-event-trace-probe-ucap0p5-r2-s124-d123-b64ga4-2080ti-event-2080ti-gpu1-ucap0p5,13,,,1.6251055002212524,25,153,1.8998950719833374,441,,,,,,0.2292839139699936,0.8712307810783386,0.8712307810783386,0.8712307810783386,20260702-01-flash-vqg-update-norm-event-trace-probe,2080ti,ucap0p5-r2,zoology/experiments/flash_vqg/scripts/20260702-01-flash-vqg-update-norm-event-trace-probe/outputs/traces/2080ti/ucap0p5-r2/event-2080ti-gpu1-ucap0p5/train_step_384/update_event_trace.jsonl
True,0.26322547271535307,0.5,1.0,19,39,0,2.158751964569092,3660,0,384,0,0.5,True,0.26322546180984574,1,0.796001136302948,20260702-01-flash-vqg-update-norm-event-trace-probe-ucap0p5-r2-s124-d123-b64ga4-2080ti-event-2080ti-gpu1-ucap0p5,14,,,1.7527482509613037,21,629,1.8995122909545898,441,,,,,,0.2316153198480606,0.879912257194519,0.879912257194519,0.879912257194519,20260702-01-flash-vqg-update-norm-event-trace-probe,2080ti,ucap0p5-r2,zoology/experiments/flash_vqg/scripts/20260702-01-flash-vqg-update-norm-event-trace-probe/outputs/traces/2080ti/ucap0p5-r2/event-2080ti-gpu1-ucap0p5/train_step_384/update_event_trace.jsonl
True,0.26369578144692346,0.5,1.0,8,39,0,2.27449893951416,66,2,384,0,0.5,True,0.26369576718495624,1,0.7849330902099609,20260702-01-flash-vqg-update-norm-event-trace-probe-ucap0p5-r2-s124-d123-b64ga4-2080ti-event-2080ti-gpu1-ucap0p5,0,0.9821926951408386,0.9821926951408386,1.7854856252670288,25,281,1.8961244821548462,441,0.3952365517616272,0.3952365517616272,0.9078620076179504,0.9078620076179504,0.9078620076179504,0.21982865035533905,0.8336449265480042,0.8336449265480042,0.8336449265480042,20260702-01-flash-vqg-update-norm-event-trace-probe,2080ti,ucap0p5-r2,zoology/experiments/flash_vqg/scripts/20260702-01-flash-vqg-update-norm-event-trace-probe/outputs/traces/2080ti/ucap0p5-r2/event-2080ti-gpu1-ucap0p5/train_step_384/update_event_trace.jsonl
True,0.2638791866152675,0.5,1.0,0,0,0,4.306612491607666,6,7,512,0,0.5,True,0.26387917047032394,1,0.6036301851272583,20260702-01-flash-vqg-update-norm-event-trace-probe-ucap0p5-r2-s124-d123-b64ga4-3090-event-3090-gpu0-all,0,0.006689045112580061,0.006689045112580061,4.259884357452393,27,27,1.8948066234588623,441,0.8583520650863647,0.8583520650863647,0.7213735580444336,0.7213735580444336,0.7213734984397888,0.11610054224729538,0.43997612595558167,0.43997612595558167,0.43997612595558167,20260702-01-flash-vqg-update-norm-event-trace-probe,3090,ucap0p5-r2,zoology/experiments/flash_vqg/scripts/20260702-01-flash-vqg-update-norm-event-trace-probe/outputs/traces/3090/ucap0p5-r2/event-3090-gpu0-all/train_step_512/update_event_trace.jsonl
True,0.26397282464124616,0.5,0.9999999403953552,18,39,0,2.1319971084594727,81,0,384,0,0.5,True,0.2639728201966235,1,0.7850979566574097,20260702-01-flash-vqg-update-norm-event-trace-probe-ucap0p5-r2-s124-d123-b64ga4-2080ti-event-2080ti-gpu1-ucap0p5,0,0.9916765689849854,0.9916765689849854,1.927486538887024,19,595,1.8941344022750854,441,0.27809929847717285,0.27809929847717285,0.9433101415634155,0.9433101415634155,0.9433101415634155,0.23452189564704895,0.888431966304779,0.888431966304779,0.888431966304779,20260702-01-flash-vqg-update-norm-event-trace-probe,2080ti,ucap0p5-r2,zoology/experiments/flash_vqg/scripts/20260702-01-flash-vqg-update-norm-event-trace-probe/outputs/traces/2080ti/ucap0p5-r2/event-2080ti-gpu1-ucap0p5/train_step_384/update_event_trace.jsonl
False,1.0,,0.9999999403953552,2,50,0,5.803786277770996,3574,1,704,1,0.5,True,0.2640152908788825,1,0.7597113847732544,20260702-01-flash-vqg-update-norm-event-trace-probe-baseline-r2-s124-d123-b64ga4-3090-event-3090-gpu0-all,13,,,5.613285064697266,29,93,1.8938297033309937,441,,,,,,0.32630935311317444,0.32630935311317444,0.32630935311317444,0.32630935311317444,20260702-01-flash-vqg-update-norm-event-trace-probe,3090,baseline-r2,zoology/experiments/flash_vqg/scripts/20260702-01-flash-vqg-update-norm-event-trace-probe/outputs/traces/3090/baseline-r2/event-3090-gpu0-all/train_step_704/update_event_trace.jsonl
False,1.0,,1.0,1,50,0,5.209901332855225,3062,3,704,1,0.5,True,0.26405599646339184,1,0.7895551919937134,20260702-01-flash-vqg-update-norm-event-trace-probe-baseline-r2-s124-d123-b64ga4-3090-event-3090-gpu0-all,11,,,5.286434173583984,27,59,1.8935377597808838,441,,,,,,0.3634498417377472,0.3634498417377472,0.3634498417377472,0.3634498417377472,20260702-01-flash-vqg-update-norm-event-trace-probe,3090,baseline-r2,zoology/experiments/flash_vqg/scripts/20260702-01-flash-vqg-update-norm-event-trace-probe/outputs/traces/3090/baseline-r2/event-3090-gpu0-all/train_step_704/update_event_trace.jsonl
True,0.2641398279739654,0.5,1.0,8,39,0,2.25284481048584,3134,3,384,0,0.5,True,0.2641398240014157,1,0.7709055542945862,20260702-01-flash-vqg-update-norm-event-trace-probe-ucap0p5-r2-s124-d123-b64ga4-2080ti-event-2080ti-gpu1-ucap0p5,12,,,1.787184238433838,15,271,1.8929368257522583,441,,,,,,0.22194160521030426,0.840242862701416,0.840242862701416,0.840242862701416,20260702-01-flash-vqg-update-norm-event-trace-probe,2080ti,ucap0p5-r2,zoology/experiments/flash_vqg/scripts/20260702-01-flash-vqg-update-norm-event-trace-probe/outputs/traces/2080ti/ucap0p5-r2/event-2080ti-gpu1-ucap0p5/train_step_384/update_event_trace.jsonl
True,0.2645388584919031,0.5,1.0,16,39,0,2.0262722969055176,3402,0,384,0,0.5,True,0.26453885370894875,1,0.7636019587516785,20260702-01-flash-vqg-update-norm-event-trace-probe-ucap0p5-r2-s124-d123-b64ga4-2080ti-event-2080ti-gpu1-ucap0p5,13,,,1.7148505449295044,18,530,1.890081524848938,441,,,,,,0.24675855040550232,0.9327875375747681,0.9327875375747681,0.9327875375747681,20260702-01-flash-vqg-update-norm-event-trace-probe,2080ti,ucap0p5-r2,zoology/experiments/flash_vqg/scripts/20260702-01-flash-vqg-update-norm-event-trace-probe/outputs/traces/2080ti/ucap0p5-r2/event-2080ti-gpu1-ucap0p5/train_step_384/update_event_trace.jsonl
True,0.2645586146006563,0.5,1.0,18,39,0,2.0334925651550293,601,1,384,0,0.5,True,0.2645586098976225,1,0.7990498542785645,20260702-01-flash-vqg-update-norm-event-trace-probe-ucap0p5-r2-s124-d123-b64ga4-2080ti-event-2080ti-gpu1-ucap0p5,2,0.9866114258766174,0.9866114258766174,1.892043113708496,28,604,1.8899403810501099,441,0.2628505229949951,0.2628505229949951,0.9473257064819336,0.9473257064819336,0.9473256468772888,0.24588239192962646,0.9294061064720154,0.9294061064720154,0.9294061064720154,20260702-01-flash-vqg-update-norm-event-trace-probe,2080ti,ucap0p5-r2,zoology/experiments/flash_vqg/scripts/20260702-01-flash-vqg-update-norm-event-trace-probe/outputs/traces/2080ti/ucap0p5-r2/event-2080ti-gpu1-ucap0p5/train_step_384/update_event_trace.jsonl
True,0.2648891463941073,0.5,1.0,12,39,0,2.163069248199463,2101,1,384,0,0.5,True,0.2648891455487513,1,0.7603761553764343,20260702-01-flash-vqg-update-norm-event-trace-probe-ucap0p5-r2-s124-d123-b64ga4-2080ti-event-2080ti-gpu1-ucap0p5,8,,,2.219947576522827,4,388,1.8875820636749268,441,,,,,,0.23115302622318268,0.8726406097412109,0.8726406097412109,0.8726406097412109,20260702-01-flash-vqg-update-norm-event-trace-probe,2080ti,ucap0p5-r2,zoology/experiments/flash_vqg/scripts/20260702-01-flash-vqg-update-norm-event-trace-probe/outputs/traces/2080ti/ucap0p5-r2/event-2080ti-gpu1-ucap0p5/train_step_384/update_event_trace.jsonl
True,0.2652663901480212,0.5,1.0,16,39,0,2.0215868949890137,340,1,384,0,0.5,True,0.26526640106953936,1,0.7948159575462341,20260702-01-flash-vqg-update-norm-event-trace-probe-ucap0p5-r2-s124-d123-b64ga4-2080ti-event-2080ti-gpu1-ucap0p5,1,0.9892635941505432,0.9892635941505432,1.7373334169387817,24,536,1.8848975896835327,441,0.3901713192462921,0.3901713192462921,0.9093920588493347,0.9093920588493347,0.9093920588493347,0.247330442070961,0.9323851466178894,0.9323851466178894,0.9323851466178894,20260702-01-flash-vqg-update-norm-event-trace-probe,2080ti,ucap0p5-r2,zoology/experiments/flash_vqg/scripts/20260702-01-flash-vqg-update-norm-event-trace-probe/outputs/traces/2080ti/ucap0p5-r2/event-2080ti-gpu1-ucap0p5/train_step_384/update_event_trace.jsonl
True,0.26552814901957306,0.5,1.0,0,39,0,4.185098171234131,3672,8,512,0,0.5,True,0.2655281395429664,1,0.5563457608222961,20260702-01-flash-vqg-update-norm-event-trace-probe-ucap0p5-r2-s124-d123-b64ga4-3090-event-3090-gpu0-all,14,,,4.341588497161865,27,27,1.8830395936965942,441,,,,,,0.11947151273488998,0.44993916153907776,0.44993916153907776,0.44993916153907776,20260702-01-flash-vqg-update-norm-event-trace-probe,3090,ucap0p5-r2,zoology/experiments/flash_vqg/scripts/20260702-01-flash-vqg-update-norm-event-trace-probe/outputs/traces/3090/ucap0p5-r2/event-3090-gpu0-all/train_step_512/update_event_trace.jsonl
True,0.26613527391054626,0.5,1.0,17,39,0,2.1634838581085205,578,4,384,0,0.5,True,0.2661352807050995,1,0.7733384370803833,20260702-01-flash-vqg-update-norm-event-trace-probe-ucap0p5-r2-s124-d123-b64ga4-2080ti-event-2080ti-gpu1-ucap0p5,2,0.9949712157249451,0.9949712157249451,1.853412389755249,11,555,1.8787437677383423,441,0.28447771072387695,0.28447771072387695,0.9416320323944092,0.9416320323944092,0.9416320323944092,0.23110872507095337,0.8683881759643555,0.8683881759643555,0.8683881759643555,20260702-01-flash-vqg-update-norm-event-trace-probe,2080ti,ucap0p5-r2,zoology/experiments/flash_vqg/scripts/20260702-01-flash-vqg-update-norm-event-trace-probe/outputs/traces/2080ti/ucap0p5-r2/event-2080ti-gpu1-ucap0p5/train_step_384/update_event_trace.jsonl
False,1.0,,1.0,24,50,0,5.549245357513428,1013,0,704,1,0.5,True,0.26620977193239115,1,0.7779614925384521,20260702-01-flash-vqg-update-norm-event-trace-probe-baseline-r2-s124-d123-b64ga4-3090-event-3090-gpu0-all,3,0.45980921387672424,0.45980921387672424,5.212445259094238,25,793,1.8782180547714233,441,0.9423537254333496,0.9423537254333496,0.6916674971580505,0.6916674971580505,0.6916674971580505,0.338463693857193,0.338463693857193,0.338463693857193,0.338463693857193,20260702-01-flash-vqg-update-norm-event-trace-probe,3090,baseline-r2,zoology/experiments/flash_vqg/scripts/20260702-01-flash-vqg-update-norm-event-trace-probe/outputs/traces/3090/baseline-r2/event-3090-gpu0-all/train_step_704/update_event_trace.jsonl
False,1.0,,0.9999999403953552,6,50,0,5.853209018707275,3813,1,704,1,0.5,True,0.2665762805109682,1,0.7801538109779358,20260702-01-flash-vqg-update-norm-event-trace-probe-baseline-r2-s124-d123-b64ga4-3090-event-3090-gpu0-all,14,,,5.058255672454834,5,197,1.8756357431411743,441,,,,,,0.320445716381073,0.320445716381073,0.320445716381073,0.320445716381073,20260702-01-flash-vqg-update-norm-event-trace-probe,3090,baseline-r2,zoology/experiments/flash_vqg/scripts/20260702-01-flash-vqg-update-norm-event-trace-probe/outputs/traces/3090/baseline-r2/event-3090-gpu0-all/train_step_704/update_event_trace.jsonl
False,1.0,,1.0,11,50,0,5.218028545379639,2271,2,704,1,0.5,True,0.26663577967385826,1,0.7688855528831482,20260702-01-flash-vqg-update-norm-event-trace-probe-baseline-r2-s124-d123-b64ga4-3090-event-3090-gpu0-all,8,,,5.286194324493408,1,353,1.8752171993255615,441,,,,,,0.35937273502349854,0.35937273502349854,0.35937273502349854,0.35937273502349854,20260702-01-flash-vqg-update-norm-event-trace-probe,3090,baseline-r2,zoology/experiments/flash_vqg/scripts/20260702-01-flash-vqg-update-norm-event-trace-probe/outputs/traces/3090/baseline-r2/event-3090-gpu0-all/train_step_704/update_event_trace.jsonl
False,1.0,,0.9999999403953552,10,50,0,6.365006923675537,3555,3,704,1,0.5,True,0.26679281477378036,1,0.8174717426300049,20260702-01-flash-vqg-update-norm-event-trace-probe-baseline-r2-s124-d123-b64ga4-3090-event-3090-gpu0-all,13,,,4.843135356903076,1,321,1.8741134405136108,441,,,,,,0.2944401204586029,0.2944401204586029,0.2944401204586029,0.2944401204586029,20260702-01-flash-vqg-update-norm-event-trace-probe,3090,baseline-r2,zoology/experiments/flash_vqg/scripts/20260702-01-flash-vqg-update-norm-event-trace-probe/outputs/traces/3090/baseline-r2/event-3090-gpu0-all/train_step_704/update_event_trace.jsonl
False,1.0,,1.0,0,36,0,4.899777889251709,202,1,704,1,0.5,True,0.2669711385271008,1,0.7801133394241333,20260702-01-flash-vqg-update-norm-event-trace-probe-baseline-r2-s124-d123-b64ga4-3090-event-3090-gpu0-all,0,0.022596243768930435,0.022596243768930435,4.79876708984375,31,31,1.872861623764038,441,0.9555795788764954,0.9555795788764954,0.6320939660072327,0.6320939660072327,0.6320939660072327,0.38223397731781006,0.38223397731781006,0.38223397731781006,0.38223397731781006,20260702-01-flash-vqg-update-norm-event-trace-probe,3090,baseline-r2,zoology/experiments/flash_vqg/scripts/20260702-01-flash-vqg-update-norm-event-trace-probe/outputs/traces/3090/baseline-r2/event-3090-gpu0-all/train_step_704/update_event_trace.jsonl
True,0.26700886549103653,0.5,1.0,10,39,0,2.1447577476501465,3135,2,384,0,0.5,True,0.26700886820254177,1,0.7618602514266968,20260702-01-flash-vqg-update-norm-event-trace-probe-ucap0p5-r2-s124-d123-b64ga4-2080ti-event-2080ti-gpu1-ucap0p5,12,,,1.6870408058166504,19,339,1.8725969791412354,441,,,,,,0.23312656581401825,0.8731042146682739,0.8731042146682739,0.8731042146682739,20260702-01-flash-vqg-update-norm-event-trace-probe,2080ti,ucap0p5-r2,zoology/experiments/flash_vqg/scripts/20260702-01-flash-vqg-update-norm-event-trace-probe/outputs/traces/2080ti/ucap0p5-r2/event-2080ti-gpu1-ucap0p5/train_step_384/update_event_trace.jsonl
False,1.0,,1.0,31,14,0,4.796347618103027,917,0,704,1,0.5,True,0.2679333531830686,1,0.7962153553962708,20260702-01-flash-vqg-update-norm-event-trace-probe-baseline-r2-s124-d123-b64ga4-3090-event-3090-gpu0-all,3,0.050170063972473145,0.050170063972473145,4.0675530433654785,11,1003,1.8661357164382935,441,1.007576584815979,1.007576584815979,0.6586065292358398,0.6586065292358398,0.6586065292358398,0.38907432556152344,0.38907432556152344,0.38907432556152344,0.38907432556152344,20260702-01-flash-vqg-update-norm-event-trace-probe,3090,baseline-r2,zoology/experiments/flash_vqg/scripts/20260702-01-flash-vqg-update-norm-event-trace-probe/outputs/traces/3090/baseline-r2/event-3090-gpu0-all/train_step_704/update_event_trace.jsonl
True,0.26793951596387355,0.5,0.9999999403953552,12,39,0,2.130147933959961,1102,2,384,0,0.5,True,0.2679394978459711,1,0.7738781571388245,20260702-01-flash-vqg-update-norm-event-trace-probe-ucap0p5-r2-s124-d123-b64ga4-2080ti-event-2080ti-gpu1-ucap0p5,4,,,1.609948992729187,29,413,1.8660929203033447,441,,,,,,0.23472550511360168,0.8760391473770142,0.8760391473770142,0.8760391473770142,20260702-01-flash-vqg-update-norm-event-trace-probe,2080ti,ucap0p5-r2,zoology/experiments/flash_vqg/scripts/20260702-01-flash-vqg-update-norm-event-trace-probe/outputs/traces/2080ti/ucap0p5-r2/event-2080ti-gpu1-ucap0p5/train_step_384/update_event_trace.jsonl
True,0.26796699294705856,0.5,1.0,25,39,0,1.9856442213058472,84,1,384,0,0.5,True,0.26796698967743815,1,0.7773866057395935,20260702-01-flash-vqg-update-norm-event-trace-probe-ucap0p5-r2-s124-d123-b64ga4-2080ti-event-2080ti-gpu1-ucap0p5,0,0.9818006157875061,0.9818006157875061,1.8260293006896973,28,828,1.8659014701843262,441,0.2608611583709717,0.2608611583709717,0.9476973414421082,0.9476973414421082,0.9476972818374634,0.25180745124816895,0.9396957755088806,0.9396957755088806,0.9396957755088806,20260702-01-flash-vqg-update-norm-event-trace-probe,2080ti,ucap0p5-r2,zoology/experiments/flash_vqg/scripts/20260702-01-flash-vqg-update-norm-event-trace-probe/outputs/traces/2080ti/ucap0p5-r2/event-2080ti-gpu1-ucap0p5/train_step_384/update_event_trace.jsonl
True,0.26813015309948623,0.5,1.0,28,39,0,2.0897843837738037,3912,2,384,0,0.5,True,0.26813013942779523,1,0.7942025065422058,20260702-01-flash-vqg-update-norm-event-trace-probe-ucap0p5-r2-s124-d123-b64ga4-2080ti-event-2080ti-gpu1-ucap0p5,15,,,1.6867009401321411,15,911,1.8647661209106445,441,,,,,,0.23925913870334625,0.8923246264457703,0.8923246264457703,0.8923246264457703,20260702-01-flash-vqg-update-norm-event-trace-probe,2080ti,ucap0p5-r2,zoology/experiments/flash_vqg/scripts/20260702-01-flash-vqg-update-norm-event-trace-probe/outputs/traces/2080ti/ucap0p5-r2/event-2080ti-gpu1-ucap0p5/train_step_384/update_event_trace.jsonl
True,0.26824405328806933,0.5,0.9999999403953552,0,39,0,2.107081651687622,573,5,384,0,0.5,True,0.26824407136591444,1,0.7651588916778564,20260702-01-flash-vqg-update-norm-event-trace-probe-ucap0p5-r2-s124-d123-b64ga4-2080ti-event-2080ti-gpu1-ucap0p5,2,0.047343723475933075,0.047343723475933075,2.3360490798950195,20,20,1.8639740943908691,441,0.3166031837463379,0.3166031837463379,0.9336224794387817,0.9336224794387817,0.9336225986480713,0.2372950166463852,0.8846235871315002,0.8846235871315002,0.8846235871315002,20260702-01-flash-vqg-update-norm-event-trace-probe,2080ti,ucap0p5-r2,zoology/experiments/flash_vqg/scripts/20260702-01-flash-vqg-update-norm-event-trace-probe/outputs/traces/2080ti/ucap0p5-r2/event-2080ti-gpu1-ucap0p5/train_step_384/update_event_trace.jsonl
False,1.0,,1.0,10,50,0,5.151919841766357,1762,4,704,1,0.5,True,0.26849082095520754,1,0.7657662630081177,20260702-01-flash-vqg-update-norm-event-trace-probe-baseline-r2-s124-d123-b64ga4-3090-event-3090-gpu0-all,6,,,5.103088855743408,3,323,1.8622610569000244,441,,,,,,0.3614693284034729,0.3614693284034729,0.3614693284034729,0.3614693284034729,20260702-01-flash-vqg-update-norm-event-trace-probe,3090,baseline-r2,zoology/experiments/flash_vqg/scripts/20260702-01-flash-vqg-update-norm-event-trace-probe/outputs/traces/3090/baseline-r2/event-3090-gpu0-all/train_step_704/update_event_trace.jsonl
False,1.0,,1.0,13,50,0,4.806419849395752,244,0,704,1,0.5,True,0.2687273153626691,1,0.7843405604362488,20260702-01-flash-vqg-update-norm-event-trace-probe-baseline-r2-s124-d123-b64ga4-3090-event-3090-gpu0-all,0,0.04381512105464935,0.04381512105464935,5.129437446594238,25,441,1.8606221675872803,441,0.9280492663383484,0.9280492663383484,0.7014473676681519,0.7014473676681519,0.7014473676681519,0.3871118724346161,0.3871118724346161,0.3871118724346161,0.3871118724346161,20260702-01-flash-vqg-update-norm-event-trace-probe,3090,baseline-r2,zoology/experiments/flash_vqg/scripts/20260702-01-flash-vqg-update-norm-event-trace-probe/outputs/traces/3090/baseline-r2/event-3090-gpu0-all/train_step_704/update_event_trace.jsonl
True,0.26921772189461923,0.5,1.0,21,19,0,3.2285146713256836,2348,0,512,0,0.5,True,0.26921772949468914,1,0.6785604357719421,20260702-01-flash-vqg-update-norm-event-trace-probe-ucap0p5-r2-s124-d123-b64ga4-3090-event-3090-gpu0-all,9,,,3.2513554096221924,11,683,1.8572328090667725,441,,,,,,0.15486997365951538,0.5752592086791992,0.5752592086791992,0.5752592086791992,20260702-01-flash-vqg-update-norm-event-trace-probe,3090,ucap0p5-r2,zoology/experiments/flash_vqg/scripts/20260702-01-flash-vqg-update-norm-event-trace-probe/outputs/traces/3090/ucap0p5-r2/event-3090-gpu0-all/train_step_512/update_event_trace.jsonl
True,0.2692779470913331,0.5,1.0,24,39,0,1.9942632913589478,3910,0,384,0,0.5,True,0.2692779642777373,1,0.7838343381881714,20260702-01-flash-vqg-update-norm-event-trace-probe-ucap0p5-r2-s124-d123-b64ga4-2080ti-event-2080ti-gpu1-ucap0p5,15,,,1.806938886642456,8,776,1.856817364692688,441,,,,,,0.2507191300392151,0.9310793280601501,0.9310793280601501,0.9310793280601501,20260702-01-flash-vqg-update-norm-event-trace-probe,2080ti,ucap0p5-r2,zoology/experiments/flash_vqg/scripts/20260702-01-flash-vqg-update-norm-event-trace-probe/outputs/traces/2080ti/ucap0p5-r2/event-2080ti-gpu1-ucap0p5/train_step_384/update_event_trace.jsonl
False,1.0,,1.0,8,50,0,5.552032947540283,2782,0,704,1,0.5,True,0.2698949268514856,1,0.7861638069152832,20260702-01-flash-vqg-update-norm-event-trace-probe-baseline-r2-s124-d123-b64ga4-3090-event-3090-gpu0-all,10,,,5.194845199584961,1,257,1.8525727987289429,441,,,,,,0.33367466926574707,0.33367466926574707,0.33367466926574707,0.33367466926574707,20260702-01-flash-vqg-update-norm-event-trace-probe,3090,baseline-r2,zoology/experiments/flash_vqg/scripts/20260702-01-flash-vqg-update-norm-event-trace-probe/outputs/traces/3090/baseline-r2/event-3090-gpu0-all/train_step_704/update_event_trace.jsonl
True,0.26992324289908387,0.5,1.0,20,39,0,1.99506413936615,1355,0,384,0,0.5,True,0.2699232383395531,1,0.7844077348709106,20260702-01-flash-vqg-update-norm-event-trace-probe-ucap0p5-r2-s124-d123-b64ga4-2080ti-event-2080ti-gpu1-ucap0p5,5,,,1.9447532892227173,16,656,1.852378487586975,441,,,,,,0.25061851739883423,0.9284806847572327,0.9284806847572327,0.9284806847572327,20260702-01-flash-vqg-update-norm-event-trace-probe,2080ti,ucap0p5-r2,zoology/experiments/flash_vqg/scripts/20260702-01-flash-vqg-update-norm-event-trace-probe/outputs/traces/2080ti/ucap0p5-r2/event-2080ti-gpu1-ucap0p5/train_step_384/update_event_trace.jsonl
False,1.0,,1.0,1,50,0,5.157702922821045,3814,4,704,1,0.5,True,0.2702618901780133,1,0.8017565011978149,20260702-01-flash-vqg-update-norm-event-trace-probe-baseline-r2-s124-d123-b64ga4-3090-event-3090-gpu0-all,14,,,5.23124885559082,11,43,1.8500573635101318,441,,,,,,0.35869792103767395,0.35869792103767395,0.35869792103767395,0.35869792103767395,20260702-01-flash-vqg-update-norm-event-trace-probe,3090,baseline-r2,zoology/experiments/flash_vqg/scripts/20260702-01-flash-vqg-update-norm-event-trace-probe/outputs/traces/3090/baseline-r2/event-3090-gpu0-all/train_step_704/update_event_trace.jsonl
False,1.0,,1.0,1,50,0,5.159695625305176,224,5,704,1,0.5,True,0.27033114776709377,1,0.752445638179779,20260702-01-flash-vqg-update-norm-event-trace-probe-baseline-r2-s124-d123-b64ga4-3090-event-3090-gpu0-all,0,0.025881098583340645,0.025881098583340645,5.184325218200684,7,39,1.849583387374878,441,0.9843273162841797,0.9843273162841797,0.6717299222946167,0.6717299222946167,0.6717299222946167,0.35846754908561707,0.35846754908561707,0.35846754908561707,0.35846754908561707,20260702-01-flash-vqg-update-norm-event-trace-probe,3090,baseline-r2,zoology/experiments/flash_vqg/scripts/20260702-01-flash-vqg-update-norm-event-trace-probe/outputs/traces/3090/baseline-r2/event-3090-gpu0-all/train_step_704/update_event_trace.jsonl
True,0.2704613806707014,0.5,1.0,0,25,0,4.421597003936768,3897,9,512,0,0.5,True,0.27046138050790564,1,0.5354924201965332,20260702-01-flash-vqg-update-norm-event-trace-probe-ucap0p5-r2-s124-d123-b64ga4-3090-event-3090-gpu0-all,15,,,4.435863494873047,11,11,1.848692774772644,441,,,,,,0.11308131366968155,0.41810521483421326,0.41810521483421326,0.41810521483421326,20260702-01-flash-vqg-update-norm-event-trace-probe,3090,ucap0p5-r2,zoology/experiments/flash_vqg/scripts/20260702-01-flash-vqg-update-norm-event-trace-probe/outputs/traces/3090/ucap0p5-r2/event-3090-gpu0-all/train_step_512/update_event_trace.jsonl
True,0.27069010595619303,0.5,0.9999999403953552,7,39,0,2.1105501651763916,306,0,384,0,0.5,True,0.27069010971706414,1,0.7879729270935059,20260702-01-flash-vqg-update-norm-event-trace-probe-ucap0p5-r2-s124-d123-b64ga4-2080ti-event-2080ti-gpu1-ucap0p5,1,0.003966826945543289,0.003966826945543289,1.8218837976455688,1,225,1.8471306562423706,441,0.3280142545700073,0.3280142545700073,0.9305486679077148,0.9305486679077148,0.9305486679077148,0.2369050532579422,0.8751891851425171,0.8751891851425171,0.8751891851425171,20260702-01-flash-vqg-update-norm-event-trace-probe,2080ti,ucap0p5-r2,zoology/experiments/flash_vqg/scripts/20260702-01-flash-vqg-update-norm-event-trace-probe/outputs/traces/2080ti/ucap0p5-r2/event-2080ti-gpu1-ucap0p5/train_step_384/update_event_trace.jsonl
True,0.27072287592841193,0.5,0.9999999403953552,16,39,0,1.9724363088607788,57,2,384,0,0.5,True,0.27072285185142875,1,0.8090552687644958,20260702-01-flash-vqg-update-norm-event-trace-probe-ucap0p5-r2-s124-d123-b64ga4-2080ti-event-2080ti-gpu1-ucap0p5,0,0.041169870644807816,0.041169870644807816,1.1363258361816406,1,513,1.8469072580337524,441,0.30805885791778564,0.30805885791778564,0.9358474016189575,0.9358474016189575,0.9358475208282471,0.25349363684654236,0.9363583922386169,0.9363583922386169,0.9363583922386169,20260702-01-flash-vqg-update-norm-event-trace-probe,2080ti,ucap0p5-r2,zoology/experiments/flash_vqg/scripts/20260702-01-flash-vqg-update-norm-event-trace-probe/outputs/traces/2080ti/ucap0p5-r2/event-2080ti-gpu1-ucap0p5/train_step_384/update_event_trace.jsonl
True,0.27072996155418144,0.5,0.9999999403953552,21,39,0,1.9616148471832275,2902,1,384,0,0.5,True,0.270729946442086,1,0.805470883846283,20260702-01-flash-vqg-update-norm-event-trace-probe-ucap0p5-r2-s124-d123-b64ga4-2080ti-event-2080ti-gpu1-ucap0p5,11,,,1.6841285228729248,24,696,1.8468588590621948,441,,,,,,0.2548920512199402,0.9414992332458496,0.9414992332458496,0.9414992332458496,20260702-01-flash-vqg-update-norm-event-trace-probe,2080ti,ucap0p5-r2,zoology/experiments/flash_vqg/scripts/20260702-01-flash-vqg-update-norm-event-trace-probe/outputs/traces/2080ti/ucap0p5-r2/event-2080ti-gpu1-ucap0p5/train_step_384/update_event_trace.jsonl
True,0.27078607736944305,0.5,1.0,29,39,0,1.9818542003631592,2627,0,384,0,0.5,True,0.27078606971855007,1,0.8035127520561218,20260702-01-flash-vqg-update-norm-event-trace-probe-ucap0p5-r2-s124-d123-b64ga4-2080ti-event-2080ti-gpu1-ucap0p5,10,,,1.8206132650375366,8,936,1.8464760780334473,441,,,,,,0.2522889971733093,0.9316911697387695,0.9316911697387695,0.9316911697387695,20260702-01-flash-vqg-update-norm-event-trace-probe,2080ti,ucap0p5-r2,zoology/experiments/flash_vqg/scripts/20260702-01-flash-vqg-update-norm-event-trace-probe/outputs/traces/2080ti/ucap0p5-r2/event-2080ti-gpu1-ucap0p5/train_step_384/update_event_trace.jsonl
True,0.2707928071517033,0.5,1.0,4,39,0,2.1930301189422607,1355,4,384,0,0.5,True,0.2707928004809097,1,0.7915620803833008,20260702-01-flash-vqg-update-norm-event-trace-probe-ucap0p5-r2-s124-d123-b64ga4-2080ti-event-2080ti-gpu1-ucap0p5,5,,,1.8316658735275269,27,155,1.8464301824569702,441,,,,,,0.22799505293369293,0.8419538736343384,0.8419538736343384,0.8419538736343384,20260702-01-flash-vqg-update-norm-event-trace-probe,2080ti,ucap0p5-r2,zoology/experiments/flash_vqg/scripts/20260702-01-flash-vqg-update-norm-event-trace-probe/outputs/traces/2080ti/ucap0p5-r2/event-2080ti-gpu1-ucap0p5/train_step_384/update_event_trace.jsonl
True,0.27080923819017255,0.5,1.0,2,39,0,2.1403934955596924,49,3,384,0,0.5,True,0.2708092354364552,1,0.7945098280906677,20260702-01-flash-vqg-update-norm-event-trace-probe-ucap0p5-r2-s124-d123-b64ga4-2080ti-event-2080ti-gpu1-ucap0p5,0,0.026417406275868416,0.026417406275868416,1.9984382390975952,1,65,1.8463181257247925,441,0.31827253103256226,0.31827253103256226,0.9331616163253784,0.9331616163253784,0.9331615567207336,0.233601912856102,0.8626068830490112,0.8626068830490112,0.8626068830490112,20260702-01-flash-vqg-update-norm-event-trace-probe,2080ti,ucap0p5-r2,zoology/experiments/flash_vqg/scripts/20260702-01-flash-vqg-update-norm-event-trace-probe/outputs/traces/2080ti/ucap0p5-r2/event-2080ti-gpu1-ucap0p5/train_step_384/update_event_trace.jsonl
True,0.2708600227254862,0.5,0.9999999403953552,4,39,0,2.1814234256744385,2881,5,384,0,0.5,True,0.27086002156261474,1,0.7532556056976318,20260702-01-flash-vqg-update-norm-event-trace-probe-ucap0p5-r2-s124-d123-b64ga4-2080ti-event-2080ti-gpu1-ucap0p5,11,,,1.6825225353240967,17,145,1.845971941947937,441,,,,,,0.22920814156532288,0.8462235927581787,0.8462235927581787,0.8462235927581787,20260702-01-flash-vqg-update-norm-event-trace-probe,2080ti,ucap0p5-r2,zoology/experiments/flash_vqg/scripts/20260702-01-flash-vqg-update-norm-event-trace-probe/outputs/traces/2080ti/ucap0p5-r2/event-2080ti-gpu1-ucap0p5/train_step_384/update_event_trace.jsonl
False,1.0,,0.9999999403953552,0,22,0,4.905606746673584,173,2,704,1,0.5,True,0.27096758521939546,1,0.7859551310539246,20260702-01-flash-vqg-update-norm-event-trace-probe-baseline-r2-s124-d123-b64ga4-3090-event-3090-gpu0-all,0,0.4620116055011749,0.4620116055011749,5.078202724456787,13,13,1.8452391624450684,441,0.9271337985992432,0.9271337985992432,0.6929073929786682,0.6929073929786682,0.6929073333740234,0.3761490285396576,0.3761490285396576,0.3761490285396576,0.3761490285396576,20260702-01-flash-vqg-update-norm-event-trace-probe,3090,baseline-r2,zoology/experiments/flash_vqg/scripts/20260702-01-flash-vqg-update-norm-event-trace-probe/outputs/traces/3090/baseline-r2/event-3090-gpu0-all/train_step_704/update_event_trace.jsonl
False,1.0,,0.9999999403953552,16,50,0,5.419674873352051,3060,0,704,1,0.5,True,0.27096993097809435,1,0.7553913593292236,20260702-01-flash-vqg-update-norm-event-trace-probe-baseline-r2-s124-d123-b64ga4-3090-event-3090-gpu0-all,11,,,5.1500349044799805,21,533,1.8452231884002686,441,,,,,,0.34046751260757446,0.34046751260757446,0.34046751260757446,0.34046751260757446,20260702-01-flash-vqg-update-norm-event-trace-probe,3090,baseline-r2,zoology/experiments/flash_vqg/scripts/20260702-01-flash-vqg-update-norm-event-trace-probe/outputs/traces/3090/baseline-r2/event-3090-gpu0-all/train_step_704/update_event_trace.jsonl
True,0.27102943975502797,0.5,1.0,24,39,0,2.000345230102539,2613,1,384,0,0.5,True,0.27102942879356834,1,0.8058390617370605,20260702-01-flash-vqg-update-norm-event-trace-probe-ucap0p5-r2-s124-d123-b64ga4-2080ti-event-2080ti-gpu1-ucap0p5,10,,,1.981376051902771,0,768,1.844818115234375,441,,,,,,0.2499568611383438,0.9222498536109924,0.9222498536109924,0.9222498536109924,20260702-01-flash-vqg-update-norm-event-trace-probe,2080ti,ucap0p5-r2,zoology/experiments/flash_vqg/scripts/20260702-01-flash-vqg-update-norm-event-trace-probe/outputs/traces/2080ti/ucap0p5-r2/event-2080ti-gpu1-ucap0p5/train_step_384/update_event_trace.jsonl
True,0.2710891882801731,0.5,0.9999999403953552,8,39,0,2.157017469406128,2605,4,384,0,0.5,True,0.27108919804002624,1,0.7815358638763428,20260702-01-flash-vqg-update-norm-event-trace-probe-ucap0p5-r2-s124-d123-b64ga4-2080ti-event-2080ti-gpu1-ucap0p5,10,,,1.75822913646698,1,257,1.8444113731384277,441,,,,,,0.23180153965950012,0.8550748229026794,0.8550748229026794,0.8550748229026794,20260702-01-flash-vqg-update-norm-event-trace-probe,2080ti,ucap0p5-r2,zoology/experiments/flash_vqg/scripts/20260702-01-flash-vqg-update-norm-event-trace-probe/outputs/traces/2080ti/ucap0p5-r2/event-2080ti-gpu1-ucap0p5/train_step_384/update_event_trace.jsonl
True,0.271275864134789,0.5,1.0,24,39,0,1.96452796459198,1082,2,384,0,0.5,True,0.271275892552005,1,0.8069559931755066,20260702-01-flash-vqg-update-norm-event-trace-probe-ucap0p5-r2-s124-d123-b64ga4-2080ti-event-2080ti-gpu1-ucap0p5,4,,,1.8362467288970947,2,770,1.843142032623291,441,,,,,,0.25451403856277466,0.9382111430168152,0.9382111430168152,0.9382111430168152,20260702-01-flash-vqg-update-norm-event-trace-probe,2080ti,ucap0p5-r2,zoology/experiments/flash_vqg/scripts/20260702-01-flash-vqg-update-norm-event-trace-probe/outputs/traces/2080ti/ucap0p5-r2/event-2080ti-gpu1-ucap0p5/train_step_384/update_event_trace.jsonl
False,1.0,,1.0,6,50,0,5.533794403076172,2554,2,704,1,0.5,True,0.27130803947640436,1,0.7579863667488098,20260702-01-flash-vqg-update-norm-event-trace-probe-baseline-r2-s124-d123-b64ga4-3090-event-3090-gpu0-all,9,,,5.36259651184082,31,223,1.842923641204834,441,,,,,,0.33303073048591614,0.33303073048591614,0.33303073048591614,0.33303073048591614,20260702-01-flash-vqg-update-norm-event-trace-probe,3090,baseline-r2,zoology/experiments/flash_vqg/scripts/20260702-01-flash-vqg-update-norm-event-trace-probe/outputs/traces/3090/baseline-r2/event-3090-gpu0-all/train_step_704/update_event_trace.jsonl
True,0.2713701500057762,0.5,1.0,5,39,0,2.0895702838897705,1839,1,384,0,0.5,True,0.27137014391668335,1,0.7787469029426575,20260702-01-flash-vqg-update-norm-event-trace-probe-ucap0p5-r2-s124-d123-b64ga4-2080ti-event-2080ti-gpu1-ucap0p5,7,,,1.5739185810089111,1,161,1.8425018787384033,441,,,,,,0.23928365111351013,0.8817611336708069,0.8817611336708069,0.8817611336708069,20260702-01-flash-vqg-update-norm-event-trace-probe,2080ti,ucap0p5-r2,zoology/experiments/flash_vqg/scripts/20260702-01-flash-vqg-update-norm-event-trace-probe/outputs/traces/2080ti/ucap0p5-r2/event-2080ti-gpu1-ucap0p5/train_step_384/update_event_trace.jsonl
True,0.2716616577558449,0.5,0.9999999403953552,20,39,0,1.9722808599472046,3639,1,384,0,0.5,True,0.2716616664853129,1,0.8013013601303101,20260702-01-flash-vqg-update-norm-event-trace-probe-ucap0p5-r2-s124-d123-b64ga4-2080ti-event-2080ti-gpu1-ucap0p5,14,,,1.5284340381622314,0,640,1.840524673461914,441,,,,,,0.2535135746002197,0.9331960082054138,0.9331960082054138,0.9331960082054138,20260702-01-flash-vqg-update-norm-event-trace-probe,2080ti,ucap0p5-r2,zoology/experiments/flash_vqg/scripts/20260702-01-flash-vqg-update-norm-event-trace-probe/outputs/traces/2080ti/ucap0p5-r2/event-2080ti-gpu1-ucap0p5/train_step_384/update_event_trace.jsonl
True,0.27177631994944673,0.5,0.9999999403953552,0,19,0,4.113165378570557,1594,10,512,0,0.5,True,0.27177631307398786,1,0.610139787197113,20260702-01-flash-vqg-update-norm-event-trace-probe-ucap0p5-r2-s124-d123-b64ga4-3090-event-3090-gpu0-all,6,,,4.022851943969727,27,27,1.8397482633590698,441,,,,,,0.12156087905168533,0.4472828209400177,0.4472828209400177,0.4472828209400177,20260702-01-flash-vqg-update-norm-event-trace-probe,3090,ucap0p5-r2,zoology/experiments/flash_vqg/scripts/20260702-01-flash-vqg-update-norm-event-trace-probe/outputs/traces/3090/ucap0p5-r2/event-3090-gpu0-all/train_step_512/update_event_trace.jsonl
True,0.2719550762358999,0.5,0.9999999403953552,17,39,0,2.176424264907837,584,5,384,0,0.5,True,0.2719550856648301,1,0.7554919123649597,20260702-01-flash-vqg-update-norm-event-trace-probe-ucap0p5-r2-s124-d123-b64ga4-2080ti-event-2080ti-gpu1-ucap0p5,2,0.9937580227851868,0.9937580227851868,1.7821624279022217,17,561,1.8385388851165771,441,0.3137536644935608,0.3137536644935608,0.9336032271385193,0.9336032271385193,0.9336031675338745,0.2297346144914627,0.8447520732879639,0.8447520732879639,0.8447520732879639,20260702-01-flash-vqg-update-norm-event-trace-probe,2080ti,ucap0p5-r2,zoology/experiments/flash_vqg/scripts/20260702-01-flash-vqg-update-norm-event-trace-probe/outputs/traces/2080ti/ucap0p5-r2/event-2080ti-gpu1-ucap0p5/train_step_384/update_event_trace.jsonl
False,1.0,,1.0,1,50,0,4.993179798126221,1764,6,704,1,0.5,True,0.27512404282598163,1,0.7160850167274475,20260702-01-flash-vqg-update-norm-event-trace-probe-baseline-r2-s124-d123-b64ga4-3090-event-3090-gpu0-all,6,,,5.00192403793335,3,35,1.8173620700836182,441,,,,,,0.3639688789844513,0.3639688789844513,0.3639688789844513,0.3639688789844513,20260702-01-flash-vqg-update-norm-event-trace-probe,3090,baseline-r2,zoology/experiments/flash_vqg/scripts/20260702-01-flash-vqg-update-norm-event-trace-probe/outputs/traces/3090/baseline-r2/event-3090-gpu0-all/train_step_704/update_event_trace.jsonl
False,1.0,,0.9999999403953552,1,50,0,5.96067476272583,2790,7,704,1,0.5,True,0.27514117018622636,1,0.7606946229934692,20260702-01-flash-vqg-update-norm-event-trace-probe-baseline-r2-s124-d123-b64ga4-3090-event-3090-gpu0-all,10,,,5.852771759033203,7,39,1.8172489404678345,441,,,,,,0.3048730194568634,0.3048730194568634,0.3048730194568634,0.3048730194568634,20260702-01-flash-vqg-update-norm-event-trace-probe,3090,baseline-r2,zoology/experiments/flash_vqg/scripts/20260702-01-flash-vqg-update-norm-event-trace-probe/outputs/traces/3090/baseline-r2/event-3090-gpu0-all/train_step_704/update_event_trace.jsonl
False,1.0,,1.0,1,50,0,5.59743070602417,2798,8,704,1,0.5,True,0.2756039273801461,1,0.787343442440033,20260702-01-flash-vqg-update-norm-event-trace-probe-baseline-r2-s124-d123-b64ga4-3090-event-3090-gpu0-all,10,,,5.063312530517578,19,51,1.8141976594924927,441,,,,,,0.32411256432533264,0.32411256432533264,0.32411256432533264,0.32411256432533264,20260702-01-flash-vqg-update-norm-event-trace-probe,3090,baseline-r2,zoology/experiments/flash_vqg/scripts/20260702-01-flash-vqg-update-norm-event-trace-probe/outputs/traces/3090/baseline-r2/event-3090-gpu0-all/train_step_704/update_event_trace.jsonl
True,0.2756313222670373,0.5,1.0,0,19,0,3.873459815979004,3122,11,512,0,0.5,True,0.27563129383149804,1,0.6874648332595825,20260702-01-flash-vqg-update-norm-event-trace-probe-ucap0p5-r2-s124-d123-b64ga4-3090-event-3090-gpu0-all,12,,,3.9225828647613525,17,17,1.8140175342559814,441,,,,,,0.1290835738182068,0.46831968426704407,0.46831968426704407,0.46831968426704407,20260702-01-flash-vqg-update-norm-event-trace-probe,3090,ucap0p5-r2,zoology/experiments/flash_vqg/scripts/20260702-01-flash-vqg-update-norm-event-trace-probe/outputs/traces/3090/ucap0p5-r2/event-3090-gpu0-all/train_step_512/update_event_trace.jsonl
False,1.0,,1.0,5,50,0,5.6710710525512695,3578,0,704,1,0.5,True,0.2769893479757667,1,0.7669112086296082,20260702-01-flash-vqg-update-norm-event-trace-probe-baseline-r2-s124-d123-b64ga4-3090-event-3090-gpu0-all,13,,,4.521331787109375,31,191,1.8051235675811768,441,,,,,,0.31830382347106934,0.31830382347106934,0.31830382347106934,0.31830382347106934,20260702-01-flash-vqg-update-norm-event-trace-probe,3090,baseline-r2,zoology/experiments/flash_vqg/scripts/20260702-01-flash-vqg-update-norm-event-trace-probe/outputs/traces/3090/baseline-r2/event-3090-gpu0-all/train_step_704/update_event_trace.jsonl
False,1.0,,0.9999999403953552,4,50,0,5.7767462730407715,2797,0,704,1,0.5,True,0.277198805739093,1,0.7417914867401123,20260702-01-flash-vqg-update-norm-event-trace-probe-baseline-r2-s124-d123-b64ga4-3090-event-3090-gpu0-all,10,,,4.914950847625732,17,145,1.8037595748901367,441,,,,,,0.31224489212036133,0.31224489212036133,0.31224489212036133,0.31224489212036133,20260702-01-flash-vqg-update-norm-event-trace-probe,3090,baseline-r2,zoology/experiments/flash_vqg/scripts/20260702-01-flash-vqg-update-norm-event-trace-probe/outputs/traces/3090/baseline-r2/event-3090-gpu0-all/train_step_704/update_event_trace.jsonl
False,1.0,,1.0,26,14,0,4.578646183013916,3212,0,704,1,0.5,True,0.2773643697923555,1,0.7928093671798706,20260702-01-flash-vqg-update-norm-event-trace-probe-baseline-r2-s124-d123-b64ga4-3090-event-3090-gpu0-all,12,,,4.216379642486572,7,839,1.802682876586914,441,,,,,,0.3937152624130249,0.3937152624130249,0.3937152624130249,0.3937152624130249,20260702-01-flash-vqg-update-norm-event-trace-probe,3090,baseline-r2,zoology/experiments/flash_vqg/scripts/20260702-01-flash-vqg-update-norm-event-trace-probe/outputs/traces/3090/baseline-r2/event-3090-gpu0-all/train_step_704/update_event_trace.jsonl
False,1.0,,0.9999999403953552,2,50,0,5.471004962921143,1778,2,704,1,0.5,True,0.27739672846376207,1,0.7463685274124146,20260702-01-flash-vqg-update-norm-event-trace-probe-baseline-r2-s124-d123-b64ga4-3090-event-3090-gpu0-all,6,,,5.17179536819458,25,89,1.8024725914001465,441,,,,,,0.32945913076400757,0.32945913076400757,0.32945913076400757,0.32945913076400757,20260702-01-flash-vqg-update-norm-event-trace-probe,3090,baseline-r2,zoology/experiments/flash_vqg/scripts/20260702-01-flash-vqg-update-norm-event-trace-probe/outputs/traces/3090/baseline-r2/event-3090-gpu0-all/train_step_704/update_event_trace.jsonl
True,0.2779820067162931,0.5,1.0,0,5,0,3.534886360168457,1304,12,512,0,0.5,True,0.2779820075036447,1,0.5432820320129395,20260702-01-flash-vqg-update-norm-event-trace-probe-ucap0p5-r2-s124-d123-b64ga4-3090-event-3090-gpu0-all,5,,,3.5665597915649414,27,27,1.7986775636672974,441,,,,,,0.1414472609758377,0.508836030960083,0.508836030960083,0.508836030960083,20260702-01-flash-vqg-update-norm-event-trace-probe,3090,ucap0p5-r2,zoology/experiments/flash_vqg/scripts/20260702-01-flash-vqg-update-norm-event-trace-probe/outputs/traces/3090/ucap0p5-r2/event-3090-gpu0-all/train_step_512/update_event_trace.jsonl
False,1.0,,1.0,2,50,0,4.904436111450195,239,3,704,1,0.5,True,0.2780777324079687,1,0.7814608216285706,20260702-01-flash-vqg-update-norm-event-trace-probe-baseline-r2-s124-d123-b64ga4-3090-event-3090-gpu0-all,0,0.4584190249443054,0.4584190249443054,5.649529457092285,25,89,1.7980583906173706,441,0.9150518178939819,0.9150518178939819,0.7019597887992859,0.7019597887992859,0.7019597887992859,0.3666187822818756,0.3666187822818756,0.3666187822818756,0.3666187822818756,20260702-01-flash-vqg-update-norm-event-trace-probe,3090,baseline-r2,zoology/experiments/flash_vqg/scripts/20260702-01-flash-vqg-update-norm-event-trace-probe/outputs/traces/3090/baseline-r2/event-3090-gpu0-all/train_step_704/update_event_trace.jsonl
False,1.0,,1.0,1,50,0,4.632636070251465,3816,9,704,1,0.5,True,0.27955760848801753,1,0.76603102684021,20260702-01-flash-vqg-update-norm-event-trace-probe-baseline-r2-s124-d123-b64ga4-3090-event-3090-gpu0-all,14,,,4.90933895111084,13,45,1.7885401248931885,441,,,,,,0.3860739469528198,0.3860739469528198,0.3860739469528198,0.3860739469528198,20260702-01-flash-vqg-update-norm-event-trace-probe,3090,baseline-r2,zoology/experiments/flash_vqg/scripts/20260702-01-flash-vqg-update-norm-event-trace-probe/outputs/traces/3090/baseline-r2/event-3090-gpu0-all/train_step_704/update_event_trace.jsonl
False,1.0,,0.9999999403953552,10,50,0,5.566534519195557,3049,5,704,1,0.5,True,0.27961346273907334,1,0.7804230451583862,20260702-01-flash-vqg-update-norm-event-trace-probe-baseline-r2-s124-d123-b64ga4-3090-event-3090-gpu0-all,11,,,4.575016498565674,17,337,1.7881828546524048,441,,,,,,0.32123807072639465,0.32123807072639465,0.32123807072639465,0.32123807072639465,20260702-01-flash-vqg-update-norm-event-trace-probe,3090,baseline-r2,zoology/experiments/flash_vqg/scripts/20260702-01-flash-vqg-update-norm-event-trace-probe/outputs/traces/3090/baseline-r2/event-3090-gpu0-all/train_step_704/update_event_trace.jsonl
True,0.2802935204560428,0.5,1.0,0,25,0,4.038759231567383,3134,13,512,0,0.5,True,0.28029353172988186,1,0.5539830923080444,20260702-01-flash-vqg-update-norm-event-trace-probe-ucap0p5-r2-s124-d123-b64ga4-3090-event-3090-gpu0-all,12,,,4.138453006744385,29,29,1.783844232559204,441,,,,,,0.12380039691925049,0.44168126583099365,0.44168126583099365,0.44168126583099365,20260702-01-flash-vqg-update-norm-event-trace-probe,3090,ucap0p5-r2,zoology/experiments/flash_vqg/scripts/20260702-01-flash-vqg-update-norm-event-trace-probe/outputs/traces/3090/ucap0p5-r2/event-3090-gpu0-all/train_step_512/update_event_trace.jsonl
False,1.0,,1.0,0,22,0,4.976080417633057,178,3,704,1,0.5,True,0.2803723936498718,1,0.7185381650924683,20260702-01-flash-vqg-update-norm-event-trace-probe-baseline-r2-s124-d123-b64ga4-3090-event-3090-gpu0-all,0,0.030157407745718956,0.030157407745718956,5.031800270080566,19,19,1.7833424806594849,441,1.024393081665039,1.024393081665039,0.6489498019218445,0.6489498019218445,0.6489498615264893,0.3583829700946808,0.3583829700946808,0.3583829700946808,0.3583829700946808,20260702-01-flash-vqg-update-norm-event-trace-probe,3090,baseline-r2,zoology/experiments/flash_vqg/scripts/20260702-01-flash-vqg-update-norm-event-trace-probe/outputs/traces/3090/baseline-r2/event-3090-gpu0-all/train_step_704/update_event_trace.jsonl
False,1.0,,1.0,0,48,0,4.508780479431152,4058,4,704,1,0.5,True,0.2804809317551217,1,0.7729228734970093,20260702-01-flash-vqg-update-norm-event-trace-probe-baseline-r2-s124-d123-b64ga4-3090-event-3090-gpu0-all,15,,,4.6398773193359375,23,23,1.7826523780822754,441,,,,,,0.39537352323532104,0.39537352323532104,0.39537352323532104,0.39537352323532104,20260702-01-flash-vqg-update-norm-event-trace-probe,3090,baseline-r2,zoology/experiments/flash_vqg/scripts/20260702-01-flash-vqg-update-norm-event-trace-probe/outputs/traces/3090/baseline-r2/event-3090-gpu0-all/train_step_704/update_event_trace.jsonl
True,0.28071453594108203,0.5,1.0,0,50,0,4.024820327758789,366,14,512,0,0.5,True,0.28071452933060126,1,0.5847593545913696,20260702-01-flash-vqg-update-norm-event-trace-probe-ucap0p5-r2-s124-d123-b64ga4-3090-event-3090-gpu0-all,1,0.0026714988052845,0.0026714988052845,3.789416790008545,31,31,1.7811689376831055,441,0.2925240397453308,0.2925240397453308,0.9399654269218445,0.9399654269218445,0.9399654865264893,0.12422914803028107,0.44254618883132935,0.44254618883132935,0.44254618883132935,20260702-01-flash-vqg-update-norm-event-trace-probe,3090,ucap0p5-r2,zoology/experiments/flash_vqg/scripts/20260702-01-flash-vqg-update-norm-event-trace-probe/outputs/traces/3090/ucap0p5-r2/event-3090-gpu0-all/train_step_512/update_event_trace.jsonl
False,1.0,,1.0,0,48,0,4.344561576843262,2005,5,704,1,0.5,True,0.2808036105218873,1,0.7777615189552307,20260702-01-flash-vqg-update-norm-event-trace-probe-baseline-r2-s124-d123-b64ga4-3090-event-3090-gpu0-all,7,,,4.3323493003845215,19,19,1.7806038856506348,441,,,,,,0.40984663367271423,0.40984663367271423,0.40984663367271423,0.40984663367271423,20260702-01-flash-vqg-update-norm-event-trace-probe,3090,baseline-r2,zoology/experiments/flash_vqg/scripts/20260702-01-flash-vqg-update-norm-event-trace-probe/outputs/traces/3090/baseline-r2/event-3090-gpu0-all/train_step_704/update_event_trace.jsonl
True,0.28173083108613817,0.5,1.0,0,59,0,4.191312789916992,3198,15,512,0,0.5,True,0.2817308249688382,1,0.6254895925521851,20260702-01-flash-vqg-update-norm-event-trace-probe-ucap0p5-r2-s124-d123-b64ga4-3090-event-3090-gpu0-all,12,,,4.311546325683594,23,23,1.774743676185608,441,,,,,,0.11929436773061752,0.4234338402748108,0.4234338402748108,0.4234338402748108,20260702-01-flash-vqg-update-norm-event-trace-probe,3090,ucap0p5-r2,zoology/experiments/flash_vqg/scripts/20260702-01-flash-vqg-update-norm-event-trace-probe/outputs/traces/3090/ucap0p5-r2/event-3090-gpu0-all/train_step_512/update_event_trace.jsonl
False,1.0,,0.9999999403953552,0,14,0,4.090024948120117,2702,6,704,1,0.5,True,0.2821669361320327,1,0.7550685405731201,20260702-01-flash-vqg-update-norm-event-trace-probe-baseline-r2-s124-d123-b64ga4-3090-event-3090-gpu0-all,10,,,4.089474201202393,3,3,1.7720006704330444,441,,,,,,0.4332493543624878,0.4332493543624878,0.4332493543624878,0.4332493543624878,20260702-01-flash-vqg-update-norm-event-trace-probe,3090,baseline-r2,zoology/experiments/flash_vqg/scripts/20260702-01-flash-vqg-update-norm-event-trace-probe/outputs/traces/3090/baseline-r2/event-3090-gpu0-all/train_step_704/update_event_trace.jsonl
False,1.0,,1.0,31,36,0,4.243866920471191,4035,1,704,1,0.5,True,0.282202001080283,1,0.7191099524497986,20260702-01-flash-vqg-update-norm-event-trace-probe-baseline-r2-s124-d123-b64ga4-3090-event-3090-gpu0-all,15,,,3.959916353225708,31,1023,1.7717804908752441,441,,,,,,0.41749200224876404,0.41749200224876404,0.41749200224876404,0.41749200224876404,20260702-01-flash-vqg-update-norm-event-trace-probe,3090,baseline-r2,zoology/experiments/flash_vqg/scripts/20260702-01-flash-vqg-update-norm-event-trace-probe/outputs/traces/3090/baseline-r2/event-3090-gpu0-all/train_step_704/update_event_trace.jsonl
False,1.0,,1.0,0,36,0,4.577931880950928,1473,7,704,1,0.5,True,0.28256013533878555,1,0.700580358505249,20260702-01-flash-vqg-update-norm-event-trace-probe-baseline-r2-s124-d123-b64ga4-3090-event-3090-gpu0-all,5,,,4.907973766326904,11,11,1.7695348262786865,441,,,,,,0.3865358531475067,0.3865358531475067,0.3865358531475067,0.3865358531475067,20260702-01-flash-vqg-update-norm-event-trace-probe,3090,baseline-r2,zoology/experiments/flash_vqg/scripts/20260702-01-flash-vqg-update-norm-event-trace-probe/outputs/traces/3090/baseline-r2/event-3090-gpu0-all/train_step_704/update_event_trace.jsonl
False,1.0,,1.0,0,22,0,4.796861171722412,172,8,704,1,0.5,True,0.283386128247725,1,0.6877111196517944,20260702-01-flash-vqg-update-norm-event-trace-probe-baseline-r2-s124-d123-b64ga4-3090-event-3090-gpu0-all,0,0.04201098158955574,0.04201098158955574,4.848379135131836,11,11,1.7643771171569824,441,0.9039851427078247,0.9039851427078247,0.711847186088562,0.711847186088562,0.7118472456932068,0.3678191006183624,0.3678191006183624,0.3678191006183624,0.3678191006183624,20260702-01-flash-vqg-update-norm-event-trace-probe,3090,baseline-r2,zoology/experiments/flash_vqg/scripts/20260702-01-flash-vqg-update-norm-event-trace-probe/outputs/traces/3090/baseline-r2/event-3090-gpu0-all/train_step_704/update_event_trace.jsonl
False,1.0,,1.0,30,22,0,4.476147174835205,1460,0,704,1,0.5,True,0.2835217336374561,1,0.7822756767272949,20260702-01-flash-vqg-update-norm-event-trace-probe-baseline-r2-s124-d123-b64ga4-3090-event-3090-gpu0-all,5,,,4.114932060241699,23,983,1.7635332345962524,441,,,,,,0.3939846456050873,0.3939846456050873,0.3939846456050873,0.3939846456050873,20260702-01-flash-vqg-update-norm-event-trace-probe,3090,baseline-r2,zoology/experiments/flash_vqg/scripts/20260702-01-flash-vqg-update-norm-event-trace-probe/outputs/traces/3090/baseline-r2/event-3090-gpu0-all/train_step_704/update_event_trace.jsonl
True,0.28396595915029144,0.5,0.9999999403953552,27,5,0,3.6342244148254395,3871,0,512,0,0.5,True,0.2839659490332283,1,0.6206536293029785,20260702-01-flash-vqg-update-norm-event-trace-probe-ucap0p5-r2-s124-d123-b64ga4-3090-event-3090-gpu0-all,15,,,3.616410970687866,25,889,1.7607744932174683,441,,,,,,0.13758094608783722,0.4844980239868164,0.4844980239868164,0.4844980239868164,20260702-01-flash-vqg-update-norm-event-trace-probe,3090,ucap0p5-r2,zoology/experiments/flash_vqg/scripts/20260702-01-flash-vqg-update-norm-event-trace-probe/outputs/traces/3090/ucap0p5-r2/event-3090-gpu0-all/train_step_512/update_event_trace.jsonl
False,1.0,,0.9999999403953552,1,50,0,4.510380268096924,3301,10,704,1,0.5,True,0.28545710320833523,1,0.7780017256736755,20260702-01-flash-vqg-update-norm-event-trace-probe-baseline-r2-s124-d123-b64ga4-3090-event-3090-gpu0-all,12,,,4.883467674255371,7,39,1.7515766620635986,441,,,,,,0.3883434534072876,0.3883434534072876,0.3883434534072876,0.3883434534072876,20260702-01-flash-vqg-update-norm-event-trace-probe,3090,baseline-r2,zoology/experiments/flash_vqg/scripts/20260702-01-flash-vqg-update-norm-event-trace-probe/outputs/traces/3090/baseline-r2/event-3090-gpu0-all/train_step_704/update_event_trace.jsonl
True,0.2855726318165857,0.5,1.0,0,19,0,3.6739754676818848,817,16,512,0,0.5,True,0.285572628301941,1,0.5779886245727539,20260702-01-flash-vqg-update-norm-event-trace-probe-ucap0p5-r2-s124-d123-b64ga4-3090-event-3090-gpu0-all,3,0.026012415066361427,0.026012415066361427,3.7061572074890137,23,23,1.7508680820465088,441,0.296590119600296,0.296590119600296,0.9389092326164246,0.9389092326164246,0.9389091730117798,0.13609236478805542,0.4765595495700836,0.4765595495700836,0.4765595495700836,20260702-01-flash-vqg-update-norm-event-trace-probe,3090,ucap0p5-r2,zoology/experiments/flash_vqg/scripts/20260702-01-flash-vqg-update-norm-event-trace-probe/outputs/traces/3090/ucap0p5-r2/event-3090-gpu0-all/train_step_512/update_event_trace.jsonl
False,1.0,,0.9999999403953552,28,50,0,5.4597487449646,2024,0,704,1,0.5,True,0.28589195471510653,1,0.7645353078842163,20260702-01-flash-vqg-update-norm-event-trace-probe-baseline-r2-s124-d123-b64ga4-3090-event-3090-gpu0-all,7,,,5.2718915939331055,9,905,1.7489124536514282,441,,,,,,0.32032838463783264,0.32032838463783264,0.32032838463783264,0.32032838463783264,20260702-01-flash-vqg-update-norm-event-trace-probe,3090,baseline-r2,zoology/experiments/flash_vqg/scripts/20260702-01-flash-vqg-update-norm-event-trace-probe/outputs/traces/3090/baseline-r2/event-3090-gpu0-all/train_step_704/update_event_trace.jsonl
False,1.0,,0.9999999403953552,1,50,0,5.262053489685059,3044,11,704,1,0.5,True,0.28607435197840453,1,0.7326701283454895,20260702-01-flash-vqg-update-norm-event-trace-probe-baseline-r2-s124-d123-b64ga4-3090-event-3090-gpu0-all,11,,,4.924724102020264,5,37,1.7477973699569702,441,,,,,,0.3321512043476105,0.3321512043476105,0.3321512043476105,0.3321512043476105,20260702-01-flash-vqg-update-norm-event-trace-probe,3090,baseline-r2,zoology/experiments/flash_vqg/scripts/20260702-01-flash-vqg-update-norm-event-trace-probe/outputs/traces/3090/baseline-r2/event-3090-gpu0-all/train_step_704/update_event_trace.jsonl
True,0.28614926828368253,0.5,1.0,0,59,0,4.225725173950195,379,17,512,0,0.5,True,0.2861492775015644,1,0.7173151969909668,20260702-01-flash-vqg-update-norm-event-trace-probe-ucap0p5-r2-s124-d123-b64ga4-3090-event-3090-gpu0-all,1,0.037605538964271545,0.037605538964271545,4.347416400909424,7,7,1.7473397254943848,441,0.29248395562171936,0.29248395562171936,0.9399771094322205,0.9399771094322205,0.9399770498275757,0.11832287907600403,0.4135005474090576,0.4135005474090576,0.4135005474090576,20260702-01-flash-vqg-update-norm-event-trace-probe,3090,ucap0p5-r2,zoology/experiments/flash_vqg/scripts/20260702-01-flash-vqg-update-norm-event-trace-probe/outputs/traces/3090/ucap0p5-r2/event-3090-gpu0-all/train_step_512/update_event_trace.jsonl
True,0.28617485648673346,0.5,0.9999999403953552,27,52,0,3.23319149017334,887,1,512,0,0.5,True,0.28617487319735346,1,0.5584443807601929,20260702-01-flash-vqg-update-norm-event-trace-probe-ucap0p5-r2-s124-d123-b64ga4-3090-event-3090-gpu0-all,3,0.038854893296957016,0.038854893296957016,3.018012046813965,9,873,1.7471834421157837,441,0.2939562499523163,0.2939562499523163,0.9395946264266968,0.9395946264266968,0.9395946860313416,0.15464594960212708,0.5403897166252136,0.5403897166252136,0.5403897166252136,20260702-01-flash-vqg-update-norm-event-trace-probe,3090,ucap0p5-r2,zoology/experiments/flash_vqg/scripts/20260702-01-flash-vqg-update-norm-event-trace-probe/outputs/traces/3090/ucap0p5-r2/event-3090-gpu0-all/train_step_512/update_event_trace.jsonl
False,1.0,,1.0,9,50,0,5.0366530418396,1769,1,704,1,0.5,True,0.2866457632261645,1,0.7293497920036316,20260702-01-flash-vqg-update-norm-event-trace-probe-baseline-r2-s124-d123-b64ga4-3090-event-3090-gpu0-all,6,,,4.200314998626709,15,303,1.7443132400512695,441,,,,,,0.3463238775730133,0.3463238775730133,0.3463238775730133,0.3463238775730133,20260702-01-flash-vqg-update-norm-event-trace-probe,3090,baseline-r2,zoology/experiments/flash_vqg/scripts/20260702-01-flash-vqg-update-norm-event-trace-probe/outputs/traces/3090/baseline-r2/event-3090-gpu0-all/train_step_704/update_event_trace.jsonl
True,0.2868295550839128,0.5,1.0,0,5,0,4.070390701293945,3095,18,512,0,0.5,True,0.2868295750600271,1,0.5633693337440491,20260702-01-flash-vqg-update-norm-event-trace-probe-ucap0p5-r2-s124-d123-b64ga4-3090-event-3090-gpu0-all,12,,,4.239297866821289,27,27,1.7431954145431519,441,,,,,,0.1228383257985115,0.4282624423503876,0.4282624423503876,0.4282624423503876,20260702-01-flash-vqg-update-norm-event-trace-probe,3090,ucap0p5-r2,zoology/experiments/flash_vqg/scripts/20260702-01-flash-vqg-update-norm-event-trace-probe/outputs/traces/3090/ucap0p5-r2/event-3090-gpu0-all/train_step_512/update_event_trace.jsonl
False,1.0,,1.0,6,50,0,5.715704917907715,2034,3,704,1,0.5,True,0.28683622469370107,1,0.7604986429214478,20260702-01-flash-vqg-update-norm-event-trace-probe-baseline-r2-s124-d123-b64ga4-3090-event-3090-gpu0-all,7,,,5.267333984375,27,219,1.7431550025939941,441,,,,,,0.30497637391090393,0.30497637391090393,0.30497637391090393,0.30497637391090393,20260702-01-flash-vqg-update-norm-event-trace-probe,3090,baseline-r2,zoology/experiments/flash_vqg/scripts/20260702-01-flash-vqg-update-norm-event-trace-probe/outputs/traces/3090/baseline-r2/event-3090-gpu0-all/train_step_704/update_event_trace.jsonl
False,1.0,,1.0,0,22,0,4.453604698181152,3255,9,704,1,0.5,True,0.28710468382749205,1,0.7824874520301819,20260702-01-flash-vqg-update-norm-event-trace-probe-baseline-r2-s124-d123-b64ga4-3090-event-3090-gpu0-all,12,,,4.46152925491333,29,29,1.7415250539779663,441,,,,,,0.3910371959209442,0.3910371959209442,0.3910371959209442,0.3910371959209442,20260702-01-flash-vqg-update-norm-event-trace-probe,3090,baseline-r2,zoology/experiments/flash_vqg/scripts/20260702-01-flash-vqg-update-norm-event-trace-probe/outputs/traces/3090/baseline-r2/event-3090-gpu0-all/train_step_704/update_event_trace.jsonl
False,1.0,,1.0,3,50,0,5.0615644454956055,501,2,704,1,0.5,True,0.28735088672906445,1,0.7492997050285339,20260702-01-flash-vqg-update-norm-event-trace-probe-baseline-r2-s124-d123-b64ga4-3090-event-3090-gpu0-all,1,0.48601827025413513,0.48601827025413513,5.640052795410156,27,123,1.7400329113006592,441,0.8257139325141907,0.8257139325141907,0.746328592300415,0.746328592300415,0.746328592300415,0.3437737226486206,0.3437737226486206,0.3437737226486206,0.3437737226486206,20260702-01-flash-vqg-update-norm-event-trace-probe,3090,baseline-r2,zoology/experiments/flash_vqg/scripts/20260702-01-flash-vqg-update-norm-event-trace-probe/outputs/traces/3090/baseline-r2/event-3090-gpu0-all/train_step_704/update_event_trace.jsonl
False,1.0,,1.0,14,50,0,5.180850982666016,3295,0,704,1,0.5,True,0.28737344905636797,1,0.7573364973068237,20260702-01-flash-vqg-update-norm-event-trace-probe-baseline-r2-s124-d123-b64ga4-3090-event-3090-gpu0-all,12,,,4.812073230743408,1,449,1.739896297454834,441,,,,,,0.3358321487903595,0.3358321487903595,0.3358321487903595,0.3358321487903595,20260702-01-flash-vqg-update-norm-event-trace-probe,3090,baseline-r2,zoology/experiments/flash_vqg/scripts/20260702-01-flash-vqg-update-norm-event-trace-probe/outputs/traces/3090/baseline-r2/event-3090-gpu0-all/train_step_704/update_event_trace.jsonl
True,0.28739323967740893,0.5,1.0,0,19,0,4.115880966186523,3891,19,512,0,0.5,True,0.2873932383067557,1,0.6124060153961182,20260702-01-flash-vqg-update-norm-event-trace-probe-ucap0p5-r2-s124-d123-b64ga4-3090-event-3090-gpu0-all,15,,,4.14049768447876,23,23,1.7397764921188354,441,,,,,,0.12148067355155945,0.422698438167572,0.422698438167572,0.422698438167572,20260702-01-flash-vqg-update-norm-event-trace-probe,3090,ucap0p5-r2,zoology/experiments/flash_vqg/scripts/20260702-01-flash-vqg-update-norm-event-trace-probe/outputs/traces/3090/ucap0p5-r2/event-3090-gpu0-all/train_step_512/update_event_trace.jsonl
False,1.0,,1.0,1,50,0,4.260847091674805,2528,12,704,1,0.5,True,0.28740672806428125,1,0.7864001393318176,20260702-01-flash-vqg-update-norm-event-trace-probe-baseline-r2-s124-d123-b64ga4-3090-event-3090-gpu0-all,9,,,4.62068510055542,3,35,1.7396948337554932,441,,,,,,0.4082978665828705,0.4082978665828705,0.4082978665828705,0.4082978665828705,20260702-01-flash-vqg-update-norm-event-trace-probe,3090,baseline-r2,zoology/experiments/flash_vqg/scripts/20260702-01-flash-vqg-update-norm-event-trace-probe/outputs/traces/3090/baseline-r2/event-3090-gpu0-all/train_step_704/update_event_trace.jsonl
True,0.28752550981305425,0.5,1.0,0,5,0,4.427773475646973,3599,20,512,0,0.5,True,0.28752549255908616,1,0.6529659032821655,20260702-01-flash-vqg-update-norm-event-trace-probe-ucap0p5-r2-s124-d123-b64ga4-3090-event-3090-gpu0-all,14,,,4.40733528137207,15,15,1.738976240158081,441,,,,,,0.11292357742786407,0.3927428126335144,0.3927428126335144,0.3927428126335144,20260702-01-flash-vqg-update-norm-event-trace-probe,3090,ucap0p5-r2,zoology/experiments/flash_vqg/scripts/20260702-01-flash-vqg-update-norm-event-trace-probe/outputs/traces/3090/ucap0p5-r2/event-3090-gpu0-all/train_step_512/update_event_trace.jsonl
False,1.0,,1.0,6,50,0,6.171874523162842,3055,4,704,1,0.5,True,0.2880804401857785,1,0.7830235958099365,20260702-01-flash-vqg-update-norm-event-trace-probe-baseline-r2-s124-d123-b64ga4-3090-event-3090-gpu0-all,11,,,5.473494529724121,19,211,1.7356263399124146,441,,,,,,0.2812154293060303,0.2812154293060303,0.2812154293060303,0.2812154293060303,20260702-01-flash-vqg-update-norm-event-trace-probe,3090,baseline-r2,zoology/experiments/flash_vqg/scripts/20260702-01-flash-vqg-update-norm-event-trace-probe/outputs/traces/3090/baseline-r2/event-3090-gpu0-all/train_step_704/update_event_trace.jsonl
True,0.28921957329959924,0.5,0.9999998807907104,0,32,0,3.8018088340759277,2373,21,512,0,0.5,True,0.2892195602788415,1,0.6364949941635132,20260702-01-flash-vqg-update-norm-event-trace-probe-ucap0p5-r2-s124-d123-b64ga4-3090-event-3090-gpu0-all,9,,,3.801807165145874,13,13,1.7287904024124146,441,,,,,,0.13151635229587555,0.4547283947467804,0.4547283947467804,0.4547283947467804,20260702-01-flash-vqg-update-norm-event-trace-probe,3090,ucap0p5-r2,zoology/experiments/flash_vqg/scripts/20260702-01-flash-vqg-update-norm-event-trace-probe/outputs/traces/3090/ucap0p5-r2/event-3090-gpu0-all/train_step_512/update_event_trace.jsonl
True,0.2902307733210566,0.5,1.0,0,59,0,4.01277494430542,127,22,512,0,0.5,True,0.29023079495054394,1,0.5886996984481812,20260702-01-flash-vqg-update-norm-event-trace-probe-ucap0p5-r2-s124-d123-b64ga4-3090-event-3090-gpu0-all,0,0.023254871368408203,0.023254871368408203,4.061110019683838,29,29,1.7227668762207031,441,0.2912510633468628,0.2912510633468628,0.9403055310249329,0.9403055310249329,0.9403054714202881,0.12460204213857651,0.4293205738067627,0.4293205738067627,0.4293205738067627,20260702-01-flash-vqg-update-norm-event-trace-probe,3090,ucap0p5-r2,zoology/experiments/flash_vqg/scripts/20260702-01-flash-vqg-update-norm-event-trace-probe/outputs/traces/3090/ucap0p5-r2/event-3090-gpu0-all/train_step_512/update_event_trace.jsonl
True,0.290972129810558,0.5,1.0,26,19,0,3.886965274810791,2875,0,512,0,0.5,True,0.29097211705444065,1,0.6202672719955444,20260702-01-flash-vqg-update-norm-event-trace-probe-ucap0p5-r2-s124-d123-b64ga4-3090-event-3090-gpu0-all,11,,,4.094435214996338,23,855,1.718377709388733,441,,,,,,0.12863506376743317,0.44208723306655884,0.44208723306655884,0.44208723306655884,20260702-01-flash-vqg-update-norm-event-trace-probe,3090,ucap0p5-r2,zoology/experiments/flash_vqg/scripts/20260702-01-flash-vqg-update-norm-event-trace-probe/outputs/traces/3090/ucap0p5-r2/event-3090-gpu0-all/train_step_512/update_event_trace.jsonl
True,0.29141431727398914,0.5,1.0,0,19,0,4.00611686706543,1077,23,512,0,0.5,True,0.2914143088645504,1,0.6685853004455566,20260702-01-flash-vqg-update-norm-event-trace-probe-ucap0p5-r2-s124-d123-b64ga4-3090-event-3090-gpu0-all,4,,,4.023964881896973,13,13,1.7157702445983887,441,,,,,,0.1248091459274292,0.4282876253128052,0.4282876253128052,0.4282876253128052,20260702-01-flash-vqg-update-norm-event-trace-probe,3090,ucap0p5-r2,zoology/experiments/flash_vqg/scripts/20260702-01-flash-vqg-update-norm-event-trace-probe/outputs/traces/3090/ucap0p5-r2/event-3090-gpu0-all/train_step_512/update_event_trace.jsonl
True,0.2925870445386552,0.5,1.0,1,39,0,3.534348487854004,3166,0,512,0,0.5,True,0.2925870416494742,1,0.6788390278816223,20260702-01-flash-vqg-update-norm-event-trace-probe-ucap0p5-r2-s124-d123-b64ga4-3090-event-3090-gpu0-all,12,,,3.5094072818756104,25,57,1.7088931798934937,441,,,,,,0.14146879315376282,0.4835101068019867,0.4835101068019867,0.4835101068019867,20260702-01-flash-vqg-update-norm-event-trace-probe,3090,ucap0p5-r2,zoology/experiments/flash_vqg/scripts/20260702-01-flash-vqg-update-norm-event-trace-probe/outputs/traces/3090/ucap0p5-r2/event-3090-gpu0-all/train_step_512/update_event_trace.jsonl
True,0.29263421540078216,0.5,1.0,27,59,0,3.6380727291107178,1151,2,512,0,0.5,True,0.2926342175539339,1,0.6022461652755737,20260702-01-flash-vqg-update-norm-event-trace-probe-ucap0p5-r2-s124-d123-b64ga4-3090-event-3090-gpu0-all,4,,,3.6113791465759277,29,893,1.7086176872253418,441,,,,,,0.1374354064464569,0.46964913606643677,0.46964913606643677,0.46964913606643677,20260702-01-flash-vqg-update-norm-event-trace-probe,3090,ucap0p5-r2,zoology/experiments/flash_vqg/scripts/20260702-01-flash-vqg-update-norm-event-trace-probe/outputs/traces/3090/ucap0p5-r2/event-3090-gpu0-all/train_step_512/update_event_trace.jsonl
True,0.29279977277538555,0.5,0.9999999403953552,0,19,0,4.165538311004639,562,24,512,0,0.5,True,0.2927997699098488,1,0.585801899433136,20260702-01-flash-vqg-update-norm-event-trace-probe-ucap0p5-r2-s124-d123-b64ga4-3090-event-3090-gpu0-all,2,0.005242147948592901,0.005242147948592901,4.170675754547119,17,17,1.7076516151428223,441,0.29746711254119873,0.29746711254119873,0.9386828541755676,0.9386828541755676,0.9386827945709229,0.12003250420093536,0.40994739532470703,0.40994739532470703,0.40994739532470703,20260702-01-flash-vqg-update-norm-event-trace-probe,3090,ucap0p5-r2,zoology/experiments/flash_vqg/scripts/20260702-01-flash-vqg-update-norm-event-trace-probe/outputs/traces/3090/ucap0p5-r2/event-3090-gpu0-all/train_step_512/update_event_trace.jsonl
True,0.29283488874214664,0.5,0.9999999403953552,0,59,0,3.8946340084075928,1662,25,512,0,0.5,True,0.29283486965080124,1,0.5268386602401733,20260702-01-flash-vqg-update-norm-event-trace-probe-ucap0p5-r2-s124-d123-b64ga4-3090-event-3090-gpu0-all,6,,,3.860761880874634,11,11,1.7074469327926636,441,,,,,,0.12838177382946014,0.43841010332107544,0.43841010332107544,0.43841010332107544,20260702-01-flash-vqg-update-norm-event-trace-probe,3090,ucap0p5-r2,zoology/experiments/flash_vqg/scripts/20260702-01-flash-vqg-update-norm-event-trace-probe/outputs/traces/3090/ucap0p5-r2/event-3090-gpu0-all/train_step_512/update_event_trace.jsonl
True,0.29356719001738096,0.5,1.0,0,59,0,3.960892677307129,2687,26,512,0,0.5,True,0.29356717336579835,1,0.556601345539093,20260702-01-flash-vqg-update-norm-event-trace-probe-ucap0p5-r2-s124-d123-b64ga4-3090-event-3090-gpu0-all,10,,,3.9620397090911865,23,23,1.7031877040863037,441,,,,,,0.12623417377471924,0.4300009608268738,0.4300009608268738,0.4300009608268738,20260702-01-flash-vqg-update-norm-event-trace-probe,3090,ucap0p5-r2,zoology/experiments/flash_vqg/scripts/20260702-01-flash-vqg-update-norm-event-trace-probe/outputs/traces/3090/ucap0p5-r2/event-3090-gpu0-all/train_step_512/update_event_trace.jsonl
False,1.0,,1.0,2,39,0,3.8663694858551025,2388,0,704,0,0.5,True,0.2975823787241041,1,0.6382582187652588,20260702-01-flash-vqg-update-norm-event-trace-probe-baseline-r2-s124-d123-b64ga4-2080ti-event-2080ti-gpu0-baseline,9,,,3.9989171028137207,3,67,1.6802070140838623,441,,,,,,0.43456968665122986,0.43456968665122986,0.43456968665122986,0.43456968665122986,20260702-01-flash-vqg-update-norm-event-trace-probe,2080ti,baseline-r2,zoology/experiments/flash_vqg/scripts/20260702-01-flash-vqg-update-norm-event-trace-probe/outputs/traces/2080ti/baseline-r2/event-2080ti-gpu0-baseline/train_step_704/update_event_trace.jsonl
True,0.2978385823215373,0.5,1.0,23,19,0,3.459043025970459,1320,0,512,0,0.5,True,0.29783857580706347,1,0.6328918933868408,20260702-01-flash-vqg-update-norm-event-trace-probe-ucap0p5-r2-s124-d123-b64ga4-3090-event-3090-gpu0-all,5,,,3.4130640029907227,5,741,1.6787617206573486,441,,,,,,0.14454865455627441,0.48532548546791077,0.48532548546791077,0.48532548546791077,20260702-01-flash-vqg-update-norm-event-trace-probe,3090,ucap0p5-r2,zoology/experiments/flash_vqg/scripts/20260702-01-flash-vqg-update-norm-event-trace-probe/outputs/traces/3090/ucap0p5-r2/event-3090-gpu0-all/train_step_512/update_event_trace.jsonl
True,0.302382102586457,0.5,1.0,30,19,0,3.3992793560028076,1077,0,512,0,0.5,True,0.30238209935437377,1,0.6948084235191345,20260702-01-flash-vqg-update-norm-event-trace-probe-ucap0p5-r2-s124-d123-b64ga4-3090-event-3090-gpu0-all,4,,,3.134995698928833,23,983,1.6535370349884033,441,,,,,,0.14709000289440155,0.48643752932548523,0.48643752932548523,0.48643752932548523,20260702-01-flash-vqg-update-norm-event-trace-probe,3090,ucap0p5-r2,zoology/experiments/flash_vqg/scripts/20260702-01-flash-vqg-update-norm-event-trace-probe/outputs/traces/3090/ucap0p5-r2/event-3090-gpu0-all/train_step_512/update_event_trace.jsonl
True,0.3042438309519594,0.5,0.9999999403953552,1,25,0,3.2180895805358887,2364,1,512,0,0.5,True,0.3042438358638604,1,0.5609300136566162,20260702-01-flash-vqg-update-norm-event-trace-probe-ucap0p5-r2-s124-d123-b64ga4-3090-event-3090-gpu0-all,9,,,3.2463412284851074,23,55,1.6434186697006226,441,,,,,,0.15537168085575104,0.5106814503669739,0.5106814503669739,0.5106814503669739,20260702-01-flash-vqg-update-norm-event-trace-probe,3090,ucap0p5-r2,zoology/experiments/flash_vqg/scripts/20260702-01-flash-vqg-update-norm-event-trace-probe/outputs/traces/3090/ucap0p5-r2/event-3090-gpu0-all/train_step_512/update_event_trace.jsonl
True,0.3042545243436066,0.5,1.0,26,19,0,2.913959503173828,3895,1,512,0,0.5,True,0.30425451765988215,1,0.6837676167488098,20260702-01-flash-vqg-update-norm-event-trace-probe-ucap0p5-r2-s124-d123-b64ga4-3090-event-3090-gpu0-all,15,,,2.8332319259643555,23,855,1.64336097240448,441,,,,,,0.17158783972263336,0.5639615058898926,0.5639615058898926,0.5639615058898926,20260702-01-flash-vqg-update-norm-event-trace-probe,3090,ucap0p5-r2,zoology/experiments/flash_vqg/scripts/20260702-01-flash-vqg-update-norm-event-trace-probe/outputs/traces/3090/ucap0p5-r2/event-3090-gpu0-all/train_step_512/update_event_trace.jsonl
True,0.3059212825047055,0.5,1.0,27,52,0,3.320979356765747,3195,3,512,0,0.5,True,0.30592127744166236,1,0.6233094930648804,20260702-01-flash-vqg-update-norm-event-trace-probe-ucap0p5-r2-s124-d123-b64ga4-3090-event-3090-gpu0-all,12,,,3.3144826889038086,23,887,1.6344074010849,441,,,,,,0.1505579948425293,0.49214619398117065,0.49214619398117065,0.49214619398117065,20260702-01-flash-vqg-update-norm-event-trace-probe,3090,ucap0p5-r2,zoology/experiments/flash_vqg/scripts/20260702-01-flash-vqg-update-norm-event-trace-probe/outputs/traces/3090/ucap0p5-r2/event-3090-gpu0-all/train_step_512/update_event_trace.jsonl
True,0.3076491575754307,0.5,0.9999999403953552,6,50,0,2.6400885581970215,3183,0,512,0,0.5,True,0.30764915574984963,1,0.5819768309593201,20260702-01-flash-vqg-update-norm-event-trace-probe-ucap0p5-r2-s124-d123-b64ga4-3090-event-3090-gpu0-all,12,,,2.604173421859741,27,219,1.625227928161621,441,,,,,,0.18938758969306946,0.6155959963798523,0.6155959963798523,0.6155959963798523,20260702-01-flash-vqg-update-norm-event-trace-probe,3090,ucap0p5-r2,zoology/experiments/flash_vqg/scripts/20260702-01-flash-vqg-update-norm-event-trace-probe/outputs/traces/3090/ucap0p5-r2/event-3090-gpu0-all/train_step_512/update_event_trace.jsonl
True,0.308588442621718,0.5,1.0,0,18,0,4.542968273162842,2342,27,512,0,0.5,True,0.30858845215334835,1,0.4469560980796814,20260702-01-flash-vqg-update-norm-event-trace-probe-ucap0p5-r2-s124-d123-b64ga4-3090-event-3090-gpu0-all,9,,,4.735833168029785,15,15,1.6202809810638428,441,,,,,,0.1100602000951767,0.35665690898895264,0.35665690898895264,0.35665690898895264,20260702-01-flash-vqg-update-norm-event-trace-probe,3090,ucap0p5-r2,zoology/experiments/flash_vqg/scripts/20260702-01-flash-vqg-update-norm-event-trace-probe/outputs/traces/3090/ucap0p5-r2/event-3090-gpu0-all/train_step_512/update_event_trace.jsonl
True,0.30897182139292984,0.5,1.0,0,25,0,4.316519260406494,3899,28,512,0,0.5,True,0.3089718282167481,1,0.605551540851593,20260702-01-flash-vqg-update-norm-event-trace-probe-ucap0p5-r2-s124-d123-b64ga4-3090-event-3090-gpu0-all,15,,,4.190462112426758,17,17,1.6182705163955688,441,,,,,,0.1158340647816658,0.3749017119407654,0.3749017119407654,0.3749017119407654,20260702-01-flash-vqg-update-norm-event-trace-probe,3090,ucap0p5-r2,zoology/experiments/flash_vqg/scripts/20260702-01-flash-vqg-update-norm-event-trace-probe/outputs/traces/3090/ucap0p5-r2/event-3090-gpu0-all/train_step_512/update_event_trace.jsonl
True,0.3101526411721018,0.5,1.0,0,50,0,3.7243998050689697,873,29,512,0,0.5,True,0.3101526440851877,1,0.4494554400444031,20260702-01-flash-vqg-update-norm-event-trace-probe-ucap0p5-r2-s124-d123-b64ga4-3090-event-3090-gpu0-all,3,0.02687430940568447,0.02687430940568447,3.7152440547943115,19,19,1.6121094226837158,441,0.2964498996734619,0.2964498996734619,0.93893963098526,0.93893963098526,0.9389395713806152,0.13424982130527496,0.43285080790519714,0.43285080790519714,0.43285080790519714,20260702-01-flash-vqg-update-norm-event-trace-probe,3090,ucap0p5-r2,zoology/experiments/flash_vqg/scripts/20260702-01-flash-vqg-update-norm-event-trace-probe/outputs/traces/3090/ucap0p5-r2/event-3090-gpu0-all/train_step_512/update_event_trace.jsonl
True,0.31064558368642564,0.5,1.0,0,39,0,4.148960590362549,1365,30,512,0,0.5,True,0.31064557975010176,1,0.6570122241973877,20260702-01-flash-vqg-update-norm-event-trace-probe-ucap0p5-r2-s124-d123-b64ga4-3090-event-3090-gpu0-all,5,,,4.173638343811035,15,15,1.6095513105392456,441,,,,,,0.12051211297512054,0.3879408538341522,0.3879408538341522,0.3879408538341522,20260702-01-flash-vqg-update-norm-event-trace-probe,3090,ucap0p5-r2,zoology/experiments/flash_vqg/scripts/20260702-01-flash-vqg-update-norm-event-trace-probe/outputs/traces/3090/ucap0p5-r2/event-3090-gpu0-all/train_step_512/update_event_trace.jsonl
True,0.3118354324610967,0.5,1.0,0,50,0,4.197488784790039,2417,31,512,0,0.5,True,0.3118354460871577,1,0.3883436620235443,20260702-01-flash-vqg-update-norm-event-trace-probe-ucap0p5-r2-s124-d123-b64ga4-3090-event-3090-gpu0-all,9,,,4.193900108337402,29,29,1.603409767150879,441,,,,,,0.1191188395023346,0.3819926381111145,0.3819926381111145,0.3819926381111145,20260702-01-flash-vqg-update-norm-event-trace-probe,3090,ucap0p5-r2,zoology/experiments/flash_vqg/scripts/20260702-01-flash-vqg-update-norm-event-trace-probe/outputs/traces/3090/ucap0p5-r2/event-3090-gpu0-all/train_step_512/update_event_trace.jsonl
True,0.3118803140284103,0.5,1.0,0,52,0,3.713121175765991,3700,32,512,0,0.5,True,0.311880313859428,1,0.49613678455352783,20260702-01-flash-vqg-update-norm-event-trace-probe-ucap0p5-r2-s124-d123-b64ga4-3090-event-3090-gpu0-all,14,,,3.7039945125579834,5,5,1.6031790971755981,441,,,,,,0.1346576064825058,0.4317605197429657,0.4317605197429657,0.4317605197429657,20260702-01-flash-vqg-update-norm-event-trace-probe,3090,ucap0p5-r2,zoology/experiments/flash_vqg/scripts/20260702-01-flash-vqg-update-norm-event-trace-probe/outputs/traces/3090/ucap0p5-r2/event-3090-gpu0-all/train_step_512/update_event_trace.jsonl
True,0.31435026446822684,0.5,1.0000001192092896,12,19,0,2.93865704536438,1838,0,512,0,0.5,True,0.3143502714428456,1,0.7142123579978943,20260702-01-flash-vqg-update-norm-event-trace-probe-ucap0p5-r2-s124-d123-b64ga4-3090-event-3090-gpu0-all,7,,,2.906155824661255,11,395,1.5905823707580566,441,,,,,,0.17014575004577637,0.5412616729736328,0.5412616729736328,0.5412616729736328,20260702-01-flash-vqg-update-norm-event-trace-probe,3090,ucap0p5-r2,zoology/experiments/flash_vqg/scripts/20260702-01-flash-vqg-update-norm-event-trace-probe/outputs/traces/3090/ucap0p5-r2/event-3090-gpu0-all/train_step_512/update_event_trace.jsonl
True,0.3149120480205166,0.5,1.0,0,39,0,4.2386860847473145,3666,33,512,0,0.5,True,0.31491203899400627,1,0.5923380851745605,20260702-01-flash-vqg-update-norm-event-trace-probe-ucap0p5-r2-s124-d123-b64ga4-3090-event-3090-gpu0-all,14,,,4.160764217376709,17,17,1.587744951248169,441,,,,,,0.117961086332798,0.37458422780036926,0.37458422780036926,0.37458422780036926,20260702-01-flash-vqg-update-norm-event-trace-probe,3090,ucap0p5-r2,zoology/experiments/flash_vqg/scripts/20260702-01-flash-vqg-update-norm-event-trace-probe/outputs/traces/3090/ucap0p5-r2/event-3090-gpu0-all/train_step_512/update_event_trace.jsonl
True,0.31640846370203385,0.5,1.0,0,19,0,4.103381633758545,2617,34,512,0,0.5,True,0.31640846745457274,1,0.6142243146896362,20260702-01-flash-vqg-update-norm-event-trace-probe-ucap0p5-r2-s124-d123-b64ga4-3090-event-3090-gpu0-all,10,,,4.302576065063477,29,29,1.5802358388900757,441,,,,,,0.12185072153806686,0.38510575890541077,0.38510575890541077,0.38510575890541077,20260702-01-flash-vqg-update-norm-event-trace-probe,3090,ucap0p5-r2,zoology/experiments/flash_vqg/scripts/20260702-01-flash-vqg-update-norm-event-trace-probe/outputs/traces/3090/ucap0p5-r2/event-3090-gpu0-all/train_step_512/update_event_trace.jsonl
True,0.3165230802954736,0.5,1.0,0,25,0,3.489171266555786,2105,35,512,0,0.5,True,0.31652308070097007,1,0.6494325399398804,20260702-01-flash-vqg-update-norm-event-trace-probe-ucap0p5-r2-s124-d123-b64ga4-3090-event-3090-gpu0-all,8,,,3.423175096511841,7,7,1.579663634300232,441,,,,,,0.14330050349235535,0.45273318886756897,0.45273318886756897,0.45273318886756897,20260702-01-flash-vqg-update-norm-event-trace-probe,3090,ucap0p5-r2,zoology/experiments/flash_vqg/scripts/20260702-01-flash-vqg-update-norm-event-trace-probe/outputs/traces/3090/ucap0p5-r2/event-3090-gpu0-all/train_step_512/update_event_trace.jsonl
True,0.31678797453567276,0.5,1.0,0,5,0,3.991454839706421,3349,36,512,0,0.5,True,0.31678796359453204,1,0.5552573800086975,20260702-01-flash-vqg-update-norm-event-trace-probe-ucap0p5-r2-s124-d123-b64ga4-3090-event-3090-gpu0-all,13,,,4.003186225891113,23,23,1.5783427953720093,441,,,,,,0.1252676099538803,0.39543044567108154,0.39543044567108154,0.39543044567108154,20260702-01-flash-vqg-update-norm-event-trace-probe,3090,ucap0p5-r2,zoology/experiments/flash_vqg/scripts/20260702-01-flash-vqg-update-norm-event-trace-probe/outputs/traces/3090/ucap0p5-r2/event-3090-gpu0-all/train_step_512/update_event_trace.jsonl
True,0.3168716473419955,0.5,1.0,29,19,0,3.378310441970825,549,0,512,0,0.5,True,0.3168716323969224,1,0.6123344898223877,20260702-01-flash-vqg-update-norm-event-trace-probe-ucap0p5-r2-s124-d123-b64ga4-3090-event-3090-gpu0-all,2,0.009638303890824318,0.009638303890824318,3.289053440093994,1,929,1.5779260396957397,441,0.29011261463165283,0.29011261463165283,0.9405959844589233,0.9405959844589233,0.9405959248542786,0.1480029821395874,0.46707549691200256,0.46707549691200256,0.46707549691200256,20260702-01-flash-vqg-update-norm-event-trace-probe,3090,ucap0p5-r2,zoology/experiments/flash_vqg/scripts/20260702-01-flash-vqg-update-norm-event-trace-probe/outputs/traces/3090/ucap0p5-r2/event-3090-gpu0-all/train_step_512/update_event_trace.jsonl
True,0.31743728243640823,0.5,1.0,0,50,0,4.206098556518555,1892,37,512,0,0.5,True,0.317437290623125,1,0.4517148733139038,20260702-01-flash-vqg-update-norm-event-trace-probe-ucap0p5-r2-s124-d123-b64ga4-3090-event-3090-gpu0-all,7,,,4.0697431564331055,15,15,1.5751142501831055,441,,,,,,0.11887500435113907,0.3744834363460541,0.3744834363460541,0.3744834363460541,20260702-01-flash-vqg-update-norm-event-trace-probe,3090,ucap0p5-r2,zoology/experiments/flash_vqg/scripts/20260702-01-flash-vqg-update-norm-event-trace-probe/outputs/traces/3090/ucap0p5-r2/event-3090-gpu0-all/train_step_512/update_event_trace.jsonl
True,0.3175672433687553,0.5,1.0000001192092896,0,25,0,3.6109392642974854,1341,38,512,0,0.5,True,0.31756726880446484,1,0.6082080602645874,20260702-01-flash-vqg-update-norm-event-trace-probe-ucap0p5-r2-s124-d123-b64ga4-3090-event-3090-gpu0-all,5,,,3.6601734161376953,25,25,1.5744695663452148,441,,,,,,0.13846811652183533,0.4360277056694031,0.4360277056694031,0.4360277056694031,20260702-01-flash-vqg-update-norm-event-trace-probe,3090,ucap0p5-r2,zoology/experiments/flash_vqg/scripts/20260702-01-flash-vqg-update-norm-event-trace-probe/outputs/traces/3090/ucap0p5-r2/event-3090-gpu0-all/train_step_512/update_event_trace.jsonl
True,0.3179103601479618,0.5,1.0,0,52,0,3.614755392074585,1140,39,512,0,0.5,True,0.3179103419865531,1,0.5347166061401367,20260702-01-flash-vqg-update-norm-event-trace-probe-ucap0p5-r2-s124-d123-b64ga4-3090-event-3090-gpu0-all,4,,,3.601768970489502,15,15,1.5727704763412476,441,,,,,,0.13832195103168488,0.435097336769104,0.435097336769104,0.435097336769104,20260702-01-flash-vqg-update-norm-event-trace-probe,3090,ucap0p5-r2,zoology/experiments/flash_vqg/scripts/20260702-01-flash-vqg-update-norm-event-trace-probe/outputs/traces/3090/ucap0p5-r2/event-3090-gpu0-all/train_step_512/update_event_trace.jsonl
True,0.3188670379598651,0.5,1.0000001192092896,15,19,0,2.998161792755127,47,0,512,0,0.5,True,0.31886703820524165,1,0.5970552563667297,20260702-01-flash-vqg-update-norm-event-trace-probe-ucap0p5-r2-s124-d123-b64ga4-3090-event-3090-gpu0-all,0,0.015399334952235222,0.015399334952235222,2.8722903728485107,17,497,1.5680516958236694,441,0.29516440629959106,0.29516440629959106,0.9392860531806946,0.9392860531806946,0.9392861127853394,0.1667688488960266,0.5230043530464172,0.5230043530464172,0.5230043530464172,20260702-01-flash-vqg-update-norm-event-trace-probe,3090,ucap0p5-r2,zoology/experiments/flash_vqg/scripts/20260702-01-flash-vqg-update-norm-event-trace-probe/outputs/traces/3090/ucap0p5-r2/event-3090-gpu0-all/train_step_512/update_event_trace.jsonl
True,0.31960302234602495,0.5,1.0,0,32,0,3.62553334236145,3910,40,512,0,0.5,True,0.31960303212257724,1,0.5240833759307861,20260702-01-flash-vqg-update-norm-event-trace-probe-ucap0p5-r2-s124-d123-b64ga4-3090-event-3090-gpu0-all,15,,,3.742994546890259,15,15,1.5644407272338867,441,,,,,,0.13791073858737946,0.43150636553764343,0.43150636553764343,0.43150636553764343,20260702-01-flash-vqg-update-norm-event-trace-probe,3090,ucap0p5-r2,zoology/experiments/flash_vqg/scripts/20260702-01-flash-vqg-update-norm-event-trace-probe/outputs/traces/3090/ucap0p5-r2/event-3090-gpu0-all/train_step_512/update_event_trace.jsonl
True,0.3196640509738198,0.5,1.0,23,19,0,3.5568292140960693,47,1,512,0,0.5,True,0.31966407371891753,1,0.5594132542610168,20260702-01-flash-vqg-update-norm-event-trace-probe-ucap0p5-r2-s124-d123-b64ga4-3090-event-3090-gpu0-all,0,0.07458192110061646,0.07458192110061646,3.496767520904541,13,749,1.5641419887542725,441,0.292932391166687,0.292932391166687,0.9398480653762817,0.9398480653762817,0.9398480653762817,0.1405746340751648,0.43975740671157837,0.43975740671157837,0.43975740671157837,20260702-01-flash-vqg-update-norm-event-trace-probe,3090,ucap0p5-r2,zoology/experiments/flash_vqg/scripts/20260702-01-flash-vqg-update-norm-event-trace-probe/outputs/traces/3090/ucap0p5-r2/event-3090-gpu0-all/train_step_512/update_event_trace.jsonl
True,0.3197124686611014,0.5,0.9999999403953552,25,52,0,2.850400447845459,1146,0,512,0,0.5,True,0.31971246562615957,1,0.5273822546005249,20260702-01-flash-vqg-update-norm-event-trace-probe-ucap0p5-r2-s124-d123-b64ga4-3090-event-3090-gpu0-all,4,,,2.675881862640381,29,829,1.5639052391052246,441,,,,,,0.17541395127773285,0.5486615896224976,0.5486615896224976,0.5486615896224976,20260702-01-flash-vqg-update-norm-event-trace-probe,3090,ucap0p5-r2,zoology/experiments/flash_vqg/scripts/20260702-01-flash-vqg-update-norm-event-trace-probe/outputs/traces/3090/ucap0p5-r2/event-3090-gpu0-all/train_step_512/update_event_trace.jsonl
True,0.32003887662614894,0.5,1.0,0,18,0,4.066336631774902,1061,41,512,0,0.5,True,0.32003887190888053,1,0.5095512270927429,20260702-01-flash-vqg-update-norm-event-trace-probe-ucap0p5-r2-s124-d123-b64ga4-3090-event-3090-gpu0-all,4,,,4.066336631774902,5,5,1.5623102188110352,441,,,,,,0.12296079844236374,0.38420581817626953,0.38420581817626953,0.38420581817626953,20260702-01-flash-vqg-update-norm-event-trace-probe,3090,ucap0p5-r2,zoology/experiments/flash_vqg/scripts/20260702-01-flash-vqg-update-norm-event-trace-probe/outputs/traces/3090/ucap0p5-r2/event-3090-gpu0-all/train_step_512/update_event_trace.jsonl
True,0.32220891026961623,0.5,1.0,0,59,0,4.050979137420654,1151,42,512,0,0.5,True,0.32220891774919047,1,0.6659877896308899,20260702-01-flash-vqg-update-norm-event-trace-probe-ucap0p5-r2-s124-d123-b64ga4-3090-event-3090-gpu0-all,4,,,4.085739612579346,31,31,1.5517882108688354,441,,,,,,0.12342695146799088,0.38306498527526855,0.38306498527526855,0.38306498527526855,20260702-01-flash-vqg-update-norm-event-trace-probe,3090,ucap0p5-r2,zoology/experiments/flash_vqg/scripts/20260702-01-flash-vqg-update-norm-event-trace-probe/outputs/traces/3090/ucap0p5-r2/event-3090-gpu0-all/train_step_512/update_event_trace.jsonl
False,1.0,,1.0,4,39,0,3.9917795658111572,1371,0,704,0,0.5,True,0.3222996108710219,1,0.7134060263633728,20260702-01-flash-vqg-update-norm-event-trace-probe-baseline-r2-s124-d123-b64ga4-2080ti-event-2080ti-gpu0-baseline,5,,,4.27335262298584,21,149,1.551351547241211,441,,,,,,0.38863658905029297,0.38863658905029297,0.38863658905029297,0.38863658905029297,20260702-01-flash-vqg-update-norm-event-trace-probe,2080ti,baseline-r2,zoology/experiments/flash_vqg/scripts/20260702-01-flash-vqg-update-norm-event-trace-probe/outputs/traces/2080ti/baseline-r2/event-2080ti-gpu0-baseline/train_step_704/update_event_trace.jsonl
True,0.32326785740364816,0.5,1.0,26,50,0,3.031782388687134,2929,2,512,0,0.5,True,0.32326784846387996,1,0.5600233674049377,20260702-01-flash-vqg-update-norm-event-trace-probe-ucap0p5-r2-s124-d123-b64ga4-3090-event-3090-gpu0-all,11,,,3.1489453315734863,17,849,1.5467050075531006,441,,,,,,0.16491949558258057,0.5101636052131653,0.5101636052131653,0.5101636052131653,20260702-01-flash-vqg-update-norm-event-trace-probe,3090,ucap0p5-r2,zoology/experiments/flash_vqg/scripts/20260702-01-flash-vqg-update-norm-event-trace-probe/outputs/traces/3090/ucap0p5-r2/event-3090-gpu0-all/train_step_512/update_event_trace.jsonl
True,0.3237110264332082,0.5,1.0,15,5,0,3.0984649658203125,3592,1,512,0,0.5,True,0.3237110246486458,1,0.4686715602874756,20260702-01-flash-vqg-update-norm-event-trace-probe-ucap0p5-r2-s124-d123-b64ga4-3090-event-3090-gpu0-all,14,,,3.0782406330108643,1,481,1.54458749294281,441,,,,,,0.16137023270130157,0.49850088357925415,0.49850088357925415,0.49850088357925415,20260702-01-flash-vqg-update-norm-event-trace-probe,3090,ucap0p5-r2,zoology/experiments/flash_vqg/scripts/20260702-01-flash-vqg-update-norm-event-trace-probe/outputs/traces/3090/ucap0p5-r2/event-3090-gpu0-all/train_step_512/update_event_trace.jsonl
True,0.32503869186914447,0.5,0.9999999403953552,0,39,0,4.149432182312012,604,43,512,0,0.5,True,0.3250387050107044,1,0.6615915894508362,20260702-01-flash-vqg-update-norm-event-trace-probe-ucap0p5-r2-s124-d123-b64ga4-3090-event-3090-gpu0-all,2,0.008373957127332687,0.008373957127332687,3.905959367752075,31,31,1.538278341293335,441,0.8017668724060059,0.8017668724060059,0.7509291768074036,0.7509291768074036,0.7509291768074036,0.1204984113574028,0.3707202076911926,0.3707202076911926,0.3707202076911926,20260702-01-flash-vqg-update-norm-event-trace-probe,3090,ucap0p5-r2,zoology/experiments/flash_vqg/scripts/20260702-01-flash-vqg-update-norm-event-trace-probe/outputs/traces/3090/ucap0p5-r2/event-3090-gpu0-all/train_step_512/update_event_trace.jsonl
False,1.0,,1.0,0,47,0,3.320547103881836,2660,0,704,0,0.5,True,0.3251467259733481,1,0.5978569984436035,20260702-01-flash-vqg-update-norm-event-trace-probe-baseline-r2-s124-d123-b64ga4-2080ti-event-2080ti-gpu0-baseline,10,,,3.3489885330200195,25,25,1.5377672910690308,441,,,,,,0.46310660243034363,0.46310660243034363,0.46310660243034363,0.46310660243034363,20260702-01-flash-vqg-update-norm-event-trace-probe,2080ti,baseline-r2,zoology/experiments/flash_vqg/scripts/20260702-01-flash-vqg-update-norm-event-trace-probe/outputs/traces/2080ti/baseline-r2/event-2080ti-gpu0-baseline/train_step_704/update_event_trace.jsonl
True,0.3275055367818485,0.5,1.0,16,19,0,2.9301059246063232,2602,0,512,0,0.5,True,0.3275055265480054,1,0.6522319912910461,20260702-01-flash-vqg-update-norm-event-trace-probe-ucap0p5-r2-s124-d123-b64ga4-3090-event-3090-gpu0-all,10,,,2.78486967086792,7,519,1.5266917943954468,441,,,,,,0.17064230144023895,0.5210363864898682,0.5210363864898682,0.5210363864898682,20260702-01-flash-vqg-update-norm-event-trace-probe,3090,ucap0p5-r2,zoology/experiments/flash_vqg/scripts/20260702-01-flash-vqg-update-norm-event-trace-probe/outputs/traces/3090/ucap0p5-r2/event-3090-gpu0-all/train_step_512/update_event_trace.jsonl
False,1.0,,1.0,1,50,0,3.645350217819214,3441,0,704,0,0.5,True,0.3320087455878848,1,0.7025347352027893,20260702-01-flash-vqg-update-norm-event-trace-probe-baseline-r2-s124-d123-b64ga4-2080ti-event-2080ti-gpu0-baseline,13,,,3.6568076610565186,17,49,1.5059844255447388,441,,,,,,0.41312476992607117,0.41312476992607117,0.41312476992607117,0.41312476992607117,20260702-01-flash-vqg-update-norm-event-trace-probe,2080ti,baseline-r2,zoology/experiments/flash_vqg/scripts/20260702-01-flash-vqg-update-norm-event-trace-probe/outputs/traces/2080ti/baseline-r2/event-2080ti-gpu0-baseline/train_step_704/update_event_trace.jsonl
False,1.0,,1.0,6,39,0,4.09486198425293,3667,0,704,0,0.5,True,0.333847652812781,1,0.6754299998283386,20260702-01-flash-vqg-update-norm-event-trace-probe-baseline-r2-s124-d123-b64ga4-2080ti-event-2080ti-gpu0-baseline,14,,,4.016040325164795,23,215,1.497689127922058,441,,,,,,0.3657483756542206,0.3657483756542206,0.3657483756542206,0.3657483756542206,20260702-01-flash-vqg-update-norm-event-trace-probe,2080ti,baseline-r2,zoology/experiments/flash_vqg/scripts/20260702-01-flash-vqg-update-norm-event-trace-probe/outputs/traces/2080ti/baseline-r2/event-2080ti-gpu0-baseline/train_step_704/update_event_trace.jsonl
False,1.0,,1.0,8,39,0,3.8803036212921143,1610,0,704,0,0.5,True,0.334525142320401,1,0.7216168642044067,20260702-01-flash-vqg-update-norm-event-trace-probe-baseline-r2-s124-d123-b64ga4-2080ti-event-2080ti-gpu0-baseline,6,,,4.221856594085693,9,265,1.494655966758728,441,,,,,,0.3851904571056366,0.3851904571056366,0.3851904571056366,0.3851904571056366,20260702-01-flash-vqg-update-norm-event-trace-probe,2080ti,baseline-r2,zoology/experiments/flash_vqg/scripts/20260702-01-flash-vqg-update-norm-event-trace-probe/outputs/traces/2080ti/baseline-r2/event-2080ti-gpu0-baseline/train_step_704/update_event_trace.jsonl
False,1.0,,1.0,2,39,0,3.7015557289123535,2397,1,704,0,0.5,True,0.33618123552156975,1,0.6724115014076233,20260702-01-flash-vqg-update-norm-event-trace-probe-baseline-r2-s124-d123-b64ga4-2080ti-event-2080ti-gpu0-baseline,9,,,3.826395273208618,19,83,1.487293004989624,441,,,,,,0.401802122592926,0.401802122592926,0.401802122592926,0.401802122592926,20260702-01-flash-vqg-update-norm-event-trace-probe,2080ti,baseline-r2,zoology/experiments/flash_vqg/scripts/20260702-01-flash-vqg-update-norm-event-trace-probe/outputs/traces/2080ti/baseline-r2/event-2080ti-gpu0-baseline/train_step_704/update_event_trace.jsonl
False,1.0,,0.9999999403953552,4,39,0,3.9410009384155273,2127,1,704,0,0.5,True,0.33708623333195636,1,0.6763119697570801,20260702-01-flash-vqg-update-norm-event-trace-probe-baseline-r2-s124-d123-b64ga4-2080ti-event-2080ti-gpu0-baseline,8,,,3.9958927631378174,17,145,1.483299970626831,441,,,,,,0.3763764500617981,0.3763764500617981,0.3763764500617981,0.3763764500617981,20260702-01-flash-vqg-update-norm-event-trace-probe,2080ti,baseline-r2,zoology/experiments/flash_vqg/scripts/20260702-01-flash-vqg-update-norm-event-trace-probe/outputs/traces/2080ti/baseline-r2/event-2080ti-gpu0-baseline/train_step_704/update_event_trace.jsonl
False,1.0,,1.0,3,39,0,4.0706706047058105,1864,0,704,0,0.5,True,0.3384199692361913,1,0.7051767110824585,20260702-01-flash-vqg-update-norm-event-trace-probe-baseline-r2-s124-d123-b64ga4-2080ti-event-2080ti-gpu0-baseline,7,,,4.123968601226807,5,101,1.4774541854858398,441,,,,,,0.36295104026794434,0.36295104026794434,0.36295104026794434,0.36295104026794434,20260702-01-flash-vqg-update-norm-event-trace-probe,2080ti,baseline-r2,zoology/experiments/flash_vqg/scripts/20260702-01-flash-vqg-update-norm-event-trace-probe/outputs/traces/2080ti/baseline-r2/event-2080ti-gpu0-baseline/train_step_704/update_event_trace.jsonl
False,1.0,,0.9999999403953552,2,39,0,3.8301169872283936,3928,2,704,0,0.5,True,0.3384421428532236,1,0.694091260433197,20260702-01-flash-vqg-update-norm-event-trace-probe-baseline-r2-s124-d123-b64ga4-2080ti-event-2080ti-gpu0-baseline,15,,,3.8568971157073975,17,81,1.4773573875427246,441,,,,,,0.38572120666503906,0.38572120666503906,0.38572120666503906,0.38572120666503906,20260702-01-flash-vqg-update-norm-event-trace-probe,2080ti,baseline-r2,zoology/experiments/flash_vqg/scripts/20260702-01-flash-vqg-update-norm-event-trace-probe/outputs/traces/2080ti/baseline-r2/event-2080ti-gpu0-baseline/train_step_704/update_event_trace.jsonl
False,1.0,,1.0,1,39,0,3.724558115005493,2891,1,704,0,0.5,True,0.33876029341913344,1,0.7282288670539856,20260702-01-flash-vqg-update-norm-event-trace-probe-baseline-r2-s124-d123-b64ga4-2080ti-event-2080ti-gpu0-baseline,11,,,3.5805089473724365,3,35,1.475969910621643,441,,,,,,0.39628052711486816,0.39628052711486816,0.39628052711486816,0.39628052711486816,20260702-01-flash-vqg-update-norm-event-trace-probe,2080ti,baseline-r2,zoology/experiments/flash_vqg/scripts/20260702-01-flash-vqg-update-norm-event-trace-probe/outputs/traces/2080ti/baseline-r2/event-2080ti-gpu0-baseline/train_step_704/update_event_trace.jsonl
False,1.0,,1.0,2,33,0,3.106555223464966,3909,3,704,0,0.5,True,0.33980952763660804,1,0.6577563881874084,20260702-01-flash-vqg-update-norm-event-trace-probe-baseline-r2-s124-d123-b64ga4-2080ti-event-2080ti-gpu0-baseline,15,,,3.092176675796509,23,87,1.4714125394821167,441,,,,,,0.4736476242542267,0.4736476242542267,0.4736476242542267,0.4736476242542267,20260702-01-flash-vqg-update-norm-event-trace-probe,2080ti,baseline-r2,zoology/experiments/flash_vqg/scripts/20260702-01-flash-vqg-update-norm-event-trace-probe/outputs/traces/2080ti/baseline-r2/event-2080ti-gpu0-baseline/train_step_704/update_event_trace.jsonl
False,1.0,,1.0,2,39,0,3.7396368980407715,2130,4,704,0,0.5,True,0.3404477480616015,1,0.7063462138175964,20260702-01-flash-vqg-update-norm-event-trace-probe-baseline-r2-s124-d123-b64ga4-2080ti-event-2080ti-gpu0-baseline,8,,,3.963636875152588,15,79,1.4686541557312012,441,,,,,,0.3927263915538788,0.3927263915538788,0.3927263915538788,0.3927263915538788,20260702-01-flash-vqg-update-norm-event-trace-probe,2080ti,baseline-r2,zoology/experiments/flash_vqg/scripts/20260702-01-flash-vqg-update-norm-event-trace-probe/outputs/traces/2080ti/baseline-r2/event-2080ti-gpu0-baseline/train_step_704/update_event_trace.jsonl
False,1.0,,1.0,1,47,0,3.499969244003296,96,2,704,0,0.5,True,0.34285186464300094,1,0.6072943806648254,20260702-01-flash-vqg-update-norm-event-trace-probe-baseline-r2-s124-d123-b64ga4-2080ti-event-2080ti-gpu0-baseline,0,0.034426283091306686,0.034426283091306686,3.0817694664001465,25,57,1.4583557844161987,441,0.813929557800293,0.813929557800293,0.7601942420005798,0.7601942420005798,0.7601942420005798,0.41667675971984863,0.41667675971984863,0.41667675971984863,0.41667675971984863,20260702-01-flash-vqg-update-norm-event-trace-probe,2080ti,baseline-r2,zoology/experiments/flash_vqg/scripts/20260702-01-flash-vqg-update-norm-event-trace-probe/outputs/traces/2080ti/baseline-r2/event-2080ti-gpu0-baseline/train_step_704/update_event_trace.jsonl
False,1.0,,1.0,2,39,0,3.616915702819824,3415,5,704,0,0.5,True,0.34409127192151284,1,0.7175911068916321,20260702-01-flash-vqg-update-norm-event-trace-probe-baseline-r2-s124-d123-b64ga4-2080ti-event-2080ti-gpu0-baseline,13,,,3.9628140926361084,29,93,1.4531028270721436,441,,,,,,0.40175193548202515,0.40175193548202515,0.40175193548202515,0.40175193548202515,20260702-01-flash-vqg-update-norm-event-trace-probe,2080ti,baseline-r2,zoology/experiments/flash_vqg/scripts/20260702-01-flash-vqg-update-norm-event-trace-probe/outputs/traces/2080ti/baseline-r2/event-2080ti-gpu0-baseline/train_step_704/update_event_trace.jsonl
False,1.0,,1.0,29,33,0,3.132390260696411,554,0,704,0,0.5,True,0.3459079718916125,1,0.7447175979614258,20260702-01-flash-vqg-update-norm-event-trace-probe-baseline-r2-s124-d123-b64ga4-2080ti-event-2080ti-gpu0-baseline,2,0.03768043965101242,0.03768043965101242,2.9073750972747803,5,933,1.445471167564392,441,1.0592865943908691,1.0592865943908691,0.6301796436309814,0.6301796436309814,0.6301796436309814,0.4614594578742981,0.4614594578742981,0.4614594578742981,0.4614594578742981,20260702-01-flash-vqg-update-norm-event-trace-probe,2080ti,baseline-r2,zoology/experiments/flash_vqg/scripts/20260702-01-flash-vqg-update-norm-event-trace-probe/outputs/traces/2080ti/baseline-r2/event-2080ti-gpu0-baseline/train_step_704/update_event_trace.jsonl
False,1.0,,1.0,10,33,0,3.153079032897949,2624,0,704,0,0.5,True,0.35002084617790585,1,0.7026441693305969,20260702-01-flash-vqg-update-norm-event-trace-probe-baseline-r2-s124-d123-b64ga4-2080ti-event-2080ti-gpu0-baseline,10,,,2.9285197257995605,21,341,1.4284863471984863,441,,,,,,0.4530448913574219,0.4530448913574219,0.4530448913574219,0.4530448913574219,20260702-01-flash-vqg-update-norm-event-trace-probe,2080ti,baseline-r2,zoology/experiments/flash_vqg/scripts/20260702-01-flash-vqg-update-norm-event-trace-probe/outputs/traces/2080ti/baseline-r2/event-2080ti-gpu0-baseline/train_step_704/update_event_trace.jsonl
False,1.0,,1.0,1,50,0,3.6019632816314697,1133,3,704,0,0.5,True,0.35159001640550663,1,0.6941461563110352,20260702-01-flash-vqg-update-norm-event-trace-probe-baseline-r2-s124-d123-b64ga4-2080ti-event-2080ti-gpu0-baseline,4,,,3.4501683712005615,15,47,1.422110915184021,441,,,,,,0.39481550455093384,0.39481550455093384,0.39481550455093384,0.39481550455093384,20260702-01-flash-vqg-update-norm-event-trace-probe,2080ti,baseline-r2,zoology/experiments/flash_vqg/scripts/20260702-01-flash-vqg-update-norm-event-trace-probe/outputs/traces/2080ti/baseline-r2/event-2080ti-gpu0-baseline/train_step_704/update_event_trace.jsonl
False,1.0,,1.0,30,50,0,3.2246322631835938,3941,0,704,0,0.5,True,0.35325122115081986,1,0.7178415060043335,20260702-01-flash-vqg-update-norm-event-trace-probe-baseline-r2-s124-d123-b64ga4-2080ti-event-2080ti-gpu0-baseline,15,,,3.176718235015869,3,963,1.4154232740402222,441,,,,,,0.43894097208976746,0.43894097208976746,0.43894097208976746,0.43894097208976746,20260702-01-flash-vqg-update-norm-event-trace-probe,2080ti,baseline-r2,zoology/experiments/flash_vqg/scripts/20260702-01-flash-vqg-update-norm-event-trace-probe/outputs/traces/2080ti/baseline-r2/event-2080ti-gpu0-baseline/train_step_704/update_event_trace.jsonl
False,1.0,,1.0,0,32,0,3.280364513397217,58,1,704,0,0.5,True,0.35379111068523544,1,0.6064831614494324,20260702-01-flash-vqg-update-norm-event-trace-probe-baseline-r2-s124-d123-b64ga4-2080ti-event-2080ti-gpu0-baseline,0,0.022074759006500244,0.022074759006500244,3.1879899501800537,19,19,1.4132633209228516,441,0.8143138289451599,0.8143138289451599,0.7582045197486877,0.7582045197486877,0.7582045197486877,0.4308250844478607,0.4308250844478607,0.4308250844478607,0.4308250844478607,20260702-01-flash-vqg-update-norm-event-trace-probe,2080ti,baseline-r2,zoology/experiments/flash_vqg/scripts/20260702-01-flash-vqg-update-norm-event-trace-probe/outputs/traces/2080ti/baseline-r2/event-2080ti-gpu0-baseline/train_step_704/update_event_trace.jsonl
False,1.0,,1.0,1,39,0,4.404294490814209,83,4,704,0,0.5,True,0.358076559654441,1,0.6555957198143005,20260702-01-flash-vqg-update-norm-event-trace-probe-baseline-r2-s124-d123-b64ga4-2080ti-event-2080ti-gpu0-baseline,0,0.5559664964675903,0.5559664964675903,4.472053527832031,13,45,1.3963494300842285,441,1.0319972038269043,1.0319972038269043,0.6442379951477051,0.6442379951477051,0.6442380547523499,0.3170427083969116,0.3170427083969116,0.3170427083969116,0.3170427083969116,20260702-01-flash-vqg-update-norm-event-trace-probe,2080ti,baseline-r2,zoology/experiments/flash_vqg/scripts/20260702-01-flash-vqg-update-norm-event-trace-probe/outputs/traces/2080ti/baseline-r2/event-2080ti-gpu0-baseline/train_step_704/update_event_trace.jsonl
False,1.0,,0.9999999403953552,0,33,0,3.474663496017456,1601,2,704,0,0.5,True,0.36045173687074084,1,0.6943031549453735,20260702-01-flash-vqg-update-norm-event-trace-probe-baseline-r2-s124-d123-b64ga4-2080ti-event-2080ti-gpu0-baseline,6,,,3.337266683578491,19,19,1.3871482610702515,441,,,,,,0.39921802282333374,0.39921802282333374,0.39921802282333374,0.39921802282333374,20260702-01-flash-vqg-update-norm-event-trace-probe,2080ti,baseline-r2,zoology/experiments/flash_vqg/scripts/20260702-01-flash-vqg-update-norm-event-trace-probe/outputs/traces/2080ti/baseline-r2/event-2080ti-gpu0-baseline/train_step_704/update_event_trace.jsonl
False,1.0,,1.0,13,33,0,3.18894362449646,3406,0,704,0,0.5,True,0.36049622481919985,1,0.7442185878753662,20260702-01-flash-vqg-update-norm-event-trace-probe-baseline-r2-s124-d123-b64ga4-2080ti-event-2080ti-gpu0-baseline,13,,,3.052570104598999,29,445,1.3869770765304565,441,,,,,,0.434933066368103,0.434933066368103,0.434933066368103,0.434933066368103,20260702-01-flash-vqg-update-norm-event-trace-probe,2080ti,baseline-r2,zoology/experiments/flash_vqg/scripts/20260702-01-flash-vqg-update-norm-event-trace-probe/outputs/traces/2080ti/baseline-r2/event-2080ti-gpu0-baseline/train_step_704/update_event_trace.jsonl
False,1.0,,0.9999999403953552,5,39,0,3.7700936794281006,2644,0,704,0,0.5,True,0.3613027180330569,1,0.6047440767288208,20260702-01-flash-vqg-update-norm-event-trace-probe-baseline-r2-s124-d123-b64ga4-2080ti-event-2080ti-gpu0-baseline,10,,,4.088428497314453,13,173,1.3838810920715332,441,,,,,,0.3670680820941925,0.3670680820941925,0.3670680820941925,0.3670680820941925,20260702-01-flash-vqg-update-norm-event-trace-probe,2080ti,baseline-r2,zoology/experiments/flash_vqg/scripts/20260702-01-flash-vqg-update-norm-event-trace-probe/outputs/traces/2080ti/baseline-r2/event-2080ti-gpu0-baseline/train_step_704/update_event_trace.jsonl
False,1.0,,1.0,0,25,0,3.242495059967041,285,3,704,0,0.5,True,0.3640427831232138,1,0.674760103225708,20260702-01-flash-vqg-update-norm-event-trace-probe-baseline-r2-s124-d123-b64ga4-2080ti-event-2080ti-gpu0-baseline,1,0.5682369470596313,0.5682369470596313,3.2411627769470215,9,9,1.3734649419784546,441,0.9363528490066528,0.9363528490066528,0.6913657784461975,0.6913657784461975,0.6913658380508423,0.4235827326774597,0.4235827326774597,0.4235827326774597,0.4235827326774597,20260702-01-flash-vqg-update-norm-event-trace-probe,2080ti,baseline-r2,zoology/experiments/flash_vqg/scripts/20260702-01-flash-vqg-update-norm-event-trace-probe/outputs/traces/2080ti/baseline-r2/event-2080ti-gpu0-baseline/train_step_704/update_event_trace.jsonl
False,1.0,,1.0,4,50,0,3.4835045337677,3693,2,704,0,0.5,True,0.3642792184562403,1,0.7093533873558044,20260702-01-flash-vqg-update-norm-event-trace-probe-baseline-r2-s124-d123-b64ga4-2080ti-event-2080ti-gpu0-baseline,14,,,3.4723143577575684,9,137,1.3725734949111938,441,,,,,,0.3940208852291107,0.3940208852291107,0.3940208852291107,0.3940208852291107,20260702-01-flash-vqg-update-norm-event-trace-probe,2080ti,baseline-r2,zoology/experiments/flash_vqg/scripts/20260702-01-flash-vqg-update-norm-event-trace-probe/outputs/traces/2080ti/baseline-r2/event-2080ti-gpu0-baseline/train_step_704/update_event_trace.jsonl
False,1.0,,0.9999999403953552,21,33,0,2.963538885116577,3644,0,704,0,0.5,True,0.3660623206913381,1,0.672372579574585,20260702-01-flash-vqg-update-norm-event-trace-probe-baseline-r2-s124-d123-b64ga4-2080ti-event-2080ti-gpu0-baseline,14,,,2.9340147972106934,23,695,1.3658876419067383,441,,,,,,0.4608975052833557,0.4608975052833557,0.4608975052833557,0.4608975052833557,20260702-01-flash-vqg-update-norm-event-trace-probe,2080ti,baseline-r2,zoology/experiments/flash_vqg/scripts/20260702-01-flash-vqg-update-norm-event-trace-probe/outputs/traces/2080ti/baseline-r2/event-2080ti-gpu0-baseline/train_step_704/update_event_trace.jsonl
False,1.0,,1.0,23,25,0,3.1051173210144043,3620,0,704,0,0.5,True,0.36853158189546287,1,0.6983436346054077,20260702-01-flash-vqg-update-norm-event-trace-probe-baseline-r2-s124-d123-b64ga4-2080ti-event-2080ti-gpu0-baseline,14,,,3.0735325813293457,29,765,1.3567358255386353,441,,,,,,0.4369354546070099,0.4369354546070099,0.4369354546070099,0.4369354546070099,20260702-01-flash-vqg-update-norm-event-trace-probe,2080ti,baseline-r2,zoology/experiments/flash_vqg/scripts/20260702-01-flash-vqg-update-norm-event-trace-probe/outputs/traces/2080ti/baseline-r2/event-2080ti-gpu0-baseline/train_step_704/update_event_trace.jsonl
False,1.0,,0.9999999403953552,23,50,0,3.0929691791534424,3687,1,704,0,0.5,True,0.36954230031955076,1,0.7384800910949707,20260702-01-flash-vqg-update-norm-event-trace-probe-baseline-r2-s124-d123-b64ga4-2080ti-event-2080ti-gpu0-baseline,14,,,3.375312566757202,1,737,1.3530250787734985,441,,,,,,0.4374518394470215,0.4374518394470215,0.4374518394470215,0.4374518394470215,20260702-01-flash-vqg-update-norm-event-trace-probe,2080ti,baseline-r2,zoology/experiments/flash_vqg/scripts/20260702-01-flash-vqg-update-norm-event-trace-probe/outputs/traces/2080ti/baseline-r2/event-2080ti-gpu0-baseline/train_step_704/update_event_trace.jsonl
False,1.0,,0.9999999403953552,1,33,0,2.9978129863739014,2622,5,704,0,0.5,True,0.3700177161592863,1,0.7415584325790405,20260702-01-flash-vqg-update-norm-event-trace-probe-baseline-r2-s124-d123-b64ga4-2080ti-event-2080ti-gpu0-baseline,10,,,3.02602481842041,9,41,1.3512866497039795,441,,,,,,0.4507574737071991,0.4507574737071991,0.4507574737071991,0.4507574737071991,20260702-01-flash-vqg-update-norm-event-trace-probe,2080ti,baseline-r2,zoology/experiments/flash_vqg/scripts/20260702-01-flash-vqg-update-norm-event-trace-probe/outputs/traces/2080ti/baseline-r2/event-2080ti-gpu0-baseline/train_step_704/update_event_trace.jsonl
False,1.0,,1.0,1,39,0,3.697932243347168,345,6,704,0,0.5,True,0.3707798560021584,1,0.6473347544670105,20260702-01-flash-vqg-update-norm-event-trace-probe-baseline-r2-s124-d123-b64ga4-2080ti-event-2080ti-gpu0-baseline,1,0.47032326459884644,0.47032326459884644,3.629539728164673,25,57,1.3485090732574463,441,1.069742202758789,1.069742202758789,0.6257719993591309,0.6257719993591309,0.6257720589637756,0.3646657168865204,0.3646657168865204,0.3646657168865204,0.3646657168865204,20260702-01-flash-vqg-update-norm-event-trace-probe,2080ti,baseline-r2,zoology/experiments/flash_vqg/scripts/20260702-01-flash-vqg-update-norm-event-trace-probe/outputs/traces/2080ti/baseline-r2/event-2080ti-gpu0-baseline/train_step_704/update_event_trace.jsonl
False,1.0,,1.0,12,39,0,3.5647401809692383,3914,0,704,0,0.5,True,0.3709602185057348,1,0.6328645944595337,20260702-01-flash-vqg-update-norm-event-trace-probe-baseline-r2-s124-d123-b64ga4-2080ti-event-2080ti-gpu0-baseline,15,,,3.890254497528076,3,387,1.347853422164917,441,,,,,,0.37810707092285156,0.37810707092285156,0.37810707092285156,0.37810707092285156,20260702-01-flash-vqg-update-norm-event-trace-probe,2080ti,baseline-r2,zoology/experiments/flash_vqg/scripts/20260702-01-flash-vqg-update-norm-event-trace-probe/outputs/traces/2080ti/baseline-r2/event-2080ti-gpu0-baseline/train_step_704/update_event_trace.jsonl
False,1.0,,1.0,10,39,0,3.148632526397705,3672,1,704,0,0.5,True,0.37121196968283593,1,0.6817858219146729,20260702-01-flash-vqg-update-norm-event-trace-probe-baseline-r2-s124-d123-b64ga4-2080ti-event-2080ti-gpu0-baseline,14,,,3.215461254119873,21,341,1.3469393253326416,441,,,,,,0.4277854859828949,0.4277854859828949,0.4277854859828949,0.4277854859828949,20260702-01-flash-vqg-update-norm-event-trace-probe,2080ti,baseline-r2,zoology/experiments/flash_vqg/scripts/20260702-01-flash-vqg-update-norm-event-trace-probe/outputs/traces/2080ti/baseline-r2/event-2080ti-gpu0-baseline/train_step_704/update_event_trace.jsonl
False,1.0,,0.9999999403953552,11,33,0,2.947516441345215,3908,0,704,0,0.5,True,0.371974654700132,1,0.6932646036148071,20260702-01-flash-vqg-update-norm-event-trace-probe-baseline-r2-s124-d123-b64ga4-2080ti-event-2080ti-gpu0-baseline,15,,,2.818800926208496,27,379,1.3441776037216187,441,,,,,,0.45603734254837036,0.45603734254837036,0.45603734254837036,0.45603734254837036,20260702-01-flash-vqg-update-norm-event-trace-probe,2080ti,baseline-r2,zoology/experiments/flash_vqg/scripts/20260702-01-flash-vqg-update-norm-event-trace-probe/outputs/traces/2080ti/baseline-r2/event-2080ti-gpu0-baseline/train_step_704/update_event_trace.jsonl
False,1.0,,1.0,10,33,0,2.2364139556884766,3654,0,512,0,0.5,True,0.3725438557768224,1,0.38942572474479675,20260702-01-flash-vqg-update-norm-event-trace-probe-baseline-r2-s124-d123-b64ga4-2080ti-event-2080ti-gpu0-baseline,14,,,1.8220148086547852,27,347,1.3421238660812378,441,,,,,,0.6001231670379639,0.6001231670379639,0.6001231670379639,0.6001231670379639,20260702-01-flash-vqg-update-norm-event-trace-probe,2080ti,baseline-r2,zoology/experiments/flash_vqg/scripts/20260702-01-flash-vqg-update-norm-event-trace-probe/outputs/traces/2080ti/baseline-r2/event-2080ti-gpu0-baseline/train_step_512/update_event_trace.jsonl
False,1.0,,0.9999998807907104,4,39,0,3.2895936965942383,585,3,704,0,0.5,True,0.3733647338148683,1,0.652070939540863,20260702-01-flash-vqg-update-norm-event-trace-probe-baseline-r2-s124-d123-b64ga4-2080ti-event-2080ti-gpu0-baseline,2,0.5191513895988464,0.5191513895988464,3.626710891723633,7,135,1.3391730785369873,441,0.8227730393409729,0.8227730393409729,0.749251127243042,0.749251127243042,0.749251127243042,0.40709376335144043,0.40709376335144043,0.40709376335144043,0.40709376335144043,20260702-01-flash-vqg-update-norm-event-trace-probe,2080ti,baseline-r2,zoology/experiments/flash_vqg/scripts/20260702-01-flash-vqg-update-norm-event-trace-probe/outputs/traces/2080ti/baseline-r2/event-2080ti-gpu0-baseline/train_step_704/update_event_trace.jsonl
False,1.0,,1.0,0,50,0,3.150062084197998,2412,4,704,0,0.5,True,0.3735644217879685,1,0.686617374420166,20260702-01-flash-vqg-update-norm-event-trace-probe-baseline-r2-s124-d123-b64ga4-2080ti-event-2080ti-gpu0-baseline,9,,,2.934922456741333,13,13,1.3384572267532349,441,,,,,,0.4248986840248108,0.4248986840248108,0.4248986840248108,0.4248986840248108,20260702-01-flash-vqg-update-norm-event-trace-probe,2080ti,baseline-r2,zoology/experiments/flash_vqg/scripts/20260702-01-flash-vqg-update-norm-event-trace-probe/outputs/traces/2080ti/baseline-r2/event-2080ti-gpu0-baseline/train_step_704/update_event_trace.jsonl
False,1.0,,1.0,5,39,0,3.8533496856689453,2651,1,704,0,0.5,True,0.37513642876864267,1,0.6333434581756592,20260702-01-flash-vqg-update-norm-event-trace-probe-baseline-r2-s124-d123-b64ga4-2080ti-event-2080ti-gpu0-baseline,10,,,3.82757306098938,23,183,1.3328484296798706,441,,,,,,0.3458934426307678,0.3458934426307678,0.3458934426307678,0.3458934426307678,20260702-01-flash-vqg-update-norm-event-trace-probe,2080ti,baseline-r2,zoology/experiments/flash_vqg/scripts/20260702-01-flash-vqg-update-norm-event-trace-probe/outputs/traces/2080ti/baseline-r2/event-2080ti-gpu0-baseline/train_step_704/update_event_trace.jsonl
False,1.0,,1.0,14,33,0,2.236976146697998,1336,0,512,0,0.5,True,0.3770451350724276,1,0.34547021985054016,20260702-01-flash-vqg-update-norm-event-trace-probe-baseline-r2-s124-d123-b64ga4-2080ti-event-2080ti-gpu0-baseline,5,,,1.9544756412506104,5,453,1.3261011838912964,441,,,,,,0.5928097367286682,0.5928097367286682,0.5928097367286682,0.5928097367286682,20260702-01-flash-vqg-update-norm-event-trace-probe,2080ti,baseline-r2,zoology/experiments/flash_vqg/scripts/20260702-01-flash-vqg-update-norm-event-trace-probe/outputs/traces/2080ti/baseline-r2/event-2080ti-gpu0-baseline/train_step_512/update_event_trace.jsonl
False,1.0,,1.0,0,25,0,3.1309940814971924,534,5,704,0,0.5,True,0.3771713319127037,1,0.7157622575759888,20260702-01-flash-vqg-update-norm-event-trace-probe-baseline-r2-s124-d123-b64ga4-2080ti-event-2080ti-gpu0-baseline,2,0.05293729528784752,0.05293729528784752,3.1309940814971924,3,3,1.3256574869155884,441,0.5799911022186279,0.5799911022186279,0.8508595824241638,0.8508595824241638,0.8508596420288086,0.42339828610420227,0.42339828610420227,0.42339828610420227,0.42339828610420227,20260702-01-flash-vqg-update-norm-event-trace-probe,2080ti,baseline-r2,zoology/experiments/flash_vqg/scripts/20260702-01-flash-vqg-update-norm-event-trace-probe/outputs/traces/2080ti/baseline-r2/event-2080ti-gpu0-baseline/train_step_704/update_event_trace.jsonl
False,1.0,,1.0,5,39,0,3.257194995880127,1104,2,704,0,0.5,True,0.37810251009777845,1,0.5821512937545776,20260702-01-flash-vqg-update-norm-event-trace-probe-baseline-r2-s124-d123-b64ga4-2080ti-event-2080ti-gpu0-baseline,4,,,3.8738131523132324,9,169,1.3223927021026611,441,,,,,,0.40599125623703003,0.40599125623703003,0.40599125623703003,0.40599125623703003,20260702-01-flash-vqg-update-norm-event-trace-probe,2080ti,baseline-r2,zoology/experiments/flash_vqg/scripts/20260702-01-flash-vqg-update-norm-event-trace-probe/outputs/traces/2080ti/baseline-r2/event-2080ti-gpu0-baseline/train_step_704/update_event_trace.jsonl
False,1.0,,0.9999999403953552,17,33,0,2.50956392288208,2111,0,512,0,0.5,True,0.3782380793751823,1,0.3222978711128235,20260702-01-flash-vqg-update-norm-event-trace-probe-baseline-r2-s124-d123-b64ga4-2080ti-event-2080ti-gpu0-baseline,8,,,2.049044370651245,3,547,1.3219187259674072,441,,,,,,0.5267523527145386,0.5267523527145386,0.5267523527145386,0.5267523527145386,20260702-01-flash-vqg-update-norm-event-trace-probe,2080ti,baseline-r2,zoology/experiments/flash_vqg/scripts/20260702-01-flash-vqg-update-norm-event-trace-probe/outputs/traces/2080ti/baseline-r2/event-2080ti-gpu0-baseline/train_step_512/update_event_trace.jsonl
False,1.0,,0.9999999403953552,5,39,0,3.456523895263672,1614,3,704,0,0.5,True,0.3791688487183458,1,0.6784464716911316,20260702-01-flash-vqg-update-norm-event-trace-probe-baseline-r2-s124-d123-b64ga4-2080ti-event-2080ti-gpu0-baseline,6,,,3.8264176845550537,9,169,1.3186737298965454,441,,,,,,0.3815028667449951,0.3815028667449951,0.3815028667449951,0.3815028667449951,20260702-01-flash-vqg-update-norm-event-trace-probe,2080ti,baseline-r2,zoology/experiments/flash_vqg/scripts/20260702-01-flash-vqg-update-norm-event-trace-probe/outputs/traces/2080ti/baseline-r2/event-2080ti-gpu0-baseline/train_step_704/update_event_trace.jsonl
False,1.0,,1.0,29,31,0,2.7318344116210938,2357,0,512,0,0.5,True,0.37920069491582425,1,0.42238494753837585,20260702-01-flash-vqg-update-norm-event-trace-probe-baseline-r2-s124-d123-b64ga4-2080ti-event-2080ti-gpu0-baseline,9,,,2.3010785579681396,7,935,1.3185629844665527,441,,,,,,0.4826657772064209,0.4826657772064209,0.4826657772064209,0.4826657772064209,20260702-01-flash-vqg-update-norm-event-trace-probe,2080ti,baseline-r2,zoology/experiments/flash_vqg/scripts/20260702-01-flash-vqg-update-norm-event-trace-probe/outputs/traces/2080ti/baseline-r2/event-2080ti-gpu0-baseline/train_step_512/update_event_trace.jsonl
False,1.0,,0.9999999403953552,1,50,0,3.218731641769409,3948,7,704,0,0.5,True,0.3795735455509087,1,0.7507510185241699,20260702-01-flash-vqg-update-norm-event-trace-probe-baseline-r2-s124-d123-b64ga4-2080ti-event-2080ti-gpu0-baseline,15,,,3.1830873489379883,5,37,1.3172677755355835,441,,,,,,0.40925055742263794,0.40925055742263794,0.40925055742263794,0.40925055742263794,20260702-01-flash-vqg-update-norm-event-trace-probe,2080ti,baseline-r2,zoology/experiments/flash_vqg/scripts/20260702-01-flash-vqg-update-norm-event-trace-probe/outputs/traces/2080ti/baseline-r2/event-2080ti-gpu0-baseline/train_step_704/update_event_trace.jsonl
False,1.0,,1.0,0,47,0,3.121243476867676,105,6,704,0,0.5,True,0.3805706022079661,1,0.5386582016944885,20260702-01-flash-vqg-update-norm-event-trace-probe-baseline-r2-s124-d123-b64ga4-2080ti-event-2080ti-gpu0-baseline,0,0.43409138917922974,0.43409138917922974,3.171581745147705,27,27,1.3138166666030884,441,0.9499930739402771,0.9499930739402771,0.6527045965194702,0.6527045965194702,0.6527045965194702,0.4209273159503937,0.4209273159503937,0.4209273159503937,0.4209273159503937,20260702-01-flash-vqg-update-norm-event-trace-probe,2080ti,baseline-r2,zoology/experiments/flash_vqg/scripts/20260702-01-flash-vqg-update-norm-event-trace-probe/outputs/traces/2080ti/baseline-r2/event-2080ti-gpu0-baseline/train_step_704/update_event_trace.jsonl
False,1.0,,1.0,21,33,0,2.55452561378479,3651,0,512,0,0.5,True,0.3808467751271872,1,0.4328968822956085,20260702-01-flash-vqg-update-norm-event-trace-probe-baseline-r2-s124-d123-b64ga4-2080ti-event-2080ti-gpu0-baseline,14,,,2.2719101905822754,23,695,1.3128639459609985,441,,,,,,0.5139365196228027,0.5139365196228027,0.5139365196228027,0.5139365196228027,20260702-01-flash-vqg-update-norm-event-trace-probe,2080ti,baseline-r2,zoology/experiments/flash_vqg/scripts/20260702-01-flash-vqg-update-norm-event-trace-probe/outputs/traces/2080ti/baseline-r2/event-2080ti-gpu0-baseline/train_step_512/update_event_trace.jsonl
False,1.0,,1.0,0,25,0,3.062373638153076,45,7,704,0,0.5,True,0.381313882946759,1,0.7139812707901001,20260702-01-flash-vqg-update-norm-event-trace-probe-baseline-r2-s124-d123-b64ga4-2080ti-event-2080ti-gpu0-baseline,0,0.4218602478504181,0.4218602478504181,3.197840452194214,31,31,1.311255693435669,441,1.1386146545410156,1.1386146545410156,0.5763021111488342,0.5763021111488342,0.576302170753479,0.42818278074264526,0.42818278074264526,0.42818278074264526,0.42818278074264526,20260702-01-flash-vqg-update-norm-event-trace-probe,2080ti,baseline-r2,zoology/experiments/flash_vqg/scripts/20260702-01-flash-vqg-update-norm-event-trace-probe/outputs/traces/2080ti/baseline-r2/event-2080ti-gpu0-baseline/train_step_704/update_event_trace.jsonl
False,1.0,,0.9999999403953552,8,25,0,2.7229599952697754,797,0,512,0,0.5,True,0.38145811390546874,1,0.51528400182724,20260702-01-flash-vqg-update-norm-event-trace-probe-baseline-r2-s124-d123-b64ga4-2080ti-event-2080ti-gpu0-baseline,3,0.6160443425178528,0.6160443425178528,2.439643621444702,5,261,1.3107599020004272,441,1.0677021741867065,1.0677021741867065,0.6276717185974121,0.6276717185974121,0.6276717185974121,0.4813731908798218,0.4813731908798218,0.4813731908798218,0.4813731908798218,20260702-01-flash-vqg-update-norm-event-trace-probe,2080ti,baseline-r2,zoology/experiments/flash_vqg/scripts/20260702-01-flash-vqg-update-norm-event-trace-probe/outputs/traces/2080ti/baseline-r2/event-2080ti-gpu0-baseline/train_step_512/update_event_trace.jsonl
False,1.0,,1.0,0,22,0,3.337655782699585,3240,0,512,1,0.5,True,0.38152046626171787,1,0.6266608238220215,20260702-01-flash-vqg-update-norm-event-trace-probe-baseline-r2-s124-d123-b64ga4-3090-event-3090-gpu0-all,12,,,3.3277783393859863,17,17,1.3105456829071045,441,,,,,,0.39265453815460205,0.39265453815460205,0.39265453815460205,0.39265453815460205,20260702-01-flash-vqg-update-norm-event-trace-probe,3090,baseline-r2,zoology/experiments/flash_vqg/scripts/20260702-01-flash-vqg-update-norm-event-trace-probe/outputs/traces/3090/baseline-r2/event-3090-gpu0-all/train_step_512/update_event_trace.jsonl
False,1.0,,1.0,15,31,0,3.16374135017395,3378,0,704,0,0.5,True,0.38247986198894446,1,0.6194775104522705,20260702-01-flash-vqg-update-norm-event-trace-probe-baseline-r2-s124-d123-b64ga4-2080ti-event-2080ti-gpu0-baseline,13,,,2.764298439025879,23,503,1.3072583675384521,441,,,,,,0.41320013999938965,0.41320013999938965,0.41320013999938965,0.41320013999938965,20260702-01-flash-vqg-update-norm-event-trace-probe,2080ti,baseline-r2,zoology/experiments/flash_vqg/scripts/20260702-01-flash-vqg-update-norm-event-trace-probe/outputs/traces/2080ti/baseline-r2/event-2080ti-gpu0-baseline/train_step_704/update_event_trace.jsonl
False,1.0,,1.0,22,33,0,2.778468370437622,1604,0,704,0,0.5,True,0.3831847267827807,1,0.6951882839202881,20260702-01-flash-vqg-update-norm-event-trace-probe-baseline-r2-s124-d123-b64ga4-2080ti-event-2080ti-gpu0-baseline,6,,,2.560504198074341,31,735,1.3048536777496338,441,,,,,,0.46963056921958923,0.46963056921958923,0.46963056921958923,0.46963056921958923,20260702-01-flash-vqg-update-norm-event-trace-probe,2080ti,baseline-r2,zoology/experiments/flash_vqg/scripts/20260702-01-flash-vqg-update-norm-event-trace-probe/outputs/traces/2080ti/baseline-r2/event-2080ti-gpu0-baseline/train_step_704/update_event_trace.jsonl
False,1.0,,1.0,10,32,0,2.4824323654174805,1334,1,512,0,0.5,True,0.3832050319926515,1,0.5401889681816101,20260702-01-flash-vqg-update-norm-event-trace-probe-baseline-r2-s124-d123-b64ga4-2080ti-event-2080ti-gpu0-baseline,5,,,2.095656394958496,9,329,1.3047845363616943,441,,,,,,0.5256072878837585,0.5256072878837585,0.5256072878837585,0.5256072878837585,20260702-01-flash-vqg-update-norm-event-trace-probe,2080ti,baseline-r2,zoology/experiments/flash_vqg/scripts/20260702-01-flash-vqg-update-norm-event-trace-probe/outputs/traces/2080ti/baseline-r2/event-2080ti-gpu0-baseline/train_step_512/update_event_trace.jsonl
False,1.0,,1.0,0,50,0,2.9677011966705322,2409,8,704,0,0.5,True,0.38339768840930377,1,0.6837476491928101,20260702-01-flash-vqg-update-norm-event-trace-probe-baseline-r2-s124-d123-b64ga4-2080ti-event-2080ti-gpu0-baseline,9,,,3.0258145332336426,9,9,1.304128885269165,441,,,,,,0.4394407570362091,0.4394407570362091,0.4394407570362091,0.4394407570362091,20260702-01-flash-vqg-update-norm-event-trace-probe,2080ti,baseline-r2,zoology/experiments/flash_vqg/scripts/20260702-01-flash-vqg-update-norm-event-trace-probe/outputs/traces/2080ti/baseline-r2/event-2080ti-gpu0-baseline/train_step_704/update_event_trace.jsonl
False,1.0,,0.9999999403953552,0,33,0,3.3402271270751953,1341,9,704,0,0.5,True,0.38391693203588456,1,0.650191068649292,20260702-01-flash-vqg-update-norm-event-trace-probe-baseline-r2-s124-d123-b64ga4-2080ti-event-2080ti-gpu0-baseline,5,,,3.3400261402130127,3,3,1.3023650646209717,441,,,,,,0.38990315794944763,0.38990315794944763,0.38990315794944763,0.38990315794944763,20260702-01-flash-vqg-update-norm-event-trace-probe,2080ti,baseline-r2,zoology/experiments/flash_vqg/scripts/20260702-01-flash-vqg-update-norm-event-trace-probe/outputs/traces/2080ti/baseline-r2/event-2080ti-gpu0-baseline/train_step_704/update_event_trace.jsonl
False,1.0,,1.0,6,39,0,3.0362281799316406,2638,1,704,0,0.5,True,0.38411090311445206,1,0.6969507932662964,20260702-01-flash-vqg-update-norm-event-trace-probe-baseline-r2-s124-d123-b64ga4-2080ti-event-2080ti-gpu0-baseline,10,,,3.7211945056915283,9,201,1.30170738697052,441,,,,,,0.42872515320777893,0.42872515320777893,0.42872515320777893,0.42872515320777893,20260702-01-flash-vqg-update-norm-event-trace-probe,2080ti,baseline-r2,zoology/experiments/flash_vqg/scripts/20260702-01-flash-vqg-update-norm-event-trace-probe/outputs/traces/2080ti/baseline-r2/event-2080ti-gpu0-baseline/train_step_704/update_event_trace.jsonl
False,1.0,,0.9999999403953552,2,33,0,3.312397003173828,3897,6,704,0,0.5,True,0.3845273168796174,1,0.6923702359199524,20260702-01-flash-vqg-update-norm-event-trace-probe-baseline-r2-s124-d123-b64ga4-2080ti-event-2080ti-gpu0-baseline,15,,,3.4241127967834473,3,67,1.300297737121582,441,,,,,,0.39255490899086,0.39255490899086,0.39255490899086,0.39255490899086,20260702-01-flash-vqg-update-norm-event-trace-probe,2080ti,baseline-r2,zoology/experiments/flash_vqg/scripts/20260702-01-flash-vqg-update-norm-event-trace-probe/outputs/traces/2080ti/baseline-r2/event-2080ti-gpu0-baseline/train_step_704/update_event_trace.jsonl
False,1.0,,1.0,0,33,0,2.978954792022705,3395,10,704,0,0.5,True,0.38564216857887734,1,0.6624420881271362,20260702-01-flash-vqg-update-norm-event-trace-probe-baseline-r2-s124-d123-b64ga4-2080ti-event-2080ti-gpu0-baseline,13,,,2.9933090209960938,19,19,1.2965387105941772,441,,,,,,0.4352327585220337,0.4352327585220337,0.4352327585220337,0.4352327585220337,20260702-01-flash-vqg-update-norm-event-trace-probe,2080ti,baseline-r2,zoology/experiments/flash_vqg/scripts/20260702-01-flash-vqg-update-norm-event-trace-probe/outputs/traces/2080ti/baseline-r2/event-2080ti-gpu0-baseline/train_step_704/update_event_trace.jsonl
False,1.0,,1.0,0,32,0,3.2928431034088135,1331,11,704,0,0.5,True,0.38643755915571815,1,0.6920745968818665,20260702-01-flash-vqg-update-norm-event-trace-probe-baseline-r2-s124-d123-b64ga4-2080ti-event-2080ti-gpu0-baseline,5,,,3.3374955654144287,11,11,1.2938700914382935,441,,,,,,0.39293402433395386,0.39293402433395386,0.39293402433395386,0.39293402433395386,20260702-01-flash-vqg-update-norm-event-trace-probe,2080ti,baseline-r2,zoology/experiments/flash_vqg/scripts/20260702-01-flash-vqg-update-norm-event-trace-probe/outputs/traces/2080ti/baseline-r2/event-2080ti-gpu0-baseline/train_step_704/update_event_trace.jsonl
False,1.0,,0.9999999403953552,30,33,0,2.949782371520996,62,1,704,0,0.5,True,0.38657062149027566,1,0.7140746116638184,20260702-01-flash-vqg-update-norm-event-trace-probe-baseline-r2-s124-d123-b64ga4-2080ti-event-2080ti-gpu0-baseline,0,0.04297646880149841,0.04297646880149841,3.063088893890381,17,977,1.2934247255325317,441,0.8533389568328857,0.8533389568328857,0.741443932056427,0.741443932056427,0.741443932056427,0.4384813904762268,0.4384813904762268,0.4384813904762268,0.4384813904762268,20260702-01-flash-vqg-update-norm-event-trace-probe,2080ti,baseline-r2,zoology/experiments/flash_vqg/scripts/20260702-01-flash-vqg-update-norm-event-trace-probe/outputs/traces/2080ti/baseline-r2/event-2080ti-gpu0-baseline/train_step_704/update_event_trace.jsonl
False,1.0,,1.0,28,33,0,2.879791021347046,3379,0,704,0,0.5,True,0.38695068793627974,1,0.7010811567306519,20260702-01-flash-vqg-update-norm-event-trace-probe-baseline-r2-s124-d123-b64ga4-2080ti-event-2080ti-gpu0-baseline,13,,,3.0410962104797363,3,899,1.292154312133789,441,,,,,,0.4486972689628601,0.4486972689628601,0.4486972689628601,0.4486972689628601,20260702-01-flash-vqg-update-norm-event-trace-probe,2080ti,baseline-r2,zoology/experiments/flash_vqg/scripts/20260702-01-flash-vqg-update-norm-event-trace-probe/outputs/traces/2080ti/baseline-r2/event-2080ti-gpu0-baseline/train_step_704/update_event_trace.jsonl
False,1.0,,0.9999999403953552,4,39,0,2.9563887119293213,2894,4,704,0,0.5,True,0.38709592869017395,1,0.6724507808685303,20260702-01-flash-vqg-update-norm-event-trace-probe-baseline-r2-s124-d123-b64ga4-2080ti-event-2080ti-gpu0-baseline,11,,,3.952623128890991,13,141,1.291669487953186,441,,,,,,0.4369078576564789,0.4369078576564789,0.4369078576564789,0.4369078576564789,20260702-01-flash-vqg-update-norm-event-trace-probe,2080ti,baseline-r2,zoology/experiments/flash_vqg/scripts/20260702-01-flash-vqg-update-norm-event-trace-probe/outputs/traces/2080ti/baseline-r2/event-2080ti-gpu0-baseline/train_step_704/update_event_trace.jsonl
False,1.0,,1.0,3,39,0,2.9495127201080322,2137,1,704,0,0.5,True,0.3871184012818099,1,0.683931827545166,20260702-01-flash-vqg-update-norm-event-trace-probe-baseline-r2-s124-d123-b64ga4-2080ti-event-2080ti-gpu0-baseline,8,,,3.437286615371704,25,121,1.2915945053100586,441,,,,,,0.43790096044540405,0.43790096044540405,0.43790096044540405,0.43790096044540405,20260702-01-flash-vqg-update-norm-event-trace-probe,2080ti,baseline-r2,zoology/experiments/flash_vqg/scripts/20260702-01-flash-vqg-update-norm-event-trace-probe/outputs/traces/2080ti/baseline-r2/event-2080ti-gpu0-baseline/train_step_704/update_event_trace.jsonl
False,1.0,,1.0,2,33,0,3.2503998279571533,1082,7,704,0,0.5,True,0.3875746690168339,1,0.7395823001861572,20260702-01-flash-vqg-update-norm-event-trace-probe-baseline-r2-s124-d123-b64ga4-2080ti-event-2080ti-gpu0-baseline,4,,,3.3408830165863037,1,65,1.2900739908218384,441,,,,,,0.39689701795578003,0.39689701795578003,0.39689701795578003,0.39689701795578003,20260702-01-flash-vqg-update-norm-event-trace-probe,2080ti,baseline-r2,zoology/experiments/flash_vqg/scripts/20260702-01-flash-vqg-update-norm-event-trace-probe/outputs/traces/2080ti/baseline-r2/event-2080ti-gpu0-baseline/train_step_704/update_event_trace.jsonl
False,1.0,,1.0,0,33,0,3.4079675674438477,829,12,704,0,0.5,True,0.3884311473270715,1,0.6213027238845825,20260702-01-flash-vqg-update-norm-event-trace-probe-baseline-r2-s124-d123-b64ga4-2080ti-event-2080ti-gpu0-baseline,3,0.45338207483291626,0.45338207483291626,3.427687883377075,9,9,1.2872294187545776,441,0.7997885942459106,0.7997885942459106,0.7638406753540039,0.7638406753540039,0.7638406753540039,0.3777117431163788,0.3777117431163788,0.3777117431163788,0.3777117431163788,20260702-01-flash-vqg-update-norm-event-trace-probe,2080ti,baseline-r2,zoology/experiments/flash_vqg/scripts/20260702-01-flash-vqg-update-norm-event-trace-probe/outputs/traces/2080ti/baseline-r2/event-2080ti-gpu0-baseline/train_step_704/update_event_trace.jsonl
False,1.0,,1.0,0,32,0,3.6183149814605713,1335,13,704,0,0.5,True,0.38864072704091085,1,0.6508246660232544,20260702-01-flash-vqg-update-norm-event-trace-probe-baseline-r2-s124-d123-b64ga4-2080ti-event-2080ti-gpu0-baseline,5,,,3.806411027908325,21,21,1.2865352630615234,441,,,,,,0.3555619716644287,0.3555619716644287,0.3555619716644287,0.3555619716644287,20260702-01-flash-vqg-update-norm-event-trace-probe,2080ti,baseline-r2,zoology/experiments/flash_vqg/scripts/20260702-01-flash-vqg-update-norm-event-trace-probe/outputs/traces/2080ti/baseline-r2/event-2080ti-gpu0-baseline/train_step_704/update_event_trace.jsonl
False,1.0,,0.9999999403953552,0,33,0,3.136861562728882,2377,14,704,0,0.5,True,0.38864220350273376,1,0.6862386465072632,20260702-01-flash-vqg-update-norm-event-trace-probe-baseline-r2-s124-d123-b64ga4-2080ti-event-2080ti-gpu0-baseline,9,,,3.0420055389404297,31,31,1.2865303754806519,441,,,,,,0.4101329743862152,0.4101329743862152,0.4101329743862152,0.4101329743862152,20260702-01-flash-vqg-update-norm-event-trace-probe,2080ti,baseline-r2,zoology/experiments/flash_vqg/scripts/20260702-01-flash-vqg-update-norm-event-trace-probe/outputs/traces/2080ti/baseline-r2/event-2080ti-gpu0-baseline/train_step_704/update_event_trace.jsonl
False,1.0,,1.0,0,39,0,2.952066421508789,356,15,704,0,0.5,True,0.3889222136841923,1,0.6661337018013,20260702-01-flash-vqg-update-norm-event-trace-probe-baseline-r2-s124-d123-b64ga4-2080ti-event-2080ti-gpu0-baseline,1,0.043756045401096344,0.043756045401096344,3.138516426086426,31,31,1.2856041193008423,441,0.7853844165802002,0.7853844165802002,0.7722497582435608,0.7722497582435608,0.7722497582435608,0.43549296259880066,0.43549296259880066,0.43549296259880066,0.43549296259880066,20260702-01-flash-vqg-update-norm-event-trace-probe,2080ti,baseline-r2,zoology/experiments/flash_vqg/scripts/20260702-01-flash-vqg-update-norm-event-trace-probe/outputs/traces/2080ti/baseline-r2/event-2080ti-gpu0-baseline/train_step_704/update_event_trace.jsonl
False,1.0,,1.0,7,33,0,3.194920539855957,2110,0,704,0,0.5,True,0.3891890848632379,1,0.7265193462371826,20260702-01-flash-vqg-update-norm-event-trace-probe-baseline-r2-s124-d123-b64ga4-2080ti-event-2080ti-gpu0-baseline,8,,,2.8194022178649902,11,235,1.2847225666046143,441,,,,,,0.4021140933036804,0.4021140933036804,0.4021140933036804,0.4021140933036804,20260702-01-flash-vqg-update-norm-event-trace-probe,2080ti,baseline-r2,zoology/experiments/flash_vqg/scripts/20260702-01-flash-vqg-update-norm-event-trace-probe/outputs/traces/2080ti/baseline-r2/event-2080ti-gpu0-baseline/train_step_704/update_event_trace.jsonl
False,1.0,,1.0,0,25,0,3.482989549636841,1817,16,704,0,0.5,True,0.3891936712453768,1,0.7071793079376221,20260702-01-flash-vqg-update-norm-event-trace-probe-baseline-r2-s124-d123-b64ga4-2080ti-event-2080ti-gpu0-baseline,7,,,3.4300360679626465,1,1,1.2847074270248413,441,,,,,,0.3688519299030304,0.3688519299030304,0.3688519299030304,0.3688519299030304,20260702-01-flash-vqg-update-norm-event-trace-probe,2080ti,baseline-r2,zoology/experiments/flash_vqg/scripts/20260702-01-flash-vqg-update-norm-event-trace-probe/outputs/traces/2080ti/baseline-r2/event-2080ti-gpu0-baseline/train_step_704/update_event_trace.jsonl
False,1.0,,1.0,0,33,0,3.029197931289673,2367,17,704,0,0.5,True,0.3896271202437399,1,0.7323786020278931,20260702-01-flash-vqg-update-norm-event-trace-probe-baseline-r2-s124-d123-b64ga4-2080ti-event-2080ti-gpu0-baseline,9,,,3.0573744773864746,19,19,1.283278226852417,441,,,,,,0.4236363172531128,0.4236363172531128,0.4236363172531128,0.4236363172531128,20260702-01-flash-vqg-update-norm-event-trace-probe,2080ti,baseline-r2,zoology/experiments/flash_vqg/scripts/20260702-01-flash-vqg-update-norm-event-trace-probe/outputs/traces/2080ti/baseline-r2/event-2080ti-gpu0-baseline/train_step_704/update_event_trace.jsonl
False,1.0,,0.9999998807907104,5,33,0,2.4483954906463623,1863,4,704,0,0.5,True,0.38970031857596693,1,0.6397634148597717,20260702-01-flash-vqg-update-norm-event-trace-probe-baseline-r2-s124-d123-b64ga4-2080ti-event-2080ti-gpu0-baseline,7,,,2.788708448410034,27,187,1.2830371856689453,441,,,,,,0.5240318179130554,0.5240318179130554,0.5240318179130554,0.5240318179130554,20260702-01-flash-vqg-update-norm-event-trace-probe,2080ti,baseline-r2,zoology/experiments/flash_vqg/scripts/20260702-01-flash-vqg-update-norm-event-trace-probe/outputs/traces/2080ti/baseline-r2/event-2080ti-gpu0-baseline/train_step_704/update_event_trace.jsonl
False,1.0,,1.0,4,31,0,2.4731051921844482,2608,0,512,0,0.5,True,0.3897390285125379,1,0.4491865038871765,20260702-01-flash-vqg-update-norm-event-trace-probe-baseline-r2-s124-d123-b64ga4-2080ti-event-2080ti-gpu0-baseline,10,,,2.1859376430511475,7,135,1.2829097509384155,441,,,,,,0.5187445282936096,0.5187445282936096,0.5187445282936096,0.5187445282936096,20260702-01-flash-vqg-update-norm-event-trace-probe,2080ti,baseline-r2,zoology/experiments/flash_vqg/scripts/20260702-01-flash-vqg-update-norm-event-trace-probe/outputs/traces/2080ti/baseline-r2/event-2080ti-gpu0-baseline/train_step_512/update_event_trace.jsonl
False,1.0,,1.0,13,5,0,2.2691400051116943,2830,0,512,0,0.5,True,0.3899166713458234,1,0.6513441801071167,20260702-01-flash-vqg-update-norm-event-trace-probe-baseline-r2-s124-d123-b64ga4-2080ti-event-2080ti-gpu0-baseline,11,,,1.817014455795288,13,429,1.282325267791748,441,,,,,,0.5651150941848755,0.5651150941848755,0.5651150941848755,0.5651150941848755,20260702-01-flash-vqg-update-norm-event-trace-probe,2080ti,baseline-r2,zoology/experiments/flash_vqg/scripts/20260702-01-flash-vqg-update-norm-event-trace-probe/outputs/traces/2080ti/baseline-r2/event-2080ti-gpu0-baseline/train_step_512/update_event_trace.jsonl
False,1.0,,1.0,16,5,0,2.429762840270996,773,0,512,0,0.5,True,0.39046285858607394,1,0.49745142459869385,20260702-01-flash-vqg-update-norm-event-trace-probe-baseline-r2-s124-d123-b64ga4-2080ti-event-2080ti-gpu0-baseline,3,0.2514529228210449,0.2514529228210449,2.214765787124634,3,515,1.2805315256118774,441,0.6631332635879517,0.6631332635879517,0.8115969896316528,0.8115969896316528,0.8115969896316528,0.5270191431045532,0.5270191431045532,0.5270191431045532,0.5270191431045532,20260702-01-flash-vqg-update-norm-event-trace-probe,2080ti,baseline-r2,zoology/experiments/flash_vqg/scripts/20260702-01-flash-vqg-update-norm-event-trace-probe/outputs/traces/2080ti/baseline-r2/event-2080ti-gpu0-baseline/train_step_512/update_event_trace.jsonl
False,1.0,,1.0,29,31,0,2.4609556198120117,822,1,512,0,0.5,True,0.39216988682688925,1,0.4006260931491852,20260702-01-flash-vqg-update-norm-event-trace-probe-baseline-r2-s124-d123-b64ga4-2080ti-event-2080ti-gpu0-baseline,3,0.00785369984805584,0.00785369984805584,2.421198606491089,29,957,1.2749576568603516,441,0.40506434440612793,0.40506434440612793,0.9085966348648071,0.9085966348648071,0.9085966348648071,0.5180742144584656,0.5180742144584656,0.5180742144584656,0.5180742144584656,20260702-01-flash-vqg-update-norm-event-trace-probe,2080ti,baseline-r2,zoology/experiments/flash_vqg/scripts/20260702-01-flash-vqg-update-norm-event-trace-probe/outputs/traces/2080ti/baseline-r2/event-2080ti-gpu0-baseline/train_step_512/update_event_trace.jsonl
False,1.0,,1.0,28,5,0,2.7134134769439697,789,0,512,0,0.5,True,0.3927200559318668,1,0.4642219543457031,20260702-01-flash-vqg-update-norm-event-trace-probe-baseline-r2-s124-d123-b64ga4-2080ti-event-2080ti-gpu0-baseline,3,0.017106518149375916,0.017106518149375916,2.2914366722106934,29,925,1.2731715440750122,441,0.7519874572753906,0.7519874572753906,0.7847975492477417,0.7847975492477417,0.7847976088523865,0.46921396255493164,0.46921396255493164,0.46921396255493164,0.46921396255493164,20260702-01-flash-vqg-update-norm-event-trace-probe,2080ti,baseline-r2,zoology/experiments/flash_vqg/scripts/20260702-01-flash-vqg-update-norm-event-trace-probe/outputs/traces/2080ti/baseline-r2/event-2080ti-gpu0-baseline/train_step_512/update_event_trace.jsonl
False,1.0,,0.9999999403953552,22,5,0,2.770263195037842,3092,0,512,0,0.5,True,0.39312819727419,1,0.5307291746139526,20260702-01-flash-vqg-update-norm-event-trace-probe-baseline-r2-s124-d123-b64ga4-2080ti-event-2080ti-gpu0-baseline,12,,,2.5747697353363037,21,725,1.2718497514724731,441,,,,,,0.459107905626297,0.459107905626297,0.459107905626297,0.459107905626297,20260702-01-flash-vqg-update-norm-event-trace-probe,2080ti,baseline-r2,zoology/experiments/flash_vqg/scripts/20260702-01-flash-vqg-update-norm-event-trace-probe/outputs/traces/2080ti/baseline-r2/event-2080ti-gpu0-baseline/train_step_512/update_event_trace.jsonl
False,1.0,,0.9999999403953552,0,32,0,2.6231768131256104,2625,0,512,0,0.5,True,0.3950377288314352,1,0.38938355445861816,20260702-01-flash-vqg-update-norm-event-trace-probe-baseline-r2-s124-d123-b64ga4-2080ti-event-2080ti-gpu0-baseline,10,,,2.402620315551758,31,31,1.2657018899917603,441,,,,,,0.48250728845596313,0.48250728845596313,0.48250728845596313,0.48250728845596313,20260702-01-flash-vqg-update-norm-event-trace-probe,2080ti,baseline-r2,zoology/experiments/flash_vqg/scripts/20260702-01-flash-vqg-update-norm-event-trace-probe/outputs/traces/2080ti/baseline-r2/event-2080ti-gpu0-baseline/train_step_512/update_event_trace.jsonl
False,1.0,,1.0,31,25,0,2.4569616317749023,540,0,512,0,0.5,True,0.39602810897065177,1,0.6121921539306641,20260702-01-flash-vqg-update-norm-event-trace-probe-baseline-r2-s124-d123-b64ga4-2080ti-event-2080ti-gpu0-baseline,2,0.010836721397936344,0.010836721397936344,2.1231234073638916,5,997,1.262536644935608,441,0.3382702171802521,0.3382702171802521,0.92619788646698,0.92619788646698,0.92619788646698,0.5138609409332275,0.5138609409332275,0.5138609409332275,0.5138609409332275,20260702-01-flash-vqg-update-norm-event-trace-probe,2080ti,baseline-r2,zoology/experiments/flash_vqg/scripts/20260702-01-flash-vqg-update-norm-event-trace-probe/outputs/traces/2080ti/baseline-r2/event-2080ti-gpu0-baseline/train_step_512/update_event_trace.jsonl
False,1.0,,1.0,24,33,0,2.5167062282562256,329,0,512,0,0.5,True,0.3972069116190605,1,0.39985668659210205,20260702-01-flash-vqg-update-norm-event-trace-probe-baseline-r2-s124-d123-b64ga4-2080ti-event-2080ti-gpu0-baseline,1,0.28706973791122437,0.28706973791122437,2.286334276199341,31,799,1.2587897777557373,441,0.7048349380493164,0.7048349380493164,0.8060818314552307,0.8060818314552307,0.8060818314552307,0.5001735091209412,0.5001735091209412,0.5001735091209412,0.5001735091209412,20260702-01-flash-vqg-update-norm-event-trace-probe,2080ti,baseline-r2,zoology/experiments/flash_vqg/scripts/20260702-01-flash-vqg-update-norm-event-trace-probe/outputs/traces/2080ti/baseline-r2/event-2080ti-gpu0-baseline/train_step_512/update_event_trace.jsonl
False,1.0,,1.0,16,39,0,2.1783108711242676,2136,1,512,0,0.5,True,0.3984608025733724,1,0.5464008450508118,20260702-01-flash-vqg-update-norm-event-trace-probe-baseline-r2-s124-d123-b64ga4-2080ti-event-2080ti-gpu0-baseline,8,,,1.8744293451309204,25,537,1.2548285722732544,441,,,,,,0.5760557651519775,0.5760557651519775,0.5760557651519775,0.5760557651519775,20260702-01-flash-vqg-update-norm-event-trace-probe,2080ti,baseline-r2,zoology/experiments/flash_vqg/scripts/20260702-01-flash-vqg-update-norm-event-trace-probe/outputs/traces/2080ti/baseline-r2/event-2080ti-gpu0-baseline/train_step_512/update_event_trace.jsonl
False,1.0,,0.9999999403953552,13,25,0,2.204340934753418,3872,1,512,0,0.5,True,0.40011359578844663,1,0.48466092348098755,20260702-01-flash-vqg-update-norm-event-trace-probe-baseline-r2-s124-d123-b64ga4-2080ti-event-2080ti-gpu0-baseline,15,,,1.73313307762146,21,437,1.2496451139450073,441,,,,,,0.5669019222259521,0.5669019222259521,0.5669019222259521,0.5669019222259521,20260702-01-flash-vqg-update-norm-event-trace-probe,2080ti,baseline-r2,zoology/experiments/flash_vqg/scripts/20260702-01-flash-vqg-update-norm-event-trace-probe/outputs/traces/2080ti/baseline-r2/event-2080ti-gpu0-baseline/train_step_512/update_event_trace.jsonl
False,1.0,,1.0,15,25,0,2.1765522956848145,1839,0,512,0,0.5,True,0.40188991467405105,1,0.5100671052932739,20260702-01-flash-vqg-update-norm-event-trace-probe-baseline-r2-s124-d123-b64ga4-2080ti-event-2080ti-gpu0-baseline,7,,,1.9605298042297363,23,503,1.244121789932251,441,,,,,,0.5716020464897156,0.5716020464897156,0.5716020464897156,0.5716020464897156,20260702-01-flash-vqg-update-norm-event-trace-probe,2080ti,baseline-r2,zoology/experiments/flash_vqg/scripts/20260702-01-flash-vqg-update-norm-event-trace-probe/outputs/traces/2080ti/baseline-r2/event-2080ti-gpu0-baseline/train_step_512/update_event_trace.jsonl
False,1.0,,0.9999998807907104,2,33,0,2.227079391479492,3904,0,512,0,0.5,True,0.4040125926433233,1,0.46654438972473145,20260702-01-flash-vqg-update-norm-event-trace-probe-baseline-r2-s124-d123-b64ga4-2080ti-event-2080ti-gpu0-baseline,15,,,2.1644299030303955,3,67,1.237585186958313,441,,,,,,0.5556987524032593,0.5556987524032593,0.5556987524032593,0.5556987524032593,20260702-01-flash-vqg-update-norm-event-trace-probe,2080ti,baseline-r2,zoology/experiments/flash_vqg/scripts/20260702-01-flash-vqg-update-norm-event-trace-probe/outputs/traces/2080ti/baseline-r2/event-2080ti-gpu0-baseline/train_step_512/update_event_trace.jsonl
False,1.0,,1.0,14,5,0,2.429096221923828,6,1,512,0,0.5,True,0.4043413901722472,1,0.5650818943977356,20260702-01-flash-vqg-update-norm-event-trace-probe-baseline-r2-s124-d123-b64ga4-2080ti-event-2080ti-gpu0-baseline,0,0.020709605887532234,0.020709605887532234,2.0754480361938477,5,453,1.2365788221359253,441,0.32356882095336914,0.32356882095336914,0.9313650727272034,0.9313650727272034,0.9313650131225586,0.5090695023536682,0.5090695023536682,0.5090695023536682,0.5090695023536682,20260702-01-flash-vqg-update-norm-event-trace-probe,2080ti,baseline-r2,zoology/experiments/flash_vqg/scripts/20260702-01-flash-vqg-update-norm-event-trace-probe/outputs/traces/2080ti/baseline-r2/event-2080ti-gpu0-baseline/train_step_512/update_event_trace.jsonl
False,1.0,,0.9999999403953552,5,5,0,2.179060459136963,3611,0,512,0,0.5,True,0.4044240436484041,1,0.5776277780532837,20260702-01-flash-vqg-update-norm-event-trace-probe-baseline-r2-s124-d123-b64ga4-2080ti-event-2080ti-gpu0-baseline,14,,,1.9828660488128662,27,187,1.2363260984420776,441,,,,,,0.5673666000366211,0.5673666000366211,0.5673666000366211,0.5673666000366211,20260702-01-flash-vqg-update-norm-event-trace-probe,2080ti,baseline-r2,zoology/experiments/flash_vqg/scripts/20260702-01-flash-vqg-update-norm-event-trace-probe/outputs/traces/2080ti/baseline-r2/event-2080ti-gpu0-baseline/train_step_512/update_event_trace.jsonl
False,1.0,,1.0,16,50,0,2.5082995891571045,969,0,192,1,0.5,True,0.4079699528660584,1,0.7936792373657227,20260702-01-flash-vqg-update-norm-event-trace-probe-baseline-r2-s124-d123-b64ga4-3090-event-3090-gpu0-all,3,0.05922374129295349,0.05922374129295349,2.5831668376922607,9,521,1.2255804538726807,441,0.2871314287185669,0.2871314287185669,0.9410561323165894,0.9410561323165894,0.9410561323165894,0.48861008882522583,0.48861008882522583,0.48861008882522583,0.48861008882522583,20260702-01-flash-vqg-update-norm-event-trace-probe,3090,baseline-r2,zoology/experiments/flash_vqg/scripts/20260702-01-flash-vqg-update-norm-event-trace-probe/outputs/traces/3090/baseline-r2/event-3090-gpu0-all/train_step_192/update_event_trace.jsonl
False,1.0,,1.0,31,44,0,2.500385284423828,1128,1,512,0,0.5,True,0.409966327333506,1,0.3412005603313446,20260702-01-flash-vqg-update-norm-event-trace-probe-baseline-r2-s124-d123-b64ga4-2080ti-event-2080ti-gpu0-baseline,4,,,2.3098573684692383,31,1023,1.2196123600006104,441,,,,,,0.48776975274086,0.48776975274086,0.48776975274086,0.48776975274086,20260702-01-flash-vqg-update-norm-event-trace-probe,2080ti,baseline-r2,zoology/experiments/flash_vqg/scripts/20260702-01-flash-vqg-update-norm-event-trace-probe/outputs/traces/2080ti/baseline-r2/event-2080ti-gpu0-baseline/train_step_512/update_event_trace.jsonl
False,1.0,,1.0,0,25,0,2.471013307571411,1584,1,512,0,0.5,True,0.41021440022033,1,0.49744054675102234,20260702-01-flash-vqg-update-norm-event-trace-probe-baseline-r2-s124-d123-b64ga4-2080ti-event-2080ti-gpu0-baseline,6,,,2.29453706741333,29,29,1.2188748121261597,441,,,,,,0.4932692050933838,0.4932692050933838,0.4932692050933838,0.4932692050933838,20260702-01-flash-vqg-update-norm-event-trace-probe,2080ti,baseline-r2,zoology/experiments/flash_vqg/scripts/20260702-01-flash-vqg-update-norm-event-trace-probe/outputs/traces/2080ti/baseline-r2/event-2080ti-gpu0-baseline/train_step_512/update_event_trace.jsonl
False,1.0,,0.9999999403953552,24,44,0,2.0550003051757812,357,1,512,0,0.5,True,0.41118228887628616,1,0.44732123613357544,20260702-01-flash-vqg-update-norm-event-trace-probe-baseline-r2-s124-d123-b64ga4-2080ti-event-2080ti-gpu0-baseline,1,0.01283080130815506,0.01283080130815506,1.8680387735366821,9,777,1.2160056829452515,441,0.7546477317810059,0.7546477317810059,0.7690361738204956,0.7690361738204956,0.7690361738204956,0.5917301774024963,0.5917301774024963,0.5917301774024963,0.5917301774024963,20260702-01-flash-vqg-update-norm-event-trace-probe,2080ti,baseline-r2,zoology/experiments/flash_vqg/scripts/20260702-01-flash-vqg-update-norm-event-trace-probe/outputs/traces/2080ti/baseline-r2/event-2080ti-gpu0-baseline/train_step_512/update_event_trace.jsonl
False,1.0,,1.0,10,5,0,2.327655076980591,3352,2,512,0,0.5,True,0.41199593338211965,1,0.5664737820625305,20260702-01-flash-vqg-update-norm-event-trace-probe-baseline-r2-s124-d123-b64ga4-2080ti-event-2080ti-gpu0-baseline,13,,,2.1010589599609375,27,347,1.213604211807251,441,,,,,,0.5213848948478699,0.5213848948478699,0.5213848948478699,0.5213848948478699,20260702-01-flash-vqg-update-norm-event-trace-probe,2080ti,baseline-r2,zoology/experiments/flash_vqg/scripts/20260702-01-flash-vqg-update-norm-event-trace-probe/outputs/traces/2080ti/baseline-r2/event-2080ti-gpu0-baseline/train_step_512/update_event_trace.jsonl
False,1.0,,1.0,9,25,0,2.042816400527954,799,0,512,0,0.5,True,0.4126426755724387,1,0.5506672859191895,20260702-01-flash-vqg-update-norm-event-trace-probe-baseline-r2-s124-d123-b64ga4-2080ti-event-2080ti-gpu0-baseline,3,0.6924091577529907,0.6924091577529907,1.989538550376892,7,295,1.2117021083831787,441,1.2303683757781982,1.2303683757781982,0.44495299458503723,0.44495299458503723,0.44495299458503723,0.5931527018547058,0.5931527018547058,0.5931527018547058,0.5931527018547058,20260702-01-flash-vqg-update-norm-event-trace-probe,2080ti,baseline-r2,zoology/experiments/flash_vqg/scripts/20260702-01-flash-vqg-update-norm-event-trace-probe/outputs/traces/2080ti/baseline-r2/event-2080ti-gpu0-baseline/train_step_512/update_event_trace.jsonl
False,1.0,,1.0,12,33,0,2.155350685119629,839,0,512,0,0.5,True,0.41265310913155606,1,0.44828546047210693,20260702-01-flash-vqg-update-norm-event-trace-probe-baseline-r2-s124-d123-b64ga4-2080ti-event-2080ti-gpu0-baseline,3,0.7710451483726501,0.7710451483726501,2.0082945823669434,19,403,1.2116714715957642,441,1.3398159742355347,1.3398159742355347,0.37694188952445984,0.37694188952445984,0.37694188952445984,0.562169075012207,0.562169075012207,0.562169075012207,0.562169075012207,20260702-01-flash-vqg-update-norm-event-trace-probe,2080ti,baseline-r2,zoology/experiments/flash_vqg/scripts/20260702-01-flash-vqg-update-norm-event-trace-probe/outputs/traces/2080ti/baseline-r2/event-2080ti-gpu0-baseline/train_step_512/update_event_trace.jsonl
False,1.0,,1.0,8,44,0,2.2922067642211914,2652,1,512,0,0.5,True,0.41350658733121054,1,0.433285117149353,20260702-01-flash-vqg-update-norm-event-trace-probe-baseline-r2-s124-d123-b64ga4-2080ti-event-2080ti-gpu0-baseline,10,,,2.1324210166931152,1,257,1.2091705799102783,441,,,,,,0.5275137424468994,0.5275137424468994,0.5275137424468994,0.5275137424468994,20260702-01-flash-vqg-update-norm-event-trace-probe,2080ti,baseline-r2,zoology/experiments/flash_vqg/scripts/20260702-01-flash-vqg-update-norm-event-trace-probe/outputs/traces/2080ti/baseline-r2/event-2080ti-gpu0-baseline/train_step_512/update_event_trace.jsonl
False,1.0,,1.0,21,32,0,2.4142873287200928,3131,1,512,0,0.5,True,0.41537949455524886,1,0.5198613405227661,20260702-01-flash-vqg-update-norm-event-trace-probe-baseline-r2-s124-d123-b64ga4-2080ti-event-2080ti-gpu0-baseline,12,,,2.273749589920044,9,681,1.2037185430526733,441,,,,,,0.49858132004737854,0.49858132004737854,0.49858132004737854,0.49858132004737854,20260702-01-flash-vqg-update-norm-event-trace-probe,2080ti,baseline-r2,zoology/experiments/flash_vqg/scripts/20260702-01-flash-vqg-update-norm-event-trace-probe/outputs/traces/2080ti/baseline-r2/event-2080ti-gpu0-baseline/train_step_512/update_event_trace.jsonl
False,1.0,,1.0,0,25,0,2.176656484603882,1318,2,512,0,0.5,True,0.41712714902124937,1,0.523428738117218,20260702-01-flash-vqg-update-norm-event-trace-probe-baseline-r2-s124-d123-b64ga4-2080ti-event-2080ti-gpu0-baseline,5,,,2.173799991607666,27,27,1.198675274848938,441,,,,,,0.5506956577301025,0.5506956577301025,0.5506956577301025,0.5506956577301025,20260702-01-flash-vqg-update-norm-event-trace-probe,2080ti,baseline-r2,zoology/experiments/flash_vqg/scripts/20260702-01-flash-vqg-update-norm-event-trace-probe/outputs/traces/2080ti/baseline-r2/event-2080ti-gpu0-baseline/train_step_512/update_event_trace.jsonl
False,1.0,,1.0,15,31,0,2.733081102371216,1318,1,512,0,0.5,True,0.4173612066098696,1,0.3935483992099762,20260702-01-flash-vqg-update-norm-event-trace-probe-baseline-r2-s124-d123-b64ga4-2080ti-event-2080ti-gpu0-baseline,5,,,2.391763210296631,1,481,1.1980030536651611,441,,,,,,0.43833425641059875,0.43833425641059875,0.43833425641059875,0.43833425641059875,20260702-01-flash-vqg-update-norm-event-trace-probe,2080ti,baseline-r2,zoology/experiments/flash_vqg/scripts/20260702-01-flash-vqg-update-norm-event-trace-probe/outputs/traces/2080ti/baseline-r2/event-2080ti-gpu0-baseline/train_step_512/update_event_trace.jsonl
False,1.0,,0.9999999403953552,0,5,0,2.2401621341705322,784,3,512,0,0.5,True,0.41777438411879153,1,0.6055553555488586,20260702-01-flash-vqg-update-norm-event-trace-probe-baseline-r2-s124-d123-b64ga4-2080ti-event-2080ti-gpu0-baseline,3,0.009552323259413242,0.009552323259413242,2.2393112182617188,19,19,1.196818232536316,441,0.34286969900131226,0.34286969900131226,0.9265978336334229,0.9265978336334229,0.9265977740287781,0.5342552065849304,0.5342552065849304,0.5342552065849304,0.5342552065849304,20260702-01-flash-vqg-update-norm-event-trace-probe,2080ti,baseline-r2,zoology/experiments/flash_vqg/scripts/20260702-01-flash-vqg-update-norm-event-trace-probe/outputs/traces/2080ti/baseline-r2/event-2080ti-gpu0-baseline/train_step_512/update_event_trace.jsonl
False,1.0,,1.0,13,32,0,2.3423216342926025,2364,2,512,0,0.5,True,0.4198463837970661,1,0.4711918830871582,20260702-01-flash-vqg-update-norm-event-trace-probe-baseline-r2-s124-d123-b64ga4-2080ti-event-2080ti-gpu0-baseline,9,,,2.2755417823791504,23,439,1.1909117698669434,441,,,,,,0.5084322094917297,0.5084322094917297,0.5084322094917297,0.5084322094917297,20260702-01-flash-vqg-update-norm-event-trace-probe,2080ti,baseline-r2,zoology/experiments/flash_vqg/scripts/20260702-01-flash-vqg-update-norm-event-trace-probe/outputs/traces/2080ti/baseline-r2/event-2080ti-gpu0-baseline/train_step_512/update_event_trace.jsonl
False,1.0,,1.0,8,32,0,2.328216552734375,3129,2,512,0,0.5,True,0.4208788545780303,1,0.4890509843826294,20260702-01-flash-vqg-update-norm-event-trace-probe-baseline-r2-s124-d123-b64ga4-2080ti-event-2080ti-gpu0-baseline,12,,,2.123988389968872,5,261,1.1879903078079224,441,,,,,,0.5102576613426208,0.5102576613426208,0.5102576613426208,0.5102576613426208,20260702-01-flash-vqg-update-norm-event-trace-probe,2080ti,baseline-r2,zoology/experiments/flash_vqg/scripts/20260702-01-flash-vqg-update-norm-event-trace-probe/outputs/traces/2080ti/baseline-r2/event-2080ti-gpu0-baseline/train_step_512/update_event_trace.jsonl
False,1.0,,1.0,0,22,0,3.9712722301483154,177,1,512,1,0.5,True,0.42116289568770093,1,0.5474647879600525,20260702-01-flash-vqg-update-norm-event-trace-probe-baseline-r2-s124-d123-b64ga4-3090-event-3090-gpu0-all,0,0.45180296897888184,0.45180296897888184,3.6674530506134033,19,19,1.1871891021728516,441,1.2294111251831055,1.2294111251831055,0.3681859076023102,0.3681859076023102,0.36818593740463257,0.29894426465034485,0.29894426465034485,0.29894426465034485,0.29894426465034485,20260702-01-flash-vqg-update-norm-event-trace-probe,3090,baseline-r2,zoology/experiments/flash_vqg/scripts/20260702-01-flash-vqg-update-norm-event-trace-probe/outputs/traces/3090/baseline-r2/event-3090-gpu0-all/train_step_512/update_event_trace.jsonl
False,1.0,,1.0,4,32,0,2.251753568649292,1335,1,512,0,0.5,True,0.4212744446264634,1,0.4956267178058624,20260702-01-flash-vqg-update-norm-event-trace-probe-baseline-r2-s124-d123-b64ga4-2080ti-event-2080ti-gpu0-baseline,5,,,2.1601643562316895,7,135,1.1868747472763062,441,,,,,,0.5270891189575195,0.5270891189575195,0.5270891189575195,0.5270891189575195,20260702-01-flash-vqg-update-norm-event-trace-probe,2080ti,baseline-r2,zoology/experiments/flash_vqg/scripts/20260702-01-flash-vqg-update-norm-event-trace-probe/outputs/traces/2080ti/baseline-r2/event-2080ti-gpu0-baseline/train_step_512/update_event_trace.jsonl
False,1.0,,0.9999999403953552,6,33,0,2.332314968109131,836,0,512,0,0.5,True,0.4213083821132699,1,0.4139390289783478,20260702-01-flash-vqg-update-norm-event-trace-probe-baseline-r2-s124-d123-b64ga4-2080ti-event-2080ti-gpu0-baseline,3,0.01780535653233528,0.01780535653233528,2.0909786224365234,13,205,1.1867791414260864,441,0.3883766829967499,0.3883766829967499,0.9134318828582764,0.9134318828582764,0.9134318828582764,0.5088416934013367,0.5088416934013367,0.5088416934013367,0.5088416934013367,20260702-01-flash-vqg-update-norm-event-trace-probe,2080ti,baseline-r2,zoology/experiments/flash_vqg/scripts/20260702-01-flash-vqg-update-norm-event-trace-probe/outputs/traces/2080ti/baseline-r2/event-2080ti-gpu0-baseline/train_step_512/update_event_trace.jsonl
False,1.0,,1.0,28,25,0,2.0430750846862793,3878,1,512,0,0.5,True,0.4232624916203835,1,0.45664897561073303,20260702-01-flash-vqg-update-norm-event-trace-probe-baseline-r2-s124-d123-b64ga4-2080ti-event-2080ti-gpu0-baseline,15,,,2.0228748321533203,13,909,1.1813000440597534,441,,,,,,0.5781970620155334,0.5781970620155334,0.5781970620155334,0.5781970620155334,20260702-01-flash-vqg-update-norm-event-trace-probe,2080ti,baseline-r2,zoology/experiments/flash_vqg/scripts/20260702-01-flash-vqg-update-norm-event-trace-probe/outputs/traces/2080ti/baseline-r2/event-2080ti-gpu0-baseline/train_step_512/update_event_trace.jsonl
False,1.0,,1.0,0,5,0,2.6061129570007324,1809,4,512,0,0.5,True,0.42578852980009285,1,0.5174148082733154,20260702-01-flash-vqg-update-norm-event-trace-probe-baseline-r2-s124-d123-b64ga4-2080ti-event-2080ti-gpu0-baseline,7,,,2.588941812515259,15,15,1.1742918491363525,441,,,,,,0.4505912959575653,0.4505912959575653,0.4505912959575653,0.4505912959575653,20260702-01-flash-vqg-update-norm-event-trace-probe,2080ti,baseline-r2,zoology/experiments/flash_vqg/scripts/20260702-01-flash-vqg-update-norm-event-trace-probe/outputs/traces/2080ti/baseline-r2/event-2080ti-gpu0-baseline/train_step_512/update_event_trace.jsonl
False,1.0,,0.9999999403953552,0,5,0,2.8070967197418213,530,5,512,0,0.5,True,0.42711144407684476,1,0.6113108992576599,20260702-01-flash-vqg-update-norm-event-trace-probe-baseline-r2-s124-d123-b64ga4-2080ti-event-2080ti-gpu0-baseline,2,0.029377002269029617,0.029377002269029617,2.43949818611145,19,19,1.1706546545028687,441,0.35298627614974976,0.35298627614974976,0.9230776429176331,0.9230776429176331,0.9230776429176331,0.41703394055366516,0.41703394055366516,0.41703394055366516,0.41703394055366516,20260702-01-flash-vqg-update-norm-event-trace-probe,2080ti,baseline-r2,zoology/experiments/flash_vqg/scripts/20260702-01-flash-vqg-update-norm-event-trace-probe/outputs/traces/2080ti/baseline-r2/event-2080ti-gpu0-baseline/train_step_512/update_event_trace.jsonl
False,1.0,,1.0,12,25,0,1.9941282272338867,1825,1,512,0,0.5,True,0.42759847152272135,1,0.5373344421386719,20260702-01-flash-vqg-update-norm-event-trace-probe-baseline-r2-s124-d123-b64ga4-2080ti-event-2080ti-gpu0-baseline,7,,,1.8921629190444946,7,391,1.1693212985992432,441,,,,,,0.5863822102546692,0.5863822102546692,0.5863822102546692,0.5863822102546692,20260702-01-flash-vqg-update-norm-event-trace-probe,2080ti,baseline-r2,zoology/experiments/flash_vqg/scripts/20260702-01-flash-vqg-update-norm-event-trace-probe/outputs/traces/2080ti/baseline-r2/event-2080ti-gpu0-baseline/train_step_512/update_event_trace.jsonl
False,1.0,,1.0,4,5,0,2.3208982944488525,2569,2,512,0,0.5,True,0.42760854164145534,1,0.546490490436554,20260702-01-flash-vqg-update-norm-event-trace-probe-baseline-r2-s124-d123-b64ga4-2080ti-event-2080ti-gpu0-baseline,10,,,1.931714415550232,5,133,1.169293761253357,441,,,,,,0.5038108825683594,0.5038108825683594,0.5038108825683594,0.5038108825683594,20260702-01-flash-vqg-update-norm-event-trace-probe,2080ti,baseline-r2,zoology/experiments/flash_vqg/scripts/20260702-01-flash-vqg-update-norm-event-trace-probe/outputs/traces/2080ti/baseline-r2/event-2080ti-gpu0-baseline/train_step_512/update_event_trace.jsonl
False,1.0,,1.0,4,32,0,2.5814409255981445,2367,3,512,0,0.5,True,0.42830916329323615,1,0.40614521503448486,20260702-01-flash-vqg-update-norm-event-trace-probe-baseline-r2-s124-d123-b64ga4-2080ti-event-2080ti-gpu0-baseline,9,,,2.2612476348876953,11,139,1.1673810482025146,441,,,,,,0.45222070813179016,0.45222070813179016,0.45222070813179016,0.45222070813179016,20260702-01-flash-vqg-update-norm-event-trace-probe,2080ti,baseline-r2,zoology/experiments/flash_vqg/scripts/20260702-01-flash-vqg-update-norm-event-trace-probe/outputs/traces/2080ti/baseline-r2/event-2080ti-gpu0-baseline/train_step_512/update_event_trace.jsonl
False,1.0,,1.0,24,44,0,2.5281529426574707,360,2,512,0,0.5,True,0.4283772297951639,1,0.41878604888916016,20260702-01-flash-vqg-update-norm-event-trace-probe-baseline-r2-s124-d123-b64ga4-2080ti-event-2080ti-gpu0-baseline,1,0.029143817722797394,0.029143817722797394,2.00173282623291,23,791,1.1671955585479736,441,1.0667808055877686,1.0667808055877686,0.621889054775238,0.621889054775238,0.6218889951705933,0.4616791605949402,0.4616791605949402,0.4616791605949402,0.4616791605949402,20260702-01-flash-vqg-update-norm-event-trace-probe,2080ti,baseline-r2,zoology/experiments/flash_vqg/scripts/20260702-01-flash-vqg-update-norm-event-trace-probe/outputs/traces/2080ti/baseline-r2/event-2080ti-gpu0-baseline/train_step_512/update_event_trace.jsonl
False,1.0,,1.0,7,25,0,2.2432730197906494,2606,0,512,0,0.5,True,0.42850121364120664,1,0.46729445457458496,20260702-01-flash-vqg-update-norm-event-trace-probe-baseline-r2-s124-d123-b64ga4-2080ti-event-2080ti-gpu0-baseline,10,,,1.9562731981277466,31,255,1.1668578386306763,441,,,,,,0.5201586484909058,0.5201586484909058,0.5201586484909058,0.5201586484909058,20260702-01-flash-vqg-update-norm-event-trace-probe,2080ti,baseline-r2,zoology/experiments/flash_vqg/scripts/20260702-01-flash-vqg-update-norm-event-trace-probe/outputs/traces/2080ti/baseline-r2/event-2080ti-gpu0-baseline/train_step_512/update_event_trace.jsonl
False,1.0,,0.9999999403953552,27,25,0,2.2652595043182373,3881,0,512,0,0.5,True,0.4292546656825432,1,0.49282148480415344,20260702-01-flash-vqg-update-norm-event-trace-probe-baseline-r2-s124-d123-b64ga4-2080ti-event-2080ti-gpu0-baseline,15,,,1.976051926612854,27,891,1.1648097038269043,441,,,,,,0.5142058730125427,0.5142058730125427,0.5142058730125427,0.5142058730125427,20260702-01-flash-vqg-update-norm-event-trace-probe,2080ti,baseline-r2,zoology/experiments/flash_vqg/scripts/20260702-01-flash-vqg-update-norm-event-trace-probe/outputs/traces/2080ti/baseline-r2/event-2080ti-gpu0-baseline/train_step_512/update_event_trace.jsonl
False,1.0,,0.9999999403953552,18,33,0,2.1859383583068848,1601,0,512,0,0.5,True,0.4296125613951133,1,0.41460859775543213,20260702-01-flash-vqg-update-norm-event-trace-probe-baseline-r2-s124-d123-b64ga4-2080ti-event-2080ti-gpu0-baseline,6,,,1.9805022478103638,17,593,1.163839340209961,441,,,,,,0.5324209332466125,0.5324209332466125,0.5324209332466125,0.5324209332466125,20260702-01-flash-vqg-update-norm-event-trace-probe,2080ti,baseline-r2,zoology/experiments/flash_vqg/scripts/20260702-01-flash-vqg-update-norm-event-trace-probe/outputs/traces/2080ti/baseline-r2/event-2080ti-gpu0-baseline/train_step_512/update_event_trace.jsonl
False,1.0,,0.9999998807907104,22,22,0,2.861807107925415,3241,0,512,1,0.5,True,0.4298228282710692,1,0.5772131085395813,20260702-01-flash-vqg-update-norm-event-trace-probe-baseline-r2-s124-d123-b64ga4-3090-event-3090-gpu0-all,12,,,2.7836191654205322,21,725,1.1632699966430664,441,,,,,,0.40648090839385986,0.40648090839385986,0.40648090839385986,0.40648090839385986,20260702-01-flash-vqg-update-norm-event-trace-probe,3090,baseline-r2,zoology/experiments/flash_vqg/scripts/20260702-01-flash-vqg-update-norm-event-trace-probe/outputs/traces/3090/baseline-r2/event-3090-gpu0-all/train_step_512/update_event_trace.jsonl
False,1.0,,0.9999999403953552,2,25,0,2.1323447227478027,3878,1,512,0,0.5,True,0.43170053805297204,1,0.4768920838832855,20260702-01-flash-vqg-update-norm-event-trace-probe-baseline-r2-s124-d123-b64ga4-2080ti-event-2080ti-gpu0-baseline,15,,,2.0716726779937744,15,79,1.158210277557373,441,,,,,,0.5431627631187439,0.5431627631187439,0.5431627631187439,0.5431627631187439,20260702-01-flash-vqg-update-norm-event-trace-probe,2080ti,baseline-r2,zoology/experiments/flash_vqg/scripts/20260702-01-flash-vqg-update-norm-event-trace-probe/outputs/traces/2080ti/baseline-r2/event-2080ti-gpu0-baseline/train_step_512/update_event_trace.jsonl
False,1.0,,1.0,3,5,0,2.5672292709350586,1551,0,512,0,0.5,True,0.4322490926415596,1,0.4451412856578827,20260702-01-flash-vqg-update-norm-event-trace-probe-baseline-r2-s124-d123-b64ga4-2080ti-event-2080ti-gpu0-baseline,6,,,2.029930591583252,17,113,1.156740427017212,441,,,,,,0.45057934522628784,0.45057934522628784,0.45057934522628784,0.45057934522628784,20260702-01-flash-vqg-update-norm-event-trace-probe,2080ti,baseline-r2,zoology/experiments/flash_vqg/scripts/20260702-01-flash-vqg-update-norm-event-trace-probe/outputs/traces/2080ti/baseline-r2/event-2080ti-gpu0-baseline/train_step_512/update_event_trace.jsonl
False,1.0,,1.0,0,5,0,2.7684459686279297,2578,6,512,0,0.5,True,0.4333207568533895,1,0.5027614831924438,20260702-01-flash-vqg-update-norm-event-trace-probe-baseline-r2-s124-d123-b64ga4-2080ti-event-2080ti-gpu0-baseline,10,,,2.264585494995117,19,19,1.1538796424865723,441,,,,,,0.41679686307907104,0.41679686307907104,0.41679686307907104,0.41679686307907104,20260702-01-flash-vqg-update-norm-event-trace-probe,2080ti,baseline-r2,zoology/experiments/flash_vqg/scripts/20260702-01-flash-vqg-update-norm-event-trace-probe/outputs/traces/2080ti/baseline-r2/event-2080ti-gpu0-baseline/train_step_512/update_event_trace.jsonl
False,1.0,,1.0,0,22,0,3.5375239849090576,4017,2,512,1,0.5,True,0.43338299207671294,1,0.5712326169013977,20260702-01-flash-vqg-update-norm-event-trace-probe-baseline-r2-s124-d123-b64ga4-3090-event-3090-gpu0-all,15,,,3.4757001399993896,5,5,1.1537139415740967,441,,,,,,0.3261359930038452,0.3261359930038452,0.3261359930038452,0.3261359930038452,20260702-01-flash-vqg-update-norm-event-trace-probe,3090,baseline-r2,zoology/experiments/flash_vqg/scripts/20260702-01-flash-vqg-update-norm-event-trace-probe/outputs/traces/3090/baseline-r2/event-3090-gpu0-all/train_step_512/update_event_trace.jsonl
False,1.0,,1.0,0,5,0,2.5902442932128906,3091,7,512,0,0.5,True,0.4348666438224434,1,0.5570501089096069,20260702-01-flash-vqg-update-norm-event-trace-probe-baseline-r2-s124-d123-b64ga4-2080ti-event-2080ti-gpu0-baseline,12,,,2.557342767715454,29,29,1.1497777700424194,441,,,,,,0.44388777017593384,0.44388777017593384,0.44388777017593384,0.44388777017593384,20260702-01-flash-vqg-update-norm-event-trace-probe,2080ti,baseline-r2,zoology/experiments/flash_vqg/scripts/20260702-01-flash-vqg-update-norm-event-trace-probe/outputs/traces/2080ti/baseline-r2/event-2080ti-gpu0-baseline/train_step_512/update_event_trace.jsonl
False,1.0,,1.0,14,50,0,3.0649824142456055,2016,0,512,1,0.5,True,0.43519417757789763,1,0.564241886138916,20260702-01-flash-vqg-update-norm-event-trace-probe-baseline-r2-s124-d123-b64ga4-3090-event-3090-gpu0-all,7,,,2.8714652061462402,1,449,1.1489124298095703,441,,,,,,0.3748512268066406,0.3748512268066406,0.3748512268066406,0.3748512268066406,20260702-01-flash-vqg-update-norm-event-trace-probe,3090,baseline-r2,zoology/experiments/flash_vqg/scripts/20260702-01-flash-vqg-update-norm-event-trace-probe/outputs/traces/3090/baseline-r2/event-3090-gpu0-all/train_step_512/update_event_trace.jsonl
False,1.0,,0.9999999403953552,18,25,0,2.208768606185913,1064,1,512,0,0.5,True,0.43526725070302913,1,0.537598729133606,20260702-01-flash-vqg-update-norm-event-trace-probe-baseline-r2-s124-d123-b64ga4-2080ti-event-2080ti-gpu0-baseline,4,,,1.986790418624878,23,599,1.1487195491790771,441,,,,,,0.5200724005699158,0.5200724005699158,0.5200724005699158,0.5200724005699158,20260702-01-flash-vqg-update-norm-event-trace-probe,2080ti,baseline-r2,zoology/experiments/flash_vqg/scripts/20260702-01-flash-vqg-update-norm-event-trace-probe/outputs/traces/2080ti/baseline-r2/event-2080ti-gpu0-baseline/train_step_512/update_event_trace.jsonl
False,1.0,,1.0,8,50,0,2.7217342853546143,1508,0,512,1,0.5,True,0.435679502733966,1,0.7147426605224609,20260702-01-flash-vqg-update-norm-event-trace-probe-baseline-r2-s124-d123-b64ga4-3090-event-3090-gpu0-all,5,,,2.424746513366699,9,265,1.1476325988769531,441,,,,,,0.4216548800468445,0.4216548800468445,0.4216548800468445,0.4216548800468445,20260702-01-flash-vqg-update-norm-event-trace-probe,3090,baseline-r2,zoology/experiments/flash_vqg/scripts/20260702-01-flash-vqg-update-norm-event-trace-probe/outputs/traces/3090/baseline-r2/event-3090-gpu0-all/train_step_512/update_event_trace.jsonl
False,1.0,,1.0,7,33,0,2.2873711585998535,2370,1,512,0,0.5,True,0.43598306379495855,1,0.47886183857917786,20260702-01-flash-vqg-update-norm-event-trace-probe-baseline-r2-s124-d123-b64ga4-2080ti-event-2080ti-gpu0-baseline,9,,,2.0125348567962646,17,241,1.1468335390090942,441,,,,,,0.501376211643219,0.501376211643219,0.501376211643219,0.501376211643219,20260702-01-flash-vqg-update-norm-event-trace-probe,2080ti,baseline-r2,zoology/experiments/flash_vqg/scripts/20260702-01-flash-vqg-update-norm-event-trace-probe/outputs/traces/2080ti/baseline-r2/event-2080ti-gpu0-baseline/train_step_512/update_event_trace.jsonl
False,1.0,,0.9999999403953552,30,44,0,2.36755633354187,1384,0,512,0,0.5,True,0.4364407207347073,1,0.40528082847595215,20260702-01-flash-vqg-update-norm-event-trace-probe-baseline-r2-s124-d123-b64ga4-2080ti-event-2080ti-gpu0-baseline,5,,,2.108626127243042,11,971,1.145630955696106,441,,,,,,0.48388752341270447,0.48388752341270447,0.48388752341270447,0.48388752341270447,20260702-01-flash-vqg-update-norm-event-trace-probe,2080ti,baseline-r2,zoology/experiments/flash_vqg/scripts/20260702-01-flash-vqg-update-norm-event-trace-probe/outputs/traces/2080ti/baseline-r2/event-2080ti-gpu0-baseline/train_step_512/update_event_trace.jsonl
False,1.0,,1.0,29,31,0,2.1755590438842773,2868,2,512,0,0.5,True,0.43695769058032713,1,0.5149099826812744,20260702-01-flash-vqg-update-norm-event-trace-probe-baseline-r2-s124-d123-b64ga4-2080ti-event-2080ti-gpu0-baseline,11,,,2.092276096343994,31,959,1.1442755460739136,441,,,,,,0.5259684920310974,0.5259684920310974,0.5259684920310974,0.5259684920310974,20260702-01-flash-vqg-update-norm-event-trace-probe,2080ti,baseline-r2,zoology/experiments/flash_vqg/scripts/20260702-01-flash-vqg-update-norm-event-trace-probe/outputs/traces/2080ti/baseline-r2/event-2080ti-gpu0-baseline/train_step_512/update_event_trace.jsonl
False,1.0,,1.0,0,31,0,2.200336217880249,2611,8,512,0,0.5,True,0.43711593592098885,1,0.4121488332748413,20260702-01-flash-vqg-update-norm-event-trace-probe-baseline-r2-s124-d123-b64ga4-2080ti-event-2080ti-gpu0-baseline,10,,,2.044368267059326,15,15,1.1438612937927246,441,,,,,,0.5198575258255005,0.5198575258255005,0.5198575258255005,0.5198575258255005,20260702-01-flash-vqg-update-norm-event-trace-probe,2080ti,baseline-r2,zoology/experiments/flash_vqg/scripts/20260702-01-flash-vqg-update-norm-event-trace-probe/outputs/traces/2080ti/baseline-r2/event-2080ti-gpu0-baseline/train_step_512/update_event_trace.jsonl
False,1.0,,1.0,6,25,0,2.264849901199341,3631,1,512,0,0.5,True,0.4372687798750006,1,0.5496564507484436,20260702-01-flash-vqg-update-norm-event-trace-probe-baseline-r2-s124-d123-b64ga4-2080ti-event-2080ti-gpu0-baseline,14,,,1.9831825494766235,27,219,1.1434614658355713,441,,,,,,0.5048729777336121,0.5048729777336121,0.5048729777336121,0.5048729777336121,20260702-01-flash-vqg-update-norm-event-trace-probe,2080ti,baseline-r2,zoology/experiments/flash_vqg/scripts/20260702-01-flash-vqg-update-norm-event-trace-probe/outputs/traces/2080ti/baseline-r2/event-2080ti-gpu0-baseline/train_step_512/update_event_trace.jsonl
False,1.0,,0.9999999403953552,26,5,0,2.6098201274871826,1817,0,512,0,0.5,True,0.43805912722052937,1,0.6237211227416992,20260702-01-flash-vqg-update-norm-event-trace-probe-baseline-r2-s124-d123-b64ga4-2080ti-event-2080ti-gpu0-baseline,7,,,2.229585647583008,31,863,1.1413984298706055,441,,,,,,0.43734756112098694,0.43734756112098694,0.43734756112098694,0.43734756112098694,20260702-01-flash-vqg-update-norm-event-trace-probe,2080ti,baseline-r2,zoology/experiments/flash_vqg/scripts/20260702-01-flash-vqg-update-norm-event-trace-probe/outputs/traces/2080ti/baseline-r2/event-2080ti-gpu0-baseline/train_step_512/update_event_trace.jsonl
False,1.0,,1.0,5,25,0,2.560868740081787,541,1,512,0,0.5,True,0.4386245213284277,1,0.41577786207199097,20260702-01-flash-vqg-update-norm-event-trace-probe-baseline-r2-s124-d123-b64ga4-2080ti-event-2080ti-gpu0-baseline,2,0.666995644569397,0.666995644569397,2.1803407669067383,7,167,1.1399271488189697,441,1.1755497455596924,1.1755497455596924,0.45226290822029114,0.45226290822029114,0.45226284861564636,0.4451330006122589,0.4451330006122589,0.4451330006122589,0.4451330006122589,20260702-01-flash-vqg-update-norm-event-trace-probe,2080ti,baseline-r2,zoology/experiments/flash_vqg/scripts/20260702-01-flash-vqg-update-norm-event-trace-probe/outputs/traces/2080ti/baseline-r2/event-2080ti-gpu0-baseline/train_step_512/update_event_trace.jsonl
False,1.0,,1.0,1,25,0,2.192056655883789,1575,0,512,0,0.5,True,0.43862502589572,1,0.5639842748641968,20260702-01-flash-vqg-update-norm-event-trace-probe-baseline-r2-s124-d123-b64ga4-2080ti-event-2080ti-gpu0-baseline,6,,,1.954453468322754,27,59,1.1399258375167847,441,,,,,,0.5200257301330566,0.5200257301330566,0.5200257301330566,0.5200257301330566,20260702-01-flash-vqg-update-norm-event-trace-probe,2080ti,baseline-r2,zoology/experiments/flash_vqg/scripts/20260702-01-flash-vqg-update-norm-event-trace-probe/outputs/traces/2080ti/baseline-r2/event-2080ti-gpu0-baseline/train_step_512/update_event_trace.jsonl
False,1.0,,1.0,10,50,0,2.767472267150879,1773,0,512,1,0.5,True,0.4396000411689034,1,0.7369846105575562,20260702-01-flash-vqg-update-norm-event-trace-probe-baseline-r2-s124-d123-b64ga4-3090-event-3090-gpu0-all,6,,,2.3105456829071045,25,345,1.1373975276947021,441,,,,,,0.41098785400390625,0.41098785400390625,0.41098785400390625,0.41098785400390625,20260702-01-flash-vqg-update-norm-event-trace-probe,3090,baseline-r2,zoology/experiments/flash_vqg/scripts/20260702-01-flash-vqg-update-norm-event-trace-probe/outputs/traces/3090/baseline-r2/event-3090-gpu0-all/train_step_512/update_event_trace.jsonl
False,1.0,,0.9999999403953552,5,5,0,2.5655100345611572,3095,2,512,0,0.5,True,0.4396164441108139,1,0.580569326877594,20260702-01-flash-vqg-update-norm-event-trace-probe-baseline-r2-s124-d123-b64ga4-2080ti-event-2080ti-gpu0-baseline,12,,,2.252207040786743,31,191,1.137355089187622,441,,,,,,0.44332513213157654,0.44332513213157654,0.44332513213157654,0.44332513213157654,20260702-01-flash-vqg-update-norm-event-trace-probe,2080ti,baseline-r2,zoology/experiments/flash_vqg/scripts/20260702-01-flash-vqg-update-norm-event-trace-probe/outputs/traces/2080ti/baseline-r2/event-2080ti-gpu0-baseline/train_step_512/update_event_trace.jsonl
False,1.0,,1.0,31,44,0,2.2554996013641357,2669,2,512,0,0.5,True,0.4398592216922761,1,0.42612504959106445,20260702-01-flash-vqg-update-norm-event-trace-probe-baseline-r2-s124-d123-b64ga4-2080ti-event-2080ti-gpu0-baseline,10,,,2.047917366027832,27,1019,1.1367273330688477,441,,,,,,0.503980278968811,0.503980278968811,0.503980278968811,0.503980278968811,20260702-01-flash-vqg-update-norm-event-trace-probe,2080ti,baseline-r2,zoology/experiments/flash_vqg/scripts/20260702-01-flash-vqg-update-norm-event-trace-probe/outputs/traces/2080ti/baseline-r2/event-2080ti-gpu0-baseline/train_step_512/update_event_trace.jsonl
False,1.0,,1.0,8,44,0,2.0254085063934326,2148,3,512,0,0.5,True,0.4403057814341528,1,0.38017767667770386,20260702-01-flash-vqg-update-norm-event-trace-probe-baseline-r2-s124-d123-b64ga4-2080ti-event-2080ti-gpu0-baseline,8,,,1.9161025285720825,29,285,1.135574460029602,441,,,,,,0.5606644153594971,0.5606644153594971,0.5606644153594971,0.5606644153594971,20260702-01-flash-vqg-update-norm-event-trace-probe,2080ti,baseline-r2,zoology/experiments/flash_vqg/scripts/20260702-01-flash-vqg-update-norm-event-trace-probe/outputs/traces/2080ti/baseline-r2/event-2080ti-gpu0-baseline/train_step_512/update_event_trace.jsonl
False,1.0,,1.0,5,33,0,2.23476505279541,324,3,512,0,0.5,True,0.441396589558707,1,0.40188366174697876,20260702-01-flash-vqg-update-norm-event-trace-probe-baseline-r2-s124-d123-b64ga4-2080ti-event-2080ti-gpu0-baseline,1,0.01476248074322939,0.01476248074322939,1.96993887424469,7,167,1.132768154144287,441,0.3750833570957184,0.3750833570957184,0.9175044298171997,0.9175044298171997,0.9175044894218445,0.5068846940994263,0.5068846940994263,0.5068846940994263,0.5068846940994263,20260702-01-flash-vqg-update-norm-event-trace-probe,2080ti,baseline-r2,zoology/experiments/flash_vqg/scripts/20260702-01-flash-vqg-update-norm-event-trace-probe/outputs/traces/2080ti/baseline-r2/event-2080ti-gpu0-baseline/train_step_512/update_event_trace.jsonl
False,1.0,,1.0,1,50,0,2.9707393646240234,2283,0,512,1,0.5,True,0.4432628715518572,1,0.7301506400108337,20260702-01-flash-vqg-update-norm-event-trace-probe-baseline-r2-s124-d123-b64ga4-3090-event-3090-gpu0-all,8,,,2.972778081893921,23,55,1.1279988288879395,441,,,,,,0.3797030746936798,0.3797030746936798,0.3797030746936798,0.3797030746936798,20260702-01-flash-vqg-update-norm-event-trace-probe,3090,baseline-r2,zoology/experiments/flash_vqg/scripts/20260702-01-flash-vqg-update-norm-event-trace-probe/outputs/traces/3090/baseline-r2/event-3090-gpu0-all/train_step_512/update_event_trace.jsonl
False,1.0,,1.0,13,50,0,3.212705135345459,3309,0,512,1,0.5,True,0.4482723793704057,1,0.7024828195571899,20260702-01-flash-vqg-update-norm-event-trace-probe-baseline-r2-s124-d123-b64ga4-3090-event-3090-gpu0-all,12,,,2.966923713684082,21,437,1.1153932809829712,441,,,,,,0.3471819758415222,0.3471819758415222,0.3471819758415222,0.3471819758415222,20260702-01-flash-vqg-update-norm-event-trace-probe,3090,baseline-r2,zoology/experiments/flash_vqg/scripts/20260702-01-flash-vqg-update-norm-event-trace-probe/outputs/traces/3090/baseline-r2/event-3090-gpu0-all/train_step_512/update_event_trace.jsonl
False,1.0,,1.0,0,22,0,4.146732330322266,2729,3,512,1,0.5,True,0.450937977622024,1,0.4068026542663574,20260702-01-flash-vqg-update-norm-event-trace-probe-baseline-r2-s124-d123-b64ga4-3090-event-3090-gpu0-all,10,,,3.7905139923095703,13,13,1.108799934387207,441,,,,,,0.26739123463630676,0.26739123463630676,0.26739123463630676,0.26739123463630676,20260702-01-flash-vqg-update-norm-event-trace-probe,3090,baseline-r2,zoology/experiments/flash_vqg/scripts/20260702-01-flash-vqg-update-norm-event-trace-probe/outputs/traces/3090/baseline-r2/event-3090-gpu0-all/train_step_512/update_event_trace.jsonl
False,1.0,,0.9999999403953552,6,50,0,2.8204376697540283,229,0,512,1,0.5,True,0.45176293793944466,1,0.7037252187728882,20260702-01-flash-vqg-update-norm-event-trace-probe-baseline-r2-s124-d123-b64ga4-3090-event-3090-gpu0-all,0,0.44547343254089355,0.44547343254089355,2.6773838996887207,7,199,1.106775164604187,441,1.365065336227417,1.365065336227417,0.3238840699195862,0.3238840699195862,0.3238840699195862,0.39241257309913635,0.39241257309913635,0.39241257309913635,0.39241257309913635,20260702-01-flash-vqg-update-norm-event-trace-probe,3090,baseline-r2,zoology/experiments/flash_vqg/scripts/20260702-01-flash-vqg-update-norm-event-trace-probe/outputs/traces/3090/baseline-r2/event-3090-gpu0-all/train_step_512/update_event_trace.jsonl
False,1.0,,1.0,0,14,0,3.279264211654663,150,4,512,1,0.5,True,0.45325197145994695,1,0.5605268478393555,20260702-01-flash-vqg-update-norm-event-trace-probe-baseline-r2-s124-d123-b64ga4-3090-event-3090-gpu0-all,0,0.006177051924169064,0.006177051924169064,3.0702009201049805,15,15,1.1031391620635986,441,0.6101332902908325,0.6101332902908325,0.7960033416748047,0.7960033416748047,0.7960033416748047,0.3363983929157257,0.3363983929157257,0.3363983929157257,0.3363983929157257,20260702-01-flash-vqg-update-norm-event-trace-probe,3090,baseline-r2,zoology/experiments/flash_vqg/scripts/20260702-01-flash-vqg-update-norm-event-trace-probe/outputs/traces/3090/baseline-r2/event-3090-gpu0-all/train_step_512/update_event_trace.jsonl
False,1.0,,1.0,0,50,0,3.5593628883361816,2546,5,512,1,0.5,True,0.45362192584997924,1,0.606731653213501,20260702-01-flash-vqg-update-norm-event-trace-probe-baseline-r2-s124-d123-b64ga4-3090-event-3090-gpu0-all,9,,,3.1747708320617676,31,31,1.1022394895553589,441,,,,,,0.3096732497215271,0.3096732497215271,0.3096732497215271,0.3096732497215271,20260702-01-flash-vqg-update-norm-event-trace-probe,3090,baseline-r2,zoology/experiments/flash_vqg/scripts/20260702-01-flash-vqg-update-norm-event-trace-probe/outputs/traces/3090/baseline-r2/event-3090-gpu0-all/train_step_512/update_event_trace.jsonl
False,1.0,,1.0,0,48,0,3.3936359882354736,980,6,512,1,0.5,True,0.45644433866672846,1,0.5680628418922424,20260702-01-flash-vqg-update-norm-event-trace-probe-baseline-r2-s124-d123-b64ga4-3090-event-3090-gpu0-all,3,0.009400562383234501,0.009400562383234501,3.3965048789978027,21,21,1.0954238176345825,441,0.5344757437705994,0.5344757437705994,0.8467397093772888,0.8467397093772888,0.846739649772644,0.32278764247894287,0.32278764247894287,0.32278764247894287,0.32278764247894287,20260702-01-flash-vqg-update-norm-event-trace-probe,3090,baseline-r2,zoology/experiments/flash_vqg/scripts/20260702-01-flash-vqg-update-norm-event-trace-probe/outputs/traces/3090/baseline-r2/event-3090-gpu0-all/train_step_512/update_event_trace.jsonl
False,1.0,,1.0,5,22,0,2.344003677368164,2225,0,512,1,0.5,True,0.461577097046759,1,0.6554858088493347,20260702-01-flash-vqg-update-norm-event-trace-probe-baseline-r2-s124-d123-b64ga4-3090-event-3090-gpu0-all,8,,,2.246586799621582,27,187,1.083242654800415,441,,,,,,0.462133526802063,0.462133526802063,0.462133526802063,0.462133526802063,20260702-01-flash-vqg-update-norm-event-trace-probe,3090,baseline-r2,zoology/experiments/flash_vqg/scripts/20260702-01-flash-vqg-update-norm-event-trace-probe/outputs/traces/3090/baseline-r2/event-3090-gpu0-all/train_step_512/update_event_trace.jsonl
False,1.0,,1.0,16,50,0,2.589066743850708,1525,0,512,1,0.5,True,0.4626071948844691,1,0.5769827365875244,20260702-01-flash-vqg-update-norm-event-trace-probe-baseline-r2-s124-d123-b64ga4-3090-event-3090-gpu0-all,5,,,2.388598680496216,29,541,1.0808305740356445,441,,,,,,0.41745954751968384,0.41745954751968384,0.41745954751968384,0.41745954751968384,20260702-01-flash-vqg-update-norm-event-trace-probe,3090,baseline-r2,zoology/experiments/flash_vqg/scripts/20260702-01-flash-vqg-update-norm-event-trace-probe/outputs/traces/3090/baseline-r2/event-3090-gpu0-all/train_step_512/update_event_trace.jsonl
False,1.0,,0.9999999403953552,31,22,0,2.9154462814331055,680,0,512,1,0.5,True,0.4634179891923378,1,0.6086958646774292,20260702-01-flash-vqg-update-norm-event-trace-probe-baseline-r2-s124-d123-b64ga4-3090-event-3090-gpu0-all,2,0.0078920628875494,0.0078920628875494,2.5892786979675293,3,995,1.0789395570755005,441,1.1139394044876099,1.1139394044876099,0.49967488646507263,0.49967488646507263,0.49967488646507263,0.370076984167099,0.370076984167099,0.370076984167099,0.370076984167099,20260702-01-flash-vqg-update-norm-event-trace-probe,3090,baseline-r2,zoology/experiments/flash_vqg/scripts/20260702-01-flash-vqg-update-norm-event-trace-probe/outputs/traces/3090/baseline-r2/event-3090-gpu0-all/train_step_512/update_event_trace.jsonl
False,1.0,,1.0,0,50,0,3.605473041534424,752,7,512,1,0.5,True,0.46362985696939146,1,0.7220341563224792,20260702-01-flash-vqg-update-norm-event-trace-probe-baseline-r2-s124-d123-b64ga4-3090-event-3090-gpu0-all,2,0.006887396797537804,0.006887396797537804,3.61969256401062,25,25,1.0784465074539185,441,0.5761727094650269,0.5761727094650269,0.8496447801589966,0.8496447801589966,0.8496447801589966,0.2991137206554413,0.2991137206554413,0.2991137206554413,0.2991137206554413,20260702-01-flash-vqg-update-norm-event-trace-probe,3090,baseline-r2,zoology/experiments/flash_vqg/scripts/20260702-01-flash-vqg-update-norm-event-trace-probe/outputs/traces/3090/baseline-r2/event-3090-gpu0-all/train_step_512/update_event_trace.jsonl
False,1.0,,1.0,11,22,0,2.629664182662964,2740,0,512,1,0.5,True,0.46378119252568056,1,0.6887567639350891,20260702-01-flash-vqg-update-norm-event-trace-probe-baseline-r2-s124-d123-b64ga4-3090-event-3090-gpu0-all,10,,,2.372091770172119,27,379,1.0780946016311646,441,,,,,,0.40997424721717834,0.40997424721717834,0.40997424721717834,0.40997424721717834,20260702-01-flash-vqg-update-norm-event-trace-probe,3090,baseline-r2,zoology/experiments/flash_vqg/scripts/20260702-01-flash-vqg-update-norm-event-trace-probe/outputs/traces/3090/baseline-r2/event-3090-gpu0-all/train_step_512/update_event_trace.jsonl
False,1.0,,1.0,0,50,0,3.8757717609405518,1013,8,512,1,0.5,True,0.46566223105764165,1,0.6536665558815002,20260702-01-flash-vqg-update-norm-event-trace-probe-baseline-r2-s124-d123-b64ga4-3090-event-3090-gpu0-all,3,0.3681853711605072,0.3681853711605072,3.5294253826141357,31,31,1.0737396478652954,441,0.5166287422180176,0.5166287422180176,0.8704045414924622,0.8704045414924622,0.8704046010971069,0.27703893184661865,0.27703893184661865,0.27703893184661865,0.27703893184661865,20260702-01-flash-vqg-update-norm-event-trace-probe,3090,baseline-r2,zoology/experiments/flash_vqg/scripts/20260702-01-flash-vqg-update-norm-event-trace-probe/outputs/traces/3090/baseline-r2/event-3090-gpu0-all/train_step_512/update_event_trace.jsonl
False,1.0,,1.0,11,22,0,2.906235456466675,3764,1,512,1,0.5,True,0.4682151400915599,1,0.630051851272583,20260702-01-flash-vqg-update-norm-event-trace-probe-baseline-r2-s124-d123-b64ga4-3090-event-3090-gpu0-all,14,,,2.7370858192443848,31,383,1.067885160446167,441,,,,,,0.3674462139606476,0.3674462139606476,0.3674462139606476,0.3674462139606476,20260702-01-flash-vqg-update-norm-event-trace-probe,3090,baseline-r2,zoology/experiments/flash_vqg/scripts/20260702-01-flash-vqg-update-norm-event-trace-probe/outputs/traces/3090/baseline-r2/event-3090-gpu0-all/train_step_512/update_event_trace.jsonl
False,1.0,,1.0,6,22,0,2.7686402797698975,4008,1,512,1,0.5,True,0.4688589656182716,1,0.6508198976516724,20260702-01-flash-vqg-update-norm-event-trace-probe-baseline-r2-s124-d123-b64ga4-3090-event-3090-gpu0-all,15,,,2.324981927871704,7,199,1.0664187669754028,441,,,,,,0.3851777911186218,0.3851777911186218,0.3851777911186218,0.3851777911186218,20260702-01-flash-vqg-update-norm-event-trace-probe,3090,baseline-r2,zoology/experiments/flash_vqg/scripts/20260702-01-flash-vqg-update-norm-event-trace-probe/outputs/traces/3090/baseline-r2/event-3090-gpu0-all/train_step_512/update_event_trace.jsonl
False,1.0,,1.0,8,50,0,2.6791269779205322,3825,1,512,1,0.5,True,0.4689010032121974,1,0.6352185010910034,20260702-01-flash-vqg-update-norm-event-trace-probe-baseline-r2-s124-d123-b64ga4-3090-event-3090-gpu0-all,14,,,2.314181089401245,29,285,1.066323161125183,441,,,,,,0.3980114459991455,0.3980114459991455,0.3980114459991455,0.3980114459991455,20260702-01-flash-vqg-update-norm-event-trace-probe,3090,baseline-r2,zoology/experiments/flash_vqg/scripts/20260702-01-flash-vqg-update-norm-event-trace-probe/outputs/traces/3090/baseline-r2/event-3090-gpu0-all/train_step_512/update_event_trace.jsonl
False,1.0,,0.9999999403953552,10,50,0,2.50895619392395,2020,1,512,1,0.5,True,0.4701080475229769,1,0.6719024181365967,20260702-01-flash-vqg-update-norm-event-trace-probe-baseline-r2-s124-d123-b64ga4-3090-event-3090-gpu0-all,7,,,2.3372108936309814,7,327,1.0635852813720703,441,,,,,,0.42391544580459595,0.42391544580459595,0.42391544580459595,0.42391544580459595,20260702-01-flash-vqg-update-norm-event-trace-probe,3090,baseline-r2,zoology/experiments/flash_vqg/scripts/20260702-01-flash-vqg-update-norm-event-trace-probe/outputs/traces/3090/baseline-r2/event-3090-gpu0-all/train_step_512/update_event_trace.jsonl
False,1.0,,1.0,14,22,0,3.0903990268707275,3495,1,512,1,0.5,True,0.47075857234234575,1,0.5910123586654663,20260702-01-flash-vqg-update-norm-event-trace-probe-baseline-r2-s124-d123-b64ga4-3090-event-3090-gpu0-all,13,,,2.8965659141540527,1,449,1.0621155500411987,441,,,,,,0.34368231892585754,0.34368231892585754,0.34368231892585754,0.34368231892585754,20260702-01-flash-vqg-update-norm-event-trace-probe,3090,baseline-r2,zoology/experiments/flash_vqg/scripts/20260702-01-flash-vqg-update-norm-event-trace-probe/outputs/traces/3090/baseline-r2/event-3090-gpu0-all/train_step_512/update_event_trace.jsonl
False,1.0,,1.0,27,36,0,3.3238120079040527,1722,0,512,1,0.5,True,0.4719489233896979,1,0.4639700949192047,20260702-01-flash-vqg-update-norm-event-trace-probe-baseline-r2-s124-d123-b64ga4-3090-event-3090-gpu0-all,6,,,2.7274913787841797,7,871,1.0594366788864136,441,,,,,,0.31874144077301025,0.31874144077301025,0.31874144077301025,0.31874144077301025,20260702-01-flash-vqg-update-norm-event-trace-probe,3090,baseline-r2,zoology/experiments/flash_vqg/scripts/20260702-01-flash-vqg-update-norm-event-trace-probe/outputs/traces/3090/baseline-r2/event-3090-gpu0-all/train_step_512/update_event_trace.jsonl
False,1.0,,1.0,3,50,0,2.8856048583984375,2785,0,512,1,0.5,True,0.4733743945134986,1,0.6841135025024414,20260702-01-flash-vqg-update-norm-event-trace-probe-baseline-r2-s124-d123-b64ga4-3090-event-3090-gpu0-all,10,,,2.62641978263855,9,105,1.0562463998794556,441,,,,,,0.36603984236717224,0.36603984236717224,0.36603984236717224,0.36603984236717224,20260702-01-flash-vqg-update-norm-event-trace-probe,3090,baseline-r2,zoology/experiments/flash_vqg/scripts/20260702-01-flash-vqg-update-norm-event-trace-probe/outputs/traces/3090/baseline-r2/event-3090-gpu0-all/train_step_512/update_event_trace.jsonl
False,1.0,,0.9999999403953552,0,48,0,3.5197227001190186,733,9,512,1,0.5,True,0.4734285208609499,1,0.5148626565933228,20260702-01-flash-vqg-update-norm-event-trace-probe-baseline-r2-s124-d123-b64ga4-3090-event-3090-gpu0-all,2,0.24532929062843323,0.24532929062843323,3.360440492630005,29,29,1.0561256408691406,441,0.5589829683303833,0.5589829683303833,0.8598306179046631,0.8598306179046631,0.8598306179046631,0.30005934834480286,0.30005934834480286,0.30005934834480286,0.30005934834480286,20260702-01-flash-vqg-update-norm-event-trace-probe,3090,baseline-r2,zoology/experiments/flash_vqg/scripts/20260702-01-flash-vqg-update-norm-event-trace-probe/outputs/traces/3090/baseline-r2/event-3090-gpu0-all/train_step_512/update_event_trace.jsonl
False,1.0,,1.0,3,50,0,2.853984832763672,1505,1,512,1,0.5,True,0.4736860174950715,1,0.6990678906440735,20260702-01-flash-vqg-update-norm-event-trace-probe-baseline-r2-s124-d123-b64ga4-3090-event-3090-gpu0-all,5,,,2.573389768600464,1,97,1.055551528930664,441,,,,,,0.36985182762145996,0.36985182762145996,0.36985182762145996,0.36985182762145996,20260702-01-flash-vqg-update-norm-event-trace-probe,3090,baseline-r2,zoology/experiments/flash_vqg/scripts/20260702-01-flash-vqg-update-norm-event-trace-probe/outputs/traces/3090/baseline-r2/event-3090-gpu0-all/train_step_512/update_event_trace.jsonl
False,1.0,,1.0,7,50,0,2.7317192554473877,756,0,512,1,0.5,True,0.47414674467703155,1,0.6736934781074524,20260702-01-flash-vqg-update-norm-event-trace-probe-baseline-r2-s124-d123-b64ga4-3090-event-3090-gpu0-all,2,0.01571248099207878,0.01571248099207878,2.544121503829956,29,253,1.0545258522033691,441,0.3937514126300812,0.3937514126300812,0.9121201038360596,0.9121201038360596,0.9121201038360596,0.3860301077365875,0.3860301077365875,0.3860301077365875,0.3860301077365875,20260702-01-flash-vqg-update-norm-event-trace-probe,3090,baseline-r2,zoology/experiments/flash_vqg/scripts/20260702-01-flash-vqg-update-norm-event-trace-probe/outputs/traces/3090/baseline-r2/event-3090-gpu0-all/train_step_512/update_event_trace.jsonl
False,1.0,,1.0,10,50,0,2.7703635692596436,2295,2,512,1,0.5,True,0.4741989569283541,1,0.6850652694702148,20260702-01-flash-vqg-update-norm-event-trace-probe-baseline-r2-s124-d123-b64ga4-3090-event-3090-gpu0-all,8,,,2.4407005310058594,31,351,1.0544097423553467,441,,,,,,0.3806034028530121,0.3806034028530121,0.3806034028530121,0.3806034028530121,20260702-01-flash-vqg-update-norm-event-trace-probe,3090,baseline-r2,zoology/experiments/flash_vqg/scripts/20260702-01-flash-vqg-update-norm-event-trace-probe/outputs/traces/3090/baseline-r2/event-3090-gpu0-all/train_step_512/update_event_trace.jsonl
False,1.0,,1.0,0,48,0,3.3924379348754883,470,10,512,1,0.5,True,0.4776320097295949,1,0.5668699741363525,20260702-01-flash-vqg-update-norm-event-trace-probe-baseline-r2-s124-d123-b64ga4-3090-event-3090-gpu0-all,1,0.006647955160588026,0.006647955160588026,3.1898019313812256,21,21,1.0468310117721558,441,0.49809786677360535,0.49809786677360535,0.8644344806671143,0.8644344806671143,0.8644344806671143,0.3085778057575226,0.3085778057575226,0.3085778057575226,0.3085778057575226,20260702-01-flash-vqg-update-norm-event-trace-probe,3090,baseline-r2,zoology/experiments/flash_vqg/scripts/20260702-01-flash-vqg-update-norm-event-trace-probe/outputs/traces/3090/baseline-r2/event-3090-gpu0-all/train_step_512/update_event_trace.jsonl
False,1.0,,1.0,6,22,0,2.839470148086548,1972,2,512,1,0.5,True,0.47878428199149325,1,0.6318507790565491,20260702-01-flash-vqg-update-norm-event-trace-probe-baseline-r2-s124-d123-b64ga4-3090-event-3090-gpu0-all,7,,,2.3768651485443115,21,213,1.0443116426467896,441,,,,,,0.36778396368026733,0.36778396368026733,0.36778396368026733,0.36778396368026733,20260702-01-flash-vqg-update-norm-event-trace-probe,3090,baseline-r2,zoology/experiments/flash_vqg/scripts/20260702-01-flash-vqg-update-norm-event-trace-probe/outputs/traces/3090/baseline-r2/event-3090-gpu0-all/train_step_512/update_event_trace.jsonl
False,1.0,,1.0,2,50,0,2.7048394680023193,1761,0,512,1,0.5,True,0.47911472778055164,1,0.673258900642395,20260702-01-flash-vqg-update-norm-event-trace-probe-baseline-r2-s124-d123-b64ga4-3090-event-3090-gpu0-all,6,,,2.624889850616455,1,65,1.0435913801193237,441,,,,,,0.3858237564563751,0.3858237564563751,0.3858237564563751,0.3858237564563751,20260702-01-flash-vqg-update-norm-event-trace-probe,3090,baseline-r2,zoology/experiments/flash_vqg/scripts/20260702-01-flash-vqg-update-norm-event-trace-probe/outputs/traces/3090/baseline-r2/event-3090-gpu0-all/train_step_512/update_event_trace.jsonl
False,1.0,,1.0,12,22,0,2.5245113372802734,2991,0,512,1,0.5,True,0.4800168829180165,1,0.6323387622833252,20260702-01-flash-vqg-update-norm-event-trace-probe-baseline-r2-s124-d123-b64ga4-3090-event-3090-gpu0-all,11,,,2.5422823429107666,17,401,1.0416300296783447,441,,,,,,0.4126065969467163,0.4126065969467163,0.4126065969467163,0.4126065969467163,20260702-01-flash-vqg-update-norm-event-trace-probe,3090,baseline-r2,zoology/experiments/flash_vqg/scripts/20260702-01-flash-vqg-update-norm-event-trace-probe/outputs/traces/3090/baseline-r2/event-3090-gpu0-all/train_step_512/update_event_trace.jsonl
False,1.0,,1.0,12,22,0,2.3704793453216553,173,1,512,1,0.5,True,0.4803732392172385,1,0.6794344186782837,20260702-01-flash-vqg-update-norm-event-trace-probe-baseline-r2-s124-d123-b64ga4-3090-event-3090-gpu0-all,0,0.46682462096214294,0.46682462096214294,2.232130527496338,23,407,1.0408573150634766,441,1.2967543601989746,1.2967543601989746,0.42043405771255493,0.42043405771255493,0.42043405771255493,0.4390914738178253,0.4390914738178253,0.4390914738178253,0.4390914738178253,20260702-01-flash-vqg-update-norm-event-trace-probe,3090,baseline-r2,zoology/experiments/flash_vqg/scripts/20260702-01-flash-vqg-update-norm-event-trace-probe/outputs/traces/3090/baseline-r2/event-3090-gpu0-all/train_step_512/update_event_trace.jsonl
False,1.0,,1.0,0,50,0,2.806915760040283,3292,11,512,1,0.5,True,0.48167731910991474,1,0.5413106083869934,20260702-01-flash-vqg-update-norm-event-trace-probe-baseline-r2-s124-d123-b64ga4-3090-event-3090-gpu0-all,12,,,2.8213796615600586,5,5,1.0380393266677856,441,,,,,,0.369814932346344,0.369814932346344,0.369814932346344,0.369814932346344,20260702-01-flash-vqg-update-norm-event-trace-probe,3090,baseline-r2,zoology/experiments/flash_vqg/scripts/20260702-01-flash-vqg-update-norm-event-trace-probe/outputs/traces/3090/baseline-r2/event-3090-gpu0-all/train_step_512/update_event_trace.jsonl
False,1.0,,1.0,11,50,0,2.2763097286224365,238,2,512,1,0.5,True,0.4819721136024988,1,0.6699089407920837,20260702-01-flash-vqg-update-norm-event-trace-probe-baseline-r2-s124-d123-b64ga4-3090-event-3090-gpu0-all,0,0.014025257900357246,0.014025257900357246,2.085587978363037,23,375,1.0374044179916382,441,0.4865599572658539,0.4865599572658539,0.8837702870368958,0.8837702870368958,0.8837702870368958,0.4557395577430725,0.4557395577430725,0.4557395577430725,0.4557395577430725,20260702-01-flash-vqg-update-norm-event-trace-probe,3090,baseline-r2,zoology/experiments/flash_vqg/scripts/20260702-01-flash-vqg-update-norm-event-trace-probe/outputs/traces/3090/baseline-r2/event-3090-gpu0-all/train_step_512/update_event_trace.jsonl
False,1.0,,1.0,3,50,0,2.8224053382873535,1768,2,512,1,0.5,True,0.4826425260097734,1,0.6149885654449463,20260702-01-flash-vqg-update-norm-event-trace-probe-baseline-r2-s124-d123-b64ga4-3090-event-3090-gpu0-all,6,,,2.6337058544158936,11,107,1.0359634160995483,441,,,,,,0.36704984307289124,0.36704984307289124,0.36704984307289124,0.36704984307289124,20260702-01-flash-vqg-update-norm-event-trace-probe,3090,baseline-r2,zoology/experiments/flash_vqg/scripts/20260702-01-flash-vqg-update-norm-event-trace-probe/outputs/traces/3090/baseline-r2/event-3090-gpu0-all/train_step_512/update_event_trace.jsonl
False,1.0,,1.0,0,14,0,3.6806867122650146,1431,12,512,1,0.5,True,0.48341797144905735,1,0.5597783327102661,20260702-01-flash-vqg-update-norm-event-trace-probe-baseline-r2-s124-d123-b64ga4-3090-event-3090-gpu0-all,5,,,3.6333351135253906,13,13,1.0343016386032104,441,,,,,,0.2810077965259552,0.2810077965259552,0.2810077965259552,0.2810077965259552,20260702-01-flash-vqg-update-norm-event-trace-probe,3090,baseline-r2,zoology/experiments/flash_vqg/scripts/20260702-01-flash-vqg-update-norm-event-trace-probe/outputs/traces/3090/baseline-r2/event-3090-gpu0-all/train_step_512/update_event_trace.jsonl
False,1.0,,1.0,1,50,0,2.4625954627990723,223,1,512,1,0.5,True,0.4859534975978096,1,0.7268738150596619,20260702-01-flash-vqg-update-norm-event-trace-probe-baseline-r2-s124-d123-b64ga4-3090-event-3090-gpu0-all,0,0.29546165466308594,0.29546165466308594,2.4394195079803467,7,39,1.0289050340652466,441,0.6843351125717163,0.6843351125717163,0.7704837918281555,0.7704837918281555,0.7704838514328003,0.417813241481781,0.417813241481781,0.417813241481781,0.417813241481781,20260702-01-flash-vqg-update-norm-event-trace-probe,3090,baseline-r2,zoology/experiments/flash_vqg/scripts/20260702-01-flash-vqg-update-norm-event-trace-probe/outputs/traces/3090/baseline-r2/event-3090-gpu0-all/train_step_512/update_event_trace.jsonl
False,1.0,,1.0,25,50,0,2.897367238998413,3558,0,512,1,0.5,True,0.48640794747360466,1,0.70755934715271,20260702-01-flash-vqg-update-norm-event-trace-probe-baseline-r2-s124-d123-b64ga4-3090-event-3090-gpu0-all,13,,,2.7690587043762207,13,813,1.027943730354309,441,,,,,,0.3547854423522949,0.3547854423522949,0.3547854423522949,0.3547854423522949,20260702-01-flash-vqg-update-norm-event-trace-probe,3090,baseline-r2,zoology/experiments/flash_vqg/scripts/20260702-01-flash-vqg-update-norm-event-trace-probe/outputs/traces/3090/baseline-r2/event-3090-gpu0-all/train_step_512/update_event_trace.jsonl
False,1.0,,1.0,10,50,0,3.13677978515625,2017,3,512,1,0.5,True,0.48751867146029154,1,0.6020556688308716,20260702-01-flash-vqg-update-norm-event-trace-probe-baseline-r2-s124-d123-b64ga4-3090-event-3090-gpu0-all,7,,,2.4670395851135254,3,323,1.0256017446517944,441,,,,,,0.3269600570201874,0.3269600570201874,0.3269600570201874,0.3269600570201874,20260702-01-flash-vqg-update-norm-event-trace-probe,3090,baseline-r2,zoology/experiments/flash_vqg/scripts/20260702-01-flash-vqg-update-norm-event-trace-probe/outputs/traces/3090/baseline-r2/event-3090-gpu0-all/train_step_512/update_event_trace.jsonl
False,1.0,,1.0,17,48,0,2.6090214252471924,711,0,512,1,0.5,True,0.4877508859758526,1,0.5131955742835999,20260702-01-flash-vqg-update-norm-event-trace-probe-baseline-r2-s124-d123-b64ga4-3090-event-3090-gpu0-all,2,0.08641199767589569,0.08641199767589569,2.3458313941955566,7,551,1.0251134634017944,441,0.5459325313568115,0.5459325313568115,0.8397643566131592,0.8397643566131592,0.839764416217804,0.39291107654571533,0.39291107654571533,0.39291107654571533,0.39291107654571533,20260702-01-flash-vqg-update-norm-event-trace-probe,3090,baseline-r2,zoology/experiments/flash_vqg/scripts/20260702-01-flash-vqg-update-norm-event-trace-probe/outputs/traces/3090/baseline-r2/event-3090-gpu0-all/train_step_512/update_event_trace.jsonl
False,1.0,,0.9999999403953552,0,39,0,2.8310492038726807,3396,0,192,0,0.5,True,0.48836764408799527,1,0.7983658909797668,20260702-01-flash-vqg-update-norm-event-trace-probe-baseline-r2-s124-d123-b64ga4-3090-event-3090-gpu0-all,13,,,3.132534980773926,4,4,1.023818850517273,441,,,,,,0.3616393506526947,0.3616393506526947,0.3616393506526947,0.3616393506526947,20260702-01-flash-vqg-update-norm-event-trace-probe,3090,baseline-r2,zoology/experiments/flash_vqg/scripts/20260702-01-flash-vqg-update-norm-event-trace-probe/outputs/traces/3090/baseline-r2/event-3090-gpu0-all/train_step_192/update_event_trace.jsonl
False,1.0,,1.0,0,14,0,3.3536875247955322,1173,13,512,1,0.5,True,0.48871270820780927,1,0.5087788105010986,20260702-01-flash-vqg-update-norm-event-trace-probe-baseline-r2-s124-d123-b64ga4-3090-event-3090-gpu0-all,4,,,3.3269269466400146,17,17,1.023095965385437,441,,,,,,0.30506598949432373,0.30506598949432373,0.30506598949432373,0.30506598949432373,20260702-01-flash-vqg-update-norm-event-trace-probe,3090,baseline-r2,zoology/experiments/flash_vqg/scripts/20260702-01-flash-vqg-update-norm-event-trace-probe/outputs/traces/3090/baseline-r2/event-3090-gpu0-all/train_step_512/update_event_trace.jsonl
False,1.0,,1.0,1,36,0,3.0839240550994873,960,2,512,1,0.5,True,0.4898506997968914,1,0.3965255320072174,20260702-01-flash-vqg-update-norm-event-trace-probe-baseline-r2-s124-d123-b64ga4-3090-event-3090-gpu0-all,3,0.007558153476566076,0.007558153476566076,3.087886333465576,23,55,1.0207191705703735,441,0.5135032534599304,0.5135032534599304,0.849372148513794,0.849372148513794,0.849372148513794,0.33098065853118896,0.33098065853118896,0.33098065853118896,0.33098065853118896,20260702-01-flash-vqg-update-norm-event-trace-probe,3090,baseline-r2,zoology/experiments/flash_vqg/scripts/20260702-01-flash-vqg-update-norm-event-trace-probe/outputs/traces/3090/baseline-r2/event-3090-gpu0-all/train_step_512/update_event_trace.jsonl
False,1.0,,0.9999999403953552,3,22,0,2.642728090286255,3514,3,512,1,0.5,True,0.49070253940632574,1,0.6338909864425659,20260702-01-flash-vqg-update-norm-event-trace-probe-baseline-r2-s124-d123-b64ga4-3090-event-3090-gpu0-all,13,,,2.5256333351135254,31,127,1.0189472436904907,441,,,,,,0.3855664134025574,0.3855664134025574,0.3855664134025574,0.3855664134025574,20260702-01-flash-vqg-update-norm-event-trace-probe,3090,baseline-r2,zoology/experiments/flash_vqg/scripts/20260702-01-flash-vqg-update-norm-event-trace-probe/outputs/traces/3090/baseline-r2/event-3090-gpu0-all/train_step_512/update_event_trace.jsonl
False,1.0,,1.0,7,22,0,2.7203421592712402,2214,1,512,1,0.5,True,0.493868130752767,1,0.660410463809967,20260702-01-flash-vqg-update-norm-event-trace-probe-baseline-r2-s124-d123-b64ga4-3090-event-3090-gpu0-all,8,,,2.4299280643463135,11,235,1.0124160051345825,441,,,,,,0.37216493487358093,0.37216493487358093,0.37216493487358093,0.37216493487358093,20260702-01-flash-vqg-update-norm-event-trace-probe,3090,baseline-r2,zoology/experiments/flash_vqg/scripts/20260702-01-flash-vqg-update-norm-event-trace-probe/outputs/traces/3090/baseline-r2/event-3090-gpu0-all/train_step_512/update_event_trace.jsonl
False,1.0,,1.0,0,36,0,3.25034499168396,3010,14,512,1,0.5,True,0.5008540411238952,1,0.5563238263130188,20260702-01-flash-vqg-update-norm-event-trace-probe-baseline-r2-s124-d123-b64ga4-3090-event-3090-gpu0-all,11,,,3.373194694519043,27,27,0.9982948303222656,441,,,,,,0.30713504552841187,0.30713504552841187,0.30713504552841187,0.30713504552841187,20260702-01-flash-vqg-update-norm-event-trace-probe,3090,baseline-r2,zoology/experiments/flash_vqg/scripts/20260702-01-flash-vqg-update-norm-event-trace-probe/outputs/traces/3090/baseline-r2/event-3090-gpu0-all/train_step_512/update_event_trace.jsonl
False,1.0,,1.0,14,22,0,2.5905842781066895,180,2,512,1,0.5,True,0.5015218542575988,1,0.621749758720398,20260702-01-flash-vqg-update-norm-event-trace-probe-baseline-r2-s124-d123-b64ga4-3090-event-3090-gpu0-all,0,0.012265733443200588,0.012265733443200588,2.383819103240967,29,477,0.9969655275344849,441,0.46055173873901367,0.46055173873901367,0.8919442296028137,0.8919442296028137,0.8919442892074585,0.3848419487476349,0.3848419487476349,0.3848419487476349,0.3848419487476349,20260702-01-flash-vqg-update-norm-event-trace-probe,3090,baseline-r2,zoology/experiments/flash_vqg/scripts/20260702-01-flash-vqg-update-norm-event-trace-probe/outputs/traces/3090/baseline-r2/event-3090-gpu0-all/train_step_512/update_event_trace.jsonl
False,1.0,,1.0,21,50,0,3.1535191535949707,229,0,512,1,0.5,True,0.501840486833744,1,0.5697450041770935,20260702-01-flash-vqg-update-norm-event-trace-probe-baseline-r2-s124-d123-b64ga4-3090-event-3090-gpu0-all,0,0.011509515345096588,0.011509515345096588,2.8897502422332764,11,683,0.9963325262069702,441,1.103440761566162,1.103440761566162,0.602789580821991,0.602789580821991,0.602789580821991,0.31594306230545044,0.31594306230545044,0.31594306230545044,0.31594306230545044,20260702-01-flash-vqg-update-norm-event-trace-probe,3090,baseline-r2,zoology/experiments/flash_vqg/scripts/20260702-01-flash-vqg-update-norm-event-trace-probe/outputs/traces/3090/baseline-r2/event-3090-gpu0-all/train_step_512/update_event_trace.jsonl
False,1.0,,1.0,7,22,0,2.311675786972046,3234,2,512,1,0.5,True,0.5019696452448436,1,0.6512976884841919,20260702-01-flash-vqg-update-norm-event-trace-probe-baseline-r2-s124-d123-b64ga4-3090-event-3090-gpu0-all,12,,,2.159335136413574,9,233,0.9960761666297913,441,,,,,,0.43088921904563904,0.43088921904563904,0.43088921904563904,0.43088921904563904,20260702-01-flash-vqg-update-norm-event-trace-probe,3090,baseline-r2,zoology/experiments/flash_vqg/scripts/20260702-01-flash-vqg-update-norm-event-trace-probe/outputs/traces/3090/baseline-r2/event-3090-gpu0-all/train_step_512/update_event_trace.jsonl
False,1.0,,1.0,3,22,0,2.689556837081909,1702,4,512,1,0.5,True,0.5027798027829135,1,0.6129062175750732,20260702-01-flash-vqg-update-norm-event-trace-probe-baseline-r2-s124-d123-b64ga4-3090-event-3090-gpu0-all,6,,,2.4324755668640137,3,99,0.9944711327552795,441,,,,,,0.36975279450416565,0.36975279450416565,0.36975279450416565,0.36975279450416565,20260702-01-flash-vqg-update-norm-event-trace-probe,3090,baseline-r2,zoology/experiments/flash_vqg/scripts/20260702-01-flash-vqg-update-norm-event-trace-probe/outputs/traces/3090/baseline-r2/event-3090-gpu0-all/train_step_512/update_event_trace.jsonl
False,1.0,,0.9999999403953552,0,48,0,3.34505295753479,3283,15,512,1,0.5,True,0.5031517279981843,1,0.3984890282154083,20260702-01-flash-vqg-update-norm-event-trace-probe-baseline-r2-s124-d123-b64ga4-3090-event-3090-gpu0-all,12,,,3.3036892414093018,27,27,0.9937360286712646,441,,,,,,0.2970763146877289,0.2970763146877289,0.2970763146877289,0.2970763146877289,20260702-01-flash-vqg-update-norm-event-trace-probe,3090,baseline-r2,zoology/experiments/flash_vqg/scripts/20260702-01-flash-vqg-update-norm-event-trace-probe/outputs/traces/3090/baseline-r2/event-3090-gpu0-all/train_step_512/update_event_trace.jsonl
False,1.0,,0.9999999403953552,0,50,0,3.0111255645751953,3560,16,512,1,0.5,True,0.503290862495099,1,0.6117962598800659,20260702-01-flash-vqg-update-norm-event-trace-probe-baseline-r2-s124-d123-b64ga4-3090-event-3090-gpu0-all,13,,,3.0304300785064697,11,11,0.9934613108634949,441,,,,,,0.32993021607398987,0.32993021607398987,0.32993021607398987,0.32993021607398987,20260702-01-flash-vqg-update-norm-event-trace-probe,3090,baseline-r2,zoology/experiments/flash_vqg/scripts/20260702-01-flash-vqg-update-norm-event-trace-probe/outputs/traces/3090/baseline-r2/event-3090-gpu0-all/train_step_512/update_event_trace.jsonl
False,1.0,,1.0,10,50,0,2.7600274085998535,2024,4,512,1,0.5,True,0.5039955939029604,1,0.7145454287528992,20260702-01-flash-vqg-update-norm-event-trace-probe-baseline-r2-s124-d123-b64ga4-3090-event-3090-gpu0-all,7,,,2.4906179904937744,11,331,0.9920721650123596,441,,,,,,0.3594428598880768,0.3594428598880768,0.3594428598880768,0.3594428598880768,20260702-01-flash-vqg-update-norm-event-trace-probe,3090,baseline-r2,zoology/experiments/flash_vqg/scripts/20260702-01-flash-vqg-update-norm-event-trace-probe/outputs/traces/3090/baseline-r2/event-3090-gpu0-all/train_step_512/update_event_trace.jsonl
False,1.0,,1.0,1,36,0,2.943450689315796,2494,3,512,1,0.5,True,0.5042322565396823,1,0.5331900119781494,20260702-01-flash-vqg-update-norm-event-trace-probe-baseline-r2-s124-d123-b64ga4-3090-event-3090-gpu0-all,9,,,2.834369421005249,7,39,0.9916065335273743,441,,,,,,0.3368857204914093,0.3368857204914093,0.3368857204914093,0.3368857204914093,20260702-01-flash-vqg-update-norm-event-trace-probe,3090,baseline-r2,zoology/experiments/flash_vqg/scripts/20260702-01-flash-vqg-update-norm-event-trace-probe/outputs/traces/3090/baseline-r2/event-3090-gpu0-all/train_step_512/update_event_trace.jsonl
False,1.0,,1.0,14,50,0,2.5321946144104004,1784,3,512,1,0.5,True,0.5054381882089359,1,0.6961199641227722,20260702-01-flash-vqg-update-norm-event-trace-probe-baseline-r2-s124-d123-b64ga4-3090-event-3090-gpu0-all,6,,,2.175462484359741,31,479,0.9892406463623047,441,,,,,,0.39066532254219055,0.39066532254219055,0.39066532254219055,0.39066532254219055,20260702-01-flash-vqg-update-norm-event-trace-probe,3090,baseline-r2,zoology/experiments/flash_vqg/scripts/20260702-01-flash-vqg-update-norm-event-trace-probe/outputs/traces/3090/baseline-r2/event-3090-gpu0-all/train_step_512/update_event_trace.jsonl
False,1.0,,1.0,11,50,0,2.7827019691467285,2027,3,512,1,0.5,True,0.5067957544855242,1,0.6225537657737732,20260702-01-flash-vqg-update-norm-event-trace-probe-baseline-r2-s124-d123-b64ga4-3090-event-3090-gpu0-all,7,,,2.7742159366607666,21,373,0.9865907430648804,441,,,,,,0.35454416275024414,0.35454416275024414,0.35454416275024414,0.35454416275024414,20260702-01-flash-vqg-update-norm-event-trace-probe,3090,baseline-r2,zoology/experiments/flash_vqg/scripts/20260702-01-flash-vqg-update-norm-event-trace-probe/outputs/traces/3090/baseline-r2/event-3090-gpu0-all/train_step_512/update_event_trace.jsonl
False,1.0,,1.0,17,50,0,2.9846279621124268,2009,1,512,1,0.5,True,0.5069232796888485,1,0.6630438566207886,20260702-01-flash-vqg-update-norm-event-trace-probe-baseline-r2-s124-d123-b64ga4-3090-event-3090-gpu0-all,7,,,2.6546790599823,3,547,0.9863425493240356,441,,,,,,0.33047419786453247,0.33047419786453247,0.33047419786453247,0.33047419786453247,20260702-01-flash-vqg-update-norm-event-trace-probe,3090,baseline-r2,zoology/experiments/flash_vqg/scripts/20260702-01-flash-vqg-update-norm-event-trace-probe/outputs/traces/3090/baseline-r2/event-3090-gpu0-all/train_step_512/update_event_trace.jsonl
False,1.0,,1.0,0,36,0,3.177932024002075,4032,17,512,1,0.5,True,0.5070701479010613,1,0.42436379194259644,20260702-01-flash-vqg-update-norm-event-trace-probe-baseline-r2-s124-d123-b64ga4-3090-event-3090-gpu0-all,15,,,3.177932024002075,7,7,0.9860568642616272,441,,,,,,0.31028255820274353,0.31028255820274353,0.31028255820274353,0.31028255820274353,20260702-01-flash-vqg-update-norm-event-trace-probe,3090,baseline-r2,zoology/experiments/flash_vqg/scripts/20260702-01-flash-vqg-update-norm-event-trace-probe/outputs/traces/3090/baseline-r2/event-3090-gpu0-all/train_step_512/update_event_trace.jsonl
False,1.0,,1.0,7,50,0,2.4207396507263184,2540,3,512,1,0.5,True,0.5074487263191879,1,0.5707607269287109,20260702-01-flash-vqg-update-norm-event-trace-probe-baseline-r2-s124-d123-b64ga4-3090-event-3090-gpu0-all,9,,,2.3339786529541016,23,247,0.9853212237358093,441,,,,,,0.40703311562538147,0.40703311562538147,0.40703311562538147,0.40703311562538147,20260702-01-flash-vqg-update-norm-event-trace-probe,3090,baseline-r2,zoology/experiments/flash_vqg/scripts/20260702-01-flash-vqg-update-norm-event-trace-probe/outputs/traces/3090/baseline-r2/event-3090-gpu0-all/train_step_512/update_event_trace.jsonl
