config,run_id,source,gpu,seed,data_seed,cb,rank,dynamic_capacity,relative_to_gdn,validation_index,validation_phase,approx_epoch,raw_epoch_index,slice_group,slice_name,metric,value
cb256-r4-s125,gd-r4-wk4-mu01-t025-cb256-s125-d123-noearly4ep-r4r8-seed125,r4_r8_seed125_paired_recheck,0,125,123,256,4,131072,8x,1,mid_epoch,0.5,0,input_seq_len,1024,valid/input_seq_len/accuracy-1024,0.00028515625
cb256-r4-s125,gd-r4-wk4-mu01-t025-cb256-s125-d123-noearly4ep-r4r8-seed125,r4_r8_seed125_paired_recheck,0,125,123,256,4,131072,8x,1,mid_epoch,0.5,0,input_seq_len,128,valid/input_seq_len/accuracy-128,0.000875
cb256-r4-s125,gd-r4-wk4-mu01-t025-cb256-s125-d123-noearly4ep-r4r8-seed125,r4_r8_seed125_paired_recheck,0,125,123,256,4,131072,8x,1,mid_epoch,0.5,0,input_seq_len,256,valid/input_seq_len/accuracy-256,0.000328125
cb256-r4-s125,gd-r4-wk4-mu01-t025-cb256-s125-d123-noearly4ep-r4r8-seed125,r4_r8_seed125_paired_recheck,0,125,123,256,4,131072,8x,1,mid_epoch,0.5,0,input_seq_len,512,valid/input_seq_len/accuracy-512,0.00038671875
cb256-r4-s125,gd-r4-wk4-mu01-t025-cb256-s125-d123-noearly4ep-r4r8-seed125,r4_r8_seed125_paired_recheck,0,125,123,256,4,131072,8x,1,mid_epoch,0.5,0,input_seq_len,64,valid/input_seq_len/accuracy-64,0.002625
cb256-r4-s125,gd-r4-wk4-mu01-t025-cb256-s125-d123-noearly4ep-r4r8-seed125,r4_r8_seed125_paired_recheck,0,125,123,256,4,131072,8x,1,mid_epoch,0.5,0,mqar_case,1024x256,valid/mqar_case/accuracy-1024x256,0.00028515625
cb256-r4-s125,gd-r4-wk4-mu01-t025-cb256-s125-d123-noearly4ep-r4r8-seed125,r4_r8_seed125_paired_recheck,0,125,123,256,4,131072,8x,1,mid_epoch,0.5,0,mqar_case,128x32,valid/mqar_case/accuracy-128x32,0.000875
cb256-r4-s125,gd-r4-wk4-mu01-t025-cb256-s125-d123-noearly4ep-r4r8-seed125,r4_r8_seed125_paired_recheck,0,125,123,256,4,131072,8x,1,mid_epoch,0.5,0,mqar_case,256x64,valid/mqar_case/accuracy-256x64,0.000328125
cb256-r4-s125,gd-r4-wk4-mu01-t025-cb256-s125-d123-noearly4ep-r4r8-seed125,r4_r8_seed125_paired_recheck,0,125,123,256,4,131072,8x,1,mid_epoch,0.5,0,mqar_case,512x128,valid/mqar_case/accuracy-512x128,0.0002734375
cb256-r4-s125,gd-r4-wk4-mu01-t025-cb256-s125-d123-noearly4ep-r4r8-seed125,r4_r8_seed125_paired_recheck,0,125,123,256,4,131072,8x,1,mid_epoch,0.5,0,mqar_case,512x64,valid/mqar_case/accuracy-512x64,0.0005
cb256-r4-s125,gd-r4-wk4-mu01-t025-cb256-s125-d123-noearly4ep-r4r8-seed125,r4_r8_seed125_paired_recheck,0,125,123,256,4,131072,8x,1,mid_epoch,0.5,0,mqar_case,64x16,valid/mqar_case/accuracy-64x16,0.001
cb256-r4-s125,gd-r4-wk4-mu01-t025-cb256-s125-d123-noearly4ep-r4r8-seed125,r4_r8_seed125_paired_recheck,0,125,123,256,4,131072,8x,1,mid_epoch,0.5,0,mqar_case,64x4,valid/mqar_case/accuracy-64x4,0.0045
cb256-r4-s125,gd-r4-wk4-mu01-t025-cb256-s125-d123-noearly4ep-r4r8-seed125,r4_r8_seed125_paired_recheck,0,125,123,256,4,131072,8x,1,mid_epoch,0.5,0,mqar_case,64x8,valid/mqar_case/accuracy-64x8,0.002375
cb256-r4-s125,gd-r4-wk4-mu01-t025-cb256-s125-d123-noearly4ep-r4r8-seed125,r4_r8_seed125_paired_recheck,0,125,123,256,4,131072,8x,1,mid_epoch,0.5,0,num_kv_pairs,128,valid/num_kv_pairs/accuracy-128,0.0002734375
cb256-r4-s125,gd-r4-wk4-mu01-t025-cb256-s125-d123-noearly4ep-r4r8-seed125,r4_r8_seed125_paired_recheck,0,125,123,256,4,131072,8x,1,mid_epoch,0.5,0,num_kv_pairs,16,valid/num_kv_pairs/accuracy-16,0.001
cb256-r4-s125,gd-r4-wk4-mu01-t025-cb256-s125-d123-noearly4ep-r4r8-seed125,r4_r8_seed125_paired_recheck,0,125,123,256,4,131072,8x,1,mid_epoch,0.5,0,num_kv_pairs,256,valid/num_kv_pairs/accuracy-256,0.00028515625
cb256-r4-s125,gd-r4-wk4-mu01-t025-cb256-s125-d123-noearly4ep-r4r8-seed125,r4_r8_seed125_paired_recheck,0,125,123,256,4,131072,8x,1,mid_epoch,0.5,0,num_kv_pairs,32,valid/num_kv_pairs/accuracy-32,0.000875
cb256-r4-s125,gd-r4-wk4-mu01-t025-cb256-s125-d123-noearly4ep-r4r8-seed125,r4_r8_seed125_paired_recheck,0,125,123,256,4,131072,8x,1,mid_epoch,0.5,0,num_kv_pairs,4,valid/num_kv_pairs/accuracy-4,0.0045
cb256-r4-s125,gd-r4-wk4-mu01-t025-cb256-s125-d123-noearly4ep-r4r8-seed125,r4_r8_seed125_paired_recheck,0,125,123,256,4,131072,8x,1,mid_epoch,0.5,0,num_kv_pairs,64,valid/num_kv_pairs/accuracy-64,0.0004140625
cb256-r4-s125,gd-r4-wk4-mu01-t025-cb256-s125-d123-noearly4ep-r4r8-seed125,r4_r8_seed125_paired_recheck,0,125,123,256,4,131072,8x,1,mid_epoch,0.5,0,num_kv_pairs,8,valid/num_kv_pairs/accuracy-8,0.002375
cb256-r4-s125,gd-r4-wk4-mu01-t025-cb256-s125-d123-noearly4ep-r4r8-seed125,r4_r8_seed125_paired_recheck,0,125,123,256,4,131072,8x,2,epoch_end,1.0,0,input_seq_len,1024,valid/input_seq_len/accuracy-1024,0.1025546875
cb256-r4-s125,gd-r4-wk4-mu01-t025-cb256-s125-d123-noearly4ep-r4r8-seed125,r4_r8_seed125_paired_recheck,0,125,123,256,4,131072,8x,2,epoch_end,1.0,0,input_seq_len,128,valid/input_seq_len/accuracy-128,0.9169375
cb256-r4-s125,gd-r4-wk4-mu01-t025-cb256-s125-d123-noearly4ep-r4r8-seed125,r4_r8_seed125_paired_recheck,0,125,123,256,4,131072,8x,2,epoch_end,1.0,0,input_seq_len,256,valid/input_seq_len/accuracy-256,0.7204375
cb256-r4-s125,gd-r4-wk4-mu01-t025-cb256-s125-d123-noearly4ep-r4r8-seed125,r4_r8_seed125_paired_recheck,0,125,123,256,4,131072,8x,2,epoch_end,1.0,0,input_seq_len,512,valid/input_seq_len/accuracy-512,0.5106328125
cb256-r4-s125,gd-r4-wk4-mu01-t025-cb256-s125-d123-noearly4ep-r4r8-seed125,r4_r8_seed125_paired_recheck,0,125,123,256,4,131072,8x,2,epoch_end,1.0,0,input_seq_len,64,valid/input_seq_len/accuracy-64,0.999
cb256-r4-s125,gd-r4-wk4-mu01-t025-cb256-s125-d123-noearly4ep-r4r8-seed125,r4_r8_seed125_paired_recheck,0,125,123,256,4,131072,8x,2,epoch_end,1.0,0,mqar_case,1024x256,valid/mqar_case/accuracy-1024x256,0.1025546875
cb256-r4-s125,gd-r4-wk4-mu01-t025-cb256-s125-d123-noearly4ep-r4r8-seed125,r4_r8_seed125_paired_recheck,0,125,123,256,4,131072,8x,2,epoch_end,1.0,0,mqar_case,128x32,valid/mqar_case/accuracy-128x32,0.9169375
cb256-r4-s125,gd-r4-wk4-mu01-t025-cb256-s125-d123-noearly4ep-r4r8-seed125,r4_r8_seed125_paired_recheck,0,125,123,256,4,131072,8x,2,epoch_end,1.0,0,mqar_case,256x64,valid/mqar_case/accuracy-256x64,0.7204375
cb256-r4-s125,gd-r4-wk4-mu01-t025-cb256-s125-d123-noearly4ep-r4r8-seed125,r4_r8_seed125_paired_recheck,0,125,123,256,4,131072,8x,2,epoch_end,1.0,0,mqar_case,512x128,valid/mqar_case/accuracy-512x128,0.346140625
cb256-r4-s125,gd-r4-wk4-mu01-t025-cb256-s125-d123-noearly4ep-r4r8-seed125,r4_r8_seed125_paired_recheck,0,125,123,256,4,131072,8x,2,epoch_end,1.0,0,mqar_case,512x64,valid/mqar_case/accuracy-512x64,0.675125
cb256-r4-s125,gd-r4-wk4-mu01-t025-cb256-s125-d123-noearly4ep-r4r8-seed125,r4_r8_seed125_paired_recheck,0,125,123,256,4,131072,8x,2,epoch_end,1.0,0,mqar_case,64x16,valid/mqar_case/accuracy-64x16,0.9985
cb256-r4-s125,gd-r4-wk4-mu01-t025-cb256-s125-d123-noearly4ep-r4r8-seed125,r4_r8_seed125_paired_recheck,0,125,123,256,4,131072,8x,2,epoch_end,1.0,0,mqar_case,64x4,valid/mqar_case/accuracy-64x4,0.99875
cb256-r4-s125,gd-r4-wk4-mu01-t025-cb256-s125-d123-noearly4ep-r4r8-seed125,r4_r8_seed125_paired_recheck,0,125,123,256,4,131072,8x,2,epoch_end,1.0,0,mqar_case,64x8,valid/mqar_case/accuracy-64x8,0.99975
cb256-r4-s125,gd-r4-wk4-mu01-t025-cb256-s125-d123-noearly4ep-r4r8-seed125,r4_r8_seed125_paired_recheck,0,125,123,256,4,131072,8x,2,epoch_end,1.0,0,num_kv_pairs,128,valid/num_kv_pairs/accuracy-128,0.346140625
cb256-r4-s125,gd-r4-wk4-mu01-t025-cb256-s125-d123-noearly4ep-r4r8-seed125,r4_r8_seed125_paired_recheck,0,125,123,256,4,131072,8x,2,epoch_end,1.0,0,num_kv_pairs,16,valid/num_kv_pairs/accuracy-16,0.9985
cb256-r4-s125,gd-r4-wk4-mu01-t025-cb256-s125-d123-noearly4ep-r4r8-seed125,r4_r8_seed125_paired_recheck,0,125,123,256,4,131072,8x,2,epoch_end,1.0,0,num_kv_pairs,256,valid/num_kv_pairs/accuracy-256,0.1025546875
cb256-r4-s125,gd-r4-wk4-mu01-t025-cb256-s125-d123-noearly4ep-r4r8-seed125,r4_r8_seed125_paired_recheck,0,125,123,256,4,131072,8x,2,epoch_end,1.0,0,num_kv_pairs,32,valid/num_kv_pairs/accuracy-32,0.9169375
cb256-r4-s125,gd-r4-wk4-mu01-t025-cb256-s125-d123-noearly4ep-r4r8-seed125,r4_r8_seed125_paired_recheck,0,125,123,256,4,131072,8x,2,epoch_end,1.0,0,num_kv_pairs,4,valid/num_kv_pairs/accuracy-4,0.99875
cb256-r4-s125,gd-r4-wk4-mu01-t025-cb256-s125-d123-noearly4ep-r4r8-seed125,r4_r8_seed125_paired_recheck,0,125,123,256,4,131072,8x,2,epoch_end,1.0,0,num_kv_pairs,64,valid/num_kv_pairs/accuracy-64,0.69778125
cb256-r4-s125,gd-r4-wk4-mu01-t025-cb256-s125-d123-noearly4ep-r4r8-seed125,r4_r8_seed125_paired_recheck,0,125,123,256,4,131072,8x,2,epoch_end,1.0,0,num_kv_pairs,8,valid/num_kv_pairs/accuracy-8,0.99975
cb256-r4-s125,gd-r4-wk4-mu01-t025-cb256-s125-d123-noearly4ep-r4r8-seed125,r4_r8_seed125_paired_recheck,0,125,123,256,4,131072,8x,3,mid_epoch,1.5,1,input_seq_len,1024,valid/input_seq_len/accuracy-1024,0.35236328125
cb256-r4-s125,gd-r4-wk4-mu01-t025-cb256-s125-d123-noearly4ep-r4r8-seed125,r4_r8_seed125_paired_recheck,0,125,123,256,4,131072,8x,3,mid_epoch,1.5,1,input_seq_len,128,valid/input_seq_len/accuracy-128,0.97296875
cb256-r4-s125,gd-r4-wk4-mu01-t025-cb256-s125-d123-noearly4ep-r4r8-seed125,r4_r8_seed125_paired_recheck,0,125,123,256,4,131072,8x,3,mid_epoch,1.5,1,input_seq_len,256,valid/input_seq_len/accuracy-256,0.9085
cb256-r4-s125,gd-r4-wk4-mu01-t025-cb256-s125-d123-noearly4ep-r4r8-seed125,r4_r8_seed125_paired_recheck,0,125,123,256,4,131072,8x,3,mid_epoch,1.5,1,input_seq_len,512,valid/input_seq_len/accuracy-512,0.7922734375
cb256-r4-s125,gd-r4-wk4-mu01-t025-cb256-s125-d123-noearly4ep-r4r8-seed125,r4_r8_seed125_paired_recheck,0,125,123,256,4,131072,8x,3,mid_epoch,1.5,1,input_seq_len,64,valid/input_seq_len/accuracy-64,0.9994791666666667
cb256-r4-s125,gd-r4-wk4-mu01-t025-cb256-s125-d123-noearly4ep-r4r8-seed125,r4_r8_seed125_paired_recheck,0,125,123,256,4,131072,8x,3,mid_epoch,1.5,1,mqar_case,1024x256,valid/mqar_case/accuracy-1024x256,0.35236328125
cb256-r4-s125,gd-r4-wk4-mu01-t025-cb256-s125-d123-noearly4ep-r4r8-seed125,r4_r8_seed125_paired_recheck,0,125,123,256,4,131072,8x,3,mid_epoch,1.5,1,mqar_case,128x32,valid/mqar_case/accuracy-128x32,0.97296875
cb256-r4-s125,gd-r4-wk4-mu01-t025-cb256-s125-d123-noearly4ep-r4r8-seed125,r4_r8_seed125_paired_recheck,0,125,123,256,4,131072,8x,3,mid_epoch,1.5,1,mqar_case,256x64,valid/mqar_case/accuracy-256x64,0.9085
cb256-r4-s125,gd-r4-wk4-mu01-t025-cb256-s125-d123-noearly4ep-r4r8-seed125,r4_r8_seed125_paired_recheck,0,125,123,256,4,131072,8x,3,mid_epoch,1.5,1,mqar_case,512x128,valid/mqar_case/accuracy-512x128,0.697484375
cb256-r4-s125,gd-r4-wk4-mu01-t025-cb256-s125-d123-noearly4ep-r4r8-seed125,r4_r8_seed125_paired_recheck,0,125,123,256,4,131072,8x,3,mid_epoch,1.5,1,mqar_case,512x64,valid/mqar_case/accuracy-512x64,0.8870625
cb256-r4-s125,gd-r4-wk4-mu01-t025-cb256-s125-d123-noearly4ep-r4r8-seed125,r4_r8_seed125_paired_recheck,0,125,123,256,4,131072,8x,3,mid_epoch,1.5,1,mqar_case,64x16,valid/mqar_case/accuracy-64x16,0.9993125
cb256-r4-s125,gd-r4-wk4-mu01-t025-cb256-s125-d123-noearly4ep-r4r8-seed125,r4_r8_seed125_paired_recheck,0,125,123,256,4,131072,8x,3,mid_epoch,1.5,1,mqar_case,64x4,valid/mqar_case/accuracy-64x4,0.9995
cb256-r4-s125,gd-r4-wk4-mu01-t025-cb256-s125-d123-noearly4ep-r4r8-seed125,r4_r8_seed125_paired_recheck,0,125,123,256,4,131072,8x,3,mid_epoch,1.5,1,mqar_case,64x8,valid/mqar_case/accuracy-64x8,0.999625
cb256-r4-s125,gd-r4-wk4-mu01-t025-cb256-s125-d123-noearly4ep-r4r8-seed125,r4_r8_seed125_paired_recheck,0,125,123,256,4,131072,8x,3,mid_epoch,1.5,1,num_kv_pairs,128,valid/num_kv_pairs/accuracy-128,0.697484375
cb256-r4-s125,gd-r4-wk4-mu01-t025-cb256-s125-d123-noearly4ep-r4r8-seed125,r4_r8_seed125_paired_recheck,0,125,123,256,4,131072,8x,3,mid_epoch,1.5,1,num_kv_pairs,16,valid/num_kv_pairs/accuracy-16,0.9993125
cb256-r4-s125,gd-r4-wk4-mu01-t025-cb256-s125-d123-noearly4ep-r4r8-seed125,r4_r8_seed125_paired_recheck,0,125,123,256,4,131072,8x,3,mid_epoch,1.5,1,num_kv_pairs,256,valid/num_kv_pairs/accuracy-256,0.35236328125
cb256-r4-s125,gd-r4-wk4-mu01-t025-cb256-s125-d123-noearly4ep-r4r8-seed125,r4_r8_seed125_paired_recheck,0,125,123,256,4,131072,8x,3,mid_epoch,1.5,1,num_kv_pairs,32,valid/num_kv_pairs/accuracy-32,0.97296875
cb256-r4-s125,gd-r4-wk4-mu01-t025-cb256-s125-d123-noearly4ep-r4r8-seed125,r4_r8_seed125_paired_recheck,0,125,123,256,4,131072,8x,3,mid_epoch,1.5,1,num_kv_pairs,4,valid/num_kv_pairs/accuracy-4,0.9995
cb256-r4-s125,gd-r4-wk4-mu01-t025-cb256-s125-d123-noearly4ep-r4r8-seed125,r4_r8_seed125_paired_recheck,0,125,123,256,4,131072,8x,3,mid_epoch,1.5,1,num_kv_pairs,64,valid/num_kv_pairs/accuracy-64,0.89778125
cb256-r4-s125,gd-r4-wk4-mu01-t025-cb256-s125-d123-noearly4ep-r4r8-seed125,r4_r8_seed125_paired_recheck,0,125,123,256,4,131072,8x,3,mid_epoch,1.5,1,num_kv_pairs,8,valid/num_kv_pairs/accuracy-8,0.999625
cb256-r4-s125,gd-r4-wk4-mu01-t025-cb256-s125-d123-noearly4ep-r4r8-seed125,r4_r8_seed125_paired_recheck,0,125,123,256,4,131072,8x,4,epoch_end,2.0,1,input_seq_len,1024,valid/input_seq_len/accuracy-1024,0.56791015625
cb256-r4-s125,gd-r4-wk4-mu01-t025-cb256-s125-d123-noearly4ep-r4r8-seed125,r4_r8_seed125_paired_recheck,0,125,123,256,4,131072,8x,4,epoch_end,2.0,1,input_seq_len,128,valid/input_seq_len/accuracy-128,0.9839375
cb256-r4-s125,gd-r4-wk4-mu01-t025-cb256-s125-d123-noearly4ep-r4r8-seed125,r4_r8_seed125_paired_recheck,0,125,123,256,4,131072,8x,4,epoch_end,2.0,1,input_seq_len,256,valid/input_seq_len/accuracy-256,0.95571875
cb256-r4-s125,gd-r4-wk4-mu01-t025-cb256-s125-d123-noearly4ep-r4r8-seed125,r4_r8_seed125_paired_recheck,0,125,123,256,4,131072,8x,4,epoch_end,2.0,1,input_seq_len,512,valid/input_seq_len/accuracy-512,0.89217578125
cb256-r4-s125,gd-r4-wk4-mu01-t025-cb256-s125-d123-noearly4ep-r4r8-seed125,r4_r8_seed125_paired_recheck,0,125,123,256,4,131072,8x,4,epoch_end,2.0,1,input_seq_len,64,valid/input_seq_len/accuracy-64,0.9997083333333333
cb256-r4-s125,gd-r4-wk4-mu01-t025-cb256-s125-d123-noearly4ep-r4r8-seed125,r4_r8_seed125_paired_recheck,0,125,123,256,4,131072,8x,4,epoch_end,2.0,1,mqar_case,1024x256,valid/mqar_case/accuracy-1024x256,0.56791015625
cb256-r4-s125,gd-r4-wk4-mu01-t025-cb256-s125-d123-noearly4ep-r4r8-seed125,r4_r8_seed125_paired_recheck,0,125,123,256,4,131072,8x,4,epoch_end,2.0,1,mqar_case,128x32,valid/mqar_case/accuracy-128x32,0.9839375
cb256-r4-s125,gd-r4-wk4-mu01-t025-cb256-s125-d123-noearly4ep-r4r8-seed125,r4_r8_seed125_paired_recheck,0,125,123,256,4,131072,8x,4,epoch_end,2.0,1,mqar_case,256x64,valid/mqar_case/accuracy-256x64,0.95571875
cb256-r4-s125,gd-r4-wk4-mu01-t025-cb256-s125-d123-noearly4ep-r4r8-seed125,r4_r8_seed125_paired_recheck,0,125,123,256,4,131072,8x,4,epoch_end,2.0,1,mqar_case,512x128,valid/mqar_case/accuracy-512x128,0.8428828125
cb256-r4-s125,gd-r4-wk4-mu01-t025-cb256-s125-d123-noearly4ep-r4r8-seed125,r4_r8_seed125_paired_recheck,0,125,123,256,4,131072,8x,4,epoch_end,2.0,1,mqar_case,512x64,valid/mqar_case/accuracy-512x64,0.94146875
cb256-r4-s125,gd-r4-wk4-mu01-t025-cb256-s125-d123-noearly4ep-r4r8-seed125,r4_r8_seed125_paired_recheck,0,125,123,256,4,131072,8x,4,epoch_end,2.0,1,mqar_case,64x16,valid/mqar_case/accuracy-64x16,0.999625
cb256-r4-s125,gd-r4-wk4-mu01-t025-cb256-s125-d123-noearly4ep-r4r8-seed125,r4_r8_seed125_paired_recheck,0,125,123,256,4,131072,8x,4,epoch_end,2.0,1,mqar_case,64x4,valid/mqar_case/accuracy-64x4,0.99975
cb256-r4-s125,gd-r4-wk4-mu01-t025-cb256-s125-d123-noearly4ep-r4r8-seed125,r4_r8_seed125_paired_recheck,0,125,123,256,4,131072,8x,4,epoch_end,2.0,1,mqar_case,64x8,valid/mqar_case/accuracy-64x8,0.99975
cb256-r4-s125,gd-r4-wk4-mu01-t025-cb256-s125-d123-noearly4ep-r4r8-seed125,r4_r8_seed125_paired_recheck,0,125,123,256,4,131072,8x,4,epoch_end,2.0,1,num_kv_pairs,128,valid/num_kv_pairs/accuracy-128,0.8428828125
cb256-r4-s125,gd-r4-wk4-mu01-t025-cb256-s125-d123-noearly4ep-r4r8-seed125,r4_r8_seed125_paired_recheck,0,125,123,256,4,131072,8x,4,epoch_end,2.0,1,num_kv_pairs,16,valid/num_kv_pairs/accuracy-16,0.999625
cb256-r4-s125,gd-r4-wk4-mu01-t025-cb256-s125-d123-noearly4ep-r4r8-seed125,r4_r8_seed125_paired_recheck,0,125,123,256,4,131072,8x,4,epoch_end,2.0,1,num_kv_pairs,256,valid/num_kv_pairs/accuracy-256,0.56791015625
cb256-r4-s125,gd-r4-wk4-mu01-t025-cb256-s125-d123-noearly4ep-r4r8-seed125,r4_r8_seed125_paired_recheck,0,125,123,256,4,131072,8x,4,epoch_end,2.0,1,num_kv_pairs,32,valid/num_kv_pairs/accuracy-32,0.9839375
cb256-r4-s125,gd-r4-wk4-mu01-t025-cb256-s125-d123-noearly4ep-r4r8-seed125,r4_r8_seed125_paired_recheck,0,125,123,256,4,131072,8x,4,epoch_end,2.0,1,num_kv_pairs,4,valid/num_kv_pairs/accuracy-4,0.99975
cb256-r4-s125,gd-r4-wk4-mu01-t025-cb256-s125-d123-noearly4ep-r4r8-seed125,r4_r8_seed125_paired_recheck,0,125,123,256,4,131072,8x,4,epoch_end,2.0,1,num_kv_pairs,64,valid/num_kv_pairs/accuracy-64,0.94859375
cb256-r4-s125,gd-r4-wk4-mu01-t025-cb256-s125-d123-noearly4ep-r4r8-seed125,r4_r8_seed125_paired_recheck,0,125,123,256,4,131072,8x,4,epoch_end,2.0,1,num_kv_pairs,8,valid/num_kv_pairs/accuracy-8,0.99975
cb256-r4-s125,gd-r4-wk4-mu01-t025-cb256-s125-d123-noearly4ep-r4r8-seed125,r4_r8_seed125_paired_recheck,0,125,123,256,4,131072,8x,5,mid_epoch,2.5,2,input_seq_len,1024,valid/input_seq_len/accuracy-1024,0.6505546875
cb256-r4-s125,gd-r4-wk4-mu01-t025-cb256-s125-d123-noearly4ep-r4r8-seed125,r4_r8_seed125_paired_recheck,0,125,123,256,4,131072,8x,5,mid_epoch,2.5,2,input_seq_len,128,valid/input_seq_len/accuracy-128,0.99025
cb256-r4-s125,gd-r4-wk4-mu01-t025-cb256-s125-d123-noearly4ep-r4r8-seed125,r4_r8_seed125_paired_recheck,0,125,123,256,4,131072,8x,5,mid_epoch,2.5,2,input_seq_len,256,valid/input_seq_len/accuracy-256,0.969390625
cb256-r4-s125,gd-r4-wk4-mu01-t025-cb256-s125-d123-noearly4ep-r4r8-seed125,r4_r8_seed125_paired_recheck,0,125,123,256,4,131072,8x,5,mid_epoch,2.5,2,input_seq_len,512,valid/input_seq_len/accuracy-512,0.92212890625
cb256-r4-s125,gd-r4-wk4-mu01-t025-cb256-s125-d123-noearly4ep-r4r8-seed125,r4_r8_seed125_paired_recheck,0,125,123,256,4,131072,8x,5,mid_epoch,2.5,2,input_seq_len,64,valid/input_seq_len/accuracy-64,0.999625
cb256-r4-s125,gd-r4-wk4-mu01-t025-cb256-s125-d123-noearly4ep-r4r8-seed125,r4_r8_seed125_paired_recheck,0,125,123,256,4,131072,8x,5,mid_epoch,2.5,2,mqar_case,1024x256,valid/mqar_case/accuracy-1024x256,0.6505546875
cb256-r4-s125,gd-r4-wk4-mu01-t025-cb256-s125-d123-noearly4ep-r4r8-seed125,r4_r8_seed125_paired_recheck,0,125,123,256,4,131072,8x,5,mid_epoch,2.5,2,mqar_case,128x32,valid/mqar_case/accuracy-128x32,0.99025
cb256-r4-s125,gd-r4-wk4-mu01-t025-cb256-s125-d123-noearly4ep-r4r8-seed125,r4_r8_seed125_paired_recheck,0,125,123,256,4,131072,8x,5,mid_epoch,2.5,2,mqar_case,256x64,valid/mqar_case/accuracy-256x64,0.969390625
cb256-r4-s125,gd-r4-wk4-mu01-t025-cb256-s125-d123-noearly4ep-r4r8-seed125,r4_r8_seed125_paired_recheck,0,125,123,256,4,131072,8x,5,mid_epoch,2.5,2,mqar_case,512x128,valid/mqar_case/accuracy-512x128,0.8849921875
cb256-r4-s125,gd-r4-wk4-mu01-t025-cb256-s125-d123-noearly4ep-r4r8-seed125,r4_r8_seed125_paired_recheck,0,125,123,256,4,131072,8x,5,mid_epoch,2.5,2,mqar_case,512x64,valid/mqar_case/accuracy-512x64,0.959265625
cb256-r4-s125,gd-r4-wk4-mu01-t025-cb256-s125-d123-noearly4ep-r4r8-seed125,r4_r8_seed125_paired_recheck,0,125,123,256,4,131072,8x,5,mid_epoch,2.5,2,mqar_case,64x16,valid/mqar_case/accuracy-64x16,0.9995
cb256-r4-s125,gd-r4-wk4-mu01-t025-cb256-s125-d123-noearly4ep-r4r8-seed125,r4_r8_seed125_paired_recheck,0,125,123,256,4,131072,8x,5,mid_epoch,2.5,2,mqar_case,64x4,valid/mqar_case/accuracy-64x4,0.9995
cb256-r4-s125,gd-r4-wk4-mu01-t025-cb256-s125-d123-noearly4ep-r4r8-seed125,r4_r8_seed125_paired_recheck,0,125,123,256,4,131072,8x,5,mid_epoch,2.5,2,mqar_case,64x8,valid/mqar_case/accuracy-64x8,0.999875
cb256-r4-s125,gd-r4-wk4-mu01-t025-cb256-s125-d123-noearly4ep-r4r8-seed125,r4_r8_seed125_paired_recheck,0,125,123,256,4,131072,8x,5,mid_epoch,2.5,2,num_kv_pairs,128,valid/num_kv_pairs/accuracy-128,0.8849921875
cb256-r4-s125,gd-r4-wk4-mu01-t025-cb256-s125-d123-noearly4ep-r4r8-seed125,r4_r8_seed125_paired_recheck,0,125,123,256,4,131072,8x,5,mid_epoch,2.5,2,num_kv_pairs,16,valid/num_kv_pairs/accuracy-16,0.9995
cb256-r4-s125,gd-r4-wk4-mu01-t025-cb256-s125-d123-noearly4ep-r4r8-seed125,r4_r8_seed125_paired_recheck,0,125,123,256,4,131072,8x,5,mid_epoch,2.5,2,num_kv_pairs,256,valid/num_kv_pairs/accuracy-256,0.6505546875
cb256-r4-s125,gd-r4-wk4-mu01-t025-cb256-s125-d123-noearly4ep-r4r8-seed125,r4_r8_seed125_paired_recheck,0,125,123,256,4,131072,8x,5,mid_epoch,2.5,2,num_kv_pairs,32,valid/num_kv_pairs/accuracy-32,0.99025
cb256-r4-s125,gd-r4-wk4-mu01-t025-cb256-s125-d123-noearly4ep-r4r8-seed125,r4_r8_seed125_paired_recheck,0,125,123,256,4,131072,8x,5,mid_epoch,2.5,2,num_kv_pairs,4,valid/num_kv_pairs/accuracy-4,0.9995
cb256-r4-s125,gd-r4-wk4-mu01-t025-cb256-s125-d123-noearly4ep-r4r8-seed125,r4_r8_seed125_paired_recheck,0,125,123,256,4,131072,8x,5,mid_epoch,2.5,2,num_kv_pairs,64,valid/num_kv_pairs/accuracy-64,0.964328125
cb256-r4-s125,gd-r4-wk4-mu01-t025-cb256-s125-d123-noearly4ep-r4r8-seed125,r4_r8_seed125_paired_recheck,0,125,123,256,4,131072,8x,5,mid_epoch,2.5,2,num_kv_pairs,8,valid/num_kv_pairs/accuracy-8,0.999875
cb256-r4-s125,gd-r4-wk4-mu01-t025-cb256-s125-d123-noearly4ep-r4r8-seed125,r4_r8_seed125_paired_recheck,0,125,123,256,4,131072,8x,6,epoch_end,3.0,2,input_seq_len,1024,valid/input_seq_len/accuracy-1024,0.69800390625
cb256-r4-s125,gd-r4-wk4-mu01-t025-cb256-s125-d123-noearly4ep-r4r8-seed125,r4_r8_seed125_paired_recheck,0,125,123,256,4,131072,8x,6,epoch_end,3.0,2,input_seq_len,128,valid/input_seq_len/accuracy-128,0.9905625
cb256-r4-s125,gd-r4-wk4-mu01-t025-cb256-s125-d123-noearly4ep-r4r8-seed125,r4_r8_seed125_paired_recheck,0,125,123,256,4,131072,8x,6,epoch_end,3.0,2,input_seq_len,256,valid/input_seq_len/accuracy-256,0.975203125
cb256-r4-s125,gd-r4-wk4-mu01-t025-cb256-s125-d123-noearly4ep-r4r8-seed125,r4_r8_seed125_paired_recheck,0,125,123,256,4,131072,8x,6,epoch_end,3.0,2,input_seq_len,512,valid/input_seq_len/accuracy-512,0.9367734375
cb256-r4-s125,gd-r4-wk4-mu01-t025-cb256-s125-d123-noearly4ep-r4r8-seed125,r4_r8_seed125_paired_recheck,0,125,123,256,4,131072,8x,6,epoch_end,3.0,2,input_seq_len,64,valid/input_seq_len/accuracy-64,0.9996041666666666
cb256-r4-s125,gd-r4-wk4-mu01-t025-cb256-s125-d123-noearly4ep-r4r8-seed125,r4_r8_seed125_paired_recheck,0,125,123,256,4,131072,8x,6,epoch_end,3.0,2,mqar_case,1024x256,valid/mqar_case/accuracy-1024x256,0.69800390625
cb256-r4-s125,gd-r4-wk4-mu01-t025-cb256-s125-d123-noearly4ep-r4r8-seed125,r4_r8_seed125_paired_recheck,0,125,123,256,4,131072,8x,6,epoch_end,3.0,2,mqar_case,128x32,valid/mqar_case/accuracy-128x32,0.9905625
cb256-r4-s125,gd-r4-wk4-mu01-t025-cb256-s125-d123-noearly4ep-r4r8-seed125,r4_r8_seed125_paired_recheck,0,125,123,256,4,131072,8x,6,epoch_end,3.0,2,mqar_case,256x64,valid/mqar_case/accuracy-256x64,0.975203125
cb256-r4-s125,gd-r4-wk4-mu01-t025-cb256-s125-d123-noearly4ep-r4r8-seed125,r4_r8_seed125_paired_recheck,0,125,123,256,4,131072,8x,6,epoch_end,3.0,2,mqar_case,512x128,valid/mqar_case/accuracy-512x128,0.90715625
cb256-r4-s125,gd-r4-wk4-mu01-t025-cb256-s125-d123-noearly4ep-r4r8-seed125,r4_r8_seed125_paired_recheck,0,125,123,256,4,131072,8x,6,epoch_end,3.0,2,mqar_case,512x64,valid/mqar_case/accuracy-512x64,0.966390625
cb256-r4-s125,gd-r4-wk4-mu01-t025-cb256-s125-d123-noearly4ep-r4r8-seed125,r4_r8_seed125_paired_recheck,0,125,123,256,4,131072,8x,6,epoch_end,3.0,2,mqar_case,64x16,valid/mqar_case/accuracy-64x16,0.9994375
cb256-r4-s125,gd-r4-wk4-mu01-t025-cb256-s125-d123-noearly4ep-r4r8-seed125,r4_r8_seed125_paired_recheck,0,125,123,256,4,131072,8x,6,epoch_end,3.0,2,mqar_case,64x4,valid/mqar_case/accuracy-64x4,0.99975
cb256-r4-s125,gd-r4-wk4-mu01-t025-cb256-s125-d123-noearly4ep-r4r8-seed125,r4_r8_seed125_paired_recheck,0,125,123,256,4,131072,8x,6,epoch_end,3.0,2,mqar_case,64x8,valid/mqar_case/accuracy-64x8,0.999625
cb256-r4-s125,gd-r4-wk4-mu01-t025-cb256-s125-d123-noearly4ep-r4r8-seed125,r4_r8_seed125_paired_recheck,0,125,123,256,4,131072,8x,6,epoch_end,3.0,2,num_kv_pairs,128,valid/num_kv_pairs/accuracy-128,0.90715625
cb256-r4-s125,gd-r4-wk4-mu01-t025-cb256-s125-d123-noearly4ep-r4r8-seed125,r4_r8_seed125_paired_recheck,0,125,123,256,4,131072,8x,6,epoch_end,3.0,2,num_kv_pairs,16,valid/num_kv_pairs/accuracy-16,0.9994375
cb256-r4-s125,gd-r4-wk4-mu01-t025-cb256-s125-d123-noearly4ep-r4r8-seed125,r4_r8_seed125_paired_recheck,0,125,123,256,4,131072,8x,6,epoch_end,3.0,2,num_kv_pairs,256,valid/num_kv_pairs/accuracy-256,0.69800390625
cb256-r4-s125,gd-r4-wk4-mu01-t025-cb256-s125-d123-noearly4ep-r4r8-seed125,r4_r8_seed125_paired_recheck,0,125,123,256,4,131072,8x,6,epoch_end,3.0,2,num_kv_pairs,32,valid/num_kv_pairs/accuracy-32,0.9905625
cb256-r4-s125,gd-r4-wk4-mu01-t025-cb256-s125-d123-noearly4ep-r4r8-seed125,r4_r8_seed125_paired_recheck,0,125,123,256,4,131072,8x,6,epoch_end,3.0,2,num_kv_pairs,4,valid/num_kv_pairs/accuracy-4,0.99975
cb256-r4-s125,gd-r4-wk4-mu01-t025-cb256-s125-d123-noearly4ep-r4r8-seed125,r4_r8_seed125_paired_recheck,0,125,123,256,4,131072,8x,6,epoch_end,3.0,2,num_kv_pairs,64,valid/num_kv_pairs/accuracy-64,0.970796875
cb256-r4-s125,gd-r4-wk4-mu01-t025-cb256-s125-d123-noearly4ep-r4r8-seed125,r4_r8_seed125_paired_recheck,0,125,123,256,4,131072,8x,6,epoch_end,3.0,2,num_kv_pairs,8,valid/num_kv_pairs/accuracy-8,0.999625
cb256-r4-s125,gd-r4-wk4-mu01-t025-cb256-s125-d123-noearly4ep-r4r8-seed125,r4_r8_seed125_paired_recheck,0,125,123,256,4,131072,8x,7,mid_epoch,3.5,3,input_seq_len,1024,valid/input_seq_len/accuracy-1024,0.72766015625
cb256-r4-s125,gd-r4-wk4-mu01-t025-cb256-s125-d123-noearly4ep-r4r8-seed125,r4_r8_seed125_paired_recheck,0,125,123,256,4,131072,8x,7,mid_epoch,3.5,3,input_seq_len,128,valid/input_seq_len/accuracy-128,0.9923125
cb256-r4-s125,gd-r4-wk4-mu01-t025-cb256-s125-d123-noearly4ep-r4r8-seed125,r4_r8_seed125_paired_recheck,0,125,123,256,4,131072,8x,7,mid_epoch,3.5,3,input_seq_len,256,valid/input_seq_len/accuracy-256,0.9800625
cb256-r4-s125,gd-r4-wk4-mu01-t025-cb256-s125-d123-noearly4ep-r4r8-seed125,r4_r8_seed125_paired_recheck,0,125,123,256,4,131072,8x,7,mid_epoch,3.5,3,input_seq_len,512,valid/input_seq_len/accuracy-512,0.94553515625
cb256-r4-s125,gd-r4-wk4-mu01-t025-cb256-s125-d123-noearly4ep-r4r8-seed125,r4_r8_seed125_paired_recheck,0,125,123,256,4,131072,8x,7,mid_epoch,3.5,3,input_seq_len,64,valid/input_seq_len/accuracy-64,0.9996666666666667
cb256-r4-s125,gd-r4-wk4-mu01-t025-cb256-s125-d123-noearly4ep-r4r8-seed125,r4_r8_seed125_paired_recheck,0,125,123,256,4,131072,8x,7,mid_epoch,3.5,3,mqar_case,1024x256,valid/mqar_case/accuracy-1024x256,0.72766015625
cb256-r4-s125,gd-r4-wk4-mu01-t025-cb256-s125-d123-noearly4ep-r4r8-seed125,r4_r8_seed125_paired_recheck,0,125,123,256,4,131072,8x,7,mid_epoch,3.5,3,mqar_case,128x32,valid/mqar_case/accuracy-128x32,0.9923125
cb256-r4-s125,gd-r4-wk4-mu01-t025-cb256-s125-d123-noearly4ep-r4r8-seed125,r4_r8_seed125_paired_recheck,0,125,123,256,4,131072,8x,7,mid_epoch,3.5,3,mqar_case,256x64,valid/mqar_case/accuracy-256x64,0.9800625
cb256-r4-s125,gd-r4-wk4-mu01-t025-cb256-s125-d123-noearly4ep-r4r8-seed125,r4_r8_seed125_paired_recheck,0,125,123,256,4,131072,8x,7,mid_epoch,3.5,3,mqar_case,512x128,valid/mqar_case/accuracy-512x128,0.9198671875
cb256-r4-s125,gd-r4-wk4-mu01-t025-cb256-s125-d123-noearly4ep-r4r8-seed125,r4_r8_seed125_paired_recheck,0,125,123,256,4,131072,8x,7,mid_epoch,3.5,3,mqar_case,512x64,valid/mqar_case/accuracy-512x64,0.971203125
cb256-r4-s125,gd-r4-wk4-mu01-t025-cb256-s125-d123-noearly4ep-r4r8-seed125,r4_r8_seed125_paired_recheck,0,125,123,256,4,131072,8x,7,mid_epoch,3.5,3,mqar_case,64x16,valid/mqar_case/accuracy-64x16,0.999375
cb256-r4-s125,gd-r4-wk4-mu01-t025-cb256-s125-d123-noearly4ep-r4r8-seed125,r4_r8_seed125_paired_recheck,0,125,123,256,4,131072,8x,7,mid_epoch,3.5,3,mqar_case,64x4,valid/mqar_case/accuracy-64x4,0.99975
cb256-r4-s125,gd-r4-wk4-mu01-t025-cb256-s125-d123-noearly4ep-r4r8-seed125,r4_r8_seed125_paired_recheck,0,125,123,256,4,131072,8x,7,mid_epoch,3.5,3,mqar_case,64x8,valid/mqar_case/accuracy-64x8,0.999875
cb256-r4-s125,gd-r4-wk4-mu01-t025-cb256-s125-d123-noearly4ep-r4r8-seed125,r4_r8_seed125_paired_recheck,0,125,123,256,4,131072,8x,7,mid_epoch,3.5,3,num_kv_pairs,128,valid/num_kv_pairs/accuracy-128,0.9198671875
cb256-r4-s125,gd-r4-wk4-mu01-t025-cb256-s125-d123-noearly4ep-r4r8-seed125,r4_r8_seed125_paired_recheck,0,125,123,256,4,131072,8x,7,mid_epoch,3.5,3,num_kv_pairs,16,valid/num_kv_pairs/accuracy-16,0.999375
cb256-r4-s125,gd-r4-wk4-mu01-t025-cb256-s125-d123-noearly4ep-r4r8-seed125,r4_r8_seed125_paired_recheck,0,125,123,256,4,131072,8x,7,mid_epoch,3.5,3,num_kv_pairs,256,valid/num_kv_pairs/accuracy-256,0.72766015625
cb256-r4-s125,gd-r4-wk4-mu01-t025-cb256-s125-d123-noearly4ep-r4r8-seed125,r4_r8_seed125_paired_recheck,0,125,123,256,4,131072,8x,7,mid_epoch,3.5,3,num_kv_pairs,32,valid/num_kv_pairs/accuracy-32,0.9923125
cb256-r4-s125,gd-r4-wk4-mu01-t025-cb256-s125-d123-noearly4ep-r4r8-seed125,r4_r8_seed125_paired_recheck,0,125,123,256,4,131072,8x,7,mid_epoch,3.5,3,num_kv_pairs,4,valid/num_kv_pairs/accuracy-4,0.99975
cb256-r4-s125,gd-r4-wk4-mu01-t025-cb256-s125-d123-noearly4ep-r4r8-seed125,r4_r8_seed125_paired_recheck,0,125,123,256,4,131072,8x,7,mid_epoch,3.5,3,num_kv_pairs,64,valid/num_kv_pairs/accuracy-64,0.9756328125
cb256-r4-s125,gd-r4-wk4-mu01-t025-cb256-s125-d123-noearly4ep-r4r8-seed125,r4_r8_seed125_paired_recheck,0,125,123,256,4,131072,8x,7,mid_epoch,3.5,3,num_kv_pairs,8,valid/num_kv_pairs/accuracy-8,0.999875
cb256-r4-s125,gd-r4-wk4-mu01-t025-cb256-s125-d123-noearly4ep-r4r8-seed125,r4_r8_seed125_paired_recheck,0,125,123,256,4,131072,8x,8,epoch_end,4.0,3,input_seq_len,1024,valid/input_seq_len/accuracy-1024,0.73907421875
cb256-r4-s125,gd-r4-wk4-mu01-t025-cb256-s125-d123-noearly4ep-r4r8-seed125,r4_r8_seed125_paired_recheck,0,125,123,256,4,131072,8x,8,epoch_end,4.0,3,input_seq_len,128,valid/input_seq_len/accuracy-128,0.99096875
cb256-r4-s125,gd-r4-wk4-mu01-t025-cb256-s125-d123-noearly4ep-r4r8-seed125,r4_r8_seed125_paired_recheck,0,125,123,256,4,131072,8x,8,epoch_end,4.0,3,input_seq_len,256,valid/input_seq_len/accuracy-256,0.98096875
cb256-r4-s125,gd-r4-wk4-mu01-t025-cb256-s125-d123-noearly4ep-r4r8-seed125,r4_r8_seed125_paired_recheck,0,125,123,256,4,131072,8x,8,epoch_end,4.0,3,input_seq_len,512,valid/input_seq_len/accuracy-512,0.9486015625
cb256-r4-s125,gd-r4-wk4-mu01-t025-cb256-s125-d123-noearly4ep-r4r8-seed125,r4_r8_seed125_paired_recheck,0,125,123,256,4,131072,8x,8,epoch_end,4.0,3,input_seq_len,64,valid/input_seq_len/accuracy-64,0.9996041666666666
cb256-r4-s125,gd-r4-wk4-mu01-t025-cb256-s125-d123-noearly4ep-r4r8-seed125,r4_r8_seed125_paired_recheck,0,125,123,256,4,131072,8x,8,epoch_end,4.0,3,mqar_case,1024x256,valid/mqar_case/accuracy-1024x256,0.73907421875
cb256-r4-s125,gd-r4-wk4-mu01-t025-cb256-s125-d123-noearly4ep-r4r8-seed125,r4_r8_seed125_paired_recheck,0,125,123,256,4,131072,8x,8,epoch_end,4.0,3,mqar_case,128x32,valid/mqar_case/accuracy-128x32,0.99096875
cb256-r4-s125,gd-r4-wk4-mu01-t025-cb256-s125-d123-noearly4ep-r4r8-seed125,r4_r8_seed125_paired_recheck,0,125,123,256,4,131072,8x,8,epoch_end,4.0,3,mqar_case,256x64,valid/mqar_case/accuracy-256x64,0.98096875
cb256-r4-s125,gd-r4-wk4-mu01-t025-cb256-s125-d123-noearly4ep-r4r8-seed125,r4_r8_seed125_paired_recheck,0,125,123,256,4,131072,8x,8,epoch_end,4.0,3,mqar_case,512x128,valid/mqar_case/accuracy-512x128,0.925109375
cb256-r4-s125,gd-r4-wk4-mu01-t025-cb256-s125-d123-noearly4ep-r4r8-seed125,r4_r8_seed125_paired_recheck,0,125,123,256,4,131072,8x,8,epoch_end,4.0,3,mqar_case,512x64,valid/mqar_case/accuracy-512x64,0.97209375
cb256-r4-s125,gd-r4-wk4-mu01-t025-cb256-s125-d123-noearly4ep-r4r8-seed125,r4_r8_seed125_paired_recheck,0,125,123,256,4,131072,8x,8,epoch_end,4.0,3,mqar_case,64x16,valid/mqar_case/accuracy-64x16,0.9995625
cb256-r4-s125,gd-r4-wk4-mu01-t025-cb256-s125-d123-noearly4ep-r4r8-seed125,r4_r8_seed125_paired_recheck,0,125,123,256,4,131072,8x,8,epoch_end,4.0,3,mqar_case,64x4,valid/mqar_case/accuracy-64x4,0.9995
cb256-r4-s125,gd-r4-wk4-mu01-t025-cb256-s125-d123-noearly4ep-r4r8-seed125,r4_r8_seed125_paired_recheck,0,125,123,256,4,131072,8x,8,epoch_end,4.0,3,mqar_case,64x8,valid/mqar_case/accuracy-64x8,0.99975
cb256-r4-s125,gd-r4-wk4-mu01-t025-cb256-s125-d123-noearly4ep-r4r8-seed125,r4_r8_seed125_paired_recheck,0,125,123,256,4,131072,8x,8,epoch_end,4.0,3,num_kv_pairs,128,valid/num_kv_pairs/accuracy-128,0.925109375
cb256-r4-s125,gd-r4-wk4-mu01-t025-cb256-s125-d123-noearly4ep-r4r8-seed125,r4_r8_seed125_paired_recheck,0,125,123,256,4,131072,8x,8,epoch_end,4.0,3,num_kv_pairs,16,valid/num_kv_pairs/accuracy-16,0.9995625
cb256-r4-s125,gd-r4-wk4-mu01-t025-cb256-s125-d123-noearly4ep-r4r8-seed125,r4_r8_seed125_paired_recheck,0,125,123,256,4,131072,8x,8,epoch_end,4.0,3,num_kv_pairs,256,valid/num_kv_pairs/accuracy-256,0.73907421875
cb256-r4-s125,gd-r4-wk4-mu01-t025-cb256-s125-d123-noearly4ep-r4r8-seed125,r4_r8_seed125_paired_recheck,0,125,123,256,4,131072,8x,8,epoch_end,4.0,3,num_kv_pairs,32,valid/num_kv_pairs/accuracy-32,0.99096875
cb256-r4-s125,gd-r4-wk4-mu01-t025-cb256-s125-d123-noearly4ep-r4r8-seed125,r4_r8_seed125_paired_recheck,0,125,123,256,4,131072,8x,8,epoch_end,4.0,3,num_kv_pairs,4,valid/num_kv_pairs/accuracy-4,0.9995
cb256-r4-s125,gd-r4-wk4-mu01-t025-cb256-s125-d123-noearly4ep-r4r8-seed125,r4_r8_seed125_paired_recheck,0,125,123,256,4,131072,8x,8,epoch_end,4.0,3,num_kv_pairs,64,valid/num_kv_pairs/accuracy-64,0.97653125
cb256-r4-s125,gd-r4-wk4-mu01-t025-cb256-s125-d123-noearly4ep-r4r8-seed125,r4_r8_seed125_paired_recheck,0,125,123,256,4,131072,8x,8,epoch_end,4.0,3,num_kv_pairs,8,valid/num_kv_pairs/accuracy-8,0.99975
cb256-r8-s125,gd-r8-wk4-mu01-t025-cb256-s125-d123-noearly4ep-r4r8-seed125,r4_r8_seed125_paired_recheck,1,125,123,256,8,262144,16x,1,mid_epoch,0.5,0,input_seq_len,1024,valid/input_seq_len/accuracy-1024,0.00022265625
cb256-r8-s125,gd-r8-wk4-mu01-t025-cb256-s125-d123-noearly4ep-r4r8-seed125,r4_r8_seed125_paired_recheck,1,125,123,256,8,262144,16x,1,mid_epoch,0.5,0,input_seq_len,128,valid/input_seq_len/accuracy-128,0.0001875
cb256-r8-s125,gd-r8-wk4-mu01-t025-cb256-s125-d123-noearly4ep-r4r8-seed125,r4_r8_seed125_paired_recheck,1,125,123,256,8,262144,16x,1,mid_epoch,0.5,0,input_seq_len,256,valid/input_seq_len/accuracy-256,0.00021875
cb256-r8-s125,gd-r8-wk4-mu01-t025-cb256-s125-d123-noearly4ep-r4r8-seed125,r4_r8_seed125_paired_recheck,1,125,123,256,8,262144,16x,1,mid_epoch,0.5,0,input_seq_len,512,valid/input_seq_len/accuracy-512,0.00026953125
cb256-r8-s125,gd-r8-wk4-mu01-t025-cb256-s125-d123-noearly4ep-r4r8-seed125,r4_r8_seed125_paired_recheck,1,125,123,256,8,262144,16x,1,mid_epoch,0.5,0,input_seq_len,64,valid/input_seq_len/accuracy-64,0.0003541666666666667
cb256-r8-s125,gd-r8-wk4-mu01-t025-cb256-s125-d123-noearly4ep-r4r8-seed125,r4_r8_seed125_paired_recheck,1,125,123,256,8,262144,16x,1,mid_epoch,0.5,0,mqar_case,1024x256,valid/mqar_case/accuracy-1024x256,0.00022265625
cb256-r8-s125,gd-r8-wk4-mu01-t025-cb256-s125-d123-noearly4ep-r4r8-seed125,r4_r8_seed125_paired_recheck,1,125,123,256,8,262144,16x,1,mid_epoch,0.5,0,mqar_case,128x32,valid/mqar_case/accuracy-128x32,0.0001875
cb256-r8-s125,gd-r8-wk4-mu01-t025-cb256-s125-d123-noearly4ep-r4r8-seed125,r4_r8_seed125_paired_recheck,1,125,123,256,8,262144,16x,1,mid_epoch,0.5,0,mqar_case,256x64,valid/mqar_case/accuracy-256x64,0.00021875
cb256-r8-s125,gd-r8-wk4-mu01-t025-cb256-s125-d123-noearly4ep-r4r8-seed125,r4_r8_seed125_paired_recheck,1,125,123,256,8,262144,16x,1,mid_epoch,0.5,0,mqar_case,512x128,valid/mqar_case/accuracy-512x128,0.0001953125
cb256-r8-s125,gd-r8-wk4-mu01-t025-cb256-s125-d123-noearly4ep-r4r8-seed125,r4_r8_seed125_paired_recheck,1,125,123,256,8,262144,16x,1,mid_epoch,0.5,0,mqar_case,512x64,valid/mqar_case/accuracy-512x64,0.00034375
cb256-r8-s125,gd-r8-wk4-mu01-t025-cb256-s125-d123-noearly4ep-r4r8-seed125,r4_r8_seed125_paired_recheck,1,125,123,256,8,262144,16x,1,mid_epoch,0.5,0,mqar_case,64x16,valid/mqar_case/accuracy-64x16,0.0005625
cb256-r8-s125,gd-r8-wk4-mu01-t025-cb256-s125-d123-noearly4ep-r4r8-seed125,r4_r8_seed125_paired_recheck,1,125,123,256,8,262144,16x,1,mid_epoch,0.5,0,mqar_case,64x4,valid/mqar_case/accuracy-64x4,0.0
cb256-r8-s125,gd-r8-wk4-mu01-t025-cb256-s125-d123-noearly4ep-r4r8-seed125,r4_r8_seed125_paired_recheck,1,125,123,256,8,262144,16x,1,mid_epoch,0.5,0,mqar_case,64x8,valid/mqar_case/accuracy-64x8,0.0005
cb256-r8-s125,gd-r8-wk4-mu01-t025-cb256-s125-d123-noearly4ep-r4r8-seed125,r4_r8_seed125_paired_recheck,1,125,123,256,8,262144,16x,1,mid_epoch,0.5,0,num_kv_pairs,128,valid/num_kv_pairs/accuracy-128,0.0001953125
cb256-r8-s125,gd-r8-wk4-mu01-t025-cb256-s125-d123-noearly4ep-r4r8-seed125,r4_r8_seed125_paired_recheck,1,125,123,256,8,262144,16x,1,mid_epoch,0.5,0,num_kv_pairs,16,valid/num_kv_pairs/accuracy-16,0.0005625
cb256-r8-s125,gd-r8-wk4-mu01-t025-cb256-s125-d123-noearly4ep-r4r8-seed125,r4_r8_seed125_paired_recheck,1,125,123,256,8,262144,16x,1,mid_epoch,0.5,0,num_kv_pairs,256,valid/num_kv_pairs/accuracy-256,0.00022265625
cb256-r8-s125,gd-r8-wk4-mu01-t025-cb256-s125-d123-noearly4ep-r4r8-seed125,r4_r8_seed125_paired_recheck,1,125,123,256,8,262144,16x,1,mid_epoch,0.5,0,num_kv_pairs,32,valid/num_kv_pairs/accuracy-32,0.0001875
cb256-r8-s125,gd-r8-wk4-mu01-t025-cb256-s125-d123-noearly4ep-r4r8-seed125,r4_r8_seed125_paired_recheck,1,125,123,256,8,262144,16x,1,mid_epoch,0.5,0,num_kv_pairs,4,valid/num_kv_pairs/accuracy-4,0.0
cb256-r8-s125,gd-r8-wk4-mu01-t025-cb256-s125-d123-noearly4ep-r4r8-seed125,r4_r8_seed125_paired_recheck,1,125,123,256,8,262144,16x,1,mid_epoch,0.5,0,num_kv_pairs,64,valid/num_kv_pairs/accuracy-64,0.00028125
cb256-r8-s125,gd-r8-wk4-mu01-t025-cb256-s125-d123-noearly4ep-r4r8-seed125,r4_r8_seed125_paired_recheck,1,125,123,256,8,262144,16x,1,mid_epoch,0.5,0,num_kv_pairs,8,valid/num_kv_pairs/accuracy-8,0.0005
cb256-r8-s125,gd-r8-wk4-mu01-t025-cb256-s125-d123-noearly4ep-r4r8-seed125,r4_r8_seed125_paired_recheck,1,125,123,256,8,262144,16x,2,epoch_end,1.0,0,input_seq_len,1024,valid/input_seq_len/accuracy-1024,0.92178125
cb256-r8-s125,gd-r8-wk4-mu01-t025-cb256-s125-d123-noearly4ep-r4r8-seed125,r4_r8_seed125_paired_recheck,1,125,123,256,8,262144,16x,2,epoch_end,1.0,0,input_seq_len,128,valid/input_seq_len/accuracy-128,0.99034375
cb256-r8-s125,gd-r8-wk4-mu01-t025-cb256-s125-d123-noearly4ep-r4r8-seed125,r4_r8_seed125_paired_recheck,1,125,123,256,8,262144,16x,2,epoch_end,1.0,0,input_seq_len,256,valid/input_seq_len/accuracy-256,0.983625
cb256-r8-s125,gd-r8-wk4-mu01-t025-cb256-s125-d123-noearly4ep-r4r8-seed125,r4_r8_seed125_paired_recheck,1,125,123,256,8,262144,16x,2,epoch_end,1.0,0,input_seq_len,512,valid/input_seq_len/accuracy-512,0.97284765625
cb256-r8-s125,gd-r8-wk4-mu01-t025-cb256-s125-d123-noearly4ep-r4r8-seed125,r4_r8_seed125_paired_recheck,1,125,123,256,8,262144,16x,2,epoch_end,1.0,0,input_seq_len,64,valid/input_seq_len/accuracy-64,0.999875
cb256-r8-s125,gd-r8-wk4-mu01-t025-cb256-s125-d123-noearly4ep-r4r8-seed125,r4_r8_seed125_paired_recheck,1,125,123,256,8,262144,16x,2,epoch_end,1.0,0,mqar_case,1024x256,valid/mqar_case/accuracy-1024x256,0.92178125
cb256-r8-s125,gd-r8-wk4-mu01-t025-cb256-s125-d123-noearly4ep-r4r8-seed125,r4_r8_seed125_paired_recheck,1,125,123,256,8,262144,16x,2,epoch_end,1.0,0,mqar_case,128x32,valid/mqar_case/accuracy-128x32,0.99034375
cb256-r8-s125,gd-r8-wk4-mu01-t025-cb256-s125-d123-noearly4ep-r4r8-seed125,r4_r8_seed125_paired_recheck,1,125,123,256,8,262144,16x,2,epoch_end,1.0,0,mqar_case,256x64,valid/mqar_case/accuracy-256x64,0.983625
cb256-r8-s125,gd-r8-wk4-mu01-t025-cb256-s125-d123-noearly4ep-r4r8-seed125,r4_r8_seed125_paired_recheck,1,125,123,256,8,262144,16x,2,epoch_end,1.0,0,mqar_case,512x128,valid/mqar_case/accuracy-512x128,0.9689140625
cb256-r8-s125,gd-r8-wk4-mu01-t025-cb256-s125-d123-noearly4ep-r4r8-seed125,r4_r8_seed125_paired_recheck,1,125,123,256,8,262144,16x,2,epoch_end,1.0,0,mqar_case,512x64,valid/mqar_case/accuracy-512x64,0.97678125
cb256-r8-s125,gd-r8-wk4-mu01-t025-cb256-s125-d123-noearly4ep-r4r8-seed125,r4_r8_seed125_paired_recheck,1,125,123,256,8,262144,16x,2,epoch_end,1.0,0,mqar_case,64x16,valid/mqar_case/accuracy-64x16,0.999875
cb256-r8-s125,gd-r8-wk4-mu01-t025-cb256-s125-d123-noearly4ep-r4r8-seed125,r4_r8_seed125_paired_recheck,1,125,123,256,8,262144,16x,2,epoch_end,1.0,0,mqar_case,64x4,valid/mqar_case/accuracy-64x4,0.99975
cb256-r8-s125,gd-r8-wk4-mu01-t025-cb256-s125-d123-noearly4ep-r4r8-seed125,r4_r8_seed125_paired_recheck,1,125,123,256,8,262144,16x,2,epoch_end,1.0,0,mqar_case,64x8,valid/mqar_case/accuracy-64x8,1.0
cb256-r8-s125,gd-r8-wk4-mu01-t025-cb256-s125-d123-noearly4ep-r4r8-seed125,r4_r8_seed125_paired_recheck,1,125,123,256,8,262144,16x,2,epoch_end,1.0,0,num_kv_pairs,128,valid/num_kv_pairs/accuracy-128,0.9689140625
cb256-r8-s125,gd-r8-wk4-mu01-t025-cb256-s125-d123-noearly4ep-r4r8-seed125,r4_r8_seed125_paired_recheck,1,125,123,256,8,262144,16x,2,epoch_end,1.0,0,num_kv_pairs,16,valid/num_kv_pairs/accuracy-16,0.999875
cb256-r8-s125,gd-r8-wk4-mu01-t025-cb256-s125-d123-noearly4ep-r4r8-seed125,r4_r8_seed125_paired_recheck,1,125,123,256,8,262144,16x,2,epoch_end,1.0,0,num_kv_pairs,256,valid/num_kv_pairs/accuracy-256,0.92178125
cb256-r8-s125,gd-r8-wk4-mu01-t025-cb256-s125-d123-noearly4ep-r4r8-seed125,r4_r8_seed125_paired_recheck,1,125,123,256,8,262144,16x,2,epoch_end,1.0,0,num_kv_pairs,32,valid/num_kv_pairs/accuracy-32,0.99034375
cb256-r8-s125,gd-r8-wk4-mu01-t025-cb256-s125-d123-noearly4ep-r4r8-seed125,r4_r8_seed125_paired_recheck,1,125,123,256,8,262144,16x,2,epoch_end,1.0,0,num_kv_pairs,4,valid/num_kv_pairs/accuracy-4,0.99975
cb256-r8-s125,gd-r8-wk4-mu01-t025-cb256-s125-d123-noearly4ep-r4r8-seed125,r4_r8_seed125_paired_recheck,1,125,123,256,8,262144,16x,2,epoch_end,1.0,0,num_kv_pairs,64,valid/num_kv_pairs/accuracy-64,0.980203125
cb256-r8-s125,gd-r8-wk4-mu01-t025-cb256-s125-d123-noearly4ep-r4r8-seed125,r4_r8_seed125_paired_recheck,1,125,123,256,8,262144,16x,2,epoch_end,1.0,0,num_kv_pairs,8,valid/num_kv_pairs/accuracy-8,1.0
cb256-r8-s125,gd-r8-wk4-mu01-t025-cb256-s125-d123-noearly4ep-r4r8-seed125,r4_r8_seed125_paired_recheck,1,125,123,256,8,262144,16x,3,mid_epoch,1.5,1,input_seq_len,1024,valid/input_seq_len/accuracy-1024,0.9605546875
cb256-r8-s125,gd-r8-wk4-mu01-t025-cb256-s125-d123-noearly4ep-r4r8-seed125,r4_r8_seed125_paired_recheck,1,125,123,256,8,262144,16x,3,mid_epoch,1.5,1,input_seq_len,128,valid/input_seq_len/accuracy-128,0.99634375
cb256-r8-s125,gd-r8-wk4-mu01-t025-cb256-s125-d123-noearly4ep-r4r8-seed125,r4_r8_seed125_paired_recheck,1,125,123,256,8,262144,16x,3,mid_epoch,1.5,1,input_seq_len,256,valid/input_seq_len/accuracy-256,0.99271875
cb256-r8-s125,gd-r8-wk4-mu01-t025-cb256-s125-d123-noearly4ep-r4r8-seed125,r4_r8_seed125_paired_recheck,1,125,123,256,8,262144,16x,3,mid_epoch,1.5,1,input_seq_len,512,valid/input_seq_len/accuracy-512,0.98807421875
cb256-r8-s125,gd-r8-wk4-mu01-t025-cb256-s125-d123-noearly4ep-r4r8-seed125,r4_r8_seed125_paired_recheck,1,125,123,256,8,262144,16x,3,mid_epoch,1.5,1,input_seq_len,64,valid/input_seq_len/accuracy-64,0.9998333333333334
cb256-r8-s125,gd-r8-wk4-mu01-t025-cb256-s125-d123-noearly4ep-r4r8-seed125,r4_r8_seed125_paired_recheck,1,125,123,256,8,262144,16x,3,mid_epoch,1.5,1,mqar_case,1024x256,valid/mqar_case/accuracy-1024x256,0.9605546875
cb256-r8-s125,gd-r8-wk4-mu01-t025-cb256-s125-d123-noearly4ep-r4r8-seed125,r4_r8_seed125_paired_recheck,1,125,123,256,8,262144,16x,3,mid_epoch,1.5,1,mqar_case,128x32,valid/mqar_case/accuracy-128x32,0.99634375
cb256-r8-s125,gd-r8-wk4-mu01-t025-cb256-s125-d123-noearly4ep-r4r8-seed125,r4_r8_seed125_paired_recheck,1,125,123,256,8,262144,16x,3,mid_epoch,1.5,1,mqar_case,256x64,valid/mqar_case/accuracy-256x64,0.99271875
cb256-r8-s125,gd-r8-wk4-mu01-t025-cb256-s125-d123-noearly4ep-r4r8-seed125,r4_r8_seed125_paired_recheck,1,125,123,256,8,262144,16x,3,mid_epoch,1.5,1,mqar_case,512x128,valid/mqar_case/accuracy-512x128,0.9869453125
cb256-r8-s125,gd-r8-wk4-mu01-t025-cb256-s125-d123-noearly4ep-r4r8-seed125,r4_r8_seed125_paired_recheck,1,125,123,256,8,262144,16x,3,mid_epoch,1.5,1,mqar_case,512x64,valid/mqar_case/accuracy-512x64,0.989203125
cb256-r8-s125,gd-r8-wk4-mu01-t025-cb256-s125-d123-noearly4ep-r4r8-seed125,r4_r8_seed125_paired_recheck,1,125,123,256,8,262144,16x,3,mid_epoch,1.5,1,mqar_case,64x16,valid/mqar_case/accuracy-64x16,0.999625
cb256-r8-s125,gd-r8-wk4-mu01-t025-cb256-s125-d123-noearly4ep-r4r8-seed125,r4_r8_seed125_paired_recheck,1,125,123,256,8,262144,16x,3,mid_epoch,1.5,1,mqar_case,64x4,valid/mqar_case/accuracy-64x4,1.0
cb256-r8-s125,gd-r8-wk4-mu01-t025-cb256-s125-d123-noearly4ep-r4r8-seed125,r4_r8_seed125_paired_recheck,1,125,123,256,8,262144,16x,3,mid_epoch,1.5,1,mqar_case,64x8,valid/mqar_case/accuracy-64x8,0.999875
cb256-r8-s125,gd-r8-wk4-mu01-t025-cb256-s125-d123-noearly4ep-r4r8-seed125,r4_r8_seed125_paired_recheck,1,125,123,256,8,262144,16x,3,mid_epoch,1.5,1,num_kv_pairs,128,valid/num_kv_pairs/accuracy-128,0.9869453125
cb256-r8-s125,gd-r8-wk4-mu01-t025-cb256-s125-d123-noearly4ep-r4r8-seed125,r4_r8_seed125_paired_recheck,1,125,123,256,8,262144,16x,3,mid_epoch,1.5,1,num_kv_pairs,16,valid/num_kv_pairs/accuracy-16,0.999625
cb256-r8-s125,gd-r8-wk4-mu01-t025-cb256-s125-d123-noearly4ep-r4r8-seed125,r4_r8_seed125_paired_recheck,1,125,123,256,8,262144,16x,3,mid_epoch,1.5,1,num_kv_pairs,256,valid/num_kv_pairs/accuracy-256,0.9605546875
cb256-r8-s125,gd-r8-wk4-mu01-t025-cb256-s125-d123-noearly4ep-r4r8-seed125,r4_r8_seed125_paired_recheck,1,125,123,256,8,262144,16x,3,mid_epoch,1.5,1,num_kv_pairs,32,valid/num_kv_pairs/accuracy-32,0.99634375
cb256-r8-s125,gd-r8-wk4-mu01-t025-cb256-s125-d123-noearly4ep-r4r8-seed125,r4_r8_seed125_paired_recheck,1,125,123,256,8,262144,16x,3,mid_epoch,1.5,1,num_kv_pairs,4,valid/num_kv_pairs/accuracy-4,1.0
cb256-r8-s125,gd-r8-wk4-mu01-t025-cb256-s125-d123-noearly4ep-r4r8-seed125,r4_r8_seed125_paired_recheck,1,125,123,256,8,262144,16x,3,mid_epoch,1.5,1,num_kv_pairs,64,valid/num_kv_pairs/accuracy-64,0.9909609375
cb256-r8-s125,gd-r8-wk4-mu01-t025-cb256-s125-d123-noearly4ep-r4r8-seed125,r4_r8_seed125_paired_recheck,1,125,123,256,8,262144,16x,3,mid_epoch,1.5,1,num_kv_pairs,8,valid/num_kv_pairs/accuracy-8,0.999875
cb256-r8-s125,gd-r8-wk4-mu01-t025-cb256-s125-d123-noearly4ep-r4r8-seed125,r4_r8_seed125_paired_recheck,1,125,123,256,8,262144,16x,4,epoch_end,2.0,1,input_seq_len,1024,valid/input_seq_len/accuracy-1024,0.96027734375
cb256-r8-s125,gd-r8-wk4-mu01-t025-cb256-s125-d123-noearly4ep-r4r8-seed125,r4_r8_seed125_paired_recheck,1,125,123,256,8,262144,16x,4,epoch_end,2.0,1,input_seq_len,128,valid/input_seq_len/accuracy-128,0.99603125
cb256-r8-s125,gd-r8-wk4-mu01-t025-cb256-s125-d123-noearly4ep-r4r8-seed125,r4_r8_seed125_paired_recheck,1,125,123,256,8,262144,16x,4,epoch_end,2.0,1,input_seq_len,256,valid/input_seq_len/accuracy-256,0.9931875
cb256-r8-s125,gd-r8-wk4-mu01-t025-cb256-s125-d123-noearly4ep-r4r8-seed125,r4_r8_seed125_paired_recheck,1,125,123,256,8,262144,16x,4,epoch_end,2.0,1,input_seq_len,512,valid/input_seq_len/accuracy-512,0.98735546875
cb256-r8-s125,gd-r8-wk4-mu01-t025-cb256-s125-d123-noearly4ep-r4r8-seed125,r4_r8_seed125_paired_recheck,1,125,123,256,8,262144,16x,4,epoch_end,2.0,1,input_seq_len,64,valid/input_seq_len/accuracy-64,0.9998541666666667
cb256-r8-s125,gd-r8-wk4-mu01-t025-cb256-s125-d123-noearly4ep-r4r8-seed125,r4_r8_seed125_paired_recheck,1,125,123,256,8,262144,16x,4,epoch_end,2.0,1,mqar_case,1024x256,valid/mqar_case/accuracy-1024x256,0.96027734375
cb256-r8-s125,gd-r8-wk4-mu01-t025-cb256-s125-d123-noearly4ep-r4r8-seed125,r4_r8_seed125_paired_recheck,1,125,123,256,8,262144,16x,4,epoch_end,2.0,1,mqar_case,128x32,valid/mqar_case/accuracy-128x32,0.99603125
cb256-r8-s125,gd-r8-wk4-mu01-t025-cb256-s125-d123-noearly4ep-r4r8-seed125,r4_r8_seed125_paired_recheck,1,125,123,256,8,262144,16x,4,epoch_end,2.0,1,mqar_case,256x64,valid/mqar_case/accuracy-256x64,0.9931875
cb256-r8-s125,gd-r8-wk4-mu01-t025-cb256-s125-d123-noearly4ep-r4r8-seed125,r4_r8_seed125_paired_recheck,1,125,123,256,8,262144,16x,4,epoch_end,2.0,1,mqar_case,512x128,valid/mqar_case/accuracy-512x128,0.9860390625
cb256-r8-s125,gd-r8-wk4-mu01-t025-cb256-s125-d123-noearly4ep-r4r8-seed125,r4_r8_seed125_paired_recheck,1,125,123,256,8,262144,16x,4,epoch_end,2.0,1,mqar_case,512x64,valid/mqar_case/accuracy-512x64,0.988671875
cb256-r8-s125,gd-r8-wk4-mu01-t025-cb256-s125-d123-noearly4ep-r4r8-seed125,r4_r8_seed125_paired_recheck,1,125,123,256,8,262144,16x,4,epoch_end,2.0,1,mqar_case,64x16,valid/mqar_case/accuracy-64x16,0.9996875
cb256-r8-s125,gd-r8-wk4-mu01-t025-cb256-s125-d123-noearly4ep-r4r8-seed125,r4_r8_seed125_paired_recheck,1,125,123,256,8,262144,16x,4,epoch_end,2.0,1,mqar_case,64x4,valid/mqar_case/accuracy-64x4,1.0
cb256-r8-s125,gd-r8-wk4-mu01-t025-cb256-s125-d123-noearly4ep-r4r8-seed125,r4_r8_seed125_paired_recheck,1,125,123,256,8,262144,16x,4,epoch_end,2.0,1,mqar_case,64x8,valid/mqar_case/accuracy-64x8,0.999875
cb256-r8-s125,gd-r8-wk4-mu01-t025-cb256-s125-d123-noearly4ep-r4r8-seed125,r4_r8_seed125_paired_recheck,1,125,123,256,8,262144,16x,4,epoch_end,2.0,1,num_kv_pairs,128,valid/num_kv_pairs/accuracy-128,0.9860390625
cb256-r8-s125,gd-r8-wk4-mu01-t025-cb256-s125-d123-noearly4ep-r4r8-seed125,r4_r8_seed125_paired_recheck,1,125,123,256,8,262144,16x,4,epoch_end,2.0,1,num_kv_pairs,16,valid/num_kv_pairs/accuracy-16,0.9996875
cb256-r8-s125,gd-r8-wk4-mu01-t025-cb256-s125-d123-noearly4ep-r4r8-seed125,r4_r8_seed125_paired_recheck,1,125,123,256,8,262144,16x,4,epoch_end,2.0,1,num_kv_pairs,256,valid/num_kv_pairs/accuracy-256,0.96027734375
cb256-r8-s125,gd-r8-wk4-mu01-t025-cb256-s125-d123-noearly4ep-r4r8-seed125,r4_r8_seed125_paired_recheck,1,125,123,256,8,262144,16x,4,epoch_end,2.0,1,num_kv_pairs,32,valid/num_kv_pairs/accuracy-32,0.99603125
cb256-r8-s125,gd-r8-wk4-mu01-t025-cb256-s125-d123-noearly4ep-r4r8-seed125,r4_r8_seed125_paired_recheck,1,125,123,256,8,262144,16x,4,epoch_end,2.0,1,num_kv_pairs,4,valid/num_kv_pairs/accuracy-4,1.0
cb256-r8-s125,gd-r8-wk4-mu01-t025-cb256-s125-d123-noearly4ep-r4r8-seed125,r4_r8_seed125_paired_recheck,1,125,123,256,8,262144,16x,4,epoch_end,2.0,1,num_kv_pairs,64,valid/num_kv_pairs/accuracy-64,0.9909296875
cb256-r8-s125,gd-r8-wk4-mu01-t025-cb256-s125-d123-noearly4ep-r4r8-seed125,r4_r8_seed125_paired_recheck,1,125,123,256,8,262144,16x,4,epoch_end,2.0,1,num_kv_pairs,8,valid/num_kv_pairs/accuracy-8,0.999875
cb256-r8-s125,gd-r8-wk4-mu01-t025-cb256-s125-d123-noearly4ep-r4r8-seed125,r4_r8_seed125_paired_recheck,1,125,123,256,8,262144,16x,5,mid_epoch,2.5,2,input_seq_len,1024,valid/input_seq_len/accuracy-1024,0.97337109375
cb256-r8-s125,gd-r8-wk4-mu01-t025-cb256-s125-d123-noearly4ep-r4r8-seed125,r4_r8_seed125_paired_recheck,1,125,123,256,8,262144,16x,5,mid_epoch,2.5,2,input_seq_len,128,valid/input_seq_len/accuracy-128,0.99740625
cb256-r8-s125,gd-r8-wk4-mu01-t025-cb256-s125-d123-noearly4ep-r4r8-seed125,r4_r8_seed125_paired_recheck,1,125,123,256,8,262144,16x,5,mid_epoch,2.5,2,input_seq_len,256,valid/input_seq_len/accuracy-256,0.9963125
cb256-r8-s125,gd-r8-wk4-mu01-t025-cb256-s125-d123-noearly4ep-r4r8-seed125,r4_r8_seed125_paired_recheck,1,125,123,256,8,262144,16x,5,mid_epoch,2.5,2,input_seq_len,512,valid/input_seq_len/accuracy-512,0.992453125
cb256-r8-s125,gd-r8-wk4-mu01-t025-cb256-s125-d123-noearly4ep-r4r8-seed125,r4_r8_seed125_paired_recheck,1,125,123,256,8,262144,16x,5,mid_epoch,2.5,2,input_seq_len,64,valid/input_seq_len/accuracy-64,0.9998333333333334
cb256-r8-s125,gd-r8-wk4-mu01-t025-cb256-s125-d123-noearly4ep-r4r8-seed125,r4_r8_seed125_paired_recheck,1,125,123,256,8,262144,16x,5,mid_epoch,2.5,2,mqar_case,1024x256,valid/mqar_case/accuracy-1024x256,0.97337109375
cb256-r8-s125,gd-r8-wk4-mu01-t025-cb256-s125-d123-noearly4ep-r4r8-seed125,r4_r8_seed125_paired_recheck,1,125,123,256,8,262144,16x,5,mid_epoch,2.5,2,mqar_case,128x32,valid/mqar_case/accuracy-128x32,0.99740625
cb256-r8-s125,gd-r8-wk4-mu01-t025-cb256-s125-d123-noearly4ep-r4r8-seed125,r4_r8_seed125_paired_recheck,1,125,123,256,8,262144,16x,5,mid_epoch,2.5,2,mqar_case,256x64,valid/mqar_case/accuracy-256x64,0.9963125
cb256-r8-s125,gd-r8-wk4-mu01-t025-cb256-s125-d123-noearly4ep-r4r8-seed125,r4_r8_seed125_paired_recheck,1,125,123,256,8,262144,16x,5,mid_epoch,2.5,2,mqar_case,512x128,valid/mqar_case/accuracy-512x128,0.99234375
cb256-r8-s125,gd-r8-wk4-mu01-t025-cb256-s125-d123-noearly4ep-r4r8-seed125,r4_r8_seed125_paired_recheck,1,125,123,256,8,262144,16x,5,mid_epoch,2.5,2,mqar_case,512x64,valid/mqar_case/accuracy-512x64,0.9925625
cb256-r8-s125,gd-r8-wk4-mu01-t025-cb256-s125-d123-noearly4ep-r4r8-seed125,r4_r8_seed125_paired_recheck,1,125,123,256,8,262144,16x,5,mid_epoch,2.5,2,mqar_case,64x16,valid/mqar_case/accuracy-64x16,0.999875
cb256-r8-s125,gd-r8-wk4-mu01-t025-cb256-s125-d123-noearly4ep-r4r8-seed125,r4_r8_seed125_paired_recheck,1,125,123,256,8,262144,16x,5,mid_epoch,2.5,2,mqar_case,64x4,valid/mqar_case/accuracy-64x4,1.0
cb256-r8-s125,gd-r8-wk4-mu01-t025-cb256-s125-d123-noearly4ep-r4r8-seed125,r4_r8_seed125_paired_recheck,1,125,123,256,8,262144,16x,5,mid_epoch,2.5,2,mqar_case,64x8,valid/mqar_case/accuracy-64x8,0.999625
cb256-r8-s125,gd-r8-wk4-mu01-t025-cb256-s125-d123-noearly4ep-r4r8-seed125,r4_r8_seed125_paired_recheck,1,125,123,256,8,262144,16x,5,mid_epoch,2.5,2,num_kv_pairs,128,valid/num_kv_pairs/accuracy-128,0.99234375
cb256-r8-s125,gd-r8-wk4-mu01-t025-cb256-s125-d123-noearly4ep-r4r8-seed125,r4_r8_seed125_paired_recheck,1,125,123,256,8,262144,16x,5,mid_epoch,2.5,2,num_kv_pairs,16,valid/num_kv_pairs/accuracy-16,0.999875
cb256-r8-s125,gd-r8-wk4-mu01-t025-cb256-s125-d123-noearly4ep-r4r8-seed125,r4_r8_seed125_paired_recheck,1,125,123,256,8,262144,16x,5,mid_epoch,2.5,2,num_kv_pairs,256,valid/num_kv_pairs/accuracy-256,0.97337109375
cb256-r8-s125,gd-r8-wk4-mu01-t025-cb256-s125-d123-noearly4ep-r4r8-seed125,r4_r8_seed125_paired_recheck,1,125,123,256,8,262144,16x,5,mid_epoch,2.5,2,num_kv_pairs,32,valid/num_kv_pairs/accuracy-32,0.99740625
cb256-r8-s125,gd-r8-wk4-mu01-t025-cb256-s125-d123-noearly4ep-r4r8-seed125,r4_r8_seed125_paired_recheck,1,125,123,256,8,262144,16x,5,mid_epoch,2.5,2,num_kv_pairs,4,valid/num_kv_pairs/accuracy-4,1.0
cb256-r8-s125,gd-r8-wk4-mu01-t025-cb256-s125-d123-noearly4ep-r4r8-seed125,r4_r8_seed125_paired_recheck,1,125,123,256,8,262144,16x,5,mid_epoch,2.5,2,num_kv_pairs,64,valid/num_kv_pairs/accuracy-64,0.9944375
cb256-r8-s125,gd-r8-wk4-mu01-t025-cb256-s125-d123-noearly4ep-r4r8-seed125,r4_r8_seed125_paired_recheck,1,125,123,256,8,262144,16x,5,mid_epoch,2.5,2,num_kv_pairs,8,valid/num_kv_pairs/accuracy-8,0.999625
cb256-r8-s125,gd-r8-wk4-mu01-t025-cb256-s125-d123-noearly4ep-r4r8-seed125,r4_r8_seed125_paired_recheck,1,125,123,256,8,262144,16x,6,epoch_end,3.0,2,input_seq_len,1024,valid/input_seq_len/accuracy-1024,0.97741796875
cb256-r8-s125,gd-r8-wk4-mu01-t025-cb256-s125-d123-noearly4ep-r4r8-seed125,r4_r8_seed125_paired_recheck,1,125,123,256,8,262144,16x,6,epoch_end,3.0,2,input_seq_len,128,valid/input_seq_len/accuracy-128,0.997625
cb256-r8-s125,gd-r8-wk4-mu01-t025-cb256-s125-d123-noearly4ep-r4r8-seed125,r4_r8_seed125_paired_recheck,1,125,123,256,8,262144,16x,6,epoch_end,3.0,2,input_seq_len,256,valid/input_seq_len/accuracy-256,0.99659375
cb256-r8-s125,gd-r8-wk4-mu01-t025-cb256-s125-d123-noearly4ep-r4r8-seed125,r4_r8_seed125_paired_recheck,1,125,123,256,8,262144,16x,6,epoch_end,3.0,2,input_seq_len,512,valid/input_seq_len/accuracy-512,0.9930234375
cb256-r8-s125,gd-r8-wk4-mu01-t025-cb256-s125-d123-noearly4ep-r4r8-seed125,r4_r8_seed125_paired_recheck,1,125,123,256,8,262144,16x,6,epoch_end,3.0,2,input_seq_len,64,valid/input_seq_len/accuracy-64,0.9999166666666667
cb256-r8-s125,gd-r8-wk4-mu01-t025-cb256-s125-d123-noearly4ep-r4r8-seed125,r4_r8_seed125_paired_recheck,1,125,123,256,8,262144,16x,6,epoch_end,3.0,2,mqar_case,1024x256,valid/mqar_case/accuracy-1024x256,0.97741796875
cb256-r8-s125,gd-r8-wk4-mu01-t025-cb256-s125-d123-noearly4ep-r4r8-seed125,r4_r8_seed125_paired_recheck,1,125,123,256,8,262144,16x,6,epoch_end,3.0,2,mqar_case,128x32,valid/mqar_case/accuracy-128x32,0.997625
cb256-r8-s125,gd-r8-wk4-mu01-t025-cb256-s125-d123-noearly4ep-r4r8-seed125,r4_r8_seed125_paired_recheck,1,125,123,256,8,262144,16x,6,epoch_end,3.0,2,mqar_case,256x64,valid/mqar_case/accuracy-256x64,0.99659375
cb256-r8-s125,gd-r8-wk4-mu01-t025-cb256-s125-d123-noearly4ep-r4r8-seed125,r4_r8_seed125_paired_recheck,1,125,123,256,8,262144,16x,6,epoch_end,3.0,2,mqar_case,512x128,valid/mqar_case/accuracy-512x128,0.993515625
cb256-r8-s125,gd-r8-wk4-mu01-t025-cb256-s125-d123-noearly4ep-r4r8-seed125,r4_r8_seed125_paired_recheck,1,125,123,256,8,262144,16x,6,epoch_end,3.0,2,mqar_case,512x64,valid/mqar_case/accuracy-512x64,0.99253125
cb256-r8-s125,gd-r8-wk4-mu01-t025-cb256-s125-d123-noearly4ep-r4r8-seed125,r4_r8_seed125_paired_recheck,1,125,123,256,8,262144,16x,6,epoch_end,3.0,2,mqar_case,64x16,valid/mqar_case/accuracy-64x16,0.999875
cb256-r8-s125,gd-r8-wk4-mu01-t025-cb256-s125-d123-noearly4ep-r4r8-seed125,r4_r8_seed125_paired_recheck,1,125,123,256,8,262144,16x,6,epoch_end,3.0,2,mqar_case,64x4,valid/mqar_case/accuracy-64x4,1.0
cb256-r8-s125,gd-r8-wk4-mu01-t025-cb256-s125-d123-noearly4ep-r4r8-seed125,r4_r8_seed125_paired_recheck,1,125,123,256,8,262144,16x,6,epoch_end,3.0,2,mqar_case,64x8,valid/mqar_case/accuracy-64x8,0.999875
cb256-r8-s125,gd-r8-wk4-mu01-t025-cb256-s125-d123-noearly4ep-r4r8-seed125,r4_r8_seed125_paired_recheck,1,125,123,256,8,262144,16x,6,epoch_end,3.0,2,num_kv_pairs,128,valid/num_kv_pairs/accuracy-128,0.993515625
cb256-r8-s125,gd-r8-wk4-mu01-t025-cb256-s125-d123-noearly4ep-r4r8-seed125,r4_r8_seed125_paired_recheck,1,125,123,256,8,262144,16x,6,epoch_end,3.0,2,num_kv_pairs,16,valid/num_kv_pairs/accuracy-16,0.999875
cb256-r8-s125,gd-r8-wk4-mu01-t025-cb256-s125-d123-noearly4ep-r4r8-seed125,r4_r8_seed125_paired_recheck,1,125,123,256,8,262144,16x,6,epoch_end,3.0,2,num_kv_pairs,256,valid/num_kv_pairs/accuracy-256,0.97741796875
cb256-r8-s125,gd-r8-wk4-mu01-t025-cb256-s125-d123-noearly4ep-r4r8-seed125,r4_r8_seed125_paired_recheck,1,125,123,256,8,262144,16x,6,epoch_end,3.0,2,num_kv_pairs,32,valid/num_kv_pairs/accuracy-32,0.997625
cb256-r8-s125,gd-r8-wk4-mu01-t025-cb256-s125-d123-noearly4ep-r4r8-seed125,r4_r8_seed125_paired_recheck,1,125,123,256,8,262144,16x,6,epoch_end,3.0,2,num_kv_pairs,4,valid/num_kv_pairs/accuracy-4,1.0
cb256-r8-s125,gd-r8-wk4-mu01-t025-cb256-s125-d123-noearly4ep-r4r8-seed125,r4_r8_seed125_paired_recheck,1,125,123,256,8,262144,16x,6,epoch_end,3.0,2,num_kv_pairs,64,valid/num_kv_pairs/accuracy-64,0.9945625
cb256-r8-s125,gd-r8-wk4-mu01-t025-cb256-s125-d123-noearly4ep-r4r8-seed125,r4_r8_seed125_paired_recheck,1,125,123,256,8,262144,16x,6,epoch_end,3.0,2,num_kv_pairs,8,valid/num_kv_pairs/accuracy-8,0.999875
cb256-r8-s125,gd-r8-wk4-mu01-t025-cb256-s125-d123-noearly4ep-r4r8-seed125,r4_r8_seed125_paired_recheck,1,125,123,256,8,262144,16x,7,mid_epoch,3.5,3,input_seq_len,1024,valid/input_seq_len/accuracy-1024,0.98169921875
cb256-r8-s125,gd-r8-wk4-mu01-t025-cb256-s125-d123-noearly4ep-r4r8-seed125,r4_r8_seed125_paired_recheck,1,125,123,256,8,262144,16x,7,mid_epoch,3.5,3,input_seq_len,128,valid/input_seq_len/accuracy-128,0.998125
cb256-r8-s125,gd-r8-wk4-mu01-t025-cb256-s125-d123-noearly4ep-r4r8-seed125,r4_r8_seed125_paired_recheck,1,125,123,256,8,262144,16x,7,mid_epoch,3.5,3,input_seq_len,256,valid/input_seq_len/accuracy-256,0.9975
cb256-r8-s125,gd-r8-wk4-mu01-t025-cb256-s125-d123-noearly4ep-r4r8-seed125,r4_r8_seed125_paired_recheck,1,125,123,256,8,262144,16x,7,mid_epoch,3.5,3,input_seq_len,512,valid/input_seq_len/accuracy-512,0.995015625
cb256-r8-s125,gd-r8-wk4-mu01-t025-cb256-s125-d123-noearly4ep-r4r8-seed125,r4_r8_seed125_paired_recheck,1,125,123,256,8,262144,16x,7,mid_epoch,3.5,3,input_seq_len,64,valid/input_seq_len/accuracy-64,0.9999166666666667
cb256-r8-s125,gd-r8-wk4-mu01-t025-cb256-s125-d123-noearly4ep-r4r8-seed125,r4_r8_seed125_paired_recheck,1,125,123,256,8,262144,16x,7,mid_epoch,3.5,3,mqar_case,1024x256,valid/mqar_case/accuracy-1024x256,0.98169921875
cb256-r8-s125,gd-r8-wk4-mu01-t025-cb256-s125-d123-noearly4ep-r4r8-seed125,r4_r8_seed125_paired_recheck,1,125,123,256,8,262144,16x,7,mid_epoch,3.5,3,mqar_case,128x32,valid/mqar_case/accuracy-128x32,0.998125
cb256-r8-s125,gd-r8-wk4-mu01-t025-cb256-s125-d123-noearly4ep-r4r8-seed125,r4_r8_seed125_paired_recheck,1,125,123,256,8,262144,16x,7,mid_epoch,3.5,3,mqar_case,256x64,valid/mqar_case/accuracy-256x64,0.9975
cb256-r8-s125,gd-r8-wk4-mu01-t025-cb256-s125-d123-noearly4ep-r4r8-seed125,r4_r8_seed125_paired_recheck,1,125,123,256,8,262144,16x,7,mid_epoch,3.5,3,mqar_case,512x128,valid/mqar_case/accuracy-512x128,0.995609375
cb256-r8-s125,gd-r8-wk4-mu01-t025-cb256-s125-d123-noearly4ep-r4r8-seed125,r4_r8_seed125_paired_recheck,1,125,123,256,8,262144,16x,7,mid_epoch,3.5,3,mqar_case,512x64,valid/mqar_case/accuracy-512x64,0.994421875
cb256-r8-s125,gd-r8-wk4-mu01-t025-cb256-s125-d123-noearly4ep-r4r8-seed125,r4_r8_seed125_paired_recheck,1,125,123,256,8,262144,16x,7,mid_epoch,3.5,3,mqar_case,64x16,valid/mqar_case/accuracy-64x16,0.999875
cb256-r8-s125,gd-r8-wk4-mu01-t025-cb256-s125-d123-noearly4ep-r4r8-seed125,r4_r8_seed125_paired_recheck,1,125,123,256,8,262144,16x,7,mid_epoch,3.5,3,mqar_case,64x4,valid/mqar_case/accuracy-64x4,1.0
cb256-r8-s125,gd-r8-wk4-mu01-t025-cb256-s125-d123-noearly4ep-r4r8-seed125,r4_r8_seed125_paired_recheck,1,125,123,256,8,262144,16x,7,mid_epoch,3.5,3,mqar_case,64x8,valid/mqar_case/accuracy-64x8,0.999875
cb256-r8-s125,gd-r8-wk4-mu01-t025-cb256-s125-d123-noearly4ep-r4r8-seed125,r4_r8_seed125_paired_recheck,1,125,123,256,8,262144,16x,7,mid_epoch,3.5,3,num_kv_pairs,128,valid/num_kv_pairs/accuracy-128,0.995609375
cb256-r8-s125,gd-r8-wk4-mu01-t025-cb256-s125-d123-noearly4ep-r4r8-seed125,r4_r8_seed125_paired_recheck,1,125,123,256,8,262144,16x,7,mid_epoch,3.5,3,num_kv_pairs,16,valid/num_kv_pairs/accuracy-16,0.999875
cb256-r8-s125,gd-r8-wk4-mu01-t025-cb256-s125-d123-noearly4ep-r4r8-seed125,r4_r8_seed125_paired_recheck,1,125,123,256,8,262144,16x,7,mid_epoch,3.5,3,num_kv_pairs,256,valid/num_kv_pairs/accuracy-256,0.98169921875
cb256-r8-s125,gd-r8-wk4-mu01-t025-cb256-s125-d123-noearly4ep-r4r8-seed125,r4_r8_seed125_paired_recheck,1,125,123,256,8,262144,16x,7,mid_epoch,3.5,3,num_kv_pairs,32,valid/num_kv_pairs/accuracy-32,0.998125
cb256-r8-s125,gd-r8-wk4-mu01-t025-cb256-s125-d123-noearly4ep-r4r8-seed125,r4_r8_seed125_paired_recheck,1,125,123,256,8,262144,16x,7,mid_epoch,3.5,3,num_kv_pairs,4,valid/num_kv_pairs/accuracy-4,1.0
cb256-r8-s125,gd-r8-wk4-mu01-t025-cb256-s125-d123-noearly4ep-r4r8-seed125,r4_r8_seed125_paired_recheck,1,125,123,256,8,262144,16x,7,mid_epoch,3.5,3,num_kv_pairs,64,valid/num_kv_pairs/accuracy-64,0.9959609375
cb256-r8-s125,gd-r8-wk4-mu01-t025-cb256-s125-d123-noearly4ep-r4r8-seed125,r4_r8_seed125_paired_recheck,1,125,123,256,8,262144,16x,7,mid_epoch,3.5,3,num_kv_pairs,8,valid/num_kv_pairs/accuracy-8,0.999875
cb256-r8-s125,gd-r8-wk4-mu01-t025-cb256-s125-d123-noearly4ep-r4r8-seed125,r4_r8_seed125_paired_recheck,1,125,123,256,8,262144,16x,8,epoch_end,4.0,3,input_seq_len,1024,valid/input_seq_len/accuracy-1024,0.98284375
cb256-r8-s125,gd-r8-wk4-mu01-t025-cb256-s125-d123-noearly4ep-r4r8-seed125,r4_r8_seed125_paired_recheck,1,125,123,256,8,262144,16x,8,epoch_end,4.0,3,input_seq_len,128,valid/input_seq_len/accuracy-128,0.998
cb256-r8-s125,gd-r8-wk4-mu01-t025-cb256-s125-d123-noearly4ep-r4r8-seed125,r4_r8_seed125_paired_recheck,1,125,123,256,8,262144,16x,8,epoch_end,4.0,3,input_seq_len,256,valid/input_seq_len/accuracy-256,0.9974375
cb256-r8-s125,gd-r8-wk4-mu01-t025-cb256-s125-d123-noearly4ep-r4r8-seed125,r4_r8_seed125_paired_recheck,1,125,123,256,8,262144,16x,8,epoch_end,4.0,3,input_seq_len,512,valid/input_seq_len/accuracy-512,0.9951015625
cb256-r8-s125,gd-r8-wk4-mu01-t025-cb256-s125-d123-noearly4ep-r4r8-seed125,r4_r8_seed125_paired_recheck,1,125,123,256,8,262144,16x,8,epoch_end,4.0,3,input_seq_len,64,valid/input_seq_len/accuracy-64,0.9999791666666666
cb256-r8-s125,gd-r8-wk4-mu01-t025-cb256-s125-d123-noearly4ep-r4r8-seed125,r4_r8_seed125_paired_recheck,1,125,123,256,8,262144,16x,8,epoch_end,4.0,3,mqar_case,1024x256,valid/mqar_case/accuracy-1024x256,0.98284375
cb256-r8-s125,gd-r8-wk4-mu01-t025-cb256-s125-d123-noearly4ep-r4r8-seed125,r4_r8_seed125_paired_recheck,1,125,123,256,8,262144,16x,8,epoch_end,4.0,3,mqar_case,128x32,valid/mqar_case/accuracy-128x32,0.998
cb256-r8-s125,gd-r8-wk4-mu01-t025-cb256-s125-d123-noearly4ep-r4r8-seed125,r4_r8_seed125_paired_recheck,1,125,123,256,8,262144,16x,8,epoch_end,4.0,3,mqar_case,256x64,valid/mqar_case/accuracy-256x64,0.9974375
cb256-r8-s125,gd-r8-wk4-mu01-t025-cb256-s125-d123-noearly4ep-r4r8-seed125,r4_r8_seed125_paired_recheck,1,125,123,256,8,262144,16x,8,epoch_end,4.0,3,mqar_case,512x128,valid/mqar_case/accuracy-512x128,0.996140625
cb256-r8-s125,gd-r8-wk4-mu01-t025-cb256-s125-d123-noearly4ep-r4r8-seed125,r4_r8_seed125_paired_recheck,1,125,123,256,8,262144,16x,8,epoch_end,4.0,3,mqar_case,512x64,valid/mqar_case/accuracy-512x64,0.9940625
cb256-r8-s125,gd-r8-wk4-mu01-t025-cb256-s125-d123-noearly4ep-r4r8-seed125,r4_r8_seed125_paired_recheck,1,125,123,256,8,262144,16x,8,epoch_end,4.0,3,mqar_case,64x16,valid/mqar_case/accuracy-64x16,0.9999375
cb256-r8-s125,gd-r8-wk4-mu01-t025-cb256-s125-d123-noearly4ep-r4r8-seed125,r4_r8_seed125_paired_recheck,1,125,123,256,8,262144,16x,8,epoch_end,4.0,3,mqar_case,64x4,valid/mqar_case/accuracy-64x4,1.0
cb256-r8-s125,gd-r8-wk4-mu01-t025-cb256-s125-d123-noearly4ep-r4r8-seed125,r4_r8_seed125_paired_recheck,1,125,123,256,8,262144,16x,8,epoch_end,4.0,3,mqar_case,64x8,valid/mqar_case/accuracy-64x8,1.0
cb256-r8-s125,gd-r8-wk4-mu01-t025-cb256-s125-d123-noearly4ep-r4r8-seed125,r4_r8_seed125_paired_recheck,1,125,123,256,8,262144,16x,8,epoch_end,4.0,3,num_kv_pairs,128,valid/num_kv_pairs/accuracy-128,0.996140625
cb256-r8-s125,gd-r8-wk4-mu01-t025-cb256-s125-d123-noearly4ep-r4r8-seed125,r4_r8_seed125_paired_recheck,1,125,123,256,8,262144,16x,8,epoch_end,4.0,3,num_kv_pairs,16,valid/num_kv_pairs/accuracy-16,0.9999375
cb256-r8-s125,gd-r8-wk4-mu01-t025-cb256-s125-d123-noearly4ep-r4r8-seed125,r4_r8_seed125_paired_recheck,1,125,123,256,8,262144,16x,8,epoch_end,4.0,3,num_kv_pairs,256,valid/num_kv_pairs/accuracy-256,0.98284375
cb256-r8-s125,gd-r8-wk4-mu01-t025-cb256-s125-d123-noearly4ep-r4r8-seed125,r4_r8_seed125_paired_recheck,1,125,123,256,8,262144,16x,8,epoch_end,4.0,3,num_kv_pairs,32,valid/num_kv_pairs/accuracy-32,0.998
cb256-r8-s125,gd-r8-wk4-mu01-t025-cb256-s125-d123-noearly4ep-r4r8-seed125,r4_r8_seed125_paired_recheck,1,125,123,256,8,262144,16x,8,epoch_end,4.0,3,num_kv_pairs,4,valid/num_kv_pairs/accuracy-4,1.0
cb256-r8-s125,gd-r8-wk4-mu01-t025-cb256-s125-d123-noearly4ep-r4r8-seed125,r4_r8_seed125_paired_recheck,1,125,123,256,8,262144,16x,8,epoch_end,4.0,3,num_kv_pairs,64,valid/num_kv_pairs/accuracy-64,0.99575
cb256-r8-s125,gd-r8-wk4-mu01-t025-cb256-s125-d123-noearly4ep-r4r8-seed125,r4_r8_seed125_paired_recheck,1,125,123,256,8,262144,16x,8,epoch_end,4.0,3,num_kv_pairs,8,valid/num_kv_pairs/accuracy-8,1.0
cb256-r16-s124,gd-r16-wk4-mu01-t025-cb256-s124-d123-noearly4ep-r16-robustness,r16_seed_robustness,0,124,123,256,16,524288,32x,1,mid_epoch,0.5,0,input_seq_len,1024,valid/input_seq_len/accuracy-1024,0.00060546875
cb256-r16-s124,gd-r16-wk4-mu01-t025-cb256-s124-d123-noearly4ep-r16-robustness,r16_seed_robustness,0,124,123,256,16,524288,32x,1,mid_epoch,0.5,0,input_seq_len,128,valid/input_seq_len/accuracy-128,0.005125
cb256-r16-s124,gd-r16-wk4-mu01-t025-cb256-s124-d123-noearly4ep-r16-robustness,r16_seed_robustness,0,124,123,256,16,524288,32x,1,mid_epoch,0.5,0,input_seq_len,256,valid/input_seq_len/accuracy-256,0.00271875
cb256-r16-s124,gd-r16-wk4-mu01-t025-cb256-s124-d123-noearly4ep-r16-robustness,r16_seed_robustness,0,124,123,256,16,524288,32x,1,mid_epoch,0.5,0,input_seq_len,512,valid/input_seq_len/accuracy-512,0.00151171875
cb256-r16-s124,gd-r16-wk4-mu01-t025-cb256-s124-d123-noearly4ep-r16-robustness,r16_seed_robustness,0,124,123,256,16,524288,32x,1,mid_epoch,0.5,0,input_seq_len,64,valid/input_seq_len/accuracy-64,0.0485
cb256-r16-s124,gd-r16-wk4-mu01-t025-cb256-s124-d123-noearly4ep-r16-robustness,r16_seed_robustness,0,124,123,256,16,524288,32x,1,mid_epoch,0.5,0,mqar_case,1024x256,valid/mqar_case/accuracy-1024x256,0.00060546875
cb256-r16-s124,gd-r16-wk4-mu01-t025-cb256-s124-d123-noearly4ep-r16-robustness,r16_seed_robustness,0,124,123,256,16,524288,32x,1,mid_epoch,0.5,0,mqar_case,128x32,valid/mqar_case/accuracy-128x32,0.005125
cb256-r16-s124,gd-r16-wk4-mu01-t025-cb256-s124-d123-noearly4ep-r16-robustness,r16_seed_robustness,0,124,123,256,16,524288,32x,1,mid_epoch,0.5,0,mqar_case,256x64,valid/mqar_case/accuracy-256x64,0.00271875
cb256-r16-s124,gd-r16-wk4-mu01-t025-cb256-s124-d123-noearly4ep-r16-robustness,r16_seed_robustness,0,124,123,256,16,524288,32x,1,mid_epoch,0.5,0,mqar_case,512x128,valid/mqar_case/accuracy-512x128,0.0010234375
cb256-r16-s124,gd-r16-wk4-mu01-t025-cb256-s124-d123-noearly4ep-r16-robustness,r16_seed_robustness,0,124,123,256,16,524288,32x,1,mid_epoch,0.5,0,mqar_case,512x64,valid/mqar_case/accuracy-512x64,0.002
cb256-r16-s124,gd-r16-wk4-mu01-t025-cb256-s124-d123-noearly4ep-r16-robustness,r16_seed_robustness,0,124,123,256,16,524288,32x,1,mid_epoch,0.5,0,mqar_case,64x16,valid/mqar_case/accuracy-64x16,0.011125
cb256-r16-s124,gd-r16-wk4-mu01-t025-cb256-s124-d123-noearly4ep-r16-robustness,r16_seed_robustness,0,124,123,256,16,524288,32x,1,mid_epoch,0.5,0,mqar_case,64x4,valid/mqar_case/accuracy-64x4,0.101
cb256-r16-s124,gd-r16-wk4-mu01-t025-cb256-s124-d123-noearly4ep-r16-robustness,r16_seed_robustness,0,124,123,256,16,524288,32x,1,mid_epoch,0.5,0,mqar_case,64x8,valid/mqar_case/accuracy-64x8,0.033375
cb256-r16-s124,gd-r16-wk4-mu01-t025-cb256-s124-d123-noearly4ep-r16-robustness,r16_seed_robustness,0,124,123,256,16,524288,32x,1,mid_epoch,0.5,0,num_kv_pairs,128,valid/num_kv_pairs/accuracy-128,0.0010234375
cb256-r16-s124,gd-r16-wk4-mu01-t025-cb256-s124-d123-noearly4ep-r16-robustness,r16_seed_robustness,0,124,123,256,16,524288,32x,1,mid_epoch,0.5,0,num_kv_pairs,16,valid/num_kv_pairs/accuracy-16,0.011125
cb256-r16-s124,gd-r16-wk4-mu01-t025-cb256-s124-d123-noearly4ep-r16-robustness,r16_seed_robustness,0,124,123,256,16,524288,32x,1,mid_epoch,0.5,0,num_kv_pairs,256,valid/num_kv_pairs/accuracy-256,0.00060546875
cb256-r16-s124,gd-r16-wk4-mu01-t025-cb256-s124-d123-noearly4ep-r16-robustness,r16_seed_robustness,0,124,123,256,16,524288,32x,1,mid_epoch,0.5,0,num_kv_pairs,32,valid/num_kv_pairs/accuracy-32,0.005125
cb256-r16-s124,gd-r16-wk4-mu01-t025-cb256-s124-d123-noearly4ep-r16-robustness,r16_seed_robustness,0,124,123,256,16,524288,32x,1,mid_epoch,0.5,0,num_kv_pairs,4,valid/num_kv_pairs/accuracy-4,0.101
cb256-r16-s124,gd-r16-wk4-mu01-t025-cb256-s124-d123-noearly4ep-r16-robustness,r16_seed_robustness,0,124,123,256,16,524288,32x,1,mid_epoch,0.5,0,num_kv_pairs,64,valid/num_kv_pairs/accuracy-64,0.002359375
cb256-r16-s124,gd-r16-wk4-mu01-t025-cb256-s124-d123-noearly4ep-r16-robustness,r16_seed_robustness,0,124,123,256,16,524288,32x,1,mid_epoch,0.5,0,num_kv_pairs,8,valid/num_kv_pairs/accuracy-8,0.033375
cb256-r16-s124,gd-r16-wk4-mu01-t025-cb256-s124-d123-noearly4ep-r16-robustness,r16_seed_robustness,0,124,123,256,16,524288,32x,2,epoch_end,1.0,0,input_seq_len,1024,valid/input_seq_len/accuracy-1024,0.67847265625
cb256-r16-s124,gd-r16-wk4-mu01-t025-cb256-s124-d123-noearly4ep-r16-robustness,r16_seed_robustness,0,124,123,256,16,524288,32x,2,epoch_end,1.0,0,input_seq_len,128,valid/input_seq_len/accuracy-128,0.9810625
cb256-r16-s124,gd-r16-wk4-mu01-t025-cb256-s124-d123-noearly4ep-r16-robustness,r16_seed_robustness,0,124,123,256,16,524288,32x,2,epoch_end,1.0,0,input_seq_len,256,valid/input_seq_len/accuracy-256,0.9879375
cb256-r16-s124,gd-r16-wk4-mu01-t025-cb256-s124-d123-noearly4ep-r16-robustness,r16_seed_robustness,0,124,123,256,16,524288,32x,2,epoch_end,1.0,0,input_seq_len,512,valid/input_seq_len/accuracy-512,0.95176953125
cb256-r16-s124,gd-r16-wk4-mu01-t025-cb256-s124-d123-noearly4ep-r16-robustness,r16_seed_robustness,0,124,123,256,16,524288,32x,2,epoch_end,1.0,0,input_seq_len,64,valid/input_seq_len/accuracy-64,0.9994791666666667
cb256-r16-s124,gd-r16-wk4-mu01-t025-cb256-s124-d123-noearly4ep-r16-robustness,r16_seed_robustness,0,124,123,256,16,524288,32x,2,epoch_end,1.0,0,mqar_case,1024x256,valid/mqar_case/accuracy-1024x256,0.67847265625
cb256-r16-s124,gd-r16-wk4-mu01-t025-cb256-s124-d123-noearly4ep-r16-robustness,r16_seed_robustness,0,124,123,256,16,524288,32x,2,epoch_end,1.0,0,mqar_case,128x32,valid/mqar_case/accuracy-128x32,0.9810625
cb256-r16-s124,gd-r16-wk4-mu01-t025-cb256-s124-d123-noearly4ep-r16-robustness,r16_seed_robustness,0,124,123,256,16,524288,32x,2,epoch_end,1.0,0,mqar_case,256x64,valid/mqar_case/accuracy-256x64,0.9879375
cb256-r16-s124,gd-r16-wk4-mu01-t025-cb256-s124-d123-noearly4ep-r16-robustness,r16_seed_robustness,0,124,123,256,16,524288,32x,2,epoch_end,1.0,0,mqar_case,512x128,valid/mqar_case/accuracy-512x128,0.9315859375
cb256-r16-s124,gd-r16-wk4-mu01-t025-cb256-s124-d123-noearly4ep-r16-robustness,r16_seed_robustness,0,124,123,256,16,524288,32x,2,epoch_end,1.0,0,mqar_case,512x64,valid/mqar_case/accuracy-512x64,0.971953125
cb256-r16-s124,gd-r16-wk4-mu01-t025-cb256-s124-d123-noearly4ep-r16-robustness,r16_seed_robustness,0,124,123,256,16,524288,32x,2,epoch_end,1.0,0,mqar_case,64x16,valid/mqar_case/accuracy-64x16,0.9995625
cb256-r16-s124,gd-r16-wk4-mu01-t025-cb256-s124-d123-noearly4ep-r16-robustness,r16_seed_robustness,0,124,123,256,16,524288,32x,2,epoch_end,1.0,0,mqar_case,64x4,valid/mqar_case/accuracy-64x4,0.999
cb256-r16-s124,gd-r16-wk4-mu01-t025-cb256-s124-d123-noearly4ep-r16-robustness,r16_seed_robustness,0,124,123,256,16,524288,32x,2,epoch_end,1.0,0,mqar_case,64x8,valid/mqar_case/accuracy-64x8,0.999875
cb256-r16-s124,gd-r16-wk4-mu01-t025-cb256-s124-d123-noearly4ep-r16-robustness,r16_seed_robustness,0,124,123,256,16,524288,32x,2,epoch_end,1.0,0,num_kv_pairs,128,valid/num_kv_pairs/accuracy-128,0.9315859375
cb256-r16-s124,gd-r16-wk4-mu01-t025-cb256-s124-d123-noearly4ep-r16-robustness,r16_seed_robustness,0,124,123,256,16,524288,32x,2,epoch_end,1.0,0,num_kv_pairs,16,valid/num_kv_pairs/accuracy-16,0.9995625
cb256-r16-s124,gd-r16-wk4-mu01-t025-cb256-s124-d123-noearly4ep-r16-robustness,r16_seed_robustness,0,124,123,256,16,524288,32x,2,epoch_end,1.0,0,num_kv_pairs,256,valid/num_kv_pairs/accuracy-256,0.67847265625
cb256-r16-s124,gd-r16-wk4-mu01-t025-cb256-s124-d123-noearly4ep-r16-robustness,r16_seed_robustness,0,124,123,256,16,524288,32x,2,epoch_end,1.0,0,num_kv_pairs,32,valid/num_kv_pairs/accuracy-32,0.9810625
cb256-r16-s124,gd-r16-wk4-mu01-t025-cb256-s124-d123-noearly4ep-r16-robustness,r16_seed_robustness,0,124,123,256,16,524288,32x,2,epoch_end,1.0,0,num_kv_pairs,4,valid/num_kv_pairs/accuracy-4,0.999
cb256-r16-s124,gd-r16-wk4-mu01-t025-cb256-s124-d123-noearly4ep-r16-robustness,r16_seed_robustness,0,124,123,256,16,524288,32x,2,epoch_end,1.0,0,num_kv_pairs,64,valid/num_kv_pairs/accuracy-64,0.9799453125
cb256-r16-s124,gd-r16-wk4-mu01-t025-cb256-s124-d123-noearly4ep-r16-robustness,r16_seed_robustness,0,124,123,256,16,524288,32x,2,epoch_end,1.0,0,num_kv_pairs,8,valid/num_kv_pairs/accuracy-8,0.999875
cb256-r16-s124,gd-r16-wk4-mu01-t025-cb256-s124-d123-noearly4ep-r16-robustness,r16_seed_robustness,0,124,123,256,16,524288,32x,3,mid_epoch,1.5,1,input_seq_len,1024,valid/input_seq_len/accuracy-1024,0.72380859375
cb256-r16-s124,gd-r16-wk4-mu01-t025-cb256-s124-d123-noearly4ep-r16-robustness,r16_seed_robustness,0,124,123,256,16,524288,32x,3,mid_epoch,1.5,1,input_seq_len,128,valid/input_seq_len/accuracy-128,0.994625
cb256-r16-s124,gd-r16-wk4-mu01-t025-cb256-s124-d123-noearly4ep-r16-robustness,r16_seed_robustness,0,124,123,256,16,524288,32x,3,mid_epoch,1.5,1,input_seq_len,256,valid/input_seq_len/accuracy-256,0.992796875
cb256-r16-s124,gd-r16-wk4-mu01-t025-cb256-s124-d123-noearly4ep-r16-robustness,r16_seed_robustness,0,124,123,256,16,524288,32x,3,mid_epoch,1.5,1,input_seq_len,512,valid/input_seq_len/accuracy-512,0.96695703125
cb256-r16-s124,gd-r16-wk4-mu01-t025-cb256-s124-d123-noearly4ep-r16-robustness,r16_seed_robustness,0,124,123,256,16,524288,32x,3,mid_epoch,1.5,1,input_seq_len,64,valid/input_seq_len/accuracy-64,0.9998125
cb256-r16-s124,gd-r16-wk4-mu01-t025-cb256-s124-d123-noearly4ep-r16-robustness,r16_seed_robustness,0,124,123,256,16,524288,32x,3,mid_epoch,1.5,1,mqar_case,1024x256,valid/mqar_case/accuracy-1024x256,0.72380859375
cb256-r16-s124,gd-r16-wk4-mu01-t025-cb256-s124-d123-noearly4ep-r16-robustness,r16_seed_robustness,0,124,123,256,16,524288,32x,3,mid_epoch,1.5,1,mqar_case,128x32,valid/mqar_case/accuracy-128x32,0.994625
cb256-r16-s124,gd-r16-wk4-mu01-t025-cb256-s124-d123-noearly4ep-r16-robustness,r16_seed_robustness,0,124,123,256,16,524288,32x,3,mid_epoch,1.5,1,mqar_case,256x64,valid/mqar_case/accuracy-256x64,0.992796875
cb256-r16-s124,gd-r16-wk4-mu01-t025-cb256-s124-d123-noearly4ep-r16-robustness,r16_seed_robustness,0,124,123,256,16,524288,32x,3,mid_epoch,1.5,1,mqar_case,512x128,valid/mqar_case/accuracy-512x128,0.9497734375
cb256-r16-s124,gd-r16-wk4-mu01-t025-cb256-s124-d123-noearly4ep-r16-robustness,r16_seed_robustness,0,124,123,256,16,524288,32x,3,mid_epoch,1.5,1,mqar_case,512x64,valid/mqar_case/accuracy-512x64,0.984140625
cb256-r16-s124,gd-r16-wk4-mu01-t025-cb256-s124-d123-noearly4ep-r16-robustness,r16_seed_robustness,0,124,123,256,16,524288,32x,3,mid_epoch,1.5,1,mqar_case,64x16,valid/mqar_case/accuracy-64x16,0.9998125
cb256-r16-s124,gd-r16-wk4-mu01-t025-cb256-s124-d123-noearly4ep-r16-robustness,r16_seed_robustness,0,124,123,256,16,524288,32x,3,mid_epoch,1.5,1,mqar_case,64x4,valid/mqar_case/accuracy-64x4,0.99975
cb256-r16-s124,gd-r16-wk4-mu01-t025-cb256-s124-d123-noearly4ep-r16-robustness,r16_seed_robustness,0,124,123,256,16,524288,32x,3,mid_epoch,1.5,1,mqar_case,64x8,valid/mqar_case/accuracy-64x8,0.999875
cb256-r16-s124,gd-r16-wk4-mu01-t025-cb256-s124-d123-noearly4ep-r16-robustness,r16_seed_robustness,0,124,123,256,16,524288,32x,3,mid_epoch,1.5,1,num_kv_pairs,128,valid/num_kv_pairs/accuracy-128,0.9497734375
cb256-r16-s124,gd-r16-wk4-mu01-t025-cb256-s124-d123-noearly4ep-r16-robustness,r16_seed_robustness,0,124,123,256,16,524288,32x,3,mid_epoch,1.5,1,num_kv_pairs,16,valid/num_kv_pairs/accuracy-16,0.9998125
cb256-r16-s124,gd-r16-wk4-mu01-t025-cb256-s124-d123-noearly4ep-r16-robustness,r16_seed_robustness,0,124,123,256,16,524288,32x,3,mid_epoch,1.5,1,num_kv_pairs,256,valid/num_kv_pairs/accuracy-256,0.72380859375
cb256-r16-s124,gd-r16-wk4-mu01-t025-cb256-s124-d123-noearly4ep-r16-robustness,r16_seed_robustness,0,124,123,256,16,524288,32x,3,mid_epoch,1.5,1,num_kv_pairs,32,valid/num_kv_pairs/accuracy-32,0.994625
cb256-r16-s124,gd-r16-wk4-mu01-t025-cb256-s124-d123-noearly4ep-r16-robustness,r16_seed_robustness,0,124,123,256,16,524288,32x,3,mid_epoch,1.5,1,num_kv_pairs,4,valid/num_kv_pairs/accuracy-4,0.99975
cb256-r16-s124,gd-r16-wk4-mu01-t025-cb256-s124-d123-noearly4ep-r16-robustness,r16_seed_robustness,0,124,123,256,16,524288,32x,3,mid_epoch,1.5,1,num_kv_pairs,64,valid/num_kv_pairs/accuracy-64,0.98846875
cb256-r16-s124,gd-r16-wk4-mu01-t025-cb256-s124-d123-noearly4ep-r16-robustness,r16_seed_robustness,0,124,123,256,16,524288,32x,3,mid_epoch,1.5,1,num_kv_pairs,8,valid/num_kv_pairs/accuracy-8,0.999875
cb256-r16-s124,gd-r16-wk4-mu01-t025-cb256-s124-d123-noearly4ep-r16-robustness,r16_seed_robustness,0,124,123,256,16,524288,32x,4,epoch_end,2.0,1,input_seq_len,1024,valid/input_seq_len/accuracy-1024,0.78821875
cb256-r16-s124,gd-r16-wk4-mu01-t025-cb256-s124-d123-noearly4ep-r16-robustness,r16_seed_robustness,0,124,123,256,16,524288,32x,4,epoch_end,2.0,1,input_seq_len,128,valid/input_seq_len/accuracy-128,0.9951875
cb256-r16-s124,gd-r16-wk4-mu01-t025-cb256-s124-d123-noearly4ep-r16-robustness,r16_seed_robustness,0,124,123,256,16,524288,32x,4,epoch_end,2.0,1,input_seq_len,256,valid/input_seq_len/accuracy-256,0.99503125
cb256-r16-s124,gd-r16-wk4-mu01-t025-cb256-s124-d123-noearly4ep-r16-robustness,r16_seed_robustness,0,124,123,256,16,524288,32x,4,epoch_end,2.0,1,input_seq_len,512,valid/input_seq_len/accuracy-512,0.97684765625
cb256-r16-s124,gd-r16-wk4-mu01-t025-cb256-s124-d123-noearly4ep-r16-robustness,r16_seed_robustness,0,124,123,256,16,524288,32x,4,epoch_end,2.0,1,input_seq_len,64,valid/input_seq_len/accuracy-64,0.9998958333333333
cb256-r16-s124,gd-r16-wk4-mu01-t025-cb256-s124-d123-noearly4ep-r16-robustness,r16_seed_robustness,0,124,123,256,16,524288,32x,4,epoch_end,2.0,1,mqar_case,1024x256,valid/mqar_case/accuracy-1024x256,0.78821875
cb256-r16-s124,gd-r16-wk4-mu01-t025-cb256-s124-d123-noearly4ep-r16-robustness,r16_seed_robustness,0,124,123,256,16,524288,32x,4,epoch_end,2.0,1,mqar_case,128x32,valid/mqar_case/accuracy-128x32,0.9951875
cb256-r16-s124,gd-r16-wk4-mu01-t025-cb256-s124-d123-noearly4ep-r16-robustness,r16_seed_robustness,0,124,123,256,16,524288,32x,4,epoch_end,2.0,1,mqar_case,256x64,valid/mqar_case/accuracy-256x64,0.99503125
cb256-r16-s124,gd-r16-wk4-mu01-t025-cb256-s124-d123-noearly4ep-r16-robustness,r16_seed_robustness,0,124,123,256,16,524288,32x,4,epoch_end,2.0,1,mqar_case,512x128,valid/mqar_case/accuracy-512x128,0.9656171875
cb256-r16-s124,gd-r16-wk4-mu01-t025-cb256-s124-d123-noearly4ep-r16-robustness,r16_seed_robustness,0,124,123,256,16,524288,32x,4,epoch_end,2.0,1,mqar_case,512x64,valid/mqar_case/accuracy-512x64,0.988078125
cb256-r16-s124,gd-r16-wk4-mu01-t025-cb256-s124-d123-noearly4ep-r16-robustness,r16_seed_robustness,0,124,123,256,16,524288,32x,4,epoch_end,2.0,1,mqar_case,64x16,valid/mqar_case/accuracy-64x16,0.9999375
cb256-r16-s124,gd-r16-wk4-mu01-t025-cb256-s124-d123-noearly4ep-r16-robustness,r16_seed_robustness,0,124,123,256,16,524288,32x,4,epoch_end,2.0,1,mqar_case,64x4,valid/mqar_case/accuracy-64x4,0.99975
cb256-r16-s124,gd-r16-wk4-mu01-t025-cb256-s124-d123-noearly4ep-r16-robustness,r16_seed_robustness,0,124,123,256,16,524288,32x,4,epoch_end,2.0,1,mqar_case,64x8,valid/mqar_case/accuracy-64x8,1.0
cb256-r16-s124,gd-r16-wk4-mu01-t025-cb256-s124-d123-noearly4ep-r16-robustness,r16_seed_robustness,0,124,123,256,16,524288,32x,4,epoch_end,2.0,1,num_kv_pairs,128,valid/num_kv_pairs/accuracy-128,0.9656171875
cb256-r16-s124,gd-r16-wk4-mu01-t025-cb256-s124-d123-noearly4ep-r16-robustness,r16_seed_robustness,0,124,123,256,16,524288,32x,4,epoch_end,2.0,1,num_kv_pairs,16,valid/num_kv_pairs/accuracy-16,0.9999375
cb256-r16-s124,gd-r16-wk4-mu01-t025-cb256-s124-d123-noearly4ep-r16-robustness,r16_seed_robustness,0,124,123,256,16,524288,32x,4,epoch_end,2.0,1,num_kv_pairs,256,valid/num_kv_pairs/accuracy-256,0.78821875
cb256-r16-s124,gd-r16-wk4-mu01-t025-cb256-s124-d123-noearly4ep-r16-robustness,r16_seed_robustness,0,124,123,256,16,524288,32x,4,epoch_end,2.0,1,num_kv_pairs,32,valid/num_kv_pairs/accuracy-32,0.9951875
cb256-r16-s124,gd-r16-wk4-mu01-t025-cb256-s124-d123-noearly4ep-r16-robustness,r16_seed_robustness,0,124,123,256,16,524288,32x,4,epoch_end,2.0,1,num_kv_pairs,4,valid/num_kv_pairs/accuracy-4,0.99975
cb256-r16-s124,gd-r16-wk4-mu01-t025-cb256-s124-d123-noearly4ep-r16-robustness,r16_seed_robustness,0,124,123,256,16,524288,32x,4,epoch_end,2.0,1,num_kv_pairs,64,valid/num_kv_pairs/accuracy-64,0.9915546875
cb256-r16-s124,gd-r16-wk4-mu01-t025-cb256-s124-d123-noearly4ep-r16-robustness,r16_seed_robustness,0,124,123,256,16,524288,32x,4,epoch_end,2.0,1,num_kv_pairs,8,valid/num_kv_pairs/accuracy-8,1.0
cb256-r16-s124,gd-r16-wk4-mu01-t025-cb256-s124-d123-noearly4ep-r16-robustness,r16_seed_robustness,0,124,123,256,16,524288,32x,5,mid_epoch,2.5,2,input_seq_len,1024,valid/input_seq_len/accuracy-1024,0.82698828125
cb256-r16-s124,gd-r16-wk4-mu01-t025-cb256-s124-d123-noearly4ep-r16-robustness,r16_seed_robustness,0,124,123,256,16,524288,32x,5,mid_epoch,2.5,2,input_seq_len,128,valid/input_seq_len/accuracy-128,0.997
cb256-r16-s124,gd-r16-wk4-mu01-t025-cb256-s124-d123-noearly4ep-r16-robustness,r16_seed_robustness,0,124,123,256,16,524288,32x,5,mid_epoch,2.5,2,input_seq_len,256,valid/input_seq_len/accuracy-256,0.99640625
cb256-r16-s124,gd-r16-wk4-mu01-t025-cb256-s124-d123-noearly4ep-r16-robustness,r16_seed_robustness,0,124,123,256,16,524288,32x,5,mid_epoch,2.5,2,input_seq_len,512,valid/input_seq_len/accuracy-512,0.9829765625
cb256-r16-s124,gd-r16-wk4-mu01-t025-cb256-s124-d123-noearly4ep-r16-robustness,r16_seed_robustness,0,124,123,256,16,524288,32x,5,mid_epoch,2.5,2,input_seq_len,64,valid/input_seq_len/accuracy-64,0.999875
cb256-r16-s124,gd-r16-wk4-mu01-t025-cb256-s124-d123-noearly4ep-r16-robustness,r16_seed_robustness,0,124,123,256,16,524288,32x,5,mid_epoch,2.5,2,mqar_case,1024x256,valid/mqar_case/accuracy-1024x256,0.82698828125
cb256-r16-s124,gd-r16-wk4-mu01-t025-cb256-s124-d123-noearly4ep-r16-robustness,r16_seed_robustness,0,124,123,256,16,524288,32x,5,mid_epoch,2.5,2,mqar_case,128x32,valid/mqar_case/accuracy-128x32,0.997
cb256-r16-s124,gd-r16-wk4-mu01-t025-cb256-s124-d123-noearly4ep-r16-robustness,r16_seed_robustness,0,124,123,256,16,524288,32x,5,mid_epoch,2.5,2,mqar_case,256x64,valid/mqar_case/accuracy-256x64,0.99640625
cb256-r16-s124,gd-r16-wk4-mu01-t025-cb256-s124-d123-noearly4ep-r16-robustness,r16_seed_robustness,0,124,123,256,16,524288,32x,5,mid_epoch,2.5,2,mqar_case,512x128,valid/mqar_case/accuracy-512x128,0.97478125
cb256-r16-s124,gd-r16-wk4-mu01-t025-cb256-s124-d123-noearly4ep-r16-robustness,r16_seed_robustness,0,124,123,256,16,524288,32x,5,mid_epoch,2.5,2,mqar_case,512x64,valid/mqar_case/accuracy-512x64,0.991171875
cb256-r16-s124,gd-r16-wk4-mu01-t025-cb256-s124-d123-noearly4ep-r16-robustness,r16_seed_robustness,0,124,123,256,16,524288,32x,5,mid_epoch,2.5,2,mqar_case,64x16,valid/mqar_case/accuracy-64x16,1.0
cb256-r16-s124,gd-r16-wk4-mu01-t025-cb256-s124-d123-noearly4ep-r16-robustness,r16_seed_robustness,0,124,123,256,16,524288,32x,5,mid_epoch,2.5,2,mqar_case,64x4,valid/mqar_case/accuracy-64x4,0.99975
cb256-r16-s124,gd-r16-wk4-mu01-t025-cb256-s124-d123-noearly4ep-r16-robustness,r16_seed_robustness,0,124,123,256,16,524288,32x,5,mid_epoch,2.5,2,mqar_case,64x8,valid/mqar_case/accuracy-64x8,0.999875
cb256-r16-s124,gd-r16-wk4-mu01-t025-cb256-s124-d123-noearly4ep-r16-robustness,r16_seed_robustness,0,124,123,256,16,524288,32x,5,mid_epoch,2.5,2,num_kv_pairs,128,valid/num_kv_pairs/accuracy-128,0.97478125
cb256-r16-s124,gd-r16-wk4-mu01-t025-cb256-s124-d123-noearly4ep-r16-robustness,r16_seed_robustness,0,124,123,256,16,524288,32x,5,mid_epoch,2.5,2,num_kv_pairs,16,valid/num_kv_pairs/accuracy-16,1.0
cb256-r16-s124,gd-r16-wk4-mu01-t025-cb256-s124-d123-noearly4ep-r16-robustness,r16_seed_robustness,0,124,123,256,16,524288,32x,5,mid_epoch,2.5,2,num_kv_pairs,256,valid/num_kv_pairs/accuracy-256,0.82698828125
cb256-r16-s124,gd-r16-wk4-mu01-t025-cb256-s124-d123-noearly4ep-r16-robustness,r16_seed_robustness,0,124,123,256,16,524288,32x,5,mid_epoch,2.5,2,num_kv_pairs,32,valid/num_kv_pairs/accuracy-32,0.997
cb256-r16-s124,gd-r16-wk4-mu01-t025-cb256-s124-d123-noearly4ep-r16-robustness,r16_seed_robustness,0,124,123,256,16,524288,32x,5,mid_epoch,2.5,2,num_kv_pairs,4,valid/num_kv_pairs/accuracy-4,0.99975
cb256-r16-s124,gd-r16-wk4-mu01-t025-cb256-s124-d123-noearly4ep-r16-robustness,r16_seed_robustness,0,124,123,256,16,524288,32x,5,mid_epoch,2.5,2,num_kv_pairs,64,valid/num_kv_pairs/accuracy-64,0.9937890625
cb256-r16-s124,gd-r16-wk4-mu01-t025-cb256-s124-d123-noearly4ep-r16-robustness,r16_seed_robustness,0,124,123,256,16,524288,32x,5,mid_epoch,2.5,2,num_kv_pairs,8,valid/num_kv_pairs/accuracy-8,0.999875
cb256-r16-s124,gd-r16-wk4-mu01-t025-cb256-s124-d123-noearly4ep-r16-robustness,r16_seed_robustness,0,124,123,256,16,524288,32x,6,epoch_end,3.0,2,input_seq_len,1024,valid/input_seq_len/accuracy-1024,0.8526953125
cb256-r16-s124,gd-r16-wk4-mu01-t025-cb256-s124-d123-noearly4ep-r16-robustness,r16_seed_robustness,0,124,123,256,16,524288,32x,6,epoch_end,3.0,2,input_seq_len,128,valid/input_seq_len/accuracy-128,0.9954375
cb256-r16-s124,gd-r16-wk4-mu01-t025-cb256-s124-d123-noearly4ep-r16-robustness,r16_seed_robustness,0,124,123,256,16,524288,32x,6,epoch_end,3.0,2,input_seq_len,256,valid/input_seq_len/accuracy-256,0.996640625
cb256-r16-s124,gd-r16-wk4-mu01-t025-cb256-s124-d123-noearly4ep-r16-robustness,r16_seed_robustness,0,124,123,256,16,524288,32x,6,epoch_end,3.0,2,input_seq_len,512,valid/input_seq_len/accuracy-512,0.9860546875
cb256-r16-s124,gd-r16-wk4-mu01-t025-cb256-s124-d123-noearly4ep-r16-robustness,r16_seed_robustness,0,124,123,256,16,524288,32x,6,epoch_end,3.0,2,input_seq_len,64,valid/input_seq_len/accuracy-64,0.9999166666666667
cb256-r16-s124,gd-r16-wk4-mu01-t025-cb256-s124-d123-noearly4ep-r16-robustness,r16_seed_robustness,0,124,123,256,16,524288,32x,6,epoch_end,3.0,2,mqar_case,1024x256,valid/mqar_case/accuracy-1024x256,0.8526953125
cb256-r16-s124,gd-r16-wk4-mu01-t025-cb256-s124-d123-noearly4ep-r16-robustness,r16_seed_robustness,0,124,123,256,16,524288,32x,6,epoch_end,3.0,2,mqar_case,128x32,valid/mqar_case/accuracy-128x32,0.9954375
cb256-r16-s124,gd-r16-wk4-mu01-t025-cb256-s124-d123-noearly4ep-r16-robustness,r16_seed_robustness,0,124,123,256,16,524288,32x,6,epoch_end,3.0,2,mqar_case,256x64,valid/mqar_case/accuracy-256x64,0.996640625
cb256-r16-s124,gd-r16-wk4-mu01-t025-cb256-s124-d123-noearly4ep-r16-robustness,r16_seed_robustness,0,124,123,256,16,524288,32x,6,epoch_end,3.0,2,mqar_case,512x128,valid/mqar_case/accuracy-512x128,0.980859375
cb256-r16-s124,gd-r16-wk4-mu01-t025-cb256-s124-d123-noearly4ep-r16-robustness,r16_seed_robustness,0,124,123,256,16,524288,32x,6,epoch_end,3.0,2,mqar_case,512x64,valid/mqar_case/accuracy-512x64,0.99125
cb256-r16-s124,gd-r16-wk4-mu01-t025-cb256-s124-d123-noearly4ep-r16-robustness,r16_seed_robustness,0,124,123,256,16,524288,32x,6,epoch_end,3.0,2,mqar_case,64x16,valid/mqar_case/accuracy-64x16,1.0
cb256-r16-s124,gd-r16-wk4-mu01-t025-cb256-s124-d123-noearly4ep-r16-robustness,r16_seed_robustness,0,124,123,256,16,524288,32x,6,epoch_end,3.0,2,mqar_case,64x4,valid/mqar_case/accuracy-64x4,0.99975
cb256-r16-s124,gd-r16-wk4-mu01-t025-cb256-s124-d123-noearly4ep-r16-robustness,r16_seed_robustness,0,124,123,256,16,524288,32x,6,epoch_end,3.0,2,mqar_case,64x8,valid/mqar_case/accuracy-64x8,1.0
cb256-r16-s124,gd-r16-wk4-mu01-t025-cb256-s124-d123-noearly4ep-r16-robustness,r16_seed_robustness,0,124,123,256,16,524288,32x,6,epoch_end,3.0,2,num_kv_pairs,128,valid/num_kv_pairs/accuracy-128,0.980859375
cb256-r16-s124,gd-r16-wk4-mu01-t025-cb256-s124-d123-noearly4ep-r16-robustness,r16_seed_robustness,0,124,123,256,16,524288,32x,6,epoch_end,3.0,2,num_kv_pairs,16,valid/num_kv_pairs/accuracy-16,1.0
cb256-r16-s124,gd-r16-wk4-mu01-t025-cb256-s124-d123-noearly4ep-r16-robustness,r16_seed_robustness,0,124,123,256,16,524288,32x,6,epoch_end,3.0,2,num_kv_pairs,256,valid/num_kv_pairs/accuracy-256,0.8526953125
cb256-r16-s124,gd-r16-wk4-mu01-t025-cb256-s124-d123-noearly4ep-r16-robustness,r16_seed_robustness,0,124,123,256,16,524288,32x,6,epoch_end,3.0,2,num_kv_pairs,32,valid/num_kv_pairs/accuracy-32,0.9954375
cb256-r16-s124,gd-r16-wk4-mu01-t025-cb256-s124-d123-noearly4ep-r16-robustness,r16_seed_robustness,0,124,123,256,16,524288,32x,6,epoch_end,3.0,2,num_kv_pairs,4,valid/num_kv_pairs/accuracy-4,0.99975
cb256-r16-s124,gd-r16-wk4-mu01-t025-cb256-s124-d123-noearly4ep-r16-robustness,r16_seed_robustness,0,124,123,256,16,524288,32x,6,epoch_end,3.0,2,num_kv_pairs,64,valid/num_kv_pairs/accuracy-64,0.9939453125
cb256-r16-s124,gd-r16-wk4-mu01-t025-cb256-s124-d123-noearly4ep-r16-robustness,r16_seed_robustness,0,124,123,256,16,524288,32x,6,epoch_end,3.0,2,num_kv_pairs,8,valid/num_kv_pairs/accuracy-8,1.0
cb256-r16-s124,gd-r16-wk4-mu01-t025-cb256-s124-d123-noearly4ep-r16-robustness,r16_seed_robustness,0,124,123,256,16,524288,32x,7,mid_epoch,3.5,3,input_seq_len,1024,valid/input_seq_len/accuracy-1024,0.869140625
cb256-r16-s124,gd-r16-wk4-mu01-t025-cb256-s124-d123-noearly4ep-r16-robustness,r16_seed_robustness,0,124,123,256,16,524288,32x,7,mid_epoch,3.5,3,input_seq_len,128,valid/input_seq_len/accuracy-128,0.9958125
cb256-r16-s124,gd-r16-wk4-mu01-t025-cb256-s124-d123-noearly4ep-r16-robustness,r16_seed_robustness,0,124,123,256,16,524288,32x,7,mid_epoch,3.5,3,input_seq_len,256,valid/input_seq_len/accuracy-256,0.997671875
cb256-r16-s124,gd-r16-wk4-mu01-t025-cb256-s124-d123-noearly4ep-r16-robustness,r16_seed_robustness,0,124,123,256,16,524288,32x,7,mid_epoch,3.5,3,input_seq_len,512,valid/input_seq_len/accuracy-512,0.98901171875
cb256-r16-s124,gd-r16-wk4-mu01-t025-cb256-s124-d123-noearly4ep-r16-robustness,r16_seed_robustness,0,124,123,256,16,524288,32x,7,mid_epoch,3.5,3,input_seq_len,64,valid/input_seq_len/accuracy-64,0.999875
cb256-r16-s124,gd-r16-wk4-mu01-t025-cb256-s124-d123-noearly4ep-r16-robustness,r16_seed_robustness,0,124,123,256,16,524288,32x,7,mid_epoch,3.5,3,mqar_case,1024x256,valid/mqar_case/accuracy-1024x256,0.869140625
cb256-r16-s124,gd-r16-wk4-mu01-t025-cb256-s124-d123-noearly4ep-r16-robustness,r16_seed_robustness,0,124,123,256,16,524288,32x,7,mid_epoch,3.5,3,mqar_case,128x32,valid/mqar_case/accuracy-128x32,0.9958125
cb256-r16-s124,gd-r16-wk4-mu01-t025-cb256-s124-d123-noearly4ep-r16-robustness,r16_seed_robustness,0,124,123,256,16,524288,32x,7,mid_epoch,3.5,3,mqar_case,256x64,valid/mqar_case/accuracy-256x64,0.997671875
cb256-r16-s124,gd-r16-wk4-mu01-t025-cb256-s124-d123-noearly4ep-r16-robustness,r16_seed_robustness,0,124,123,256,16,524288,32x,7,mid_epoch,3.5,3,mqar_case,512x128,valid/mqar_case/accuracy-512x128,0.9848515625
cb256-r16-s124,gd-r16-wk4-mu01-t025-cb256-s124-d123-noearly4ep-r16-robustness,r16_seed_robustness,0,124,123,256,16,524288,32x,7,mid_epoch,3.5,3,mqar_case,512x64,valid/mqar_case/accuracy-512x64,0.993171875
cb256-r16-s124,gd-r16-wk4-mu01-t025-cb256-s124-d123-noearly4ep-r16-robustness,r16_seed_robustness,0,124,123,256,16,524288,32x,7,mid_epoch,3.5,3,mqar_case,64x16,valid/mqar_case/accuracy-64x16,1.0
cb256-r16-s124,gd-r16-wk4-mu01-t025-cb256-s124-d123-noearly4ep-r16-robustness,r16_seed_robustness,0,124,123,256,16,524288,32x,7,mid_epoch,3.5,3,mqar_case,64x4,valid/mqar_case/accuracy-64x4,0.99975
cb256-r16-s124,gd-r16-wk4-mu01-t025-cb256-s124-d123-noearly4ep-r16-robustness,r16_seed_robustness,0,124,123,256,16,524288,32x,7,mid_epoch,3.5,3,mqar_case,64x8,valid/mqar_case/accuracy-64x8,0.999875
cb256-r16-s124,gd-r16-wk4-mu01-t025-cb256-s124-d123-noearly4ep-r16-robustness,r16_seed_robustness,0,124,123,256,16,524288,32x,7,mid_epoch,3.5,3,num_kv_pairs,128,valid/num_kv_pairs/accuracy-128,0.9848515625
cb256-r16-s124,gd-r16-wk4-mu01-t025-cb256-s124-d123-noearly4ep-r16-robustness,r16_seed_robustness,0,124,123,256,16,524288,32x,7,mid_epoch,3.5,3,num_kv_pairs,16,valid/num_kv_pairs/accuracy-16,1.0
cb256-r16-s124,gd-r16-wk4-mu01-t025-cb256-s124-d123-noearly4ep-r16-robustness,r16_seed_robustness,0,124,123,256,16,524288,32x,7,mid_epoch,3.5,3,num_kv_pairs,256,valid/num_kv_pairs/accuracy-256,0.869140625
cb256-r16-s124,gd-r16-wk4-mu01-t025-cb256-s124-d123-noearly4ep-r16-robustness,r16_seed_robustness,0,124,123,256,16,524288,32x,7,mid_epoch,3.5,3,num_kv_pairs,32,valid/num_kv_pairs/accuracy-32,0.9958125
cb256-r16-s124,gd-r16-wk4-mu01-t025-cb256-s124-d123-noearly4ep-r16-robustness,r16_seed_robustness,0,124,123,256,16,524288,32x,7,mid_epoch,3.5,3,num_kv_pairs,4,valid/num_kv_pairs/accuracy-4,0.99975
cb256-r16-s124,gd-r16-wk4-mu01-t025-cb256-s124-d123-noearly4ep-r16-robustness,r16_seed_robustness,0,124,123,256,16,524288,32x,7,mid_epoch,3.5,3,num_kv_pairs,64,valid/num_kv_pairs/accuracy-64,0.995421875
cb256-r16-s124,gd-r16-wk4-mu01-t025-cb256-s124-d123-noearly4ep-r16-robustness,r16_seed_robustness,0,124,123,256,16,524288,32x,7,mid_epoch,3.5,3,num_kv_pairs,8,valid/num_kv_pairs/accuracy-8,0.999875
cb256-r16-s124,gd-r16-wk4-mu01-t025-cb256-s124-d123-noearly4ep-r16-robustness,r16_seed_robustness,0,124,123,256,16,524288,32x,8,epoch_end,4.0,3,input_seq_len,1024,valid/input_seq_len/accuracy-1024,0.8765078125
cb256-r16-s124,gd-r16-wk4-mu01-t025-cb256-s124-d123-noearly4ep-r16-robustness,r16_seed_robustness,0,124,123,256,16,524288,32x,8,epoch_end,4.0,3,input_seq_len,128,valid/input_seq_len/accuracy-128,0.9923125
cb256-r16-s124,gd-r16-wk4-mu01-t025-cb256-s124-d123-noearly4ep-r16-robustness,r16_seed_robustness,0,124,123,256,16,524288,32x,8,epoch_end,4.0,3,input_seq_len,256,valid/input_seq_len/accuracy-256,0.9975625
cb256-r16-s124,gd-r16-wk4-mu01-t025-cb256-s124-d123-noearly4ep-r16-robustness,r16_seed_robustness,0,124,123,256,16,524288,32x,8,epoch_end,4.0,3,input_seq_len,512,valid/input_seq_len/accuracy-512,0.98922265625
cb256-r16-s124,gd-r16-wk4-mu01-t025-cb256-s124-d123-noearly4ep-r16-robustness,r16_seed_robustness,0,124,123,256,16,524288,32x,8,epoch_end,4.0,3,input_seq_len,64,valid/input_seq_len/accuracy-64,0.9998125
cb256-r16-s124,gd-r16-wk4-mu01-t025-cb256-s124-d123-noearly4ep-r16-robustness,r16_seed_robustness,0,124,123,256,16,524288,32x,8,epoch_end,4.0,3,mqar_case,1024x256,valid/mqar_case/accuracy-1024x256,0.8765078125
cb256-r16-s124,gd-r16-wk4-mu01-t025-cb256-s124-d123-noearly4ep-r16-robustness,r16_seed_robustness,0,124,123,256,16,524288,32x,8,epoch_end,4.0,3,mqar_case,128x32,valid/mqar_case/accuracy-128x32,0.9923125
cb256-r16-s124,gd-r16-wk4-mu01-t025-cb256-s124-d123-noearly4ep-r16-robustness,r16_seed_robustness,0,124,123,256,16,524288,32x,8,epoch_end,4.0,3,mqar_case,256x64,valid/mqar_case/accuracy-256x64,0.9975625
cb256-r16-s124,gd-r16-wk4-mu01-t025-cb256-s124-d123-noearly4ep-r16-robustness,r16_seed_robustness,0,124,123,256,16,524288,32x,8,epoch_end,4.0,3,mqar_case,512x128,valid/mqar_case/accuracy-512x128,0.9863828125
cb256-r16-s124,gd-r16-wk4-mu01-t025-cb256-s124-d123-noearly4ep-r16-robustness,r16_seed_robustness,0,124,123,256,16,524288,32x,8,epoch_end,4.0,3,mqar_case,512x64,valid/mqar_case/accuracy-512x64,0.9920625
cb256-r16-s124,gd-r16-wk4-mu01-t025-cb256-s124-d123-noearly4ep-r16-robustness,r16_seed_robustness,0,124,123,256,16,524288,32x,8,epoch_end,4.0,3,mqar_case,64x16,valid/mqar_case/accuracy-64x16,0.9999375
cb256-r16-s124,gd-r16-wk4-mu01-t025-cb256-s124-d123-noearly4ep-r16-robustness,r16_seed_robustness,0,124,123,256,16,524288,32x,8,epoch_end,4.0,3,mqar_case,64x4,valid/mqar_case/accuracy-64x4,0.99975
cb256-r16-s124,gd-r16-wk4-mu01-t025-cb256-s124-d123-noearly4ep-r16-robustness,r16_seed_robustness,0,124,123,256,16,524288,32x,8,epoch_end,4.0,3,mqar_case,64x8,valid/mqar_case/accuracy-64x8,0.99975
cb256-r16-s124,gd-r16-wk4-mu01-t025-cb256-s124-d123-noearly4ep-r16-robustness,r16_seed_robustness,0,124,123,256,16,524288,32x,8,epoch_end,4.0,3,num_kv_pairs,128,valid/num_kv_pairs/accuracy-128,0.9863828125
cb256-r16-s124,gd-r16-wk4-mu01-t025-cb256-s124-d123-noearly4ep-r16-robustness,r16_seed_robustness,0,124,123,256,16,524288,32x,8,epoch_end,4.0,3,num_kv_pairs,16,valid/num_kv_pairs/accuracy-16,0.9999375
cb256-r16-s124,gd-r16-wk4-mu01-t025-cb256-s124-d123-noearly4ep-r16-robustness,r16_seed_robustness,0,124,123,256,16,524288,32x,8,epoch_end,4.0,3,num_kv_pairs,256,valid/num_kv_pairs/accuracy-256,0.8765078125
cb256-r16-s124,gd-r16-wk4-mu01-t025-cb256-s124-d123-noearly4ep-r16-robustness,r16_seed_robustness,0,124,123,256,16,524288,32x,8,epoch_end,4.0,3,num_kv_pairs,32,valid/num_kv_pairs/accuracy-32,0.9923125
cb256-r16-s124,gd-r16-wk4-mu01-t025-cb256-s124-d123-noearly4ep-r16-robustness,r16_seed_robustness,0,124,123,256,16,524288,32x,8,epoch_end,4.0,3,num_kv_pairs,4,valid/num_kv_pairs/accuracy-4,0.99975
cb256-r16-s124,gd-r16-wk4-mu01-t025-cb256-s124-d123-noearly4ep-r16-robustness,r16_seed_robustness,0,124,123,256,16,524288,32x,8,epoch_end,4.0,3,num_kv_pairs,64,valid/num_kv_pairs/accuracy-64,0.9948125
cb256-r16-s124,gd-r16-wk4-mu01-t025-cb256-s124-d123-noearly4ep-r16-robustness,r16_seed_robustness,0,124,123,256,16,524288,32x,8,epoch_end,4.0,3,num_kv_pairs,8,valid/num_kv_pairs/accuracy-8,0.99975
cb256-r16-s125,gd-r16-wk4-mu01-t025-cb256-s125-d123-noearly4ep-r16-robustness,r16_seed_robustness,1,125,123,256,16,524288,32x,1,mid_epoch,0.5,0,input_seq_len,1024,valid/input_seq_len/accuracy-1024,0.01638671875
cb256-r16-s125,gd-r16-wk4-mu01-t025-cb256-s125-d123-noearly4ep-r16-robustness,r16_seed_robustness,1,125,123,256,16,524288,32x,1,mid_epoch,0.5,0,input_seq_len,128,valid/input_seq_len/accuracy-128,0.4339375
cb256-r16-s125,gd-r16-wk4-mu01-t025-cb256-s125-d123-noearly4ep-r16-robustness,r16_seed_robustness,1,125,123,256,16,524288,32x,1,mid_epoch,0.5,0,input_seq_len,256,valid/input_seq_len/accuracy-256,0.160515625
cb256-r16-s125,gd-r16-wk4-mu01-t025-cb256-s125-d123-noearly4ep-r16-robustness,r16_seed_robustness,1,125,123,256,16,524288,32x,1,mid_epoch,0.5,0,input_seq_len,512,valid/input_seq_len/accuracy-512,0.096921875
cb256-r16-s125,gd-r16-wk4-mu01-t025-cb256-s125-d123-noearly4ep-r16-robustness,r16_seed_robustness,1,125,123,256,16,524288,32x,1,mid_epoch,0.5,0,input_seq_len,64,valid/input_seq_len/accuracy-64,0.9479583333333333
cb256-r16-s125,gd-r16-wk4-mu01-t025-cb256-s125-d123-noearly4ep-r16-robustness,r16_seed_robustness,1,125,123,256,16,524288,32x,1,mid_epoch,0.5,0,mqar_case,1024x256,valid/mqar_case/accuracy-1024x256,0.01638671875
cb256-r16-s125,gd-r16-wk4-mu01-t025-cb256-s125-d123-noearly4ep-r16-robustness,r16_seed_robustness,1,125,123,256,16,524288,32x,1,mid_epoch,0.5,0,mqar_case,128x32,valid/mqar_case/accuracy-128x32,0.4339375
cb256-r16-s125,gd-r16-wk4-mu01-t025-cb256-s125-d123-noearly4ep-r16-robustness,r16_seed_robustness,1,125,123,256,16,524288,32x,1,mid_epoch,0.5,0,mqar_case,256x64,valid/mqar_case/accuracy-256x64,0.160515625
cb256-r16-s125,gd-r16-wk4-mu01-t025-cb256-s125-d123-noearly4ep-r16-robustness,r16_seed_robustness,1,125,123,256,16,524288,32x,1,mid_epoch,0.5,0,mqar_case,512x128,valid/mqar_case/accuracy-512x128,0.05446875
cb256-r16-s125,gd-r16-wk4-mu01-t025-cb256-s125-d123-noearly4ep-r16-robustness,r16_seed_robustness,1,125,123,256,16,524288,32x,1,mid_epoch,0.5,0,mqar_case,512x64,valid/mqar_case/accuracy-512x64,0.139375
cb256-r16-s125,gd-r16-wk4-mu01-t025-cb256-s125-d123-noearly4ep-r16-robustness,r16_seed_robustness,1,125,123,256,16,524288,32x,1,mid_epoch,0.5,0,mqar_case,64x16,valid/mqar_case/accuracy-64x16,0.9305
cb256-r16-s125,gd-r16-wk4-mu01-t025-cb256-s125-d123-noearly4ep-r16-robustness,r16_seed_robustness,1,125,123,256,16,524288,32x,1,mid_epoch,0.5,0,mqar_case,64x4,valid/mqar_case/accuracy-64x4,0.9635
cb256-r16-s125,gd-r16-wk4-mu01-t025-cb256-s125-d123-noearly4ep-r16-robustness,r16_seed_robustness,1,125,123,256,16,524288,32x,1,mid_epoch,0.5,0,mqar_case,64x8,valid/mqar_case/accuracy-64x8,0.949875
cb256-r16-s125,gd-r16-wk4-mu01-t025-cb256-s125-d123-noearly4ep-r16-robustness,r16_seed_robustness,1,125,123,256,16,524288,32x,1,mid_epoch,0.5,0,num_kv_pairs,128,valid/num_kv_pairs/accuracy-128,0.05446875
cb256-r16-s125,gd-r16-wk4-mu01-t025-cb256-s125-d123-noearly4ep-r16-robustness,r16_seed_robustness,1,125,123,256,16,524288,32x,1,mid_epoch,0.5,0,num_kv_pairs,16,valid/num_kv_pairs/accuracy-16,0.9305
cb256-r16-s125,gd-r16-wk4-mu01-t025-cb256-s125-d123-noearly4ep-r16-robustness,r16_seed_robustness,1,125,123,256,16,524288,32x,1,mid_epoch,0.5,0,num_kv_pairs,256,valid/num_kv_pairs/accuracy-256,0.01638671875
cb256-r16-s125,gd-r16-wk4-mu01-t025-cb256-s125-d123-noearly4ep-r16-robustness,r16_seed_robustness,1,125,123,256,16,524288,32x,1,mid_epoch,0.5,0,num_kv_pairs,32,valid/num_kv_pairs/accuracy-32,0.4339375
cb256-r16-s125,gd-r16-wk4-mu01-t025-cb256-s125-d123-noearly4ep-r16-robustness,r16_seed_robustness,1,125,123,256,16,524288,32x,1,mid_epoch,0.5,0,num_kv_pairs,4,valid/num_kv_pairs/accuracy-4,0.9635
cb256-r16-s125,gd-r16-wk4-mu01-t025-cb256-s125-d123-noearly4ep-r16-robustness,r16_seed_robustness,1,125,123,256,16,524288,32x,1,mid_epoch,0.5,0,num_kv_pairs,64,valid/num_kv_pairs/accuracy-64,0.1499453125
cb256-r16-s125,gd-r16-wk4-mu01-t025-cb256-s125-d123-noearly4ep-r16-robustness,r16_seed_robustness,1,125,123,256,16,524288,32x,1,mid_epoch,0.5,0,num_kv_pairs,8,valid/num_kv_pairs/accuracy-8,0.949875
cb256-r16-s125,gd-r16-wk4-mu01-t025-cb256-s125-d123-noearly4ep-r16-robustness,r16_seed_robustness,1,125,123,256,16,524288,32x,2,epoch_end,1.0,0,input_seq_len,1024,valid/input_seq_len/accuracy-1024,0.93165625
cb256-r16-s125,gd-r16-wk4-mu01-t025-cb256-s125-d123-noearly4ep-r16-robustness,r16_seed_robustness,1,125,123,256,16,524288,32x,2,epoch_end,1.0,0,input_seq_len,128,valid/input_seq_len/accuracy-128,0.997375
cb256-r16-s125,gd-r16-wk4-mu01-t025-cb256-s125-d123-noearly4ep-r16-robustness,r16_seed_robustness,1,125,123,256,16,524288,32x,2,epoch_end,1.0,0,input_seq_len,256,valid/input_seq_len/accuracy-256,0.99515625
cb256-r16-s125,gd-r16-wk4-mu01-t025-cb256-s125-d123-noearly4ep-r16-robustness,r16_seed_robustness,1,125,123,256,16,524288,32x,2,epoch_end,1.0,0,input_seq_len,512,valid/input_seq_len/accuracy-512,0.9874921875
cb256-r16-s125,gd-r16-wk4-mu01-t025-cb256-s125-d123-noearly4ep-r16-robustness,r16_seed_robustness,1,125,123,256,16,524288,32x,2,epoch_end,1.0,0,input_seq_len,64,valid/input_seq_len/accuracy-64,0.99975
cb256-r16-s125,gd-r16-wk4-mu01-t025-cb256-s125-d123-noearly4ep-r16-robustness,r16_seed_robustness,1,125,123,256,16,524288,32x,2,epoch_end,1.0,0,mqar_case,1024x256,valid/mqar_case/accuracy-1024x256,0.93165625
cb256-r16-s125,gd-r16-wk4-mu01-t025-cb256-s125-d123-noearly4ep-r16-robustness,r16_seed_robustness,1,125,123,256,16,524288,32x,2,epoch_end,1.0,0,mqar_case,128x32,valid/mqar_case/accuracy-128x32,0.997375
cb256-r16-s125,gd-r16-wk4-mu01-t025-cb256-s125-d123-noearly4ep-r16-robustness,r16_seed_robustness,1,125,123,256,16,524288,32x,2,epoch_end,1.0,0,mqar_case,256x64,valid/mqar_case/accuracy-256x64,0.99515625
cb256-r16-s125,gd-r16-wk4-mu01-t025-cb256-s125-d123-noearly4ep-r16-robustness,r16_seed_robustness,1,125,123,256,16,524288,32x,2,epoch_end,1.0,0,mqar_case,512x128,valid/mqar_case/accuracy-512x128,0.986765625
cb256-r16-s125,gd-r16-wk4-mu01-t025-cb256-s125-d123-noearly4ep-r16-robustness,r16_seed_robustness,1,125,123,256,16,524288,32x,2,epoch_end,1.0,0,mqar_case,512x64,valid/mqar_case/accuracy-512x64,0.98821875
cb256-r16-s125,gd-r16-wk4-mu01-t025-cb256-s125-d123-noearly4ep-r16-robustness,r16_seed_robustness,1,125,123,256,16,524288,32x,2,epoch_end,1.0,0,mqar_case,64x16,valid/mqar_case/accuracy-64x16,0.999875
cb256-r16-s125,gd-r16-wk4-mu01-t025-cb256-s125-d123-noearly4ep-r16-robustness,r16_seed_robustness,1,125,123,256,16,524288,32x,2,epoch_end,1.0,0,mqar_case,64x4,valid/mqar_case/accuracy-64x4,0.99975
cb256-r16-s125,gd-r16-wk4-mu01-t025-cb256-s125-d123-noearly4ep-r16-robustness,r16_seed_robustness,1,125,123,256,16,524288,32x,2,epoch_end,1.0,0,mqar_case,64x8,valid/mqar_case/accuracy-64x8,0.999625
cb256-r16-s125,gd-r16-wk4-mu01-t025-cb256-s125-d123-noearly4ep-r16-robustness,r16_seed_robustness,1,125,123,256,16,524288,32x,2,epoch_end,1.0,0,num_kv_pairs,128,valid/num_kv_pairs/accuracy-128,0.986765625
cb256-r16-s125,gd-r16-wk4-mu01-t025-cb256-s125-d123-noearly4ep-r16-robustness,r16_seed_robustness,1,125,123,256,16,524288,32x,2,epoch_end,1.0,0,num_kv_pairs,16,valid/num_kv_pairs/accuracy-16,0.999875
cb256-r16-s125,gd-r16-wk4-mu01-t025-cb256-s125-d123-noearly4ep-r16-robustness,r16_seed_robustness,1,125,123,256,16,524288,32x,2,epoch_end,1.0,0,num_kv_pairs,256,valid/num_kv_pairs/accuracy-256,0.93165625
cb256-r16-s125,gd-r16-wk4-mu01-t025-cb256-s125-d123-noearly4ep-r16-robustness,r16_seed_robustness,1,125,123,256,16,524288,32x,2,epoch_end,1.0,0,num_kv_pairs,32,valid/num_kv_pairs/accuracy-32,0.997375
cb256-r16-s125,gd-r16-wk4-mu01-t025-cb256-s125-d123-noearly4ep-r16-robustness,r16_seed_robustness,1,125,123,256,16,524288,32x,2,epoch_end,1.0,0,num_kv_pairs,4,valid/num_kv_pairs/accuracy-4,0.99975
cb256-r16-s125,gd-r16-wk4-mu01-t025-cb256-s125-d123-noearly4ep-r16-robustness,r16_seed_robustness,1,125,123,256,16,524288,32x,2,epoch_end,1.0,0,num_kv_pairs,64,valid/num_kv_pairs/accuracy-64,0.9916875
cb256-r16-s125,gd-r16-wk4-mu01-t025-cb256-s125-d123-noearly4ep-r16-robustness,r16_seed_robustness,1,125,123,256,16,524288,32x,2,epoch_end,1.0,0,num_kv_pairs,8,valid/num_kv_pairs/accuracy-8,0.999625
cb256-r16-s125,gd-r16-wk4-mu01-t025-cb256-s125-d123-noearly4ep-r16-robustness,r16_seed_robustness,1,125,123,256,16,524288,32x,3,mid_epoch,1.5,1,input_seq_len,1024,valid/input_seq_len/accuracy-1024,0.9598046875
cb256-r16-s125,gd-r16-wk4-mu01-t025-cb256-s125-d123-noearly4ep-r16-robustness,r16_seed_robustness,1,125,123,256,16,524288,32x,3,mid_epoch,1.5,1,input_seq_len,128,valid/input_seq_len/accuracy-128,0.998875
cb256-r16-s125,gd-r16-wk4-mu01-t025-cb256-s125-d123-noearly4ep-r16-robustness,r16_seed_robustness,1,125,123,256,16,524288,32x,3,mid_epoch,1.5,1,input_seq_len,256,valid/input_seq_len/accuracy-256,0.9973125
cb256-r16-s125,gd-r16-wk4-mu01-t025-cb256-s125-d123-noearly4ep-r16-robustness,r16_seed_robustness,1,125,123,256,16,524288,32x,3,mid_epoch,1.5,1,input_seq_len,512,valid/input_seq_len/accuracy-512,0.992859375
cb256-r16-s125,gd-r16-wk4-mu01-t025-cb256-s125-d123-noearly4ep-r16-robustness,r16_seed_robustness,1,125,123,256,16,524288,32x,3,mid_epoch,1.5,1,input_seq_len,64,valid/input_seq_len/accuracy-64,1.0
cb256-r16-s125,gd-r16-wk4-mu01-t025-cb256-s125-d123-noearly4ep-r16-robustness,r16_seed_robustness,1,125,123,256,16,524288,32x,3,mid_epoch,1.5,1,mqar_case,1024x256,valid/mqar_case/accuracy-1024x256,0.9598046875
cb256-r16-s125,gd-r16-wk4-mu01-t025-cb256-s125-d123-noearly4ep-r16-robustness,r16_seed_robustness,1,125,123,256,16,524288,32x,3,mid_epoch,1.5,1,mqar_case,128x32,valid/mqar_case/accuracy-128x32,0.998875
cb256-r16-s125,gd-r16-wk4-mu01-t025-cb256-s125-d123-noearly4ep-r16-robustness,r16_seed_robustness,1,125,123,256,16,524288,32x,3,mid_epoch,1.5,1,mqar_case,256x64,valid/mqar_case/accuracy-256x64,0.9973125
cb256-r16-s125,gd-r16-wk4-mu01-t025-cb256-s125-d123-noearly4ep-r16-robustness,r16_seed_robustness,1,125,123,256,16,524288,32x,3,mid_epoch,1.5,1,mqar_case,512x128,valid/mqar_case/accuracy-512x128,0.99321875
cb256-r16-s125,gd-r16-wk4-mu01-t025-cb256-s125-d123-noearly4ep-r16-robustness,r16_seed_robustness,1,125,123,256,16,524288,32x,3,mid_epoch,1.5,1,mqar_case,512x64,valid/mqar_case/accuracy-512x64,0.9925
cb256-r16-s125,gd-r16-wk4-mu01-t025-cb256-s125-d123-noearly4ep-r16-robustness,r16_seed_robustness,1,125,123,256,16,524288,32x,3,mid_epoch,1.5,1,mqar_case,64x16,valid/mqar_case/accuracy-64x16,1.0
cb256-r16-s125,gd-r16-wk4-mu01-t025-cb256-s125-d123-noearly4ep-r16-robustness,r16_seed_robustness,1,125,123,256,16,524288,32x,3,mid_epoch,1.5,1,mqar_case,64x4,valid/mqar_case/accuracy-64x4,1.0
cb256-r16-s125,gd-r16-wk4-mu01-t025-cb256-s125-d123-noearly4ep-r16-robustness,r16_seed_robustness,1,125,123,256,16,524288,32x,3,mid_epoch,1.5,1,mqar_case,64x8,valid/mqar_case/accuracy-64x8,1.0
cb256-r16-s125,gd-r16-wk4-mu01-t025-cb256-s125-d123-noearly4ep-r16-robustness,r16_seed_robustness,1,125,123,256,16,524288,32x,3,mid_epoch,1.5,1,num_kv_pairs,128,valid/num_kv_pairs/accuracy-128,0.99321875
cb256-r16-s125,gd-r16-wk4-mu01-t025-cb256-s125-d123-noearly4ep-r16-robustness,r16_seed_robustness,1,125,123,256,16,524288,32x,3,mid_epoch,1.5,1,num_kv_pairs,16,valid/num_kv_pairs/accuracy-16,1.0
cb256-r16-s125,gd-r16-wk4-mu01-t025-cb256-s125-d123-noearly4ep-r16-robustness,r16_seed_robustness,1,125,123,256,16,524288,32x,3,mid_epoch,1.5,1,num_kv_pairs,256,valid/num_kv_pairs/accuracy-256,0.9598046875
cb256-r16-s125,gd-r16-wk4-mu01-t025-cb256-s125-d123-noearly4ep-r16-robustness,r16_seed_robustness,1,125,123,256,16,524288,32x,3,mid_epoch,1.5,1,num_kv_pairs,32,valid/num_kv_pairs/accuracy-32,0.998875
cb256-r16-s125,gd-r16-wk4-mu01-t025-cb256-s125-d123-noearly4ep-r16-robustness,r16_seed_robustness,1,125,123,256,16,524288,32x,3,mid_epoch,1.5,1,num_kv_pairs,4,valid/num_kv_pairs/accuracy-4,1.0
cb256-r16-s125,gd-r16-wk4-mu01-t025-cb256-s125-d123-noearly4ep-r16-robustness,r16_seed_robustness,1,125,123,256,16,524288,32x,3,mid_epoch,1.5,1,num_kv_pairs,64,valid/num_kv_pairs/accuracy-64,0.99490625
cb256-r16-s125,gd-r16-wk4-mu01-t025-cb256-s125-d123-noearly4ep-r16-robustness,r16_seed_robustness,1,125,123,256,16,524288,32x,3,mid_epoch,1.5,1,num_kv_pairs,8,valid/num_kv_pairs/accuracy-8,1.0
cb256-r16-s125,gd-r16-wk4-mu01-t025-cb256-s125-d123-noearly4ep-r16-robustness,r16_seed_robustness,1,125,123,256,16,524288,32x,4,epoch_end,2.0,1,input_seq_len,1024,valid/input_seq_len/accuracy-1024,0.9683203125
cb256-r16-s125,gd-r16-wk4-mu01-t025-cb256-s125-d123-noearly4ep-r16-robustness,r16_seed_robustness,1,125,123,256,16,524288,32x,4,epoch_end,2.0,1,input_seq_len,128,valid/input_seq_len/accuracy-128,0.99859375
cb256-r16-s125,gd-r16-wk4-mu01-t025-cb256-s125-d123-noearly4ep-r16-robustness,r16_seed_robustness,1,125,123,256,16,524288,32x,4,epoch_end,2.0,1,input_seq_len,256,valid/input_seq_len/accuracy-256,0.99784375
cb256-r16-s125,gd-r16-wk4-mu01-t025-cb256-s125-d123-noearly4ep-r16-robustness,r16_seed_robustness,1,125,123,256,16,524288,32x,4,epoch_end,2.0,1,input_seq_len,512,valid/input_seq_len/accuracy-512,0.99390625
cb256-r16-s125,gd-r16-wk4-mu01-t025-cb256-s125-d123-noearly4ep-r16-robustness,r16_seed_robustness,1,125,123,256,16,524288,32x,4,epoch_end,2.0,1,input_seq_len,64,valid/input_seq_len/accuracy-64,0.9996875
cb256-r16-s125,gd-r16-wk4-mu01-t025-cb256-s125-d123-noearly4ep-r16-robustness,r16_seed_robustness,1,125,123,256,16,524288,32x,4,epoch_end,2.0,1,mqar_case,1024x256,valid/mqar_case/accuracy-1024x256,0.9683203125
cb256-r16-s125,gd-r16-wk4-mu01-t025-cb256-s125-d123-noearly4ep-r16-robustness,r16_seed_robustness,1,125,123,256,16,524288,32x,4,epoch_end,2.0,1,mqar_case,128x32,valid/mqar_case/accuracy-128x32,0.99859375
cb256-r16-s125,gd-r16-wk4-mu01-t025-cb256-s125-d123-noearly4ep-r16-robustness,r16_seed_robustness,1,125,123,256,16,524288,32x,4,epoch_end,2.0,1,mqar_case,256x64,valid/mqar_case/accuracy-256x64,0.99784375
cb256-r16-s125,gd-r16-wk4-mu01-t025-cb256-s125-d123-noearly4ep-r16-robustness,r16_seed_robustness,1,125,123,256,16,524288,32x,4,epoch_end,2.0,1,mqar_case,512x128,valid/mqar_case/accuracy-512x128,0.994953125
cb256-r16-s125,gd-r16-wk4-mu01-t025-cb256-s125-d123-noearly4ep-r16-robustness,r16_seed_robustness,1,125,123,256,16,524288,32x,4,epoch_end,2.0,1,mqar_case,512x64,valid/mqar_case/accuracy-512x64,0.992859375
cb256-r16-s125,gd-r16-wk4-mu01-t025-cb256-s125-d123-noearly4ep-r16-robustness,r16_seed_robustness,1,125,123,256,16,524288,32x,4,epoch_end,2.0,1,mqar_case,64x16,valid/mqar_case/accuracy-64x16,0.9999375
cb256-r16-s125,gd-r16-wk4-mu01-t025-cb256-s125-d123-noearly4ep-r16-robustness,r16_seed_robustness,1,125,123,256,16,524288,32x,4,epoch_end,2.0,1,mqar_case,64x4,valid/mqar_case/accuracy-64x4,0.9995
cb256-r16-s125,gd-r16-wk4-mu01-t025-cb256-s125-d123-noearly4ep-r16-robustness,r16_seed_robustness,1,125,123,256,16,524288,32x,4,epoch_end,2.0,1,mqar_case,64x8,valid/mqar_case/accuracy-64x8,0.999625
cb256-r16-s125,gd-r16-wk4-mu01-t025-cb256-s125-d123-noearly4ep-r16-robustness,r16_seed_robustness,1,125,123,256,16,524288,32x,4,epoch_end,2.0,1,num_kv_pairs,128,valid/num_kv_pairs/accuracy-128,0.994953125
cb256-r16-s125,gd-r16-wk4-mu01-t025-cb256-s125-d123-noearly4ep-r16-robustness,r16_seed_robustness,1,125,123,256,16,524288,32x,4,epoch_end,2.0,1,num_kv_pairs,16,valid/num_kv_pairs/accuracy-16,0.9999375
cb256-r16-s125,gd-r16-wk4-mu01-t025-cb256-s125-d123-noearly4ep-r16-robustness,r16_seed_robustness,1,125,123,256,16,524288,32x,4,epoch_end,2.0,1,num_kv_pairs,256,valid/num_kv_pairs/accuracy-256,0.9683203125
cb256-r16-s125,gd-r16-wk4-mu01-t025-cb256-s125-d123-noearly4ep-r16-robustness,r16_seed_robustness,1,125,123,256,16,524288,32x,4,epoch_end,2.0,1,num_kv_pairs,32,valid/num_kv_pairs/accuracy-32,0.99859375
cb256-r16-s125,gd-r16-wk4-mu01-t025-cb256-s125-d123-noearly4ep-r16-robustness,r16_seed_robustness,1,125,123,256,16,524288,32x,4,epoch_end,2.0,1,num_kv_pairs,4,valid/num_kv_pairs/accuracy-4,0.9995
cb256-r16-s125,gd-r16-wk4-mu01-t025-cb256-s125-d123-noearly4ep-r16-robustness,r16_seed_robustness,1,125,123,256,16,524288,32x,4,epoch_end,2.0,1,num_kv_pairs,64,valid/num_kv_pairs/accuracy-64,0.9953515625
cb256-r16-s125,gd-r16-wk4-mu01-t025-cb256-s125-d123-noearly4ep-r16-robustness,r16_seed_robustness,1,125,123,256,16,524288,32x,4,epoch_end,2.0,1,num_kv_pairs,8,valid/num_kv_pairs/accuracy-8,0.999625
cb256-r16-s125,gd-r16-wk4-mu01-t025-cb256-s125-d123-noearly4ep-r16-robustness,r16_seed_robustness,1,125,123,256,16,524288,32x,5,mid_epoch,2.5,2,input_seq_len,1024,valid/input_seq_len/accuracy-1024,0.97967578125
cb256-r16-s125,gd-r16-wk4-mu01-t025-cb256-s125-d123-noearly4ep-r16-robustness,r16_seed_robustness,1,125,123,256,16,524288,32x,5,mid_epoch,2.5,2,input_seq_len,128,valid/input_seq_len/accuracy-128,0.999
cb256-r16-s125,gd-r16-wk4-mu01-t025-cb256-s125-d123-noearly4ep-r16-robustness,r16_seed_robustness,1,125,123,256,16,524288,32x,5,mid_epoch,2.5,2,input_seq_len,256,valid/input_seq_len/accuracy-256,0.99853125
cb256-r16-s125,gd-r16-wk4-mu01-t025-cb256-s125-d123-noearly4ep-r16-robustness,r16_seed_robustness,1,125,123,256,16,524288,32x,5,mid_epoch,2.5,2,input_seq_len,512,valid/input_seq_len/accuracy-512,0.99586328125
cb256-r16-s125,gd-r16-wk4-mu01-t025-cb256-s125-d123-noearly4ep-r16-robustness,r16_seed_robustness,1,125,123,256,16,524288,32x,5,mid_epoch,2.5,2,input_seq_len,64,valid/input_seq_len/accuracy-64,0.9997291666666667
cb256-r16-s125,gd-r16-wk4-mu01-t025-cb256-s125-d123-noearly4ep-r16-robustness,r16_seed_robustness,1,125,123,256,16,524288,32x,5,mid_epoch,2.5,2,mqar_case,1024x256,valid/mqar_case/accuracy-1024x256,0.97967578125
cb256-r16-s125,gd-r16-wk4-mu01-t025-cb256-s125-d123-noearly4ep-r16-robustness,r16_seed_robustness,1,125,123,256,16,524288,32x,5,mid_epoch,2.5,2,mqar_case,128x32,valid/mqar_case/accuracy-128x32,0.999
cb256-r16-s125,gd-r16-wk4-mu01-t025-cb256-s125-d123-noearly4ep-r16-robustness,r16_seed_robustness,1,125,123,256,16,524288,32x,5,mid_epoch,2.5,2,mqar_case,256x64,valid/mqar_case/accuracy-256x64,0.99853125
cb256-r16-s125,gd-r16-wk4-mu01-t025-cb256-s125-d123-noearly4ep-r16-robustness,r16_seed_robustness,1,125,123,256,16,524288,32x,5,mid_epoch,2.5,2,mqar_case,512x128,valid/mqar_case/accuracy-512x128,0.9971953125
cb256-r16-s125,gd-r16-wk4-mu01-t025-cb256-s125-d123-noearly4ep-r16-robustness,r16_seed_robustness,1,125,123,256,16,524288,32x,5,mid_epoch,2.5,2,mqar_case,512x64,valid/mqar_case/accuracy-512x64,0.99453125
cb256-r16-s125,gd-r16-wk4-mu01-t025-cb256-s125-d123-noearly4ep-r16-robustness,r16_seed_robustness,1,125,123,256,16,524288,32x,5,mid_epoch,2.5,2,mqar_case,64x16,valid/mqar_case/accuracy-64x16,0.9999375
cb256-r16-s125,gd-r16-wk4-mu01-t025-cb256-s125-d123-noearly4ep-r16-robustness,r16_seed_robustness,1,125,123,256,16,524288,32x,5,mid_epoch,2.5,2,mqar_case,64x4,valid/mqar_case/accuracy-64x4,0.9995
cb256-r16-s125,gd-r16-wk4-mu01-t025-cb256-s125-d123-noearly4ep-r16-robustness,r16_seed_robustness,1,125,123,256,16,524288,32x,5,mid_epoch,2.5,2,mqar_case,64x8,valid/mqar_case/accuracy-64x8,0.99975
cb256-r16-s125,gd-r16-wk4-mu01-t025-cb256-s125-d123-noearly4ep-r16-robustness,r16_seed_robustness,1,125,123,256,16,524288,32x,5,mid_epoch,2.5,2,num_kv_pairs,128,valid/num_kv_pairs/accuracy-128,0.9971953125
cb256-r16-s125,gd-r16-wk4-mu01-t025-cb256-s125-d123-noearly4ep-r16-robustness,r16_seed_robustness,1,125,123,256,16,524288,32x,5,mid_epoch,2.5,2,num_kv_pairs,16,valid/num_kv_pairs/accuracy-16,0.9999375
cb256-r16-s125,gd-r16-wk4-mu01-t025-cb256-s125-d123-noearly4ep-r16-robustness,r16_seed_robustness,1,125,123,256,16,524288,32x,5,mid_epoch,2.5,2,num_kv_pairs,256,valid/num_kv_pairs/accuracy-256,0.97967578125
cb256-r16-s125,gd-r16-wk4-mu01-t025-cb256-s125-d123-noearly4ep-r16-robustness,r16_seed_robustness,1,125,123,256,16,524288,32x,5,mid_epoch,2.5,2,num_kv_pairs,32,valid/num_kv_pairs/accuracy-32,0.999
cb256-r16-s125,gd-r16-wk4-mu01-t025-cb256-s125-d123-noearly4ep-r16-robustness,r16_seed_robustness,1,125,123,256,16,524288,32x,5,mid_epoch,2.5,2,num_kv_pairs,4,valid/num_kv_pairs/accuracy-4,0.9995
cb256-r16-s125,gd-r16-wk4-mu01-t025-cb256-s125-d123-noearly4ep-r16-robustness,r16_seed_robustness,1,125,123,256,16,524288,32x,5,mid_epoch,2.5,2,num_kv_pairs,64,valid/num_kv_pairs/accuracy-64,0.99653125
cb256-r16-s125,gd-r16-wk4-mu01-t025-cb256-s125-d123-noearly4ep-r16-robustness,r16_seed_robustness,1,125,123,256,16,524288,32x,5,mid_epoch,2.5,2,num_kv_pairs,8,valid/num_kv_pairs/accuracy-8,0.99975
cb256-r16-s125,gd-r16-wk4-mu01-t025-cb256-s125-d123-noearly4ep-r16-robustness,r16_seed_robustness,1,125,123,256,16,524288,32x,6,epoch_end,3.0,2,input_seq_len,1024,valid/input_seq_len/accuracy-1024,0.98113671875
cb256-r16-s125,gd-r16-wk4-mu01-t025-cb256-s125-d123-noearly4ep-r16-robustness,r16_seed_robustness,1,125,123,256,16,524288,32x,6,epoch_end,3.0,2,input_seq_len,128,valid/input_seq_len/accuracy-128,0.99890625
cb256-r16-s125,gd-r16-wk4-mu01-t025-cb256-s125-d123-noearly4ep-r16-robustness,r16_seed_robustness,1,125,123,256,16,524288,32x,6,epoch_end,3.0,2,input_seq_len,256,valid/input_seq_len/accuracy-256,0.998546875
cb256-r16-s125,gd-r16-wk4-mu01-t025-cb256-s125-d123-noearly4ep-r16-robustness,r16_seed_robustness,1,125,123,256,16,524288,32x,6,epoch_end,3.0,2,input_seq_len,512,valid/input_seq_len/accuracy-512,0.996
cb256-r16-s125,gd-r16-wk4-mu01-t025-cb256-s125-d123-noearly4ep-r16-robustness,r16_seed_robustness,1,125,123,256,16,524288,32x,6,epoch_end,3.0,2,input_seq_len,64,valid/input_seq_len/accuracy-64,0.9999166666666667
cb256-r16-s125,gd-r16-wk4-mu01-t025-cb256-s125-d123-noearly4ep-r16-robustness,r16_seed_robustness,1,125,123,256,16,524288,32x,6,epoch_end,3.0,2,mqar_case,1024x256,valid/mqar_case/accuracy-1024x256,0.98113671875
cb256-r16-s125,gd-r16-wk4-mu01-t025-cb256-s125-d123-noearly4ep-r16-robustness,r16_seed_robustness,1,125,123,256,16,524288,32x,6,epoch_end,3.0,2,mqar_case,128x32,valid/mqar_case/accuracy-128x32,0.99890625
cb256-r16-s125,gd-r16-wk4-mu01-t025-cb256-s125-d123-noearly4ep-r16-robustness,r16_seed_robustness,1,125,123,256,16,524288,32x,6,epoch_end,3.0,2,mqar_case,256x64,valid/mqar_case/accuracy-256x64,0.998546875
cb256-r16-s125,gd-r16-wk4-mu01-t025-cb256-s125-d123-noearly4ep-r16-robustness,r16_seed_robustness,1,125,123,256,16,524288,32x,6,epoch_end,3.0,2,mqar_case,512x128,valid/mqar_case/accuracy-512x128,0.99765625
cb256-r16-s125,gd-r16-wk4-mu01-t025-cb256-s125-d123-noearly4ep-r16-robustness,r16_seed_robustness,1,125,123,256,16,524288,32x,6,epoch_end,3.0,2,mqar_case,512x64,valid/mqar_case/accuracy-512x64,0.99434375
cb256-r16-s125,gd-r16-wk4-mu01-t025-cb256-s125-d123-noearly4ep-r16-robustness,r16_seed_robustness,1,125,123,256,16,524288,32x,6,epoch_end,3.0,2,mqar_case,64x16,valid/mqar_case/accuracy-64x16,1.0
cb256-r16-s125,gd-r16-wk4-mu01-t025-cb256-s125-d123-noearly4ep-r16-robustness,r16_seed_robustness,1,125,123,256,16,524288,32x,6,epoch_end,3.0,2,mqar_case,64x4,valid/mqar_case/accuracy-64x4,1.0
cb256-r16-s125,gd-r16-wk4-mu01-t025-cb256-s125-d123-noearly4ep-r16-robustness,r16_seed_robustness,1,125,123,256,16,524288,32x,6,epoch_end,3.0,2,mqar_case,64x8,valid/mqar_case/accuracy-64x8,0.99975
cb256-r16-s125,gd-r16-wk4-mu01-t025-cb256-s125-d123-noearly4ep-r16-robustness,r16_seed_robustness,1,125,123,256,16,524288,32x,6,epoch_end,3.0,2,num_kv_pairs,128,valid/num_kv_pairs/accuracy-128,0.99765625
cb256-r16-s125,gd-r16-wk4-mu01-t025-cb256-s125-d123-noearly4ep-r16-robustness,r16_seed_robustness,1,125,123,256,16,524288,32x,6,epoch_end,3.0,2,num_kv_pairs,16,valid/num_kv_pairs/accuracy-16,1.0
cb256-r16-s125,gd-r16-wk4-mu01-t025-cb256-s125-d123-noearly4ep-r16-robustness,r16_seed_robustness,1,125,123,256,16,524288,32x,6,epoch_end,3.0,2,num_kv_pairs,256,valid/num_kv_pairs/accuracy-256,0.98113671875
cb256-r16-s125,gd-r16-wk4-mu01-t025-cb256-s125-d123-noearly4ep-r16-robustness,r16_seed_robustness,1,125,123,256,16,524288,32x,6,epoch_end,3.0,2,num_kv_pairs,32,valid/num_kv_pairs/accuracy-32,0.99890625
cb256-r16-s125,gd-r16-wk4-mu01-t025-cb256-s125-d123-noearly4ep-r16-robustness,r16_seed_robustness,1,125,123,256,16,524288,32x,6,epoch_end,3.0,2,num_kv_pairs,4,valid/num_kv_pairs/accuracy-4,1.0
cb256-r16-s125,gd-r16-wk4-mu01-t025-cb256-s125-d123-noearly4ep-r16-robustness,r16_seed_robustness,1,125,123,256,16,524288,32x,6,epoch_end,3.0,2,num_kv_pairs,64,valid/num_kv_pairs/accuracy-64,0.9964453125
cb256-r16-s125,gd-r16-wk4-mu01-t025-cb256-s125-d123-noearly4ep-r16-robustness,r16_seed_robustness,1,125,123,256,16,524288,32x,6,epoch_end,3.0,2,num_kv_pairs,8,valid/num_kv_pairs/accuracy-8,0.99975
cb256-r16-s125,gd-r16-wk4-mu01-t025-cb256-s125-d123-noearly4ep-r16-robustness,r16_seed_robustness,1,125,123,256,16,524288,32x,7,mid_epoch,3.5,3,input_seq_len,1024,valid/input_seq_len/accuracy-1024,0.98468359375
cb256-r16-s125,gd-r16-wk4-mu01-t025-cb256-s125-d123-noearly4ep-r16-robustness,r16_seed_robustness,1,125,123,256,16,524288,32x,7,mid_epoch,3.5,3,input_seq_len,128,valid/input_seq_len/accuracy-128,0.999125
cb256-r16-s125,gd-r16-wk4-mu01-t025-cb256-s125-d123-noearly4ep-r16-robustness,r16_seed_robustness,1,125,123,256,16,524288,32x,7,mid_epoch,3.5,3,input_seq_len,256,valid/input_seq_len/accuracy-256,0.99859375
cb256-r16-s125,gd-r16-wk4-mu01-t025-cb256-s125-d123-noearly4ep-r16-robustness,r16_seed_robustness,1,125,123,256,16,524288,32x,7,mid_epoch,3.5,3,input_seq_len,512,valid/input_seq_len/accuracy-512,0.99628125
cb256-r16-s125,gd-r16-wk4-mu01-t025-cb256-s125-d123-noearly4ep-r16-robustness,r16_seed_robustness,1,125,123,256,16,524288,32x,7,mid_epoch,3.5,3,input_seq_len,64,valid/input_seq_len/accuracy-64,0.9999166666666667
cb256-r16-s125,gd-r16-wk4-mu01-t025-cb256-s125-d123-noearly4ep-r16-robustness,r16_seed_robustness,1,125,123,256,16,524288,32x,7,mid_epoch,3.5,3,mqar_case,1024x256,valid/mqar_case/accuracy-1024x256,0.98468359375
cb256-r16-s125,gd-r16-wk4-mu01-t025-cb256-s125-d123-noearly4ep-r16-robustness,r16_seed_robustness,1,125,123,256,16,524288,32x,7,mid_epoch,3.5,3,mqar_case,128x32,valid/mqar_case/accuracy-128x32,0.999125
cb256-r16-s125,gd-r16-wk4-mu01-t025-cb256-s125-d123-noearly4ep-r16-robustness,r16_seed_robustness,1,125,123,256,16,524288,32x,7,mid_epoch,3.5,3,mqar_case,256x64,valid/mqar_case/accuracy-256x64,0.99859375
cb256-r16-s125,gd-r16-wk4-mu01-t025-cb256-s125-d123-noearly4ep-r16-robustness,r16_seed_robustness,1,125,123,256,16,524288,32x,7,mid_epoch,3.5,3,mqar_case,512x128,valid/mqar_case/accuracy-512x128,0.998078125
cb256-r16-s125,gd-r16-wk4-mu01-t025-cb256-s125-d123-noearly4ep-r16-robustness,r16_seed_robustness,1,125,123,256,16,524288,32x,7,mid_epoch,3.5,3,mqar_case,512x64,valid/mqar_case/accuracy-512x64,0.994484375
cb256-r16-s125,gd-r16-wk4-mu01-t025-cb256-s125-d123-noearly4ep-r16-robustness,r16_seed_robustness,1,125,123,256,16,524288,32x,7,mid_epoch,3.5,3,mqar_case,64x16,valid/mqar_case/accuracy-64x16,1.0
cb256-r16-s125,gd-r16-wk4-mu01-t025-cb256-s125-d123-noearly4ep-r16-robustness,r16_seed_robustness,1,125,123,256,16,524288,32x,7,mid_epoch,3.5,3,mqar_case,64x4,valid/mqar_case/accuracy-64x4,0.99975
cb256-r16-s125,gd-r16-wk4-mu01-t025-cb256-s125-d123-noearly4ep-r16-robustness,r16_seed_robustness,1,125,123,256,16,524288,32x,7,mid_epoch,3.5,3,mqar_case,64x8,valid/mqar_case/accuracy-64x8,1.0
cb256-r16-s125,gd-r16-wk4-mu01-t025-cb256-s125-d123-noearly4ep-r16-robustness,r16_seed_robustness,1,125,123,256,16,524288,32x,7,mid_epoch,3.5,3,num_kv_pairs,128,valid/num_kv_pairs/accuracy-128,0.998078125
cb256-r16-s125,gd-r16-wk4-mu01-t025-cb256-s125-d123-noearly4ep-r16-robustness,r16_seed_robustness,1,125,123,256,16,524288,32x,7,mid_epoch,3.5,3,num_kv_pairs,16,valid/num_kv_pairs/accuracy-16,1.0
cb256-r16-s125,gd-r16-wk4-mu01-t025-cb256-s125-d123-noearly4ep-r16-robustness,r16_seed_robustness,1,125,123,256,16,524288,32x,7,mid_epoch,3.5,3,num_kv_pairs,256,valid/num_kv_pairs/accuracy-256,0.98468359375
cb256-r16-s125,gd-r16-wk4-mu01-t025-cb256-s125-d123-noearly4ep-r16-robustness,r16_seed_robustness,1,125,123,256,16,524288,32x,7,mid_epoch,3.5,3,num_kv_pairs,32,valid/num_kv_pairs/accuracy-32,0.999125
cb256-r16-s125,gd-r16-wk4-mu01-t025-cb256-s125-d123-noearly4ep-r16-robustness,r16_seed_robustness,1,125,123,256,16,524288,32x,7,mid_epoch,3.5,3,num_kv_pairs,4,valid/num_kv_pairs/accuracy-4,0.99975
cb256-r16-s125,gd-r16-wk4-mu01-t025-cb256-s125-d123-noearly4ep-r16-robustness,r16_seed_robustness,1,125,123,256,16,524288,32x,7,mid_epoch,3.5,3,num_kv_pairs,64,valid/num_kv_pairs/accuracy-64,0.9965390625
cb256-r16-s125,gd-r16-wk4-mu01-t025-cb256-s125-d123-noearly4ep-r16-robustness,r16_seed_robustness,1,125,123,256,16,524288,32x,7,mid_epoch,3.5,3,num_kv_pairs,8,valid/num_kv_pairs/accuracy-8,1.0
cb256-r16-s125,gd-r16-wk4-mu01-t025-cb256-s125-d123-noearly4ep-r16-robustness,r16_seed_robustness,1,125,123,256,16,524288,32x,8,epoch_end,4.0,3,input_seq_len,1024,valid/input_seq_len/accuracy-1024,0.98517578125
cb256-r16-s125,gd-r16-wk4-mu01-t025-cb256-s125-d123-noearly4ep-r16-robustness,r16_seed_robustness,1,125,123,256,16,524288,32x,8,epoch_end,4.0,3,input_seq_len,128,valid/input_seq_len/accuracy-128,0.999125
cb256-r16-s125,gd-r16-wk4-mu01-t025-cb256-s125-d123-noearly4ep-r16-robustness,r16_seed_robustness,1,125,123,256,16,524288,32x,8,epoch_end,4.0,3,input_seq_len,256,valid/input_seq_len/accuracy-256,0.99875
cb256-r16-s125,gd-r16-wk4-mu01-t025-cb256-s125-d123-noearly4ep-r16-robustness,r16_seed_robustness,1,125,123,256,16,524288,32x,8,epoch_end,4.0,3,input_seq_len,512,valid/input_seq_len/accuracy-512,0.99637890625
cb256-r16-s125,gd-r16-wk4-mu01-t025-cb256-s125-d123-noearly4ep-r16-robustness,r16_seed_robustness,1,125,123,256,16,524288,32x,8,epoch_end,4.0,3,input_seq_len,64,valid/input_seq_len/accuracy-64,0.9998333333333334
cb256-r16-s125,gd-r16-wk4-mu01-t025-cb256-s125-d123-noearly4ep-r16-robustness,r16_seed_robustness,1,125,123,256,16,524288,32x,8,epoch_end,4.0,3,mqar_case,1024x256,valid/mqar_case/accuracy-1024x256,0.98517578125
cb256-r16-s125,gd-r16-wk4-mu01-t025-cb256-s125-d123-noearly4ep-r16-robustness,r16_seed_robustness,1,125,123,256,16,524288,32x,8,epoch_end,4.0,3,mqar_case,128x32,valid/mqar_case/accuracy-128x32,0.999125
cb256-r16-s125,gd-r16-wk4-mu01-t025-cb256-s125-d123-noearly4ep-r16-robustness,r16_seed_robustness,1,125,123,256,16,524288,32x,8,epoch_end,4.0,3,mqar_case,256x64,valid/mqar_case/accuracy-256x64,0.99875
cb256-r16-s125,gd-r16-wk4-mu01-t025-cb256-s125-d123-noearly4ep-r16-robustness,r16_seed_robustness,1,125,123,256,16,524288,32x,8,epoch_end,4.0,3,mqar_case,512x128,valid/mqar_case/accuracy-512x128,0.9985390625
cb256-r16-s125,gd-r16-wk4-mu01-t025-cb256-s125-d123-noearly4ep-r16-robustness,r16_seed_robustness,1,125,123,256,16,524288,32x,8,epoch_end,4.0,3,mqar_case,512x64,valid/mqar_case/accuracy-512x64,0.99421875
cb256-r16-s125,gd-r16-wk4-mu01-t025-cb256-s125-d123-noearly4ep-r16-robustness,r16_seed_robustness,1,125,123,256,16,524288,32x,8,epoch_end,4.0,3,mqar_case,64x16,valid/mqar_case/accuracy-64x16,1.0
cb256-r16-s125,gd-r16-wk4-mu01-t025-cb256-s125-d123-noearly4ep-r16-robustness,r16_seed_robustness,1,125,123,256,16,524288,32x,8,epoch_end,4.0,3,mqar_case,64x4,valid/mqar_case/accuracy-64x4,0.9995
cb256-r16-s125,gd-r16-wk4-mu01-t025-cb256-s125-d123-noearly4ep-r16-robustness,r16_seed_robustness,1,125,123,256,16,524288,32x,8,epoch_end,4.0,3,mqar_case,64x8,valid/mqar_case/accuracy-64x8,1.0
cb256-r16-s125,gd-r16-wk4-mu01-t025-cb256-s125-d123-noearly4ep-r16-robustness,r16_seed_robustness,1,125,123,256,16,524288,32x,8,epoch_end,4.0,3,num_kv_pairs,128,valid/num_kv_pairs/accuracy-128,0.9985390625
cb256-r16-s125,gd-r16-wk4-mu01-t025-cb256-s125-d123-noearly4ep-r16-robustness,r16_seed_robustness,1,125,123,256,16,524288,32x,8,epoch_end,4.0,3,num_kv_pairs,16,valid/num_kv_pairs/accuracy-16,1.0
cb256-r16-s125,gd-r16-wk4-mu01-t025-cb256-s125-d123-noearly4ep-r16-robustness,r16_seed_robustness,1,125,123,256,16,524288,32x,8,epoch_end,4.0,3,num_kv_pairs,256,valid/num_kv_pairs/accuracy-256,0.98517578125
cb256-r16-s125,gd-r16-wk4-mu01-t025-cb256-s125-d123-noearly4ep-r16-robustness,r16_seed_robustness,1,125,123,256,16,524288,32x,8,epoch_end,4.0,3,num_kv_pairs,32,valid/num_kv_pairs/accuracy-32,0.999125
cb256-r16-s125,gd-r16-wk4-mu01-t025-cb256-s125-d123-noearly4ep-r16-robustness,r16_seed_robustness,1,125,123,256,16,524288,32x,8,epoch_end,4.0,3,num_kv_pairs,4,valid/num_kv_pairs/accuracy-4,0.9995
cb256-r16-s125,gd-r16-wk4-mu01-t025-cb256-s125-d123-noearly4ep-r16-robustness,r16_seed_robustness,1,125,123,256,16,524288,32x,8,epoch_end,4.0,3,num_kv_pairs,64,valid/num_kv_pairs/accuracy-64,0.996484375
cb256-r16-s125,gd-r16-wk4-mu01-t025-cb256-s125-d123-noearly4ep-r16-robustness,r16_seed_robustness,1,125,123,256,16,524288,32x,8,epoch_end,4.0,3,num_kv_pairs,8,valid/num_kv_pairs/accuracy-8,1.0
