config,run_id,source,comparison_scope,gpu,seed,data_seed,num_heads,expand_v,batch_accum_profile,dtype_policy,actual_kernel_dtype,validation_index,validation_phase,approx_epoch,raw_epoch_index,slice_group,slice,metric,value
gdn-h2-ev8-usegate0-s126-d123,gdn-h2-ev8-s126-d123-b64-ga4-fp32-noearly4ep,20260520_gdn_capacity_layout_followup,b64_ga4_fp32_official_gdn,0,126,123,2,8,b64_ga4,float32,float32,1,mid_epoch,0.5,0,input_seq_len,1024,valid/input_seq_len/accuracy-1024,0.3713515625
gdn-h2-ev8-usegate0-s126-d123,gdn-h2-ev8-s126-d123-b64-ga4-fp32-noearly4ep,20260520_gdn_capacity_layout_followup,b64_ga4_fp32_official_gdn,0,126,123,2,8,b64_ga4,float32,float32,2,epoch_end,1.0,0,input_seq_len,1024,valid/input_seq_len/accuracy-1024,0.7116875
gdn-h2-ev8-usegate0-s126-d123,gdn-h2-ev8-s126-d123-b64-ga4-fp32-noearly4ep,20260520_gdn_capacity_layout_followup,b64_ga4_fp32_official_gdn,0,126,123,2,8,b64_ga4,float32,float32,3,mid_epoch,1.5,1,input_seq_len,1024,valid/input_seq_len/accuracy-1024,0.7539453125
gdn-h2-ev8-usegate0-s126-d123,gdn-h2-ev8-s126-d123-b64-ga4-fp32-noearly4ep,20260520_gdn_capacity_layout_followup,b64_ga4_fp32_official_gdn,0,126,123,2,8,b64_ga4,float32,float32,4,epoch_end,2.0,1,input_seq_len,1024,valid/input_seq_len/accuracy-1024,0.8030625
gdn-h2-ev8-usegate0-s126-d123,gdn-h2-ev8-s126-d123-b64-ga4-fp32-noearly4ep,20260520_gdn_capacity_layout_followup,b64_ga4_fp32_official_gdn,0,126,123,2,8,b64_ga4,float32,float32,5,mid_epoch,2.5,2,input_seq_len,1024,valid/input_seq_len/accuracy-1024,0.80282421875
gdn-h2-ev8-usegate0-s126-d123,gdn-h2-ev8-s126-d123-b64-ga4-fp32-noearly4ep,20260520_gdn_capacity_layout_followup,b64_ga4_fp32_official_gdn,0,126,123,2,8,b64_ga4,float32,float32,6,epoch_end,3.0,2,input_seq_len,1024,valid/input_seq_len/accuracy-1024,0.823796875
gdn-h2-ev8-usegate0-s126-d123,gdn-h2-ev8-s126-d123-b64-ga4-fp32-noearly4ep,20260520_gdn_capacity_layout_followup,b64_ga4_fp32_official_gdn,0,126,123,2,8,b64_ga4,float32,float32,7,mid_epoch,3.5,3,input_seq_len,1024,valid/input_seq_len/accuracy-1024,0.821828125
gdn-h2-ev8-usegate0-s126-d123,gdn-h2-ev8-s126-d123-b64-ga4-fp32-noearly4ep,20260520_gdn_capacity_layout_followup,b64_ga4_fp32_official_gdn,0,126,123,2,8,b64_ga4,float32,float32,8,epoch_end,4.0,3,input_seq_len,1024,valid/input_seq_len/accuracy-1024,0.83156640625
gdn-h2-ev8-usegate0-s126-d123,gdn-h2-ev8-s126-d123-b64-ga4-fp32-noearly4ep,20260520_gdn_capacity_layout_followup,b64_ga4_fp32_official_gdn,0,126,123,2,8,b64_ga4,float32,float32,1,mid_epoch,0.5,0,input_seq_len,128,valid/input_seq_len/accuracy-128,0.9995625
gdn-h2-ev8-usegate0-s126-d123,gdn-h2-ev8-s126-d123-b64-ga4-fp32-noearly4ep,20260520_gdn_capacity_layout_followup,b64_ga4_fp32_official_gdn,0,126,123,2,8,b64_ga4,float32,float32,2,epoch_end,1.0,0,input_seq_len,128,valid/input_seq_len/accuracy-128,1.0
gdn-h2-ev8-usegate0-s126-d123,gdn-h2-ev8-s126-d123-b64-ga4-fp32-noearly4ep,20260520_gdn_capacity_layout_followup,b64_ga4_fp32_official_gdn,0,126,123,2,8,b64_ga4,float32,float32,3,mid_epoch,1.5,1,input_seq_len,128,valid/input_seq_len/accuracy-128,1.0
gdn-h2-ev8-usegate0-s126-d123,gdn-h2-ev8-s126-d123-b64-ga4-fp32-noearly4ep,20260520_gdn_capacity_layout_followup,b64_ga4_fp32_official_gdn,0,126,123,2,8,b64_ga4,float32,float32,4,epoch_end,2.0,1,input_seq_len,128,valid/input_seq_len/accuracy-128,1.0
gdn-h2-ev8-usegate0-s126-d123,gdn-h2-ev8-s126-d123-b64-ga4-fp32-noearly4ep,20260520_gdn_capacity_layout_followup,b64_ga4_fp32_official_gdn,0,126,123,2,8,b64_ga4,float32,float32,5,mid_epoch,2.5,2,input_seq_len,128,valid/input_seq_len/accuracy-128,1.0
gdn-h2-ev8-usegate0-s126-d123,gdn-h2-ev8-s126-d123-b64-ga4-fp32-noearly4ep,20260520_gdn_capacity_layout_followup,b64_ga4_fp32_official_gdn,0,126,123,2,8,b64_ga4,float32,float32,6,epoch_end,3.0,2,input_seq_len,128,valid/input_seq_len/accuracy-128,1.0
gdn-h2-ev8-usegate0-s126-d123,gdn-h2-ev8-s126-d123-b64-ga4-fp32-noearly4ep,20260520_gdn_capacity_layout_followup,b64_ga4_fp32_official_gdn,0,126,123,2,8,b64_ga4,float32,float32,7,mid_epoch,3.5,3,input_seq_len,128,valid/input_seq_len/accuracy-128,1.0
gdn-h2-ev8-usegate0-s126-d123,gdn-h2-ev8-s126-d123-b64-ga4-fp32-noearly4ep,20260520_gdn_capacity_layout_followup,b64_ga4_fp32_official_gdn,0,126,123,2,8,b64_ga4,float32,float32,8,epoch_end,4.0,3,input_seq_len,128,valid/input_seq_len/accuracy-128,1.0
gdn-h2-ev8-usegate0-s126-d123,gdn-h2-ev8-s126-d123-b64-ga4-fp32-noearly4ep,20260520_gdn_capacity_layout_followup,b64_ga4_fp32_official_gdn,0,126,123,2,8,b64_ga4,float32,float32,1,mid_epoch,0.5,0,input_seq_len,256,valid/input_seq_len/accuracy-256,0.99134375
gdn-h2-ev8-usegate0-s126-d123,gdn-h2-ev8-s126-d123-b64-ga4-fp32-noearly4ep,20260520_gdn_capacity_layout_followup,b64_ga4_fp32_official_gdn,0,126,123,2,8,b64_ga4,float32,float32,2,epoch_end,1.0,0,input_seq_len,256,valid/input_seq_len/accuracy-256,0.99971875
gdn-h2-ev8-usegate0-s126-d123,gdn-h2-ev8-s126-d123-b64-ga4-fp32-noearly4ep,20260520_gdn_capacity_layout_followup,b64_ga4_fp32_official_gdn,0,126,123,2,8,b64_ga4,float32,float32,3,mid_epoch,1.5,1,input_seq_len,256,valid/input_seq_len/accuracy-256,0.999859375
gdn-h2-ev8-usegate0-s126-d123,gdn-h2-ev8-s126-d123-b64-ga4-fp32-noearly4ep,20260520_gdn_capacity_layout_followup,b64_ga4_fp32_official_gdn,0,126,123,2,8,b64_ga4,float32,float32,4,epoch_end,2.0,1,input_seq_len,256,valid/input_seq_len/accuracy-256,0.99996875
gdn-h2-ev8-usegate0-s126-d123,gdn-h2-ev8-s126-d123-b64-ga4-fp32-noearly4ep,20260520_gdn_capacity_layout_followup,b64_ga4_fp32_official_gdn,0,126,123,2,8,b64_ga4,float32,float32,5,mid_epoch,2.5,2,input_seq_len,256,valid/input_seq_len/accuracy-256,0.999953125
gdn-h2-ev8-usegate0-s126-d123,gdn-h2-ev8-s126-d123-b64-ga4-fp32-noearly4ep,20260520_gdn_capacity_layout_followup,b64_ga4_fp32_official_gdn,0,126,123,2,8,b64_ga4,float32,float32,6,epoch_end,3.0,2,input_seq_len,256,valid/input_seq_len/accuracy-256,0.999984375
gdn-h2-ev8-usegate0-s126-d123,gdn-h2-ev8-s126-d123-b64-ga4-fp32-noearly4ep,20260520_gdn_capacity_layout_followup,b64_ga4_fp32_official_gdn,0,126,123,2,8,b64_ga4,float32,float32,7,mid_epoch,3.5,3,input_seq_len,256,valid/input_seq_len/accuracy-256,1.0
gdn-h2-ev8-usegate0-s126-d123,gdn-h2-ev8-s126-d123-b64-ga4-fp32-noearly4ep,20260520_gdn_capacity_layout_followup,b64_ga4_fp32_official_gdn,0,126,123,2,8,b64_ga4,float32,float32,8,epoch_end,4.0,3,input_seq_len,256,valid/input_seq_len/accuracy-256,1.0
gdn-h2-ev8-usegate0-s126-d123,gdn-h2-ev8-s126-d123-b64-ga4-fp32-noearly4ep,20260520_gdn_capacity_layout_followup,b64_ga4_fp32_official_gdn,0,126,123,2,8,b64_ga4,float32,float32,1,mid_epoch,0.5,0,input_seq_len,512,valid/input_seq_len/accuracy-512,0.912984375
gdn-h2-ev8-usegate0-s126-d123,gdn-h2-ev8-s126-d123-b64-ga4-fp32-noearly4ep,20260520_gdn_capacity_layout_followup,b64_ga4_fp32_official_gdn,0,126,123,2,8,b64_ga4,float32,float32,2,epoch_end,1.0,0,input_seq_len,512,valid/input_seq_len/accuracy-512,0.99077734375
gdn-h2-ev8-usegate0-s126-d123,gdn-h2-ev8-s126-d123-b64-ga4-fp32-noearly4ep,20260520_gdn_capacity_layout_followup,b64_ga4_fp32_official_gdn,0,126,123,2,8,b64_ga4,float32,float32,3,mid_epoch,1.5,1,input_seq_len,512,valid/input_seq_len/accuracy-512,0.99445703125
gdn-h2-ev8-usegate0-s126-d123,gdn-h2-ev8-s126-d123-b64-ga4-fp32-noearly4ep,20260520_gdn_capacity_layout_followup,b64_ga4_fp32_official_gdn,0,126,123,2,8,b64_ga4,float32,float32,4,epoch_end,2.0,1,input_seq_len,512,valid/input_seq_len/accuracy-512,0.99674609375
gdn-h2-ev8-usegate0-s126-d123,gdn-h2-ev8-s126-d123-b64-ga4-fp32-noearly4ep,20260520_gdn_capacity_layout_followup,b64_ga4_fp32_official_gdn,0,126,123,2,8,b64_ga4,float32,float32,5,mid_epoch,2.5,2,input_seq_len,512,valid/input_seq_len/accuracy-512,0.99696484375
gdn-h2-ev8-usegate0-s126-d123,gdn-h2-ev8-s126-d123-b64-ga4-fp32-noearly4ep,20260520_gdn_capacity_layout_followup,b64_ga4_fp32_official_gdn,0,126,123,2,8,b64_ga4,float32,float32,6,epoch_end,3.0,2,input_seq_len,512,valid/input_seq_len/accuracy-512,0.99757421875
gdn-h2-ev8-usegate0-s126-d123,gdn-h2-ev8-s126-d123-b64-ga4-fp32-noearly4ep,20260520_gdn_capacity_layout_followup,b64_ga4_fp32_official_gdn,0,126,123,2,8,b64_ga4,float32,float32,7,mid_epoch,3.5,3,input_seq_len,512,valid/input_seq_len/accuracy-512,0.99766015625
gdn-h2-ev8-usegate0-s126-d123,gdn-h2-ev8-s126-d123-b64-ga4-fp32-noearly4ep,20260520_gdn_capacity_layout_followup,b64_ga4_fp32_official_gdn,0,126,123,2,8,b64_ga4,float32,float32,8,epoch_end,4.0,3,input_seq_len,512,valid/input_seq_len/accuracy-512,0.9978671875
gdn-h2-ev8-usegate0-s126-d123,gdn-h2-ev8-s126-d123-b64-ga4-fp32-noearly4ep,20260520_gdn_capacity_layout_followup,b64_ga4_fp32_official_gdn,0,126,123,2,8,b64_ga4,float32,float32,1,mid_epoch,0.5,0,input_seq_len,64,valid/input_seq_len/accuracy-64,0.9999166666666667
gdn-h2-ev8-usegate0-s126-d123,gdn-h2-ev8-s126-d123-b64-ga4-fp32-noearly4ep,20260520_gdn_capacity_layout_followup,b64_ga4_fp32_official_gdn,0,126,123,2,8,b64_ga4,float32,float32,2,epoch_end,1.0,0,input_seq_len,64,valid/input_seq_len/accuracy-64,1.0
gdn-h2-ev8-usegate0-s126-d123,gdn-h2-ev8-s126-d123-b64-ga4-fp32-noearly4ep,20260520_gdn_capacity_layout_followup,b64_ga4_fp32_official_gdn,0,126,123,2,8,b64_ga4,float32,float32,3,mid_epoch,1.5,1,input_seq_len,64,valid/input_seq_len/accuracy-64,1.0
gdn-h2-ev8-usegate0-s126-d123,gdn-h2-ev8-s126-d123-b64-ga4-fp32-noearly4ep,20260520_gdn_capacity_layout_followup,b64_ga4_fp32_official_gdn,0,126,123,2,8,b64_ga4,float32,float32,4,epoch_end,2.0,1,input_seq_len,64,valid/input_seq_len/accuracy-64,1.0
gdn-h2-ev8-usegate0-s126-d123,gdn-h2-ev8-s126-d123-b64-ga4-fp32-noearly4ep,20260520_gdn_capacity_layout_followup,b64_ga4_fp32_official_gdn,0,126,123,2,8,b64_ga4,float32,float32,5,mid_epoch,2.5,2,input_seq_len,64,valid/input_seq_len/accuracy-64,1.0
gdn-h2-ev8-usegate0-s126-d123,gdn-h2-ev8-s126-d123-b64-ga4-fp32-noearly4ep,20260520_gdn_capacity_layout_followup,b64_ga4_fp32_official_gdn,0,126,123,2,8,b64_ga4,float32,float32,6,epoch_end,3.0,2,input_seq_len,64,valid/input_seq_len/accuracy-64,1.0
gdn-h2-ev8-usegate0-s126-d123,gdn-h2-ev8-s126-d123-b64-ga4-fp32-noearly4ep,20260520_gdn_capacity_layout_followup,b64_ga4_fp32_official_gdn,0,126,123,2,8,b64_ga4,float32,float32,7,mid_epoch,3.5,3,input_seq_len,64,valid/input_seq_len/accuracy-64,1.0
gdn-h2-ev8-usegate0-s126-d123,gdn-h2-ev8-s126-d123-b64-ga4-fp32-noearly4ep,20260520_gdn_capacity_layout_followup,b64_ga4_fp32_official_gdn,0,126,123,2,8,b64_ga4,float32,float32,8,epoch_end,4.0,3,input_seq_len,64,valid/input_seq_len/accuracy-64,1.0
gdn-h2-ev8-usegate0-s126-d123,gdn-h2-ev8-s126-d123-b64-ga4-fp32-noearly4ep,20260520_gdn_capacity_layout_followup,b64_ga4_fp32_official_gdn,0,126,123,2,8,b64_ga4,float32,float32,1,mid_epoch,0.5,0,mqar_case,1024x256,valid/mqar_case/accuracy-1024x256,0.3713515625
gdn-h2-ev8-usegate0-s126-d123,gdn-h2-ev8-s126-d123-b64-ga4-fp32-noearly4ep,20260520_gdn_capacity_layout_followup,b64_ga4_fp32_official_gdn,0,126,123,2,8,b64_ga4,float32,float32,2,epoch_end,1.0,0,mqar_case,1024x256,valid/mqar_case/accuracy-1024x256,0.7116875
gdn-h2-ev8-usegate0-s126-d123,gdn-h2-ev8-s126-d123-b64-ga4-fp32-noearly4ep,20260520_gdn_capacity_layout_followup,b64_ga4_fp32_official_gdn,0,126,123,2,8,b64_ga4,float32,float32,3,mid_epoch,1.5,1,mqar_case,1024x256,valid/mqar_case/accuracy-1024x256,0.7539453125
gdn-h2-ev8-usegate0-s126-d123,gdn-h2-ev8-s126-d123-b64-ga4-fp32-noearly4ep,20260520_gdn_capacity_layout_followup,b64_ga4_fp32_official_gdn,0,126,123,2,8,b64_ga4,float32,float32,4,epoch_end,2.0,1,mqar_case,1024x256,valid/mqar_case/accuracy-1024x256,0.8030625
gdn-h2-ev8-usegate0-s126-d123,gdn-h2-ev8-s126-d123-b64-ga4-fp32-noearly4ep,20260520_gdn_capacity_layout_followup,b64_ga4_fp32_official_gdn,0,126,123,2,8,b64_ga4,float32,float32,5,mid_epoch,2.5,2,mqar_case,1024x256,valid/mqar_case/accuracy-1024x256,0.80282421875
gdn-h2-ev8-usegate0-s126-d123,gdn-h2-ev8-s126-d123-b64-ga4-fp32-noearly4ep,20260520_gdn_capacity_layout_followup,b64_ga4_fp32_official_gdn,0,126,123,2,8,b64_ga4,float32,float32,6,epoch_end,3.0,2,mqar_case,1024x256,valid/mqar_case/accuracy-1024x256,0.823796875
gdn-h2-ev8-usegate0-s126-d123,gdn-h2-ev8-s126-d123-b64-ga4-fp32-noearly4ep,20260520_gdn_capacity_layout_followup,b64_ga4_fp32_official_gdn,0,126,123,2,8,b64_ga4,float32,float32,7,mid_epoch,3.5,3,mqar_case,1024x256,valid/mqar_case/accuracy-1024x256,0.821828125
gdn-h2-ev8-usegate0-s126-d123,gdn-h2-ev8-s126-d123-b64-ga4-fp32-noearly4ep,20260520_gdn_capacity_layout_followup,b64_ga4_fp32_official_gdn,0,126,123,2,8,b64_ga4,float32,float32,8,epoch_end,4.0,3,mqar_case,1024x256,valid/mqar_case/accuracy-1024x256,0.83156640625
gdn-h2-ev8-usegate0-s126-d123,gdn-h2-ev8-s126-d123-b64-ga4-fp32-noearly4ep,20260520_gdn_capacity_layout_followup,b64_ga4_fp32_official_gdn,0,126,123,2,8,b64_ga4,float32,float32,1,mid_epoch,0.5,0,mqar_case,128x32,valid/mqar_case/accuracy-128x32,0.9995625
gdn-h2-ev8-usegate0-s126-d123,gdn-h2-ev8-s126-d123-b64-ga4-fp32-noearly4ep,20260520_gdn_capacity_layout_followup,b64_ga4_fp32_official_gdn,0,126,123,2,8,b64_ga4,float32,float32,2,epoch_end,1.0,0,mqar_case,128x32,valid/mqar_case/accuracy-128x32,1.0
gdn-h2-ev8-usegate0-s126-d123,gdn-h2-ev8-s126-d123-b64-ga4-fp32-noearly4ep,20260520_gdn_capacity_layout_followup,b64_ga4_fp32_official_gdn,0,126,123,2,8,b64_ga4,float32,float32,3,mid_epoch,1.5,1,mqar_case,128x32,valid/mqar_case/accuracy-128x32,1.0
gdn-h2-ev8-usegate0-s126-d123,gdn-h2-ev8-s126-d123-b64-ga4-fp32-noearly4ep,20260520_gdn_capacity_layout_followup,b64_ga4_fp32_official_gdn,0,126,123,2,8,b64_ga4,float32,float32,4,epoch_end,2.0,1,mqar_case,128x32,valid/mqar_case/accuracy-128x32,1.0
gdn-h2-ev8-usegate0-s126-d123,gdn-h2-ev8-s126-d123-b64-ga4-fp32-noearly4ep,20260520_gdn_capacity_layout_followup,b64_ga4_fp32_official_gdn,0,126,123,2,8,b64_ga4,float32,float32,5,mid_epoch,2.5,2,mqar_case,128x32,valid/mqar_case/accuracy-128x32,1.0
gdn-h2-ev8-usegate0-s126-d123,gdn-h2-ev8-s126-d123-b64-ga4-fp32-noearly4ep,20260520_gdn_capacity_layout_followup,b64_ga4_fp32_official_gdn,0,126,123,2,8,b64_ga4,float32,float32,6,epoch_end,3.0,2,mqar_case,128x32,valid/mqar_case/accuracy-128x32,1.0
gdn-h2-ev8-usegate0-s126-d123,gdn-h2-ev8-s126-d123-b64-ga4-fp32-noearly4ep,20260520_gdn_capacity_layout_followup,b64_ga4_fp32_official_gdn,0,126,123,2,8,b64_ga4,float32,float32,7,mid_epoch,3.5,3,mqar_case,128x32,valid/mqar_case/accuracy-128x32,1.0
gdn-h2-ev8-usegate0-s126-d123,gdn-h2-ev8-s126-d123-b64-ga4-fp32-noearly4ep,20260520_gdn_capacity_layout_followup,b64_ga4_fp32_official_gdn,0,126,123,2,8,b64_ga4,float32,float32,8,epoch_end,4.0,3,mqar_case,128x32,valid/mqar_case/accuracy-128x32,1.0
gdn-h2-ev8-usegate0-s126-d123,gdn-h2-ev8-s126-d123-b64-ga4-fp32-noearly4ep,20260520_gdn_capacity_layout_followup,b64_ga4_fp32_official_gdn,0,126,123,2,8,b64_ga4,float32,float32,1,mid_epoch,0.5,0,mqar_case,256x64,valid/mqar_case/accuracy-256x64,0.99134375
gdn-h2-ev8-usegate0-s126-d123,gdn-h2-ev8-s126-d123-b64-ga4-fp32-noearly4ep,20260520_gdn_capacity_layout_followup,b64_ga4_fp32_official_gdn,0,126,123,2,8,b64_ga4,float32,float32,2,epoch_end,1.0,0,mqar_case,256x64,valid/mqar_case/accuracy-256x64,0.99971875
gdn-h2-ev8-usegate0-s126-d123,gdn-h2-ev8-s126-d123-b64-ga4-fp32-noearly4ep,20260520_gdn_capacity_layout_followup,b64_ga4_fp32_official_gdn,0,126,123,2,8,b64_ga4,float32,float32,3,mid_epoch,1.5,1,mqar_case,256x64,valid/mqar_case/accuracy-256x64,0.999859375
gdn-h2-ev8-usegate0-s126-d123,gdn-h2-ev8-s126-d123-b64-ga4-fp32-noearly4ep,20260520_gdn_capacity_layout_followup,b64_ga4_fp32_official_gdn,0,126,123,2,8,b64_ga4,float32,float32,4,epoch_end,2.0,1,mqar_case,256x64,valid/mqar_case/accuracy-256x64,0.99996875
gdn-h2-ev8-usegate0-s126-d123,gdn-h2-ev8-s126-d123-b64-ga4-fp32-noearly4ep,20260520_gdn_capacity_layout_followup,b64_ga4_fp32_official_gdn,0,126,123,2,8,b64_ga4,float32,float32,5,mid_epoch,2.5,2,mqar_case,256x64,valid/mqar_case/accuracy-256x64,0.999953125
gdn-h2-ev8-usegate0-s126-d123,gdn-h2-ev8-s126-d123-b64-ga4-fp32-noearly4ep,20260520_gdn_capacity_layout_followup,b64_ga4_fp32_official_gdn,0,126,123,2,8,b64_ga4,float32,float32,6,epoch_end,3.0,2,mqar_case,256x64,valid/mqar_case/accuracy-256x64,0.999984375
gdn-h2-ev8-usegate0-s126-d123,gdn-h2-ev8-s126-d123-b64-ga4-fp32-noearly4ep,20260520_gdn_capacity_layout_followup,b64_ga4_fp32_official_gdn,0,126,123,2,8,b64_ga4,float32,float32,7,mid_epoch,3.5,3,mqar_case,256x64,valid/mqar_case/accuracy-256x64,1.0
gdn-h2-ev8-usegate0-s126-d123,gdn-h2-ev8-s126-d123-b64-ga4-fp32-noearly4ep,20260520_gdn_capacity_layout_followup,b64_ga4_fp32_official_gdn,0,126,123,2,8,b64_ga4,float32,float32,8,epoch_end,4.0,3,mqar_case,256x64,valid/mqar_case/accuracy-256x64,1.0
gdn-h2-ev8-usegate0-s126-d123,gdn-h2-ev8-s126-d123-b64-ga4-fp32-noearly4ep,20260520_gdn_capacity_layout_followup,b64_ga4_fp32_official_gdn,0,126,123,2,8,b64_ga4,float32,float32,1,mid_epoch,0.5,0,mqar_case,512x128,valid/mqar_case/accuracy-512x128,0.83821875
gdn-h2-ev8-usegate0-s126-d123,gdn-h2-ev8-s126-d123-b64-ga4-fp32-noearly4ep,20260520_gdn_capacity_layout_followup,b64_ga4_fp32_official_gdn,0,126,123,2,8,b64_ga4,float32,float32,2,epoch_end,1.0,0,mqar_case,512x128,valid/mqar_case/accuracy-512x128,0.9823984375
gdn-h2-ev8-usegate0-s126-d123,gdn-h2-ev8-s126-d123-b64-ga4-fp32-noearly4ep,20260520_gdn_capacity_layout_followup,b64_ga4_fp32_official_gdn,0,126,123,2,8,b64_ga4,float32,float32,3,mid_epoch,1.5,1,mqar_case,512x128,valid/mqar_case/accuracy-512x128,0.9894453125
gdn-h2-ev8-usegate0-s126-d123,gdn-h2-ev8-s126-d123-b64-ga4-fp32-noearly4ep,20260520_gdn_capacity_layout_followup,b64_ga4_fp32_official_gdn,0,126,123,2,8,b64_ga4,float32,float32,4,epoch_end,2.0,1,mqar_case,512x128,valid/mqar_case/accuracy-512x128,0.9939296875
gdn-h2-ev8-usegate0-s126-d123,gdn-h2-ev8-s126-d123-b64-ga4-fp32-noearly4ep,20260520_gdn_capacity_layout_followup,b64_ga4_fp32_official_gdn,0,126,123,2,8,b64_ga4,float32,float32,5,mid_epoch,2.5,2,mqar_case,512x128,valid/mqar_case/accuracy-512x128,0.9943828125
gdn-h2-ev8-usegate0-s126-d123,gdn-h2-ev8-s126-d123-b64-ga4-fp32-noearly4ep,20260520_gdn_capacity_layout_followup,b64_ga4_fp32_official_gdn,0,126,123,2,8,b64_ga4,float32,float32,6,epoch_end,3.0,2,mqar_case,512x128,valid/mqar_case/accuracy-512x128,0.9955859375
gdn-h2-ev8-usegate0-s126-d123,gdn-h2-ev8-s126-d123-b64-ga4-fp32-noearly4ep,20260520_gdn_capacity_layout_followup,b64_ga4_fp32_official_gdn,0,126,123,2,8,b64_ga4,float32,float32,7,mid_epoch,3.5,3,mqar_case,512x128,valid/mqar_case/accuracy-512x128,0.9957265625
gdn-h2-ev8-usegate0-s126-d123,gdn-h2-ev8-s126-d123-b64-ga4-fp32-noearly4ep,20260520_gdn_capacity_layout_followup,b64_ga4_fp32_official_gdn,0,126,123,2,8,b64_ga4,float32,float32,8,epoch_end,4.0,3,mqar_case,512x128,valid/mqar_case/accuracy-512x128,0.996140625
gdn-h2-ev8-usegate0-s126-d123,gdn-h2-ev8-s126-d123-b64-ga4-fp32-noearly4ep,20260520_gdn_capacity_layout_followup,b64_ga4_fp32_official_gdn,0,126,123,2,8,b64_ga4,float32,float32,1,mid_epoch,0.5,0,mqar_case,512x64,valid/mqar_case/accuracy-512x64,0.98775
gdn-h2-ev8-usegate0-s126-d123,gdn-h2-ev8-s126-d123-b64-ga4-fp32-noearly4ep,20260520_gdn_capacity_layout_followup,b64_ga4_fp32_official_gdn,0,126,123,2,8,b64_ga4,float32,float32,2,epoch_end,1.0,0,mqar_case,512x64,valid/mqar_case/accuracy-512x64,0.99915625
gdn-h2-ev8-usegate0-s126-d123,gdn-h2-ev8-s126-d123-b64-ga4-fp32-noearly4ep,20260520_gdn_capacity_layout_followup,b64_ga4_fp32_official_gdn,0,126,123,2,8,b64_ga4,float32,float32,3,mid_epoch,1.5,1,mqar_case,512x64,valid/mqar_case/accuracy-512x64,0.99946875
gdn-h2-ev8-usegate0-s126-d123,gdn-h2-ev8-s126-d123-b64-ga4-fp32-noearly4ep,20260520_gdn_capacity_layout_followup,b64_ga4_fp32_official_gdn,0,126,123,2,8,b64_ga4,float32,float32,4,epoch_end,2.0,1,mqar_case,512x64,valid/mqar_case/accuracy-512x64,0.9995625
gdn-h2-ev8-usegate0-s126-d123,gdn-h2-ev8-s126-d123-b64-ga4-fp32-noearly4ep,20260520_gdn_capacity_layout_followup,b64_ga4_fp32_official_gdn,0,126,123,2,8,b64_ga4,float32,float32,5,mid_epoch,2.5,2,mqar_case,512x64,valid/mqar_case/accuracy-512x64,0.999546875
gdn-h2-ev8-usegate0-s126-d123,gdn-h2-ev8-s126-d123-b64-ga4-fp32-noearly4ep,20260520_gdn_capacity_layout_followup,b64_ga4_fp32_official_gdn,0,126,123,2,8,b64_ga4,float32,float32,6,epoch_end,3.0,2,mqar_case,512x64,valid/mqar_case/accuracy-512x64,0.9995625
gdn-h2-ev8-usegate0-s126-d123,gdn-h2-ev8-s126-d123-b64-ga4-fp32-noearly4ep,20260520_gdn_capacity_layout_followup,b64_ga4_fp32_official_gdn,0,126,123,2,8,b64_ga4,float32,float32,7,mid_epoch,3.5,3,mqar_case,512x64,valid/mqar_case/accuracy-512x64,0.99959375
gdn-h2-ev8-usegate0-s126-d123,gdn-h2-ev8-s126-d123-b64-ga4-fp32-noearly4ep,20260520_gdn_capacity_layout_followup,b64_ga4_fp32_official_gdn,0,126,123,2,8,b64_ga4,float32,float32,8,epoch_end,4.0,3,mqar_case,512x64,valid/mqar_case/accuracy-512x64,0.99959375
gdn-h2-ev8-usegate0-s126-d123,gdn-h2-ev8-s126-d123-b64-ga4-fp32-noearly4ep,20260520_gdn_capacity_layout_followup,b64_ga4_fp32_official_gdn,0,126,123,2,8,b64_ga4,float32,float32,1,mid_epoch,0.5,0,mqar_case,64x16,valid/mqar_case/accuracy-64x16,1.0
gdn-h2-ev8-usegate0-s126-d123,gdn-h2-ev8-s126-d123-b64-ga4-fp32-noearly4ep,20260520_gdn_capacity_layout_followup,b64_ga4_fp32_official_gdn,0,126,123,2,8,b64_ga4,float32,float32,2,epoch_end,1.0,0,mqar_case,64x16,valid/mqar_case/accuracy-64x16,1.0
gdn-h2-ev8-usegate0-s126-d123,gdn-h2-ev8-s126-d123-b64-ga4-fp32-noearly4ep,20260520_gdn_capacity_layout_followup,b64_ga4_fp32_official_gdn,0,126,123,2,8,b64_ga4,float32,float32,3,mid_epoch,1.5,1,mqar_case,64x16,valid/mqar_case/accuracy-64x16,1.0
gdn-h2-ev8-usegate0-s126-d123,gdn-h2-ev8-s126-d123-b64-ga4-fp32-noearly4ep,20260520_gdn_capacity_layout_followup,b64_ga4_fp32_official_gdn,0,126,123,2,8,b64_ga4,float32,float32,4,epoch_end,2.0,1,mqar_case,64x16,valid/mqar_case/accuracy-64x16,1.0
gdn-h2-ev8-usegate0-s126-d123,gdn-h2-ev8-s126-d123-b64-ga4-fp32-noearly4ep,20260520_gdn_capacity_layout_followup,b64_ga4_fp32_official_gdn,0,126,123,2,8,b64_ga4,float32,float32,5,mid_epoch,2.5,2,mqar_case,64x16,valid/mqar_case/accuracy-64x16,1.0
gdn-h2-ev8-usegate0-s126-d123,gdn-h2-ev8-s126-d123-b64-ga4-fp32-noearly4ep,20260520_gdn_capacity_layout_followup,b64_ga4_fp32_official_gdn,0,126,123,2,8,b64_ga4,float32,float32,6,epoch_end,3.0,2,mqar_case,64x16,valid/mqar_case/accuracy-64x16,1.0
gdn-h2-ev8-usegate0-s126-d123,gdn-h2-ev8-s126-d123-b64-ga4-fp32-noearly4ep,20260520_gdn_capacity_layout_followup,b64_ga4_fp32_official_gdn,0,126,123,2,8,b64_ga4,float32,float32,7,mid_epoch,3.5,3,mqar_case,64x16,valid/mqar_case/accuracy-64x16,1.0
gdn-h2-ev8-usegate0-s126-d123,gdn-h2-ev8-s126-d123-b64-ga4-fp32-noearly4ep,20260520_gdn_capacity_layout_followup,b64_ga4_fp32_official_gdn,0,126,123,2,8,b64_ga4,float32,float32,8,epoch_end,4.0,3,mqar_case,64x16,valid/mqar_case/accuracy-64x16,1.0
gdn-h2-ev8-usegate0-s126-d123,gdn-h2-ev8-s126-d123-b64-ga4-fp32-noearly4ep,20260520_gdn_capacity_layout_followup,b64_ga4_fp32_official_gdn,0,126,123,2,8,b64_ga4,float32,float32,1,mid_epoch,0.5,0,mqar_case,64x4,valid/mqar_case/accuracy-64x4,0.99975
gdn-h2-ev8-usegate0-s126-d123,gdn-h2-ev8-s126-d123-b64-ga4-fp32-noearly4ep,20260520_gdn_capacity_layout_followup,b64_ga4_fp32_official_gdn,0,126,123,2,8,b64_ga4,float32,float32,2,epoch_end,1.0,0,mqar_case,64x4,valid/mqar_case/accuracy-64x4,1.0
gdn-h2-ev8-usegate0-s126-d123,gdn-h2-ev8-s126-d123-b64-ga4-fp32-noearly4ep,20260520_gdn_capacity_layout_followup,b64_ga4_fp32_official_gdn,0,126,123,2,8,b64_ga4,float32,float32,3,mid_epoch,1.5,1,mqar_case,64x4,valid/mqar_case/accuracy-64x4,1.0
gdn-h2-ev8-usegate0-s126-d123,gdn-h2-ev8-s126-d123-b64-ga4-fp32-noearly4ep,20260520_gdn_capacity_layout_followup,b64_ga4_fp32_official_gdn,0,126,123,2,8,b64_ga4,float32,float32,4,epoch_end,2.0,1,mqar_case,64x4,valid/mqar_case/accuracy-64x4,1.0
gdn-h2-ev8-usegate0-s126-d123,gdn-h2-ev8-s126-d123-b64-ga4-fp32-noearly4ep,20260520_gdn_capacity_layout_followup,b64_ga4_fp32_official_gdn,0,126,123,2,8,b64_ga4,float32,float32,5,mid_epoch,2.5,2,mqar_case,64x4,valid/mqar_case/accuracy-64x4,1.0
gdn-h2-ev8-usegate0-s126-d123,gdn-h2-ev8-s126-d123-b64-ga4-fp32-noearly4ep,20260520_gdn_capacity_layout_followup,b64_ga4_fp32_official_gdn,0,126,123,2,8,b64_ga4,float32,float32,6,epoch_end,3.0,2,mqar_case,64x4,valid/mqar_case/accuracy-64x4,1.0
gdn-h2-ev8-usegate0-s126-d123,gdn-h2-ev8-s126-d123-b64-ga4-fp32-noearly4ep,20260520_gdn_capacity_layout_followup,b64_ga4_fp32_official_gdn,0,126,123,2,8,b64_ga4,float32,float32,7,mid_epoch,3.5,3,mqar_case,64x4,valid/mqar_case/accuracy-64x4,1.0
gdn-h2-ev8-usegate0-s126-d123,gdn-h2-ev8-s126-d123-b64-ga4-fp32-noearly4ep,20260520_gdn_capacity_layout_followup,b64_ga4_fp32_official_gdn,0,126,123,2,8,b64_ga4,float32,float32,8,epoch_end,4.0,3,mqar_case,64x4,valid/mqar_case/accuracy-64x4,1.0
gdn-h2-ev8-usegate0-s126-d123,gdn-h2-ev8-s126-d123-b64-ga4-fp32-noearly4ep,20260520_gdn_capacity_layout_followup,b64_ga4_fp32_official_gdn,0,126,123,2,8,b64_ga4,float32,float32,1,mid_epoch,0.5,0,mqar_case,64x8,valid/mqar_case/accuracy-64x8,1.0
gdn-h2-ev8-usegate0-s126-d123,gdn-h2-ev8-s126-d123-b64-ga4-fp32-noearly4ep,20260520_gdn_capacity_layout_followup,b64_ga4_fp32_official_gdn,0,126,123,2,8,b64_ga4,float32,float32,2,epoch_end,1.0,0,mqar_case,64x8,valid/mqar_case/accuracy-64x8,1.0
gdn-h2-ev8-usegate0-s126-d123,gdn-h2-ev8-s126-d123-b64-ga4-fp32-noearly4ep,20260520_gdn_capacity_layout_followup,b64_ga4_fp32_official_gdn,0,126,123,2,8,b64_ga4,float32,float32,3,mid_epoch,1.5,1,mqar_case,64x8,valid/mqar_case/accuracy-64x8,1.0
gdn-h2-ev8-usegate0-s126-d123,gdn-h2-ev8-s126-d123-b64-ga4-fp32-noearly4ep,20260520_gdn_capacity_layout_followup,b64_ga4_fp32_official_gdn,0,126,123,2,8,b64_ga4,float32,float32,4,epoch_end,2.0,1,mqar_case,64x8,valid/mqar_case/accuracy-64x8,1.0
gdn-h2-ev8-usegate0-s126-d123,gdn-h2-ev8-s126-d123-b64-ga4-fp32-noearly4ep,20260520_gdn_capacity_layout_followup,b64_ga4_fp32_official_gdn,0,126,123,2,8,b64_ga4,float32,float32,5,mid_epoch,2.5,2,mqar_case,64x8,valid/mqar_case/accuracy-64x8,1.0
gdn-h2-ev8-usegate0-s126-d123,gdn-h2-ev8-s126-d123-b64-ga4-fp32-noearly4ep,20260520_gdn_capacity_layout_followup,b64_ga4_fp32_official_gdn,0,126,123,2,8,b64_ga4,float32,float32,6,epoch_end,3.0,2,mqar_case,64x8,valid/mqar_case/accuracy-64x8,1.0
gdn-h2-ev8-usegate0-s126-d123,gdn-h2-ev8-s126-d123-b64-ga4-fp32-noearly4ep,20260520_gdn_capacity_layout_followup,b64_ga4_fp32_official_gdn,0,126,123,2,8,b64_ga4,float32,float32,7,mid_epoch,3.5,3,mqar_case,64x8,valid/mqar_case/accuracy-64x8,1.0
gdn-h2-ev8-usegate0-s126-d123,gdn-h2-ev8-s126-d123-b64-ga4-fp32-noearly4ep,20260520_gdn_capacity_layout_followup,b64_ga4_fp32_official_gdn,0,126,123,2,8,b64_ga4,float32,float32,8,epoch_end,4.0,3,mqar_case,64x8,valid/mqar_case/accuracy-64x8,1.0
gdn-h2-ev8-usegate0-s126-d123,gdn-h2-ev8-s126-d123-b64-ga4-fp32-noearly4ep,20260520_gdn_capacity_layout_followup,b64_ga4_fp32_official_gdn,0,126,123,2,8,b64_ga4,float32,float32,1,mid_epoch,0.5,0,num_kv_pairs,128,valid/num_kv_pairs/accuracy-128,0.83821875
gdn-h2-ev8-usegate0-s126-d123,gdn-h2-ev8-s126-d123-b64-ga4-fp32-noearly4ep,20260520_gdn_capacity_layout_followup,b64_ga4_fp32_official_gdn,0,126,123,2,8,b64_ga4,float32,float32,2,epoch_end,1.0,0,num_kv_pairs,128,valid/num_kv_pairs/accuracy-128,0.9823984375
gdn-h2-ev8-usegate0-s126-d123,gdn-h2-ev8-s126-d123-b64-ga4-fp32-noearly4ep,20260520_gdn_capacity_layout_followup,b64_ga4_fp32_official_gdn,0,126,123,2,8,b64_ga4,float32,float32,3,mid_epoch,1.5,1,num_kv_pairs,128,valid/num_kv_pairs/accuracy-128,0.9894453125
gdn-h2-ev8-usegate0-s126-d123,gdn-h2-ev8-s126-d123-b64-ga4-fp32-noearly4ep,20260520_gdn_capacity_layout_followup,b64_ga4_fp32_official_gdn,0,126,123,2,8,b64_ga4,float32,float32,4,epoch_end,2.0,1,num_kv_pairs,128,valid/num_kv_pairs/accuracy-128,0.9939296875
gdn-h2-ev8-usegate0-s126-d123,gdn-h2-ev8-s126-d123-b64-ga4-fp32-noearly4ep,20260520_gdn_capacity_layout_followup,b64_ga4_fp32_official_gdn,0,126,123,2,8,b64_ga4,float32,float32,5,mid_epoch,2.5,2,num_kv_pairs,128,valid/num_kv_pairs/accuracy-128,0.9943828125
gdn-h2-ev8-usegate0-s126-d123,gdn-h2-ev8-s126-d123-b64-ga4-fp32-noearly4ep,20260520_gdn_capacity_layout_followup,b64_ga4_fp32_official_gdn,0,126,123,2,8,b64_ga4,float32,float32,6,epoch_end,3.0,2,num_kv_pairs,128,valid/num_kv_pairs/accuracy-128,0.9955859375
gdn-h2-ev8-usegate0-s126-d123,gdn-h2-ev8-s126-d123-b64-ga4-fp32-noearly4ep,20260520_gdn_capacity_layout_followup,b64_ga4_fp32_official_gdn,0,126,123,2,8,b64_ga4,float32,float32,7,mid_epoch,3.5,3,num_kv_pairs,128,valid/num_kv_pairs/accuracy-128,0.9957265625
gdn-h2-ev8-usegate0-s126-d123,gdn-h2-ev8-s126-d123-b64-ga4-fp32-noearly4ep,20260520_gdn_capacity_layout_followup,b64_ga4_fp32_official_gdn,0,126,123,2,8,b64_ga4,float32,float32,8,epoch_end,4.0,3,num_kv_pairs,128,valid/num_kv_pairs/accuracy-128,0.996140625
gdn-h2-ev8-usegate0-s126-d123,gdn-h2-ev8-s126-d123-b64-ga4-fp32-noearly4ep,20260520_gdn_capacity_layout_followup,b64_ga4_fp32_official_gdn,0,126,123,2,8,b64_ga4,float32,float32,1,mid_epoch,0.5,0,num_kv_pairs,16,valid/num_kv_pairs/accuracy-16,1.0
gdn-h2-ev8-usegate0-s126-d123,gdn-h2-ev8-s126-d123-b64-ga4-fp32-noearly4ep,20260520_gdn_capacity_layout_followup,b64_ga4_fp32_official_gdn,0,126,123,2,8,b64_ga4,float32,float32,2,epoch_end,1.0,0,num_kv_pairs,16,valid/num_kv_pairs/accuracy-16,1.0
gdn-h2-ev8-usegate0-s126-d123,gdn-h2-ev8-s126-d123-b64-ga4-fp32-noearly4ep,20260520_gdn_capacity_layout_followup,b64_ga4_fp32_official_gdn,0,126,123,2,8,b64_ga4,float32,float32,3,mid_epoch,1.5,1,num_kv_pairs,16,valid/num_kv_pairs/accuracy-16,1.0
gdn-h2-ev8-usegate0-s126-d123,gdn-h2-ev8-s126-d123-b64-ga4-fp32-noearly4ep,20260520_gdn_capacity_layout_followup,b64_ga4_fp32_official_gdn,0,126,123,2,8,b64_ga4,float32,float32,4,epoch_end,2.0,1,num_kv_pairs,16,valid/num_kv_pairs/accuracy-16,1.0
gdn-h2-ev8-usegate0-s126-d123,gdn-h2-ev8-s126-d123-b64-ga4-fp32-noearly4ep,20260520_gdn_capacity_layout_followup,b64_ga4_fp32_official_gdn,0,126,123,2,8,b64_ga4,float32,float32,5,mid_epoch,2.5,2,num_kv_pairs,16,valid/num_kv_pairs/accuracy-16,1.0
gdn-h2-ev8-usegate0-s126-d123,gdn-h2-ev8-s126-d123-b64-ga4-fp32-noearly4ep,20260520_gdn_capacity_layout_followup,b64_ga4_fp32_official_gdn,0,126,123,2,8,b64_ga4,float32,float32,6,epoch_end,3.0,2,num_kv_pairs,16,valid/num_kv_pairs/accuracy-16,1.0
gdn-h2-ev8-usegate0-s126-d123,gdn-h2-ev8-s126-d123-b64-ga4-fp32-noearly4ep,20260520_gdn_capacity_layout_followup,b64_ga4_fp32_official_gdn,0,126,123,2,8,b64_ga4,float32,float32,7,mid_epoch,3.5,3,num_kv_pairs,16,valid/num_kv_pairs/accuracy-16,1.0
gdn-h2-ev8-usegate0-s126-d123,gdn-h2-ev8-s126-d123-b64-ga4-fp32-noearly4ep,20260520_gdn_capacity_layout_followup,b64_ga4_fp32_official_gdn,0,126,123,2,8,b64_ga4,float32,float32,8,epoch_end,4.0,3,num_kv_pairs,16,valid/num_kv_pairs/accuracy-16,1.0
gdn-h2-ev8-usegate0-s126-d123,gdn-h2-ev8-s126-d123-b64-ga4-fp32-noearly4ep,20260520_gdn_capacity_layout_followup,b64_ga4_fp32_official_gdn,0,126,123,2,8,b64_ga4,float32,float32,1,mid_epoch,0.5,0,num_kv_pairs,256,valid/num_kv_pairs/accuracy-256,0.3713515625
gdn-h2-ev8-usegate0-s126-d123,gdn-h2-ev8-s126-d123-b64-ga4-fp32-noearly4ep,20260520_gdn_capacity_layout_followup,b64_ga4_fp32_official_gdn,0,126,123,2,8,b64_ga4,float32,float32,2,epoch_end,1.0,0,num_kv_pairs,256,valid/num_kv_pairs/accuracy-256,0.7116875
gdn-h2-ev8-usegate0-s126-d123,gdn-h2-ev8-s126-d123-b64-ga4-fp32-noearly4ep,20260520_gdn_capacity_layout_followup,b64_ga4_fp32_official_gdn,0,126,123,2,8,b64_ga4,float32,float32,3,mid_epoch,1.5,1,num_kv_pairs,256,valid/num_kv_pairs/accuracy-256,0.7539453125
gdn-h2-ev8-usegate0-s126-d123,gdn-h2-ev8-s126-d123-b64-ga4-fp32-noearly4ep,20260520_gdn_capacity_layout_followup,b64_ga4_fp32_official_gdn,0,126,123,2,8,b64_ga4,float32,float32,4,epoch_end,2.0,1,num_kv_pairs,256,valid/num_kv_pairs/accuracy-256,0.8030625
gdn-h2-ev8-usegate0-s126-d123,gdn-h2-ev8-s126-d123-b64-ga4-fp32-noearly4ep,20260520_gdn_capacity_layout_followup,b64_ga4_fp32_official_gdn,0,126,123,2,8,b64_ga4,float32,float32,5,mid_epoch,2.5,2,num_kv_pairs,256,valid/num_kv_pairs/accuracy-256,0.80282421875
gdn-h2-ev8-usegate0-s126-d123,gdn-h2-ev8-s126-d123-b64-ga4-fp32-noearly4ep,20260520_gdn_capacity_layout_followup,b64_ga4_fp32_official_gdn,0,126,123,2,8,b64_ga4,float32,float32,6,epoch_end,3.0,2,num_kv_pairs,256,valid/num_kv_pairs/accuracy-256,0.823796875
gdn-h2-ev8-usegate0-s126-d123,gdn-h2-ev8-s126-d123-b64-ga4-fp32-noearly4ep,20260520_gdn_capacity_layout_followup,b64_ga4_fp32_official_gdn,0,126,123,2,8,b64_ga4,float32,float32,7,mid_epoch,3.5,3,num_kv_pairs,256,valid/num_kv_pairs/accuracy-256,0.821828125
gdn-h2-ev8-usegate0-s126-d123,gdn-h2-ev8-s126-d123-b64-ga4-fp32-noearly4ep,20260520_gdn_capacity_layout_followup,b64_ga4_fp32_official_gdn,0,126,123,2,8,b64_ga4,float32,float32,8,epoch_end,4.0,3,num_kv_pairs,256,valid/num_kv_pairs/accuracy-256,0.83156640625
gdn-h2-ev8-usegate0-s126-d123,gdn-h2-ev8-s126-d123-b64-ga4-fp32-noearly4ep,20260520_gdn_capacity_layout_followup,b64_ga4_fp32_official_gdn,0,126,123,2,8,b64_ga4,float32,float32,1,mid_epoch,0.5,0,num_kv_pairs,32,valid/num_kv_pairs/accuracy-32,0.9995625
gdn-h2-ev8-usegate0-s126-d123,gdn-h2-ev8-s126-d123-b64-ga4-fp32-noearly4ep,20260520_gdn_capacity_layout_followup,b64_ga4_fp32_official_gdn,0,126,123,2,8,b64_ga4,float32,float32,2,epoch_end,1.0,0,num_kv_pairs,32,valid/num_kv_pairs/accuracy-32,1.0
gdn-h2-ev8-usegate0-s126-d123,gdn-h2-ev8-s126-d123-b64-ga4-fp32-noearly4ep,20260520_gdn_capacity_layout_followup,b64_ga4_fp32_official_gdn,0,126,123,2,8,b64_ga4,float32,float32,3,mid_epoch,1.5,1,num_kv_pairs,32,valid/num_kv_pairs/accuracy-32,1.0
gdn-h2-ev8-usegate0-s126-d123,gdn-h2-ev8-s126-d123-b64-ga4-fp32-noearly4ep,20260520_gdn_capacity_layout_followup,b64_ga4_fp32_official_gdn,0,126,123,2,8,b64_ga4,float32,float32,4,epoch_end,2.0,1,num_kv_pairs,32,valid/num_kv_pairs/accuracy-32,1.0
gdn-h2-ev8-usegate0-s126-d123,gdn-h2-ev8-s126-d123-b64-ga4-fp32-noearly4ep,20260520_gdn_capacity_layout_followup,b64_ga4_fp32_official_gdn,0,126,123,2,8,b64_ga4,float32,float32,5,mid_epoch,2.5,2,num_kv_pairs,32,valid/num_kv_pairs/accuracy-32,1.0
gdn-h2-ev8-usegate0-s126-d123,gdn-h2-ev8-s126-d123-b64-ga4-fp32-noearly4ep,20260520_gdn_capacity_layout_followup,b64_ga4_fp32_official_gdn,0,126,123,2,8,b64_ga4,float32,float32,6,epoch_end,3.0,2,num_kv_pairs,32,valid/num_kv_pairs/accuracy-32,1.0
gdn-h2-ev8-usegate0-s126-d123,gdn-h2-ev8-s126-d123-b64-ga4-fp32-noearly4ep,20260520_gdn_capacity_layout_followup,b64_ga4_fp32_official_gdn,0,126,123,2,8,b64_ga4,float32,float32,7,mid_epoch,3.5,3,num_kv_pairs,32,valid/num_kv_pairs/accuracy-32,1.0
gdn-h2-ev8-usegate0-s126-d123,gdn-h2-ev8-s126-d123-b64-ga4-fp32-noearly4ep,20260520_gdn_capacity_layout_followup,b64_ga4_fp32_official_gdn,0,126,123,2,8,b64_ga4,float32,float32,8,epoch_end,4.0,3,num_kv_pairs,32,valid/num_kv_pairs/accuracy-32,1.0
gdn-h2-ev8-usegate0-s126-d123,gdn-h2-ev8-s126-d123-b64-ga4-fp32-noearly4ep,20260520_gdn_capacity_layout_followup,b64_ga4_fp32_official_gdn,0,126,123,2,8,b64_ga4,float32,float32,1,mid_epoch,0.5,0,num_kv_pairs,4,valid/num_kv_pairs/accuracy-4,0.99975
gdn-h2-ev8-usegate0-s126-d123,gdn-h2-ev8-s126-d123-b64-ga4-fp32-noearly4ep,20260520_gdn_capacity_layout_followup,b64_ga4_fp32_official_gdn,0,126,123,2,8,b64_ga4,float32,float32,2,epoch_end,1.0,0,num_kv_pairs,4,valid/num_kv_pairs/accuracy-4,1.0
gdn-h2-ev8-usegate0-s126-d123,gdn-h2-ev8-s126-d123-b64-ga4-fp32-noearly4ep,20260520_gdn_capacity_layout_followup,b64_ga4_fp32_official_gdn,0,126,123,2,8,b64_ga4,float32,float32,3,mid_epoch,1.5,1,num_kv_pairs,4,valid/num_kv_pairs/accuracy-4,1.0
gdn-h2-ev8-usegate0-s126-d123,gdn-h2-ev8-s126-d123-b64-ga4-fp32-noearly4ep,20260520_gdn_capacity_layout_followup,b64_ga4_fp32_official_gdn,0,126,123,2,8,b64_ga4,float32,float32,4,epoch_end,2.0,1,num_kv_pairs,4,valid/num_kv_pairs/accuracy-4,1.0
gdn-h2-ev8-usegate0-s126-d123,gdn-h2-ev8-s126-d123-b64-ga4-fp32-noearly4ep,20260520_gdn_capacity_layout_followup,b64_ga4_fp32_official_gdn,0,126,123,2,8,b64_ga4,float32,float32,5,mid_epoch,2.5,2,num_kv_pairs,4,valid/num_kv_pairs/accuracy-4,1.0
gdn-h2-ev8-usegate0-s126-d123,gdn-h2-ev8-s126-d123-b64-ga4-fp32-noearly4ep,20260520_gdn_capacity_layout_followup,b64_ga4_fp32_official_gdn,0,126,123,2,8,b64_ga4,float32,float32,6,epoch_end,3.0,2,num_kv_pairs,4,valid/num_kv_pairs/accuracy-4,1.0
gdn-h2-ev8-usegate0-s126-d123,gdn-h2-ev8-s126-d123-b64-ga4-fp32-noearly4ep,20260520_gdn_capacity_layout_followup,b64_ga4_fp32_official_gdn,0,126,123,2,8,b64_ga4,float32,float32,7,mid_epoch,3.5,3,num_kv_pairs,4,valid/num_kv_pairs/accuracy-4,1.0
gdn-h2-ev8-usegate0-s126-d123,gdn-h2-ev8-s126-d123-b64-ga4-fp32-noearly4ep,20260520_gdn_capacity_layout_followup,b64_ga4_fp32_official_gdn,0,126,123,2,8,b64_ga4,float32,float32,8,epoch_end,4.0,3,num_kv_pairs,4,valid/num_kv_pairs/accuracy-4,1.0
gdn-h2-ev8-usegate0-s126-d123,gdn-h2-ev8-s126-d123-b64-ga4-fp32-noearly4ep,20260520_gdn_capacity_layout_followup,b64_ga4_fp32_official_gdn,0,126,123,2,8,b64_ga4,float32,float32,1,mid_epoch,0.5,0,num_kv_pairs,64,valid/num_kv_pairs/accuracy-64,0.989546875
gdn-h2-ev8-usegate0-s126-d123,gdn-h2-ev8-s126-d123-b64-ga4-fp32-noearly4ep,20260520_gdn_capacity_layout_followup,b64_ga4_fp32_official_gdn,0,126,123,2,8,b64_ga4,float32,float32,2,epoch_end,1.0,0,num_kv_pairs,64,valid/num_kv_pairs/accuracy-64,0.9994375
gdn-h2-ev8-usegate0-s126-d123,gdn-h2-ev8-s126-d123-b64-ga4-fp32-noearly4ep,20260520_gdn_capacity_layout_followup,b64_ga4_fp32_official_gdn,0,126,123,2,8,b64_ga4,float32,float32,3,mid_epoch,1.5,1,num_kv_pairs,64,valid/num_kv_pairs/accuracy-64,0.9996640625
gdn-h2-ev8-usegate0-s126-d123,gdn-h2-ev8-s126-d123-b64-ga4-fp32-noearly4ep,20260520_gdn_capacity_layout_followup,b64_ga4_fp32_official_gdn,0,126,123,2,8,b64_ga4,float32,float32,4,epoch_end,2.0,1,num_kv_pairs,64,valid/num_kv_pairs/accuracy-64,0.999765625
gdn-h2-ev8-usegate0-s126-d123,gdn-h2-ev8-s126-d123-b64-ga4-fp32-noearly4ep,20260520_gdn_capacity_layout_followup,b64_ga4_fp32_official_gdn,0,126,123,2,8,b64_ga4,float32,float32,5,mid_epoch,2.5,2,num_kv_pairs,64,valid/num_kv_pairs/accuracy-64,0.99975
gdn-h2-ev8-usegate0-s126-d123,gdn-h2-ev8-s126-d123-b64-ga4-fp32-noearly4ep,20260520_gdn_capacity_layout_followup,b64_ga4_fp32_official_gdn,0,126,123,2,8,b64_ga4,float32,float32,6,epoch_end,3.0,2,num_kv_pairs,64,valid/num_kv_pairs/accuracy-64,0.9997734375
gdn-h2-ev8-usegate0-s126-d123,gdn-h2-ev8-s126-d123-b64-ga4-fp32-noearly4ep,20260520_gdn_capacity_layout_followup,b64_ga4_fp32_official_gdn,0,126,123,2,8,b64_ga4,float32,float32,7,mid_epoch,3.5,3,num_kv_pairs,64,valid/num_kv_pairs/accuracy-64,0.999796875
gdn-h2-ev8-usegate0-s126-d123,gdn-h2-ev8-s126-d123-b64-ga4-fp32-noearly4ep,20260520_gdn_capacity_layout_followup,b64_ga4_fp32_official_gdn,0,126,123,2,8,b64_ga4,float32,float32,8,epoch_end,4.0,3,num_kv_pairs,64,valid/num_kv_pairs/accuracy-64,0.999796875
gdn-h2-ev8-usegate0-s126-d123,gdn-h2-ev8-s126-d123-b64-ga4-fp32-noearly4ep,20260520_gdn_capacity_layout_followup,b64_ga4_fp32_official_gdn,0,126,123,2,8,b64_ga4,float32,float32,1,mid_epoch,0.5,0,num_kv_pairs,8,valid/num_kv_pairs/accuracy-8,1.0
gdn-h2-ev8-usegate0-s126-d123,gdn-h2-ev8-s126-d123-b64-ga4-fp32-noearly4ep,20260520_gdn_capacity_layout_followup,b64_ga4_fp32_official_gdn,0,126,123,2,8,b64_ga4,float32,float32,2,epoch_end,1.0,0,num_kv_pairs,8,valid/num_kv_pairs/accuracy-8,1.0
gdn-h2-ev8-usegate0-s126-d123,gdn-h2-ev8-s126-d123-b64-ga4-fp32-noearly4ep,20260520_gdn_capacity_layout_followup,b64_ga4_fp32_official_gdn,0,126,123,2,8,b64_ga4,float32,float32,3,mid_epoch,1.5,1,num_kv_pairs,8,valid/num_kv_pairs/accuracy-8,1.0
gdn-h2-ev8-usegate0-s126-d123,gdn-h2-ev8-s126-d123-b64-ga4-fp32-noearly4ep,20260520_gdn_capacity_layout_followup,b64_ga4_fp32_official_gdn,0,126,123,2,8,b64_ga4,float32,float32,4,epoch_end,2.0,1,num_kv_pairs,8,valid/num_kv_pairs/accuracy-8,1.0
gdn-h2-ev8-usegate0-s126-d123,gdn-h2-ev8-s126-d123-b64-ga4-fp32-noearly4ep,20260520_gdn_capacity_layout_followup,b64_ga4_fp32_official_gdn,0,126,123,2,8,b64_ga4,float32,float32,5,mid_epoch,2.5,2,num_kv_pairs,8,valid/num_kv_pairs/accuracy-8,1.0
gdn-h2-ev8-usegate0-s126-d123,gdn-h2-ev8-s126-d123-b64-ga4-fp32-noearly4ep,20260520_gdn_capacity_layout_followup,b64_ga4_fp32_official_gdn,0,126,123,2,8,b64_ga4,float32,float32,6,epoch_end,3.0,2,num_kv_pairs,8,valid/num_kv_pairs/accuracy-8,1.0
gdn-h2-ev8-usegate0-s126-d123,gdn-h2-ev8-s126-d123-b64-ga4-fp32-noearly4ep,20260520_gdn_capacity_layout_followup,b64_ga4_fp32_official_gdn,0,126,123,2,8,b64_ga4,float32,float32,7,mid_epoch,3.5,3,num_kv_pairs,8,valid/num_kv_pairs/accuracy-8,1.0
gdn-h2-ev8-usegate0-s126-d123,gdn-h2-ev8-s126-d123-b64-ga4-fp32-noearly4ep,20260520_gdn_capacity_layout_followup,b64_ga4_fp32_official_gdn,0,126,123,2,8,b64_ga4,float32,float32,8,epoch_end,4.0,3,num_kv_pairs,8,valid/num_kv_pairs/accuracy-8,1.0
gdn-h2-ev8-usegate0-s127-d123,gdn-h2-ev8-s127-d123-b64-ga4-fp32-noearly4ep,20260520_gdn_capacity_layout_followup,b64_ga4_fp32_official_gdn,1,127,123,2,8,b64_ga4,float32,float32,1,mid_epoch,0.5,0,input_seq_len,1024,valid/input_seq_len/accuracy-1024,0.455421875
gdn-h2-ev8-usegate0-s127-d123,gdn-h2-ev8-s127-d123-b64-ga4-fp32-noearly4ep,20260520_gdn_capacity_layout_followup,b64_ga4_fp32_official_gdn,1,127,123,2,8,b64_ga4,float32,float32,2,epoch_end,1.0,0,input_seq_len,1024,valid/input_seq_len/accuracy-1024,0.670046875
gdn-h2-ev8-usegate0-s127-d123,gdn-h2-ev8-s127-d123-b64-ga4-fp32-noearly4ep,20260520_gdn_capacity_layout_followup,b64_ga4_fp32_official_gdn,1,127,123,2,8,b64_ga4,float32,float32,3,mid_epoch,1.5,1,input_seq_len,1024,valid/input_seq_len/accuracy-1024,0.7245390625
gdn-h2-ev8-usegate0-s127-d123,gdn-h2-ev8-s127-d123-b64-ga4-fp32-noearly4ep,20260520_gdn_capacity_layout_followup,b64_ga4_fp32_official_gdn,1,127,123,2,8,b64_ga4,float32,float32,4,epoch_end,2.0,1,input_seq_len,1024,valid/input_seq_len/accuracy-1024,0.75691796875
gdn-h2-ev8-usegate0-s127-d123,gdn-h2-ev8-s127-d123-b64-ga4-fp32-noearly4ep,20260520_gdn_capacity_layout_followup,b64_ga4_fp32_official_gdn,1,127,123,2,8,b64_ga4,float32,float32,5,mid_epoch,2.5,2,input_seq_len,1024,valid/input_seq_len/accuracy-1024,0.77876953125
gdn-h2-ev8-usegate0-s127-d123,gdn-h2-ev8-s127-d123-b64-ga4-fp32-noearly4ep,20260520_gdn_capacity_layout_followup,b64_ga4_fp32_official_gdn,1,127,123,2,8,b64_ga4,float32,float32,6,epoch_end,3.0,2,input_seq_len,1024,valid/input_seq_len/accuracy-1024,0.79009375
gdn-h2-ev8-usegate0-s127-d123,gdn-h2-ev8-s127-d123-b64-ga4-fp32-noearly4ep,20260520_gdn_capacity_layout_followup,b64_ga4_fp32_official_gdn,1,127,123,2,8,b64_ga4,float32,float32,7,mid_epoch,3.5,3,input_seq_len,1024,valid/input_seq_len/accuracy-1024,0.79723828125
gdn-h2-ev8-usegate0-s127-d123,gdn-h2-ev8-s127-d123-b64-ga4-fp32-noearly4ep,20260520_gdn_capacity_layout_followup,b64_ga4_fp32_official_gdn,1,127,123,2,8,b64_ga4,float32,float32,8,epoch_end,4.0,3,input_seq_len,1024,valid/input_seq_len/accuracy-1024,0.80641796875
gdn-h2-ev8-usegate0-s127-d123,gdn-h2-ev8-s127-d123-b64-ga4-fp32-noearly4ep,20260520_gdn_capacity_layout_followup,b64_ga4_fp32_official_gdn,1,127,123,2,8,b64_ga4,float32,float32,1,mid_epoch,0.5,0,input_seq_len,128,valid/input_seq_len/accuracy-128,0.99990625
gdn-h2-ev8-usegate0-s127-d123,gdn-h2-ev8-s127-d123-b64-ga4-fp32-noearly4ep,20260520_gdn_capacity_layout_followup,b64_ga4_fp32_official_gdn,1,127,123,2,8,b64_ga4,float32,float32,2,epoch_end,1.0,0,input_seq_len,128,valid/input_seq_len/accuracy-128,1.0
gdn-h2-ev8-usegate0-s127-d123,gdn-h2-ev8-s127-d123-b64-ga4-fp32-noearly4ep,20260520_gdn_capacity_layout_followup,b64_ga4_fp32_official_gdn,1,127,123,2,8,b64_ga4,float32,float32,3,mid_epoch,1.5,1,input_seq_len,128,valid/input_seq_len/accuracy-128,1.0
gdn-h2-ev8-usegate0-s127-d123,gdn-h2-ev8-s127-d123-b64-ga4-fp32-noearly4ep,20260520_gdn_capacity_layout_followup,b64_ga4_fp32_official_gdn,1,127,123,2,8,b64_ga4,float32,float32,4,epoch_end,2.0,1,input_seq_len,128,valid/input_seq_len/accuracy-128,1.0
gdn-h2-ev8-usegate0-s127-d123,gdn-h2-ev8-s127-d123-b64-ga4-fp32-noearly4ep,20260520_gdn_capacity_layout_followup,b64_ga4_fp32_official_gdn,1,127,123,2,8,b64_ga4,float32,float32,5,mid_epoch,2.5,2,input_seq_len,128,valid/input_seq_len/accuracy-128,1.0
gdn-h2-ev8-usegate0-s127-d123,gdn-h2-ev8-s127-d123-b64-ga4-fp32-noearly4ep,20260520_gdn_capacity_layout_followup,b64_ga4_fp32_official_gdn,1,127,123,2,8,b64_ga4,float32,float32,6,epoch_end,3.0,2,input_seq_len,128,valid/input_seq_len/accuracy-128,1.0
gdn-h2-ev8-usegate0-s127-d123,gdn-h2-ev8-s127-d123-b64-ga4-fp32-noearly4ep,20260520_gdn_capacity_layout_followup,b64_ga4_fp32_official_gdn,1,127,123,2,8,b64_ga4,float32,float32,7,mid_epoch,3.5,3,input_seq_len,128,valid/input_seq_len/accuracy-128,1.0
gdn-h2-ev8-usegate0-s127-d123,gdn-h2-ev8-s127-d123-b64-ga4-fp32-noearly4ep,20260520_gdn_capacity_layout_followup,b64_ga4_fp32_official_gdn,1,127,123,2,8,b64_ga4,float32,float32,8,epoch_end,4.0,3,input_seq_len,128,valid/input_seq_len/accuracy-128,1.0
gdn-h2-ev8-usegate0-s127-d123,gdn-h2-ev8-s127-d123-b64-ga4-fp32-noearly4ep,20260520_gdn_capacity_layout_followup,b64_ga4_fp32_official_gdn,1,127,123,2,8,b64_ga4,float32,float32,1,mid_epoch,0.5,0,input_seq_len,256,valid/input_seq_len/accuracy-256,0.99784375
gdn-h2-ev8-usegate0-s127-d123,gdn-h2-ev8-s127-d123-b64-ga4-fp32-noearly4ep,20260520_gdn_capacity_layout_followup,b64_ga4_fp32_official_gdn,1,127,123,2,8,b64_ga4,float32,float32,2,epoch_end,1.0,0,input_seq_len,256,valid/input_seq_len/accuracy-256,0.999796875
gdn-h2-ev8-usegate0-s127-d123,gdn-h2-ev8-s127-d123-b64-ga4-fp32-noearly4ep,20260520_gdn_capacity_layout_followup,b64_ga4_fp32_official_gdn,1,127,123,2,8,b64_ga4,float32,float32,3,mid_epoch,1.5,1,input_seq_len,256,valid/input_seq_len/accuracy-256,0.99990625
gdn-h2-ev8-usegate0-s127-d123,gdn-h2-ev8-s127-d123-b64-ga4-fp32-noearly4ep,20260520_gdn_capacity_layout_followup,b64_ga4_fp32_official_gdn,1,127,123,2,8,b64_ga4,float32,float32,4,epoch_end,2.0,1,input_seq_len,256,valid/input_seq_len/accuracy-256,0.999953125
gdn-h2-ev8-usegate0-s127-d123,gdn-h2-ev8-s127-d123-b64-ga4-fp32-noearly4ep,20260520_gdn_capacity_layout_followup,b64_ga4_fp32_official_gdn,1,127,123,2,8,b64_ga4,float32,float32,5,mid_epoch,2.5,2,input_seq_len,256,valid/input_seq_len/accuracy-256,1.0
gdn-h2-ev8-usegate0-s127-d123,gdn-h2-ev8-s127-d123-b64-ga4-fp32-noearly4ep,20260520_gdn_capacity_layout_followup,b64_ga4_fp32_official_gdn,1,127,123,2,8,b64_ga4,float32,float32,6,epoch_end,3.0,2,input_seq_len,256,valid/input_seq_len/accuracy-256,0.999984375
gdn-h2-ev8-usegate0-s127-d123,gdn-h2-ev8-s127-d123-b64-ga4-fp32-noearly4ep,20260520_gdn_capacity_layout_followup,b64_ga4_fp32_official_gdn,1,127,123,2,8,b64_ga4,float32,float32,7,mid_epoch,3.5,3,input_seq_len,256,valid/input_seq_len/accuracy-256,1.0
gdn-h2-ev8-usegate0-s127-d123,gdn-h2-ev8-s127-d123-b64-ga4-fp32-noearly4ep,20260520_gdn_capacity_layout_followup,b64_ga4_fp32_official_gdn,1,127,123,2,8,b64_ga4,float32,float32,8,epoch_end,4.0,3,input_seq_len,256,valid/input_seq_len/accuracy-256,1.0
gdn-h2-ev8-usegate0-s127-d123,gdn-h2-ev8-s127-d123-b64-ga4-fp32-noearly4ep,20260520_gdn_capacity_layout_followup,b64_ga4_fp32_official_gdn,1,127,123,2,8,b64_ga4,float32,float32,1,mid_epoch,0.5,0,input_seq_len,512,valid/input_seq_len/accuracy-512,0.95134375
gdn-h2-ev8-usegate0-s127-d123,gdn-h2-ev8-s127-d123-b64-ga4-fp32-noearly4ep,20260520_gdn_capacity_layout_followup,b64_ga4_fp32_official_gdn,1,127,123,2,8,b64_ga4,float32,float32,2,epoch_end,1.0,0,input_seq_len,512,valid/input_seq_len/accuracy-512,0.99058984375
gdn-h2-ev8-usegate0-s127-d123,gdn-h2-ev8-s127-d123-b64-ga4-fp32-noearly4ep,20260520_gdn_capacity_layout_followup,b64_ga4_fp32_official_gdn,1,127,123,2,8,b64_ga4,float32,float32,3,mid_epoch,1.5,1,input_seq_len,512,valid/input_seq_len/accuracy-512,0.9941328125
gdn-h2-ev8-usegate0-s127-d123,gdn-h2-ev8-s127-d123-b64-ga4-fp32-noearly4ep,20260520_gdn_capacity_layout_followup,b64_ga4_fp32_official_gdn,1,127,123,2,8,b64_ga4,float32,float32,4,epoch_end,2.0,1,input_seq_len,512,valid/input_seq_len/accuracy-512,0.9959140625
gdn-h2-ev8-usegate0-s127-d123,gdn-h2-ev8-s127-d123-b64-ga4-fp32-noearly4ep,20260520_gdn_capacity_layout_followup,b64_ga4_fp32_official_gdn,1,127,123,2,8,b64_ga4,float32,float32,5,mid_epoch,2.5,2,input_seq_len,512,valid/input_seq_len/accuracy-512,0.996984375
gdn-h2-ev8-usegate0-s127-d123,gdn-h2-ev8-s127-d123-b64-ga4-fp32-noearly4ep,20260520_gdn_capacity_layout_followup,b64_ga4_fp32_official_gdn,1,127,123,2,8,b64_ga4,float32,float32,6,epoch_end,3.0,2,input_seq_len,512,valid/input_seq_len/accuracy-512,0.99726171875
gdn-h2-ev8-usegate0-s127-d123,gdn-h2-ev8-s127-d123-b64-ga4-fp32-noearly4ep,20260520_gdn_capacity_layout_followup,b64_ga4_fp32_official_gdn,1,127,123,2,8,b64_ga4,float32,float32,7,mid_epoch,3.5,3,input_seq_len,512,valid/input_seq_len/accuracy-512,0.9976640625
gdn-h2-ev8-usegate0-s127-d123,gdn-h2-ev8-s127-d123-b64-ga4-fp32-noearly4ep,20260520_gdn_capacity_layout_followup,b64_ga4_fp32_official_gdn,1,127,123,2,8,b64_ga4,float32,float32,8,epoch_end,4.0,3,input_seq_len,512,valid/input_seq_len/accuracy-512,0.99792578125
gdn-h2-ev8-usegate0-s127-d123,gdn-h2-ev8-s127-d123-b64-ga4-fp32-noearly4ep,20260520_gdn_capacity_layout_followup,b64_ga4_fp32_official_gdn,1,127,123,2,8,b64_ga4,float32,float32,1,mid_epoch,0.5,0,input_seq_len,64,valid/input_seq_len/accuracy-64,0.99675
gdn-h2-ev8-usegate0-s127-d123,gdn-h2-ev8-s127-d123-b64-ga4-fp32-noearly4ep,20260520_gdn_capacity_layout_followup,b64_ga4_fp32_official_gdn,1,127,123,2,8,b64_ga4,float32,float32,2,epoch_end,1.0,0,input_seq_len,64,valid/input_seq_len/accuracy-64,0.9995833333333334
gdn-h2-ev8-usegate0-s127-d123,gdn-h2-ev8-s127-d123-b64-ga4-fp32-noearly4ep,20260520_gdn_capacity_layout_followup,b64_ga4_fp32_official_gdn,1,127,123,2,8,b64_ga4,float32,float32,3,mid_epoch,1.5,1,input_seq_len,64,valid/input_seq_len/accuracy-64,0.9998333333333334
gdn-h2-ev8-usegate0-s127-d123,gdn-h2-ev8-s127-d123-b64-ga4-fp32-noearly4ep,20260520_gdn_capacity_layout_followup,b64_ga4_fp32_official_gdn,1,127,123,2,8,b64_ga4,float32,float32,4,epoch_end,2.0,1,input_seq_len,64,valid/input_seq_len/accuracy-64,0.9999166666666667
gdn-h2-ev8-usegate0-s127-d123,gdn-h2-ev8-s127-d123-b64-ga4-fp32-noearly4ep,20260520_gdn_capacity_layout_followup,b64_ga4_fp32_official_gdn,1,127,123,2,8,b64_ga4,float32,float32,5,mid_epoch,2.5,2,input_seq_len,64,valid/input_seq_len/accuracy-64,0.99975
gdn-h2-ev8-usegate0-s127-d123,gdn-h2-ev8-s127-d123-b64-ga4-fp32-noearly4ep,20260520_gdn_capacity_layout_followup,b64_ga4_fp32_official_gdn,1,127,123,2,8,b64_ga4,float32,float32,6,epoch_end,3.0,2,input_seq_len,64,valid/input_seq_len/accuracy-64,0.9996666666666667
gdn-h2-ev8-usegate0-s127-d123,gdn-h2-ev8-s127-d123-b64-ga4-fp32-noearly4ep,20260520_gdn_capacity_layout_followup,b64_ga4_fp32_official_gdn,1,127,123,2,8,b64_ga4,float32,float32,7,mid_epoch,3.5,3,input_seq_len,64,valid/input_seq_len/accuracy-64,0.9994583333333333
gdn-h2-ev8-usegate0-s127-d123,gdn-h2-ev8-s127-d123-b64-ga4-fp32-noearly4ep,20260520_gdn_capacity_layout_followup,b64_ga4_fp32_official_gdn,1,127,123,2,8,b64_ga4,float32,float32,8,epoch_end,4.0,3,input_seq_len,64,valid/input_seq_len/accuracy-64,0.9994583333333333
gdn-h2-ev8-usegate0-s127-d123,gdn-h2-ev8-s127-d123-b64-ga4-fp32-noearly4ep,20260520_gdn_capacity_layout_followup,b64_ga4_fp32_official_gdn,1,127,123,2,8,b64_ga4,float32,float32,1,mid_epoch,0.5,0,mqar_case,1024x256,valid/mqar_case/accuracy-1024x256,0.455421875
gdn-h2-ev8-usegate0-s127-d123,gdn-h2-ev8-s127-d123-b64-ga4-fp32-noearly4ep,20260520_gdn_capacity_layout_followup,b64_ga4_fp32_official_gdn,1,127,123,2,8,b64_ga4,float32,float32,2,epoch_end,1.0,0,mqar_case,1024x256,valid/mqar_case/accuracy-1024x256,0.670046875
gdn-h2-ev8-usegate0-s127-d123,gdn-h2-ev8-s127-d123-b64-ga4-fp32-noearly4ep,20260520_gdn_capacity_layout_followup,b64_ga4_fp32_official_gdn,1,127,123,2,8,b64_ga4,float32,float32,3,mid_epoch,1.5,1,mqar_case,1024x256,valid/mqar_case/accuracy-1024x256,0.7245390625
gdn-h2-ev8-usegate0-s127-d123,gdn-h2-ev8-s127-d123-b64-ga4-fp32-noearly4ep,20260520_gdn_capacity_layout_followup,b64_ga4_fp32_official_gdn,1,127,123,2,8,b64_ga4,float32,float32,4,epoch_end,2.0,1,mqar_case,1024x256,valid/mqar_case/accuracy-1024x256,0.75691796875
gdn-h2-ev8-usegate0-s127-d123,gdn-h2-ev8-s127-d123-b64-ga4-fp32-noearly4ep,20260520_gdn_capacity_layout_followup,b64_ga4_fp32_official_gdn,1,127,123,2,8,b64_ga4,float32,float32,5,mid_epoch,2.5,2,mqar_case,1024x256,valid/mqar_case/accuracy-1024x256,0.77876953125
gdn-h2-ev8-usegate0-s127-d123,gdn-h2-ev8-s127-d123-b64-ga4-fp32-noearly4ep,20260520_gdn_capacity_layout_followup,b64_ga4_fp32_official_gdn,1,127,123,2,8,b64_ga4,float32,float32,6,epoch_end,3.0,2,mqar_case,1024x256,valid/mqar_case/accuracy-1024x256,0.79009375
gdn-h2-ev8-usegate0-s127-d123,gdn-h2-ev8-s127-d123-b64-ga4-fp32-noearly4ep,20260520_gdn_capacity_layout_followup,b64_ga4_fp32_official_gdn,1,127,123,2,8,b64_ga4,float32,float32,7,mid_epoch,3.5,3,mqar_case,1024x256,valid/mqar_case/accuracy-1024x256,0.79723828125
gdn-h2-ev8-usegate0-s127-d123,gdn-h2-ev8-s127-d123-b64-ga4-fp32-noearly4ep,20260520_gdn_capacity_layout_followup,b64_ga4_fp32_official_gdn,1,127,123,2,8,b64_ga4,float32,float32,8,epoch_end,4.0,3,mqar_case,1024x256,valid/mqar_case/accuracy-1024x256,0.80641796875
gdn-h2-ev8-usegate0-s127-d123,gdn-h2-ev8-s127-d123-b64-ga4-fp32-noearly4ep,20260520_gdn_capacity_layout_followup,b64_ga4_fp32_official_gdn,1,127,123,2,8,b64_ga4,float32,float32,1,mid_epoch,0.5,0,mqar_case,128x32,valid/mqar_case/accuracy-128x32,0.99990625
gdn-h2-ev8-usegate0-s127-d123,gdn-h2-ev8-s127-d123-b64-ga4-fp32-noearly4ep,20260520_gdn_capacity_layout_followup,b64_ga4_fp32_official_gdn,1,127,123,2,8,b64_ga4,float32,float32,2,epoch_end,1.0,0,mqar_case,128x32,valid/mqar_case/accuracy-128x32,1.0
gdn-h2-ev8-usegate0-s127-d123,gdn-h2-ev8-s127-d123-b64-ga4-fp32-noearly4ep,20260520_gdn_capacity_layout_followup,b64_ga4_fp32_official_gdn,1,127,123,2,8,b64_ga4,float32,float32,3,mid_epoch,1.5,1,mqar_case,128x32,valid/mqar_case/accuracy-128x32,1.0
gdn-h2-ev8-usegate0-s127-d123,gdn-h2-ev8-s127-d123-b64-ga4-fp32-noearly4ep,20260520_gdn_capacity_layout_followup,b64_ga4_fp32_official_gdn,1,127,123,2,8,b64_ga4,float32,float32,4,epoch_end,2.0,1,mqar_case,128x32,valid/mqar_case/accuracy-128x32,1.0
gdn-h2-ev8-usegate0-s127-d123,gdn-h2-ev8-s127-d123-b64-ga4-fp32-noearly4ep,20260520_gdn_capacity_layout_followup,b64_ga4_fp32_official_gdn,1,127,123,2,8,b64_ga4,float32,float32,5,mid_epoch,2.5,2,mqar_case,128x32,valid/mqar_case/accuracy-128x32,1.0
gdn-h2-ev8-usegate0-s127-d123,gdn-h2-ev8-s127-d123-b64-ga4-fp32-noearly4ep,20260520_gdn_capacity_layout_followup,b64_ga4_fp32_official_gdn,1,127,123,2,8,b64_ga4,float32,float32,6,epoch_end,3.0,2,mqar_case,128x32,valid/mqar_case/accuracy-128x32,1.0
gdn-h2-ev8-usegate0-s127-d123,gdn-h2-ev8-s127-d123-b64-ga4-fp32-noearly4ep,20260520_gdn_capacity_layout_followup,b64_ga4_fp32_official_gdn,1,127,123,2,8,b64_ga4,float32,float32,7,mid_epoch,3.5,3,mqar_case,128x32,valid/mqar_case/accuracy-128x32,1.0
gdn-h2-ev8-usegate0-s127-d123,gdn-h2-ev8-s127-d123-b64-ga4-fp32-noearly4ep,20260520_gdn_capacity_layout_followup,b64_ga4_fp32_official_gdn,1,127,123,2,8,b64_ga4,float32,float32,8,epoch_end,4.0,3,mqar_case,128x32,valid/mqar_case/accuracy-128x32,1.0
gdn-h2-ev8-usegate0-s127-d123,gdn-h2-ev8-s127-d123-b64-ga4-fp32-noearly4ep,20260520_gdn_capacity_layout_followup,b64_ga4_fp32_official_gdn,1,127,123,2,8,b64_ga4,float32,float32,1,mid_epoch,0.5,0,mqar_case,256x64,valid/mqar_case/accuracy-256x64,0.99784375
gdn-h2-ev8-usegate0-s127-d123,gdn-h2-ev8-s127-d123-b64-ga4-fp32-noearly4ep,20260520_gdn_capacity_layout_followup,b64_ga4_fp32_official_gdn,1,127,123,2,8,b64_ga4,float32,float32,2,epoch_end,1.0,0,mqar_case,256x64,valid/mqar_case/accuracy-256x64,0.999796875
gdn-h2-ev8-usegate0-s127-d123,gdn-h2-ev8-s127-d123-b64-ga4-fp32-noearly4ep,20260520_gdn_capacity_layout_followup,b64_ga4_fp32_official_gdn,1,127,123,2,8,b64_ga4,float32,float32,3,mid_epoch,1.5,1,mqar_case,256x64,valid/mqar_case/accuracy-256x64,0.99990625
gdn-h2-ev8-usegate0-s127-d123,gdn-h2-ev8-s127-d123-b64-ga4-fp32-noearly4ep,20260520_gdn_capacity_layout_followup,b64_ga4_fp32_official_gdn,1,127,123,2,8,b64_ga4,float32,float32,4,epoch_end,2.0,1,mqar_case,256x64,valid/mqar_case/accuracy-256x64,0.999953125
gdn-h2-ev8-usegate0-s127-d123,gdn-h2-ev8-s127-d123-b64-ga4-fp32-noearly4ep,20260520_gdn_capacity_layout_followup,b64_ga4_fp32_official_gdn,1,127,123,2,8,b64_ga4,float32,float32,5,mid_epoch,2.5,2,mqar_case,256x64,valid/mqar_case/accuracy-256x64,1.0
gdn-h2-ev8-usegate0-s127-d123,gdn-h2-ev8-s127-d123-b64-ga4-fp32-noearly4ep,20260520_gdn_capacity_layout_followup,b64_ga4_fp32_official_gdn,1,127,123,2,8,b64_ga4,float32,float32,6,epoch_end,3.0,2,mqar_case,256x64,valid/mqar_case/accuracy-256x64,0.999984375
gdn-h2-ev8-usegate0-s127-d123,gdn-h2-ev8-s127-d123-b64-ga4-fp32-noearly4ep,20260520_gdn_capacity_layout_followup,b64_ga4_fp32_official_gdn,1,127,123,2,8,b64_ga4,float32,float32,7,mid_epoch,3.5,3,mqar_case,256x64,valid/mqar_case/accuracy-256x64,1.0
gdn-h2-ev8-usegate0-s127-d123,gdn-h2-ev8-s127-d123-b64-ga4-fp32-noearly4ep,20260520_gdn_capacity_layout_followup,b64_ga4_fp32_official_gdn,1,127,123,2,8,b64_ga4,float32,float32,8,epoch_end,4.0,3,mqar_case,256x64,valid/mqar_case/accuracy-256x64,1.0
gdn-h2-ev8-usegate0-s127-d123,gdn-h2-ev8-s127-d123-b64-ga4-fp32-noearly4ep,20260520_gdn_capacity_layout_followup,b64_ga4_fp32_official_gdn,1,127,123,2,8,b64_ga4,float32,float32,1,mid_epoch,0.5,0,mqar_case,512x128,valid/mqar_case/accuracy-512x128,0.906515625
gdn-h2-ev8-usegate0-s127-d123,gdn-h2-ev8-s127-d123-b64-ga4-fp32-noearly4ep,20260520_gdn_capacity_layout_followup,b64_ga4_fp32_official_gdn,1,127,123,2,8,b64_ga4,float32,float32,2,epoch_end,1.0,0,mqar_case,512x128,valid/mqar_case/accuracy-512x128,0.9818359375
gdn-h2-ev8-usegate0-s127-d123,gdn-h2-ev8-s127-d123-b64-ga4-fp32-noearly4ep,20260520_gdn_capacity_layout_followup,b64_ga4_fp32_official_gdn,1,127,123,2,8,b64_ga4,float32,float32,3,mid_epoch,1.5,1,mqar_case,512x128,valid/mqar_case/accuracy-512x128,0.9889375
gdn-h2-ev8-usegate0-s127-d123,gdn-h2-ev8-s127-d123-b64-ga4-fp32-noearly4ep,20260520_gdn_capacity_layout_followup,b64_ga4_fp32_official_gdn,1,127,123,2,8,b64_ga4,float32,float32,4,epoch_end,2.0,1,mqar_case,512x128,valid/mqar_case/accuracy-512x128,0.992375
gdn-h2-ev8-usegate0-s127-d123,gdn-h2-ev8-s127-d123-b64-ga4-fp32-noearly4ep,20260520_gdn_capacity_layout_followup,b64_ga4_fp32_official_gdn,1,127,123,2,8,b64_ga4,float32,float32,5,mid_epoch,2.5,2,mqar_case,512x128,valid/mqar_case/accuracy-512x128,0.99440625
gdn-h2-ev8-usegate0-s127-d123,gdn-h2-ev8-s127-d123-b64-ga4-fp32-noearly4ep,20260520_gdn_capacity_layout_followup,b64_ga4_fp32_official_gdn,1,127,123,2,8,b64_ga4,float32,float32,6,epoch_end,3.0,2,mqar_case,512x128,valid/mqar_case/accuracy-512x128,0.9949921875
gdn-h2-ev8-usegate0-s127-d123,gdn-h2-ev8-s127-d123-b64-ga4-fp32-noearly4ep,20260520_gdn_capacity_layout_followup,b64_ga4_fp32_official_gdn,1,127,123,2,8,b64_ga4,float32,float32,7,mid_epoch,3.5,3,mqar_case,512x128,valid/mqar_case/accuracy-512x128,0.99575
gdn-h2-ev8-usegate0-s127-d123,gdn-h2-ev8-s127-d123-b64-ga4-fp32-noearly4ep,20260520_gdn_capacity_layout_followup,b64_ga4_fp32_official_gdn,1,127,123,2,8,b64_ga4,float32,float32,8,epoch_end,4.0,3,mqar_case,512x128,valid/mqar_case/accuracy-512x128,0.9962578125
gdn-h2-ev8-usegate0-s127-d123,gdn-h2-ev8-s127-d123-b64-ga4-fp32-noearly4ep,20260520_gdn_capacity_layout_followup,b64_ga4_fp32_official_gdn,1,127,123,2,8,b64_ga4,float32,float32,1,mid_epoch,0.5,0,mqar_case,512x64,valid/mqar_case/accuracy-512x64,0.996171875
gdn-h2-ev8-usegate0-s127-d123,gdn-h2-ev8-s127-d123-b64-ga4-fp32-noearly4ep,20260520_gdn_capacity_layout_followup,b64_ga4_fp32_official_gdn,1,127,123,2,8,b64_ga4,float32,float32,2,epoch_end,1.0,0,mqar_case,512x64,valid/mqar_case/accuracy-512x64,0.99934375
gdn-h2-ev8-usegate0-s127-d123,gdn-h2-ev8-s127-d123-b64-ga4-fp32-noearly4ep,20260520_gdn_capacity_layout_followup,b64_ga4_fp32_official_gdn,1,127,123,2,8,b64_ga4,float32,float32,3,mid_epoch,1.5,1,mqar_case,512x64,valid/mqar_case/accuracy-512x64,0.999328125
gdn-h2-ev8-usegate0-s127-d123,gdn-h2-ev8-s127-d123-b64-ga4-fp32-noearly4ep,20260520_gdn_capacity_layout_followup,b64_ga4_fp32_official_gdn,1,127,123,2,8,b64_ga4,float32,float32,4,epoch_end,2.0,1,mqar_case,512x64,valid/mqar_case/accuracy-512x64,0.999453125
gdn-h2-ev8-usegate0-s127-d123,gdn-h2-ev8-s127-d123-b64-ga4-fp32-noearly4ep,20260520_gdn_capacity_layout_followup,b64_ga4_fp32_official_gdn,1,127,123,2,8,b64_ga4,float32,float32,5,mid_epoch,2.5,2,mqar_case,512x64,valid/mqar_case/accuracy-512x64,0.9995625
gdn-h2-ev8-usegate0-s127-d123,gdn-h2-ev8-s127-d123-b64-ga4-fp32-noearly4ep,20260520_gdn_capacity_layout_followup,b64_ga4_fp32_official_gdn,1,127,123,2,8,b64_ga4,float32,float32,6,epoch_end,3.0,2,mqar_case,512x64,valid/mqar_case/accuracy-512x64,0.99953125
gdn-h2-ev8-usegate0-s127-d123,gdn-h2-ev8-s127-d123-b64-ga4-fp32-noearly4ep,20260520_gdn_capacity_layout_followup,b64_ga4_fp32_official_gdn,1,127,123,2,8,b64_ga4,float32,float32,7,mid_epoch,3.5,3,mqar_case,512x64,valid/mqar_case/accuracy-512x64,0.999578125
gdn-h2-ev8-usegate0-s127-d123,gdn-h2-ev8-s127-d123-b64-ga4-fp32-noearly4ep,20260520_gdn_capacity_layout_followup,b64_ga4_fp32_official_gdn,1,127,123,2,8,b64_ga4,float32,float32,8,epoch_end,4.0,3,mqar_case,512x64,valid/mqar_case/accuracy-512x64,0.99959375
gdn-h2-ev8-usegate0-s127-d123,gdn-h2-ev8-s127-d123-b64-ga4-fp32-noearly4ep,20260520_gdn_capacity_layout_followup,b64_ga4_fp32_official_gdn,1,127,123,2,8,b64_ga4,float32,float32,1,mid_epoch,0.5,0,mqar_case,64x16,valid/mqar_case/accuracy-64x16,1.0
gdn-h2-ev8-usegate0-s127-d123,gdn-h2-ev8-s127-d123-b64-ga4-fp32-noearly4ep,20260520_gdn_capacity_layout_followup,b64_ga4_fp32_official_gdn,1,127,123,2,8,b64_ga4,float32,float32,2,epoch_end,1.0,0,mqar_case,64x16,valid/mqar_case/accuracy-64x16,1.0
gdn-h2-ev8-usegate0-s127-d123,gdn-h2-ev8-s127-d123-b64-ga4-fp32-noearly4ep,20260520_gdn_capacity_layout_followup,b64_ga4_fp32_official_gdn,1,127,123,2,8,b64_ga4,float32,float32,3,mid_epoch,1.5,1,mqar_case,64x16,valid/mqar_case/accuracy-64x16,1.0
gdn-h2-ev8-usegate0-s127-d123,gdn-h2-ev8-s127-d123-b64-ga4-fp32-noearly4ep,20260520_gdn_capacity_layout_followup,b64_ga4_fp32_official_gdn,1,127,123,2,8,b64_ga4,float32,float32,4,epoch_end,2.0,1,mqar_case,64x16,valid/mqar_case/accuracy-64x16,1.0
gdn-h2-ev8-usegate0-s127-d123,gdn-h2-ev8-s127-d123-b64-ga4-fp32-noearly4ep,20260520_gdn_capacity_layout_followup,b64_ga4_fp32_official_gdn,1,127,123,2,8,b64_ga4,float32,float32,5,mid_epoch,2.5,2,mqar_case,64x16,valid/mqar_case/accuracy-64x16,1.0
gdn-h2-ev8-usegate0-s127-d123,gdn-h2-ev8-s127-d123-b64-ga4-fp32-noearly4ep,20260520_gdn_capacity_layout_followup,b64_ga4_fp32_official_gdn,1,127,123,2,8,b64_ga4,float32,float32,6,epoch_end,3.0,2,mqar_case,64x16,valid/mqar_case/accuracy-64x16,1.0
gdn-h2-ev8-usegate0-s127-d123,gdn-h2-ev8-s127-d123-b64-ga4-fp32-noearly4ep,20260520_gdn_capacity_layout_followup,b64_ga4_fp32_official_gdn,1,127,123,2,8,b64_ga4,float32,float32,7,mid_epoch,3.5,3,mqar_case,64x16,valid/mqar_case/accuracy-64x16,1.0
gdn-h2-ev8-usegate0-s127-d123,gdn-h2-ev8-s127-d123-b64-ga4-fp32-noearly4ep,20260520_gdn_capacity_layout_followup,b64_ga4_fp32_official_gdn,1,127,123,2,8,b64_ga4,float32,float32,8,epoch_end,4.0,3,mqar_case,64x16,valid/mqar_case/accuracy-64x16,1.0
gdn-h2-ev8-usegate0-s127-d123,gdn-h2-ev8-s127-d123-b64-ga4-fp32-noearly4ep,20260520_gdn_capacity_layout_followup,b64_ga4_fp32_official_gdn,1,127,123,2,8,b64_ga4,float32,float32,1,mid_epoch,0.5,0,mqar_case,64x4,valid/mqar_case/accuracy-64x4,0.99275
gdn-h2-ev8-usegate0-s127-d123,gdn-h2-ev8-s127-d123-b64-ga4-fp32-noearly4ep,20260520_gdn_capacity_layout_followup,b64_ga4_fp32_official_gdn,1,127,123,2,8,b64_ga4,float32,float32,2,epoch_end,1.0,0,mqar_case,64x4,valid/mqar_case/accuracy-64x4,0.9995
gdn-h2-ev8-usegate0-s127-d123,gdn-h2-ev8-s127-d123-b64-ga4-fp32-noearly4ep,20260520_gdn_capacity_layout_followup,b64_ga4_fp32_official_gdn,1,127,123,2,8,b64_ga4,float32,float32,3,mid_epoch,1.5,1,mqar_case,64x4,valid/mqar_case/accuracy-64x4,1.0
gdn-h2-ev8-usegate0-s127-d123,gdn-h2-ev8-s127-d123-b64-ga4-fp32-noearly4ep,20260520_gdn_capacity_layout_followup,b64_ga4_fp32_official_gdn,1,127,123,2,8,b64_ga4,float32,float32,4,epoch_end,2.0,1,mqar_case,64x4,valid/mqar_case/accuracy-64x4,1.0
gdn-h2-ev8-usegate0-s127-d123,gdn-h2-ev8-s127-d123-b64-ga4-fp32-noearly4ep,20260520_gdn_capacity_layout_followup,b64_ga4_fp32_official_gdn,1,127,123,2,8,b64_ga4,float32,float32,5,mid_epoch,2.5,2,mqar_case,64x4,valid/mqar_case/accuracy-64x4,0.99975
gdn-h2-ev8-usegate0-s127-d123,gdn-h2-ev8-s127-d123-b64-ga4-fp32-noearly4ep,20260520_gdn_capacity_layout_followup,b64_ga4_fp32_official_gdn,1,127,123,2,8,b64_ga4,float32,float32,6,epoch_end,3.0,2,mqar_case,64x4,valid/mqar_case/accuracy-64x4,0.99925
gdn-h2-ev8-usegate0-s127-d123,gdn-h2-ev8-s127-d123-b64-ga4-fp32-noearly4ep,20260520_gdn_capacity_layout_followup,b64_ga4_fp32_official_gdn,1,127,123,2,8,b64_ga4,float32,float32,7,mid_epoch,3.5,3,mqar_case,64x4,valid/mqar_case/accuracy-64x4,0.999
gdn-h2-ev8-usegate0-s127-d123,gdn-h2-ev8-s127-d123-b64-ga4-fp32-noearly4ep,20260520_gdn_capacity_layout_followup,b64_ga4_fp32_official_gdn,1,127,123,2,8,b64_ga4,float32,float32,8,epoch_end,4.0,3,mqar_case,64x4,valid/mqar_case/accuracy-64x4,0.99875
gdn-h2-ev8-usegate0-s127-d123,gdn-h2-ev8-s127-d123-b64-ga4-fp32-noearly4ep,20260520_gdn_capacity_layout_followup,b64_ga4_fp32_official_gdn,1,127,123,2,8,b64_ga4,float32,float32,1,mid_epoch,0.5,0,mqar_case,64x8,valid/mqar_case/accuracy-64x8,0.9975
gdn-h2-ev8-usegate0-s127-d123,gdn-h2-ev8-s127-d123-b64-ga4-fp32-noearly4ep,20260520_gdn_capacity_layout_followup,b64_ga4_fp32_official_gdn,1,127,123,2,8,b64_ga4,float32,float32,2,epoch_end,1.0,0,mqar_case,64x8,valid/mqar_case/accuracy-64x8,0.99925
gdn-h2-ev8-usegate0-s127-d123,gdn-h2-ev8-s127-d123-b64-ga4-fp32-noearly4ep,20260520_gdn_capacity_layout_followup,b64_ga4_fp32_official_gdn,1,127,123,2,8,b64_ga4,float32,float32,3,mid_epoch,1.5,1,mqar_case,64x8,valid/mqar_case/accuracy-64x8,0.9995
gdn-h2-ev8-usegate0-s127-d123,gdn-h2-ev8-s127-d123-b64-ga4-fp32-noearly4ep,20260520_gdn_capacity_layout_followup,b64_ga4_fp32_official_gdn,1,127,123,2,8,b64_ga4,float32,float32,4,epoch_end,2.0,1,mqar_case,64x8,valid/mqar_case/accuracy-64x8,0.99975
gdn-h2-ev8-usegate0-s127-d123,gdn-h2-ev8-s127-d123-b64-ga4-fp32-noearly4ep,20260520_gdn_capacity_layout_followup,b64_ga4_fp32_official_gdn,1,127,123,2,8,b64_ga4,float32,float32,5,mid_epoch,2.5,2,mqar_case,64x8,valid/mqar_case/accuracy-64x8,0.9995
gdn-h2-ev8-usegate0-s127-d123,gdn-h2-ev8-s127-d123-b64-ga4-fp32-noearly4ep,20260520_gdn_capacity_layout_followup,b64_ga4_fp32_official_gdn,1,127,123,2,8,b64_ga4,float32,float32,6,epoch_end,3.0,2,mqar_case,64x8,valid/mqar_case/accuracy-64x8,0.99975
gdn-h2-ev8-usegate0-s127-d123,gdn-h2-ev8-s127-d123-b64-ga4-fp32-noearly4ep,20260520_gdn_capacity_layout_followup,b64_ga4_fp32_official_gdn,1,127,123,2,8,b64_ga4,float32,float32,7,mid_epoch,3.5,3,mqar_case,64x8,valid/mqar_case/accuracy-64x8,0.999375
gdn-h2-ev8-usegate0-s127-d123,gdn-h2-ev8-s127-d123-b64-ga4-fp32-noearly4ep,20260520_gdn_capacity_layout_followup,b64_ga4_fp32_official_gdn,1,127,123,2,8,b64_ga4,float32,float32,8,epoch_end,4.0,3,mqar_case,64x8,valid/mqar_case/accuracy-64x8,0.999625
gdn-h2-ev8-usegate0-s127-d123,gdn-h2-ev8-s127-d123-b64-ga4-fp32-noearly4ep,20260520_gdn_capacity_layout_followup,b64_ga4_fp32_official_gdn,1,127,123,2,8,b64_ga4,float32,float32,1,mid_epoch,0.5,0,num_kv_pairs,128,valid/num_kv_pairs/accuracy-128,0.906515625
gdn-h2-ev8-usegate0-s127-d123,gdn-h2-ev8-s127-d123-b64-ga4-fp32-noearly4ep,20260520_gdn_capacity_layout_followup,b64_ga4_fp32_official_gdn,1,127,123,2,8,b64_ga4,float32,float32,2,epoch_end,1.0,0,num_kv_pairs,128,valid/num_kv_pairs/accuracy-128,0.9818359375
gdn-h2-ev8-usegate0-s127-d123,gdn-h2-ev8-s127-d123-b64-ga4-fp32-noearly4ep,20260520_gdn_capacity_layout_followup,b64_ga4_fp32_official_gdn,1,127,123,2,8,b64_ga4,float32,float32,3,mid_epoch,1.5,1,num_kv_pairs,128,valid/num_kv_pairs/accuracy-128,0.9889375
gdn-h2-ev8-usegate0-s127-d123,gdn-h2-ev8-s127-d123-b64-ga4-fp32-noearly4ep,20260520_gdn_capacity_layout_followup,b64_ga4_fp32_official_gdn,1,127,123,2,8,b64_ga4,float32,float32,4,epoch_end,2.0,1,num_kv_pairs,128,valid/num_kv_pairs/accuracy-128,0.992375
gdn-h2-ev8-usegate0-s127-d123,gdn-h2-ev8-s127-d123-b64-ga4-fp32-noearly4ep,20260520_gdn_capacity_layout_followup,b64_ga4_fp32_official_gdn,1,127,123,2,8,b64_ga4,float32,float32,5,mid_epoch,2.5,2,num_kv_pairs,128,valid/num_kv_pairs/accuracy-128,0.99440625
gdn-h2-ev8-usegate0-s127-d123,gdn-h2-ev8-s127-d123-b64-ga4-fp32-noearly4ep,20260520_gdn_capacity_layout_followup,b64_ga4_fp32_official_gdn,1,127,123,2,8,b64_ga4,float32,float32,6,epoch_end,3.0,2,num_kv_pairs,128,valid/num_kv_pairs/accuracy-128,0.9949921875
gdn-h2-ev8-usegate0-s127-d123,gdn-h2-ev8-s127-d123-b64-ga4-fp32-noearly4ep,20260520_gdn_capacity_layout_followup,b64_ga4_fp32_official_gdn,1,127,123,2,8,b64_ga4,float32,float32,7,mid_epoch,3.5,3,num_kv_pairs,128,valid/num_kv_pairs/accuracy-128,0.99575
gdn-h2-ev8-usegate0-s127-d123,gdn-h2-ev8-s127-d123-b64-ga4-fp32-noearly4ep,20260520_gdn_capacity_layout_followup,b64_ga4_fp32_official_gdn,1,127,123,2,8,b64_ga4,float32,float32,8,epoch_end,4.0,3,num_kv_pairs,128,valid/num_kv_pairs/accuracy-128,0.9962578125
gdn-h2-ev8-usegate0-s127-d123,gdn-h2-ev8-s127-d123-b64-ga4-fp32-noearly4ep,20260520_gdn_capacity_layout_followup,b64_ga4_fp32_official_gdn,1,127,123,2,8,b64_ga4,float32,float32,1,mid_epoch,0.5,0,num_kv_pairs,16,valid/num_kv_pairs/accuracy-16,1.0
gdn-h2-ev8-usegate0-s127-d123,gdn-h2-ev8-s127-d123-b64-ga4-fp32-noearly4ep,20260520_gdn_capacity_layout_followup,b64_ga4_fp32_official_gdn,1,127,123,2,8,b64_ga4,float32,float32,2,epoch_end,1.0,0,num_kv_pairs,16,valid/num_kv_pairs/accuracy-16,1.0
gdn-h2-ev8-usegate0-s127-d123,gdn-h2-ev8-s127-d123-b64-ga4-fp32-noearly4ep,20260520_gdn_capacity_layout_followup,b64_ga4_fp32_official_gdn,1,127,123,2,8,b64_ga4,float32,float32,3,mid_epoch,1.5,1,num_kv_pairs,16,valid/num_kv_pairs/accuracy-16,1.0
gdn-h2-ev8-usegate0-s127-d123,gdn-h2-ev8-s127-d123-b64-ga4-fp32-noearly4ep,20260520_gdn_capacity_layout_followup,b64_ga4_fp32_official_gdn,1,127,123,2,8,b64_ga4,float32,float32,4,epoch_end,2.0,1,num_kv_pairs,16,valid/num_kv_pairs/accuracy-16,1.0
gdn-h2-ev8-usegate0-s127-d123,gdn-h2-ev8-s127-d123-b64-ga4-fp32-noearly4ep,20260520_gdn_capacity_layout_followup,b64_ga4_fp32_official_gdn,1,127,123,2,8,b64_ga4,float32,float32,5,mid_epoch,2.5,2,num_kv_pairs,16,valid/num_kv_pairs/accuracy-16,1.0
gdn-h2-ev8-usegate0-s127-d123,gdn-h2-ev8-s127-d123-b64-ga4-fp32-noearly4ep,20260520_gdn_capacity_layout_followup,b64_ga4_fp32_official_gdn,1,127,123,2,8,b64_ga4,float32,float32,6,epoch_end,3.0,2,num_kv_pairs,16,valid/num_kv_pairs/accuracy-16,1.0
gdn-h2-ev8-usegate0-s127-d123,gdn-h2-ev8-s127-d123-b64-ga4-fp32-noearly4ep,20260520_gdn_capacity_layout_followup,b64_ga4_fp32_official_gdn,1,127,123,2,8,b64_ga4,float32,float32,7,mid_epoch,3.5,3,num_kv_pairs,16,valid/num_kv_pairs/accuracy-16,1.0
gdn-h2-ev8-usegate0-s127-d123,gdn-h2-ev8-s127-d123-b64-ga4-fp32-noearly4ep,20260520_gdn_capacity_layout_followup,b64_ga4_fp32_official_gdn,1,127,123,2,8,b64_ga4,float32,float32,8,epoch_end,4.0,3,num_kv_pairs,16,valid/num_kv_pairs/accuracy-16,1.0
gdn-h2-ev8-usegate0-s127-d123,gdn-h2-ev8-s127-d123-b64-ga4-fp32-noearly4ep,20260520_gdn_capacity_layout_followup,b64_ga4_fp32_official_gdn,1,127,123,2,8,b64_ga4,float32,float32,1,mid_epoch,0.5,0,num_kv_pairs,256,valid/num_kv_pairs/accuracy-256,0.455421875
gdn-h2-ev8-usegate0-s127-d123,gdn-h2-ev8-s127-d123-b64-ga4-fp32-noearly4ep,20260520_gdn_capacity_layout_followup,b64_ga4_fp32_official_gdn,1,127,123,2,8,b64_ga4,float32,float32,2,epoch_end,1.0,0,num_kv_pairs,256,valid/num_kv_pairs/accuracy-256,0.670046875
gdn-h2-ev8-usegate0-s127-d123,gdn-h2-ev8-s127-d123-b64-ga4-fp32-noearly4ep,20260520_gdn_capacity_layout_followup,b64_ga4_fp32_official_gdn,1,127,123,2,8,b64_ga4,float32,float32,3,mid_epoch,1.5,1,num_kv_pairs,256,valid/num_kv_pairs/accuracy-256,0.7245390625
gdn-h2-ev8-usegate0-s127-d123,gdn-h2-ev8-s127-d123-b64-ga4-fp32-noearly4ep,20260520_gdn_capacity_layout_followup,b64_ga4_fp32_official_gdn,1,127,123,2,8,b64_ga4,float32,float32,4,epoch_end,2.0,1,num_kv_pairs,256,valid/num_kv_pairs/accuracy-256,0.75691796875
gdn-h2-ev8-usegate0-s127-d123,gdn-h2-ev8-s127-d123-b64-ga4-fp32-noearly4ep,20260520_gdn_capacity_layout_followup,b64_ga4_fp32_official_gdn,1,127,123,2,8,b64_ga4,float32,float32,5,mid_epoch,2.5,2,num_kv_pairs,256,valid/num_kv_pairs/accuracy-256,0.77876953125
gdn-h2-ev8-usegate0-s127-d123,gdn-h2-ev8-s127-d123-b64-ga4-fp32-noearly4ep,20260520_gdn_capacity_layout_followup,b64_ga4_fp32_official_gdn,1,127,123,2,8,b64_ga4,float32,float32,6,epoch_end,3.0,2,num_kv_pairs,256,valid/num_kv_pairs/accuracy-256,0.79009375
gdn-h2-ev8-usegate0-s127-d123,gdn-h2-ev8-s127-d123-b64-ga4-fp32-noearly4ep,20260520_gdn_capacity_layout_followup,b64_ga4_fp32_official_gdn,1,127,123,2,8,b64_ga4,float32,float32,7,mid_epoch,3.5,3,num_kv_pairs,256,valid/num_kv_pairs/accuracy-256,0.79723828125
gdn-h2-ev8-usegate0-s127-d123,gdn-h2-ev8-s127-d123-b64-ga4-fp32-noearly4ep,20260520_gdn_capacity_layout_followup,b64_ga4_fp32_official_gdn,1,127,123,2,8,b64_ga4,float32,float32,8,epoch_end,4.0,3,num_kv_pairs,256,valid/num_kv_pairs/accuracy-256,0.80641796875
gdn-h2-ev8-usegate0-s127-d123,gdn-h2-ev8-s127-d123-b64-ga4-fp32-noearly4ep,20260520_gdn_capacity_layout_followup,b64_ga4_fp32_official_gdn,1,127,123,2,8,b64_ga4,float32,float32,1,mid_epoch,0.5,0,num_kv_pairs,32,valid/num_kv_pairs/accuracy-32,0.99990625
gdn-h2-ev8-usegate0-s127-d123,gdn-h2-ev8-s127-d123-b64-ga4-fp32-noearly4ep,20260520_gdn_capacity_layout_followup,b64_ga4_fp32_official_gdn,1,127,123,2,8,b64_ga4,float32,float32,2,epoch_end,1.0,0,num_kv_pairs,32,valid/num_kv_pairs/accuracy-32,1.0
gdn-h2-ev8-usegate0-s127-d123,gdn-h2-ev8-s127-d123-b64-ga4-fp32-noearly4ep,20260520_gdn_capacity_layout_followup,b64_ga4_fp32_official_gdn,1,127,123,2,8,b64_ga4,float32,float32,3,mid_epoch,1.5,1,num_kv_pairs,32,valid/num_kv_pairs/accuracy-32,1.0
gdn-h2-ev8-usegate0-s127-d123,gdn-h2-ev8-s127-d123-b64-ga4-fp32-noearly4ep,20260520_gdn_capacity_layout_followup,b64_ga4_fp32_official_gdn,1,127,123,2,8,b64_ga4,float32,float32,4,epoch_end,2.0,1,num_kv_pairs,32,valid/num_kv_pairs/accuracy-32,1.0
gdn-h2-ev8-usegate0-s127-d123,gdn-h2-ev8-s127-d123-b64-ga4-fp32-noearly4ep,20260520_gdn_capacity_layout_followup,b64_ga4_fp32_official_gdn,1,127,123,2,8,b64_ga4,float32,float32,5,mid_epoch,2.5,2,num_kv_pairs,32,valid/num_kv_pairs/accuracy-32,1.0
gdn-h2-ev8-usegate0-s127-d123,gdn-h2-ev8-s127-d123-b64-ga4-fp32-noearly4ep,20260520_gdn_capacity_layout_followup,b64_ga4_fp32_official_gdn,1,127,123,2,8,b64_ga4,float32,float32,6,epoch_end,3.0,2,num_kv_pairs,32,valid/num_kv_pairs/accuracy-32,1.0
gdn-h2-ev8-usegate0-s127-d123,gdn-h2-ev8-s127-d123-b64-ga4-fp32-noearly4ep,20260520_gdn_capacity_layout_followup,b64_ga4_fp32_official_gdn,1,127,123,2,8,b64_ga4,float32,float32,7,mid_epoch,3.5,3,num_kv_pairs,32,valid/num_kv_pairs/accuracy-32,1.0
gdn-h2-ev8-usegate0-s127-d123,gdn-h2-ev8-s127-d123-b64-ga4-fp32-noearly4ep,20260520_gdn_capacity_layout_followup,b64_ga4_fp32_official_gdn,1,127,123,2,8,b64_ga4,float32,float32,8,epoch_end,4.0,3,num_kv_pairs,32,valid/num_kv_pairs/accuracy-32,1.0
gdn-h2-ev8-usegate0-s127-d123,gdn-h2-ev8-s127-d123-b64-ga4-fp32-noearly4ep,20260520_gdn_capacity_layout_followup,b64_ga4_fp32_official_gdn,1,127,123,2,8,b64_ga4,float32,float32,1,mid_epoch,0.5,0,num_kv_pairs,4,valid/num_kv_pairs/accuracy-4,0.99275
gdn-h2-ev8-usegate0-s127-d123,gdn-h2-ev8-s127-d123-b64-ga4-fp32-noearly4ep,20260520_gdn_capacity_layout_followup,b64_ga4_fp32_official_gdn,1,127,123,2,8,b64_ga4,float32,float32,2,epoch_end,1.0,0,num_kv_pairs,4,valid/num_kv_pairs/accuracy-4,0.9995
gdn-h2-ev8-usegate0-s127-d123,gdn-h2-ev8-s127-d123-b64-ga4-fp32-noearly4ep,20260520_gdn_capacity_layout_followup,b64_ga4_fp32_official_gdn,1,127,123,2,8,b64_ga4,float32,float32,3,mid_epoch,1.5,1,num_kv_pairs,4,valid/num_kv_pairs/accuracy-4,1.0
gdn-h2-ev8-usegate0-s127-d123,gdn-h2-ev8-s127-d123-b64-ga4-fp32-noearly4ep,20260520_gdn_capacity_layout_followup,b64_ga4_fp32_official_gdn,1,127,123,2,8,b64_ga4,float32,float32,4,epoch_end,2.0,1,num_kv_pairs,4,valid/num_kv_pairs/accuracy-4,1.0
gdn-h2-ev8-usegate0-s127-d123,gdn-h2-ev8-s127-d123-b64-ga4-fp32-noearly4ep,20260520_gdn_capacity_layout_followup,b64_ga4_fp32_official_gdn,1,127,123,2,8,b64_ga4,float32,float32,5,mid_epoch,2.5,2,num_kv_pairs,4,valid/num_kv_pairs/accuracy-4,0.99975
gdn-h2-ev8-usegate0-s127-d123,gdn-h2-ev8-s127-d123-b64-ga4-fp32-noearly4ep,20260520_gdn_capacity_layout_followup,b64_ga4_fp32_official_gdn,1,127,123,2,8,b64_ga4,float32,float32,6,epoch_end,3.0,2,num_kv_pairs,4,valid/num_kv_pairs/accuracy-4,0.99925
gdn-h2-ev8-usegate0-s127-d123,gdn-h2-ev8-s127-d123-b64-ga4-fp32-noearly4ep,20260520_gdn_capacity_layout_followup,b64_ga4_fp32_official_gdn,1,127,123,2,8,b64_ga4,float32,float32,7,mid_epoch,3.5,3,num_kv_pairs,4,valid/num_kv_pairs/accuracy-4,0.999
gdn-h2-ev8-usegate0-s127-d123,gdn-h2-ev8-s127-d123-b64-ga4-fp32-noearly4ep,20260520_gdn_capacity_layout_followup,b64_ga4_fp32_official_gdn,1,127,123,2,8,b64_ga4,float32,float32,8,epoch_end,4.0,3,num_kv_pairs,4,valid/num_kv_pairs/accuracy-4,0.99875
gdn-h2-ev8-usegate0-s127-d123,gdn-h2-ev8-s127-d123-b64-ga4-fp32-noearly4ep,20260520_gdn_capacity_layout_followup,b64_ga4_fp32_official_gdn,1,127,123,2,8,b64_ga4,float32,float32,1,mid_epoch,0.5,0,num_kv_pairs,64,valid/num_kv_pairs/accuracy-64,0.9970078125
gdn-h2-ev8-usegate0-s127-d123,gdn-h2-ev8-s127-d123-b64-ga4-fp32-noearly4ep,20260520_gdn_capacity_layout_followup,b64_ga4_fp32_official_gdn,1,127,123,2,8,b64_ga4,float32,float32,2,epoch_end,1.0,0,num_kv_pairs,64,valid/num_kv_pairs/accuracy-64,0.9995703125
gdn-h2-ev8-usegate0-s127-d123,gdn-h2-ev8-s127-d123-b64-ga4-fp32-noearly4ep,20260520_gdn_capacity_layout_followup,b64_ga4_fp32_official_gdn,1,127,123,2,8,b64_ga4,float32,float32,3,mid_epoch,1.5,1,num_kv_pairs,64,valid/num_kv_pairs/accuracy-64,0.9996171875
gdn-h2-ev8-usegate0-s127-d123,gdn-h2-ev8-s127-d123-b64-ga4-fp32-noearly4ep,20260520_gdn_capacity_layout_followup,b64_ga4_fp32_official_gdn,1,127,123,2,8,b64_ga4,float32,float32,4,epoch_end,2.0,1,num_kv_pairs,64,valid/num_kv_pairs/accuracy-64,0.999703125
gdn-h2-ev8-usegate0-s127-d123,gdn-h2-ev8-s127-d123-b64-ga4-fp32-noearly4ep,20260520_gdn_capacity_layout_followup,b64_ga4_fp32_official_gdn,1,127,123,2,8,b64_ga4,float32,float32,5,mid_epoch,2.5,2,num_kv_pairs,64,valid/num_kv_pairs/accuracy-64,0.99978125
gdn-h2-ev8-usegate0-s127-d123,gdn-h2-ev8-s127-d123-b64-ga4-fp32-noearly4ep,20260520_gdn_capacity_layout_followup,b64_ga4_fp32_official_gdn,1,127,123,2,8,b64_ga4,float32,float32,6,epoch_end,3.0,2,num_kv_pairs,64,valid/num_kv_pairs/accuracy-64,0.9997578125
gdn-h2-ev8-usegate0-s127-d123,gdn-h2-ev8-s127-d123-b64-ga4-fp32-noearly4ep,20260520_gdn_capacity_layout_followup,b64_ga4_fp32_official_gdn,1,127,123,2,8,b64_ga4,float32,float32,7,mid_epoch,3.5,3,num_kv_pairs,64,valid/num_kv_pairs/accuracy-64,0.9997890625
gdn-h2-ev8-usegate0-s127-d123,gdn-h2-ev8-s127-d123-b64-ga4-fp32-noearly4ep,20260520_gdn_capacity_layout_followup,b64_ga4_fp32_official_gdn,1,127,123,2,8,b64_ga4,float32,float32,8,epoch_end,4.0,3,num_kv_pairs,64,valid/num_kv_pairs/accuracy-64,0.999796875
gdn-h2-ev8-usegate0-s127-d123,gdn-h2-ev8-s127-d123-b64-ga4-fp32-noearly4ep,20260520_gdn_capacity_layout_followup,b64_ga4_fp32_official_gdn,1,127,123,2,8,b64_ga4,float32,float32,1,mid_epoch,0.5,0,num_kv_pairs,8,valid/num_kv_pairs/accuracy-8,0.9975
gdn-h2-ev8-usegate0-s127-d123,gdn-h2-ev8-s127-d123-b64-ga4-fp32-noearly4ep,20260520_gdn_capacity_layout_followup,b64_ga4_fp32_official_gdn,1,127,123,2,8,b64_ga4,float32,float32,2,epoch_end,1.0,0,num_kv_pairs,8,valid/num_kv_pairs/accuracy-8,0.99925
gdn-h2-ev8-usegate0-s127-d123,gdn-h2-ev8-s127-d123-b64-ga4-fp32-noearly4ep,20260520_gdn_capacity_layout_followup,b64_ga4_fp32_official_gdn,1,127,123,2,8,b64_ga4,float32,float32,3,mid_epoch,1.5,1,num_kv_pairs,8,valid/num_kv_pairs/accuracy-8,0.9995
gdn-h2-ev8-usegate0-s127-d123,gdn-h2-ev8-s127-d123-b64-ga4-fp32-noearly4ep,20260520_gdn_capacity_layout_followup,b64_ga4_fp32_official_gdn,1,127,123,2,8,b64_ga4,float32,float32,4,epoch_end,2.0,1,num_kv_pairs,8,valid/num_kv_pairs/accuracy-8,0.99975
gdn-h2-ev8-usegate0-s127-d123,gdn-h2-ev8-s127-d123-b64-ga4-fp32-noearly4ep,20260520_gdn_capacity_layout_followup,b64_ga4_fp32_official_gdn,1,127,123,2,8,b64_ga4,float32,float32,5,mid_epoch,2.5,2,num_kv_pairs,8,valid/num_kv_pairs/accuracy-8,0.9995
gdn-h2-ev8-usegate0-s127-d123,gdn-h2-ev8-s127-d123-b64-ga4-fp32-noearly4ep,20260520_gdn_capacity_layout_followup,b64_ga4_fp32_official_gdn,1,127,123,2,8,b64_ga4,float32,float32,6,epoch_end,3.0,2,num_kv_pairs,8,valid/num_kv_pairs/accuracy-8,0.99975
gdn-h2-ev8-usegate0-s127-d123,gdn-h2-ev8-s127-d123-b64-ga4-fp32-noearly4ep,20260520_gdn_capacity_layout_followup,b64_ga4_fp32_official_gdn,1,127,123,2,8,b64_ga4,float32,float32,7,mid_epoch,3.5,3,num_kv_pairs,8,valid/num_kv_pairs/accuracy-8,0.999375
gdn-h2-ev8-usegate0-s127-d123,gdn-h2-ev8-s127-d123-b64-ga4-fp32-noearly4ep,20260520_gdn_capacity_layout_followup,b64_ga4_fp32_official_gdn,1,127,123,2,8,b64_ga4,float32,float32,8,epoch_end,4.0,3,num_kv_pairs,8,valid/num_kv_pairs/accuracy-8,0.999625
gdn-h2-ev16-usegate0-s124-d123,gdn-h2-ev16-s124-d123-b64-ga4-fp32-noearly4ep,20260520_gdn_capacity_layout_followup,b64_ga4_fp32_official_gdn,0,124,123,2,16,b64_ga4,float32,float32,1,mid_epoch,0.5,0,input_seq_len,1024,valid/input_seq_len/accuracy-1024,0.2946875
gdn-h2-ev16-usegate0-s124-d123,gdn-h2-ev16-s124-d123-b64-ga4-fp32-noearly4ep,20260520_gdn_capacity_layout_followup,b64_ga4_fp32_official_gdn,0,124,123,2,16,b64_ga4,float32,float32,2,epoch_end,1.0,0,input_seq_len,1024,valid/input_seq_len/accuracy-1024,0.72958203125
gdn-h2-ev16-usegate0-s124-d123,gdn-h2-ev16-s124-d123-b64-ga4-fp32-noearly4ep,20260520_gdn_capacity_layout_followup,b64_ga4_fp32_official_gdn,0,124,123,2,16,b64_ga4,float32,float32,3,mid_epoch,1.5,1,input_seq_len,1024,valid/input_seq_len/accuracy-1024,0.7714140625
gdn-h2-ev16-usegate0-s124-d123,gdn-h2-ev16-s124-d123-b64-ga4-fp32-noearly4ep,20260520_gdn_capacity_layout_followup,b64_ga4_fp32_official_gdn,0,124,123,2,16,b64_ga4,float32,float32,4,epoch_end,2.0,1,input_seq_len,1024,valid/input_seq_len/accuracy-1024,0.81377734375
gdn-h2-ev16-usegate0-s124-d123,gdn-h2-ev16-s124-d123-b64-ga4-fp32-noearly4ep,20260520_gdn_capacity_layout_followup,b64_ga4_fp32_official_gdn,0,124,123,2,16,b64_ga4,float32,float32,5,mid_epoch,2.5,2,input_seq_len,1024,valid/input_seq_len/accuracy-1024,0.810015625
gdn-h2-ev16-usegate0-s124-d123,gdn-h2-ev16-s124-d123-b64-ga4-fp32-noearly4ep,20260520_gdn_capacity_layout_followup,b64_ga4_fp32_official_gdn,0,124,123,2,16,b64_ga4,float32,float32,6,epoch_end,3.0,2,input_seq_len,1024,valid/input_seq_len/accuracy-1024,0.8363046875
gdn-h2-ev16-usegate0-s124-d123,gdn-h2-ev16-s124-d123-b64-ga4-fp32-noearly4ep,20260520_gdn_capacity_layout_followup,b64_ga4_fp32_official_gdn,0,124,123,2,16,b64_ga4,float32,float32,7,mid_epoch,3.5,3,input_seq_len,1024,valid/input_seq_len/accuracy-1024,0.83509765625
gdn-h2-ev16-usegate0-s124-d123,gdn-h2-ev16-s124-d123-b64-ga4-fp32-noearly4ep,20260520_gdn_capacity_layout_followup,b64_ga4_fp32_official_gdn,0,124,123,2,16,b64_ga4,float32,float32,8,epoch_end,4.0,3,input_seq_len,1024,valid/input_seq_len/accuracy-1024,0.84472265625
gdn-h2-ev16-usegate0-s124-d123,gdn-h2-ev16-s124-d123-b64-ga4-fp32-noearly4ep,20260520_gdn_capacity_layout_followup,b64_ga4_fp32_official_gdn,0,124,123,2,16,b64_ga4,float32,float32,1,mid_epoch,0.5,0,input_seq_len,128,valid/input_seq_len/accuracy-128,0.99815625
gdn-h2-ev16-usegate0-s124-d123,gdn-h2-ev16-s124-d123-b64-ga4-fp32-noearly4ep,20260520_gdn_capacity_layout_followup,b64_ga4_fp32_official_gdn,0,124,123,2,16,b64_ga4,float32,float32,2,epoch_end,1.0,0,input_seq_len,128,valid/input_seq_len/accuracy-128,1.0
gdn-h2-ev16-usegate0-s124-d123,gdn-h2-ev16-s124-d123-b64-ga4-fp32-noearly4ep,20260520_gdn_capacity_layout_followup,b64_ga4_fp32_official_gdn,0,124,123,2,16,b64_ga4,float32,float32,3,mid_epoch,1.5,1,input_seq_len,128,valid/input_seq_len/accuracy-128,1.0
gdn-h2-ev16-usegate0-s124-d123,gdn-h2-ev16-s124-d123-b64-ga4-fp32-noearly4ep,20260520_gdn_capacity_layout_followup,b64_ga4_fp32_official_gdn,0,124,123,2,16,b64_ga4,float32,float32,4,epoch_end,2.0,1,input_seq_len,128,valid/input_seq_len/accuracy-128,1.0
gdn-h2-ev16-usegate0-s124-d123,gdn-h2-ev16-s124-d123-b64-ga4-fp32-noearly4ep,20260520_gdn_capacity_layout_followup,b64_ga4_fp32_official_gdn,0,124,123,2,16,b64_ga4,float32,float32,5,mid_epoch,2.5,2,input_seq_len,128,valid/input_seq_len/accuracy-128,1.0
gdn-h2-ev16-usegate0-s124-d123,gdn-h2-ev16-s124-d123-b64-ga4-fp32-noearly4ep,20260520_gdn_capacity_layout_followup,b64_ga4_fp32_official_gdn,0,124,123,2,16,b64_ga4,float32,float32,6,epoch_end,3.0,2,input_seq_len,128,valid/input_seq_len/accuracy-128,1.0
gdn-h2-ev16-usegate0-s124-d123,gdn-h2-ev16-s124-d123-b64-ga4-fp32-noearly4ep,20260520_gdn_capacity_layout_followup,b64_ga4_fp32_official_gdn,0,124,123,2,16,b64_ga4,float32,float32,7,mid_epoch,3.5,3,input_seq_len,128,valid/input_seq_len/accuracy-128,1.0
gdn-h2-ev16-usegate0-s124-d123,gdn-h2-ev16-s124-d123-b64-ga4-fp32-noearly4ep,20260520_gdn_capacity_layout_followup,b64_ga4_fp32_official_gdn,0,124,123,2,16,b64_ga4,float32,float32,8,epoch_end,4.0,3,input_seq_len,128,valid/input_seq_len/accuracy-128,1.0
gdn-h2-ev16-usegate0-s124-d123,gdn-h2-ev16-s124-d123-b64-ga4-fp32-noearly4ep,20260520_gdn_capacity_layout_followup,b64_ga4_fp32_official_gdn,0,124,123,2,16,b64_ga4,float32,float32,1,mid_epoch,0.5,0,input_seq_len,256,valid/input_seq_len/accuracy-256,0.9726875
gdn-h2-ev16-usegate0-s124-d123,gdn-h2-ev16-s124-d123-b64-ga4-fp32-noearly4ep,20260520_gdn_capacity_layout_followup,b64_ga4_fp32_official_gdn,0,124,123,2,16,b64_ga4,float32,float32,2,epoch_end,1.0,0,input_seq_len,256,valid/input_seq_len/accuracy-256,0.999703125
gdn-h2-ev16-usegate0-s124-d123,gdn-h2-ev16-s124-d123-b64-ga4-fp32-noearly4ep,20260520_gdn_capacity_layout_followup,b64_ga4_fp32_official_gdn,0,124,123,2,16,b64_ga4,float32,float32,3,mid_epoch,1.5,1,input_seq_len,256,valid/input_seq_len/accuracy-256,0.999828125
gdn-h2-ev16-usegate0-s124-d123,gdn-h2-ev16-s124-d123-b64-ga4-fp32-noearly4ep,20260520_gdn_capacity_layout_followup,b64_ga4_fp32_official_gdn,0,124,123,2,16,b64_ga4,float32,float32,4,epoch_end,2.0,1,input_seq_len,256,valid/input_seq_len/accuracy-256,0.9999375
gdn-h2-ev16-usegate0-s124-d123,gdn-h2-ev16-s124-d123-b64-ga4-fp32-noearly4ep,20260520_gdn_capacity_layout_followup,b64_ga4_fp32_official_gdn,0,124,123,2,16,b64_ga4,float32,float32,5,mid_epoch,2.5,2,input_seq_len,256,valid/input_seq_len/accuracy-256,1.0
gdn-h2-ev16-usegate0-s124-d123,gdn-h2-ev16-s124-d123-b64-ga4-fp32-noearly4ep,20260520_gdn_capacity_layout_followup,b64_ga4_fp32_official_gdn,0,124,123,2,16,b64_ga4,float32,float32,6,epoch_end,3.0,2,input_seq_len,256,valid/input_seq_len/accuracy-256,0.999984375
gdn-h2-ev16-usegate0-s124-d123,gdn-h2-ev16-s124-d123-b64-ga4-fp32-noearly4ep,20260520_gdn_capacity_layout_followup,b64_ga4_fp32_official_gdn,0,124,123,2,16,b64_ga4,float32,float32,7,mid_epoch,3.5,3,input_seq_len,256,valid/input_seq_len/accuracy-256,1.0
gdn-h2-ev16-usegate0-s124-d123,gdn-h2-ev16-s124-d123-b64-ga4-fp32-noearly4ep,20260520_gdn_capacity_layout_followup,b64_ga4_fp32_official_gdn,0,124,123,2,16,b64_ga4,float32,float32,8,epoch_end,4.0,3,input_seq_len,256,valid/input_seq_len/accuracy-256,1.0
gdn-h2-ev16-usegate0-s124-d123,gdn-h2-ev16-s124-d123-b64-ga4-fp32-noearly4ep,20260520_gdn_capacity_layout_followup,b64_ga4_fp32_official_gdn,0,124,123,2,16,b64_ga4,float32,float32,1,mid_epoch,0.5,0,input_seq_len,512,valid/input_seq_len/accuracy-512,0.84509765625
gdn-h2-ev16-usegate0-s124-d123,gdn-h2-ev16-s124-d123-b64-ga4-fp32-noearly4ep,20260520_gdn_capacity_layout_followup,b64_ga4_fp32_official_gdn,0,124,123,2,16,b64_ga4,float32,float32,2,epoch_end,1.0,0,input_seq_len,512,valid/input_seq_len/accuracy-512,0.99103515625
gdn-h2-ev16-usegate0-s124-d123,gdn-h2-ev16-s124-d123-b64-ga4-fp32-noearly4ep,20260520_gdn_capacity_layout_followup,b64_ga4_fp32_official_gdn,0,124,123,2,16,b64_ga4,float32,float32,3,mid_epoch,1.5,1,input_seq_len,512,valid/input_seq_len/accuracy-512,0.9944140625
gdn-h2-ev16-usegate0-s124-d123,gdn-h2-ev16-s124-d123-b64-ga4-fp32-noearly4ep,20260520_gdn_capacity_layout_followup,b64_ga4_fp32_official_gdn,0,124,123,2,16,b64_ga4,float32,float32,4,epoch_end,2.0,1,input_seq_len,512,valid/input_seq_len/accuracy-512,0.996671875
gdn-h2-ev16-usegate0-s124-d123,gdn-h2-ev16-s124-d123-b64-ga4-fp32-noearly4ep,20260520_gdn_capacity_layout_followup,b64_ga4_fp32_official_gdn,0,124,123,2,16,b64_ga4,float32,float32,5,mid_epoch,2.5,2,input_seq_len,512,valid/input_seq_len/accuracy-512,0.99683203125
gdn-h2-ev16-usegate0-s124-d123,gdn-h2-ev16-s124-d123-b64-ga4-fp32-noearly4ep,20260520_gdn_capacity_layout_followup,b64_ga4_fp32_official_gdn,0,124,123,2,16,b64_ga4,float32,float32,6,epoch_end,3.0,2,input_seq_len,512,valid/input_seq_len/accuracy-512,0.9977109375
gdn-h2-ev16-usegate0-s124-d123,gdn-h2-ev16-s124-d123-b64-ga4-fp32-noearly4ep,20260520_gdn_capacity_layout_followup,b64_ga4_fp32_official_gdn,0,124,123,2,16,b64_ga4,float32,float32,7,mid_epoch,3.5,3,input_seq_len,512,valid/input_seq_len/accuracy-512,0.9977890625
gdn-h2-ev16-usegate0-s124-d123,gdn-h2-ev16-s124-d123-b64-ga4-fp32-noearly4ep,20260520_gdn_capacity_layout_followup,b64_ga4_fp32_official_gdn,0,124,123,2,16,b64_ga4,float32,float32,8,epoch_end,4.0,3,input_seq_len,512,valid/input_seq_len/accuracy-512,0.9980078125
gdn-h2-ev16-usegate0-s124-d123,gdn-h2-ev16-s124-d123-b64-ga4-fp32-noearly4ep,20260520_gdn_capacity_layout_followup,b64_ga4_fp32_official_gdn,0,124,123,2,16,b64_ga4,float32,float32,1,mid_epoch,0.5,0,input_seq_len,64,valid/input_seq_len/accuracy-64,0.9994583333333333
gdn-h2-ev16-usegate0-s124-d123,gdn-h2-ev16-s124-d123-b64-ga4-fp32-noearly4ep,20260520_gdn_capacity_layout_followup,b64_ga4_fp32_official_gdn,0,124,123,2,16,b64_ga4,float32,float32,2,epoch_end,1.0,0,input_seq_len,64,valid/input_seq_len/accuracy-64,1.0
gdn-h2-ev16-usegate0-s124-d123,gdn-h2-ev16-s124-d123-b64-ga4-fp32-noearly4ep,20260520_gdn_capacity_layout_followup,b64_ga4_fp32_official_gdn,0,124,123,2,16,b64_ga4,float32,float32,3,mid_epoch,1.5,1,input_seq_len,64,valid/input_seq_len/accuracy-64,1.0
gdn-h2-ev16-usegate0-s124-d123,gdn-h2-ev16-s124-d123-b64-ga4-fp32-noearly4ep,20260520_gdn_capacity_layout_followup,b64_ga4_fp32_official_gdn,0,124,123,2,16,b64_ga4,float32,float32,4,epoch_end,2.0,1,input_seq_len,64,valid/input_seq_len/accuracy-64,1.0
gdn-h2-ev16-usegate0-s124-d123,gdn-h2-ev16-s124-d123-b64-ga4-fp32-noearly4ep,20260520_gdn_capacity_layout_followup,b64_ga4_fp32_official_gdn,0,124,123,2,16,b64_ga4,float32,float32,5,mid_epoch,2.5,2,input_seq_len,64,valid/input_seq_len/accuracy-64,1.0
gdn-h2-ev16-usegate0-s124-d123,gdn-h2-ev16-s124-d123-b64-ga4-fp32-noearly4ep,20260520_gdn_capacity_layout_followup,b64_ga4_fp32_official_gdn,0,124,123,2,16,b64_ga4,float32,float32,6,epoch_end,3.0,2,input_seq_len,64,valid/input_seq_len/accuracy-64,1.0
gdn-h2-ev16-usegate0-s124-d123,gdn-h2-ev16-s124-d123-b64-ga4-fp32-noearly4ep,20260520_gdn_capacity_layout_followup,b64_ga4_fp32_official_gdn,0,124,123,2,16,b64_ga4,float32,float32,7,mid_epoch,3.5,3,input_seq_len,64,valid/input_seq_len/accuracy-64,1.0
gdn-h2-ev16-usegate0-s124-d123,gdn-h2-ev16-s124-d123-b64-ga4-fp32-noearly4ep,20260520_gdn_capacity_layout_followup,b64_ga4_fp32_official_gdn,0,124,123,2,16,b64_ga4,float32,float32,8,epoch_end,4.0,3,input_seq_len,64,valid/input_seq_len/accuracy-64,1.0
gdn-h2-ev16-usegate0-s124-d123,gdn-h2-ev16-s124-d123-b64-ga4-fp32-noearly4ep,20260520_gdn_capacity_layout_followup,b64_ga4_fp32_official_gdn,0,124,123,2,16,b64_ga4,float32,float32,1,mid_epoch,0.5,0,mqar_case,1024x256,valid/mqar_case/accuracy-1024x256,0.2946875
gdn-h2-ev16-usegate0-s124-d123,gdn-h2-ev16-s124-d123-b64-ga4-fp32-noearly4ep,20260520_gdn_capacity_layout_followup,b64_ga4_fp32_official_gdn,0,124,123,2,16,b64_ga4,float32,float32,2,epoch_end,1.0,0,mqar_case,1024x256,valid/mqar_case/accuracy-1024x256,0.72958203125
gdn-h2-ev16-usegate0-s124-d123,gdn-h2-ev16-s124-d123-b64-ga4-fp32-noearly4ep,20260520_gdn_capacity_layout_followup,b64_ga4_fp32_official_gdn,0,124,123,2,16,b64_ga4,float32,float32,3,mid_epoch,1.5,1,mqar_case,1024x256,valid/mqar_case/accuracy-1024x256,0.7714140625
gdn-h2-ev16-usegate0-s124-d123,gdn-h2-ev16-s124-d123-b64-ga4-fp32-noearly4ep,20260520_gdn_capacity_layout_followup,b64_ga4_fp32_official_gdn,0,124,123,2,16,b64_ga4,float32,float32,4,epoch_end,2.0,1,mqar_case,1024x256,valid/mqar_case/accuracy-1024x256,0.81377734375
gdn-h2-ev16-usegate0-s124-d123,gdn-h2-ev16-s124-d123-b64-ga4-fp32-noearly4ep,20260520_gdn_capacity_layout_followup,b64_ga4_fp32_official_gdn,0,124,123,2,16,b64_ga4,float32,float32,5,mid_epoch,2.5,2,mqar_case,1024x256,valid/mqar_case/accuracy-1024x256,0.810015625
gdn-h2-ev16-usegate0-s124-d123,gdn-h2-ev16-s124-d123-b64-ga4-fp32-noearly4ep,20260520_gdn_capacity_layout_followup,b64_ga4_fp32_official_gdn,0,124,123,2,16,b64_ga4,float32,float32,6,epoch_end,3.0,2,mqar_case,1024x256,valid/mqar_case/accuracy-1024x256,0.8363046875
gdn-h2-ev16-usegate0-s124-d123,gdn-h2-ev16-s124-d123-b64-ga4-fp32-noearly4ep,20260520_gdn_capacity_layout_followup,b64_ga4_fp32_official_gdn,0,124,123,2,16,b64_ga4,float32,float32,7,mid_epoch,3.5,3,mqar_case,1024x256,valid/mqar_case/accuracy-1024x256,0.83509765625
gdn-h2-ev16-usegate0-s124-d123,gdn-h2-ev16-s124-d123-b64-ga4-fp32-noearly4ep,20260520_gdn_capacity_layout_followup,b64_ga4_fp32_official_gdn,0,124,123,2,16,b64_ga4,float32,float32,8,epoch_end,4.0,3,mqar_case,1024x256,valid/mqar_case/accuracy-1024x256,0.84472265625
gdn-h2-ev16-usegate0-s124-d123,gdn-h2-ev16-s124-d123-b64-ga4-fp32-noearly4ep,20260520_gdn_capacity_layout_followup,b64_ga4_fp32_official_gdn,0,124,123,2,16,b64_ga4,float32,float32,1,mid_epoch,0.5,0,mqar_case,128x32,valid/mqar_case/accuracy-128x32,0.99815625
gdn-h2-ev16-usegate0-s124-d123,gdn-h2-ev16-s124-d123-b64-ga4-fp32-noearly4ep,20260520_gdn_capacity_layout_followup,b64_ga4_fp32_official_gdn,0,124,123,2,16,b64_ga4,float32,float32,2,epoch_end,1.0,0,mqar_case,128x32,valid/mqar_case/accuracy-128x32,1.0
gdn-h2-ev16-usegate0-s124-d123,gdn-h2-ev16-s124-d123-b64-ga4-fp32-noearly4ep,20260520_gdn_capacity_layout_followup,b64_ga4_fp32_official_gdn,0,124,123,2,16,b64_ga4,float32,float32,3,mid_epoch,1.5,1,mqar_case,128x32,valid/mqar_case/accuracy-128x32,1.0
gdn-h2-ev16-usegate0-s124-d123,gdn-h2-ev16-s124-d123-b64-ga4-fp32-noearly4ep,20260520_gdn_capacity_layout_followup,b64_ga4_fp32_official_gdn,0,124,123,2,16,b64_ga4,float32,float32,4,epoch_end,2.0,1,mqar_case,128x32,valid/mqar_case/accuracy-128x32,1.0
gdn-h2-ev16-usegate0-s124-d123,gdn-h2-ev16-s124-d123-b64-ga4-fp32-noearly4ep,20260520_gdn_capacity_layout_followup,b64_ga4_fp32_official_gdn,0,124,123,2,16,b64_ga4,float32,float32,5,mid_epoch,2.5,2,mqar_case,128x32,valid/mqar_case/accuracy-128x32,1.0
gdn-h2-ev16-usegate0-s124-d123,gdn-h2-ev16-s124-d123-b64-ga4-fp32-noearly4ep,20260520_gdn_capacity_layout_followup,b64_ga4_fp32_official_gdn,0,124,123,2,16,b64_ga4,float32,float32,6,epoch_end,3.0,2,mqar_case,128x32,valid/mqar_case/accuracy-128x32,1.0
gdn-h2-ev16-usegate0-s124-d123,gdn-h2-ev16-s124-d123-b64-ga4-fp32-noearly4ep,20260520_gdn_capacity_layout_followup,b64_ga4_fp32_official_gdn,0,124,123,2,16,b64_ga4,float32,float32,7,mid_epoch,3.5,3,mqar_case,128x32,valid/mqar_case/accuracy-128x32,1.0
gdn-h2-ev16-usegate0-s124-d123,gdn-h2-ev16-s124-d123-b64-ga4-fp32-noearly4ep,20260520_gdn_capacity_layout_followup,b64_ga4_fp32_official_gdn,0,124,123,2,16,b64_ga4,float32,float32,8,epoch_end,4.0,3,mqar_case,128x32,valid/mqar_case/accuracy-128x32,1.0
gdn-h2-ev16-usegate0-s124-d123,gdn-h2-ev16-s124-d123-b64-ga4-fp32-noearly4ep,20260520_gdn_capacity_layout_followup,b64_ga4_fp32_official_gdn,0,124,123,2,16,b64_ga4,float32,float32,1,mid_epoch,0.5,0,mqar_case,256x64,valid/mqar_case/accuracy-256x64,0.9726875
gdn-h2-ev16-usegate0-s124-d123,gdn-h2-ev16-s124-d123-b64-ga4-fp32-noearly4ep,20260520_gdn_capacity_layout_followup,b64_ga4_fp32_official_gdn,0,124,123,2,16,b64_ga4,float32,float32,2,epoch_end,1.0,0,mqar_case,256x64,valid/mqar_case/accuracy-256x64,0.999703125
gdn-h2-ev16-usegate0-s124-d123,gdn-h2-ev16-s124-d123-b64-ga4-fp32-noearly4ep,20260520_gdn_capacity_layout_followup,b64_ga4_fp32_official_gdn,0,124,123,2,16,b64_ga4,float32,float32,3,mid_epoch,1.5,1,mqar_case,256x64,valid/mqar_case/accuracy-256x64,0.999828125
gdn-h2-ev16-usegate0-s124-d123,gdn-h2-ev16-s124-d123-b64-ga4-fp32-noearly4ep,20260520_gdn_capacity_layout_followup,b64_ga4_fp32_official_gdn,0,124,123,2,16,b64_ga4,float32,float32,4,epoch_end,2.0,1,mqar_case,256x64,valid/mqar_case/accuracy-256x64,0.9999375
gdn-h2-ev16-usegate0-s124-d123,gdn-h2-ev16-s124-d123-b64-ga4-fp32-noearly4ep,20260520_gdn_capacity_layout_followup,b64_ga4_fp32_official_gdn,0,124,123,2,16,b64_ga4,float32,float32,5,mid_epoch,2.5,2,mqar_case,256x64,valid/mqar_case/accuracy-256x64,1.0
gdn-h2-ev16-usegate0-s124-d123,gdn-h2-ev16-s124-d123-b64-ga4-fp32-noearly4ep,20260520_gdn_capacity_layout_followup,b64_ga4_fp32_official_gdn,0,124,123,2,16,b64_ga4,float32,float32,6,epoch_end,3.0,2,mqar_case,256x64,valid/mqar_case/accuracy-256x64,0.999984375
gdn-h2-ev16-usegate0-s124-d123,gdn-h2-ev16-s124-d123-b64-ga4-fp32-noearly4ep,20260520_gdn_capacity_layout_followup,b64_ga4_fp32_official_gdn,0,124,123,2,16,b64_ga4,float32,float32,7,mid_epoch,3.5,3,mqar_case,256x64,valid/mqar_case/accuracy-256x64,1.0
gdn-h2-ev16-usegate0-s124-d123,gdn-h2-ev16-s124-d123-b64-ga4-fp32-noearly4ep,20260520_gdn_capacity_layout_followup,b64_ga4_fp32_official_gdn,0,124,123,2,16,b64_ga4,float32,float32,8,epoch_end,4.0,3,mqar_case,256x64,valid/mqar_case/accuracy-256x64,1.0
gdn-h2-ev16-usegate0-s124-d123,gdn-h2-ev16-s124-d123-b64-ga4-fp32-noearly4ep,20260520_gdn_capacity_layout_followup,b64_ga4_fp32_official_gdn,0,124,123,2,16,b64_ga4,float32,float32,1,mid_epoch,0.5,0,mqar_case,512x128,valid/mqar_case/accuracy-512x128,0.7238984375
gdn-h2-ev16-usegate0-s124-d123,gdn-h2-ev16-s124-d123-b64-ga4-fp32-noearly4ep,20260520_gdn_capacity_layout_followup,b64_ga4_fp32_official_gdn,0,124,123,2,16,b64_ga4,float32,float32,2,epoch_end,1.0,0,mqar_case,512x128,valid/mqar_case/accuracy-512x128,0.9829609375
gdn-h2-ev16-usegate0-s124-d123,gdn-h2-ev16-s124-d123-b64-ga4-fp32-noearly4ep,20260520_gdn_capacity_layout_followup,b64_ga4_fp32_official_gdn,0,124,123,2,16,b64_ga4,float32,float32,3,mid_epoch,1.5,1,mqar_case,512x128,valid/mqar_case/accuracy-512x128,0.98953125
gdn-h2-ev16-usegate0-s124-d123,gdn-h2-ev16-s124-d123-b64-ga4-fp32-noearly4ep,20260520_gdn_capacity_layout_followup,b64_ga4_fp32_official_gdn,0,124,123,2,16,b64_ga4,float32,float32,4,epoch_end,2.0,1,mqar_case,512x128,valid/mqar_case/accuracy-512x128,0.993859375
gdn-h2-ev16-usegate0-s124-d123,gdn-h2-ev16-s124-d123-b64-ga4-fp32-noearly4ep,20260520_gdn_capacity_layout_followup,b64_ga4_fp32_official_gdn,0,124,123,2,16,b64_ga4,float32,float32,5,mid_epoch,2.5,2,mqar_case,512x128,valid/mqar_case/accuracy-512x128,0.9941015625
gdn-h2-ev16-usegate0-s124-d123,gdn-h2-ev16-s124-d123-b64-ga4-fp32-noearly4ep,20260520_gdn_capacity_layout_followup,b64_ga4_fp32_official_gdn,0,124,123,2,16,b64_ga4,float32,float32,6,epoch_end,3.0,2,mqar_case,512x128,valid/mqar_case/accuracy-512x128,0.995828125
gdn-h2-ev16-usegate0-s124-d123,gdn-h2-ev16-s124-d123-b64-ga4-fp32-noearly4ep,20260520_gdn_capacity_layout_followup,b64_ga4_fp32_official_gdn,0,124,123,2,16,b64_ga4,float32,float32,7,mid_epoch,3.5,3,mqar_case,512x128,valid/mqar_case/accuracy-512x128,0.996
gdn-h2-ev16-usegate0-s124-d123,gdn-h2-ev16-s124-d123-b64-ga4-fp32-noearly4ep,20260520_gdn_capacity_layout_followup,b64_ga4_fp32_official_gdn,0,124,123,2,16,b64_ga4,float32,float32,8,epoch_end,4.0,3,mqar_case,512x128,valid/mqar_case/accuracy-512x128,0.996421875
gdn-h2-ev16-usegate0-s124-d123,gdn-h2-ev16-s124-d123-b64-ga4-fp32-noearly4ep,20260520_gdn_capacity_layout_followup,b64_ga4_fp32_official_gdn,0,124,123,2,16,b64_ga4,float32,float32,1,mid_epoch,0.5,0,mqar_case,512x64,valid/mqar_case/accuracy-512x64,0.966296875
gdn-h2-ev16-usegate0-s124-d123,gdn-h2-ev16-s124-d123-b64-ga4-fp32-noearly4ep,20260520_gdn_capacity_layout_followup,b64_ga4_fp32_official_gdn,0,124,123,2,16,b64_ga4,float32,float32,2,epoch_end,1.0,0,mqar_case,512x64,valid/mqar_case/accuracy-512x64,0.999109375
gdn-h2-ev16-usegate0-s124-d123,gdn-h2-ev16-s124-d123-b64-ga4-fp32-noearly4ep,20260520_gdn_capacity_layout_followup,b64_ga4_fp32_official_gdn,0,124,123,2,16,b64_ga4,float32,float32,3,mid_epoch,1.5,1,mqar_case,512x64,valid/mqar_case/accuracy-512x64,0.999296875
gdn-h2-ev16-usegate0-s124-d123,gdn-h2-ev16-s124-d123-b64-ga4-fp32-noearly4ep,20260520_gdn_capacity_layout_followup,b64_ga4_fp32_official_gdn,0,124,123,2,16,b64_ga4,float32,float32,4,epoch_end,2.0,1,mqar_case,512x64,valid/mqar_case/accuracy-512x64,0.999484375
gdn-h2-ev16-usegate0-s124-d123,gdn-h2-ev16-s124-d123-b64-ga4-fp32-noearly4ep,20260520_gdn_capacity_layout_followup,b64_ga4_fp32_official_gdn,0,124,123,2,16,b64_ga4,float32,float32,5,mid_epoch,2.5,2,mqar_case,512x64,valid/mqar_case/accuracy-512x64,0.9995625
gdn-h2-ev16-usegate0-s124-d123,gdn-h2-ev16-s124-d123-b64-ga4-fp32-noearly4ep,20260520_gdn_capacity_layout_followup,b64_ga4_fp32_official_gdn,0,124,123,2,16,b64_ga4,float32,float32,6,epoch_end,3.0,2,mqar_case,512x64,valid/mqar_case/accuracy-512x64,0.99959375
gdn-h2-ev16-usegate0-s124-d123,gdn-h2-ev16-s124-d123-b64-ga4-fp32-noearly4ep,20260520_gdn_capacity_layout_followup,b64_ga4_fp32_official_gdn,0,124,123,2,16,b64_ga4,float32,float32,7,mid_epoch,3.5,3,mqar_case,512x64,valid/mqar_case/accuracy-512x64,0.999578125
gdn-h2-ev16-usegate0-s124-d123,gdn-h2-ev16-s124-d123-b64-ga4-fp32-noearly4ep,20260520_gdn_capacity_layout_followup,b64_ga4_fp32_official_gdn,0,124,123,2,16,b64_ga4,float32,float32,8,epoch_end,4.0,3,mqar_case,512x64,valid/mqar_case/accuracy-512x64,0.99959375
gdn-h2-ev16-usegate0-s124-d123,gdn-h2-ev16-s124-d123-b64-ga4-fp32-noearly4ep,20260520_gdn_capacity_layout_followup,b64_ga4_fp32_official_gdn,0,124,123,2,16,b64_ga4,float32,float32,1,mid_epoch,0.5,0,mqar_case,64x16,valid/mqar_case/accuracy-64x16,0.99975
gdn-h2-ev16-usegate0-s124-d123,gdn-h2-ev16-s124-d123-b64-ga4-fp32-noearly4ep,20260520_gdn_capacity_layout_followup,b64_ga4_fp32_official_gdn,0,124,123,2,16,b64_ga4,float32,float32,2,epoch_end,1.0,0,mqar_case,64x16,valid/mqar_case/accuracy-64x16,1.0
gdn-h2-ev16-usegate0-s124-d123,gdn-h2-ev16-s124-d123-b64-ga4-fp32-noearly4ep,20260520_gdn_capacity_layout_followup,b64_ga4_fp32_official_gdn,0,124,123,2,16,b64_ga4,float32,float32,3,mid_epoch,1.5,1,mqar_case,64x16,valid/mqar_case/accuracy-64x16,1.0
gdn-h2-ev16-usegate0-s124-d123,gdn-h2-ev16-s124-d123-b64-ga4-fp32-noearly4ep,20260520_gdn_capacity_layout_followup,b64_ga4_fp32_official_gdn,0,124,123,2,16,b64_ga4,float32,float32,4,epoch_end,2.0,1,mqar_case,64x16,valid/mqar_case/accuracy-64x16,1.0
gdn-h2-ev16-usegate0-s124-d123,gdn-h2-ev16-s124-d123-b64-ga4-fp32-noearly4ep,20260520_gdn_capacity_layout_followup,b64_ga4_fp32_official_gdn,0,124,123,2,16,b64_ga4,float32,float32,5,mid_epoch,2.5,2,mqar_case,64x16,valid/mqar_case/accuracy-64x16,1.0
gdn-h2-ev16-usegate0-s124-d123,gdn-h2-ev16-s124-d123-b64-ga4-fp32-noearly4ep,20260520_gdn_capacity_layout_followup,b64_ga4_fp32_official_gdn,0,124,123,2,16,b64_ga4,float32,float32,6,epoch_end,3.0,2,mqar_case,64x16,valid/mqar_case/accuracy-64x16,1.0
gdn-h2-ev16-usegate0-s124-d123,gdn-h2-ev16-s124-d123-b64-ga4-fp32-noearly4ep,20260520_gdn_capacity_layout_followup,b64_ga4_fp32_official_gdn,0,124,123,2,16,b64_ga4,float32,float32,7,mid_epoch,3.5,3,mqar_case,64x16,valid/mqar_case/accuracy-64x16,1.0
gdn-h2-ev16-usegate0-s124-d123,gdn-h2-ev16-s124-d123-b64-ga4-fp32-noearly4ep,20260520_gdn_capacity_layout_followup,b64_ga4_fp32_official_gdn,0,124,123,2,16,b64_ga4,float32,float32,8,epoch_end,4.0,3,mqar_case,64x16,valid/mqar_case/accuracy-64x16,1.0
gdn-h2-ev16-usegate0-s124-d123,gdn-h2-ev16-s124-d123-b64-ga4-fp32-noearly4ep,20260520_gdn_capacity_layout_followup,b64_ga4_fp32_official_gdn,0,124,123,2,16,b64_ga4,float32,float32,1,mid_epoch,0.5,0,mqar_case,64x4,valid/mqar_case/accuracy-64x4,0.99925
gdn-h2-ev16-usegate0-s124-d123,gdn-h2-ev16-s124-d123-b64-ga4-fp32-noearly4ep,20260520_gdn_capacity_layout_followup,b64_ga4_fp32_official_gdn,0,124,123,2,16,b64_ga4,float32,float32,2,epoch_end,1.0,0,mqar_case,64x4,valid/mqar_case/accuracy-64x4,1.0
gdn-h2-ev16-usegate0-s124-d123,gdn-h2-ev16-s124-d123-b64-ga4-fp32-noearly4ep,20260520_gdn_capacity_layout_followup,b64_ga4_fp32_official_gdn,0,124,123,2,16,b64_ga4,float32,float32,3,mid_epoch,1.5,1,mqar_case,64x4,valid/mqar_case/accuracy-64x4,1.0
gdn-h2-ev16-usegate0-s124-d123,gdn-h2-ev16-s124-d123-b64-ga4-fp32-noearly4ep,20260520_gdn_capacity_layout_followup,b64_ga4_fp32_official_gdn,0,124,123,2,16,b64_ga4,float32,float32,4,epoch_end,2.0,1,mqar_case,64x4,valid/mqar_case/accuracy-64x4,1.0
gdn-h2-ev16-usegate0-s124-d123,gdn-h2-ev16-s124-d123-b64-ga4-fp32-noearly4ep,20260520_gdn_capacity_layout_followup,b64_ga4_fp32_official_gdn,0,124,123,2,16,b64_ga4,float32,float32,5,mid_epoch,2.5,2,mqar_case,64x4,valid/mqar_case/accuracy-64x4,1.0
gdn-h2-ev16-usegate0-s124-d123,gdn-h2-ev16-s124-d123-b64-ga4-fp32-noearly4ep,20260520_gdn_capacity_layout_followup,b64_ga4_fp32_official_gdn,0,124,123,2,16,b64_ga4,float32,float32,6,epoch_end,3.0,2,mqar_case,64x4,valid/mqar_case/accuracy-64x4,1.0
gdn-h2-ev16-usegate0-s124-d123,gdn-h2-ev16-s124-d123-b64-ga4-fp32-noearly4ep,20260520_gdn_capacity_layout_followup,b64_ga4_fp32_official_gdn,0,124,123,2,16,b64_ga4,float32,float32,7,mid_epoch,3.5,3,mqar_case,64x4,valid/mqar_case/accuracy-64x4,1.0
gdn-h2-ev16-usegate0-s124-d123,gdn-h2-ev16-s124-d123-b64-ga4-fp32-noearly4ep,20260520_gdn_capacity_layout_followup,b64_ga4_fp32_official_gdn,0,124,123,2,16,b64_ga4,float32,float32,8,epoch_end,4.0,3,mqar_case,64x4,valid/mqar_case/accuracy-64x4,1.0
gdn-h2-ev16-usegate0-s124-d123,gdn-h2-ev16-s124-d123-b64-ga4-fp32-noearly4ep,20260520_gdn_capacity_layout_followup,b64_ga4_fp32_official_gdn,0,124,123,2,16,b64_ga4,float32,float32,1,mid_epoch,0.5,0,mqar_case,64x8,valid/mqar_case/accuracy-64x8,0.999375
gdn-h2-ev16-usegate0-s124-d123,gdn-h2-ev16-s124-d123-b64-ga4-fp32-noearly4ep,20260520_gdn_capacity_layout_followup,b64_ga4_fp32_official_gdn,0,124,123,2,16,b64_ga4,float32,float32,2,epoch_end,1.0,0,mqar_case,64x8,valid/mqar_case/accuracy-64x8,1.0
gdn-h2-ev16-usegate0-s124-d123,gdn-h2-ev16-s124-d123-b64-ga4-fp32-noearly4ep,20260520_gdn_capacity_layout_followup,b64_ga4_fp32_official_gdn,0,124,123,2,16,b64_ga4,float32,float32,3,mid_epoch,1.5,1,mqar_case,64x8,valid/mqar_case/accuracy-64x8,1.0
gdn-h2-ev16-usegate0-s124-d123,gdn-h2-ev16-s124-d123-b64-ga4-fp32-noearly4ep,20260520_gdn_capacity_layout_followup,b64_ga4_fp32_official_gdn,0,124,123,2,16,b64_ga4,float32,float32,4,epoch_end,2.0,1,mqar_case,64x8,valid/mqar_case/accuracy-64x8,1.0
gdn-h2-ev16-usegate0-s124-d123,gdn-h2-ev16-s124-d123-b64-ga4-fp32-noearly4ep,20260520_gdn_capacity_layout_followup,b64_ga4_fp32_official_gdn,0,124,123,2,16,b64_ga4,float32,float32,5,mid_epoch,2.5,2,mqar_case,64x8,valid/mqar_case/accuracy-64x8,1.0
gdn-h2-ev16-usegate0-s124-d123,gdn-h2-ev16-s124-d123-b64-ga4-fp32-noearly4ep,20260520_gdn_capacity_layout_followup,b64_ga4_fp32_official_gdn,0,124,123,2,16,b64_ga4,float32,float32,6,epoch_end,3.0,2,mqar_case,64x8,valid/mqar_case/accuracy-64x8,1.0
gdn-h2-ev16-usegate0-s124-d123,gdn-h2-ev16-s124-d123-b64-ga4-fp32-noearly4ep,20260520_gdn_capacity_layout_followup,b64_ga4_fp32_official_gdn,0,124,123,2,16,b64_ga4,float32,float32,7,mid_epoch,3.5,3,mqar_case,64x8,valid/mqar_case/accuracy-64x8,1.0
gdn-h2-ev16-usegate0-s124-d123,gdn-h2-ev16-s124-d123-b64-ga4-fp32-noearly4ep,20260520_gdn_capacity_layout_followup,b64_ga4_fp32_official_gdn,0,124,123,2,16,b64_ga4,float32,float32,8,epoch_end,4.0,3,mqar_case,64x8,valid/mqar_case/accuracy-64x8,1.0
gdn-h2-ev16-usegate0-s124-d123,gdn-h2-ev16-s124-d123-b64-ga4-fp32-noearly4ep,20260520_gdn_capacity_layout_followup,b64_ga4_fp32_official_gdn,0,124,123,2,16,b64_ga4,float32,float32,1,mid_epoch,0.5,0,num_kv_pairs,128,valid/num_kv_pairs/accuracy-128,0.7238984375
gdn-h2-ev16-usegate0-s124-d123,gdn-h2-ev16-s124-d123-b64-ga4-fp32-noearly4ep,20260520_gdn_capacity_layout_followup,b64_ga4_fp32_official_gdn,0,124,123,2,16,b64_ga4,float32,float32,2,epoch_end,1.0,0,num_kv_pairs,128,valid/num_kv_pairs/accuracy-128,0.9829609375
gdn-h2-ev16-usegate0-s124-d123,gdn-h2-ev16-s124-d123-b64-ga4-fp32-noearly4ep,20260520_gdn_capacity_layout_followup,b64_ga4_fp32_official_gdn,0,124,123,2,16,b64_ga4,float32,float32,3,mid_epoch,1.5,1,num_kv_pairs,128,valid/num_kv_pairs/accuracy-128,0.98953125
gdn-h2-ev16-usegate0-s124-d123,gdn-h2-ev16-s124-d123-b64-ga4-fp32-noearly4ep,20260520_gdn_capacity_layout_followup,b64_ga4_fp32_official_gdn,0,124,123,2,16,b64_ga4,float32,float32,4,epoch_end,2.0,1,num_kv_pairs,128,valid/num_kv_pairs/accuracy-128,0.993859375
gdn-h2-ev16-usegate0-s124-d123,gdn-h2-ev16-s124-d123-b64-ga4-fp32-noearly4ep,20260520_gdn_capacity_layout_followup,b64_ga4_fp32_official_gdn,0,124,123,2,16,b64_ga4,float32,float32,5,mid_epoch,2.5,2,num_kv_pairs,128,valid/num_kv_pairs/accuracy-128,0.9941015625
gdn-h2-ev16-usegate0-s124-d123,gdn-h2-ev16-s124-d123-b64-ga4-fp32-noearly4ep,20260520_gdn_capacity_layout_followup,b64_ga4_fp32_official_gdn,0,124,123,2,16,b64_ga4,float32,float32,6,epoch_end,3.0,2,num_kv_pairs,128,valid/num_kv_pairs/accuracy-128,0.995828125
gdn-h2-ev16-usegate0-s124-d123,gdn-h2-ev16-s124-d123-b64-ga4-fp32-noearly4ep,20260520_gdn_capacity_layout_followup,b64_ga4_fp32_official_gdn,0,124,123,2,16,b64_ga4,float32,float32,7,mid_epoch,3.5,3,num_kv_pairs,128,valid/num_kv_pairs/accuracy-128,0.996
gdn-h2-ev16-usegate0-s124-d123,gdn-h2-ev16-s124-d123-b64-ga4-fp32-noearly4ep,20260520_gdn_capacity_layout_followup,b64_ga4_fp32_official_gdn,0,124,123,2,16,b64_ga4,float32,float32,8,epoch_end,4.0,3,num_kv_pairs,128,valid/num_kv_pairs/accuracy-128,0.996421875
gdn-h2-ev16-usegate0-s124-d123,gdn-h2-ev16-s124-d123-b64-ga4-fp32-noearly4ep,20260520_gdn_capacity_layout_followup,b64_ga4_fp32_official_gdn,0,124,123,2,16,b64_ga4,float32,float32,1,mid_epoch,0.5,0,num_kv_pairs,16,valid/num_kv_pairs/accuracy-16,0.99975
gdn-h2-ev16-usegate0-s124-d123,gdn-h2-ev16-s124-d123-b64-ga4-fp32-noearly4ep,20260520_gdn_capacity_layout_followup,b64_ga4_fp32_official_gdn,0,124,123,2,16,b64_ga4,float32,float32,2,epoch_end,1.0,0,num_kv_pairs,16,valid/num_kv_pairs/accuracy-16,1.0
gdn-h2-ev16-usegate0-s124-d123,gdn-h2-ev16-s124-d123-b64-ga4-fp32-noearly4ep,20260520_gdn_capacity_layout_followup,b64_ga4_fp32_official_gdn,0,124,123,2,16,b64_ga4,float32,float32,3,mid_epoch,1.5,1,num_kv_pairs,16,valid/num_kv_pairs/accuracy-16,1.0
gdn-h2-ev16-usegate0-s124-d123,gdn-h2-ev16-s124-d123-b64-ga4-fp32-noearly4ep,20260520_gdn_capacity_layout_followup,b64_ga4_fp32_official_gdn,0,124,123,2,16,b64_ga4,float32,float32,4,epoch_end,2.0,1,num_kv_pairs,16,valid/num_kv_pairs/accuracy-16,1.0
gdn-h2-ev16-usegate0-s124-d123,gdn-h2-ev16-s124-d123-b64-ga4-fp32-noearly4ep,20260520_gdn_capacity_layout_followup,b64_ga4_fp32_official_gdn,0,124,123,2,16,b64_ga4,float32,float32,5,mid_epoch,2.5,2,num_kv_pairs,16,valid/num_kv_pairs/accuracy-16,1.0
gdn-h2-ev16-usegate0-s124-d123,gdn-h2-ev16-s124-d123-b64-ga4-fp32-noearly4ep,20260520_gdn_capacity_layout_followup,b64_ga4_fp32_official_gdn,0,124,123,2,16,b64_ga4,float32,float32,6,epoch_end,3.0,2,num_kv_pairs,16,valid/num_kv_pairs/accuracy-16,1.0
gdn-h2-ev16-usegate0-s124-d123,gdn-h2-ev16-s124-d123-b64-ga4-fp32-noearly4ep,20260520_gdn_capacity_layout_followup,b64_ga4_fp32_official_gdn,0,124,123,2,16,b64_ga4,float32,float32,7,mid_epoch,3.5,3,num_kv_pairs,16,valid/num_kv_pairs/accuracy-16,1.0
gdn-h2-ev16-usegate0-s124-d123,gdn-h2-ev16-s124-d123-b64-ga4-fp32-noearly4ep,20260520_gdn_capacity_layout_followup,b64_ga4_fp32_official_gdn,0,124,123,2,16,b64_ga4,float32,float32,8,epoch_end,4.0,3,num_kv_pairs,16,valid/num_kv_pairs/accuracy-16,1.0
gdn-h2-ev16-usegate0-s124-d123,gdn-h2-ev16-s124-d123-b64-ga4-fp32-noearly4ep,20260520_gdn_capacity_layout_followup,b64_ga4_fp32_official_gdn,0,124,123,2,16,b64_ga4,float32,float32,1,mid_epoch,0.5,0,num_kv_pairs,256,valid/num_kv_pairs/accuracy-256,0.2946875
gdn-h2-ev16-usegate0-s124-d123,gdn-h2-ev16-s124-d123-b64-ga4-fp32-noearly4ep,20260520_gdn_capacity_layout_followup,b64_ga4_fp32_official_gdn,0,124,123,2,16,b64_ga4,float32,float32,2,epoch_end,1.0,0,num_kv_pairs,256,valid/num_kv_pairs/accuracy-256,0.72958203125
gdn-h2-ev16-usegate0-s124-d123,gdn-h2-ev16-s124-d123-b64-ga4-fp32-noearly4ep,20260520_gdn_capacity_layout_followup,b64_ga4_fp32_official_gdn,0,124,123,2,16,b64_ga4,float32,float32,3,mid_epoch,1.5,1,num_kv_pairs,256,valid/num_kv_pairs/accuracy-256,0.7714140625
gdn-h2-ev16-usegate0-s124-d123,gdn-h2-ev16-s124-d123-b64-ga4-fp32-noearly4ep,20260520_gdn_capacity_layout_followup,b64_ga4_fp32_official_gdn,0,124,123,2,16,b64_ga4,float32,float32,4,epoch_end,2.0,1,num_kv_pairs,256,valid/num_kv_pairs/accuracy-256,0.81377734375
gdn-h2-ev16-usegate0-s124-d123,gdn-h2-ev16-s124-d123-b64-ga4-fp32-noearly4ep,20260520_gdn_capacity_layout_followup,b64_ga4_fp32_official_gdn,0,124,123,2,16,b64_ga4,float32,float32,5,mid_epoch,2.5,2,num_kv_pairs,256,valid/num_kv_pairs/accuracy-256,0.810015625
gdn-h2-ev16-usegate0-s124-d123,gdn-h2-ev16-s124-d123-b64-ga4-fp32-noearly4ep,20260520_gdn_capacity_layout_followup,b64_ga4_fp32_official_gdn,0,124,123,2,16,b64_ga4,float32,float32,6,epoch_end,3.0,2,num_kv_pairs,256,valid/num_kv_pairs/accuracy-256,0.8363046875
gdn-h2-ev16-usegate0-s124-d123,gdn-h2-ev16-s124-d123-b64-ga4-fp32-noearly4ep,20260520_gdn_capacity_layout_followup,b64_ga4_fp32_official_gdn,0,124,123,2,16,b64_ga4,float32,float32,7,mid_epoch,3.5,3,num_kv_pairs,256,valid/num_kv_pairs/accuracy-256,0.83509765625
gdn-h2-ev16-usegate0-s124-d123,gdn-h2-ev16-s124-d123-b64-ga4-fp32-noearly4ep,20260520_gdn_capacity_layout_followup,b64_ga4_fp32_official_gdn,0,124,123,2,16,b64_ga4,float32,float32,8,epoch_end,4.0,3,num_kv_pairs,256,valid/num_kv_pairs/accuracy-256,0.84472265625
gdn-h2-ev16-usegate0-s124-d123,gdn-h2-ev16-s124-d123-b64-ga4-fp32-noearly4ep,20260520_gdn_capacity_layout_followup,b64_ga4_fp32_official_gdn,0,124,123,2,16,b64_ga4,float32,float32,1,mid_epoch,0.5,0,num_kv_pairs,32,valid/num_kv_pairs/accuracy-32,0.99815625
gdn-h2-ev16-usegate0-s124-d123,gdn-h2-ev16-s124-d123-b64-ga4-fp32-noearly4ep,20260520_gdn_capacity_layout_followup,b64_ga4_fp32_official_gdn,0,124,123,2,16,b64_ga4,float32,float32,2,epoch_end,1.0,0,num_kv_pairs,32,valid/num_kv_pairs/accuracy-32,1.0
gdn-h2-ev16-usegate0-s124-d123,gdn-h2-ev16-s124-d123-b64-ga4-fp32-noearly4ep,20260520_gdn_capacity_layout_followup,b64_ga4_fp32_official_gdn,0,124,123,2,16,b64_ga4,float32,float32,3,mid_epoch,1.5,1,num_kv_pairs,32,valid/num_kv_pairs/accuracy-32,1.0
gdn-h2-ev16-usegate0-s124-d123,gdn-h2-ev16-s124-d123-b64-ga4-fp32-noearly4ep,20260520_gdn_capacity_layout_followup,b64_ga4_fp32_official_gdn,0,124,123,2,16,b64_ga4,float32,float32,4,epoch_end,2.0,1,num_kv_pairs,32,valid/num_kv_pairs/accuracy-32,1.0
gdn-h2-ev16-usegate0-s124-d123,gdn-h2-ev16-s124-d123-b64-ga4-fp32-noearly4ep,20260520_gdn_capacity_layout_followup,b64_ga4_fp32_official_gdn,0,124,123,2,16,b64_ga4,float32,float32,5,mid_epoch,2.5,2,num_kv_pairs,32,valid/num_kv_pairs/accuracy-32,1.0
gdn-h2-ev16-usegate0-s124-d123,gdn-h2-ev16-s124-d123-b64-ga4-fp32-noearly4ep,20260520_gdn_capacity_layout_followup,b64_ga4_fp32_official_gdn,0,124,123,2,16,b64_ga4,float32,float32,6,epoch_end,3.0,2,num_kv_pairs,32,valid/num_kv_pairs/accuracy-32,1.0
gdn-h2-ev16-usegate0-s124-d123,gdn-h2-ev16-s124-d123-b64-ga4-fp32-noearly4ep,20260520_gdn_capacity_layout_followup,b64_ga4_fp32_official_gdn,0,124,123,2,16,b64_ga4,float32,float32,7,mid_epoch,3.5,3,num_kv_pairs,32,valid/num_kv_pairs/accuracy-32,1.0
gdn-h2-ev16-usegate0-s124-d123,gdn-h2-ev16-s124-d123-b64-ga4-fp32-noearly4ep,20260520_gdn_capacity_layout_followup,b64_ga4_fp32_official_gdn,0,124,123,2,16,b64_ga4,float32,float32,8,epoch_end,4.0,3,num_kv_pairs,32,valid/num_kv_pairs/accuracy-32,1.0
gdn-h2-ev16-usegate0-s124-d123,gdn-h2-ev16-s124-d123-b64-ga4-fp32-noearly4ep,20260520_gdn_capacity_layout_followup,b64_ga4_fp32_official_gdn,0,124,123,2,16,b64_ga4,float32,float32,1,mid_epoch,0.5,0,num_kv_pairs,4,valid/num_kv_pairs/accuracy-4,0.99925
gdn-h2-ev16-usegate0-s124-d123,gdn-h2-ev16-s124-d123-b64-ga4-fp32-noearly4ep,20260520_gdn_capacity_layout_followup,b64_ga4_fp32_official_gdn,0,124,123,2,16,b64_ga4,float32,float32,2,epoch_end,1.0,0,num_kv_pairs,4,valid/num_kv_pairs/accuracy-4,1.0
gdn-h2-ev16-usegate0-s124-d123,gdn-h2-ev16-s124-d123-b64-ga4-fp32-noearly4ep,20260520_gdn_capacity_layout_followup,b64_ga4_fp32_official_gdn,0,124,123,2,16,b64_ga4,float32,float32,3,mid_epoch,1.5,1,num_kv_pairs,4,valid/num_kv_pairs/accuracy-4,1.0
gdn-h2-ev16-usegate0-s124-d123,gdn-h2-ev16-s124-d123-b64-ga4-fp32-noearly4ep,20260520_gdn_capacity_layout_followup,b64_ga4_fp32_official_gdn,0,124,123,2,16,b64_ga4,float32,float32,4,epoch_end,2.0,1,num_kv_pairs,4,valid/num_kv_pairs/accuracy-4,1.0
gdn-h2-ev16-usegate0-s124-d123,gdn-h2-ev16-s124-d123-b64-ga4-fp32-noearly4ep,20260520_gdn_capacity_layout_followup,b64_ga4_fp32_official_gdn,0,124,123,2,16,b64_ga4,float32,float32,5,mid_epoch,2.5,2,num_kv_pairs,4,valid/num_kv_pairs/accuracy-4,1.0
gdn-h2-ev16-usegate0-s124-d123,gdn-h2-ev16-s124-d123-b64-ga4-fp32-noearly4ep,20260520_gdn_capacity_layout_followup,b64_ga4_fp32_official_gdn,0,124,123,2,16,b64_ga4,float32,float32,6,epoch_end,3.0,2,num_kv_pairs,4,valid/num_kv_pairs/accuracy-4,1.0
gdn-h2-ev16-usegate0-s124-d123,gdn-h2-ev16-s124-d123-b64-ga4-fp32-noearly4ep,20260520_gdn_capacity_layout_followup,b64_ga4_fp32_official_gdn,0,124,123,2,16,b64_ga4,float32,float32,7,mid_epoch,3.5,3,num_kv_pairs,4,valid/num_kv_pairs/accuracy-4,1.0
gdn-h2-ev16-usegate0-s124-d123,gdn-h2-ev16-s124-d123-b64-ga4-fp32-noearly4ep,20260520_gdn_capacity_layout_followup,b64_ga4_fp32_official_gdn,0,124,123,2,16,b64_ga4,float32,float32,8,epoch_end,4.0,3,num_kv_pairs,4,valid/num_kv_pairs/accuracy-4,1.0
gdn-h2-ev16-usegate0-s124-d123,gdn-h2-ev16-s124-d123-b64-ga4-fp32-noearly4ep,20260520_gdn_capacity_layout_followup,b64_ga4_fp32_official_gdn,0,124,123,2,16,b64_ga4,float32,float32,1,mid_epoch,0.5,0,num_kv_pairs,64,valid/num_kv_pairs/accuracy-64,0.9694921875
gdn-h2-ev16-usegate0-s124-d123,gdn-h2-ev16-s124-d123-b64-ga4-fp32-noearly4ep,20260520_gdn_capacity_layout_followup,b64_ga4_fp32_official_gdn,0,124,123,2,16,b64_ga4,float32,float32,2,epoch_end,1.0,0,num_kv_pairs,64,valid/num_kv_pairs/accuracy-64,0.99940625
gdn-h2-ev16-usegate0-s124-d123,gdn-h2-ev16-s124-d123-b64-ga4-fp32-noearly4ep,20260520_gdn_capacity_layout_followup,b64_ga4_fp32_official_gdn,0,124,123,2,16,b64_ga4,float32,float32,3,mid_epoch,1.5,1,num_kv_pairs,64,valid/num_kv_pairs/accuracy-64,0.9995625
gdn-h2-ev16-usegate0-s124-d123,gdn-h2-ev16-s124-d123-b64-ga4-fp32-noearly4ep,20260520_gdn_capacity_layout_followup,b64_ga4_fp32_official_gdn,0,124,123,2,16,b64_ga4,float32,float32,4,epoch_end,2.0,1,num_kv_pairs,64,valid/num_kv_pairs/accuracy-64,0.9997109375
gdn-h2-ev16-usegate0-s124-d123,gdn-h2-ev16-s124-d123-b64-ga4-fp32-noearly4ep,20260520_gdn_capacity_layout_followup,b64_ga4_fp32_official_gdn,0,124,123,2,16,b64_ga4,float32,float32,5,mid_epoch,2.5,2,num_kv_pairs,64,valid/num_kv_pairs/accuracy-64,0.99978125
gdn-h2-ev16-usegate0-s124-d123,gdn-h2-ev16-s124-d123-b64-ga4-fp32-noearly4ep,20260520_gdn_capacity_layout_followup,b64_ga4_fp32_official_gdn,0,124,123,2,16,b64_ga4,float32,float32,6,epoch_end,3.0,2,num_kv_pairs,64,valid/num_kv_pairs/accuracy-64,0.9997890625
gdn-h2-ev16-usegate0-s124-d123,gdn-h2-ev16-s124-d123-b64-ga4-fp32-noearly4ep,20260520_gdn_capacity_layout_followup,b64_ga4_fp32_official_gdn,0,124,123,2,16,b64_ga4,float32,float32,7,mid_epoch,3.5,3,num_kv_pairs,64,valid/num_kv_pairs/accuracy-64,0.9997890625
gdn-h2-ev16-usegate0-s124-d123,gdn-h2-ev16-s124-d123-b64-ga4-fp32-noearly4ep,20260520_gdn_capacity_layout_followup,b64_ga4_fp32_official_gdn,0,124,123,2,16,b64_ga4,float32,float32,8,epoch_end,4.0,3,num_kv_pairs,64,valid/num_kv_pairs/accuracy-64,0.999796875
gdn-h2-ev16-usegate0-s124-d123,gdn-h2-ev16-s124-d123-b64-ga4-fp32-noearly4ep,20260520_gdn_capacity_layout_followup,b64_ga4_fp32_official_gdn,0,124,123,2,16,b64_ga4,float32,float32,1,mid_epoch,0.5,0,num_kv_pairs,8,valid/num_kv_pairs/accuracy-8,0.999375
gdn-h2-ev16-usegate0-s124-d123,gdn-h2-ev16-s124-d123-b64-ga4-fp32-noearly4ep,20260520_gdn_capacity_layout_followup,b64_ga4_fp32_official_gdn,0,124,123,2,16,b64_ga4,float32,float32,2,epoch_end,1.0,0,num_kv_pairs,8,valid/num_kv_pairs/accuracy-8,1.0
gdn-h2-ev16-usegate0-s124-d123,gdn-h2-ev16-s124-d123-b64-ga4-fp32-noearly4ep,20260520_gdn_capacity_layout_followup,b64_ga4_fp32_official_gdn,0,124,123,2,16,b64_ga4,float32,float32,3,mid_epoch,1.5,1,num_kv_pairs,8,valid/num_kv_pairs/accuracy-8,1.0
gdn-h2-ev16-usegate0-s124-d123,gdn-h2-ev16-s124-d123-b64-ga4-fp32-noearly4ep,20260520_gdn_capacity_layout_followup,b64_ga4_fp32_official_gdn,0,124,123,2,16,b64_ga4,float32,float32,4,epoch_end,2.0,1,num_kv_pairs,8,valid/num_kv_pairs/accuracy-8,1.0
gdn-h2-ev16-usegate0-s124-d123,gdn-h2-ev16-s124-d123-b64-ga4-fp32-noearly4ep,20260520_gdn_capacity_layout_followup,b64_ga4_fp32_official_gdn,0,124,123,2,16,b64_ga4,float32,float32,5,mid_epoch,2.5,2,num_kv_pairs,8,valid/num_kv_pairs/accuracy-8,1.0
gdn-h2-ev16-usegate0-s124-d123,gdn-h2-ev16-s124-d123-b64-ga4-fp32-noearly4ep,20260520_gdn_capacity_layout_followup,b64_ga4_fp32_official_gdn,0,124,123,2,16,b64_ga4,float32,float32,6,epoch_end,3.0,2,num_kv_pairs,8,valid/num_kv_pairs/accuracy-8,1.0
gdn-h2-ev16-usegate0-s124-d123,gdn-h2-ev16-s124-d123-b64-ga4-fp32-noearly4ep,20260520_gdn_capacity_layout_followup,b64_ga4_fp32_official_gdn,0,124,123,2,16,b64_ga4,float32,float32,7,mid_epoch,3.5,3,num_kv_pairs,8,valid/num_kv_pairs/accuracy-8,1.0
gdn-h2-ev16-usegate0-s124-d123,gdn-h2-ev16-s124-d123-b64-ga4-fp32-noearly4ep,20260520_gdn_capacity_layout_followup,b64_ga4_fp32_official_gdn,0,124,123,2,16,b64_ga4,float32,float32,8,epoch_end,4.0,3,num_kv_pairs,8,valid/num_kv_pairs/accuracy-8,1.0
gdn-h2-ev16-usegate0-s125-d123,gdn-h2-ev16-s125-d123-b64-ga4-fp32-noearly4ep,20260520_gdn_capacity_layout_followup,b64_ga4_fp32_official_gdn,1,125,123,2,16,b64_ga4,float32,float32,1,mid_epoch,0.5,0,input_seq_len,1024,valid/input_seq_len/accuracy-1024,0.34132421875
gdn-h2-ev16-usegate0-s125-d123,gdn-h2-ev16-s125-d123-b64-ga4-fp32-noearly4ep,20260520_gdn_capacity_layout_followup,b64_ga4_fp32_official_gdn,1,125,123,2,16,b64_ga4,float32,float32,2,epoch_end,1.0,0,input_seq_len,1024,valid/input_seq_len/accuracy-1024,0.72169140625
gdn-h2-ev16-usegate0-s125-d123,gdn-h2-ev16-s125-d123-b64-ga4-fp32-noearly4ep,20260520_gdn_capacity_layout_followup,b64_ga4_fp32_official_gdn,1,125,123,2,16,b64_ga4,float32,float32,3,mid_epoch,1.5,1,input_seq_len,1024,valid/input_seq_len/accuracy-1024,0.77620703125
gdn-h2-ev16-usegate0-s125-d123,gdn-h2-ev16-s125-d123-b64-ga4-fp32-noearly4ep,20260520_gdn_capacity_layout_followup,b64_ga4_fp32_official_gdn,1,125,123,2,16,b64_ga4,float32,float32,4,epoch_end,2.0,1,input_seq_len,1024,valid/input_seq_len/accuracy-1024,0.82117578125
gdn-h2-ev16-usegate0-s125-d123,gdn-h2-ev16-s125-d123-b64-ga4-fp32-noearly4ep,20260520_gdn_capacity_layout_followup,b64_ga4_fp32_official_gdn,1,125,123,2,16,b64_ga4,float32,float32,5,mid_epoch,2.5,2,input_seq_len,1024,valid/input_seq_len/accuracy-1024,0.82428125
gdn-h2-ev16-usegate0-s125-d123,gdn-h2-ev16-s125-d123-b64-ga4-fp32-noearly4ep,20260520_gdn_capacity_layout_followup,b64_ga4_fp32_official_gdn,1,125,123,2,16,b64_ga4,float32,float32,6,epoch_end,3.0,2,input_seq_len,1024,valid/input_seq_len/accuracy-1024,0.84099609375
gdn-h2-ev16-usegate0-s125-d123,gdn-h2-ev16-s125-d123-b64-ga4-fp32-noearly4ep,20260520_gdn_capacity_layout_followup,b64_ga4_fp32_official_gdn,1,125,123,2,16,b64_ga4,float32,float32,7,mid_epoch,3.5,3,input_seq_len,1024,valid/input_seq_len/accuracy-1024,0.84012890625
gdn-h2-ev16-usegate0-s125-d123,gdn-h2-ev16-s125-d123-b64-ga4-fp32-noearly4ep,20260520_gdn_capacity_layout_followup,b64_ga4_fp32_official_gdn,1,125,123,2,16,b64_ga4,float32,float32,8,epoch_end,4.0,3,input_seq_len,1024,valid/input_seq_len/accuracy-1024,0.8467578125
gdn-h2-ev16-usegate0-s125-d123,gdn-h2-ev16-s125-d123-b64-ga4-fp32-noearly4ep,20260520_gdn_capacity_layout_followup,b64_ga4_fp32_official_gdn,1,125,123,2,16,b64_ga4,float32,float32,1,mid_epoch,0.5,0,input_seq_len,128,valid/input_seq_len/accuracy-128,0.99909375
gdn-h2-ev16-usegate0-s125-d123,gdn-h2-ev16-s125-d123-b64-ga4-fp32-noearly4ep,20260520_gdn_capacity_layout_followup,b64_ga4_fp32_official_gdn,1,125,123,2,16,b64_ga4,float32,float32,2,epoch_end,1.0,0,input_seq_len,128,valid/input_seq_len/accuracy-128,1.0
gdn-h2-ev16-usegate0-s125-d123,gdn-h2-ev16-s125-d123-b64-ga4-fp32-noearly4ep,20260520_gdn_capacity_layout_followup,b64_ga4_fp32_official_gdn,1,125,123,2,16,b64_ga4,float32,float32,3,mid_epoch,1.5,1,input_seq_len,128,valid/input_seq_len/accuracy-128,1.0
gdn-h2-ev16-usegate0-s125-d123,gdn-h2-ev16-s125-d123-b64-ga4-fp32-noearly4ep,20260520_gdn_capacity_layout_followup,b64_ga4_fp32_official_gdn,1,125,123,2,16,b64_ga4,float32,float32,4,epoch_end,2.0,1,input_seq_len,128,valid/input_seq_len/accuracy-128,1.0
gdn-h2-ev16-usegate0-s125-d123,gdn-h2-ev16-s125-d123-b64-ga4-fp32-noearly4ep,20260520_gdn_capacity_layout_followup,b64_ga4_fp32_official_gdn,1,125,123,2,16,b64_ga4,float32,float32,5,mid_epoch,2.5,2,input_seq_len,128,valid/input_seq_len/accuracy-128,1.0
gdn-h2-ev16-usegate0-s125-d123,gdn-h2-ev16-s125-d123-b64-ga4-fp32-noearly4ep,20260520_gdn_capacity_layout_followup,b64_ga4_fp32_official_gdn,1,125,123,2,16,b64_ga4,float32,float32,6,epoch_end,3.0,2,input_seq_len,128,valid/input_seq_len/accuracy-128,1.0
gdn-h2-ev16-usegate0-s125-d123,gdn-h2-ev16-s125-d123-b64-ga4-fp32-noearly4ep,20260520_gdn_capacity_layout_followup,b64_ga4_fp32_official_gdn,1,125,123,2,16,b64_ga4,float32,float32,7,mid_epoch,3.5,3,input_seq_len,128,valid/input_seq_len/accuracy-128,1.0
gdn-h2-ev16-usegate0-s125-d123,gdn-h2-ev16-s125-d123-b64-ga4-fp32-noearly4ep,20260520_gdn_capacity_layout_followup,b64_ga4_fp32_official_gdn,1,125,123,2,16,b64_ga4,float32,float32,8,epoch_end,4.0,3,input_seq_len,128,valid/input_seq_len/accuracy-128,1.0
gdn-h2-ev16-usegate0-s125-d123,gdn-h2-ev16-s125-d123-b64-ga4-fp32-noearly4ep,20260520_gdn_capacity_layout_followup,b64_ga4_fp32_official_gdn,1,125,123,2,16,b64_ga4,float32,float32,1,mid_epoch,0.5,0,input_seq_len,256,valid/input_seq_len/accuracy-256,0.98471875
gdn-h2-ev16-usegate0-s125-d123,gdn-h2-ev16-s125-d123-b64-ga4-fp32-noearly4ep,20260520_gdn_capacity_layout_followup,b64_ga4_fp32_official_gdn,1,125,123,2,16,b64_ga4,float32,float32,2,epoch_end,1.0,0,input_seq_len,256,valid/input_seq_len/accuracy-256,0.999796875
gdn-h2-ev16-usegate0-s125-d123,gdn-h2-ev16-s125-d123-b64-ga4-fp32-noearly4ep,20260520_gdn_capacity_layout_followup,b64_ga4_fp32_official_gdn,1,125,123,2,16,b64_ga4,float32,float32,3,mid_epoch,1.5,1,input_seq_len,256,valid/input_seq_len/accuracy-256,0.99990625
gdn-h2-ev16-usegate0-s125-d123,gdn-h2-ev16-s125-d123-b64-ga4-fp32-noearly4ep,20260520_gdn_capacity_layout_followup,b64_ga4_fp32_official_gdn,1,125,123,2,16,b64_ga4,float32,float32,4,epoch_end,2.0,1,input_seq_len,256,valid/input_seq_len/accuracy-256,0.99996875
gdn-h2-ev16-usegate0-s125-d123,gdn-h2-ev16-s125-d123-b64-ga4-fp32-noearly4ep,20260520_gdn_capacity_layout_followup,b64_ga4_fp32_official_gdn,1,125,123,2,16,b64_ga4,float32,float32,5,mid_epoch,2.5,2,input_seq_len,256,valid/input_seq_len/accuracy-256,0.99996875
gdn-h2-ev16-usegate0-s125-d123,gdn-h2-ev16-s125-d123-b64-ga4-fp32-noearly4ep,20260520_gdn_capacity_layout_followup,b64_ga4_fp32_official_gdn,1,125,123,2,16,b64_ga4,float32,float32,6,epoch_end,3.0,2,input_seq_len,256,valid/input_seq_len/accuracy-256,1.0
gdn-h2-ev16-usegate0-s125-d123,gdn-h2-ev16-s125-d123-b64-ga4-fp32-noearly4ep,20260520_gdn_capacity_layout_followup,b64_ga4_fp32_official_gdn,1,125,123,2,16,b64_ga4,float32,float32,7,mid_epoch,3.5,3,input_seq_len,256,valid/input_seq_len/accuracy-256,1.0
gdn-h2-ev16-usegate0-s125-d123,gdn-h2-ev16-s125-d123-b64-ga4-fp32-noearly4ep,20260520_gdn_capacity_layout_followup,b64_ga4_fp32_official_gdn,1,125,123,2,16,b64_ga4,float32,float32,8,epoch_end,4.0,3,input_seq_len,256,valid/input_seq_len/accuracy-256,1.0
gdn-h2-ev16-usegate0-s125-d123,gdn-h2-ev16-s125-d123-b64-ga4-fp32-noearly4ep,20260520_gdn_capacity_layout_followup,b64_ga4_fp32_official_gdn,1,125,123,2,16,b64_ga4,float32,float32,1,mid_epoch,0.5,0,input_seq_len,512,valid/input_seq_len/accuracy-512,0.88307421875
gdn-h2-ev16-usegate0-s125-d123,gdn-h2-ev16-s125-d123-b64-ga4-fp32-noearly4ep,20260520_gdn_capacity_layout_followup,b64_ga4_fp32_official_gdn,1,125,123,2,16,b64_ga4,float32,float32,2,epoch_end,1.0,0,input_seq_len,512,valid/input_seq_len/accuracy-512,0.9919921875
gdn-h2-ev16-usegate0-s125-d123,gdn-h2-ev16-s125-d123-b64-ga4-fp32-noearly4ep,20260520_gdn_capacity_layout_followup,b64_ga4_fp32_official_gdn,1,125,123,2,16,b64_ga4,float32,float32,3,mid_epoch,1.5,1,input_seq_len,512,valid/input_seq_len/accuracy-512,0.99591015625
gdn-h2-ev16-usegate0-s125-d123,gdn-h2-ev16-s125-d123-b64-ga4-fp32-noearly4ep,20260520_gdn_capacity_layout_followup,b64_ga4_fp32_official_gdn,1,125,123,2,16,b64_ga4,float32,float32,4,epoch_end,2.0,1,input_seq_len,512,valid/input_seq_len/accuracy-512,0.99765234375
gdn-h2-ev16-usegate0-s125-d123,gdn-h2-ev16-s125-d123-b64-ga4-fp32-noearly4ep,20260520_gdn_capacity_layout_followup,b64_ga4_fp32_official_gdn,1,125,123,2,16,b64_ga4,float32,float32,5,mid_epoch,2.5,2,input_seq_len,512,valid/input_seq_len/accuracy-512,0.99787890625
gdn-h2-ev16-usegate0-s125-d123,gdn-h2-ev16-s125-d123-b64-ga4-fp32-noearly4ep,20260520_gdn_capacity_layout_followup,b64_ga4_fp32_official_gdn,1,125,123,2,16,b64_ga4,float32,float32,6,epoch_end,3.0,2,input_seq_len,512,valid/input_seq_len/accuracy-512,0.99835546875
gdn-h2-ev16-usegate0-s125-d123,gdn-h2-ev16-s125-d123-b64-ga4-fp32-noearly4ep,20260520_gdn_capacity_layout_followup,b64_ga4_fp32_official_gdn,1,125,123,2,16,b64_ga4,float32,float32,7,mid_epoch,3.5,3,input_seq_len,512,valid/input_seq_len/accuracy-512,0.99834765625
gdn-h2-ev16-usegate0-s125-d123,gdn-h2-ev16-s125-d123-b64-ga4-fp32-noearly4ep,20260520_gdn_capacity_layout_followup,b64_ga4_fp32_official_gdn,1,125,123,2,16,b64_ga4,float32,float32,8,epoch_end,4.0,3,input_seq_len,512,valid/input_seq_len/accuracy-512,0.99847265625
gdn-h2-ev16-usegate0-s125-d123,gdn-h2-ev16-s125-d123-b64-ga4-fp32-noearly4ep,20260520_gdn_capacity_layout_followup,b64_ga4_fp32_official_gdn,1,125,123,2,16,b64_ga4,float32,float32,1,mid_epoch,0.5,0,input_seq_len,64,valid/input_seq_len/accuracy-64,0.9995833333333334
gdn-h2-ev16-usegate0-s125-d123,gdn-h2-ev16-s125-d123-b64-ga4-fp32-noearly4ep,20260520_gdn_capacity_layout_followup,b64_ga4_fp32_official_gdn,1,125,123,2,16,b64_ga4,float32,float32,2,epoch_end,1.0,0,input_seq_len,64,valid/input_seq_len/accuracy-64,1.0
gdn-h2-ev16-usegate0-s125-d123,gdn-h2-ev16-s125-d123-b64-ga4-fp32-noearly4ep,20260520_gdn_capacity_layout_followup,b64_ga4_fp32_official_gdn,1,125,123,2,16,b64_ga4,float32,float32,3,mid_epoch,1.5,1,input_seq_len,64,valid/input_seq_len/accuracy-64,1.0
gdn-h2-ev16-usegate0-s125-d123,gdn-h2-ev16-s125-d123-b64-ga4-fp32-noearly4ep,20260520_gdn_capacity_layout_followup,b64_ga4_fp32_official_gdn,1,125,123,2,16,b64_ga4,float32,float32,4,epoch_end,2.0,1,input_seq_len,64,valid/input_seq_len/accuracy-64,1.0
gdn-h2-ev16-usegate0-s125-d123,gdn-h2-ev16-s125-d123-b64-ga4-fp32-noearly4ep,20260520_gdn_capacity_layout_followup,b64_ga4_fp32_official_gdn,1,125,123,2,16,b64_ga4,float32,float32,5,mid_epoch,2.5,2,input_seq_len,64,valid/input_seq_len/accuracy-64,1.0
gdn-h2-ev16-usegate0-s125-d123,gdn-h2-ev16-s125-d123-b64-ga4-fp32-noearly4ep,20260520_gdn_capacity_layout_followup,b64_ga4_fp32_official_gdn,1,125,123,2,16,b64_ga4,float32,float32,6,epoch_end,3.0,2,input_seq_len,64,valid/input_seq_len/accuracy-64,1.0
gdn-h2-ev16-usegate0-s125-d123,gdn-h2-ev16-s125-d123-b64-ga4-fp32-noearly4ep,20260520_gdn_capacity_layout_followup,b64_ga4_fp32_official_gdn,1,125,123,2,16,b64_ga4,float32,float32,7,mid_epoch,3.5,3,input_seq_len,64,valid/input_seq_len/accuracy-64,1.0
gdn-h2-ev16-usegate0-s125-d123,gdn-h2-ev16-s125-d123-b64-ga4-fp32-noearly4ep,20260520_gdn_capacity_layout_followup,b64_ga4_fp32_official_gdn,1,125,123,2,16,b64_ga4,float32,float32,8,epoch_end,4.0,3,input_seq_len,64,valid/input_seq_len/accuracy-64,1.0
gdn-h2-ev16-usegate0-s125-d123,gdn-h2-ev16-s125-d123-b64-ga4-fp32-noearly4ep,20260520_gdn_capacity_layout_followup,b64_ga4_fp32_official_gdn,1,125,123,2,16,b64_ga4,float32,float32,1,mid_epoch,0.5,0,mqar_case,1024x256,valid/mqar_case/accuracy-1024x256,0.34132421875
gdn-h2-ev16-usegate0-s125-d123,gdn-h2-ev16-s125-d123-b64-ga4-fp32-noearly4ep,20260520_gdn_capacity_layout_followup,b64_ga4_fp32_official_gdn,1,125,123,2,16,b64_ga4,float32,float32,2,epoch_end,1.0,0,mqar_case,1024x256,valid/mqar_case/accuracy-1024x256,0.72169140625
gdn-h2-ev16-usegate0-s125-d123,gdn-h2-ev16-s125-d123-b64-ga4-fp32-noearly4ep,20260520_gdn_capacity_layout_followup,b64_ga4_fp32_official_gdn,1,125,123,2,16,b64_ga4,float32,float32,3,mid_epoch,1.5,1,mqar_case,1024x256,valid/mqar_case/accuracy-1024x256,0.77620703125
gdn-h2-ev16-usegate0-s125-d123,gdn-h2-ev16-s125-d123-b64-ga4-fp32-noearly4ep,20260520_gdn_capacity_layout_followup,b64_ga4_fp32_official_gdn,1,125,123,2,16,b64_ga4,float32,float32,4,epoch_end,2.0,1,mqar_case,1024x256,valid/mqar_case/accuracy-1024x256,0.82117578125
gdn-h2-ev16-usegate0-s125-d123,gdn-h2-ev16-s125-d123-b64-ga4-fp32-noearly4ep,20260520_gdn_capacity_layout_followup,b64_ga4_fp32_official_gdn,1,125,123,2,16,b64_ga4,float32,float32,5,mid_epoch,2.5,2,mqar_case,1024x256,valid/mqar_case/accuracy-1024x256,0.82428125
gdn-h2-ev16-usegate0-s125-d123,gdn-h2-ev16-s125-d123-b64-ga4-fp32-noearly4ep,20260520_gdn_capacity_layout_followup,b64_ga4_fp32_official_gdn,1,125,123,2,16,b64_ga4,float32,float32,6,epoch_end,3.0,2,mqar_case,1024x256,valid/mqar_case/accuracy-1024x256,0.84099609375
gdn-h2-ev16-usegate0-s125-d123,gdn-h2-ev16-s125-d123-b64-ga4-fp32-noearly4ep,20260520_gdn_capacity_layout_followup,b64_ga4_fp32_official_gdn,1,125,123,2,16,b64_ga4,float32,float32,7,mid_epoch,3.5,3,mqar_case,1024x256,valid/mqar_case/accuracy-1024x256,0.84012890625
gdn-h2-ev16-usegate0-s125-d123,gdn-h2-ev16-s125-d123-b64-ga4-fp32-noearly4ep,20260520_gdn_capacity_layout_followup,b64_ga4_fp32_official_gdn,1,125,123,2,16,b64_ga4,float32,float32,8,epoch_end,4.0,3,mqar_case,1024x256,valid/mqar_case/accuracy-1024x256,0.8467578125
gdn-h2-ev16-usegate0-s125-d123,gdn-h2-ev16-s125-d123-b64-ga4-fp32-noearly4ep,20260520_gdn_capacity_layout_followup,b64_ga4_fp32_official_gdn,1,125,123,2,16,b64_ga4,float32,float32,1,mid_epoch,0.5,0,mqar_case,128x32,valid/mqar_case/accuracy-128x32,0.99909375
gdn-h2-ev16-usegate0-s125-d123,gdn-h2-ev16-s125-d123-b64-ga4-fp32-noearly4ep,20260520_gdn_capacity_layout_followup,b64_ga4_fp32_official_gdn,1,125,123,2,16,b64_ga4,float32,float32,2,epoch_end,1.0,0,mqar_case,128x32,valid/mqar_case/accuracy-128x32,1.0
gdn-h2-ev16-usegate0-s125-d123,gdn-h2-ev16-s125-d123-b64-ga4-fp32-noearly4ep,20260520_gdn_capacity_layout_followup,b64_ga4_fp32_official_gdn,1,125,123,2,16,b64_ga4,float32,float32,3,mid_epoch,1.5,1,mqar_case,128x32,valid/mqar_case/accuracy-128x32,1.0
gdn-h2-ev16-usegate0-s125-d123,gdn-h2-ev16-s125-d123-b64-ga4-fp32-noearly4ep,20260520_gdn_capacity_layout_followup,b64_ga4_fp32_official_gdn,1,125,123,2,16,b64_ga4,float32,float32,4,epoch_end,2.0,1,mqar_case,128x32,valid/mqar_case/accuracy-128x32,1.0
gdn-h2-ev16-usegate0-s125-d123,gdn-h2-ev16-s125-d123-b64-ga4-fp32-noearly4ep,20260520_gdn_capacity_layout_followup,b64_ga4_fp32_official_gdn,1,125,123,2,16,b64_ga4,float32,float32,5,mid_epoch,2.5,2,mqar_case,128x32,valid/mqar_case/accuracy-128x32,1.0
gdn-h2-ev16-usegate0-s125-d123,gdn-h2-ev16-s125-d123-b64-ga4-fp32-noearly4ep,20260520_gdn_capacity_layout_followup,b64_ga4_fp32_official_gdn,1,125,123,2,16,b64_ga4,float32,float32,6,epoch_end,3.0,2,mqar_case,128x32,valid/mqar_case/accuracy-128x32,1.0
gdn-h2-ev16-usegate0-s125-d123,gdn-h2-ev16-s125-d123-b64-ga4-fp32-noearly4ep,20260520_gdn_capacity_layout_followup,b64_ga4_fp32_official_gdn,1,125,123,2,16,b64_ga4,float32,float32,7,mid_epoch,3.5,3,mqar_case,128x32,valid/mqar_case/accuracy-128x32,1.0
gdn-h2-ev16-usegate0-s125-d123,gdn-h2-ev16-s125-d123-b64-ga4-fp32-noearly4ep,20260520_gdn_capacity_layout_followup,b64_ga4_fp32_official_gdn,1,125,123,2,16,b64_ga4,float32,float32,8,epoch_end,4.0,3,mqar_case,128x32,valid/mqar_case/accuracy-128x32,1.0
gdn-h2-ev16-usegate0-s125-d123,gdn-h2-ev16-s125-d123-b64-ga4-fp32-noearly4ep,20260520_gdn_capacity_layout_followup,b64_ga4_fp32_official_gdn,1,125,123,2,16,b64_ga4,float32,float32,1,mid_epoch,0.5,0,mqar_case,256x64,valid/mqar_case/accuracy-256x64,0.98471875
gdn-h2-ev16-usegate0-s125-d123,gdn-h2-ev16-s125-d123-b64-ga4-fp32-noearly4ep,20260520_gdn_capacity_layout_followup,b64_ga4_fp32_official_gdn,1,125,123,2,16,b64_ga4,float32,float32,2,epoch_end,1.0,0,mqar_case,256x64,valid/mqar_case/accuracy-256x64,0.999796875
gdn-h2-ev16-usegate0-s125-d123,gdn-h2-ev16-s125-d123-b64-ga4-fp32-noearly4ep,20260520_gdn_capacity_layout_followup,b64_ga4_fp32_official_gdn,1,125,123,2,16,b64_ga4,float32,float32,3,mid_epoch,1.5,1,mqar_case,256x64,valid/mqar_case/accuracy-256x64,0.99990625
gdn-h2-ev16-usegate0-s125-d123,gdn-h2-ev16-s125-d123-b64-ga4-fp32-noearly4ep,20260520_gdn_capacity_layout_followup,b64_ga4_fp32_official_gdn,1,125,123,2,16,b64_ga4,float32,float32,4,epoch_end,2.0,1,mqar_case,256x64,valid/mqar_case/accuracy-256x64,0.99996875
gdn-h2-ev16-usegate0-s125-d123,gdn-h2-ev16-s125-d123-b64-ga4-fp32-noearly4ep,20260520_gdn_capacity_layout_followup,b64_ga4_fp32_official_gdn,1,125,123,2,16,b64_ga4,float32,float32,5,mid_epoch,2.5,2,mqar_case,256x64,valid/mqar_case/accuracy-256x64,0.99996875
gdn-h2-ev16-usegate0-s125-d123,gdn-h2-ev16-s125-d123-b64-ga4-fp32-noearly4ep,20260520_gdn_capacity_layout_followup,b64_ga4_fp32_official_gdn,1,125,123,2,16,b64_ga4,float32,float32,6,epoch_end,3.0,2,mqar_case,256x64,valid/mqar_case/accuracy-256x64,1.0
gdn-h2-ev16-usegate0-s125-d123,gdn-h2-ev16-s125-d123-b64-ga4-fp32-noearly4ep,20260520_gdn_capacity_layout_followup,b64_ga4_fp32_official_gdn,1,125,123,2,16,b64_ga4,float32,float32,7,mid_epoch,3.5,3,mqar_case,256x64,valid/mqar_case/accuracy-256x64,1.0
gdn-h2-ev16-usegate0-s125-d123,gdn-h2-ev16-s125-d123-b64-ga4-fp32-noearly4ep,20260520_gdn_capacity_layout_followup,b64_ga4_fp32_official_gdn,1,125,123,2,16,b64_ga4,float32,float32,8,epoch_end,4.0,3,mqar_case,256x64,valid/mqar_case/accuracy-256x64,1.0
gdn-h2-ev16-usegate0-s125-d123,gdn-h2-ev16-s125-d123-b64-ga4-fp32-noearly4ep,20260520_gdn_capacity_layout_followup,b64_ga4_fp32_official_gdn,1,125,123,2,16,b64_ga4,float32,float32,1,mid_epoch,0.5,0,mqar_case,512x128,valid/mqar_case/accuracy-512x128,0.7858359375
gdn-h2-ev16-usegate0-s125-d123,gdn-h2-ev16-s125-d123-b64-ga4-fp32-noearly4ep,20260520_gdn_capacity_layout_followup,b64_ga4_fp32_official_gdn,1,125,123,2,16,b64_ga4,float32,float32,2,epoch_end,1.0,0,mqar_case,512x128,valid/mqar_case/accuracy-512x128,0.984484375
gdn-h2-ev16-usegate0-s125-d123,gdn-h2-ev16-s125-d123-b64-ga4-fp32-noearly4ep,20260520_gdn_capacity_layout_followup,b64_ga4_fp32_official_gdn,1,125,123,2,16,b64_ga4,float32,float32,3,mid_epoch,1.5,1,mqar_case,512x128,valid/mqar_case/accuracy-512x128,0.9920859375
gdn-h2-ev16-usegate0-s125-d123,gdn-h2-ev16-s125-d123-b64-ga4-fp32-noearly4ep,20260520_gdn_capacity_layout_followup,b64_ga4_fp32_official_gdn,1,125,123,2,16,b64_ga4,float32,float32,4,epoch_end,2.0,1,mqar_case,512x128,valid/mqar_case/accuracy-512x128,0.9955546875
gdn-h2-ev16-usegate0-s125-d123,gdn-h2-ev16-s125-d123-b64-ga4-fp32-noearly4ep,20260520_gdn_capacity_layout_followup,b64_ga4_fp32_official_gdn,1,125,123,2,16,b64_ga4,float32,float32,5,mid_epoch,2.5,2,mqar_case,512x128,valid/mqar_case/accuracy-512x128,0.9959765625
gdn-h2-ev16-usegate0-s125-d123,gdn-h2-ev16-s125-d123-b64-ga4-fp32-noearly4ep,20260520_gdn_capacity_layout_followup,b64_ga4_fp32_official_gdn,1,125,123,2,16,b64_ga4,float32,float32,6,epoch_end,3.0,2,mqar_case,512x128,valid/mqar_case/accuracy-512x128,0.9969296875
gdn-h2-ev16-usegate0-s125-d123,gdn-h2-ev16-s125-d123-b64-ga4-fp32-noearly4ep,20260520_gdn_capacity_layout_followup,b64_ga4_fp32_official_gdn,1,125,123,2,16,b64_ga4,float32,float32,7,mid_epoch,3.5,3,mqar_case,512x128,valid/mqar_case/accuracy-512x128,0.9969140625
gdn-h2-ev16-usegate0-s125-d123,gdn-h2-ev16-s125-d123-b64-ga4-fp32-noearly4ep,20260520_gdn_capacity_layout_followup,b64_ga4_fp32_official_gdn,1,125,123,2,16,b64_ga4,float32,float32,8,epoch_end,4.0,3,mqar_case,512x128,valid/mqar_case/accuracy-512x128,0.9971484375
gdn-h2-ev16-usegate0-s125-d123,gdn-h2-ev16-s125-d123-b64-ga4-fp32-noearly4ep,20260520_gdn_capacity_layout_followup,b64_ga4_fp32_official_gdn,1,125,123,2,16,b64_ga4,float32,float32,1,mid_epoch,0.5,0,mqar_case,512x64,valid/mqar_case/accuracy-512x64,0.9803125
gdn-h2-ev16-usegate0-s125-d123,gdn-h2-ev16-s125-d123-b64-ga4-fp32-noearly4ep,20260520_gdn_capacity_layout_followup,b64_ga4_fp32_official_gdn,1,125,123,2,16,b64_ga4,float32,float32,2,epoch_end,1.0,0,mqar_case,512x64,valid/mqar_case/accuracy-512x64,0.9995
gdn-h2-ev16-usegate0-s125-d123,gdn-h2-ev16-s125-d123-b64-ga4-fp32-noearly4ep,20260520_gdn_capacity_layout_followup,b64_ga4_fp32_official_gdn,1,125,123,2,16,b64_ga4,float32,float32,3,mid_epoch,1.5,1,mqar_case,512x64,valid/mqar_case/accuracy-512x64,0.999734375
gdn-h2-ev16-usegate0-s125-d123,gdn-h2-ev16-s125-d123-b64-ga4-fp32-noearly4ep,20260520_gdn_capacity_layout_followup,b64_ga4_fp32_official_gdn,1,125,123,2,16,b64_ga4,float32,float32,4,epoch_end,2.0,1,mqar_case,512x64,valid/mqar_case/accuracy-512x64,0.99975
gdn-h2-ev16-usegate0-s125-d123,gdn-h2-ev16-s125-d123-b64-ga4-fp32-noearly4ep,20260520_gdn_capacity_layout_followup,b64_ga4_fp32_official_gdn,1,125,123,2,16,b64_ga4,float32,float32,5,mid_epoch,2.5,2,mqar_case,512x64,valid/mqar_case/accuracy-512x64,0.99978125
gdn-h2-ev16-usegate0-s125-d123,gdn-h2-ev16-s125-d123-b64-ga4-fp32-noearly4ep,20260520_gdn_capacity_layout_followup,b64_ga4_fp32_official_gdn,1,125,123,2,16,b64_ga4,float32,float32,6,epoch_end,3.0,2,mqar_case,512x64,valid/mqar_case/accuracy-512x64,0.99978125
gdn-h2-ev16-usegate0-s125-d123,gdn-h2-ev16-s125-d123-b64-ga4-fp32-noearly4ep,20260520_gdn_capacity_layout_followup,b64_ga4_fp32_official_gdn,1,125,123,2,16,b64_ga4,float32,float32,7,mid_epoch,3.5,3,mqar_case,512x64,valid/mqar_case/accuracy-512x64,0.99978125
gdn-h2-ev16-usegate0-s125-d123,gdn-h2-ev16-s125-d123-b64-ga4-fp32-noearly4ep,20260520_gdn_capacity_layout_followup,b64_ga4_fp32_official_gdn,1,125,123,2,16,b64_ga4,float32,float32,8,epoch_end,4.0,3,mqar_case,512x64,valid/mqar_case/accuracy-512x64,0.999796875
gdn-h2-ev16-usegate0-s125-d123,gdn-h2-ev16-s125-d123-b64-ga4-fp32-noearly4ep,20260520_gdn_capacity_layout_followup,b64_ga4_fp32_official_gdn,1,125,123,2,16,b64_ga4,float32,float32,1,mid_epoch,0.5,0,mqar_case,64x16,valid/mqar_case/accuracy-64x16,0.999875
gdn-h2-ev16-usegate0-s125-d123,gdn-h2-ev16-s125-d123-b64-ga4-fp32-noearly4ep,20260520_gdn_capacity_layout_followup,b64_ga4_fp32_official_gdn,1,125,123,2,16,b64_ga4,float32,float32,2,epoch_end,1.0,0,mqar_case,64x16,valid/mqar_case/accuracy-64x16,1.0
gdn-h2-ev16-usegate0-s125-d123,gdn-h2-ev16-s125-d123-b64-ga4-fp32-noearly4ep,20260520_gdn_capacity_layout_followup,b64_ga4_fp32_official_gdn,1,125,123,2,16,b64_ga4,float32,float32,3,mid_epoch,1.5,1,mqar_case,64x16,valid/mqar_case/accuracy-64x16,1.0
gdn-h2-ev16-usegate0-s125-d123,gdn-h2-ev16-s125-d123-b64-ga4-fp32-noearly4ep,20260520_gdn_capacity_layout_followup,b64_ga4_fp32_official_gdn,1,125,123,2,16,b64_ga4,float32,float32,4,epoch_end,2.0,1,mqar_case,64x16,valid/mqar_case/accuracy-64x16,1.0
gdn-h2-ev16-usegate0-s125-d123,gdn-h2-ev16-s125-d123-b64-ga4-fp32-noearly4ep,20260520_gdn_capacity_layout_followup,b64_ga4_fp32_official_gdn,1,125,123,2,16,b64_ga4,float32,float32,5,mid_epoch,2.5,2,mqar_case,64x16,valid/mqar_case/accuracy-64x16,1.0
gdn-h2-ev16-usegate0-s125-d123,gdn-h2-ev16-s125-d123-b64-ga4-fp32-noearly4ep,20260520_gdn_capacity_layout_followup,b64_ga4_fp32_official_gdn,1,125,123,2,16,b64_ga4,float32,float32,6,epoch_end,3.0,2,mqar_case,64x16,valid/mqar_case/accuracy-64x16,1.0
gdn-h2-ev16-usegate0-s125-d123,gdn-h2-ev16-s125-d123-b64-ga4-fp32-noearly4ep,20260520_gdn_capacity_layout_followup,b64_ga4_fp32_official_gdn,1,125,123,2,16,b64_ga4,float32,float32,7,mid_epoch,3.5,3,mqar_case,64x16,valid/mqar_case/accuracy-64x16,1.0
gdn-h2-ev16-usegate0-s125-d123,gdn-h2-ev16-s125-d123-b64-ga4-fp32-noearly4ep,20260520_gdn_capacity_layout_followup,b64_ga4_fp32_official_gdn,1,125,123,2,16,b64_ga4,float32,float32,8,epoch_end,4.0,3,mqar_case,64x16,valid/mqar_case/accuracy-64x16,1.0
gdn-h2-ev16-usegate0-s125-d123,gdn-h2-ev16-s125-d123-b64-ga4-fp32-noearly4ep,20260520_gdn_capacity_layout_followup,b64_ga4_fp32_official_gdn,1,125,123,2,16,b64_ga4,float32,float32,1,mid_epoch,0.5,0,mqar_case,64x4,valid/mqar_case/accuracy-64x4,0.99925
gdn-h2-ev16-usegate0-s125-d123,gdn-h2-ev16-s125-d123-b64-ga4-fp32-noearly4ep,20260520_gdn_capacity_layout_followup,b64_ga4_fp32_official_gdn,1,125,123,2,16,b64_ga4,float32,float32,2,epoch_end,1.0,0,mqar_case,64x4,valid/mqar_case/accuracy-64x4,1.0
gdn-h2-ev16-usegate0-s125-d123,gdn-h2-ev16-s125-d123-b64-ga4-fp32-noearly4ep,20260520_gdn_capacity_layout_followup,b64_ga4_fp32_official_gdn,1,125,123,2,16,b64_ga4,float32,float32,3,mid_epoch,1.5,1,mqar_case,64x4,valid/mqar_case/accuracy-64x4,1.0
gdn-h2-ev16-usegate0-s125-d123,gdn-h2-ev16-s125-d123-b64-ga4-fp32-noearly4ep,20260520_gdn_capacity_layout_followup,b64_ga4_fp32_official_gdn,1,125,123,2,16,b64_ga4,float32,float32,4,epoch_end,2.0,1,mqar_case,64x4,valid/mqar_case/accuracy-64x4,1.0
gdn-h2-ev16-usegate0-s125-d123,gdn-h2-ev16-s125-d123-b64-ga4-fp32-noearly4ep,20260520_gdn_capacity_layout_followup,b64_ga4_fp32_official_gdn,1,125,123,2,16,b64_ga4,float32,float32,5,mid_epoch,2.5,2,mqar_case,64x4,valid/mqar_case/accuracy-64x4,1.0
gdn-h2-ev16-usegate0-s125-d123,gdn-h2-ev16-s125-d123-b64-ga4-fp32-noearly4ep,20260520_gdn_capacity_layout_followup,b64_ga4_fp32_official_gdn,1,125,123,2,16,b64_ga4,float32,float32,6,epoch_end,3.0,2,mqar_case,64x4,valid/mqar_case/accuracy-64x4,1.0
gdn-h2-ev16-usegate0-s125-d123,gdn-h2-ev16-s125-d123-b64-ga4-fp32-noearly4ep,20260520_gdn_capacity_layout_followup,b64_ga4_fp32_official_gdn,1,125,123,2,16,b64_ga4,float32,float32,7,mid_epoch,3.5,3,mqar_case,64x4,valid/mqar_case/accuracy-64x4,1.0
gdn-h2-ev16-usegate0-s125-d123,gdn-h2-ev16-s125-d123-b64-ga4-fp32-noearly4ep,20260520_gdn_capacity_layout_followup,b64_ga4_fp32_official_gdn,1,125,123,2,16,b64_ga4,float32,float32,8,epoch_end,4.0,3,mqar_case,64x4,valid/mqar_case/accuracy-64x4,1.0
gdn-h2-ev16-usegate0-s125-d123,gdn-h2-ev16-s125-d123-b64-ga4-fp32-noearly4ep,20260520_gdn_capacity_layout_followup,b64_ga4_fp32_official_gdn,1,125,123,2,16,b64_ga4,float32,float32,1,mid_epoch,0.5,0,mqar_case,64x8,valid/mqar_case/accuracy-64x8,0.999625
gdn-h2-ev16-usegate0-s125-d123,gdn-h2-ev16-s125-d123-b64-ga4-fp32-noearly4ep,20260520_gdn_capacity_layout_followup,b64_ga4_fp32_official_gdn,1,125,123,2,16,b64_ga4,float32,float32,2,epoch_end,1.0,0,mqar_case,64x8,valid/mqar_case/accuracy-64x8,1.0
gdn-h2-ev16-usegate0-s125-d123,gdn-h2-ev16-s125-d123-b64-ga4-fp32-noearly4ep,20260520_gdn_capacity_layout_followup,b64_ga4_fp32_official_gdn,1,125,123,2,16,b64_ga4,float32,float32,3,mid_epoch,1.5,1,mqar_case,64x8,valid/mqar_case/accuracy-64x8,1.0
gdn-h2-ev16-usegate0-s125-d123,gdn-h2-ev16-s125-d123-b64-ga4-fp32-noearly4ep,20260520_gdn_capacity_layout_followup,b64_ga4_fp32_official_gdn,1,125,123,2,16,b64_ga4,float32,float32,4,epoch_end,2.0,1,mqar_case,64x8,valid/mqar_case/accuracy-64x8,1.0
gdn-h2-ev16-usegate0-s125-d123,gdn-h2-ev16-s125-d123-b64-ga4-fp32-noearly4ep,20260520_gdn_capacity_layout_followup,b64_ga4_fp32_official_gdn,1,125,123,2,16,b64_ga4,float32,float32,5,mid_epoch,2.5,2,mqar_case,64x8,valid/mqar_case/accuracy-64x8,1.0
gdn-h2-ev16-usegate0-s125-d123,gdn-h2-ev16-s125-d123-b64-ga4-fp32-noearly4ep,20260520_gdn_capacity_layout_followup,b64_ga4_fp32_official_gdn,1,125,123,2,16,b64_ga4,float32,float32,6,epoch_end,3.0,2,mqar_case,64x8,valid/mqar_case/accuracy-64x8,1.0
gdn-h2-ev16-usegate0-s125-d123,gdn-h2-ev16-s125-d123-b64-ga4-fp32-noearly4ep,20260520_gdn_capacity_layout_followup,b64_ga4_fp32_official_gdn,1,125,123,2,16,b64_ga4,float32,float32,7,mid_epoch,3.5,3,mqar_case,64x8,valid/mqar_case/accuracy-64x8,1.0
gdn-h2-ev16-usegate0-s125-d123,gdn-h2-ev16-s125-d123-b64-ga4-fp32-noearly4ep,20260520_gdn_capacity_layout_followup,b64_ga4_fp32_official_gdn,1,125,123,2,16,b64_ga4,float32,float32,8,epoch_end,4.0,3,mqar_case,64x8,valid/mqar_case/accuracy-64x8,1.0
gdn-h2-ev16-usegate0-s125-d123,gdn-h2-ev16-s125-d123-b64-ga4-fp32-noearly4ep,20260520_gdn_capacity_layout_followup,b64_ga4_fp32_official_gdn,1,125,123,2,16,b64_ga4,float32,float32,1,mid_epoch,0.5,0,num_kv_pairs,128,valid/num_kv_pairs/accuracy-128,0.7858359375
gdn-h2-ev16-usegate0-s125-d123,gdn-h2-ev16-s125-d123-b64-ga4-fp32-noearly4ep,20260520_gdn_capacity_layout_followup,b64_ga4_fp32_official_gdn,1,125,123,2,16,b64_ga4,float32,float32,2,epoch_end,1.0,0,num_kv_pairs,128,valid/num_kv_pairs/accuracy-128,0.984484375
gdn-h2-ev16-usegate0-s125-d123,gdn-h2-ev16-s125-d123-b64-ga4-fp32-noearly4ep,20260520_gdn_capacity_layout_followup,b64_ga4_fp32_official_gdn,1,125,123,2,16,b64_ga4,float32,float32,3,mid_epoch,1.5,1,num_kv_pairs,128,valid/num_kv_pairs/accuracy-128,0.9920859375
gdn-h2-ev16-usegate0-s125-d123,gdn-h2-ev16-s125-d123-b64-ga4-fp32-noearly4ep,20260520_gdn_capacity_layout_followup,b64_ga4_fp32_official_gdn,1,125,123,2,16,b64_ga4,float32,float32,4,epoch_end,2.0,1,num_kv_pairs,128,valid/num_kv_pairs/accuracy-128,0.9955546875
gdn-h2-ev16-usegate0-s125-d123,gdn-h2-ev16-s125-d123-b64-ga4-fp32-noearly4ep,20260520_gdn_capacity_layout_followup,b64_ga4_fp32_official_gdn,1,125,123,2,16,b64_ga4,float32,float32,5,mid_epoch,2.5,2,num_kv_pairs,128,valid/num_kv_pairs/accuracy-128,0.9959765625
gdn-h2-ev16-usegate0-s125-d123,gdn-h2-ev16-s125-d123-b64-ga4-fp32-noearly4ep,20260520_gdn_capacity_layout_followup,b64_ga4_fp32_official_gdn,1,125,123,2,16,b64_ga4,float32,float32,6,epoch_end,3.0,2,num_kv_pairs,128,valid/num_kv_pairs/accuracy-128,0.9969296875
gdn-h2-ev16-usegate0-s125-d123,gdn-h2-ev16-s125-d123-b64-ga4-fp32-noearly4ep,20260520_gdn_capacity_layout_followup,b64_ga4_fp32_official_gdn,1,125,123,2,16,b64_ga4,float32,float32,7,mid_epoch,3.5,3,num_kv_pairs,128,valid/num_kv_pairs/accuracy-128,0.9969140625
gdn-h2-ev16-usegate0-s125-d123,gdn-h2-ev16-s125-d123-b64-ga4-fp32-noearly4ep,20260520_gdn_capacity_layout_followup,b64_ga4_fp32_official_gdn,1,125,123,2,16,b64_ga4,float32,float32,8,epoch_end,4.0,3,num_kv_pairs,128,valid/num_kv_pairs/accuracy-128,0.9971484375
gdn-h2-ev16-usegate0-s125-d123,gdn-h2-ev16-s125-d123-b64-ga4-fp32-noearly4ep,20260520_gdn_capacity_layout_followup,b64_ga4_fp32_official_gdn,1,125,123,2,16,b64_ga4,float32,float32,1,mid_epoch,0.5,0,num_kv_pairs,16,valid/num_kv_pairs/accuracy-16,0.999875
gdn-h2-ev16-usegate0-s125-d123,gdn-h2-ev16-s125-d123-b64-ga4-fp32-noearly4ep,20260520_gdn_capacity_layout_followup,b64_ga4_fp32_official_gdn,1,125,123,2,16,b64_ga4,float32,float32,2,epoch_end,1.0,0,num_kv_pairs,16,valid/num_kv_pairs/accuracy-16,1.0
gdn-h2-ev16-usegate0-s125-d123,gdn-h2-ev16-s125-d123-b64-ga4-fp32-noearly4ep,20260520_gdn_capacity_layout_followup,b64_ga4_fp32_official_gdn,1,125,123,2,16,b64_ga4,float32,float32,3,mid_epoch,1.5,1,num_kv_pairs,16,valid/num_kv_pairs/accuracy-16,1.0
gdn-h2-ev16-usegate0-s125-d123,gdn-h2-ev16-s125-d123-b64-ga4-fp32-noearly4ep,20260520_gdn_capacity_layout_followup,b64_ga4_fp32_official_gdn,1,125,123,2,16,b64_ga4,float32,float32,4,epoch_end,2.0,1,num_kv_pairs,16,valid/num_kv_pairs/accuracy-16,1.0
gdn-h2-ev16-usegate0-s125-d123,gdn-h2-ev16-s125-d123-b64-ga4-fp32-noearly4ep,20260520_gdn_capacity_layout_followup,b64_ga4_fp32_official_gdn,1,125,123,2,16,b64_ga4,float32,float32,5,mid_epoch,2.5,2,num_kv_pairs,16,valid/num_kv_pairs/accuracy-16,1.0
gdn-h2-ev16-usegate0-s125-d123,gdn-h2-ev16-s125-d123-b64-ga4-fp32-noearly4ep,20260520_gdn_capacity_layout_followup,b64_ga4_fp32_official_gdn,1,125,123,2,16,b64_ga4,float32,float32,6,epoch_end,3.0,2,num_kv_pairs,16,valid/num_kv_pairs/accuracy-16,1.0
gdn-h2-ev16-usegate0-s125-d123,gdn-h2-ev16-s125-d123-b64-ga4-fp32-noearly4ep,20260520_gdn_capacity_layout_followup,b64_ga4_fp32_official_gdn,1,125,123,2,16,b64_ga4,float32,float32,7,mid_epoch,3.5,3,num_kv_pairs,16,valid/num_kv_pairs/accuracy-16,1.0
gdn-h2-ev16-usegate0-s125-d123,gdn-h2-ev16-s125-d123-b64-ga4-fp32-noearly4ep,20260520_gdn_capacity_layout_followup,b64_ga4_fp32_official_gdn,1,125,123,2,16,b64_ga4,float32,float32,8,epoch_end,4.0,3,num_kv_pairs,16,valid/num_kv_pairs/accuracy-16,1.0
gdn-h2-ev16-usegate0-s125-d123,gdn-h2-ev16-s125-d123-b64-ga4-fp32-noearly4ep,20260520_gdn_capacity_layout_followup,b64_ga4_fp32_official_gdn,1,125,123,2,16,b64_ga4,float32,float32,1,mid_epoch,0.5,0,num_kv_pairs,256,valid/num_kv_pairs/accuracy-256,0.34132421875
gdn-h2-ev16-usegate0-s125-d123,gdn-h2-ev16-s125-d123-b64-ga4-fp32-noearly4ep,20260520_gdn_capacity_layout_followup,b64_ga4_fp32_official_gdn,1,125,123,2,16,b64_ga4,float32,float32,2,epoch_end,1.0,0,num_kv_pairs,256,valid/num_kv_pairs/accuracy-256,0.72169140625
gdn-h2-ev16-usegate0-s125-d123,gdn-h2-ev16-s125-d123-b64-ga4-fp32-noearly4ep,20260520_gdn_capacity_layout_followup,b64_ga4_fp32_official_gdn,1,125,123,2,16,b64_ga4,float32,float32,3,mid_epoch,1.5,1,num_kv_pairs,256,valid/num_kv_pairs/accuracy-256,0.77620703125
gdn-h2-ev16-usegate0-s125-d123,gdn-h2-ev16-s125-d123-b64-ga4-fp32-noearly4ep,20260520_gdn_capacity_layout_followup,b64_ga4_fp32_official_gdn,1,125,123,2,16,b64_ga4,float32,float32,4,epoch_end,2.0,1,num_kv_pairs,256,valid/num_kv_pairs/accuracy-256,0.82117578125
gdn-h2-ev16-usegate0-s125-d123,gdn-h2-ev16-s125-d123-b64-ga4-fp32-noearly4ep,20260520_gdn_capacity_layout_followup,b64_ga4_fp32_official_gdn,1,125,123,2,16,b64_ga4,float32,float32,5,mid_epoch,2.5,2,num_kv_pairs,256,valid/num_kv_pairs/accuracy-256,0.82428125
gdn-h2-ev16-usegate0-s125-d123,gdn-h2-ev16-s125-d123-b64-ga4-fp32-noearly4ep,20260520_gdn_capacity_layout_followup,b64_ga4_fp32_official_gdn,1,125,123,2,16,b64_ga4,float32,float32,6,epoch_end,3.0,2,num_kv_pairs,256,valid/num_kv_pairs/accuracy-256,0.84099609375
gdn-h2-ev16-usegate0-s125-d123,gdn-h2-ev16-s125-d123-b64-ga4-fp32-noearly4ep,20260520_gdn_capacity_layout_followup,b64_ga4_fp32_official_gdn,1,125,123,2,16,b64_ga4,float32,float32,7,mid_epoch,3.5,3,num_kv_pairs,256,valid/num_kv_pairs/accuracy-256,0.84012890625
gdn-h2-ev16-usegate0-s125-d123,gdn-h2-ev16-s125-d123-b64-ga4-fp32-noearly4ep,20260520_gdn_capacity_layout_followup,b64_ga4_fp32_official_gdn,1,125,123,2,16,b64_ga4,float32,float32,8,epoch_end,4.0,3,num_kv_pairs,256,valid/num_kv_pairs/accuracy-256,0.8467578125
gdn-h2-ev16-usegate0-s125-d123,gdn-h2-ev16-s125-d123-b64-ga4-fp32-noearly4ep,20260520_gdn_capacity_layout_followup,b64_ga4_fp32_official_gdn,1,125,123,2,16,b64_ga4,float32,float32,1,mid_epoch,0.5,0,num_kv_pairs,32,valid/num_kv_pairs/accuracy-32,0.99909375
gdn-h2-ev16-usegate0-s125-d123,gdn-h2-ev16-s125-d123-b64-ga4-fp32-noearly4ep,20260520_gdn_capacity_layout_followup,b64_ga4_fp32_official_gdn,1,125,123,2,16,b64_ga4,float32,float32,2,epoch_end,1.0,0,num_kv_pairs,32,valid/num_kv_pairs/accuracy-32,1.0
gdn-h2-ev16-usegate0-s125-d123,gdn-h2-ev16-s125-d123-b64-ga4-fp32-noearly4ep,20260520_gdn_capacity_layout_followup,b64_ga4_fp32_official_gdn,1,125,123,2,16,b64_ga4,float32,float32,3,mid_epoch,1.5,1,num_kv_pairs,32,valid/num_kv_pairs/accuracy-32,1.0
gdn-h2-ev16-usegate0-s125-d123,gdn-h2-ev16-s125-d123-b64-ga4-fp32-noearly4ep,20260520_gdn_capacity_layout_followup,b64_ga4_fp32_official_gdn,1,125,123,2,16,b64_ga4,float32,float32,4,epoch_end,2.0,1,num_kv_pairs,32,valid/num_kv_pairs/accuracy-32,1.0
gdn-h2-ev16-usegate0-s125-d123,gdn-h2-ev16-s125-d123-b64-ga4-fp32-noearly4ep,20260520_gdn_capacity_layout_followup,b64_ga4_fp32_official_gdn,1,125,123,2,16,b64_ga4,float32,float32,5,mid_epoch,2.5,2,num_kv_pairs,32,valid/num_kv_pairs/accuracy-32,1.0
gdn-h2-ev16-usegate0-s125-d123,gdn-h2-ev16-s125-d123-b64-ga4-fp32-noearly4ep,20260520_gdn_capacity_layout_followup,b64_ga4_fp32_official_gdn,1,125,123,2,16,b64_ga4,float32,float32,6,epoch_end,3.0,2,num_kv_pairs,32,valid/num_kv_pairs/accuracy-32,1.0
gdn-h2-ev16-usegate0-s125-d123,gdn-h2-ev16-s125-d123-b64-ga4-fp32-noearly4ep,20260520_gdn_capacity_layout_followup,b64_ga4_fp32_official_gdn,1,125,123,2,16,b64_ga4,float32,float32,7,mid_epoch,3.5,3,num_kv_pairs,32,valid/num_kv_pairs/accuracy-32,1.0
gdn-h2-ev16-usegate0-s125-d123,gdn-h2-ev16-s125-d123-b64-ga4-fp32-noearly4ep,20260520_gdn_capacity_layout_followup,b64_ga4_fp32_official_gdn,1,125,123,2,16,b64_ga4,float32,float32,8,epoch_end,4.0,3,num_kv_pairs,32,valid/num_kv_pairs/accuracy-32,1.0
gdn-h2-ev16-usegate0-s125-d123,gdn-h2-ev16-s125-d123-b64-ga4-fp32-noearly4ep,20260520_gdn_capacity_layout_followup,b64_ga4_fp32_official_gdn,1,125,123,2,16,b64_ga4,float32,float32,1,mid_epoch,0.5,0,num_kv_pairs,4,valid/num_kv_pairs/accuracy-4,0.99925
gdn-h2-ev16-usegate0-s125-d123,gdn-h2-ev16-s125-d123-b64-ga4-fp32-noearly4ep,20260520_gdn_capacity_layout_followup,b64_ga4_fp32_official_gdn,1,125,123,2,16,b64_ga4,float32,float32,2,epoch_end,1.0,0,num_kv_pairs,4,valid/num_kv_pairs/accuracy-4,1.0
gdn-h2-ev16-usegate0-s125-d123,gdn-h2-ev16-s125-d123-b64-ga4-fp32-noearly4ep,20260520_gdn_capacity_layout_followup,b64_ga4_fp32_official_gdn,1,125,123,2,16,b64_ga4,float32,float32,3,mid_epoch,1.5,1,num_kv_pairs,4,valid/num_kv_pairs/accuracy-4,1.0
gdn-h2-ev16-usegate0-s125-d123,gdn-h2-ev16-s125-d123-b64-ga4-fp32-noearly4ep,20260520_gdn_capacity_layout_followup,b64_ga4_fp32_official_gdn,1,125,123,2,16,b64_ga4,float32,float32,4,epoch_end,2.0,1,num_kv_pairs,4,valid/num_kv_pairs/accuracy-4,1.0
gdn-h2-ev16-usegate0-s125-d123,gdn-h2-ev16-s125-d123-b64-ga4-fp32-noearly4ep,20260520_gdn_capacity_layout_followup,b64_ga4_fp32_official_gdn,1,125,123,2,16,b64_ga4,float32,float32,5,mid_epoch,2.5,2,num_kv_pairs,4,valid/num_kv_pairs/accuracy-4,1.0
gdn-h2-ev16-usegate0-s125-d123,gdn-h2-ev16-s125-d123-b64-ga4-fp32-noearly4ep,20260520_gdn_capacity_layout_followup,b64_ga4_fp32_official_gdn,1,125,123,2,16,b64_ga4,float32,float32,6,epoch_end,3.0,2,num_kv_pairs,4,valid/num_kv_pairs/accuracy-4,1.0
gdn-h2-ev16-usegate0-s125-d123,gdn-h2-ev16-s125-d123-b64-ga4-fp32-noearly4ep,20260520_gdn_capacity_layout_followup,b64_ga4_fp32_official_gdn,1,125,123,2,16,b64_ga4,float32,float32,7,mid_epoch,3.5,3,num_kv_pairs,4,valid/num_kv_pairs/accuracy-4,1.0
gdn-h2-ev16-usegate0-s125-d123,gdn-h2-ev16-s125-d123-b64-ga4-fp32-noearly4ep,20260520_gdn_capacity_layout_followup,b64_ga4_fp32_official_gdn,1,125,123,2,16,b64_ga4,float32,float32,8,epoch_end,4.0,3,num_kv_pairs,4,valid/num_kv_pairs/accuracy-4,1.0
gdn-h2-ev16-usegate0-s125-d123,gdn-h2-ev16-s125-d123-b64-ga4-fp32-noearly4ep,20260520_gdn_capacity_layout_followup,b64_ga4_fp32_official_gdn,1,125,123,2,16,b64_ga4,float32,float32,1,mid_epoch,0.5,0,num_kv_pairs,64,valid/num_kv_pairs/accuracy-64,0.982515625
gdn-h2-ev16-usegate0-s125-d123,gdn-h2-ev16-s125-d123-b64-ga4-fp32-noearly4ep,20260520_gdn_capacity_layout_followup,b64_ga4_fp32_official_gdn,1,125,123,2,16,b64_ga4,float32,float32,2,epoch_end,1.0,0,num_kv_pairs,64,valid/num_kv_pairs/accuracy-64,0.9996484375
gdn-h2-ev16-usegate0-s125-d123,gdn-h2-ev16-s125-d123-b64-ga4-fp32-noearly4ep,20260520_gdn_capacity_layout_followup,b64_ga4_fp32_official_gdn,1,125,123,2,16,b64_ga4,float32,float32,3,mid_epoch,1.5,1,num_kv_pairs,64,valid/num_kv_pairs/accuracy-64,0.9998203125
gdn-h2-ev16-usegate0-s125-d123,gdn-h2-ev16-s125-d123-b64-ga4-fp32-noearly4ep,20260520_gdn_capacity_layout_followup,b64_ga4_fp32_official_gdn,1,125,123,2,16,b64_ga4,float32,float32,4,epoch_end,2.0,1,num_kv_pairs,64,valid/num_kv_pairs/accuracy-64,0.999859375
gdn-h2-ev16-usegate0-s125-d123,gdn-h2-ev16-s125-d123-b64-ga4-fp32-noearly4ep,20260520_gdn_capacity_layout_followup,b64_ga4_fp32_official_gdn,1,125,123,2,16,b64_ga4,float32,float32,5,mid_epoch,2.5,2,num_kv_pairs,64,valid/num_kv_pairs/accuracy-64,0.999875
gdn-h2-ev16-usegate0-s125-d123,gdn-h2-ev16-s125-d123-b64-ga4-fp32-noearly4ep,20260520_gdn_capacity_layout_followup,b64_ga4_fp32_official_gdn,1,125,123,2,16,b64_ga4,float32,float32,6,epoch_end,3.0,2,num_kv_pairs,64,valid/num_kv_pairs/accuracy-64,0.999890625
gdn-h2-ev16-usegate0-s125-d123,gdn-h2-ev16-s125-d123-b64-ga4-fp32-noearly4ep,20260520_gdn_capacity_layout_followup,b64_ga4_fp32_official_gdn,1,125,123,2,16,b64_ga4,float32,float32,7,mid_epoch,3.5,3,num_kv_pairs,64,valid/num_kv_pairs/accuracy-64,0.999890625
gdn-h2-ev16-usegate0-s125-d123,gdn-h2-ev16-s125-d123-b64-ga4-fp32-noearly4ep,20260520_gdn_capacity_layout_followup,b64_ga4_fp32_official_gdn,1,125,123,2,16,b64_ga4,float32,float32,8,epoch_end,4.0,3,num_kv_pairs,64,valid/num_kv_pairs/accuracy-64,0.9998984375
gdn-h2-ev16-usegate0-s125-d123,gdn-h2-ev16-s125-d123-b64-ga4-fp32-noearly4ep,20260520_gdn_capacity_layout_followup,b64_ga4_fp32_official_gdn,1,125,123,2,16,b64_ga4,float32,float32,1,mid_epoch,0.5,0,num_kv_pairs,8,valid/num_kv_pairs/accuracy-8,0.999625
gdn-h2-ev16-usegate0-s125-d123,gdn-h2-ev16-s125-d123-b64-ga4-fp32-noearly4ep,20260520_gdn_capacity_layout_followup,b64_ga4_fp32_official_gdn,1,125,123,2,16,b64_ga4,float32,float32,2,epoch_end,1.0,0,num_kv_pairs,8,valid/num_kv_pairs/accuracy-8,1.0
gdn-h2-ev16-usegate0-s125-d123,gdn-h2-ev16-s125-d123-b64-ga4-fp32-noearly4ep,20260520_gdn_capacity_layout_followup,b64_ga4_fp32_official_gdn,1,125,123,2,16,b64_ga4,float32,float32,3,mid_epoch,1.5,1,num_kv_pairs,8,valid/num_kv_pairs/accuracy-8,1.0
gdn-h2-ev16-usegate0-s125-d123,gdn-h2-ev16-s125-d123-b64-ga4-fp32-noearly4ep,20260520_gdn_capacity_layout_followup,b64_ga4_fp32_official_gdn,1,125,123,2,16,b64_ga4,float32,float32,4,epoch_end,2.0,1,num_kv_pairs,8,valid/num_kv_pairs/accuracy-8,1.0
gdn-h2-ev16-usegate0-s125-d123,gdn-h2-ev16-s125-d123-b64-ga4-fp32-noearly4ep,20260520_gdn_capacity_layout_followup,b64_ga4_fp32_official_gdn,1,125,123,2,16,b64_ga4,float32,float32,5,mid_epoch,2.5,2,num_kv_pairs,8,valid/num_kv_pairs/accuracy-8,1.0
gdn-h2-ev16-usegate0-s125-d123,gdn-h2-ev16-s125-d123-b64-ga4-fp32-noearly4ep,20260520_gdn_capacity_layout_followup,b64_ga4_fp32_official_gdn,1,125,123,2,16,b64_ga4,float32,float32,6,epoch_end,3.0,2,num_kv_pairs,8,valid/num_kv_pairs/accuracy-8,1.0
gdn-h2-ev16-usegate0-s125-d123,gdn-h2-ev16-s125-d123-b64-ga4-fp32-noearly4ep,20260520_gdn_capacity_layout_followup,b64_ga4_fp32_official_gdn,1,125,123,2,16,b64_ga4,float32,float32,7,mid_epoch,3.5,3,num_kv_pairs,8,valid/num_kv_pairs/accuracy-8,1.0
gdn-h2-ev16-usegate0-s125-d123,gdn-h2-ev16-s125-d123-b64-ga4-fp32-noearly4ep,20260520_gdn_capacity_layout_followup,b64_ga4_fp32_official_gdn,1,125,123,2,16,b64_ga4,float32,float32,8,epoch_end,4.0,3,num_kv_pairs,8,valid/num_kv_pairs/accuracy-8,1.0
gdn-h1-ev8-usegate0-s123-d123,gdn-h1-ev8-s123-d123-b64-ga4-fp32-noearly4ep,20260520_gdn_capacity_layout_followup,b64_ga4_fp32_official_gdn,0,123,123,1,8,b64_ga4,float32,float32,1,mid_epoch,0.5,0,input_seq_len,1024,valid/input_seq_len/accuracy-1024,0.57691015625
gdn-h1-ev8-usegate0-s123-d123,gdn-h1-ev8-s123-d123-b64-ga4-fp32-noearly4ep,20260520_gdn_capacity_layout_followup,b64_ga4_fp32_official_gdn,0,123,123,1,8,b64_ga4,float32,float32,2,epoch_end,1.0,0,input_seq_len,1024,valid/input_seq_len/accuracy-1024,0.7171484375
gdn-h1-ev8-usegate0-s123-d123,gdn-h1-ev8-s123-d123-b64-ga4-fp32-noearly4ep,20260520_gdn_capacity_layout_followup,b64_ga4_fp32_official_gdn,0,123,123,1,8,b64_ga4,float32,float32,3,mid_epoch,1.5,1,input_seq_len,1024,valid/input_seq_len/accuracy-1024,0.7141484375
gdn-h1-ev8-usegate0-s123-d123,gdn-h1-ev8-s123-d123-b64-ga4-fp32-noearly4ep,20260520_gdn_capacity_layout_followup,b64_ga4_fp32_official_gdn,0,123,123,1,8,b64_ga4,float32,float32,4,epoch_end,2.0,1,input_seq_len,1024,valid/input_seq_len/accuracy-1024,0.725875
gdn-h1-ev8-usegate0-s123-d123,gdn-h1-ev8-s123-d123-b64-ga4-fp32-noearly4ep,20260520_gdn_capacity_layout_followup,b64_ga4_fp32_official_gdn,0,123,123,1,8,b64_ga4,float32,float32,5,mid_epoch,2.5,2,input_seq_len,1024,valid/input_seq_len/accuracy-1024,0.776640625
gdn-h1-ev8-usegate0-s123-d123,gdn-h1-ev8-s123-d123-b64-ga4-fp32-noearly4ep,20260520_gdn_capacity_layout_followup,b64_ga4_fp32_official_gdn,0,123,123,1,8,b64_ga4,float32,float32,6,epoch_end,3.0,2,input_seq_len,1024,valid/input_seq_len/accuracy-1024,0.7883046875
gdn-h1-ev8-usegate0-s123-d123,gdn-h1-ev8-s123-d123-b64-ga4-fp32-noearly4ep,20260520_gdn_capacity_layout_followup,b64_ga4_fp32_official_gdn,0,123,123,1,8,b64_ga4,float32,float32,7,mid_epoch,3.5,3,input_seq_len,1024,valid/input_seq_len/accuracy-1024,0.79625390625
gdn-h1-ev8-usegate0-s123-d123,gdn-h1-ev8-s123-d123-b64-ga4-fp32-noearly4ep,20260520_gdn_capacity_layout_followup,b64_ga4_fp32_official_gdn,0,123,123,1,8,b64_ga4,float32,float32,8,epoch_end,4.0,3,input_seq_len,1024,valid/input_seq_len/accuracy-1024,0.802078125
gdn-h1-ev8-usegate0-s123-d123,gdn-h1-ev8-s123-d123-b64-ga4-fp32-noearly4ep,20260520_gdn_capacity_layout_followup,b64_ga4_fp32_official_gdn,0,123,123,1,8,b64_ga4,float32,float32,1,mid_epoch,0.5,0,input_seq_len,128,valid/input_seq_len/accuracy-128,0.99990625
gdn-h1-ev8-usegate0-s123-d123,gdn-h1-ev8-s123-d123-b64-ga4-fp32-noearly4ep,20260520_gdn_capacity_layout_followup,b64_ga4_fp32_official_gdn,0,123,123,1,8,b64_ga4,float32,float32,2,epoch_end,1.0,0,input_seq_len,128,valid/input_seq_len/accuracy-128,0.99996875
gdn-h1-ev8-usegate0-s123-d123,gdn-h1-ev8-s123-d123-b64-ga4-fp32-noearly4ep,20260520_gdn_capacity_layout_followup,b64_ga4_fp32_official_gdn,0,123,123,1,8,b64_ga4,float32,float32,3,mid_epoch,1.5,1,input_seq_len,128,valid/input_seq_len/accuracy-128,1.0
gdn-h1-ev8-usegate0-s123-d123,gdn-h1-ev8-s123-d123-b64-ga4-fp32-noearly4ep,20260520_gdn_capacity_layout_followup,b64_ga4_fp32_official_gdn,0,123,123,1,8,b64_ga4,float32,float32,4,epoch_end,2.0,1,input_seq_len,128,valid/input_seq_len/accuracy-128,1.0
gdn-h1-ev8-usegate0-s123-d123,gdn-h1-ev8-s123-d123-b64-ga4-fp32-noearly4ep,20260520_gdn_capacity_layout_followup,b64_ga4_fp32_official_gdn,0,123,123,1,8,b64_ga4,float32,float32,5,mid_epoch,2.5,2,input_seq_len,128,valid/input_seq_len/accuracy-128,1.0
gdn-h1-ev8-usegate0-s123-d123,gdn-h1-ev8-s123-d123-b64-ga4-fp32-noearly4ep,20260520_gdn_capacity_layout_followup,b64_ga4_fp32_official_gdn,0,123,123,1,8,b64_ga4,float32,float32,6,epoch_end,3.0,2,input_seq_len,128,valid/input_seq_len/accuracy-128,1.0
gdn-h1-ev8-usegate0-s123-d123,gdn-h1-ev8-s123-d123-b64-ga4-fp32-noearly4ep,20260520_gdn_capacity_layout_followup,b64_ga4_fp32_official_gdn,0,123,123,1,8,b64_ga4,float32,float32,7,mid_epoch,3.5,3,input_seq_len,128,valid/input_seq_len/accuracy-128,1.0
gdn-h1-ev8-usegate0-s123-d123,gdn-h1-ev8-s123-d123-b64-ga4-fp32-noearly4ep,20260520_gdn_capacity_layout_followup,b64_ga4_fp32_official_gdn,0,123,123,1,8,b64_ga4,float32,float32,8,epoch_end,4.0,3,input_seq_len,128,valid/input_seq_len/accuracy-128,1.0
gdn-h1-ev8-usegate0-s123-d123,gdn-h1-ev8-s123-d123-b64-ga4-fp32-noearly4ep,20260520_gdn_capacity_layout_followup,b64_ga4_fp32_official_gdn,0,123,123,1,8,b64_ga4,float32,float32,1,mid_epoch,0.5,0,input_seq_len,256,valid/input_seq_len/accuracy-256,0.99925
gdn-h1-ev8-usegate0-s123-d123,gdn-h1-ev8-s123-d123-b64-ga4-fp32-noearly4ep,20260520_gdn_capacity_layout_followup,b64_ga4_fp32_official_gdn,0,123,123,1,8,b64_ga4,float32,float32,2,epoch_end,1.0,0,input_seq_len,256,valid/input_seq_len/accuracy-256,0.999703125
gdn-h1-ev8-usegate0-s123-d123,gdn-h1-ev8-s123-d123-b64-ga4-fp32-noearly4ep,20260520_gdn_capacity_layout_followup,b64_ga4_fp32_official_gdn,0,123,123,1,8,b64_ga4,float32,float32,3,mid_epoch,1.5,1,input_seq_len,256,valid/input_seq_len/accuracy-256,0.99965625
gdn-h1-ev8-usegate0-s123-d123,gdn-h1-ev8-s123-d123-b64-ga4-fp32-noearly4ep,20260520_gdn_capacity_layout_followup,b64_ga4_fp32_official_gdn,0,123,123,1,8,b64_ga4,float32,float32,4,epoch_end,2.0,1,input_seq_len,256,valid/input_seq_len/accuracy-256,0.99978125
gdn-h1-ev8-usegate0-s123-d123,gdn-h1-ev8-s123-d123-b64-ga4-fp32-noearly4ep,20260520_gdn_capacity_layout_followup,b64_ga4_fp32_official_gdn,0,123,123,1,8,b64_ga4,float32,float32,5,mid_epoch,2.5,2,input_seq_len,256,valid/input_seq_len/accuracy-256,0.9998125
gdn-h1-ev8-usegate0-s123-d123,gdn-h1-ev8-s123-d123-b64-ga4-fp32-noearly4ep,20260520_gdn_capacity_layout_followup,b64_ga4_fp32_official_gdn,0,123,123,1,8,b64_ga4,float32,float32,6,epoch_end,3.0,2,input_seq_len,256,valid/input_seq_len/accuracy-256,0.999890625
gdn-h1-ev8-usegate0-s123-d123,gdn-h1-ev8-s123-d123-b64-ga4-fp32-noearly4ep,20260520_gdn_capacity_layout_followup,b64_ga4_fp32_official_gdn,0,123,123,1,8,b64_ga4,float32,float32,7,mid_epoch,3.5,3,input_seq_len,256,valid/input_seq_len/accuracy-256,0.99990625
gdn-h1-ev8-usegate0-s123-d123,gdn-h1-ev8-s123-d123-b64-ga4-fp32-noearly4ep,20260520_gdn_capacity_layout_followup,b64_ga4_fp32_official_gdn,0,123,123,1,8,b64_ga4,float32,float32,8,epoch_end,4.0,3,input_seq_len,256,valid/input_seq_len/accuracy-256,0.99990625
gdn-h1-ev8-usegate0-s123-d123,gdn-h1-ev8-s123-d123-b64-ga4-fp32-noearly4ep,20260520_gdn_capacity_layout_followup,b64_ga4_fp32_official_gdn,0,123,123,1,8,b64_ga4,float32,float32,1,mid_epoch,0.5,0,input_seq_len,512,valid/input_seq_len/accuracy-512,0.98115625
gdn-h1-ev8-usegate0-s123-d123,gdn-h1-ev8-s123-d123-b64-ga4-fp32-noearly4ep,20260520_gdn_capacity_layout_followup,b64_ga4_fp32_official_gdn,0,123,123,1,8,b64_ga4,float32,float32,2,epoch_end,1.0,0,input_seq_len,512,valid/input_seq_len/accuracy-512,0.991734375
gdn-h1-ev8-usegate0-s123-d123,gdn-h1-ev8-s123-d123-b64-ga4-fp32-noearly4ep,20260520_gdn_capacity_layout_followup,b64_ga4_fp32_official_gdn,0,123,123,1,8,b64_ga4,float32,float32,3,mid_epoch,1.5,1,input_seq_len,512,valid/input_seq_len/accuracy-512,0.99096484375
gdn-h1-ev8-usegate0-s123-d123,gdn-h1-ev8-s123-d123-b64-ga4-fp32-noearly4ep,20260520_gdn_capacity_layout_followup,b64_ga4_fp32_official_gdn,0,123,123,1,8,b64_ga4,float32,float32,4,epoch_end,2.0,1,input_seq_len,512,valid/input_seq_len/accuracy-512,0.99266796875
gdn-h1-ev8-usegate0-s123-d123,gdn-h1-ev8-s123-d123-b64-ga4-fp32-noearly4ep,20260520_gdn_capacity_layout_followup,b64_ga4_fp32_official_gdn,0,123,123,1,8,b64_ga4,float32,float32,5,mid_epoch,2.5,2,input_seq_len,512,valid/input_seq_len/accuracy-512,0.99602734375
gdn-h1-ev8-usegate0-s123-d123,gdn-h1-ev8-s123-d123-b64-ga4-fp32-noearly4ep,20260520_gdn_capacity_layout_followup,b64_ga4_fp32_official_gdn,0,123,123,1,8,b64_ga4,float32,float32,6,epoch_end,3.0,2,input_seq_len,512,valid/input_seq_len/accuracy-512,0.99653515625
gdn-h1-ev8-usegate0-s123-d123,gdn-h1-ev8-s123-d123-b64-ga4-fp32-noearly4ep,20260520_gdn_capacity_layout_followup,b64_ga4_fp32_official_gdn,0,123,123,1,8,b64_ga4,float32,float32,7,mid_epoch,3.5,3,input_seq_len,512,valid/input_seq_len/accuracy-512,0.99694140625
gdn-h1-ev8-usegate0-s123-d123,gdn-h1-ev8-s123-d123-b64-ga4-fp32-noearly4ep,20260520_gdn_capacity_layout_followup,b64_ga4_fp32_official_gdn,0,123,123,1,8,b64_ga4,float32,float32,8,epoch_end,4.0,3,input_seq_len,512,valid/input_seq_len/accuracy-512,0.99723046875
gdn-h1-ev8-usegate0-s123-d123,gdn-h1-ev8-s123-d123-b64-ga4-fp32-noearly4ep,20260520_gdn_capacity_layout_followup,b64_ga4_fp32_official_gdn,0,123,123,1,8,b64_ga4,float32,float32,1,mid_epoch,0.5,0,input_seq_len,64,valid/input_seq_len/accuracy-64,0.9886666666666667
gdn-h1-ev8-usegate0-s123-d123,gdn-h1-ev8-s123-d123-b64-ga4-fp32-noearly4ep,20260520_gdn_capacity_layout_followup,b64_ga4_fp32_official_gdn,0,123,123,1,8,b64_ga4,float32,float32,2,epoch_end,1.0,0,input_seq_len,64,valid/input_seq_len/accuracy-64,0.9939791666666666
gdn-h1-ev8-usegate0-s123-d123,gdn-h1-ev8-s123-d123-b64-ga4-fp32-noearly4ep,20260520_gdn_capacity_layout_followup,b64_ga4_fp32_official_gdn,0,123,123,1,8,b64_ga4,float32,float32,3,mid_epoch,1.5,1,input_seq_len,64,valid/input_seq_len/accuracy-64,0.9984166666666666
gdn-h1-ev8-usegate0-s123-d123,gdn-h1-ev8-s123-d123-b64-ga4-fp32-noearly4ep,20260520_gdn_capacity_layout_followup,b64_ga4_fp32_official_gdn,0,123,123,1,8,b64_ga4,float32,float32,4,epoch_end,2.0,1,input_seq_len,64,valid/input_seq_len/accuracy-64,0.9985416666666667
gdn-h1-ev8-usegate0-s123-d123,gdn-h1-ev8-s123-d123-b64-ga4-fp32-noearly4ep,20260520_gdn_capacity_layout_followup,b64_ga4_fp32_official_gdn,0,123,123,1,8,b64_ga4,float32,float32,5,mid_epoch,2.5,2,input_seq_len,64,valid/input_seq_len/accuracy-64,0.99825
gdn-h1-ev8-usegate0-s123-d123,gdn-h1-ev8-s123-d123-b64-ga4-fp32-noearly4ep,20260520_gdn_capacity_layout_followup,b64_ga4_fp32_official_gdn,0,123,123,1,8,b64_ga4,float32,float32,6,epoch_end,3.0,2,input_seq_len,64,valid/input_seq_len/accuracy-64,0.9982083333333334
gdn-h1-ev8-usegate0-s123-d123,gdn-h1-ev8-s123-d123-b64-ga4-fp32-noearly4ep,20260520_gdn_capacity_layout_followup,b64_ga4_fp32_official_gdn,0,123,123,1,8,b64_ga4,float32,float32,7,mid_epoch,3.5,3,input_seq_len,64,valid/input_seq_len/accuracy-64,0.9978333333333333
gdn-h1-ev8-usegate0-s123-d123,gdn-h1-ev8-s123-d123-b64-ga4-fp32-noearly4ep,20260520_gdn_capacity_layout_followup,b64_ga4_fp32_official_gdn,0,123,123,1,8,b64_ga4,float32,float32,8,epoch_end,4.0,3,input_seq_len,64,valid/input_seq_len/accuracy-64,0.9975
gdn-h1-ev8-usegate0-s123-d123,gdn-h1-ev8-s123-d123-b64-ga4-fp32-noearly4ep,20260520_gdn_capacity_layout_followup,b64_ga4_fp32_official_gdn,0,123,123,1,8,b64_ga4,float32,float32,1,mid_epoch,0.5,0,mqar_case,1024x256,valid/mqar_case/accuracy-1024x256,0.57691015625
gdn-h1-ev8-usegate0-s123-d123,gdn-h1-ev8-s123-d123-b64-ga4-fp32-noearly4ep,20260520_gdn_capacity_layout_followup,b64_ga4_fp32_official_gdn,0,123,123,1,8,b64_ga4,float32,float32,2,epoch_end,1.0,0,mqar_case,1024x256,valid/mqar_case/accuracy-1024x256,0.7171484375
gdn-h1-ev8-usegate0-s123-d123,gdn-h1-ev8-s123-d123-b64-ga4-fp32-noearly4ep,20260520_gdn_capacity_layout_followup,b64_ga4_fp32_official_gdn,0,123,123,1,8,b64_ga4,float32,float32,3,mid_epoch,1.5,1,mqar_case,1024x256,valid/mqar_case/accuracy-1024x256,0.7141484375
gdn-h1-ev8-usegate0-s123-d123,gdn-h1-ev8-s123-d123-b64-ga4-fp32-noearly4ep,20260520_gdn_capacity_layout_followup,b64_ga4_fp32_official_gdn,0,123,123,1,8,b64_ga4,float32,float32,4,epoch_end,2.0,1,mqar_case,1024x256,valid/mqar_case/accuracy-1024x256,0.725875
gdn-h1-ev8-usegate0-s123-d123,gdn-h1-ev8-s123-d123-b64-ga4-fp32-noearly4ep,20260520_gdn_capacity_layout_followup,b64_ga4_fp32_official_gdn,0,123,123,1,8,b64_ga4,float32,float32,5,mid_epoch,2.5,2,mqar_case,1024x256,valid/mqar_case/accuracy-1024x256,0.776640625
gdn-h1-ev8-usegate0-s123-d123,gdn-h1-ev8-s123-d123-b64-ga4-fp32-noearly4ep,20260520_gdn_capacity_layout_followup,b64_ga4_fp32_official_gdn,0,123,123,1,8,b64_ga4,float32,float32,6,epoch_end,3.0,2,mqar_case,1024x256,valid/mqar_case/accuracy-1024x256,0.7883046875
gdn-h1-ev8-usegate0-s123-d123,gdn-h1-ev8-s123-d123-b64-ga4-fp32-noearly4ep,20260520_gdn_capacity_layout_followup,b64_ga4_fp32_official_gdn,0,123,123,1,8,b64_ga4,float32,float32,7,mid_epoch,3.5,3,mqar_case,1024x256,valid/mqar_case/accuracy-1024x256,0.79625390625
gdn-h1-ev8-usegate0-s123-d123,gdn-h1-ev8-s123-d123-b64-ga4-fp32-noearly4ep,20260520_gdn_capacity_layout_followup,b64_ga4_fp32_official_gdn,0,123,123,1,8,b64_ga4,float32,float32,8,epoch_end,4.0,3,mqar_case,1024x256,valid/mqar_case/accuracy-1024x256,0.802078125
gdn-h1-ev8-usegate0-s123-d123,gdn-h1-ev8-s123-d123-b64-ga4-fp32-noearly4ep,20260520_gdn_capacity_layout_followup,b64_ga4_fp32_official_gdn,0,123,123,1,8,b64_ga4,float32,float32,1,mid_epoch,0.5,0,mqar_case,128x32,valid/mqar_case/accuracy-128x32,0.99990625
gdn-h1-ev8-usegate0-s123-d123,gdn-h1-ev8-s123-d123-b64-ga4-fp32-noearly4ep,20260520_gdn_capacity_layout_followup,b64_ga4_fp32_official_gdn,0,123,123,1,8,b64_ga4,float32,float32,2,epoch_end,1.0,0,mqar_case,128x32,valid/mqar_case/accuracy-128x32,0.99996875
gdn-h1-ev8-usegate0-s123-d123,gdn-h1-ev8-s123-d123-b64-ga4-fp32-noearly4ep,20260520_gdn_capacity_layout_followup,b64_ga4_fp32_official_gdn,0,123,123,1,8,b64_ga4,float32,float32,3,mid_epoch,1.5,1,mqar_case,128x32,valid/mqar_case/accuracy-128x32,1.0
gdn-h1-ev8-usegate0-s123-d123,gdn-h1-ev8-s123-d123-b64-ga4-fp32-noearly4ep,20260520_gdn_capacity_layout_followup,b64_ga4_fp32_official_gdn,0,123,123,1,8,b64_ga4,float32,float32,4,epoch_end,2.0,1,mqar_case,128x32,valid/mqar_case/accuracy-128x32,1.0
gdn-h1-ev8-usegate0-s123-d123,gdn-h1-ev8-s123-d123-b64-ga4-fp32-noearly4ep,20260520_gdn_capacity_layout_followup,b64_ga4_fp32_official_gdn,0,123,123,1,8,b64_ga4,float32,float32,5,mid_epoch,2.5,2,mqar_case,128x32,valid/mqar_case/accuracy-128x32,1.0
gdn-h1-ev8-usegate0-s123-d123,gdn-h1-ev8-s123-d123-b64-ga4-fp32-noearly4ep,20260520_gdn_capacity_layout_followup,b64_ga4_fp32_official_gdn,0,123,123,1,8,b64_ga4,float32,float32,6,epoch_end,3.0,2,mqar_case,128x32,valid/mqar_case/accuracy-128x32,1.0
gdn-h1-ev8-usegate0-s123-d123,gdn-h1-ev8-s123-d123-b64-ga4-fp32-noearly4ep,20260520_gdn_capacity_layout_followup,b64_ga4_fp32_official_gdn,0,123,123,1,8,b64_ga4,float32,float32,7,mid_epoch,3.5,3,mqar_case,128x32,valid/mqar_case/accuracy-128x32,1.0
gdn-h1-ev8-usegate0-s123-d123,gdn-h1-ev8-s123-d123-b64-ga4-fp32-noearly4ep,20260520_gdn_capacity_layout_followup,b64_ga4_fp32_official_gdn,0,123,123,1,8,b64_ga4,float32,float32,8,epoch_end,4.0,3,mqar_case,128x32,valid/mqar_case/accuracy-128x32,1.0
gdn-h1-ev8-usegate0-s123-d123,gdn-h1-ev8-s123-d123-b64-ga4-fp32-noearly4ep,20260520_gdn_capacity_layout_followup,b64_ga4_fp32_official_gdn,0,123,123,1,8,b64_ga4,float32,float32,1,mid_epoch,0.5,0,mqar_case,256x64,valid/mqar_case/accuracy-256x64,0.99925
gdn-h1-ev8-usegate0-s123-d123,gdn-h1-ev8-s123-d123-b64-ga4-fp32-noearly4ep,20260520_gdn_capacity_layout_followup,b64_ga4_fp32_official_gdn,0,123,123,1,8,b64_ga4,float32,float32,2,epoch_end,1.0,0,mqar_case,256x64,valid/mqar_case/accuracy-256x64,0.999703125
gdn-h1-ev8-usegate0-s123-d123,gdn-h1-ev8-s123-d123-b64-ga4-fp32-noearly4ep,20260520_gdn_capacity_layout_followup,b64_ga4_fp32_official_gdn,0,123,123,1,8,b64_ga4,float32,float32,3,mid_epoch,1.5,1,mqar_case,256x64,valid/mqar_case/accuracy-256x64,0.99965625
gdn-h1-ev8-usegate0-s123-d123,gdn-h1-ev8-s123-d123-b64-ga4-fp32-noearly4ep,20260520_gdn_capacity_layout_followup,b64_ga4_fp32_official_gdn,0,123,123,1,8,b64_ga4,float32,float32,4,epoch_end,2.0,1,mqar_case,256x64,valid/mqar_case/accuracy-256x64,0.99978125
gdn-h1-ev8-usegate0-s123-d123,gdn-h1-ev8-s123-d123-b64-ga4-fp32-noearly4ep,20260520_gdn_capacity_layout_followup,b64_ga4_fp32_official_gdn,0,123,123,1,8,b64_ga4,float32,float32,5,mid_epoch,2.5,2,mqar_case,256x64,valid/mqar_case/accuracy-256x64,0.9998125
gdn-h1-ev8-usegate0-s123-d123,gdn-h1-ev8-s123-d123-b64-ga4-fp32-noearly4ep,20260520_gdn_capacity_layout_followup,b64_ga4_fp32_official_gdn,0,123,123,1,8,b64_ga4,float32,float32,6,epoch_end,3.0,2,mqar_case,256x64,valid/mqar_case/accuracy-256x64,0.999890625
gdn-h1-ev8-usegate0-s123-d123,gdn-h1-ev8-s123-d123-b64-ga4-fp32-noearly4ep,20260520_gdn_capacity_layout_followup,b64_ga4_fp32_official_gdn,0,123,123,1,8,b64_ga4,float32,float32,7,mid_epoch,3.5,3,mqar_case,256x64,valid/mqar_case/accuracy-256x64,0.99990625
gdn-h1-ev8-usegate0-s123-d123,gdn-h1-ev8-s123-d123-b64-ga4-fp32-noearly4ep,20260520_gdn_capacity_layout_followup,b64_ga4_fp32_official_gdn,0,123,123,1,8,b64_ga4,float32,float32,8,epoch_end,4.0,3,mqar_case,256x64,valid/mqar_case/accuracy-256x64,0.99990625
gdn-h1-ev8-usegate0-s123-d123,gdn-h1-ev8-s123-d123-b64-ga4-fp32-noearly4ep,20260520_gdn_capacity_layout_followup,b64_ga4_fp32_official_gdn,0,123,123,1,8,b64_ga4,float32,float32,1,mid_epoch,0.5,0,mqar_case,512x128,valid/mqar_case/accuracy-512x128,0.965296875
gdn-h1-ev8-usegate0-s123-d123,gdn-h1-ev8-s123-d123-b64-ga4-fp32-noearly4ep,20260520_gdn_capacity_layout_followup,b64_ga4_fp32_official_gdn,0,123,123,1,8,b64_ga4,float32,float32,2,epoch_end,1.0,0,mqar_case,512x128,valid/mqar_case/accuracy-512x128,0.98453125
gdn-h1-ev8-usegate0-s123-d123,gdn-h1-ev8-s123-d123-b64-ga4-fp32-noearly4ep,20260520_gdn_capacity_layout_followup,b64_ga4_fp32_official_gdn,0,123,123,1,8,b64_ga4,float32,float32,3,mid_epoch,1.5,1,mqar_case,512x128,valid/mqar_case/accuracy-512x128,0.9833359375
gdn-h1-ev8-usegate0-s123-d123,gdn-h1-ev8-s123-d123-b64-ga4-fp32-noearly4ep,20260520_gdn_capacity_layout_followup,b64_ga4_fp32_official_gdn,0,123,123,1,8,b64_ga4,float32,float32,4,epoch_end,2.0,1,mqar_case,512x128,valid/mqar_case/accuracy-512x128,0.9865546875
gdn-h1-ev8-usegate0-s123-d123,gdn-h1-ev8-s123-d123-b64-ga4-fp32-noearly4ep,20260520_gdn_capacity_layout_followup,b64_ga4_fp32_official_gdn,0,123,123,1,8,b64_ga4,float32,float32,5,mid_epoch,2.5,2,mqar_case,512x128,valid/mqar_case/accuracy-512x128,0.9928515625
gdn-h1-ev8-usegate0-s123-d123,gdn-h1-ev8-s123-d123-b64-ga4-fp32-noearly4ep,20260520_gdn_capacity_layout_followup,b64_ga4_fp32_official_gdn,0,123,123,1,8,b64_ga4,float32,float32,6,epoch_end,3.0,2,mqar_case,512x128,valid/mqar_case/accuracy-512x128,0.9938984375
gdn-h1-ev8-usegate0-s123-d123,gdn-h1-ev8-s123-d123-b64-ga4-fp32-noearly4ep,20260520_gdn_capacity_layout_followup,b64_ga4_fp32_official_gdn,0,123,123,1,8,b64_ga4,float32,float32,7,mid_epoch,3.5,3,mqar_case,512x128,valid/mqar_case/accuracy-512x128,0.9946640625
gdn-h1-ev8-usegate0-s123-d123,gdn-h1-ev8-s123-d123-b64-ga4-fp32-noearly4ep,20260520_gdn_capacity_layout_followup,b64_ga4_fp32_official_gdn,0,123,123,1,8,b64_ga4,float32,float32,8,epoch_end,4.0,3,mqar_case,512x128,valid/mqar_case/accuracy-512x128,0.9952265625
gdn-h1-ev8-usegate0-s123-d123,gdn-h1-ev8-s123-d123-b64-ga4-fp32-noearly4ep,20260520_gdn_capacity_layout_followup,b64_ga4_fp32_official_gdn,0,123,123,1,8,b64_ga4,float32,float32,1,mid_epoch,0.5,0,mqar_case,512x64,valid/mqar_case/accuracy-512x64,0.997015625
gdn-h1-ev8-usegate0-s123-d123,gdn-h1-ev8-s123-d123-b64-ga4-fp32-noearly4ep,20260520_gdn_capacity_layout_followup,b64_ga4_fp32_official_gdn,0,123,123,1,8,b64_ga4,float32,float32,2,epoch_end,1.0,0,mqar_case,512x64,valid/mqar_case/accuracy-512x64,0.9989375
gdn-h1-ev8-usegate0-s123-d123,gdn-h1-ev8-s123-d123-b64-ga4-fp32-noearly4ep,20260520_gdn_capacity_layout_followup,b64_ga4_fp32_official_gdn,0,123,123,1,8,b64_ga4,float32,float32,3,mid_epoch,1.5,1,mqar_case,512x64,valid/mqar_case/accuracy-512x64,0.99859375
gdn-h1-ev8-usegate0-s123-d123,gdn-h1-ev8-s123-d123-b64-ga4-fp32-noearly4ep,20260520_gdn_capacity_layout_followup,b64_ga4_fp32_official_gdn,0,123,123,1,8,b64_ga4,float32,float32,4,epoch_end,2.0,1,mqar_case,512x64,valid/mqar_case/accuracy-512x64,0.99878125
gdn-h1-ev8-usegate0-s123-d123,gdn-h1-ev8-s123-d123-b64-ga4-fp32-noearly4ep,20260520_gdn_capacity_layout_followup,b64_ga4_fp32_official_gdn,0,123,123,1,8,b64_ga4,float32,float32,5,mid_epoch,2.5,2,mqar_case,512x64,valid/mqar_case/accuracy-512x64,0.999203125
gdn-h1-ev8-usegate0-s123-d123,gdn-h1-ev8-s123-d123-b64-ga4-fp32-noearly4ep,20260520_gdn_capacity_layout_followup,b64_ga4_fp32_official_gdn,0,123,123,1,8,b64_ga4,float32,float32,6,epoch_end,3.0,2,mqar_case,512x64,valid/mqar_case/accuracy-512x64,0.999171875
gdn-h1-ev8-usegate0-s123-d123,gdn-h1-ev8-s123-d123-b64-ga4-fp32-noearly4ep,20260520_gdn_capacity_layout_followup,b64_ga4_fp32_official_gdn,0,123,123,1,8,b64_ga4,float32,float32,7,mid_epoch,3.5,3,mqar_case,512x64,valid/mqar_case/accuracy-512x64,0.99921875
gdn-h1-ev8-usegate0-s123-d123,gdn-h1-ev8-s123-d123-b64-ga4-fp32-noearly4ep,20260520_gdn_capacity_layout_followup,b64_ga4_fp32_official_gdn,0,123,123,1,8,b64_ga4,float32,float32,8,epoch_end,4.0,3,mqar_case,512x64,valid/mqar_case/accuracy-512x64,0.999234375
gdn-h1-ev8-usegate0-s123-d123,gdn-h1-ev8-s123-d123-b64-ga4-fp32-noearly4ep,20260520_gdn_capacity_layout_followup,b64_ga4_fp32_official_gdn,0,123,123,1,8,b64_ga4,float32,float32,1,mid_epoch,0.5,0,mqar_case,64x16,valid/mqar_case/accuracy-64x16,0.999875
gdn-h1-ev8-usegate0-s123-d123,gdn-h1-ev8-s123-d123-b64-ga4-fp32-noearly4ep,20260520_gdn_capacity_layout_followup,b64_ga4_fp32_official_gdn,0,123,123,1,8,b64_ga4,float32,float32,2,epoch_end,1.0,0,mqar_case,64x16,valid/mqar_case/accuracy-64x16,0.9999375
gdn-h1-ev8-usegate0-s123-d123,gdn-h1-ev8-s123-d123-b64-ga4-fp32-noearly4ep,20260520_gdn_capacity_layout_followup,b64_ga4_fp32_official_gdn,0,123,123,1,8,b64_ga4,float32,float32,3,mid_epoch,1.5,1,mqar_case,64x16,valid/mqar_case/accuracy-64x16,1.0
gdn-h1-ev8-usegate0-s123-d123,gdn-h1-ev8-s123-d123-b64-ga4-fp32-noearly4ep,20260520_gdn_capacity_layout_followup,b64_ga4_fp32_official_gdn,0,123,123,1,8,b64_ga4,float32,float32,4,epoch_end,2.0,1,mqar_case,64x16,valid/mqar_case/accuracy-64x16,1.0
gdn-h1-ev8-usegate0-s123-d123,gdn-h1-ev8-s123-d123-b64-ga4-fp32-noearly4ep,20260520_gdn_capacity_layout_followup,b64_ga4_fp32_official_gdn,0,123,123,1,8,b64_ga4,float32,float32,5,mid_epoch,2.5,2,mqar_case,64x16,valid/mqar_case/accuracy-64x16,1.0
gdn-h1-ev8-usegate0-s123-d123,gdn-h1-ev8-s123-d123-b64-ga4-fp32-noearly4ep,20260520_gdn_capacity_layout_followup,b64_ga4_fp32_official_gdn,0,123,123,1,8,b64_ga4,float32,float32,6,epoch_end,3.0,2,mqar_case,64x16,valid/mqar_case/accuracy-64x16,1.0
gdn-h1-ev8-usegate0-s123-d123,gdn-h1-ev8-s123-d123-b64-ga4-fp32-noearly4ep,20260520_gdn_capacity_layout_followup,b64_ga4_fp32_official_gdn,0,123,123,1,8,b64_ga4,float32,float32,7,mid_epoch,3.5,3,mqar_case,64x16,valid/mqar_case/accuracy-64x16,1.0
gdn-h1-ev8-usegate0-s123-d123,gdn-h1-ev8-s123-d123-b64-ga4-fp32-noearly4ep,20260520_gdn_capacity_layout_followup,b64_ga4_fp32_official_gdn,0,123,123,1,8,b64_ga4,float32,float32,8,epoch_end,4.0,3,mqar_case,64x16,valid/mqar_case/accuracy-64x16,1.0
gdn-h1-ev8-usegate0-s123-d123,gdn-h1-ev8-s123-d123-b64-ga4-fp32-noearly4ep,20260520_gdn_capacity_layout_followup,b64_ga4_fp32_official_gdn,0,123,123,1,8,b64_ga4,float32,float32,1,mid_epoch,0.5,0,mqar_case,64x4,valid/mqar_case/accuracy-64x4,0.96975
gdn-h1-ev8-usegate0-s123-d123,gdn-h1-ev8-s123-d123-b64-ga4-fp32-noearly4ep,20260520_gdn_capacity_layout_followup,b64_ga4_fp32_official_gdn,0,123,123,1,8,b64_ga4,float32,float32,2,epoch_end,1.0,0,mqar_case,64x4,valid/mqar_case/accuracy-64x4,0.985
gdn-h1-ev8-usegate0-s123-d123,gdn-h1-ev8-s123-d123-b64-ga4-fp32-noearly4ep,20260520_gdn_capacity_layout_followup,b64_ga4_fp32_official_gdn,0,123,123,1,8,b64_ga4,float32,float32,3,mid_epoch,1.5,1,mqar_case,64x4,valid/mqar_case/accuracy-64x4,0.9965
gdn-h1-ev8-usegate0-s123-d123,gdn-h1-ev8-s123-d123-b64-ga4-fp32-noearly4ep,20260520_gdn_capacity_layout_followup,b64_ga4_fp32_official_gdn,0,123,123,1,8,b64_ga4,float32,float32,4,epoch_end,2.0,1,mqar_case,64x4,valid/mqar_case/accuracy-64x4,0.9965
gdn-h1-ev8-usegate0-s123-d123,gdn-h1-ev8-s123-d123-b64-ga4-fp32-noearly4ep,20260520_gdn_capacity_layout_followup,b64_ga4_fp32_official_gdn,0,123,123,1,8,b64_ga4,float32,float32,5,mid_epoch,2.5,2,mqar_case,64x4,valid/mqar_case/accuracy-64x4,0.99575
gdn-h1-ev8-usegate0-s123-d123,gdn-h1-ev8-s123-d123-b64-ga4-fp32-noearly4ep,20260520_gdn_capacity_layout_followup,b64_ga4_fp32_official_gdn,0,123,123,1,8,b64_ga4,float32,float32,6,epoch_end,3.0,2,mqar_case,64x4,valid/mqar_case/accuracy-64x4,0.99575
gdn-h1-ev8-usegate0-s123-d123,gdn-h1-ev8-s123-d123-b64-ga4-fp32-noearly4ep,20260520_gdn_capacity_layout_followup,b64_ga4_fp32_official_gdn,0,123,123,1,8,b64_ga4,float32,float32,7,mid_epoch,3.5,3,mqar_case,64x4,valid/mqar_case/accuracy-64x4,0.99475
gdn-h1-ev8-usegate0-s123-d123,gdn-h1-ev8-s123-d123-b64-ga4-fp32-noearly4ep,20260520_gdn_capacity_layout_followup,b64_ga4_fp32_official_gdn,0,123,123,1,8,b64_ga4,float32,float32,8,epoch_end,4.0,3,mqar_case,64x4,valid/mqar_case/accuracy-64x4,0.994
gdn-h1-ev8-usegate0-s123-d123,gdn-h1-ev8-s123-d123-b64-ga4-fp32-noearly4ep,20260520_gdn_capacity_layout_followup,b64_ga4_fp32_official_gdn,0,123,123,1,8,b64_ga4,float32,float32,1,mid_epoch,0.5,0,mqar_case,64x8,valid/mqar_case/accuracy-64x8,0.996375
gdn-h1-ev8-usegate0-s123-d123,gdn-h1-ev8-s123-d123-b64-ga4-fp32-noearly4ep,20260520_gdn_capacity_layout_followup,b64_ga4_fp32_official_gdn,0,123,123,1,8,b64_ga4,float32,float32,2,epoch_end,1.0,0,mqar_case,64x8,valid/mqar_case/accuracy-64x8,0.997
gdn-h1-ev8-usegate0-s123-d123,gdn-h1-ev8-s123-d123-b64-ga4-fp32-noearly4ep,20260520_gdn_capacity_layout_followup,b64_ga4_fp32_official_gdn,0,123,123,1,8,b64_ga4,float32,float32,3,mid_epoch,1.5,1,mqar_case,64x8,valid/mqar_case/accuracy-64x8,0.99875
gdn-h1-ev8-usegate0-s123-d123,gdn-h1-ev8-s123-d123-b64-ga4-fp32-noearly4ep,20260520_gdn_capacity_layout_followup,b64_ga4_fp32_official_gdn,0,123,123,1,8,b64_ga4,float32,float32,4,epoch_end,2.0,1,mqar_case,64x8,valid/mqar_case/accuracy-64x8,0.999125
gdn-h1-ev8-usegate0-s123-d123,gdn-h1-ev8-s123-d123-b64-ga4-fp32-noearly4ep,20260520_gdn_capacity_layout_followup,b64_ga4_fp32_official_gdn,0,123,123,1,8,b64_ga4,float32,float32,5,mid_epoch,2.5,2,mqar_case,64x8,valid/mqar_case/accuracy-64x8,0.999
gdn-h1-ev8-usegate0-s123-d123,gdn-h1-ev8-s123-d123-b64-ga4-fp32-noearly4ep,20260520_gdn_capacity_layout_followup,b64_ga4_fp32_official_gdn,0,123,123,1,8,b64_ga4,float32,float32,6,epoch_end,3.0,2,mqar_case,64x8,valid/mqar_case/accuracy-64x8,0.998875
gdn-h1-ev8-usegate0-s123-d123,gdn-h1-ev8-s123-d123-b64-ga4-fp32-noearly4ep,20260520_gdn_capacity_layout_followup,b64_ga4_fp32_official_gdn,0,123,123,1,8,b64_ga4,float32,float32,7,mid_epoch,3.5,3,mqar_case,64x8,valid/mqar_case/accuracy-64x8,0.99875
gdn-h1-ev8-usegate0-s123-d123,gdn-h1-ev8-s123-d123-b64-ga4-fp32-noearly4ep,20260520_gdn_capacity_layout_followup,b64_ga4_fp32_official_gdn,0,123,123,1,8,b64_ga4,float32,float32,8,epoch_end,4.0,3,mqar_case,64x8,valid/mqar_case/accuracy-64x8,0.9985
gdn-h1-ev8-usegate0-s123-d123,gdn-h1-ev8-s123-d123-b64-ga4-fp32-noearly4ep,20260520_gdn_capacity_layout_followup,b64_ga4_fp32_official_gdn,0,123,123,1,8,b64_ga4,float32,float32,1,mid_epoch,0.5,0,num_kv_pairs,128,valid/num_kv_pairs/accuracy-128,0.965296875
gdn-h1-ev8-usegate0-s123-d123,gdn-h1-ev8-s123-d123-b64-ga4-fp32-noearly4ep,20260520_gdn_capacity_layout_followup,b64_ga4_fp32_official_gdn,0,123,123,1,8,b64_ga4,float32,float32,2,epoch_end,1.0,0,num_kv_pairs,128,valid/num_kv_pairs/accuracy-128,0.98453125
gdn-h1-ev8-usegate0-s123-d123,gdn-h1-ev8-s123-d123-b64-ga4-fp32-noearly4ep,20260520_gdn_capacity_layout_followup,b64_ga4_fp32_official_gdn,0,123,123,1,8,b64_ga4,float32,float32,3,mid_epoch,1.5,1,num_kv_pairs,128,valid/num_kv_pairs/accuracy-128,0.9833359375
gdn-h1-ev8-usegate0-s123-d123,gdn-h1-ev8-s123-d123-b64-ga4-fp32-noearly4ep,20260520_gdn_capacity_layout_followup,b64_ga4_fp32_official_gdn,0,123,123,1,8,b64_ga4,float32,float32,4,epoch_end,2.0,1,num_kv_pairs,128,valid/num_kv_pairs/accuracy-128,0.9865546875
gdn-h1-ev8-usegate0-s123-d123,gdn-h1-ev8-s123-d123-b64-ga4-fp32-noearly4ep,20260520_gdn_capacity_layout_followup,b64_ga4_fp32_official_gdn,0,123,123,1,8,b64_ga4,float32,float32,5,mid_epoch,2.5,2,num_kv_pairs,128,valid/num_kv_pairs/accuracy-128,0.9928515625
gdn-h1-ev8-usegate0-s123-d123,gdn-h1-ev8-s123-d123-b64-ga4-fp32-noearly4ep,20260520_gdn_capacity_layout_followup,b64_ga4_fp32_official_gdn,0,123,123,1,8,b64_ga4,float32,float32,6,epoch_end,3.0,2,num_kv_pairs,128,valid/num_kv_pairs/accuracy-128,0.9938984375
gdn-h1-ev8-usegate0-s123-d123,gdn-h1-ev8-s123-d123-b64-ga4-fp32-noearly4ep,20260520_gdn_capacity_layout_followup,b64_ga4_fp32_official_gdn,0,123,123,1,8,b64_ga4,float32,float32,7,mid_epoch,3.5,3,num_kv_pairs,128,valid/num_kv_pairs/accuracy-128,0.9946640625
gdn-h1-ev8-usegate0-s123-d123,gdn-h1-ev8-s123-d123-b64-ga4-fp32-noearly4ep,20260520_gdn_capacity_layout_followup,b64_ga4_fp32_official_gdn,0,123,123,1,8,b64_ga4,float32,float32,8,epoch_end,4.0,3,num_kv_pairs,128,valid/num_kv_pairs/accuracy-128,0.9952265625
gdn-h1-ev8-usegate0-s123-d123,gdn-h1-ev8-s123-d123-b64-ga4-fp32-noearly4ep,20260520_gdn_capacity_layout_followup,b64_ga4_fp32_official_gdn,0,123,123,1,8,b64_ga4,float32,float32,1,mid_epoch,0.5,0,num_kv_pairs,16,valid/num_kv_pairs/accuracy-16,0.999875
gdn-h1-ev8-usegate0-s123-d123,gdn-h1-ev8-s123-d123-b64-ga4-fp32-noearly4ep,20260520_gdn_capacity_layout_followup,b64_ga4_fp32_official_gdn,0,123,123,1,8,b64_ga4,float32,float32,2,epoch_end,1.0,0,num_kv_pairs,16,valid/num_kv_pairs/accuracy-16,0.9999375
gdn-h1-ev8-usegate0-s123-d123,gdn-h1-ev8-s123-d123-b64-ga4-fp32-noearly4ep,20260520_gdn_capacity_layout_followup,b64_ga4_fp32_official_gdn,0,123,123,1,8,b64_ga4,float32,float32,3,mid_epoch,1.5,1,num_kv_pairs,16,valid/num_kv_pairs/accuracy-16,1.0
gdn-h1-ev8-usegate0-s123-d123,gdn-h1-ev8-s123-d123-b64-ga4-fp32-noearly4ep,20260520_gdn_capacity_layout_followup,b64_ga4_fp32_official_gdn,0,123,123,1,8,b64_ga4,float32,float32,4,epoch_end,2.0,1,num_kv_pairs,16,valid/num_kv_pairs/accuracy-16,1.0
gdn-h1-ev8-usegate0-s123-d123,gdn-h1-ev8-s123-d123-b64-ga4-fp32-noearly4ep,20260520_gdn_capacity_layout_followup,b64_ga4_fp32_official_gdn,0,123,123,1,8,b64_ga4,float32,float32,5,mid_epoch,2.5,2,num_kv_pairs,16,valid/num_kv_pairs/accuracy-16,1.0
gdn-h1-ev8-usegate0-s123-d123,gdn-h1-ev8-s123-d123-b64-ga4-fp32-noearly4ep,20260520_gdn_capacity_layout_followup,b64_ga4_fp32_official_gdn,0,123,123,1,8,b64_ga4,float32,float32,6,epoch_end,3.0,2,num_kv_pairs,16,valid/num_kv_pairs/accuracy-16,1.0
gdn-h1-ev8-usegate0-s123-d123,gdn-h1-ev8-s123-d123-b64-ga4-fp32-noearly4ep,20260520_gdn_capacity_layout_followup,b64_ga4_fp32_official_gdn,0,123,123,1,8,b64_ga4,float32,float32,7,mid_epoch,3.5,3,num_kv_pairs,16,valid/num_kv_pairs/accuracy-16,1.0
gdn-h1-ev8-usegate0-s123-d123,gdn-h1-ev8-s123-d123-b64-ga4-fp32-noearly4ep,20260520_gdn_capacity_layout_followup,b64_ga4_fp32_official_gdn,0,123,123,1,8,b64_ga4,float32,float32,8,epoch_end,4.0,3,num_kv_pairs,16,valid/num_kv_pairs/accuracy-16,1.0
gdn-h1-ev8-usegate0-s123-d123,gdn-h1-ev8-s123-d123-b64-ga4-fp32-noearly4ep,20260520_gdn_capacity_layout_followup,b64_ga4_fp32_official_gdn,0,123,123,1,8,b64_ga4,float32,float32,1,mid_epoch,0.5,0,num_kv_pairs,256,valid/num_kv_pairs/accuracy-256,0.57691015625
gdn-h1-ev8-usegate0-s123-d123,gdn-h1-ev8-s123-d123-b64-ga4-fp32-noearly4ep,20260520_gdn_capacity_layout_followup,b64_ga4_fp32_official_gdn,0,123,123,1,8,b64_ga4,float32,float32,2,epoch_end,1.0,0,num_kv_pairs,256,valid/num_kv_pairs/accuracy-256,0.7171484375
gdn-h1-ev8-usegate0-s123-d123,gdn-h1-ev8-s123-d123-b64-ga4-fp32-noearly4ep,20260520_gdn_capacity_layout_followup,b64_ga4_fp32_official_gdn,0,123,123,1,8,b64_ga4,float32,float32,3,mid_epoch,1.5,1,num_kv_pairs,256,valid/num_kv_pairs/accuracy-256,0.7141484375
gdn-h1-ev8-usegate0-s123-d123,gdn-h1-ev8-s123-d123-b64-ga4-fp32-noearly4ep,20260520_gdn_capacity_layout_followup,b64_ga4_fp32_official_gdn,0,123,123,1,8,b64_ga4,float32,float32,4,epoch_end,2.0,1,num_kv_pairs,256,valid/num_kv_pairs/accuracy-256,0.725875
gdn-h1-ev8-usegate0-s123-d123,gdn-h1-ev8-s123-d123-b64-ga4-fp32-noearly4ep,20260520_gdn_capacity_layout_followup,b64_ga4_fp32_official_gdn,0,123,123,1,8,b64_ga4,float32,float32,5,mid_epoch,2.5,2,num_kv_pairs,256,valid/num_kv_pairs/accuracy-256,0.776640625
gdn-h1-ev8-usegate0-s123-d123,gdn-h1-ev8-s123-d123-b64-ga4-fp32-noearly4ep,20260520_gdn_capacity_layout_followup,b64_ga4_fp32_official_gdn,0,123,123,1,8,b64_ga4,float32,float32,6,epoch_end,3.0,2,num_kv_pairs,256,valid/num_kv_pairs/accuracy-256,0.7883046875
gdn-h1-ev8-usegate0-s123-d123,gdn-h1-ev8-s123-d123-b64-ga4-fp32-noearly4ep,20260520_gdn_capacity_layout_followup,b64_ga4_fp32_official_gdn,0,123,123,1,8,b64_ga4,float32,float32,7,mid_epoch,3.5,3,num_kv_pairs,256,valid/num_kv_pairs/accuracy-256,0.79625390625
gdn-h1-ev8-usegate0-s123-d123,gdn-h1-ev8-s123-d123-b64-ga4-fp32-noearly4ep,20260520_gdn_capacity_layout_followup,b64_ga4_fp32_official_gdn,0,123,123,1,8,b64_ga4,float32,float32,8,epoch_end,4.0,3,num_kv_pairs,256,valid/num_kv_pairs/accuracy-256,0.802078125
gdn-h1-ev8-usegate0-s123-d123,gdn-h1-ev8-s123-d123-b64-ga4-fp32-noearly4ep,20260520_gdn_capacity_layout_followup,b64_ga4_fp32_official_gdn,0,123,123,1,8,b64_ga4,float32,float32,1,mid_epoch,0.5,0,num_kv_pairs,32,valid/num_kv_pairs/accuracy-32,0.99990625
gdn-h1-ev8-usegate0-s123-d123,gdn-h1-ev8-s123-d123-b64-ga4-fp32-noearly4ep,20260520_gdn_capacity_layout_followup,b64_ga4_fp32_official_gdn,0,123,123,1,8,b64_ga4,float32,float32,2,epoch_end,1.0,0,num_kv_pairs,32,valid/num_kv_pairs/accuracy-32,0.99996875
gdn-h1-ev8-usegate0-s123-d123,gdn-h1-ev8-s123-d123-b64-ga4-fp32-noearly4ep,20260520_gdn_capacity_layout_followup,b64_ga4_fp32_official_gdn,0,123,123,1,8,b64_ga4,float32,float32,3,mid_epoch,1.5,1,num_kv_pairs,32,valid/num_kv_pairs/accuracy-32,1.0
gdn-h1-ev8-usegate0-s123-d123,gdn-h1-ev8-s123-d123-b64-ga4-fp32-noearly4ep,20260520_gdn_capacity_layout_followup,b64_ga4_fp32_official_gdn,0,123,123,1,8,b64_ga4,float32,float32,4,epoch_end,2.0,1,num_kv_pairs,32,valid/num_kv_pairs/accuracy-32,1.0
gdn-h1-ev8-usegate0-s123-d123,gdn-h1-ev8-s123-d123-b64-ga4-fp32-noearly4ep,20260520_gdn_capacity_layout_followup,b64_ga4_fp32_official_gdn,0,123,123,1,8,b64_ga4,float32,float32,5,mid_epoch,2.5,2,num_kv_pairs,32,valid/num_kv_pairs/accuracy-32,1.0
gdn-h1-ev8-usegate0-s123-d123,gdn-h1-ev8-s123-d123-b64-ga4-fp32-noearly4ep,20260520_gdn_capacity_layout_followup,b64_ga4_fp32_official_gdn,0,123,123,1,8,b64_ga4,float32,float32,6,epoch_end,3.0,2,num_kv_pairs,32,valid/num_kv_pairs/accuracy-32,1.0
gdn-h1-ev8-usegate0-s123-d123,gdn-h1-ev8-s123-d123-b64-ga4-fp32-noearly4ep,20260520_gdn_capacity_layout_followup,b64_ga4_fp32_official_gdn,0,123,123,1,8,b64_ga4,float32,float32,7,mid_epoch,3.5,3,num_kv_pairs,32,valid/num_kv_pairs/accuracy-32,1.0
gdn-h1-ev8-usegate0-s123-d123,gdn-h1-ev8-s123-d123-b64-ga4-fp32-noearly4ep,20260520_gdn_capacity_layout_followup,b64_ga4_fp32_official_gdn,0,123,123,1,8,b64_ga4,float32,float32,8,epoch_end,4.0,3,num_kv_pairs,32,valid/num_kv_pairs/accuracy-32,1.0
gdn-h1-ev8-usegate0-s123-d123,gdn-h1-ev8-s123-d123-b64-ga4-fp32-noearly4ep,20260520_gdn_capacity_layout_followup,b64_ga4_fp32_official_gdn,0,123,123,1,8,b64_ga4,float32,float32,1,mid_epoch,0.5,0,num_kv_pairs,4,valid/num_kv_pairs/accuracy-4,0.96975
gdn-h1-ev8-usegate0-s123-d123,gdn-h1-ev8-s123-d123-b64-ga4-fp32-noearly4ep,20260520_gdn_capacity_layout_followup,b64_ga4_fp32_official_gdn,0,123,123,1,8,b64_ga4,float32,float32,2,epoch_end,1.0,0,num_kv_pairs,4,valid/num_kv_pairs/accuracy-4,0.985
gdn-h1-ev8-usegate0-s123-d123,gdn-h1-ev8-s123-d123-b64-ga4-fp32-noearly4ep,20260520_gdn_capacity_layout_followup,b64_ga4_fp32_official_gdn,0,123,123,1,8,b64_ga4,float32,float32,3,mid_epoch,1.5,1,num_kv_pairs,4,valid/num_kv_pairs/accuracy-4,0.9965
gdn-h1-ev8-usegate0-s123-d123,gdn-h1-ev8-s123-d123-b64-ga4-fp32-noearly4ep,20260520_gdn_capacity_layout_followup,b64_ga4_fp32_official_gdn,0,123,123,1,8,b64_ga4,float32,float32,4,epoch_end,2.0,1,num_kv_pairs,4,valid/num_kv_pairs/accuracy-4,0.9965
gdn-h1-ev8-usegate0-s123-d123,gdn-h1-ev8-s123-d123-b64-ga4-fp32-noearly4ep,20260520_gdn_capacity_layout_followup,b64_ga4_fp32_official_gdn,0,123,123,1,8,b64_ga4,float32,float32,5,mid_epoch,2.5,2,num_kv_pairs,4,valid/num_kv_pairs/accuracy-4,0.99575
gdn-h1-ev8-usegate0-s123-d123,gdn-h1-ev8-s123-d123-b64-ga4-fp32-noearly4ep,20260520_gdn_capacity_layout_followup,b64_ga4_fp32_official_gdn,0,123,123,1,8,b64_ga4,float32,float32,6,epoch_end,3.0,2,num_kv_pairs,4,valid/num_kv_pairs/accuracy-4,0.99575
gdn-h1-ev8-usegate0-s123-d123,gdn-h1-ev8-s123-d123-b64-ga4-fp32-noearly4ep,20260520_gdn_capacity_layout_followup,b64_ga4_fp32_official_gdn,0,123,123,1,8,b64_ga4,float32,float32,7,mid_epoch,3.5,3,num_kv_pairs,4,valid/num_kv_pairs/accuracy-4,0.99475
gdn-h1-ev8-usegate0-s123-d123,gdn-h1-ev8-s123-d123-b64-ga4-fp32-noearly4ep,20260520_gdn_capacity_layout_followup,b64_ga4_fp32_official_gdn,0,123,123,1,8,b64_ga4,float32,float32,8,epoch_end,4.0,3,num_kv_pairs,4,valid/num_kv_pairs/accuracy-4,0.994
gdn-h1-ev8-usegate0-s123-d123,gdn-h1-ev8-s123-d123-b64-ga4-fp32-noearly4ep,20260520_gdn_capacity_layout_followup,b64_ga4_fp32_official_gdn,0,123,123,1,8,b64_ga4,float32,float32,1,mid_epoch,0.5,0,num_kv_pairs,64,valid/num_kv_pairs/accuracy-64,0.9981328125
gdn-h1-ev8-usegate0-s123-d123,gdn-h1-ev8-s123-d123-b64-ga4-fp32-noearly4ep,20260520_gdn_capacity_layout_followup,b64_ga4_fp32_official_gdn,0,123,123,1,8,b64_ga4,float32,float32,2,epoch_end,1.0,0,num_kv_pairs,64,valid/num_kv_pairs/accuracy-64,0.9993203125
gdn-h1-ev8-usegate0-s123-d123,gdn-h1-ev8-s123-d123-b64-ga4-fp32-noearly4ep,20260520_gdn_capacity_layout_followup,b64_ga4_fp32_official_gdn,0,123,123,1,8,b64_ga4,float32,float32,3,mid_epoch,1.5,1,num_kv_pairs,64,valid/num_kv_pairs/accuracy-64,0.999125
gdn-h1-ev8-usegate0-s123-d123,gdn-h1-ev8-s123-d123-b64-ga4-fp32-noearly4ep,20260520_gdn_capacity_layout_followup,b64_ga4_fp32_official_gdn,0,123,123,1,8,b64_ga4,float32,float32,4,epoch_end,2.0,1,num_kv_pairs,64,valid/num_kv_pairs/accuracy-64,0.99928125
gdn-h1-ev8-usegate0-s123-d123,gdn-h1-ev8-s123-d123-b64-ga4-fp32-noearly4ep,20260520_gdn_capacity_layout_followup,b64_ga4_fp32_official_gdn,0,123,123,1,8,b64_ga4,float32,float32,5,mid_epoch,2.5,2,num_kv_pairs,64,valid/num_kv_pairs/accuracy-64,0.9995078125
gdn-h1-ev8-usegate0-s123-d123,gdn-h1-ev8-s123-d123-b64-ga4-fp32-noearly4ep,20260520_gdn_capacity_layout_followup,b64_ga4_fp32_official_gdn,0,123,123,1,8,b64_ga4,float32,float32,6,epoch_end,3.0,2,num_kv_pairs,64,valid/num_kv_pairs/accuracy-64,0.99953125
gdn-h1-ev8-usegate0-s123-d123,gdn-h1-ev8-s123-d123-b64-ga4-fp32-noearly4ep,20260520_gdn_capacity_layout_followup,b64_ga4_fp32_official_gdn,0,123,123,1,8,b64_ga4,float32,float32,7,mid_epoch,3.5,3,num_kv_pairs,64,valid/num_kv_pairs/accuracy-64,0.9995625
gdn-h1-ev8-usegate0-s123-d123,gdn-h1-ev8-s123-d123-b64-ga4-fp32-noearly4ep,20260520_gdn_capacity_layout_followup,b64_ga4_fp32_official_gdn,0,123,123,1,8,b64_ga4,float32,float32,8,epoch_end,4.0,3,num_kv_pairs,64,valid/num_kv_pairs/accuracy-64,0.9995703125
gdn-h1-ev8-usegate0-s123-d123,gdn-h1-ev8-s123-d123-b64-ga4-fp32-noearly4ep,20260520_gdn_capacity_layout_followup,b64_ga4_fp32_official_gdn,0,123,123,1,8,b64_ga4,float32,float32,1,mid_epoch,0.5,0,num_kv_pairs,8,valid/num_kv_pairs/accuracy-8,0.996375
gdn-h1-ev8-usegate0-s123-d123,gdn-h1-ev8-s123-d123-b64-ga4-fp32-noearly4ep,20260520_gdn_capacity_layout_followup,b64_ga4_fp32_official_gdn,0,123,123,1,8,b64_ga4,float32,float32,2,epoch_end,1.0,0,num_kv_pairs,8,valid/num_kv_pairs/accuracy-8,0.997
gdn-h1-ev8-usegate0-s123-d123,gdn-h1-ev8-s123-d123-b64-ga4-fp32-noearly4ep,20260520_gdn_capacity_layout_followup,b64_ga4_fp32_official_gdn,0,123,123,1,8,b64_ga4,float32,float32,3,mid_epoch,1.5,1,num_kv_pairs,8,valid/num_kv_pairs/accuracy-8,0.99875
gdn-h1-ev8-usegate0-s123-d123,gdn-h1-ev8-s123-d123-b64-ga4-fp32-noearly4ep,20260520_gdn_capacity_layout_followup,b64_ga4_fp32_official_gdn,0,123,123,1,8,b64_ga4,float32,float32,4,epoch_end,2.0,1,num_kv_pairs,8,valid/num_kv_pairs/accuracy-8,0.999125
gdn-h1-ev8-usegate0-s123-d123,gdn-h1-ev8-s123-d123-b64-ga4-fp32-noearly4ep,20260520_gdn_capacity_layout_followup,b64_ga4_fp32_official_gdn,0,123,123,1,8,b64_ga4,float32,float32,5,mid_epoch,2.5,2,num_kv_pairs,8,valid/num_kv_pairs/accuracy-8,0.999
gdn-h1-ev8-usegate0-s123-d123,gdn-h1-ev8-s123-d123-b64-ga4-fp32-noearly4ep,20260520_gdn_capacity_layout_followup,b64_ga4_fp32_official_gdn,0,123,123,1,8,b64_ga4,float32,float32,6,epoch_end,3.0,2,num_kv_pairs,8,valid/num_kv_pairs/accuracy-8,0.998875
gdn-h1-ev8-usegate0-s123-d123,gdn-h1-ev8-s123-d123-b64-ga4-fp32-noearly4ep,20260520_gdn_capacity_layout_followup,b64_ga4_fp32_official_gdn,0,123,123,1,8,b64_ga4,float32,float32,7,mid_epoch,3.5,3,num_kv_pairs,8,valid/num_kv_pairs/accuracy-8,0.99875
gdn-h1-ev8-usegate0-s123-d123,gdn-h1-ev8-s123-d123-b64-ga4-fp32-noearly4ep,20260520_gdn_capacity_layout_followup,b64_ga4_fp32_official_gdn,0,123,123,1,8,b64_ga4,float32,float32,8,epoch_end,4.0,3,num_kv_pairs,8,valid/num_kv_pairs/accuracy-8,0.9985
gdn-h1-ev8-usegate0-s124-d123,gdn-h1-ev8-s124-d123-b64-ga4-fp32-noearly4ep,20260520_gdn_capacity_layout_followup,b64_ga4_fp32_official_gdn,1,124,123,1,8,b64_ga4,float32,float32,1,mid_epoch,0.5,0,input_seq_len,1024,valid/input_seq_len/accuracy-1024,0.54550390625
gdn-h1-ev8-usegate0-s124-d123,gdn-h1-ev8-s124-d123-b64-ga4-fp32-noearly4ep,20260520_gdn_capacity_layout_followup,b64_ga4_fp32_official_gdn,1,124,123,1,8,b64_ga4,float32,float32,2,epoch_end,1.0,0,input_seq_len,1024,valid/input_seq_len/accuracy-1024,0.6384921875
gdn-h1-ev8-usegate0-s124-d123,gdn-h1-ev8-s124-d123-b64-ga4-fp32-noearly4ep,20260520_gdn_capacity_layout_followup,b64_ga4_fp32_official_gdn,1,124,123,1,8,b64_ga4,float32,float32,3,mid_epoch,1.5,1,input_seq_len,1024,valid/input_seq_len/accuracy-1024,0.73471875
gdn-h1-ev8-usegate0-s124-d123,gdn-h1-ev8-s124-d123-b64-ga4-fp32-noearly4ep,20260520_gdn_capacity_layout_followup,b64_ga4_fp32_official_gdn,1,124,123,1,8,b64_ga4,float32,float32,4,epoch_end,2.0,1,input_seq_len,1024,valid/input_seq_len/accuracy-1024,0.79093359375
gdn-h1-ev8-usegate0-s124-d123,gdn-h1-ev8-s124-d123-b64-ga4-fp32-noearly4ep,20260520_gdn_capacity_layout_followup,b64_ga4_fp32_official_gdn,1,124,123,1,8,b64_ga4,float32,float32,5,mid_epoch,2.5,2,input_seq_len,1024,valid/input_seq_len/accuracy-1024,0.8274375
gdn-h1-ev8-usegate0-s124-d123,gdn-h1-ev8-s124-d123-b64-ga4-fp32-noearly4ep,20260520_gdn_capacity_layout_followup,b64_ga4_fp32_official_gdn,1,124,123,1,8,b64_ga4,float32,float32,6,epoch_end,3.0,2,input_seq_len,1024,valid/input_seq_len/accuracy-1024,0.839296875
gdn-h1-ev8-usegate0-s124-d123,gdn-h1-ev8-s124-d123-b64-ga4-fp32-noearly4ep,20260520_gdn_capacity_layout_followup,b64_ga4_fp32_official_gdn,1,124,123,1,8,b64_ga4,float32,float32,7,mid_epoch,3.5,3,input_seq_len,1024,valid/input_seq_len/accuracy-1024,0.8485234375
gdn-h1-ev8-usegate0-s124-d123,gdn-h1-ev8-s124-d123-b64-ga4-fp32-noearly4ep,20260520_gdn_capacity_layout_followup,b64_ga4_fp32_official_gdn,1,124,123,1,8,b64_ga4,float32,float32,8,epoch_end,4.0,3,input_seq_len,1024,valid/input_seq_len/accuracy-1024,0.8541953125
gdn-h1-ev8-usegate0-s124-d123,gdn-h1-ev8-s124-d123-b64-ga4-fp32-noearly4ep,20260520_gdn_capacity_layout_followup,b64_ga4_fp32_official_gdn,1,124,123,1,8,b64_ga4,float32,float32,1,mid_epoch,0.5,0,input_seq_len,128,valid/input_seq_len/accuracy-128,0.9999375
gdn-h1-ev8-usegate0-s124-d123,gdn-h1-ev8-s124-d123-b64-ga4-fp32-noearly4ep,20260520_gdn_capacity_layout_followup,b64_ga4_fp32_official_gdn,1,124,123,1,8,b64_ga4,float32,float32,2,epoch_end,1.0,0,input_seq_len,128,valid/input_seq_len/accuracy-128,0.99996875
gdn-h1-ev8-usegate0-s124-d123,gdn-h1-ev8-s124-d123-b64-ga4-fp32-noearly4ep,20260520_gdn_capacity_layout_followup,b64_ga4_fp32_official_gdn,1,124,123,1,8,b64_ga4,float32,float32,3,mid_epoch,1.5,1,input_seq_len,128,valid/input_seq_len/accuracy-128,1.0
gdn-h1-ev8-usegate0-s124-d123,gdn-h1-ev8-s124-d123-b64-ga4-fp32-noearly4ep,20260520_gdn_capacity_layout_followup,b64_ga4_fp32_official_gdn,1,124,123,1,8,b64_ga4,float32,float32,4,epoch_end,2.0,1,input_seq_len,128,valid/input_seq_len/accuracy-128,1.0
gdn-h1-ev8-usegate0-s124-d123,gdn-h1-ev8-s124-d123-b64-ga4-fp32-noearly4ep,20260520_gdn_capacity_layout_followup,b64_ga4_fp32_official_gdn,1,124,123,1,8,b64_ga4,float32,float32,5,mid_epoch,2.5,2,input_seq_len,128,valid/input_seq_len/accuracy-128,1.0
gdn-h1-ev8-usegate0-s124-d123,gdn-h1-ev8-s124-d123-b64-ga4-fp32-noearly4ep,20260520_gdn_capacity_layout_followup,b64_ga4_fp32_official_gdn,1,124,123,1,8,b64_ga4,float32,float32,6,epoch_end,3.0,2,input_seq_len,128,valid/input_seq_len/accuracy-128,1.0
gdn-h1-ev8-usegate0-s124-d123,gdn-h1-ev8-s124-d123-b64-ga4-fp32-noearly4ep,20260520_gdn_capacity_layout_followup,b64_ga4_fp32_official_gdn,1,124,123,1,8,b64_ga4,float32,float32,7,mid_epoch,3.5,3,input_seq_len,128,valid/input_seq_len/accuracy-128,1.0
gdn-h1-ev8-usegate0-s124-d123,gdn-h1-ev8-s124-d123-b64-ga4-fp32-noearly4ep,20260520_gdn_capacity_layout_followup,b64_ga4_fp32_official_gdn,1,124,123,1,8,b64_ga4,float32,float32,8,epoch_end,4.0,3,input_seq_len,128,valid/input_seq_len/accuracy-128,1.0
gdn-h1-ev8-usegate0-s124-d123,gdn-h1-ev8-s124-d123-b64-ga4-fp32-noearly4ep,20260520_gdn_capacity_layout_followup,b64_ga4_fp32_official_gdn,1,124,123,1,8,b64_ga4,float32,float32,1,mid_epoch,0.5,0,input_seq_len,256,valid/input_seq_len/accuracy-256,0.998828125
gdn-h1-ev8-usegate0-s124-d123,gdn-h1-ev8-s124-d123-b64-ga4-fp32-noearly4ep,20260520_gdn_capacity_layout_followup,b64_ga4_fp32_official_gdn,1,124,123,1,8,b64_ga4,float32,float32,2,epoch_end,1.0,0,input_seq_len,256,valid/input_seq_len/accuracy-256,0.999546875
gdn-h1-ev8-usegate0-s124-d123,gdn-h1-ev8-s124-d123-b64-ga4-fp32-noearly4ep,20260520_gdn_capacity_layout_followup,b64_ga4_fp32_official_gdn,1,124,123,1,8,b64_ga4,float32,float32,3,mid_epoch,1.5,1,input_seq_len,256,valid/input_seq_len/accuracy-256,0.999921875
gdn-h1-ev8-usegate0-s124-d123,gdn-h1-ev8-s124-d123-b64-ga4-fp32-noearly4ep,20260520_gdn_capacity_layout_followup,b64_ga4_fp32_official_gdn,1,124,123,1,8,b64_ga4,float32,float32,4,epoch_end,2.0,1,input_seq_len,256,valid/input_seq_len/accuracy-256,0.99996875
gdn-h1-ev8-usegate0-s124-d123,gdn-h1-ev8-s124-d123-b64-ga4-fp32-noearly4ep,20260520_gdn_capacity_layout_followup,b64_ga4_fp32_official_gdn,1,124,123,1,8,b64_ga4,float32,float32,5,mid_epoch,2.5,2,input_seq_len,256,valid/input_seq_len/accuracy-256,1.0
gdn-h1-ev8-usegate0-s124-d123,gdn-h1-ev8-s124-d123-b64-ga4-fp32-noearly4ep,20260520_gdn_capacity_layout_followup,b64_ga4_fp32_official_gdn,1,124,123,1,8,b64_ga4,float32,float32,6,epoch_end,3.0,2,input_seq_len,256,valid/input_seq_len/accuracy-256,1.0
gdn-h1-ev8-usegate0-s124-d123,gdn-h1-ev8-s124-d123-b64-ga4-fp32-noearly4ep,20260520_gdn_capacity_layout_followup,b64_ga4_fp32_official_gdn,1,124,123,1,8,b64_ga4,float32,float32,7,mid_epoch,3.5,3,input_seq_len,256,valid/input_seq_len/accuracy-256,0.999984375
gdn-h1-ev8-usegate0-s124-d123,gdn-h1-ev8-s124-d123-b64-ga4-fp32-noearly4ep,20260520_gdn_capacity_layout_followup,b64_ga4_fp32_official_gdn,1,124,123,1,8,b64_ga4,float32,float32,8,epoch_end,4.0,3,input_seq_len,256,valid/input_seq_len/accuracy-256,1.0
gdn-h1-ev8-usegate0-s124-d123,gdn-h1-ev8-s124-d123-b64-ga4-fp32-noearly4ep,20260520_gdn_capacity_layout_followup,b64_ga4_fp32_official_gdn,1,124,123,1,8,b64_ga4,float32,float32,1,mid_epoch,0.5,0,input_seq_len,512,valid/input_seq_len/accuracy-512,0.97599609375
gdn-h1-ev8-usegate0-s124-d123,gdn-h1-ev8-s124-d123-b64-ga4-fp32-noearly4ep,20260520_gdn_capacity_layout_followup,b64_ga4_fp32_official_gdn,1,124,123,1,8,b64_ga4,float32,float32,2,epoch_end,1.0,0,input_seq_len,512,valid/input_seq_len/accuracy-512,0.98736328125
gdn-h1-ev8-usegate0-s124-d123,gdn-h1-ev8-s124-d123-b64-ga4-fp32-noearly4ep,20260520_gdn_capacity_layout_followup,b64_ga4_fp32_official_gdn,1,124,123,1,8,b64_ga4,float32,float32,3,mid_epoch,1.5,1,input_seq_len,512,valid/input_seq_len/accuracy-512,0.9937890625
gdn-h1-ev8-usegate0-s124-d123,gdn-h1-ev8-s124-d123-b64-ga4-fp32-noearly4ep,20260520_gdn_capacity_layout_followup,b64_ga4_fp32_official_gdn,1,124,123,1,8,b64_ga4,float32,float32,4,epoch_end,2.0,1,input_seq_len,512,valid/input_seq_len/accuracy-512,0.9965703125
gdn-h1-ev8-usegate0-s124-d123,gdn-h1-ev8-s124-d123-b64-ga4-fp32-noearly4ep,20260520_gdn_capacity_layout_followup,b64_ga4_fp32_official_gdn,1,124,123,1,8,b64_ga4,float32,float32,5,mid_epoch,2.5,2,input_seq_len,512,valid/input_seq_len/accuracy-512,0.99766796875
gdn-h1-ev8-usegate0-s124-d123,gdn-h1-ev8-s124-d123-b64-ga4-fp32-noearly4ep,20260520_gdn_capacity_layout_followup,b64_ga4_fp32_official_gdn,1,124,123,1,8,b64_ga4,float32,float32,6,epoch_end,3.0,2,input_seq_len,512,valid/input_seq_len/accuracy-512,0.9981484375
gdn-h1-ev8-usegate0-s124-d123,gdn-h1-ev8-s124-d123-b64-ga4-fp32-noearly4ep,20260520_gdn_capacity_layout_followup,b64_ga4_fp32_official_gdn,1,124,123,1,8,b64_ga4,float32,float32,7,mid_epoch,3.5,3,input_seq_len,512,valid/input_seq_len/accuracy-512,0.99837109375
gdn-h1-ev8-usegate0-s124-d123,gdn-h1-ev8-s124-d123-b64-ga4-fp32-noearly4ep,20260520_gdn_capacity_layout_followup,b64_ga4_fp32_official_gdn,1,124,123,1,8,b64_ga4,float32,float32,8,epoch_end,4.0,3,input_seq_len,512,valid/input_seq_len/accuracy-512,0.9985
gdn-h1-ev8-usegate0-s124-d123,gdn-h1-ev8-s124-d123-b64-ga4-fp32-noearly4ep,20260520_gdn_capacity_layout_followup,b64_ga4_fp32_official_gdn,1,124,123,1,8,b64_ga4,float32,float32,1,mid_epoch,0.5,0,input_seq_len,64,valid/input_seq_len/accuracy-64,0.988625
gdn-h1-ev8-usegate0-s124-d123,gdn-h1-ev8-s124-d123-b64-ga4-fp32-noearly4ep,20260520_gdn_capacity_layout_followup,b64_ga4_fp32_official_gdn,1,124,123,1,8,b64_ga4,float32,float32,2,epoch_end,1.0,0,input_seq_len,64,valid/input_seq_len/accuracy-64,0.999125
gdn-h1-ev8-usegate0-s124-d123,gdn-h1-ev8-s124-d123-b64-ga4-fp32-noearly4ep,20260520_gdn_capacity_layout_followup,b64_ga4_fp32_official_gdn,1,124,123,1,8,b64_ga4,float32,float32,3,mid_epoch,1.5,1,input_seq_len,64,valid/input_seq_len/accuracy-64,0.99975
gdn-h1-ev8-usegate0-s124-d123,gdn-h1-ev8-s124-d123-b64-ga4-fp32-noearly4ep,20260520_gdn_capacity_layout_followup,b64_ga4_fp32_official_gdn,1,124,123,1,8,b64_ga4,float32,float32,4,epoch_end,2.0,1,input_seq_len,64,valid/input_seq_len/accuracy-64,0.9994583333333333
gdn-h1-ev8-usegate0-s124-d123,gdn-h1-ev8-s124-d123-b64-ga4-fp32-noearly4ep,20260520_gdn_capacity_layout_followup,b64_ga4_fp32_official_gdn,1,124,123,1,8,b64_ga4,float32,float32,5,mid_epoch,2.5,2,input_seq_len,64,valid/input_seq_len/accuracy-64,0.9995
gdn-h1-ev8-usegate0-s124-d123,gdn-h1-ev8-s124-d123-b64-ga4-fp32-noearly4ep,20260520_gdn_capacity_layout_followup,b64_ga4_fp32_official_gdn,1,124,123,1,8,b64_ga4,float32,float32,6,epoch_end,3.0,2,input_seq_len,64,valid/input_seq_len/accuracy-64,0.99925
gdn-h1-ev8-usegate0-s124-d123,gdn-h1-ev8-s124-d123-b64-ga4-fp32-noearly4ep,20260520_gdn_capacity_layout_followup,b64_ga4_fp32_official_gdn,1,124,123,1,8,b64_ga4,float32,float32,7,mid_epoch,3.5,3,input_seq_len,64,valid/input_seq_len/accuracy-64,0.9992083333333334
gdn-h1-ev8-usegate0-s124-d123,gdn-h1-ev8-s124-d123-b64-ga4-fp32-noearly4ep,20260520_gdn_capacity_layout_followup,b64_ga4_fp32_official_gdn,1,124,123,1,8,b64_ga4,float32,float32,8,epoch_end,4.0,3,input_seq_len,64,valid/input_seq_len/accuracy-64,0.999
gdn-h1-ev8-usegate0-s124-d123,gdn-h1-ev8-s124-d123-b64-ga4-fp32-noearly4ep,20260520_gdn_capacity_layout_followup,b64_ga4_fp32_official_gdn,1,124,123,1,8,b64_ga4,float32,float32,1,mid_epoch,0.5,0,mqar_case,1024x256,valid/mqar_case/accuracy-1024x256,0.54550390625
gdn-h1-ev8-usegate0-s124-d123,gdn-h1-ev8-s124-d123-b64-ga4-fp32-noearly4ep,20260520_gdn_capacity_layout_followup,b64_ga4_fp32_official_gdn,1,124,123,1,8,b64_ga4,float32,float32,2,epoch_end,1.0,0,mqar_case,1024x256,valid/mqar_case/accuracy-1024x256,0.6384921875
gdn-h1-ev8-usegate0-s124-d123,gdn-h1-ev8-s124-d123-b64-ga4-fp32-noearly4ep,20260520_gdn_capacity_layout_followup,b64_ga4_fp32_official_gdn,1,124,123,1,8,b64_ga4,float32,float32,3,mid_epoch,1.5,1,mqar_case,1024x256,valid/mqar_case/accuracy-1024x256,0.73471875
gdn-h1-ev8-usegate0-s124-d123,gdn-h1-ev8-s124-d123-b64-ga4-fp32-noearly4ep,20260520_gdn_capacity_layout_followup,b64_ga4_fp32_official_gdn,1,124,123,1,8,b64_ga4,float32,float32,4,epoch_end,2.0,1,mqar_case,1024x256,valid/mqar_case/accuracy-1024x256,0.79093359375
gdn-h1-ev8-usegate0-s124-d123,gdn-h1-ev8-s124-d123-b64-ga4-fp32-noearly4ep,20260520_gdn_capacity_layout_followup,b64_ga4_fp32_official_gdn,1,124,123,1,8,b64_ga4,float32,float32,5,mid_epoch,2.5,2,mqar_case,1024x256,valid/mqar_case/accuracy-1024x256,0.8274375
gdn-h1-ev8-usegate0-s124-d123,gdn-h1-ev8-s124-d123-b64-ga4-fp32-noearly4ep,20260520_gdn_capacity_layout_followup,b64_ga4_fp32_official_gdn,1,124,123,1,8,b64_ga4,float32,float32,6,epoch_end,3.0,2,mqar_case,1024x256,valid/mqar_case/accuracy-1024x256,0.839296875
gdn-h1-ev8-usegate0-s124-d123,gdn-h1-ev8-s124-d123-b64-ga4-fp32-noearly4ep,20260520_gdn_capacity_layout_followup,b64_ga4_fp32_official_gdn,1,124,123,1,8,b64_ga4,float32,float32,7,mid_epoch,3.5,3,mqar_case,1024x256,valid/mqar_case/accuracy-1024x256,0.8485234375
gdn-h1-ev8-usegate0-s124-d123,gdn-h1-ev8-s124-d123-b64-ga4-fp32-noearly4ep,20260520_gdn_capacity_layout_followup,b64_ga4_fp32_official_gdn,1,124,123,1,8,b64_ga4,float32,float32,8,epoch_end,4.0,3,mqar_case,1024x256,valid/mqar_case/accuracy-1024x256,0.8541953125
gdn-h1-ev8-usegate0-s124-d123,gdn-h1-ev8-s124-d123-b64-ga4-fp32-noearly4ep,20260520_gdn_capacity_layout_followup,b64_ga4_fp32_official_gdn,1,124,123,1,8,b64_ga4,float32,float32,1,mid_epoch,0.5,0,mqar_case,128x32,valid/mqar_case/accuracy-128x32,0.9999375
gdn-h1-ev8-usegate0-s124-d123,gdn-h1-ev8-s124-d123-b64-ga4-fp32-noearly4ep,20260520_gdn_capacity_layout_followup,b64_ga4_fp32_official_gdn,1,124,123,1,8,b64_ga4,float32,float32,2,epoch_end,1.0,0,mqar_case,128x32,valid/mqar_case/accuracy-128x32,0.99996875
gdn-h1-ev8-usegate0-s124-d123,gdn-h1-ev8-s124-d123-b64-ga4-fp32-noearly4ep,20260520_gdn_capacity_layout_followup,b64_ga4_fp32_official_gdn,1,124,123,1,8,b64_ga4,float32,float32,3,mid_epoch,1.5,1,mqar_case,128x32,valid/mqar_case/accuracy-128x32,1.0
gdn-h1-ev8-usegate0-s124-d123,gdn-h1-ev8-s124-d123-b64-ga4-fp32-noearly4ep,20260520_gdn_capacity_layout_followup,b64_ga4_fp32_official_gdn,1,124,123,1,8,b64_ga4,float32,float32,4,epoch_end,2.0,1,mqar_case,128x32,valid/mqar_case/accuracy-128x32,1.0
gdn-h1-ev8-usegate0-s124-d123,gdn-h1-ev8-s124-d123-b64-ga4-fp32-noearly4ep,20260520_gdn_capacity_layout_followup,b64_ga4_fp32_official_gdn,1,124,123,1,8,b64_ga4,float32,float32,5,mid_epoch,2.5,2,mqar_case,128x32,valid/mqar_case/accuracy-128x32,1.0
gdn-h1-ev8-usegate0-s124-d123,gdn-h1-ev8-s124-d123-b64-ga4-fp32-noearly4ep,20260520_gdn_capacity_layout_followup,b64_ga4_fp32_official_gdn,1,124,123,1,8,b64_ga4,float32,float32,6,epoch_end,3.0,2,mqar_case,128x32,valid/mqar_case/accuracy-128x32,1.0
gdn-h1-ev8-usegate0-s124-d123,gdn-h1-ev8-s124-d123-b64-ga4-fp32-noearly4ep,20260520_gdn_capacity_layout_followup,b64_ga4_fp32_official_gdn,1,124,123,1,8,b64_ga4,float32,float32,7,mid_epoch,3.5,3,mqar_case,128x32,valid/mqar_case/accuracy-128x32,1.0
gdn-h1-ev8-usegate0-s124-d123,gdn-h1-ev8-s124-d123-b64-ga4-fp32-noearly4ep,20260520_gdn_capacity_layout_followup,b64_ga4_fp32_official_gdn,1,124,123,1,8,b64_ga4,float32,float32,8,epoch_end,4.0,3,mqar_case,128x32,valid/mqar_case/accuracy-128x32,1.0
gdn-h1-ev8-usegate0-s124-d123,gdn-h1-ev8-s124-d123-b64-ga4-fp32-noearly4ep,20260520_gdn_capacity_layout_followup,b64_ga4_fp32_official_gdn,1,124,123,1,8,b64_ga4,float32,float32,1,mid_epoch,0.5,0,mqar_case,256x64,valid/mqar_case/accuracy-256x64,0.998828125
gdn-h1-ev8-usegate0-s124-d123,gdn-h1-ev8-s124-d123-b64-ga4-fp32-noearly4ep,20260520_gdn_capacity_layout_followup,b64_ga4_fp32_official_gdn,1,124,123,1,8,b64_ga4,float32,float32,2,epoch_end,1.0,0,mqar_case,256x64,valid/mqar_case/accuracy-256x64,0.999546875
gdn-h1-ev8-usegate0-s124-d123,gdn-h1-ev8-s124-d123-b64-ga4-fp32-noearly4ep,20260520_gdn_capacity_layout_followup,b64_ga4_fp32_official_gdn,1,124,123,1,8,b64_ga4,float32,float32,3,mid_epoch,1.5,1,mqar_case,256x64,valid/mqar_case/accuracy-256x64,0.999921875
gdn-h1-ev8-usegate0-s124-d123,gdn-h1-ev8-s124-d123-b64-ga4-fp32-noearly4ep,20260520_gdn_capacity_layout_followup,b64_ga4_fp32_official_gdn,1,124,123,1,8,b64_ga4,float32,float32,4,epoch_end,2.0,1,mqar_case,256x64,valid/mqar_case/accuracy-256x64,0.99996875
gdn-h1-ev8-usegate0-s124-d123,gdn-h1-ev8-s124-d123-b64-ga4-fp32-noearly4ep,20260520_gdn_capacity_layout_followup,b64_ga4_fp32_official_gdn,1,124,123,1,8,b64_ga4,float32,float32,5,mid_epoch,2.5,2,mqar_case,256x64,valid/mqar_case/accuracy-256x64,1.0
gdn-h1-ev8-usegate0-s124-d123,gdn-h1-ev8-s124-d123-b64-ga4-fp32-noearly4ep,20260520_gdn_capacity_layout_followup,b64_ga4_fp32_official_gdn,1,124,123,1,8,b64_ga4,float32,float32,6,epoch_end,3.0,2,mqar_case,256x64,valid/mqar_case/accuracy-256x64,1.0
gdn-h1-ev8-usegate0-s124-d123,gdn-h1-ev8-s124-d123-b64-ga4-fp32-noearly4ep,20260520_gdn_capacity_layout_followup,b64_ga4_fp32_official_gdn,1,124,123,1,8,b64_ga4,float32,float32,7,mid_epoch,3.5,3,mqar_case,256x64,valid/mqar_case/accuracy-256x64,0.999984375
gdn-h1-ev8-usegate0-s124-d123,gdn-h1-ev8-s124-d123-b64-ga4-fp32-noearly4ep,20260520_gdn_capacity_layout_followup,b64_ga4_fp32_official_gdn,1,124,123,1,8,b64_ga4,float32,float32,8,epoch_end,4.0,3,mqar_case,256x64,valid/mqar_case/accuracy-256x64,1.0
gdn-h1-ev8-usegate0-s124-d123,gdn-h1-ev8-s124-d123-b64-ga4-fp32-noearly4ep,20260520_gdn_capacity_layout_followup,b64_ga4_fp32_official_gdn,1,124,123,1,8,b64_ga4,float32,float32,1,mid_epoch,0.5,0,mqar_case,512x128,valid/mqar_case/accuracy-512x128,0.9561171875
gdn-h1-ev8-usegate0-s124-d123,gdn-h1-ev8-s124-d123-b64-ga4-fp32-noearly4ep,20260520_gdn_capacity_layout_followup,b64_ga4_fp32_official_gdn,1,124,123,1,8,b64_ga4,float32,float32,2,epoch_end,1.0,0,mqar_case,512x128,valid/mqar_case/accuracy-512x128,0.9777734375
gdn-h1-ev8-usegate0-s124-d123,gdn-h1-ev8-s124-d123-b64-ga4-fp32-noearly4ep,20260520_gdn_capacity_layout_followup,b64_ga4_fp32_official_gdn,1,124,123,1,8,b64_ga4,float32,float32,3,mid_epoch,1.5,1,mqar_case,512x128,valid/mqar_case/accuracy-512x128,0.989953125
gdn-h1-ev8-usegate0-s124-d123,gdn-h1-ev8-s124-d123-b64-ga4-fp32-noearly4ep,20260520_gdn_capacity_layout_followup,b64_ga4_fp32_official_gdn,1,124,123,1,8,b64_ga4,float32,float32,4,epoch_end,2.0,1,mqar_case,512x128,valid/mqar_case/accuracy-512x128,0.99478125
gdn-h1-ev8-usegate0-s124-d123,gdn-h1-ev8-s124-d123-b64-ga4-fp32-noearly4ep,20260520_gdn_capacity_layout_followup,b64_ga4_fp32_official_gdn,1,124,123,1,8,b64_ga4,float32,float32,5,mid_epoch,2.5,2,mqar_case,512x128,valid/mqar_case/accuracy-512x128,0.9966640625
gdn-h1-ev8-usegate0-s124-d123,gdn-h1-ev8-s124-d123-b64-ga4-fp32-noearly4ep,20260520_gdn_capacity_layout_followup,b64_ga4_fp32_official_gdn,1,124,123,1,8,b64_ga4,float32,float32,6,epoch_end,3.0,2,mqar_case,512x128,valid/mqar_case/accuracy-512x128,0.997375
gdn-h1-ev8-usegate0-s124-d123,gdn-h1-ev8-s124-d123-b64-ga4-fp32-noearly4ep,20260520_gdn_capacity_layout_followup,b64_ga4_fp32_official_gdn,1,124,123,1,8,b64_ga4,float32,float32,7,mid_epoch,3.5,3,mqar_case,512x128,valid/mqar_case/accuracy-512x128,0.9977265625
gdn-h1-ev8-usegate0-s124-d123,gdn-h1-ev8-s124-d123-b64-ga4-fp32-noearly4ep,20260520_gdn_capacity_layout_followup,b64_ga4_fp32_official_gdn,1,124,123,1,8,b64_ga4,float32,float32,8,epoch_end,4.0,3,mqar_case,512x128,valid/mqar_case/accuracy-512x128,0.9979375
gdn-h1-ev8-usegate0-s124-d123,gdn-h1-ev8-s124-d123-b64-ga4-fp32-noearly4ep,20260520_gdn_capacity_layout_followup,b64_ga4_fp32_official_gdn,1,124,123,1,8,b64_ga4,float32,float32,1,mid_epoch,0.5,0,mqar_case,512x64,valid/mqar_case/accuracy-512x64,0.995875
gdn-h1-ev8-usegate0-s124-d123,gdn-h1-ev8-s124-d123-b64-ga4-fp32-noearly4ep,20260520_gdn_capacity_layout_followup,b64_ga4_fp32_official_gdn,1,124,123,1,8,b64_ga4,float32,float32,2,epoch_end,1.0,0,mqar_case,512x64,valid/mqar_case/accuracy-512x64,0.996953125
gdn-h1-ev8-usegate0-s124-d123,gdn-h1-ev8-s124-d123-b64-ga4-fp32-noearly4ep,20260520_gdn_capacity_layout_followup,b64_ga4_fp32_official_gdn,1,124,123,1,8,b64_ga4,float32,float32,3,mid_epoch,1.5,1,mqar_case,512x64,valid/mqar_case/accuracy-512x64,0.997625
gdn-h1-ev8-usegate0-s124-d123,gdn-h1-ev8-s124-d123-b64-ga4-fp32-noearly4ep,20260520_gdn_capacity_layout_followup,b64_ga4_fp32_official_gdn,1,124,123,1,8,b64_ga4,float32,float32,4,epoch_end,2.0,1,mqar_case,512x64,valid/mqar_case/accuracy-512x64,0.998359375
gdn-h1-ev8-usegate0-s124-d123,gdn-h1-ev8-s124-d123-b64-ga4-fp32-noearly4ep,20260520_gdn_capacity_layout_followup,b64_ga4_fp32_official_gdn,1,124,123,1,8,b64_ga4,float32,float32,5,mid_epoch,2.5,2,mqar_case,512x64,valid/mqar_case/accuracy-512x64,0.998671875
gdn-h1-ev8-usegate0-s124-d123,gdn-h1-ev8-s124-d123-b64-ga4-fp32-noearly4ep,20260520_gdn_capacity_layout_followup,b64_ga4_fp32_official_gdn,1,124,123,1,8,b64_ga4,float32,float32,6,epoch_end,3.0,2,mqar_case,512x64,valid/mqar_case/accuracy-512x64,0.998921875
gdn-h1-ev8-usegate0-s124-d123,gdn-h1-ev8-s124-d123-b64-ga4-fp32-noearly4ep,20260520_gdn_capacity_layout_followup,b64_ga4_fp32_official_gdn,1,124,123,1,8,b64_ga4,float32,float32,7,mid_epoch,3.5,3,mqar_case,512x64,valid/mqar_case/accuracy-512x64,0.999015625
gdn-h1-ev8-usegate0-s124-d123,gdn-h1-ev8-s124-d123-b64-ga4-fp32-noearly4ep,20260520_gdn_capacity_layout_followup,b64_ga4_fp32_official_gdn,1,124,123,1,8,b64_ga4,float32,float32,8,epoch_end,4.0,3,mqar_case,512x64,valid/mqar_case/accuracy-512x64,0.9990625
gdn-h1-ev8-usegate0-s124-d123,gdn-h1-ev8-s124-d123-b64-ga4-fp32-noearly4ep,20260520_gdn_capacity_layout_followup,b64_ga4_fp32_official_gdn,1,124,123,1,8,b64_ga4,float32,float32,1,mid_epoch,0.5,0,mqar_case,64x16,valid/mqar_case/accuracy-64x16,1.0
gdn-h1-ev8-usegate0-s124-d123,gdn-h1-ev8-s124-d123-b64-ga4-fp32-noearly4ep,20260520_gdn_capacity_layout_followup,b64_ga4_fp32_official_gdn,1,124,123,1,8,b64_ga4,float32,float32,2,epoch_end,1.0,0,mqar_case,64x16,valid/mqar_case/accuracy-64x16,1.0
gdn-h1-ev8-usegate0-s124-d123,gdn-h1-ev8-s124-d123-b64-ga4-fp32-noearly4ep,20260520_gdn_capacity_layout_followup,b64_ga4_fp32_official_gdn,1,124,123,1,8,b64_ga4,float32,float32,3,mid_epoch,1.5,1,mqar_case,64x16,valid/mqar_case/accuracy-64x16,1.0
gdn-h1-ev8-usegate0-s124-d123,gdn-h1-ev8-s124-d123-b64-ga4-fp32-noearly4ep,20260520_gdn_capacity_layout_followup,b64_ga4_fp32_official_gdn,1,124,123,1,8,b64_ga4,float32,float32,4,epoch_end,2.0,1,mqar_case,64x16,valid/mqar_case/accuracy-64x16,1.0
gdn-h1-ev8-usegate0-s124-d123,gdn-h1-ev8-s124-d123-b64-ga4-fp32-noearly4ep,20260520_gdn_capacity_layout_followup,b64_ga4_fp32_official_gdn,1,124,123,1,8,b64_ga4,float32,float32,5,mid_epoch,2.5,2,mqar_case,64x16,valid/mqar_case/accuracy-64x16,1.0
gdn-h1-ev8-usegate0-s124-d123,gdn-h1-ev8-s124-d123-b64-ga4-fp32-noearly4ep,20260520_gdn_capacity_layout_followup,b64_ga4_fp32_official_gdn,1,124,123,1,8,b64_ga4,float32,float32,6,epoch_end,3.0,2,mqar_case,64x16,valid/mqar_case/accuracy-64x16,1.0
gdn-h1-ev8-usegate0-s124-d123,gdn-h1-ev8-s124-d123-b64-ga4-fp32-noearly4ep,20260520_gdn_capacity_layout_followup,b64_ga4_fp32_official_gdn,1,124,123,1,8,b64_ga4,float32,float32,7,mid_epoch,3.5,3,mqar_case,64x16,valid/mqar_case/accuracy-64x16,1.0
gdn-h1-ev8-usegate0-s124-d123,gdn-h1-ev8-s124-d123-b64-ga4-fp32-noearly4ep,20260520_gdn_capacity_layout_followup,b64_ga4_fp32_official_gdn,1,124,123,1,8,b64_ga4,float32,float32,8,epoch_end,4.0,3,mqar_case,64x16,valid/mqar_case/accuracy-64x16,1.0
gdn-h1-ev8-usegate0-s124-d123,gdn-h1-ev8-s124-d123-b64-ga4-fp32-noearly4ep,20260520_gdn_capacity_layout_followup,b64_ga4_fp32_official_gdn,1,124,123,1,8,b64_ga4,float32,float32,1,mid_epoch,0.5,0,mqar_case,64x4,valid/mqar_case/accuracy-64x4,0.96975
gdn-h1-ev8-usegate0-s124-d123,gdn-h1-ev8-s124-d123-b64-ga4-fp32-noearly4ep,20260520_gdn_capacity_layout_followup,b64_ga4_fp32_official_gdn,1,124,123,1,8,b64_ga4,float32,float32,2,epoch_end,1.0,0,mqar_case,64x4,valid/mqar_case/accuracy-64x4,0.99775
gdn-h1-ev8-usegate0-s124-d123,gdn-h1-ev8-s124-d123-b64-ga4-fp32-noearly4ep,20260520_gdn_capacity_layout_followup,b64_ga4_fp32_official_gdn,1,124,123,1,8,b64_ga4,float32,float32,3,mid_epoch,1.5,1,mqar_case,64x4,valid/mqar_case/accuracy-64x4,0.9995
gdn-h1-ev8-usegate0-s124-d123,gdn-h1-ev8-s124-d123-b64-ga4-fp32-noearly4ep,20260520_gdn_capacity_layout_followup,b64_ga4_fp32_official_gdn,1,124,123,1,8,b64_ga4,float32,float32,4,epoch_end,2.0,1,mqar_case,64x4,valid/mqar_case/accuracy-64x4,0.99875
gdn-h1-ev8-usegate0-s124-d123,gdn-h1-ev8-s124-d123-b64-ga4-fp32-noearly4ep,20260520_gdn_capacity_layout_followup,b64_ga4_fp32_official_gdn,1,124,123,1,8,b64_ga4,float32,float32,5,mid_epoch,2.5,2,mqar_case,64x4,valid/mqar_case/accuracy-64x4,0.99875
gdn-h1-ev8-usegate0-s124-d123,gdn-h1-ev8-s124-d123-b64-ga4-fp32-noearly4ep,20260520_gdn_capacity_layout_followup,b64_ga4_fp32_official_gdn,1,124,123,1,8,b64_ga4,float32,float32,6,epoch_end,3.0,2,mqar_case,64x4,valid/mqar_case/accuracy-64x4,0.998
gdn-h1-ev8-usegate0-s124-d123,gdn-h1-ev8-s124-d123-b64-ga4-fp32-noearly4ep,20260520_gdn_capacity_layout_followup,b64_ga4_fp32_official_gdn,1,124,123,1,8,b64_ga4,float32,float32,7,mid_epoch,3.5,3,mqar_case,64x4,valid/mqar_case/accuracy-64x4,0.998
gdn-h1-ev8-usegate0-s124-d123,gdn-h1-ev8-s124-d123-b64-ga4-fp32-noearly4ep,20260520_gdn_capacity_layout_followup,b64_ga4_fp32_official_gdn,1,124,123,1,8,b64_ga4,float32,float32,8,epoch_end,4.0,3,mqar_case,64x4,valid/mqar_case/accuracy-64x4,0.9975
gdn-h1-ev8-usegate0-s124-d123,gdn-h1-ev8-s124-d123-b64-ga4-fp32-noearly4ep,20260520_gdn_capacity_layout_followup,b64_ga4_fp32_official_gdn,1,124,123,1,8,b64_ga4,float32,float32,1,mid_epoch,0.5,0,mqar_case,64x8,valid/mqar_case/accuracy-64x8,0.996125
gdn-h1-ev8-usegate0-s124-d123,gdn-h1-ev8-s124-d123-b64-ga4-fp32-noearly4ep,20260520_gdn_capacity_layout_followup,b64_ga4_fp32_official_gdn,1,124,123,1,8,b64_ga4,float32,float32,2,epoch_end,1.0,0,mqar_case,64x8,valid/mqar_case/accuracy-64x8,0.999625
gdn-h1-ev8-usegate0-s124-d123,gdn-h1-ev8-s124-d123-b64-ga4-fp32-noearly4ep,20260520_gdn_capacity_layout_followup,b64_ga4_fp32_official_gdn,1,124,123,1,8,b64_ga4,float32,float32,3,mid_epoch,1.5,1,mqar_case,64x8,valid/mqar_case/accuracy-64x8,0.99975
gdn-h1-ev8-usegate0-s124-d123,gdn-h1-ev8-s124-d123-b64-ga4-fp32-noearly4ep,20260520_gdn_capacity_layout_followup,b64_ga4_fp32_official_gdn,1,124,123,1,8,b64_ga4,float32,float32,4,epoch_end,2.0,1,mqar_case,64x8,valid/mqar_case/accuracy-64x8,0.999625
gdn-h1-ev8-usegate0-s124-d123,gdn-h1-ev8-s124-d123-b64-ga4-fp32-noearly4ep,20260520_gdn_capacity_layout_followup,b64_ga4_fp32_official_gdn,1,124,123,1,8,b64_ga4,float32,float32,5,mid_epoch,2.5,2,mqar_case,64x8,valid/mqar_case/accuracy-64x8,0.99975
gdn-h1-ev8-usegate0-s124-d123,gdn-h1-ev8-s124-d123-b64-ga4-fp32-noearly4ep,20260520_gdn_capacity_layout_followup,b64_ga4_fp32_official_gdn,1,124,123,1,8,b64_ga4,float32,float32,6,epoch_end,3.0,2,mqar_case,64x8,valid/mqar_case/accuracy-64x8,0.99975
gdn-h1-ev8-usegate0-s124-d123,gdn-h1-ev8-s124-d123-b64-ga4-fp32-noearly4ep,20260520_gdn_capacity_layout_followup,b64_ga4_fp32_official_gdn,1,124,123,1,8,b64_ga4,float32,float32,7,mid_epoch,3.5,3,mqar_case,64x8,valid/mqar_case/accuracy-64x8,0.999625
gdn-h1-ev8-usegate0-s124-d123,gdn-h1-ev8-s124-d123-b64-ga4-fp32-noearly4ep,20260520_gdn_capacity_layout_followup,b64_ga4_fp32_official_gdn,1,124,123,1,8,b64_ga4,float32,float32,8,epoch_end,4.0,3,mqar_case,64x8,valid/mqar_case/accuracy-64x8,0.9995
gdn-h1-ev8-usegate0-s124-d123,gdn-h1-ev8-s124-d123-b64-ga4-fp32-noearly4ep,20260520_gdn_capacity_layout_followup,b64_ga4_fp32_official_gdn,1,124,123,1,8,b64_ga4,float32,float32,1,mid_epoch,0.5,0,num_kv_pairs,128,valid/num_kv_pairs/accuracy-128,0.9561171875
gdn-h1-ev8-usegate0-s124-d123,gdn-h1-ev8-s124-d123-b64-ga4-fp32-noearly4ep,20260520_gdn_capacity_layout_followup,b64_ga4_fp32_official_gdn,1,124,123,1,8,b64_ga4,float32,float32,2,epoch_end,1.0,0,num_kv_pairs,128,valid/num_kv_pairs/accuracy-128,0.9777734375
gdn-h1-ev8-usegate0-s124-d123,gdn-h1-ev8-s124-d123-b64-ga4-fp32-noearly4ep,20260520_gdn_capacity_layout_followup,b64_ga4_fp32_official_gdn,1,124,123,1,8,b64_ga4,float32,float32,3,mid_epoch,1.5,1,num_kv_pairs,128,valid/num_kv_pairs/accuracy-128,0.989953125
gdn-h1-ev8-usegate0-s124-d123,gdn-h1-ev8-s124-d123-b64-ga4-fp32-noearly4ep,20260520_gdn_capacity_layout_followup,b64_ga4_fp32_official_gdn,1,124,123,1,8,b64_ga4,float32,float32,4,epoch_end,2.0,1,num_kv_pairs,128,valid/num_kv_pairs/accuracy-128,0.99478125
gdn-h1-ev8-usegate0-s124-d123,gdn-h1-ev8-s124-d123-b64-ga4-fp32-noearly4ep,20260520_gdn_capacity_layout_followup,b64_ga4_fp32_official_gdn,1,124,123,1,8,b64_ga4,float32,float32,5,mid_epoch,2.5,2,num_kv_pairs,128,valid/num_kv_pairs/accuracy-128,0.9966640625
gdn-h1-ev8-usegate0-s124-d123,gdn-h1-ev8-s124-d123-b64-ga4-fp32-noearly4ep,20260520_gdn_capacity_layout_followup,b64_ga4_fp32_official_gdn,1,124,123,1,8,b64_ga4,float32,float32,6,epoch_end,3.0,2,num_kv_pairs,128,valid/num_kv_pairs/accuracy-128,0.997375
gdn-h1-ev8-usegate0-s124-d123,gdn-h1-ev8-s124-d123-b64-ga4-fp32-noearly4ep,20260520_gdn_capacity_layout_followup,b64_ga4_fp32_official_gdn,1,124,123,1,8,b64_ga4,float32,float32,7,mid_epoch,3.5,3,num_kv_pairs,128,valid/num_kv_pairs/accuracy-128,0.9977265625
gdn-h1-ev8-usegate0-s124-d123,gdn-h1-ev8-s124-d123-b64-ga4-fp32-noearly4ep,20260520_gdn_capacity_layout_followup,b64_ga4_fp32_official_gdn,1,124,123,1,8,b64_ga4,float32,float32,8,epoch_end,4.0,3,num_kv_pairs,128,valid/num_kv_pairs/accuracy-128,0.9979375
gdn-h1-ev8-usegate0-s124-d123,gdn-h1-ev8-s124-d123-b64-ga4-fp32-noearly4ep,20260520_gdn_capacity_layout_followup,b64_ga4_fp32_official_gdn,1,124,123,1,8,b64_ga4,float32,float32,1,mid_epoch,0.5,0,num_kv_pairs,16,valid/num_kv_pairs/accuracy-16,1.0
gdn-h1-ev8-usegate0-s124-d123,gdn-h1-ev8-s124-d123-b64-ga4-fp32-noearly4ep,20260520_gdn_capacity_layout_followup,b64_ga4_fp32_official_gdn,1,124,123,1,8,b64_ga4,float32,float32,2,epoch_end,1.0,0,num_kv_pairs,16,valid/num_kv_pairs/accuracy-16,1.0
gdn-h1-ev8-usegate0-s124-d123,gdn-h1-ev8-s124-d123-b64-ga4-fp32-noearly4ep,20260520_gdn_capacity_layout_followup,b64_ga4_fp32_official_gdn,1,124,123,1,8,b64_ga4,float32,float32,3,mid_epoch,1.5,1,num_kv_pairs,16,valid/num_kv_pairs/accuracy-16,1.0
gdn-h1-ev8-usegate0-s124-d123,gdn-h1-ev8-s124-d123-b64-ga4-fp32-noearly4ep,20260520_gdn_capacity_layout_followup,b64_ga4_fp32_official_gdn,1,124,123,1,8,b64_ga4,float32,float32,4,epoch_end,2.0,1,num_kv_pairs,16,valid/num_kv_pairs/accuracy-16,1.0
gdn-h1-ev8-usegate0-s124-d123,gdn-h1-ev8-s124-d123-b64-ga4-fp32-noearly4ep,20260520_gdn_capacity_layout_followup,b64_ga4_fp32_official_gdn,1,124,123,1,8,b64_ga4,float32,float32,5,mid_epoch,2.5,2,num_kv_pairs,16,valid/num_kv_pairs/accuracy-16,1.0
gdn-h1-ev8-usegate0-s124-d123,gdn-h1-ev8-s124-d123-b64-ga4-fp32-noearly4ep,20260520_gdn_capacity_layout_followup,b64_ga4_fp32_official_gdn,1,124,123,1,8,b64_ga4,float32,float32,6,epoch_end,3.0,2,num_kv_pairs,16,valid/num_kv_pairs/accuracy-16,1.0
gdn-h1-ev8-usegate0-s124-d123,gdn-h1-ev8-s124-d123-b64-ga4-fp32-noearly4ep,20260520_gdn_capacity_layout_followup,b64_ga4_fp32_official_gdn,1,124,123,1,8,b64_ga4,float32,float32,7,mid_epoch,3.5,3,num_kv_pairs,16,valid/num_kv_pairs/accuracy-16,1.0
gdn-h1-ev8-usegate0-s124-d123,gdn-h1-ev8-s124-d123-b64-ga4-fp32-noearly4ep,20260520_gdn_capacity_layout_followup,b64_ga4_fp32_official_gdn,1,124,123,1,8,b64_ga4,float32,float32,8,epoch_end,4.0,3,num_kv_pairs,16,valid/num_kv_pairs/accuracy-16,1.0
gdn-h1-ev8-usegate0-s124-d123,gdn-h1-ev8-s124-d123-b64-ga4-fp32-noearly4ep,20260520_gdn_capacity_layout_followup,b64_ga4_fp32_official_gdn,1,124,123,1,8,b64_ga4,float32,float32,1,mid_epoch,0.5,0,num_kv_pairs,256,valid/num_kv_pairs/accuracy-256,0.54550390625
gdn-h1-ev8-usegate0-s124-d123,gdn-h1-ev8-s124-d123-b64-ga4-fp32-noearly4ep,20260520_gdn_capacity_layout_followup,b64_ga4_fp32_official_gdn,1,124,123,1,8,b64_ga4,float32,float32,2,epoch_end,1.0,0,num_kv_pairs,256,valid/num_kv_pairs/accuracy-256,0.6384921875
gdn-h1-ev8-usegate0-s124-d123,gdn-h1-ev8-s124-d123-b64-ga4-fp32-noearly4ep,20260520_gdn_capacity_layout_followup,b64_ga4_fp32_official_gdn,1,124,123,1,8,b64_ga4,float32,float32,3,mid_epoch,1.5,1,num_kv_pairs,256,valid/num_kv_pairs/accuracy-256,0.73471875
gdn-h1-ev8-usegate0-s124-d123,gdn-h1-ev8-s124-d123-b64-ga4-fp32-noearly4ep,20260520_gdn_capacity_layout_followup,b64_ga4_fp32_official_gdn,1,124,123,1,8,b64_ga4,float32,float32,4,epoch_end,2.0,1,num_kv_pairs,256,valid/num_kv_pairs/accuracy-256,0.79093359375
gdn-h1-ev8-usegate0-s124-d123,gdn-h1-ev8-s124-d123-b64-ga4-fp32-noearly4ep,20260520_gdn_capacity_layout_followup,b64_ga4_fp32_official_gdn,1,124,123,1,8,b64_ga4,float32,float32,5,mid_epoch,2.5,2,num_kv_pairs,256,valid/num_kv_pairs/accuracy-256,0.8274375
gdn-h1-ev8-usegate0-s124-d123,gdn-h1-ev8-s124-d123-b64-ga4-fp32-noearly4ep,20260520_gdn_capacity_layout_followup,b64_ga4_fp32_official_gdn,1,124,123,1,8,b64_ga4,float32,float32,6,epoch_end,3.0,2,num_kv_pairs,256,valid/num_kv_pairs/accuracy-256,0.839296875
gdn-h1-ev8-usegate0-s124-d123,gdn-h1-ev8-s124-d123-b64-ga4-fp32-noearly4ep,20260520_gdn_capacity_layout_followup,b64_ga4_fp32_official_gdn,1,124,123,1,8,b64_ga4,float32,float32,7,mid_epoch,3.5,3,num_kv_pairs,256,valid/num_kv_pairs/accuracy-256,0.8485234375
gdn-h1-ev8-usegate0-s124-d123,gdn-h1-ev8-s124-d123-b64-ga4-fp32-noearly4ep,20260520_gdn_capacity_layout_followup,b64_ga4_fp32_official_gdn,1,124,123,1,8,b64_ga4,float32,float32,8,epoch_end,4.0,3,num_kv_pairs,256,valid/num_kv_pairs/accuracy-256,0.8541953125
gdn-h1-ev8-usegate0-s124-d123,gdn-h1-ev8-s124-d123-b64-ga4-fp32-noearly4ep,20260520_gdn_capacity_layout_followup,b64_ga4_fp32_official_gdn,1,124,123,1,8,b64_ga4,float32,float32,1,mid_epoch,0.5,0,num_kv_pairs,32,valid/num_kv_pairs/accuracy-32,0.9999375
gdn-h1-ev8-usegate0-s124-d123,gdn-h1-ev8-s124-d123-b64-ga4-fp32-noearly4ep,20260520_gdn_capacity_layout_followup,b64_ga4_fp32_official_gdn,1,124,123,1,8,b64_ga4,float32,float32,2,epoch_end,1.0,0,num_kv_pairs,32,valid/num_kv_pairs/accuracy-32,0.99996875
gdn-h1-ev8-usegate0-s124-d123,gdn-h1-ev8-s124-d123-b64-ga4-fp32-noearly4ep,20260520_gdn_capacity_layout_followup,b64_ga4_fp32_official_gdn,1,124,123,1,8,b64_ga4,float32,float32,3,mid_epoch,1.5,1,num_kv_pairs,32,valid/num_kv_pairs/accuracy-32,1.0
gdn-h1-ev8-usegate0-s124-d123,gdn-h1-ev8-s124-d123-b64-ga4-fp32-noearly4ep,20260520_gdn_capacity_layout_followup,b64_ga4_fp32_official_gdn,1,124,123,1,8,b64_ga4,float32,float32,4,epoch_end,2.0,1,num_kv_pairs,32,valid/num_kv_pairs/accuracy-32,1.0
gdn-h1-ev8-usegate0-s124-d123,gdn-h1-ev8-s124-d123-b64-ga4-fp32-noearly4ep,20260520_gdn_capacity_layout_followup,b64_ga4_fp32_official_gdn,1,124,123,1,8,b64_ga4,float32,float32,5,mid_epoch,2.5,2,num_kv_pairs,32,valid/num_kv_pairs/accuracy-32,1.0
gdn-h1-ev8-usegate0-s124-d123,gdn-h1-ev8-s124-d123-b64-ga4-fp32-noearly4ep,20260520_gdn_capacity_layout_followup,b64_ga4_fp32_official_gdn,1,124,123,1,8,b64_ga4,float32,float32,6,epoch_end,3.0,2,num_kv_pairs,32,valid/num_kv_pairs/accuracy-32,1.0
gdn-h1-ev8-usegate0-s124-d123,gdn-h1-ev8-s124-d123-b64-ga4-fp32-noearly4ep,20260520_gdn_capacity_layout_followup,b64_ga4_fp32_official_gdn,1,124,123,1,8,b64_ga4,float32,float32,7,mid_epoch,3.5,3,num_kv_pairs,32,valid/num_kv_pairs/accuracy-32,1.0
gdn-h1-ev8-usegate0-s124-d123,gdn-h1-ev8-s124-d123-b64-ga4-fp32-noearly4ep,20260520_gdn_capacity_layout_followup,b64_ga4_fp32_official_gdn,1,124,123,1,8,b64_ga4,float32,float32,8,epoch_end,4.0,3,num_kv_pairs,32,valid/num_kv_pairs/accuracy-32,1.0
gdn-h1-ev8-usegate0-s124-d123,gdn-h1-ev8-s124-d123-b64-ga4-fp32-noearly4ep,20260520_gdn_capacity_layout_followup,b64_ga4_fp32_official_gdn,1,124,123,1,8,b64_ga4,float32,float32,1,mid_epoch,0.5,0,num_kv_pairs,4,valid/num_kv_pairs/accuracy-4,0.96975
gdn-h1-ev8-usegate0-s124-d123,gdn-h1-ev8-s124-d123-b64-ga4-fp32-noearly4ep,20260520_gdn_capacity_layout_followup,b64_ga4_fp32_official_gdn,1,124,123,1,8,b64_ga4,float32,float32,2,epoch_end,1.0,0,num_kv_pairs,4,valid/num_kv_pairs/accuracy-4,0.99775
gdn-h1-ev8-usegate0-s124-d123,gdn-h1-ev8-s124-d123-b64-ga4-fp32-noearly4ep,20260520_gdn_capacity_layout_followup,b64_ga4_fp32_official_gdn,1,124,123,1,8,b64_ga4,float32,float32,3,mid_epoch,1.5,1,num_kv_pairs,4,valid/num_kv_pairs/accuracy-4,0.9995
gdn-h1-ev8-usegate0-s124-d123,gdn-h1-ev8-s124-d123-b64-ga4-fp32-noearly4ep,20260520_gdn_capacity_layout_followup,b64_ga4_fp32_official_gdn,1,124,123,1,8,b64_ga4,float32,float32,4,epoch_end,2.0,1,num_kv_pairs,4,valid/num_kv_pairs/accuracy-4,0.99875
gdn-h1-ev8-usegate0-s124-d123,gdn-h1-ev8-s124-d123-b64-ga4-fp32-noearly4ep,20260520_gdn_capacity_layout_followup,b64_ga4_fp32_official_gdn,1,124,123,1,8,b64_ga4,float32,float32,5,mid_epoch,2.5,2,num_kv_pairs,4,valid/num_kv_pairs/accuracy-4,0.99875
gdn-h1-ev8-usegate0-s124-d123,gdn-h1-ev8-s124-d123-b64-ga4-fp32-noearly4ep,20260520_gdn_capacity_layout_followup,b64_ga4_fp32_official_gdn,1,124,123,1,8,b64_ga4,float32,float32,6,epoch_end,3.0,2,num_kv_pairs,4,valid/num_kv_pairs/accuracy-4,0.998
gdn-h1-ev8-usegate0-s124-d123,gdn-h1-ev8-s124-d123-b64-ga4-fp32-noearly4ep,20260520_gdn_capacity_layout_followup,b64_ga4_fp32_official_gdn,1,124,123,1,8,b64_ga4,float32,float32,7,mid_epoch,3.5,3,num_kv_pairs,4,valid/num_kv_pairs/accuracy-4,0.998
gdn-h1-ev8-usegate0-s124-d123,gdn-h1-ev8-s124-d123-b64-ga4-fp32-noearly4ep,20260520_gdn_capacity_layout_followup,b64_ga4_fp32_official_gdn,1,124,123,1,8,b64_ga4,float32,float32,8,epoch_end,4.0,3,num_kv_pairs,4,valid/num_kv_pairs/accuracy-4,0.9975
gdn-h1-ev8-usegate0-s124-d123,gdn-h1-ev8-s124-d123-b64-ga4-fp32-noearly4ep,20260520_gdn_capacity_layout_followup,b64_ga4_fp32_official_gdn,1,124,123,1,8,b64_ga4,float32,float32,1,mid_epoch,0.5,0,num_kv_pairs,64,valid/num_kv_pairs/accuracy-64,0.9973515625
gdn-h1-ev8-usegate0-s124-d123,gdn-h1-ev8-s124-d123-b64-ga4-fp32-noearly4ep,20260520_gdn_capacity_layout_followup,b64_ga4_fp32_official_gdn,1,124,123,1,8,b64_ga4,float32,float32,2,epoch_end,1.0,0,num_kv_pairs,64,valid/num_kv_pairs/accuracy-64,0.99825
gdn-h1-ev8-usegate0-s124-d123,gdn-h1-ev8-s124-d123-b64-ga4-fp32-noearly4ep,20260520_gdn_capacity_layout_followup,b64_ga4_fp32_official_gdn,1,124,123,1,8,b64_ga4,float32,float32,3,mid_epoch,1.5,1,num_kv_pairs,64,valid/num_kv_pairs/accuracy-64,0.9987734375
gdn-h1-ev8-usegate0-s124-d123,gdn-h1-ev8-s124-d123-b64-ga4-fp32-noearly4ep,20260520_gdn_capacity_layout_followup,b64_ga4_fp32_official_gdn,1,124,123,1,8,b64_ga4,float32,float32,4,epoch_end,2.0,1,num_kv_pairs,64,valid/num_kv_pairs/accuracy-64,0.9991640625
gdn-h1-ev8-usegate0-s124-d123,gdn-h1-ev8-s124-d123-b64-ga4-fp32-noearly4ep,20260520_gdn_capacity_layout_followup,b64_ga4_fp32_official_gdn,1,124,123,1,8,b64_ga4,float32,float32,5,mid_epoch,2.5,2,num_kv_pairs,64,valid/num_kv_pairs/accuracy-64,0.9993359375
gdn-h1-ev8-usegate0-s124-d123,gdn-h1-ev8-s124-d123-b64-ga4-fp32-noearly4ep,20260520_gdn_capacity_layout_followup,b64_ga4_fp32_official_gdn,1,124,123,1,8,b64_ga4,float32,float32,6,epoch_end,3.0,2,num_kv_pairs,64,valid/num_kv_pairs/accuracy-64,0.9994609375
gdn-h1-ev8-usegate0-s124-d123,gdn-h1-ev8-s124-d123-b64-ga4-fp32-noearly4ep,20260520_gdn_capacity_layout_followup,b64_ga4_fp32_official_gdn,1,124,123,1,8,b64_ga4,float32,float32,7,mid_epoch,3.5,3,num_kv_pairs,64,valid/num_kv_pairs/accuracy-64,0.9995
gdn-h1-ev8-usegate0-s124-d123,gdn-h1-ev8-s124-d123-b64-ga4-fp32-noearly4ep,20260520_gdn_capacity_layout_followup,b64_ga4_fp32_official_gdn,1,124,123,1,8,b64_ga4,float32,float32,8,epoch_end,4.0,3,num_kv_pairs,64,valid/num_kv_pairs/accuracy-64,0.99953125
gdn-h1-ev8-usegate0-s124-d123,gdn-h1-ev8-s124-d123-b64-ga4-fp32-noearly4ep,20260520_gdn_capacity_layout_followup,b64_ga4_fp32_official_gdn,1,124,123,1,8,b64_ga4,float32,float32,1,mid_epoch,0.5,0,num_kv_pairs,8,valid/num_kv_pairs/accuracy-8,0.996125
gdn-h1-ev8-usegate0-s124-d123,gdn-h1-ev8-s124-d123-b64-ga4-fp32-noearly4ep,20260520_gdn_capacity_layout_followup,b64_ga4_fp32_official_gdn,1,124,123,1,8,b64_ga4,float32,float32,2,epoch_end,1.0,0,num_kv_pairs,8,valid/num_kv_pairs/accuracy-8,0.999625
gdn-h1-ev8-usegate0-s124-d123,gdn-h1-ev8-s124-d123-b64-ga4-fp32-noearly4ep,20260520_gdn_capacity_layout_followup,b64_ga4_fp32_official_gdn,1,124,123,1,8,b64_ga4,float32,float32,3,mid_epoch,1.5,1,num_kv_pairs,8,valid/num_kv_pairs/accuracy-8,0.99975
gdn-h1-ev8-usegate0-s124-d123,gdn-h1-ev8-s124-d123-b64-ga4-fp32-noearly4ep,20260520_gdn_capacity_layout_followup,b64_ga4_fp32_official_gdn,1,124,123,1,8,b64_ga4,float32,float32,4,epoch_end,2.0,1,num_kv_pairs,8,valid/num_kv_pairs/accuracy-8,0.999625
gdn-h1-ev8-usegate0-s124-d123,gdn-h1-ev8-s124-d123-b64-ga4-fp32-noearly4ep,20260520_gdn_capacity_layout_followup,b64_ga4_fp32_official_gdn,1,124,123,1,8,b64_ga4,float32,float32,5,mid_epoch,2.5,2,num_kv_pairs,8,valid/num_kv_pairs/accuracy-8,0.99975
gdn-h1-ev8-usegate0-s124-d123,gdn-h1-ev8-s124-d123-b64-ga4-fp32-noearly4ep,20260520_gdn_capacity_layout_followup,b64_ga4_fp32_official_gdn,1,124,123,1,8,b64_ga4,float32,float32,6,epoch_end,3.0,2,num_kv_pairs,8,valid/num_kv_pairs/accuracy-8,0.99975
gdn-h1-ev8-usegate0-s124-d123,gdn-h1-ev8-s124-d123-b64-ga4-fp32-noearly4ep,20260520_gdn_capacity_layout_followup,b64_ga4_fp32_official_gdn,1,124,123,1,8,b64_ga4,float32,float32,7,mid_epoch,3.5,3,num_kv_pairs,8,valid/num_kv_pairs/accuracy-8,0.999625
gdn-h1-ev8-usegate0-s124-d123,gdn-h1-ev8-s124-d123-b64-ga4-fp32-noearly4ep,20260520_gdn_capacity_layout_followup,b64_ga4_fp32_official_gdn,1,124,123,1,8,b64_ga4,float32,float32,8,epoch_end,4.0,3,num_kv_pairs,8,valid/num_kv_pairs/accuracy-8,0.9995
gdn-h1-ev8-usegate0-s125-d123,gdn-h1-ev8-s125-d123-b64-ga4-fp32-noearly4ep,20260520_gdn_capacity_layout_followup,b64_ga4_fp32_official_gdn,0,125,123,1,8,b64_ga4,float32,float32,1,mid_epoch,0.5,0,input_seq_len,1024,valid/input_seq_len/accuracy-1024,0.5368984375
gdn-h1-ev8-usegate0-s125-d123,gdn-h1-ev8-s125-d123-b64-ga4-fp32-noearly4ep,20260520_gdn_capacity_layout_followup,b64_ga4_fp32_official_gdn,0,125,123,1,8,b64_ga4,float32,float32,2,epoch_end,1.0,0,input_seq_len,1024,valid/input_seq_len/accuracy-1024,0.72282421875
gdn-h1-ev8-usegate0-s125-d123,gdn-h1-ev8-s125-d123-b64-ga4-fp32-noearly4ep,20260520_gdn_capacity_layout_followup,b64_ga4_fp32_official_gdn,0,125,123,1,8,b64_ga4,float32,float32,3,mid_epoch,1.5,1,input_seq_len,1024,valid/input_seq_len/accuracy-1024,0.67943359375
gdn-h1-ev8-usegate0-s125-d123,gdn-h1-ev8-s125-d123-b64-ga4-fp32-noearly4ep,20260520_gdn_capacity_layout_followup,b64_ga4_fp32_official_gdn,0,125,123,1,8,b64_ga4,float32,float32,4,epoch_end,2.0,1,input_seq_len,1024,valid/input_seq_len/accuracy-1024,0.7041328125
gdn-h1-ev8-usegate0-s125-d123,gdn-h1-ev8-s125-d123-b64-ga4-fp32-noearly4ep,20260520_gdn_capacity_layout_followup,b64_ga4_fp32_official_gdn,0,125,123,1,8,b64_ga4,float32,float32,5,mid_epoch,2.5,2,input_seq_len,1024,valid/input_seq_len/accuracy-1024,0.74866015625
gdn-h1-ev8-usegate0-s125-d123,gdn-h1-ev8-s125-d123-b64-ga4-fp32-noearly4ep,20260520_gdn_capacity_layout_followup,b64_ga4_fp32_official_gdn,0,125,123,1,8,b64_ga4,float32,float32,6,epoch_end,3.0,2,input_seq_len,1024,valid/input_seq_len/accuracy-1024,0.7633203125
gdn-h1-ev8-usegate0-s125-d123,gdn-h1-ev8-s125-d123-b64-ga4-fp32-noearly4ep,20260520_gdn_capacity_layout_followup,b64_ga4_fp32_official_gdn,0,125,123,1,8,b64_ga4,float32,float32,7,mid_epoch,3.5,3,input_seq_len,1024,valid/input_seq_len/accuracy-1024,0.7719453125
gdn-h1-ev8-usegate0-s125-d123,gdn-h1-ev8-s125-d123-b64-ga4-fp32-noearly4ep,20260520_gdn_capacity_layout_followup,b64_ga4_fp32_official_gdn,0,125,123,1,8,b64_ga4,float32,float32,8,epoch_end,4.0,3,input_seq_len,1024,valid/input_seq_len/accuracy-1024,0.78047265625
gdn-h1-ev8-usegate0-s125-d123,gdn-h1-ev8-s125-d123-b64-ga4-fp32-noearly4ep,20260520_gdn_capacity_layout_followup,b64_ga4_fp32_official_gdn,0,125,123,1,8,b64_ga4,float32,float32,1,mid_epoch,0.5,0,input_seq_len,128,valid/input_seq_len/accuracy-128,0.9998125
gdn-h1-ev8-usegate0-s125-d123,gdn-h1-ev8-s125-d123-b64-ga4-fp32-noearly4ep,20260520_gdn_capacity_layout_followup,b64_ga4_fp32_official_gdn,0,125,123,1,8,b64_ga4,float32,float32,2,epoch_end,1.0,0,input_seq_len,128,valid/input_seq_len/accuracy-128,0.99996875
gdn-h1-ev8-usegate0-s125-d123,gdn-h1-ev8-s125-d123-b64-ga4-fp32-noearly4ep,20260520_gdn_capacity_layout_followup,b64_ga4_fp32_official_gdn,0,125,123,1,8,b64_ga4,float32,float32,3,mid_epoch,1.5,1,input_seq_len,128,valid/input_seq_len/accuracy-128,0.99990625
gdn-h1-ev8-usegate0-s125-d123,gdn-h1-ev8-s125-d123-b64-ga4-fp32-noearly4ep,20260520_gdn_capacity_layout_followup,b64_ga4_fp32_official_gdn,0,125,123,1,8,b64_ga4,float32,float32,4,epoch_end,2.0,1,input_seq_len,128,valid/input_seq_len/accuracy-128,0.9999375
gdn-h1-ev8-usegate0-s125-d123,gdn-h1-ev8-s125-d123-b64-ga4-fp32-noearly4ep,20260520_gdn_capacity_layout_followup,b64_ga4_fp32_official_gdn,0,125,123,1,8,b64_ga4,float32,float32,5,mid_epoch,2.5,2,input_seq_len,128,valid/input_seq_len/accuracy-128,0.9999375
gdn-h1-ev8-usegate0-s125-d123,gdn-h1-ev8-s125-d123-b64-ga4-fp32-noearly4ep,20260520_gdn_capacity_layout_followup,b64_ga4_fp32_official_gdn,0,125,123,1,8,b64_ga4,float32,float32,6,epoch_end,3.0,2,input_seq_len,128,valid/input_seq_len/accuracy-128,0.99996875
gdn-h1-ev8-usegate0-s125-d123,gdn-h1-ev8-s125-d123-b64-ga4-fp32-noearly4ep,20260520_gdn_capacity_layout_followup,b64_ga4_fp32_official_gdn,0,125,123,1,8,b64_ga4,float32,float32,7,mid_epoch,3.5,3,input_seq_len,128,valid/input_seq_len/accuracy-128,0.99996875
gdn-h1-ev8-usegate0-s125-d123,gdn-h1-ev8-s125-d123-b64-ga4-fp32-noearly4ep,20260520_gdn_capacity_layout_followup,b64_ga4_fp32_official_gdn,0,125,123,1,8,b64_ga4,float32,float32,8,epoch_end,4.0,3,input_seq_len,128,valid/input_seq_len/accuracy-128,0.99996875
gdn-h1-ev8-usegate0-s125-d123,gdn-h1-ev8-s125-d123-b64-ga4-fp32-noearly4ep,20260520_gdn_capacity_layout_followup,b64_ga4_fp32_official_gdn,0,125,123,1,8,b64_ga4,float32,float32,1,mid_epoch,0.5,0,input_seq_len,256,valid/input_seq_len/accuracy-256,0.997640625
gdn-h1-ev8-usegate0-s125-d123,gdn-h1-ev8-s125-d123-b64-ga4-fp32-noearly4ep,20260520_gdn_capacity_layout_followup,b64_ga4_fp32_official_gdn,0,125,123,1,8,b64_ga4,float32,float32,2,epoch_end,1.0,0,input_seq_len,256,valid/input_seq_len/accuracy-256,0.999515625
gdn-h1-ev8-usegate0-s125-d123,gdn-h1-ev8-s125-d123-b64-ga4-fp32-noearly4ep,20260520_gdn_capacity_layout_followup,b64_ga4_fp32_official_gdn,0,125,123,1,8,b64_ga4,float32,float32,3,mid_epoch,1.5,1,input_seq_len,256,valid/input_seq_len/accuracy-256,0.999453125
gdn-h1-ev8-usegate0-s125-d123,gdn-h1-ev8-s125-d123-b64-ga4-fp32-noearly4ep,20260520_gdn_capacity_layout_followup,b64_ga4_fp32_official_gdn,0,125,123,1,8,b64_ga4,float32,float32,4,epoch_end,2.0,1,input_seq_len,256,valid/input_seq_len/accuracy-256,0.999609375
gdn-h1-ev8-usegate0-s125-d123,gdn-h1-ev8-s125-d123-b64-ga4-fp32-noearly4ep,20260520_gdn_capacity_layout_followup,b64_ga4_fp32_official_gdn,0,125,123,1,8,b64_ga4,float32,float32,5,mid_epoch,2.5,2,input_seq_len,256,valid/input_seq_len/accuracy-256,0.99975
gdn-h1-ev8-usegate0-s125-d123,gdn-h1-ev8-s125-d123-b64-ga4-fp32-noearly4ep,20260520_gdn_capacity_layout_followup,b64_ga4_fp32_official_gdn,0,125,123,1,8,b64_ga4,float32,float32,6,epoch_end,3.0,2,input_seq_len,256,valid/input_seq_len/accuracy-256,0.99984375
gdn-h1-ev8-usegate0-s125-d123,gdn-h1-ev8-s125-d123-b64-ga4-fp32-noearly4ep,20260520_gdn_capacity_layout_followup,b64_ga4_fp32_official_gdn,0,125,123,1,8,b64_ga4,float32,float32,7,mid_epoch,3.5,3,input_seq_len,256,valid/input_seq_len/accuracy-256,0.999890625
gdn-h1-ev8-usegate0-s125-d123,gdn-h1-ev8-s125-d123-b64-ga4-fp32-noearly4ep,20260520_gdn_capacity_layout_followup,b64_ga4_fp32_official_gdn,0,125,123,1,8,b64_ga4,float32,float32,8,epoch_end,4.0,3,input_seq_len,256,valid/input_seq_len/accuracy-256,0.999921875
gdn-h1-ev8-usegate0-s125-d123,gdn-h1-ev8-s125-d123-b64-ga4-fp32-noearly4ep,20260520_gdn_capacity_layout_followup,b64_ga4_fp32_official_gdn,0,125,123,1,8,b64_ga4,float32,float32,1,mid_epoch,0.5,0,input_seq_len,512,valid/input_seq_len/accuracy-512,0.96766796875
gdn-h1-ev8-usegate0-s125-d123,gdn-h1-ev8-s125-d123-b64-ga4-fp32-noearly4ep,20260520_gdn_capacity_layout_followup,b64_ga4_fp32_official_gdn,0,125,123,1,8,b64_ga4,float32,float32,2,epoch_end,1.0,0,input_seq_len,512,valid/input_seq_len/accuracy-512,0.99043359375
gdn-h1-ev8-usegate0-s125-d123,gdn-h1-ev8-s125-d123-b64-ga4-fp32-noearly4ep,20260520_gdn_capacity_layout_followup,b64_ga4_fp32_official_gdn,0,125,123,1,8,b64_ga4,float32,float32,3,mid_epoch,1.5,1,input_seq_len,512,valid/input_seq_len/accuracy-512,0.9869296875
gdn-h1-ev8-usegate0-s125-d123,gdn-h1-ev8-s125-d123-b64-ga4-fp32-noearly4ep,20260520_gdn_capacity_layout_followup,b64_ga4_fp32_official_gdn,0,125,123,1,8,b64_ga4,float32,float32,4,epoch_end,2.0,1,input_seq_len,512,valid/input_seq_len/accuracy-512,0.9902734375
gdn-h1-ev8-usegate0-s125-d123,gdn-h1-ev8-s125-d123-b64-ga4-fp32-noearly4ep,20260520_gdn_capacity_layout_followup,b64_ga4_fp32_official_gdn,0,125,123,1,8,b64_ga4,float32,float32,5,mid_epoch,2.5,2,input_seq_len,512,valid/input_seq_len/accuracy-512,0.99385546875
gdn-h1-ev8-usegate0-s125-d123,gdn-h1-ev8-s125-d123-b64-ga4-fp32-noearly4ep,20260520_gdn_capacity_layout_followup,b64_ga4_fp32_official_gdn,0,125,123,1,8,b64_ga4,float32,float32,6,epoch_end,3.0,2,input_seq_len,512,valid/input_seq_len/accuracy-512,0.9949765625
gdn-h1-ev8-usegate0-s125-d123,gdn-h1-ev8-s125-d123-b64-ga4-fp32-noearly4ep,20260520_gdn_capacity_layout_followup,b64_ga4_fp32_official_gdn,0,125,123,1,8,b64_ga4,float32,float32,7,mid_epoch,3.5,3,input_seq_len,512,valid/input_seq_len/accuracy-512,0.9955625
gdn-h1-ev8-usegate0-s125-d123,gdn-h1-ev8-s125-d123-b64-ga4-fp32-noearly4ep,20260520_gdn_capacity_layout_followup,b64_ga4_fp32_official_gdn,0,125,123,1,8,b64_ga4,float32,float32,8,epoch_end,4.0,3,input_seq_len,512,valid/input_seq_len/accuracy-512,0.995921875
gdn-h1-ev8-usegate0-s125-d123,gdn-h1-ev8-s125-d123-b64-ga4-fp32-noearly4ep,20260520_gdn_capacity_layout_followup,b64_ga4_fp32_official_gdn,0,125,123,1,8,b64_ga4,float32,float32,1,mid_epoch,0.5,0,input_seq_len,64,valid/input_seq_len/accuracy-64,0.9887083333333333
gdn-h1-ev8-usegate0-s125-d123,gdn-h1-ev8-s125-d123-b64-ga4-fp32-noearly4ep,20260520_gdn_capacity_layout_followup,b64_ga4_fp32_official_gdn,0,125,123,1,8,b64_ga4,float32,float32,2,epoch_end,1.0,0,input_seq_len,64,valid/input_seq_len/accuracy-64,0.99325
gdn-h1-ev8-usegate0-s125-d123,gdn-h1-ev8-s125-d123-b64-ga4-fp32-noearly4ep,20260520_gdn_capacity_layout_followup,b64_ga4_fp32_official_gdn,0,125,123,1,8,b64_ga4,float32,float32,3,mid_epoch,1.5,1,input_seq_len,64,valid/input_seq_len/accuracy-64,0.9979166666666667
gdn-h1-ev8-usegate0-s125-d123,gdn-h1-ev8-s125-d123-b64-ga4-fp32-noearly4ep,20260520_gdn_capacity_layout_followup,b64_ga4_fp32_official_gdn,0,125,123,1,8,b64_ga4,float32,float32,4,epoch_end,2.0,1,input_seq_len,64,valid/input_seq_len/accuracy-64,0.9985416666666667
gdn-h1-ev8-usegate0-s125-d123,gdn-h1-ev8-s125-d123-b64-ga4-fp32-noearly4ep,20260520_gdn_capacity_layout_followup,b64_ga4_fp32_official_gdn,0,125,123,1,8,b64_ga4,float32,float32,5,mid_epoch,2.5,2,input_seq_len,64,valid/input_seq_len/accuracy-64,0.9979166666666667
gdn-h1-ev8-usegate0-s125-d123,gdn-h1-ev8-s125-d123-b64-ga4-fp32-noearly4ep,20260520_gdn_capacity_layout_followup,b64_ga4_fp32_official_gdn,0,125,123,1,8,b64_ga4,float32,float32,6,epoch_end,3.0,2,input_seq_len,64,valid/input_seq_len/accuracy-64,0.9980416666666667
gdn-h1-ev8-usegate0-s125-d123,gdn-h1-ev8-s125-d123-b64-ga4-fp32-noearly4ep,20260520_gdn_capacity_layout_followup,b64_ga4_fp32_official_gdn,0,125,123,1,8,b64_ga4,float32,float32,7,mid_epoch,3.5,3,input_seq_len,64,valid/input_seq_len/accuracy-64,0.9971666666666666
gdn-h1-ev8-usegate0-s125-d123,gdn-h1-ev8-s125-d123-b64-ga4-fp32-noearly4ep,20260520_gdn_capacity_layout_followup,b64_ga4_fp32_official_gdn,0,125,123,1,8,b64_ga4,float32,float32,8,epoch_end,4.0,3,input_seq_len,64,valid/input_seq_len/accuracy-64,0.9975
gdn-h1-ev8-usegate0-s125-d123,gdn-h1-ev8-s125-d123-b64-ga4-fp32-noearly4ep,20260520_gdn_capacity_layout_followup,b64_ga4_fp32_official_gdn,0,125,123,1,8,b64_ga4,float32,float32,1,mid_epoch,0.5,0,mqar_case,1024x256,valid/mqar_case/accuracy-1024x256,0.5368984375
gdn-h1-ev8-usegate0-s125-d123,gdn-h1-ev8-s125-d123-b64-ga4-fp32-noearly4ep,20260520_gdn_capacity_layout_followup,b64_ga4_fp32_official_gdn,0,125,123,1,8,b64_ga4,float32,float32,2,epoch_end,1.0,0,mqar_case,1024x256,valid/mqar_case/accuracy-1024x256,0.72282421875
gdn-h1-ev8-usegate0-s125-d123,gdn-h1-ev8-s125-d123-b64-ga4-fp32-noearly4ep,20260520_gdn_capacity_layout_followup,b64_ga4_fp32_official_gdn,0,125,123,1,8,b64_ga4,float32,float32,3,mid_epoch,1.5,1,mqar_case,1024x256,valid/mqar_case/accuracy-1024x256,0.67943359375
gdn-h1-ev8-usegate0-s125-d123,gdn-h1-ev8-s125-d123-b64-ga4-fp32-noearly4ep,20260520_gdn_capacity_layout_followup,b64_ga4_fp32_official_gdn,0,125,123,1,8,b64_ga4,float32,float32,4,epoch_end,2.0,1,mqar_case,1024x256,valid/mqar_case/accuracy-1024x256,0.7041328125
gdn-h1-ev8-usegate0-s125-d123,gdn-h1-ev8-s125-d123-b64-ga4-fp32-noearly4ep,20260520_gdn_capacity_layout_followup,b64_ga4_fp32_official_gdn,0,125,123,1,8,b64_ga4,float32,float32,5,mid_epoch,2.5,2,mqar_case,1024x256,valid/mqar_case/accuracy-1024x256,0.74866015625
gdn-h1-ev8-usegate0-s125-d123,gdn-h1-ev8-s125-d123-b64-ga4-fp32-noearly4ep,20260520_gdn_capacity_layout_followup,b64_ga4_fp32_official_gdn,0,125,123,1,8,b64_ga4,float32,float32,6,epoch_end,3.0,2,mqar_case,1024x256,valid/mqar_case/accuracy-1024x256,0.7633203125
gdn-h1-ev8-usegate0-s125-d123,gdn-h1-ev8-s125-d123-b64-ga4-fp32-noearly4ep,20260520_gdn_capacity_layout_followup,b64_ga4_fp32_official_gdn,0,125,123,1,8,b64_ga4,float32,float32,7,mid_epoch,3.5,3,mqar_case,1024x256,valid/mqar_case/accuracy-1024x256,0.7719453125
gdn-h1-ev8-usegate0-s125-d123,gdn-h1-ev8-s125-d123-b64-ga4-fp32-noearly4ep,20260520_gdn_capacity_layout_followup,b64_ga4_fp32_official_gdn,0,125,123,1,8,b64_ga4,float32,float32,8,epoch_end,4.0,3,mqar_case,1024x256,valid/mqar_case/accuracy-1024x256,0.78047265625
gdn-h1-ev8-usegate0-s125-d123,gdn-h1-ev8-s125-d123-b64-ga4-fp32-noearly4ep,20260520_gdn_capacity_layout_followup,b64_ga4_fp32_official_gdn,0,125,123,1,8,b64_ga4,float32,float32,1,mid_epoch,0.5,0,mqar_case,128x32,valid/mqar_case/accuracy-128x32,0.9998125
gdn-h1-ev8-usegate0-s125-d123,gdn-h1-ev8-s125-d123-b64-ga4-fp32-noearly4ep,20260520_gdn_capacity_layout_followup,b64_ga4_fp32_official_gdn,0,125,123,1,8,b64_ga4,float32,float32,2,epoch_end,1.0,0,mqar_case,128x32,valid/mqar_case/accuracy-128x32,0.99996875
gdn-h1-ev8-usegate0-s125-d123,gdn-h1-ev8-s125-d123-b64-ga4-fp32-noearly4ep,20260520_gdn_capacity_layout_followup,b64_ga4_fp32_official_gdn,0,125,123,1,8,b64_ga4,float32,float32,3,mid_epoch,1.5,1,mqar_case,128x32,valid/mqar_case/accuracy-128x32,0.99990625
gdn-h1-ev8-usegate0-s125-d123,gdn-h1-ev8-s125-d123-b64-ga4-fp32-noearly4ep,20260520_gdn_capacity_layout_followup,b64_ga4_fp32_official_gdn,0,125,123,1,8,b64_ga4,float32,float32,4,epoch_end,2.0,1,mqar_case,128x32,valid/mqar_case/accuracy-128x32,0.9999375
gdn-h1-ev8-usegate0-s125-d123,gdn-h1-ev8-s125-d123-b64-ga4-fp32-noearly4ep,20260520_gdn_capacity_layout_followup,b64_ga4_fp32_official_gdn,0,125,123,1,8,b64_ga4,float32,float32,5,mid_epoch,2.5,2,mqar_case,128x32,valid/mqar_case/accuracy-128x32,0.9999375
gdn-h1-ev8-usegate0-s125-d123,gdn-h1-ev8-s125-d123-b64-ga4-fp32-noearly4ep,20260520_gdn_capacity_layout_followup,b64_ga4_fp32_official_gdn,0,125,123,1,8,b64_ga4,float32,float32,6,epoch_end,3.0,2,mqar_case,128x32,valid/mqar_case/accuracy-128x32,0.99996875
gdn-h1-ev8-usegate0-s125-d123,gdn-h1-ev8-s125-d123-b64-ga4-fp32-noearly4ep,20260520_gdn_capacity_layout_followup,b64_ga4_fp32_official_gdn,0,125,123,1,8,b64_ga4,float32,float32,7,mid_epoch,3.5,3,mqar_case,128x32,valid/mqar_case/accuracy-128x32,0.99996875
gdn-h1-ev8-usegate0-s125-d123,gdn-h1-ev8-s125-d123-b64-ga4-fp32-noearly4ep,20260520_gdn_capacity_layout_followup,b64_ga4_fp32_official_gdn,0,125,123,1,8,b64_ga4,float32,float32,8,epoch_end,4.0,3,mqar_case,128x32,valid/mqar_case/accuracy-128x32,0.99996875
gdn-h1-ev8-usegate0-s125-d123,gdn-h1-ev8-s125-d123-b64-ga4-fp32-noearly4ep,20260520_gdn_capacity_layout_followup,b64_ga4_fp32_official_gdn,0,125,123,1,8,b64_ga4,float32,float32,1,mid_epoch,0.5,0,mqar_case,256x64,valid/mqar_case/accuracy-256x64,0.997640625
gdn-h1-ev8-usegate0-s125-d123,gdn-h1-ev8-s125-d123-b64-ga4-fp32-noearly4ep,20260520_gdn_capacity_layout_followup,b64_ga4_fp32_official_gdn,0,125,123,1,8,b64_ga4,float32,float32,2,epoch_end,1.0,0,mqar_case,256x64,valid/mqar_case/accuracy-256x64,0.999515625
gdn-h1-ev8-usegate0-s125-d123,gdn-h1-ev8-s125-d123-b64-ga4-fp32-noearly4ep,20260520_gdn_capacity_layout_followup,b64_ga4_fp32_official_gdn,0,125,123,1,8,b64_ga4,float32,float32,3,mid_epoch,1.5,1,mqar_case,256x64,valid/mqar_case/accuracy-256x64,0.999453125
gdn-h1-ev8-usegate0-s125-d123,gdn-h1-ev8-s125-d123-b64-ga4-fp32-noearly4ep,20260520_gdn_capacity_layout_followup,b64_ga4_fp32_official_gdn,0,125,123,1,8,b64_ga4,float32,float32,4,epoch_end,2.0,1,mqar_case,256x64,valid/mqar_case/accuracy-256x64,0.999609375
gdn-h1-ev8-usegate0-s125-d123,gdn-h1-ev8-s125-d123-b64-ga4-fp32-noearly4ep,20260520_gdn_capacity_layout_followup,b64_ga4_fp32_official_gdn,0,125,123,1,8,b64_ga4,float32,float32,5,mid_epoch,2.5,2,mqar_case,256x64,valid/mqar_case/accuracy-256x64,0.99975
gdn-h1-ev8-usegate0-s125-d123,gdn-h1-ev8-s125-d123-b64-ga4-fp32-noearly4ep,20260520_gdn_capacity_layout_followup,b64_ga4_fp32_official_gdn,0,125,123,1,8,b64_ga4,float32,float32,6,epoch_end,3.0,2,mqar_case,256x64,valid/mqar_case/accuracy-256x64,0.99984375
gdn-h1-ev8-usegate0-s125-d123,gdn-h1-ev8-s125-d123-b64-ga4-fp32-noearly4ep,20260520_gdn_capacity_layout_followup,b64_ga4_fp32_official_gdn,0,125,123,1,8,b64_ga4,float32,float32,7,mid_epoch,3.5,3,mqar_case,256x64,valid/mqar_case/accuracy-256x64,0.999890625
gdn-h1-ev8-usegate0-s125-d123,gdn-h1-ev8-s125-d123-b64-ga4-fp32-noearly4ep,20260520_gdn_capacity_layout_followup,b64_ga4_fp32_official_gdn,0,125,123,1,8,b64_ga4,float32,float32,8,epoch_end,4.0,3,mqar_case,256x64,valid/mqar_case/accuracy-256x64,0.999921875
gdn-h1-ev8-usegate0-s125-d123,gdn-h1-ev8-s125-d123-b64-ga4-fp32-noearly4ep,20260520_gdn_capacity_layout_followup,b64_ga4_fp32_official_gdn,0,125,123,1,8,b64_ga4,float32,float32,1,mid_epoch,0.5,0,mqar_case,512x128,valid/mqar_case/accuracy-512x128,0.9397109375
gdn-h1-ev8-usegate0-s125-d123,gdn-h1-ev8-s125-d123-b64-ga4-fp32-noearly4ep,20260520_gdn_capacity_layout_followup,b64_ga4_fp32_official_gdn,0,125,123,1,8,b64_ga4,float32,float32,2,epoch_end,1.0,0,mqar_case,512x128,valid/mqar_case/accuracy-512x128,0.9821328125
gdn-h1-ev8-usegate0-s125-d123,gdn-h1-ev8-s125-d123-b64-ga4-fp32-noearly4ep,20260520_gdn_capacity_layout_followup,b64_ga4_fp32_official_gdn,0,125,123,1,8,b64_ga4,float32,float32,3,mid_epoch,1.5,1,mqar_case,512x128,valid/mqar_case/accuracy-512x128,0.97546875
gdn-h1-ev8-usegate0-s125-d123,gdn-h1-ev8-s125-d123-b64-ga4-fp32-noearly4ep,20260520_gdn_capacity_layout_followup,b64_ga4_fp32_official_gdn,0,125,123,1,8,b64_ga4,float32,float32,4,epoch_end,2.0,1,mqar_case,512x128,valid/mqar_case/accuracy-512x128,0.981875
gdn-h1-ev8-usegate0-s125-d123,gdn-h1-ev8-s125-d123-b64-ga4-fp32-noearly4ep,20260520_gdn_capacity_layout_followup,b64_ga4_fp32_official_gdn,0,125,123,1,8,b64_ga4,float32,float32,5,mid_epoch,2.5,2,mqar_case,512x128,valid/mqar_case/accuracy-512x128,0.9887421875
gdn-h1-ev8-usegate0-s125-d123,gdn-h1-ev8-s125-d123-b64-ga4-fp32-noearly4ep,20260520_gdn_capacity_layout_followup,b64_ga4_fp32_official_gdn,0,125,123,1,8,b64_ga4,float32,float32,6,epoch_end,3.0,2,mqar_case,512x128,valid/mqar_case/accuracy-512x128,0.99090625
gdn-h1-ev8-usegate0-s125-d123,gdn-h1-ev8-s125-d123-b64-ga4-fp32-noearly4ep,20260520_gdn_capacity_layout_followup,b64_ga4_fp32_official_gdn,0,125,123,1,8,b64_ga4,float32,float32,7,mid_epoch,3.5,3,mqar_case,512x128,valid/mqar_case/accuracy-512x128,0.99196875
gdn-h1-ev8-usegate0-s125-d123,gdn-h1-ev8-s125-d123-b64-ga4-fp32-noearly4ep,20260520_gdn_capacity_layout_followup,b64_ga4_fp32_official_gdn,0,125,123,1,8,b64_ga4,float32,float32,8,epoch_end,4.0,3,mqar_case,512x128,valid/mqar_case/accuracy-512x128,0.99271875
gdn-h1-ev8-usegate0-s125-d123,gdn-h1-ev8-s125-d123-b64-ga4-fp32-noearly4ep,20260520_gdn_capacity_layout_followup,b64_ga4_fp32_official_gdn,0,125,123,1,8,b64_ga4,float32,float32,1,mid_epoch,0.5,0,mqar_case,512x64,valid/mqar_case/accuracy-512x64,0.995625
gdn-h1-ev8-usegate0-s125-d123,gdn-h1-ev8-s125-d123-b64-ga4-fp32-noearly4ep,20260520_gdn_capacity_layout_followup,b64_ga4_fp32_official_gdn,0,125,123,1,8,b64_ga4,float32,float32,2,epoch_end,1.0,0,mqar_case,512x64,valid/mqar_case/accuracy-512x64,0.998734375
gdn-h1-ev8-usegate0-s125-d123,gdn-h1-ev8-s125-d123-b64-ga4-fp32-noearly4ep,20260520_gdn_capacity_layout_followup,b64_ga4_fp32_official_gdn,0,125,123,1,8,b64_ga4,float32,float32,3,mid_epoch,1.5,1,mqar_case,512x64,valid/mqar_case/accuracy-512x64,0.998390625
gdn-h1-ev8-usegate0-s125-d123,gdn-h1-ev8-s125-d123-b64-ga4-fp32-noearly4ep,20260520_gdn_capacity_layout_followup,b64_ga4_fp32_official_gdn,0,125,123,1,8,b64_ga4,float32,float32,4,epoch_end,2.0,1,mqar_case,512x64,valid/mqar_case/accuracy-512x64,0.998671875
gdn-h1-ev8-usegate0-s125-d123,gdn-h1-ev8-s125-d123-b64-ga4-fp32-noearly4ep,20260520_gdn_capacity_layout_followup,b64_ga4_fp32_official_gdn,0,125,123,1,8,b64_ga4,float32,float32,5,mid_epoch,2.5,2,mqar_case,512x64,valid/mqar_case/accuracy-512x64,0.99896875
gdn-h1-ev8-usegate0-s125-d123,gdn-h1-ev8-s125-d123-b64-ga4-fp32-noearly4ep,20260520_gdn_capacity_layout_followup,b64_ga4_fp32_official_gdn,0,125,123,1,8,b64_ga4,float32,float32,6,epoch_end,3.0,2,mqar_case,512x64,valid/mqar_case/accuracy-512x64,0.999046875
gdn-h1-ev8-usegate0-s125-d123,gdn-h1-ev8-s125-d123-b64-ga4-fp32-noearly4ep,20260520_gdn_capacity_layout_followup,b64_ga4_fp32_official_gdn,0,125,123,1,8,b64_ga4,float32,float32,7,mid_epoch,3.5,3,mqar_case,512x64,valid/mqar_case/accuracy-512x64,0.99915625
gdn-h1-ev8-usegate0-s125-d123,gdn-h1-ev8-s125-d123-b64-ga4-fp32-noearly4ep,20260520_gdn_capacity_layout_followup,b64_ga4_fp32_official_gdn,0,125,123,1,8,b64_ga4,float32,float32,8,epoch_end,4.0,3,mqar_case,512x64,valid/mqar_case/accuracy-512x64,0.999125
gdn-h1-ev8-usegate0-s125-d123,gdn-h1-ev8-s125-d123-b64-ga4-fp32-noearly4ep,20260520_gdn_capacity_layout_followup,b64_ga4_fp32_official_gdn,0,125,123,1,8,b64_ga4,float32,float32,1,mid_epoch,0.5,0,mqar_case,64x16,valid/mqar_case/accuracy-64x16,0.999875
gdn-h1-ev8-usegate0-s125-d123,gdn-h1-ev8-s125-d123-b64-ga4-fp32-noearly4ep,20260520_gdn_capacity_layout_followup,b64_ga4_fp32_official_gdn,0,125,123,1,8,b64_ga4,float32,float32,2,epoch_end,1.0,0,mqar_case,64x16,valid/mqar_case/accuracy-64x16,1.0
gdn-h1-ev8-usegate0-s125-d123,gdn-h1-ev8-s125-d123-b64-ga4-fp32-noearly4ep,20260520_gdn_capacity_layout_followup,b64_ga4_fp32_official_gdn,0,125,123,1,8,b64_ga4,float32,float32,3,mid_epoch,1.5,1,mqar_case,64x16,valid/mqar_case/accuracy-64x16,1.0
gdn-h1-ev8-usegate0-s125-d123,gdn-h1-ev8-s125-d123-b64-ga4-fp32-noearly4ep,20260520_gdn_capacity_layout_followup,b64_ga4_fp32_official_gdn,0,125,123,1,8,b64_ga4,float32,float32,4,epoch_end,2.0,1,mqar_case,64x16,valid/mqar_case/accuracy-64x16,1.0
gdn-h1-ev8-usegate0-s125-d123,gdn-h1-ev8-s125-d123-b64-ga4-fp32-noearly4ep,20260520_gdn_capacity_layout_followup,b64_ga4_fp32_official_gdn,0,125,123,1,8,b64_ga4,float32,float32,5,mid_epoch,2.5,2,mqar_case,64x16,valid/mqar_case/accuracy-64x16,1.0
gdn-h1-ev8-usegate0-s125-d123,gdn-h1-ev8-s125-d123-b64-ga4-fp32-noearly4ep,20260520_gdn_capacity_layout_followup,b64_ga4_fp32_official_gdn,0,125,123,1,8,b64_ga4,float32,float32,6,epoch_end,3.0,2,mqar_case,64x16,valid/mqar_case/accuracy-64x16,1.0
gdn-h1-ev8-usegate0-s125-d123,gdn-h1-ev8-s125-d123-b64-ga4-fp32-noearly4ep,20260520_gdn_capacity_layout_followup,b64_ga4_fp32_official_gdn,0,125,123,1,8,b64_ga4,float32,float32,7,mid_epoch,3.5,3,mqar_case,64x16,valid/mqar_case/accuracy-64x16,1.0
gdn-h1-ev8-usegate0-s125-d123,gdn-h1-ev8-s125-d123-b64-ga4-fp32-noearly4ep,20260520_gdn_capacity_layout_followup,b64_ga4_fp32_official_gdn,0,125,123,1,8,b64_ga4,float32,float32,8,epoch_end,4.0,3,mqar_case,64x16,valid/mqar_case/accuracy-64x16,1.0
gdn-h1-ev8-usegate0-s125-d123,gdn-h1-ev8-s125-d123-b64-ga4-fp32-noearly4ep,20260520_gdn_capacity_layout_followup,b64_ga4_fp32_official_gdn,0,125,123,1,8,b64_ga4,float32,float32,1,mid_epoch,0.5,0,mqar_case,64x4,valid/mqar_case/accuracy-64x4,0.97
gdn-h1-ev8-usegate0-s125-d123,gdn-h1-ev8-s125-d123-b64-ga4-fp32-noearly4ep,20260520_gdn_capacity_layout_followup,b64_ga4_fp32_official_gdn,0,125,123,1,8,b64_ga4,float32,float32,2,epoch_end,1.0,0,mqar_case,64x4,valid/mqar_case/accuracy-64x4,0.98275
gdn-h1-ev8-usegate0-s125-d123,gdn-h1-ev8-s125-d123-b64-ga4-fp32-noearly4ep,20260520_gdn_capacity_layout_followup,b64_ga4_fp32_official_gdn,0,125,123,1,8,b64_ga4,float32,float32,3,mid_epoch,1.5,1,mqar_case,64x4,valid/mqar_case/accuracy-64x4,0.995
gdn-h1-ev8-usegate0-s125-d123,gdn-h1-ev8-s125-d123-b64-ga4-fp32-noearly4ep,20260520_gdn_capacity_layout_followup,b64_ga4_fp32_official_gdn,0,125,123,1,8,b64_ga4,float32,float32,4,epoch_end,2.0,1,mqar_case,64x4,valid/mqar_case/accuracy-64x4,0.9965
gdn-h1-ev8-usegate0-s125-d123,gdn-h1-ev8-s125-d123-b64-ga4-fp32-noearly4ep,20260520_gdn_capacity_layout_followup,b64_ga4_fp32_official_gdn,0,125,123,1,8,b64_ga4,float32,float32,5,mid_epoch,2.5,2,mqar_case,64x4,valid/mqar_case/accuracy-64x4,0.995
gdn-h1-ev8-usegate0-s125-d123,gdn-h1-ev8-s125-d123-b64-ga4-fp32-noearly4ep,20260520_gdn_capacity_layout_followup,b64_ga4_fp32_official_gdn,0,125,123,1,8,b64_ga4,float32,float32,6,epoch_end,3.0,2,mqar_case,64x4,valid/mqar_case/accuracy-64x4,0.99525
gdn-h1-ev8-usegate0-s125-d123,gdn-h1-ev8-s125-d123-b64-ga4-fp32-noearly4ep,20260520_gdn_capacity_layout_followup,b64_ga4_fp32_official_gdn,0,125,123,1,8,b64_ga4,float32,float32,7,mid_epoch,3.5,3,mqar_case,64x4,valid/mqar_case/accuracy-64x4,0.99275
gdn-h1-ev8-usegate0-s125-d123,gdn-h1-ev8-s125-d123-b64-ga4-fp32-noearly4ep,20260520_gdn_capacity_layout_followup,b64_ga4_fp32_official_gdn,0,125,123,1,8,b64_ga4,float32,float32,8,epoch_end,4.0,3,mqar_case,64x4,valid/mqar_case/accuracy-64x4,0.99375
gdn-h1-ev8-usegate0-s125-d123,gdn-h1-ev8-s125-d123-b64-ga4-fp32-noearly4ep,20260520_gdn_capacity_layout_followup,b64_ga4_fp32_official_gdn,0,125,123,1,8,b64_ga4,float32,float32,1,mid_epoch,0.5,0,mqar_case,64x8,valid/mqar_case/accuracy-64x8,0.99625
gdn-h1-ev8-usegate0-s125-d123,gdn-h1-ev8-s125-d123-b64-ga4-fp32-noearly4ep,20260520_gdn_capacity_layout_followup,b64_ga4_fp32_official_gdn,0,125,123,1,8,b64_ga4,float32,float32,2,epoch_end,1.0,0,mqar_case,64x8,valid/mqar_case/accuracy-64x8,0.997
gdn-h1-ev8-usegate0-s125-d123,gdn-h1-ev8-s125-d123-b64-ga4-fp32-noearly4ep,20260520_gdn_capacity_layout_followup,b64_ga4_fp32_official_gdn,0,125,123,1,8,b64_ga4,float32,float32,3,mid_epoch,1.5,1,mqar_case,64x8,valid/mqar_case/accuracy-64x8,0.99875
gdn-h1-ev8-usegate0-s125-d123,gdn-h1-ev8-s125-d123-b64-ga4-fp32-noearly4ep,20260520_gdn_capacity_layout_followup,b64_ga4_fp32_official_gdn,0,125,123,1,8,b64_ga4,float32,float32,4,epoch_end,2.0,1,mqar_case,64x8,valid/mqar_case/accuracy-64x8,0.999125
gdn-h1-ev8-usegate0-s125-d123,gdn-h1-ev8-s125-d123-b64-ga4-fp32-noearly4ep,20260520_gdn_capacity_layout_followup,b64_ga4_fp32_official_gdn,0,125,123,1,8,b64_ga4,float32,float32,5,mid_epoch,2.5,2,mqar_case,64x8,valid/mqar_case/accuracy-64x8,0.99875
gdn-h1-ev8-usegate0-s125-d123,gdn-h1-ev8-s125-d123-b64-ga4-fp32-noearly4ep,20260520_gdn_capacity_layout_followup,b64_ga4_fp32_official_gdn,0,125,123,1,8,b64_ga4,float32,float32,6,epoch_end,3.0,2,mqar_case,64x8,valid/mqar_case/accuracy-64x8,0.998875
gdn-h1-ev8-usegate0-s125-d123,gdn-h1-ev8-s125-d123-b64-ga4-fp32-noearly4ep,20260520_gdn_capacity_layout_followup,b64_ga4_fp32_official_gdn,0,125,123,1,8,b64_ga4,float32,float32,7,mid_epoch,3.5,3,mqar_case,64x8,valid/mqar_case/accuracy-64x8,0.99875
gdn-h1-ev8-usegate0-s125-d123,gdn-h1-ev8-s125-d123-b64-ga4-fp32-noearly4ep,20260520_gdn_capacity_layout_followup,b64_ga4_fp32_official_gdn,0,125,123,1,8,b64_ga4,float32,float32,8,epoch_end,4.0,3,mqar_case,64x8,valid/mqar_case/accuracy-64x8,0.99875
gdn-h1-ev8-usegate0-s125-d123,gdn-h1-ev8-s125-d123-b64-ga4-fp32-noearly4ep,20260520_gdn_capacity_layout_followup,b64_ga4_fp32_official_gdn,0,125,123,1,8,b64_ga4,float32,float32,1,mid_epoch,0.5,0,num_kv_pairs,128,valid/num_kv_pairs/accuracy-128,0.9397109375
gdn-h1-ev8-usegate0-s125-d123,gdn-h1-ev8-s125-d123-b64-ga4-fp32-noearly4ep,20260520_gdn_capacity_layout_followup,b64_ga4_fp32_official_gdn,0,125,123,1,8,b64_ga4,float32,float32,2,epoch_end,1.0,0,num_kv_pairs,128,valid/num_kv_pairs/accuracy-128,0.9821328125
gdn-h1-ev8-usegate0-s125-d123,gdn-h1-ev8-s125-d123-b64-ga4-fp32-noearly4ep,20260520_gdn_capacity_layout_followup,b64_ga4_fp32_official_gdn,0,125,123,1,8,b64_ga4,float32,float32,3,mid_epoch,1.5,1,num_kv_pairs,128,valid/num_kv_pairs/accuracy-128,0.97546875
gdn-h1-ev8-usegate0-s125-d123,gdn-h1-ev8-s125-d123-b64-ga4-fp32-noearly4ep,20260520_gdn_capacity_layout_followup,b64_ga4_fp32_official_gdn,0,125,123,1,8,b64_ga4,float32,float32,4,epoch_end,2.0,1,num_kv_pairs,128,valid/num_kv_pairs/accuracy-128,0.981875
gdn-h1-ev8-usegate0-s125-d123,gdn-h1-ev8-s125-d123-b64-ga4-fp32-noearly4ep,20260520_gdn_capacity_layout_followup,b64_ga4_fp32_official_gdn,0,125,123,1,8,b64_ga4,float32,float32,5,mid_epoch,2.5,2,num_kv_pairs,128,valid/num_kv_pairs/accuracy-128,0.9887421875
gdn-h1-ev8-usegate0-s125-d123,gdn-h1-ev8-s125-d123-b64-ga4-fp32-noearly4ep,20260520_gdn_capacity_layout_followup,b64_ga4_fp32_official_gdn,0,125,123,1,8,b64_ga4,float32,float32,6,epoch_end,3.0,2,num_kv_pairs,128,valid/num_kv_pairs/accuracy-128,0.99090625
gdn-h1-ev8-usegate0-s125-d123,gdn-h1-ev8-s125-d123-b64-ga4-fp32-noearly4ep,20260520_gdn_capacity_layout_followup,b64_ga4_fp32_official_gdn,0,125,123,1,8,b64_ga4,float32,float32,7,mid_epoch,3.5,3,num_kv_pairs,128,valid/num_kv_pairs/accuracy-128,0.99196875
gdn-h1-ev8-usegate0-s125-d123,gdn-h1-ev8-s125-d123-b64-ga4-fp32-noearly4ep,20260520_gdn_capacity_layout_followup,b64_ga4_fp32_official_gdn,0,125,123,1,8,b64_ga4,float32,float32,8,epoch_end,4.0,3,num_kv_pairs,128,valid/num_kv_pairs/accuracy-128,0.99271875
gdn-h1-ev8-usegate0-s125-d123,gdn-h1-ev8-s125-d123-b64-ga4-fp32-noearly4ep,20260520_gdn_capacity_layout_followup,b64_ga4_fp32_official_gdn,0,125,123,1,8,b64_ga4,float32,float32,1,mid_epoch,0.5,0,num_kv_pairs,16,valid/num_kv_pairs/accuracy-16,0.999875
gdn-h1-ev8-usegate0-s125-d123,gdn-h1-ev8-s125-d123-b64-ga4-fp32-noearly4ep,20260520_gdn_capacity_layout_followup,b64_ga4_fp32_official_gdn,0,125,123,1,8,b64_ga4,float32,float32,2,epoch_end,1.0,0,num_kv_pairs,16,valid/num_kv_pairs/accuracy-16,1.0
gdn-h1-ev8-usegate0-s125-d123,gdn-h1-ev8-s125-d123-b64-ga4-fp32-noearly4ep,20260520_gdn_capacity_layout_followup,b64_ga4_fp32_official_gdn,0,125,123,1,8,b64_ga4,float32,float32,3,mid_epoch,1.5,1,num_kv_pairs,16,valid/num_kv_pairs/accuracy-16,1.0
gdn-h1-ev8-usegate0-s125-d123,gdn-h1-ev8-s125-d123-b64-ga4-fp32-noearly4ep,20260520_gdn_capacity_layout_followup,b64_ga4_fp32_official_gdn,0,125,123,1,8,b64_ga4,float32,float32,4,epoch_end,2.0,1,num_kv_pairs,16,valid/num_kv_pairs/accuracy-16,1.0
gdn-h1-ev8-usegate0-s125-d123,gdn-h1-ev8-s125-d123-b64-ga4-fp32-noearly4ep,20260520_gdn_capacity_layout_followup,b64_ga4_fp32_official_gdn,0,125,123,1,8,b64_ga4,float32,float32,5,mid_epoch,2.5,2,num_kv_pairs,16,valid/num_kv_pairs/accuracy-16,1.0
gdn-h1-ev8-usegate0-s125-d123,gdn-h1-ev8-s125-d123-b64-ga4-fp32-noearly4ep,20260520_gdn_capacity_layout_followup,b64_ga4_fp32_official_gdn,0,125,123,1,8,b64_ga4,float32,float32,6,epoch_end,3.0,2,num_kv_pairs,16,valid/num_kv_pairs/accuracy-16,1.0
gdn-h1-ev8-usegate0-s125-d123,gdn-h1-ev8-s125-d123-b64-ga4-fp32-noearly4ep,20260520_gdn_capacity_layout_followup,b64_ga4_fp32_official_gdn,0,125,123,1,8,b64_ga4,float32,float32,7,mid_epoch,3.5,3,num_kv_pairs,16,valid/num_kv_pairs/accuracy-16,1.0
gdn-h1-ev8-usegate0-s125-d123,gdn-h1-ev8-s125-d123-b64-ga4-fp32-noearly4ep,20260520_gdn_capacity_layout_followup,b64_ga4_fp32_official_gdn,0,125,123,1,8,b64_ga4,float32,float32,8,epoch_end,4.0,3,num_kv_pairs,16,valid/num_kv_pairs/accuracy-16,1.0
gdn-h1-ev8-usegate0-s125-d123,gdn-h1-ev8-s125-d123-b64-ga4-fp32-noearly4ep,20260520_gdn_capacity_layout_followup,b64_ga4_fp32_official_gdn,0,125,123,1,8,b64_ga4,float32,float32,1,mid_epoch,0.5,0,num_kv_pairs,256,valid/num_kv_pairs/accuracy-256,0.5368984375
gdn-h1-ev8-usegate0-s125-d123,gdn-h1-ev8-s125-d123-b64-ga4-fp32-noearly4ep,20260520_gdn_capacity_layout_followup,b64_ga4_fp32_official_gdn,0,125,123,1,8,b64_ga4,float32,float32,2,epoch_end,1.0,0,num_kv_pairs,256,valid/num_kv_pairs/accuracy-256,0.72282421875
gdn-h1-ev8-usegate0-s125-d123,gdn-h1-ev8-s125-d123-b64-ga4-fp32-noearly4ep,20260520_gdn_capacity_layout_followup,b64_ga4_fp32_official_gdn,0,125,123,1,8,b64_ga4,float32,float32,3,mid_epoch,1.5,1,num_kv_pairs,256,valid/num_kv_pairs/accuracy-256,0.67943359375
gdn-h1-ev8-usegate0-s125-d123,gdn-h1-ev8-s125-d123-b64-ga4-fp32-noearly4ep,20260520_gdn_capacity_layout_followup,b64_ga4_fp32_official_gdn,0,125,123,1,8,b64_ga4,float32,float32,4,epoch_end,2.0,1,num_kv_pairs,256,valid/num_kv_pairs/accuracy-256,0.7041328125
gdn-h1-ev8-usegate0-s125-d123,gdn-h1-ev8-s125-d123-b64-ga4-fp32-noearly4ep,20260520_gdn_capacity_layout_followup,b64_ga4_fp32_official_gdn,0,125,123,1,8,b64_ga4,float32,float32,5,mid_epoch,2.5,2,num_kv_pairs,256,valid/num_kv_pairs/accuracy-256,0.74866015625
gdn-h1-ev8-usegate0-s125-d123,gdn-h1-ev8-s125-d123-b64-ga4-fp32-noearly4ep,20260520_gdn_capacity_layout_followup,b64_ga4_fp32_official_gdn,0,125,123,1,8,b64_ga4,float32,float32,6,epoch_end,3.0,2,num_kv_pairs,256,valid/num_kv_pairs/accuracy-256,0.7633203125
gdn-h1-ev8-usegate0-s125-d123,gdn-h1-ev8-s125-d123-b64-ga4-fp32-noearly4ep,20260520_gdn_capacity_layout_followup,b64_ga4_fp32_official_gdn,0,125,123,1,8,b64_ga4,float32,float32,7,mid_epoch,3.5,3,num_kv_pairs,256,valid/num_kv_pairs/accuracy-256,0.7719453125
gdn-h1-ev8-usegate0-s125-d123,gdn-h1-ev8-s125-d123-b64-ga4-fp32-noearly4ep,20260520_gdn_capacity_layout_followup,b64_ga4_fp32_official_gdn,0,125,123,1,8,b64_ga4,float32,float32,8,epoch_end,4.0,3,num_kv_pairs,256,valid/num_kv_pairs/accuracy-256,0.78047265625
gdn-h1-ev8-usegate0-s125-d123,gdn-h1-ev8-s125-d123-b64-ga4-fp32-noearly4ep,20260520_gdn_capacity_layout_followup,b64_ga4_fp32_official_gdn,0,125,123,1,8,b64_ga4,float32,float32,1,mid_epoch,0.5,0,num_kv_pairs,32,valid/num_kv_pairs/accuracy-32,0.9998125
gdn-h1-ev8-usegate0-s125-d123,gdn-h1-ev8-s125-d123-b64-ga4-fp32-noearly4ep,20260520_gdn_capacity_layout_followup,b64_ga4_fp32_official_gdn,0,125,123,1,8,b64_ga4,float32,float32,2,epoch_end,1.0,0,num_kv_pairs,32,valid/num_kv_pairs/accuracy-32,0.99996875
gdn-h1-ev8-usegate0-s125-d123,gdn-h1-ev8-s125-d123-b64-ga4-fp32-noearly4ep,20260520_gdn_capacity_layout_followup,b64_ga4_fp32_official_gdn,0,125,123,1,8,b64_ga4,float32,float32,3,mid_epoch,1.5,1,num_kv_pairs,32,valid/num_kv_pairs/accuracy-32,0.99990625
gdn-h1-ev8-usegate0-s125-d123,gdn-h1-ev8-s125-d123-b64-ga4-fp32-noearly4ep,20260520_gdn_capacity_layout_followup,b64_ga4_fp32_official_gdn,0,125,123,1,8,b64_ga4,float32,float32,4,epoch_end,2.0,1,num_kv_pairs,32,valid/num_kv_pairs/accuracy-32,0.9999375
gdn-h1-ev8-usegate0-s125-d123,gdn-h1-ev8-s125-d123-b64-ga4-fp32-noearly4ep,20260520_gdn_capacity_layout_followup,b64_ga4_fp32_official_gdn,0,125,123,1,8,b64_ga4,float32,float32,5,mid_epoch,2.5,2,num_kv_pairs,32,valid/num_kv_pairs/accuracy-32,0.9999375
gdn-h1-ev8-usegate0-s125-d123,gdn-h1-ev8-s125-d123-b64-ga4-fp32-noearly4ep,20260520_gdn_capacity_layout_followup,b64_ga4_fp32_official_gdn,0,125,123,1,8,b64_ga4,float32,float32,6,epoch_end,3.0,2,num_kv_pairs,32,valid/num_kv_pairs/accuracy-32,0.99996875
gdn-h1-ev8-usegate0-s125-d123,gdn-h1-ev8-s125-d123-b64-ga4-fp32-noearly4ep,20260520_gdn_capacity_layout_followup,b64_ga4_fp32_official_gdn,0,125,123,1,8,b64_ga4,float32,float32,7,mid_epoch,3.5,3,num_kv_pairs,32,valid/num_kv_pairs/accuracy-32,0.99996875
gdn-h1-ev8-usegate0-s125-d123,gdn-h1-ev8-s125-d123-b64-ga4-fp32-noearly4ep,20260520_gdn_capacity_layout_followup,b64_ga4_fp32_official_gdn,0,125,123,1,8,b64_ga4,float32,float32,8,epoch_end,4.0,3,num_kv_pairs,32,valid/num_kv_pairs/accuracy-32,0.99996875
gdn-h1-ev8-usegate0-s125-d123,gdn-h1-ev8-s125-d123-b64-ga4-fp32-noearly4ep,20260520_gdn_capacity_layout_followup,b64_ga4_fp32_official_gdn,0,125,123,1,8,b64_ga4,float32,float32,1,mid_epoch,0.5,0,num_kv_pairs,4,valid/num_kv_pairs/accuracy-4,0.97
gdn-h1-ev8-usegate0-s125-d123,gdn-h1-ev8-s125-d123-b64-ga4-fp32-noearly4ep,20260520_gdn_capacity_layout_followup,b64_ga4_fp32_official_gdn,0,125,123,1,8,b64_ga4,float32,float32,2,epoch_end,1.0,0,num_kv_pairs,4,valid/num_kv_pairs/accuracy-4,0.98275
gdn-h1-ev8-usegate0-s125-d123,gdn-h1-ev8-s125-d123-b64-ga4-fp32-noearly4ep,20260520_gdn_capacity_layout_followup,b64_ga4_fp32_official_gdn,0,125,123,1,8,b64_ga4,float32,float32,3,mid_epoch,1.5,1,num_kv_pairs,4,valid/num_kv_pairs/accuracy-4,0.995
gdn-h1-ev8-usegate0-s125-d123,gdn-h1-ev8-s125-d123-b64-ga4-fp32-noearly4ep,20260520_gdn_capacity_layout_followup,b64_ga4_fp32_official_gdn,0,125,123,1,8,b64_ga4,float32,float32,4,epoch_end,2.0,1,num_kv_pairs,4,valid/num_kv_pairs/accuracy-4,0.9965
gdn-h1-ev8-usegate0-s125-d123,gdn-h1-ev8-s125-d123-b64-ga4-fp32-noearly4ep,20260520_gdn_capacity_layout_followup,b64_ga4_fp32_official_gdn,0,125,123,1,8,b64_ga4,float32,float32,5,mid_epoch,2.5,2,num_kv_pairs,4,valid/num_kv_pairs/accuracy-4,0.995
gdn-h1-ev8-usegate0-s125-d123,gdn-h1-ev8-s125-d123-b64-ga4-fp32-noearly4ep,20260520_gdn_capacity_layout_followup,b64_ga4_fp32_official_gdn,0,125,123,1,8,b64_ga4,float32,float32,6,epoch_end,3.0,2,num_kv_pairs,4,valid/num_kv_pairs/accuracy-4,0.99525
gdn-h1-ev8-usegate0-s125-d123,gdn-h1-ev8-s125-d123-b64-ga4-fp32-noearly4ep,20260520_gdn_capacity_layout_followup,b64_ga4_fp32_official_gdn,0,125,123,1,8,b64_ga4,float32,float32,7,mid_epoch,3.5,3,num_kv_pairs,4,valid/num_kv_pairs/accuracy-4,0.99275
gdn-h1-ev8-usegate0-s125-d123,gdn-h1-ev8-s125-d123-b64-ga4-fp32-noearly4ep,20260520_gdn_capacity_layout_followup,b64_ga4_fp32_official_gdn,0,125,123,1,8,b64_ga4,float32,float32,8,epoch_end,4.0,3,num_kv_pairs,4,valid/num_kv_pairs/accuracy-4,0.99375
gdn-h1-ev8-usegate0-s125-d123,gdn-h1-ev8-s125-d123-b64-ga4-fp32-noearly4ep,20260520_gdn_capacity_layout_followup,b64_ga4_fp32_official_gdn,0,125,123,1,8,b64_ga4,float32,float32,1,mid_epoch,0.5,0,num_kv_pairs,64,valid/num_kv_pairs/accuracy-64,0.9966328125
gdn-h1-ev8-usegate0-s125-d123,gdn-h1-ev8-s125-d123-b64-ga4-fp32-noearly4ep,20260520_gdn_capacity_layout_followup,b64_ga4_fp32_official_gdn,0,125,123,1,8,b64_ga4,float32,float32,2,epoch_end,1.0,0,num_kv_pairs,64,valid/num_kv_pairs/accuracy-64,0.999125
gdn-h1-ev8-usegate0-s125-d123,gdn-h1-ev8-s125-d123-b64-ga4-fp32-noearly4ep,20260520_gdn_capacity_layout_followup,b64_ga4_fp32_official_gdn,0,125,123,1,8,b64_ga4,float32,float32,3,mid_epoch,1.5,1,num_kv_pairs,64,valid/num_kv_pairs/accuracy-64,0.998921875
gdn-h1-ev8-usegate0-s125-d123,gdn-h1-ev8-s125-d123-b64-ga4-fp32-noearly4ep,20260520_gdn_capacity_layout_followup,b64_ga4_fp32_official_gdn,0,125,123,1,8,b64_ga4,float32,float32,4,epoch_end,2.0,1,num_kv_pairs,64,valid/num_kv_pairs/accuracy-64,0.999140625
gdn-h1-ev8-usegate0-s125-d123,gdn-h1-ev8-s125-d123-b64-ga4-fp32-noearly4ep,20260520_gdn_capacity_layout_followup,b64_ga4_fp32_official_gdn,0,125,123,1,8,b64_ga4,float32,float32,5,mid_epoch,2.5,2,num_kv_pairs,64,valid/num_kv_pairs/accuracy-64,0.999359375
gdn-h1-ev8-usegate0-s125-d123,gdn-h1-ev8-s125-d123-b64-ga4-fp32-noearly4ep,20260520_gdn_capacity_layout_followup,b64_ga4_fp32_official_gdn,0,125,123,1,8,b64_ga4,float32,float32,6,epoch_end,3.0,2,num_kv_pairs,64,valid/num_kv_pairs/accuracy-64,0.9994453125
gdn-h1-ev8-usegate0-s125-d123,gdn-h1-ev8-s125-d123-b64-ga4-fp32-noearly4ep,20260520_gdn_capacity_layout_followup,b64_ga4_fp32_official_gdn,0,125,123,1,8,b64_ga4,float32,float32,7,mid_epoch,3.5,3,num_kv_pairs,64,valid/num_kv_pairs/accuracy-64,0.9995234375
gdn-h1-ev8-usegate0-s125-d123,gdn-h1-ev8-s125-d123-b64-ga4-fp32-noearly4ep,20260520_gdn_capacity_layout_followup,b64_ga4_fp32_official_gdn,0,125,123,1,8,b64_ga4,float32,float32,8,epoch_end,4.0,3,num_kv_pairs,64,valid/num_kv_pairs/accuracy-64,0.9995234375
gdn-h1-ev8-usegate0-s125-d123,gdn-h1-ev8-s125-d123-b64-ga4-fp32-noearly4ep,20260520_gdn_capacity_layout_followup,b64_ga4_fp32_official_gdn,0,125,123,1,8,b64_ga4,float32,float32,1,mid_epoch,0.5,0,num_kv_pairs,8,valid/num_kv_pairs/accuracy-8,0.99625
gdn-h1-ev8-usegate0-s125-d123,gdn-h1-ev8-s125-d123-b64-ga4-fp32-noearly4ep,20260520_gdn_capacity_layout_followup,b64_ga4_fp32_official_gdn,0,125,123,1,8,b64_ga4,float32,float32,2,epoch_end,1.0,0,num_kv_pairs,8,valid/num_kv_pairs/accuracy-8,0.997
gdn-h1-ev8-usegate0-s125-d123,gdn-h1-ev8-s125-d123-b64-ga4-fp32-noearly4ep,20260520_gdn_capacity_layout_followup,b64_ga4_fp32_official_gdn,0,125,123,1,8,b64_ga4,float32,float32,3,mid_epoch,1.5,1,num_kv_pairs,8,valid/num_kv_pairs/accuracy-8,0.99875
gdn-h1-ev8-usegate0-s125-d123,gdn-h1-ev8-s125-d123-b64-ga4-fp32-noearly4ep,20260520_gdn_capacity_layout_followup,b64_ga4_fp32_official_gdn,0,125,123,1,8,b64_ga4,float32,float32,4,epoch_end,2.0,1,num_kv_pairs,8,valid/num_kv_pairs/accuracy-8,0.999125
gdn-h1-ev8-usegate0-s125-d123,gdn-h1-ev8-s125-d123-b64-ga4-fp32-noearly4ep,20260520_gdn_capacity_layout_followup,b64_ga4_fp32_official_gdn,0,125,123,1,8,b64_ga4,float32,float32,5,mid_epoch,2.5,2,num_kv_pairs,8,valid/num_kv_pairs/accuracy-8,0.99875
gdn-h1-ev8-usegate0-s125-d123,gdn-h1-ev8-s125-d123-b64-ga4-fp32-noearly4ep,20260520_gdn_capacity_layout_followup,b64_ga4_fp32_official_gdn,0,125,123,1,8,b64_ga4,float32,float32,6,epoch_end,3.0,2,num_kv_pairs,8,valid/num_kv_pairs/accuracy-8,0.998875
gdn-h1-ev8-usegate0-s125-d123,gdn-h1-ev8-s125-d123-b64-ga4-fp32-noearly4ep,20260520_gdn_capacity_layout_followup,b64_ga4_fp32_official_gdn,0,125,123,1,8,b64_ga4,float32,float32,7,mid_epoch,3.5,3,num_kv_pairs,8,valid/num_kv_pairs/accuracy-8,0.99875
gdn-h1-ev8-usegate0-s125-d123,gdn-h1-ev8-s125-d123-b64-ga4-fp32-noearly4ep,20260520_gdn_capacity_layout_followup,b64_ga4_fp32_official_gdn,0,125,123,1,8,b64_ga4,float32,float32,8,epoch_end,4.0,3,num_kv_pairs,8,valid/num_kv_pairs/accuracy-8,0.99875
gdn-h2-ev6-usegate0-s123-d123,gdn-h2-ev6-s123-d123-b64-ga4-fp32-noearly4ep,20260520_gdn_capacity_layout_followup,b64_ga4_fp32_official_gdn,1,123,123,2,6,b64_ga4,float32,float32,1,mid_epoch,0.5,0,input_seq_len,1024,valid/input_seq_len/accuracy-1024,0.2284453125
gdn-h2-ev6-usegate0-s123-d123,gdn-h2-ev6-s123-d123-b64-ga4-fp32-noearly4ep,20260520_gdn_capacity_layout_followup,b64_ga4_fp32_official_gdn,1,123,123,2,6,b64_ga4,float32,float32,2,epoch_end,1.0,0,input_seq_len,1024,valid/input_seq_len/accuracy-1024,0.6548046875
gdn-h2-ev6-usegate0-s123-d123,gdn-h2-ev6-s123-d123-b64-ga4-fp32-noearly4ep,20260520_gdn_capacity_layout_followup,b64_ga4_fp32_official_gdn,1,123,123,2,6,b64_ga4,float32,float32,3,mid_epoch,1.5,1,input_seq_len,1024,valid/input_seq_len/accuracy-1024,0.7163359375
gdn-h2-ev6-usegate0-s123-d123,gdn-h2-ev6-s123-d123-b64-ga4-fp32-noearly4ep,20260520_gdn_capacity_layout_followup,b64_ga4_fp32_official_gdn,1,123,123,2,6,b64_ga4,float32,float32,4,epoch_end,2.0,1,input_seq_len,1024,valid/input_seq_len/accuracy-1024,0.77315234375
gdn-h2-ev6-usegate0-s123-d123,gdn-h2-ev6-s123-d123-b64-ga4-fp32-noearly4ep,20260520_gdn_capacity_layout_followup,b64_ga4_fp32_official_gdn,1,123,123,2,6,b64_ga4,float32,float32,5,mid_epoch,2.5,2,input_seq_len,1024,valid/input_seq_len/accuracy-1024,0.7800546875
gdn-h2-ev6-usegate0-s123-d123,gdn-h2-ev6-s123-d123-b64-ga4-fp32-noearly4ep,20260520_gdn_capacity_layout_followup,b64_ga4_fp32_official_gdn,1,123,123,2,6,b64_ga4,float32,float32,6,epoch_end,3.0,2,input_seq_len,1024,valid/input_seq_len/accuracy-1024,0.80257421875
gdn-h2-ev6-usegate0-s123-d123,gdn-h2-ev6-s123-d123-b64-ga4-fp32-noearly4ep,20260520_gdn_capacity_layout_followup,b64_ga4_fp32_official_gdn,1,123,123,2,6,b64_ga4,float32,float32,7,mid_epoch,3.5,3,input_seq_len,1024,valid/input_seq_len/accuracy-1024,0.8011875
gdn-h2-ev6-usegate0-s123-d123,gdn-h2-ev6-s123-d123-b64-ga4-fp32-noearly4ep,20260520_gdn_capacity_layout_followup,b64_ga4_fp32_official_gdn,1,123,123,2,6,b64_ga4,float32,float32,8,epoch_end,4.0,3,input_seq_len,1024,valid/input_seq_len/accuracy-1024,0.8113671875
gdn-h2-ev6-usegate0-s123-d123,gdn-h2-ev6-s123-d123-b64-ga4-fp32-noearly4ep,20260520_gdn_capacity_layout_followup,b64_ga4_fp32_official_gdn,1,123,123,2,6,b64_ga4,float32,float32,1,mid_epoch,0.5,0,input_seq_len,128,valid/input_seq_len/accuracy-128,0.9971875
gdn-h2-ev6-usegate0-s123-d123,gdn-h2-ev6-s123-d123-b64-ga4-fp32-noearly4ep,20260520_gdn_capacity_layout_followup,b64_ga4_fp32_official_gdn,1,123,123,2,6,b64_ga4,float32,float32,2,epoch_end,1.0,0,input_seq_len,128,valid/input_seq_len/accuracy-128,1.0
gdn-h2-ev6-usegate0-s123-d123,gdn-h2-ev6-s123-d123-b64-ga4-fp32-noearly4ep,20260520_gdn_capacity_layout_followup,b64_ga4_fp32_official_gdn,1,123,123,2,6,b64_ga4,float32,float32,3,mid_epoch,1.5,1,input_seq_len,128,valid/input_seq_len/accuracy-128,1.0
gdn-h2-ev6-usegate0-s123-d123,gdn-h2-ev6-s123-d123-b64-ga4-fp32-noearly4ep,20260520_gdn_capacity_layout_followup,b64_ga4_fp32_official_gdn,1,123,123,2,6,b64_ga4,float32,float32,4,epoch_end,2.0,1,input_seq_len,128,valid/input_seq_len/accuracy-128,1.0
gdn-h2-ev6-usegate0-s123-d123,gdn-h2-ev6-s123-d123-b64-ga4-fp32-noearly4ep,20260520_gdn_capacity_layout_followup,b64_ga4_fp32_official_gdn,1,123,123,2,6,b64_ga4,float32,float32,5,mid_epoch,2.5,2,input_seq_len,128,valid/input_seq_len/accuracy-128,1.0
gdn-h2-ev6-usegate0-s123-d123,gdn-h2-ev6-s123-d123-b64-ga4-fp32-noearly4ep,20260520_gdn_capacity_layout_followup,b64_ga4_fp32_official_gdn,1,123,123,2,6,b64_ga4,float32,float32,6,epoch_end,3.0,2,input_seq_len,128,valid/input_seq_len/accuracy-128,1.0
gdn-h2-ev6-usegate0-s123-d123,gdn-h2-ev6-s123-d123-b64-ga4-fp32-noearly4ep,20260520_gdn_capacity_layout_followup,b64_ga4_fp32_official_gdn,1,123,123,2,6,b64_ga4,float32,float32,7,mid_epoch,3.5,3,input_seq_len,128,valid/input_seq_len/accuracy-128,1.0
gdn-h2-ev6-usegate0-s123-d123,gdn-h2-ev6-s123-d123-b64-ga4-fp32-noearly4ep,20260520_gdn_capacity_layout_followup,b64_ga4_fp32_official_gdn,1,123,123,2,6,b64_ga4,float32,float32,8,epoch_end,4.0,3,input_seq_len,128,valid/input_seq_len/accuracy-128,1.0
gdn-h2-ev6-usegate0-s123-d123,gdn-h2-ev6-s123-d123-b64-ga4-fp32-noearly4ep,20260520_gdn_capacity_layout_followup,b64_ga4_fp32_official_gdn,1,123,123,2,6,b64_ga4,float32,float32,1,mid_epoch,0.5,0,input_seq_len,256,valid/input_seq_len/accuracy-256,0.963546875
gdn-h2-ev6-usegate0-s123-d123,gdn-h2-ev6-s123-d123-b64-ga4-fp32-noearly4ep,20260520_gdn_capacity_layout_followup,b64_ga4_fp32_official_gdn,1,123,123,2,6,b64_ga4,float32,float32,2,epoch_end,1.0,0,input_seq_len,256,valid/input_seq_len/accuracy-256,0.999328125
gdn-h2-ev6-usegate0-s123-d123,gdn-h2-ev6-s123-d123-b64-ga4-fp32-noearly4ep,20260520_gdn_capacity_layout_followup,b64_ga4_fp32_official_gdn,1,123,123,2,6,b64_ga4,float32,float32,3,mid_epoch,1.5,1,input_seq_len,256,valid/input_seq_len/accuracy-256,0.99978125
gdn-h2-ev6-usegate0-s123-d123,gdn-h2-ev6-s123-d123-b64-ga4-fp32-noearly4ep,20260520_gdn_capacity_layout_followup,b64_ga4_fp32_official_gdn,1,123,123,2,6,b64_ga4,float32,float32,4,epoch_end,2.0,1,input_seq_len,256,valid/input_seq_len/accuracy-256,0.999921875
gdn-h2-ev6-usegate0-s123-d123,gdn-h2-ev6-s123-d123-b64-ga4-fp32-noearly4ep,20260520_gdn_capacity_layout_followup,b64_ga4_fp32_official_gdn,1,123,123,2,6,b64_ga4,float32,float32,5,mid_epoch,2.5,2,input_seq_len,256,valid/input_seq_len/accuracy-256,0.9999375
gdn-h2-ev6-usegate0-s123-d123,gdn-h2-ev6-s123-d123-b64-ga4-fp32-noearly4ep,20260520_gdn_capacity_layout_followup,b64_ga4_fp32_official_gdn,1,123,123,2,6,b64_ga4,float32,float32,6,epoch_end,3.0,2,input_seq_len,256,valid/input_seq_len/accuracy-256,0.9999375
gdn-h2-ev6-usegate0-s123-d123,gdn-h2-ev6-s123-d123-b64-ga4-fp32-noearly4ep,20260520_gdn_capacity_layout_followup,b64_ga4_fp32_official_gdn,1,123,123,2,6,b64_ga4,float32,float32,7,mid_epoch,3.5,3,input_seq_len,256,valid/input_seq_len/accuracy-256,0.999953125
gdn-h2-ev6-usegate0-s123-d123,gdn-h2-ev6-s123-d123-b64-ga4-fp32-noearly4ep,20260520_gdn_capacity_layout_followup,b64_ga4_fp32_official_gdn,1,123,123,2,6,b64_ga4,float32,float32,8,epoch_end,4.0,3,input_seq_len,256,valid/input_seq_len/accuracy-256,0.999921875
gdn-h2-ev6-usegate0-s123-d123,gdn-h2-ev6-s123-d123-b64-ga4-fp32-noearly4ep,20260520_gdn_capacity_layout_followup,b64_ga4_fp32_official_gdn,1,123,123,2,6,b64_ga4,float32,float32,1,mid_epoch,0.5,0,input_seq_len,512,valid/input_seq_len/accuracy-512,0.807203125
gdn-h2-ev6-usegate0-s123-d123,gdn-h2-ev6-s123-d123-b64-ga4-fp32-noearly4ep,20260520_gdn_capacity_layout_followup,b64_ga4_fp32_official_gdn,1,123,123,2,6,b64_ga4,float32,float32,2,epoch_end,1.0,0,input_seq_len,512,valid/input_seq_len/accuracy-512,0.984640625
gdn-h2-ev6-usegate0-s123-d123,gdn-h2-ev6-s123-d123-b64-ga4-fp32-noearly4ep,20260520_gdn_capacity_layout_followup,b64_ga4_fp32_official_gdn,1,123,123,2,6,b64_ga4,float32,float32,3,mid_epoch,1.5,1,input_seq_len,512,valid/input_seq_len/accuracy-512,0.9913671875
gdn-h2-ev6-usegate0-s123-d123,gdn-h2-ev6-s123-d123-b64-ga4-fp32-noearly4ep,20260520_gdn_capacity_layout_followup,b64_ga4_fp32_official_gdn,1,123,123,2,6,b64_ga4,float32,float32,4,epoch_end,2.0,1,input_seq_len,512,valid/input_seq_len/accuracy-512,0.99521875
gdn-h2-ev6-usegate0-s123-d123,gdn-h2-ev6-s123-d123-b64-ga4-fp32-noearly4ep,20260520_gdn_capacity_layout_followup,b64_ga4_fp32_official_gdn,1,123,123,2,6,b64_ga4,float32,float32,5,mid_epoch,2.5,2,input_seq_len,512,valid/input_seq_len/accuracy-512,0.99583203125
gdn-h2-ev6-usegate0-s123-d123,gdn-h2-ev6-s123-d123-b64-ga4-fp32-noearly4ep,20260520_gdn_capacity_layout_followup,b64_ga4_fp32_official_gdn,1,123,123,2,6,b64_ga4,float32,float32,6,epoch_end,3.0,2,input_seq_len,512,valid/input_seq_len/accuracy-512,0.9966875
gdn-h2-ev6-usegate0-s123-d123,gdn-h2-ev6-s123-d123-b64-ga4-fp32-noearly4ep,20260520_gdn_capacity_layout_followup,b64_ga4_fp32_official_gdn,1,123,123,2,6,b64_ga4,float32,float32,7,mid_epoch,3.5,3,input_seq_len,512,valid/input_seq_len/accuracy-512,0.9968984375
gdn-h2-ev6-usegate0-s123-d123,gdn-h2-ev6-s123-d123-b64-ga4-fp32-noearly4ep,20260520_gdn_capacity_layout_followup,b64_ga4_fp32_official_gdn,1,123,123,2,6,b64_ga4,float32,float32,8,epoch_end,4.0,3,input_seq_len,512,valid/input_seq_len/accuracy-512,0.99719140625
gdn-h2-ev6-usegate0-s123-d123,gdn-h2-ev6-s123-d123-b64-ga4-fp32-noearly4ep,20260520_gdn_capacity_layout_followup,b64_ga4_fp32_official_gdn,1,123,123,2,6,b64_ga4,float32,float32,1,mid_epoch,0.5,0,input_seq_len,64,valid/input_seq_len/accuracy-64,0.9994791666666667
gdn-h2-ev6-usegate0-s123-d123,gdn-h2-ev6-s123-d123-b64-ga4-fp32-noearly4ep,20260520_gdn_capacity_layout_followup,b64_ga4_fp32_official_gdn,1,123,123,2,6,b64_ga4,float32,float32,2,epoch_end,1.0,0,input_seq_len,64,valid/input_seq_len/accuracy-64,1.0
gdn-h2-ev6-usegate0-s123-d123,gdn-h2-ev6-s123-d123-b64-ga4-fp32-noearly4ep,20260520_gdn_capacity_layout_followup,b64_ga4_fp32_official_gdn,1,123,123,2,6,b64_ga4,float32,float32,3,mid_epoch,1.5,1,input_seq_len,64,valid/input_seq_len/accuracy-64,1.0
gdn-h2-ev6-usegate0-s123-d123,gdn-h2-ev6-s123-d123-b64-ga4-fp32-noearly4ep,20260520_gdn_capacity_layout_followup,b64_ga4_fp32_official_gdn,1,123,123,2,6,b64_ga4,float32,float32,4,epoch_end,2.0,1,input_seq_len,64,valid/input_seq_len/accuracy-64,1.0
gdn-h2-ev6-usegate0-s123-d123,gdn-h2-ev6-s123-d123-b64-ga4-fp32-noearly4ep,20260520_gdn_capacity_layout_followup,b64_ga4_fp32_official_gdn,1,123,123,2,6,b64_ga4,float32,float32,5,mid_epoch,2.5,2,input_seq_len,64,valid/input_seq_len/accuracy-64,1.0
gdn-h2-ev6-usegate0-s123-d123,gdn-h2-ev6-s123-d123-b64-ga4-fp32-noearly4ep,20260520_gdn_capacity_layout_followup,b64_ga4_fp32_official_gdn,1,123,123,2,6,b64_ga4,float32,float32,6,epoch_end,3.0,2,input_seq_len,64,valid/input_seq_len/accuracy-64,1.0
gdn-h2-ev6-usegate0-s123-d123,gdn-h2-ev6-s123-d123-b64-ga4-fp32-noearly4ep,20260520_gdn_capacity_layout_followup,b64_ga4_fp32_official_gdn,1,123,123,2,6,b64_ga4,float32,float32,7,mid_epoch,3.5,3,input_seq_len,64,valid/input_seq_len/accuracy-64,1.0
gdn-h2-ev6-usegate0-s123-d123,gdn-h2-ev6-s123-d123-b64-ga4-fp32-noearly4ep,20260520_gdn_capacity_layout_followup,b64_ga4_fp32_official_gdn,1,123,123,2,6,b64_ga4,float32,float32,8,epoch_end,4.0,3,input_seq_len,64,valid/input_seq_len/accuracy-64,1.0
gdn-h2-ev6-usegate0-s123-d123,gdn-h2-ev6-s123-d123-b64-ga4-fp32-noearly4ep,20260520_gdn_capacity_layout_followup,b64_ga4_fp32_official_gdn,1,123,123,2,6,b64_ga4,float32,float32,1,mid_epoch,0.5,0,mqar_case,1024x256,valid/mqar_case/accuracy-1024x256,0.2284453125
gdn-h2-ev6-usegate0-s123-d123,gdn-h2-ev6-s123-d123-b64-ga4-fp32-noearly4ep,20260520_gdn_capacity_layout_followup,b64_ga4_fp32_official_gdn,1,123,123,2,6,b64_ga4,float32,float32,2,epoch_end,1.0,0,mqar_case,1024x256,valid/mqar_case/accuracy-1024x256,0.6548046875
gdn-h2-ev6-usegate0-s123-d123,gdn-h2-ev6-s123-d123-b64-ga4-fp32-noearly4ep,20260520_gdn_capacity_layout_followup,b64_ga4_fp32_official_gdn,1,123,123,2,6,b64_ga4,float32,float32,3,mid_epoch,1.5,1,mqar_case,1024x256,valid/mqar_case/accuracy-1024x256,0.7163359375
gdn-h2-ev6-usegate0-s123-d123,gdn-h2-ev6-s123-d123-b64-ga4-fp32-noearly4ep,20260520_gdn_capacity_layout_followup,b64_ga4_fp32_official_gdn,1,123,123,2,6,b64_ga4,float32,float32,4,epoch_end,2.0,1,mqar_case,1024x256,valid/mqar_case/accuracy-1024x256,0.77315234375
gdn-h2-ev6-usegate0-s123-d123,gdn-h2-ev6-s123-d123-b64-ga4-fp32-noearly4ep,20260520_gdn_capacity_layout_followup,b64_ga4_fp32_official_gdn,1,123,123,2,6,b64_ga4,float32,float32,5,mid_epoch,2.5,2,mqar_case,1024x256,valid/mqar_case/accuracy-1024x256,0.7800546875
gdn-h2-ev6-usegate0-s123-d123,gdn-h2-ev6-s123-d123-b64-ga4-fp32-noearly4ep,20260520_gdn_capacity_layout_followup,b64_ga4_fp32_official_gdn,1,123,123,2,6,b64_ga4,float32,float32,6,epoch_end,3.0,2,mqar_case,1024x256,valid/mqar_case/accuracy-1024x256,0.80257421875
gdn-h2-ev6-usegate0-s123-d123,gdn-h2-ev6-s123-d123-b64-ga4-fp32-noearly4ep,20260520_gdn_capacity_layout_followup,b64_ga4_fp32_official_gdn,1,123,123,2,6,b64_ga4,float32,float32,7,mid_epoch,3.5,3,mqar_case,1024x256,valid/mqar_case/accuracy-1024x256,0.8011875
gdn-h2-ev6-usegate0-s123-d123,gdn-h2-ev6-s123-d123-b64-ga4-fp32-noearly4ep,20260520_gdn_capacity_layout_followup,b64_ga4_fp32_official_gdn,1,123,123,2,6,b64_ga4,float32,float32,8,epoch_end,4.0,3,mqar_case,1024x256,valid/mqar_case/accuracy-1024x256,0.8113671875
gdn-h2-ev6-usegate0-s123-d123,gdn-h2-ev6-s123-d123-b64-ga4-fp32-noearly4ep,20260520_gdn_capacity_layout_followup,b64_ga4_fp32_official_gdn,1,123,123,2,6,b64_ga4,float32,float32,1,mid_epoch,0.5,0,mqar_case,128x32,valid/mqar_case/accuracy-128x32,0.9971875
gdn-h2-ev6-usegate0-s123-d123,gdn-h2-ev6-s123-d123-b64-ga4-fp32-noearly4ep,20260520_gdn_capacity_layout_followup,b64_ga4_fp32_official_gdn,1,123,123,2,6,b64_ga4,float32,float32,2,epoch_end,1.0,0,mqar_case,128x32,valid/mqar_case/accuracy-128x32,1.0
gdn-h2-ev6-usegate0-s123-d123,gdn-h2-ev6-s123-d123-b64-ga4-fp32-noearly4ep,20260520_gdn_capacity_layout_followup,b64_ga4_fp32_official_gdn,1,123,123,2,6,b64_ga4,float32,float32,3,mid_epoch,1.5,1,mqar_case,128x32,valid/mqar_case/accuracy-128x32,1.0
gdn-h2-ev6-usegate0-s123-d123,gdn-h2-ev6-s123-d123-b64-ga4-fp32-noearly4ep,20260520_gdn_capacity_layout_followup,b64_ga4_fp32_official_gdn,1,123,123,2,6,b64_ga4,float32,float32,4,epoch_end,2.0,1,mqar_case,128x32,valid/mqar_case/accuracy-128x32,1.0
gdn-h2-ev6-usegate0-s123-d123,gdn-h2-ev6-s123-d123-b64-ga4-fp32-noearly4ep,20260520_gdn_capacity_layout_followup,b64_ga4_fp32_official_gdn,1,123,123,2,6,b64_ga4,float32,float32,5,mid_epoch,2.5,2,mqar_case,128x32,valid/mqar_case/accuracy-128x32,1.0
gdn-h2-ev6-usegate0-s123-d123,gdn-h2-ev6-s123-d123-b64-ga4-fp32-noearly4ep,20260520_gdn_capacity_layout_followup,b64_ga4_fp32_official_gdn,1,123,123,2,6,b64_ga4,float32,float32,6,epoch_end,3.0,2,mqar_case,128x32,valid/mqar_case/accuracy-128x32,1.0
gdn-h2-ev6-usegate0-s123-d123,gdn-h2-ev6-s123-d123-b64-ga4-fp32-noearly4ep,20260520_gdn_capacity_layout_followup,b64_ga4_fp32_official_gdn,1,123,123,2,6,b64_ga4,float32,float32,7,mid_epoch,3.5,3,mqar_case,128x32,valid/mqar_case/accuracy-128x32,1.0
gdn-h2-ev6-usegate0-s123-d123,gdn-h2-ev6-s123-d123-b64-ga4-fp32-noearly4ep,20260520_gdn_capacity_layout_followup,b64_ga4_fp32_official_gdn,1,123,123,2,6,b64_ga4,float32,float32,8,epoch_end,4.0,3,mqar_case,128x32,valid/mqar_case/accuracy-128x32,1.0
gdn-h2-ev6-usegate0-s123-d123,gdn-h2-ev6-s123-d123-b64-ga4-fp32-noearly4ep,20260520_gdn_capacity_layout_followup,b64_ga4_fp32_official_gdn,1,123,123,2,6,b64_ga4,float32,float32,1,mid_epoch,0.5,0,mqar_case,256x64,valid/mqar_case/accuracy-256x64,0.963546875
gdn-h2-ev6-usegate0-s123-d123,gdn-h2-ev6-s123-d123-b64-ga4-fp32-noearly4ep,20260520_gdn_capacity_layout_followup,b64_ga4_fp32_official_gdn,1,123,123,2,6,b64_ga4,float32,float32,2,epoch_end,1.0,0,mqar_case,256x64,valid/mqar_case/accuracy-256x64,0.999328125
gdn-h2-ev6-usegate0-s123-d123,gdn-h2-ev6-s123-d123-b64-ga4-fp32-noearly4ep,20260520_gdn_capacity_layout_followup,b64_ga4_fp32_official_gdn,1,123,123,2,6,b64_ga4,float32,float32,3,mid_epoch,1.5,1,mqar_case,256x64,valid/mqar_case/accuracy-256x64,0.99978125
gdn-h2-ev6-usegate0-s123-d123,gdn-h2-ev6-s123-d123-b64-ga4-fp32-noearly4ep,20260520_gdn_capacity_layout_followup,b64_ga4_fp32_official_gdn,1,123,123,2,6,b64_ga4,float32,float32,4,epoch_end,2.0,1,mqar_case,256x64,valid/mqar_case/accuracy-256x64,0.999921875
gdn-h2-ev6-usegate0-s123-d123,gdn-h2-ev6-s123-d123-b64-ga4-fp32-noearly4ep,20260520_gdn_capacity_layout_followup,b64_ga4_fp32_official_gdn,1,123,123,2,6,b64_ga4,float32,float32,5,mid_epoch,2.5,2,mqar_case,256x64,valid/mqar_case/accuracy-256x64,0.9999375
gdn-h2-ev6-usegate0-s123-d123,gdn-h2-ev6-s123-d123-b64-ga4-fp32-noearly4ep,20260520_gdn_capacity_layout_followup,b64_ga4_fp32_official_gdn,1,123,123,2,6,b64_ga4,float32,float32,6,epoch_end,3.0,2,mqar_case,256x64,valid/mqar_case/accuracy-256x64,0.9999375
gdn-h2-ev6-usegate0-s123-d123,gdn-h2-ev6-s123-d123-b64-ga4-fp32-noearly4ep,20260520_gdn_capacity_layout_followup,b64_ga4_fp32_official_gdn,1,123,123,2,6,b64_ga4,float32,float32,7,mid_epoch,3.5,3,mqar_case,256x64,valid/mqar_case/accuracy-256x64,0.999953125
gdn-h2-ev6-usegate0-s123-d123,gdn-h2-ev6-s123-d123-b64-ga4-fp32-noearly4ep,20260520_gdn_capacity_layout_followup,b64_ga4_fp32_official_gdn,1,123,123,2,6,b64_ga4,float32,float32,8,epoch_end,4.0,3,mqar_case,256x64,valid/mqar_case/accuracy-256x64,0.999921875
gdn-h2-ev6-usegate0-s123-d123,gdn-h2-ev6-s123-d123-b64-ga4-fp32-noearly4ep,20260520_gdn_capacity_layout_followup,b64_ga4_fp32_official_gdn,1,123,123,2,6,b64_ga4,float32,float32,1,mid_epoch,0.5,0,mqar_case,512x128,valid/mqar_case/accuracy-512x128,0.664640625
gdn-h2-ev6-usegate0-s123-d123,gdn-h2-ev6-s123-d123-b64-ga4-fp32-noearly4ep,20260520_gdn_capacity_layout_followup,b64_ga4_fp32_official_gdn,1,123,123,2,6,b64_ga4,float32,float32,2,epoch_end,1.0,0,mqar_case,512x128,valid/mqar_case/accuracy-512x128,0.970765625
gdn-h2-ev6-usegate0-s123-d123,gdn-h2-ev6-s123-d123-b64-ga4-fp32-noearly4ep,20260520_gdn_capacity_layout_followup,b64_ga4_fp32_official_gdn,1,123,123,2,6,b64_ga4,float32,float32,3,mid_epoch,1.5,1,mqar_case,512x128,valid/mqar_case/accuracy-512x128,0.98353125
gdn-h2-ev6-usegate0-s123-d123,gdn-h2-ev6-s123-d123-b64-ga4-fp32-noearly4ep,20260520_gdn_capacity_layout_followup,b64_ga4_fp32_official_gdn,1,123,123,2,6,b64_ga4,float32,float32,4,epoch_end,2.0,1,mqar_case,512x128,valid/mqar_case/accuracy-512x128,0.991
gdn-h2-ev6-usegate0-s123-d123,gdn-h2-ev6-s123-d123-b64-ga4-fp32-noearly4ep,20260520_gdn_capacity_layout_followup,b64_ga4_fp32_official_gdn,1,123,123,2,6,b64_ga4,float32,float32,5,mid_epoch,2.5,2,mqar_case,512x128,valid/mqar_case/accuracy-512x128,0.9921640625
gdn-h2-ev6-usegate0-s123-d123,gdn-h2-ev6-s123-d123-b64-ga4-fp32-noearly4ep,20260520_gdn_capacity_layout_followup,b64_ga4_fp32_official_gdn,1,123,123,2,6,b64_ga4,float32,float32,6,epoch_end,3.0,2,mqar_case,512x128,valid/mqar_case/accuracy-512x128,0.993765625
gdn-h2-ev6-usegate0-s123-d123,gdn-h2-ev6-s123-d123-b64-ga4-fp32-noearly4ep,20260520_gdn_capacity_layout_followup,b64_ga4_fp32_official_gdn,1,123,123,2,6,b64_ga4,float32,float32,7,mid_epoch,3.5,3,mqar_case,512x128,valid/mqar_case/accuracy-512x128,0.9941875
gdn-h2-ev6-usegate0-s123-d123,gdn-h2-ev6-s123-d123-b64-ga4-fp32-noearly4ep,20260520_gdn_capacity_layout_followup,b64_ga4_fp32_official_gdn,1,123,123,2,6,b64_ga4,float32,float32,8,epoch_end,4.0,3,mqar_case,512x128,valid/mqar_case/accuracy-512x128,0.9947890625
gdn-h2-ev6-usegate0-s123-d123,gdn-h2-ev6-s123-d123-b64-ga4-fp32-noearly4ep,20260520_gdn_capacity_layout_followup,b64_ga4_fp32_official_gdn,1,123,123,2,6,b64_ga4,float32,float32,1,mid_epoch,0.5,0,mqar_case,512x64,valid/mqar_case/accuracy-512x64,0.949765625
gdn-h2-ev6-usegate0-s123-d123,gdn-h2-ev6-s123-d123-b64-ga4-fp32-noearly4ep,20260520_gdn_capacity_layout_followup,b64_ga4_fp32_official_gdn,1,123,123,2,6,b64_ga4,float32,float32,2,epoch_end,1.0,0,mqar_case,512x64,valid/mqar_case/accuracy-512x64,0.998515625
gdn-h2-ev6-usegate0-s123-d123,gdn-h2-ev6-s123-d123-b64-ga4-fp32-noearly4ep,20260520_gdn_capacity_layout_followup,b64_ga4_fp32_official_gdn,1,123,123,2,6,b64_ga4,float32,float32,3,mid_epoch,1.5,1,mqar_case,512x64,valid/mqar_case/accuracy-512x64,0.999203125
gdn-h2-ev6-usegate0-s123-d123,gdn-h2-ev6-s123-d123-b64-ga4-fp32-noearly4ep,20260520_gdn_capacity_layout_followup,b64_ga4_fp32_official_gdn,1,123,123,2,6,b64_ga4,float32,float32,4,epoch_end,2.0,1,mqar_case,512x64,valid/mqar_case/accuracy-512x64,0.9994375
gdn-h2-ev6-usegate0-s123-d123,gdn-h2-ev6-s123-d123-b64-ga4-fp32-noearly4ep,20260520_gdn_capacity_layout_followup,b64_ga4_fp32_official_gdn,1,123,123,2,6,b64_ga4,float32,float32,5,mid_epoch,2.5,2,mqar_case,512x64,valid/mqar_case/accuracy-512x64,0.9995
gdn-h2-ev6-usegate0-s123-d123,gdn-h2-ev6-s123-d123-b64-ga4-fp32-noearly4ep,20260520_gdn_capacity_layout_followup,b64_ga4_fp32_official_gdn,1,123,123,2,6,b64_ga4,float32,float32,6,epoch_end,3.0,2,mqar_case,512x64,valid/mqar_case/accuracy-512x64,0.999609375
gdn-h2-ev6-usegate0-s123-d123,gdn-h2-ev6-s123-d123-b64-ga4-fp32-noearly4ep,20260520_gdn_capacity_layout_followup,b64_ga4_fp32_official_gdn,1,123,123,2,6,b64_ga4,float32,float32,7,mid_epoch,3.5,3,mqar_case,512x64,valid/mqar_case/accuracy-512x64,0.999609375
gdn-h2-ev6-usegate0-s123-d123,gdn-h2-ev6-s123-d123-b64-ga4-fp32-noearly4ep,20260520_gdn_capacity_layout_followup,b64_ga4_fp32_official_gdn,1,123,123,2,6,b64_ga4,float32,float32,8,epoch_end,4.0,3,mqar_case,512x64,valid/mqar_case/accuracy-512x64,0.99959375
gdn-h2-ev6-usegate0-s123-d123,gdn-h2-ev6-s123-d123-b64-ga4-fp32-noearly4ep,20260520_gdn_capacity_layout_followup,b64_ga4_fp32_official_gdn,1,123,123,2,6,b64_ga4,float32,float32,1,mid_epoch,0.5,0,mqar_case,64x16,valid/mqar_case/accuracy-64x16,0.9994375
gdn-h2-ev6-usegate0-s123-d123,gdn-h2-ev6-s123-d123-b64-ga4-fp32-noearly4ep,20260520_gdn_capacity_layout_followup,b64_ga4_fp32_official_gdn,1,123,123,2,6,b64_ga4,float32,float32,2,epoch_end,1.0,0,mqar_case,64x16,valid/mqar_case/accuracy-64x16,1.0
gdn-h2-ev6-usegate0-s123-d123,gdn-h2-ev6-s123-d123-b64-ga4-fp32-noearly4ep,20260520_gdn_capacity_layout_followup,b64_ga4_fp32_official_gdn,1,123,123,2,6,b64_ga4,float32,float32,3,mid_epoch,1.5,1,mqar_case,64x16,valid/mqar_case/accuracy-64x16,1.0
gdn-h2-ev6-usegate0-s123-d123,gdn-h2-ev6-s123-d123-b64-ga4-fp32-noearly4ep,20260520_gdn_capacity_layout_followup,b64_ga4_fp32_official_gdn,1,123,123,2,6,b64_ga4,float32,float32,4,epoch_end,2.0,1,mqar_case,64x16,valid/mqar_case/accuracy-64x16,1.0
gdn-h2-ev6-usegate0-s123-d123,gdn-h2-ev6-s123-d123-b64-ga4-fp32-noearly4ep,20260520_gdn_capacity_layout_followup,b64_ga4_fp32_official_gdn,1,123,123,2,6,b64_ga4,float32,float32,5,mid_epoch,2.5,2,mqar_case,64x16,valid/mqar_case/accuracy-64x16,1.0
gdn-h2-ev6-usegate0-s123-d123,gdn-h2-ev6-s123-d123-b64-ga4-fp32-noearly4ep,20260520_gdn_capacity_layout_followup,b64_ga4_fp32_official_gdn,1,123,123,2,6,b64_ga4,float32,float32,6,epoch_end,3.0,2,mqar_case,64x16,valid/mqar_case/accuracy-64x16,1.0
gdn-h2-ev6-usegate0-s123-d123,gdn-h2-ev6-s123-d123-b64-ga4-fp32-noearly4ep,20260520_gdn_capacity_layout_followup,b64_ga4_fp32_official_gdn,1,123,123,2,6,b64_ga4,float32,float32,7,mid_epoch,3.5,3,mqar_case,64x16,valid/mqar_case/accuracy-64x16,1.0
gdn-h2-ev6-usegate0-s123-d123,gdn-h2-ev6-s123-d123-b64-ga4-fp32-noearly4ep,20260520_gdn_capacity_layout_followup,b64_ga4_fp32_official_gdn,1,123,123,2,6,b64_ga4,float32,float32,8,epoch_end,4.0,3,mqar_case,64x16,valid/mqar_case/accuracy-64x16,1.0
gdn-h2-ev6-usegate0-s123-d123,gdn-h2-ev6-s123-d123-b64-ga4-fp32-noearly4ep,20260520_gdn_capacity_layout_followup,b64_ga4_fp32_official_gdn,1,123,123,2,6,b64_ga4,float32,float32,1,mid_epoch,0.5,0,mqar_case,64x4,valid/mqar_case/accuracy-64x4,0.99925
gdn-h2-ev6-usegate0-s123-d123,gdn-h2-ev6-s123-d123-b64-ga4-fp32-noearly4ep,20260520_gdn_capacity_layout_followup,b64_ga4_fp32_official_gdn,1,123,123,2,6,b64_ga4,float32,float32,2,epoch_end,1.0,0,mqar_case,64x4,valid/mqar_case/accuracy-64x4,1.0
gdn-h2-ev6-usegate0-s123-d123,gdn-h2-ev6-s123-d123-b64-ga4-fp32-noearly4ep,20260520_gdn_capacity_layout_followup,b64_ga4_fp32_official_gdn,1,123,123,2,6,b64_ga4,float32,float32,3,mid_epoch,1.5,1,mqar_case,64x4,valid/mqar_case/accuracy-64x4,1.0
gdn-h2-ev6-usegate0-s123-d123,gdn-h2-ev6-s123-d123-b64-ga4-fp32-noearly4ep,20260520_gdn_capacity_layout_followup,b64_ga4_fp32_official_gdn,1,123,123,2,6,b64_ga4,float32,float32,4,epoch_end,2.0,1,mqar_case,64x4,valid/mqar_case/accuracy-64x4,1.0
gdn-h2-ev6-usegate0-s123-d123,gdn-h2-ev6-s123-d123-b64-ga4-fp32-noearly4ep,20260520_gdn_capacity_layout_followup,b64_ga4_fp32_official_gdn,1,123,123,2,6,b64_ga4,float32,float32,5,mid_epoch,2.5,2,mqar_case,64x4,valid/mqar_case/accuracy-64x4,1.0
gdn-h2-ev6-usegate0-s123-d123,gdn-h2-ev6-s123-d123-b64-ga4-fp32-noearly4ep,20260520_gdn_capacity_layout_followup,b64_ga4_fp32_official_gdn,1,123,123,2,6,b64_ga4,float32,float32,6,epoch_end,3.0,2,mqar_case,64x4,valid/mqar_case/accuracy-64x4,1.0
gdn-h2-ev6-usegate0-s123-d123,gdn-h2-ev6-s123-d123-b64-ga4-fp32-noearly4ep,20260520_gdn_capacity_layout_followup,b64_ga4_fp32_official_gdn,1,123,123,2,6,b64_ga4,float32,float32,7,mid_epoch,3.5,3,mqar_case,64x4,valid/mqar_case/accuracy-64x4,1.0
gdn-h2-ev6-usegate0-s123-d123,gdn-h2-ev6-s123-d123-b64-ga4-fp32-noearly4ep,20260520_gdn_capacity_layout_followup,b64_ga4_fp32_official_gdn,1,123,123,2,6,b64_ga4,float32,float32,8,epoch_end,4.0,3,mqar_case,64x4,valid/mqar_case/accuracy-64x4,1.0
gdn-h2-ev6-usegate0-s123-d123,gdn-h2-ev6-s123-d123-b64-ga4-fp32-noearly4ep,20260520_gdn_capacity_layout_followup,b64_ga4_fp32_official_gdn,1,123,123,2,6,b64_ga4,float32,float32,1,mid_epoch,0.5,0,mqar_case,64x8,valid/mqar_case/accuracy-64x8,0.99975
gdn-h2-ev6-usegate0-s123-d123,gdn-h2-ev6-s123-d123-b64-ga4-fp32-noearly4ep,20260520_gdn_capacity_layout_followup,b64_ga4_fp32_official_gdn,1,123,123,2,6,b64_ga4,float32,float32,2,epoch_end,1.0,0,mqar_case,64x8,valid/mqar_case/accuracy-64x8,1.0
gdn-h2-ev6-usegate0-s123-d123,gdn-h2-ev6-s123-d123-b64-ga4-fp32-noearly4ep,20260520_gdn_capacity_layout_followup,b64_ga4_fp32_official_gdn,1,123,123,2,6,b64_ga4,float32,float32,3,mid_epoch,1.5,1,mqar_case,64x8,valid/mqar_case/accuracy-64x8,1.0
gdn-h2-ev6-usegate0-s123-d123,gdn-h2-ev6-s123-d123-b64-ga4-fp32-noearly4ep,20260520_gdn_capacity_layout_followup,b64_ga4_fp32_official_gdn,1,123,123,2,6,b64_ga4,float32,float32,4,epoch_end,2.0,1,mqar_case,64x8,valid/mqar_case/accuracy-64x8,1.0
gdn-h2-ev6-usegate0-s123-d123,gdn-h2-ev6-s123-d123-b64-ga4-fp32-noearly4ep,20260520_gdn_capacity_layout_followup,b64_ga4_fp32_official_gdn,1,123,123,2,6,b64_ga4,float32,float32,5,mid_epoch,2.5,2,mqar_case,64x8,valid/mqar_case/accuracy-64x8,1.0
gdn-h2-ev6-usegate0-s123-d123,gdn-h2-ev6-s123-d123-b64-ga4-fp32-noearly4ep,20260520_gdn_capacity_layout_followup,b64_ga4_fp32_official_gdn,1,123,123,2,6,b64_ga4,float32,float32,6,epoch_end,3.0,2,mqar_case,64x8,valid/mqar_case/accuracy-64x8,1.0
gdn-h2-ev6-usegate0-s123-d123,gdn-h2-ev6-s123-d123-b64-ga4-fp32-noearly4ep,20260520_gdn_capacity_layout_followup,b64_ga4_fp32_official_gdn,1,123,123,2,6,b64_ga4,float32,float32,7,mid_epoch,3.5,3,mqar_case,64x8,valid/mqar_case/accuracy-64x8,1.0
gdn-h2-ev6-usegate0-s123-d123,gdn-h2-ev6-s123-d123-b64-ga4-fp32-noearly4ep,20260520_gdn_capacity_layout_followup,b64_ga4_fp32_official_gdn,1,123,123,2,6,b64_ga4,float32,float32,8,epoch_end,4.0,3,mqar_case,64x8,valid/mqar_case/accuracy-64x8,1.0
gdn-h2-ev6-usegate0-s123-d123,gdn-h2-ev6-s123-d123-b64-ga4-fp32-noearly4ep,20260520_gdn_capacity_layout_followup,b64_ga4_fp32_official_gdn,1,123,123,2,6,b64_ga4,float32,float32,1,mid_epoch,0.5,0,num_kv_pairs,128,valid/num_kv_pairs/accuracy-128,0.664640625
gdn-h2-ev6-usegate0-s123-d123,gdn-h2-ev6-s123-d123-b64-ga4-fp32-noearly4ep,20260520_gdn_capacity_layout_followup,b64_ga4_fp32_official_gdn,1,123,123,2,6,b64_ga4,float32,float32,2,epoch_end,1.0,0,num_kv_pairs,128,valid/num_kv_pairs/accuracy-128,0.970765625
gdn-h2-ev6-usegate0-s123-d123,gdn-h2-ev6-s123-d123-b64-ga4-fp32-noearly4ep,20260520_gdn_capacity_layout_followup,b64_ga4_fp32_official_gdn,1,123,123,2,6,b64_ga4,float32,float32,3,mid_epoch,1.5,1,num_kv_pairs,128,valid/num_kv_pairs/accuracy-128,0.98353125
gdn-h2-ev6-usegate0-s123-d123,gdn-h2-ev6-s123-d123-b64-ga4-fp32-noearly4ep,20260520_gdn_capacity_layout_followup,b64_ga4_fp32_official_gdn,1,123,123,2,6,b64_ga4,float32,float32,4,epoch_end,2.0,1,num_kv_pairs,128,valid/num_kv_pairs/accuracy-128,0.991
gdn-h2-ev6-usegate0-s123-d123,gdn-h2-ev6-s123-d123-b64-ga4-fp32-noearly4ep,20260520_gdn_capacity_layout_followup,b64_ga4_fp32_official_gdn,1,123,123,2,6,b64_ga4,float32,float32,5,mid_epoch,2.5,2,num_kv_pairs,128,valid/num_kv_pairs/accuracy-128,0.9921640625
gdn-h2-ev6-usegate0-s123-d123,gdn-h2-ev6-s123-d123-b64-ga4-fp32-noearly4ep,20260520_gdn_capacity_layout_followup,b64_ga4_fp32_official_gdn,1,123,123,2,6,b64_ga4,float32,float32,6,epoch_end,3.0,2,num_kv_pairs,128,valid/num_kv_pairs/accuracy-128,0.993765625
gdn-h2-ev6-usegate0-s123-d123,gdn-h2-ev6-s123-d123-b64-ga4-fp32-noearly4ep,20260520_gdn_capacity_layout_followup,b64_ga4_fp32_official_gdn,1,123,123,2,6,b64_ga4,float32,float32,7,mid_epoch,3.5,3,num_kv_pairs,128,valid/num_kv_pairs/accuracy-128,0.9941875
gdn-h2-ev6-usegate0-s123-d123,gdn-h2-ev6-s123-d123-b64-ga4-fp32-noearly4ep,20260520_gdn_capacity_layout_followup,b64_ga4_fp32_official_gdn,1,123,123,2,6,b64_ga4,float32,float32,8,epoch_end,4.0,3,num_kv_pairs,128,valid/num_kv_pairs/accuracy-128,0.9947890625
gdn-h2-ev6-usegate0-s123-d123,gdn-h2-ev6-s123-d123-b64-ga4-fp32-noearly4ep,20260520_gdn_capacity_layout_followup,b64_ga4_fp32_official_gdn,1,123,123,2,6,b64_ga4,float32,float32,1,mid_epoch,0.5,0,num_kv_pairs,16,valid/num_kv_pairs/accuracy-16,0.9994375
gdn-h2-ev6-usegate0-s123-d123,gdn-h2-ev6-s123-d123-b64-ga4-fp32-noearly4ep,20260520_gdn_capacity_layout_followup,b64_ga4_fp32_official_gdn,1,123,123,2,6,b64_ga4,float32,float32,2,epoch_end,1.0,0,num_kv_pairs,16,valid/num_kv_pairs/accuracy-16,1.0
gdn-h2-ev6-usegate0-s123-d123,gdn-h2-ev6-s123-d123-b64-ga4-fp32-noearly4ep,20260520_gdn_capacity_layout_followup,b64_ga4_fp32_official_gdn,1,123,123,2,6,b64_ga4,float32,float32,3,mid_epoch,1.5,1,num_kv_pairs,16,valid/num_kv_pairs/accuracy-16,1.0
gdn-h2-ev6-usegate0-s123-d123,gdn-h2-ev6-s123-d123-b64-ga4-fp32-noearly4ep,20260520_gdn_capacity_layout_followup,b64_ga4_fp32_official_gdn,1,123,123,2,6,b64_ga4,float32,float32,4,epoch_end,2.0,1,num_kv_pairs,16,valid/num_kv_pairs/accuracy-16,1.0
gdn-h2-ev6-usegate0-s123-d123,gdn-h2-ev6-s123-d123-b64-ga4-fp32-noearly4ep,20260520_gdn_capacity_layout_followup,b64_ga4_fp32_official_gdn,1,123,123,2,6,b64_ga4,float32,float32,5,mid_epoch,2.5,2,num_kv_pairs,16,valid/num_kv_pairs/accuracy-16,1.0
gdn-h2-ev6-usegate0-s123-d123,gdn-h2-ev6-s123-d123-b64-ga4-fp32-noearly4ep,20260520_gdn_capacity_layout_followup,b64_ga4_fp32_official_gdn,1,123,123,2,6,b64_ga4,float32,float32,6,epoch_end,3.0,2,num_kv_pairs,16,valid/num_kv_pairs/accuracy-16,1.0
gdn-h2-ev6-usegate0-s123-d123,gdn-h2-ev6-s123-d123-b64-ga4-fp32-noearly4ep,20260520_gdn_capacity_layout_followup,b64_ga4_fp32_official_gdn,1,123,123,2,6,b64_ga4,float32,float32,7,mid_epoch,3.5,3,num_kv_pairs,16,valid/num_kv_pairs/accuracy-16,1.0
gdn-h2-ev6-usegate0-s123-d123,gdn-h2-ev6-s123-d123-b64-ga4-fp32-noearly4ep,20260520_gdn_capacity_layout_followup,b64_ga4_fp32_official_gdn,1,123,123,2,6,b64_ga4,float32,float32,8,epoch_end,4.0,3,num_kv_pairs,16,valid/num_kv_pairs/accuracy-16,1.0
gdn-h2-ev6-usegate0-s123-d123,gdn-h2-ev6-s123-d123-b64-ga4-fp32-noearly4ep,20260520_gdn_capacity_layout_followup,b64_ga4_fp32_official_gdn,1,123,123,2,6,b64_ga4,float32,float32,1,mid_epoch,0.5,0,num_kv_pairs,256,valid/num_kv_pairs/accuracy-256,0.2284453125
gdn-h2-ev6-usegate0-s123-d123,gdn-h2-ev6-s123-d123-b64-ga4-fp32-noearly4ep,20260520_gdn_capacity_layout_followup,b64_ga4_fp32_official_gdn,1,123,123,2,6,b64_ga4,float32,float32,2,epoch_end,1.0,0,num_kv_pairs,256,valid/num_kv_pairs/accuracy-256,0.6548046875
gdn-h2-ev6-usegate0-s123-d123,gdn-h2-ev6-s123-d123-b64-ga4-fp32-noearly4ep,20260520_gdn_capacity_layout_followup,b64_ga4_fp32_official_gdn,1,123,123,2,6,b64_ga4,float32,float32,3,mid_epoch,1.5,1,num_kv_pairs,256,valid/num_kv_pairs/accuracy-256,0.7163359375
gdn-h2-ev6-usegate0-s123-d123,gdn-h2-ev6-s123-d123-b64-ga4-fp32-noearly4ep,20260520_gdn_capacity_layout_followup,b64_ga4_fp32_official_gdn,1,123,123,2,6,b64_ga4,float32,float32,4,epoch_end,2.0,1,num_kv_pairs,256,valid/num_kv_pairs/accuracy-256,0.77315234375
gdn-h2-ev6-usegate0-s123-d123,gdn-h2-ev6-s123-d123-b64-ga4-fp32-noearly4ep,20260520_gdn_capacity_layout_followup,b64_ga4_fp32_official_gdn,1,123,123,2,6,b64_ga4,float32,float32,5,mid_epoch,2.5,2,num_kv_pairs,256,valid/num_kv_pairs/accuracy-256,0.7800546875
gdn-h2-ev6-usegate0-s123-d123,gdn-h2-ev6-s123-d123-b64-ga4-fp32-noearly4ep,20260520_gdn_capacity_layout_followup,b64_ga4_fp32_official_gdn,1,123,123,2,6,b64_ga4,float32,float32,6,epoch_end,3.0,2,num_kv_pairs,256,valid/num_kv_pairs/accuracy-256,0.80257421875
gdn-h2-ev6-usegate0-s123-d123,gdn-h2-ev6-s123-d123-b64-ga4-fp32-noearly4ep,20260520_gdn_capacity_layout_followup,b64_ga4_fp32_official_gdn,1,123,123,2,6,b64_ga4,float32,float32,7,mid_epoch,3.5,3,num_kv_pairs,256,valid/num_kv_pairs/accuracy-256,0.8011875
gdn-h2-ev6-usegate0-s123-d123,gdn-h2-ev6-s123-d123-b64-ga4-fp32-noearly4ep,20260520_gdn_capacity_layout_followup,b64_ga4_fp32_official_gdn,1,123,123,2,6,b64_ga4,float32,float32,8,epoch_end,4.0,3,num_kv_pairs,256,valid/num_kv_pairs/accuracy-256,0.8113671875
gdn-h2-ev6-usegate0-s123-d123,gdn-h2-ev6-s123-d123-b64-ga4-fp32-noearly4ep,20260520_gdn_capacity_layout_followup,b64_ga4_fp32_official_gdn,1,123,123,2,6,b64_ga4,float32,float32,1,mid_epoch,0.5,0,num_kv_pairs,32,valid/num_kv_pairs/accuracy-32,0.9971875
gdn-h2-ev6-usegate0-s123-d123,gdn-h2-ev6-s123-d123-b64-ga4-fp32-noearly4ep,20260520_gdn_capacity_layout_followup,b64_ga4_fp32_official_gdn,1,123,123,2,6,b64_ga4,float32,float32,2,epoch_end,1.0,0,num_kv_pairs,32,valid/num_kv_pairs/accuracy-32,1.0
gdn-h2-ev6-usegate0-s123-d123,gdn-h2-ev6-s123-d123-b64-ga4-fp32-noearly4ep,20260520_gdn_capacity_layout_followup,b64_ga4_fp32_official_gdn,1,123,123,2,6,b64_ga4,float32,float32,3,mid_epoch,1.5,1,num_kv_pairs,32,valid/num_kv_pairs/accuracy-32,1.0
gdn-h2-ev6-usegate0-s123-d123,gdn-h2-ev6-s123-d123-b64-ga4-fp32-noearly4ep,20260520_gdn_capacity_layout_followup,b64_ga4_fp32_official_gdn,1,123,123,2,6,b64_ga4,float32,float32,4,epoch_end,2.0,1,num_kv_pairs,32,valid/num_kv_pairs/accuracy-32,1.0
gdn-h2-ev6-usegate0-s123-d123,gdn-h2-ev6-s123-d123-b64-ga4-fp32-noearly4ep,20260520_gdn_capacity_layout_followup,b64_ga4_fp32_official_gdn,1,123,123,2,6,b64_ga4,float32,float32,5,mid_epoch,2.5,2,num_kv_pairs,32,valid/num_kv_pairs/accuracy-32,1.0
gdn-h2-ev6-usegate0-s123-d123,gdn-h2-ev6-s123-d123-b64-ga4-fp32-noearly4ep,20260520_gdn_capacity_layout_followup,b64_ga4_fp32_official_gdn,1,123,123,2,6,b64_ga4,float32,float32,6,epoch_end,3.0,2,num_kv_pairs,32,valid/num_kv_pairs/accuracy-32,1.0
gdn-h2-ev6-usegate0-s123-d123,gdn-h2-ev6-s123-d123-b64-ga4-fp32-noearly4ep,20260520_gdn_capacity_layout_followup,b64_ga4_fp32_official_gdn,1,123,123,2,6,b64_ga4,float32,float32,7,mid_epoch,3.5,3,num_kv_pairs,32,valid/num_kv_pairs/accuracy-32,1.0
gdn-h2-ev6-usegate0-s123-d123,gdn-h2-ev6-s123-d123-b64-ga4-fp32-noearly4ep,20260520_gdn_capacity_layout_followup,b64_ga4_fp32_official_gdn,1,123,123,2,6,b64_ga4,float32,float32,8,epoch_end,4.0,3,num_kv_pairs,32,valid/num_kv_pairs/accuracy-32,1.0
gdn-h2-ev6-usegate0-s123-d123,gdn-h2-ev6-s123-d123-b64-ga4-fp32-noearly4ep,20260520_gdn_capacity_layout_followup,b64_ga4_fp32_official_gdn,1,123,123,2,6,b64_ga4,float32,float32,1,mid_epoch,0.5,0,num_kv_pairs,4,valid/num_kv_pairs/accuracy-4,0.99925
gdn-h2-ev6-usegate0-s123-d123,gdn-h2-ev6-s123-d123-b64-ga4-fp32-noearly4ep,20260520_gdn_capacity_layout_followup,b64_ga4_fp32_official_gdn,1,123,123,2,6,b64_ga4,float32,float32,2,epoch_end,1.0,0,num_kv_pairs,4,valid/num_kv_pairs/accuracy-4,1.0
gdn-h2-ev6-usegate0-s123-d123,gdn-h2-ev6-s123-d123-b64-ga4-fp32-noearly4ep,20260520_gdn_capacity_layout_followup,b64_ga4_fp32_official_gdn,1,123,123,2,6,b64_ga4,float32,float32,3,mid_epoch,1.5,1,num_kv_pairs,4,valid/num_kv_pairs/accuracy-4,1.0
gdn-h2-ev6-usegate0-s123-d123,gdn-h2-ev6-s123-d123-b64-ga4-fp32-noearly4ep,20260520_gdn_capacity_layout_followup,b64_ga4_fp32_official_gdn,1,123,123,2,6,b64_ga4,float32,float32,4,epoch_end,2.0,1,num_kv_pairs,4,valid/num_kv_pairs/accuracy-4,1.0
gdn-h2-ev6-usegate0-s123-d123,gdn-h2-ev6-s123-d123-b64-ga4-fp32-noearly4ep,20260520_gdn_capacity_layout_followup,b64_ga4_fp32_official_gdn,1,123,123,2,6,b64_ga4,float32,float32,5,mid_epoch,2.5,2,num_kv_pairs,4,valid/num_kv_pairs/accuracy-4,1.0
gdn-h2-ev6-usegate0-s123-d123,gdn-h2-ev6-s123-d123-b64-ga4-fp32-noearly4ep,20260520_gdn_capacity_layout_followup,b64_ga4_fp32_official_gdn,1,123,123,2,6,b64_ga4,float32,float32,6,epoch_end,3.0,2,num_kv_pairs,4,valid/num_kv_pairs/accuracy-4,1.0
gdn-h2-ev6-usegate0-s123-d123,gdn-h2-ev6-s123-d123-b64-ga4-fp32-noearly4ep,20260520_gdn_capacity_layout_followup,b64_ga4_fp32_official_gdn,1,123,123,2,6,b64_ga4,float32,float32,7,mid_epoch,3.5,3,num_kv_pairs,4,valid/num_kv_pairs/accuracy-4,1.0
gdn-h2-ev6-usegate0-s123-d123,gdn-h2-ev6-s123-d123-b64-ga4-fp32-noearly4ep,20260520_gdn_capacity_layout_followup,b64_ga4_fp32_official_gdn,1,123,123,2,6,b64_ga4,float32,float32,8,epoch_end,4.0,3,num_kv_pairs,4,valid/num_kv_pairs/accuracy-4,1.0
gdn-h2-ev6-usegate0-s123-d123,gdn-h2-ev6-s123-d123-b64-ga4-fp32-noearly4ep,20260520_gdn_capacity_layout_followup,b64_ga4_fp32_official_gdn,1,123,123,2,6,b64_ga4,float32,float32,1,mid_epoch,0.5,0,num_kv_pairs,64,valid/num_kv_pairs/accuracy-64,0.95665625
gdn-h2-ev6-usegate0-s123-d123,gdn-h2-ev6-s123-d123-b64-ga4-fp32-noearly4ep,20260520_gdn_capacity_layout_followup,b64_ga4_fp32_official_gdn,1,123,123,2,6,b64_ga4,float32,float32,2,epoch_end,1.0,0,num_kv_pairs,64,valid/num_kv_pairs/accuracy-64,0.998921875
gdn-h2-ev6-usegate0-s123-d123,gdn-h2-ev6-s123-d123-b64-ga4-fp32-noearly4ep,20260520_gdn_capacity_layout_followup,b64_ga4_fp32_official_gdn,1,123,123,2,6,b64_ga4,float32,float32,3,mid_epoch,1.5,1,num_kv_pairs,64,valid/num_kv_pairs/accuracy-64,0.9994921875
gdn-h2-ev6-usegate0-s123-d123,gdn-h2-ev6-s123-d123-b64-ga4-fp32-noearly4ep,20260520_gdn_capacity_layout_followup,b64_ga4_fp32_official_gdn,1,123,123,2,6,b64_ga4,float32,float32,4,epoch_end,2.0,1,num_kv_pairs,64,valid/num_kv_pairs/accuracy-64,0.9996796875
gdn-h2-ev6-usegate0-s123-d123,gdn-h2-ev6-s123-d123-b64-ga4-fp32-noearly4ep,20260520_gdn_capacity_layout_followup,b64_ga4_fp32_official_gdn,1,123,123,2,6,b64_ga4,float32,float32,5,mid_epoch,2.5,2,num_kv_pairs,64,valid/num_kv_pairs/accuracy-64,0.99971875
gdn-h2-ev6-usegate0-s123-d123,gdn-h2-ev6-s123-d123-b64-ga4-fp32-noearly4ep,20260520_gdn_capacity_layout_followup,b64_ga4_fp32_official_gdn,1,123,123,2,6,b64_ga4,float32,float32,6,epoch_end,3.0,2,num_kv_pairs,64,valid/num_kv_pairs/accuracy-64,0.9997734375
gdn-h2-ev6-usegate0-s123-d123,gdn-h2-ev6-s123-d123-b64-ga4-fp32-noearly4ep,20260520_gdn_capacity_layout_followup,b64_ga4_fp32_official_gdn,1,123,123,2,6,b64_ga4,float32,float32,7,mid_epoch,3.5,3,num_kv_pairs,64,valid/num_kv_pairs/accuracy-64,0.99978125
gdn-h2-ev6-usegate0-s123-d123,gdn-h2-ev6-s123-d123-b64-ga4-fp32-noearly4ep,20260520_gdn_capacity_layout_followup,b64_ga4_fp32_official_gdn,1,123,123,2,6,b64_ga4,float32,float32,8,epoch_end,4.0,3,num_kv_pairs,64,valid/num_kv_pairs/accuracy-64,0.9997578125
gdn-h2-ev6-usegate0-s123-d123,gdn-h2-ev6-s123-d123-b64-ga4-fp32-noearly4ep,20260520_gdn_capacity_layout_followup,b64_ga4_fp32_official_gdn,1,123,123,2,6,b64_ga4,float32,float32,1,mid_epoch,0.5,0,num_kv_pairs,8,valid/num_kv_pairs/accuracy-8,0.99975
gdn-h2-ev6-usegate0-s123-d123,gdn-h2-ev6-s123-d123-b64-ga4-fp32-noearly4ep,20260520_gdn_capacity_layout_followup,b64_ga4_fp32_official_gdn,1,123,123,2,6,b64_ga4,float32,float32,2,epoch_end,1.0,0,num_kv_pairs,8,valid/num_kv_pairs/accuracy-8,1.0
gdn-h2-ev6-usegate0-s123-d123,gdn-h2-ev6-s123-d123-b64-ga4-fp32-noearly4ep,20260520_gdn_capacity_layout_followup,b64_ga4_fp32_official_gdn,1,123,123,2,6,b64_ga4,float32,float32,3,mid_epoch,1.5,1,num_kv_pairs,8,valid/num_kv_pairs/accuracy-8,1.0
gdn-h2-ev6-usegate0-s123-d123,gdn-h2-ev6-s123-d123-b64-ga4-fp32-noearly4ep,20260520_gdn_capacity_layout_followup,b64_ga4_fp32_official_gdn,1,123,123,2,6,b64_ga4,float32,float32,4,epoch_end,2.0,1,num_kv_pairs,8,valid/num_kv_pairs/accuracy-8,1.0
gdn-h2-ev6-usegate0-s123-d123,gdn-h2-ev6-s123-d123-b64-ga4-fp32-noearly4ep,20260520_gdn_capacity_layout_followup,b64_ga4_fp32_official_gdn,1,123,123,2,6,b64_ga4,float32,float32,5,mid_epoch,2.5,2,num_kv_pairs,8,valid/num_kv_pairs/accuracy-8,1.0
gdn-h2-ev6-usegate0-s123-d123,gdn-h2-ev6-s123-d123-b64-ga4-fp32-noearly4ep,20260520_gdn_capacity_layout_followup,b64_ga4_fp32_official_gdn,1,123,123,2,6,b64_ga4,float32,float32,6,epoch_end,3.0,2,num_kv_pairs,8,valid/num_kv_pairs/accuracy-8,1.0
gdn-h2-ev6-usegate0-s123-d123,gdn-h2-ev6-s123-d123-b64-ga4-fp32-noearly4ep,20260520_gdn_capacity_layout_followup,b64_ga4_fp32_official_gdn,1,123,123,2,6,b64_ga4,float32,float32,7,mid_epoch,3.5,3,num_kv_pairs,8,valid/num_kv_pairs/accuracy-8,1.0
gdn-h2-ev6-usegate0-s123-d123,gdn-h2-ev6-s123-d123-b64-ga4-fp32-noearly4ep,20260520_gdn_capacity_layout_followup,b64_ga4_fp32_official_gdn,1,123,123,2,6,b64_ga4,float32,float32,8,epoch_end,4.0,3,num_kv_pairs,8,valid/num_kv_pairs/accuracy-8,1.0
gdn-h2-ev10-usegate0-s123-d123,gdn-h2-ev10-s123-d123-b64-ga4-fp32-noearly4ep,20260520_gdn_capacity_layout_followup,b64_ga4_fp32_official_gdn,1,123,123,2,10,b64_ga4,float32,float32,1,mid_epoch,0.5,0,input_seq_len,1024,valid/input_seq_len/accuracy-1024,0.4642421875
gdn-h2-ev10-usegate0-s123-d123,gdn-h2-ev10-s123-d123-b64-ga4-fp32-noearly4ep,20260520_gdn_capacity_layout_followup,b64_ga4_fp32_official_gdn,1,123,123,2,10,b64_ga4,float32,float32,2,epoch_end,1.0,0,input_seq_len,1024,valid/input_seq_len/accuracy-1024,0.76101953125
gdn-h2-ev10-usegate0-s123-d123,gdn-h2-ev10-s123-d123-b64-ga4-fp32-noearly4ep,20260520_gdn_capacity_layout_followup,b64_ga4_fp32_official_gdn,1,123,123,2,10,b64_ga4,float32,float32,3,mid_epoch,1.5,1,input_seq_len,1024,valid/input_seq_len/accuracy-1024,0.7881953125
gdn-h2-ev10-usegate0-s123-d123,gdn-h2-ev10-s123-d123-b64-ga4-fp32-noearly4ep,20260520_gdn_capacity_layout_followup,b64_ga4_fp32_official_gdn,1,123,123,2,10,b64_ga4,float32,float32,4,epoch_end,2.0,1,input_seq_len,1024,valid/input_seq_len/accuracy-1024,0.83080859375
gdn-h2-ev10-usegate0-s123-d123,gdn-h2-ev10-s123-d123-b64-ga4-fp32-noearly4ep,20260520_gdn_capacity_layout_followup,b64_ga4_fp32_official_gdn,1,123,123,2,10,b64_ga4,float32,float32,5,mid_epoch,2.5,2,input_seq_len,1024,valid/input_seq_len/accuracy-1024,0.838125
gdn-h2-ev10-usegate0-s123-d123,gdn-h2-ev10-s123-d123-b64-ga4-fp32-noearly4ep,20260520_gdn_capacity_layout_followup,b64_ga4_fp32_official_gdn,1,123,123,2,10,b64_ga4,float32,float32,6,epoch_end,3.0,2,input_seq_len,1024,valid/input_seq_len/accuracy-1024,0.85203125
gdn-h2-ev10-usegate0-s123-d123,gdn-h2-ev10-s123-d123-b64-ga4-fp32-noearly4ep,20260520_gdn_capacity_layout_followup,b64_ga4_fp32_official_gdn,1,123,123,2,10,b64_ga4,float32,float32,7,mid_epoch,3.5,3,input_seq_len,1024,valid/input_seq_len/accuracy-1024,0.849671875
gdn-h2-ev10-usegate0-s123-d123,gdn-h2-ev10-s123-d123-b64-ga4-fp32-noearly4ep,20260520_gdn_capacity_layout_followup,b64_ga4_fp32_official_gdn,1,123,123,2,10,b64_ga4,float32,float32,8,epoch_end,4.0,3,input_seq_len,1024,valid/input_seq_len/accuracy-1024,0.858921875
gdn-h2-ev10-usegate0-s123-d123,gdn-h2-ev10-s123-d123-b64-ga4-fp32-noearly4ep,20260520_gdn_capacity_layout_followup,b64_ga4_fp32_official_gdn,1,123,123,2,10,b64_ga4,float32,float32,1,mid_epoch,0.5,0,input_seq_len,128,valid/input_seq_len/accuracy-128,0.9999375
gdn-h2-ev10-usegate0-s123-d123,gdn-h2-ev10-s123-d123-b64-ga4-fp32-noearly4ep,20260520_gdn_capacity_layout_followup,b64_ga4_fp32_official_gdn,1,123,123,2,10,b64_ga4,float32,float32,2,epoch_end,1.0,0,input_seq_len,128,valid/input_seq_len/accuracy-128,1.0
gdn-h2-ev10-usegate0-s123-d123,gdn-h2-ev10-s123-d123-b64-ga4-fp32-noearly4ep,20260520_gdn_capacity_layout_followup,b64_ga4_fp32_official_gdn,1,123,123,2,10,b64_ga4,float32,float32,3,mid_epoch,1.5,1,input_seq_len,128,valid/input_seq_len/accuracy-128,1.0
gdn-h2-ev10-usegate0-s123-d123,gdn-h2-ev10-s123-d123-b64-ga4-fp32-noearly4ep,20260520_gdn_capacity_layout_followup,b64_ga4_fp32_official_gdn,1,123,123,2,10,b64_ga4,float32,float32,4,epoch_end,2.0,1,input_seq_len,128,valid/input_seq_len/accuracy-128,1.0
gdn-h2-ev10-usegate0-s123-d123,gdn-h2-ev10-s123-d123-b64-ga4-fp32-noearly4ep,20260520_gdn_capacity_layout_followup,b64_ga4_fp32_official_gdn,1,123,123,2,10,b64_ga4,float32,float32,5,mid_epoch,2.5,2,input_seq_len,128,valid/input_seq_len/accuracy-128,1.0
gdn-h2-ev10-usegate0-s123-d123,gdn-h2-ev10-s123-d123-b64-ga4-fp32-noearly4ep,20260520_gdn_capacity_layout_followup,b64_ga4_fp32_official_gdn,1,123,123,2,10,b64_ga4,float32,float32,6,epoch_end,3.0,2,input_seq_len,128,valid/input_seq_len/accuracy-128,1.0
gdn-h2-ev10-usegate0-s123-d123,gdn-h2-ev10-s123-d123-b64-ga4-fp32-noearly4ep,20260520_gdn_capacity_layout_followup,b64_ga4_fp32_official_gdn,1,123,123,2,10,b64_ga4,float32,float32,7,mid_epoch,3.5,3,input_seq_len,128,valid/input_seq_len/accuracy-128,1.0
gdn-h2-ev10-usegate0-s123-d123,gdn-h2-ev10-s123-d123-b64-ga4-fp32-noearly4ep,20260520_gdn_capacity_layout_followup,b64_ga4_fp32_official_gdn,1,123,123,2,10,b64_ga4,float32,float32,8,epoch_end,4.0,3,input_seq_len,128,valid/input_seq_len/accuracy-128,1.0
gdn-h2-ev10-usegate0-s123-d123,gdn-h2-ev10-s123-d123-b64-ga4-fp32-noearly4ep,20260520_gdn_capacity_layout_followup,b64_ga4_fp32_official_gdn,1,123,123,2,10,b64_ga4,float32,float32,1,mid_epoch,0.5,0,input_seq_len,256,valid/input_seq_len/accuracy-256,0.99796875
gdn-h2-ev10-usegate0-s123-d123,gdn-h2-ev10-s123-d123-b64-ga4-fp32-noearly4ep,20260520_gdn_capacity_layout_followup,b64_ga4_fp32_official_gdn,1,123,123,2,10,b64_ga4,float32,float32,2,epoch_end,1.0,0,input_seq_len,256,valid/input_seq_len/accuracy-256,0.99996875
gdn-h2-ev10-usegate0-s123-d123,gdn-h2-ev10-s123-d123-b64-ga4-fp32-noearly4ep,20260520_gdn_capacity_layout_followup,b64_ga4_fp32_official_gdn,1,123,123,2,10,b64_ga4,float32,float32,3,mid_epoch,1.5,1,input_seq_len,256,valid/input_seq_len/accuracy-256,0.999984375
gdn-h2-ev10-usegate0-s123-d123,gdn-h2-ev10-s123-d123-b64-ga4-fp32-noearly4ep,20260520_gdn_capacity_layout_followup,b64_ga4_fp32_official_gdn,1,123,123,2,10,b64_ga4,float32,float32,4,epoch_end,2.0,1,input_seq_len,256,valid/input_seq_len/accuracy-256,1.0
gdn-h2-ev10-usegate0-s123-d123,gdn-h2-ev10-s123-d123-b64-ga4-fp32-noearly4ep,20260520_gdn_capacity_layout_followup,b64_ga4_fp32_official_gdn,1,123,123,2,10,b64_ga4,float32,float32,5,mid_epoch,2.5,2,input_seq_len,256,valid/input_seq_len/accuracy-256,1.0
gdn-h2-ev10-usegate0-s123-d123,gdn-h2-ev10-s123-d123-b64-ga4-fp32-noearly4ep,20260520_gdn_capacity_layout_followup,b64_ga4_fp32_official_gdn,1,123,123,2,10,b64_ga4,float32,float32,6,epoch_end,3.0,2,input_seq_len,256,valid/input_seq_len/accuracy-256,1.0
gdn-h2-ev10-usegate0-s123-d123,gdn-h2-ev10-s123-d123-b64-ga4-fp32-noearly4ep,20260520_gdn_capacity_layout_followup,b64_ga4_fp32_official_gdn,1,123,123,2,10,b64_ga4,float32,float32,7,mid_epoch,3.5,3,input_seq_len,256,valid/input_seq_len/accuracy-256,1.0
gdn-h2-ev10-usegate0-s123-d123,gdn-h2-ev10-s123-d123-b64-ga4-fp32-noearly4ep,20260520_gdn_capacity_layout_followup,b64_ga4_fp32_official_gdn,1,123,123,2,10,b64_ga4,float32,float32,8,epoch_end,4.0,3,input_seq_len,256,valid/input_seq_len/accuracy-256,1.0
gdn-h2-ev10-usegate0-s123-d123,gdn-h2-ev10-s123-d123-b64-ga4-fp32-noearly4ep,20260520_gdn_capacity_layout_followup,b64_ga4_fp32_official_gdn,1,123,123,2,10,b64_ga4,float32,float32,1,mid_epoch,0.5,0,input_seq_len,512,valid/input_seq_len/accuracy-512,0.954203125
gdn-h2-ev10-usegate0-s123-d123,gdn-h2-ev10-s123-d123-b64-ga4-fp32-noearly4ep,20260520_gdn_capacity_layout_followup,b64_ga4_fp32_official_gdn,1,123,123,2,10,b64_ga4,float32,float32,2,epoch_end,1.0,0,input_seq_len,512,valid/input_seq_len/accuracy-512,0.99544140625
gdn-h2-ev10-usegate0-s123-d123,gdn-h2-ev10-s123-d123-b64-ga4-fp32-noearly4ep,20260520_gdn_capacity_layout_followup,b64_ga4_fp32_official_gdn,1,123,123,2,10,b64_ga4,float32,float32,3,mid_epoch,1.5,1,input_seq_len,512,valid/input_seq_len/accuracy-512,0.99693359375
gdn-h2-ev10-usegate0-s123-d123,gdn-h2-ev10-s123-d123-b64-ga4-fp32-noearly4ep,20260520_gdn_capacity_layout_followup,b64_ga4_fp32_official_gdn,1,123,123,2,10,b64_ga4,float32,float32,4,epoch_end,2.0,1,input_seq_len,512,valid/input_seq_len/accuracy-512,0.99798046875
gdn-h2-ev10-usegate0-s123-d123,gdn-h2-ev10-s123-d123-b64-ga4-fp32-noearly4ep,20260520_gdn_capacity_layout_followup,b64_ga4_fp32_official_gdn,1,123,123,2,10,b64_ga4,float32,float32,5,mid_epoch,2.5,2,input_seq_len,512,valid/input_seq_len/accuracy-512,0.99828125
gdn-h2-ev10-usegate0-s123-d123,gdn-h2-ev10-s123-d123-b64-ga4-fp32-noearly4ep,20260520_gdn_capacity_layout_followup,b64_ga4_fp32_official_gdn,1,123,123,2,10,b64_ga4,float32,float32,6,epoch_end,3.0,2,input_seq_len,512,valid/input_seq_len/accuracy-512,0.99851953125
gdn-h2-ev10-usegate0-s123-d123,gdn-h2-ev10-s123-d123-b64-ga4-fp32-noearly4ep,20260520_gdn_capacity_layout_followup,b64_ga4_fp32_official_gdn,1,123,123,2,10,b64_ga4,float32,float32,7,mid_epoch,3.5,3,input_seq_len,512,valid/input_seq_len/accuracy-512,0.9984765625
gdn-h2-ev10-usegate0-s123-d123,gdn-h2-ev10-s123-d123-b64-ga4-fp32-noearly4ep,20260520_gdn_capacity_layout_followup,b64_ga4_fp32_official_gdn,1,123,123,2,10,b64_ga4,float32,float32,8,epoch_end,4.0,3,input_seq_len,512,valid/input_seq_len/accuracy-512,0.998671875
gdn-h2-ev10-usegate0-s123-d123,gdn-h2-ev10-s123-d123-b64-ga4-fp32-noearly4ep,20260520_gdn_capacity_layout_followup,b64_ga4_fp32_official_gdn,1,123,123,2,10,b64_ga4,float32,float32,1,mid_epoch,0.5,0,input_seq_len,64,valid/input_seq_len/accuracy-64,0.9998125
gdn-h2-ev10-usegate0-s123-d123,gdn-h2-ev10-s123-d123-b64-ga4-fp32-noearly4ep,20260520_gdn_capacity_layout_followup,b64_ga4_fp32_official_gdn,1,123,123,2,10,b64_ga4,float32,float32,2,epoch_end,1.0,0,input_seq_len,64,valid/input_seq_len/accuracy-64,0.9998333333333334
gdn-h2-ev10-usegate0-s123-d123,gdn-h2-ev10-s123-d123-b64-ga4-fp32-noearly4ep,20260520_gdn_capacity_layout_followup,b64_ga4_fp32_official_gdn,1,123,123,2,10,b64_ga4,float32,float32,3,mid_epoch,1.5,1,input_seq_len,64,valid/input_seq_len/accuracy-64,0.9998333333333334
gdn-h2-ev10-usegate0-s123-d123,gdn-h2-ev10-s123-d123-b64-ga4-fp32-noearly4ep,20260520_gdn_capacity_layout_followup,b64_ga4_fp32_official_gdn,1,123,123,2,10,b64_ga4,float32,float32,4,epoch_end,2.0,1,input_seq_len,64,valid/input_seq_len/accuracy-64,0.9998333333333334
gdn-h2-ev10-usegate0-s123-d123,gdn-h2-ev10-s123-d123-b64-ga4-fp32-noearly4ep,20260520_gdn_capacity_layout_followup,b64_ga4_fp32_official_gdn,1,123,123,2,10,b64_ga4,float32,float32,5,mid_epoch,2.5,2,input_seq_len,64,valid/input_seq_len/accuracy-64,0.9998333333333334
gdn-h2-ev10-usegate0-s123-d123,gdn-h2-ev10-s123-d123-b64-ga4-fp32-noearly4ep,20260520_gdn_capacity_layout_followup,b64_ga4_fp32_official_gdn,1,123,123,2,10,b64_ga4,float32,float32,6,epoch_end,3.0,2,input_seq_len,64,valid/input_seq_len/accuracy-64,0.9998333333333334
gdn-h2-ev10-usegate0-s123-d123,gdn-h2-ev10-s123-d123-b64-ga4-fp32-noearly4ep,20260520_gdn_capacity_layout_followup,b64_ga4_fp32_official_gdn,1,123,123,2,10,b64_ga4,float32,float32,7,mid_epoch,3.5,3,input_seq_len,64,valid/input_seq_len/accuracy-64,0.9998333333333334
gdn-h2-ev10-usegate0-s123-d123,gdn-h2-ev10-s123-d123-b64-ga4-fp32-noearly4ep,20260520_gdn_capacity_layout_followup,b64_ga4_fp32_official_gdn,1,123,123,2,10,b64_ga4,float32,float32,8,epoch_end,4.0,3,input_seq_len,64,valid/input_seq_len/accuracy-64,0.9998333333333334
gdn-h2-ev10-usegate0-s123-d123,gdn-h2-ev10-s123-d123-b64-ga4-fp32-noearly4ep,20260520_gdn_capacity_layout_followup,b64_ga4_fp32_official_gdn,1,123,123,2,10,b64_ga4,float32,float32,1,mid_epoch,0.5,0,mqar_case,1024x256,valid/mqar_case/accuracy-1024x256,0.4642421875
gdn-h2-ev10-usegate0-s123-d123,gdn-h2-ev10-s123-d123-b64-ga4-fp32-noearly4ep,20260520_gdn_capacity_layout_followup,b64_ga4_fp32_official_gdn,1,123,123,2,10,b64_ga4,float32,float32,2,epoch_end,1.0,0,mqar_case,1024x256,valid/mqar_case/accuracy-1024x256,0.76101953125
gdn-h2-ev10-usegate0-s123-d123,gdn-h2-ev10-s123-d123-b64-ga4-fp32-noearly4ep,20260520_gdn_capacity_layout_followup,b64_ga4_fp32_official_gdn,1,123,123,2,10,b64_ga4,float32,float32,3,mid_epoch,1.5,1,mqar_case,1024x256,valid/mqar_case/accuracy-1024x256,0.7881953125
gdn-h2-ev10-usegate0-s123-d123,gdn-h2-ev10-s123-d123-b64-ga4-fp32-noearly4ep,20260520_gdn_capacity_layout_followup,b64_ga4_fp32_official_gdn,1,123,123,2,10,b64_ga4,float32,float32,4,epoch_end,2.0,1,mqar_case,1024x256,valid/mqar_case/accuracy-1024x256,0.83080859375
gdn-h2-ev10-usegate0-s123-d123,gdn-h2-ev10-s123-d123-b64-ga4-fp32-noearly4ep,20260520_gdn_capacity_layout_followup,b64_ga4_fp32_official_gdn,1,123,123,2,10,b64_ga4,float32,float32,5,mid_epoch,2.5,2,mqar_case,1024x256,valid/mqar_case/accuracy-1024x256,0.838125
gdn-h2-ev10-usegate0-s123-d123,gdn-h2-ev10-s123-d123-b64-ga4-fp32-noearly4ep,20260520_gdn_capacity_layout_followup,b64_ga4_fp32_official_gdn,1,123,123,2,10,b64_ga4,float32,float32,6,epoch_end,3.0,2,mqar_case,1024x256,valid/mqar_case/accuracy-1024x256,0.85203125
gdn-h2-ev10-usegate0-s123-d123,gdn-h2-ev10-s123-d123-b64-ga4-fp32-noearly4ep,20260520_gdn_capacity_layout_followup,b64_ga4_fp32_official_gdn,1,123,123,2,10,b64_ga4,float32,float32,7,mid_epoch,3.5,3,mqar_case,1024x256,valid/mqar_case/accuracy-1024x256,0.849671875
gdn-h2-ev10-usegate0-s123-d123,gdn-h2-ev10-s123-d123-b64-ga4-fp32-noearly4ep,20260520_gdn_capacity_layout_followup,b64_ga4_fp32_official_gdn,1,123,123,2,10,b64_ga4,float32,float32,8,epoch_end,4.0,3,mqar_case,1024x256,valid/mqar_case/accuracy-1024x256,0.858921875
gdn-h2-ev10-usegate0-s123-d123,gdn-h2-ev10-s123-d123-b64-ga4-fp32-noearly4ep,20260520_gdn_capacity_layout_followup,b64_ga4_fp32_official_gdn,1,123,123,2,10,b64_ga4,float32,float32,1,mid_epoch,0.5,0,mqar_case,128x32,valid/mqar_case/accuracy-128x32,0.9999375
gdn-h2-ev10-usegate0-s123-d123,gdn-h2-ev10-s123-d123-b64-ga4-fp32-noearly4ep,20260520_gdn_capacity_layout_followup,b64_ga4_fp32_official_gdn,1,123,123,2,10,b64_ga4,float32,float32,2,epoch_end,1.0,0,mqar_case,128x32,valid/mqar_case/accuracy-128x32,1.0
gdn-h2-ev10-usegate0-s123-d123,gdn-h2-ev10-s123-d123-b64-ga4-fp32-noearly4ep,20260520_gdn_capacity_layout_followup,b64_ga4_fp32_official_gdn,1,123,123,2,10,b64_ga4,float32,float32,3,mid_epoch,1.5,1,mqar_case,128x32,valid/mqar_case/accuracy-128x32,1.0
gdn-h2-ev10-usegate0-s123-d123,gdn-h2-ev10-s123-d123-b64-ga4-fp32-noearly4ep,20260520_gdn_capacity_layout_followup,b64_ga4_fp32_official_gdn,1,123,123,2,10,b64_ga4,float32,float32,4,epoch_end,2.0,1,mqar_case,128x32,valid/mqar_case/accuracy-128x32,1.0
gdn-h2-ev10-usegate0-s123-d123,gdn-h2-ev10-s123-d123-b64-ga4-fp32-noearly4ep,20260520_gdn_capacity_layout_followup,b64_ga4_fp32_official_gdn,1,123,123,2,10,b64_ga4,float32,float32,5,mid_epoch,2.5,2,mqar_case,128x32,valid/mqar_case/accuracy-128x32,1.0
gdn-h2-ev10-usegate0-s123-d123,gdn-h2-ev10-s123-d123-b64-ga4-fp32-noearly4ep,20260520_gdn_capacity_layout_followup,b64_ga4_fp32_official_gdn,1,123,123,2,10,b64_ga4,float32,float32,6,epoch_end,3.0,2,mqar_case,128x32,valid/mqar_case/accuracy-128x32,1.0
gdn-h2-ev10-usegate0-s123-d123,gdn-h2-ev10-s123-d123-b64-ga4-fp32-noearly4ep,20260520_gdn_capacity_layout_followup,b64_ga4_fp32_official_gdn,1,123,123,2,10,b64_ga4,float32,float32,7,mid_epoch,3.5,3,mqar_case,128x32,valid/mqar_case/accuracy-128x32,1.0
gdn-h2-ev10-usegate0-s123-d123,gdn-h2-ev10-s123-d123-b64-ga4-fp32-noearly4ep,20260520_gdn_capacity_layout_followup,b64_ga4_fp32_official_gdn,1,123,123,2,10,b64_ga4,float32,float32,8,epoch_end,4.0,3,mqar_case,128x32,valid/mqar_case/accuracy-128x32,1.0
gdn-h2-ev10-usegate0-s123-d123,gdn-h2-ev10-s123-d123-b64-ga4-fp32-noearly4ep,20260520_gdn_capacity_layout_followup,b64_ga4_fp32_official_gdn,1,123,123,2,10,b64_ga4,float32,float32,1,mid_epoch,0.5,0,mqar_case,256x64,valid/mqar_case/accuracy-256x64,0.99796875
gdn-h2-ev10-usegate0-s123-d123,gdn-h2-ev10-s123-d123-b64-ga4-fp32-noearly4ep,20260520_gdn_capacity_layout_followup,b64_ga4_fp32_official_gdn,1,123,123,2,10,b64_ga4,float32,float32,2,epoch_end,1.0,0,mqar_case,256x64,valid/mqar_case/accuracy-256x64,0.99996875
gdn-h2-ev10-usegate0-s123-d123,gdn-h2-ev10-s123-d123-b64-ga4-fp32-noearly4ep,20260520_gdn_capacity_layout_followup,b64_ga4_fp32_official_gdn,1,123,123,2,10,b64_ga4,float32,float32,3,mid_epoch,1.5,1,mqar_case,256x64,valid/mqar_case/accuracy-256x64,0.999984375
gdn-h2-ev10-usegate0-s123-d123,gdn-h2-ev10-s123-d123-b64-ga4-fp32-noearly4ep,20260520_gdn_capacity_layout_followup,b64_ga4_fp32_official_gdn,1,123,123,2,10,b64_ga4,float32,float32,4,epoch_end,2.0,1,mqar_case,256x64,valid/mqar_case/accuracy-256x64,1.0
gdn-h2-ev10-usegate0-s123-d123,gdn-h2-ev10-s123-d123-b64-ga4-fp32-noearly4ep,20260520_gdn_capacity_layout_followup,b64_ga4_fp32_official_gdn,1,123,123,2,10,b64_ga4,float32,float32,5,mid_epoch,2.5,2,mqar_case,256x64,valid/mqar_case/accuracy-256x64,1.0
gdn-h2-ev10-usegate0-s123-d123,gdn-h2-ev10-s123-d123-b64-ga4-fp32-noearly4ep,20260520_gdn_capacity_layout_followup,b64_ga4_fp32_official_gdn,1,123,123,2,10,b64_ga4,float32,float32,6,epoch_end,3.0,2,mqar_case,256x64,valid/mqar_case/accuracy-256x64,1.0
gdn-h2-ev10-usegate0-s123-d123,gdn-h2-ev10-s123-d123-b64-ga4-fp32-noearly4ep,20260520_gdn_capacity_layout_followup,b64_ga4_fp32_official_gdn,1,123,123,2,10,b64_ga4,float32,float32,7,mid_epoch,3.5,3,mqar_case,256x64,valid/mqar_case/accuracy-256x64,1.0
gdn-h2-ev10-usegate0-s123-d123,gdn-h2-ev10-s123-d123-b64-ga4-fp32-noearly4ep,20260520_gdn_capacity_layout_followup,b64_ga4_fp32_official_gdn,1,123,123,2,10,b64_ga4,float32,float32,8,epoch_end,4.0,3,mqar_case,256x64,valid/mqar_case/accuracy-256x64,1.0
gdn-h2-ev10-usegate0-s123-d123,gdn-h2-ev10-s123-d123-b64-ga4-fp32-noearly4ep,20260520_gdn_capacity_layout_followup,b64_ga4_fp32_official_gdn,1,123,123,2,10,b64_ga4,float32,float32,1,mid_epoch,0.5,0,mqar_case,512x128,valid/mqar_case/accuracy-512x128,0.913328125
gdn-h2-ev10-usegate0-s123-d123,gdn-h2-ev10-s123-d123-b64-ga4-fp32-noearly4ep,20260520_gdn_capacity_layout_followup,b64_ga4_fp32_official_gdn,1,123,123,2,10,b64_ga4,float32,float32,2,epoch_end,1.0,0,mqar_case,512x128,valid/mqar_case/accuracy-512x128,0.9919140625
gdn-h2-ev10-usegate0-s123-d123,gdn-h2-ev10-s123-d123-b64-ga4-fp32-noearly4ep,20260520_gdn_capacity_layout_followup,b64_ga4_fp32_official_gdn,1,123,123,2,10,b64_ga4,float32,float32,3,mid_epoch,1.5,1,mqar_case,512x128,valid/mqar_case/accuracy-512x128,0.9948046875
gdn-h2-ev10-usegate0-s123-d123,gdn-h2-ev10-s123-d123-b64-ga4-fp32-noearly4ep,20260520_gdn_capacity_layout_followup,b64_ga4_fp32_official_gdn,1,123,123,2,10,b64_ga4,float32,float32,4,epoch_end,2.0,1,mqar_case,512x128,valid/mqar_case/accuracy-512x128,0.9968515625
gdn-h2-ev10-usegate0-s123-d123,gdn-h2-ev10-s123-d123-b64-ga4-fp32-noearly4ep,20260520_gdn_capacity_layout_followup,b64_ga4_fp32_official_gdn,1,123,123,2,10,b64_ga4,float32,float32,5,mid_epoch,2.5,2,mqar_case,512x128,valid/mqar_case/accuracy-512x128,0.99746875
gdn-h2-ev10-usegate0-s123-d123,gdn-h2-ev10-s123-d123-b64-ga4-fp32-noearly4ep,20260520_gdn_capacity_layout_followup,b64_ga4_fp32_official_gdn,1,123,123,2,10,b64_ga4,float32,float32,6,epoch_end,3.0,2,mqar_case,512x128,valid/mqar_case/accuracy-512x128,0.9979296875
gdn-h2-ev10-usegate0-s123-d123,gdn-h2-ev10-s123-d123-b64-ga4-fp32-noearly4ep,20260520_gdn_capacity_layout_followup,b64_ga4_fp32_official_gdn,1,123,123,2,10,b64_ga4,float32,float32,7,mid_epoch,3.5,3,mqar_case,512x128,valid/mqar_case/accuracy-512x128,0.997828125
gdn-h2-ev10-usegate0-s123-d123,gdn-h2-ev10-s123-d123-b64-ga4-fp32-noearly4ep,20260520_gdn_capacity_layout_followup,b64_ga4_fp32_official_gdn,1,123,123,2,10,b64_ga4,float32,float32,8,epoch_end,4.0,3,mqar_case,512x128,valid/mqar_case/accuracy-512x128,0.998203125
gdn-h2-ev10-usegate0-s123-d123,gdn-h2-ev10-s123-d123-b64-ga4-fp32-noearly4ep,20260520_gdn_capacity_layout_followup,b64_ga4_fp32_official_gdn,1,123,123,2,10,b64_ga4,float32,float32,1,mid_epoch,0.5,0,mqar_case,512x64,valid/mqar_case/accuracy-512x64,0.995078125
gdn-h2-ev10-usegate0-s123-d123,gdn-h2-ev10-s123-d123-b64-ga4-fp32-noearly4ep,20260520_gdn_capacity_layout_followup,b64_ga4_fp32_official_gdn,1,123,123,2,10,b64_ga4,float32,float32,2,epoch_end,1.0,0,mqar_case,512x64,valid/mqar_case/accuracy-512x64,0.99896875
gdn-h2-ev10-usegate0-s123-d123,gdn-h2-ev10-s123-d123-b64-ga4-fp32-noearly4ep,20260520_gdn_capacity_layout_followup,b64_ga4_fp32_official_gdn,1,123,123,2,10,b64_ga4,float32,float32,3,mid_epoch,1.5,1,mqar_case,512x64,valid/mqar_case/accuracy-512x64,0.9990625
gdn-h2-ev10-usegate0-s123-d123,gdn-h2-ev10-s123-d123-b64-ga4-fp32-noearly4ep,20260520_gdn_capacity_layout_followup,b64_ga4_fp32_official_gdn,1,123,123,2,10,b64_ga4,float32,float32,4,epoch_end,2.0,1,mqar_case,512x64,valid/mqar_case/accuracy-512x64,0.999109375
gdn-h2-ev10-usegate0-s123-d123,gdn-h2-ev10-s123-d123-b64-ga4-fp32-noearly4ep,20260520_gdn_capacity_layout_followup,b64_ga4_fp32_official_gdn,1,123,123,2,10,b64_ga4,float32,float32,5,mid_epoch,2.5,2,mqar_case,512x64,valid/mqar_case/accuracy-512x64,0.99909375
gdn-h2-ev10-usegate0-s123-d123,gdn-h2-ev10-s123-d123-b64-ga4-fp32-noearly4ep,20260520_gdn_capacity_layout_followup,b64_ga4_fp32_official_gdn,1,123,123,2,10,b64_ga4,float32,float32,6,epoch_end,3.0,2,mqar_case,512x64,valid/mqar_case/accuracy-512x64,0.999109375
gdn-h2-ev10-usegate0-s123-d123,gdn-h2-ev10-s123-d123-b64-ga4-fp32-noearly4ep,20260520_gdn_capacity_layout_followup,b64_ga4_fp32_official_gdn,1,123,123,2,10,b64_ga4,float32,float32,7,mid_epoch,3.5,3,mqar_case,512x64,valid/mqar_case/accuracy-512x64,0.999125
gdn-h2-ev10-usegate0-s123-d123,gdn-h2-ev10-s123-d123-b64-ga4-fp32-noearly4ep,20260520_gdn_capacity_layout_followup,b64_ga4_fp32_official_gdn,1,123,123,2,10,b64_ga4,float32,float32,8,epoch_end,4.0,3,mqar_case,512x64,valid/mqar_case/accuracy-512x64,0.999140625
gdn-h2-ev10-usegate0-s123-d123,gdn-h2-ev10-s123-d123-b64-ga4-fp32-noearly4ep,20260520_gdn_capacity_layout_followup,b64_ga4_fp32_official_gdn,1,123,123,2,10,b64_ga4,float32,float32,1,mid_epoch,0.5,0,mqar_case,64x16,valid/mqar_case/accuracy-64x16,0.9999375
gdn-h2-ev10-usegate0-s123-d123,gdn-h2-ev10-s123-d123-b64-ga4-fp32-noearly4ep,20260520_gdn_capacity_layout_followup,b64_ga4_fp32_official_gdn,1,123,123,2,10,b64_ga4,float32,float32,2,epoch_end,1.0,0,mqar_case,64x16,valid/mqar_case/accuracy-64x16,1.0
gdn-h2-ev10-usegate0-s123-d123,gdn-h2-ev10-s123-d123-b64-ga4-fp32-noearly4ep,20260520_gdn_capacity_layout_followup,b64_ga4_fp32_official_gdn,1,123,123,2,10,b64_ga4,float32,float32,3,mid_epoch,1.5,1,mqar_case,64x16,valid/mqar_case/accuracy-64x16,1.0
gdn-h2-ev10-usegate0-s123-d123,gdn-h2-ev10-s123-d123-b64-ga4-fp32-noearly4ep,20260520_gdn_capacity_layout_followup,b64_ga4_fp32_official_gdn,1,123,123,2,10,b64_ga4,float32,float32,4,epoch_end,2.0,1,mqar_case,64x16,valid/mqar_case/accuracy-64x16,1.0
gdn-h2-ev10-usegate0-s123-d123,gdn-h2-ev10-s123-d123-b64-ga4-fp32-noearly4ep,20260520_gdn_capacity_layout_followup,b64_ga4_fp32_official_gdn,1,123,123,2,10,b64_ga4,float32,float32,5,mid_epoch,2.5,2,mqar_case,64x16,valid/mqar_case/accuracy-64x16,1.0
gdn-h2-ev10-usegate0-s123-d123,gdn-h2-ev10-s123-d123-b64-ga4-fp32-noearly4ep,20260520_gdn_capacity_layout_followup,b64_ga4_fp32_official_gdn,1,123,123,2,10,b64_ga4,float32,float32,6,epoch_end,3.0,2,mqar_case,64x16,valid/mqar_case/accuracy-64x16,1.0
gdn-h2-ev10-usegate0-s123-d123,gdn-h2-ev10-s123-d123-b64-ga4-fp32-noearly4ep,20260520_gdn_capacity_layout_followup,b64_ga4_fp32_official_gdn,1,123,123,2,10,b64_ga4,float32,float32,7,mid_epoch,3.5,3,mqar_case,64x16,valid/mqar_case/accuracy-64x16,1.0
gdn-h2-ev10-usegate0-s123-d123,gdn-h2-ev10-s123-d123-b64-ga4-fp32-noearly4ep,20260520_gdn_capacity_layout_followup,b64_ga4_fp32_official_gdn,1,123,123,2,10,b64_ga4,float32,float32,8,epoch_end,4.0,3,mqar_case,64x16,valid/mqar_case/accuracy-64x16,1.0
gdn-h2-ev10-usegate0-s123-d123,gdn-h2-ev10-s123-d123-b64-ga4-fp32-noearly4ep,20260520_gdn_capacity_layout_followup,b64_ga4_fp32_official_gdn,1,123,123,2,10,b64_ga4,float32,float32,1,mid_epoch,0.5,0,mqar_case,64x4,valid/mqar_case/accuracy-64x4,0.99975
gdn-h2-ev10-usegate0-s123-d123,gdn-h2-ev10-s123-d123-b64-ga4-fp32-noearly4ep,20260520_gdn_capacity_layout_followup,b64_ga4_fp32_official_gdn,1,123,123,2,10,b64_ga4,float32,float32,2,epoch_end,1.0,0,mqar_case,64x4,valid/mqar_case/accuracy-64x4,0.99975
gdn-h2-ev10-usegate0-s123-d123,gdn-h2-ev10-s123-d123-b64-ga4-fp32-noearly4ep,20260520_gdn_capacity_layout_followup,b64_ga4_fp32_official_gdn,1,123,123,2,10,b64_ga4,float32,float32,3,mid_epoch,1.5,1,mqar_case,64x4,valid/mqar_case/accuracy-64x4,0.99975
gdn-h2-ev10-usegate0-s123-d123,gdn-h2-ev10-s123-d123-b64-ga4-fp32-noearly4ep,20260520_gdn_capacity_layout_followup,b64_ga4_fp32_official_gdn,1,123,123,2,10,b64_ga4,float32,float32,4,epoch_end,2.0,1,mqar_case,64x4,valid/mqar_case/accuracy-64x4,0.99975
gdn-h2-ev10-usegate0-s123-d123,gdn-h2-ev10-s123-d123-b64-ga4-fp32-noearly4ep,20260520_gdn_capacity_layout_followup,b64_ga4_fp32_official_gdn,1,123,123,2,10,b64_ga4,float32,float32,5,mid_epoch,2.5,2,mqar_case,64x4,valid/mqar_case/accuracy-64x4,0.99975
gdn-h2-ev10-usegate0-s123-d123,gdn-h2-ev10-s123-d123-b64-ga4-fp32-noearly4ep,20260520_gdn_capacity_layout_followup,b64_ga4_fp32_official_gdn,1,123,123,2,10,b64_ga4,float32,float32,6,epoch_end,3.0,2,mqar_case,64x4,valid/mqar_case/accuracy-64x4,0.99975
gdn-h2-ev10-usegate0-s123-d123,gdn-h2-ev10-s123-d123-b64-ga4-fp32-noearly4ep,20260520_gdn_capacity_layout_followup,b64_ga4_fp32_official_gdn,1,123,123,2,10,b64_ga4,float32,float32,7,mid_epoch,3.5,3,mqar_case,64x4,valid/mqar_case/accuracy-64x4,0.99975
gdn-h2-ev10-usegate0-s123-d123,gdn-h2-ev10-s123-d123-b64-ga4-fp32-noearly4ep,20260520_gdn_capacity_layout_followup,b64_ga4_fp32_official_gdn,1,123,123,2,10,b64_ga4,float32,float32,8,epoch_end,4.0,3,mqar_case,64x4,valid/mqar_case/accuracy-64x4,0.99975
gdn-h2-ev10-usegate0-s123-d123,gdn-h2-ev10-s123-d123-b64-ga4-fp32-noearly4ep,20260520_gdn_capacity_layout_followup,b64_ga4_fp32_official_gdn,1,123,123,2,10,b64_ga4,float32,float32,1,mid_epoch,0.5,0,mqar_case,64x8,valid/mqar_case/accuracy-64x8,0.99975
gdn-h2-ev10-usegate0-s123-d123,gdn-h2-ev10-s123-d123-b64-ga4-fp32-noearly4ep,20260520_gdn_capacity_layout_followup,b64_ga4_fp32_official_gdn,1,123,123,2,10,b64_ga4,float32,float32,2,epoch_end,1.0,0,mqar_case,64x8,valid/mqar_case/accuracy-64x8,0.99975
gdn-h2-ev10-usegate0-s123-d123,gdn-h2-ev10-s123-d123-b64-ga4-fp32-noearly4ep,20260520_gdn_capacity_layout_followup,b64_ga4_fp32_official_gdn,1,123,123,2,10,b64_ga4,float32,float32,3,mid_epoch,1.5,1,mqar_case,64x8,valid/mqar_case/accuracy-64x8,0.99975
gdn-h2-ev10-usegate0-s123-d123,gdn-h2-ev10-s123-d123-b64-ga4-fp32-noearly4ep,20260520_gdn_capacity_layout_followup,b64_ga4_fp32_official_gdn,1,123,123,2,10,b64_ga4,float32,float32,4,epoch_end,2.0,1,mqar_case,64x8,valid/mqar_case/accuracy-64x8,0.99975
gdn-h2-ev10-usegate0-s123-d123,gdn-h2-ev10-s123-d123-b64-ga4-fp32-noearly4ep,20260520_gdn_capacity_layout_followup,b64_ga4_fp32_official_gdn,1,123,123,2,10,b64_ga4,float32,float32,5,mid_epoch,2.5,2,mqar_case,64x8,valid/mqar_case/accuracy-64x8,0.99975
gdn-h2-ev10-usegate0-s123-d123,gdn-h2-ev10-s123-d123-b64-ga4-fp32-noearly4ep,20260520_gdn_capacity_layout_followup,b64_ga4_fp32_official_gdn,1,123,123,2,10,b64_ga4,float32,float32,6,epoch_end,3.0,2,mqar_case,64x8,valid/mqar_case/accuracy-64x8,0.99975
gdn-h2-ev10-usegate0-s123-d123,gdn-h2-ev10-s123-d123-b64-ga4-fp32-noearly4ep,20260520_gdn_capacity_layout_followup,b64_ga4_fp32_official_gdn,1,123,123,2,10,b64_ga4,float32,float32,7,mid_epoch,3.5,3,mqar_case,64x8,valid/mqar_case/accuracy-64x8,0.99975
gdn-h2-ev10-usegate0-s123-d123,gdn-h2-ev10-s123-d123-b64-ga4-fp32-noearly4ep,20260520_gdn_capacity_layout_followup,b64_ga4_fp32_official_gdn,1,123,123,2,10,b64_ga4,float32,float32,8,epoch_end,4.0,3,mqar_case,64x8,valid/mqar_case/accuracy-64x8,0.99975
gdn-h2-ev10-usegate0-s123-d123,gdn-h2-ev10-s123-d123-b64-ga4-fp32-noearly4ep,20260520_gdn_capacity_layout_followup,b64_ga4_fp32_official_gdn,1,123,123,2,10,b64_ga4,float32,float32,1,mid_epoch,0.5,0,num_kv_pairs,128,valid/num_kv_pairs/accuracy-128,0.913328125
gdn-h2-ev10-usegate0-s123-d123,gdn-h2-ev10-s123-d123-b64-ga4-fp32-noearly4ep,20260520_gdn_capacity_layout_followup,b64_ga4_fp32_official_gdn,1,123,123,2,10,b64_ga4,float32,float32,2,epoch_end,1.0,0,num_kv_pairs,128,valid/num_kv_pairs/accuracy-128,0.9919140625
gdn-h2-ev10-usegate0-s123-d123,gdn-h2-ev10-s123-d123-b64-ga4-fp32-noearly4ep,20260520_gdn_capacity_layout_followup,b64_ga4_fp32_official_gdn,1,123,123,2,10,b64_ga4,float32,float32,3,mid_epoch,1.5,1,num_kv_pairs,128,valid/num_kv_pairs/accuracy-128,0.9948046875
gdn-h2-ev10-usegate0-s123-d123,gdn-h2-ev10-s123-d123-b64-ga4-fp32-noearly4ep,20260520_gdn_capacity_layout_followup,b64_ga4_fp32_official_gdn,1,123,123,2,10,b64_ga4,float32,float32,4,epoch_end,2.0,1,num_kv_pairs,128,valid/num_kv_pairs/accuracy-128,0.9968515625
gdn-h2-ev10-usegate0-s123-d123,gdn-h2-ev10-s123-d123-b64-ga4-fp32-noearly4ep,20260520_gdn_capacity_layout_followup,b64_ga4_fp32_official_gdn,1,123,123,2,10,b64_ga4,float32,float32,5,mid_epoch,2.5,2,num_kv_pairs,128,valid/num_kv_pairs/accuracy-128,0.99746875
gdn-h2-ev10-usegate0-s123-d123,gdn-h2-ev10-s123-d123-b64-ga4-fp32-noearly4ep,20260520_gdn_capacity_layout_followup,b64_ga4_fp32_official_gdn,1,123,123,2,10,b64_ga4,float32,float32,6,epoch_end,3.0,2,num_kv_pairs,128,valid/num_kv_pairs/accuracy-128,0.9979296875
gdn-h2-ev10-usegate0-s123-d123,gdn-h2-ev10-s123-d123-b64-ga4-fp32-noearly4ep,20260520_gdn_capacity_layout_followup,b64_ga4_fp32_official_gdn,1,123,123,2,10,b64_ga4,float32,float32,7,mid_epoch,3.5,3,num_kv_pairs,128,valid/num_kv_pairs/accuracy-128,0.997828125
gdn-h2-ev10-usegate0-s123-d123,gdn-h2-ev10-s123-d123-b64-ga4-fp32-noearly4ep,20260520_gdn_capacity_layout_followup,b64_ga4_fp32_official_gdn,1,123,123,2,10,b64_ga4,float32,float32,8,epoch_end,4.0,3,num_kv_pairs,128,valid/num_kv_pairs/accuracy-128,0.998203125
gdn-h2-ev10-usegate0-s123-d123,gdn-h2-ev10-s123-d123-b64-ga4-fp32-noearly4ep,20260520_gdn_capacity_layout_followup,b64_ga4_fp32_official_gdn,1,123,123,2,10,b64_ga4,float32,float32,1,mid_epoch,0.5,0,num_kv_pairs,16,valid/num_kv_pairs/accuracy-16,0.9999375
gdn-h2-ev10-usegate0-s123-d123,gdn-h2-ev10-s123-d123-b64-ga4-fp32-noearly4ep,20260520_gdn_capacity_layout_followup,b64_ga4_fp32_official_gdn,1,123,123,2,10,b64_ga4,float32,float32,2,epoch_end,1.0,0,num_kv_pairs,16,valid/num_kv_pairs/accuracy-16,1.0
gdn-h2-ev10-usegate0-s123-d123,gdn-h2-ev10-s123-d123-b64-ga4-fp32-noearly4ep,20260520_gdn_capacity_layout_followup,b64_ga4_fp32_official_gdn,1,123,123,2,10,b64_ga4,float32,float32,3,mid_epoch,1.5,1,num_kv_pairs,16,valid/num_kv_pairs/accuracy-16,1.0
gdn-h2-ev10-usegate0-s123-d123,gdn-h2-ev10-s123-d123-b64-ga4-fp32-noearly4ep,20260520_gdn_capacity_layout_followup,b64_ga4_fp32_official_gdn,1,123,123,2,10,b64_ga4,float32,float32,4,epoch_end,2.0,1,num_kv_pairs,16,valid/num_kv_pairs/accuracy-16,1.0
gdn-h2-ev10-usegate0-s123-d123,gdn-h2-ev10-s123-d123-b64-ga4-fp32-noearly4ep,20260520_gdn_capacity_layout_followup,b64_ga4_fp32_official_gdn,1,123,123,2,10,b64_ga4,float32,float32,5,mid_epoch,2.5,2,num_kv_pairs,16,valid/num_kv_pairs/accuracy-16,1.0
gdn-h2-ev10-usegate0-s123-d123,gdn-h2-ev10-s123-d123-b64-ga4-fp32-noearly4ep,20260520_gdn_capacity_layout_followup,b64_ga4_fp32_official_gdn,1,123,123,2,10,b64_ga4,float32,float32,6,epoch_end,3.0,2,num_kv_pairs,16,valid/num_kv_pairs/accuracy-16,1.0
gdn-h2-ev10-usegate0-s123-d123,gdn-h2-ev10-s123-d123-b64-ga4-fp32-noearly4ep,20260520_gdn_capacity_layout_followup,b64_ga4_fp32_official_gdn,1,123,123,2,10,b64_ga4,float32,float32,7,mid_epoch,3.5,3,num_kv_pairs,16,valid/num_kv_pairs/accuracy-16,1.0
gdn-h2-ev10-usegate0-s123-d123,gdn-h2-ev10-s123-d123-b64-ga4-fp32-noearly4ep,20260520_gdn_capacity_layout_followup,b64_ga4_fp32_official_gdn,1,123,123,2,10,b64_ga4,float32,float32,8,epoch_end,4.0,3,num_kv_pairs,16,valid/num_kv_pairs/accuracy-16,1.0
gdn-h2-ev10-usegate0-s123-d123,gdn-h2-ev10-s123-d123-b64-ga4-fp32-noearly4ep,20260520_gdn_capacity_layout_followup,b64_ga4_fp32_official_gdn,1,123,123,2,10,b64_ga4,float32,float32,1,mid_epoch,0.5,0,num_kv_pairs,256,valid/num_kv_pairs/accuracy-256,0.4642421875
gdn-h2-ev10-usegate0-s123-d123,gdn-h2-ev10-s123-d123-b64-ga4-fp32-noearly4ep,20260520_gdn_capacity_layout_followup,b64_ga4_fp32_official_gdn,1,123,123,2,10,b64_ga4,float32,float32,2,epoch_end,1.0,0,num_kv_pairs,256,valid/num_kv_pairs/accuracy-256,0.76101953125
gdn-h2-ev10-usegate0-s123-d123,gdn-h2-ev10-s123-d123-b64-ga4-fp32-noearly4ep,20260520_gdn_capacity_layout_followup,b64_ga4_fp32_official_gdn,1,123,123,2,10,b64_ga4,float32,float32,3,mid_epoch,1.5,1,num_kv_pairs,256,valid/num_kv_pairs/accuracy-256,0.7881953125
gdn-h2-ev10-usegate0-s123-d123,gdn-h2-ev10-s123-d123-b64-ga4-fp32-noearly4ep,20260520_gdn_capacity_layout_followup,b64_ga4_fp32_official_gdn,1,123,123,2,10,b64_ga4,float32,float32,4,epoch_end,2.0,1,num_kv_pairs,256,valid/num_kv_pairs/accuracy-256,0.83080859375
gdn-h2-ev10-usegate0-s123-d123,gdn-h2-ev10-s123-d123-b64-ga4-fp32-noearly4ep,20260520_gdn_capacity_layout_followup,b64_ga4_fp32_official_gdn,1,123,123,2,10,b64_ga4,float32,float32,5,mid_epoch,2.5,2,num_kv_pairs,256,valid/num_kv_pairs/accuracy-256,0.838125
gdn-h2-ev10-usegate0-s123-d123,gdn-h2-ev10-s123-d123-b64-ga4-fp32-noearly4ep,20260520_gdn_capacity_layout_followup,b64_ga4_fp32_official_gdn,1,123,123,2,10,b64_ga4,float32,float32,6,epoch_end,3.0,2,num_kv_pairs,256,valid/num_kv_pairs/accuracy-256,0.85203125
gdn-h2-ev10-usegate0-s123-d123,gdn-h2-ev10-s123-d123-b64-ga4-fp32-noearly4ep,20260520_gdn_capacity_layout_followup,b64_ga4_fp32_official_gdn,1,123,123,2,10,b64_ga4,float32,float32,7,mid_epoch,3.5,3,num_kv_pairs,256,valid/num_kv_pairs/accuracy-256,0.849671875
gdn-h2-ev10-usegate0-s123-d123,gdn-h2-ev10-s123-d123-b64-ga4-fp32-noearly4ep,20260520_gdn_capacity_layout_followup,b64_ga4_fp32_official_gdn,1,123,123,2,10,b64_ga4,float32,float32,8,epoch_end,4.0,3,num_kv_pairs,256,valid/num_kv_pairs/accuracy-256,0.858921875
gdn-h2-ev10-usegate0-s123-d123,gdn-h2-ev10-s123-d123-b64-ga4-fp32-noearly4ep,20260520_gdn_capacity_layout_followup,b64_ga4_fp32_official_gdn,1,123,123,2,10,b64_ga4,float32,float32,1,mid_epoch,0.5,0,num_kv_pairs,32,valid/num_kv_pairs/accuracy-32,0.9999375
gdn-h2-ev10-usegate0-s123-d123,gdn-h2-ev10-s123-d123-b64-ga4-fp32-noearly4ep,20260520_gdn_capacity_layout_followup,b64_ga4_fp32_official_gdn,1,123,123,2,10,b64_ga4,float32,float32,2,epoch_end,1.0,0,num_kv_pairs,32,valid/num_kv_pairs/accuracy-32,1.0
gdn-h2-ev10-usegate0-s123-d123,gdn-h2-ev10-s123-d123-b64-ga4-fp32-noearly4ep,20260520_gdn_capacity_layout_followup,b64_ga4_fp32_official_gdn,1,123,123,2,10,b64_ga4,float32,float32,3,mid_epoch,1.5,1,num_kv_pairs,32,valid/num_kv_pairs/accuracy-32,1.0
gdn-h2-ev10-usegate0-s123-d123,gdn-h2-ev10-s123-d123-b64-ga4-fp32-noearly4ep,20260520_gdn_capacity_layout_followup,b64_ga4_fp32_official_gdn,1,123,123,2,10,b64_ga4,float32,float32,4,epoch_end,2.0,1,num_kv_pairs,32,valid/num_kv_pairs/accuracy-32,1.0
gdn-h2-ev10-usegate0-s123-d123,gdn-h2-ev10-s123-d123-b64-ga4-fp32-noearly4ep,20260520_gdn_capacity_layout_followup,b64_ga4_fp32_official_gdn,1,123,123,2,10,b64_ga4,float32,float32,5,mid_epoch,2.5,2,num_kv_pairs,32,valid/num_kv_pairs/accuracy-32,1.0
gdn-h2-ev10-usegate0-s123-d123,gdn-h2-ev10-s123-d123-b64-ga4-fp32-noearly4ep,20260520_gdn_capacity_layout_followup,b64_ga4_fp32_official_gdn,1,123,123,2,10,b64_ga4,float32,float32,6,epoch_end,3.0,2,num_kv_pairs,32,valid/num_kv_pairs/accuracy-32,1.0
gdn-h2-ev10-usegate0-s123-d123,gdn-h2-ev10-s123-d123-b64-ga4-fp32-noearly4ep,20260520_gdn_capacity_layout_followup,b64_ga4_fp32_official_gdn,1,123,123,2,10,b64_ga4,float32,float32,7,mid_epoch,3.5,3,num_kv_pairs,32,valid/num_kv_pairs/accuracy-32,1.0
gdn-h2-ev10-usegate0-s123-d123,gdn-h2-ev10-s123-d123-b64-ga4-fp32-noearly4ep,20260520_gdn_capacity_layout_followup,b64_ga4_fp32_official_gdn,1,123,123,2,10,b64_ga4,float32,float32,8,epoch_end,4.0,3,num_kv_pairs,32,valid/num_kv_pairs/accuracy-32,1.0
gdn-h2-ev10-usegate0-s123-d123,gdn-h2-ev10-s123-d123-b64-ga4-fp32-noearly4ep,20260520_gdn_capacity_layout_followup,b64_ga4_fp32_official_gdn,1,123,123,2,10,b64_ga4,float32,float32,1,mid_epoch,0.5,0,num_kv_pairs,4,valid/num_kv_pairs/accuracy-4,0.99975
gdn-h2-ev10-usegate0-s123-d123,gdn-h2-ev10-s123-d123-b64-ga4-fp32-noearly4ep,20260520_gdn_capacity_layout_followup,b64_ga4_fp32_official_gdn,1,123,123,2,10,b64_ga4,float32,float32,2,epoch_end,1.0,0,num_kv_pairs,4,valid/num_kv_pairs/accuracy-4,0.99975
gdn-h2-ev10-usegate0-s123-d123,gdn-h2-ev10-s123-d123-b64-ga4-fp32-noearly4ep,20260520_gdn_capacity_layout_followup,b64_ga4_fp32_official_gdn,1,123,123,2,10,b64_ga4,float32,float32,3,mid_epoch,1.5,1,num_kv_pairs,4,valid/num_kv_pairs/accuracy-4,0.99975
gdn-h2-ev10-usegate0-s123-d123,gdn-h2-ev10-s123-d123-b64-ga4-fp32-noearly4ep,20260520_gdn_capacity_layout_followup,b64_ga4_fp32_official_gdn,1,123,123,2,10,b64_ga4,float32,float32,4,epoch_end,2.0,1,num_kv_pairs,4,valid/num_kv_pairs/accuracy-4,0.99975
gdn-h2-ev10-usegate0-s123-d123,gdn-h2-ev10-s123-d123-b64-ga4-fp32-noearly4ep,20260520_gdn_capacity_layout_followup,b64_ga4_fp32_official_gdn,1,123,123,2,10,b64_ga4,float32,float32,5,mid_epoch,2.5,2,num_kv_pairs,4,valid/num_kv_pairs/accuracy-4,0.99975
gdn-h2-ev10-usegate0-s123-d123,gdn-h2-ev10-s123-d123-b64-ga4-fp32-noearly4ep,20260520_gdn_capacity_layout_followup,b64_ga4_fp32_official_gdn,1,123,123,2,10,b64_ga4,float32,float32,6,epoch_end,3.0,2,num_kv_pairs,4,valid/num_kv_pairs/accuracy-4,0.99975
gdn-h2-ev10-usegate0-s123-d123,gdn-h2-ev10-s123-d123-b64-ga4-fp32-noearly4ep,20260520_gdn_capacity_layout_followup,b64_ga4_fp32_official_gdn,1,123,123,2,10,b64_ga4,float32,float32,7,mid_epoch,3.5,3,num_kv_pairs,4,valid/num_kv_pairs/accuracy-4,0.99975
gdn-h2-ev10-usegate0-s123-d123,gdn-h2-ev10-s123-d123-b64-ga4-fp32-noearly4ep,20260520_gdn_capacity_layout_followup,b64_ga4_fp32_official_gdn,1,123,123,2,10,b64_ga4,float32,float32,8,epoch_end,4.0,3,num_kv_pairs,4,valid/num_kv_pairs/accuracy-4,0.99975
gdn-h2-ev10-usegate0-s123-d123,gdn-h2-ev10-s123-d123-b64-ga4-fp32-noearly4ep,20260520_gdn_capacity_layout_followup,b64_ga4_fp32_official_gdn,1,123,123,2,10,b64_ga4,float32,float32,1,mid_epoch,0.5,0,num_kv_pairs,64,valid/num_kv_pairs/accuracy-64,0.9965234375
gdn-h2-ev10-usegate0-s123-d123,gdn-h2-ev10-s123-d123-b64-ga4-fp32-noearly4ep,20260520_gdn_capacity_layout_followup,b64_ga4_fp32_official_gdn,1,123,123,2,10,b64_ga4,float32,float32,2,epoch_end,1.0,0,num_kv_pairs,64,valid/num_kv_pairs/accuracy-64,0.99946875
gdn-h2-ev10-usegate0-s123-d123,gdn-h2-ev10-s123-d123-b64-ga4-fp32-noearly4ep,20260520_gdn_capacity_layout_followup,b64_ga4_fp32_official_gdn,1,123,123,2,10,b64_ga4,float32,float32,3,mid_epoch,1.5,1,num_kv_pairs,64,valid/num_kv_pairs/accuracy-64,0.9995234375
gdn-h2-ev10-usegate0-s123-d123,gdn-h2-ev10-s123-d123-b64-ga4-fp32-noearly4ep,20260520_gdn_capacity_layout_followup,b64_ga4_fp32_official_gdn,1,123,123,2,10,b64_ga4,float32,float32,4,epoch_end,2.0,1,num_kv_pairs,64,valid/num_kv_pairs/accuracy-64,0.9995546875
gdn-h2-ev10-usegate0-s123-d123,gdn-h2-ev10-s123-d123-b64-ga4-fp32-noearly4ep,20260520_gdn_capacity_layout_followup,b64_ga4_fp32_official_gdn,1,123,123,2,10,b64_ga4,float32,float32,5,mid_epoch,2.5,2,num_kv_pairs,64,valid/num_kv_pairs/accuracy-64,0.999546875
gdn-h2-ev10-usegate0-s123-d123,gdn-h2-ev10-s123-d123-b64-ga4-fp32-noearly4ep,20260520_gdn_capacity_layout_followup,b64_ga4_fp32_official_gdn,1,123,123,2,10,b64_ga4,float32,float32,6,epoch_end,3.0,2,num_kv_pairs,64,valid/num_kv_pairs/accuracy-64,0.9995546875
gdn-h2-ev10-usegate0-s123-d123,gdn-h2-ev10-s123-d123-b64-ga4-fp32-noearly4ep,20260520_gdn_capacity_layout_followup,b64_ga4_fp32_official_gdn,1,123,123,2,10,b64_ga4,float32,float32,7,mid_epoch,3.5,3,num_kv_pairs,64,valid/num_kv_pairs/accuracy-64,0.9995625
gdn-h2-ev10-usegate0-s123-d123,gdn-h2-ev10-s123-d123-b64-ga4-fp32-noearly4ep,20260520_gdn_capacity_layout_followup,b64_ga4_fp32_official_gdn,1,123,123,2,10,b64_ga4,float32,float32,8,epoch_end,4.0,3,num_kv_pairs,64,valid/num_kv_pairs/accuracy-64,0.9995703125
gdn-h2-ev10-usegate0-s123-d123,gdn-h2-ev10-s123-d123-b64-ga4-fp32-noearly4ep,20260520_gdn_capacity_layout_followup,b64_ga4_fp32_official_gdn,1,123,123,2,10,b64_ga4,float32,float32,1,mid_epoch,0.5,0,num_kv_pairs,8,valid/num_kv_pairs/accuracy-8,0.99975
gdn-h2-ev10-usegate0-s123-d123,gdn-h2-ev10-s123-d123-b64-ga4-fp32-noearly4ep,20260520_gdn_capacity_layout_followup,b64_ga4_fp32_official_gdn,1,123,123,2,10,b64_ga4,float32,float32,2,epoch_end,1.0,0,num_kv_pairs,8,valid/num_kv_pairs/accuracy-8,0.99975
gdn-h2-ev10-usegate0-s123-d123,gdn-h2-ev10-s123-d123-b64-ga4-fp32-noearly4ep,20260520_gdn_capacity_layout_followup,b64_ga4_fp32_official_gdn,1,123,123,2,10,b64_ga4,float32,float32,3,mid_epoch,1.5,1,num_kv_pairs,8,valid/num_kv_pairs/accuracy-8,0.99975
gdn-h2-ev10-usegate0-s123-d123,gdn-h2-ev10-s123-d123-b64-ga4-fp32-noearly4ep,20260520_gdn_capacity_layout_followup,b64_ga4_fp32_official_gdn,1,123,123,2,10,b64_ga4,float32,float32,4,epoch_end,2.0,1,num_kv_pairs,8,valid/num_kv_pairs/accuracy-8,0.99975
gdn-h2-ev10-usegate0-s123-d123,gdn-h2-ev10-s123-d123-b64-ga4-fp32-noearly4ep,20260520_gdn_capacity_layout_followup,b64_ga4_fp32_official_gdn,1,123,123,2,10,b64_ga4,float32,float32,5,mid_epoch,2.5,2,num_kv_pairs,8,valid/num_kv_pairs/accuracy-8,0.99975
gdn-h2-ev10-usegate0-s123-d123,gdn-h2-ev10-s123-d123-b64-ga4-fp32-noearly4ep,20260520_gdn_capacity_layout_followup,b64_ga4_fp32_official_gdn,1,123,123,2,10,b64_ga4,float32,float32,6,epoch_end,3.0,2,num_kv_pairs,8,valid/num_kv_pairs/accuracy-8,0.99975
gdn-h2-ev10-usegate0-s123-d123,gdn-h2-ev10-s123-d123-b64-ga4-fp32-noearly4ep,20260520_gdn_capacity_layout_followup,b64_ga4_fp32_official_gdn,1,123,123,2,10,b64_ga4,float32,float32,7,mid_epoch,3.5,3,num_kv_pairs,8,valid/num_kv_pairs/accuracy-8,0.99975
gdn-h2-ev10-usegate0-s123-d123,gdn-h2-ev10-s123-d123-b64-ga4-fp32-noearly4ep,20260520_gdn_capacity_layout_followup,b64_ga4_fp32_official_gdn,1,123,123,2,10,b64_ga4,float32,float32,8,epoch_end,4.0,3,num_kv_pairs,8,valid/num_kv_pairs/accuracy-8,0.99975
gdn-h2-ev12-usegate0-s123-d123,gdn-h2-ev12-s123-d123-b64-ga4-fp32-noearly4ep,20260520_gdn_capacity_layout_followup,b64_ga4_fp32_official_gdn,1,123,123,2,12,b64_ga4,float32,float32,1,mid_epoch,0.5,0,input_seq_len,1024,valid/input_seq_len/accuracy-1024,0.52630859375
gdn-h2-ev12-usegate0-s123-d123,gdn-h2-ev12-s123-d123-b64-ga4-fp32-noearly4ep,20260520_gdn_capacity_layout_followup,b64_ga4_fp32_official_gdn,1,123,123,2,12,b64_ga4,float32,float32,2,epoch_end,1.0,0,input_seq_len,1024,valid/input_seq_len/accuracy-1024,0.75071875
gdn-h2-ev12-usegate0-s123-d123,gdn-h2-ev12-s123-d123-b64-ga4-fp32-noearly4ep,20260520_gdn_capacity_layout_followup,b64_ga4_fp32_official_gdn,1,123,123,2,12,b64_ga4,float32,float32,3,mid_epoch,1.5,1,input_seq_len,1024,valid/input_seq_len/accuracy-1024,0.783921875
gdn-h2-ev12-usegate0-s123-d123,gdn-h2-ev12-s123-d123-b64-ga4-fp32-noearly4ep,20260520_gdn_capacity_layout_followup,b64_ga4_fp32_official_gdn,1,123,123,2,12,b64_ga4,float32,float32,4,epoch_end,2.0,1,input_seq_len,1024,valid/input_seq_len/accuracy-1024,0.81616796875
gdn-h2-ev12-usegate0-s123-d123,gdn-h2-ev12-s123-d123-b64-ga4-fp32-noearly4ep,20260520_gdn_capacity_layout_followup,b64_ga4_fp32_official_gdn,1,123,123,2,12,b64_ga4,float32,float32,5,mid_epoch,2.5,2,input_seq_len,1024,valid/input_seq_len/accuracy-1024,0.82612890625
gdn-h2-ev12-usegate0-s123-d123,gdn-h2-ev12-s123-d123-b64-ga4-fp32-noearly4ep,20260520_gdn_capacity_layout_followup,b64_ga4_fp32_official_gdn,1,123,123,2,12,b64_ga4,float32,float32,6,epoch_end,3.0,2,input_seq_len,1024,valid/input_seq_len/accuracy-1024,0.839203125
gdn-h2-ev12-usegate0-s123-d123,gdn-h2-ev12-s123-d123-b64-ga4-fp32-noearly4ep,20260520_gdn_capacity_layout_followup,b64_ga4_fp32_official_gdn,1,123,123,2,12,b64_ga4,float32,float32,7,mid_epoch,3.5,3,input_seq_len,1024,valid/input_seq_len/accuracy-1024,0.83820703125
gdn-h2-ev12-usegate0-s123-d123,gdn-h2-ev12-s123-d123-b64-ga4-fp32-noearly4ep,20260520_gdn_capacity_layout_followup,b64_ga4_fp32_official_gdn,1,123,123,2,12,b64_ga4,float32,float32,8,epoch_end,4.0,3,input_seq_len,1024,valid/input_seq_len/accuracy-1024,0.84481640625
gdn-h2-ev12-usegate0-s123-d123,gdn-h2-ev12-s123-d123-b64-ga4-fp32-noearly4ep,20260520_gdn_capacity_layout_followup,b64_ga4_fp32_official_gdn,1,123,123,2,12,b64_ga4,float32,float32,1,mid_epoch,0.5,0,input_seq_len,128,valid/input_seq_len/accuracy-128,0.99996875
gdn-h2-ev12-usegate0-s123-d123,gdn-h2-ev12-s123-d123-b64-ga4-fp32-noearly4ep,20260520_gdn_capacity_layout_followup,b64_ga4_fp32_official_gdn,1,123,123,2,12,b64_ga4,float32,float32,2,epoch_end,1.0,0,input_seq_len,128,valid/input_seq_len/accuracy-128,1.0
gdn-h2-ev12-usegate0-s123-d123,gdn-h2-ev12-s123-d123-b64-ga4-fp32-noearly4ep,20260520_gdn_capacity_layout_followup,b64_ga4_fp32_official_gdn,1,123,123,2,12,b64_ga4,float32,float32,3,mid_epoch,1.5,1,input_seq_len,128,valid/input_seq_len/accuracy-128,1.0
gdn-h2-ev12-usegate0-s123-d123,gdn-h2-ev12-s123-d123-b64-ga4-fp32-noearly4ep,20260520_gdn_capacity_layout_followup,b64_ga4_fp32_official_gdn,1,123,123,2,12,b64_ga4,float32,float32,4,epoch_end,2.0,1,input_seq_len,128,valid/input_seq_len/accuracy-128,1.0
gdn-h2-ev12-usegate0-s123-d123,gdn-h2-ev12-s123-d123-b64-ga4-fp32-noearly4ep,20260520_gdn_capacity_layout_followup,b64_ga4_fp32_official_gdn,1,123,123,2,12,b64_ga4,float32,float32,5,mid_epoch,2.5,2,input_seq_len,128,valid/input_seq_len/accuracy-128,1.0
gdn-h2-ev12-usegate0-s123-d123,gdn-h2-ev12-s123-d123-b64-ga4-fp32-noearly4ep,20260520_gdn_capacity_layout_followup,b64_ga4_fp32_official_gdn,1,123,123,2,12,b64_ga4,float32,float32,6,epoch_end,3.0,2,input_seq_len,128,valid/input_seq_len/accuracy-128,1.0
gdn-h2-ev12-usegate0-s123-d123,gdn-h2-ev12-s123-d123-b64-ga4-fp32-noearly4ep,20260520_gdn_capacity_layout_followup,b64_ga4_fp32_official_gdn,1,123,123,2,12,b64_ga4,float32,float32,7,mid_epoch,3.5,3,input_seq_len,128,valid/input_seq_len/accuracy-128,1.0
gdn-h2-ev12-usegate0-s123-d123,gdn-h2-ev12-s123-d123-b64-ga4-fp32-noearly4ep,20260520_gdn_capacity_layout_followup,b64_ga4_fp32_official_gdn,1,123,123,2,12,b64_ga4,float32,float32,8,epoch_end,4.0,3,input_seq_len,128,valid/input_seq_len/accuracy-128,1.0
gdn-h2-ev12-usegate0-s123-d123,gdn-h2-ev12-s123-d123-b64-ga4-fp32-noearly4ep,20260520_gdn_capacity_layout_followup,b64_ga4_fp32_official_gdn,1,123,123,2,12,b64_ga4,float32,float32,1,mid_epoch,0.5,0,input_seq_len,256,valid/input_seq_len/accuracy-256,0.999265625
gdn-h2-ev12-usegate0-s123-d123,gdn-h2-ev12-s123-d123-b64-ga4-fp32-noearly4ep,20260520_gdn_capacity_layout_followup,b64_ga4_fp32_official_gdn,1,123,123,2,12,b64_ga4,float32,float32,2,epoch_end,1.0,0,input_seq_len,256,valid/input_seq_len/accuracy-256,0.999953125
gdn-h2-ev12-usegate0-s123-d123,gdn-h2-ev12-s123-d123-b64-ga4-fp32-noearly4ep,20260520_gdn_capacity_layout_followup,b64_ga4_fp32_official_gdn,1,123,123,2,12,b64_ga4,float32,float32,3,mid_epoch,1.5,1,input_seq_len,256,valid/input_seq_len/accuracy-256,0.999984375
gdn-h2-ev12-usegate0-s123-d123,gdn-h2-ev12-s123-d123-b64-ga4-fp32-noearly4ep,20260520_gdn_capacity_layout_followup,b64_ga4_fp32_official_gdn,1,123,123,2,12,b64_ga4,float32,float32,4,epoch_end,2.0,1,input_seq_len,256,valid/input_seq_len/accuracy-256,1.0
gdn-h2-ev12-usegate0-s123-d123,gdn-h2-ev12-s123-d123-b64-ga4-fp32-noearly4ep,20260520_gdn_capacity_layout_followup,b64_ga4_fp32_official_gdn,1,123,123,2,12,b64_ga4,float32,float32,5,mid_epoch,2.5,2,input_seq_len,256,valid/input_seq_len/accuracy-256,1.0
gdn-h2-ev12-usegate0-s123-d123,gdn-h2-ev12-s123-d123-b64-ga4-fp32-noearly4ep,20260520_gdn_capacity_layout_followup,b64_ga4_fp32_official_gdn,1,123,123,2,12,b64_ga4,float32,float32,6,epoch_end,3.0,2,input_seq_len,256,valid/input_seq_len/accuracy-256,1.0
gdn-h2-ev12-usegate0-s123-d123,gdn-h2-ev12-s123-d123-b64-ga4-fp32-noearly4ep,20260520_gdn_capacity_layout_followup,b64_ga4_fp32_official_gdn,1,123,123,2,12,b64_ga4,float32,float32,7,mid_epoch,3.5,3,input_seq_len,256,valid/input_seq_len/accuracy-256,1.0
gdn-h2-ev12-usegate0-s123-d123,gdn-h2-ev12-s123-d123-b64-ga4-fp32-noearly4ep,20260520_gdn_capacity_layout_followup,b64_ga4_fp32_official_gdn,1,123,123,2,12,b64_ga4,float32,float32,8,epoch_end,4.0,3,input_seq_len,256,valid/input_seq_len/accuracy-256,1.0
gdn-h2-ev12-usegate0-s123-d123,gdn-h2-ev12-s123-d123-b64-ga4-fp32-noearly4ep,20260520_gdn_capacity_layout_followup,b64_ga4_fp32_official_gdn,1,123,123,2,12,b64_ga4,float32,float32,1,mid_epoch,0.5,0,input_seq_len,512,valid/input_seq_len/accuracy-512,0.9731484375
gdn-h2-ev12-usegate0-s123-d123,gdn-h2-ev12-s123-d123-b64-ga4-fp32-noearly4ep,20260520_gdn_capacity_layout_followup,b64_ga4_fp32_official_gdn,1,123,123,2,12,b64_ga4,float32,float32,2,epoch_end,1.0,0,input_seq_len,512,valid/input_seq_len/accuracy-512,0.99543359375
gdn-h2-ev12-usegate0-s123-d123,gdn-h2-ev12-s123-d123-b64-ga4-fp32-noearly4ep,20260520_gdn_capacity_layout_followup,b64_ga4_fp32_official_gdn,1,123,123,2,12,b64_ga4,float32,float32,3,mid_epoch,1.5,1,input_seq_len,512,valid/input_seq_len/accuracy-512,0.99698828125
gdn-h2-ev12-usegate0-s123-d123,gdn-h2-ev12-s123-d123-b64-ga4-fp32-noearly4ep,20260520_gdn_capacity_layout_followup,b64_ga4_fp32_official_gdn,1,123,123,2,12,b64_ga4,float32,float32,4,epoch_end,2.0,1,input_seq_len,512,valid/input_seq_len/accuracy-512,0.99786328125
gdn-h2-ev12-usegate0-s123-d123,gdn-h2-ev12-s123-d123-b64-ga4-fp32-noearly4ep,20260520_gdn_capacity_layout_followup,b64_ga4_fp32_official_gdn,1,123,123,2,12,b64_ga4,float32,float32,5,mid_epoch,2.5,2,input_seq_len,512,valid/input_seq_len/accuracy-512,0.99815234375
gdn-h2-ev12-usegate0-s123-d123,gdn-h2-ev12-s123-d123-b64-ga4-fp32-noearly4ep,20260520_gdn_capacity_layout_followup,b64_ga4_fp32_official_gdn,1,123,123,2,12,b64_ga4,float32,float32,6,epoch_end,3.0,2,input_seq_len,512,valid/input_seq_len/accuracy-512,0.998375
gdn-h2-ev12-usegate0-s123-d123,gdn-h2-ev12-s123-d123-b64-ga4-fp32-noearly4ep,20260520_gdn_capacity_layout_followup,b64_ga4_fp32_official_gdn,1,123,123,2,12,b64_ga4,float32,float32,7,mid_epoch,3.5,3,input_seq_len,512,valid/input_seq_len/accuracy-512,0.99835546875
gdn-h2-ev12-usegate0-s123-d123,gdn-h2-ev12-s123-d123-b64-ga4-fp32-noearly4ep,20260520_gdn_capacity_layout_followup,b64_ga4_fp32_official_gdn,1,123,123,2,12,b64_ga4,float32,float32,8,epoch_end,4.0,3,input_seq_len,512,valid/input_seq_len/accuracy-512,0.99848046875
gdn-h2-ev12-usegate0-s123-d123,gdn-h2-ev12-s123-d123-b64-ga4-fp32-noearly4ep,20260520_gdn_capacity_layout_followup,b64_ga4_fp32_official_gdn,1,123,123,2,12,b64_ga4,float32,float32,1,mid_epoch,0.5,0,input_seq_len,64,valid/input_seq_len/accuracy-64,0.999875
gdn-h2-ev12-usegate0-s123-d123,gdn-h2-ev12-s123-d123-b64-ga4-fp32-noearly4ep,20260520_gdn_capacity_layout_followup,b64_ga4_fp32_official_gdn,1,123,123,2,12,b64_ga4,float32,float32,2,epoch_end,1.0,0,input_seq_len,64,valid/input_seq_len/accuracy-64,0.999875
gdn-h2-ev12-usegate0-s123-d123,gdn-h2-ev12-s123-d123-b64-ga4-fp32-noearly4ep,20260520_gdn_capacity_layout_followup,b64_ga4_fp32_official_gdn,1,123,123,2,12,b64_ga4,float32,float32,3,mid_epoch,1.5,1,input_seq_len,64,valid/input_seq_len/accuracy-64,0.999875
gdn-h2-ev12-usegate0-s123-d123,gdn-h2-ev12-s123-d123-b64-ga4-fp32-noearly4ep,20260520_gdn_capacity_layout_followup,b64_ga4_fp32_official_gdn,1,123,123,2,12,b64_ga4,float32,float32,4,epoch_end,2.0,1,input_seq_len,64,valid/input_seq_len/accuracy-64,0.999875
gdn-h2-ev12-usegate0-s123-d123,gdn-h2-ev12-s123-d123-b64-ga4-fp32-noearly4ep,20260520_gdn_capacity_layout_followup,b64_ga4_fp32_official_gdn,1,123,123,2,12,b64_ga4,float32,float32,5,mid_epoch,2.5,2,input_seq_len,64,valid/input_seq_len/accuracy-64,0.999875
gdn-h2-ev12-usegate0-s123-d123,gdn-h2-ev12-s123-d123-b64-ga4-fp32-noearly4ep,20260520_gdn_capacity_layout_followup,b64_ga4_fp32_official_gdn,1,123,123,2,12,b64_ga4,float32,float32,6,epoch_end,3.0,2,input_seq_len,64,valid/input_seq_len/accuracy-64,0.999875
gdn-h2-ev12-usegate0-s123-d123,gdn-h2-ev12-s123-d123-b64-ga4-fp32-noearly4ep,20260520_gdn_capacity_layout_followup,b64_ga4_fp32_official_gdn,1,123,123,2,12,b64_ga4,float32,float32,7,mid_epoch,3.5,3,input_seq_len,64,valid/input_seq_len/accuracy-64,0.999875
gdn-h2-ev12-usegate0-s123-d123,gdn-h2-ev12-s123-d123-b64-ga4-fp32-noearly4ep,20260520_gdn_capacity_layout_followup,b64_ga4_fp32_official_gdn,1,123,123,2,12,b64_ga4,float32,float32,8,epoch_end,4.0,3,input_seq_len,64,valid/input_seq_len/accuracy-64,0.999875
gdn-h2-ev12-usegate0-s123-d123,gdn-h2-ev12-s123-d123-b64-ga4-fp32-noearly4ep,20260520_gdn_capacity_layout_followup,b64_ga4_fp32_official_gdn,1,123,123,2,12,b64_ga4,float32,float32,1,mid_epoch,0.5,0,mqar_case,1024x256,valid/mqar_case/accuracy-1024x256,0.52630859375
gdn-h2-ev12-usegate0-s123-d123,gdn-h2-ev12-s123-d123-b64-ga4-fp32-noearly4ep,20260520_gdn_capacity_layout_followup,b64_ga4_fp32_official_gdn,1,123,123,2,12,b64_ga4,float32,float32,2,epoch_end,1.0,0,mqar_case,1024x256,valid/mqar_case/accuracy-1024x256,0.75071875
gdn-h2-ev12-usegate0-s123-d123,gdn-h2-ev12-s123-d123-b64-ga4-fp32-noearly4ep,20260520_gdn_capacity_layout_followup,b64_ga4_fp32_official_gdn,1,123,123,2,12,b64_ga4,float32,float32,3,mid_epoch,1.5,1,mqar_case,1024x256,valid/mqar_case/accuracy-1024x256,0.783921875
gdn-h2-ev12-usegate0-s123-d123,gdn-h2-ev12-s123-d123-b64-ga4-fp32-noearly4ep,20260520_gdn_capacity_layout_followup,b64_ga4_fp32_official_gdn,1,123,123,2,12,b64_ga4,float32,float32,4,epoch_end,2.0,1,mqar_case,1024x256,valid/mqar_case/accuracy-1024x256,0.81616796875
gdn-h2-ev12-usegate0-s123-d123,gdn-h2-ev12-s123-d123-b64-ga4-fp32-noearly4ep,20260520_gdn_capacity_layout_followup,b64_ga4_fp32_official_gdn,1,123,123,2,12,b64_ga4,float32,float32,5,mid_epoch,2.5,2,mqar_case,1024x256,valid/mqar_case/accuracy-1024x256,0.82612890625
gdn-h2-ev12-usegate0-s123-d123,gdn-h2-ev12-s123-d123-b64-ga4-fp32-noearly4ep,20260520_gdn_capacity_layout_followup,b64_ga4_fp32_official_gdn,1,123,123,2,12,b64_ga4,float32,float32,6,epoch_end,3.0,2,mqar_case,1024x256,valid/mqar_case/accuracy-1024x256,0.839203125
gdn-h2-ev12-usegate0-s123-d123,gdn-h2-ev12-s123-d123-b64-ga4-fp32-noearly4ep,20260520_gdn_capacity_layout_followup,b64_ga4_fp32_official_gdn,1,123,123,2,12,b64_ga4,float32,float32,7,mid_epoch,3.5,3,mqar_case,1024x256,valid/mqar_case/accuracy-1024x256,0.83820703125
gdn-h2-ev12-usegate0-s123-d123,gdn-h2-ev12-s123-d123-b64-ga4-fp32-noearly4ep,20260520_gdn_capacity_layout_followup,b64_ga4_fp32_official_gdn,1,123,123,2,12,b64_ga4,float32,float32,8,epoch_end,4.0,3,mqar_case,1024x256,valid/mqar_case/accuracy-1024x256,0.84481640625
gdn-h2-ev12-usegate0-s123-d123,gdn-h2-ev12-s123-d123-b64-ga4-fp32-noearly4ep,20260520_gdn_capacity_layout_followup,b64_ga4_fp32_official_gdn,1,123,123,2,12,b64_ga4,float32,float32,1,mid_epoch,0.5,0,mqar_case,128x32,valid/mqar_case/accuracy-128x32,0.99996875
gdn-h2-ev12-usegate0-s123-d123,gdn-h2-ev12-s123-d123-b64-ga4-fp32-noearly4ep,20260520_gdn_capacity_layout_followup,b64_ga4_fp32_official_gdn,1,123,123,2,12,b64_ga4,float32,float32,2,epoch_end,1.0,0,mqar_case,128x32,valid/mqar_case/accuracy-128x32,1.0
gdn-h2-ev12-usegate0-s123-d123,gdn-h2-ev12-s123-d123-b64-ga4-fp32-noearly4ep,20260520_gdn_capacity_layout_followup,b64_ga4_fp32_official_gdn,1,123,123,2,12,b64_ga4,float32,float32,3,mid_epoch,1.5,1,mqar_case,128x32,valid/mqar_case/accuracy-128x32,1.0
gdn-h2-ev12-usegate0-s123-d123,gdn-h2-ev12-s123-d123-b64-ga4-fp32-noearly4ep,20260520_gdn_capacity_layout_followup,b64_ga4_fp32_official_gdn,1,123,123,2,12,b64_ga4,float32,float32,4,epoch_end,2.0,1,mqar_case,128x32,valid/mqar_case/accuracy-128x32,1.0
gdn-h2-ev12-usegate0-s123-d123,gdn-h2-ev12-s123-d123-b64-ga4-fp32-noearly4ep,20260520_gdn_capacity_layout_followup,b64_ga4_fp32_official_gdn,1,123,123,2,12,b64_ga4,float32,float32,5,mid_epoch,2.5,2,mqar_case,128x32,valid/mqar_case/accuracy-128x32,1.0
gdn-h2-ev12-usegate0-s123-d123,gdn-h2-ev12-s123-d123-b64-ga4-fp32-noearly4ep,20260520_gdn_capacity_layout_followup,b64_ga4_fp32_official_gdn,1,123,123,2,12,b64_ga4,float32,float32,6,epoch_end,3.0,2,mqar_case,128x32,valid/mqar_case/accuracy-128x32,1.0
gdn-h2-ev12-usegate0-s123-d123,gdn-h2-ev12-s123-d123-b64-ga4-fp32-noearly4ep,20260520_gdn_capacity_layout_followup,b64_ga4_fp32_official_gdn,1,123,123,2,12,b64_ga4,float32,float32,7,mid_epoch,3.5,3,mqar_case,128x32,valid/mqar_case/accuracy-128x32,1.0
gdn-h2-ev12-usegate0-s123-d123,gdn-h2-ev12-s123-d123-b64-ga4-fp32-noearly4ep,20260520_gdn_capacity_layout_followup,b64_ga4_fp32_official_gdn,1,123,123,2,12,b64_ga4,float32,float32,8,epoch_end,4.0,3,mqar_case,128x32,valid/mqar_case/accuracy-128x32,1.0
gdn-h2-ev12-usegate0-s123-d123,gdn-h2-ev12-s123-d123-b64-ga4-fp32-noearly4ep,20260520_gdn_capacity_layout_followup,b64_ga4_fp32_official_gdn,1,123,123,2,12,b64_ga4,float32,float32,1,mid_epoch,0.5,0,mqar_case,256x64,valid/mqar_case/accuracy-256x64,0.999265625
gdn-h2-ev12-usegate0-s123-d123,gdn-h2-ev12-s123-d123-b64-ga4-fp32-noearly4ep,20260520_gdn_capacity_layout_followup,b64_ga4_fp32_official_gdn,1,123,123,2,12,b64_ga4,float32,float32,2,epoch_end,1.0,0,mqar_case,256x64,valid/mqar_case/accuracy-256x64,0.999953125
gdn-h2-ev12-usegate0-s123-d123,gdn-h2-ev12-s123-d123-b64-ga4-fp32-noearly4ep,20260520_gdn_capacity_layout_followup,b64_ga4_fp32_official_gdn,1,123,123,2,12,b64_ga4,float32,float32,3,mid_epoch,1.5,1,mqar_case,256x64,valid/mqar_case/accuracy-256x64,0.999984375
gdn-h2-ev12-usegate0-s123-d123,gdn-h2-ev12-s123-d123-b64-ga4-fp32-noearly4ep,20260520_gdn_capacity_layout_followup,b64_ga4_fp32_official_gdn,1,123,123,2,12,b64_ga4,float32,float32,4,epoch_end,2.0,1,mqar_case,256x64,valid/mqar_case/accuracy-256x64,1.0
gdn-h2-ev12-usegate0-s123-d123,gdn-h2-ev12-s123-d123-b64-ga4-fp32-noearly4ep,20260520_gdn_capacity_layout_followup,b64_ga4_fp32_official_gdn,1,123,123,2,12,b64_ga4,float32,float32,5,mid_epoch,2.5,2,mqar_case,256x64,valid/mqar_case/accuracy-256x64,1.0
gdn-h2-ev12-usegate0-s123-d123,gdn-h2-ev12-s123-d123-b64-ga4-fp32-noearly4ep,20260520_gdn_capacity_layout_followup,b64_ga4_fp32_official_gdn,1,123,123,2,12,b64_ga4,float32,float32,6,epoch_end,3.0,2,mqar_case,256x64,valid/mqar_case/accuracy-256x64,1.0
gdn-h2-ev12-usegate0-s123-d123,gdn-h2-ev12-s123-d123-b64-ga4-fp32-noearly4ep,20260520_gdn_capacity_layout_followup,b64_ga4_fp32_official_gdn,1,123,123,2,12,b64_ga4,float32,float32,7,mid_epoch,3.5,3,mqar_case,256x64,valid/mqar_case/accuracy-256x64,1.0
gdn-h2-ev12-usegate0-s123-d123,gdn-h2-ev12-s123-d123-b64-ga4-fp32-noearly4ep,20260520_gdn_capacity_layout_followup,b64_ga4_fp32_official_gdn,1,123,123,2,12,b64_ga4,float32,float32,8,epoch_end,4.0,3,mqar_case,256x64,valid/mqar_case/accuracy-256x64,1.0
gdn-h2-ev12-usegate0-s123-d123,gdn-h2-ev12-s123-d123-b64-ga4-fp32-noearly4ep,20260520_gdn_capacity_layout_followup,b64_ga4_fp32_official_gdn,1,123,123,2,12,b64_ga4,float32,float32,1,mid_epoch,0.5,0,mqar_case,512x128,valid/mqar_case/accuracy-512x128,0.9483125
gdn-h2-ev12-usegate0-s123-d123,gdn-h2-ev12-s123-d123-b64-ga4-fp32-noearly4ep,20260520_gdn_capacity_layout_followup,b64_ga4_fp32_official_gdn,1,123,123,2,12,b64_ga4,float32,float32,2,epoch_end,1.0,0,mqar_case,512x128,valid/mqar_case/accuracy-512x128,0.9915546875
gdn-h2-ev12-usegate0-s123-d123,gdn-h2-ev12-s123-d123-b64-ga4-fp32-noearly4ep,20260520_gdn_capacity_layout_followup,b64_ga4_fp32_official_gdn,1,123,123,2,12,b64_ga4,float32,float32,3,mid_epoch,1.5,1,mqar_case,512x128,valid/mqar_case/accuracy-512x128,0.9946796875
gdn-h2-ev12-usegate0-s123-d123,gdn-h2-ev12-s123-d123-b64-ga4-fp32-noearly4ep,20260520_gdn_capacity_layout_followup,b64_ga4_fp32_official_gdn,1,123,123,2,12,b64_ga4,float32,float32,4,epoch_end,2.0,1,mqar_case,512x128,valid/mqar_case/accuracy-512x128,0.9963984375
gdn-h2-ev12-usegate0-s123-d123,gdn-h2-ev12-s123-d123-b64-ga4-fp32-noearly4ep,20260520_gdn_capacity_layout_followup,b64_ga4_fp32_official_gdn,1,123,123,2,12,b64_ga4,float32,float32,5,mid_epoch,2.5,2,mqar_case,512x128,valid/mqar_case/accuracy-512x128,0.9969453125
gdn-h2-ev12-usegate0-s123-d123,gdn-h2-ev12-s123-d123-b64-ga4-fp32-noearly4ep,20260520_gdn_capacity_layout_followup,b64_ga4_fp32_official_gdn,1,123,123,2,12,b64_ga4,float32,float32,6,epoch_end,3.0,2,mqar_case,512x128,valid/mqar_case/accuracy-512x128,0.997421875
gdn-h2-ev12-usegate0-s123-d123,gdn-h2-ev12-s123-d123-b64-ga4-fp32-noearly4ep,20260520_gdn_capacity_layout_followup,b64_ga4_fp32_official_gdn,1,123,123,2,12,b64_ga4,float32,float32,7,mid_epoch,3.5,3,mqar_case,512x128,valid/mqar_case/accuracy-512x128,0.9973671875
gdn-h2-ev12-usegate0-s123-d123,gdn-h2-ev12-s123-d123-b64-ga4-fp32-noearly4ep,20260520_gdn_capacity_layout_followup,b64_ga4_fp32_official_gdn,1,123,123,2,12,b64_ga4,float32,float32,8,epoch_end,4.0,3,mqar_case,512x128,valid/mqar_case/accuracy-512x128,0.9975859375
gdn-h2-ev12-usegate0-s123-d123,gdn-h2-ev12-s123-d123-b64-ga4-fp32-noearly4ep,20260520_gdn_capacity_layout_followup,b64_ga4_fp32_official_gdn,1,123,123,2,12,b64_ga4,float32,float32,1,mid_epoch,0.5,0,mqar_case,512x64,valid/mqar_case/accuracy-512x64,0.997984375
gdn-h2-ev12-usegate0-s123-d123,gdn-h2-ev12-s123-d123-b64-ga4-fp32-noearly4ep,20260520_gdn_capacity_layout_followup,b64_ga4_fp32_official_gdn,1,123,123,2,12,b64_ga4,float32,float32,2,epoch_end,1.0,0,mqar_case,512x64,valid/mqar_case/accuracy-512x64,0.9993125
gdn-h2-ev12-usegate0-s123-d123,gdn-h2-ev12-s123-d123-b64-ga4-fp32-noearly4ep,20260520_gdn_capacity_layout_followup,b64_ga4_fp32_official_gdn,1,123,123,2,12,b64_ga4,float32,float32,3,mid_epoch,1.5,1,mqar_case,512x64,valid/mqar_case/accuracy-512x64,0.999296875
gdn-h2-ev12-usegate0-s123-d123,gdn-h2-ev12-s123-d123-b64-ga4-fp32-noearly4ep,20260520_gdn_capacity_layout_followup,b64_ga4_fp32_official_gdn,1,123,123,2,12,b64_ga4,float32,float32,4,epoch_end,2.0,1,mqar_case,512x64,valid/mqar_case/accuracy-512x64,0.999328125
gdn-h2-ev12-usegate0-s123-d123,gdn-h2-ev12-s123-d123-b64-ga4-fp32-noearly4ep,20260520_gdn_capacity_layout_followup,b64_ga4_fp32_official_gdn,1,123,123,2,12,b64_ga4,float32,float32,5,mid_epoch,2.5,2,mqar_case,512x64,valid/mqar_case/accuracy-512x64,0.999359375
gdn-h2-ev12-usegate0-s123-d123,gdn-h2-ev12-s123-d123-b64-ga4-fp32-noearly4ep,20260520_gdn_capacity_layout_followup,b64_ga4_fp32_official_gdn,1,123,123,2,12,b64_ga4,float32,float32,6,epoch_end,3.0,2,mqar_case,512x64,valid/mqar_case/accuracy-512x64,0.999328125
gdn-h2-ev12-usegate0-s123-d123,gdn-h2-ev12-s123-d123-b64-ga4-fp32-noearly4ep,20260520_gdn_capacity_layout_followup,b64_ga4_fp32_official_gdn,1,123,123,2,12,b64_ga4,float32,float32,7,mid_epoch,3.5,3,mqar_case,512x64,valid/mqar_case/accuracy-512x64,0.99934375
gdn-h2-ev12-usegate0-s123-d123,gdn-h2-ev12-s123-d123-b64-ga4-fp32-noearly4ep,20260520_gdn_capacity_layout_followup,b64_ga4_fp32_official_gdn,1,123,123,2,12,b64_ga4,float32,float32,8,epoch_end,4.0,3,mqar_case,512x64,valid/mqar_case/accuracy-512x64,0.999375
gdn-h2-ev12-usegate0-s123-d123,gdn-h2-ev12-s123-d123-b64-ga4-fp32-noearly4ep,20260520_gdn_capacity_layout_followup,b64_ga4_fp32_official_gdn,1,123,123,2,12,b64_ga4,float32,float32,1,mid_epoch,0.5,0,mqar_case,64x16,valid/mqar_case/accuracy-64x16,1.0
gdn-h2-ev12-usegate0-s123-d123,gdn-h2-ev12-s123-d123-b64-ga4-fp32-noearly4ep,20260520_gdn_capacity_layout_followup,b64_ga4_fp32_official_gdn,1,123,123,2,12,b64_ga4,float32,float32,2,epoch_end,1.0,0,mqar_case,64x16,valid/mqar_case/accuracy-64x16,1.0
gdn-h2-ev12-usegate0-s123-d123,gdn-h2-ev12-s123-d123-b64-ga4-fp32-noearly4ep,20260520_gdn_capacity_layout_followup,b64_ga4_fp32_official_gdn,1,123,123,2,12,b64_ga4,float32,float32,3,mid_epoch,1.5,1,mqar_case,64x16,valid/mqar_case/accuracy-64x16,1.0
gdn-h2-ev12-usegate0-s123-d123,gdn-h2-ev12-s123-d123-b64-ga4-fp32-noearly4ep,20260520_gdn_capacity_layout_followup,b64_ga4_fp32_official_gdn,1,123,123,2,12,b64_ga4,float32,float32,4,epoch_end,2.0,1,mqar_case,64x16,valid/mqar_case/accuracy-64x16,1.0
gdn-h2-ev12-usegate0-s123-d123,gdn-h2-ev12-s123-d123-b64-ga4-fp32-noearly4ep,20260520_gdn_capacity_layout_followup,b64_ga4_fp32_official_gdn,1,123,123,2,12,b64_ga4,float32,float32,5,mid_epoch,2.5,2,mqar_case,64x16,valid/mqar_case/accuracy-64x16,1.0
gdn-h2-ev12-usegate0-s123-d123,gdn-h2-ev12-s123-d123-b64-ga4-fp32-noearly4ep,20260520_gdn_capacity_layout_followup,b64_ga4_fp32_official_gdn,1,123,123,2,12,b64_ga4,float32,float32,6,epoch_end,3.0,2,mqar_case,64x16,valid/mqar_case/accuracy-64x16,1.0
gdn-h2-ev12-usegate0-s123-d123,gdn-h2-ev12-s123-d123-b64-ga4-fp32-noearly4ep,20260520_gdn_capacity_layout_followup,b64_ga4_fp32_official_gdn,1,123,123,2,12,b64_ga4,float32,float32,7,mid_epoch,3.5,3,mqar_case,64x16,valid/mqar_case/accuracy-64x16,1.0
gdn-h2-ev12-usegate0-s123-d123,gdn-h2-ev12-s123-d123-b64-ga4-fp32-noearly4ep,20260520_gdn_capacity_layout_followup,b64_ga4_fp32_official_gdn,1,123,123,2,12,b64_ga4,float32,float32,8,epoch_end,4.0,3,mqar_case,64x16,valid/mqar_case/accuracy-64x16,1.0
gdn-h2-ev12-usegate0-s123-d123,gdn-h2-ev12-s123-d123-b64-ga4-fp32-noearly4ep,20260520_gdn_capacity_layout_followup,b64_ga4_fp32_official_gdn,1,123,123,2,12,b64_ga4,float32,float32,1,mid_epoch,0.5,0,mqar_case,64x4,valid/mqar_case/accuracy-64x4,0.99975
gdn-h2-ev12-usegate0-s123-d123,gdn-h2-ev12-s123-d123-b64-ga4-fp32-noearly4ep,20260520_gdn_capacity_layout_followup,b64_ga4_fp32_official_gdn,1,123,123,2,12,b64_ga4,float32,float32,2,epoch_end,1.0,0,mqar_case,64x4,valid/mqar_case/accuracy-64x4,0.99975
gdn-h2-ev12-usegate0-s123-d123,gdn-h2-ev12-s123-d123-b64-ga4-fp32-noearly4ep,20260520_gdn_capacity_layout_followup,b64_ga4_fp32_official_gdn,1,123,123,2,12,b64_ga4,float32,float32,3,mid_epoch,1.5,1,mqar_case,64x4,valid/mqar_case/accuracy-64x4,0.99975
gdn-h2-ev12-usegate0-s123-d123,gdn-h2-ev12-s123-d123-b64-ga4-fp32-noearly4ep,20260520_gdn_capacity_layout_followup,b64_ga4_fp32_official_gdn,1,123,123,2,12,b64_ga4,float32,float32,4,epoch_end,2.0,1,mqar_case,64x4,valid/mqar_case/accuracy-64x4,0.99975
gdn-h2-ev12-usegate0-s123-d123,gdn-h2-ev12-s123-d123-b64-ga4-fp32-noearly4ep,20260520_gdn_capacity_layout_followup,b64_ga4_fp32_official_gdn,1,123,123,2,12,b64_ga4,float32,float32,5,mid_epoch,2.5,2,mqar_case,64x4,valid/mqar_case/accuracy-64x4,0.99975
gdn-h2-ev12-usegate0-s123-d123,gdn-h2-ev12-s123-d123-b64-ga4-fp32-noearly4ep,20260520_gdn_capacity_layout_followup,b64_ga4_fp32_official_gdn,1,123,123,2,12,b64_ga4,float32,float32,6,epoch_end,3.0,2,mqar_case,64x4,valid/mqar_case/accuracy-64x4,0.99975
gdn-h2-ev12-usegate0-s123-d123,gdn-h2-ev12-s123-d123-b64-ga4-fp32-noearly4ep,20260520_gdn_capacity_layout_followup,b64_ga4_fp32_official_gdn,1,123,123,2,12,b64_ga4,float32,float32,7,mid_epoch,3.5,3,mqar_case,64x4,valid/mqar_case/accuracy-64x4,0.99975
gdn-h2-ev12-usegate0-s123-d123,gdn-h2-ev12-s123-d123-b64-ga4-fp32-noearly4ep,20260520_gdn_capacity_layout_followup,b64_ga4_fp32_official_gdn,1,123,123,2,12,b64_ga4,float32,float32,8,epoch_end,4.0,3,mqar_case,64x4,valid/mqar_case/accuracy-64x4,0.99975
gdn-h2-ev12-usegate0-s123-d123,gdn-h2-ev12-s123-d123-b64-ga4-fp32-noearly4ep,20260520_gdn_capacity_layout_followup,b64_ga4_fp32_official_gdn,1,123,123,2,12,b64_ga4,float32,float32,1,mid_epoch,0.5,0,mqar_case,64x8,valid/mqar_case/accuracy-64x8,0.999875
gdn-h2-ev12-usegate0-s123-d123,gdn-h2-ev12-s123-d123-b64-ga4-fp32-noearly4ep,20260520_gdn_capacity_layout_followup,b64_ga4_fp32_official_gdn,1,123,123,2,12,b64_ga4,float32,float32,2,epoch_end,1.0,0,mqar_case,64x8,valid/mqar_case/accuracy-64x8,0.999875
gdn-h2-ev12-usegate0-s123-d123,gdn-h2-ev12-s123-d123-b64-ga4-fp32-noearly4ep,20260520_gdn_capacity_layout_followup,b64_ga4_fp32_official_gdn,1,123,123,2,12,b64_ga4,float32,float32,3,mid_epoch,1.5,1,mqar_case,64x8,valid/mqar_case/accuracy-64x8,0.999875
gdn-h2-ev12-usegate0-s123-d123,gdn-h2-ev12-s123-d123-b64-ga4-fp32-noearly4ep,20260520_gdn_capacity_layout_followup,b64_ga4_fp32_official_gdn,1,123,123,2,12,b64_ga4,float32,float32,4,epoch_end,2.0,1,mqar_case,64x8,valid/mqar_case/accuracy-64x8,0.999875
gdn-h2-ev12-usegate0-s123-d123,gdn-h2-ev12-s123-d123-b64-ga4-fp32-noearly4ep,20260520_gdn_capacity_layout_followup,b64_ga4_fp32_official_gdn,1,123,123,2,12,b64_ga4,float32,float32,5,mid_epoch,2.5,2,mqar_case,64x8,valid/mqar_case/accuracy-64x8,0.999875
gdn-h2-ev12-usegate0-s123-d123,gdn-h2-ev12-s123-d123-b64-ga4-fp32-noearly4ep,20260520_gdn_capacity_layout_followup,b64_ga4_fp32_official_gdn,1,123,123,2,12,b64_ga4,float32,float32,6,epoch_end,3.0,2,mqar_case,64x8,valid/mqar_case/accuracy-64x8,0.999875
gdn-h2-ev12-usegate0-s123-d123,gdn-h2-ev12-s123-d123-b64-ga4-fp32-noearly4ep,20260520_gdn_capacity_layout_followup,b64_ga4_fp32_official_gdn,1,123,123,2,12,b64_ga4,float32,float32,7,mid_epoch,3.5,3,mqar_case,64x8,valid/mqar_case/accuracy-64x8,0.999875
gdn-h2-ev12-usegate0-s123-d123,gdn-h2-ev12-s123-d123-b64-ga4-fp32-noearly4ep,20260520_gdn_capacity_layout_followup,b64_ga4_fp32_official_gdn,1,123,123,2,12,b64_ga4,float32,float32,8,epoch_end,4.0,3,mqar_case,64x8,valid/mqar_case/accuracy-64x8,0.999875
gdn-h2-ev12-usegate0-s123-d123,gdn-h2-ev12-s123-d123-b64-ga4-fp32-noearly4ep,20260520_gdn_capacity_layout_followup,b64_ga4_fp32_official_gdn,1,123,123,2,12,b64_ga4,float32,float32,1,mid_epoch,0.5,0,num_kv_pairs,128,valid/num_kv_pairs/accuracy-128,0.9483125
gdn-h2-ev12-usegate0-s123-d123,gdn-h2-ev12-s123-d123-b64-ga4-fp32-noearly4ep,20260520_gdn_capacity_layout_followup,b64_ga4_fp32_official_gdn,1,123,123,2,12,b64_ga4,float32,float32,2,epoch_end,1.0,0,num_kv_pairs,128,valid/num_kv_pairs/accuracy-128,0.9915546875
gdn-h2-ev12-usegate0-s123-d123,gdn-h2-ev12-s123-d123-b64-ga4-fp32-noearly4ep,20260520_gdn_capacity_layout_followup,b64_ga4_fp32_official_gdn,1,123,123,2,12,b64_ga4,float32,float32,3,mid_epoch,1.5,1,num_kv_pairs,128,valid/num_kv_pairs/accuracy-128,0.9946796875
gdn-h2-ev12-usegate0-s123-d123,gdn-h2-ev12-s123-d123-b64-ga4-fp32-noearly4ep,20260520_gdn_capacity_layout_followup,b64_ga4_fp32_official_gdn,1,123,123,2,12,b64_ga4,float32,float32,4,epoch_end,2.0,1,num_kv_pairs,128,valid/num_kv_pairs/accuracy-128,0.9963984375
gdn-h2-ev12-usegate0-s123-d123,gdn-h2-ev12-s123-d123-b64-ga4-fp32-noearly4ep,20260520_gdn_capacity_layout_followup,b64_ga4_fp32_official_gdn,1,123,123,2,12,b64_ga4,float32,float32,5,mid_epoch,2.5,2,num_kv_pairs,128,valid/num_kv_pairs/accuracy-128,0.9969453125
gdn-h2-ev12-usegate0-s123-d123,gdn-h2-ev12-s123-d123-b64-ga4-fp32-noearly4ep,20260520_gdn_capacity_layout_followup,b64_ga4_fp32_official_gdn,1,123,123,2,12,b64_ga4,float32,float32,6,epoch_end,3.0,2,num_kv_pairs,128,valid/num_kv_pairs/accuracy-128,0.997421875
gdn-h2-ev12-usegate0-s123-d123,gdn-h2-ev12-s123-d123-b64-ga4-fp32-noearly4ep,20260520_gdn_capacity_layout_followup,b64_ga4_fp32_official_gdn,1,123,123,2,12,b64_ga4,float32,float32,7,mid_epoch,3.5,3,num_kv_pairs,128,valid/num_kv_pairs/accuracy-128,0.9973671875
gdn-h2-ev12-usegate0-s123-d123,gdn-h2-ev12-s123-d123-b64-ga4-fp32-noearly4ep,20260520_gdn_capacity_layout_followup,b64_ga4_fp32_official_gdn,1,123,123,2,12,b64_ga4,float32,float32,8,epoch_end,4.0,3,num_kv_pairs,128,valid/num_kv_pairs/accuracy-128,0.9975859375
gdn-h2-ev12-usegate0-s123-d123,gdn-h2-ev12-s123-d123-b64-ga4-fp32-noearly4ep,20260520_gdn_capacity_layout_followup,b64_ga4_fp32_official_gdn,1,123,123,2,12,b64_ga4,float32,float32,1,mid_epoch,0.5,0,num_kv_pairs,16,valid/num_kv_pairs/accuracy-16,1.0
gdn-h2-ev12-usegate0-s123-d123,gdn-h2-ev12-s123-d123-b64-ga4-fp32-noearly4ep,20260520_gdn_capacity_layout_followup,b64_ga4_fp32_official_gdn,1,123,123,2,12,b64_ga4,float32,float32,2,epoch_end,1.0,0,num_kv_pairs,16,valid/num_kv_pairs/accuracy-16,1.0
gdn-h2-ev12-usegate0-s123-d123,gdn-h2-ev12-s123-d123-b64-ga4-fp32-noearly4ep,20260520_gdn_capacity_layout_followup,b64_ga4_fp32_official_gdn,1,123,123,2,12,b64_ga4,float32,float32,3,mid_epoch,1.5,1,num_kv_pairs,16,valid/num_kv_pairs/accuracy-16,1.0
gdn-h2-ev12-usegate0-s123-d123,gdn-h2-ev12-s123-d123-b64-ga4-fp32-noearly4ep,20260520_gdn_capacity_layout_followup,b64_ga4_fp32_official_gdn,1,123,123,2,12,b64_ga4,float32,float32,4,epoch_end,2.0,1,num_kv_pairs,16,valid/num_kv_pairs/accuracy-16,1.0
gdn-h2-ev12-usegate0-s123-d123,gdn-h2-ev12-s123-d123-b64-ga4-fp32-noearly4ep,20260520_gdn_capacity_layout_followup,b64_ga4_fp32_official_gdn,1,123,123,2,12,b64_ga4,float32,float32,5,mid_epoch,2.5,2,num_kv_pairs,16,valid/num_kv_pairs/accuracy-16,1.0
gdn-h2-ev12-usegate0-s123-d123,gdn-h2-ev12-s123-d123-b64-ga4-fp32-noearly4ep,20260520_gdn_capacity_layout_followup,b64_ga4_fp32_official_gdn,1,123,123,2,12,b64_ga4,float32,float32,6,epoch_end,3.0,2,num_kv_pairs,16,valid/num_kv_pairs/accuracy-16,1.0
gdn-h2-ev12-usegate0-s123-d123,gdn-h2-ev12-s123-d123-b64-ga4-fp32-noearly4ep,20260520_gdn_capacity_layout_followup,b64_ga4_fp32_official_gdn,1,123,123,2,12,b64_ga4,float32,float32,7,mid_epoch,3.5,3,num_kv_pairs,16,valid/num_kv_pairs/accuracy-16,1.0
gdn-h2-ev12-usegate0-s123-d123,gdn-h2-ev12-s123-d123-b64-ga4-fp32-noearly4ep,20260520_gdn_capacity_layout_followup,b64_ga4_fp32_official_gdn,1,123,123,2,12,b64_ga4,float32,float32,8,epoch_end,4.0,3,num_kv_pairs,16,valid/num_kv_pairs/accuracy-16,1.0
gdn-h2-ev12-usegate0-s123-d123,gdn-h2-ev12-s123-d123-b64-ga4-fp32-noearly4ep,20260520_gdn_capacity_layout_followup,b64_ga4_fp32_official_gdn,1,123,123,2,12,b64_ga4,float32,float32,1,mid_epoch,0.5,0,num_kv_pairs,256,valid/num_kv_pairs/accuracy-256,0.52630859375
gdn-h2-ev12-usegate0-s123-d123,gdn-h2-ev12-s123-d123-b64-ga4-fp32-noearly4ep,20260520_gdn_capacity_layout_followup,b64_ga4_fp32_official_gdn,1,123,123,2,12,b64_ga4,float32,float32,2,epoch_end,1.0,0,num_kv_pairs,256,valid/num_kv_pairs/accuracy-256,0.75071875
gdn-h2-ev12-usegate0-s123-d123,gdn-h2-ev12-s123-d123-b64-ga4-fp32-noearly4ep,20260520_gdn_capacity_layout_followup,b64_ga4_fp32_official_gdn,1,123,123,2,12,b64_ga4,float32,float32,3,mid_epoch,1.5,1,num_kv_pairs,256,valid/num_kv_pairs/accuracy-256,0.783921875
gdn-h2-ev12-usegate0-s123-d123,gdn-h2-ev12-s123-d123-b64-ga4-fp32-noearly4ep,20260520_gdn_capacity_layout_followup,b64_ga4_fp32_official_gdn,1,123,123,2,12,b64_ga4,float32,float32,4,epoch_end,2.0,1,num_kv_pairs,256,valid/num_kv_pairs/accuracy-256,0.81616796875
gdn-h2-ev12-usegate0-s123-d123,gdn-h2-ev12-s123-d123-b64-ga4-fp32-noearly4ep,20260520_gdn_capacity_layout_followup,b64_ga4_fp32_official_gdn,1,123,123,2,12,b64_ga4,float32,float32,5,mid_epoch,2.5,2,num_kv_pairs,256,valid/num_kv_pairs/accuracy-256,0.82612890625
gdn-h2-ev12-usegate0-s123-d123,gdn-h2-ev12-s123-d123-b64-ga4-fp32-noearly4ep,20260520_gdn_capacity_layout_followup,b64_ga4_fp32_official_gdn,1,123,123,2,12,b64_ga4,float32,float32,6,epoch_end,3.0,2,num_kv_pairs,256,valid/num_kv_pairs/accuracy-256,0.839203125
gdn-h2-ev12-usegate0-s123-d123,gdn-h2-ev12-s123-d123-b64-ga4-fp32-noearly4ep,20260520_gdn_capacity_layout_followup,b64_ga4_fp32_official_gdn,1,123,123,2,12,b64_ga4,float32,float32,7,mid_epoch,3.5,3,num_kv_pairs,256,valid/num_kv_pairs/accuracy-256,0.83820703125
gdn-h2-ev12-usegate0-s123-d123,gdn-h2-ev12-s123-d123-b64-ga4-fp32-noearly4ep,20260520_gdn_capacity_layout_followup,b64_ga4_fp32_official_gdn,1,123,123,2,12,b64_ga4,float32,float32,8,epoch_end,4.0,3,num_kv_pairs,256,valid/num_kv_pairs/accuracy-256,0.84481640625
gdn-h2-ev12-usegate0-s123-d123,gdn-h2-ev12-s123-d123-b64-ga4-fp32-noearly4ep,20260520_gdn_capacity_layout_followup,b64_ga4_fp32_official_gdn,1,123,123,2,12,b64_ga4,float32,float32,1,mid_epoch,0.5,0,num_kv_pairs,32,valid/num_kv_pairs/accuracy-32,0.99996875
gdn-h2-ev12-usegate0-s123-d123,gdn-h2-ev12-s123-d123-b64-ga4-fp32-noearly4ep,20260520_gdn_capacity_layout_followup,b64_ga4_fp32_official_gdn,1,123,123,2,12,b64_ga4,float32,float32,2,epoch_end,1.0,0,num_kv_pairs,32,valid/num_kv_pairs/accuracy-32,1.0
gdn-h2-ev12-usegate0-s123-d123,gdn-h2-ev12-s123-d123-b64-ga4-fp32-noearly4ep,20260520_gdn_capacity_layout_followup,b64_ga4_fp32_official_gdn,1,123,123,2,12,b64_ga4,float32,float32,3,mid_epoch,1.5,1,num_kv_pairs,32,valid/num_kv_pairs/accuracy-32,1.0
gdn-h2-ev12-usegate0-s123-d123,gdn-h2-ev12-s123-d123-b64-ga4-fp32-noearly4ep,20260520_gdn_capacity_layout_followup,b64_ga4_fp32_official_gdn,1,123,123,2,12,b64_ga4,float32,float32,4,epoch_end,2.0,1,num_kv_pairs,32,valid/num_kv_pairs/accuracy-32,1.0
gdn-h2-ev12-usegate0-s123-d123,gdn-h2-ev12-s123-d123-b64-ga4-fp32-noearly4ep,20260520_gdn_capacity_layout_followup,b64_ga4_fp32_official_gdn,1,123,123,2,12,b64_ga4,float32,float32,5,mid_epoch,2.5,2,num_kv_pairs,32,valid/num_kv_pairs/accuracy-32,1.0
gdn-h2-ev12-usegate0-s123-d123,gdn-h2-ev12-s123-d123-b64-ga4-fp32-noearly4ep,20260520_gdn_capacity_layout_followup,b64_ga4_fp32_official_gdn,1,123,123,2,12,b64_ga4,float32,float32,6,epoch_end,3.0,2,num_kv_pairs,32,valid/num_kv_pairs/accuracy-32,1.0
gdn-h2-ev12-usegate0-s123-d123,gdn-h2-ev12-s123-d123-b64-ga4-fp32-noearly4ep,20260520_gdn_capacity_layout_followup,b64_ga4_fp32_official_gdn,1,123,123,2,12,b64_ga4,float32,float32,7,mid_epoch,3.5,3,num_kv_pairs,32,valid/num_kv_pairs/accuracy-32,1.0
gdn-h2-ev12-usegate0-s123-d123,gdn-h2-ev12-s123-d123-b64-ga4-fp32-noearly4ep,20260520_gdn_capacity_layout_followup,b64_ga4_fp32_official_gdn,1,123,123,2,12,b64_ga4,float32,float32,8,epoch_end,4.0,3,num_kv_pairs,32,valid/num_kv_pairs/accuracy-32,1.0
gdn-h2-ev12-usegate0-s123-d123,gdn-h2-ev12-s123-d123-b64-ga4-fp32-noearly4ep,20260520_gdn_capacity_layout_followup,b64_ga4_fp32_official_gdn,1,123,123,2,12,b64_ga4,float32,float32,1,mid_epoch,0.5,0,num_kv_pairs,4,valid/num_kv_pairs/accuracy-4,0.99975
gdn-h2-ev12-usegate0-s123-d123,gdn-h2-ev12-s123-d123-b64-ga4-fp32-noearly4ep,20260520_gdn_capacity_layout_followup,b64_ga4_fp32_official_gdn,1,123,123,2,12,b64_ga4,float32,float32,2,epoch_end,1.0,0,num_kv_pairs,4,valid/num_kv_pairs/accuracy-4,0.99975
gdn-h2-ev12-usegate0-s123-d123,gdn-h2-ev12-s123-d123-b64-ga4-fp32-noearly4ep,20260520_gdn_capacity_layout_followup,b64_ga4_fp32_official_gdn,1,123,123,2,12,b64_ga4,float32,float32,3,mid_epoch,1.5,1,num_kv_pairs,4,valid/num_kv_pairs/accuracy-4,0.99975
gdn-h2-ev12-usegate0-s123-d123,gdn-h2-ev12-s123-d123-b64-ga4-fp32-noearly4ep,20260520_gdn_capacity_layout_followup,b64_ga4_fp32_official_gdn,1,123,123,2,12,b64_ga4,float32,float32,4,epoch_end,2.0,1,num_kv_pairs,4,valid/num_kv_pairs/accuracy-4,0.99975
gdn-h2-ev12-usegate0-s123-d123,gdn-h2-ev12-s123-d123-b64-ga4-fp32-noearly4ep,20260520_gdn_capacity_layout_followup,b64_ga4_fp32_official_gdn,1,123,123,2,12,b64_ga4,float32,float32,5,mid_epoch,2.5,2,num_kv_pairs,4,valid/num_kv_pairs/accuracy-4,0.99975
gdn-h2-ev12-usegate0-s123-d123,gdn-h2-ev12-s123-d123-b64-ga4-fp32-noearly4ep,20260520_gdn_capacity_layout_followup,b64_ga4_fp32_official_gdn,1,123,123,2,12,b64_ga4,float32,float32,6,epoch_end,3.0,2,num_kv_pairs,4,valid/num_kv_pairs/accuracy-4,0.99975
gdn-h2-ev12-usegate0-s123-d123,gdn-h2-ev12-s123-d123-b64-ga4-fp32-noearly4ep,20260520_gdn_capacity_layout_followup,b64_ga4_fp32_official_gdn,1,123,123,2,12,b64_ga4,float32,float32,7,mid_epoch,3.5,3,num_kv_pairs,4,valid/num_kv_pairs/accuracy-4,0.99975
gdn-h2-ev12-usegate0-s123-d123,gdn-h2-ev12-s123-d123-b64-ga4-fp32-noearly4ep,20260520_gdn_capacity_layout_followup,b64_ga4_fp32_official_gdn,1,123,123,2,12,b64_ga4,float32,float32,8,epoch_end,4.0,3,num_kv_pairs,4,valid/num_kv_pairs/accuracy-4,0.99975
gdn-h2-ev12-usegate0-s123-d123,gdn-h2-ev12-s123-d123-b64-ga4-fp32-noearly4ep,20260520_gdn_capacity_layout_followup,b64_ga4_fp32_official_gdn,1,123,123,2,12,b64_ga4,float32,float32,1,mid_epoch,0.5,0,num_kv_pairs,64,valid/num_kv_pairs/accuracy-64,0.998625
gdn-h2-ev12-usegate0-s123-d123,gdn-h2-ev12-s123-d123-b64-ga4-fp32-noearly4ep,20260520_gdn_capacity_layout_followup,b64_ga4_fp32_official_gdn,1,123,123,2,12,b64_ga4,float32,float32,2,epoch_end,1.0,0,num_kv_pairs,64,valid/num_kv_pairs/accuracy-64,0.9996328125
gdn-h2-ev12-usegate0-s123-d123,gdn-h2-ev12-s123-d123-b64-ga4-fp32-noearly4ep,20260520_gdn_capacity_layout_followup,b64_ga4_fp32_official_gdn,1,123,123,2,12,b64_ga4,float32,float32,3,mid_epoch,1.5,1,num_kv_pairs,64,valid/num_kv_pairs/accuracy-64,0.999640625
gdn-h2-ev12-usegate0-s123-d123,gdn-h2-ev12-s123-d123-b64-ga4-fp32-noearly4ep,20260520_gdn_capacity_layout_followup,b64_ga4_fp32_official_gdn,1,123,123,2,12,b64_ga4,float32,float32,4,epoch_end,2.0,1,num_kv_pairs,64,valid/num_kv_pairs/accuracy-64,0.9996640625
gdn-h2-ev12-usegate0-s123-d123,gdn-h2-ev12-s123-d123-b64-ga4-fp32-noearly4ep,20260520_gdn_capacity_layout_followup,b64_ga4_fp32_official_gdn,1,123,123,2,12,b64_ga4,float32,float32,5,mid_epoch,2.5,2,num_kv_pairs,64,valid/num_kv_pairs/accuracy-64,0.9996796875
gdn-h2-ev12-usegate0-s123-d123,gdn-h2-ev12-s123-d123-b64-ga4-fp32-noearly4ep,20260520_gdn_capacity_layout_followup,b64_ga4_fp32_official_gdn,1,123,123,2,12,b64_ga4,float32,float32,6,epoch_end,3.0,2,num_kv_pairs,64,valid/num_kv_pairs/accuracy-64,0.9996640625
gdn-h2-ev12-usegate0-s123-d123,gdn-h2-ev12-s123-d123-b64-ga4-fp32-noearly4ep,20260520_gdn_capacity_layout_followup,b64_ga4_fp32_official_gdn,1,123,123,2,12,b64_ga4,float32,float32,7,mid_epoch,3.5,3,num_kv_pairs,64,valid/num_kv_pairs/accuracy-64,0.999671875
gdn-h2-ev12-usegate0-s123-d123,gdn-h2-ev12-s123-d123-b64-ga4-fp32-noearly4ep,20260520_gdn_capacity_layout_followup,b64_ga4_fp32_official_gdn,1,123,123,2,12,b64_ga4,float32,float32,8,epoch_end,4.0,3,num_kv_pairs,64,valid/num_kv_pairs/accuracy-64,0.9996875
gdn-h2-ev12-usegate0-s123-d123,gdn-h2-ev12-s123-d123-b64-ga4-fp32-noearly4ep,20260520_gdn_capacity_layout_followup,b64_ga4_fp32_official_gdn,1,123,123,2,12,b64_ga4,float32,float32,1,mid_epoch,0.5,0,num_kv_pairs,8,valid/num_kv_pairs/accuracy-8,0.999875
gdn-h2-ev12-usegate0-s123-d123,gdn-h2-ev12-s123-d123-b64-ga4-fp32-noearly4ep,20260520_gdn_capacity_layout_followup,b64_ga4_fp32_official_gdn,1,123,123,2,12,b64_ga4,float32,float32,2,epoch_end,1.0,0,num_kv_pairs,8,valid/num_kv_pairs/accuracy-8,0.999875
gdn-h2-ev12-usegate0-s123-d123,gdn-h2-ev12-s123-d123-b64-ga4-fp32-noearly4ep,20260520_gdn_capacity_layout_followup,b64_ga4_fp32_official_gdn,1,123,123,2,12,b64_ga4,float32,float32,3,mid_epoch,1.5,1,num_kv_pairs,8,valid/num_kv_pairs/accuracy-8,0.999875
gdn-h2-ev12-usegate0-s123-d123,gdn-h2-ev12-s123-d123-b64-ga4-fp32-noearly4ep,20260520_gdn_capacity_layout_followup,b64_ga4_fp32_official_gdn,1,123,123,2,12,b64_ga4,float32,float32,4,epoch_end,2.0,1,num_kv_pairs,8,valid/num_kv_pairs/accuracy-8,0.999875
gdn-h2-ev12-usegate0-s123-d123,gdn-h2-ev12-s123-d123-b64-ga4-fp32-noearly4ep,20260520_gdn_capacity_layout_followup,b64_ga4_fp32_official_gdn,1,123,123,2,12,b64_ga4,float32,float32,5,mid_epoch,2.5,2,num_kv_pairs,8,valid/num_kv_pairs/accuracy-8,0.999875
gdn-h2-ev12-usegate0-s123-d123,gdn-h2-ev12-s123-d123-b64-ga4-fp32-noearly4ep,20260520_gdn_capacity_layout_followup,b64_ga4_fp32_official_gdn,1,123,123,2,12,b64_ga4,float32,float32,6,epoch_end,3.0,2,num_kv_pairs,8,valid/num_kv_pairs/accuracy-8,0.999875
gdn-h2-ev12-usegate0-s123-d123,gdn-h2-ev12-s123-d123-b64-ga4-fp32-noearly4ep,20260520_gdn_capacity_layout_followup,b64_ga4_fp32_official_gdn,1,123,123,2,12,b64_ga4,float32,float32,7,mid_epoch,3.5,3,num_kv_pairs,8,valid/num_kv_pairs/accuracy-8,0.999875
gdn-h2-ev12-usegate0-s123-d123,gdn-h2-ev12-s123-d123-b64-ga4-fp32-noearly4ep,20260520_gdn_capacity_layout_followup,b64_ga4_fp32_official_gdn,1,123,123,2,12,b64_ga4,float32,float32,8,epoch_end,4.0,3,num_kv_pairs,8,valid/num_kv_pairs/accuracy-8,0.999875
