target,train_step,layer_idx,head_idx,block_idx,token_idx,input_hash,target_hash,top1_match,topk_exact_match,topk_overlap_ratio,ids_2080ti,ids_3090
default-r2,0,1,0,16,0,2b16372207e3344688f093f9c78460489a485fa6,60c33dc441937d75a986217023e83ee5748a59f5,True,True,1.0,"[9,8]","[9,8]"
default-r2,0,1,0,16,2,2b16372207e3344688f093f9c78460489a485fa6,60c33dc441937d75a986217023e83ee5748a59f5,True,True,1.0,"[54,40]","[54,40]"
default-r2,0,1,0,16,4,2b16372207e3344688f093f9c78460489a485fa6,60c33dc441937d75a986217023e83ee5748a59f5,True,True,1.0,"[62,25]","[62,25]"
default-r2,0,1,0,16,6,2b16372207e3344688f093f9c78460489a485fa6,60c33dc441937d75a986217023e83ee5748a59f5,True,True,1.0,"[28,46]","[28,46]"
default-r2,0,1,0,16,8,2b16372207e3344688f093f9c78460489a485fa6,60c33dc441937d75a986217023e83ee5748a59f5,True,True,1.0,"[47,4]","[47,4]"
default-r2,0,1,0,16,10,2b16372207e3344688f093f9c78460489a485fa6,60c33dc441937d75a986217023e83ee5748a59f5,True,True,1.0,"[33,57]","[33,57]"
default-r2,0,1,0,16,12,2b16372207e3344688f093f9c78460489a485fa6,60c33dc441937d75a986217023e83ee5748a59f5,True,True,1.0,"[26,54]","[26,54]"
default-r2,0,1,0,16,14,2b16372207e3344688f093f9c78460489a485fa6,60c33dc441937d75a986217023e83ee5748a59f5,True,True,1.0,"[50,39]","[50,39]"
default-r2,0,1,1,16,0,2b16372207e3344688f093f9c78460489a485fa6,60c33dc441937d75a986217023e83ee5748a59f5,True,True,1.0,"[40,49]","[40,49]"
default-r2,0,1,1,16,2,2b16372207e3344688f093f9c78460489a485fa6,60c33dc441937d75a986217023e83ee5748a59f5,True,True,1.0,"[16,59]","[16,59]"
default-r2,0,1,1,16,4,2b16372207e3344688f093f9c78460489a485fa6,60c33dc441937d75a986217023e83ee5748a59f5,True,True,1.0,"[18,21]","[18,21]"
default-r2,0,1,1,16,6,2b16372207e3344688f093f9c78460489a485fa6,60c33dc441937d75a986217023e83ee5748a59f5,True,True,1.0,"[22,61]","[22,61]"
default-r2,0,1,1,16,8,2b16372207e3344688f093f9c78460489a485fa6,60c33dc441937d75a986217023e83ee5748a59f5,True,True,1.0,"[63,33]","[63,33]"
default-r2,0,1,1,16,10,2b16372207e3344688f093f9c78460489a485fa6,60c33dc441937d75a986217023e83ee5748a59f5,True,True,1.0,"[60,11]","[60,11]"
default-r2,0,1,1,16,12,2b16372207e3344688f093f9c78460489a485fa6,60c33dc441937d75a986217023e83ee5748a59f5,True,True,1.0,"[51,34]","[51,34]"
default-r2,0,1,1,16,14,2b16372207e3344688f093f9c78460489a485fa6,60c33dc441937d75a986217023e83ee5748a59f5,True,True,1.0,"[44,58]","[44,58]"
default-r2,0,1,0,16,0,57d6c25a7898568911088c4c8f3a08f3832ca730,84be71223ef6443c5775b6175b7dc4de57f447fd,True,True,1.0,"[24,23]","[24,23]"
default-r2,0,1,0,16,2,57d6c25a7898568911088c4c8f3a08f3832ca730,84be71223ef6443c5775b6175b7dc4de57f447fd,True,True,1.0,"[1,38]","[1,38]"
default-r2,0,1,0,16,4,57d6c25a7898568911088c4c8f3a08f3832ca730,84be71223ef6443c5775b6175b7dc4de57f447fd,True,True,1.0,"[6,19]","[6,19]"
default-r2,0,1,0,16,6,57d6c25a7898568911088c4c8f3a08f3832ca730,84be71223ef6443c5775b6175b7dc4de57f447fd,True,True,1.0,"[1,40]","[1,40]"
default-r2,0,1,0,16,8,57d6c25a7898568911088c4c8f3a08f3832ca730,84be71223ef6443c5775b6175b7dc4de57f447fd,True,True,1.0,"[8,52]","[8,52]"
default-r2,0,1,0,16,10,57d6c25a7898568911088c4c8f3a08f3832ca730,84be71223ef6443c5775b6175b7dc4de57f447fd,True,True,1.0,"[36,59]","[36,59]"
default-r2,0,1,0,16,12,57d6c25a7898568911088c4c8f3a08f3832ca730,84be71223ef6443c5775b6175b7dc4de57f447fd,True,True,1.0,"[40,34]","[40,34]"
default-r2,0,1,0,16,14,57d6c25a7898568911088c4c8f3a08f3832ca730,84be71223ef6443c5775b6175b7dc4de57f447fd,True,True,1.0,"[11,1]","[11,1]"
default-r2,0,1,1,16,0,57d6c25a7898568911088c4c8f3a08f3832ca730,84be71223ef6443c5775b6175b7dc4de57f447fd,True,True,1.0,"[47,27]","[47,27]"
default-r2,0,1,1,16,2,57d6c25a7898568911088c4c8f3a08f3832ca730,84be71223ef6443c5775b6175b7dc4de57f447fd,True,True,1.0,"[8,60]","[8,60]"
default-r2,0,1,1,16,4,57d6c25a7898568911088c4c8f3a08f3832ca730,84be71223ef6443c5775b6175b7dc4de57f447fd,True,True,1.0,"[54,57]","[54,57]"
default-r2,0,1,1,16,6,57d6c25a7898568911088c4c8f3a08f3832ca730,84be71223ef6443c5775b6175b7dc4de57f447fd,True,True,1.0,"[17,25]","[17,25]"
default-r2,0,1,1,16,8,57d6c25a7898568911088c4c8f3a08f3832ca730,84be71223ef6443c5775b6175b7dc4de57f447fd,True,True,1.0,"[16,20]","[16,20]"
default-r2,0,1,1,16,10,57d6c25a7898568911088c4c8f3a08f3832ca730,84be71223ef6443c5775b6175b7dc4de57f447fd,True,True,1.0,"[7,13]","[7,13]"
default-r2,0,1,1,16,12,57d6c25a7898568911088c4c8f3a08f3832ca730,84be71223ef6443c5775b6175b7dc4de57f447fd,True,True,1.0,"[27,49]","[27,49]"
default-r2,0,1,1,16,14,57d6c25a7898568911088c4c8f3a08f3832ca730,84be71223ef6443c5775b6175b7dc4de57f447fd,True,True,1.0,"[31,57]","[31,57]"
default-r2,0,1,0,16,0,94b5e28fac745823455a38183868d2d18757f68a,23112f2c9e8a12a570d12825eb99d088bd74b8a2,True,True,1.0,"[48,24]","[48,24]"
default-r2,0,1,0,16,2,94b5e28fac745823455a38183868d2d18757f68a,23112f2c9e8a12a570d12825eb99d088bd74b8a2,True,True,1.0,"[19,51]","[19,51]"
default-r2,0,1,0,16,4,94b5e28fac745823455a38183868d2d18757f68a,23112f2c9e8a12a570d12825eb99d088bd74b8a2,True,True,1.0,"[11,3]","[11,3]"
default-r2,0,1,0,16,6,94b5e28fac745823455a38183868d2d18757f68a,23112f2c9e8a12a570d12825eb99d088bd74b8a2,True,True,1.0,"[53,50]","[53,50]"
default-r2,0,1,0,16,8,94b5e28fac745823455a38183868d2d18757f68a,23112f2c9e8a12a570d12825eb99d088bd74b8a2,True,True,1.0,"[25,23]","[25,23]"
default-r2,0,1,0,16,10,94b5e28fac745823455a38183868d2d18757f68a,23112f2c9e8a12a570d12825eb99d088bd74b8a2,True,True,1.0,"[7,16]","[7,16]"
default-r2,0,1,0,16,12,94b5e28fac745823455a38183868d2d18757f68a,23112f2c9e8a12a570d12825eb99d088bd74b8a2,True,True,1.0,"[62,2]","[62,2]"
default-r2,0,1,0,16,14,94b5e28fac745823455a38183868d2d18757f68a,23112f2c9e8a12a570d12825eb99d088bd74b8a2,True,True,1.0,"[19,27]","[19,27]"
default-r2,0,1,1,16,0,94b5e28fac745823455a38183868d2d18757f68a,23112f2c9e8a12a570d12825eb99d088bd74b8a2,True,True,1.0,"[27,49]","[27,49]"
default-r2,0,1,1,16,2,94b5e28fac745823455a38183868d2d18757f68a,23112f2c9e8a12a570d12825eb99d088bd74b8a2,True,True,1.0,"[60,3]","[60,3]"
default-r2,0,1,1,16,4,94b5e28fac745823455a38183868d2d18757f68a,23112f2c9e8a12a570d12825eb99d088bd74b8a2,True,True,1.0,"[21,41]","[21,41]"
default-r2,0,1,1,16,6,94b5e28fac745823455a38183868d2d18757f68a,23112f2c9e8a12a570d12825eb99d088bd74b8a2,True,True,1.0,"[12,2]","[12,2]"
default-r2,0,1,1,16,8,94b5e28fac745823455a38183868d2d18757f68a,23112f2c9e8a12a570d12825eb99d088bd74b8a2,True,True,1.0,"[9,25]","[9,25]"
default-r2,0,1,1,16,10,94b5e28fac745823455a38183868d2d18757f68a,23112f2c9e8a12a570d12825eb99d088bd74b8a2,True,True,1.0,"[14,1]","[14,1]"
default-r2,0,1,1,16,12,94b5e28fac745823455a38183868d2d18757f68a,23112f2c9e8a12a570d12825eb99d088bd74b8a2,True,True,1.0,"[12,35]","[12,35]"
default-r2,0,1,1,16,14,94b5e28fac745823455a38183868d2d18757f68a,23112f2c9e8a12a570d12825eb99d088bd74b8a2,True,True,1.0,"[35,10]","[35,10]"
default-r2,0,1,0,16,0,d644ccabbb7508d5d47c7b231c4d3f82ee470f83,8271e9c7f7153b815a28ad2c27f6deb575833cad,True,True,1.0,"[55,62]","[55,62]"
default-r2,0,1,0,16,2,d644ccabbb7508d5d47c7b231c4d3f82ee470f83,8271e9c7f7153b815a28ad2c27f6deb575833cad,True,True,1.0,"[11,46]","[11,46]"
default-r2,0,1,0,16,4,d644ccabbb7508d5d47c7b231c4d3f82ee470f83,8271e9c7f7153b815a28ad2c27f6deb575833cad,True,True,1.0,"[62,63]","[62,63]"
default-r2,0,1,0,16,6,d644ccabbb7508d5d47c7b231c4d3f82ee470f83,8271e9c7f7153b815a28ad2c27f6deb575833cad,True,True,1.0,"[11,5]","[11,5]"
default-r2,0,1,0,16,8,d644ccabbb7508d5d47c7b231c4d3f82ee470f83,8271e9c7f7153b815a28ad2c27f6deb575833cad,True,True,1.0,"[23,27]","[23,27]"
default-r2,0,1,0,16,10,d644ccabbb7508d5d47c7b231c4d3f82ee470f83,8271e9c7f7153b815a28ad2c27f6deb575833cad,True,True,1.0,"[2,59]","[2,59]"
default-r2,0,1,0,16,12,d644ccabbb7508d5d47c7b231c4d3f82ee470f83,8271e9c7f7153b815a28ad2c27f6deb575833cad,True,True,1.0,"[20,12]","[20,12]"
default-r2,0,1,0,16,14,d644ccabbb7508d5d47c7b231c4d3f82ee470f83,8271e9c7f7153b815a28ad2c27f6deb575833cad,True,True,1.0,"[20,3]","[20,3]"
default-r2,0,1,1,16,0,d644ccabbb7508d5d47c7b231c4d3f82ee470f83,8271e9c7f7153b815a28ad2c27f6deb575833cad,True,True,1.0,"[50,43]","[50,43]"
default-r2,0,1,1,16,2,d644ccabbb7508d5d47c7b231c4d3f82ee470f83,8271e9c7f7153b815a28ad2c27f6deb575833cad,True,True,1.0,"[32,27]","[32,27]"
default-r2,0,1,1,16,4,d644ccabbb7508d5d47c7b231c4d3f82ee470f83,8271e9c7f7153b815a28ad2c27f6deb575833cad,True,True,1.0,"[27,33]","[27,33]"
default-r2,0,1,1,16,6,d644ccabbb7508d5d47c7b231c4d3f82ee470f83,8271e9c7f7153b815a28ad2c27f6deb575833cad,True,True,1.0,"[31,50]","[31,50]"
default-r2,0,1,1,16,8,d644ccabbb7508d5d47c7b231c4d3f82ee470f83,8271e9c7f7153b815a28ad2c27f6deb575833cad,True,True,1.0,"[55,53]","[55,53]"
default-r2,0,1,1,16,10,d644ccabbb7508d5d47c7b231c4d3f82ee470f83,8271e9c7f7153b815a28ad2c27f6deb575833cad,True,True,1.0,"[18,12]","[18,12]"
default-r2,0,1,1,16,12,d644ccabbb7508d5d47c7b231c4d3f82ee470f83,8271e9c7f7153b815a28ad2c27f6deb575833cad,True,True,1.0,"[35,59]","[35,59]"
default-r2,0,1,1,16,14,d644ccabbb7508d5d47c7b231c4d3f82ee470f83,8271e9c7f7153b815a28ad2c27f6deb575833cad,True,True,1.0,"[38,20]","[38,20]"
default-r2,16,1,0,16,0,2b16372207e3344688f093f9c78460489a485fa6,60c33dc441937d75a986217023e83ee5748a59f5,True,False,0.5,"[8,9]","[8,25]"
default-r2,16,1,0,16,2,2b16372207e3344688f093f9c78460489a485fa6,60c33dc441937d75a986217023e83ee5748a59f5,True,True,1.0,"[39,54]","[39,54]"
default-r2,16,1,0,16,4,2b16372207e3344688f093f9c78460489a485fa6,60c33dc441937d75a986217023e83ee5748a59f5,False,False,0.5,"[25,62]","[32,25]"
default-r2,16,1,0,16,6,2b16372207e3344688f093f9c78460489a485fa6,60c33dc441937d75a986217023e83ee5748a59f5,True,True,1.0,"[46,28]","[46,28]"
default-r2,16,1,0,16,8,2b16372207e3344688f093f9c78460489a485fa6,60c33dc441937d75a986217023e83ee5748a59f5,True,False,0.5,"[59,36]","[59,1]"
default-r2,16,1,0,16,10,2b16372207e3344688f093f9c78460489a485fa6,60c33dc441937d75a986217023e83ee5748a59f5,True,False,0.5,"[57,33]","[57,48]"
default-r2,16,1,0,16,12,2b16372207e3344688f093f9c78460489a485fa6,60c33dc441937d75a986217023e83ee5748a59f5,False,False,0.5,"[39,0]","[21,39]"
default-r2,16,1,0,16,14,2b16372207e3344688f093f9c78460489a485fa6,60c33dc441937d75a986217023e83ee5748a59f5,True,False,0.5,"[39,50]","[39,51]"
default-r2,16,1,1,16,0,2b16372207e3344688f093f9c78460489a485fa6,60c33dc441937d75a986217023e83ee5748a59f5,True,True,1.0,"[40,49]","[40,49]"
default-r2,16,1,1,16,2,2b16372207e3344688f093f9c78460489a485fa6,60c33dc441937d75a986217023e83ee5748a59f5,True,False,0.5,"[16,1]","[16,28]"
default-r2,16,1,1,16,4,2b16372207e3344688f093f9c78460489a485fa6,60c33dc441937d75a986217023e83ee5748a59f5,True,True,1.0,"[18,11]","[18,11]"
default-r2,16,1,1,16,6,2b16372207e3344688f093f9c78460489a485fa6,60c33dc441937d75a986217023e83ee5748a59f5,True,True,1.0,"[22,57]","[22,57]"
default-r2,16,1,1,16,8,2b16372207e3344688f093f9c78460489a485fa6,60c33dc441937d75a986217023e83ee5748a59f5,False,False,0.5,"[63,29]","[49,63]"
default-r2,16,1,1,16,10,2b16372207e3344688f093f9c78460489a485fa6,60c33dc441937d75a986217023e83ee5748a59f5,False,False,1.0,"[40,11]","[11,40]"
default-r2,16,1,1,16,12,2b16372207e3344688f093f9c78460489a485fa6,60c33dc441937d75a986217023e83ee5748a59f5,True,True,1.0,"[51,4]","[51,4]"
default-r2,16,1,1,16,14,2b16372207e3344688f093f9c78460489a485fa6,60c33dc441937d75a986217023e83ee5748a59f5,False,False,1.0,"[48,44]","[44,48]"
default-r2,16,1,0,16,0,57d6c25a7898568911088c4c8f3a08f3832ca730,84be71223ef6443c5775b6175b7dc4de57f447fd,True,False,0.5,"[24,11]","[24,31]"
default-r2,16,1,0,16,2,57d6c25a7898568911088c4c8f3a08f3832ca730,84be71223ef6443c5775b6175b7dc4de57f447fd,False,False,0.5,"[1,38]","[59,1]"
default-r2,16,1,0,16,4,57d6c25a7898568911088c4c8f3a08f3832ca730,84be71223ef6443c5775b6175b7dc4de57f447fd,True,True,1.0,"[34,6]","[34,6]"
default-r2,16,1,0,16,6,57d6c25a7898568911088c4c8f3a08f3832ca730,84be71223ef6443c5775b6175b7dc4de57f447fd,True,True,1.0,"[1,11]","[1,11]"
default-r2,16,1,0,16,8,57d6c25a7898568911088c4c8f3a08f3832ca730,84be71223ef6443c5775b6175b7dc4de57f447fd,True,False,0.5,"[8,52]","[8,59]"
default-r2,16,1,0,16,10,57d6c25a7898568911088c4c8f3a08f3832ca730,84be71223ef6443c5775b6175b7dc4de57f447fd,True,True,1.0,"[36,59]","[36,59]"
default-r2,16,1,0,16,12,57d6c25a7898568911088c4c8f3a08f3832ca730,84be71223ef6443c5775b6175b7dc4de57f447fd,True,True,1.0,"[40,15]","[40,15]"
default-r2,16,1,0,16,14,57d6c25a7898568911088c4c8f3a08f3832ca730,84be71223ef6443c5775b6175b7dc4de57f447fd,True,True,1.0,"[11,1]","[11,1]"
default-r2,16,1,1,16,0,57d6c25a7898568911088c4c8f3a08f3832ca730,84be71223ef6443c5775b6175b7dc4de57f447fd,True,False,0.5,"[47,52]","[47,29]"
default-r2,16,1,1,16,2,57d6c25a7898568911088c4c8f3a08f3832ca730,84be71223ef6443c5775b6175b7dc4de57f447fd,False,False,1.0,"[49,57]","[57,49]"
default-r2,16,1,1,16,4,57d6c25a7898568911088c4c8f3a08f3832ca730,84be71223ef6443c5775b6175b7dc4de57f447fd,True,False,0.5,"[57,12]","[57,54]"
default-r2,16,1,1,16,6,57d6c25a7898568911088c4c8f3a08f3832ca730,84be71223ef6443c5775b6175b7dc4de57f447fd,False,False,0.5,"[17,57]","[57,36]"
default-r2,16,1,1,16,8,57d6c25a7898568911088c4c8f3a08f3832ca730,84be71223ef6443c5775b6175b7dc4de57f447fd,True,False,0.5,"[16,20]","[16,4]"
default-r2,16,1,1,16,10,57d6c25a7898568911088c4c8f3a08f3832ca730,84be71223ef6443c5775b6175b7dc4de57f447fd,True,False,0.5,"[57,7]","[57,12]"
default-r2,16,1,1,16,12,57d6c25a7898568911088c4c8f3a08f3832ca730,84be71223ef6443c5775b6175b7dc4de57f447fd,False,False,0.5,"[36,49]","[12,36]"
default-r2,16,1,1,16,14,57d6c25a7898568911088c4c8f3a08f3832ca730,84be71223ef6443c5775b6175b7dc4de57f447fd,True,True,1.0,"[57,31]","[57,31]"
default-r2,16,1,0,16,0,94b5e28fac745823455a38183868d2d18757f68a,23112f2c9e8a12a570d12825eb99d088bd74b8a2,True,False,0.5,"[48,4]","[48,32]"
default-r2,16,1,0,16,2,94b5e28fac745823455a38183868d2d18757f68a,23112f2c9e8a12a570d12825eb99d088bd74b8a2,True,True,1.0,"[19,51]","[19,51]"
default-r2,16,1,0,16,4,94b5e28fac745823455a38183868d2d18757f68a,23112f2c9e8a12a570d12825eb99d088bd74b8a2,False,False,0.5,"[11,1]","[13,11]"
default-r2,16,1,0,16,6,94b5e28fac745823455a38183868d2d18757f68a,23112f2c9e8a12a570d12825eb99d088bd74b8a2,False,False,1.0,"[32,39]","[39,32]"
default-r2,16,1,0,16,8,94b5e28fac745823455a38183868d2d18757f68a,23112f2c9e8a12a570d12825eb99d088bd74b8a2,True,False,0.5,"[25,62]","[25,36]"
default-r2,16,1,0,16,10,94b5e28fac745823455a38183868d2d18757f68a,23112f2c9e8a12a570d12825eb99d088bd74b8a2,True,False,0.5,"[7,51]","[7,5]"
default-r2,16,1,0,16,12,94b5e28fac745823455a38183868d2d18757f68a,23112f2c9e8a12a570d12825eb99d088bd74b8a2,False,False,0.5,"[2,32]","[62,2]"
default-r2,16,1,0,16,14,94b5e28fac745823455a38183868d2d18757f68a,23112f2c9e8a12a570d12825eb99d088bd74b8a2,False,False,0.0,"[27,44]","[19,61]"
default-r2,16,1,1,16,0,94b5e28fac745823455a38183868d2d18757f68a,23112f2c9e8a12a570d12825eb99d088bd74b8a2,True,True,1.0,"[49,1]","[49,1]"
default-r2,16,1,1,16,2,94b5e28fac745823455a38183868d2d18757f68a,23112f2c9e8a12a570d12825eb99d088bd74b8a2,True,False,0.5,"[48,29]","[48,60]"
default-r2,16,1,1,16,4,94b5e28fac745823455a38183868d2d18757f68a,23112f2c9e8a12a570d12825eb99d088bd74b8a2,True,False,0.5,"[21,28]","[21,12]"
default-r2,16,1,1,16,6,94b5e28fac745823455a38183868d2d18757f68a,23112f2c9e8a12a570d12825eb99d088bd74b8a2,True,True,1.0,"[12,50]","[12,50]"
default-r2,16,1,1,16,8,94b5e28fac745823455a38183868d2d18757f68a,23112f2c9e8a12a570d12825eb99d088bd74b8a2,False,False,0.0,"[26,49]","[12,52]"
default-r2,16,1,1,16,10,94b5e28fac745823455a38183868d2d18757f68a,23112f2c9e8a12a570d12825eb99d088bd74b8a2,False,False,1.0,"[14,63]","[63,14]"
default-r2,16,1,1,16,12,94b5e28fac745823455a38183868d2d18757f68a,23112f2c9e8a12a570d12825eb99d088bd74b8a2,True,True,1.0,"[12,18]","[12,18]"
default-r2,16,1,1,16,14,94b5e28fac745823455a38183868d2d18757f68a,23112f2c9e8a12a570d12825eb99d088bd74b8a2,False,False,0.5,"[52,10]","[26,52]"
default-r2,16,1,0,16,0,d644ccabbb7508d5d47c7b231c4d3f82ee470f83,8271e9c7f7153b815a28ad2c27f6deb575833cad,False,False,1.0,"[46,55]","[55,46]"
default-r2,16,1,0,16,2,d644ccabbb7508d5d47c7b231c4d3f82ee470f83,8271e9c7f7153b815a28ad2c27f6deb575833cad,False,False,0.0,"[46,17]","[59,1]"
default-r2,16,1,0,16,4,d644ccabbb7508d5d47c7b231c4d3f82ee470f83,8271e9c7f7153b815a28ad2c27f6deb575833cad,True,False,0.5,"[62,55]","[62,63]"
default-r2,16,1,0,16,6,d644ccabbb7508d5d47c7b231c4d3f82ee470f83,8271e9c7f7153b815a28ad2c27f6deb575833cad,True,True,1.0,"[11,39]","[11,39]"
default-r2,16,1,0,16,8,d644ccabbb7508d5d47c7b231c4d3f82ee470f83,8271e9c7f7153b815a28ad2c27f6deb575833cad,True,False,0.5,"[36,46]","[36,44]"
default-r2,16,1,0,16,10,d644ccabbb7508d5d47c7b231c4d3f82ee470f83,8271e9c7f7153b815a28ad2c27f6deb575833cad,False,False,1.0,"[2,59]","[59,2]"
default-r2,16,1,0,16,12,d644ccabbb7508d5d47c7b231c4d3f82ee470f83,8271e9c7f7153b815a28ad2c27f6deb575833cad,False,False,0.5,"[20,1]","[44,20]"
default-r2,16,1,0,16,14,d644ccabbb7508d5d47c7b231c4d3f82ee470f83,8271e9c7f7153b815a28ad2c27f6deb575833cad,True,False,0.5,"[57,20]","[57,52]"
default-r2,16,1,1,16,0,d644ccabbb7508d5d47c7b231c4d3f82ee470f83,8271e9c7f7153b815a28ad2c27f6deb575833cad,True,False,0.5,"[50,12]","[50,52]"
default-r2,16,1,1,16,2,d644ccabbb7508d5d47c7b231c4d3f82ee470f83,8271e9c7f7153b815a28ad2c27f6deb575833cad,True,True,1.0,"[28,63]","[28,63]"
default-r2,16,1,1,16,4,d644ccabbb7508d5d47c7b231c4d3f82ee470f83,8271e9c7f7153b815a28ad2c27f6deb575833cad,True,False,0.5,"[27,31]","[27,33]"
default-r2,16,1,1,16,6,d644ccabbb7508d5d47c7b231c4d3f82ee470f83,8271e9c7f7153b815a28ad2c27f6deb575833cad,False,False,0.5,"[48,50]","[50,31]"
default-r2,16,1,1,16,8,d644ccabbb7508d5d47c7b231c4d3f82ee470f83,8271e9c7f7153b815a28ad2c27f6deb575833cad,True,True,1.0,"[36,42]","[36,42]"
default-r2,16,1,1,16,10,d644ccabbb7508d5d47c7b231c4d3f82ee470f83,8271e9c7f7153b815a28ad2c27f6deb575833cad,True,True,1.0,"[18,12]","[18,12]"
default-r2,16,1,1,16,12,d644ccabbb7508d5d47c7b231c4d3f82ee470f83,8271e9c7f7153b815a28ad2c27f6deb575833cad,False,False,0.5,"[40,20]","[35,40]"
default-r2,16,1,1,16,14,d644ccabbb7508d5d47c7b231c4d3f82ee470f83,8271e9c7f7153b815a28ad2c27f6deb575833cad,True,False,0.5,"[38,6]","[38,20]"
default-r2,64,1,0,16,0,2b16372207e3344688f093f9c78460489a485fa6,60c33dc441937d75a986217023e83ee5748a59f5,False,False,0.5,"[21,8]","[25,21]"
default-r2,64,1,0,16,2,2b16372207e3344688f093f9c78460489a485fa6,60c33dc441937d75a986217023e83ee5748a59f5,False,False,0.0,"[54,5]","[21,39]"
default-r2,64,1,0,16,4,2b16372207e3344688f093f9c78460489a485fa6,60c33dc441937d75a986217023e83ee5748a59f5,True,False,0.5,"[32,18]","[32,25]"
default-r2,64,1,0,16,6,2b16372207e3344688f093f9c78460489a485fa6,60c33dc441937d75a986217023e83ee5748a59f5,False,False,0.5,"[11,52]","[52,5]"
default-r2,64,1,0,16,8,2b16372207e3344688f093f9c78460489a485fa6,60c33dc441937d75a986217023e83ee5748a59f5,True,False,0.5,"[36,59]","[36,1]"
default-r2,64,1,0,16,10,2b16372207e3344688f093f9c78460489a485fa6,60c33dc441937d75a986217023e83ee5748a59f5,True,False,0.5,"[57,51]","[57,48]"
default-r2,64,1,0,16,12,2b16372207e3344688f093f9c78460489a485fa6,60c33dc441937d75a986217023e83ee5748a59f5,False,False,0.0,"[52,0]","[21,59]"
default-r2,64,1,0,16,14,2b16372207e3344688f093f9c78460489a485fa6,60c33dc441937d75a986217023e83ee5748a59f5,True,True,1.0,"[51,39]","[51,39]"
default-r2,64,1,1,16,0,2b16372207e3344688f093f9c78460489a485fa6,60c33dc441937d75a986217023e83ee5748a59f5,True,False,0.5,"[57,4]","[57,40]"
default-r2,64,1,1,16,2,2b16372207e3344688f093f9c78460489a485fa6,60c33dc441937d75a986217023e83ee5748a59f5,True,False,0.5,"[16,1]","[16,53]"
default-r2,64,1,1,16,4,2b16372207e3344688f093f9c78460489a485fa6,60c33dc441937d75a986217023e83ee5748a59f5,True,False,0.5,"[57,52]","[57,9]"
default-r2,64,1,1,16,6,2b16372207e3344688f093f9c78460489a485fa6,60c33dc441937d75a986217023e83ee5748a59f5,False,False,1.0,"[22,61]","[61,22]"
default-r2,64,1,1,16,8,2b16372207e3344688f093f9c78460489a485fa6,60c33dc441937d75a986217023e83ee5748a59f5,False,False,0.0,"[10,4]","[17,53]"
default-r2,64,1,1,16,10,2b16372207e3344688f093f9c78460489a485fa6,60c33dc441937d75a986217023e83ee5748a59f5,True,False,0.5,"[18,40]","[18,11]"
default-r2,64,1,1,16,12,2b16372207e3344688f093f9c78460489a485fa6,60c33dc441937d75a986217023e83ee5748a59f5,True,True,1.0,"[51,1]","[51,1]"
default-r2,64,1,1,16,14,2b16372207e3344688f093f9c78460489a485fa6,60c33dc441937d75a986217023e83ee5748a59f5,False,False,0.5,"[57,44]","[44,9]"
default-r2,64,1,0,16,0,57d6c25a7898568911088c4c8f3a08f3832ca730,84be71223ef6443c5775b6175b7dc4de57f447fd,False,False,0.0,"[11,1]","[24,18]"
default-r2,64,1,0,16,2,57d6c25a7898568911088c4c8f3a08f3832ca730,84be71223ef6443c5775b6175b7dc4de57f447fd,False,False,0.5,"[1,59]","[59,32]"
default-r2,64,1,0,16,4,57d6c25a7898568911088c4c8f3a08f3832ca730,84be71223ef6443c5775b6175b7dc4de57f447fd,True,False,0.5,"[34,54]","[34,56]"
default-r2,64,1,0,16,6,57d6c25a7898568911088c4c8f3a08f3832ca730,84be71223ef6443c5775b6175b7dc4de57f447fd,True,False,0.5,"[11,31]","[11,52]"
default-r2,64,1,0,16,8,57d6c25a7898568911088c4c8f3a08f3832ca730,84be71223ef6443c5775b6175b7dc4de57f447fd,False,False,1.0,"[52,18]","[18,52]"
default-r2,64,1,0,16,10,57d6c25a7898568911088c4c8f3a08f3832ca730,84be71223ef6443c5775b6175b7dc4de57f447fd,False,False,0.5,"[58,34]","[59,34]"
default-r2,64,1,0,16,12,57d6c25a7898568911088c4c8f3a08f3832ca730,84be71223ef6443c5775b6175b7dc4de57f447fd,True,True,1.0,"[34,58]","[34,58]"
default-r2,64,1,0,16,14,57d6c25a7898568911088c4c8f3a08f3832ca730,84be71223ef6443c5775b6175b7dc4de57f447fd,True,False,0.5,"[11,52]","[11,51]"
default-r2,64,1,1,16,0,57d6c25a7898568911088c4c8f3a08f3832ca730,84be71223ef6443c5775b6175b7dc4de57f447fd,False,False,0.0,"[48,22]","[47,61]"
default-r2,64,1,1,16,2,57d6c25a7898568911088c4c8f3a08f3832ca730,84be71223ef6443c5775b6175b7dc4de57f447fd,True,False,0.5,"[57,52]","[57,50]"
default-r2,64,1,1,16,4,57d6c25a7898568911088c4c8f3a08f3832ca730,84be71223ef6443c5775b6175b7dc4de57f447fd,True,True,1.0,"[57,54]","[57,54]"
default-r2,64,1,1,16,6,57d6c25a7898568911088c4c8f3a08f3832ca730,84be71223ef6443c5775b6175b7dc4de57f447fd,True,False,0.5,"[57,20]","[57,1]"
default-r2,64,1,1,16,8,57d6c25a7898568911088c4c8f3a08f3832ca730,84be71223ef6443c5775b6175b7dc4de57f447fd,False,False,0.0,"[20,4]","[36,57]"
default-r2,64,1,1,16,10,57d6c25a7898568911088c4c8f3a08f3832ca730,84be71223ef6443c5775b6175b7dc4de57f447fd,True,True,1.0,"[57,56]","[57,56]"
default-r2,64,1,1,16,12,57d6c25a7898568911088c4c8f3a08f3832ca730,84be71223ef6443c5775b6175b7dc4de57f447fd,True,True,1.0,"[57,36]","[57,36]"
default-r2,64,1,1,16,14,57d6c25a7898568911088c4c8f3a08f3832ca730,84be71223ef6443c5775b6175b7dc4de57f447fd,True,True,1.0,"[57,31]","[57,31]"
default-r2,64,1,0,16,0,94b5e28fac745823455a38183868d2d18757f68a,23112f2c9e8a12a570d12825eb99d088bd74b8a2,False,False,0.5,"[59,4]","[32,4]"
default-r2,64,1,0,16,2,94b5e28fac745823455a38183868d2d18757f68a,23112f2c9e8a12a570d12825eb99d088bd74b8a2,False,False,0.5,"[51,15]","[18,51]"
default-r2,64,1,0,16,4,94b5e28fac745823455a38183868d2d18757f68a,23112f2c9e8a12a570d12825eb99d088bd74b8a2,True,False,0.5,"[11,30]","[11,21]"
default-r2,64,1,0,16,6,94b5e28fac745823455a38183868d2d18757f68a,23112f2c9e8a12a570d12825eb99d088bd74b8a2,False,False,1.0,"[33,39]","[39,33]"
default-r2,64,1,0,16,8,94b5e28fac745823455a38183868d2d18757f68a,23112f2c9e8a12a570d12825eb99d088bd74b8a2,True,False,0.5,"[21,11]","[21,32]"
default-r2,64,1,0,16,10,94b5e28fac745823455a38183868d2d18757f68a,23112f2c9e8a12a570d12825eb99d088bd74b8a2,False,False,0.5,"[5,31]","[25,31]"
default-r2,64,1,0,16,12,94b5e28fac745823455a38183868d2d18757f68a,23112f2c9e8a12a570d12825eb99d088bd74b8a2,True,False,0.5,"[32,30]","[32,18]"
default-r2,64,1,0,16,14,94b5e28fac745823455a38183868d2d18757f68a,23112f2c9e8a12a570d12825eb99d088bd74b8a2,True,False,0.5,"[56,59]","[56,5]"
default-r2,64,1,1,16,0,94b5e28fac745823455a38183868d2d18757f68a,23112f2c9e8a12a570d12825eb99d088bd74b8a2,True,False,0.5,"[1,49]","[1,57]"
default-r2,64,1,1,16,2,94b5e28fac745823455a38183868d2d18757f68a,23112f2c9e8a12a570d12825eb99d088bd74b8a2,False,False,0.5,"[57,48]","[60,48]"
default-r2,64,1,1,16,4,94b5e28fac745823455a38183868d2d18757f68a,23112f2c9e8a12a570d12825eb99d088bd74b8a2,False,False,1.0,"[57,21]","[21,57]"
default-r2,64,1,1,16,6,94b5e28fac745823455a38183868d2d18757f68a,23112f2c9e8a12a570d12825eb99d088bd74b8a2,False,False,1.0,"[56,50]","[50,56]"
default-r2,64,1,1,16,8,94b5e28fac745823455a38183868d2d18757f68a,23112f2c9e8a12a570d12825eb99d088bd74b8a2,False,False,0.0,"[48,52]","[56,57]"
default-r2,64,1,1,16,10,94b5e28fac745823455a38183868d2d18757f68a,23112f2c9e8a12a570d12825eb99d088bd74b8a2,False,False,0.5,"[52,63]","[63,1]"
default-r2,64,1,1,16,12,94b5e28fac745823455a38183868d2d18757f68a,23112f2c9e8a12a570d12825eb99d088bd74b8a2,False,False,0.5,"[12,57]","[1,57]"
default-r2,64,1,1,16,14,94b5e28fac745823455a38183868d2d18757f68a,23112f2c9e8a12a570d12825eb99d088bd74b8a2,False,False,0.5,"[20,10]","[1,10]"
default-r2,64,1,0,16,0,d644ccabbb7508d5d47c7b231c4d3f82ee470f83,8271e9c7f7153b815a28ad2c27f6deb575833cad,True,False,0.5,"[52,46]","[52,56]"
default-r2,64,1,0,16,2,d644ccabbb7508d5d47c7b231c4d3f82ee470f83,8271e9c7f7153b815a28ad2c27f6deb575833cad,True,False,0.5,"[59,11]","[59,21]"
default-r2,64,1,0,16,4,d644ccabbb7508d5d47c7b231c4d3f82ee470f83,8271e9c7f7153b815a28ad2c27f6deb575833cad,True,False,0.5,"[11,35]","[11,18]"
default-r2,64,1,0,16,6,d644ccabbb7508d5d47c7b231c4d3f82ee470f83,8271e9c7f7153b815a28ad2c27f6deb575833cad,False,False,0.5,"[11,59]","[32,11]"
default-r2,64,1,0,16,8,d644ccabbb7508d5d47c7b231c4d3f82ee470f83,8271e9c7f7153b815a28ad2c27f6deb575833cad,False,False,0.0,"[46,1]","[21,59]"
default-r2,64,1,0,16,10,d644ccabbb7508d5d47c7b231c4d3f82ee470f83,8271e9c7f7153b815a28ad2c27f6deb575833cad,True,False,0.5,"[52,2]","[52,59]"
default-r2,64,1,0,16,12,d644ccabbb7508d5d47c7b231c4d3f82ee470f83,8271e9c7f7153b815a28ad2c27f6deb575833cad,False,False,0.5,"[52,11]","[18,52]"
default-r2,64,1,0,16,14,d644ccabbb7508d5d47c7b231c4d3f82ee470f83,8271e9c7f7153b815a28ad2c27f6deb575833cad,False,False,0.5,"[52,47]","[39,52]"
default-r2,64,1,1,16,0,d644ccabbb7508d5d47c7b231c4d3f82ee470f83,8271e9c7f7153b815a28ad2c27f6deb575833cad,True,False,0.5,"[50,12]","[50,4]"
default-r2,64,1,1,16,2,d644ccabbb7508d5d47c7b231c4d3f82ee470f83,8271e9c7f7153b815a28ad2c27f6deb575833cad,True,False,0.5,"[57,48]","[57,28]"
default-r2,64,1,1,16,4,d644ccabbb7508d5d47c7b231c4d3f82ee470f83,8271e9c7f7153b815a28ad2c27f6deb575833cad,False,False,0.0,"[27,31]","[1,56]"
default-r2,64,1,1,16,6,d644ccabbb7508d5d47c7b231c4d3f82ee470f83,8271e9c7f7153b815a28ad2c27f6deb575833cad,False,False,0.5,"[56,31]","[31,57]"
default-r2,64,1,1,16,8,d644ccabbb7508d5d47c7b231c4d3f82ee470f83,8271e9c7f7153b815a28ad2c27f6deb575833cad,True,True,1.0,"[36,42]","[36,42]"
default-r2,64,1,1,16,10,d644ccabbb7508d5d47c7b231c4d3f82ee470f83,8271e9c7f7153b815a28ad2c27f6deb575833cad,True,False,0.5,"[18,20]","[18,48]"
default-r2,64,1,1,16,12,d644ccabbb7508d5d47c7b231c4d3f82ee470f83,8271e9c7f7153b815a28ad2c27f6deb575833cad,True,False,0.5,"[20,40]","[20,57]"
default-r2,64,1,1,16,14,d644ccabbb7508d5d47c7b231c4d3f82ee470f83,8271e9c7f7153b815a28ad2c27f6deb575833cad,False,False,0.5,"[38,20]","[20,50]"
default-r2,128,1,0,16,0,2b16372207e3344688f093f9c78460489a485fa6,60c33dc441937d75a986217023e83ee5748a59f5,True,False,0.5,"[39,52]","[39,5]"
default-r2,128,1,0,16,2,2b16372207e3344688f093f9c78460489a485fa6,60c33dc441937d75a986217023e83ee5748a59f5,True,False,0.5,"[39,5]","[39,32]"
default-r2,128,1,0,16,4,2b16372207e3344688f093f9c78460489a485fa6,60c33dc441937d75a986217023e83ee5748a59f5,True,False,0.5,"[39,18]","[39,32]"
default-r2,128,1,0,16,6,2b16372207e3344688f093f9c78460489a485fa6,60c33dc441937d75a986217023e83ee5748a59f5,True,True,1.0,"[39,52]","[39,52]"
default-r2,128,1,0,16,8,2b16372207e3344688f093f9c78460489a485fa6,60c33dc441937d75a986217023e83ee5748a59f5,True,True,1.0,"[39,52]","[39,52]"
default-r2,128,1,0,16,10,2b16372207e3344688f093f9c78460489a485fa6,60c33dc441937d75a986217023e83ee5748a59f5,False,False,0.5,"[57,0]","[39,57]"
default-r2,128,1,0,16,12,2b16372207e3344688f093f9c78460489a485fa6,60c33dc441937d75a986217023e83ee5748a59f5,True,False,0.5,"[39,0]","[39,50]"
default-r2,128,1,0,16,14,2b16372207e3344688f093f9c78460489a485fa6,60c33dc441937d75a986217023e83ee5748a59f5,True,False,0.5,"[39,0]","[39,5]"
default-r2,128,1,1,16,0,2b16372207e3344688f093f9c78460489a485fa6,60c33dc441937d75a986217023e83ee5748a59f5,False,False,0.5,"[50,40]","[57,40]"
default-r2,128,1,1,16,2,2b16372207e3344688f093f9c78460489a485fa6,60c33dc441937d75a986217023e83ee5748a59f5,False,False,0.5,"[16,29]","[57,16]"
default-r2,128,1,1,16,4,2b16372207e3344688f093f9c78460489a485fa6,60c33dc441937d75a986217023e83ee5748a59f5,False,False,0.0,"[50,18]","[57,1]"
default-r2,128,1,1,16,6,2b16372207e3344688f093f9c78460489a485fa6,60c33dc441937d75a986217023e83ee5748a59f5,False,False,0.0,"[50,48]","[22,57]"
default-r2,128,1,1,16,8,2b16372207e3344688f093f9c78460489a485fa6,60c33dc441937d75a986217023e83ee5748a59f5,False,False,0.0,"[50,48]","[56,1]"
default-r2,128,1,1,16,10,2b16372207e3344688f093f9c78460489a485fa6,60c33dc441937d75a986217023e83ee5748a59f5,False,False,0.0,"[50,40]","[18,11]"
default-r2,128,1,1,16,12,2b16372207e3344688f093f9c78460489a485fa6,60c33dc441937d75a986217023e83ee5748a59f5,True,False,0.5,"[51,1]","[51,50]"
default-r2,128,1,1,16,14,2b16372207e3344688f093f9c78460489a485fa6,60c33dc441937d75a986217023e83ee5748a59f5,False,False,0.0,"[22,48]","[57,44]"
default-r2,128,1,0,16,0,57d6c25a7898568911088c4c8f3a08f3832ca730,84be71223ef6443c5775b6175b7dc4de57f447fd,True,False,0.5,"[39,52]","[39,18]"
default-r2,128,1,0,16,2,57d6c25a7898568911088c4c8f3a08f3832ca730,84be71223ef6443c5775b6175b7dc4de57f447fd,True,False,0.5,"[39,52]","[39,32]"
default-r2,128,1,0,16,4,57d6c25a7898568911088c4c8f3a08f3832ca730,84be71223ef6443c5775b6175b7dc4de57f447fd,True,False,0.5,"[39,52]","[39,5]"
default-r2,128,1,0,16,6,57d6c25a7898568911088c4c8f3a08f3832ca730,84be71223ef6443c5775b6175b7dc4de57f447fd,True,True,1.0,"[39,52]","[39,52]"
default-r2,128,1,0,16,8,57d6c25a7898568911088c4c8f3a08f3832ca730,84be71223ef6443c5775b6175b7dc4de57f447fd,True,True,1.0,"[39,52]","[39,52]"
default-r2,128,1,0,16,10,57d6c25a7898568911088c4c8f3a08f3832ca730,84be71223ef6443c5775b6175b7dc4de57f447fd,True,False,0.5,"[39,52]","[39,59]"
default-r2,128,1,0,16,12,57d6c25a7898568911088c4c8f3a08f3832ca730,84be71223ef6443c5775b6175b7dc4de57f447fd,True,False,0.5,"[39,52]","[39,32]"
default-r2,128,1,0,16,14,57d6c25a7898568911088c4c8f3a08f3832ca730,84be71223ef6443c5775b6175b7dc4de57f447fd,True,False,0.5,"[39,11]","[39,50]"
default-r2,128,1,1,16,0,57d6c25a7898568911088c4c8f3a08f3832ca730,84be71223ef6443c5775b6175b7dc4de57f447fd,False,False,0.5,"[48,22]","[57,22]"
default-r2,128,1,1,16,2,57d6c25a7898568911088c4c8f3a08f3832ca730,84be71223ef6443c5775b6175b7dc4de57f447fd,False,False,0.0,"[50,12]","[57,4]"
default-r2,128,1,1,16,4,57d6c25a7898568911088c4c8f3a08f3832ca730,84be71223ef6443c5775b6175b7dc4de57f447fd,False,False,0.0,"[50,12]","[57,22]"
default-r2,128,1,1,16,6,57d6c25a7898568911088c4c8f3a08f3832ca730,84be71223ef6443c5775b6175b7dc4de57f447fd,True,True,1.0,"[50,12]","[50,12]"
default-r2,128,1,1,16,8,57d6c25a7898568911088c4c8f3a08f3832ca730,84be71223ef6443c5775b6175b7dc4de57f447fd,False,False,0.0,"[50,26]","[36,18]"
default-r2,128,1,1,16,10,57d6c25a7898568911088c4c8f3a08f3832ca730,84be71223ef6443c5775b6175b7dc4de57f447fd,False,False,0.0,"[50,40]","[57,56]"
default-r2,128,1,1,16,12,57d6c25a7898568911088c4c8f3a08f3832ca730,84be71223ef6443c5775b6175b7dc4de57f447fd,False,False,0.0,"[50,12]","[57,36]"
default-r2,128,1,1,16,14,57d6c25a7898568911088c4c8f3a08f3832ca730,84be71223ef6443c5775b6175b7dc4de57f447fd,False,False,0.0,"[50,31]","[57,56]"
default-r2,128,1,0,16,0,94b5e28fac745823455a38183868d2d18757f68a,23112f2c9e8a12a570d12825eb99d088bd74b8a2,True,False,0.5,"[39,52]","[39,32]"
default-r2,128,1,0,16,2,94b5e28fac745823455a38183868d2d18757f68a,23112f2c9e8a12a570d12825eb99d088bd74b8a2,True,False,0.5,"[39,52]","[39,19]"
default-r2,128,1,0,16,4,94b5e28fac745823455a38183868d2d18757f68a,23112f2c9e8a12a570d12825eb99d088bd74b8a2,True,False,0.5,"[39,52]","[39,18]"
default-r2,128,1,0,16,6,94b5e28fac745823455a38183868d2d18757f68a,23112f2c9e8a12a570d12825eb99d088bd74b8a2,True,False,0.5,"[39,5]","[39,50]"
default-r2,128,1,0,16,8,94b5e28fac745823455a38183868d2d18757f68a,23112f2c9e8a12a570d12825eb99d088bd74b8a2,True,False,0.5,"[39,25]","[39,21]"
default-r2,128,1,0,16,10,94b5e28fac745823455a38183868d2d18757f68a,23112f2c9e8a12a570d12825eb99d088bd74b8a2,True,True,1.0,"[39,5]","[39,5]"
default-r2,128,1,0,16,12,94b5e28fac745823455a38183868d2d18757f68a,23112f2c9e8a12a570d12825eb99d088bd74b8a2,False,False,0.5,"[0,52]","[39,52]"
default-r2,128,1,0,16,14,94b5e28fac745823455a38183868d2d18757f68a,23112f2c9e8a12a570d12825eb99d088bd74b8a2,True,False,0.5,"[39,0]","[39,5]"
default-r2,128,1,1,16,0,94b5e28fac745823455a38183868d2d18757f68a,23112f2c9e8a12a570d12825eb99d088bd74b8a2,False,False,0.5,"[57,49]","[1,49]"
default-r2,128,1,1,16,2,94b5e28fac745823455a38183868d2d18757f68a,23112f2c9e8a12a570d12825eb99d088bd74b8a2,False,False,0.0,"[50,48]","[57,16]"
default-r2,128,1,1,16,4,94b5e28fac745823455a38183868d2d18757f68a,23112f2c9e8a12a570d12825eb99d088bd74b8a2,False,False,0.0,"[50,48]","[57,21]"
default-r2,128,1,1,16,6,94b5e28fac745823455a38183868d2d18757f68a,23112f2c9e8a12a570d12825eb99d088bd74b8a2,True,True,1.0,"[50,12]","[50,12]"
default-r2,128,1,1,16,8,94b5e28fac745823455a38183868d2d18757f68a,23112f2c9e8a12a570d12825eb99d088bd74b8a2,False,False,0.0,"[26,50]","[56,57]"
default-r2,128,1,1,16,10,94b5e28fac745823455a38183868d2d18757f68a,23112f2c9e8a12a570d12825eb99d088bd74b8a2,False,False,0.5,"[50,63]","[63,14]"
default-r2,128,1,1,16,12,94b5e28fac745823455a38183868d2d18757f68a,23112f2c9e8a12a570d12825eb99d088bd74b8a2,False,False,0.0,"[12,50]","[16,11]"
default-r2,128,1,1,16,14,94b5e28fac745823455a38183868d2d18757f68a,23112f2c9e8a12a570d12825eb99d088bd74b8a2,False,False,0.0,"[22,50]","[57,1]"
default-r2,128,1,0,16,0,d644ccabbb7508d5d47c7b231c4d3f82ee470f83,8271e9c7f7153b815a28ad2c27f6deb575833cad,True,True,1.0,"[39,52]","[39,52]"
default-r2,128,1,0,16,2,d644ccabbb7508d5d47c7b231c4d3f82ee470f83,8271e9c7f7153b815a28ad2c27f6deb575833cad,True,False,0.5,"[39,52]","[39,59]"
default-r2,128,1,0,16,4,d644ccabbb7508d5d47c7b231c4d3f82ee470f83,8271e9c7f7153b815a28ad2c27f6deb575833cad,False,False,1.0,"[52,39]","[39,52]"
default-r2,128,1,0,16,6,d644ccabbb7508d5d47c7b231c4d3f82ee470f83,8271e9c7f7153b815a28ad2c27f6deb575833cad,True,False,0.5,"[39,32]","[39,59]"
default-r2,128,1,0,16,8,d644ccabbb7508d5d47c7b231c4d3f82ee470f83,8271e9c7f7153b815a28ad2c27f6deb575833cad,False,False,0.5,"[59,36]","[39,59]"
default-r2,128,1,0,16,10,d644ccabbb7508d5d47c7b231c4d3f82ee470f83,8271e9c7f7153b815a28ad2c27f6deb575833cad,True,True,1.0,"[39,52]","[39,52]"
default-r2,128,1,0,16,12,d644ccabbb7508d5d47c7b231c4d3f82ee470f83,8271e9c7f7153b815a28ad2c27f6deb575833cad,True,False,0.5,"[39,52]","[39,18]"
default-r2,128,1,0,16,14,d644ccabbb7508d5d47c7b231c4d3f82ee470f83,8271e9c7f7153b815a28ad2c27f6deb575833cad,True,True,1.0,"[39,52]","[39,52]"
default-r2,128,1,1,16,0,d644ccabbb7508d5d47c7b231c4d3f82ee470f83,8271e9c7f7153b815a28ad2c27f6deb575833cad,False,False,0.0,"[50,12]","[57,56]"
default-r2,128,1,1,16,2,d644ccabbb7508d5d47c7b231c4d3f82ee470f83,8271e9c7f7153b815a28ad2c27f6deb575833cad,False,False,0.5,"[48,57]","[55,57]"
default-r2,128,1,1,16,4,d644ccabbb7508d5d47c7b231c4d3f82ee470f83,8271e9c7f7153b815a28ad2c27f6deb575833cad,True,False,0.5,"[50,26]","[50,1]"
default-r2,128,1,1,16,6,d644ccabbb7508d5d47c7b231c4d3f82ee470f83,8271e9c7f7153b815a28ad2c27f6deb575833cad,True,False,0.5,"[50,40]","[50,22]"
default-r2,128,1,1,16,8,d644ccabbb7508d5d47c7b231c4d3f82ee470f83,8271e9c7f7153b815a28ad2c27f6deb575833cad,False,False,0.0,"[2,55]","[57,36]"
default-r2,128,1,1,16,10,d644ccabbb7508d5d47c7b231c4d3f82ee470f83,8271e9c7f7153b815a28ad2c27f6deb575833cad,False,False,0.0,"[50,20]","[18,12]"
default-r2,128,1,1,16,12,d644ccabbb7508d5d47c7b231c4d3f82ee470f83,8271e9c7f7153b815a28ad2c27f6deb575833cad,False,False,0.0,"[20,40]","[57,16]"
default-r2,128,1,1,16,14,d644ccabbb7508d5d47c7b231c4d3f82ee470f83,8271e9c7f7153b815a28ad2c27f6deb575833cad,True,True,1.0,"[50,22]","[50,22]"
default-r2,256,1,0,16,0,2b16372207e3344688f093f9c78460489a485fa6,60c33dc441937d75a986217023e83ee5748a59f5,False,False,0.5,"[5,0]","[39,5]"
default-r2,256,1,0,16,2,2b16372207e3344688f093f9c78460489a485fa6,60c33dc441937d75a986217023e83ee5748a59f5,False,False,0.5,"[5,0]","[39,5]"
default-r2,256,1,0,16,4,2b16372207e3344688f093f9c78460489a485fa6,60c33dc441937d75a986217023e83ee5748a59f5,False,False,0.5,"[5,0]","[39,5]"
default-r2,256,1,0,16,6,2b16372207e3344688f093f9c78460489a485fa6,60c33dc441937d75a986217023e83ee5748a59f5,False,False,0.5,"[5,0]","[39,5]"
default-r2,256,1,0,16,8,2b16372207e3344688f093f9c78460489a485fa6,60c33dc441937d75a986217023e83ee5748a59f5,False,False,0.5,"[5,0]","[39,5]"
default-r2,256,1,0,16,10,2b16372207e3344688f093f9c78460489a485fa6,60c33dc441937d75a986217023e83ee5748a59f5,False,False,0.5,"[5,0]","[39,5]"
default-r2,256,1,0,16,12,2b16372207e3344688f093f9c78460489a485fa6,60c33dc441937d75a986217023e83ee5748a59f5,False,False,0.5,"[5,0]","[39,5]"
default-r2,256,1,0,16,14,2b16372207e3344688f093f9c78460489a485fa6,60c33dc441937d75a986217023e83ee5748a59f5,False,False,0.5,"[5,0]","[39,5]"
default-r2,256,1,1,16,0,2b16372207e3344688f093f9c78460489a485fa6,60c33dc441937d75a986217023e83ee5748a59f5,False,False,0.5,"[22,26]","[57,22]"
default-r2,256,1,1,16,2,2b16372207e3344688f093f9c78460489a485fa6,60c33dc441937d75a986217023e83ee5748a59f5,True,False,0.5,"[22,63]","[22,57]"
default-r2,256,1,1,16,4,2b16372207e3344688f093f9c78460489a485fa6,60c33dc441937d75a986217023e83ee5748a59f5,False,False,0.5,"[22,12]","[57,22]"
default-r2,256,1,1,16,6,2b16372207e3344688f093f9c78460489a485fa6,60c33dc441937d75a986217023e83ee5748a59f5,True,False,0.5,"[22,12]","[22,36]"
default-r2,256,1,1,16,8,2b16372207e3344688f093f9c78460489a485fa6,60c33dc441937d75a986217023e83ee5748a59f5,True,False,0.5,"[22,48]","[22,14]"
default-r2,256,1,1,16,10,2b16372207e3344688f093f9c78460489a485fa6,60c33dc441937d75a986217023e83ee5748a59f5,True,False,0.5,"[22,63]","[22,11]"
default-r2,256,1,1,16,12,2b16372207e3344688f093f9c78460489a485fa6,60c33dc441937d75a986217023e83ee5748a59f5,True,False,0.5,"[22,63]","[22,49]"
default-r2,256,1,1,16,14,2b16372207e3344688f093f9c78460489a485fa6,60c33dc441937d75a986217023e83ee5748a59f5,True,False,0.5,"[22,12]","[22,14]"
default-r2,256,1,0,16,0,57d6c25a7898568911088c4c8f3a08f3832ca730,84be71223ef6443c5775b6175b7dc4de57f447fd,False,False,0.5,"[5,0]","[39,5]"
default-r2,256,1,0,16,2,57d6c25a7898568911088c4c8f3a08f3832ca730,84be71223ef6443c5775b6175b7dc4de57f447fd,False,False,0.5,"[5,0]","[39,5]"
default-r2,256,1,0,16,4,57d6c25a7898568911088c4c8f3a08f3832ca730,84be71223ef6443c5775b6175b7dc4de57f447fd,False,False,0.5,"[5,0]","[39,5]"
default-r2,256,1,0,16,6,57d6c25a7898568911088c4c8f3a08f3832ca730,84be71223ef6443c5775b6175b7dc4de57f447fd,False,False,0.5,"[5,0]","[39,5]"
default-r2,256,1,0,16,8,57d6c25a7898568911088c4c8f3a08f3832ca730,84be71223ef6443c5775b6175b7dc4de57f447fd,False,False,0.5,"[5,0]","[39,5]"
default-r2,256,1,0,16,10,57d6c25a7898568911088c4c8f3a08f3832ca730,84be71223ef6443c5775b6175b7dc4de57f447fd,False,False,0.5,"[5,0]","[39,5]"
default-r2,256,1,0,16,12,57d6c25a7898568911088c4c8f3a08f3832ca730,84be71223ef6443c5775b6175b7dc4de57f447fd,False,False,0.5,"[5,0]","[39,5]"
default-r2,256,1,0,16,14,57d6c25a7898568911088c4c8f3a08f3832ca730,84be71223ef6443c5775b6175b7dc4de57f447fd,False,False,0.5,"[5,0]","[39,5]"
default-r2,256,1,1,16,0,57d6c25a7898568911088c4c8f3a08f3832ca730,84be71223ef6443c5775b6175b7dc4de57f447fd,True,False,0.5,"[22,48]","[22,53]"
default-r2,256,1,1,16,2,57d6c25a7898568911088c4c8f3a08f3832ca730,84be71223ef6443c5775b6175b7dc4de57f447fd,False,False,0.5,"[22,63]","[57,22]"
default-r2,256,1,1,16,4,57d6c25a7898568911088c4c8f3a08f3832ca730,84be71223ef6443c5775b6175b7dc4de57f447fd,True,False,0.5,"[22,12]","[22,57]"
default-r2,256,1,1,16,6,57d6c25a7898568911088c4c8f3a08f3832ca730,84be71223ef6443c5775b6175b7dc4de57f447fd,True,False,0.5,"[22,12]","[22,57]"
default-r2,256,1,1,16,8,57d6c25a7898568911088c4c8f3a08f3832ca730,84be71223ef6443c5775b6175b7dc4de57f447fd,True,False,0.5,"[22,26]","[22,14]"
default-r2,256,1,1,16,10,57d6c25a7898568911088c4c8f3a08f3832ca730,84be71223ef6443c5775b6175b7dc4de57f447fd,False,False,0.0,"[22,12]","[57,5]"
default-r2,256,1,1,16,12,57d6c25a7898568911088c4c8f3a08f3832ca730,84be71223ef6443c5775b6175b7dc4de57f447fd,False,False,0.5,"[22,12]","[57,22]"
default-r2,256,1,1,16,14,57d6c25a7898568911088c4c8f3a08f3832ca730,84be71223ef6443c5775b6175b7dc4de57f447fd,True,False,0.5,"[22,63]","[22,53]"
default-r2,256,1,0,16,0,94b5e28fac745823455a38183868d2d18757f68a,23112f2c9e8a12a570d12825eb99d088bd74b8a2,False,False,0.5,"[5,52]","[39,5]"
default-r2,256,1,0,16,2,94b5e28fac745823455a38183868d2d18757f68a,23112f2c9e8a12a570d12825eb99d088bd74b8a2,False,False,0.5,"[5,0]","[39,5]"
default-r2,256,1,0,16,4,94b5e28fac745823455a38183868d2d18757f68a,23112f2c9e8a12a570d12825eb99d088bd74b8a2,False,False,0.5,"[5,0]","[39,5]"
default-r2,256,1,0,16,6,94b5e28fac745823455a38183868d2d18757f68a,23112f2c9e8a12a570d12825eb99d088bd74b8a2,False,False,0.5,"[5,0]","[39,5]"
default-r2,256,1,0,16,8,94b5e28fac745823455a38183868d2d18757f68a,23112f2c9e8a12a570d12825eb99d088bd74b8a2,False,False,0.5,"[5,0]","[39,5]"
default-r2,256,1,0,16,10,94b5e28fac745823455a38183868d2d18757f68a,23112f2c9e8a12a570d12825eb99d088bd74b8a2,False,False,0.5,"[5,0]","[39,5]"
default-r2,256,1,0,16,12,94b5e28fac745823455a38183868d2d18757f68a,23112f2c9e8a12a570d12825eb99d088bd74b8a2,False,False,0.5,"[5,0]","[39,5]"
default-r2,256,1,0,16,14,94b5e28fac745823455a38183868d2d18757f68a,23112f2c9e8a12a570d12825eb99d088bd74b8a2,False,False,0.5,"[5,0]","[39,5]"
default-r2,256,1,1,16,0,94b5e28fac745823455a38183868d2d18757f68a,23112f2c9e8a12a570d12825eb99d088bd74b8a2,False,False,0.0,"[22,63]","[11,57]"
default-r2,256,1,1,16,2,94b5e28fac745823455a38183868d2d18757f68a,23112f2c9e8a12a570d12825eb99d088bd74b8a2,True,False,0.5,"[22,48]","[22,57]"
default-r2,256,1,1,16,4,94b5e28fac745823455a38183868d2d18757f68a,23112f2c9e8a12a570d12825eb99d088bd74b8a2,True,False,0.5,"[22,12]","[22,57]"
default-r2,256,1,1,16,6,94b5e28fac745823455a38183868d2d18757f68a,23112f2c9e8a12a570d12825eb99d088bd74b8a2,True,False,0.5,"[22,12]","[22,57]"
default-r2,256,1,1,16,8,94b5e28fac745823455a38183868d2d18757f68a,23112f2c9e8a12a570d12825eb99d088bd74b8a2,False,False,0.0,"[22,12]","[57,33]"
default-r2,256,1,1,16,10,94b5e28fac745823455a38183868d2d18757f68a,23112f2c9e8a12a570d12825eb99d088bd74b8a2,False,False,0.0,"[22,63]","[11,14]"
default-r2,256,1,1,16,12,94b5e28fac745823455a38183868d2d18757f68a,23112f2c9e8a12a570d12825eb99d088bd74b8a2,False,False,0.5,"[22,12]","[11,22]"
default-r2,256,1,1,16,14,94b5e28fac745823455a38183868d2d18757f68a,23112f2c9e8a12a570d12825eb99d088bd74b8a2,True,False,0.5,"[22,48]","[22,49]"
default-r2,256,1,0,16,0,d644ccabbb7508d5d47c7b231c4d3f82ee470f83,8271e9c7f7153b815a28ad2c27f6deb575833cad,False,False,0.5,"[5,52]","[39,5]"
default-r2,256,1,0,16,2,d644ccabbb7508d5d47c7b231c4d3f82ee470f83,8271e9c7f7153b815a28ad2c27f6deb575833cad,False,False,0.5,"[5,0]","[39,5]"
default-r2,256,1,0,16,4,d644ccabbb7508d5d47c7b231c4d3f82ee470f83,8271e9c7f7153b815a28ad2c27f6deb575833cad,False,False,0.5,"[5,0]","[39,5]"
default-r2,256,1,0,16,6,d644ccabbb7508d5d47c7b231c4d3f82ee470f83,8271e9c7f7153b815a28ad2c27f6deb575833cad,False,False,0.5,"[5,32]","[39,5]"
default-r2,256,1,0,16,8,d644ccabbb7508d5d47c7b231c4d3f82ee470f83,8271e9c7f7153b815a28ad2c27f6deb575833cad,False,False,0.5,"[5,0]","[39,5]"
default-r2,256,1,0,16,10,d644ccabbb7508d5d47c7b231c4d3f82ee470f83,8271e9c7f7153b815a28ad2c27f6deb575833cad,False,False,0.5,"[5,32]","[39,5]"
default-r2,256,1,0,16,12,d644ccabbb7508d5d47c7b231c4d3f82ee470f83,8271e9c7f7153b815a28ad2c27f6deb575833cad,False,False,0.5,"[5,52]","[39,5]"
default-r2,256,1,0,16,14,d644ccabbb7508d5d47c7b231c4d3f82ee470f83,8271e9c7f7153b815a28ad2c27f6deb575833cad,False,False,0.5,"[5,0]","[39,5]"
default-r2,256,1,1,16,0,d644ccabbb7508d5d47c7b231c4d3f82ee470f83,8271e9c7f7153b815a28ad2c27f6deb575833cad,True,False,0.5,"[22,12]","[22,57]"
default-r2,256,1,1,16,2,d644ccabbb7508d5d47c7b231c4d3f82ee470f83,8271e9c7f7153b815a28ad2c27f6deb575833cad,False,False,0.0,"[22,12]","[13,57]"
default-r2,256,1,1,16,4,d644ccabbb7508d5d47c7b231c4d3f82ee470f83,8271e9c7f7153b815a28ad2c27f6deb575833cad,False,False,0.0,"[22,50]","[27,53]"
default-r2,256,1,1,16,6,d644ccabbb7508d5d47c7b231c4d3f82ee470f83,8271e9c7f7153b815a28ad2c27f6deb575833cad,True,False,0.5,"[22,12]","[22,26]"
default-r2,256,1,1,16,8,d644ccabbb7508d5d47c7b231c4d3f82ee470f83,8271e9c7f7153b815a28ad2c27f6deb575833cad,True,False,0.5,"[22,12]","[22,57]"
default-r2,256,1,1,16,10,d644ccabbb7508d5d47c7b231c4d3f82ee470f83,8271e9c7f7153b815a28ad2c27f6deb575833cad,True,True,1.0,"[22,12]","[22,12]"
default-r2,256,1,1,16,12,d644ccabbb7508d5d47c7b231c4d3f82ee470f83,8271e9c7f7153b815a28ad2c27f6deb575833cad,True,False,0.5,"[22,12]","[22,57]"
default-r2,256,1,1,16,14,d644ccabbb7508d5d47c7b231c4d3f82ee470f83,8271e9c7f7153b815a28ad2c27f6deb575833cad,True,True,1.0,"[22,12]","[22,12]"
default-r2,384,1,0,16,0,2b16372207e3344688f093f9c78460489a485fa6,60c33dc441937d75a986217023e83ee5748a59f5,False,False,0.5,"[5,39]","[39,32]"
default-r2,384,1,0,16,2,2b16372207e3344688f093f9c78460489a485fa6,60c33dc441937d75a986217023e83ee5748a59f5,False,False,0.5,"[5,39]","[39,32]"
default-r2,384,1,0,16,4,2b16372207e3344688f093f9c78460489a485fa6,60c33dc441937d75a986217023e83ee5748a59f5,False,False,0.5,"[5,39]","[39,32]"
default-r2,384,1,0,16,6,2b16372207e3344688f093f9c78460489a485fa6,60c33dc441937d75a986217023e83ee5748a59f5,False,False,1.0,"[5,39]","[39,5]"
default-r2,384,1,0,16,8,2b16372207e3344688f093f9c78460489a485fa6,60c33dc441937d75a986217023e83ee5748a59f5,False,False,0.5,"[5,39]","[39,32]"
default-r2,384,1,0,16,10,2b16372207e3344688f093f9c78460489a485fa6,60c33dc441937d75a986217023e83ee5748a59f5,False,False,0.5,"[5,39]","[39,32]"
default-r2,384,1,0,16,12,2b16372207e3344688f093f9c78460489a485fa6,60c33dc441937d75a986217023e83ee5748a59f5,False,False,0.5,"[5,39]","[39,32]"
default-r2,384,1,0,16,14,2b16372207e3344688f093f9c78460489a485fa6,60c33dc441937d75a986217023e83ee5748a59f5,False,False,0.5,"[5,39]","[39,32]"
default-r2,384,1,1,16,0,2b16372207e3344688f093f9c78460489a485fa6,60c33dc441937d75a986217023e83ee5748a59f5,True,True,1.0,"[22,50]","[22,50]"
default-r2,384,1,1,16,2,2b16372207e3344688f093f9c78460489a485fa6,60c33dc441937d75a986217023e83ee5748a59f5,True,True,1.0,"[22,50]","[22,50]"
default-r2,384,1,1,16,4,2b16372207e3344688f093f9c78460489a485fa6,60c33dc441937d75a986217023e83ee5748a59f5,True,True,1.0,"[22,50]","[22,50]"
default-r2,384,1,1,16,6,2b16372207e3344688f093f9c78460489a485fa6,60c33dc441937d75a986217023e83ee5748a59f5,True,False,0.5,"[22,50]","[22,48]"
default-r2,384,1,1,16,8,2b16372207e3344688f093f9c78460489a485fa6,60c33dc441937d75a986217023e83ee5748a59f5,True,True,1.0,"[22,50]","[22,50]"
default-r2,384,1,1,16,10,2b16372207e3344688f093f9c78460489a485fa6,60c33dc441937d75a986217023e83ee5748a59f5,True,True,1.0,"[22,50]","[22,50]"
default-r2,384,1,1,16,12,2b16372207e3344688f093f9c78460489a485fa6,60c33dc441937d75a986217023e83ee5748a59f5,True,True,1.0,"[22,50]","[22,50]"
default-r2,384,1,1,16,14,2b16372207e3344688f093f9c78460489a485fa6,60c33dc441937d75a986217023e83ee5748a59f5,True,False,0.5,"[22,50]","[22,48]"
default-r2,384,1,0,16,0,57d6c25a7898568911088c4c8f3a08f3832ca730,84be71223ef6443c5775b6175b7dc4de57f447fd,False,False,0.5,"[5,39]","[39,32]"
default-r2,384,1,0,16,2,57d6c25a7898568911088c4c8f3a08f3832ca730,84be71223ef6443c5775b6175b7dc4de57f447fd,False,False,0.5,"[5,39]","[39,32]"
default-r2,384,1,0,16,4,57d6c25a7898568911088c4c8f3a08f3832ca730,84be71223ef6443c5775b6175b7dc4de57f447fd,False,False,0.5,"[5,39]","[39,32]"
default-r2,384,1,0,16,6,57d6c25a7898568911088c4c8f3a08f3832ca730,84be71223ef6443c5775b6175b7dc4de57f447fd,False,False,0.5,"[5,39]","[39,32]"
default-r2,384,1,0,16,8,57d6c25a7898568911088c4c8f3a08f3832ca730,84be71223ef6443c5775b6175b7dc4de57f447fd,False,False,0.5,"[5,39]","[39,32]"
default-r2,384,1,0,16,10,57d6c25a7898568911088c4c8f3a08f3832ca730,84be71223ef6443c5775b6175b7dc4de57f447fd,False,False,0.5,"[5,39]","[39,32]"
default-r2,384,1,0,16,12,57d6c25a7898568911088c4c8f3a08f3832ca730,84be71223ef6443c5775b6175b7dc4de57f447fd,False,False,0.5,"[5,39]","[39,32]"
default-r2,384,1,0,16,14,57d6c25a7898568911088c4c8f3a08f3832ca730,84be71223ef6443c5775b6175b7dc4de57f447fd,False,False,0.5,"[5,39]","[39,32]"
default-r2,384,1,1,16,0,57d6c25a7898568911088c4c8f3a08f3832ca730,84be71223ef6443c5775b6175b7dc4de57f447fd,True,False,0.5,"[22,50]","[22,48]"
default-r2,384,1,1,16,2,57d6c25a7898568911088c4c8f3a08f3832ca730,84be71223ef6443c5775b6175b7dc4de57f447fd,True,True,1.0,"[22,50]","[22,50]"
default-r2,384,1,1,16,4,57d6c25a7898568911088c4c8f3a08f3832ca730,84be71223ef6443c5775b6175b7dc4de57f447fd,True,True,1.0,"[22,50]","[22,50]"
default-r2,384,1,1,16,6,57d6c25a7898568911088c4c8f3a08f3832ca730,84be71223ef6443c5775b6175b7dc4de57f447fd,True,True,1.0,"[22,50]","[22,50]"
default-r2,384,1,1,16,8,57d6c25a7898568911088c4c8f3a08f3832ca730,84be71223ef6443c5775b6175b7dc4de57f447fd,True,True,1.0,"[22,50]","[22,50]"
default-r2,384,1,1,16,10,57d6c25a7898568911088c4c8f3a08f3832ca730,84be71223ef6443c5775b6175b7dc4de57f447fd,True,False,0.5,"[22,50]","[22,48]"
default-r2,384,1,1,16,12,57d6c25a7898568911088c4c8f3a08f3832ca730,84be71223ef6443c5775b6175b7dc4de57f447fd,True,False,0.5,"[22,50]","[22,48]"
default-r2,384,1,1,16,14,57d6c25a7898568911088c4c8f3a08f3832ca730,84be71223ef6443c5775b6175b7dc4de57f447fd,True,True,1.0,"[22,50]","[22,50]"
default-r2,384,1,0,16,0,94b5e28fac745823455a38183868d2d18757f68a,23112f2c9e8a12a570d12825eb99d088bd74b8a2,False,False,0.5,"[5,39]","[39,32]"
default-r2,384,1,0,16,2,94b5e28fac745823455a38183868d2d18757f68a,23112f2c9e8a12a570d12825eb99d088bd74b8a2,False,False,0.5,"[5,39]","[39,32]"
default-r2,384,1,0,16,4,94b5e28fac745823455a38183868d2d18757f68a,23112f2c9e8a12a570d12825eb99d088bd74b8a2,False,False,0.5,"[5,39]","[39,32]"
default-r2,384,1,0,16,6,94b5e28fac745823455a38183868d2d18757f68a,23112f2c9e8a12a570d12825eb99d088bd74b8a2,False,False,0.5,"[5,39]","[39,32]"
default-r2,384,1,0,16,8,94b5e28fac745823455a38183868d2d18757f68a,23112f2c9e8a12a570d12825eb99d088bd74b8a2,False,False,0.5,"[5,39]","[39,32]"
default-r2,384,1,0,16,10,94b5e28fac745823455a38183868d2d18757f68a,23112f2c9e8a12a570d12825eb99d088bd74b8a2,False,False,0.5,"[5,39]","[39,32]"
default-r2,384,1,0,16,12,94b5e28fac745823455a38183868d2d18757f68a,23112f2c9e8a12a570d12825eb99d088bd74b8a2,False,False,0.5,"[5,39]","[39,32]"
default-r2,384,1,0,16,14,94b5e28fac745823455a38183868d2d18757f68a,23112f2c9e8a12a570d12825eb99d088bd74b8a2,False,False,0.5,"[5,39]","[39,32]"
default-r2,384,1,1,16,0,94b5e28fac745823455a38183868d2d18757f68a,23112f2c9e8a12a570d12825eb99d088bd74b8a2,True,False,0.5,"[22,50]","[22,57]"
default-r2,384,1,1,16,2,94b5e28fac745823455a38183868d2d18757f68a,23112f2c9e8a12a570d12825eb99d088bd74b8a2,True,True,1.0,"[22,50]","[22,50]"
default-r2,384,1,1,16,4,94b5e28fac745823455a38183868d2d18757f68a,23112f2c9e8a12a570d12825eb99d088bd74b8a2,True,False,0.5,"[22,50]","[22,48]"
default-r2,384,1,1,16,6,94b5e28fac745823455a38183868d2d18757f68a,23112f2c9e8a12a570d12825eb99d088bd74b8a2,True,False,0.5,"[22,50]","[22,48]"
default-r2,384,1,1,16,8,94b5e28fac745823455a38183868d2d18757f68a,23112f2c9e8a12a570d12825eb99d088bd74b8a2,True,False,0.5,"[22,50]","[22,57]"
default-r2,384,1,1,16,10,94b5e28fac745823455a38183868d2d18757f68a,23112f2c9e8a12a570d12825eb99d088bd74b8a2,True,False,0.5,"[22,50]","[22,48]"
default-r2,384,1,1,16,12,94b5e28fac745823455a38183868d2d18757f68a,23112f2c9e8a12a570d12825eb99d088bd74b8a2,True,True,1.0,"[22,50]","[22,50]"
default-r2,384,1,1,16,14,94b5e28fac745823455a38183868d2d18757f68a,23112f2c9e8a12a570d12825eb99d088bd74b8a2,True,True,1.0,"[22,50]","[22,50]"
default-r2,384,1,0,16,0,d644ccabbb7508d5d47c7b231c4d3f82ee470f83,8271e9c7f7153b815a28ad2c27f6deb575833cad,False,False,0.5,"[5,39]","[39,32]"
default-r2,384,1,0,16,2,d644ccabbb7508d5d47c7b231c4d3f82ee470f83,8271e9c7f7153b815a28ad2c27f6deb575833cad,False,False,0.5,"[5,39]","[39,32]"
default-r2,384,1,0,16,4,d644ccabbb7508d5d47c7b231c4d3f82ee470f83,8271e9c7f7153b815a28ad2c27f6deb575833cad,False,False,0.5,"[5,39]","[39,32]"
default-r2,384,1,0,16,6,d644ccabbb7508d5d47c7b231c4d3f82ee470f83,8271e9c7f7153b815a28ad2c27f6deb575833cad,False,False,0.5,"[5,39]","[39,32]"
default-r2,384,1,0,16,8,d644ccabbb7508d5d47c7b231c4d3f82ee470f83,8271e9c7f7153b815a28ad2c27f6deb575833cad,False,False,0.5,"[5,39]","[39,32]"
default-r2,384,1,0,16,10,d644ccabbb7508d5d47c7b231c4d3f82ee470f83,8271e9c7f7153b815a28ad2c27f6deb575833cad,False,False,0.5,"[5,39]","[39,32]"
default-r2,384,1,0,16,12,d644ccabbb7508d5d47c7b231c4d3f82ee470f83,8271e9c7f7153b815a28ad2c27f6deb575833cad,False,False,0.5,"[5,39]","[39,32]"
default-r2,384,1,0,16,14,d644ccabbb7508d5d47c7b231c4d3f82ee470f83,8271e9c7f7153b815a28ad2c27f6deb575833cad,False,False,0.5,"[5,39]","[39,32]"
default-r2,384,1,1,16,0,d644ccabbb7508d5d47c7b231c4d3f82ee470f83,8271e9c7f7153b815a28ad2c27f6deb575833cad,True,True,1.0,"[22,50]","[22,50]"
default-r2,384,1,1,16,2,d644ccabbb7508d5d47c7b231c4d3f82ee470f83,8271e9c7f7153b815a28ad2c27f6deb575833cad,True,False,0.5,"[22,50]","[22,57]"
default-r2,384,1,1,16,4,d644ccabbb7508d5d47c7b231c4d3f82ee470f83,8271e9c7f7153b815a28ad2c27f6deb575833cad,True,False,0.5,"[22,50]","[22,48]"
default-r2,384,1,1,16,6,d644ccabbb7508d5d47c7b231c4d3f82ee470f83,8271e9c7f7153b815a28ad2c27f6deb575833cad,True,True,1.0,"[22,50]","[22,50]"
default-r2,384,1,1,16,8,d644ccabbb7508d5d47c7b231c4d3f82ee470f83,8271e9c7f7153b815a28ad2c27f6deb575833cad,True,False,0.5,"[22,50]","[22,57]"
default-r2,384,1,1,16,10,d644ccabbb7508d5d47c7b231c4d3f82ee470f83,8271e9c7f7153b815a28ad2c27f6deb575833cad,True,True,1.0,"[22,50]","[22,50]"
default-r2,384,1,1,16,12,d644ccabbb7508d5d47c7b231c4d3f82ee470f83,8271e9c7f7153b815a28ad2c27f6deb575833cad,True,True,1.0,"[22,50]","[22,50]"
default-r2,384,1,1,16,14,d644ccabbb7508d5d47c7b231c4d3f82ee470f83,8271e9c7f7153b815a28ad2c27f6deb575833cad,True,True,1.0,"[22,50]","[22,50]"
default-r2,512,1,0,16,0,2b16372207e3344688f093f9c78460489a485fa6,60c33dc441937d75a986217023e83ee5748a59f5,False,False,0.0,"[56,19]","[50,39]"
default-r2,512,1,0,16,2,2b16372207e3344688f093f9c78460489a485fa6,60c33dc441937d75a986217023e83ee5748a59f5,False,False,0.0,"[25,53]","[39,40]"
default-r2,512,1,0,16,4,2b16372207e3344688f093f9c78460489a485fa6,60c33dc441937d75a986217023e83ee5748a59f5,True,False,0.5,"[32,11]","[32,39]"
default-r2,512,1,0,16,6,2b16372207e3344688f093f9c78460489a485fa6,60c33dc441937d75a986217023e83ee5748a59f5,False,False,0.0,"[50,9]","[39,25]"
default-r2,512,1,0,16,8,2b16372207e3344688f093f9c78460489a485fa6,60c33dc441937d75a986217023e83ee5748a59f5,False,False,0.0,"[56,61]","[32,0]"
default-r2,512,1,0,16,10,2b16372207e3344688f093f9c78460489a485fa6,60c33dc441937d75a986217023e83ee5748a59f5,False,False,0.0,"[58,37]","[32,25]"
default-r2,512,1,0,16,12,2b16372207e3344688f093f9c78460489a485fa6,60c33dc441937d75a986217023e83ee5748a59f5,False,False,0.0,"[44,7]","[39,50]"
default-r2,512,1,0,16,14,2b16372207e3344688f093f9c78460489a485fa6,60c33dc441937d75a986217023e83ee5748a59f5,True,False,0.5,"[50,49]","[50,39]"
default-r2,512,1,1,16,0,2b16372207e3344688f093f9c78460489a485fa6,60c33dc441937d75a986217023e83ee5748a59f5,False,False,0.0,"[48,63]","[50,22]"
default-r2,512,1,1,16,2,2b16372207e3344688f093f9c78460489a485fa6,60c33dc441937d75a986217023e83ee5748a59f5,True,False,0.5,"[50,48]","[50,22]"
default-r2,512,1,1,16,4,2b16372207e3344688f093f9c78460489a485fa6,60c33dc441937d75a986217023e83ee5748a59f5,False,False,0.0,"[12,50]","[22,14]"
default-r2,512,1,1,16,6,2b16372207e3344688f093f9c78460489a485fa6,60c33dc441937d75a986217023e83ee5748a59f5,True,False,0.5,"[50,30]","[50,22]"
default-r2,512,1,1,16,8,2b16372207e3344688f093f9c78460489a485fa6,60c33dc441937d75a986217023e83ee5748a59f5,False,False,0.0,"[26,50]","[14,22]"
default-r2,512,1,1,16,10,2b16372207e3344688f093f9c78460489a485fa6,60c33dc441937d75a986217023e83ee5748a59f5,False,False,0.5,"[48,50]","[14,50]"
default-r2,512,1,1,16,12,2b16372207e3344688f093f9c78460489a485fa6,60c33dc441937d75a986217023e83ee5748a59f5,True,False,0.5,"[50,48]","[50,22]"
default-r2,512,1,1,16,14,2b16372207e3344688f093f9c78460489a485fa6,60c33dc441937d75a986217023e83ee5748a59f5,True,False,0.5,"[50,48]","[50,22]"
default-r2,512,1,0,16,0,57d6c25a7898568911088c4c8f3a08f3832ca730,84be71223ef6443c5775b6175b7dc4de57f447fd,False,False,0.0,"[31,34]","[32,25]"
default-r2,512,1,0,16,2,57d6c25a7898568911088c4c8f3a08f3832ca730,84be71223ef6443c5775b6175b7dc4de57f447fd,False,False,0.0,"[45,44]","[50,39]"
default-r2,512,1,0,16,4,57d6c25a7898568911088c4c8f3a08f3832ca730,84be71223ef6443c5775b6175b7dc4de57f447fd,False,False,0.0,"[61,52]","[39,50]"
default-r2,512,1,0,16,6,57d6c25a7898568911088c4c8f3a08f3832ca730,84be71223ef6443c5775b6175b7dc4de57f447fd,False,False,0.0,"[36,47]","[50,39]"
default-r2,512,1,0,16,8,57d6c25a7898568911088c4c8f3a08f3832ca730,84be71223ef6443c5775b6175b7dc4de57f447fd,False,False,0.0,"[34,10]","[32,25]"
default-r2,512,1,0,16,10,57d6c25a7898568911088c4c8f3a08f3832ca730,84be71223ef6443c5775b6175b7dc4de57f447fd,False,False,0.0,"[2,14]","[32,39]"
default-r2,512,1,0,16,12,57d6c25a7898568911088c4c8f3a08f3832ca730,84be71223ef6443c5775b6175b7dc4de57f447fd,False,False,0.0,"[8,56]","[32,25]"
default-r2,512,1,0,16,14,57d6c25a7898568911088c4c8f3a08f3832ca730,84be71223ef6443c5775b6175b7dc4de57f447fd,False,False,0.0,"[44,57]","[39,50]"
default-r2,512,1,1,16,0,57d6c25a7898568911088c4c8f3a08f3832ca730,84be71223ef6443c5775b6175b7dc4de57f447fd,False,False,0.0,"[50,48]","[14,22]"
default-r2,512,1,1,16,2,57d6c25a7898568911088c4c8f3a08f3832ca730,84be71223ef6443c5775b6175b7dc4de57f447fd,True,False,0.5,"[50,5]","[50,22]"
default-r2,512,1,1,16,4,57d6c25a7898568911088c4c8f3a08f3832ca730,84be71223ef6443c5775b6175b7dc4de57f447fd,True,False,0.5,"[50,26]","[50,22]"
default-r2,512,1,1,16,6,57d6c25a7898568911088c4c8f3a08f3832ca730,84be71223ef6443c5775b6175b7dc4de57f447fd,True,True,1.0,"[22,50]","[22,50]"
default-r2,512,1,1,16,8,57d6c25a7898568911088c4c8f3a08f3832ca730,84be71223ef6443c5775b6175b7dc4de57f447fd,False,False,0.0,"[50,48]","[14,63]"
default-r2,512,1,1,16,10,57d6c25a7898568911088c4c8f3a08f3832ca730,84be71223ef6443c5775b6175b7dc4de57f447fd,False,False,0.5,"[12,14]","[14,22]"
default-r2,512,1,1,16,12,57d6c25a7898568911088c4c8f3a08f3832ca730,84be71223ef6443c5775b6175b7dc4de57f447fd,False,False,0.0,"[12,50]","[14,25]"
default-r2,512,1,1,16,14,57d6c25a7898568911088c4c8f3a08f3832ca730,84be71223ef6443c5775b6175b7dc4de57f447fd,False,False,0.5,"[50,53]","[22,50]"
default-r2,512,1,0,16,0,94b5e28fac745823455a38183868d2d18757f68a,23112f2c9e8a12a570d12825eb99d088bd74b8a2,False,False,0.0,"[30,56]","[50,39]"
default-r2,512,1,0,16,2,94b5e28fac745823455a38183868d2d18757f68a,23112f2c9e8a12a570d12825eb99d088bd74b8a2,False,False,0.0,"[8,7]","[50,39]"
default-r2,512,1,0,16,4,94b5e28fac745823455a38183868d2d18757f68a,23112f2c9e8a12a570d12825eb99d088bd74b8a2,False,False,0.0,"[2,44]","[39,32]"
default-r2,512,1,0,16,6,94b5e28fac745823455a38183868d2d18757f68a,23112f2c9e8a12a570d12825eb99d088bd74b8a2,False,False,0.5,"[59,54]","[32,59]"
default-r2,512,1,0,16,8,94b5e28fac745823455a38183868d2d18757f68a,23112f2c9e8a12a570d12825eb99d088bd74b8a2,False,False,0.0,"[49,44]","[50,39]"
default-r2,512,1,0,16,10,94b5e28fac745823455a38183868d2d18757f68a,23112f2c9e8a12a570d12825eb99d088bd74b8a2,False,False,0.5,"[45,50]","[50,39]"
default-r2,512,1,0,16,12,94b5e28fac745823455a38183868d2d18757f68a,23112f2c9e8a12a570d12825eb99d088bd74b8a2,False,False,0.0,"[25,58]","[32,39]"
default-r2,512,1,0,16,14,94b5e28fac745823455a38183868d2d18757f68a,23112f2c9e8a12a570d12825eb99d088bd74b8a2,False,False,0.0,"[14,43]","[39,50]"
default-r2,512,1,1,16,0,94b5e28fac745823455a38183868d2d18757f68a,23112f2c9e8a12a570d12825eb99d088bd74b8a2,False,False,0.0,"[12,26]","[22,50]"
default-r2,512,1,1,16,2,94b5e28fac745823455a38183868d2d18757f68a,23112f2c9e8a12a570d12825eb99d088bd74b8a2,False,False,0.5,"[22,12]","[50,22]"
default-r2,512,1,1,16,4,94b5e28fac745823455a38183868d2d18757f68a,23112f2c9e8a12a570d12825eb99d088bd74b8a2,False,False,0.5,"[50,14]","[22,50]"
default-r2,512,1,1,16,6,94b5e28fac745823455a38183868d2d18757f68a,23112f2c9e8a12a570d12825eb99d088bd74b8a2,False,False,0.0,"[50,12]","[22,14]"
default-r2,512,1,1,16,8,94b5e28fac745823455a38183868d2d18757f68a,23112f2c9e8a12a570d12825eb99d088bd74b8a2,True,False,0.5,"[50,14]","[50,26]"
default-r2,512,1,1,16,10,94b5e28fac745823455a38183868d2d18757f68a,23112f2c9e8a12a570d12825eb99d088bd74b8a2,True,False,0.5,"[50,34]","[50,47]"
default-r2,512,1,1,16,12,94b5e28fac745823455a38183868d2d18757f68a,23112f2c9e8a12a570d12825eb99d088bd74b8a2,False,False,0.0,"[48,50]","[22,14]"
default-r2,512,1,1,16,14,94b5e28fac745823455a38183868d2d18757f68a,23112f2c9e8a12a570d12825eb99d088bd74b8a2,True,False,0.5,"[50,12]","[50,22]"
default-r2,512,1,0,16,0,d644ccabbb7508d5d47c7b231c4d3f82ee470f83,8271e9c7f7153b815a28ad2c27f6deb575833cad,True,False,0.5,"[32,37]","[32,63]"
default-r2,512,1,0,16,2,d644ccabbb7508d5d47c7b231c4d3f82ee470f83,8271e9c7f7153b815a28ad2c27f6deb575833cad,False,False,0.0,"[30,16]","[32,25]"
default-r2,512,1,0,16,4,d644ccabbb7508d5d47c7b231c4d3f82ee470f83,8271e9c7f7153b815a28ad2c27f6deb575833cad,False,False,0.0,"[8,15]","[32,0]"
default-r2,512,1,0,16,6,d644ccabbb7508d5d47c7b231c4d3f82ee470f83,8271e9c7f7153b815a28ad2c27f6deb575833cad,False,False,0.0,"[37,56]","[32,39]"
default-r2,512,1,0,16,8,d644ccabbb7508d5d47c7b231c4d3f82ee470f83,8271e9c7f7153b815a28ad2c27f6deb575833cad,False,False,0.0,"[7,30]","[32,39]"
default-r2,512,1,0,16,10,d644ccabbb7508d5d47c7b231c4d3f82ee470f83,8271e9c7f7153b815a28ad2c27f6deb575833cad,False,False,0.0,"[56,21]","[32,39]"
default-r2,512,1,0,16,12,d644ccabbb7508d5d47c7b231c4d3f82ee470f83,8271e9c7f7153b815a28ad2c27f6deb575833cad,False,False,0.0,"[19,56]","[39,50]"
default-r2,512,1,0,16,14,d644ccabbb7508d5d47c7b231c4d3f82ee470f83,8271e9c7f7153b815a28ad2c27f6deb575833cad,False,False,0.0,"[37,34]","[39,32]"
default-r2,512,1,1,16,0,d644ccabbb7508d5d47c7b231c4d3f82ee470f83,8271e9c7f7153b815a28ad2c27f6deb575833cad,False,False,0.0,"[12,50]","[14,22]"
default-r2,512,1,1,16,2,d644ccabbb7508d5d47c7b231c4d3f82ee470f83,8271e9c7f7153b815a28ad2c27f6deb575833cad,False,False,0.0,"[50,12]","[14,48]"
default-r2,512,1,1,16,4,d644ccabbb7508d5d47c7b231c4d3f82ee470f83,8271e9c7f7153b815a28ad2c27f6deb575833cad,False,False,0.5,"[50,22]","[14,22]"
default-r2,512,1,1,16,6,d644ccabbb7508d5d47c7b231c4d3f82ee470f83,8271e9c7f7153b815a28ad2c27f6deb575833cad,False,False,0.5,"[48,50]","[50,14]"
default-r2,512,1,1,16,8,d644ccabbb7508d5d47c7b231c4d3f82ee470f83,8271e9c7f7153b815a28ad2c27f6deb575833cad,False,False,0.5,"[50,36]","[22,50]"
default-r2,512,1,1,16,10,d644ccabbb7508d5d47c7b231c4d3f82ee470f83,8271e9c7f7153b815a28ad2c27f6deb575833cad,False,False,0.5,"[50,63]","[22,50]"
default-r2,512,1,1,16,12,d644ccabbb7508d5d47c7b231c4d3f82ee470f83,8271e9c7f7153b815a28ad2c27f6deb575833cad,False,False,1.0,"[50,22]","[22,50]"
default-r2,512,1,1,16,14,d644ccabbb7508d5d47c7b231c4d3f82ee470f83,8271e9c7f7153b815a28ad2c27f6deb575833cad,False,False,0.5,"[48,50]","[22,50]"
default-r2,704,1,0,16,0,2b16372207e3344688f093f9c78460489a485fa6,60c33dc441937d75a986217023e83ee5748a59f5,False,False,0.0,"[19,56]","[50,29]"
default-r2,704,1,0,16,2,2b16372207e3344688f093f9c78460489a485fa6,60c33dc441937d75a986217023e83ee5748a59f5,False,False,0.0,"[25,27]","[39,0]"
default-r2,704,1,0,16,4,2b16372207e3344688f093f9c78460489a485fa6,60c33dc441937d75a986217023e83ee5748a59f5,False,False,0.5,"[32,37]","[25,32]"
default-r2,704,1,0,16,6,2b16372207e3344688f093f9c78460489a485fa6,60c33dc441937d75a986217023e83ee5748a59f5,False,False,0.0,"[45,50]","[25,29]"
default-r2,704,1,0,16,8,2b16372207e3344688f093f9c78460489a485fa6,60c33dc441937d75a986217023e83ee5748a59f5,False,False,0.0,"[56,30]","[0,19]"
default-r2,704,1,0,16,10,2b16372207e3344688f093f9c78460489a485fa6,60c33dc441937d75a986217023e83ee5748a59f5,False,False,0.0,"[37,58]","[25,0]"
default-r2,704,1,0,16,12,2b16372207e3344688f093f9c78460489a485fa6,60c33dc441937d75a986217023e83ee5748a59f5,False,False,0.5,"[44,25]","[0,25]"
default-r2,704,1,0,16,14,2b16372207e3344688f093f9c78460489a485fa6,60c33dc441937d75a986217023e83ee5748a59f5,False,False,0.0,"[49,44]","[50,29]"
default-r2,704,1,1,16,0,2b16372207e3344688f093f9c78460489a485fa6,60c33dc441937d75a986217023e83ee5748a59f5,False,False,0.0,"[48,63]","[26,50]"
default-r2,704,1,1,16,2,2b16372207e3344688f093f9c78460489a485fa6,60c33dc441937d75a986217023e83ee5748a59f5,False,False,0.0,"[48,14]","[24,50]"
default-r2,704,1,1,16,4,2b16372207e3344688f093f9c78460489a485fa6,60c33dc441937d75a986217023e83ee5748a59f5,False,False,0.5,"[12,48]","[22,48]"
default-r2,704,1,1,16,6,2b16372207e3344688f093f9c78460489a485fa6,60c33dc441937d75a986217023e83ee5748a59f5,False,False,0.0,"[50,38]","[24,14]"
default-r2,704,1,1,16,8,2b16372207e3344688f093f9c78460489a485fa6,60c33dc441937d75a986217023e83ee5748a59f5,False,False,0.0,"[12,48]","[14,50]"
default-r2,704,1,1,16,10,2b16372207e3344688f093f9c78460489a485fa6,60c33dc441937d75a986217023e83ee5748a59f5,False,False,0.0,"[48,12]","[14,50]"
default-r2,704,1,1,16,12,2b16372207e3344688f093f9c78460489a485fa6,60c33dc441937d75a986217023e83ee5748a59f5,False,False,0.5,"[48,50]","[14,50]"
default-r2,704,1,1,16,14,2b16372207e3344688f093f9c78460489a485fa6,60c33dc441937d75a986217023e83ee5748a59f5,False,False,0.0,"[50,48]","[63,26]"
default-r2,704,1,0,16,0,57d6c25a7898568911088c4c8f3a08f3832ca730,84be71223ef6443c5775b6175b7dc4de57f447fd,False,False,0.0,"[31,11]","[25,29]"
default-r2,704,1,0,16,2,57d6c25a7898568911088c4c8f3a08f3832ca730,84be71223ef6443c5775b6175b7dc4de57f447fd,False,False,0.0,"[45,13]","[50,19]"
default-r2,704,1,0,16,4,57d6c25a7898568911088c4c8f3a08f3832ca730,84be71223ef6443c5775b6175b7dc4de57f447fd,False,False,0.0,"[61,43]","[19,39]"
default-r2,704,1,0,16,6,57d6c25a7898568911088c4c8f3a08f3832ca730,84be71223ef6443c5775b6175b7dc4de57f447fd,False,False,0.0,"[36,41]","[50,29]"
default-r2,704,1,0,16,8,57d6c25a7898568911088c4c8f3a08f3832ca730,84be71223ef6443c5775b6175b7dc4de57f447fd,False,False,0.0,"[34,10]","[25,29]"
default-r2,704,1,0,16,10,57d6c25a7898568911088c4c8f3a08f3832ca730,84be71223ef6443c5775b6175b7dc4de57f447fd,False,False,0.0,"[2,14]","[0,19]"
default-r2,704,1,0,16,12,57d6c25a7898568911088c4c8f3a08f3832ca730,84be71223ef6443c5775b6175b7dc4de57f447fd,False,False,0.0,"[8,34]","[25,32]"
default-r2,704,1,0,16,14,57d6c25a7898568911088c4c8f3a08f3832ca730,84be71223ef6443c5775b6175b7dc4de57f447fd,False,False,0.0,"[57,44]","[50,49]"
default-r2,704,1,1,16,0,57d6c25a7898568911088c4c8f3a08f3832ca730,84be71223ef6443c5775b6175b7dc4de57f447fd,False,False,0.5,"[48,12]","[14,48]"
default-r2,704,1,1,16,2,57d6c25a7898568911088c4c8f3a08f3832ca730,84be71223ef6443c5775b6175b7dc4de57f447fd,False,False,0.5,"[50,5]","[12,50]"
default-r2,704,1,1,16,4,57d6c25a7898568911088c4c8f3a08f3832ca730,84be71223ef6443c5775b6175b7dc4de57f447fd,False,False,0.0,"[48,26]","[50,14]"
default-r2,704,1,1,16,6,57d6c25a7898568911088c4c8f3a08f3832ca730,84be71223ef6443c5775b6175b7dc4de57f447fd,False,False,0.0,"[12,22]","[50,26]"
default-r2,704,1,1,16,8,57d6c25a7898568911088c4c8f3a08f3832ca730,84be71223ef6443c5775b6175b7dc4de57f447fd,False,False,0.5,"[48,50]","[63,50]"
default-r2,704,1,1,16,10,57d6c25a7898568911088c4c8f3a08f3832ca730,84be71223ef6443c5775b6175b7dc4de57f447fd,False,False,0.5,"[12,14]","[14,48]"
default-r2,704,1,1,16,12,57d6c25a7898568911088c4c8f3a08f3832ca730,84be71223ef6443c5775b6175b7dc4de57f447fd,False,False,0.0,"[12,48]","[14,24]"
default-r2,704,1,1,16,14,57d6c25a7898568911088c4c8f3a08f3832ca730,84be71223ef6443c5775b6175b7dc4de57f447fd,False,False,0.5,"[48,44]","[22,48]"
default-r2,704,1,0,16,0,94b5e28fac745823455a38183868d2d18757f68a,23112f2c9e8a12a570d12825eb99d088bd74b8a2,False,False,0.0,"[4,30]","[50,39]"
default-r2,704,1,0,16,2,94b5e28fac745823455a38183868d2d18757f68a,23112f2c9e8a12a570d12825eb99d088bd74b8a2,False,False,0.0,"[8,7]","[29,25]"
default-r2,704,1,0,16,4,94b5e28fac745823455a38183868d2d18757f68a,23112f2c9e8a12a570d12825eb99d088bd74b8a2,False,False,0.0,"[2,44]","[32,39]"
default-r2,704,1,0,16,6,94b5e28fac745823455a38183868d2d18757f68a,23112f2c9e8a12a570d12825eb99d088bd74b8a2,False,False,0.5,"[59,54]","[32,59]"
default-r2,704,1,0,16,8,94b5e28fac745823455a38183868d2d18757f68a,23112f2c9e8a12a570d12825eb99d088bd74b8a2,False,False,0.0,"[49,27]","[29,50]"
default-r2,704,1,0,16,10,94b5e28fac745823455a38183868d2d18757f68a,23112f2c9e8a12a570d12825eb99d088bd74b8a2,False,False,0.0,"[45,17]","[50,29]"
default-r2,704,1,0,16,12,94b5e28fac745823455a38183868d2d18757f68a,23112f2c9e8a12a570d12825eb99d088bd74b8a2,False,False,0.0,"[58,53]","[39,19]"
default-r2,704,1,0,16,14,94b5e28fac745823455a38183868d2d18757f68a,23112f2c9e8a12a570d12825eb99d088bd74b8a2,False,False,0.0,"[62,12]","[39,50]"
default-r2,704,1,1,16,0,94b5e28fac745823455a38183868d2d18757f68a,23112f2c9e8a12a570d12825eb99d088bd74b8a2,False,False,0.0,"[12,26]","[63,22]"
default-r2,704,1,1,16,2,94b5e28fac745823455a38183868d2d18757f68a,23112f2c9e8a12a570d12825eb99d088bd74b8a2,False,False,0.0,"[12,48]","[24,50]"
default-r2,704,1,1,16,4,94b5e28fac745823455a38183868d2d18757f68a,23112f2c9e8a12a570d12825eb99d088bd74b8a2,False,False,0.5,"[12,14]","[22,14]"
default-r2,704,1,1,16,6,94b5e28fac745823455a38183868d2d18757f68a,23112f2c9e8a12a570d12825eb99d088bd74b8a2,False,False,0.0,"[12,50]","[63,22]"
default-r2,704,1,1,16,8,94b5e28fac745823455a38183868d2d18757f68a,23112f2c9e8a12a570d12825eb99d088bd74b8a2,False,False,0.0,"[48,14]","[26,52]"
default-r2,704,1,1,16,10,94b5e28fac745823455a38183868d2d18757f68a,23112f2c9e8a12a570d12825eb99d088bd74b8a2,True,False,0.5,"[50,47]","[50,14]"
default-r2,704,1,1,16,12,94b5e28fac745823455a38183868d2d18757f68a,23112f2c9e8a12a570d12825eb99d088bd74b8a2,False,False,0.0,"[48,40]","[22,50]"
default-r2,704,1,1,16,14,94b5e28fac745823455a38183868d2d18757f68a,23112f2c9e8a12a570d12825eb99d088bd74b8a2,False,False,0.0,"[12,26]","[50,24]"
default-r2,704,1,0,16,0,d644ccabbb7508d5d47c7b231c4d3f82ee470f83,8271e9c7f7153b815a28ad2c27f6deb575833cad,True,False,0.5,"[32,37]","[32,39]"
default-r2,704,1,0,16,2,d644ccabbb7508d5d47c7b231c4d3f82ee470f83,8271e9c7f7153b815a28ad2c27f6deb575833cad,False,False,0.0,"[16,30]","[32,25]"
default-r2,704,1,0,16,4,d644ccabbb7508d5d47c7b231c4d3f82ee470f83,8271e9c7f7153b815a28ad2c27f6deb575833cad,False,False,0.0,"[15,8]","[0,32]"
default-r2,704,1,0,16,6,d644ccabbb7508d5d47c7b231c4d3f82ee470f83,8271e9c7f7153b815a28ad2c27f6deb575833cad,False,False,0.0,"[61,37]","[32,0]"
default-r2,704,1,0,16,8,d644ccabbb7508d5d47c7b231c4d3f82ee470f83,8271e9c7f7153b815a28ad2c27f6deb575833cad,False,False,0.0,"[7,16]","[0,19]"
default-r2,704,1,0,16,10,d644ccabbb7508d5d47c7b231c4d3f82ee470f83,8271e9c7f7153b815a28ad2c27f6deb575833cad,False,False,0.0,"[16,4]","[39,19]"
default-r2,704,1,0,16,12,d644ccabbb7508d5d47c7b231c4d3f82ee470f83,8271e9c7f7153b815a28ad2c27f6deb575833cad,False,False,0.0,"[19,56]","[29,39]"
default-r2,704,1,0,16,14,d644ccabbb7508d5d47c7b231c4d3f82ee470f83,8271e9c7f7153b815a28ad2c27f6deb575833cad,False,False,0.0,"[37,58]","[39,25]"
default-r2,704,1,1,16,0,d644ccabbb7508d5d47c7b231c4d3f82ee470f83,8271e9c7f7153b815a28ad2c27f6deb575833cad,False,False,0.5,"[12,48]","[48,22]"
default-r2,704,1,1,16,2,d644ccabbb7508d5d47c7b231c4d3f82ee470f83,8271e9c7f7153b815a28ad2c27f6deb575833cad,False,False,0.0,"[12,50]","[14,48]"
default-r2,704,1,1,16,4,d644ccabbb7508d5d47c7b231c4d3f82ee470f83,8271e9c7f7153b815a28ad2c27f6deb575833cad,False,False,0.0,"[50,22]","[24,14]"
default-r2,704,1,1,16,6,d644ccabbb7508d5d47c7b231c4d3f82ee470f83,8271e9c7f7153b815a28ad2c27f6deb575833cad,False,False,0.0,"[48,26]","[14,24]"
default-r2,704,1,1,16,8,d644ccabbb7508d5d47c7b231c4d3f82ee470f83,8271e9c7f7153b815a28ad2c27f6deb575833cad,False,False,0.0,"[36,50]","[24,14]"
default-r2,704,1,1,16,10,d644ccabbb7508d5d47c7b231c4d3f82ee470f83,8271e9c7f7153b815a28ad2c27f6deb575833cad,False,False,0.0,"[63,26]","[22,52]"
default-r2,704,1,1,16,12,d644ccabbb7508d5d47c7b231c4d3f82ee470f83,8271e9c7f7153b815a28ad2c27f6deb575833cad,False,False,0.0,"[12,48]","[26,52]"
default-r2,704,1,1,16,14,d644ccabbb7508d5d47c7b231c4d3f82ee470f83,8271e9c7f7153b815a28ad2c27f6deb575833cad,False,False,0.0,"[48,12]","[52,26]"
default-r4,0,1,0,16,0,2b16372207e3344688f093f9c78460489a485fa6,60c33dc441937d75a986217023e83ee5748a59f5,True,True,1.0,"[9,8,25,4]","[9,8,25,4]"
default-r4,0,1,0,16,2,2b16372207e3344688f093f9c78460489a485fa6,60c33dc441937d75a986217023e83ee5748a59f5,True,True,1.0,"[54,40,55,45]","[54,40,55,45]"
default-r4,0,1,0,16,4,2b16372207e3344688f093f9c78460489a485fa6,60c33dc441937d75a986217023e83ee5748a59f5,True,True,1.0,"[62,25,8,32]","[62,25,8,32]"
default-r4,0,1,0,16,6,2b16372207e3344688f093f9c78460489a485fa6,60c33dc441937d75a986217023e83ee5748a59f5,True,True,1.0,"[28,46,20,52]","[28,46,20,52]"
default-r4,0,1,0,16,8,2b16372207e3344688f093f9c78460489a485fa6,60c33dc441937d75a986217023e83ee5748a59f5,True,True,1.0,"[47,4,50,60]","[47,4,50,60]"
default-r4,0,1,0,16,10,2b16372207e3344688f093f9c78460489a485fa6,60c33dc441937d75a986217023e83ee5748a59f5,True,True,1.0,"[33,57,13,27]","[33,57,13,27]"
default-r4,0,1,0,16,12,2b16372207e3344688f093f9c78460489a485fa6,60c33dc441937d75a986217023e83ee5748a59f5,True,True,1.0,"[26,54,0,1]","[26,54,0,1]"
default-r4,0,1,0,16,14,2b16372207e3344688f093f9c78460489a485fa6,60c33dc441937d75a986217023e83ee5748a59f5,True,True,1.0,"[50,39,33,51]","[50,39,33,51]"
default-r4,0,1,1,16,0,2b16372207e3344688f093f9c78460489a485fa6,60c33dc441937d75a986217023e83ee5748a59f5,True,True,1.0,"[40,49,34,16]","[40,49,34,16]"
default-r4,0,1,1,16,2,2b16372207e3344688f093f9c78460489a485fa6,60c33dc441937d75a986217023e83ee5748a59f5,True,True,1.0,"[16,59,1,31]","[16,59,1,31]"
default-r4,0,1,1,16,4,2b16372207e3344688f093f9c78460489a485fa6,60c33dc441937d75a986217023e83ee5748a59f5,True,True,1.0,"[18,21,9,50]","[18,21,9,50]"
default-r4,0,1,1,16,6,2b16372207e3344688f093f9c78460489a485fa6,60c33dc441937d75a986217023e83ee5748a59f5,True,True,1.0,"[22,61,13,54]","[22,61,13,54]"
default-r4,0,1,1,16,8,2b16372207e3344688f093f9c78460489a485fa6,60c33dc441937d75a986217023e83ee5748a59f5,True,True,1.0,"[63,33,14,17]","[63,33,14,17]"
default-r4,0,1,1,16,10,2b16372207e3344688f093f9c78460489a485fa6,60c33dc441937d75a986217023e83ee5748a59f5,True,True,1.0,"[60,11,20,32]","[60,11,20,32]"
default-r4,0,1,1,16,12,2b16372207e3344688f093f9c78460489a485fa6,60c33dc441937d75a986217023e83ee5748a59f5,True,True,1.0,"[51,34,62,4]","[51,34,62,4]"
default-r4,0,1,1,16,14,2b16372207e3344688f093f9c78460489a485fa6,60c33dc441937d75a986217023e83ee5748a59f5,True,True,1.0,"[44,58,16,35]","[44,58,16,35]"
default-r4,0,1,0,16,0,57d6c25a7898568911088c4c8f3a08f3832ca730,84be71223ef6443c5775b6175b7dc4de57f447fd,True,True,1.0,"[24,23,22,8]","[24,23,22,8]"
default-r4,0,1,0,16,2,57d6c25a7898568911088c4c8f3a08f3832ca730,84be71223ef6443c5775b6175b7dc4de57f447fd,True,True,1.0,"[1,38,59,14]","[1,38,59,14]"
default-r4,0,1,0,16,4,57d6c25a7898568911088c4c8f3a08f3832ca730,84be71223ef6443c5775b6175b7dc4de57f447fd,True,True,1.0,"[6,19,26,52]","[6,19,26,52]"
default-r4,0,1,0,16,6,57d6c25a7898568911088c4c8f3a08f3832ca730,84be71223ef6443c5775b6175b7dc4de57f447fd,True,True,1.0,"[1,40,11,53]","[1,40,11,53]"
default-r4,0,1,0,16,8,57d6c25a7898568911088c4c8f3a08f3832ca730,84be71223ef6443c5775b6175b7dc4de57f447fd,True,True,1.0,"[8,52,53,16]","[8,52,53,16]"
default-r4,0,1,0,16,10,57d6c25a7898568911088c4c8f3a08f3832ca730,84be71223ef6443c5775b6175b7dc4de57f447fd,True,True,1.0,"[36,59,20,34]","[36,59,20,34]"
default-r4,0,1,0,16,12,57d6c25a7898568911088c4c8f3a08f3832ca730,84be71223ef6443c5775b6175b7dc4de57f447fd,True,True,1.0,"[40,34,15,42]","[40,34,15,42]"
default-r4,0,1,0,16,14,57d6c25a7898568911088c4c8f3a08f3832ca730,84be71223ef6443c5775b6175b7dc4de57f447fd,True,True,1.0,"[11,1,8,62]","[11,1,8,62]"
default-r4,0,1,1,16,0,57d6c25a7898568911088c4c8f3a08f3832ca730,84be71223ef6443c5775b6175b7dc4de57f447fd,True,True,1.0,"[47,27,3,35]","[47,27,3,35]"
default-r4,0,1,1,16,2,57d6c25a7898568911088c4c8f3a08f3832ca730,84be71223ef6443c5775b6175b7dc4de57f447fd,True,True,1.0,"[8,60,49,55]","[8,60,49,55]"
default-r4,0,1,1,16,4,57d6c25a7898568911088c4c8f3a08f3832ca730,84be71223ef6443c5775b6175b7dc4de57f447fd,True,True,1.0,"[54,57,35,13]","[54,57,35,13]"
default-r4,0,1,1,16,6,57d6c25a7898568911088c4c8f3a08f3832ca730,84be71223ef6443c5775b6175b7dc4de57f447fd,True,True,1.0,"[17,25,23,55]","[17,25,23,55]"
default-r4,0,1,1,16,8,57d6c25a7898568911088c4c8f3a08f3832ca730,84be71223ef6443c5775b6175b7dc4de57f447fd,True,True,1.0,"[16,20,34,25]","[16,20,34,25]"
default-r4,0,1,1,16,10,57d6c25a7898568911088c4c8f3a08f3832ca730,84be71223ef6443c5775b6175b7dc4de57f447fd,True,True,1.0,"[7,13,56,21]","[7,13,56,21]"
default-r4,0,1,1,16,12,57d6c25a7898568911088c4c8f3a08f3832ca730,84be71223ef6443c5775b6175b7dc4de57f447fd,True,True,1.0,"[27,49,5,25]","[27,49,5,25]"
default-r4,0,1,1,16,14,57d6c25a7898568911088c4c8f3a08f3832ca730,84be71223ef6443c5775b6175b7dc4de57f447fd,True,True,1.0,"[31,57,8,30]","[31,57,8,30]"
default-r4,0,1,0,16,0,94b5e28fac745823455a38183868d2d18757f68a,23112f2c9e8a12a570d12825eb99d088bd74b8a2,True,True,1.0,"[48,24,23,50]","[48,24,23,50]"
default-r4,0,1,0,16,2,94b5e28fac745823455a38183868d2d18757f68a,23112f2c9e8a12a570d12825eb99d088bd74b8a2,True,True,1.0,"[19,51,18,22]","[19,51,18,22]"
default-r4,0,1,0,16,4,94b5e28fac745823455a38183868d2d18757f68a,23112f2c9e8a12a570d12825eb99d088bd74b8a2,True,True,1.0,"[11,3,42,29]","[11,3,42,29]"
default-r4,0,1,0,16,6,94b5e28fac745823455a38183868d2d18757f68a,23112f2c9e8a12a570d12825eb99d088bd74b8a2,True,True,1.0,"[53,50,29,32]","[53,50,29,32]"
default-r4,0,1,0,16,8,94b5e28fac745823455a38183868d2d18757f68a,23112f2c9e8a12a570d12825eb99d088bd74b8a2,True,True,1.0,"[25,23,62,16]","[25,23,62,16]"
default-r4,0,1,0,16,10,94b5e28fac745823455a38183868d2d18757f68a,23112f2c9e8a12a570d12825eb99d088bd74b8a2,True,True,1.0,"[7,16,5,47]","[7,16,5,47]"
default-r4,0,1,0,16,12,94b5e28fac745823455a38183868d2d18757f68a,23112f2c9e8a12a570d12825eb99d088bd74b8a2,True,True,1.0,"[62,2,33,25]","[62,2,33,25]"
default-r4,0,1,0,16,14,94b5e28fac745823455a38183868d2d18757f68a,23112f2c9e8a12a570d12825eb99d088bd74b8a2,True,True,1.0,"[19,27,20,61]","[19,27,20,61]"
default-r4,0,1,1,16,0,94b5e28fac745823455a38183868d2d18757f68a,23112f2c9e8a12a570d12825eb99d088bd74b8a2,True,True,1.0,"[27,49,5,1]","[27,49,5,1]"
default-r4,0,1,1,16,2,94b5e28fac745823455a38183868d2d18757f68a,23112f2c9e8a12a570d12825eb99d088bd74b8a2,True,True,1.0,"[60,3,48,7]","[60,3,48,7]"
default-r4,0,1,1,16,4,94b5e28fac745823455a38183868d2d18757f68a,23112f2c9e8a12a570d12825eb99d088bd74b8a2,True,True,1.0,"[21,41,28,9]","[21,41,28,9]"
default-r4,0,1,1,16,6,94b5e28fac745823455a38183868d2d18757f68a,23112f2c9e8a12a570d12825eb99d088bd74b8a2,True,True,1.0,"[12,2,23,55]","[12,2,23,55]"
default-r4,0,1,1,16,8,94b5e28fac745823455a38183868d2d18757f68a,23112f2c9e8a12a570d12825eb99d088bd74b8a2,True,True,1.0,"[9,25,26,47]","[9,25,26,47]"
default-r4,0,1,1,16,10,94b5e28fac745823455a38183868d2d18757f68a,23112f2c9e8a12a570d12825eb99d088bd74b8a2,True,True,1.0,"[14,1,63,10]","[14,1,63,10]"
default-r4,0,1,1,16,12,94b5e28fac745823455a38183868d2d18757f68a,23112f2c9e8a12a570d12825eb99d088bd74b8a2,True,True,1.0,"[12,35,18,2]","[12,35,18,2]"
default-r4,0,1,1,16,14,94b5e28fac745823455a38183868d2d18757f68a,23112f2c9e8a12a570d12825eb99d088bd74b8a2,True,True,1.0,"[35,10,26,20]","[35,10,26,20]"
default-r4,0,1,0,16,0,d644ccabbb7508d5d47c7b231c4d3f82ee470f83,8271e9c7f7153b815a28ad2c27f6deb575833cad,True,True,1.0,"[55,62,31,56]","[55,62,31,56]"
default-r4,0,1,0,16,2,d644ccabbb7508d5d47c7b231c4d3f82ee470f83,8271e9c7f7153b815a28ad2c27f6deb575833cad,True,True,1.0,"[11,46,1,17]","[11,46,1,17]"
default-r4,0,1,0,16,4,d644ccabbb7508d5d47c7b231c4d3f82ee470f83,8271e9c7f7153b815a28ad2c27f6deb575833cad,True,True,1.0,"[62,63,26,20]","[62,63,26,20]"
default-r4,0,1,0,16,6,d644ccabbb7508d5d47c7b231c4d3f82ee470f83,8271e9c7f7153b815a28ad2c27f6deb575833cad,True,True,1.0,"[11,5,2,20]","[11,5,2,20]"
default-r4,0,1,0,16,8,d644ccabbb7508d5d47c7b231c4d3f82ee470f83,8271e9c7f7153b815a28ad2c27f6deb575833cad,True,True,1.0,"[23,27,20,35]","[23,27,20,35]"
default-r4,0,1,0,16,10,d644ccabbb7508d5d47c7b231c4d3f82ee470f83,8271e9c7f7153b815a28ad2c27f6deb575833cad,True,True,1.0,"[2,59,22,52]","[2,59,22,52]"
default-r4,0,1,0,16,12,d644ccabbb7508d5d47c7b231c4d3f82ee470f83,8271e9c7f7153b815a28ad2c27f6deb575833cad,True,True,1.0,"[20,12,44,1]","[20,12,44,1]"
default-r4,0,1,0,16,14,d644ccabbb7508d5d47c7b231c4d3f82ee470f83,8271e9c7f7153b815a28ad2c27f6deb575833cad,True,True,1.0,"[20,3,57,52]","[20,3,57,52]"
default-r4,0,1,1,16,0,d644ccabbb7508d5d47c7b231c4d3f82ee470f83,8271e9c7f7153b815a28ad2c27f6deb575833cad,True,True,1.0,"[50,43,19,41]","[50,43,19,41]"
default-r4,0,1,1,16,2,d644ccabbb7508d5d47c7b231c4d3f82ee470f83,8271e9c7f7153b815a28ad2c27f6deb575833cad,True,True,1.0,"[32,27,28,54]","[32,27,28,54]"
default-r4,0,1,1,16,4,d644ccabbb7508d5d47c7b231c4d3f82ee470f83,8271e9c7f7153b815a28ad2c27f6deb575833cad,True,True,1.0,"[27,33,23,31]","[27,33,23,31]"
default-r4,0,1,1,16,6,d644ccabbb7508d5d47c7b231c4d3f82ee470f83,8271e9c7f7153b815a28ad2c27f6deb575833cad,True,True,1.0,"[31,50,58,9]","[31,50,58,9]"
default-r4,0,1,1,16,8,d644ccabbb7508d5d47c7b231c4d3f82ee470f83,8271e9c7f7153b815a28ad2c27f6deb575833cad,True,True,1.0,"[55,53,42,8]","[55,53,42,8]"
default-r4,0,1,1,16,10,d644ccabbb7508d5d47c7b231c4d3f82ee470f83,8271e9c7f7153b815a28ad2c27f6deb575833cad,True,True,1.0,"[18,12,20,59]","[18,12,20,59]"
default-r4,0,1,1,16,12,d644ccabbb7508d5d47c7b231c4d3f82ee470f83,8271e9c7f7153b815a28ad2c27f6deb575833cad,True,True,1.0,"[35,59,7,40]","[35,59,7,40]"
default-r4,0,1,1,16,14,d644ccabbb7508d5d47c7b231c4d3f82ee470f83,8271e9c7f7153b815a28ad2c27f6deb575833cad,True,True,1.0,"[38,20,27,19]","[38,20,27,19]"
default-r4,16,1,0,16,0,2b16372207e3344688f093f9c78460489a485fa6,60c33dc441937d75a986217023e83ee5748a59f5,True,False,1.0,"[8,9,21,25]","[8,25,9,21]"
default-r4,16,1,0,16,2,2b16372207e3344688f093f9c78460489a485fa6,60c33dc441937d75a986217023e83ee5748a59f5,True,False,0.75,"[39,54,21,45]","[39,54,21,19]"
default-r4,16,1,0,16,4,2b16372207e3344688f093f9c78460489a485fa6,60c33dc441937d75a986217023e83ee5748a59f5,False,False,1.0,"[25,62,32,45]","[32,25,62,45]"
default-r4,16,1,0,16,6,2b16372207e3344688f093f9c78460489a485fa6,60c33dc441937d75a986217023e83ee5748a59f5,True,False,0.75,"[46,28,1,25]","[46,28,1,59]"
default-r4,16,1,0,16,8,2b16372207e3344688f093f9c78460489a485fa6,60c33dc441937d75a986217023e83ee5748a59f5,True,False,1.0,"[59,36,4,1]","[59,1,4,36]"
default-r4,16,1,0,16,10,2b16372207e3344688f093f9c78460489a485fa6,60c33dc441937d75a986217023e83ee5748a59f5,True,False,0.75,"[57,33,51,48]","[57,48,33,46]"
default-r4,16,1,0,16,12,2b16372207e3344688f093f9c78460489a485fa6,60c33dc441937d75a986217023e83ee5748a59f5,False,False,0.75,"[39,0,21,59]","[21,39,57,0]"
default-r4,16,1,0,16,14,2b16372207e3344688f093f9c78460489a485fa6,60c33dc441937d75a986217023e83ee5748a59f5,True,False,0.75,"[39,50,51,57]","[39,51,50,21]"
default-r4,16,1,1,16,0,2b16372207e3344688f093f9c78460489a485fa6,60c33dc441937d75a986217023e83ee5748a59f5,True,False,1.0,"[40,49,57,26]","[40,57,49,26]"
default-r4,16,1,1,16,2,2b16372207e3344688f093f9c78460489a485fa6,60c33dc441937d75a986217023e83ee5748a59f5,True,False,0.75,"[16,1,28,31]","[16,28,1,59]"
default-r4,16,1,1,16,4,2b16372207e3344688f093f9c78460489a485fa6,60c33dc441937d75a986217023e83ee5748a59f5,True,False,0.5,"[18,11,26,50]","[18,11,63,21]"
default-r4,16,1,1,16,6,2b16372207e3344688f093f9c78460489a485fa6,60c33dc441937d75a986217023e83ee5748a59f5,True,False,0.75,"[22,57,61,26]","[22,57,61,42]"
default-r4,16,1,1,16,8,2b16372207e3344688f093f9c78460489a485fa6,60c33dc441937d75a986217023e83ee5748a59f5,False,False,0.5,"[63,29,14,49]","[49,63,17,33]"
default-r4,16,1,1,16,10,2b16372207e3344688f093f9c78460489a485fa6,60c33dc441937d75a986217023e83ee5748a59f5,False,False,0.75,"[40,11,32,63]","[11,40,63,18]"
default-r4,16,1,1,16,12,2b16372207e3344688f093f9c78460489a485fa6,60c33dc441937d75a986217023e83ee5748a59f5,True,False,0.5,"[51,4,34,1]","[51,4,63,60]"
default-r4,16,1,1,16,14,2b16372207e3344688f093f9c78460489a485fa6,60c33dc441937d75a986217023e83ee5748a59f5,False,False,0.75,"[48,44,40,16]","[44,48,40,49]"
default-r4,16,1,0,16,0,57d6c25a7898568911088c4c8f3a08f3832ca730,84be71223ef6443c5775b6175b7dc4de57f447fd,True,True,1.0,"[24,11,31,8]","[24,11,31,8]"
default-r4,16,1,0,16,2,57d6c25a7898568911088c4c8f3a08f3832ca730,84be71223ef6443c5775b6175b7dc4de57f447fd,False,False,1.0,"[1,38,59,32]","[59,1,38,32]"
default-r4,16,1,0,16,4,57d6c25a7898568911088c4c8f3a08f3832ca730,84be71223ef6443c5775b6175b7dc4de57f447fd,True,False,0.75,"[34,6,15,19]","[34,6,54,19]"
default-r4,16,1,0,16,6,57d6c25a7898568911088c4c8f3a08f3832ca730,84be71223ef6443c5775b6175b7dc4de57f447fd,True,False,0.75,"[1,11,32,36]","[1,11,32,42]"
default-r4,16,1,0,16,8,57d6c25a7898568911088c4c8f3a08f3832ca730,84be71223ef6443c5775b6175b7dc4de57f447fd,True,False,0.75,"[8,52,61,59]","[8,59,52,32]"
default-r4,16,1,0,16,10,57d6c25a7898568911088c4c8f3a08f3832ca730,84be71223ef6443c5775b6175b7dc4de57f447fd,True,False,1.0,"[36,59,57,32]","[36,59,32,57]"
default-r4,16,1,0,16,12,57d6c25a7898568911088c4c8f3a08f3832ca730,84be71223ef6443c5775b6175b7dc4de57f447fd,True,False,0.75,"[40,15,34,58]","[40,34,15,42]"
default-r4,16,1,0,16,14,57d6c25a7898568911088c4c8f3a08f3832ca730,84be71223ef6443c5775b6175b7dc4de57f447fd,True,False,0.75,"[11,1,52,47]","[11,1,52,36]"
default-r4,16,1,1,16,0,57d6c25a7898568911088c4c8f3a08f3832ca730,84be71223ef6443c5775b6175b7dc4de57f447fd,True,False,0.25,"[47,52,33,48]","[47,29,17,3]"
default-r4,16,1,1,16,2,57d6c25a7898568911088c4c8f3a08f3832ca730,84be71223ef6443c5775b6175b7dc4de57f447fd,False,False,0.75,"[49,57,52,4]","[57,49,4,60]"
default-r4,16,1,1,16,4,57d6c25a7898568911088c4c8f3a08f3832ca730,84be71223ef6443c5775b6175b7dc4de57f447fd,True,False,0.75,"[57,12,54,35]","[57,54,12,6]"
default-r4,16,1,1,16,6,57d6c25a7898568911088c4c8f3a08f3832ca730,84be71223ef6443c5775b6175b7dc4de57f447fd,False,False,1.0,"[17,36,57,28]","[57,36,17,28]"
default-r4,16,1,1,16,8,57d6c25a7898568911088c4c8f3a08f3832ca730,84be71223ef6443c5775b6175b7dc4de57f447fd,True,False,0.75,"[16,20,49,59]","[16,4,59,20]"
default-r4,16,1,1,16,10,57d6c25a7898568911088c4c8f3a08f3832ca730,84be71223ef6443c5775b6175b7dc4de57f447fd,True,False,0.75,"[57,7,40,12]","[57,12,40,56]"
default-r4,16,1,1,16,12,57d6c25a7898568911088c4c8f3a08f3832ca730,84be71223ef6443c5775b6175b7dc4de57f447fd,False,False,0.75,"[36,49,12,32]","[12,36,49,45]"
default-r4,16,1,1,16,14,57d6c25a7898568911088c4c8f3a08f3832ca730,84be71223ef6443c5775b6175b7dc4de57f447fd,True,False,0.75,"[57,31,4,63]","[57,31,2,63]"
default-r4,16,1,0,16,0,94b5e28fac745823455a38183868d2d18757f68a,23112f2c9e8a12a570d12825eb99d088bd74b8a2,True,False,0.75,"[48,4,59,32]","[48,32,4,56]"
default-r4,16,1,0,16,2,94b5e28fac745823455a38183868d2d18757f68a,23112f2c9e8a12a570d12825eb99d088bd74b8a2,True,False,0.75,"[19,51,57,59]","[19,51,59,18]"
default-r4,16,1,0,16,4,94b5e28fac745823455a38183868d2d18757f68a,23112f2c9e8a12a570d12825eb99d088bd74b8a2,False,False,0.5,"[11,1,42,30]","[13,11,59,1]"
default-r4,16,1,0,16,6,94b5e28fac745823455a38183868d2d18757f68a,23112f2c9e8a12a570d12825eb99d088bd74b8a2,False,False,0.75,"[32,39,53,33]","[39,32,57,53]"
default-r4,16,1,0,16,8,94b5e28fac745823455a38183868d2d18757f68a,23112f2c9e8a12a570d12825eb99d088bd74b8a2,True,False,0.75,"[25,62,43,36]","[25,36,32,62]"
default-r4,16,1,0,16,10,94b5e28fac745823455a38183868d2d18757f68a,23112f2c9e8a12a570d12825eb99d088bd74b8a2,True,False,1.0,"[7,51,39,5]","[7,5,39,51]"
default-r4,16,1,0,16,12,94b5e28fac745823455a38183868d2d18757f68a,23112f2c9e8a12a570d12825eb99d088bd74b8a2,False,False,0.75,"[2,32,62,43]","[62,2,25,32]"
default-r4,16,1,0,16,14,94b5e28fac745823455a38183868d2d18757f68a,23112f2c9e8a12a570d12825eb99d088bd74b8a2,False,False,0.5,"[27,44,59,19]","[19,61,59,39]"
default-r4,16,1,1,16,0,94b5e28fac745823455a38183868d2d18757f68a,23112f2c9e8a12a570d12825eb99d088bd74b8a2,True,True,1.0,"[49,1,57,27]","[49,1,57,27]"
default-r4,16,1,1,16,2,94b5e28fac745823455a38183868d2d18757f68a,23112f2c9e8a12a570d12825eb99d088bd74b8a2,True,False,0.75,"[48,29,60,16]","[48,60,16,12]"
default-r4,16,1,1,16,4,94b5e28fac745823455a38183868d2d18757f68a,23112f2c9e8a12a570d12825eb99d088bd74b8a2,True,False,0.75,"[21,28,57,63]","[21,12,57,28]"
default-r4,16,1,1,16,6,94b5e28fac745823455a38183868d2d18757f68a,23112f2c9e8a12a570d12825eb99d088bd74b8a2,True,False,1.0,"[12,50,48,2]","[12,50,2,48]"
default-r4,16,1,1,16,8,94b5e28fac745823455a38183868d2d18757f68a,23112f2c9e8a12a570d12825eb99d088bd74b8a2,False,False,0.75,"[26,49,12,52]","[12,52,26,14]"
default-r4,16,1,1,16,10,94b5e28fac745823455a38183868d2d18757f68a,23112f2c9e8a12a570d12825eb99d088bd74b8a2,False,False,1.0,"[14,63,52,1]","[63,14,52,1]"
default-r4,16,1,1,16,12,94b5e28fac745823455a38183868d2d18757f68a,23112f2c9e8a12a570d12825eb99d088bd74b8a2,True,False,0.75,"[12,18,52,42]","[12,18,52,49]"
default-r4,16,1,1,16,14,94b5e28fac745823455a38183868d2d18757f68a,23112f2c9e8a12a570d12825eb99d088bd74b8a2,False,False,0.75,"[52,26,10,35]","[26,52,10,43]"
default-r4,16,1,0,16,0,d644ccabbb7508d5d47c7b231c4d3f82ee470f83,8271e9c7f7153b815a28ad2c27f6deb575833cad,False,False,0.75,"[46,55,52,62]","[55,46,52,31]"
default-r4,16,1,0,16,2,d644ccabbb7508d5d47c7b231c4d3f82ee470f83,8271e9c7f7153b815a28ad2c27f6deb575833cad,False,False,0.75,"[46,17,1,36]","[59,1,17,46]"
default-r4,16,1,0,16,4,d644ccabbb7508d5d47c7b231c4d3f82ee470f83,8271e9c7f7153b815a28ad2c27f6deb575833cad,True,False,0.5,"[62,55,26,35]","[62,63,35,50]"
default-r4,16,1,0,16,6,d644ccabbb7508d5d47c7b231c4d3f82ee470f83,8271e9c7f7153b815a28ad2c27f6deb575833cad,True,False,0.5,"[11,39,2,24]","[11,39,32,21]"
default-r4,16,1,0,16,8,d644ccabbb7508d5d47c7b231c4d3f82ee470f83,8271e9c7f7153b815a28ad2c27f6deb575833cad,True,False,0.75,"[36,46,23,27]","[36,27,44,46]"
default-r4,16,1,0,16,10,d644ccabbb7508d5d47c7b231c4d3f82ee470f83,8271e9c7f7153b815a28ad2c27f6deb575833cad,False,False,1.0,"[2,59,51,22]","[59,2,22,51]"
default-r4,16,1,0,16,12,d644ccabbb7508d5d47c7b231c4d3f82ee470f83,8271e9c7f7153b815a28ad2c27f6deb575833cad,False,False,0.5,"[20,1,46,58]","[44,20,1,45]"
default-r4,16,1,0,16,14,d644ccabbb7508d5d47c7b231c4d3f82ee470f83,8271e9c7f7153b815a28ad2c27f6deb575833cad,True,False,0.5,"[57,20,3,52]","[57,52,39,18]"
default-r4,16,1,1,16,0,d644ccabbb7508d5d47c7b231c4d3f82ee470f83,8271e9c7f7153b815a28ad2c27f6deb575833cad,True,False,0.75,"[50,12,52,19]","[50,52,12,36]"
default-r4,16,1,1,16,2,d644ccabbb7508d5d47c7b231c4d3f82ee470f83,8271e9c7f7153b815a28ad2c27f6deb575833cad,True,False,0.75,"[28,63,48,32]","[28,63,27,48]"
default-r4,16,1,1,16,4,d644ccabbb7508d5d47c7b231c4d3f82ee470f83,8271e9c7f7153b815a28ad2c27f6deb575833cad,True,False,0.75,"[27,31,1,23]","[27,33,1,23]"
default-r4,16,1,1,16,6,d644ccabbb7508d5d47c7b231c4d3f82ee470f83,8271e9c7f7153b815a28ad2c27f6deb575833cad,False,False,0.75,"[48,50,31,57]","[50,31,9,57]"
default-r4,16,1,1,16,8,d644ccabbb7508d5d47c7b231c4d3f82ee470f83,8271e9c7f7153b815a28ad2c27f6deb575833cad,True,False,0.75,"[36,42,32,53]","[36,42,29,53]"
default-r4,16,1,1,16,10,d644ccabbb7508d5d47c7b231c4d3f82ee470f83,8271e9c7f7153b815a28ad2c27f6deb575833cad,True,False,0.75,"[18,12,20,48]","[18,12,40,48]"
default-r4,16,1,1,16,12,d644ccabbb7508d5d47c7b231c4d3f82ee470f83,8271e9c7f7153b815a28ad2c27f6deb575833cad,False,False,0.75,"[40,20,35,57]","[35,40,20,63]"
default-r4,16,1,1,16,14,d644ccabbb7508d5d47c7b231c4d3f82ee470f83,8271e9c7f7153b815a28ad2c27f6deb575833cad,True,False,0.75,"[38,6,20,3]","[38,20,4,6]"
default-r4,64,1,0,16,0,2b16372207e3344688f093f9c78460489a485fa6,60c33dc441937d75a986217023e83ee5748a59f5,False,False,0.75,"[8,21,9,25]","[25,21,8,37]"
default-r4,64,1,0,16,2,2b16372207e3344688f093f9c78460489a485fa6,60c33dc441937d75a986217023e83ee5748a59f5,False,False,0.5,"[54,5,21,40]","[21,39,5,8]"
default-r4,64,1,0,16,4,2b16372207e3344688f093f9c78460489a485fa6,60c33dc441937d75a986217023e83ee5748a59f5,True,False,0.75,"[32,18,25,11]","[32,25,18,62]"
default-r4,64,1,0,16,6,2b16372207e3344688f093f9c78460489a485fa6,60c33dc441937d75a986217023e83ee5748a59f5,False,False,0.25,"[11,52,1,46]","[52,5,2,24]"
default-r4,64,1,0,16,8,2b16372207e3344688f093f9c78460489a485fa6,60c33dc441937d75a986217023e83ee5748a59f5,True,False,0.75,"[36,59,4,1]","[36,1,56,59]"
default-r4,64,1,0,16,10,2b16372207e3344688f093f9c78460489a485fa6,60c33dc441937d75a986217023e83ee5748a59f5,True,False,0.75,"[57,51,48,31]","[57,48,51,33]"
default-r4,64,1,0,16,12,2b16372207e3344688f093f9c78460489a485fa6,60c33dc441937d75a986217023e83ee5748a59f5,False,False,0.5,"[59,0,52,51]","[21,59,51,24]"
default-r4,64,1,0,16,14,2b16372207e3344688f093f9c78460489a485fa6,60c33dc441937d75a986217023e83ee5748a59f5,True,False,0.5,"[51,31,39,50]","[51,39,5,59]"
default-r4,64,1,1,16,0,2b16372207e3344688f093f9c78460489a485fa6,60c33dc441937d75a986217023e83ee5748a59f5,True,False,0.75,"[57,4,40,49]","[57,40,18,49]"
default-r4,64,1,1,16,2,2b16372207e3344688f093f9c78460489a485fa6,60c33dc441937d75a986217023e83ee5748a59f5,True,False,0.25,"[16,1,31,47]","[16,53,59,24]"
default-r4,64,1,1,16,4,2b16372207e3344688f093f9c78460489a485fa6,60c33dc441937d75a986217023e83ee5748a59f5,True,False,0.5,"[57,52,18,10]","[57,9,18,1]"
default-r4,64,1,1,16,6,2b16372207e3344688f093f9c78460489a485fa6,60c33dc441937d75a986217023e83ee5748a59f5,True,False,0.75,"[61,22,57,60]","[61,22,57,9]"
default-r4,64,1,1,16,8,2b16372207e3344688f093f9c78460489a485fa6,60c33dc441937d75a986217023e83ee5748a59f5,False,False,0.25,"[10,4,14,17]","[17,33,53,44]"
default-r4,64,1,1,16,10,2b16372207e3344688f093f9c78460489a485fa6,60c33dc441937d75a986217023e83ee5748a59f5,True,False,0.5,"[18,40,20,32]","[18,11,40,60]"
default-r4,64,1,1,16,12,2b16372207e3344688f093f9c78460489a485fa6,60c33dc441937d75a986217023e83ee5748a59f5,True,False,0.75,"[51,1,4,17]","[51,1,17,18]"
default-r4,64,1,1,16,14,2b16372207e3344688f093f9c78460489a485fa6,60c33dc441937d75a986217023e83ee5748a59f5,False,False,1.0,"[57,44,48,9]","[44,9,48,57]"
default-r4,64,1,0,16,0,57d6c25a7898568911088c4c8f3a08f3832ca730,84be71223ef6443c5775b6175b7dc4de57f447fd,False,False,0.5,"[11,1,24,31]","[24,18,21,11]"
default-r4,64,1,0,16,2,57d6c25a7898568911088c4c8f3a08f3832ca730,84be71223ef6443c5775b6175b7dc4de57f447fd,False,False,0.75,"[1,59,38,36]","[59,32,1,38]"
default-r4,64,1,0,16,4,57d6c25a7898568911088c4c8f3a08f3832ca730,84be71223ef6443c5775b6175b7dc4de57f447fd,False,False,0.75,"[34,54,47,21]","[56,34,21,54]"
default-r4,64,1,0,16,6,57d6c25a7898568911088c4c8f3a08f3832ca730,84be71223ef6443c5775b6175b7dc4de57f447fd,True,False,0.75,"[11,31,52,47]","[11,52,31,51]"
default-r4,64,1,0,16,8,57d6c25a7898568911088c4c8f3a08f3832ca730,84be71223ef6443c5775b6175b7dc4de57f447fd,False,False,0.75,"[52,18,8,38]","[18,52,8,21]"
default-r4,64,1,0,16,10,57d6c25a7898568911088c4c8f3a08f3832ca730,84be71223ef6443c5775b6175b7dc4de57f447fd,False,False,0.5,"[58,34,30,15]","[59,34,58,18]"
default-r4,64,1,0,16,12,57d6c25a7898568911088c4c8f3a08f3832ca730,84be71223ef6443c5775b6175b7dc4de57f447fd,True,False,0.75,"[34,58,15,11]","[34,58,15,30]"
default-r4,64,1,0,16,14,57d6c25a7898568911088c4c8f3a08f3832ca730,84be71223ef6443c5775b6175b7dc4de57f447fd,True,False,0.5,"[11,31,52,47]","[11,51,18,31]"
default-r4,64,1,1,16,0,57d6c25a7898568911088c4c8f3a08f3832ca730,84be71223ef6443c5775b6175b7dc4de57f447fd,False,False,0.5,"[22,48,52,61]","[47,61,48,31]"
default-r4,64,1,1,16,2,57d6c25a7898568911088c4c8f3a08f3832ca730,84be71223ef6443c5775b6175b7dc4de57f447fd,True,False,0.25,"[57,52,56,63]","[57,50,49,60]"
default-r4,64,1,1,16,4,57d6c25a7898568911088c4c8f3a08f3832ca730,84be71223ef6443c5775b6175b7dc4de57f447fd,True,False,0.5,"[57,54,20,22]","[57,54,9,19]"
default-r4,64,1,1,16,6,57d6c25a7898568911088c4c8f3a08f3832ca730,84be71223ef6443c5775b6175b7dc4de57f447fd,True,False,0.25,"[57,20,22,4]","[57,1,23,55]"
default-r4,64,1,1,16,8,57d6c25a7898568911088c4c8f3a08f3832ca730,84be71223ef6443c5775b6175b7dc4de57f447fd,False,False,0.25,"[4,20,56,59]","[36,44,57,56]"
default-r4,64,1,1,16,10,57d6c25a7898568911088c4c8f3a08f3832ca730,84be71223ef6443c5775b6175b7dc4de57f447fd,True,False,0.75,"[57,56,40,36]","[57,56,31,36]"
default-r4,64,1,1,16,12,57d6c25a7898568911088c4c8f3a08f3832ca730,84be71223ef6443c5775b6175b7dc4de57f447fd,True,False,0.75,"[57,36,11,20]","[57,36,11,16]"
default-r4,64,1,1,16,14,57d6c25a7898568911088c4c8f3a08f3832ca730,84be71223ef6443c5775b6175b7dc4de57f447fd,True,True,1.0,"[57,31,56,61]","[57,31,56,61]"
default-r4,64,1,0,16,0,94b5e28fac745823455a38183868d2d18757f68a,23112f2c9e8a12a570d12825eb99d088bd74b8a2,False,False,0.5,"[59,4,56,32]","[32,4,51,24]"
default-r4,64,1,0,16,2,94b5e28fac745823455a38183868d2d18757f68a,23112f2c9e8a12a570d12825eb99d088bd74b8a2,False,False,0.75,"[51,15,18,19]","[18,51,19,39]"
default-r4,64,1,0,16,4,94b5e28fac745823455a38183868d2d18757f68a,23112f2c9e8a12a570d12825eb99d088bd74b8a2,True,False,0.5,"[11,30,21,56]","[11,21,34,18]"
default-r4,64,1,0,16,6,94b5e28fac745823455a38183868d2d18757f68a,23112f2c9e8a12a570d12825eb99d088bd74b8a2,False,False,0.75,"[33,39,57,51]","[39,33,57,32]"
default-r4,64,1,0,16,8,94b5e28fac745823455a38183868d2d18757f68a,23112f2c9e8a12a570d12825eb99d088bd74b8a2,True,False,0.5,"[21,11,23,36]","[21,32,25,23]"
default-r4,64,1,0,16,10,94b5e28fac745823455a38183868d2d18757f68a,23112f2c9e8a12a570d12825eb99d088bd74b8a2,False,False,0.5,"[5,31,56,0]","[25,31,5,7]"
default-r4,64,1,0,16,12,94b5e28fac745823455a38183868d2d18757f68a,23112f2c9e8a12a570d12825eb99d088bd74b8a2,True,False,1.0,"[32,30,52,18]","[32,18,30,52]"
default-r4,64,1,0,16,14,94b5e28fac745823455a38183868d2d18757f68a,23112f2c9e8a12a570d12825eb99d088bd74b8a2,True,False,0.5,"[56,59,30,38]","[56,59,5,31]"
default-r4,64,1,1,16,0,94b5e28fac745823455a38183868d2d18757f68a,23112f2c9e8a12a570d12825eb99d088bd74b8a2,True,False,0.5,"[1,57,49,4]","[1,57,11,21]"
default-r4,64,1,1,16,2,94b5e28fac745823455a38183868d2d18757f68a,23112f2c9e8a12a570d12825eb99d088bd74b8a2,False,False,0.75,"[57,60,48,3]","[60,48,57,16]"
default-r4,64,1,1,16,4,94b5e28fac745823455a38183868d2d18757f68a,23112f2c9e8a12a570d12825eb99d088bd74b8a2,False,False,0.75,"[57,21,9,63]","[21,57,9,41]"
default-r4,64,1,1,16,6,94b5e28fac745823455a38183868d2d18757f68a,23112f2c9e8a12a570d12825eb99d088bd74b8a2,False,False,0.75,"[56,48,50,52]","[50,56,12,48]"
default-r4,64,1,1,16,8,94b5e28fac745823455a38183868d2d18757f68a,23112f2c9e8a12a570d12825eb99d088bd74b8a2,False,False,0.75,"[48,57,56,9]","[56,48,57,18]"
default-r4,64,1,1,16,10,94b5e28fac745823455a38183868d2d18757f68a,23112f2c9e8a12a570d12825eb99d088bd74b8a2,False,False,1.0,"[52,1,14,63]","[1,63,14,52]"
default-r4,64,1,1,16,12,94b5e28fac745823455a38183868d2d18757f68a,23112f2c9e8a12a570d12825eb99d088bd74b8a2,False,False,0.25,"[12,57,52,22]","[1,53,18,57]"
default-r4,64,1,1,16,14,94b5e28fac745823455a38183868d2d18757f68a,23112f2c9e8a12a570d12825eb99d088bd74b8a2,False,False,0.25,"[20,10,9,22]","[1,10,21,2]"
default-r4,64,1,0,16,0,d644ccabbb7508d5d47c7b231c4d3f82ee470f83,8271e9c7f7153b815a28ad2c27f6deb575833cad,True,False,0.5,"[52,46,56,2]","[52,56,37,5]"
default-r4,64,1,0,16,2,d644ccabbb7508d5d47c7b231c4d3f82ee470f83,8271e9c7f7153b815a28ad2c27f6deb575833cad,False,False,0.5,"[11,59,52,1]","[59,21,1,32]"
default-r4,64,1,0,16,4,d644ccabbb7508d5d47c7b231c4d3f82ee470f83,8271e9c7f7153b815a28ad2c27f6deb575833cad,True,False,1.0,"[11,35,18,52]","[11,18,52,35]"
default-r4,64,1,0,16,6,d644ccabbb7508d5d47c7b231c4d3f82ee470f83,8271e9c7f7153b815a28ad2c27f6deb575833cad,False,False,0.75,"[11,59,32,24]","[32,11,59,21]"
default-r4,64,1,0,16,8,d644ccabbb7508d5d47c7b231c4d3f82ee470f83,8271e9c7f7153b815a28ad2c27f6deb575833cad,False,False,0.0,"[46,1,36,55]","[21,59,40,42]"
default-r4,64,1,0,16,10,d644ccabbb7508d5d47c7b231c4d3f82ee470f83,8271e9c7f7153b815a28ad2c27f6deb575833cad,True,False,0.5,"[52,2,36,51]","[52,59,2,55]"
default-r4,64,1,0,16,12,d644ccabbb7508d5d47c7b231c4d3f82ee470f83,8271e9c7f7153b815a28ad2c27f6deb575833cad,False,False,0.75,"[11,52,18,37]","[18,52,45,11]"
default-r4,64,1,0,16,14,d644ccabbb7508d5d47c7b231c4d3f82ee470f83,8271e9c7f7153b815a28ad2c27f6deb575833cad,False,False,0.5,"[52,57,47,51]","[39,52,57,18]"
default-r4,64,1,1,16,0,d644ccabbb7508d5d47c7b231c4d3f82ee470f83,8271e9c7f7153b815a28ad2c27f6deb575833cad,True,False,0.75,"[50,57,4,12]","[50,4,57,23]"
default-r4,64,1,1,16,2,d644ccabbb7508d5d47c7b231c4d3f82ee470f83,8271e9c7f7153b815a28ad2c27f6deb575833cad,True,False,0.75,"[57,48,28,8]","[57,28,55,8]"
default-r4,64,1,1,16,4,d644ccabbb7508d5d47c7b231c4d3f82ee470f83,8271e9c7f7153b815a28ad2c27f6deb575833cad,False,False,1.0,"[27,31,1,56]","[1,56,27,31]"
default-r4,64,1,1,16,6,d644ccabbb7508d5d47c7b231c4d3f82ee470f83,8271e9c7f7153b815a28ad2c27f6deb575833cad,False,False,0.75,"[56,31,22,1]","[31,57,1,56]"
default-r4,64,1,1,16,8,d644ccabbb7508d5d47c7b231c4d3f82ee470f83,8271e9c7f7153b815a28ad2c27f6deb575833cad,True,False,1.0,"[36,56,2,42]","[36,56,42,2]"
default-r4,64,1,1,16,10,d644ccabbb7508d5d47c7b231c4d3f82ee470f83,8271e9c7f7153b815a28ad2c27f6deb575833cad,True,False,0.5,"[18,20,48,57]","[18,48,9,30]"
default-r4,64,1,1,16,12,d644ccabbb7508d5d47c7b231c4d3f82ee470f83,8271e9c7f7153b815a28ad2c27f6deb575833cad,True,False,0.75,"[20,40,57,16]","[20,57,16,59]"
default-r4,64,1,1,16,14,d644ccabbb7508d5d47c7b231c4d3f82ee470f83,8271e9c7f7153b815a28ad2c27f6deb575833cad,False,False,0.75,"[38,20,6,3]","[20,38,50,3]"
default-r4,128,1,0,16,0,2b16372207e3344688f093f9c78460489a485fa6,60c33dc441937d75a986217023e83ee5748a59f5,True,False,0.5,"[39,52,0,25]","[39,5,25,50]"
default-r4,128,1,0,16,2,2b16372207e3344688f093f9c78460489a485fa6,60c33dc441937d75a986217023e83ee5748a59f5,True,False,0.75,"[39,52,18,5]","[39,32,5,52]"
default-r4,128,1,0,16,4,2b16372207e3344688f093f9c78460489a485fa6,60c33dc441937d75a986217023e83ee5748a59f5,True,False,0.5,"[39,18,0,52]","[39,32,18,25]"
default-r4,128,1,0,16,6,2b16372207e3344688f093f9c78460489a485fa6,60c33dc441937d75a986217023e83ee5748a59f5,True,False,0.5,"[39,52,0,18]","[39,52,5,50]"
default-r4,128,1,0,16,8,2b16372207e3344688f093f9c78460489a485fa6,60c33dc441937d75a986217023e83ee5748a59f5,True,False,0.75,"[39,52,0,5]","[39,52,5,59]"
default-r4,128,1,0,16,10,2b16372207e3344688f093f9c78460489a485fa6,60c33dc441937d75a986217023e83ee5748a59f5,False,False,0.5,"[57,39,0,51]","[39,57,33,59]"
default-r4,128,1,0,16,12,2b16372207e3344688f093f9c78460489a485fa6,60c33dc441937d75a986217023e83ee5748a59f5,True,False,0.5,"[39,0,52,59]","[39,50,59,5]"
default-r4,128,1,0,16,14,2b16372207e3344688f093f9c78460489a485fa6,60c33dc441937d75a986217023e83ee5748a59f5,True,False,0.75,"[39,0,52,51]","[39,51,5,52]"
default-r4,128,1,1,16,0,2b16372207e3344688f093f9c78460489a485fa6,60c33dc441937d75a986217023e83ee5748a59f5,False,False,0.5,"[40,57,26,50]","[57,40,49,18]"
default-r4,128,1,1,16,2,2b16372207e3344688f093f9c78460489a485fa6,60c33dc441937d75a986217023e83ee5748a59f5,False,False,0.5,"[16,29,59,1]","[57,16,53,1]"
default-r4,128,1,1,16,4,2b16372207e3344688f093f9c78460489a485fa6,60c33dc441937d75a986217023e83ee5748a59f5,False,False,0.25,"[18,50,52,57]","[57,1,9,56]"
default-r4,128,1,1,16,6,2b16372207e3344688f093f9c78460489a485fa6,60c33dc441937d75a986217023e83ee5748a59f5,False,False,0.5,"[50,48,22,26]","[22,57,48,42]"
default-r4,128,1,1,16,8,2b16372207e3344688f093f9c78460489a485fa6,60c33dc441937d75a986217023e83ee5748a59f5,False,False,0.0,"[50,48,26,22]","[56,1,53,42]"
default-r4,128,1,1,16,10,2b16372207e3344688f093f9c78460489a485fa6,60c33dc441937d75a986217023e83ee5748a59f5,False,False,0.75,"[50,40,18,20]","[18,50,11,40]"
default-r4,128,1,1,16,12,2b16372207e3344688f093f9c78460489a485fa6,60c33dc441937d75a986217023e83ee5748a59f5,True,False,0.25,"[51,1,17,4]","[51,50,63,18]"
default-r4,128,1,1,16,14,2b16372207e3344688f093f9c78460489a485fa6,60c33dc441937d75a986217023e83ee5748a59f5,False,False,0.5,"[22,40,57,48]","[57,44,36,40]"
default-r4,128,1,0,16,0,57d6c25a7898568911088c4c8f3a08f3832ca730,84be71223ef6443c5775b6175b7dc4de57f447fd,True,False,0.75,"[39,52,18,32]","[39,18,5,32]"
default-r4,128,1,0,16,2,57d6c25a7898568911088c4c8f3a08f3832ca730,84be71223ef6443c5775b6175b7dc4de57f447fd,True,False,0.5,"[39,52,18,25]","[39,32,59,18]"
default-r4,128,1,0,16,4,57d6c25a7898568911088c4c8f3a08f3832ca730,84be71223ef6443c5775b6175b7dc4de57f447fd,True,False,0.25,"[39,52,0,19]","[39,32,5,21]"
default-r4,128,1,0,16,6,57d6c25a7898568911088c4c8f3a08f3832ca730,84be71223ef6443c5775b6175b7dc4de57f447fd,True,False,0.75,"[39,52,11,0]","[39,52,11,59]"
default-r4,128,1,0,16,8,57d6c25a7898568911088c4c8f3a08f3832ca730,84be71223ef6443c5775b6175b7dc4de57f447fd,True,False,0.75,"[39,52,18,0]","[39,18,52,59]"
default-r4,128,1,0,16,10,57d6c25a7898568911088c4c8f3a08f3832ca730,84be71223ef6443c5775b6175b7dc4de57f447fd,True,False,0.25,"[39,57,52,0]","[39,59,32,50]"
default-r4,128,1,0,16,12,57d6c25a7898568911088c4c8f3a08f3832ca730,84be71223ef6443c5775b6175b7dc4de57f447fd,True,False,0.25,"[39,52,15,0]","[39,32,18,37]"
default-r4,128,1,0,16,14,57d6c25a7898568911088c4c8f3a08f3832ca730,84be71223ef6443c5775b6175b7dc4de57f447fd,True,False,0.25,"[39,11,18,5]","[39,52,50,51]"
default-r4,128,1,1,16,0,57d6c25a7898568911088c4c8f3a08f3832ca730,84be71223ef6443c5775b6175b7dc4de57f447fd,False,False,0.75,"[22,48,57,26]","[57,48,22,12]"
default-r4,128,1,1,16,2,57d6c25a7898568911088c4c8f3a08f3832ca730,84be71223ef6443c5775b6175b7dc4de57f447fd,False,False,0.25,"[50,12,57,63]","[57,49,4,22]"
default-r4,128,1,1,16,4,57d6c25a7898568911088c4c8f3a08f3832ca730,84be71223ef6443c5775b6175b7dc4de57f447fd,True,False,0.75,"[57,12,50,22]","[57,22,12,36]"
default-r4,128,1,1,16,6,57d6c25a7898568911088c4c8f3a08f3832ca730,84be71223ef6443c5775b6175b7dc4de57f447fd,True,False,0.5,"[50,12,22,20]","[50,12,57,36]"
default-r4,128,1,1,16,8,57d6c25a7898568911088c4c8f3a08f3832ca730,84be71223ef6443c5775b6175b7dc4de57f447fd,False,False,0.0,"[50,26,48,40]","[36,18,57,56]"
default-r4,128,1,1,16,10,57d6c25a7898568911088c4c8f3a08f3832ca730,84be71223ef6443c5775b6175b7dc4de57f447fd,False,False,0.25,"[40,57,22,50]","[57,56,36,14]"
default-r4,128,1,1,16,12,57d6c25a7898568911088c4c8f3a08f3832ca730,84be71223ef6443c5775b6175b7dc4de57f447fd,False,False,0.75,"[50,12,57,36]","[57,12,36,49]"
default-r4,128,1,1,16,14,57d6c25a7898568911088c4c8f3a08f3832ca730,84be71223ef6443c5775b6175b7dc4de57f447fd,False,False,0.5,"[50,31,57,25]","[57,31,56,2]"
default-r4,128,1,0,16,0,94b5e28fac745823455a38183868d2d18757f68a,23112f2c9e8a12a570d12825eb99d088bd74b8a2,True,False,0.5,"[39,52,0,32]","[39,32,50,59]"
default-r4,128,1,0,16,2,94b5e28fac745823455a38183868d2d18757f68a,23112f2c9e8a12a570d12825eb99d088bd74b8a2,True,False,0.5,"[39,52,18,15]","[39,19,51,18]"
default-r4,128,1,0,16,4,94b5e28fac745823455a38183868d2d18757f68a,23112f2c9e8a12a570d12825eb99d088bd74b8a2,True,False,0.5,"[39,52,18,0]","[39,18,21,32]"
default-r4,128,1,0,16,6,94b5e28fac745823455a38183868d2d18757f68a,23112f2c9e8a12a570d12825eb99d088bd74b8a2,True,False,0.5,"[39,0,5,52]","[39,50,5,33]"
default-r4,128,1,0,16,8,94b5e28fac745823455a38183868d2d18757f68a,23112f2c9e8a12a570d12825eb99d088bd74b8a2,True,False,0.75,"[39,25,21,32]","[39,32,21,50]"
default-r4,128,1,0,16,10,94b5e28fac745823455a38183868d2d18757f68a,23112f2c9e8a12a570d12825eb99d088bd74b8a2,True,False,1.0,"[39,0,5,25]","[39,5,25,0]"
default-r4,128,1,0,16,12,94b5e28fac745823455a38183868d2d18757f68a,23112f2c9e8a12a570d12825eb99d088bd74b8a2,False,False,0.75,"[0,32,52,18]","[39,52,18,32]"
default-r4,128,1,0,16,14,94b5e28fac745823455a38183868d2d18757f68a,23112f2c9e8a12a570d12825eb99d088bd74b8a2,False,False,0.25,"[0,52,15,32]","[39,5,59,32]"
default-r4,128,1,1,16,0,94b5e28fac745823455a38183868d2d18757f68a,23112f2c9e8a12a570d12825eb99d088bd74b8a2,False,False,0.5,"[57,49,22,63]","[1,49,21,57]"
default-r4,128,1,1,16,2,94b5e28fac745823455a38183868d2d18757f68a,23112f2c9e8a12a570d12825eb99d088bd74b8a2,True,False,0.5,"[57,48,22,40]","[57,16,48,60]"
default-r4,128,1,1,16,4,94b5e28fac745823455a38183868d2d18757f68a,23112f2c9e8a12a570d12825eb99d088bd74b8a2,False,False,0.25,"[50,57,48,63]","[21,57,12,9]"
default-r4,128,1,1,16,6,94b5e28fac745823455a38183868d2d18757f68a,23112f2c9e8a12a570d12825eb99d088bd74b8a2,True,False,0.75,"[50,12,22,48]","[50,12,48,14]"
default-r4,128,1,1,16,8,94b5e28fac745823455a38183868d2d18757f68a,23112f2c9e8a12a570d12825eb99d088bd74b8a2,False,False,0.5,"[26,48,52,12]","[56,57,12,26]"
default-r4,128,1,1,16,10,94b5e28fac745823455a38183868d2d18757f68a,23112f2c9e8a12a570d12825eb99d088bd74b8a2,True,False,0.75,"[63,14,52,29]","[63,14,42,29]"
default-r4,128,1,1,16,12,94b5e28fac745823455a38183868d2d18757f68a,23112f2c9e8a12a570d12825eb99d088bd74b8a2,True,False,0.5,"[12,50,18,22]","[12,16,18,11]"
default-r4,128,1,1,16,14,94b5e28fac745823455a38183868d2d18757f68a,23112f2c9e8a12a570d12825eb99d088bd74b8a2,False,False,0.25,"[22,48,26,20]","[57,22,49,1]"
default-r4,128,1,0,16,0,d644ccabbb7508d5d47c7b231c4d3f82ee470f83,8271e9c7f7153b815a28ad2c27f6deb575833cad,True,False,0.75,"[39,52,5,0]","[39,52,5,32]"
default-r4,128,1,0,16,2,d644ccabbb7508d5d47c7b231c4d3f82ee470f83,8271e9c7f7153b815a28ad2c27f6deb575833cad,True,False,0.25,"[39,52,5,0]","[39,59,32,18]"
default-r4,128,1,0,16,4,d644ccabbb7508d5d47c7b231c4d3f82ee470f83,8271e9c7f7153b815a28ad2c27f6deb575833cad,False,False,0.5,"[52,39,18,0]","[39,52,50,5]"
default-r4,128,1,0,16,6,d644ccabbb7508d5d47c7b231c4d3f82ee470f83,8271e9c7f7153b815a28ad2c27f6deb575833cad,True,False,0.5,"[39,32,52,11]","[39,59,5,32]"
default-r4,128,1,0,16,8,d644ccabbb7508d5d47c7b231c4d3f82ee470f83,8271e9c7f7153b815a28ad2c27f6deb575833cad,False,False,0.5,"[36,59,32,40]","[39,59,32,52]"
default-r4,128,1,0,16,10,d644ccabbb7508d5d47c7b231c4d3f82ee470f83,8271e9c7f7153b815a28ad2c27f6deb575833cad,True,False,0.5,"[39,52,18,0]","[39,52,59,32]"
default-r4,128,1,0,16,12,d644ccabbb7508d5d47c7b231c4d3f82ee470f83,8271e9c7f7153b815a28ad2c27f6deb575833cad,True,False,0.75,"[39,52,18,15]","[39,18,52,25]"
default-r4,128,1,0,16,14,d644ccabbb7508d5d47c7b231c4d3f82ee470f83,8271e9c7f7153b815a28ad2c27f6deb575833cad,True,False,0.75,"[39,52,0,5]","[39,52,5,18]"
default-r4,128,1,1,16,0,d644ccabbb7508d5d47c7b231c4d3f82ee470f83,8271e9c7f7153b815a28ad2c27f6deb575833cad,False,False,0.25,"[50,12,22,40]","[57,56,22,36]"
default-r4,128,1,1,16,2,d644ccabbb7508d5d47c7b231c4d3f82ee470f83,8271e9c7f7153b815a28ad2c27f6deb575833cad,False,False,0.25,"[48,57,14,28]","[57,55,56,8]"
default-r4,128,1,1,16,4,d644ccabbb7508d5d47c7b231c4d3f82ee470f83,8271e9c7f7153b815a28ad2c27f6deb575833cad,True,False,0.25,"[50,26,48,22]","[50,58,1,24]"
default-r4,128,1,1,16,6,d644ccabbb7508d5d47c7b231c4d3f82ee470f83,8271e9c7f7153b815a28ad2c27f6deb575833cad,True,False,0.5,"[50,22,40,48]","[50,22,12,57]"
default-r4,128,1,1,16,8,d644ccabbb7508d5d47c7b231c4d3f82ee470f83,8271e9c7f7153b815a28ad2c27f6deb575833cad,False,False,0.0,"[44,2,55,53]","[57,56,36,42]"
default-r4,128,1,1,16,10,d644ccabbb7508d5d47c7b231c4d3f82ee470f83,8271e9c7f7153b815a28ad2c27f6deb575833cad,False,False,0.25,"[20,48,50,40]","[18,12,48,14]"
default-r4,128,1,1,16,12,d644ccabbb7508d5d47c7b231c4d3f82ee470f83,8271e9c7f7153b815a28ad2c27f6deb575833cad,False,False,0.0,"[20,40,48,50]","[57,12,14,16]"
default-r4,128,1,1,16,14,d644ccabbb7508d5d47c7b231c4d3f82ee470f83,8271e9c7f7153b815a28ad2c27f6deb575833cad,True,False,0.5,"[50,22,20,48]","[50,18,22,12]"
default-r4,256,1,0,16,0,2b16372207e3344688f093f9c78460489a485fa6,60c33dc441937d75a986217023e83ee5748a59f5,True,False,0.75,"[39,5,52,0]","[39,5,19,0]"
default-r4,256,1,0,16,2,2b16372207e3344688f093f9c78460489a485fa6,60c33dc441937d75a986217023e83ee5748a59f5,True,False,0.75,"[39,5,52,0]","[39,5,19,52]"
default-r4,256,1,0,16,4,2b16372207e3344688f093f9c78460489a485fa6,60c33dc441937d75a986217023e83ee5748a59f5,True,False,0.75,"[39,52,5,18]","[39,19,5,52]"
default-r4,256,1,0,16,6,2b16372207e3344688f093f9c78460489a485fa6,60c33dc441937d75a986217023e83ee5748a59f5,True,True,1.0,"[39,52,5,0]","[39,52,5,0]"
default-r4,256,1,0,16,8,2b16372207e3344688f093f9c78460489a485fa6,60c33dc441937d75a986217023e83ee5748a59f5,True,False,0.75,"[39,5,52,0]","[39,5,19,52]"
default-r4,256,1,0,16,10,2b16372207e3344688f093f9c78460489a485fa6,60c33dc441937d75a986217023e83ee5748a59f5,True,False,1.0,"[39,57,5,0]","[39,5,0,57]"
default-r4,256,1,0,16,12,2b16372207e3344688f093f9c78460489a485fa6,60c33dc441937d75a986217023e83ee5748a59f5,True,False,0.75,"[39,52,5,0]","[39,5,19,52]"
default-r4,256,1,0,16,14,2b16372207e3344688f093f9c78460489a485fa6,60c33dc441937d75a986217023e83ee5748a59f5,True,False,0.75,"[39,52,5,0]","[39,19,5,0]"
default-r4,256,1,1,16,0,2b16372207e3344688f093f9c78460489a485fa6,60c33dc441937d75a986217023e83ee5748a59f5,False,False,0.5,"[50,63,26,12]","[14,50,48,26]"
default-r4,256,1,1,16,2,2b16372207e3344688f093f9c78460489a485fa6,60c33dc441937d75a986217023e83ee5748a59f5,True,False,0.5,"[50,63,12,22]","[50,14,48,22]"
default-r4,256,1,1,16,4,2b16372207e3344688f093f9c78460489a485fa6,60c33dc441937d75a986217023e83ee5748a59f5,True,False,0.5,"[50,63,12,48]","[50,14,48,26]"
default-r4,256,1,1,16,6,2b16372207e3344688f093f9c78460489a485fa6,60c33dc441937d75a986217023e83ee5748a59f5,False,False,0.5,"[50,12,48,63]","[14,48,50,22]"
default-r4,256,1,1,16,8,2b16372207e3344688f093f9c78460489a485fa6,60c33dc441937d75a986217023e83ee5748a59f5,False,False,0.75,"[50,63,48,22]","[14,48,50,22]"
default-r4,256,1,1,16,10,2b16372207e3344688f093f9c78460489a485fa6,60c33dc441937d75a986217023e83ee5748a59f5,False,False,0.25,"[50,12,63,26]","[14,22,48,63]"
default-r4,256,1,1,16,12,2b16372207e3344688f093f9c78460489a485fa6,60c33dc441937d75a986217023e83ee5748a59f5,True,False,0.5,"[50,63,12,22]","[50,14,48,63]"
default-r4,256,1,1,16,14,2b16372207e3344688f093f9c78460489a485fa6,60c33dc441937d75a986217023e83ee5748a59f5,False,False,0.5,"[50,12,63,22]","[14,50,48,22]"
default-r4,256,1,0,16,0,57d6c25a7898568911088c4c8f3a08f3832ca730,84be71223ef6443c5775b6175b7dc4de57f447fd,True,False,0.75,"[39,52,5,0]","[39,5,19,52]"
default-r4,256,1,0,16,2,57d6c25a7898568911088c4c8f3a08f3832ca730,84be71223ef6443c5775b6175b7dc4de57f447fd,True,False,0.75,"[39,5,52,0]","[39,5,19,52]"
default-r4,256,1,0,16,4,57d6c25a7898568911088c4c8f3a08f3832ca730,84be71223ef6443c5775b6175b7dc4de57f447fd,True,False,0.75,"[39,5,52,0]","[39,5,19,52]"
default-r4,256,1,0,16,6,57d6c25a7898568911088c4c8f3a08f3832ca730,84be71223ef6443c5775b6175b7dc4de57f447fd,False,False,1.0,"[39,52,5,0]","[52,0,5,39]"
default-r4,256,1,0,16,8,57d6c25a7898568911088c4c8f3a08f3832ca730,84be71223ef6443c5775b6175b7dc4de57f447fd,True,False,0.75,"[39,52,5,0]","[39,5,52,19]"
default-r4,256,1,0,16,10,57d6c25a7898568911088c4c8f3a08f3832ca730,84be71223ef6443c5775b6175b7dc4de57f447fd,True,False,0.75,"[39,5,52,0]","[39,19,5,0]"
default-r4,256,1,0,16,12,57d6c25a7898568911088c4c8f3a08f3832ca730,84be71223ef6443c5775b6175b7dc4de57f447fd,True,False,0.75,"[39,52,5,0]","[39,19,0,52]"
default-r4,256,1,0,16,14,57d6c25a7898568911088c4c8f3a08f3832ca730,84be71223ef6443c5775b6175b7dc4de57f447fd,True,False,1.0,"[39,52,5,0]","[39,5,52,0]"
default-r4,256,1,1,16,0,57d6c25a7898568911088c4c8f3a08f3832ca730,84be71223ef6443c5775b6175b7dc4de57f447fd,True,False,0.75,"[50,63,22,48]","[50,14,48,63]"
default-r4,256,1,1,16,2,57d6c25a7898568911088c4c8f3a08f3832ca730,84be71223ef6443c5775b6175b7dc4de57f447fd,False,False,0.5,"[50,63,12,22]","[14,48,22,50]"
default-r4,256,1,1,16,4,57d6c25a7898568911088c4c8f3a08f3832ca730,84be71223ef6443c5775b6175b7dc4de57f447fd,False,False,0.5,"[50,63,12,22]","[14,48,50,22]"
default-r4,256,1,1,16,6,57d6c25a7898568911088c4c8f3a08f3832ca730,84be71223ef6443c5775b6175b7dc4de57f447fd,True,False,0.5,"[50,12,22,63]","[50,14,48,22]"
default-r4,256,1,1,16,8,57d6c25a7898568911088c4c8f3a08f3832ca730,84be71223ef6443c5775b6175b7dc4de57f447fd,True,False,0.5,"[50,12,63,26]","[50,14,48,26]"
default-r4,256,1,1,16,10,57d6c25a7898568911088c4c8f3a08f3832ca730,84be71223ef6443c5775b6175b7dc4de57f447fd,False,False,0.0,"[50,12,63,26]","[14,48,22,25]"
default-r4,256,1,1,16,12,57d6c25a7898568911088c4c8f3a08f3832ca730,84be71223ef6443c5775b6175b7dc4de57f447fd,False,False,0.5,"[50,12,63,26]","[14,50,48,26]"
default-r4,256,1,1,16,14,57d6c25a7898568911088c4c8f3a08f3832ca730,84be71223ef6443c5775b6175b7dc4de57f447fd,False,False,0.5,"[22,50,63,12]","[14,50,22,48]"
default-r4,256,1,0,16,0,94b5e28fac745823455a38183868d2d18757f68a,23112f2c9e8a12a570d12825eb99d088bd74b8a2,True,False,0.75,"[39,52,5,0]","[39,52,5,19]"
default-r4,256,1,0,16,2,94b5e28fac745823455a38183868d2d18757f68a,23112f2c9e8a12a570d12825eb99d088bd74b8a2,True,False,0.5,"[39,5,52,57]","[39,19,5,0]"
default-r4,256,1,0,16,4,94b5e28fac745823455a38183868d2d18757f68a,23112f2c9e8a12a570d12825eb99d088bd74b8a2,True,False,0.75,"[39,52,5,0]","[39,19,52,5]"
default-r4,256,1,0,16,6,94b5e28fac745823455a38183868d2d18757f68a,23112f2c9e8a12a570d12825eb99d088bd74b8a2,True,False,0.75,"[39,5,52,57]","[39,5,0,52]"
default-r4,256,1,0,16,8,94b5e28fac745823455a38183868d2d18757f68a,23112f2c9e8a12a570d12825eb99d088bd74b8a2,True,False,0.75,"[39,5,52,0]","[39,5,52,19]"
default-r4,256,1,0,16,10,94b5e28fac745823455a38183868d2d18757f68a,23112f2c9e8a12a570d12825eb99d088bd74b8a2,True,False,0.75,"[39,5,0,52]","[39,5,19,0]"
default-r4,256,1,0,16,12,94b5e28fac745823455a38183868d2d18757f68a,23112f2c9e8a12a570d12825eb99d088bd74b8a2,True,False,0.75,"[39,52,5,0]","[39,52,19,5]"
default-r4,256,1,0,16,14,94b5e28fac745823455a38183868d2d18757f68a,23112f2c9e8a12a570d12825eb99d088bd74b8a2,True,False,0.75,"[39,52,5,0]","[39,19,5,0]"
default-r4,256,1,1,16,0,94b5e28fac745823455a38183868d2d18757f68a,23112f2c9e8a12a570d12825eb99d088bd74b8a2,False,False,0.75,"[50,63,12,48]","[14,48,63,50]"
default-r4,256,1,1,16,2,94b5e28fac745823455a38183868d2d18757f68a,23112f2c9e8a12a570d12825eb99d088bd74b8a2,False,False,0.5,"[50,63,48,12]","[14,48,22,50]"
default-r4,256,1,1,16,4,94b5e28fac745823455a38183868d2d18757f68a,23112f2c9e8a12a570d12825eb99d088bd74b8a2,False,False,0.5,"[50,63,12,48]","[14,50,48,22]"
default-r4,256,1,1,16,6,94b5e28fac745823455a38183868d2d18757f68a,23112f2c9e8a12a570d12825eb99d088bd74b8a2,True,False,0.5,"[50,12,63,22]","[50,14,48,22]"
default-r4,256,1,1,16,8,94b5e28fac745823455a38183868d2d18757f68a,23112f2c9e8a12a570d12825eb99d088bd74b8a2,False,False,0.25,"[50,63,12,26]","[14,48,22,26]"
default-r4,256,1,1,16,10,94b5e28fac745823455a38183868d2d18757f68a,23112f2c9e8a12a570d12825eb99d088bd74b8a2,True,False,0.5,"[50,63,12,26]","[50,14,63,48]"
default-r4,256,1,1,16,12,94b5e28fac745823455a38183868d2d18757f68a,23112f2c9e8a12a570d12825eb99d088bd74b8a2,False,False,0.25,"[50,12,63,26]","[14,48,50,22]"
default-r4,256,1,1,16,14,94b5e28fac745823455a38183868d2d18757f68a,23112f2c9e8a12a570d12825eb99d088bd74b8a2,False,False,0.5,"[50,48,63,22]","[14,48,22,26]"
default-r4,256,1,0,16,0,d644ccabbb7508d5d47c7b231c4d3f82ee470f83,8271e9c7f7153b815a28ad2c27f6deb575833cad,True,False,1.0,"[39,52,5,0]","[39,5,52,0]"
default-r4,256,1,0,16,2,d644ccabbb7508d5d47c7b231c4d3f82ee470f83,8271e9c7f7153b815a28ad2c27f6deb575833cad,False,False,0.75,"[39,52,5,0]","[19,0,52,39]"
default-r4,256,1,0,16,4,d644ccabbb7508d5d47c7b231c4d3f82ee470f83,8271e9c7f7153b815a28ad2c27f6deb575833cad,True,False,0.75,"[39,52,5,0]","[39,52,19,5]"
default-r4,256,1,0,16,6,d644ccabbb7508d5d47c7b231c4d3f82ee470f83,8271e9c7f7153b815a28ad2c27f6deb575833cad,True,False,0.75,"[39,5,52,32]","[39,0,5,52]"
default-r4,256,1,0,16,8,d644ccabbb7508d5d47c7b231c4d3f82ee470f83,8271e9c7f7153b815a28ad2c27f6deb575833cad,True,True,1.0,"[39,5,0,52]","[39,5,0,52]"
default-r4,256,1,0,16,10,d644ccabbb7508d5d47c7b231c4d3f82ee470f83,8271e9c7f7153b815a28ad2c27f6deb575833cad,True,False,0.75,"[39,52,5,0]","[39,52,5,19]"
default-r4,256,1,0,16,12,d644ccabbb7508d5d47c7b231c4d3f82ee470f83,8271e9c7f7153b815a28ad2c27f6deb575833cad,True,False,0.75,"[39,52,5,0]","[39,52,19,5]"
default-r4,256,1,0,16,14,d644ccabbb7508d5d47c7b231c4d3f82ee470f83,8271e9c7f7153b815a28ad2c27f6deb575833cad,True,True,1.0,"[39,52,5,0]","[39,52,5,0]"
default-r4,256,1,1,16,0,d644ccabbb7508d5d47c7b231c4d3f82ee470f83,8271e9c7f7153b815a28ad2c27f6deb575833cad,True,False,0.5,"[50,12,63,22]","[50,14,48,22]"
default-r4,256,1,1,16,2,d644ccabbb7508d5d47c7b231c4d3f82ee470f83,8271e9c7f7153b815a28ad2c27f6deb575833cad,False,False,0.5,"[50,63,12,48]","[14,48,22,63]"
default-r4,256,1,1,16,4,d644ccabbb7508d5d47c7b231c4d3f82ee470f83,8271e9c7f7153b815a28ad2c27f6deb575833cad,True,False,0.5,"[50,12,22,14]","[50,14,48,63]"
default-r4,256,1,1,16,6,d644ccabbb7508d5d47c7b231c4d3f82ee470f83,8271e9c7f7153b815a28ad2c27f6deb575833cad,True,False,0.5,"[50,12,63,26]","[50,14,48,26]"
default-r4,256,1,1,16,8,d644ccabbb7508d5d47c7b231c4d3f82ee470f83,8271e9c7f7153b815a28ad2c27f6deb575833cad,False,False,0.5,"[50,12,22,63]","[14,50,48,22]"
default-r4,256,1,1,16,10,d644ccabbb7508d5d47c7b231c4d3f82ee470f83,8271e9c7f7153b815a28ad2c27f6deb575833cad,False,False,0.5,"[50,12,63,48]","[14,48,50,22]"
default-r4,256,1,1,16,12,d644ccabbb7508d5d47c7b231c4d3f82ee470f83,8271e9c7f7153b815a28ad2c27f6deb575833cad,False,False,0.5,"[50,12,63,48]","[14,50,48,22]"
default-r4,256,1,1,16,14,d644ccabbb7508d5d47c7b231c4d3f82ee470f83,8271e9c7f7153b815a28ad2c27f6deb575833cad,True,False,0.5,"[50,12,63,48]","[50,14,48,22]"
default-r4,384,1,0,16,0,2b16372207e3344688f093f9c78460489a485fa6,60c33dc441937d75a986217023e83ee5748a59f5,True,False,1.0,"[39,5,52,0]","[39,5,0,52]"
default-r4,384,1,0,16,2,2b16372207e3344688f093f9c78460489a485fa6,60c33dc441937d75a986217023e83ee5748a59f5,False,False,0.75,"[39,5,52,0]","[5,19,0,39]"
default-r4,384,1,0,16,4,2b16372207e3344688f093f9c78460489a485fa6,60c33dc441937d75a986217023e83ee5748a59f5,True,False,0.75,"[39,5,52,57]","[39,5,0,52]"
default-r4,384,1,0,16,6,2b16372207e3344688f093f9c78460489a485fa6,60c33dc441937d75a986217023e83ee5748a59f5,False,False,0.75,"[39,5,52,57]","[52,39,5,0]"
default-r4,384,1,0,16,8,2b16372207e3344688f093f9c78460489a485fa6,60c33dc441937d75a986217023e83ee5748a59f5,True,True,1.0,"[39,5,19,52]","[39,5,19,52]"
default-r4,384,1,0,16,10,2b16372207e3344688f093f9c78460489a485fa6,60c33dc441937d75a986217023e83ee5748a59f5,True,False,0.75,"[39,5,57,0]","[39,0,5,52]"
default-r4,384,1,0,16,12,2b16372207e3344688f093f9c78460489a485fa6,60c33dc441937d75a986217023e83ee5748a59f5,True,False,1.0,"[39,5,52,0]","[39,5,0,52]"
default-r4,384,1,0,16,14,2b16372207e3344688f093f9c78460489a485fa6,60c33dc441937d75a986217023e83ee5748a59f5,True,False,0.75,"[39,5,52,0]","[39,19,5,0]"
default-r4,384,1,1,16,0,2b16372207e3344688f093f9c78460489a485fa6,60c33dc441937d75a986217023e83ee5748a59f5,False,False,0.5,"[63,26,12,22]","[14,48,63,22]"
default-r4,384,1,1,16,2,2b16372207e3344688f093f9c78460489a485fa6,60c33dc441937d75a986217023e83ee5748a59f5,False,False,0.5,"[63,12,26,22]","[14,48,63,22]"
default-r4,384,1,1,16,4,2b16372207e3344688f093f9c78460489a485fa6,60c33dc441937d75a986217023e83ee5748a59f5,False,False,0.25,"[50,63,12,26]","[14,48,63,22]"
default-r4,384,1,1,16,6,2b16372207e3344688f093f9c78460489a485fa6,60c33dc441937d75a986217023e83ee5748a59f5,False,False,0.25,"[63,12,50,26]","[14,48,22,63]"
default-r4,384,1,1,16,8,2b16372207e3344688f093f9c78460489a485fa6,60c33dc441937d75a986217023e83ee5748a59f5,False,False,0.25,"[50,63,26,12]","[14,48,63,22]"
default-r4,384,1,1,16,10,2b16372207e3344688f093f9c78460489a485fa6,60c33dc441937d75a986217023e83ee5748a59f5,False,False,0.25,"[50,63,12,26]","[14,48,63,25]"
default-r4,384,1,1,16,12,2b16372207e3344688f093f9c78460489a485fa6,60c33dc441937d75a986217023e83ee5748a59f5,False,False,0.5,"[63,50,12,22]","[14,48,63,22]"
default-r4,384,1,1,16,14,2b16372207e3344688f093f9c78460489a485fa6,60c33dc441937d75a986217023e83ee5748a59f5,False,False,0.25,"[50,63,12,26]","[14,48,63,25]"
default-r4,384,1,0,16,0,57d6c25a7898568911088c4c8f3a08f3832ca730,84be71223ef6443c5775b6175b7dc4de57f447fd,True,False,0.75,"[39,5,52,0]","[39,5,19,0]"
default-r4,384,1,0,16,2,57d6c25a7898568911088c4c8f3a08f3832ca730,84be71223ef6443c5775b6175b7dc4de57f447fd,False,False,0.75,"[39,5,52,57]","[0,5,39,52]"
default-r4,384,1,0,16,4,57d6c25a7898568911088c4c8f3a08f3832ca730,84be71223ef6443c5775b6175b7dc4de57f447fd,True,False,0.75,"[39,5,52,0]","[39,5,19,0]"
default-r4,384,1,0,16,6,57d6c25a7898568911088c4c8f3a08f3832ca730,84be71223ef6443c5775b6175b7dc4de57f447fd,False,False,1.0,"[39,5,52,0]","[52,39,0,5]"
default-r4,384,1,0,16,8,57d6c25a7898568911088c4c8f3a08f3832ca730,84be71223ef6443c5775b6175b7dc4de57f447fd,True,False,1.0,"[39,5,52,0]","[39,52,5,0]"
default-r4,384,1,0,16,10,57d6c25a7898568911088c4c8f3a08f3832ca730,84be71223ef6443c5775b6175b7dc4de57f447fd,True,False,0.5,"[39,5,52,57]","[39,0,19,5]"
default-r4,384,1,0,16,12,57d6c25a7898568911088c4c8f3a08f3832ca730,84be71223ef6443c5775b6175b7dc4de57f447fd,True,False,1.0,"[39,5,52,0]","[39,0,52,5]"
default-r4,384,1,0,16,14,57d6c25a7898568911088c4c8f3a08f3832ca730,84be71223ef6443c5775b6175b7dc4de57f447fd,True,False,1.0,"[39,5,52,0]","[39,0,5,52]"
default-r4,384,1,1,16,0,57d6c25a7898568911088c4c8f3a08f3832ca730,84be71223ef6443c5775b6175b7dc4de57f447fd,False,False,0.25,"[63,26,12,22]","[14,48,63,25]"
default-r4,384,1,1,16,2,57d6c25a7898568911088c4c8f3a08f3832ca730,84be71223ef6443c5775b6175b7dc4de57f447fd,False,False,0.25,"[63,12,50,26]","[14,48,25,63]"
default-r4,384,1,1,16,4,57d6c25a7898568911088c4c8f3a08f3832ca730,84be71223ef6443c5775b6175b7dc4de57f447fd,False,False,0.5,"[63,22,12,26]","[14,48,63,22]"
default-r4,384,1,1,16,6,57d6c25a7898568911088c4c8f3a08f3832ca730,84be71223ef6443c5775b6175b7dc4de57f447fd,False,False,0.5,"[50,12,63,22]","[14,48,63,22]"
default-r4,384,1,1,16,8,57d6c25a7898568911088c4c8f3a08f3832ca730,84be71223ef6443c5775b6175b7dc4de57f447fd,False,False,0.25,"[50,63,12,26]","[14,48,25,63]"
default-r4,384,1,1,16,10,57d6c25a7898568911088c4c8f3a08f3832ca730,84be71223ef6443c5775b6175b7dc4de57f447fd,False,False,0.0,"[63,50,12,26]","[14,48,25,22]"
default-r4,384,1,1,16,12,57d6c25a7898568911088c4c8f3a08f3832ca730,84be71223ef6443c5775b6175b7dc4de57f447fd,False,False,0.25,"[63,50,12,26]","[14,48,63,25]"
default-r4,384,1,1,16,14,57d6c25a7898568911088c4c8f3a08f3832ca730,84be71223ef6443c5775b6175b7dc4de57f447fd,False,False,0.25,"[22,63,12,26]","[14,48,22,25]"
default-r4,384,1,0,16,0,94b5e28fac745823455a38183868d2d18757f68a,23112f2c9e8a12a570d12825eb99d088bd74b8a2,True,False,0.75,"[39,5,52,0]","[39,52,0,19]"
default-r4,384,1,0,16,2,94b5e28fac745823455a38183868d2d18757f68a,23112f2c9e8a12a570d12825eb99d088bd74b8a2,True,False,0.5,"[39,5,52,57]","[39,0,19,5]"
default-r4,384,1,0,16,4,94b5e28fac745823455a38183868d2d18757f68a,23112f2c9e8a12a570d12825eb99d088bd74b8a2,False,False,0.75,"[39,52,5,57]","[0,52,39,5]"
default-r4,384,1,0,16,6,94b5e28fac745823455a38183868d2d18757f68a,23112f2c9e8a12a570d12825eb99d088bd74b8a2,True,False,0.75,"[39,5,57,52]","[39,5,0,52]"
default-r4,384,1,0,16,8,94b5e28fac745823455a38183868d2d18757f68a,23112f2c9e8a12a570d12825eb99d088bd74b8a2,True,False,1.0,"[39,5,52,0]","[39,5,0,52]"
default-r4,384,1,0,16,10,94b5e28fac745823455a38183868d2d18757f68a,23112f2c9e8a12a570d12825eb99d088bd74b8a2,False,False,0.75,"[39,5,0,52]","[0,5,39,19]"
default-r4,384,1,0,16,12,94b5e28fac745823455a38183868d2d18757f68a,23112f2c9e8a12a570d12825eb99d088bd74b8a2,False,False,0.75,"[39,5,52,0]","[52,39,0,19]"
default-r4,384,1,0,16,14,94b5e28fac745823455a38183868d2d18757f68a,23112f2c9e8a12a570d12825eb99d088bd74b8a2,True,False,0.5,"[39,5,52,57]","[39,0,19,5]"
default-r4,384,1,1,16,0,94b5e28fac745823455a38183868d2d18757f68a,23112f2c9e8a12a570d12825eb99d088bd74b8a2,False,False,0.25,"[63,50,12,26]","[14,48,25,63]"
default-r4,384,1,1,16,2,94b5e28fac745823455a38183868d2d18757f68a,23112f2c9e8a12a570d12825eb99d088bd74b8a2,False,False,0.25,"[63,50,12,22]","[14,48,25,22]"
default-r4,384,1,1,16,4,94b5e28fac745823455a38183868d2d18757f68a,23112f2c9e8a12a570d12825eb99d088bd74b8a2,False,False,0.25,"[63,12,26,50]","[14,48,63,22]"
default-r4,384,1,1,16,6,94b5e28fac745823455a38183868d2d18757f68a,23112f2c9e8a12a570d12825eb99d088bd74b8a2,False,False,0.25,"[50,12,63,26]","[14,48,50,22]"
default-r4,384,1,1,16,8,94b5e28fac745823455a38183868d2d18757f68a,23112f2c9e8a12a570d12825eb99d088bd74b8a2,False,False,0.25,"[63,12,26,50]","[14,48,63,25]"
default-r4,384,1,1,16,10,94b5e28fac745823455a38183868d2d18757f68a,23112f2c9e8a12a570d12825eb99d088bd74b8a2,False,False,0.5,"[50,63,26,12]","[14,48,63,50]"
default-r4,384,1,1,16,12,94b5e28fac745823455a38183868d2d18757f68a,23112f2c9e8a12a570d12825eb99d088bd74b8a2,False,False,0.25,"[63,50,12,26]","[14,48,63,22]"
default-r4,384,1,1,16,14,94b5e28fac745823455a38183868d2d18757f68a,23112f2c9e8a12a570d12825eb99d088bd74b8a2,False,False,0.25,"[50,63,26,12]","[14,48,63,25]"
default-r4,384,1,0,16,0,d644ccabbb7508d5d47c7b231c4d3f82ee470f83,8271e9c7f7153b815a28ad2c27f6deb575833cad,False,False,1.0,"[39,5,52,0]","[5,39,0,52]"
default-r4,384,1,0,16,2,d644ccabbb7508d5d47c7b231c4d3f82ee470f83,8271e9c7f7153b815a28ad2c27f6deb575833cad,False,False,0.75,"[39,5,52,0]","[0,52,19,5]"
default-r4,384,1,0,16,4,d644ccabbb7508d5d47c7b231c4d3f82ee470f83,8271e9c7f7153b815a28ad2c27f6deb575833cad,True,False,1.0,"[39,52,5,0]","[39,52,0,5]"
default-r4,384,1,0,16,6,d644ccabbb7508d5d47c7b231c4d3f82ee470f83,8271e9c7f7153b815a28ad2c27f6deb575833cad,True,False,0.75,"[39,5,52,32]","[39,0,52,5]"
default-r4,384,1,0,16,8,d644ccabbb7508d5d47c7b231c4d3f82ee470f83,8271e9c7f7153b815a28ad2c27f6deb575833cad,False,False,1.0,"[39,5,0,52]","[0,5,39,52]"
default-r4,384,1,0,16,10,d644ccabbb7508d5d47c7b231c4d3f82ee470f83,8271e9c7f7153b815a28ad2c27f6deb575833cad,True,False,0.75,"[39,52,5,57]","[39,52,5,0]"
default-r4,384,1,0,16,12,d644ccabbb7508d5d47c7b231c4d3f82ee470f83,8271e9c7f7153b815a28ad2c27f6deb575833cad,True,False,0.75,"[39,52,5,57]","[39,52,0,5]"
default-r4,384,1,0,16,14,d644ccabbb7508d5d47c7b231c4d3f82ee470f83,8271e9c7f7153b815a28ad2c27f6deb575833cad,True,False,0.75,"[39,5,52,57]","[39,52,5,0]"
default-r4,384,1,1,16,0,d644ccabbb7508d5d47c7b231c4d3f82ee470f83,8271e9c7f7153b815a28ad2c27f6deb575833cad,False,False,0.25,"[63,50,12,22]","[14,48,25,22]"
default-r4,384,1,1,16,2,d644ccabbb7508d5d47c7b231c4d3f82ee470f83,8271e9c7f7153b815a28ad2c27f6deb575833cad,False,False,0.25,"[63,50,12,22]","[14,48,63,25]"
default-r4,384,1,1,16,4,d644ccabbb7508d5d47c7b231c4d3f82ee470f83,8271e9c7f7153b815a28ad2c27f6deb575833cad,False,False,0.5,"[12,63,26,50]","[14,48,63,50]"
default-r4,384,1,1,16,6,d644ccabbb7508d5d47c7b231c4d3f82ee470f83,8271e9c7f7153b815a28ad2c27f6deb575833cad,False,False,0.5,"[50,63,12,26]","[14,48,50,26]"
default-r4,384,1,1,16,8,d644ccabbb7508d5d47c7b231c4d3f82ee470f83,8271e9c7f7153b815a28ad2c27f6deb575833cad,False,False,0.5,"[50,12,63,22]","[14,48,22,63]"
default-r4,384,1,1,16,10,d644ccabbb7508d5d47c7b231c4d3f82ee470f83,8271e9c7f7153b815a28ad2c27f6deb575833cad,False,False,0.25,"[63,12,50,26]","[14,48,22,63]"
default-r4,384,1,1,16,12,d644ccabbb7508d5d47c7b231c4d3f82ee470f83,8271e9c7f7153b815a28ad2c27f6deb575833cad,False,False,0.25,"[63,12,26,22]","[14,48,63,25]"
default-r4,384,1,1,16,14,d644ccabbb7508d5d47c7b231c4d3f82ee470f83,8271e9c7f7153b815a28ad2c27f6deb575833cad,False,False,0.5,"[50,12,63,22]","[14,48,50,22]"
default-r4,512,1,0,16,0,2b16372207e3344688f093f9c78460489a485fa6,60c33dc441937d75a986217023e83ee5748a59f5,False,False,0.5,"[39,50,5,19]","[0,5,52,39]"
default-r4,512,1,0,16,2,2b16372207e3344688f093f9c78460489a485fa6,60c33dc441937d75a986217023e83ee5748a59f5,False,False,0.5,"[39,50,5,52]","[0,5,52,19]"
default-r4,512,1,0,16,4,2b16372207e3344688f093f9c78460489a485fa6,60c33dc441937d75a986217023e83ee5748a59f5,False,False,0.75,"[39,50,5,52]","[0,5,52,39]"
default-r4,512,1,0,16,6,2b16372207e3344688f093f9c78460489a485fa6,60c33dc441937d75a986217023e83ee5748a59f5,False,False,0.5,"[39,50,5,19]","[0,5,52,39]"
default-r4,512,1,0,16,8,2b16372207e3344688f093f9c78460489a485fa6,60c33dc441937d75a986217023e83ee5748a59f5,False,False,0.75,"[39,19,5,52]","[0,5,52,19]"
default-r4,512,1,0,16,10,2b16372207e3344688f093f9c78460489a485fa6,60c33dc441937d75a986217023e83ee5748a59f5,False,False,0.5,"[39,5,50,57]","[0,5,52,39]"
default-r4,512,1,0,16,12,2b16372207e3344688f093f9c78460489a485fa6,60c33dc441937d75a986217023e83ee5748a59f5,False,False,0.75,"[39,5,19,52]","[0,5,52,39]"
default-r4,512,1,0,16,14,2b16372207e3344688f093f9c78460489a485fa6,60c33dc441937d75a986217023e83ee5748a59f5,False,False,0.75,"[39,5,50,52]","[0,5,52,39]"
default-r4,512,1,1,16,0,2b16372207e3344688f093f9c78460489a485fa6,60c33dc441937d75a986217023e83ee5748a59f5,False,False,0.5,"[63,50,26,12]","[14,50,48,63]"
default-r4,512,1,1,16,2,2b16372207e3344688f093f9c78460489a485fa6,60c33dc441937d75a986217023e83ee5748a59f5,False,False,0.5,"[63,50,12,26]","[14,50,48,63]"
default-r4,512,1,1,16,4,2b16372207e3344688f093f9c78460489a485fa6,60c33dc441937d75a986217023e83ee5748a59f5,False,False,0.5,"[63,50,12,26]","[14,50,48,63]"
default-r4,512,1,1,16,6,2b16372207e3344688f093f9c78460489a485fa6,60c33dc441937d75a986217023e83ee5748a59f5,False,False,0.5,"[63,50,26,12]","[14,50,48,63]"
default-r4,512,1,1,16,8,2b16372207e3344688f093f9c78460489a485fa6,60c33dc441937d75a986217023e83ee5748a59f5,False,False,0.5,"[63,50,26,12]","[14,50,48,63]"
default-r4,512,1,1,16,10,2b16372207e3344688f093f9c78460489a485fa6,60c33dc441937d75a986217023e83ee5748a59f5,False,False,0.5,"[63,50,12,26]","[14,50,48,63]"
default-r4,512,1,1,16,12,2b16372207e3344688f093f9c78460489a485fa6,60c33dc441937d75a986217023e83ee5748a59f5,False,False,0.5,"[63,50,26,12]","[14,50,48,63]"
default-r4,512,1,1,16,14,2b16372207e3344688f093f9c78460489a485fa6,60c33dc441937d75a986217023e83ee5748a59f5,False,False,0.5,"[63,50,26,12]","[14,50,48,63]"
default-r4,512,1,0,16,0,57d6c25a7898568911088c4c8f3a08f3832ca730,84be71223ef6443c5775b6175b7dc4de57f447fd,False,False,0.75,"[39,5,50,52]","[0,5,52,39]"
default-r4,512,1,0,16,2,57d6c25a7898568911088c4c8f3a08f3832ca730,84be71223ef6443c5775b6175b7dc4de57f447fd,False,False,0.75,"[39,5,50,52]","[0,5,52,39]"
default-r4,512,1,0,16,4,57d6c25a7898568911088c4c8f3a08f3832ca730,84be71223ef6443c5775b6175b7dc4de57f447fd,False,False,0.75,"[39,5,19,52]","[0,5,39,52]"
default-r4,512,1,0,16,6,57d6c25a7898568911088c4c8f3a08f3832ca730,84be71223ef6443c5775b6175b7dc4de57f447fd,False,False,0.5,"[39,50,5,59]","[0,5,52,39]"
default-r4,512,1,0,16,8,57d6c25a7898568911088c4c8f3a08f3832ca730,84be71223ef6443c5775b6175b7dc4de57f447fd,False,False,0.5,"[39,5,19,50]","[0,5,52,39]"
default-r4,512,1,0,16,10,57d6c25a7898568911088c4c8f3a08f3832ca730,84be71223ef6443c5775b6175b7dc4de57f447fd,False,False,0.5,"[39,5,19,50]","[0,5,52,39]"
default-r4,512,1,0,16,12,57d6c25a7898568911088c4c8f3a08f3832ca730,84be71223ef6443c5775b6175b7dc4de57f447fd,False,False,0.5,"[39,5,50,19]","[0,5,52,39]"
default-r4,512,1,0,16,14,57d6c25a7898568911088c4c8f3a08f3832ca730,84be71223ef6443c5775b6175b7dc4de57f447fd,False,False,0.5,"[39,5,50,19]","[0,5,52,39]"
default-r4,512,1,1,16,0,57d6c25a7898568911088c4c8f3a08f3832ca730,84be71223ef6443c5775b6175b7dc4de57f447fd,False,False,0.5,"[63,50,26,12]","[14,50,48,63]"
default-r4,512,1,1,16,2,57d6c25a7898568911088c4c8f3a08f3832ca730,84be71223ef6443c5775b6175b7dc4de57f447fd,False,False,0.5,"[63,50,12,26]","[14,50,48,63]"
default-r4,512,1,1,16,4,57d6c25a7898568911088c4c8f3a08f3832ca730,84be71223ef6443c5775b6175b7dc4de57f447fd,False,False,0.5,"[63,50,26,12]","[14,50,48,63]"
default-r4,512,1,1,16,6,57d6c25a7898568911088c4c8f3a08f3832ca730,84be71223ef6443c5775b6175b7dc4de57f447fd,False,False,0.5,"[63,50,26,12]","[14,50,48,63]"
default-r4,512,1,1,16,8,57d6c25a7898568911088c4c8f3a08f3832ca730,84be71223ef6443c5775b6175b7dc4de57f447fd,False,False,0.5,"[63,50,26,12]","[14,50,48,12]"
default-r4,512,1,1,16,10,57d6c25a7898568911088c4c8f3a08f3832ca730,84be71223ef6443c5775b6175b7dc4de57f447fd,False,False,0.5,"[63,50,26,12]","[14,50,48,63]"
default-r4,512,1,1,16,12,57d6c25a7898568911088c4c8f3a08f3832ca730,84be71223ef6443c5775b6175b7dc4de57f447fd,False,False,0.5,"[63,50,26,12]","[14,50,48,63]"
default-r4,512,1,1,16,14,57d6c25a7898568911088c4c8f3a08f3832ca730,84be71223ef6443c5775b6175b7dc4de57f447fd,False,False,0.5,"[63,50,26,12]","[14,50,48,63]"
default-r4,512,1,0,16,0,94b5e28fac745823455a38183868d2d18757f68a,23112f2c9e8a12a570d12825eb99d088bd74b8a2,False,False,0.75,"[39,5,50,52]","[0,5,52,39]"
default-r4,512,1,0,16,2,94b5e28fac745823455a38183868d2d18757f68a,23112f2c9e8a12a570d12825eb99d088bd74b8a2,False,False,0.5,"[39,50,5,19]","[0,5,52,39]"
default-r4,512,1,0,16,4,94b5e28fac745823455a38183868d2d18757f68a,23112f2c9e8a12a570d12825eb99d088bd74b8a2,False,False,0.75,"[39,50,5,52]","[0,5,52,39]"
default-r4,512,1,0,16,6,94b5e28fac745823455a38183868d2d18757f68a,23112f2c9e8a12a570d12825eb99d088bd74b8a2,False,False,0.75,"[39,5,19,52]","[0,5,52,39]"
default-r4,512,1,0,16,8,94b5e28fac745823455a38183868d2d18757f68a,23112f2c9e8a12a570d12825eb99d088bd74b8a2,False,False,0.5,"[39,19,50,5]","[0,5,52,39]"
default-r4,512,1,0,16,10,94b5e28fac745823455a38183868d2d18757f68a,23112f2c9e8a12a570d12825eb99d088bd74b8a2,False,False,0.5,"[39,5,19,50]","[0,5,52,19]"
default-r4,512,1,0,16,12,94b5e28fac745823455a38183868d2d18757f68a,23112f2c9e8a12a570d12825eb99d088bd74b8a2,False,False,0.75,"[39,5,19,52]","[0,5,52,39]"
default-r4,512,1,0,16,14,94b5e28fac745823455a38183868d2d18757f68a,23112f2c9e8a12a570d12825eb99d088bd74b8a2,False,False,0.75,"[39,5,50,52]","[0,5,52,39]"
default-r4,512,1,1,16,0,94b5e28fac745823455a38183868d2d18757f68a,23112f2c9e8a12a570d12825eb99d088bd74b8a2,False,False,0.5,"[63,50,12,26]","[14,50,48,63]"
default-r4,512,1,1,16,2,94b5e28fac745823455a38183868d2d18757f68a,23112f2c9e8a12a570d12825eb99d088bd74b8a2,False,False,0.5,"[63,50,12,26]","[14,50,48,63]"
default-r4,512,1,1,16,4,94b5e28fac745823455a38183868d2d18757f68a,23112f2c9e8a12a570d12825eb99d088bd74b8a2,False,False,0.5,"[63,50,12,26]","[14,50,48,63]"
default-r4,512,1,1,16,6,94b5e28fac745823455a38183868d2d18757f68a,23112f2c9e8a12a570d12825eb99d088bd74b8a2,False,False,0.5,"[63,50,12,26]","[14,50,48,63]"
default-r4,512,1,1,16,8,94b5e28fac745823455a38183868d2d18757f68a,23112f2c9e8a12a570d12825eb99d088bd74b8a2,False,False,0.5,"[63,50,12,26]","[14,50,48,63]"
default-r4,512,1,1,16,10,94b5e28fac745823455a38183868d2d18757f68a,23112f2c9e8a12a570d12825eb99d088bd74b8a2,False,False,0.5,"[63,50,26,12]","[14,50,48,63]"
default-r4,512,1,1,16,12,94b5e28fac745823455a38183868d2d18757f68a,23112f2c9e8a12a570d12825eb99d088bd74b8a2,False,False,0.5,"[63,50,26,12]","[14,50,48,63]"
default-r4,512,1,1,16,14,94b5e28fac745823455a38183868d2d18757f68a,23112f2c9e8a12a570d12825eb99d088bd74b8a2,False,False,0.5,"[63,50,26,12]","[14,50,48,63]"
default-r4,512,1,0,16,0,d644ccabbb7508d5d47c7b231c4d3f82ee470f83,8271e9c7f7153b815a28ad2c27f6deb575833cad,False,False,0.75,"[39,5,50,52]","[0,5,52,39]"
default-r4,512,1,0,16,2,d644ccabbb7508d5d47c7b231c4d3f82ee470f83,8271e9c7f7153b815a28ad2c27f6deb575833cad,True,False,0.75,"[39,5,52,50]","[39,5,0,52]"
default-r4,512,1,0,16,4,d644ccabbb7508d5d47c7b231c4d3f82ee470f83,8271e9c7f7153b815a28ad2c27f6deb575833cad,False,False,0.75,"[39,5,50,52]","[0,5,52,39]"
default-r4,512,1,0,16,6,d644ccabbb7508d5d47c7b231c4d3f82ee470f83,8271e9c7f7153b815a28ad2c27f6deb575833cad,False,False,0.5,"[39,5,50,19]","[0,5,52,19]"
default-r4,512,1,0,16,8,d644ccabbb7508d5d47c7b231c4d3f82ee470f83,8271e9c7f7153b815a28ad2c27f6deb575833cad,False,False,0.75,"[39,5,50,52]","[0,5,52,39]"
default-r4,512,1,0,16,10,d644ccabbb7508d5d47c7b231c4d3f82ee470f83,8271e9c7f7153b815a28ad2c27f6deb575833cad,False,False,0.75,"[39,5,50,52]","[0,5,52,39]"
default-r4,512,1,0,16,12,d644ccabbb7508d5d47c7b231c4d3f82ee470f83,8271e9c7f7153b815a28ad2c27f6deb575833cad,False,False,0.5,"[39,50,5,19]","[0,5,52,19]"
default-r4,512,1,0,16,14,d644ccabbb7508d5d47c7b231c4d3f82ee470f83,8271e9c7f7153b815a28ad2c27f6deb575833cad,False,False,1.0,"[39,5,0,52]","[0,5,39,52]"
default-r4,512,1,1,16,0,d644ccabbb7508d5d47c7b231c4d3f82ee470f83,8271e9c7f7153b815a28ad2c27f6deb575833cad,False,False,0.5,"[63,50,12,26]","[14,50,48,63]"
default-r4,512,1,1,16,2,d644ccabbb7508d5d47c7b231c4d3f82ee470f83,8271e9c7f7153b815a28ad2c27f6deb575833cad,False,False,0.5,"[63,50,12,26]","[14,50,48,63]"
default-r4,512,1,1,16,4,d644ccabbb7508d5d47c7b231c4d3f82ee470f83,8271e9c7f7153b815a28ad2c27f6deb575833cad,False,False,0.5,"[63,50,26,12]","[14,50,48,63]"
default-r4,512,1,1,16,6,d644ccabbb7508d5d47c7b231c4d3f82ee470f83,8271e9c7f7153b815a28ad2c27f6deb575833cad,False,False,0.5,"[63,50,26,12]","[14,50,48,63]"
default-r4,512,1,1,16,8,d644ccabbb7508d5d47c7b231c4d3f82ee470f83,8271e9c7f7153b815a28ad2c27f6deb575833cad,False,False,0.5,"[63,50,12,26]","[14,50,48,63]"
default-r4,512,1,1,16,10,d644ccabbb7508d5d47c7b231c4d3f82ee470f83,8271e9c7f7153b815a28ad2c27f6deb575833cad,False,False,0.5,"[63,50,26,12]","[14,50,48,63]"
default-r4,512,1,1,16,12,d644ccabbb7508d5d47c7b231c4d3f82ee470f83,8271e9c7f7153b815a28ad2c27f6deb575833cad,False,False,0.5,"[63,50,26,12]","[14,50,48,63]"
default-r4,512,1,1,16,14,d644ccabbb7508d5d47c7b231c4d3f82ee470f83,8271e9c7f7153b815a28ad2c27f6deb575833cad,False,False,0.5,"[63,50,26,12]","[14,50,48,63]"
default-r4,704,1,0,16,0,2b16372207e3344688f093f9c78460489a485fa6,60c33dc441937d75a986217023e83ee5748a59f5,False,False,0.0,"[20,23,3,63]","[0,5,39,52]"
default-r4,704,1,0,16,2,2b16372207e3344688f093f9c78460489a485fa6,60c33dc441937d75a986217023e83ee5748a59f5,False,False,0.0,"[16,3,43,49]","[0,5,52,19]"
default-r4,704,1,0,16,4,2b16372207e3344688f093f9c78460489a485fa6,60c33dc441937d75a986217023e83ee5748a59f5,False,False,0.0,"[7,11,44,49]","[0,19,5,39]"
default-r4,704,1,0,16,6,2b16372207e3344688f093f9c78460489a485fa6,60c33dc441937d75a986217023e83ee5748a59f5,False,False,0.0,"[8,9,10,34]","[0,5,39,52]"
default-r4,704,1,0,16,8,2b16372207e3344688f093f9c78460489a485fa6,60c33dc441937d75a986217023e83ee5748a59f5,False,False,0.0,"[63,28,41,32]","[0,39,19,5]"
default-r4,704,1,0,16,10,2b16372207e3344688f093f9c78460489a485fa6,60c33dc441937d75a986217023e83ee5748a59f5,False,False,0.0,"[1,26,46,23]","[0,5,39,52]"
default-r4,704,1,0,16,12,2b16372207e3344688f093f9c78460489a485fa6,60c33dc441937d75a986217023e83ee5748a59f5,False,False,0.0,"[7,53,58,11]","[0,5,19,59]"
default-r4,704,1,0,16,14,2b16372207e3344688f093f9c78460489a485fa6,60c33dc441937d75a986217023e83ee5748a59f5,False,False,0.0,"[41,4,62,20]","[0,5,52,59]"
default-r4,704,1,1,16,0,2b16372207e3344688f093f9c78460489a485fa6,60c33dc441937d75a986217023e83ee5748a59f5,False,False,0.25,"[63,50,26,22]","[12,26,14,35]"
default-r4,704,1,1,16,2,2b16372207e3344688f093f9c78460489a485fa6,60c33dc441937d75a986217023e83ee5748a59f5,False,False,0.75,"[63,50,26,22]","[26,22,48,63]"
default-r4,704,1,1,16,4,2b16372207e3344688f093f9c78460489a485fa6,60c33dc441937d75a986217023e83ee5748a59f5,False,False,0.0,"[63,50,26,12]","[39,37,45,8]"
default-r4,704,1,1,16,6,2b16372207e3344688f093f9c78460489a485fa6,60c33dc441937d75a986217023e83ee5748a59f5,False,False,0.75,"[63,50,26,22]","[14,50,63,26]"
default-r4,704,1,1,16,8,2b16372207e3344688f093f9c78460489a485fa6,60c33dc441937d75a986217023e83ee5748a59f5,False,False,0.0,"[63,50,26,18]","[39,54,33,4]"
default-r4,704,1,1,16,10,2b16372207e3344688f093f9c78460489a485fa6,60c33dc441937d75a986217023e83ee5748a59f5,False,False,0.0,"[63,50,26,22]","[14,12,37,48]"
default-r4,704,1,1,16,12,2b16372207e3344688f093f9c78460489a485fa6,60c33dc441937d75a986217023e83ee5748a59f5,False,False,0.5,"[63,50,26,22]","[48,49,50,22]"
default-r4,704,1,1,16,14,2b16372207e3344688f093f9c78460489a485fa6,60c33dc441937d75a986217023e83ee5748a59f5,False,False,0.25,"[63,50,26,18]","[14,48,50,22]"
default-r4,704,1,0,16,0,57d6c25a7898568911088c4c8f3a08f3832ca730,84be71223ef6443c5775b6175b7dc4de57f447fd,False,False,0.25,"[25,28,11,39]","[0,5,52,39]"
default-r4,704,1,0,16,2,57d6c25a7898568911088c4c8f3a08f3832ca730,84be71223ef6443c5775b6175b7dc4de57f447fd,False,False,0.0,"[2,36,11,20]","[0,5,19,32]"
default-r4,704,1,0,16,4,57d6c25a7898568911088c4c8f3a08f3832ca730,84be71223ef6443c5775b6175b7dc4de57f447fd,False,False,0.5,"[37,5,39,56]","[0,5,39,19]"
default-r4,704,1,0,16,6,57d6c25a7898568911088c4c8f3a08f3832ca730,84be71223ef6443c5775b6175b7dc4de57f447fd,False,False,0.0,"[2,43,16,11]","[0,5,52,19]"
default-r4,704,1,0,16,8,57d6c25a7898568911088c4c8f3a08f3832ca730,84be71223ef6443c5775b6175b7dc4de57f447fd,False,False,0.25,"[58,55,19,7]","[0,5,39,19]"
default-r4,704,1,0,16,10,57d6c25a7898568911088c4c8f3a08f3832ca730,84be71223ef6443c5775b6175b7dc4de57f447fd,False,False,0.0,"[55,36,20,58]","[0,5,52,59]"
default-r4,704,1,0,16,12,57d6c25a7898568911088c4c8f3a08f3832ca730,84be71223ef6443c5775b6175b7dc4de57f447fd,True,False,0.5,"[0,59,39,41]","[0,39,19,5]"
default-r4,704,1,0,16,14,57d6c25a7898568911088c4c8f3a08f3832ca730,84be71223ef6443c5775b6175b7dc4de57f447fd,False,False,0.0,"[1,2,26,11]","[0,5,52,19]"
default-r4,704,1,1,16,0,57d6c25a7898568911088c4c8f3a08f3832ca730,84be71223ef6443c5775b6175b7dc4de57f447fd,False,False,0.25,"[63,50,26,22]","[50,12,61,18]"
default-r4,704,1,1,16,2,57d6c25a7898568911088c4c8f3a08f3832ca730,84be71223ef6443c5775b6175b7dc4de57f447fd,False,False,0.0,"[63,50,26,22]","[37,35,8,59]"
default-r4,704,1,1,16,4,57d6c25a7898568911088c4c8f3a08f3832ca730,84be71223ef6443c5775b6175b7dc4de57f447fd,False,False,0.75,"[63,50,26,12]","[12,26,22,50]"
default-r4,704,1,1,16,6,57d6c25a7898568911088c4c8f3a08f3832ca730,84be71223ef6443c5775b6175b7dc4de57f447fd,False,False,0.25,"[63,50,26,22]","[48,49,22,14]"
default-r4,704,1,1,16,8,57d6c25a7898568911088c4c8f3a08f3832ca730,84be71223ef6443c5775b6175b7dc4de57f447fd,False,False,0.25,"[63,50,26,12]","[14,48,50,49]"
default-r4,704,1,1,16,10,57d6c25a7898568911088c4c8f3a08f3832ca730,84be71223ef6443c5775b6175b7dc4de57f447fd,False,False,0.25,"[63,50,26,18]","[48,14,12,50]"
default-r4,704,1,1,16,12,57d6c25a7898568911088c4c8f3a08f3832ca730,84be71223ef6443c5775b6175b7dc4de57f447fd,False,False,0.0,"[63,50,26,12]","[39,54,33,37]"
default-r4,704,1,1,16,14,57d6c25a7898568911088c4c8f3a08f3832ca730,84be71223ef6443c5775b6175b7dc4de57f447fd,False,False,0.5,"[63,50,26,22]","[48,14,22,50]"
default-r4,704,1,0,16,0,94b5e28fac745823455a38183868d2d18757f68a,23112f2c9e8a12a570d12825eb99d088bd74b8a2,True,False,0.25,"[0,32,31,11]","[0,39,5,19]"
default-r4,704,1,0,16,2,94b5e28fac745823455a38183868d2d18757f68a,23112f2c9e8a12a570d12825eb99d088bd74b8a2,False,False,0.0,"[11,30,25,26]","[0,5,19,39]"
default-r4,704,1,0,16,4,94b5e28fac745823455a38183868d2d18757f68a,23112f2c9e8a12a570d12825eb99d088bd74b8a2,False,False,0.0,"[46,56,26,34]","[0,5,52,19]"
default-r4,704,1,0,16,6,94b5e28fac745823455a38183868d2d18757f68a,23112f2c9e8a12a570d12825eb99d088bd74b8a2,False,False,0.75,"[19,58,39,5]","[0,39,5,19]"
default-r4,704,1,0,16,8,94b5e28fac745823455a38183868d2d18757f68a,23112f2c9e8a12a570d12825eb99d088bd74b8a2,False,False,0.0,"[23,41,58,28]","[0,5,39,52]"
default-r4,704,1,0,16,10,94b5e28fac745823455a38183868d2d18757f68a,23112f2c9e8a12a570d12825eb99d088bd74b8a2,False,False,0.25,"[25,5,1,31]","[0,5,39,52]"
default-r4,704,1,0,16,12,94b5e28fac745823455a38183868d2d18757f68a,23112f2c9e8a12a570d12825eb99d088bd74b8a2,False,False,0.0,"[58,55,20,36]","[0,5,19,39]"
default-r4,704,1,0,16,14,94b5e28fac745823455a38183868d2d18757f68a,23112f2c9e8a12a570d12825eb99d088bd74b8a2,False,False,0.0,"[46,60,35,22]","[0,5,52,39]"
default-r4,704,1,1,16,0,94b5e28fac745823455a38183868d2d18757f68a,23112f2c9e8a12a570d12825eb99d088bd74b8a2,False,False,0.25,"[63,50,26,12]","[14,49,25,26]"
default-r4,704,1,1,16,2,94b5e28fac745823455a38183868d2d18757f68a,23112f2c9e8a12a570d12825eb99d088bd74b8a2,False,False,0.0,"[63,50,26,22]","[49,1,25,4]"
default-r4,704,1,1,16,4,94b5e28fac745823455a38183868d2d18757f68a,23112f2c9e8a12a570d12825eb99d088bd74b8a2,False,False,0.25,"[63,50,26,22]","[50,14,48,54]"
default-r4,704,1,1,16,6,94b5e28fac745823455a38183868d2d18757f68a,23112f2c9e8a12a570d12825eb99d088bd74b8a2,False,False,0.25,"[63,50,26,12]","[49,14,26,25]"
default-r4,704,1,1,16,8,94b5e28fac745823455a38183868d2d18757f68a,23112f2c9e8a12a570d12825eb99d088bd74b8a2,False,False,0.25,"[63,50,26,18]","[26,12,22,49]"
default-r4,704,1,1,16,10,94b5e28fac745823455a38183868d2d18757f68a,23112f2c9e8a12a570d12825eb99d088bd74b8a2,False,False,0.5,"[63,50,26,22]","[14,50,48,63]"
default-r4,704,1,1,16,12,94b5e28fac745823455a38183868d2d18757f68a,23112f2c9e8a12a570d12825eb99d088bd74b8a2,False,False,0.0,"[63,50,26,12]","[49,1,25,39]"
default-r4,704,1,1,16,14,94b5e28fac745823455a38183868d2d18757f68a,23112f2c9e8a12a570d12825eb99d088bd74b8a2,False,False,0.25,"[63,50,26,22]","[50,14,56,10]"
default-r4,704,1,0,16,0,d644ccabbb7508d5d47c7b231c4d3f82ee470f83,8271e9c7f7153b815a28ad2c27f6deb575833cad,False,False,0.0,"[25,31,53,11]","[0,5,19,32]"
default-r4,704,1,0,16,2,d644ccabbb7508d5d47c7b231c4d3f82ee470f83,8271e9c7f7153b815a28ad2c27f6deb575833cad,False,False,0.0,"[34,26,60,54]","[0,39,5,52]"
default-r4,704,1,0,16,4,d644ccabbb7508d5d47c7b231c4d3f82ee470f83,8271e9c7f7153b815a28ad2c27f6deb575833cad,False,False,0.0,"[47,22,55,63]","[0,5,52,39]"
default-r4,704,1,0,16,6,d644ccabbb7508d5d47c7b231c4d3f82ee470f83,8271e9c7f7153b815a28ad2c27f6deb575833cad,False,False,0.5,"[5,19,39,41]","[0,5,52,19]"
default-r4,704,1,0,16,8,d644ccabbb7508d5d47c7b231c4d3f82ee470f83,8271e9c7f7153b815a28ad2c27f6deb575833cad,False,False,0.0,"[34,60,1,15]","[0,5,19,39]"
default-r4,704,1,0,16,10,d644ccabbb7508d5d47c7b231c4d3f82ee470f83,8271e9c7f7153b815a28ad2c27f6deb575833cad,False,False,0.0,"[36,15,60,23]","[0,39,19,5]"
default-r4,704,1,0,16,12,d644ccabbb7508d5d47c7b231c4d3f82ee470f83,8271e9c7f7153b815a28ad2c27f6deb575833cad,False,False,0.0,"[28,20,12,63]","[0,5,52,19]"
default-r4,704,1,0,16,14,d644ccabbb7508d5d47c7b231c4d3f82ee470f83,8271e9c7f7153b815a28ad2c27f6deb575833cad,False,False,0.5,"[39,0,51,19]","[0,5,52,39]"
default-r4,704,1,1,16,0,d644ccabbb7508d5d47c7b231c4d3f82ee470f83,8271e9c7f7153b815a28ad2c27f6deb575833cad,False,False,0.25,"[63,50,26,12]","[48,22,37,26]"
default-r4,704,1,1,16,2,d644ccabbb7508d5d47c7b231c4d3f82ee470f83,8271e9c7f7153b815a28ad2c27f6deb575833cad,False,False,0.25,"[63,50,26,22]","[49,25,14,26]"
default-r4,704,1,1,16,4,d644ccabbb7508d5d47c7b231c4d3f82ee470f83,8271e9c7f7153b815a28ad2c27f6deb575833cad,False,False,0.5,"[63,50,26,12]","[50,14,12,18]"
default-r4,704,1,1,16,6,d644ccabbb7508d5d47c7b231c4d3f82ee470f83,8271e9c7f7153b815a28ad2c27f6deb575833cad,False,False,0.5,"[63,50,26,12]","[48,14,12,50]"
default-r4,704,1,1,16,8,d644ccabbb7508d5d47c7b231c4d3f82ee470f83,8271e9c7f7153b815a28ad2c27f6deb575833cad,False,False,0.0,"[63,50,26,22]","[39,45,54,51]"
default-r4,704,1,1,16,10,d644ccabbb7508d5d47c7b231c4d3f82ee470f83,8271e9c7f7153b815a28ad2c27f6deb575833cad,False,False,0.0,"[63,50,26,18]","[37,39,35,48]"
default-r4,704,1,1,16,12,d644ccabbb7508d5d47c7b231c4d3f82ee470f83,8271e9c7f7153b815a28ad2c27f6deb575833cad,False,False,0.5,"[63,50,26,22]","[22,48,50,61]"
default-r4,704,1,1,16,14,d644ccabbb7508d5d47c7b231c4d3f82ee470f83,8271e9c7f7153b815a28ad2c27f6deb575833cad,False,False,0.75,"[63,50,26,12]","[50,63,26,22]"
dropout005-r4,0,1,0,16,0,2b16372207e3344688f093f9c78460489a485fa6,60c33dc441937d75a986217023e83ee5748a59f5,True,True,1.0,"[9,8,25,4]","[9,8,25,4]"
dropout005-r4,0,1,0,16,2,2b16372207e3344688f093f9c78460489a485fa6,60c33dc441937d75a986217023e83ee5748a59f5,True,True,1.0,"[54,40,55,45]","[54,40,55,45]"
dropout005-r4,0,1,0,16,4,2b16372207e3344688f093f9c78460489a485fa6,60c33dc441937d75a986217023e83ee5748a59f5,True,True,1.0,"[62,25,8,32]","[62,25,8,32]"
dropout005-r4,0,1,0,16,6,2b16372207e3344688f093f9c78460489a485fa6,60c33dc441937d75a986217023e83ee5748a59f5,True,True,1.0,"[28,46,20,52]","[28,46,20,52]"
dropout005-r4,0,1,0,16,8,2b16372207e3344688f093f9c78460489a485fa6,60c33dc441937d75a986217023e83ee5748a59f5,True,True,1.0,"[47,4,50,60]","[47,4,50,60]"
dropout005-r4,0,1,0,16,10,2b16372207e3344688f093f9c78460489a485fa6,60c33dc441937d75a986217023e83ee5748a59f5,True,True,1.0,"[33,57,13,27]","[33,57,13,27]"
dropout005-r4,0,1,0,16,12,2b16372207e3344688f093f9c78460489a485fa6,60c33dc441937d75a986217023e83ee5748a59f5,True,True,1.0,"[26,54,0,1]","[26,54,0,1]"
dropout005-r4,0,1,0,16,14,2b16372207e3344688f093f9c78460489a485fa6,60c33dc441937d75a986217023e83ee5748a59f5,True,True,1.0,"[50,39,33,51]","[50,39,33,51]"
dropout005-r4,0,1,1,16,0,2b16372207e3344688f093f9c78460489a485fa6,60c33dc441937d75a986217023e83ee5748a59f5,True,True,1.0,"[40,49,34,16]","[40,49,34,16]"
dropout005-r4,0,1,1,16,2,2b16372207e3344688f093f9c78460489a485fa6,60c33dc441937d75a986217023e83ee5748a59f5,True,True,1.0,"[16,59,1,31]","[16,59,1,31]"
dropout005-r4,0,1,1,16,4,2b16372207e3344688f093f9c78460489a485fa6,60c33dc441937d75a986217023e83ee5748a59f5,True,True,1.0,"[18,21,9,50]","[18,21,9,50]"
dropout005-r4,0,1,1,16,6,2b16372207e3344688f093f9c78460489a485fa6,60c33dc441937d75a986217023e83ee5748a59f5,True,True,1.0,"[22,61,13,54]","[22,61,13,54]"
dropout005-r4,0,1,1,16,8,2b16372207e3344688f093f9c78460489a485fa6,60c33dc441937d75a986217023e83ee5748a59f5,True,True,1.0,"[63,33,14,17]","[63,33,14,17]"
dropout005-r4,0,1,1,16,10,2b16372207e3344688f093f9c78460489a485fa6,60c33dc441937d75a986217023e83ee5748a59f5,True,True,1.0,"[60,11,20,32]","[60,11,20,32]"
dropout005-r4,0,1,1,16,12,2b16372207e3344688f093f9c78460489a485fa6,60c33dc441937d75a986217023e83ee5748a59f5,True,True,1.0,"[51,34,62,4]","[51,34,62,4]"
dropout005-r4,0,1,1,16,14,2b16372207e3344688f093f9c78460489a485fa6,60c33dc441937d75a986217023e83ee5748a59f5,True,True,1.0,"[44,58,16,35]","[44,58,16,35]"
dropout005-r4,0,1,0,16,0,57d6c25a7898568911088c4c8f3a08f3832ca730,84be71223ef6443c5775b6175b7dc4de57f447fd,True,True,1.0,"[24,23,22,8]","[24,23,22,8]"
dropout005-r4,0,1,0,16,2,57d6c25a7898568911088c4c8f3a08f3832ca730,84be71223ef6443c5775b6175b7dc4de57f447fd,True,True,1.0,"[1,38,59,14]","[1,38,59,14]"
dropout005-r4,0,1,0,16,4,57d6c25a7898568911088c4c8f3a08f3832ca730,84be71223ef6443c5775b6175b7dc4de57f447fd,True,True,1.0,"[6,19,26,52]","[6,19,26,52]"
dropout005-r4,0,1,0,16,6,57d6c25a7898568911088c4c8f3a08f3832ca730,84be71223ef6443c5775b6175b7dc4de57f447fd,True,True,1.0,"[1,40,11,53]","[1,40,11,53]"
dropout005-r4,0,1,0,16,8,57d6c25a7898568911088c4c8f3a08f3832ca730,84be71223ef6443c5775b6175b7dc4de57f447fd,True,True,1.0,"[8,52,53,16]","[8,52,53,16]"
dropout005-r4,0,1,0,16,10,57d6c25a7898568911088c4c8f3a08f3832ca730,84be71223ef6443c5775b6175b7dc4de57f447fd,True,True,1.0,"[36,59,20,34]","[36,59,20,34]"
dropout005-r4,0,1,0,16,12,57d6c25a7898568911088c4c8f3a08f3832ca730,84be71223ef6443c5775b6175b7dc4de57f447fd,True,True,1.0,"[40,34,15,42]","[40,34,15,42]"
dropout005-r4,0,1,0,16,14,57d6c25a7898568911088c4c8f3a08f3832ca730,84be71223ef6443c5775b6175b7dc4de57f447fd,True,True,1.0,"[11,1,8,62]","[11,1,8,62]"
dropout005-r4,0,1,1,16,0,57d6c25a7898568911088c4c8f3a08f3832ca730,84be71223ef6443c5775b6175b7dc4de57f447fd,True,True,1.0,"[47,27,3,35]","[47,27,3,35]"
dropout005-r4,0,1,1,16,2,57d6c25a7898568911088c4c8f3a08f3832ca730,84be71223ef6443c5775b6175b7dc4de57f447fd,True,True,1.0,"[8,60,49,55]","[8,60,49,55]"
dropout005-r4,0,1,1,16,4,57d6c25a7898568911088c4c8f3a08f3832ca730,84be71223ef6443c5775b6175b7dc4de57f447fd,True,True,1.0,"[54,57,35,13]","[54,57,35,13]"
dropout005-r4,0,1,1,16,6,57d6c25a7898568911088c4c8f3a08f3832ca730,84be71223ef6443c5775b6175b7dc4de57f447fd,True,True,1.0,"[17,25,23,55]","[17,25,23,55]"
dropout005-r4,0,1,1,16,8,57d6c25a7898568911088c4c8f3a08f3832ca730,84be71223ef6443c5775b6175b7dc4de57f447fd,True,True,1.0,"[16,20,34,25]","[16,20,34,25]"
dropout005-r4,0,1,1,16,10,57d6c25a7898568911088c4c8f3a08f3832ca730,84be71223ef6443c5775b6175b7dc4de57f447fd,True,True,1.0,"[7,13,56,21]","[7,13,56,21]"
dropout005-r4,0,1,1,16,12,57d6c25a7898568911088c4c8f3a08f3832ca730,84be71223ef6443c5775b6175b7dc4de57f447fd,True,True,1.0,"[27,49,5,25]","[27,49,5,25]"
dropout005-r4,0,1,1,16,14,57d6c25a7898568911088c4c8f3a08f3832ca730,84be71223ef6443c5775b6175b7dc4de57f447fd,True,True,1.0,"[31,57,8,30]","[31,57,8,30]"
dropout005-r4,0,1,0,16,0,94b5e28fac745823455a38183868d2d18757f68a,23112f2c9e8a12a570d12825eb99d088bd74b8a2,True,True,1.0,"[48,24,23,50]","[48,24,23,50]"
dropout005-r4,0,1,0,16,2,94b5e28fac745823455a38183868d2d18757f68a,23112f2c9e8a12a570d12825eb99d088bd74b8a2,True,True,1.0,"[19,51,18,22]","[19,51,18,22]"
dropout005-r4,0,1,0,16,4,94b5e28fac745823455a38183868d2d18757f68a,23112f2c9e8a12a570d12825eb99d088bd74b8a2,True,True,1.0,"[11,3,42,29]","[11,3,42,29]"
dropout005-r4,0,1,0,16,6,94b5e28fac745823455a38183868d2d18757f68a,23112f2c9e8a12a570d12825eb99d088bd74b8a2,True,True,1.0,"[53,50,29,32]","[53,50,29,32]"
dropout005-r4,0,1,0,16,8,94b5e28fac745823455a38183868d2d18757f68a,23112f2c9e8a12a570d12825eb99d088bd74b8a2,True,True,1.0,"[25,23,62,16]","[25,23,62,16]"
dropout005-r4,0,1,0,16,10,94b5e28fac745823455a38183868d2d18757f68a,23112f2c9e8a12a570d12825eb99d088bd74b8a2,True,True,1.0,"[7,16,5,47]","[7,16,5,47]"
dropout005-r4,0,1,0,16,12,94b5e28fac745823455a38183868d2d18757f68a,23112f2c9e8a12a570d12825eb99d088bd74b8a2,True,True,1.0,"[62,2,33,25]","[62,2,33,25]"
dropout005-r4,0,1,0,16,14,94b5e28fac745823455a38183868d2d18757f68a,23112f2c9e8a12a570d12825eb99d088bd74b8a2,True,True,1.0,"[19,27,20,61]","[19,27,20,61]"
dropout005-r4,0,1,1,16,0,94b5e28fac745823455a38183868d2d18757f68a,23112f2c9e8a12a570d12825eb99d088bd74b8a2,True,True,1.0,"[27,49,5,1]","[27,49,5,1]"
dropout005-r4,0,1,1,16,2,94b5e28fac745823455a38183868d2d18757f68a,23112f2c9e8a12a570d12825eb99d088bd74b8a2,True,True,1.0,"[60,3,48,7]","[60,3,48,7]"
dropout005-r4,0,1,1,16,4,94b5e28fac745823455a38183868d2d18757f68a,23112f2c9e8a12a570d12825eb99d088bd74b8a2,True,True,1.0,"[21,41,28,9]","[21,41,28,9]"
dropout005-r4,0,1,1,16,6,94b5e28fac745823455a38183868d2d18757f68a,23112f2c9e8a12a570d12825eb99d088bd74b8a2,True,True,1.0,"[12,2,23,55]","[12,2,23,55]"
dropout005-r4,0,1,1,16,8,94b5e28fac745823455a38183868d2d18757f68a,23112f2c9e8a12a570d12825eb99d088bd74b8a2,True,True,1.0,"[9,25,26,47]","[9,25,26,47]"
dropout005-r4,0,1,1,16,10,94b5e28fac745823455a38183868d2d18757f68a,23112f2c9e8a12a570d12825eb99d088bd74b8a2,True,True,1.0,"[14,1,63,10]","[14,1,63,10]"
dropout005-r4,0,1,1,16,12,94b5e28fac745823455a38183868d2d18757f68a,23112f2c9e8a12a570d12825eb99d088bd74b8a2,True,True,1.0,"[12,35,18,2]","[12,35,18,2]"
dropout005-r4,0,1,1,16,14,94b5e28fac745823455a38183868d2d18757f68a,23112f2c9e8a12a570d12825eb99d088bd74b8a2,True,True,1.0,"[35,10,26,20]","[35,10,26,20]"
dropout005-r4,0,1,0,16,0,d644ccabbb7508d5d47c7b231c4d3f82ee470f83,8271e9c7f7153b815a28ad2c27f6deb575833cad,True,True,1.0,"[55,62,31,56]","[55,62,31,56]"
dropout005-r4,0,1,0,16,2,d644ccabbb7508d5d47c7b231c4d3f82ee470f83,8271e9c7f7153b815a28ad2c27f6deb575833cad,True,True,1.0,"[11,46,1,17]","[11,46,1,17]"
dropout005-r4,0,1,0,16,4,d644ccabbb7508d5d47c7b231c4d3f82ee470f83,8271e9c7f7153b815a28ad2c27f6deb575833cad,True,True,1.0,"[62,63,26,20]","[62,63,26,20]"
dropout005-r4,0,1,0,16,6,d644ccabbb7508d5d47c7b231c4d3f82ee470f83,8271e9c7f7153b815a28ad2c27f6deb575833cad,True,True,1.0,"[11,5,2,20]","[11,5,2,20]"
dropout005-r4,0,1,0,16,8,d644ccabbb7508d5d47c7b231c4d3f82ee470f83,8271e9c7f7153b815a28ad2c27f6deb575833cad,True,True,1.0,"[23,27,20,35]","[23,27,20,35]"
dropout005-r4,0,1,0,16,10,d644ccabbb7508d5d47c7b231c4d3f82ee470f83,8271e9c7f7153b815a28ad2c27f6deb575833cad,True,True,1.0,"[2,59,22,52]","[2,59,22,52]"
dropout005-r4,0,1,0,16,12,d644ccabbb7508d5d47c7b231c4d3f82ee470f83,8271e9c7f7153b815a28ad2c27f6deb575833cad,True,True,1.0,"[20,12,44,1]","[20,12,44,1]"
dropout005-r4,0,1,0,16,14,d644ccabbb7508d5d47c7b231c4d3f82ee470f83,8271e9c7f7153b815a28ad2c27f6deb575833cad,True,True,1.0,"[20,3,57,52]","[20,3,57,52]"
dropout005-r4,0,1,1,16,0,d644ccabbb7508d5d47c7b231c4d3f82ee470f83,8271e9c7f7153b815a28ad2c27f6deb575833cad,True,True,1.0,"[50,43,19,41]","[50,43,19,41]"
dropout005-r4,0,1,1,16,2,d644ccabbb7508d5d47c7b231c4d3f82ee470f83,8271e9c7f7153b815a28ad2c27f6deb575833cad,True,True,1.0,"[32,27,28,54]","[32,27,28,54]"
dropout005-r4,0,1,1,16,4,d644ccabbb7508d5d47c7b231c4d3f82ee470f83,8271e9c7f7153b815a28ad2c27f6deb575833cad,True,True,1.0,"[27,33,23,31]","[27,33,23,31]"
dropout005-r4,0,1,1,16,6,d644ccabbb7508d5d47c7b231c4d3f82ee470f83,8271e9c7f7153b815a28ad2c27f6deb575833cad,True,True,1.0,"[31,50,58,9]","[31,50,58,9]"
dropout005-r4,0,1,1,16,8,d644ccabbb7508d5d47c7b231c4d3f82ee470f83,8271e9c7f7153b815a28ad2c27f6deb575833cad,True,True,1.0,"[55,53,42,8]","[55,53,42,8]"
dropout005-r4,0,1,1,16,10,d644ccabbb7508d5d47c7b231c4d3f82ee470f83,8271e9c7f7153b815a28ad2c27f6deb575833cad,True,True,1.0,"[18,12,20,59]","[18,12,20,59]"
dropout005-r4,0,1,1,16,12,d644ccabbb7508d5d47c7b231c4d3f82ee470f83,8271e9c7f7153b815a28ad2c27f6deb575833cad,True,True,1.0,"[35,59,7,40]","[35,59,7,40]"
dropout005-r4,0,1,1,16,14,d644ccabbb7508d5d47c7b231c4d3f82ee470f83,8271e9c7f7153b815a28ad2c27f6deb575833cad,True,True,1.0,"[38,20,27,19]","[38,20,27,19]"
dropout005-r4,16,1,0,16,0,2b16372207e3344688f093f9c78460489a485fa6,60c33dc441937d75a986217023e83ee5748a59f5,True,False,0.75,"[8,9,25,31]","[8,25,9,21]"
dropout005-r4,16,1,0,16,2,2b16372207e3344688f093f9c78460489a485fa6,60c33dc441937d75a986217023e83ee5748a59f5,True,False,0.75,"[39,54,21,34]","[39,54,21,19]"
dropout005-r4,16,1,0,16,4,2b16372207e3344688f093f9c78460489a485fa6,60c33dc441937d75a986217023e83ee5748a59f5,True,False,1.0,"[25,32,45,62]","[25,32,62,45]"
dropout005-r4,16,1,0,16,6,2b16372207e3344688f093f9c78460489a485fa6,60c33dc441937d75a986217023e83ee5748a59f5,False,False,0.75,"[28,46,1,59]","[46,28,1,52]"
dropout005-r4,16,1,0,16,8,2b16372207e3344688f093f9c78460489a485fa6,60c33dc441937d75a986217023e83ee5748a59f5,True,False,0.75,"[59,36,1,4]","[59,1,36,62]"
dropout005-r4,16,1,0,16,10,2b16372207e3344688f093f9c78460489a485fa6,60c33dc441937d75a986217023e83ee5748a59f5,True,False,1.0,"[57,33,51,48]","[57,33,48,51]"
dropout005-r4,16,1,0,16,12,2b16372207e3344688f093f9c78460489a485fa6,60c33dc441937d75a986217023e83ee5748a59f5,False,False,1.0,"[1,0,39,21]","[21,39,1,0]"
dropout005-r4,16,1,0,16,14,2b16372207e3344688f093f9c78460489a485fa6,60c33dc441937d75a986217023e83ee5748a59f5,True,True,1.0,"[39,50,51,61]","[39,50,51,61]"
dropout005-r4,16,1,1,16,0,2b16372207e3344688f093f9c78460489a485fa6,60c33dc441937d75a986217023e83ee5748a59f5,True,False,0.75,"[40,49,57,4]","[40,49,57,26]"
dropout005-r4,16,1,1,16,2,2b16372207e3344688f093f9c78460489a485fa6,60c33dc441937d75a986217023e83ee5748a59f5,True,True,1.0,"[16,1,28,59]","[16,1,28,59]"
dropout005-r4,16,1,1,16,4,2b16372207e3344688f093f9c78460489a485fa6,60c33dc441937d75a986217023e83ee5748a59f5,True,False,0.75,"[18,11,50,63]","[18,11,21,63]"
dropout005-r4,16,1,1,16,6,2b16372207e3344688f093f9c78460489a485fa6,60c33dc441937d75a986217023e83ee5748a59f5,True,False,0.75,"[22,57,61,63]","[22,57,61,42]"
dropout005-r4,16,1,1,16,8,2b16372207e3344688f093f9c78460489a485fa6,60c33dc441937d75a986217023e83ee5748a59f5,True,False,0.75,"[63,29,14,49]","[63,49,29,17]"
dropout005-r4,16,1,1,16,10,2b16372207e3344688f093f9c78460489a485fa6,60c33dc441937d75a986217023e83ee5748a59f5,True,False,0.75,"[11,40,63,32]","[11,40,18,63]"
dropout005-r4,16,1,1,16,12,2b16372207e3344688f093f9c78460489a485fa6,60c33dc441937d75a986217023e83ee5748a59f5,True,False,0.75,"[51,4,34,63]","[51,4,63,28]"
dropout005-r4,16,1,1,16,14,2b16372207e3344688f093f9c78460489a485fa6,60c33dc441937d75a986217023e83ee5748a59f5,True,False,0.75,"[44,48,40,16]","[44,48,40,49]"
dropout005-r4,16,1,0,16,0,57d6c25a7898568911088c4c8f3a08f3832ca730,84be71223ef6443c5775b6175b7dc4de57f447fd,True,False,0.75,"[24,11,8,31]","[24,11,8,18]"
dropout005-r4,16,1,0,16,2,57d6c25a7898568911088c4c8f3a08f3832ca730,84be71223ef6443c5775b6175b7dc4de57f447fd,True,False,0.75,"[1,38,59,32]","[1,59,38,36]"
dropout005-r4,16,1,0,16,4,57d6c25a7898568911088c4c8f3a08f3832ca730,84be71223ef6443c5775b6175b7dc4de57f447fd,False,False,0.5,"[6,34,54,47]","[34,6,15,19]"
dropout005-r4,16,1,0,16,6,57d6c25a7898568911088c4c8f3a08f3832ca730,84be71223ef6443c5775b6175b7dc4de57f447fd,True,False,0.75,"[1,11,36,42]","[1,11,36,32]"
dropout005-r4,16,1,0,16,8,57d6c25a7898568911088c4c8f3a08f3832ca730,84be71223ef6443c5775b6175b7dc4de57f447fd,True,True,1.0,"[8,59,52,32]","[8,59,52,32]"
dropout005-r4,16,1,0,16,10,57d6c25a7898568911088c4c8f3a08f3832ca730,84be71223ef6443c5775b6175b7dc4de57f447fd,True,False,0.75,"[36,59,57,32]","[36,59,32,58]"
dropout005-r4,16,1,0,16,12,57d6c25a7898568911088c4c8f3a08f3832ca730,84be71223ef6443c5775b6175b7dc4de57f447fd,False,False,1.0,"[15,40,34,42]","[40,15,34,42]"
dropout005-r4,16,1,0,16,14,57d6c25a7898568911088c4c8f3a08f3832ca730,84be71223ef6443c5775b6175b7dc4de57f447fd,True,False,0.75,"[11,52,47,1]","[11,1,52,36]"
dropout005-r4,16,1,1,16,0,57d6c25a7898568911088c4c8f3a08f3832ca730,84be71223ef6443c5775b6175b7dc4de57f447fd,True,False,0.75,"[47,52,33,48]","[47,29,52,33]"
dropout005-r4,16,1,1,16,2,57d6c25a7898568911088c4c8f3a08f3832ca730,84be71223ef6443c5775b6175b7dc4de57f447fd,False,False,0.5,"[49,57,4,52]","[57,49,60,12]"
dropout005-r4,16,1,1,16,4,57d6c25a7898568911088c4c8f3a08f3832ca730,84be71223ef6443c5775b6175b7dc4de57f447fd,True,False,0.75,"[57,12,54,35]","[57,12,54,40]"
dropout005-r4,16,1,1,16,6,57d6c25a7898568911088c4c8f3a08f3832ca730,84be71223ef6443c5775b6175b7dc4de57f447fd,False,False,0.75,"[36,17,49,57]","[57,17,28,36]"
dropout005-r4,16,1,1,16,8,57d6c25a7898568911088c4c8f3a08f3832ca730,84be71223ef6443c5775b6175b7dc4de57f447fd,True,False,0.75,"[16,20,4,49]","[16,20,59,4]"
dropout005-r4,16,1,1,16,10,57d6c25a7898568911088c4c8f3a08f3832ca730,84be71223ef6443c5775b6175b7dc4de57f447fd,True,False,0.75,"[57,7,40,12]","[57,40,12,21]"
dropout005-r4,16,1,1,16,12,57d6c25a7898568911088c4c8f3a08f3832ca730,84be71223ef6443c5775b6175b7dc4de57f447fd,True,False,0.75,"[36,49,12,32]","[36,12,49,27]"
dropout005-r4,16,1,1,16,14,57d6c25a7898568911088c4c8f3a08f3832ca730,84be71223ef6443c5775b6175b7dc4de57f447fd,True,False,0.75,"[57,31,2,21]","[57,31,63,21]"
dropout005-r4,16,1,0,16,0,94b5e28fac745823455a38183868d2d18757f68a,23112f2c9e8a12a570d12825eb99d088bd74b8a2,True,False,0.75,"[48,4,32,42]","[48,4,32,56]"
dropout005-r4,16,1,0,16,2,94b5e28fac745823455a38183868d2d18757f68a,23112f2c9e8a12a570d12825eb99d088bd74b8a2,True,False,0.75,"[19,51,59,22]","[19,51,18,22]"
dropout005-r4,16,1,0,16,4,94b5e28fac745823455a38183868d2d18757f68a,23112f2c9e8a12a570d12825eb99d088bd74b8a2,False,False,0.5,"[11,1,42,30]","[13,11,39,1]"
dropout005-r4,16,1,0,16,6,94b5e28fac745823455a38183868d2d18757f68a,23112f2c9e8a12a570d12825eb99d088bd74b8a2,False,False,0.75,"[32,39,53,33]","[39,32,33,57]"
dropout005-r4,16,1,0,16,8,94b5e28fac745823455a38183868d2d18757f68a,23112f2c9e8a12a570d12825eb99d088bd74b8a2,False,False,1.0,"[25,43,32,36]","[36,25,32,43]"
dropout005-r4,16,1,0,16,10,94b5e28fac745823455a38183868d2d18757f68a,23112f2c9e8a12a570d12825eb99d088bd74b8a2,True,True,1.0,"[7,39,5,51]","[7,39,5,51]"
dropout005-r4,16,1,0,16,12,94b5e28fac745823455a38183868d2d18757f68a,23112f2c9e8a12a570d12825eb99d088bd74b8a2,False,False,0.5,"[2,62,42,43]","[62,2,32,25]"
dropout005-r4,16,1,0,16,14,94b5e28fac745823455a38183868d2d18757f68a,23112f2c9e8a12a570d12825eb99d088bd74b8a2,False,False,0.75,"[27,19,59,44]","[19,59,27,61]"
dropout005-r4,16,1,1,16,0,94b5e28fac745823455a38183868d2d18757f68a,23112f2c9e8a12a570d12825eb99d088bd74b8a2,True,False,0.75,"[49,1,27,57]","[49,1,57,4]"
dropout005-r4,16,1,1,16,2,94b5e28fac745823455a38183868d2d18757f68a,23112f2c9e8a12a570d12825eb99d088bd74b8a2,True,False,0.75,"[48,16,29,45]","[48,60,29,16]"
dropout005-r4,16,1,1,16,4,94b5e28fac745823455a38183868d2d18757f68a,23112f2c9e8a12a570d12825eb99d088bd74b8a2,True,False,1.0,"[21,12,63,28]","[21,28,12,63]"
dropout005-r4,16,1,1,16,6,94b5e28fac745823455a38183868d2d18757f68a,23112f2c9e8a12a570d12825eb99d088bd74b8a2,True,False,1.0,"[12,48,50,2]","[12,50,48,2]"
dropout005-r4,16,1,1,16,8,94b5e28fac745823455a38183868d2d18757f68a,23112f2c9e8a12a570d12825eb99d088bd74b8a2,False,False,0.5,"[26,25,49,12]","[12,18,14,26]"
dropout005-r4,16,1,1,16,10,94b5e28fac745823455a38183868d2d18757f68a,23112f2c9e8a12a570d12825eb99d088bd74b8a2,True,True,1.0,"[63,14,52,1]","[63,14,52,1]"
dropout005-r4,16,1,1,16,12,94b5e28fac745823455a38183868d2d18757f68a,23112f2c9e8a12a570d12825eb99d088bd74b8a2,True,False,0.75,"[12,18,52,42]","[12,18,52,35]"
dropout005-r4,16,1,1,16,14,94b5e28fac745823455a38183868d2d18757f68a,23112f2c9e8a12a570d12825eb99d088bd74b8a2,True,False,0.5,"[26,10,52,35]","[26,10,29,43]"
dropout005-r4,16,1,0,16,0,d644ccabbb7508d5d47c7b231c4d3f82ee470f83,8271e9c7f7153b815a28ad2c27f6deb575833cad,True,False,0.75,"[46,52,55,62]","[46,55,52,31]"
dropout005-r4,16,1,0,16,2,d644ccabbb7508d5d47c7b231c4d3f82ee470f83,8271e9c7f7153b815a28ad2c27f6deb575833cad,False,False,1.0,"[46,17,59,1]","[59,1,17,46]"
dropout005-r4,16,1,0,16,4,d644ccabbb7508d5d47c7b231c4d3f82ee470f83,8271e9c7f7153b815a28ad2c27f6deb575833cad,True,False,1.0,"[62,63,35,55]","[62,35,63,55]"
dropout005-r4,16,1,0,16,6,d644ccabbb7508d5d47c7b231c4d3f82ee470f83,8271e9c7f7153b815a28ad2c27f6deb575833cad,True,False,0.75,"[11,39,2,14]","[11,39,2,32]"
dropout005-r4,16,1,0,16,8,d644ccabbb7508d5d47c7b231c4d3f82ee470f83,8271e9c7f7153b815a28ad2c27f6deb575833cad,True,False,0.75,"[36,46,23,27]","[36,46,27,44]"
dropout005-r4,16,1,0,16,10,d644ccabbb7508d5d47c7b231c4d3f82ee470f83,8271e9c7f7153b815a28ad2c27f6deb575833cad,True,False,0.75,"[2,59,51,52]","[2,59,51,22]"
dropout005-r4,16,1,0,16,12,d644ccabbb7508d5d47c7b231c4d3f82ee470f83,8271e9c7f7153b815a28ad2c27f6deb575833cad,True,False,0.75,"[20,46,1,12]","[20,44,1,12]"
dropout005-r4,16,1,0,16,14,d644ccabbb7508d5d47c7b231c4d3f82ee470f83,8271e9c7f7153b815a28ad2c27f6deb575833cad,True,False,0.75,"[57,52,3,20]","[57,52,39,3]"
dropout005-r4,16,1,1,16,0,d644ccabbb7508d5d47c7b231c4d3f82ee470f83,8271e9c7f7153b815a28ad2c27f6deb575833cad,True,False,0.75,"[50,12,52,19]","[50,12,52,41]"
dropout005-r4,16,1,1,16,2,d644ccabbb7508d5d47c7b231c4d3f82ee470f83,8271e9c7f7153b815a28ad2c27f6deb575833cad,True,True,1.0,"[28,63,48,27]","[28,63,48,27]"
dropout005-r4,16,1,1,16,4,d644ccabbb7508d5d47c7b231c4d3f82ee470f83,8271e9c7f7153b815a28ad2c27f6deb575833cad,True,False,0.75,"[27,31,1,23]","[27,33,31,23]"
dropout005-r4,16,1,1,16,6,d644ccabbb7508d5d47c7b231c4d3f82ee470f83,8271e9c7f7153b815a28ad2c27f6deb575833cad,False,False,0.5,"[31,50,57,28]","[50,31,48,9]"
dropout005-r4,16,1,1,16,8,d644ccabbb7508d5d47c7b231c4d3f82ee470f83,8271e9c7f7153b815a28ad2c27f6deb575833cad,True,False,0.75,"[36,42,32,29]","[36,42,10,29]"
dropout005-r4,16,1,1,16,10,d644ccabbb7508d5d47c7b231c4d3f82ee470f83,8271e9c7f7153b815a28ad2c27f6deb575833cad,True,False,0.5,"[18,12,20,48]","[18,12,45,40]"
dropout005-r4,16,1,1,16,12,d644ccabbb7508d5d47c7b231c4d3f82ee470f83,8271e9c7f7153b815a28ad2c27f6deb575833cad,True,False,1.0,"[40,20,35,57]","[40,35,20,57]"
dropout005-r4,16,1,1,16,14,d644ccabbb7508d5d47c7b231c4d3f82ee470f83,8271e9c7f7153b815a28ad2c27f6deb575833cad,False,False,0.75,"[6,38,20,3]","[38,20,6,4]"
dropout005-r4,64,1,0,16,0,2b16372207e3344688f093f9c78460489a485fa6,60c33dc441937d75a986217023e83ee5748a59f5,False,False,0.75,"[8,9,25,21]","[25,37,8,21]"
dropout005-r4,64,1,0,16,2,2b16372207e3344688f093f9c78460489a485fa6,60c33dc441937d75a986217023e83ee5748a59f5,True,False,0.25,"[21,54,45,24]","[21,5,39,8]"
dropout005-r4,64,1,0,16,4,2b16372207e3344688f093f9c78460489a485fa6,60c33dc441937d75a986217023e83ee5748a59f5,True,False,0.75,"[32,18,45,25]","[32,18,25,56]"
dropout005-r4,64,1,0,16,6,2b16372207e3344688f093f9c78460489a485fa6,60c33dc441937d75a986217023e83ee5748a59f5,True,False,0.5,"[52,11,7,2]","[52,5,2,24]"
dropout005-r4,64,1,0,16,8,2b16372207e3344688f093f9c78460489a485fa6,60c33dc441937d75a986217023e83ee5748a59f5,True,True,1.0,"[36,1,59,56]","[36,1,59,56]"
dropout005-r4,64,1,0,16,10,2b16372207e3344688f093f9c78460489a485fa6,60c33dc441937d75a986217023e83ee5748a59f5,True,False,1.0,"[57,51,48,45]","[57,48,51,45]"
dropout005-r4,64,1,0,16,12,2b16372207e3344688f093f9c78460489a485fa6,60c33dc441937d75a986217023e83ee5748a59f5,True,False,0.75,"[21,24,52,59]","[21,59,24,51]"
dropout005-r4,64,1,0,16,14,2b16372207e3344688f093f9c78460489a485fa6,60c33dc441937d75a986217023e83ee5748a59f5,True,False,0.75,"[51,39,31,58]","[51,39,31,21]"
dropout005-r4,64,1,1,16,0,2b16372207e3344688f093f9c78460489a485fa6,60c33dc441937d75a986217023e83ee5748a59f5,True,False,1.0,"[57,4,40,49]","[57,40,4,49]"
dropout005-r4,64,1,1,16,2,2b16372207e3344688f093f9c78460489a485fa6,60c33dc441937d75a986217023e83ee5748a59f5,True,False,0.75,"[16,31,1,59]","[16,53,1,59]"
dropout005-r4,64,1,1,16,4,2b16372207e3344688f093f9c78460489a485fa6,60c33dc441937d75a986217023e83ee5748a59f5,False,False,0.75,"[52,57,10,18]","[57,9,18,52]"
dropout005-r4,64,1,1,16,6,2b16372207e3344688f093f9c78460489a485fa6,60c33dc441937d75a986217023e83ee5748a59f5,True,False,0.75,"[61,22,60,57]","[61,22,57,20]"
dropout005-r4,64,1,1,16,8,2b16372207e3344688f093f9c78460489a485fa6,60c33dc441937d75a986217023e83ee5748a59f5,False,False,0.5,"[14,10,4,33]","[10,56,4,17]"
dropout005-r4,64,1,1,16,10,2b16372207e3344688f093f9c78460489a485fa6,60c33dc441937d75a986217023e83ee5748a59f5,False,False,0.5,"[32,20,18,63]","[18,11,40,32]"
dropout005-r4,64,1,1,16,12,2b16372207e3344688f093f9c78460489a485fa6,60c33dc441937d75a986217023e83ee5748a59f5,True,False,0.75,"[51,1,4,17]","[51,1,17,57]"
dropout005-r4,64,1,1,16,14,2b16372207e3344688f093f9c78460489a485fa6,60c33dc441937d75a986217023e83ee5748a59f5,False,False,0.75,"[57,44,9,40]","[48,57,9,44]"
dropout005-r4,64,1,0,16,0,57d6c25a7898568911088c4c8f3a08f3832ca730,84be71223ef6443c5775b6175b7dc4de57f447fd,False,False,0.75,"[11,24,1,38]","[24,18,11,1]"
dropout005-r4,64,1,0,16,2,57d6c25a7898568911088c4c8f3a08f3832ca730,84be71223ef6443c5775b6175b7dc4de57f447fd,False,False,0.5,"[38,1,40,59]","[1,59,36,34]"
dropout005-r4,64,1,0,16,4,57d6c25a7898568911088c4c8f3a08f3832ca730,84be71223ef6443c5775b6175b7dc4de57f447fd,True,False,0.75,"[34,54,21,47]","[34,54,24,21]"
dropout005-r4,64,1,0,16,6,57d6c25a7898568911088c4c8f3a08f3832ca730,84be71223ef6443c5775b6175b7dc4de57f447fd,True,False,0.75,"[11,47,31,52]","[11,52,47,51]"
dropout005-r4,64,1,0,16,8,57d6c25a7898568911088c4c8f3a08f3832ca730,84be71223ef6443c5775b6175b7dc4de57f447fd,True,False,0.75,"[18,8,52,61]","[18,52,8,59]"
dropout005-r4,64,1,0,16,10,57d6c25a7898568911088c4c8f3a08f3832ca730,84be71223ef6443c5775b6175b7dc4de57f447fd,False,False,0.75,"[58,34,15,57]","[34,58,59,15]"
dropout005-r4,64,1,0,16,12,57d6c25a7898568911088c4c8f3a08f3832ca730,84be71223ef6443c5775b6175b7dc4de57f447fd,True,False,0.5,"[34,15,58,11]","[34,15,24,45]"
dropout005-r4,64,1,0,16,14,57d6c25a7898568911088c4c8f3a08f3832ca730,84be71223ef6443c5775b6175b7dc4de57f447fd,True,False,0.5,"[11,31,52,7]","[11,52,51,18]"
dropout005-r4,64,1,1,16,0,57d6c25a7898568911088c4c8f3a08f3832ca730,84be71223ef6443c5775b6175b7dc4de57f447fd,True,False,0.5,"[48,22,52,61]","[48,47,61,31]"
dropout005-r4,64,1,1,16,2,57d6c25a7898568911088c4c8f3a08f3832ca730,84be71223ef6443c5775b6175b7dc4de57f447fd,True,False,0.25,"[57,52,63,4]","[57,50,12,60]"
dropout005-r4,64,1,1,16,4,57d6c25a7898568911088c4c8f3a08f3832ca730,84be71223ef6443c5775b6175b7dc4de57f447fd,True,False,1.0,"[57,54,12,20]","[57,12,54,20]"
dropout005-r4,64,1,1,16,6,57d6c25a7898568911088c4c8f3a08f3832ca730,84be71223ef6443c5775b6175b7dc4de57f447fd,True,False,0.75,"[57,20,36,4]","[57,18,20,36]"
dropout005-r4,64,1,1,16,8,57d6c25a7898568911088c4c8f3a08f3832ca730,84be71223ef6443c5775b6175b7dc4de57f447fd,True,False,0.75,"[36,4,20,56]","[36,20,18,4]"
dropout005-r4,64,1,1,16,10,57d6c25a7898568911088c4c8f3a08f3832ca730,84be71223ef6443c5775b6175b7dc4de57f447fd,True,True,1.0,"[57,56,40,36]","[57,56,40,36]"
dropout005-r4,64,1,1,16,12,57d6c25a7898568911088c4c8f3a08f3832ca730,84be71223ef6443c5775b6175b7dc4de57f447fd,False,False,0.75,"[36,57,11,20]","[57,36,12,20]"
dropout005-r4,64,1,1,16,14,57d6c25a7898568911088c4c8f3a08f3832ca730,84be71223ef6443c5775b6175b7dc4de57f447fd,True,False,0.75,"[57,31,56,36]","[57,31,56,61]"
dropout005-r4,64,1,0,16,0,94b5e28fac745823455a38183868d2d18757f68a,23112f2c9e8a12a570d12825eb99d088bd74b8a2,False,False,0.75,"[4,56,32,42]","[56,4,32,24]"
dropout005-r4,64,1,0,16,2,94b5e28fac745823455a38183868d2d18757f68a,23112f2c9e8a12a570d12825eb99d088bd74b8a2,False,False,1.0,"[15,51,18,19]","[19,51,18,15]"
dropout005-r4,64,1,0,16,4,94b5e28fac745823455a38183868d2d18757f68a,23112f2c9e8a12a570d12825eb99d088bd74b8a2,True,False,1.0,"[11,30,21,34]","[11,34,30,21]"
dropout005-r4,64,1,0,16,6,94b5e28fac745823455a38183868d2d18757f68a,23112f2c9e8a12a570d12825eb99d088bd74b8a2,True,False,1.0,"[39,33,61,57]","[39,33,57,61]"
dropout005-r4,64,1,0,16,8,94b5e28fac745823455a38183868d2d18757f68a,23112f2c9e8a12a570d12825eb99d088bd74b8a2,True,False,0.5,"[21,23,42,62]","[21,23,32,45]"
dropout005-r4,64,1,0,16,10,94b5e28fac745823455a38183868d2d18757f68a,23112f2c9e8a12a570d12825eb99d088bd74b8a2,False,False,0.5,"[56,31,5,11]","[7,5,25,56]"
dropout005-r4,64,1,0,16,12,94b5e28fac745823455a38183868d2d18757f68a,23112f2c9e8a12a570d12825eb99d088bd74b8a2,True,False,0.5,"[32,62,30,18]","[32,18,52,28]"
dropout005-r4,64,1,0,16,14,94b5e28fac745823455a38183868d2d18757f68a,23112f2c9e8a12a570d12825eb99d088bd74b8a2,True,False,0.25,"[56,15,38,31]","[56,59,19,44]"
dropout005-r4,64,1,1,16,0,94b5e28fac745823455a38183868d2d18757f68a,23112f2c9e8a12a570d12825eb99d088bd74b8a2,True,False,0.75,"[1,57,49,4]","[1,57,49,21]"
dropout005-r4,64,1,1,16,2,94b5e28fac745823455a38183868d2d18757f68a,23112f2c9e8a12a570d12825eb99d088bd74b8a2,False,False,0.75,"[57,60,48,20]","[48,57,60,16]"
dropout005-r4,64,1,1,16,4,94b5e28fac745823455a38183868d2d18757f68a,23112f2c9e8a12a570d12825eb99d088bd74b8a2,True,False,0.75,"[21,57,9,63]","[21,57,12,9]"
dropout005-r4,64,1,1,16,6,94b5e28fac745823455a38183868d2d18757f68a,23112f2c9e8a12a570d12825eb99d088bd74b8a2,True,False,0.75,"[56,52,12,48]","[56,12,50,48]"
dropout005-r4,64,1,1,16,8,94b5e28fac745823455a38183868d2d18757f68a,23112f2c9e8a12a570d12825eb99d088bd74b8a2,False,False,0.5,"[25,56,57,4]","[48,56,18,57]"
dropout005-r4,64,1,1,16,10,94b5e28fac745823455a38183868d2d18757f68a,23112f2c9e8a12a570d12825eb99d088bd74b8a2,True,False,1.0,"[63,52,14,1]","[63,14,1,52]"
dropout005-r4,64,1,1,16,12,94b5e28fac745823455a38183868d2d18757f68a,23112f2c9e8a12a570d12825eb99d088bd74b8a2,True,False,0.75,"[57,12,22,16]","[57,12,18,16]"
dropout005-r4,64,1,1,16,14,94b5e28fac745823455a38183868d2d18757f68a,23112f2c9e8a12a570d12825eb99d088bd74b8a2,False,False,0.75,"[20,1,10,22]","[1,10,20,29]"
dropout005-r4,64,1,0,16,0,d644ccabbb7508d5d47c7b231c4d3f82ee470f83,8271e9c7f7153b815a28ad2c27f6deb575833cad,True,False,0.75,"[52,56,46,31]","[52,46,56,37]"
dropout005-r4,64,1,0,16,2,d644ccabbb7508d5d47c7b231c4d3f82ee470f83,8271e9c7f7153b815a28ad2c27f6deb575833cad,False,False,0.5,"[21,11,59,34]","[59,21,1,52]"
dropout005-r4,64,1,0,16,4,d644ccabbb7508d5d47c7b231c4d3f82ee470f83,8271e9c7f7153b815a28ad2c27f6deb575833cad,False,False,1.0,"[11,18,35,52]","[52,11,18,35]"
dropout005-r4,64,1,0,16,6,d644ccabbb7508d5d47c7b231c4d3f82ee470f83,8271e9c7f7153b815a28ad2c27f6deb575833cad,True,False,0.75,"[11,36,2,59]","[11,32,59,2]"
dropout005-r4,64,1,0,16,8,d644ccabbb7508d5d47c7b231c4d3f82ee470f83,8271e9c7f7153b815a28ad2c27f6deb575833cad,False,False,0.75,"[46,40,36,1]","[59,46,40,36]"
dropout005-r4,64,1,0,16,10,d644ccabbb7508d5d47c7b231c4d3f82ee470f83,8271e9c7f7153b815a28ad2c27f6deb575833cad,True,False,0.75,"[52,2,51,59]","[52,2,59,56]"
dropout005-r4,64,1,0,16,12,d644ccabbb7508d5d47c7b231c4d3f82ee470f83,8271e9c7f7153b815a28ad2c27f6deb575833cad,False,False,0.75,"[11,18,52,25]","[52,18,11,45]"
dropout005-r4,64,1,0,16,14,d644ccabbb7508d5d47c7b231c4d3f82ee470f83,8271e9c7f7153b815a28ad2c27f6deb575833cad,True,False,1.0,"[52,57,39,5]","[52,39,57,5]"
dropout005-r4,64,1,1,16,0,d644ccabbb7508d5d47c7b231c4d3f82ee470f83,8271e9c7f7153b815a28ad2c27f6deb575833cad,True,False,0.75,"[50,4,36,12]","[50,12,57,4]"
dropout005-r4,64,1,1,16,2,d644ccabbb7508d5d47c7b231c4d3f82ee470f83,8271e9c7f7153b815a28ad2c27f6deb575833cad,True,False,0.75,"[57,28,8,63]","[57,28,48,8]"
dropout005-r4,64,1,1,16,4,d644ccabbb7508d5d47c7b231c4d3f82ee470f83,8271e9c7f7153b815a28ad2c27f6deb575833cad,True,False,1.0,"[27,31,1,56]","[27,31,56,1]"
dropout005-r4,64,1,1,16,6,d644ccabbb7508d5d47c7b231c4d3f82ee470f83,8271e9c7f7153b815a28ad2c27f6deb575833cad,False,False,0.75,"[1,31,57,56]","[31,57,56,9]"
dropout005-r4,64,1,1,16,8,d644ccabbb7508d5d47c7b231c4d3f82ee470f83,8271e9c7f7153b815a28ad2c27f6deb575833cad,True,False,0.25,"[36,32,2,42]","[36,10,56,20]"
dropout005-r4,64,1,1,16,10,d644ccabbb7508d5d47c7b231c4d3f82ee470f83,8271e9c7f7153b815a28ad2c27f6deb575833cad,True,False,0.75,"[18,20,48,57]","[18,48,20,40]"
dropout005-r4,64,1,1,16,12,d644ccabbb7508d5d47c7b231c4d3f82ee470f83,8271e9c7f7153b815a28ad2c27f6deb575833cad,True,False,1.0,"[20,57,40,16]","[20,57,16,40]"
dropout005-r4,64,1,1,16,14,d644ccabbb7508d5d47c7b231c4d3f82ee470f83,8271e9c7f7153b815a28ad2c27f6deb575833cad,True,False,1.0,"[20,6,38,3]","[20,38,3,6]"
dropout005-r4,128,1,0,16,0,2b16372207e3344688f093f9c78460489a485fa6,60c33dc441937d75a986217023e83ee5748a59f5,False,False,0.5,"[39,52,5,25]","[18,37,25,52]"
dropout005-r4,128,1,0,16,2,2b16372207e3344688f093f9c78460489a485fa6,60c33dc441937d75a986217023e83ee5748a59f5,True,False,1.0,"[39,5,52,18]","[39,5,18,52]"
dropout005-r4,128,1,0,16,4,2b16372207e3344688f093f9c78460489a485fa6,60c33dc441937d75a986217023e83ee5748a59f5,True,False,0.75,"[39,32,18,25]","[39,18,32,0]"
dropout005-r4,128,1,0,16,6,2b16372207e3344688f093f9c78460489a485fa6,60c33dc441937d75a986217023e83ee5748a59f5,False,False,0.75,"[39,52,0,5]","[52,39,0,11]"
dropout005-r4,128,1,0,16,8,2b16372207e3344688f093f9c78460489a485fa6,60c33dc441937d75a986217023e83ee5748a59f5,False,False,0.25,"[39,52,59,5]","[52,15,36,0]"
dropout005-r4,128,1,0,16,10,2b16372207e3344688f093f9c78460489a485fa6,60c33dc441937d75a986217023e83ee5748a59f5,False,False,0.75,"[39,57,33,51]","[48,39,57,51]"
dropout005-r4,128,1,0,16,12,2b16372207e3344688f093f9c78460489a485fa6,60c33dc441937d75a986217023e83ee5748a59f5,True,False,0.75,"[39,52,59,0]","[39,59,51,52]"
dropout005-r4,128,1,0,16,14,2b16372207e3344688f093f9c78460489a485fa6,60c33dc441937d75a986217023e83ee5748a59f5,True,False,0.75,"[39,50,59,51]","[39,51,59,0]"
dropout005-r4,128,1,1,16,0,2b16372207e3344688f093f9c78460489a485fa6,60c33dc441937d75a986217023e83ee5748a59f5,False,False,0.25,"[50,40,26,63]","[57,18,63,36]"
dropout005-r4,128,1,1,16,2,2b16372207e3344688f093f9c78460489a485fa6,60c33dc441937d75a986217023e83ee5748a59f5,True,False,0.75,"[50,63,29,18]","[50,18,41,29]"
dropout005-r4,128,1,1,16,4,2b16372207e3344688f093f9c78460489a485fa6,60c33dc441937d75a986217023e83ee5748a59f5,True,False,0.75,"[50,63,12,18]","[50,57,63,18]"
dropout005-r4,128,1,1,16,6,2b16372207e3344688f093f9c78460489a485fa6,60c33dc441937d75a986217023e83ee5748a59f5,False,False,0.0,"[22,48,50,12]","[57,21,61,63]"
dropout005-r4,128,1,1,16,8,2b16372207e3344688f093f9c78460489a485fa6,60c33dc441937d75a986217023e83ee5748a59f5,False,False,0.25,"[63,22,26,50]","[18,56,63,57]"
dropout005-r4,128,1,1,16,10,2b16372207e3344688f093f9c78460489a485fa6,60c33dc441937d75a986217023e83ee5748a59f5,True,False,0.75,"[50,63,40,18]","[50,18,11,63]"
dropout005-r4,128,1,1,16,12,2b16372207e3344688f093f9c78460489a485fa6,60c33dc441937d75a986217023e83ee5748a59f5,False,False,0.5,"[50,63,51,12]","[51,63,18,1]"
dropout005-r4,128,1,1,16,14,2b16372207e3344688f093f9c78460489a485fa6,60c33dc441937d75a986217023e83ee5748a59f5,True,False,0.25,"[50,40,48,22]","[50,57,18,36]"
dropout005-r4,128,1,0,16,0,57d6c25a7898568911088c4c8f3a08f3832ca730,84be71223ef6443c5775b6175b7dc4de57f447fd,True,False,0.5,"[39,5,50,18]","[39,18,11,51]"
dropout005-r4,128,1,0,16,2,57d6c25a7898568911088c4c8f3a08f3832ca730,84be71223ef6443c5775b6175b7dc4de57f447fd,False,False,0.25,"[39,59,52,40]","[18,34,15,52]"
dropout005-r4,128,1,0,16,4,57d6c25a7898568911088c4c8f3a08f3832ca730,84be71223ef6443c5775b6175b7dc4de57f447fd,False,False,0.25,"[39,52,59,0]","[34,15,0,8]"
dropout005-r4,128,1,0,16,6,57d6c25a7898568911088c4c8f3a08f3832ca730,84be71223ef6443c5775b6175b7dc4de57f447fd,False,False,0.5,"[39,52,11,59]","[11,47,52,51]"
dropout005-r4,128,1,0,16,8,57d6c25a7898568911088c4c8f3a08f3832ca730,84be71223ef6443c5775b6175b7dc4de57f447fd,False,False,0.5,"[39,52,18,5]","[18,32,52,59]"
dropout005-r4,128,1,0,16,10,57d6c25a7898568911088c4c8f3a08f3832ca730,84be71223ef6443c5775b6175b7dc4de57f447fd,False,False,0.0,"[39,57,59,52]","[34,15,0,18]"
dropout005-r4,128,1,0,16,12,57d6c25a7898568911088c4c8f3a08f3832ca730,84be71223ef6443c5775b6175b7dc4de57f447fd,True,False,0.25,"[39,52,59,0]","[39,15,32,34]"
dropout005-r4,128,1,0,16,14,57d6c25a7898568911088c4c8f3a08f3832ca730,84be71223ef6443c5775b6175b7dc4de57f447fd,True,False,0.75,"[39,11,50,52]","[39,11,52,18]"
dropout005-r4,128,1,1,16,0,57d6c25a7898568911088c4c8f3a08f3832ca730,84be71223ef6443c5775b6175b7dc4de57f447fd,True,False,0.75,"[50,48,63,12]","[50,63,57,12]"
dropout005-r4,128,1,1,16,2,57d6c25a7898568911088c4c8f3a08f3832ca730,84be71223ef6443c5775b6175b7dc4de57f447fd,False,False,0.75,"[50,12,63,26]","[57,63,12,50]"
dropout005-r4,128,1,1,16,4,57d6c25a7898568911088c4c8f3a08f3832ca730,84be71223ef6443c5775b6175b7dc4de57f447fd,False,False,0.5,"[50,12,40,63]","[57,12,50,18]"
dropout005-r4,128,1,1,16,6,57d6c25a7898568911088c4c8f3a08f3832ca730,84be71223ef6443c5775b6175b7dc4de57f447fd,False,False,0.5,"[50,12,63,18]","[57,12,28,18]"
dropout005-r4,128,1,1,16,8,57d6c25a7898568911088c4c8f3a08f3832ca730,84be71223ef6443c5775b6175b7dc4de57f447fd,False,False,0.0,"[50,26,48,40]","[18,36,57,21]"
dropout005-r4,128,1,1,16,10,57d6c25a7898568911088c4c8f3a08f3832ca730,84be71223ef6443c5775b6175b7dc4de57f447fd,False,False,0.5,"[50,40,12,48]","[57,50,18,12]"
dropout005-r4,128,1,1,16,12,57d6c25a7898568911088c4c8f3a08f3832ca730,84be71223ef6443c5775b6175b7dc4de57f447fd,True,False,0.75,"[50,12,63,26]","[50,12,18,63]"
dropout005-r4,128,1,1,16,14,57d6c25a7898568911088c4c8f3a08f3832ca730,84be71223ef6443c5775b6175b7dc4de57f447fd,True,False,0.25,"[57,31,7,51]","[57,50,63,21]"
dropout005-r4,128,1,0,16,0,94b5e28fac745823455a38183868d2d18757f68a,23112f2c9e8a12a570d12825eb99d088bd74b8a2,True,False,0.75,"[39,59,32,52]","[39,59,50,32]"
dropout005-r4,128,1,0,16,2,94b5e28fac745823455a38183868d2d18757f68a,23112f2c9e8a12a570d12825eb99d088bd74b8a2,True,False,0.5,"[39,52,51,57]","[39,51,15,18]"
dropout005-r4,128,1,0,16,4,94b5e28fac745823455a38183868d2d18757f68a,23112f2c9e8a12a570d12825eb99d088bd74b8a2,False,False,0.25,"[39,59,52,5]","[18,11,39,34]"
dropout005-r4,128,1,0,16,6,94b5e28fac745823455a38183868d2d18757f68a,23112f2c9e8a12a570d12825eb99d088bd74b8a2,True,False,0.25,"[39,5,59,57]","[39,33,50,51]"
dropout005-r4,128,1,0,16,8,94b5e28fac745823455a38183868d2d18757f68a,23112f2c9e8a12a570d12825eb99d088bd74b8a2,False,False,0.0,"[21,32,45,11]","[23,35,36,60]"
dropout005-r4,128,1,0,16,10,94b5e28fac745823455a38183868d2d18757f68a,23112f2c9e8a12a570d12825eb99d088bd74b8a2,True,False,0.75,"[39,5,0,25]","[39,0,51,25]"
dropout005-r4,128,1,0,16,12,94b5e28fac745823455a38183868d2d18757f68a,23112f2c9e8a12a570d12825eb99d088bd74b8a2,True,False,0.75,"[32,59,39,52]","[32,18,52,59]"
dropout005-r4,128,1,0,16,14,94b5e28fac745823455a38183868d2d18757f68a,23112f2c9e8a12a570d12825eb99d088bd74b8a2,True,False,1.0,"[39,15,59,52]","[39,59,52,15]"
dropout005-r4,128,1,1,16,0,94b5e28fac745823455a38183868d2d18757f68a,23112f2c9e8a12a570d12825eb99d088bd74b8a2,True,False,0.75,"[50,63,12,57]","[50,18,63,12]"
dropout005-r4,128,1,1,16,2,94b5e28fac745823455a38183868d2d18757f68a,23112f2c9e8a12a570d12825eb99d088bd74b8a2,True,False,0.75,"[50,48,63,12]","[50,63,12,57]"
dropout005-r4,128,1,1,16,4,94b5e28fac745823455a38183868d2d18757f68a,23112f2c9e8a12a570d12825eb99d088bd74b8a2,True,False,0.75,"[50,12,63,48]","[50,63,12,57]"
dropout005-r4,128,1,1,16,6,94b5e28fac745823455a38183868d2d18757f68a,23112f2c9e8a12a570d12825eb99d088bd74b8a2,True,False,0.75,"[50,12,48,63]","[50,12,48,36]"
dropout005-r4,128,1,1,16,8,94b5e28fac745823455a38183868d2d18757f68a,23112f2c9e8a12a570d12825eb99d088bd74b8a2,False,False,0.25,"[26,50,12,48]","[18,50,57,14]"
dropout005-r4,128,1,1,16,10,94b5e28fac745823455a38183868d2d18757f68a,23112f2c9e8a12a570d12825eb99d088bd74b8a2,False,False,0.5,"[63,50,26,22]","[50,63,18,14]"
dropout005-r4,128,1,1,16,12,94b5e28fac745823455a38183868d2d18757f68a,23112f2c9e8a12a570d12825eb99d088bd74b8a2,True,False,0.5,"[50,12,63,40]","[50,18,12,57]"
dropout005-r4,128,1,1,16,14,94b5e28fac745823455a38183868d2d18757f68a,23112f2c9e8a12a570d12825eb99d088bd74b8a2,True,False,0.25,"[50,22,26,48]","[50,63,57,12]"
dropout005-r4,128,1,0,16,0,d644ccabbb7508d5d47c7b231c4d3f82ee470f83,8271e9c7f7153b815a28ad2c27f6deb575833cad,True,False,0.75,"[39,52,57,5]","[39,52,5,0]"
dropout005-r4,128,1,0,16,2,d644ccabbb7508d5d47c7b231c4d3f82ee470f83,8271e9c7f7153b815a28ad2c27f6deb575833cad,True,False,0.75,"[39,52,21,59]","[39,18,59,52]"
dropout005-r4,128,1,0,16,4,d644ccabbb7508d5d47c7b231c4d3f82ee470f83,8271e9c7f7153b815a28ad2c27f6deb575833cad,False,False,0.75,"[52,11,18,39]","[39,52,11,51]"
dropout005-r4,128,1,0,16,6,d644ccabbb7508d5d47c7b231c4d3f82ee470f83,8271e9c7f7153b815a28ad2c27f6deb575833cad,True,False,0.75,"[39,59,52,32]","[39,59,32,11]"
dropout005-r4,128,1,0,16,8,d644ccabbb7508d5d47c7b231c4d3f82ee470f83,8271e9c7f7153b815a28ad2c27f6deb575833cad,False,False,0.25,"[36,59,40,46]","[39,59,32,0]"
dropout005-r4,128,1,0,16,10,d644ccabbb7508d5d47c7b231c4d3f82ee470f83,8271e9c7f7153b815a28ad2c27f6deb575833cad,False,False,0.5,"[39,52,59,57]","[59,2,52,51]"
dropout005-r4,128,1,0,16,12,d644ccabbb7508d5d47c7b231c4d3f82ee470f83,8271e9c7f7153b815a28ad2c27f6deb575833cad,False,False,0.5,"[39,52,18,5]","[18,11,52,15]"
dropout005-r4,128,1,0,16,14,d644ccabbb7508d5d47c7b231c4d3f82ee470f83,8271e9c7f7153b815a28ad2c27f6deb575833cad,True,True,1.0,"[39,5,52,0]","[39,5,52,0]"
dropout005-r4,128,1,1,16,0,d644ccabbb7508d5d47c7b231c4d3f82ee470f83,8271e9c7f7153b815a28ad2c27f6deb575833cad,True,False,0.75,"[50,12,63,26]","[50,12,63,18]"
dropout005-r4,128,1,1,16,2,d644ccabbb7508d5d47c7b231c4d3f82ee470f83,8271e9c7f7153b815a28ad2c27f6deb575833cad,False,False,0.25,"[55,62,28,57]","[50,57,63,12]"
dropout005-r4,128,1,1,16,4,d644ccabbb7508d5d47c7b231c4d3f82ee470f83,8271e9c7f7153b815a28ad2c27f6deb575833cad,False,False,0.25,"[27,31,39,63]","[50,21,56,31]"
dropout005-r4,128,1,1,16,6,d644ccabbb7508d5d47c7b231c4d3f82ee470f83,8271e9c7f7153b815a28ad2c27f6deb575833cad,False,False,0.0,"[50,63,40,26]","[57,31,12,21]"
dropout005-r4,128,1,1,16,8,d644ccabbb7508d5d47c7b231c4d3f82ee470f83,8271e9c7f7153b815a28ad2c27f6deb575833cad,True,False,0.25,"[50,2,36,56]","[50,12,63,10]"
dropout005-r4,128,1,1,16,10,d644ccabbb7508d5d47c7b231c4d3f82ee470f83,8271e9c7f7153b815a28ad2c27f6deb575833cad,False,False,0.5,"[50,48,12,63]","[18,12,50,57]"
dropout005-r4,128,1,1,16,12,d644ccabbb7508d5d47c7b231c4d3f82ee470f83,8271e9c7f7153b815a28ad2c27f6deb575833cad,True,False,0.5,"[50,40,48,12]","[50,12,63,57]"
dropout005-r4,128,1,1,16,14,d644ccabbb7508d5d47c7b231c4d3f82ee470f83,8271e9c7f7153b815a28ad2c27f6deb575833cad,True,False,0.25,"[50,38,6,22]","[50,18,20,45]"
dropout005-r4,256,1,0,16,0,2b16372207e3344688f093f9c78460489a485fa6,60c33dc441937d75a986217023e83ee5748a59f5,False,False,0.25,"[39,5,50,19]","[32,39,0,18]"
dropout005-r4,256,1,0,16,2,2b16372207e3344688f093f9c78460489a485fa6,60c33dc441937d75a986217023e83ee5748a59f5,False,False,0.5,"[39,5,33,50]","[32,39,0,5]"
dropout005-r4,256,1,0,16,4,2b16372207e3344688f093f9c78460489a485fa6,60c33dc441937d75a986217023e83ee5748a59f5,False,False,0.25,"[39,5,33,50]","[32,39,0,18]"
dropout005-r4,256,1,0,16,6,2b16372207e3344688f093f9c78460489a485fa6,60c33dc441937d75a986217023e83ee5748a59f5,False,False,0.5,"[39,5,50,33]","[32,39,0,5]"
dropout005-r4,256,1,0,16,8,2b16372207e3344688f093f9c78460489a485fa6,60c33dc441937d75a986217023e83ee5748a59f5,False,False,0.5,"[39,5,50,59]","[32,39,0,5]"
dropout005-r4,256,1,0,16,10,2b16372207e3344688f093f9c78460489a485fa6,60c33dc441937d75a986217023e83ee5748a59f5,False,False,0.25,"[39,33,5,50]","[32,39,0,25]"
dropout005-r4,256,1,0,16,12,2b16372207e3344688f093f9c78460489a485fa6,60c33dc441937d75a986217023e83ee5748a59f5,False,False,0.5,"[39,5,59,33]","[32,39,0,5]"
dropout005-r4,256,1,0,16,14,2b16372207e3344688f093f9c78460489a485fa6,60c33dc441937d75a986217023e83ee5748a59f5,False,False,0.25,"[39,5,50,33]","[32,39,0,59]"
dropout005-r4,256,1,1,16,0,2b16372207e3344688f093f9c78460489a485fa6,60c33dc441937d75a986217023e83ee5748a59f5,False,False,0.75,"[50,12,63,40]","[12,50,26,63]"
dropout005-r4,256,1,1,16,2,2b16372207e3344688f093f9c78460489a485fa6,60c33dc441937d75a986217023e83ee5748a59f5,False,False,0.75,"[50,63,48,12]","[12,50,26,63]"
dropout005-r4,256,1,1,16,4,2b16372207e3344688f093f9c78460489a485fa6,60c33dc441937d75a986217023e83ee5748a59f5,False,False,0.75,"[50,12,63,48]","[12,50,26,63]"
dropout005-r4,256,1,1,16,6,2b16372207e3344688f093f9c78460489a485fa6,60c33dc441937d75a986217023e83ee5748a59f5,False,False,0.75,"[50,48,12,63]","[12,50,26,63]"
dropout005-r4,256,1,1,16,8,2b16372207e3344688f093f9c78460489a485fa6,60c33dc441937d75a986217023e83ee5748a59f5,False,False,0.75,"[50,63,48,12]","[12,50,26,63]"
dropout005-r4,256,1,1,16,10,2b16372207e3344688f093f9c78460489a485fa6,60c33dc441937d75a986217023e83ee5748a59f5,False,False,0.75,"[50,63,12,48]","[12,50,63,26]"
dropout005-r4,256,1,1,16,12,2b16372207e3344688f093f9c78460489a485fa6,60c33dc441937d75a986217023e83ee5748a59f5,False,False,0.75,"[50,63,12,48]","[12,50,63,26]"
dropout005-r4,256,1,1,16,14,2b16372207e3344688f093f9c78460489a485fa6,60c33dc441937d75a986217023e83ee5748a59f5,False,False,0.75,"[50,48,12,63]","[12,50,26,63]"
dropout005-r4,256,1,0,16,0,57d6c25a7898568911088c4c8f3a08f3832ca730,84be71223ef6443c5775b6175b7dc4de57f447fd,False,False,0.5,"[39,5,50,19]","[32,39,5,0]"
dropout005-r4,256,1,0,16,2,57d6c25a7898568911088c4c8f3a08f3832ca730,84be71223ef6443c5775b6175b7dc4de57f447fd,False,False,0.5,"[39,5,59,32]","[32,39,0,18]"
dropout005-r4,256,1,0,16,4,57d6c25a7898568911088c4c8f3a08f3832ca730,84be71223ef6443c5775b6175b7dc4de57f447fd,False,False,0.75,"[39,5,50,0]","[32,39,0,5]"
dropout005-r4,256,1,0,16,6,57d6c25a7898568911088c4c8f3a08f3832ca730,84be71223ef6443c5775b6175b7dc4de57f447fd,False,False,0.5,"[39,5,33,52]","[32,39,0,5]"
dropout005-r4,256,1,0,16,8,57d6c25a7898568911088c4c8f3a08f3832ca730,84be71223ef6443c5775b6175b7dc4de57f447fd,False,False,0.5,"[39,5,33,59]","[32,39,5,0]"
dropout005-r4,256,1,0,16,10,57d6c25a7898568911088c4c8f3a08f3832ca730,84be71223ef6443c5775b6175b7dc4de57f447fd,False,False,0.5,"[39,5,50,59]","[32,39,0,59]"
dropout005-r4,256,1,0,16,12,57d6c25a7898568911088c4c8f3a08f3832ca730,84be71223ef6443c5775b6175b7dc4de57f447fd,False,False,0.5,"[39,5,50,59]","[32,39,0,5]"
dropout005-r4,256,1,0,16,14,57d6c25a7898568911088c4c8f3a08f3832ca730,84be71223ef6443c5775b6175b7dc4de57f447fd,False,False,0.25,"[39,5,50,33]","[32,39,0,18]"
dropout005-r4,256,1,1,16,0,57d6c25a7898568911088c4c8f3a08f3832ca730,84be71223ef6443c5775b6175b7dc4de57f447fd,False,False,0.75,"[50,48,12,63]","[12,50,26,63]"
dropout005-r4,256,1,1,16,2,57d6c25a7898568911088c4c8f3a08f3832ca730,84be71223ef6443c5775b6175b7dc4de57f447fd,False,False,0.75,"[50,12,63,48]","[12,50,63,26]"
dropout005-r4,256,1,1,16,4,57d6c25a7898568911088c4c8f3a08f3832ca730,84be71223ef6443c5775b6175b7dc4de57f447fd,False,False,0.75,"[50,12,48,63]","[12,50,26,63]"
dropout005-r4,256,1,1,16,6,57d6c25a7898568911088c4c8f3a08f3832ca730,84be71223ef6443c5775b6175b7dc4de57f447fd,False,False,0.75,"[50,12,63,48]","[12,50,26,63]"
dropout005-r4,256,1,1,16,8,57d6c25a7898568911088c4c8f3a08f3832ca730,84be71223ef6443c5775b6175b7dc4de57f447fd,False,False,0.75,"[50,12,48,26]","[12,50,26,63]"
dropout005-r4,256,1,1,16,10,57d6c25a7898568911088c4c8f3a08f3832ca730,84be71223ef6443c5775b6175b7dc4de57f447fd,False,False,0.75,"[50,12,48,63]","[12,50,26,63]"
dropout005-r4,256,1,1,16,12,57d6c25a7898568911088c4c8f3a08f3832ca730,84be71223ef6443c5775b6175b7dc4de57f447fd,False,False,0.75,"[50,12,48,63]","[12,50,26,63]"
dropout005-r4,256,1,1,16,14,57d6c25a7898568911088c4c8f3a08f3832ca730,84be71223ef6443c5775b6175b7dc4de57f447fd,False,False,0.75,"[50,63,48,12]","[12,50,63,26]"
dropout005-r4,256,1,0,16,0,94b5e28fac745823455a38183868d2d18757f68a,23112f2c9e8a12a570d12825eb99d088bd74b8a2,False,False,0.25,"[39,5,50,59]","[32,39,0,18]"
dropout005-r4,256,1,0,16,2,94b5e28fac745823455a38183868d2d18757f68a,23112f2c9e8a12a570d12825eb99d088bd74b8a2,False,False,0.25,"[39,5,19,50]","[32,39,0,18]"
dropout005-r4,256,1,0,16,4,94b5e28fac745823455a38183868d2d18757f68a,23112f2c9e8a12a570d12825eb99d088bd74b8a2,False,False,0.25,"[39,5,50,59]","[32,39,0,18]"
dropout005-r4,256,1,0,16,6,94b5e28fac745823455a38183868d2d18757f68a,23112f2c9e8a12a570d12825eb99d088bd74b8a2,False,False,0.5,"[39,5,50,33]","[32,39,0,5]"
dropout005-r4,256,1,0,16,8,94b5e28fac745823455a38183868d2d18757f68a,23112f2c9e8a12a570d12825eb99d088bd74b8a2,False,False,0.25,"[39,5,50,33]","[32,39,0,18]"
dropout005-r4,256,1,0,16,10,94b5e28fac745823455a38183868d2d18757f68a,23112f2c9e8a12a570d12825eb99d088bd74b8a2,False,False,0.5,"[39,5,33,50]","[32,39,0,5]"
dropout005-r4,256,1,0,16,12,94b5e28fac745823455a38183868d2d18757f68a,23112f2c9e8a12a570d12825eb99d088bd74b8a2,False,False,0.25,"[39,5,59,33]","[32,39,18,0]"
dropout005-r4,256,1,0,16,14,94b5e28fac745823455a38183868d2d18757f68a,23112f2c9e8a12a570d12825eb99d088bd74b8a2,False,False,0.75,"[39,5,32,59]","[32,39,0,5]"
dropout005-r4,256,1,1,16,0,94b5e28fac745823455a38183868d2d18757f68a,23112f2c9e8a12a570d12825eb99d088bd74b8a2,False,False,0.75,"[50,12,63,48]","[12,50,63,26]"
dropout005-r4,256,1,1,16,2,94b5e28fac745823455a38183868d2d18757f68a,23112f2c9e8a12a570d12825eb99d088bd74b8a2,False,False,0.75,"[50,48,12,63]","[12,50,63,26]"
dropout005-r4,256,1,1,16,4,94b5e28fac745823455a38183868d2d18757f68a,23112f2c9e8a12a570d12825eb99d088bd74b8a2,False,False,0.75,"[50,12,48,63]","[12,50,26,63]"
dropout005-r4,256,1,1,16,6,94b5e28fac745823455a38183868d2d18757f68a,23112f2c9e8a12a570d12825eb99d088bd74b8a2,False,False,0.75,"[50,12,48,63]","[12,50,26,63]"
dropout005-r4,256,1,1,16,8,94b5e28fac745823455a38183868d2d18757f68a,23112f2c9e8a12a570d12825eb99d088bd74b8a2,False,False,0.75,"[50,12,48,63]","[12,50,26,63]"
dropout005-r4,256,1,1,16,10,94b5e28fac745823455a38183868d2d18757f68a,23112f2c9e8a12a570d12825eb99d088bd74b8a2,True,False,0.75,"[50,63,48,12]","[50,12,63,26]"
dropout005-r4,256,1,1,16,12,94b5e28fac745823455a38183868d2d18757f68a,23112f2c9e8a12a570d12825eb99d088bd74b8a2,False,False,0.75,"[50,12,48,63]","[12,50,26,63]"
dropout005-r4,256,1,1,16,14,94b5e28fac745823455a38183868d2d18757f68a,23112f2c9e8a12a570d12825eb99d088bd74b8a2,False,False,0.75,"[50,48,12,63]","[12,50,63,26]"
dropout005-r4,256,1,0,16,0,d644ccabbb7508d5d47c7b231c4d3f82ee470f83,8271e9c7f7153b815a28ad2c27f6deb575833cad,False,False,0.5,"[39,5,50,52]","[32,39,0,5]"
dropout005-r4,256,1,0,16,2,d644ccabbb7508d5d47c7b231c4d3f82ee470f83,8271e9c7f7153b815a28ad2c27f6deb575833cad,False,False,0.25,"[39,5,59,19]","[32,39,0,18]"
dropout005-r4,256,1,0,16,4,d644ccabbb7508d5d47c7b231c4d3f82ee470f83,8271e9c7f7153b815a28ad2c27f6deb575833cad,False,False,1.0,"[39,5,32,0]","[32,39,0,5]"
dropout005-r4,256,1,0,16,6,d644ccabbb7508d5d47c7b231c4d3f82ee470f83,8271e9c7f7153b815a28ad2c27f6deb575833cad,False,False,0.5,"[39,5,33,32]","[32,39,59,0]"
dropout005-r4,256,1,0,16,8,d644ccabbb7508d5d47c7b231c4d3f82ee470f83,8271e9c7f7153b815a28ad2c27f6deb575833cad,False,False,0.75,"[39,5,33,32]","[32,39,0,5]"
dropout005-r4,256,1,0,16,10,d644ccabbb7508d5d47c7b231c4d3f82ee470f83,8271e9c7f7153b815a28ad2c27f6deb575833cad,False,False,0.5,"[39,5,59,32]","[32,39,18,0]"
dropout005-r4,256,1,0,16,12,d644ccabbb7508d5d47c7b231c4d3f82ee470f83,8271e9c7f7153b815a28ad2c27f6deb575833cad,False,False,0.25,"[39,5,52,59]","[32,39,18,0]"
dropout005-r4,256,1,0,16,14,d644ccabbb7508d5d47c7b231c4d3f82ee470f83,8271e9c7f7153b815a28ad2c27f6deb575833cad,False,False,0.5,"[39,5,52,50]","[32,39,0,5]"
dropout005-r4,256,1,1,16,0,d644ccabbb7508d5d47c7b231c4d3f82ee470f83,8271e9c7f7153b815a28ad2c27f6deb575833cad,False,False,0.75,"[50,12,48,63]","[12,50,63,26]"
dropout005-r4,256,1,1,16,2,d644ccabbb7508d5d47c7b231c4d3f82ee470f83,8271e9c7f7153b815a28ad2c27f6deb575833cad,True,False,0.75,"[50,12,48,63]","[50,12,63,26]"
dropout005-r4,256,1,1,16,4,d644ccabbb7508d5d47c7b231c4d3f82ee470f83,8271e9c7f7153b815a28ad2c27f6deb575833cad,False,False,0.5,"[50,63,48,20]","[12,50,26,63]"
dropout005-r4,256,1,1,16,6,d644ccabbb7508d5d47c7b231c4d3f82ee470f83,8271e9c7f7153b815a28ad2c27f6deb575833cad,False,False,0.75,"[50,12,48,63]","[12,50,26,63]"
dropout005-r4,256,1,1,16,8,d644ccabbb7508d5d47c7b231c4d3f82ee470f83,8271e9c7f7153b815a28ad2c27f6deb575833cad,False,False,0.5,"[50,12,48,40]","[12,50,63,26]"
dropout005-r4,256,1,1,16,10,d644ccabbb7508d5d47c7b231c4d3f82ee470f83,8271e9c7f7153b815a28ad2c27f6deb575833cad,False,False,0.75,"[50,48,12,63]","[12,50,26,63]"
dropout005-r4,256,1,1,16,12,d644ccabbb7508d5d47c7b231c4d3f82ee470f83,8271e9c7f7153b815a28ad2c27f6deb575833cad,False,False,0.75,"[50,12,48,63]","[12,50,26,63]"
dropout005-r4,256,1,1,16,14,d644ccabbb7508d5d47c7b231c4d3f82ee470f83,8271e9c7f7153b815a28ad2c27f6deb575833cad,False,False,0.5,"[50,12,48,63]","[12,50,26,18]"
dropout005-r4,384,1,0,16,0,2b16372207e3344688f093f9c78460489a485fa6,60c33dc441937d75a986217023e83ee5748a59f5,False,False,0.25,"[0,59,19,32]","[39,32,50,61]"
dropout005-r4,384,1,0,16,2,2b16372207e3344688f093f9c78460489a485fa6,60c33dc441937d75a986217023e83ee5748a59f5,False,False,0.5,"[32,59,5,1]","[39,32,5,0]"
dropout005-r4,384,1,0,16,4,2b16372207e3344688f093f9c78460489a485fa6,60c33dc441937d75a986217023e83ee5748a59f5,False,False,0.25,"[33,50,39,19]","[39,0,31,57]"
dropout005-r4,384,1,0,16,6,2b16372207e3344688f093f9c78460489a485fa6,60c33dc441937d75a986217023e83ee5748a59f5,False,False,0.0,"[29,3,50,10]","[39,0,44,51]"
dropout005-r4,384,1,0,16,8,2b16372207e3344688f093f9c78460489a485fa6,60c33dc441937d75a986217023e83ee5748a59f5,False,False,0.5,"[59,19,39,26]","[39,19,32,61]"
dropout005-r4,384,1,0,16,10,2b16372207e3344688f093f9c78460489a485fa6,60c33dc441937d75a986217023e83ee5748a59f5,False,False,0.25,"[50,33,29,39]","[39,0,57,19]"
dropout005-r4,384,1,0,16,12,2b16372207e3344688f093f9c78460489a485fa6,60c33dc441937d75a986217023e83ee5748a59f5,True,False,0.75,"[39,0,44,51]","[39,0,44,2]"
dropout005-r4,384,1,0,16,14,2b16372207e3344688f093f9c78460489a485fa6,60c33dc441937d75a986217023e83ee5748a59f5,False,False,0.25,"[0,59,47,5]","[39,0,57,19]"
dropout005-r4,384,1,1,16,0,2b16372207e3344688f093f9c78460489a485fa6,60c33dc441937d75a986217023e83ee5748a59f5,True,False,0.5,"[50,48,12,40]","[50,63,26,12]"
dropout005-r4,384,1,1,16,2,2b16372207e3344688f093f9c78460489a485fa6,60c33dc441937d75a986217023e83ee5748a59f5,False,False,0.0,"[50,48,12,18]","[28,17,35,27]"
dropout005-r4,384,1,1,16,4,2b16372207e3344688f093f9c78460489a485fa6,60c33dc441937d75a986217023e83ee5748a59f5,False,False,0.25,"[50,48,12,18]","[24,50,14,40]"
dropout005-r4,384,1,1,16,6,2b16372207e3344688f093f9c78460489a485fa6,60c33dc441937d75a986217023e83ee5748a59f5,False,False,0.0,"[50,48,12,22]","[44,40,24,36]"
dropout005-r4,384,1,1,16,8,2b16372207e3344688f093f9c78460489a485fa6,60c33dc441937d75a986217023e83ee5748a59f5,False,False,0.5,"[50,48,12,18]","[63,48,26,12]"
dropout005-r4,384,1,1,16,10,2b16372207e3344688f093f9c78460489a485fa6,60c33dc441937d75a986217023e83ee5748a59f5,False,False,0.25,"[50,12,48,63]","[14,48,37,40]"
dropout005-r4,384,1,1,16,12,2b16372207e3344688f093f9c78460489a485fa6,60c33dc441937d75a986217023e83ee5748a59f5,False,False,0.25,"[50,12,48,63]","[24,50,14,36]"
dropout005-r4,384,1,1,16,14,2b16372207e3344688f093f9c78460489a485fa6,60c33dc441937d75a986217023e83ee5748a59f5,False,False,0.25,"[50,48,12,40]","[44,37,14,40]"
dropout005-r4,384,1,0,16,0,57d6c25a7898568911088c4c8f3a08f3832ca730,84be71223ef6443c5775b6175b7dc4de57f447fd,False,False,0.5,"[19,39,5,59]","[39,0,31,5]"
dropout005-r4,384,1,0,16,2,57d6c25a7898568911088c4c8f3a08f3832ca730,84be71223ef6443c5775b6175b7dc4de57f447fd,False,False,0.75,"[0,19,39,32]","[39,32,0,5]"
dropout005-r4,384,1,0,16,4,57d6c25a7898568911088c4c8f3a08f3832ca730,84be71223ef6443c5775b6175b7dc4de57f447fd,False,False,0.25,"[59,0,23,36]","[39,32,59,50]"
dropout005-r4,384,1,0,16,6,57d6c25a7898568911088c4c8f3a08f3832ca730,84be71223ef6443c5775b6175b7dc4de57f447fd,True,False,0.25,"[39,50,44,49]","[39,0,32,19]"
dropout005-r4,384,1,0,16,8,57d6c25a7898568911088c4c8f3a08f3832ca730,84be71223ef6443c5775b6175b7dc4de57f447fd,False,False,0.25,"[32,25,18,59]","[39,32,0,51]"
dropout005-r4,384,1,0,16,10,57d6c25a7898568911088c4c8f3a08f3832ca730,84be71223ef6443c5775b6175b7dc4de57f447fd,False,False,0.25,"[0,19,59,15]","[39,0,32,5]"
dropout005-r4,384,1,0,16,12,57d6c25a7898568911088c4c8f3a08f3832ca730,84be71223ef6443c5775b6175b7dc4de57f447fd,False,False,0.25,"[5,41,33,39]","[39,32,50,59]"
dropout005-r4,384,1,0,16,14,57d6c25a7898568911088c4c8f3a08f3832ca730,84be71223ef6443c5775b6175b7dc4de57f447fd,False,False,0.5,"[0,59,32,5]","[39,0,57,5]"
dropout005-r4,384,1,1,16,0,57d6c25a7898568911088c4c8f3a08f3832ca730,84be71223ef6443c5775b6175b7dc4de57f447fd,False,False,0.25,"[50,48,12,40]","[24,50,16,14]"
dropout005-r4,384,1,1,16,2,57d6c25a7898568911088c4c8f3a08f3832ca730,84be71223ef6443c5775b6175b7dc4de57f447fd,False,False,0.0,"[50,48,12,40]","[36,6,25,7]"
dropout005-r4,384,1,1,16,4,57d6c25a7898568911088c4c8f3a08f3832ca730,84be71223ef6443c5775b6175b7dc4de57f447fd,True,False,0.5,"[50,48,12,40]","[50,12,26,63]"
dropout005-r4,384,1,1,16,6,57d6c25a7898568911088c4c8f3a08f3832ca730,84be71223ef6443c5775b6175b7dc4de57f447fd,False,False,0.25,"[50,12,48,63]","[12,40,14,24]"
dropout005-r4,384,1,1,16,8,57d6c25a7898568911088c4c8f3a08f3832ca730,84be71223ef6443c5775b6175b7dc4de57f447fd,True,False,0.25,"[50,48,12,40]","[50,57,6,36]"
dropout005-r4,384,1,1,16,10,57d6c25a7898568911088c4c8f3a08f3832ca730,84be71223ef6443c5775b6175b7dc4de57f447fd,False,False,0.25,"[50,48,12,40]","[24,40,14,44]"
dropout005-r4,384,1,1,16,12,57d6c25a7898568911088c4c8f3a08f3832ca730,84be71223ef6443c5775b6175b7dc4de57f447fd,False,False,0.75,"[50,48,12,63]","[63,50,26,12]"
dropout005-r4,384,1,1,16,14,57d6c25a7898568911088c4c8f3a08f3832ca730,84be71223ef6443c5775b6175b7dc4de57f447fd,False,False,0.0,"[50,48,12,18]","[40,14,37,16]"
dropout005-r4,384,1,0,16,0,94b5e28fac745823455a38183868d2d18757f68a,23112f2c9e8a12a570d12825eb99d088bd74b8a2,False,False,0.0,"[61,56,26,41]","[39,32,19,59]"
dropout005-r4,384,1,0,16,2,94b5e28fac745823455a38183868d2d18757f68a,23112f2c9e8a12a570d12825eb99d088bd74b8a2,False,False,0.25,"[29,39,50,57]","[39,0,32,19]"
dropout005-r4,384,1,0,16,4,94b5e28fac745823455a38183868d2d18757f68a,23112f2c9e8a12a570d12825eb99d088bd74b8a2,True,False,0.25,"[39,33,50,61]","[39,0,19,57]"
dropout005-r4,384,1,0,16,6,94b5e28fac745823455a38183868d2d18757f68a,23112f2c9e8a12a570d12825eb99d088bd74b8a2,False,False,0.25,"[33,1,5,41]","[39,0,5,32]"
dropout005-r4,384,1,0,16,8,94b5e28fac745823455a38183868d2d18757f68a,23112f2c9e8a12a570d12825eb99d088bd74b8a2,False,False,0.0,"[5,59,23,41]","[39,50,33,18]"
dropout005-r4,384,1,0,16,10,94b5e28fac745823455a38183868d2d18757f68a,23112f2c9e8a12a570d12825eb99d088bd74b8a2,False,False,0.0,"[25,26,1,11]","[39,32,0,59]"
dropout005-r4,384,1,0,16,12,94b5e28fac745823455a38183868d2d18757f68a,23112f2c9e8a12a570d12825eb99d088bd74b8a2,True,False,0.5,"[39,33,19,50]","[39,19,32,52]"
dropout005-r4,384,1,0,16,14,94b5e28fac745823455a38183868d2d18757f68a,23112f2c9e8a12a570d12825eb99d088bd74b8a2,False,False,0.5,"[19,0,52,39]","[39,32,59,19]"
dropout005-r4,384,1,1,16,0,94b5e28fac745823455a38183868d2d18757f68a,23112f2c9e8a12a570d12825eb99d088bd74b8a2,False,False,0.25,"[50,48,12,18]","[12,63,26,41]"
dropout005-r4,384,1,1,16,2,94b5e28fac745823455a38183868d2d18757f68a,23112f2c9e8a12a570d12825eb99d088bd74b8a2,False,False,0.0,"[50,48,12,63]","[24,14,16,40]"
dropout005-r4,384,1,1,16,4,94b5e28fac745823455a38183868d2d18757f68a,23112f2c9e8a12a570d12825eb99d088bd74b8a2,False,False,0.0,"[50,12,48,63]","[14,24,40,16]"
dropout005-r4,384,1,1,16,6,94b5e28fac745823455a38183868d2d18757f68a,23112f2c9e8a12a570d12825eb99d088bd74b8a2,False,False,0.25,"[50,48,12,40]","[24,50,16,14]"
dropout005-r4,384,1,1,16,8,94b5e28fac745823455a38183868d2d18757f68a,23112f2c9e8a12a570d12825eb99d088bd74b8a2,False,False,0.5,"[50,48,12,18]","[12,50,41,63]"
dropout005-r4,384,1,1,16,10,94b5e28fac745823455a38183868d2d18757f68a,23112f2c9e8a12a570d12825eb99d088bd74b8a2,True,False,0.75,"[50,48,12,18]","[50,12,24,18]"
dropout005-r4,384,1,1,16,12,94b5e28fac745823455a38183868d2d18757f68a,23112f2c9e8a12a570d12825eb99d088bd74b8a2,False,False,0.25,"[50,12,48,63]","[14,12,16,37]"
dropout005-r4,384,1,1,16,14,94b5e28fac745823455a38183868d2d18757f68a,23112f2c9e8a12a570d12825eb99d088bd74b8a2,False,False,0.5,"[50,48,12,63]","[12,50,18,14]"
dropout005-r4,384,1,0,16,0,d644ccabbb7508d5d47c7b231c4d3f82ee470f83,8271e9c7f7153b815a28ad2c27f6deb575833cad,False,False,0.5,"[32,25,5,41]","[39,32,5,19]"
dropout005-r4,384,1,0,16,2,d644ccabbb7508d5d47c7b231c4d3f82ee470f83,8271e9c7f7153b815a28ad2c27f6deb575833cad,True,False,0.25,"[39,19,29,45]","[39,32,2,36]"
dropout005-r4,384,1,0,16,4,d644ccabbb7508d5d47c7b231c4d3f82ee470f83,8271e9c7f7153b815a28ad2c27f6deb575833cad,True,False,0.25,"[39,50,33,49]","[39,0,5,57]"
dropout005-r4,384,1,0,16,6,d644ccabbb7508d5d47c7b231c4d3f82ee470f83,8271e9c7f7153b815a28ad2c27f6deb575833cad,False,False,0.5,"[59,33,32,39]","[39,32,19,5]"
dropout005-r4,384,1,0,16,8,d644ccabbb7508d5d47c7b231c4d3f82ee470f83,8271e9c7f7153b815a28ad2c27f6deb575833cad,False,False,0.5,"[0,31,15,39]","[39,0,36,44]"
dropout005-r4,384,1,0,16,10,d644ccabbb7508d5d47c7b231c4d3f82ee470f83,8271e9c7f7153b815a28ad2c27f6deb575833cad,True,False,0.5,"[39,32,19,21]","[39,32,59,5]"
dropout005-r4,384,1,0,16,12,d644ccabbb7508d5d47c7b231c4d3f82ee470f83,8271e9c7f7153b815a28ad2c27f6deb575833cad,False,False,0.5,"[52,39,19,5]","[39,0,57,5]"
dropout005-r4,384,1,0,16,14,d644ccabbb7508d5d47c7b231c4d3f82ee470f83,8271e9c7f7153b815a28ad2c27f6deb575833cad,False,False,0.0,"[50,3,29,48]","[39,32,19,5]"
dropout005-r4,384,1,1,16,0,d644ccabbb7508d5d47c7b231c4d3f82ee470f83,8271e9c7f7153b815a28ad2c27f6deb575833cad,False,False,1.0,"[50,48,12,40]","[12,48,40,50]"
dropout005-r4,384,1,1,16,2,d644ccabbb7508d5d47c7b231c4d3f82ee470f83,8271e9c7f7153b815a28ad2c27f6deb575833cad,True,False,0.5,"[50,12,48,63]","[50,24,12,14]"
dropout005-r4,384,1,1,16,4,d644ccabbb7508d5d47c7b231c4d3f82ee470f83,8271e9c7f7153b815a28ad2c27f6deb575833cad,False,False,0.0,"[50,12,48,63]","[40,16,37,24]"
dropout005-r4,384,1,1,16,6,d644ccabbb7508d5d47c7b231c4d3f82ee470f83,8271e9c7f7153b815a28ad2c27f6deb575833cad,False,False,0.5,"[50,48,12,63]","[12,48,14,40]"
dropout005-r4,384,1,1,16,8,d644ccabbb7508d5d47c7b231c4d3f82ee470f83,8271e9c7f7153b815a28ad2c27f6deb575833cad,True,False,0.25,"[50,48,12,40]","[50,24,36,16]"
dropout005-r4,384,1,1,16,10,d644ccabbb7508d5d47c7b231c4d3f82ee470f83,8271e9c7f7153b815a28ad2c27f6deb575833cad,False,False,0.25,"[50,48,12,63]","[57,63,26,28]"
dropout005-r4,384,1,1,16,12,d644ccabbb7508d5d47c7b231c4d3f82ee470f83,8271e9c7f7153b815a28ad2c27f6deb575833cad,False,False,0.25,"[50,48,12,40]","[24,14,40,16]"
dropout005-r4,384,1,1,16,14,d644ccabbb7508d5d47c7b231c4d3f82ee470f83,8271e9c7f7153b815a28ad2c27f6deb575833cad,False,False,0.5,"[50,48,12,18]","[12,26,48,63]"
dropout005-r4,512,1,0,16,0,2b16372207e3344688f093f9c78460489a485fa6,60c33dc441937d75a986217023e83ee5748a59f5,False,False,0.0,"[0,32,59,25]","[54,61,9,26]"
dropout005-r4,512,1,0,16,2,2b16372207e3344688f093f9c78460489a485fa6,60c33dc441937d75a986217023e83ee5748a59f5,False,False,0.25,"[32,25,1,5]","[27,60,1,14]"
dropout005-r4,512,1,0,16,4,2b16372207e3344688f093f9c78460489a485fa6,60c33dc441937d75a986217023e83ee5748a59f5,False,False,0.0,"[33,32,0,39]","[15,51,31,17]"
dropout005-r4,512,1,0,16,6,2b16372207e3344688f093f9c78460489a485fa6,60c33dc441937d75a986217023e83ee5748a59f5,False,False,0.0,"[3,55,29,16]","[44,27,51,57]"
dropout005-r4,512,1,0,16,8,2b16372207e3344688f093f9c78460489a485fa6,60c33dc441937d75a986217023e83ee5748a59f5,False,False,0.0,"[59,36,0,1]","[57,46,40,15]"
dropout005-r4,512,1,0,16,10,2b16372207e3344688f093f9c78460489a485fa6,60c33dc441937d75a986217023e83ee5748a59f5,False,False,0.0,"[50,29,39,33]","[30,25,12,61]"
dropout005-r4,512,1,0,16,12,2b16372207e3344688f093f9c78460489a485fa6,60c33dc441937d75a986217023e83ee5748a59f5,False,False,0.0,"[0,11,39,31]","[2,44,36,41]"
dropout005-r4,512,1,0,16,14,2b16372207e3344688f093f9c78460489a485fa6,60c33dc441937d75a986217023e83ee5748a59f5,False,False,0.0,"[47,0,41,5]","[15,53,31,40]"
dropout005-r4,512,1,1,16,0,2b16372207e3344688f093f9c78460489a485fa6,60c33dc441937d75a986217023e83ee5748a59f5,True,False,0.5,"[50,48,40,12]","[50,12,57,63]"
dropout005-r4,512,1,1,16,2,2b16372207e3344688f093f9c78460489a485fa6,60c33dc441937d75a986217023e83ee5748a59f5,True,False,0.25,"[50,48,40,12]","[50,32,56,36]"
dropout005-r4,512,1,1,16,4,2b16372207e3344688f093f9c78460489a485fa6,60c33dc441937d75a986217023e83ee5748a59f5,True,False,0.5,"[50,48,12,40]","[50,40,44,24]"
dropout005-r4,512,1,1,16,6,2b16372207e3344688f093f9c78460489a485fa6,60c33dc441937d75a986217023e83ee5748a59f5,False,False,0.5,"[50,48,22,40]","[40,50,36,24]"
dropout005-r4,512,1,1,16,8,2b16372207e3344688f093f9c78460489a485fa6,60c33dc441937d75a986217023e83ee5748a59f5,False,False,0.75,"[50,48,40,12]","[48,50,63,40]"
dropout005-r4,512,1,1,16,10,2b16372207e3344688f093f9c78460489a485fa6,60c33dc441937d75a986217023e83ee5748a59f5,False,False,0.5,"[50,48,12,40]","[48,38,50,14]"
dropout005-r4,512,1,1,16,12,2b16372207e3344688f093f9c78460489a485fa6,60c33dc441937d75a986217023e83ee5748a59f5,True,False,0.25,"[50,48,40,12]","[50,24,25,2]"
dropout005-r4,512,1,1,16,14,2b16372207e3344688f093f9c78460489a485fa6,60c33dc441937d75a986217023e83ee5748a59f5,False,False,0.75,"[50,48,22,40]","[14,40,50,48]"
dropout005-r4,512,1,0,16,0,57d6c25a7898568911088c4c8f3a08f3832ca730,84be71223ef6443c5775b6175b7dc4de57f447fd,False,False,0.0,"[19,5,39,41]","[2,11,36,31]"
dropout005-r4,512,1,0,16,2,57d6c25a7898568911088c4c8f3a08f3832ca730,84be71223ef6443c5775b6175b7dc4de57f447fd,False,False,0.0,"[0,32,19,59]","[41,8,47,36]"
dropout005-r4,512,1,0,16,4,57d6c25a7898568911088c4c8f3a08f3832ca730,84be71223ef6443c5775b6175b7dc4de57f447fd,False,False,0.0,"[59,0,39,19]","[45,61,32,62]"
dropout005-r4,512,1,0,16,6,57d6c25a7898568911088c4c8f3a08f3832ca730,84be71223ef6443c5775b6175b7dc4de57f447fd,False,False,0.0,"[50,49,44,5]","[15,7,40,16]"
dropout005-r4,512,1,0,16,8,57d6c25a7898568911088c4c8f3a08f3832ca730,84be71223ef6443c5775b6175b7dc4de57f447fd,False,False,0.0,"[32,59,39,5]","[9,10,17,60]"
dropout005-r4,512,1,0,16,10,57d6c25a7898568911088c4c8f3a08f3832ca730,84be71223ef6443c5775b6175b7dc4de57f447fd,False,False,0.0,"[0,15,19,59]","[31,52,57,5]"
dropout005-r4,512,1,0,16,12,57d6c25a7898568911088c4c8f3a08f3832ca730,84be71223ef6443c5775b6175b7dc4de57f447fd,False,False,0.0,"[5,41,33,50]","[56,4,32,47]"
dropout005-r4,512,1,0,16,14,57d6c25a7898568911088c4c8f3a08f3832ca730,84be71223ef6443c5775b6175b7dc4de57f447fd,False,False,0.25,"[0,15,5,51]","[40,58,55,15]"
dropout005-r4,512,1,1,16,0,57d6c25a7898568911088c4c8f3a08f3832ca730,84be71223ef6443c5775b6175b7dc4de57f447fd,True,False,0.25,"[50,48,12,40]","[50,24,25,18]"
dropout005-r4,512,1,1,16,2,57d6c25a7898568911088c4c8f3a08f3832ca730,84be71223ef6443c5775b6175b7dc4de57f447fd,False,False,0.5,"[50,48,12,40]","[12,50,6,36]"
dropout005-r4,512,1,1,16,4,57d6c25a7898568911088c4c8f3a08f3832ca730,84be71223ef6443c5775b6175b7dc4de57f447fd,False,False,0.5,"[50,48,40,12]","[12,50,26,63]"
dropout005-r4,512,1,1,16,6,57d6c25a7898568911088c4c8f3a08f3832ca730,84be71223ef6443c5775b6175b7dc4de57f447fd,False,False,0.25,"[50,48,12,22]","[40,32,50,36]"
dropout005-r4,512,1,1,16,8,57d6c25a7898568911088c4c8f3a08f3832ca730,84be71223ef6443c5775b6175b7dc4de57f447fd,True,False,0.25,"[50,48,40,12]","[50,6,30,25]"
dropout005-r4,512,1,1,16,10,57d6c25a7898568911088c4c8f3a08f3832ca730,84be71223ef6443c5775b6175b7dc4de57f447fd,True,False,0.25,"[50,48,40,12]","[50,14,58,24]"
dropout005-r4,512,1,1,16,12,57d6c25a7898568911088c4c8f3a08f3832ca730,84be71223ef6443c5775b6175b7dc4de57f447fd,False,False,0.5,"[50,48,12,40]","[12,26,63,50]"
dropout005-r4,512,1,1,16,14,57d6c25a7898568911088c4c8f3a08f3832ca730,84be71223ef6443c5775b6175b7dc4de57f447fd,False,False,0.75,"[50,48,22,40]","[40,14,48,50]"
dropout005-r4,512,1,0,16,0,94b5e28fac745823455a38183868d2d18757f68a,23112f2c9e8a12a570d12825eb99d088bd74b8a2,False,False,0.0,"[61,26,4,56]","[30,28,25,62]"
dropout005-r4,512,1,0,16,2,94b5e28fac745823455a38183868d2d18757f68a,23112f2c9e8a12a570d12825eb99d088bd74b8a2,False,False,0.25,"[29,57,25,51]","[25,8,30,5]"
dropout005-r4,512,1,0,16,4,94b5e28fac745823455a38183868d2d18757f68a,23112f2c9e8a12a570d12825eb99d088bd74b8a2,False,False,0.0,"[39,33,21,32]","[55,18,31,35]"
dropout005-r4,512,1,0,16,6,94b5e28fac745823455a38183868d2d18757f68a,23112f2c9e8a12a570d12825eb99d088bd74b8a2,False,False,0.0,"[33,1,5,26]","[8,10,47,9]"
dropout005-r4,512,1,0,16,8,94b5e28fac745823455a38183868d2d18757f68a,23112f2c9e8a12a570d12825eb99d088bd74b8a2,False,False,0.0,"[5,41,59,25]","[62,1,45,12]"
dropout005-r4,512,1,0,16,10,94b5e28fac745823455a38183868d2d18757f68a,23112f2c9e8a12a570d12825eb99d088bd74b8a2,False,False,0.0,"[25,39,1,11]","[52,2,20,5]"
dropout005-r4,512,1,0,16,12,94b5e28fac745823455a38183868d2d18757f68a,23112f2c9e8a12a570d12825eb99d088bd74b8a2,False,False,0.25,"[39,33,52,50]","[52,57,19,40]"
dropout005-r4,512,1,0,16,14,94b5e28fac745823455a38183868d2d18757f68a,23112f2c9e8a12a570d12825eb99d088bd74b8a2,False,False,0.0,"[19,8,26,29]","[63,22,28,36]"
dropout005-r4,512,1,1,16,0,94b5e28fac745823455a38183868d2d18757f68a,23112f2c9e8a12a570d12825eb99d088bd74b8a2,False,False,0.25,"[50,48,40,12]","[12,18,38,26]"
dropout005-r4,512,1,1,16,2,94b5e28fac745823455a38183868d2d18757f68a,23112f2c9e8a12a570d12825eb99d088bd74b8a2,False,False,0.5,"[50,48,40,12]","[12,50,38,19]"
dropout005-r4,512,1,1,16,4,94b5e28fac745823455a38183868d2d18757f68a,23112f2c9e8a12a570d12825eb99d088bd74b8a2,True,False,0.5,"[50,48,12,40]","[50,58,14,48]"
dropout005-r4,512,1,1,16,6,94b5e28fac745823455a38183868d2d18757f68a,23112f2c9e8a12a570d12825eb99d088bd74b8a2,True,False,0.25,"[50,48,12,40]","[50,6,7,45]"
dropout005-r4,512,1,1,16,8,94b5e28fac745823455a38183868d2d18757f68a,23112f2c9e8a12a570d12825eb99d088bd74b8a2,False,False,0.25,"[50,48,12,40]","[41,50,38,18]"
dropout005-r4,512,1,1,16,10,94b5e28fac745823455a38183868d2d18757f68a,23112f2c9e8a12a570d12825eb99d088bd74b8a2,False,False,0.25,"[50,48,40,22]","[12,14,50,26]"
dropout005-r4,512,1,1,16,12,94b5e28fac745823455a38183868d2d18757f68a,23112f2c9e8a12a570d12825eb99d088bd74b8a2,False,False,0.5,"[50,48,12,40]","[14,48,58,40]"
dropout005-r4,512,1,1,16,14,94b5e28fac745823455a38183868d2d18757f68a,23112f2c9e8a12a570d12825eb99d088bd74b8a2,False,False,0.5,"[50,48,40,12]","[12,14,26,50]"
dropout005-r4,512,1,0,16,0,d644ccabbb7508d5d47c7b231c4d3f82ee470f83,8271e9c7f7153b815a28ad2c27f6deb575833cad,False,False,0.0,"[32,0,41,39]","[37,34,8,10]"
dropout005-r4,512,1,0,16,2,d644ccabbb7508d5d47c7b231c4d3f82ee470f83,8271e9c7f7153b815a28ad2c27f6deb575833cad,False,False,0.0,"[29,57,51,39]","[14,28,1,62]"
dropout005-r4,512,1,0,16,4,d644ccabbb7508d5d47c7b231c4d3f82ee470f83,8271e9c7f7153b815a28ad2c27f6deb575833cad,False,False,0.0,"[50,39,33,49]","[5,52,37,29]"
dropout005-r4,512,1,0,16,6,d644ccabbb7508d5d47c7b231c4d3f82ee470f83,8271e9c7f7153b815a28ad2c27f6deb575833cad,False,False,0.0,"[59,32,39,33]","[34,26,58,1]"
dropout005-r4,512,1,0,16,8,d644ccabbb7508d5d47c7b231c4d3f82ee470f83,8271e9c7f7153b815a28ad2c27f6deb575833cad,False,False,0.0,"[0,31,15,32]","[36,2,60,11]"
dropout005-r4,512,1,0,16,10,d644ccabbb7508d5d47c7b231c4d3f82ee470f83,8271e9c7f7153b815a28ad2c27f6deb575833cad,False,False,0.0,"[39,21,52,33]","[14,59,28,22]"
dropout005-r4,512,1,0,16,12,d644ccabbb7508d5d47c7b231c4d3f82ee470f83,8271e9c7f7153b815a28ad2c27f6deb575833cad,False,False,0.25,"[52,55,5,36]","[63,56,7,52]"
dropout005-r4,512,1,0,16,14,d644ccabbb7508d5d47c7b231c4d3f82ee470f83,8271e9c7f7153b815a28ad2c27f6deb575833cad,False,False,0.0,"[50,3,61,59]","[5,37,41,8]"
dropout005-r4,512,1,1,16,0,d644ccabbb7508d5d47c7b231c4d3f82ee470f83,8271e9c7f7153b815a28ad2c27f6deb575833cad,True,False,0.5,"[50,48,40,12]","[50,20,48,8]"
dropout005-r4,512,1,1,16,2,d644ccabbb7508d5d47c7b231c4d3f82ee470f83,8271e9c7f7153b815a28ad2c27f6deb575833cad,False,False,0.25,"[50,48,40,22]","[12,18,50,41]"
dropout005-r4,512,1,1,16,4,d644ccabbb7508d5d47c7b231c4d3f82ee470f83,8271e9c7f7153b815a28ad2c27f6deb575833cad,True,False,0.5,"[50,48,12,40]","[50,48,58,25]"
dropout005-r4,512,1,1,16,6,d644ccabbb7508d5d47c7b231c4d3f82ee470f83,8271e9c7f7153b815a28ad2c27f6deb575833cad,True,False,0.75,"[50,48,12,40]","[50,40,48,60]"
dropout005-r4,512,1,1,16,8,d644ccabbb7508d5d47c7b231c4d3f82ee470f83,8271e9c7f7153b815a28ad2c27f6deb575833cad,False,False,0.25,"[50,48,40,22]","[24,50,18,36]"
dropout005-r4,512,1,1,16,10,d644ccabbb7508d5d47c7b231c4d3f82ee470f83,8271e9c7f7153b815a28ad2c27f6deb575833cad,False,False,0.5,"[50,48,12,40]","[12,26,50,31]"
dropout005-r4,512,1,1,16,12,d644ccabbb7508d5d47c7b231c4d3f82ee470f83,8271e9c7f7153b815a28ad2c27f6deb575833cad,False,False,0.5,"[50,48,40,12]","[12,14,26,48]"
dropout005-r4,512,1,1,16,14,d644ccabbb7508d5d47c7b231c4d3f82ee470f83,8271e9c7f7153b815a28ad2c27f6deb575833cad,False,False,0.25,"[50,48,22,40]","[12,50,19,8]"
dropout005-r4,704,1,0,16,0,2b16372207e3344688f093f9c78460489a485fa6,60c33dc441937d75a986217023e83ee5748a59f5,False,False,0.0,"[0,59,19,39]","[54,12,61,14]"
dropout005-r4,704,1,0,16,2,2b16372207e3344688f093f9c78460489a485fa6,60c33dc441937d75a986217023e83ee5748a59f5,False,False,0.0,"[32,25,5,39]","[27,60,48,49]"
dropout005-r4,704,1,0,16,4,2b16372207e3344688f093f9c78460489a485fa6,60c33dc441937d75a986217023e83ee5748a59f5,False,False,0.0,"[33,0,32,39]","[51,17,15,31]"
dropout005-r4,704,1,0,16,6,2b16372207e3344688f093f9c78460489a485fa6,60c33dc441937d75a986217023e83ee5748a59f5,False,False,0.0,"[3,58,55,19]","[44,51,27,22]"
dropout005-r4,704,1,0,16,8,2b16372207e3344688f093f9c78460489a485fa6,60c33dc441937d75a986217023e83ee5748a59f5,False,False,0.0,"[59,32,36,0]","[57,40,15,51]"
dropout005-r4,704,1,0,16,10,2b16372207e3344688f093f9c78460489a485fa6,60c33dc441937d75a986217023e83ee5748a59f5,False,False,0.0,"[50,39,33,29]","[30,53,25,58]"
dropout005-r4,704,1,0,16,12,2b16372207e3344688f093f9c78460489a485fa6,60c33dc441937d75a986217023e83ee5748a59f5,False,False,0.0,"[0,19,39,15]","[2,24,49,44]"
dropout005-r4,704,1,0,16,14,2b16372207e3344688f093f9c78460489a485fa6,60c33dc441937d75a986217023e83ee5748a59f5,False,False,0.0,"[47,5,41,0]","[53,46,40,15]"
dropout005-r4,704,1,1,16,0,2b16372207e3344688f093f9c78460489a485fa6,60c33dc441937d75a986217023e83ee5748a59f5,False,False,0.25,"[50,48,40,22]","[12,50,8,57]"
dropout005-r4,704,1,1,16,2,2b16372207e3344688f093f9c78460489a485fa6,60c33dc441937d75a986217023e83ee5748a59f5,False,False,0.0,"[50,48,22,40]","[12,2,31,56]"
dropout005-r4,704,1,1,16,4,2b16372207e3344688f093f9c78460489a485fa6,60c33dc441937d75a986217023e83ee5748a59f5,True,False,0.5,"[50,48,40,22]","[50,24,40,44]"
dropout005-r4,704,1,1,16,6,2b16372207e3344688f093f9c78460489a485fa6,60c33dc441937d75a986217023e83ee5748a59f5,False,False,0.5,"[50,48,22,40]","[12,40,36,50]"
dropout005-r4,704,1,1,16,8,2b16372207e3344688f093f9c78460489a485fa6,60c33dc441937d75a986217023e83ee5748a59f5,False,False,0.5,"[50,48,22,40]","[48,40,12,63]"
dropout005-r4,704,1,1,16,10,2b16372207e3344688f093f9c78460489a485fa6,60c33dc441937d75a986217023e83ee5748a59f5,False,False,0.25,"[50,48,22,40]","[12,48,14,26]"
dropout005-r4,704,1,1,16,12,2b16372207e3344688f093f9c78460489a485fa6,60c33dc441937d75a986217023e83ee5748a59f5,False,False,0.25,"[50,48,40,22]","[12,50,24,2]"
dropout005-r4,704,1,1,16,14,2b16372207e3344688f093f9c78460489a485fa6,60c33dc441937d75a986217023e83ee5748a59f5,False,False,0.5,"[50,48,22,40]","[12,14,48,50]"
dropout005-r4,704,1,0,16,0,57d6c25a7898568911088c4c8f3a08f3832ca730,84be71223ef6443c5775b6175b7dc4de57f447fd,False,False,0.0,"[19,5,39,25]","[2,36,11,41]"
dropout005-r4,704,1,0,16,2,57d6c25a7898568911088c4c8f3a08f3832ca730,84be71223ef6443c5775b6175b7dc4de57f447fd,False,False,0.0,"[0,39,32,59]","[41,47,8,16]"
dropout005-r4,704,1,0,16,4,57d6c25a7898568911088c4c8f3a08f3832ca730,84be71223ef6443c5775b6175b7dc4de57f447fd,False,False,0.0,"[59,50,39,0]","[13,56,61,62]"
dropout005-r4,704,1,0,16,6,57d6c25a7898568911088c4c8f3a08f3832ca730,84be71223ef6443c5775b6175b7dc4de57f447fd,False,False,0.0,"[49,44,50,39]","[7,15,40,16]"
dropout005-r4,704,1,0,16,8,57d6c25a7898568911088c4c8f3a08f3832ca730,84be71223ef6443c5775b6175b7dc4de57f447fd,False,False,0.0,"[32,5,39,59]","[10,9,24,8]"
dropout005-r4,704,1,0,16,10,57d6c25a7898568911088c4c8f3a08f3832ca730,84be71223ef6443c5775b6175b7dc4de57f447fd,False,False,0.0,"[15,0,57,39]","[31,23,5,25]"
dropout005-r4,704,1,0,16,12,57d6c25a7898568911088c4c8f3a08f3832ca730,84be71223ef6443c5775b6175b7dc4de57f447fd,False,False,0.0,"[5,41,32,33]","[56,4,54,21]"
dropout005-r4,704,1,0,16,14,57d6c25a7898568911088c4c8f3a08f3832ca730,84be71223ef6443c5775b6175b7dc4de57f447fd,False,False,0.0,"[0,5,15,39]","[40,53,55,58]"
dropout005-r4,704,1,1,16,0,57d6c25a7898568911088c4c8f3a08f3832ca730,84be71223ef6443c5775b6175b7dc4de57f447fd,False,False,0.0,"[50,48,40,22]","[12,18,24,2]"
dropout005-r4,704,1,1,16,2,57d6c25a7898568911088c4c8f3a08f3832ca730,84be71223ef6443c5775b6175b7dc4de57f447fd,False,False,0.25,"[50,48,40,22]","[12,26,50,49]"
dropout005-r4,704,1,1,16,4,57d6c25a7898568911088c4c8f3a08f3832ca730,84be71223ef6443c5775b6175b7dc4de57f447fd,False,False,0.25,"[50,48,22,40]","[12,26,50,63]"
dropout005-r4,704,1,1,16,6,57d6c25a7898568911088c4c8f3a08f3832ca730,84be71223ef6443c5775b6175b7dc4de57f447fd,False,False,0.25,"[50,48,22,40]","[12,32,36,40]"
dropout005-r4,704,1,1,16,8,57d6c25a7898568911088c4c8f3a08f3832ca730,84be71223ef6443c5775b6175b7dc4de57f447fd,True,False,0.25,"[50,48,40,22]","[50,8,30,20]"
dropout005-r4,704,1,1,16,10,57d6c25a7898568911088c4c8f3a08f3832ca730,84be71223ef6443c5775b6175b7dc4de57f447fd,True,False,0.25,"[50,48,22,40]","[50,14,24,16]"
dropout005-r4,704,1,1,16,12,57d6c25a7898568911088c4c8f3a08f3832ca730,84be71223ef6443c5775b6175b7dc4de57f447fd,False,False,0.25,"[50,48,40,22]","[12,26,63,50]"
dropout005-r4,704,1,1,16,14,57d6c25a7898568911088c4c8f3a08f3832ca730,84be71223ef6443c5775b6175b7dc4de57f447fd,False,False,0.5,"[50,48,22,40]","[12,14,40,48]"
dropout005-r4,704,1,0,16,0,94b5e28fac745823455a38183868d2d18757f68a,23112f2c9e8a12a570d12825eb99d088bd74b8a2,False,False,0.0,"[61,26,37,19]","[28,13,25,30]"
dropout005-r4,704,1,0,16,2,94b5e28fac745823455a38183868d2d18757f68a,23112f2c9e8a12a570d12825eb99d088bd74b8a2,False,False,0.0,"[29,39,51,50]","[25,8,47,28]"
dropout005-r4,704,1,0,16,4,94b5e28fac745823455a38183868d2d18757f68a,23112f2c9e8a12a570d12825eb99d088bd74b8a2,False,False,0.0,"[39,21,33,32]","[55,51,58,35]"
dropout005-r4,704,1,0,16,6,94b5e28fac745823455a38183868d2d18757f68a,23112f2c9e8a12a570d12825eb99d088bd74b8a2,False,False,0.0,"[1,33,5,26]","[8,10,25,29]"
dropout005-r4,704,1,0,16,8,94b5e28fac745823455a38183868d2d18757f68a,23112f2c9e8a12a570d12825eb99d088bd74b8a2,False,False,0.0,"[5,0,39,19]","[62,12,30,23]"
dropout005-r4,704,1,0,16,10,94b5e28fac745823455a38183868d2d18757f68a,23112f2c9e8a12a570d12825eb99d088bd74b8a2,False,False,0.0,"[25,32,39,19]","[52,2,28,20]"
dropout005-r4,704,1,0,16,12,94b5e28fac745823455a38183868d2d18757f68a,23112f2c9e8a12a570d12825eb99d088bd74b8a2,False,False,0.0,"[39,33,52,32]","[57,40,18,29]"
dropout005-r4,704,1,0,16,14,94b5e28fac745823455a38183868d2d18757f68a,23112f2c9e8a12a570d12825eb99d088bd74b8a2,False,False,0.0,"[19,29,25,50]","[28,22,63,36]"
dropout005-r4,704,1,1,16,0,94b5e28fac745823455a38183868d2d18757f68a,23112f2c9e8a12a570d12825eb99d088bd74b8a2,False,False,0.25,"[50,48,40,22]","[12,26,18,50]"
dropout005-r4,704,1,1,16,2,94b5e28fac745823455a38183868d2d18757f68a,23112f2c9e8a12a570d12825eb99d088bd74b8a2,False,False,0.25,"[50,48,40,22]","[12,26,50,49]"
dropout005-r4,704,1,1,16,4,94b5e28fac745823455a38183868d2d18757f68a,23112f2c9e8a12a570d12825eb99d088bd74b8a2,False,False,0.5,"[50,48,40,22]","[58,50,14,40]"
dropout005-r4,704,1,1,16,6,94b5e28fac745823455a38183868d2d18757f68a,23112f2c9e8a12a570d12825eb99d088bd74b8a2,False,False,0.25,"[50,48,22,40]","[12,50,6,42]"
dropout005-r4,704,1,1,16,8,94b5e28fac745823455a38183868d2d18757f68a,23112f2c9e8a12a570d12825eb99d088bd74b8a2,False,False,0.0,"[50,48,40,22]","[12,41,26,18]"
dropout005-r4,704,1,1,16,10,94b5e28fac745823455a38183868d2d18757f68a,23112f2c9e8a12a570d12825eb99d088bd74b8a2,False,False,0.25,"[50,48,22,40]","[12,26,50,14]"
dropout005-r4,704,1,1,16,12,94b5e28fac745823455a38183868d2d18757f68a,23112f2c9e8a12a570d12825eb99d088bd74b8a2,False,False,0.75,"[50,48,40,22]","[48,50,40,14]"
dropout005-r4,704,1,1,16,14,94b5e28fac745823455a38183868d2d18757f68a,23112f2c9e8a12a570d12825eb99d088bd74b8a2,False,False,0.25,"[50,48,22,40]","[12,26,50,14]"
dropout005-r4,704,1,0,16,0,d644ccabbb7508d5d47c7b231c4d3f82ee470f83,8271e9c7f7153b815a28ad2c27f6deb575833cad,False,False,0.0,"[32,0,41,5]","[9,37,34,10]"
dropout005-r4,704,1,0,16,2,d644ccabbb7508d5d47c7b231c4d3f82ee470f83,8271e9c7f7153b815a28ad2c27f6deb575833cad,False,False,0.0,"[29,50,39,51]","[14,62,38,28]"
dropout005-r4,704,1,0,16,4,d644ccabbb7508d5d47c7b231c4d3f82ee470f83,8271e9c7f7153b815a28ad2c27f6deb575833cad,False,False,0.0,"[50,39,33,19]","[5,52,6,29]"
dropout005-r4,704,1,0,16,6,d644ccabbb7508d5d47c7b231c4d3f82ee470f83,8271e9c7f7153b815a28ad2c27f6deb575833cad,False,False,0.0,"[59,33,39,1]","[26,12,34,58]"
dropout005-r4,704,1,0,16,8,d644ccabbb7508d5d47c7b231c4d3f82ee470f83,8271e9c7f7153b815a28ad2c27f6deb575833cad,False,False,0.0,"[0,15,5,31]","[60,49,36,2]"
dropout005-r4,704,1,0,16,10,d644ccabbb7508d5d47c7b231c4d3f82ee470f83,8271e9c7f7153b815a28ad2c27f6deb575833cad,False,False,0.0,"[39,21,52,19]","[14,59,28,38]"
dropout005-r4,704,1,0,16,12,d644ccabbb7508d5d47c7b231c4d3f82ee470f83,8271e9c7f7153b815a28ad2c27f6deb575833cad,False,False,0.0,"[52,55,57,36]","[63,56,16,7]"
dropout005-r4,704,1,0,16,14,d644ccabbb7508d5d47c7b231c4d3f82ee470f83,8271e9c7f7153b815a28ad2c27f6deb575833cad,False,False,0.25,"[50,59,39,5]","[5,41,37,8]"
dropout005-r4,704,1,1,16,0,d644ccabbb7508d5d47c7b231c4d3f82ee470f83,8271e9c7f7153b815a28ad2c27f6deb575833cad,True,False,0.25,"[50,48,40,22]","[50,8,20,30]"
dropout005-r4,704,1,1,16,2,d644ccabbb7508d5d47c7b231c4d3f82ee470f83,8271e9c7f7153b815a28ad2c27f6deb575833cad,False,False,0.0,"[50,48,22,40]","[12,41,18,26]"
dropout005-r4,704,1,1,16,4,d644ccabbb7508d5d47c7b231c4d3f82ee470f83,8271e9c7f7153b815a28ad2c27f6deb575833cad,False,False,0.25,"[50,48,22,40]","[12,50,14,19]"
dropout005-r4,704,1,1,16,6,d644ccabbb7508d5d47c7b231c4d3f82ee470f83,8271e9c7f7153b815a28ad2c27f6deb575833cad,False,False,0.25,"[50,48,40,22]","[12,8,50,35]"
dropout005-r4,704,1,1,16,8,d644ccabbb7508d5d47c7b231c4d3f82ee470f83,8271e9c7f7153b815a28ad2c27f6deb575833cad,False,False,0.25,"[50,48,22,40]","[12,36,2,50]"
dropout005-r4,704,1,1,16,10,d644ccabbb7508d5d47c7b231c4d3f82ee470f83,8271e9c7f7153b815a28ad2c27f6deb575833cad,False,False,0.25,"[50,48,22,40]","[12,26,35,50]"
dropout005-r4,704,1,1,16,12,d644ccabbb7508d5d47c7b231c4d3f82ee470f83,8271e9c7f7153b815a28ad2c27f6deb575833cad,False,False,0.25,"[50,48,40,22]","[12,26,14,48]"
dropout005-r4,704,1,1,16,14,d644ccabbb7508d5d47c7b231c4d3f82ee470f83,8271e9c7f7153b815a28ad2c27f6deb575833cad,False,False,0.25,"[50,48,22,40]","[12,26,50,49]"
