target,train_step,layer_idx,head_idx,block_idx,token_idx,input_hash,target_hash,top1_match,topk_exact_match,topk_overlap_ratio,ids_2080ti,ids_3090
fixed-r2,0,1,0,16,0,2b16372207e3344688f093f9c78460489a485fa6,60c33dc441937d75a986217023e83ee5748a59f5,True,True,1.0,"[9,8]","[9,8]"
fixed-r2,0,1,0,16,2,2b16372207e3344688f093f9c78460489a485fa6,60c33dc441937d75a986217023e83ee5748a59f5,True,True,1.0,"[54,40]","[54,40]"
fixed-r2,0,1,0,16,4,2b16372207e3344688f093f9c78460489a485fa6,60c33dc441937d75a986217023e83ee5748a59f5,True,True,1.0,"[62,25]","[62,25]"
fixed-r2,0,1,0,16,6,2b16372207e3344688f093f9c78460489a485fa6,60c33dc441937d75a986217023e83ee5748a59f5,True,True,1.0,"[28,46]","[28,46]"
fixed-r2,0,1,0,16,8,2b16372207e3344688f093f9c78460489a485fa6,60c33dc441937d75a986217023e83ee5748a59f5,True,True,1.0,"[47,4]","[47,4]"
fixed-r2,0,1,0,16,10,2b16372207e3344688f093f9c78460489a485fa6,60c33dc441937d75a986217023e83ee5748a59f5,True,True,1.0,"[33,57]","[33,57]"
fixed-r2,0,1,0,16,12,2b16372207e3344688f093f9c78460489a485fa6,60c33dc441937d75a986217023e83ee5748a59f5,True,True,1.0,"[26,54]","[26,54]"
fixed-r2,0,1,0,16,14,2b16372207e3344688f093f9c78460489a485fa6,60c33dc441937d75a986217023e83ee5748a59f5,True,True,1.0,"[50,39]","[50,39]"
fixed-r2,0,1,1,16,0,2b16372207e3344688f093f9c78460489a485fa6,60c33dc441937d75a986217023e83ee5748a59f5,True,True,1.0,"[40,49]","[40,49]"
fixed-r2,0,1,1,16,2,2b16372207e3344688f093f9c78460489a485fa6,60c33dc441937d75a986217023e83ee5748a59f5,True,True,1.0,"[16,59]","[16,59]"
fixed-r2,0,1,1,16,4,2b16372207e3344688f093f9c78460489a485fa6,60c33dc441937d75a986217023e83ee5748a59f5,True,True,1.0,"[18,21]","[18,21]"
fixed-r2,0,1,1,16,6,2b16372207e3344688f093f9c78460489a485fa6,60c33dc441937d75a986217023e83ee5748a59f5,True,True,1.0,"[22,61]","[22,61]"
fixed-r2,0,1,1,16,8,2b16372207e3344688f093f9c78460489a485fa6,60c33dc441937d75a986217023e83ee5748a59f5,True,True,1.0,"[63,33]","[63,33]"
fixed-r2,0,1,1,16,10,2b16372207e3344688f093f9c78460489a485fa6,60c33dc441937d75a986217023e83ee5748a59f5,True,True,1.0,"[60,11]","[60,11]"
fixed-r2,0,1,1,16,12,2b16372207e3344688f093f9c78460489a485fa6,60c33dc441937d75a986217023e83ee5748a59f5,True,True,1.0,"[51,34]","[51,34]"
fixed-r2,0,1,1,16,14,2b16372207e3344688f093f9c78460489a485fa6,60c33dc441937d75a986217023e83ee5748a59f5,True,True,1.0,"[44,58]","[44,58]"
fixed-r2,0,1,0,16,0,57d6c25a7898568911088c4c8f3a08f3832ca730,84be71223ef6443c5775b6175b7dc4de57f447fd,True,True,1.0,"[24,23]","[24,23]"
fixed-r2,0,1,0,16,2,57d6c25a7898568911088c4c8f3a08f3832ca730,84be71223ef6443c5775b6175b7dc4de57f447fd,True,True,1.0,"[1,38]","[1,38]"
fixed-r2,0,1,0,16,4,57d6c25a7898568911088c4c8f3a08f3832ca730,84be71223ef6443c5775b6175b7dc4de57f447fd,True,True,1.0,"[6,19]","[6,19]"
fixed-r2,0,1,0,16,6,57d6c25a7898568911088c4c8f3a08f3832ca730,84be71223ef6443c5775b6175b7dc4de57f447fd,True,True,1.0,"[1,40]","[1,40]"
fixed-r2,0,1,0,16,8,57d6c25a7898568911088c4c8f3a08f3832ca730,84be71223ef6443c5775b6175b7dc4de57f447fd,True,True,1.0,"[8,52]","[8,52]"
fixed-r2,0,1,0,16,10,57d6c25a7898568911088c4c8f3a08f3832ca730,84be71223ef6443c5775b6175b7dc4de57f447fd,True,True,1.0,"[36,59]","[36,59]"
fixed-r2,0,1,0,16,12,57d6c25a7898568911088c4c8f3a08f3832ca730,84be71223ef6443c5775b6175b7dc4de57f447fd,True,True,1.0,"[40,34]","[40,34]"
fixed-r2,0,1,0,16,14,57d6c25a7898568911088c4c8f3a08f3832ca730,84be71223ef6443c5775b6175b7dc4de57f447fd,True,True,1.0,"[11,1]","[11,1]"
fixed-r2,0,1,1,16,0,57d6c25a7898568911088c4c8f3a08f3832ca730,84be71223ef6443c5775b6175b7dc4de57f447fd,True,True,1.0,"[47,27]","[47,27]"
fixed-r2,0,1,1,16,2,57d6c25a7898568911088c4c8f3a08f3832ca730,84be71223ef6443c5775b6175b7dc4de57f447fd,True,True,1.0,"[8,60]","[8,60]"
fixed-r2,0,1,1,16,4,57d6c25a7898568911088c4c8f3a08f3832ca730,84be71223ef6443c5775b6175b7dc4de57f447fd,True,True,1.0,"[54,57]","[54,57]"
fixed-r2,0,1,1,16,6,57d6c25a7898568911088c4c8f3a08f3832ca730,84be71223ef6443c5775b6175b7dc4de57f447fd,True,True,1.0,"[17,25]","[17,25]"
fixed-r2,0,1,1,16,8,57d6c25a7898568911088c4c8f3a08f3832ca730,84be71223ef6443c5775b6175b7dc4de57f447fd,True,True,1.0,"[16,20]","[16,20]"
fixed-r2,0,1,1,16,10,57d6c25a7898568911088c4c8f3a08f3832ca730,84be71223ef6443c5775b6175b7dc4de57f447fd,True,True,1.0,"[7,13]","[7,13]"
fixed-r2,0,1,1,16,12,57d6c25a7898568911088c4c8f3a08f3832ca730,84be71223ef6443c5775b6175b7dc4de57f447fd,True,True,1.0,"[27,49]","[27,49]"
fixed-r2,0,1,1,16,14,57d6c25a7898568911088c4c8f3a08f3832ca730,84be71223ef6443c5775b6175b7dc4de57f447fd,True,True,1.0,"[31,57]","[31,57]"
fixed-r2,0,1,0,16,0,94b5e28fac745823455a38183868d2d18757f68a,23112f2c9e8a12a570d12825eb99d088bd74b8a2,True,True,1.0,"[48,24]","[48,24]"
fixed-r2,0,1,0,16,2,94b5e28fac745823455a38183868d2d18757f68a,23112f2c9e8a12a570d12825eb99d088bd74b8a2,True,True,1.0,"[19,51]","[19,51]"
fixed-r2,0,1,0,16,4,94b5e28fac745823455a38183868d2d18757f68a,23112f2c9e8a12a570d12825eb99d088bd74b8a2,True,True,1.0,"[11,3]","[11,3]"
fixed-r2,0,1,0,16,6,94b5e28fac745823455a38183868d2d18757f68a,23112f2c9e8a12a570d12825eb99d088bd74b8a2,True,True,1.0,"[53,50]","[53,50]"
fixed-r2,0,1,0,16,8,94b5e28fac745823455a38183868d2d18757f68a,23112f2c9e8a12a570d12825eb99d088bd74b8a2,True,True,1.0,"[25,23]","[25,23]"
fixed-r2,0,1,0,16,10,94b5e28fac745823455a38183868d2d18757f68a,23112f2c9e8a12a570d12825eb99d088bd74b8a2,True,True,1.0,"[7,16]","[7,16]"
fixed-r2,0,1,0,16,12,94b5e28fac745823455a38183868d2d18757f68a,23112f2c9e8a12a570d12825eb99d088bd74b8a2,True,True,1.0,"[62,2]","[62,2]"
fixed-r2,0,1,0,16,14,94b5e28fac745823455a38183868d2d18757f68a,23112f2c9e8a12a570d12825eb99d088bd74b8a2,True,True,1.0,"[19,27]","[19,27]"
fixed-r2,0,1,1,16,0,94b5e28fac745823455a38183868d2d18757f68a,23112f2c9e8a12a570d12825eb99d088bd74b8a2,True,True,1.0,"[27,49]","[27,49]"
fixed-r2,0,1,1,16,2,94b5e28fac745823455a38183868d2d18757f68a,23112f2c9e8a12a570d12825eb99d088bd74b8a2,True,True,1.0,"[60,3]","[60,3]"
fixed-r2,0,1,1,16,4,94b5e28fac745823455a38183868d2d18757f68a,23112f2c9e8a12a570d12825eb99d088bd74b8a2,True,True,1.0,"[21,41]","[21,41]"
fixed-r2,0,1,1,16,6,94b5e28fac745823455a38183868d2d18757f68a,23112f2c9e8a12a570d12825eb99d088bd74b8a2,True,True,1.0,"[12,2]","[12,2]"
fixed-r2,0,1,1,16,8,94b5e28fac745823455a38183868d2d18757f68a,23112f2c9e8a12a570d12825eb99d088bd74b8a2,True,True,1.0,"[9,25]","[9,25]"
fixed-r2,0,1,1,16,10,94b5e28fac745823455a38183868d2d18757f68a,23112f2c9e8a12a570d12825eb99d088bd74b8a2,True,True,1.0,"[14,1]","[14,1]"
fixed-r2,0,1,1,16,12,94b5e28fac745823455a38183868d2d18757f68a,23112f2c9e8a12a570d12825eb99d088bd74b8a2,True,True,1.0,"[12,35]","[12,35]"
fixed-r2,0,1,1,16,14,94b5e28fac745823455a38183868d2d18757f68a,23112f2c9e8a12a570d12825eb99d088bd74b8a2,True,True,1.0,"[35,10]","[35,10]"
fixed-r2,0,1,0,16,0,d644ccabbb7508d5d47c7b231c4d3f82ee470f83,8271e9c7f7153b815a28ad2c27f6deb575833cad,True,True,1.0,"[55,62]","[55,62]"
fixed-r2,0,1,0,16,2,d644ccabbb7508d5d47c7b231c4d3f82ee470f83,8271e9c7f7153b815a28ad2c27f6deb575833cad,True,True,1.0,"[11,46]","[11,46]"
fixed-r2,0,1,0,16,4,d644ccabbb7508d5d47c7b231c4d3f82ee470f83,8271e9c7f7153b815a28ad2c27f6deb575833cad,True,True,1.0,"[62,63]","[62,63]"
fixed-r2,0,1,0,16,6,d644ccabbb7508d5d47c7b231c4d3f82ee470f83,8271e9c7f7153b815a28ad2c27f6deb575833cad,True,True,1.0,"[11,5]","[11,5]"
fixed-r2,0,1,0,16,8,d644ccabbb7508d5d47c7b231c4d3f82ee470f83,8271e9c7f7153b815a28ad2c27f6deb575833cad,True,True,1.0,"[23,27]","[23,27]"
fixed-r2,0,1,0,16,10,d644ccabbb7508d5d47c7b231c4d3f82ee470f83,8271e9c7f7153b815a28ad2c27f6deb575833cad,True,True,1.0,"[2,59]","[2,59]"
fixed-r2,0,1,0,16,12,d644ccabbb7508d5d47c7b231c4d3f82ee470f83,8271e9c7f7153b815a28ad2c27f6deb575833cad,True,True,1.0,"[20,12]","[20,12]"
fixed-r2,0,1,0,16,14,d644ccabbb7508d5d47c7b231c4d3f82ee470f83,8271e9c7f7153b815a28ad2c27f6deb575833cad,True,True,1.0,"[20,3]","[20,3]"
fixed-r2,0,1,1,16,0,d644ccabbb7508d5d47c7b231c4d3f82ee470f83,8271e9c7f7153b815a28ad2c27f6deb575833cad,True,True,1.0,"[50,43]","[50,43]"
fixed-r2,0,1,1,16,2,d644ccabbb7508d5d47c7b231c4d3f82ee470f83,8271e9c7f7153b815a28ad2c27f6deb575833cad,True,True,1.0,"[32,27]","[32,27]"
fixed-r2,0,1,1,16,4,d644ccabbb7508d5d47c7b231c4d3f82ee470f83,8271e9c7f7153b815a28ad2c27f6deb575833cad,True,True,1.0,"[27,33]","[27,33]"
fixed-r2,0,1,1,16,6,d644ccabbb7508d5d47c7b231c4d3f82ee470f83,8271e9c7f7153b815a28ad2c27f6deb575833cad,True,True,1.0,"[31,50]","[31,50]"
fixed-r2,0,1,1,16,8,d644ccabbb7508d5d47c7b231c4d3f82ee470f83,8271e9c7f7153b815a28ad2c27f6deb575833cad,True,True,1.0,"[55,53]","[55,53]"
fixed-r2,0,1,1,16,10,d644ccabbb7508d5d47c7b231c4d3f82ee470f83,8271e9c7f7153b815a28ad2c27f6deb575833cad,True,True,1.0,"[18,12]","[18,12]"
fixed-r2,0,1,1,16,12,d644ccabbb7508d5d47c7b231c4d3f82ee470f83,8271e9c7f7153b815a28ad2c27f6deb575833cad,True,True,1.0,"[35,59]","[35,59]"
fixed-r2,0,1,1,16,14,d644ccabbb7508d5d47c7b231c4d3f82ee470f83,8271e9c7f7153b815a28ad2c27f6deb575833cad,True,True,1.0,"[38,20]","[38,20]"
fixed-r2,16,1,0,16,0,2b16372207e3344688f093f9c78460489a485fa6,60c33dc441937d75a986217023e83ee5748a59f5,True,False,0.5,"[8,9]","[8,25]"
fixed-r2,16,1,0,16,2,2b16372207e3344688f093f9c78460489a485fa6,60c33dc441937d75a986217023e83ee5748a59f5,True,True,1.0,"[39,54]","[39,54]"
fixed-r2,16,1,0,16,4,2b16372207e3344688f093f9c78460489a485fa6,60c33dc441937d75a986217023e83ee5748a59f5,False,False,0.5,"[25,62]","[32,25]"
fixed-r2,16,1,0,16,6,2b16372207e3344688f093f9c78460489a485fa6,60c33dc441937d75a986217023e83ee5748a59f5,True,True,1.0,"[46,28]","[46,28]"
fixed-r2,16,1,0,16,8,2b16372207e3344688f093f9c78460489a485fa6,60c33dc441937d75a986217023e83ee5748a59f5,True,False,0.5,"[59,36]","[59,1]"
fixed-r2,16,1,0,16,10,2b16372207e3344688f093f9c78460489a485fa6,60c33dc441937d75a986217023e83ee5748a59f5,True,False,0.5,"[57,33]","[57,48]"
fixed-r2,16,1,0,16,12,2b16372207e3344688f093f9c78460489a485fa6,60c33dc441937d75a986217023e83ee5748a59f5,False,False,0.5,"[39,0]","[21,39]"
fixed-r2,16,1,0,16,14,2b16372207e3344688f093f9c78460489a485fa6,60c33dc441937d75a986217023e83ee5748a59f5,True,False,0.5,"[39,50]","[39,51]"
fixed-r2,16,1,1,16,0,2b16372207e3344688f093f9c78460489a485fa6,60c33dc441937d75a986217023e83ee5748a59f5,True,True,1.0,"[40,49]","[40,49]"
fixed-r2,16,1,1,16,2,2b16372207e3344688f093f9c78460489a485fa6,60c33dc441937d75a986217023e83ee5748a59f5,True,False,0.5,"[16,1]","[16,28]"
fixed-r2,16,1,1,16,4,2b16372207e3344688f093f9c78460489a485fa6,60c33dc441937d75a986217023e83ee5748a59f5,True,True,1.0,"[18,11]","[18,11]"
fixed-r2,16,1,1,16,6,2b16372207e3344688f093f9c78460489a485fa6,60c33dc441937d75a986217023e83ee5748a59f5,True,True,1.0,"[22,57]","[22,57]"
fixed-r2,16,1,1,16,8,2b16372207e3344688f093f9c78460489a485fa6,60c33dc441937d75a986217023e83ee5748a59f5,False,False,0.5,"[63,29]","[49,63]"
fixed-r2,16,1,1,16,10,2b16372207e3344688f093f9c78460489a485fa6,60c33dc441937d75a986217023e83ee5748a59f5,False,False,1.0,"[40,11]","[11,40]"
fixed-r2,16,1,1,16,12,2b16372207e3344688f093f9c78460489a485fa6,60c33dc441937d75a986217023e83ee5748a59f5,True,True,1.0,"[51,4]","[51,4]"
fixed-r2,16,1,1,16,14,2b16372207e3344688f093f9c78460489a485fa6,60c33dc441937d75a986217023e83ee5748a59f5,False,False,1.0,"[48,44]","[44,48]"
fixed-r2,16,1,0,16,0,57d6c25a7898568911088c4c8f3a08f3832ca730,84be71223ef6443c5775b6175b7dc4de57f447fd,True,False,0.5,"[24,11]","[24,31]"
fixed-r2,16,1,0,16,2,57d6c25a7898568911088c4c8f3a08f3832ca730,84be71223ef6443c5775b6175b7dc4de57f447fd,False,False,0.5,"[1,38]","[59,1]"
fixed-r2,16,1,0,16,4,57d6c25a7898568911088c4c8f3a08f3832ca730,84be71223ef6443c5775b6175b7dc4de57f447fd,True,True,1.0,"[34,6]","[34,6]"
fixed-r2,16,1,0,16,6,57d6c25a7898568911088c4c8f3a08f3832ca730,84be71223ef6443c5775b6175b7dc4de57f447fd,True,True,1.0,"[1,11]","[1,11]"
fixed-r2,16,1,0,16,8,57d6c25a7898568911088c4c8f3a08f3832ca730,84be71223ef6443c5775b6175b7dc4de57f447fd,True,False,0.5,"[8,52]","[8,59]"
fixed-r2,16,1,0,16,10,57d6c25a7898568911088c4c8f3a08f3832ca730,84be71223ef6443c5775b6175b7dc4de57f447fd,True,True,1.0,"[36,59]","[36,59]"
fixed-r2,16,1,0,16,12,57d6c25a7898568911088c4c8f3a08f3832ca730,84be71223ef6443c5775b6175b7dc4de57f447fd,True,True,1.0,"[40,15]","[40,15]"
fixed-r2,16,1,0,16,14,57d6c25a7898568911088c4c8f3a08f3832ca730,84be71223ef6443c5775b6175b7dc4de57f447fd,True,True,1.0,"[11,1]","[11,1]"
fixed-r2,16,1,1,16,0,57d6c25a7898568911088c4c8f3a08f3832ca730,84be71223ef6443c5775b6175b7dc4de57f447fd,True,False,0.5,"[47,52]","[47,29]"
fixed-r2,16,1,1,16,2,57d6c25a7898568911088c4c8f3a08f3832ca730,84be71223ef6443c5775b6175b7dc4de57f447fd,False,False,1.0,"[49,57]","[57,49]"
fixed-r2,16,1,1,16,4,57d6c25a7898568911088c4c8f3a08f3832ca730,84be71223ef6443c5775b6175b7dc4de57f447fd,True,False,0.5,"[57,12]","[57,54]"
fixed-r2,16,1,1,16,6,57d6c25a7898568911088c4c8f3a08f3832ca730,84be71223ef6443c5775b6175b7dc4de57f447fd,False,False,0.5,"[17,57]","[57,36]"
fixed-r2,16,1,1,16,8,57d6c25a7898568911088c4c8f3a08f3832ca730,84be71223ef6443c5775b6175b7dc4de57f447fd,True,False,0.5,"[16,20]","[16,4]"
fixed-r2,16,1,1,16,10,57d6c25a7898568911088c4c8f3a08f3832ca730,84be71223ef6443c5775b6175b7dc4de57f447fd,True,False,0.5,"[57,7]","[57,12]"
fixed-r2,16,1,1,16,12,57d6c25a7898568911088c4c8f3a08f3832ca730,84be71223ef6443c5775b6175b7dc4de57f447fd,False,False,0.5,"[36,49]","[12,36]"
fixed-r2,16,1,1,16,14,57d6c25a7898568911088c4c8f3a08f3832ca730,84be71223ef6443c5775b6175b7dc4de57f447fd,True,True,1.0,"[57,31]","[57,31]"
fixed-r2,16,1,0,16,0,94b5e28fac745823455a38183868d2d18757f68a,23112f2c9e8a12a570d12825eb99d088bd74b8a2,True,False,0.5,"[48,4]","[48,32]"
fixed-r2,16,1,0,16,2,94b5e28fac745823455a38183868d2d18757f68a,23112f2c9e8a12a570d12825eb99d088bd74b8a2,True,True,1.0,"[19,51]","[19,51]"
fixed-r2,16,1,0,16,4,94b5e28fac745823455a38183868d2d18757f68a,23112f2c9e8a12a570d12825eb99d088bd74b8a2,False,False,0.5,"[11,1]","[13,11]"
fixed-r2,16,1,0,16,6,94b5e28fac745823455a38183868d2d18757f68a,23112f2c9e8a12a570d12825eb99d088bd74b8a2,False,False,1.0,"[32,39]","[39,32]"
fixed-r2,16,1,0,16,8,94b5e28fac745823455a38183868d2d18757f68a,23112f2c9e8a12a570d12825eb99d088bd74b8a2,True,False,0.5,"[25,62]","[25,36]"
fixed-r2,16,1,0,16,10,94b5e28fac745823455a38183868d2d18757f68a,23112f2c9e8a12a570d12825eb99d088bd74b8a2,True,False,0.5,"[7,51]","[7,5]"
fixed-r2,16,1,0,16,12,94b5e28fac745823455a38183868d2d18757f68a,23112f2c9e8a12a570d12825eb99d088bd74b8a2,False,False,0.5,"[2,32]","[62,2]"
fixed-r2,16,1,0,16,14,94b5e28fac745823455a38183868d2d18757f68a,23112f2c9e8a12a570d12825eb99d088bd74b8a2,False,False,0.0,"[27,44]","[19,61]"
fixed-r2,16,1,1,16,0,94b5e28fac745823455a38183868d2d18757f68a,23112f2c9e8a12a570d12825eb99d088bd74b8a2,True,True,1.0,"[49,1]","[49,1]"
fixed-r2,16,1,1,16,2,94b5e28fac745823455a38183868d2d18757f68a,23112f2c9e8a12a570d12825eb99d088bd74b8a2,True,False,0.5,"[48,29]","[48,60]"
fixed-r2,16,1,1,16,4,94b5e28fac745823455a38183868d2d18757f68a,23112f2c9e8a12a570d12825eb99d088bd74b8a2,True,False,0.5,"[21,28]","[21,12]"
fixed-r2,16,1,1,16,6,94b5e28fac745823455a38183868d2d18757f68a,23112f2c9e8a12a570d12825eb99d088bd74b8a2,True,True,1.0,"[12,50]","[12,50]"
fixed-r2,16,1,1,16,8,94b5e28fac745823455a38183868d2d18757f68a,23112f2c9e8a12a570d12825eb99d088bd74b8a2,False,False,0.0,"[26,49]","[12,52]"
fixed-r2,16,1,1,16,10,94b5e28fac745823455a38183868d2d18757f68a,23112f2c9e8a12a570d12825eb99d088bd74b8a2,False,False,1.0,"[14,63]","[63,14]"
fixed-r2,16,1,1,16,12,94b5e28fac745823455a38183868d2d18757f68a,23112f2c9e8a12a570d12825eb99d088bd74b8a2,True,True,1.0,"[12,18]","[12,18]"
fixed-r2,16,1,1,16,14,94b5e28fac745823455a38183868d2d18757f68a,23112f2c9e8a12a570d12825eb99d088bd74b8a2,False,False,0.5,"[52,10]","[26,52]"
fixed-r2,16,1,0,16,0,d644ccabbb7508d5d47c7b231c4d3f82ee470f83,8271e9c7f7153b815a28ad2c27f6deb575833cad,False,False,1.0,"[46,55]","[55,46]"
fixed-r2,16,1,0,16,2,d644ccabbb7508d5d47c7b231c4d3f82ee470f83,8271e9c7f7153b815a28ad2c27f6deb575833cad,False,False,0.0,"[46,17]","[59,1]"
fixed-r2,16,1,0,16,4,d644ccabbb7508d5d47c7b231c4d3f82ee470f83,8271e9c7f7153b815a28ad2c27f6deb575833cad,True,False,0.5,"[62,55]","[62,63]"
fixed-r2,16,1,0,16,6,d644ccabbb7508d5d47c7b231c4d3f82ee470f83,8271e9c7f7153b815a28ad2c27f6deb575833cad,True,True,1.0,"[11,39]","[11,39]"
fixed-r2,16,1,0,16,8,d644ccabbb7508d5d47c7b231c4d3f82ee470f83,8271e9c7f7153b815a28ad2c27f6deb575833cad,True,False,0.5,"[36,46]","[36,44]"
fixed-r2,16,1,0,16,10,d644ccabbb7508d5d47c7b231c4d3f82ee470f83,8271e9c7f7153b815a28ad2c27f6deb575833cad,False,False,1.0,"[2,59]","[59,2]"
fixed-r2,16,1,0,16,12,d644ccabbb7508d5d47c7b231c4d3f82ee470f83,8271e9c7f7153b815a28ad2c27f6deb575833cad,False,False,0.5,"[20,1]","[44,20]"
fixed-r2,16,1,0,16,14,d644ccabbb7508d5d47c7b231c4d3f82ee470f83,8271e9c7f7153b815a28ad2c27f6deb575833cad,True,False,0.5,"[57,20]","[57,52]"
fixed-r2,16,1,1,16,0,d644ccabbb7508d5d47c7b231c4d3f82ee470f83,8271e9c7f7153b815a28ad2c27f6deb575833cad,True,False,0.5,"[50,12]","[50,52]"
fixed-r2,16,1,1,16,2,d644ccabbb7508d5d47c7b231c4d3f82ee470f83,8271e9c7f7153b815a28ad2c27f6deb575833cad,True,True,1.0,"[28,63]","[28,63]"
fixed-r2,16,1,1,16,4,d644ccabbb7508d5d47c7b231c4d3f82ee470f83,8271e9c7f7153b815a28ad2c27f6deb575833cad,True,False,0.5,"[27,31]","[27,33]"
fixed-r2,16,1,1,16,6,d644ccabbb7508d5d47c7b231c4d3f82ee470f83,8271e9c7f7153b815a28ad2c27f6deb575833cad,False,False,0.5,"[48,50]","[50,31]"
fixed-r2,16,1,1,16,8,d644ccabbb7508d5d47c7b231c4d3f82ee470f83,8271e9c7f7153b815a28ad2c27f6deb575833cad,True,True,1.0,"[36,42]","[36,42]"
fixed-r2,16,1,1,16,10,d644ccabbb7508d5d47c7b231c4d3f82ee470f83,8271e9c7f7153b815a28ad2c27f6deb575833cad,True,True,1.0,"[18,12]","[18,12]"
fixed-r2,16,1,1,16,12,d644ccabbb7508d5d47c7b231c4d3f82ee470f83,8271e9c7f7153b815a28ad2c27f6deb575833cad,False,False,0.5,"[40,20]","[35,40]"
fixed-r2,16,1,1,16,14,d644ccabbb7508d5d47c7b231c4d3f82ee470f83,8271e9c7f7153b815a28ad2c27f6deb575833cad,True,False,0.5,"[38,6]","[38,20]"
fixed-r2,64,1,0,16,0,2b16372207e3344688f093f9c78460489a485fa6,60c33dc441937d75a986217023e83ee5748a59f5,False,False,0.5,"[21,8]","[25,21]"
fixed-r2,64,1,0,16,2,2b16372207e3344688f093f9c78460489a485fa6,60c33dc441937d75a986217023e83ee5748a59f5,False,False,0.0,"[54,5]","[21,39]"
fixed-r2,64,1,0,16,4,2b16372207e3344688f093f9c78460489a485fa6,60c33dc441937d75a986217023e83ee5748a59f5,True,False,0.5,"[32,18]","[32,25]"
fixed-r2,64,1,0,16,6,2b16372207e3344688f093f9c78460489a485fa6,60c33dc441937d75a986217023e83ee5748a59f5,False,False,0.5,"[11,52]","[52,5]"
fixed-r2,64,1,0,16,8,2b16372207e3344688f093f9c78460489a485fa6,60c33dc441937d75a986217023e83ee5748a59f5,True,False,0.5,"[36,59]","[36,1]"
fixed-r2,64,1,0,16,10,2b16372207e3344688f093f9c78460489a485fa6,60c33dc441937d75a986217023e83ee5748a59f5,True,False,0.5,"[57,51]","[57,48]"
fixed-r2,64,1,0,16,12,2b16372207e3344688f093f9c78460489a485fa6,60c33dc441937d75a986217023e83ee5748a59f5,False,False,0.0,"[52,0]","[21,59]"
fixed-r2,64,1,0,16,14,2b16372207e3344688f093f9c78460489a485fa6,60c33dc441937d75a986217023e83ee5748a59f5,True,True,1.0,"[51,39]","[51,39]"
fixed-r2,64,1,1,16,0,2b16372207e3344688f093f9c78460489a485fa6,60c33dc441937d75a986217023e83ee5748a59f5,True,False,0.5,"[57,4]","[57,40]"
fixed-r2,64,1,1,16,2,2b16372207e3344688f093f9c78460489a485fa6,60c33dc441937d75a986217023e83ee5748a59f5,True,False,0.5,"[16,1]","[16,53]"
fixed-r2,64,1,1,16,4,2b16372207e3344688f093f9c78460489a485fa6,60c33dc441937d75a986217023e83ee5748a59f5,True,False,0.5,"[57,52]","[57,9]"
fixed-r2,64,1,1,16,6,2b16372207e3344688f093f9c78460489a485fa6,60c33dc441937d75a986217023e83ee5748a59f5,False,False,1.0,"[22,61]","[61,22]"
fixed-r2,64,1,1,16,8,2b16372207e3344688f093f9c78460489a485fa6,60c33dc441937d75a986217023e83ee5748a59f5,False,False,0.0,"[10,4]","[17,53]"
fixed-r2,64,1,1,16,10,2b16372207e3344688f093f9c78460489a485fa6,60c33dc441937d75a986217023e83ee5748a59f5,True,False,0.5,"[18,40]","[18,11]"
fixed-r2,64,1,1,16,12,2b16372207e3344688f093f9c78460489a485fa6,60c33dc441937d75a986217023e83ee5748a59f5,True,True,1.0,"[51,1]","[51,1]"
fixed-r2,64,1,1,16,14,2b16372207e3344688f093f9c78460489a485fa6,60c33dc441937d75a986217023e83ee5748a59f5,False,False,0.5,"[57,44]","[44,9]"
fixed-r2,64,1,0,16,0,57d6c25a7898568911088c4c8f3a08f3832ca730,84be71223ef6443c5775b6175b7dc4de57f447fd,False,False,0.0,"[11,1]","[24,18]"
fixed-r2,64,1,0,16,2,57d6c25a7898568911088c4c8f3a08f3832ca730,84be71223ef6443c5775b6175b7dc4de57f447fd,False,False,0.5,"[1,59]","[59,32]"
fixed-r2,64,1,0,16,4,57d6c25a7898568911088c4c8f3a08f3832ca730,84be71223ef6443c5775b6175b7dc4de57f447fd,True,False,0.5,"[34,54]","[34,56]"
fixed-r2,64,1,0,16,6,57d6c25a7898568911088c4c8f3a08f3832ca730,84be71223ef6443c5775b6175b7dc4de57f447fd,True,False,0.5,"[11,31]","[11,52]"
fixed-r2,64,1,0,16,8,57d6c25a7898568911088c4c8f3a08f3832ca730,84be71223ef6443c5775b6175b7dc4de57f447fd,False,False,1.0,"[52,18]","[18,52]"
fixed-r2,64,1,0,16,10,57d6c25a7898568911088c4c8f3a08f3832ca730,84be71223ef6443c5775b6175b7dc4de57f447fd,False,False,0.5,"[58,34]","[59,34]"
fixed-r2,64,1,0,16,12,57d6c25a7898568911088c4c8f3a08f3832ca730,84be71223ef6443c5775b6175b7dc4de57f447fd,True,True,1.0,"[34,58]","[34,58]"
fixed-r2,64,1,0,16,14,57d6c25a7898568911088c4c8f3a08f3832ca730,84be71223ef6443c5775b6175b7dc4de57f447fd,True,False,0.5,"[11,52]","[11,51]"
fixed-r2,64,1,1,16,0,57d6c25a7898568911088c4c8f3a08f3832ca730,84be71223ef6443c5775b6175b7dc4de57f447fd,False,False,0.0,"[48,22]","[47,61]"
fixed-r2,64,1,1,16,2,57d6c25a7898568911088c4c8f3a08f3832ca730,84be71223ef6443c5775b6175b7dc4de57f447fd,True,False,0.5,"[57,52]","[57,50]"
fixed-r2,64,1,1,16,4,57d6c25a7898568911088c4c8f3a08f3832ca730,84be71223ef6443c5775b6175b7dc4de57f447fd,True,True,1.0,"[57,54]","[57,54]"
fixed-r2,64,1,1,16,6,57d6c25a7898568911088c4c8f3a08f3832ca730,84be71223ef6443c5775b6175b7dc4de57f447fd,True,False,0.5,"[57,20]","[57,1]"
fixed-r2,64,1,1,16,8,57d6c25a7898568911088c4c8f3a08f3832ca730,84be71223ef6443c5775b6175b7dc4de57f447fd,False,False,0.0,"[20,4]","[36,57]"
fixed-r2,64,1,1,16,10,57d6c25a7898568911088c4c8f3a08f3832ca730,84be71223ef6443c5775b6175b7dc4de57f447fd,True,True,1.0,"[57,56]","[57,56]"
fixed-r2,64,1,1,16,12,57d6c25a7898568911088c4c8f3a08f3832ca730,84be71223ef6443c5775b6175b7dc4de57f447fd,True,True,1.0,"[57,36]","[57,36]"
fixed-r2,64,1,1,16,14,57d6c25a7898568911088c4c8f3a08f3832ca730,84be71223ef6443c5775b6175b7dc4de57f447fd,True,True,1.0,"[57,31]","[57,31]"
fixed-r2,64,1,0,16,0,94b5e28fac745823455a38183868d2d18757f68a,23112f2c9e8a12a570d12825eb99d088bd74b8a2,False,False,0.5,"[59,4]","[32,4]"
fixed-r2,64,1,0,16,2,94b5e28fac745823455a38183868d2d18757f68a,23112f2c9e8a12a570d12825eb99d088bd74b8a2,False,False,0.5,"[51,15]","[18,51]"
fixed-r2,64,1,0,16,4,94b5e28fac745823455a38183868d2d18757f68a,23112f2c9e8a12a570d12825eb99d088bd74b8a2,True,False,0.5,"[11,30]","[11,21]"
fixed-r2,64,1,0,16,6,94b5e28fac745823455a38183868d2d18757f68a,23112f2c9e8a12a570d12825eb99d088bd74b8a2,False,False,1.0,"[33,39]","[39,33]"
fixed-r2,64,1,0,16,8,94b5e28fac745823455a38183868d2d18757f68a,23112f2c9e8a12a570d12825eb99d088bd74b8a2,True,False,0.5,"[21,11]","[21,32]"
fixed-r2,64,1,0,16,10,94b5e28fac745823455a38183868d2d18757f68a,23112f2c9e8a12a570d12825eb99d088bd74b8a2,False,False,0.5,"[5,31]","[25,31]"
fixed-r2,64,1,0,16,12,94b5e28fac745823455a38183868d2d18757f68a,23112f2c9e8a12a570d12825eb99d088bd74b8a2,True,False,0.5,"[32,30]","[32,18]"
fixed-r2,64,1,0,16,14,94b5e28fac745823455a38183868d2d18757f68a,23112f2c9e8a12a570d12825eb99d088bd74b8a2,True,False,0.5,"[56,59]","[56,5]"
fixed-r2,64,1,1,16,0,94b5e28fac745823455a38183868d2d18757f68a,23112f2c9e8a12a570d12825eb99d088bd74b8a2,True,False,0.5,"[1,49]","[1,57]"
fixed-r2,64,1,1,16,2,94b5e28fac745823455a38183868d2d18757f68a,23112f2c9e8a12a570d12825eb99d088bd74b8a2,False,False,0.5,"[57,48]","[60,48]"
fixed-r2,64,1,1,16,4,94b5e28fac745823455a38183868d2d18757f68a,23112f2c9e8a12a570d12825eb99d088bd74b8a2,False,False,1.0,"[57,21]","[21,57]"
fixed-r2,64,1,1,16,6,94b5e28fac745823455a38183868d2d18757f68a,23112f2c9e8a12a570d12825eb99d088bd74b8a2,False,False,1.0,"[56,50]","[50,56]"
fixed-r2,64,1,1,16,8,94b5e28fac745823455a38183868d2d18757f68a,23112f2c9e8a12a570d12825eb99d088bd74b8a2,False,False,0.0,"[48,52]","[56,57]"
fixed-r2,64,1,1,16,10,94b5e28fac745823455a38183868d2d18757f68a,23112f2c9e8a12a570d12825eb99d088bd74b8a2,False,False,0.5,"[52,63]","[63,1]"
fixed-r2,64,1,1,16,12,94b5e28fac745823455a38183868d2d18757f68a,23112f2c9e8a12a570d12825eb99d088bd74b8a2,False,False,0.5,"[12,57]","[1,57]"
fixed-r2,64,1,1,16,14,94b5e28fac745823455a38183868d2d18757f68a,23112f2c9e8a12a570d12825eb99d088bd74b8a2,False,False,0.5,"[20,10]","[1,10]"
fixed-r2,64,1,0,16,0,d644ccabbb7508d5d47c7b231c4d3f82ee470f83,8271e9c7f7153b815a28ad2c27f6deb575833cad,True,False,0.5,"[52,46]","[52,56]"
fixed-r2,64,1,0,16,2,d644ccabbb7508d5d47c7b231c4d3f82ee470f83,8271e9c7f7153b815a28ad2c27f6deb575833cad,True,False,0.5,"[59,11]","[59,21]"
fixed-r2,64,1,0,16,4,d644ccabbb7508d5d47c7b231c4d3f82ee470f83,8271e9c7f7153b815a28ad2c27f6deb575833cad,True,False,0.5,"[11,35]","[11,18]"
fixed-r2,64,1,0,16,6,d644ccabbb7508d5d47c7b231c4d3f82ee470f83,8271e9c7f7153b815a28ad2c27f6deb575833cad,False,False,0.5,"[11,59]","[32,11]"
fixed-r2,64,1,0,16,8,d644ccabbb7508d5d47c7b231c4d3f82ee470f83,8271e9c7f7153b815a28ad2c27f6deb575833cad,False,False,0.0,"[46,1]","[21,59]"
fixed-r2,64,1,0,16,10,d644ccabbb7508d5d47c7b231c4d3f82ee470f83,8271e9c7f7153b815a28ad2c27f6deb575833cad,True,False,0.5,"[52,2]","[52,59]"
fixed-r2,64,1,0,16,12,d644ccabbb7508d5d47c7b231c4d3f82ee470f83,8271e9c7f7153b815a28ad2c27f6deb575833cad,False,False,0.5,"[52,11]","[18,52]"
fixed-r2,64,1,0,16,14,d644ccabbb7508d5d47c7b231c4d3f82ee470f83,8271e9c7f7153b815a28ad2c27f6deb575833cad,False,False,0.5,"[52,47]","[39,52]"
fixed-r2,64,1,1,16,0,d644ccabbb7508d5d47c7b231c4d3f82ee470f83,8271e9c7f7153b815a28ad2c27f6deb575833cad,True,False,0.5,"[50,12]","[50,4]"
fixed-r2,64,1,1,16,2,d644ccabbb7508d5d47c7b231c4d3f82ee470f83,8271e9c7f7153b815a28ad2c27f6deb575833cad,True,False,0.5,"[57,48]","[57,28]"
fixed-r2,64,1,1,16,4,d644ccabbb7508d5d47c7b231c4d3f82ee470f83,8271e9c7f7153b815a28ad2c27f6deb575833cad,False,False,0.0,"[27,31]","[1,56]"
fixed-r2,64,1,1,16,6,d644ccabbb7508d5d47c7b231c4d3f82ee470f83,8271e9c7f7153b815a28ad2c27f6deb575833cad,False,False,0.5,"[56,31]","[31,57]"
fixed-r2,64,1,1,16,8,d644ccabbb7508d5d47c7b231c4d3f82ee470f83,8271e9c7f7153b815a28ad2c27f6deb575833cad,True,True,1.0,"[36,42]","[36,42]"
fixed-r2,64,1,1,16,10,d644ccabbb7508d5d47c7b231c4d3f82ee470f83,8271e9c7f7153b815a28ad2c27f6deb575833cad,True,False,0.5,"[18,20]","[18,48]"
fixed-r2,64,1,1,16,12,d644ccabbb7508d5d47c7b231c4d3f82ee470f83,8271e9c7f7153b815a28ad2c27f6deb575833cad,True,False,0.5,"[20,40]","[20,57]"
fixed-r2,64,1,1,16,14,d644ccabbb7508d5d47c7b231c4d3f82ee470f83,8271e9c7f7153b815a28ad2c27f6deb575833cad,False,False,0.5,"[38,20]","[20,50]"
fixed-r2,128,1,0,16,0,2b16372207e3344688f093f9c78460489a485fa6,60c33dc441937d75a986217023e83ee5748a59f5,True,False,0.5,"[39,52]","[39,5]"
fixed-r2,128,1,0,16,2,2b16372207e3344688f093f9c78460489a485fa6,60c33dc441937d75a986217023e83ee5748a59f5,True,False,0.5,"[39,5]","[39,32]"
fixed-r2,128,1,0,16,4,2b16372207e3344688f093f9c78460489a485fa6,60c33dc441937d75a986217023e83ee5748a59f5,True,False,0.5,"[39,18]","[39,32]"
fixed-r2,128,1,0,16,6,2b16372207e3344688f093f9c78460489a485fa6,60c33dc441937d75a986217023e83ee5748a59f5,True,True,1.0,"[39,52]","[39,52]"
fixed-r2,128,1,0,16,8,2b16372207e3344688f093f9c78460489a485fa6,60c33dc441937d75a986217023e83ee5748a59f5,True,True,1.0,"[39,52]","[39,52]"
fixed-r2,128,1,0,16,10,2b16372207e3344688f093f9c78460489a485fa6,60c33dc441937d75a986217023e83ee5748a59f5,False,False,0.5,"[57,0]","[39,57]"
fixed-r2,128,1,0,16,12,2b16372207e3344688f093f9c78460489a485fa6,60c33dc441937d75a986217023e83ee5748a59f5,True,False,0.5,"[39,0]","[39,50]"
fixed-r2,128,1,0,16,14,2b16372207e3344688f093f9c78460489a485fa6,60c33dc441937d75a986217023e83ee5748a59f5,True,False,0.5,"[39,0]","[39,5]"
fixed-r2,128,1,1,16,0,2b16372207e3344688f093f9c78460489a485fa6,60c33dc441937d75a986217023e83ee5748a59f5,False,False,0.5,"[50,40]","[57,40]"
fixed-r2,128,1,1,16,2,2b16372207e3344688f093f9c78460489a485fa6,60c33dc441937d75a986217023e83ee5748a59f5,False,False,0.5,"[16,29]","[57,16]"
fixed-r2,128,1,1,16,4,2b16372207e3344688f093f9c78460489a485fa6,60c33dc441937d75a986217023e83ee5748a59f5,False,False,0.0,"[50,18]","[57,1]"
fixed-r2,128,1,1,16,6,2b16372207e3344688f093f9c78460489a485fa6,60c33dc441937d75a986217023e83ee5748a59f5,False,False,0.0,"[50,48]","[22,57]"
fixed-r2,128,1,1,16,8,2b16372207e3344688f093f9c78460489a485fa6,60c33dc441937d75a986217023e83ee5748a59f5,False,False,0.0,"[50,48]","[56,1]"
fixed-r2,128,1,1,16,10,2b16372207e3344688f093f9c78460489a485fa6,60c33dc441937d75a986217023e83ee5748a59f5,False,False,0.0,"[50,40]","[18,11]"
fixed-r2,128,1,1,16,12,2b16372207e3344688f093f9c78460489a485fa6,60c33dc441937d75a986217023e83ee5748a59f5,True,False,0.5,"[51,1]","[51,50]"
fixed-r2,128,1,1,16,14,2b16372207e3344688f093f9c78460489a485fa6,60c33dc441937d75a986217023e83ee5748a59f5,False,False,0.0,"[22,48]","[57,44]"
fixed-r2,128,1,0,16,0,57d6c25a7898568911088c4c8f3a08f3832ca730,84be71223ef6443c5775b6175b7dc4de57f447fd,True,False,0.5,"[39,52]","[39,18]"
fixed-r2,128,1,0,16,2,57d6c25a7898568911088c4c8f3a08f3832ca730,84be71223ef6443c5775b6175b7dc4de57f447fd,True,False,0.5,"[39,52]","[39,32]"
fixed-r2,128,1,0,16,4,57d6c25a7898568911088c4c8f3a08f3832ca730,84be71223ef6443c5775b6175b7dc4de57f447fd,True,False,0.5,"[39,52]","[39,5]"
fixed-r2,128,1,0,16,6,57d6c25a7898568911088c4c8f3a08f3832ca730,84be71223ef6443c5775b6175b7dc4de57f447fd,True,True,1.0,"[39,52]","[39,52]"
fixed-r2,128,1,0,16,8,57d6c25a7898568911088c4c8f3a08f3832ca730,84be71223ef6443c5775b6175b7dc4de57f447fd,True,True,1.0,"[39,52]","[39,52]"
fixed-r2,128,1,0,16,10,57d6c25a7898568911088c4c8f3a08f3832ca730,84be71223ef6443c5775b6175b7dc4de57f447fd,True,False,0.5,"[39,52]","[39,59]"
fixed-r2,128,1,0,16,12,57d6c25a7898568911088c4c8f3a08f3832ca730,84be71223ef6443c5775b6175b7dc4de57f447fd,True,False,0.5,"[39,52]","[39,32]"
fixed-r2,128,1,0,16,14,57d6c25a7898568911088c4c8f3a08f3832ca730,84be71223ef6443c5775b6175b7dc4de57f447fd,True,False,0.5,"[39,11]","[39,50]"
fixed-r2,128,1,1,16,0,57d6c25a7898568911088c4c8f3a08f3832ca730,84be71223ef6443c5775b6175b7dc4de57f447fd,False,False,0.5,"[48,22]","[57,22]"
fixed-r2,128,1,1,16,2,57d6c25a7898568911088c4c8f3a08f3832ca730,84be71223ef6443c5775b6175b7dc4de57f447fd,False,False,0.0,"[50,12]","[57,4]"
fixed-r2,128,1,1,16,4,57d6c25a7898568911088c4c8f3a08f3832ca730,84be71223ef6443c5775b6175b7dc4de57f447fd,False,False,0.0,"[50,12]","[57,22]"
fixed-r2,128,1,1,16,6,57d6c25a7898568911088c4c8f3a08f3832ca730,84be71223ef6443c5775b6175b7dc4de57f447fd,True,True,1.0,"[50,12]","[50,12]"
fixed-r2,128,1,1,16,8,57d6c25a7898568911088c4c8f3a08f3832ca730,84be71223ef6443c5775b6175b7dc4de57f447fd,False,False,0.0,"[50,26]","[36,18]"
fixed-r2,128,1,1,16,10,57d6c25a7898568911088c4c8f3a08f3832ca730,84be71223ef6443c5775b6175b7dc4de57f447fd,False,False,0.0,"[50,40]","[57,56]"
fixed-r2,128,1,1,16,12,57d6c25a7898568911088c4c8f3a08f3832ca730,84be71223ef6443c5775b6175b7dc4de57f447fd,False,False,0.0,"[50,12]","[57,36]"
fixed-r2,128,1,1,16,14,57d6c25a7898568911088c4c8f3a08f3832ca730,84be71223ef6443c5775b6175b7dc4de57f447fd,False,False,0.0,"[50,31]","[57,56]"
fixed-r2,128,1,0,16,0,94b5e28fac745823455a38183868d2d18757f68a,23112f2c9e8a12a570d12825eb99d088bd74b8a2,True,False,0.5,"[39,52]","[39,32]"
fixed-r2,128,1,0,16,2,94b5e28fac745823455a38183868d2d18757f68a,23112f2c9e8a12a570d12825eb99d088bd74b8a2,True,False,0.5,"[39,52]","[39,19]"
fixed-r2,128,1,0,16,4,94b5e28fac745823455a38183868d2d18757f68a,23112f2c9e8a12a570d12825eb99d088bd74b8a2,True,False,0.5,"[39,52]","[39,18]"
fixed-r2,128,1,0,16,6,94b5e28fac745823455a38183868d2d18757f68a,23112f2c9e8a12a570d12825eb99d088bd74b8a2,True,False,0.5,"[39,5]","[39,50]"
fixed-r2,128,1,0,16,8,94b5e28fac745823455a38183868d2d18757f68a,23112f2c9e8a12a570d12825eb99d088bd74b8a2,True,False,0.5,"[39,25]","[39,21]"
fixed-r2,128,1,0,16,10,94b5e28fac745823455a38183868d2d18757f68a,23112f2c9e8a12a570d12825eb99d088bd74b8a2,True,True,1.0,"[39,5]","[39,5]"
fixed-r2,128,1,0,16,12,94b5e28fac745823455a38183868d2d18757f68a,23112f2c9e8a12a570d12825eb99d088bd74b8a2,False,False,0.5,"[0,52]","[39,52]"
fixed-r2,128,1,0,16,14,94b5e28fac745823455a38183868d2d18757f68a,23112f2c9e8a12a570d12825eb99d088bd74b8a2,True,False,0.5,"[39,0]","[39,5]"
fixed-r2,128,1,1,16,0,94b5e28fac745823455a38183868d2d18757f68a,23112f2c9e8a12a570d12825eb99d088bd74b8a2,False,False,0.5,"[57,49]","[1,49]"
fixed-r2,128,1,1,16,2,94b5e28fac745823455a38183868d2d18757f68a,23112f2c9e8a12a570d12825eb99d088bd74b8a2,False,False,0.0,"[50,48]","[57,16]"
fixed-r2,128,1,1,16,4,94b5e28fac745823455a38183868d2d18757f68a,23112f2c9e8a12a570d12825eb99d088bd74b8a2,False,False,0.0,"[50,48]","[57,21]"
fixed-r2,128,1,1,16,6,94b5e28fac745823455a38183868d2d18757f68a,23112f2c9e8a12a570d12825eb99d088bd74b8a2,True,True,1.0,"[50,12]","[50,12]"
fixed-r2,128,1,1,16,8,94b5e28fac745823455a38183868d2d18757f68a,23112f2c9e8a12a570d12825eb99d088bd74b8a2,False,False,0.0,"[26,50]","[56,57]"
fixed-r2,128,1,1,16,10,94b5e28fac745823455a38183868d2d18757f68a,23112f2c9e8a12a570d12825eb99d088bd74b8a2,False,False,0.5,"[50,63]","[63,14]"
fixed-r2,128,1,1,16,12,94b5e28fac745823455a38183868d2d18757f68a,23112f2c9e8a12a570d12825eb99d088bd74b8a2,False,False,0.0,"[12,50]","[16,11]"
fixed-r2,128,1,1,16,14,94b5e28fac745823455a38183868d2d18757f68a,23112f2c9e8a12a570d12825eb99d088bd74b8a2,False,False,0.0,"[22,50]","[57,1]"
fixed-r2,128,1,0,16,0,d644ccabbb7508d5d47c7b231c4d3f82ee470f83,8271e9c7f7153b815a28ad2c27f6deb575833cad,True,True,1.0,"[39,52]","[39,52]"
fixed-r2,128,1,0,16,2,d644ccabbb7508d5d47c7b231c4d3f82ee470f83,8271e9c7f7153b815a28ad2c27f6deb575833cad,True,False,0.5,"[39,52]","[39,59]"
fixed-r2,128,1,0,16,4,d644ccabbb7508d5d47c7b231c4d3f82ee470f83,8271e9c7f7153b815a28ad2c27f6deb575833cad,False,False,1.0,"[52,39]","[39,52]"
fixed-r2,128,1,0,16,6,d644ccabbb7508d5d47c7b231c4d3f82ee470f83,8271e9c7f7153b815a28ad2c27f6deb575833cad,True,False,0.5,"[39,32]","[39,59]"
fixed-r2,128,1,0,16,8,d644ccabbb7508d5d47c7b231c4d3f82ee470f83,8271e9c7f7153b815a28ad2c27f6deb575833cad,False,False,0.5,"[59,36]","[39,59]"
fixed-r2,128,1,0,16,10,d644ccabbb7508d5d47c7b231c4d3f82ee470f83,8271e9c7f7153b815a28ad2c27f6deb575833cad,True,True,1.0,"[39,52]","[39,52]"
fixed-r2,128,1,0,16,12,d644ccabbb7508d5d47c7b231c4d3f82ee470f83,8271e9c7f7153b815a28ad2c27f6deb575833cad,True,False,0.5,"[39,52]","[39,18]"
fixed-r2,128,1,0,16,14,d644ccabbb7508d5d47c7b231c4d3f82ee470f83,8271e9c7f7153b815a28ad2c27f6deb575833cad,True,True,1.0,"[39,52]","[39,52]"
fixed-r2,128,1,1,16,0,d644ccabbb7508d5d47c7b231c4d3f82ee470f83,8271e9c7f7153b815a28ad2c27f6deb575833cad,False,False,0.0,"[50,12]","[57,56]"
fixed-r2,128,1,1,16,2,d644ccabbb7508d5d47c7b231c4d3f82ee470f83,8271e9c7f7153b815a28ad2c27f6deb575833cad,False,False,0.5,"[48,57]","[55,57]"
fixed-r2,128,1,1,16,4,d644ccabbb7508d5d47c7b231c4d3f82ee470f83,8271e9c7f7153b815a28ad2c27f6deb575833cad,True,False,0.5,"[50,26]","[50,1]"
fixed-r2,128,1,1,16,6,d644ccabbb7508d5d47c7b231c4d3f82ee470f83,8271e9c7f7153b815a28ad2c27f6deb575833cad,True,False,0.5,"[50,40]","[50,22]"
fixed-r2,128,1,1,16,8,d644ccabbb7508d5d47c7b231c4d3f82ee470f83,8271e9c7f7153b815a28ad2c27f6deb575833cad,False,False,0.0,"[2,55]","[57,36]"
fixed-r2,128,1,1,16,10,d644ccabbb7508d5d47c7b231c4d3f82ee470f83,8271e9c7f7153b815a28ad2c27f6deb575833cad,False,False,0.0,"[50,20]","[18,12]"
fixed-r2,128,1,1,16,12,d644ccabbb7508d5d47c7b231c4d3f82ee470f83,8271e9c7f7153b815a28ad2c27f6deb575833cad,False,False,0.0,"[20,40]","[57,16]"
fixed-r2,128,1,1,16,14,d644ccabbb7508d5d47c7b231c4d3f82ee470f83,8271e9c7f7153b815a28ad2c27f6deb575833cad,True,True,1.0,"[50,22]","[50,22]"
fixed-r4,0,1,0,16,0,2b16372207e3344688f093f9c78460489a485fa6,60c33dc441937d75a986217023e83ee5748a59f5,True,True,1.0,"[9,8,25,4]","[9,8,25,4]"
fixed-r4,0,1,0,16,2,2b16372207e3344688f093f9c78460489a485fa6,60c33dc441937d75a986217023e83ee5748a59f5,True,True,1.0,"[54,40,55,45]","[54,40,55,45]"
fixed-r4,0,1,0,16,4,2b16372207e3344688f093f9c78460489a485fa6,60c33dc441937d75a986217023e83ee5748a59f5,True,True,1.0,"[62,25,8,32]","[62,25,8,32]"
fixed-r4,0,1,0,16,6,2b16372207e3344688f093f9c78460489a485fa6,60c33dc441937d75a986217023e83ee5748a59f5,True,True,1.0,"[28,46,20,52]","[28,46,20,52]"
fixed-r4,0,1,0,16,8,2b16372207e3344688f093f9c78460489a485fa6,60c33dc441937d75a986217023e83ee5748a59f5,True,True,1.0,"[47,4,50,60]","[47,4,50,60]"
fixed-r4,0,1,0,16,10,2b16372207e3344688f093f9c78460489a485fa6,60c33dc441937d75a986217023e83ee5748a59f5,True,True,1.0,"[33,57,13,27]","[33,57,13,27]"
fixed-r4,0,1,0,16,12,2b16372207e3344688f093f9c78460489a485fa6,60c33dc441937d75a986217023e83ee5748a59f5,True,True,1.0,"[26,54,0,1]","[26,54,0,1]"
fixed-r4,0,1,0,16,14,2b16372207e3344688f093f9c78460489a485fa6,60c33dc441937d75a986217023e83ee5748a59f5,True,True,1.0,"[50,39,33,51]","[50,39,33,51]"
fixed-r4,0,1,1,16,0,2b16372207e3344688f093f9c78460489a485fa6,60c33dc441937d75a986217023e83ee5748a59f5,True,True,1.0,"[40,49,34,16]","[40,49,34,16]"
fixed-r4,0,1,1,16,2,2b16372207e3344688f093f9c78460489a485fa6,60c33dc441937d75a986217023e83ee5748a59f5,True,True,1.0,"[16,59,1,31]","[16,59,1,31]"
fixed-r4,0,1,1,16,4,2b16372207e3344688f093f9c78460489a485fa6,60c33dc441937d75a986217023e83ee5748a59f5,True,True,1.0,"[18,21,9,50]","[18,21,9,50]"
fixed-r4,0,1,1,16,6,2b16372207e3344688f093f9c78460489a485fa6,60c33dc441937d75a986217023e83ee5748a59f5,True,True,1.0,"[22,61,13,54]","[22,61,13,54]"
fixed-r4,0,1,1,16,8,2b16372207e3344688f093f9c78460489a485fa6,60c33dc441937d75a986217023e83ee5748a59f5,True,True,1.0,"[63,33,14,17]","[63,33,14,17]"
fixed-r4,0,1,1,16,10,2b16372207e3344688f093f9c78460489a485fa6,60c33dc441937d75a986217023e83ee5748a59f5,True,True,1.0,"[60,11,20,32]","[60,11,20,32]"
fixed-r4,0,1,1,16,12,2b16372207e3344688f093f9c78460489a485fa6,60c33dc441937d75a986217023e83ee5748a59f5,True,True,1.0,"[51,34,62,4]","[51,34,62,4]"
fixed-r4,0,1,1,16,14,2b16372207e3344688f093f9c78460489a485fa6,60c33dc441937d75a986217023e83ee5748a59f5,True,True,1.0,"[44,58,16,35]","[44,58,16,35]"
fixed-r4,0,1,0,16,0,57d6c25a7898568911088c4c8f3a08f3832ca730,84be71223ef6443c5775b6175b7dc4de57f447fd,True,True,1.0,"[24,23,22,8]","[24,23,22,8]"
fixed-r4,0,1,0,16,2,57d6c25a7898568911088c4c8f3a08f3832ca730,84be71223ef6443c5775b6175b7dc4de57f447fd,True,True,1.0,"[1,38,59,14]","[1,38,59,14]"
fixed-r4,0,1,0,16,4,57d6c25a7898568911088c4c8f3a08f3832ca730,84be71223ef6443c5775b6175b7dc4de57f447fd,True,True,1.0,"[6,19,26,52]","[6,19,26,52]"
fixed-r4,0,1,0,16,6,57d6c25a7898568911088c4c8f3a08f3832ca730,84be71223ef6443c5775b6175b7dc4de57f447fd,True,True,1.0,"[1,40,11,53]","[1,40,11,53]"
fixed-r4,0,1,0,16,8,57d6c25a7898568911088c4c8f3a08f3832ca730,84be71223ef6443c5775b6175b7dc4de57f447fd,True,True,1.0,"[8,52,53,16]","[8,52,53,16]"
fixed-r4,0,1,0,16,10,57d6c25a7898568911088c4c8f3a08f3832ca730,84be71223ef6443c5775b6175b7dc4de57f447fd,True,True,1.0,"[36,59,20,34]","[36,59,20,34]"
fixed-r4,0,1,0,16,12,57d6c25a7898568911088c4c8f3a08f3832ca730,84be71223ef6443c5775b6175b7dc4de57f447fd,True,True,1.0,"[40,34,15,42]","[40,34,15,42]"
fixed-r4,0,1,0,16,14,57d6c25a7898568911088c4c8f3a08f3832ca730,84be71223ef6443c5775b6175b7dc4de57f447fd,True,True,1.0,"[11,1,8,62]","[11,1,8,62]"
fixed-r4,0,1,1,16,0,57d6c25a7898568911088c4c8f3a08f3832ca730,84be71223ef6443c5775b6175b7dc4de57f447fd,True,True,1.0,"[47,27,3,35]","[47,27,3,35]"
fixed-r4,0,1,1,16,2,57d6c25a7898568911088c4c8f3a08f3832ca730,84be71223ef6443c5775b6175b7dc4de57f447fd,True,True,1.0,"[8,60,49,55]","[8,60,49,55]"
fixed-r4,0,1,1,16,4,57d6c25a7898568911088c4c8f3a08f3832ca730,84be71223ef6443c5775b6175b7dc4de57f447fd,True,True,1.0,"[54,57,35,13]","[54,57,35,13]"
fixed-r4,0,1,1,16,6,57d6c25a7898568911088c4c8f3a08f3832ca730,84be71223ef6443c5775b6175b7dc4de57f447fd,True,True,1.0,"[17,25,23,55]","[17,25,23,55]"
fixed-r4,0,1,1,16,8,57d6c25a7898568911088c4c8f3a08f3832ca730,84be71223ef6443c5775b6175b7dc4de57f447fd,True,True,1.0,"[16,20,34,25]","[16,20,34,25]"
fixed-r4,0,1,1,16,10,57d6c25a7898568911088c4c8f3a08f3832ca730,84be71223ef6443c5775b6175b7dc4de57f447fd,True,True,1.0,"[7,13,56,21]","[7,13,56,21]"
fixed-r4,0,1,1,16,12,57d6c25a7898568911088c4c8f3a08f3832ca730,84be71223ef6443c5775b6175b7dc4de57f447fd,True,True,1.0,"[27,49,5,25]","[27,49,5,25]"
fixed-r4,0,1,1,16,14,57d6c25a7898568911088c4c8f3a08f3832ca730,84be71223ef6443c5775b6175b7dc4de57f447fd,True,True,1.0,"[31,57,8,30]","[31,57,8,30]"
fixed-r4,0,1,0,16,0,94b5e28fac745823455a38183868d2d18757f68a,23112f2c9e8a12a570d12825eb99d088bd74b8a2,True,True,1.0,"[48,24,23,50]","[48,24,23,50]"
fixed-r4,0,1,0,16,2,94b5e28fac745823455a38183868d2d18757f68a,23112f2c9e8a12a570d12825eb99d088bd74b8a2,True,True,1.0,"[19,51,18,22]","[19,51,18,22]"
fixed-r4,0,1,0,16,4,94b5e28fac745823455a38183868d2d18757f68a,23112f2c9e8a12a570d12825eb99d088bd74b8a2,True,True,1.0,"[11,3,42,29]","[11,3,42,29]"
fixed-r4,0,1,0,16,6,94b5e28fac745823455a38183868d2d18757f68a,23112f2c9e8a12a570d12825eb99d088bd74b8a2,True,True,1.0,"[53,50,29,32]","[53,50,29,32]"
fixed-r4,0,1,0,16,8,94b5e28fac745823455a38183868d2d18757f68a,23112f2c9e8a12a570d12825eb99d088bd74b8a2,True,True,1.0,"[25,23,62,16]","[25,23,62,16]"
fixed-r4,0,1,0,16,10,94b5e28fac745823455a38183868d2d18757f68a,23112f2c9e8a12a570d12825eb99d088bd74b8a2,True,True,1.0,"[7,16,5,47]","[7,16,5,47]"
fixed-r4,0,1,0,16,12,94b5e28fac745823455a38183868d2d18757f68a,23112f2c9e8a12a570d12825eb99d088bd74b8a2,True,True,1.0,"[62,2,33,25]","[62,2,33,25]"
fixed-r4,0,1,0,16,14,94b5e28fac745823455a38183868d2d18757f68a,23112f2c9e8a12a570d12825eb99d088bd74b8a2,True,True,1.0,"[19,27,20,61]","[19,27,20,61]"
fixed-r4,0,1,1,16,0,94b5e28fac745823455a38183868d2d18757f68a,23112f2c9e8a12a570d12825eb99d088bd74b8a2,True,True,1.0,"[27,49,5,1]","[27,49,5,1]"
fixed-r4,0,1,1,16,2,94b5e28fac745823455a38183868d2d18757f68a,23112f2c9e8a12a570d12825eb99d088bd74b8a2,True,True,1.0,"[60,3,48,7]","[60,3,48,7]"
fixed-r4,0,1,1,16,4,94b5e28fac745823455a38183868d2d18757f68a,23112f2c9e8a12a570d12825eb99d088bd74b8a2,True,True,1.0,"[21,41,28,9]","[21,41,28,9]"
fixed-r4,0,1,1,16,6,94b5e28fac745823455a38183868d2d18757f68a,23112f2c9e8a12a570d12825eb99d088bd74b8a2,True,True,1.0,"[12,2,23,55]","[12,2,23,55]"
fixed-r4,0,1,1,16,8,94b5e28fac745823455a38183868d2d18757f68a,23112f2c9e8a12a570d12825eb99d088bd74b8a2,True,True,1.0,"[9,25,26,47]","[9,25,26,47]"
fixed-r4,0,1,1,16,10,94b5e28fac745823455a38183868d2d18757f68a,23112f2c9e8a12a570d12825eb99d088bd74b8a2,True,True,1.0,"[14,1,63,10]","[14,1,63,10]"
fixed-r4,0,1,1,16,12,94b5e28fac745823455a38183868d2d18757f68a,23112f2c9e8a12a570d12825eb99d088bd74b8a2,True,True,1.0,"[12,35,18,2]","[12,35,18,2]"
fixed-r4,0,1,1,16,14,94b5e28fac745823455a38183868d2d18757f68a,23112f2c9e8a12a570d12825eb99d088bd74b8a2,True,True,1.0,"[35,10,26,20]","[35,10,26,20]"
fixed-r4,0,1,0,16,0,d644ccabbb7508d5d47c7b231c4d3f82ee470f83,8271e9c7f7153b815a28ad2c27f6deb575833cad,True,True,1.0,"[55,62,31,56]","[55,62,31,56]"
fixed-r4,0,1,0,16,2,d644ccabbb7508d5d47c7b231c4d3f82ee470f83,8271e9c7f7153b815a28ad2c27f6deb575833cad,True,True,1.0,"[11,46,1,17]","[11,46,1,17]"
fixed-r4,0,1,0,16,4,d644ccabbb7508d5d47c7b231c4d3f82ee470f83,8271e9c7f7153b815a28ad2c27f6deb575833cad,True,True,1.0,"[62,63,26,20]","[62,63,26,20]"
fixed-r4,0,1,0,16,6,d644ccabbb7508d5d47c7b231c4d3f82ee470f83,8271e9c7f7153b815a28ad2c27f6deb575833cad,True,True,1.0,"[11,5,2,20]","[11,5,2,20]"
fixed-r4,0,1,0,16,8,d644ccabbb7508d5d47c7b231c4d3f82ee470f83,8271e9c7f7153b815a28ad2c27f6deb575833cad,True,True,1.0,"[23,27,20,35]","[23,27,20,35]"
fixed-r4,0,1,0,16,10,d644ccabbb7508d5d47c7b231c4d3f82ee470f83,8271e9c7f7153b815a28ad2c27f6deb575833cad,True,True,1.0,"[2,59,22,52]","[2,59,22,52]"
fixed-r4,0,1,0,16,12,d644ccabbb7508d5d47c7b231c4d3f82ee470f83,8271e9c7f7153b815a28ad2c27f6deb575833cad,True,True,1.0,"[20,12,44,1]","[20,12,44,1]"
fixed-r4,0,1,0,16,14,d644ccabbb7508d5d47c7b231c4d3f82ee470f83,8271e9c7f7153b815a28ad2c27f6deb575833cad,True,True,1.0,"[20,3,57,52]","[20,3,57,52]"
fixed-r4,0,1,1,16,0,d644ccabbb7508d5d47c7b231c4d3f82ee470f83,8271e9c7f7153b815a28ad2c27f6deb575833cad,True,True,1.0,"[50,43,19,41]","[50,43,19,41]"
fixed-r4,0,1,1,16,2,d644ccabbb7508d5d47c7b231c4d3f82ee470f83,8271e9c7f7153b815a28ad2c27f6deb575833cad,True,True,1.0,"[32,27,28,54]","[32,27,28,54]"
fixed-r4,0,1,1,16,4,d644ccabbb7508d5d47c7b231c4d3f82ee470f83,8271e9c7f7153b815a28ad2c27f6deb575833cad,True,True,1.0,"[27,33,23,31]","[27,33,23,31]"
fixed-r4,0,1,1,16,6,d644ccabbb7508d5d47c7b231c4d3f82ee470f83,8271e9c7f7153b815a28ad2c27f6deb575833cad,True,True,1.0,"[31,50,58,9]","[31,50,58,9]"
fixed-r4,0,1,1,16,8,d644ccabbb7508d5d47c7b231c4d3f82ee470f83,8271e9c7f7153b815a28ad2c27f6deb575833cad,True,True,1.0,"[55,53,42,8]","[55,53,42,8]"
fixed-r4,0,1,1,16,10,d644ccabbb7508d5d47c7b231c4d3f82ee470f83,8271e9c7f7153b815a28ad2c27f6deb575833cad,True,True,1.0,"[18,12,20,59]","[18,12,20,59]"
fixed-r4,0,1,1,16,12,d644ccabbb7508d5d47c7b231c4d3f82ee470f83,8271e9c7f7153b815a28ad2c27f6deb575833cad,True,True,1.0,"[35,59,7,40]","[35,59,7,40]"
fixed-r4,0,1,1,16,14,d644ccabbb7508d5d47c7b231c4d3f82ee470f83,8271e9c7f7153b815a28ad2c27f6deb575833cad,True,True,1.0,"[38,20,27,19]","[38,20,27,19]"
fixed-r4,16,1,0,16,0,2b16372207e3344688f093f9c78460489a485fa6,60c33dc441937d75a986217023e83ee5748a59f5,True,False,1.0,"[8,9,21,25]","[8,25,9,21]"
fixed-r4,16,1,0,16,2,2b16372207e3344688f093f9c78460489a485fa6,60c33dc441937d75a986217023e83ee5748a59f5,True,False,0.75,"[39,54,21,45]","[39,54,21,19]"
fixed-r4,16,1,0,16,4,2b16372207e3344688f093f9c78460489a485fa6,60c33dc441937d75a986217023e83ee5748a59f5,False,False,1.0,"[25,62,32,45]","[32,25,62,45]"
fixed-r4,16,1,0,16,6,2b16372207e3344688f093f9c78460489a485fa6,60c33dc441937d75a986217023e83ee5748a59f5,True,False,0.75,"[46,28,1,25]","[46,28,1,59]"
fixed-r4,16,1,0,16,8,2b16372207e3344688f093f9c78460489a485fa6,60c33dc441937d75a986217023e83ee5748a59f5,True,False,1.0,"[59,36,4,1]","[59,1,4,36]"
fixed-r4,16,1,0,16,10,2b16372207e3344688f093f9c78460489a485fa6,60c33dc441937d75a986217023e83ee5748a59f5,True,False,0.75,"[57,33,51,48]","[57,48,33,46]"
fixed-r4,16,1,0,16,12,2b16372207e3344688f093f9c78460489a485fa6,60c33dc441937d75a986217023e83ee5748a59f5,False,False,0.75,"[39,0,21,59]","[21,39,57,0]"
fixed-r4,16,1,0,16,14,2b16372207e3344688f093f9c78460489a485fa6,60c33dc441937d75a986217023e83ee5748a59f5,True,False,0.75,"[39,50,51,57]","[39,51,50,21]"
fixed-r4,16,1,1,16,0,2b16372207e3344688f093f9c78460489a485fa6,60c33dc441937d75a986217023e83ee5748a59f5,True,False,1.0,"[40,49,57,26]","[40,57,49,26]"
fixed-r4,16,1,1,16,2,2b16372207e3344688f093f9c78460489a485fa6,60c33dc441937d75a986217023e83ee5748a59f5,True,False,0.75,"[16,1,28,31]","[16,28,1,59]"
fixed-r4,16,1,1,16,4,2b16372207e3344688f093f9c78460489a485fa6,60c33dc441937d75a986217023e83ee5748a59f5,True,False,0.5,"[18,11,26,50]","[18,11,63,21]"
fixed-r4,16,1,1,16,6,2b16372207e3344688f093f9c78460489a485fa6,60c33dc441937d75a986217023e83ee5748a59f5,True,False,0.75,"[22,57,61,26]","[22,57,61,42]"
fixed-r4,16,1,1,16,8,2b16372207e3344688f093f9c78460489a485fa6,60c33dc441937d75a986217023e83ee5748a59f5,False,False,0.5,"[63,29,14,49]","[49,63,17,33]"
fixed-r4,16,1,1,16,10,2b16372207e3344688f093f9c78460489a485fa6,60c33dc441937d75a986217023e83ee5748a59f5,False,False,0.75,"[40,11,32,63]","[11,40,63,18]"
fixed-r4,16,1,1,16,12,2b16372207e3344688f093f9c78460489a485fa6,60c33dc441937d75a986217023e83ee5748a59f5,True,False,0.5,"[51,4,34,1]","[51,4,63,60]"
fixed-r4,16,1,1,16,14,2b16372207e3344688f093f9c78460489a485fa6,60c33dc441937d75a986217023e83ee5748a59f5,False,False,0.75,"[48,44,40,16]","[44,48,40,49]"
fixed-r4,16,1,0,16,0,57d6c25a7898568911088c4c8f3a08f3832ca730,84be71223ef6443c5775b6175b7dc4de57f447fd,True,True,1.0,"[24,11,31,8]","[24,11,31,8]"
fixed-r4,16,1,0,16,2,57d6c25a7898568911088c4c8f3a08f3832ca730,84be71223ef6443c5775b6175b7dc4de57f447fd,False,False,1.0,"[1,38,59,32]","[59,1,38,32]"
fixed-r4,16,1,0,16,4,57d6c25a7898568911088c4c8f3a08f3832ca730,84be71223ef6443c5775b6175b7dc4de57f447fd,True,False,0.75,"[34,6,15,19]","[34,6,54,19]"
fixed-r4,16,1,0,16,6,57d6c25a7898568911088c4c8f3a08f3832ca730,84be71223ef6443c5775b6175b7dc4de57f447fd,True,False,0.75,"[1,11,32,36]","[1,11,32,42]"
fixed-r4,16,1,0,16,8,57d6c25a7898568911088c4c8f3a08f3832ca730,84be71223ef6443c5775b6175b7dc4de57f447fd,True,False,0.75,"[8,52,61,59]","[8,59,52,32]"
fixed-r4,16,1,0,16,10,57d6c25a7898568911088c4c8f3a08f3832ca730,84be71223ef6443c5775b6175b7dc4de57f447fd,True,False,1.0,"[36,59,57,32]","[36,59,32,57]"
fixed-r4,16,1,0,16,12,57d6c25a7898568911088c4c8f3a08f3832ca730,84be71223ef6443c5775b6175b7dc4de57f447fd,True,False,0.75,"[40,15,34,58]","[40,34,15,42]"
fixed-r4,16,1,0,16,14,57d6c25a7898568911088c4c8f3a08f3832ca730,84be71223ef6443c5775b6175b7dc4de57f447fd,True,False,0.75,"[11,1,52,47]","[11,1,52,36]"
fixed-r4,16,1,1,16,0,57d6c25a7898568911088c4c8f3a08f3832ca730,84be71223ef6443c5775b6175b7dc4de57f447fd,True,False,0.25,"[47,52,33,48]","[47,29,17,3]"
fixed-r4,16,1,1,16,2,57d6c25a7898568911088c4c8f3a08f3832ca730,84be71223ef6443c5775b6175b7dc4de57f447fd,False,False,0.75,"[49,57,52,4]","[57,49,4,60]"
fixed-r4,16,1,1,16,4,57d6c25a7898568911088c4c8f3a08f3832ca730,84be71223ef6443c5775b6175b7dc4de57f447fd,True,False,0.75,"[57,12,54,35]","[57,54,12,6]"
fixed-r4,16,1,1,16,6,57d6c25a7898568911088c4c8f3a08f3832ca730,84be71223ef6443c5775b6175b7dc4de57f447fd,False,False,1.0,"[17,36,57,28]","[57,36,17,28]"
fixed-r4,16,1,1,16,8,57d6c25a7898568911088c4c8f3a08f3832ca730,84be71223ef6443c5775b6175b7dc4de57f447fd,True,False,0.75,"[16,20,49,59]","[16,4,59,20]"
fixed-r4,16,1,1,16,10,57d6c25a7898568911088c4c8f3a08f3832ca730,84be71223ef6443c5775b6175b7dc4de57f447fd,True,False,0.75,"[57,7,40,12]","[57,12,40,56]"
fixed-r4,16,1,1,16,12,57d6c25a7898568911088c4c8f3a08f3832ca730,84be71223ef6443c5775b6175b7dc4de57f447fd,False,False,0.75,"[36,49,12,32]","[12,36,49,45]"
fixed-r4,16,1,1,16,14,57d6c25a7898568911088c4c8f3a08f3832ca730,84be71223ef6443c5775b6175b7dc4de57f447fd,True,False,0.75,"[57,31,4,63]","[57,31,2,63]"
fixed-r4,16,1,0,16,0,94b5e28fac745823455a38183868d2d18757f68a,23112f2c9e8a12a570d12825eb99d088bd74b8a2,True,False,0.75,"[48,4,59,32]","[48,32,4,56]"
fixed-r4,16,1,0,16,2,94b5e28fac745823455a38183868d2d18757f68a,23112f2c9e8a12a570d12825eb99d088bd74b8a2,True,False,0.75,"[19,51,57,59]","[19,51,59,18]"
fixed-r4,16,1,0,16,4,94b5e28fac745823455a38183868d2d18757f68a,23112f2c9e8a12a570d12825eb99d088bd74b8a2,False,False,0.5,"[11,1,42,30]","[13,11,59,1]"
fixed-r4,16,1,0,16,6,94b5e28fac745823455a38183868d2d18757f68a,23112f2c9e8a12a570d12825eb99d088bd74b8a2,False,False,0.75,"[32,39,53,33]","[39,32,57,53]"
fixed-r4,16,1,0,16,8,94b5e28fac745823455a38183868d2d18757f68a,23112f2c9e8a12a570d12825eb99d088bd74b8a2,True,False,0.75,"[25,62,43,36]","[25,36,32,62]"
fixed-r4,16,1,0,16,10,94b5e28fac745823455a38183868d2d18757f68a,23112f2c9e8a12a570d12825eb99d088bd74b8a2,True,False,1.0,"[7,51,39,5]","[7,5,39,51]"
fixed-r4,16,1,0,16,12,94b5e28fac745823455a38183868d2d18757f68a,23112f2c9e8a12a570d12825eb99d088bd74b8a2,False,False,0.75,"[2,32,62,43]","[62,2,25,32]"
fixed-r4,16,1,0,16,14,94b5e28fac745823455a38183868d2d18757f68a,23112f2c9e8a12a570d12825eb99d088bd74b8a2,False,False,0.5,"[27,44,59,19]","[19,61,59,39]"
fixed-r4,16,1,1,16,0,94b5e28fac745823455a38183868d2d18757f68a,23112f2c9e8a12a570d12825eb99d088bd74b8a2,True,True,1.0,"[49,1,57,27]","[49,1,57,27]"
fixed-r4,16,1,1,16,2,94b5e28fac745823455a38183868d2d18757f68a,23112f2c9e8a12a570d12825eb99d088bd74b8a2,True,False,0.75,"[48,29,60,16]","[48,60,16,12]"
fixed-r4,16,1,1,16,4,94b5e28fac745823455a38183868d2d18757f68a,23112f2c9e8a12a570d12825eb99d088bd74b8a2,True,False,0.75,"[21,28,57,63]","[21,12,57,28]"
fixed-r4,16,1,1,16,6,94b5e28fac745823455a38183868d2d18757f68a,23112f2c9e8a12a570d12825eb99d088bd74b8a2,True,False,1.0,"[12,50,48,2]","[12,50,2,48]"
fixed-r4,16,1,1,16,8,94b5e28fac745823455a38183868d2d18757f68a,23112f2c9e8a12a570d12825eb99d088bd74b8a2,False,False,0.75,"[26,49,12,52]","[12,52,26,14]"
fixed-r4,16,1,1,16,10,94b5e28fac745823455a38183868d2d18757f68a,23112f2c9e8a12a570d12825eb99d088bd74b8a2,False,False,1.0,"[14,63,52,1]","[63,14,52,1]"
fixed-r4,16,1,1,16,12,94b5e28fac745823455a38183868d2d18757f68a,23112f2c9e8a12a570d12825eb99d088bd74b8a2,True,False,0.75,"[12,18,52,42]","[12,18,52,49]"
fixed-r4,16,1,1,16,14,94b5e28fac745823455a38183868d2d18757f68a,23112f2c9e8a12a570d12825eb99d088bd74b8a2,False,False,0.75,"[52,26,10,35]","[26,52,10,43]"
fixed-r4,16,1,0,16,0,d644ccabbb7508d5d47c7b231c4d3f82ee470f83,8271e9c7f7153b815a28ad2c27f6deb575833cad,False,False,0.75,"[46,55,52,62]","[55,46,52,31]"
fixed-r4,16,1,0,16,2,d644ccabbb7508d5d47c7b231c4d3f82ee470f83,8271e9c7f7153b815a28ad2c27f6deb575833cad,False,False,0.75,"[46,17,1,36]","[59,1,17,46]"
fixed-r4,16,1,0,16,4,d644ccabbb7508d5d47c7b231c4d3f82ee470f83,8271e9c7f7153b815a28ad2c27f6deb575833cad,True,False,0.5,"[62,55,26,35]","[62,63,35,50]"
fixed-r4,16,1,0,16,6,d644ccabbb7508d5d47c7b231c4d3f82ee470f83,8271e9c7f7153b815a28ad2c27f6deb575833cad,True,False,0.5,"[11,39,2,24]","[11,39,32,21]"
fixed-r4,16,1,0,16,8,d644ccabbb7508d5d47c7b231c4d3f82ee470f83,8271e9c7f7153b815a28ad2c27f6deb575833cad,True,False,0.75,"[36,46,23,27]","[36,27,44,46]"
fixed-r4,16,1,0,16,10,d644ccabbb7508d5d47c7b231c4d3f82ee470f83,8271e9c7f7153b815a28ad2c27f6deb575833cad,False,False,1.0,"[2,59,51,22]","[59,2,22,51]"
fixed-r4,16,1,0,16,12,d644ccabbb7508d5d47c7b231c4d3f82ee470f83,8271e9c7f7153b815a28ad2c27f6deb575833cad,False,False,0.5,"[20,1,46,58]","[44,20,1,45]"
fixed-r4,16,1,0,16,14,d644ccabbb7508d5d47c7b231c4d3f82ee470f83,8271e9c7f7153b815a28ad2c27f6deb575833cad,True,False,0.5,"[57,20,3,52]","[57,52,39,18]"
fixed-r4,16,1,1,16,0,d644ccabbb7508d5d47c7b231c4d3f82ee470f83,8271e9c7f7153b815a28ad2c27f6deb575833cad,True,False,0.75,"[50,12,52,19]","[50,52,12,36]"
fixed-r4,16,1,1,16,2,d644ccabbb7508d5d47c7b231c4d3f82ee470f83,8271e9c7f7153b815a28ad2c27f6deb575833cad,True,False,0.75,"[28,63,48,32]","[28,63,27,48]"
fixed-r4,16,1,1,16,4,d644ccabbb7508d5d47c7b231c4d3f82ee470f83,8271e9c7f7153b815a28ad2c27f6deb575833cad,True,False,0.75,"[27,31,1,23]","[27,33,1,23]"
fixed-r4,16,1,1,16,6,d644ccabbb7508d5d47c7b231c4d3f82ee470f83,8271e9c7f7153b815a28ad2c27f6deb575833cad,False,False,0.75,"[48,50,31,57]","[50,31,9,57]"
fixed-r4,16,1,1,16,8,d644ccabbb7508d5d47c7b231c4d3f82ee470f83,8271e9c7f7153b815a28ad2c27f6deb575833cad,True,False,0.75,"[36,42,32,53]","[36,42,29,53]"
fixed-r4,16,1,1,16,10,d644ccabbb7508d5d47c7b231c4d3f82ee470f83,8271e9c7f7153b815a28ad2c27f6deb575833cad,True,False,0.75,"[18,12,20,48]","[18,12,40,48]"
fixed-r4,16,1,1,16,12,d644ccabbb7508d5d47c7b231c4d3f82ee470f83,8271e9c7f7153b815a28ad2c27f6deb575833cad,False,False,0.75,"[40,20,35,57]","[35,40,20,63]"
fixed-r4,16,1,1,16,14,d644ccabbb7508d5d47c7b231c4d3f82ee470f83,8271e9c7f7153b815a28ad2c27f6deb575833cad,True,False,0.75,"[38,6,20,3]","[38,20,4,6]"
fixed-r4,64,1,0,16,0,2b16372207e3344688f093f9c78460489a485fa6,60c33dc441937d75a986217023e83ee5748a59f5,False,False,0.75,"[8,21,9,25]","[25,21,8,37]"
fixed-r4,64,1,0,16,2,2b16372207e3344688f093f9c78460489a485fa6,60c33dc441937d75a986217023e83ee5748a59f5,False,False,0.5,"[54,5,21,40]","[21,39,5,8]"
fixed-r4,64,1,0,16,4,2b16372207e3344688f093f9c78460489a485fa6,60c33dc441937d75a986217023e83ee5748a59f5,True,False,0.75,"[32,18,25,11]","[32,25,18,62]"
fixed-r4,64,1,0,16,6,2b16372207e3344688f093f9c78460489a485fa6,60c33dc441937d75a986217023e83ee5748a59f5,False,False,0.25,"[11,52,1,46]","[52,5,2,24]"
fixed-r4,64,1,0,16,8,2b16372207e3344688f093f9c78460489a485fa6,60c33dc441937d75a986217023e83ee5748a59f5,True,False,0.75,"[36,59,4,1]","[36,1,56,59]"
fixed-r4,64,1,0,16,10,2b16372207e3344688f093f9c78460489a485fa6,60c33dc441937d75a986217023e83ee5748a59f5,True,False,0.75,"[57,51,48,31]","[57,48,51,33]"
fixed-r4,64,1,0,16,12,2b16372207e3344688f093f9c78460489a485fa6,60c33dc441937d75a986217023e83ee5748a59f5,False,False,0.5,"[59,0,52,51]","[21,59,51,24]"
fixed-r4,64,1,0,16,14,2b16372207e3344688f093f9c78460489a485fa6,60c33dc441937d75a986217023e83ee5748a59f5,True,False,0.5,"[51,31,39,50]","[51,39,5,59]"
fixed-r4,64,1,1,16,0,2b16372207e3344688f093f9c78460489a485fa6,60c33dc441937d75a986217023e83ee5748a59f5,True,False,0.75,"[57,4,40,49]","[57,40,18,49]"
fixed-r4,64,1,1,16,2,2b16372207e3344688f093f9c78460489a485fa6,60c33dc441937d75a986217023e83ee5748a59f5,True,False,0.25,"[16,1,31,47]","[16,53,59,24]"
fixed-r4,64,1,1,16,4,2b16372207e3344688f093f9c78460489a485fa6,60c33dc441937d75a986217023e83ee5748a59f5,True,False,0.5,"[57,52,18,10]","[57,9,18,1]"
fixed-r4,64,1,1,16,6,2b16372207e3344688f093f9c78460489a485fa6,60c33dc441937d75a986217023e83ee5748a59f5,True,False,0.75,"[61,22,57,60]","[61,22,57,9]"
fixed-r4,64,1,1,16,8,2b16372207e3344688f093f9c78460489a485fa6,60c33dc441937d75a986217023e83ee5748a59f5,False,False,0.25,"[10,4,14,17]","[17,33,53,44]"
fixed-r4,64,1,1,16,10,2b16372207e3344688f093f9c78460489a485fa6,60c33dc441937d75a986217023e83ee5748a59f5,True,False,0.5,"[18,40,20,32]","[18,11,40,60]"
fixed-r4,64,1,1,16,12,2b16372207e3344688f093f9c78460489a485fa6,60c33dc441937d75a986217023e83ee5748a59f5,True,False,0.75,"[51,1,4,17]","[51,1,17,18]"
fixed-r4,64,1,1,16,14,2b16372207e3344688f093f9c78460489a485fa6,60c33dc441937d75a986217023e83ee5748a59f5,False,False,1.0,"[57,44,48,9]","[44,9,48,57]"
fixed-r4,64,1,0,16,0,57d6c25a7898568911088c4c8f3a08f3832ca730,84be71223ef6443c5775b6175b7dc4de57f447fd,False,False,0.5,"[11,1,24,31]","[24,18,21,11]"
fixed-r4,64,1,0,16,2,57d6c25a7898568911088c4c8f3a08f3832ca730,84be71223ef6443c5775b6175b7dc4de57f447fd,False,False,0.75,"[1,59,38,36]","[59,32,1,38]"
fixed-r4,64,1,0,16,4,57d6c25a7898568911088c4c8f3a08f3832ca730,84be71223ef6443c5775b6175b7dc4de57f447fd,False,False,0.75,"[34,54,47,21]","[56,34,21,54]"
fixed-r4,64,1,0,16,6,57d6c25a7898568911088c4c8f3a08f3832ca730,84be71223ef6443c5775b6175b7dc4de57f447fd,True,False,0.75,"[11,31,52,47]","[11,52,31,51]"
fixed-r4,64,1,0,16,8,57d6c25a7898568911088c4c8f3a08f3832ca730,84be71223ef6443c5775b6175b7dc4de57f447fd,False,False,0.75,"[52,18,8,38]","[18,52,8,21]"
fixed-r4,64,1,0,16,10,57d6c25a7898568911088c4c8f3a08f3832ca730,84be71223ef6443c5775b6175b7dc4de57f447fd,False,False,0.5,"[58,34,30,15]","[59,34,58,18]"
fixed-r4,64,1,0,16,12,57d6c25a7898568911088c4c8f3a08f3832ca730,84be71223ef6443c5775b6175b7dc4de57f447fd,True,False,0.75,"[34,58,15,11]","[34,58,15,30]"
fixed-r4,64,1,0,16,14,57d6c25a7898568911088c4c8f3a08f3832ca730,84be71223ef6443c5775b6175b7dc4de57f447fd,True,False,0.5,"[11,31,52,47]","[11,51,18,31]"
fixed-r4,64,1,1,16,0,57d6c25a7898568911088c4c8f3a08f3832ca730,84be71223ef6443c5775b6175b7dc4de57f447fd,False,False,0.5,"[22,48,52,61]","[47,61,48,31]"
fixed-r4,64,1,1,16,2,57d6c25a7898568911088c4c8f3a08f3832ca730,84be71223ef6443c5775b6175b7dc4de57f447fd,True,False,0.25,"[57,52,56,63]","[57,50,49,60]"
fixed-r4,64,1,1,16,4,57d6c25a7898568911088c4c8f3a08f3832ca730,84be71223ef6443c5775b6175b7dc4de57f447fd,True,False,0.5,"[57,54,20,22]","[57,54,9,19]"
fixed-r4,64,1,1,16,6,57d6c25a7898568911088c4c8f3a08f3832ca730,84be71223ef6443c5775b6175b7dc4de57f447fd,True,False,0.25,"[57,20,22,4]","[57,1,23,55]"
fixed-r4,64,1,1,16,8,57d6c25a7898568911088c4c8f3a08f3832ca730,84be71223ef6443c5775b6175b7dc4de57f447fd,False,False,0.25,"[4,20,56,59]","[36,44,57,56]"
fixed-r4,64,1,1,16,10,57d6c25a7898568911088c4c8f3a08f3832ca730,84be71223ef6443c5775b6175b7dc4de57f447fd,True,False,0.75,"[57,56,40,36]","[57,56,31,36]"
fixed-r4,64,1,1,16,12,57d6c25a7898568911088c4c8f3a08f3832ca730,84be71223ef6443c5775b6175b7dc4de57f447fd,True,False,0.75,"[57,36,11,20]","[57,36,11,16]"
fixed-r4,64,1,1,16,14,57d6c25a7898568911088c4c8f3a08f3832ca730,84be71223ef6443c5775b6175b7dc4de57f447fd,True,True,1.0,"[57,31,56,61]","[57,31,56,61]"
fixed-r4,64,1,0,16,0,94b5e28fac745823455a38183868d2d18757f68a,23112f2c9e8a12a570d12825eb99d088bd74b8a2,False,False,0.5,"[59,4,56,32]","[32,4,51,24]"
fixed-r4,64,1,0,16,2,94b5e28fac745823455a38183868d2d18757f68a,23112f2c9e8a12a570d12825eb99d088bd74b8a2,False,False,0.75,"[51,15,18,19]","[18,51,19,39]"
fixed-r4,64,1,0,16,4,94b5e28fac745823455a38183868d2d18757f68a,23112f2c9e8a12a570d12825eb99d088bd74b8a2,True,False,0.5,"[11,30,21,56]","[11,21,34,18]"
fixed-r4,64,1,0,16,6,94b5e28fac745823455a38183868d2d18757f68a,23112f2c9e8a12a570d12825eb99d088bd74b8a2,False,False,0.75,"[33,39,57,51]","[39,33,57,32]"
fixed-r4,64,1,0,16,8,94b5e28fac745823455a38183868d2d18757f68a,23112f2c9e8a12a570d12825eb99d088bd74b8a2,True,False,0.5,"[21,11,23,36]","[21,32,25,23]"
fixed-r4,64,1,0,16,10,94b5e28fac745823455a38183868d2d18757f68a,23112f2c9e8a12a570d12825eb99d088bd74b8a2,False,False,0.5,"[5,31,56,0]","[25,31,5,7]"
fixed-r4,64,1,0,16,12,94b5e28fac745823455a38183868d2d18757f68a,23112f2c9e8a12a570d12825eb99d088bd74b8a2,True,False,1.0,"[32,30,52,18]","[32,18,30,52]"
fixed-r4,64,1,0,16,14,94b5e28fac745823455a38183868d2d18757f68a,23112f2c9e8a12a570d12825eb99d088bd74b8a2,True,False,0.5,"[56,59,30,38]","[56,59,5,31]"
fixed-r4,64,1,1,16,0,94b5e28fac745823455a38183868d2d18757f68a,23112f2c9e8a12a570d12825eb99d088bd74b8a2,True,False,0.5,"[1,57,49,4]","[1,57,11,21]"
fixed-r4,64,1,1,16,2,94b5e28fac745823455a38183868d2d18757f68a,23112f2c9e8a12a570d12825eb99d088bd74b8a2,False,False,0.75,"[57,60,48,3]","[60,48,57,16]"
fixed-r4,64,1,1,16,4,94b5e28fac745823455a38183868d2d18757f68a,23112f2c9e8a12a570d12825eb99d088bd74b8a2,False,False,0.75,"[57,21,9,63]","[21,57,9,41]"
fixed-r4,64,1,1,16,6,94b5e28fac745823455a38183868d2d18757f68a,23112f2c9e8a12a570d12825eb99d088bd74b8a2,False,False,0.75,"[56,48,50,52]","[50,56,12,48]"
fixed-r4,64,1,1,16,8,94b5e28fac745823455a38183868d2d18757f68a,23112f2c9e8a12a570d12825eb99d088bd74b8a2,False,False,0.75,"[48,57,56,9]","[56,48,57,18]"
fixed-r4,64,1,1,16,10,94b5e28fac745823455a38183868d2d18757f68a,23112f2c9e8a12a570d12825eb99d088bd74b8a2,False,False,1.0,"[52,1,14,63]","[1,63,14,52]"
fixed-r4,64,1,1,16,12,94b5e28fac745823455a38183868d2d18757f68a,23112f2c9e8a12a570d12825eb99d088bd74b8a2,False,False,0.25,"[12,57,52,22]","[1,53,18,57]"
fixed-r4,64,1,1,16,14,94b5e28fac745823455a38183868d2d18757f68a,23112f2c9e8a12a570d12825eb99d088bd74b8a2,False,False,0.25,"[20,10,9,22]","[1,10,21,2]"
fixed-r4,64,1,0,16,0,d644ccabbb7508d5d47c7b231c4d3f82ee470f83,8271e9c7f7153b815a28ad2c27f6deb575833cad,True,False,0.5,"[52,46,56,2]","[52,56,37,5]"
fixed-r4,64,1,0,16,2,d644ccabbb7508d5d47c7b231c4d3f82ee470f83,8271e9c7f7153b815a28ad2c27f6deb575833cad,False,False,0.5,"[11,59,52,1]","[59,21,1,32]"
fixed-r4,64,1,0,16,4,d644ccabbb7508d5d47c7b231c4d3f82ee470f83,8271e9c7f7153b815a28ad2c27f6deb575833cad,True,False,1.0,"[11,35,18,52]","[11,18,52,35]"
fixed-r4,64,1,0,16,6,d644ccabbb7508d5d47c7b231c4d3f82ee470f83,8271e9c7f7153b815a28ad2c27f6deb575833cad,False,False,0.75,"[11,59,32,24]","[32,11,59,21]"
fixed-r4,64,1,0,16,8,d644ccabbb7508d5d47c7b231c4d3f82ee470f83,8271e9c7f7153b815a28ad2c27f6deb575833cad,False,False,0.0,"[46,1,36,55]","[21,59,40,42]"
fixed-r4,64,1,0,16,10,d644ccabbb7508d5d47c7b231c4d3f82ee470f83,8271e9c7f7153b815a28ad2c27f6deb575833cad,True,False,0.5,"[52,2,36,51]","[52,59,2,55]"
fixed-r4,64,1,0,16,12,d644ccabbb7508d5d47c7b231c4d3f82ee470f83,8271e9c7f7153b815a28ad2c27f6deb575833cad,False,False,0.75,"[11,52,18,37]","[18,52,45,11]"
fixed-r4,64,1,0,16,14,d644ccabbb7508d5d47c7b231c4d3f82ee470f83,8271e9c7f7153b815a28ad2c27f6deb575833cad,False,False,0.5,"[52,57,47,51]","[39,52,57,18]"
fixed-r4,64,1,1,16,0,d644ccabbb7508d5d47c7b231c4d3f82ee470f83,8271e9c7f7153b815a28ad2c27f6deb575833cad,True,False,0.75,"[50,57,4,12]","[50,4,57,23]"
fixed-r4,64,1,1,16,2,d644ccabbb7508d5d47c7b231c4d3f82ee470f83,8271e9c7f7153b815a28ad2c27f6deb575833cad,True,False,0.75,"[57,48,28,8]","[57,28,55,8]"
fixed-r4,64,1,1,16,4,d644ccabbb7508d5d47c7b231c4d3f82ee470f83,8271e9c7f7153b815a28ad2c27f6deb575833cad,False,False,1.0,"[27,31,1,56]","[1,56,27,31]"
fixed-r4,64,1,1,16,6,d644ccabbb7508d5d47c7b231c4d3f82ee470f83,8271e9c7f7153b815a28ad2c27f6deb575833cad,False,False,0.75,"[56,31,22,1]","[31,57,1,56]"
fixed-r4,64,1,1,16,8,d644ccabbb7508d5d47c7b231c4d3f82ee470f83,8271e9c7f7153b815a28ad2c27f6deb575833cad,True,False,1.0,"[36,56,2,42]","[36,56,42,2]"
fixed-r4,64,1,1,16,10,d644ccabbb7508d5d47c7b231c4d3f82ee470f83,8271e9c7f7153b815a28ad2c27f6deb575833cad,True,False,0.5,"[18,20,48,57]","[18,48,9,30]"
fixed-r4,64,1,1,16,12,d644ccabbb7508d5d47c7b231c4d3f82ee470f83,8271e9c7f7153b815a28ad2c27f6deb575833cad,True,False,0.75,"[20,40,57,16]","[20,57,16,59]"
fixed-r4,64,1,1,16,14,d644ccabbb7508d5d47c7b231c4d3f82ee470f83,8271e9c7f7153b815a28ad2c27f6deb575833cad,False,False,0.75,"[38,20,6,3]","[20,38,50,3]"
fixed-r4,128,1,0,16,0,2b16372207e3344688f093f9c78460489a485fa6,60c33dc441937d75a986217023e83ee5748a59f5,True,False,0.5,"[39,52,0,25]","[39,5,25,50]"
fixed-r4,128,1,0,16,2,2b16372207e3344688f093f9c78460489a485fa6,60c33dc441937d75a986217023e83ee5748a59f5,True,False,0.75,"[39,52,18,5]","[39,32,5,52]"
fixed-r4,128,1,0,16,4,2b16372207e3344688f093f9c78460489a485fa6,60c33dc441937d75a986217023e83ee5748a59f5,True,False,0.5,"[39,18,0,52]","[39,32,18,25]"
fixed-r4,128,1,0,16,6,2b16372207e3344688f093f9c78460489a485fa6,60c33dc441937d75a986217023e83ee5748a59f5,True,False,0.5,"[39,52,0,18]","[39,52,5,50]"
fixed-r4,128,1,0,16,8,2b16372207e3344688f093f9c78460489a485fa6,60c33dc441937d75a986217023e83ee5748a59f5,True,False,0.75,"[39,52,0,5]","[39,52,5,59]"
fixed-r4,128,1,0,16,10,2b16372207e3344688f093f9c78460489a485fa6,60c33dc441937d75a986217023e83ee5748a59f5,False,False,0.5,"[57,39,0,51]","[39,57,33,59]"
fixed-r4,128,1,0,16,12,2b16372207e3344688f093f9c78460489a485fa6,60c33dc441937d75a986217023e83ee5748a59f5,True,False,0.5,"[39,0,52,59]","[39,50,59,5]"
fixed-r4,128,1,0,16,14,2b16372207e3344688f093f9c78460489a485fa6,60c33dc441937d75a986217023e83ee5748a59f5,True,False,0.75,"[39,0,52,51]","[39,5,51,52]"
fixed-r4,128,1,1,16,0,2b16372207e3344688f093f9c78460489a485fa6,60c33dc441937d75a986217023e83ee5748a59f5,False,False,0.5,"[40,57,26,50]","[57,40,49,18]"
fixed-r4,128,1,1,16,2,2b16372207e3344688f093f9c78460489a485fa6,60c33dc441937d75a986217023e83ee5748a59f5,False,False,0.5,"[16,29,59,1]","[57,16,53,1]"
fixed-r4,128,1,1,16,4,2b16372207e3344688f093f9c78460489a485fa6,60c33dc441937d75a986217023e83ee5748a59f5,False,False,0.25,"[18,50,52,57]","[57,1,9,56]"
fixed-r4,128,1,1,16,6,2b16372207e3344688f093f9c78460489a485fa6,60c33dc441937d75a986217023e83ee5748a59f5,False,False,0.5,"[50,48,22,26]","[22,57,48,42]"
fixed-r4,128,1,1,16,8,2b16372207e3344688f093f9c78460489a485fa6,60c33dc441937d75a986217023e83ee5748a59f5,False,False,0.0,"[50,48,26,22]","[56,1,53,42]"
fixed-r4,128,1,1,16,10,2b16372207e3344688f093f9c78460489a485fa6,60c33dc441937d75a986217023e83ee5748a59f5,False,False,0.75,"[50,40,18,20]","[18,50,11,40]"
fixed-r4,128,1,1,16,12,2b16372207e3344688f093f9c78460489a485fa6,60c33dc441937d75a986217023e83ee5748a59f5,True,False,0.25,"[51,1,17,4]","[51,50,63,18]"
fixed-r4,128,1,1,16,14,2b16372207e3344688f093f9c78460489a485fa6,60c33dc441937d75a986217023e83ee5748a59f5,False,False,0.5,"[22,40,57,48]","[57,44,36,40]"
fixed-r4,128,1,0,16,0,57d6c25a7898568911088c4c8f3a08f3832ca730,84be71223ef6443c5775b6175b7dc4de57f447fd,True,False,0.75,"[39,52,18,32]","[39,18,5,32]"
fixed-r4,128,1,0,16,2,57d6c25a7898568911088c4c8f3a08f3832ca730,84be71223ef6443c5775b6175b7dc4de57f447fd,True,False,0.5,"[39,52,18,25]","[39,32,59,18]"
fixed-r4,128,1,0,16,4,57d6c25a7898568911088c4c8f3a08f3832ca730,84be71223ef6443c5775b6175b7dc4de57f447fd,True,False,0.25,"[39,52,0,19]","[39,32,5,21]"
fixed-r4,128,1,0,16,6,57d6c25a7898568911088c4c8f3a08f3832ca730,84be71223ef6443c5775b6175b7dc4de57f447fd,True,False,0.75,"[39,52,11,0]","[39,52,11,59]"
fixed-r4,128,1,0,16,8,57d6c25a7898568911088c4c8f3a08f3832ca730,84be71223ef6443c5775b6175b7dc4de57f447fd,True,False,0.75,"[39,52,18,0]","[39,18,52,59]"
fixed-r4,128,1,0,16,10,57d6c25a7898568911088c4c8f3a08f3832ca730,84be71223ef6443c5775b6175b7dc4de57f447fd,True,False,0.25,"[39,57,52,0]","[39,59,32,50]"
fixed-r4,128,1,0,16,12,57d6c25a7898568911088c4c8f3a08f3832ca730,84be71223ef6443c5775b6175b7dc4de57f447fd,True,False,0.25,"[39,52,15,0]","[39,32,18,37]"
fixed-r4,128,1,0,16,14,57d6c25a7898568911088c4c8f3a08f3832ca730,84be71223ef6443c5775b6175b7dc4de57f447fd,True,False,0.25,"[39,11,18,5]","[39,52,50,51]"
fixed-r4,128,1,1,16,0,57d6c25a7898568911088c4c8f3a08f3832ca730,84be71223ef6443c5775b6175b7dc4de57f447fd,False,False,0.75,"[22,48,57,26]","[57,48,22,12]"
fixed-r4,128,1,1,16,2,57d6c25a7898568911088c4c8f3a08f3832ca730,84be71223ef6443c5775b6175b7dc4de57f447fd,False,False,0.25,"[50,12,57,63]","[57,49,4,22]"
fixed-r4,128,1,1,16,4,57d6c25a7898568911088c4c8f3a08f3832ca730,84be71223ef6443c5775b6175b7dc4de57f447fd,True,False,0.75,"[57,12,50,22]","[57,22,12,36]"
fixed-r4,128,1,1,16,6,57d6c25a7898568911088c4c8f3a08f3832ca730,84be71223ef6443c5775b6175b7dc4de57f447fd,True,False,0.5,"[50,12,22,20]","[50,12,57,36]"
fixed-r4,128,1,1,16,8,57d6c25a7898568911088c4c8f3a08f3832ca730,84be71223ef6443c5775b6175b7dc4de57f447fd,False,False,0.0,"[50,26,48,40]","[36,18,57,56]"
fixed-r4,128,1,1,16,10,57d6c25a7898568911088c4c8f3a08f3832ca730,84be71223ef6443c5775b6175b7dc4de57f447fd,False,False,0.25,"[40,57,22,50]","[57,56,36,14]"
fixed-r4,128,1,1,16,12,57d6c25a7898568911088c4c8f3a08f3832ca730,84be71223ef6443c5775b6175b7dc4de57f447fd,False,False,0.75,"[50,12,57,36]","[57,12,36,49]"
fixed-r4,128,1,1,16,14,57d6c25a7898568911088c4c8f3a08f3832ca730,84be71223ef6443c5775b6175b7dc4de57f447fd,False,False,0.5,"[50,31,57,25]","[57,31,56,2]"
fixed-r4,128,1,0,16,0,94b5e28fac745823455a38183868d2d18757f68a,23112f2c9e8a12a570d12825eb99d088bd74b8a2,True,False,0.5,"[39,52,0,32]","[39,32,50,59]"
fixed-r4,128,1,0,16,2,94b5e28fac745823455a38183868d2d18757f68a,23112f2c9e8a12a570d12825eb99d088bd74b8a2,True,False,0.5,"[39,52,18,15]","[39,19,51,18]"
fixed-r4,128,1,0,16,4,94b5e28fac745823455a38183868d2d18757f68a,23112f2c9e8a12a570d12825eb99d088bd74b8a2,True,False,0.5,"[39,52,18,0]","[39,18,21,32]"
fixed-r4,128,1,0,16,6,94b5e28fac745823455a38183868d2d18757f68a,23112f2c9e8a12a570d12825eb99d088bd74b8a2,True,False,0.5,"[39,0,5,52]","[39,50,5,33]"
fixed-r4,128,1,0,16,8,94b5e28fac745823455a38183868d2d18757f68a,23112f2c9e8a12a570d12825eb99d088bd74b8a2,True,False,0.75,"[39,25,21,32]","[39,32,21,50]"
fixed-r4,128,1,0,16,10,94b5e28fac745823455a38183868d2d18757f68a,23112f2c9e8a12a570d12825eb99d088bd74b8a2,True,False,1.0,"[39,0,5,25]","[39,5,25,0]"
fixed-r4,128,1,0,16,12,94b5e28fac745823455a38183868d2d18757f68a,23112f2c9e8a12a570d12825eb99d088bd74b8a2,False,False,0.75,"[0,32,52,18]","[39,52,18,32]"
fixed-r4,128,1,0,16,14,94b5e28fac745823455a38183868d2d18757f68a,23112f2c9e8a12a570d12825eb99d088bd74b8a2,False,False,0.25,"[0,52,15,32]","[39,5,59,32]"
fixed-r4,128,1,1,16,0,94b5e28fac745823455a38183868d2d18757f68a,23112f2c9e8a12a570d12825eb99d088bd74b8a2,False,False,0.5,"[57,49,22,63]","[1,49,21,57]"
fixed-r4,128,1,1,16,2,94b5e28fac745823455a38183868d2d18757f68a,23112f2c9e8a12a570d12825eb99d088bd74b8a2,True,False,0.5,"[57,48,22,40]","[57,16,48,60]"
fixed-r4,128,1,1,16,4,94b5e28fac745823455a38183868d2d18757f68a,23112f2c9e8a12a570d12825eb99d088bd74b8a2,False,False,0.25,"[50,57,48,63]","[21,57,12,9]"
fixed-r4,128,1,1,16,6,94b5e28fac745823455a38183868d2d18757f68a,23112f2c9e8a12a570d12825eb99d088bd74b8a2,True,False,0.75,"[50,12,22,48]","[50,12,48,14]"
fixed-r4,128,1,1,16,8,94b5e28fac745823455a38183868d2d18757f68a,23112f2c9e8a12a570d12825eb99d088bd74b8a2,False,False,0.5,"[26,48,52,12]","[56,57,12,26]"
fixed-r4,128,1,1,16,10,94b5e28fac745823455a38183868d2d18757f68a,23112f2c9e8a12a570d12825eb99d088bd74b8a2,True,False,0.75,"[63,14,52,29]","[63,14,42,29]"
fixed-r4,128,1,1,16,12,94b5e28fac745823455a38183868d2d18757f68a,23112f2c9e8a12a570d12825eb99d088bd74b8a2,True,False,0.5,"[12,50,18,22]","[12,16,18,11]"
fixed-r4,128,1,1,16,14,94b5e28fac745823455a38183868d2d18757f68a,23112f2c9e8a12a570d12825eb99d088bd74b8a2,False,False,0.25,"[22,48,26,20]","[57,22,49,1]"
fixed-r4,128,1,0,16,0,d644ccabbb7508d5d47c7b231c4d3f82ee470f83,8271e9c7f7153b815a28ad2c27f6deb575833cad,True,False,0.75,"[39,52,5,0]","[39,52,5,32]"
fixed-r4,128,1,0,16,2,d644ccabbb7508d5d47c7b231c4d3f82ee470f83,8271e9c7f7153b815a28ad2c27f6deb575833cad,True,False,0.25,"[39,52,5,0]","[39,59,32,18]"
fixed-r4,128,1,0,16,4,d644ccabbb7508d5d47c7b231c4d3f82ee470f83,8271e9c7f7153b815a28ad2c27f6deb575833cad,False,False,0.5,"[52,39,18,0]","[39,52,50,5]"
fixed-r4,128,1,0,16,6,d644ccabbb7508d5d47c7b231c4d3f82ee470f83,8271e9c7f7153b815a28ad2c27f6deb575833cad,True,False,0.5,"[39,32,52,11]","[39,59,5,32]"
fixed-r4,128,1,0,16,8,d644ccabbb7508d5d47c7b231c4d3f82ee470f83,8271e9c7f7153b815a28ad2c27f6deb575833cad,False,False,0.5,"[36,59,32,40]","[39,59,32,52]"
fixed-r4,128,1,0,16,10,d644ccabbb7508d5d47c7b231c4d3f82ee470f83,8271e9c7f7153b815a28ad2c27f6deb575833cad,True,False,0.5,"[39,52,18,0]","[39,52,59,32]"
fixed-r4,128,1,0,16,12,d644ccabbb7508d5d47c7b231c4d3f82ee470f83,8271e9c7f7153b815a28ad2c27f6deb575833cad,True,False,0.75,"[39,52,18,15]","[39,18,52,25]"
fixed-r4,128,1,0,16,14,d644ccabbb7508d5d47c7b231c4d3f82ee470f83,8271e9c7f7153b815a28ad2c27f6deb575833cad,True,False,0.75,"[39,52,0,5]","[39,52,5,18]"
fixed-r4,128,1,1,16,0,d644ccabbb7508d5d47c7b231c4d3f82ee470f83,8271e9c7f7153b815a28ad2c27f6deb575833cad,False,False,0.25,"[50,12,22,40]","[57,56,22,36]"
fixed-r4,128,1,1,16,2,d644ccabbb7508d5d47c7b231c4d3f82ee470f83,8271e9c7f7153b815a28ad2c27f6deb575833cad,False,False,0.25,"[48,57,14,28]","[57,55,56,8]"
fixed-r4,128,1,1,16,4,d644ccabbb7508d5d47c7b231c4d3f82ee470f83,8271e9c7f7153b815a28ad2c27f6deb575833cad,True,False,0.25,"[50,26,48,22]","[50,58,1,24]"
fixed-r4,128,1,1,16,6,d644ccabbb7508d5d47c7b231c4d3f82ee470f83,8271e9c7f7153b815a28ad2c27f6deb575833cad,True,False,0.5,"[50,22,40,48]","[50,22,12,57]"
fixed-r4,128,1,1,16,8,d644ccabbb7508d5d47c7b231c4d3f82ee470f83,8271e9c7f7153b815a28ad2c27f6deb575833cad,False,False,0.0,"[44,2,55,53]","[57,56,36,42]"
fixed-r4,128,1,1,16,10,d644ccabbb7508d5d47c7b231c4d3f82ee470f83,8271e9c7f7153b815a28ad2c27f6deb575833cad,False,False,0.25,"[20,48,50,40]","[18,12,48,14]"
fixed-r4,128,1,1,16,12,d644ccabbb7508d5d47c7b231c4d3f82ee470f83,8271e9c7f7153b815a28ad2c27f6deb575833cad,False,False,0.0,"[20,40,48,50]","[57,12,14,16]"
fixed-r4,128,1,1,16,14,d644ccabbb7508d5d47c7b231c4d3f82ee470f83,8271e9c7f7153b815a28ad2c27f6deb575833cad,True,False,0.5,"[50,22,20,48]","[50,18,22,12]"
fixed-r4-dropout005,0,1,0,16,0,2b16372207e3344688f093f9c78460489a485fa6,60c33dc441937d75a986217023e83ee5748a59f5,True,True,1.0,"[9,8,25,4]","[9,8,25,4]"
fixed-r4-dropout005,0,1,0,16,2,2b16372207e3344688f093f9c78460489a485fa6,60c33dc441937d75a986217023e83ee5748a59f5,True,True,1.0,"[54,40,55,45]","[54,40,55,45]"
fixed-r4-dropout005,0,1,0,16,4,2b16372207e3344688f093f9c78460489a485fa6,60c33dc441937d75a986217023e83ee5748a59f5,True,True,1.0,"[62,25,8,32]","[62,25,8,32]"
fixed-r4-dropout005,0,1,0,16,6,2b16372207e3344688f093f9c78460489a485fa6,60c33dc441937d75a986217023e83ee5748a59f5,True,True,1.0,"[28,46,20,52]","[28,46,20,52]"
fixed-r4-dropout005,0,1,0,16,8,2b16372207e3344688f093f9c78460489a485fa6,60c33dc441937d75a986217023e83ee5748a59f5,True,True,1.0,"[47,4,50,60]","[47,4,50,60]"
fixed-r4-dropout005,0,1,0,16,10,2b16372207e3344688f093f9c78460489a485fa6,60c33dc441937d75a986217023e83ee5748a59f5,True,True,1.0,"[33,57,13,27]","[33,57,13,27]"
fixed-r4-dropout005,0,1,0,16,12,2b16372207e3344688f093f9c78460489a485fa6,60c33dc441937d75a986217023e83ee5748a59f5,True,True,1.0,"[26,54,0,1]","[26,54,0,1]"
fixed-r4-dropout005,0,1,0,16,14,2b16372207e3344688f093f9c78460489a485fa6,60c33dc441937d75a986217023e83ee5748a59f5,True,True,1.0,"[50,39,33,51]","[50,39,33,51]"
fixed-r4-dropout005,0,1,1,16,0,2b16372207e3344688f093f9c78460489a485fa6,60c33dc441937d75a986217023e83ee5748a59f5,True,True,1.0,"[40,49,34,16]","[40,49,34,16]"
fixed-r4-dropout005,0,1,1,16,2,2b16372207e3344688f093f9c78460489a485fa6,60c33dc441937d75a986217023e83ee5748a59f5,True,True,1.0,"[16,59,1,31]","[16,59,1,31]"
fixed-r4-dropout005,0,1,1,16,4,2b16372207e3344688f093f9c78460489a485fa6,60c33dc441937d75a986217023e83ee5748a59f5,True,True,1.0,"[18,21,9,50]","[18,21,9,50]"
fixed-r4-dropout005,0,1,1,16,6,2b16372207e3344688f093f9c78460489a485fa6,60c33dc441937d75a986217023e83ee5748a59f5,True,True,1.0,"[22,61,13,54]","[22,61,13,54]"
fixed-r4-dropout005,0,1,1,16,8,2b16372207e3344688f093f9c78460489a485fa6,60c33dc441937d75a986217023e83ee5748a59f5,True,True,1.0,"[63,33,14,17]","[63,33,14,17]"
fixed-r4-dropout005,0,1,1,16,10,2b16372207e3344688f093f9c78460489a485fa6,60c33dc441937d75a986217023e83ee5748a59f5,True,True,1.0,"[60,11,20,32]","[60,11,20,32]"
fixed-r4-dropout005,0,1,1,16,12,2b16372207e3344688f093f9c78460489a485fa6,60c33dc441937d75a986217023e83ee5748a59f5,True,True,1.0,"[51,34,62,4]","[51,34,62,4]"
fixed-r4-dropout005,0,1,1,16,14,2b16372207e3344688f093f9c78460489a485fa6,60c33dc441937d75a986217023e83ee5748a59f5,True,True,1.0,"[44,58,16,35]","[44,58,16,35]"
fixed-r4-dropout005,0,1,0,16,0,57d6c25a7898568911088c4c8f3a08f3832ca730,84be71223ef6443c5775b6175b7dc4de57f447fd,True,True,1.0,"[24,23,22,8]","[24,23,22,8]"
fixed-r4-dropout005,0,1,0,16,2,57d6c25a7898568911088c4c8f3a08f3832ca730,84be71223ef6443c5775b6175b7dc4de57f447fd,True,True,1.0,"[1,38,59,14]","[1,38,59,14]"
fixed-r4-dropout005,0,1,0,16,4,57d6c25a7898568911088c4c8f3a08f3832ca730,84be71223ef6443c5775b6175b7dc4de57f447fd,True,True,1.0,"[6,19,26,52]","[6,19,26,52]"
fixed-r4-dropout005,0,1,0,16,6,57d6c25a7898568911088c4c8f3a08f3832ca730,84be71223ef6443c5775b6175b7dc4de57f447fd,True,True,1.0,"[1,40,11,53]","[1,40,11,53]"
fixed-r4-dropout005,0,1,0,16,8,57d6c25a7898568911088c4c8f3a08f3832ca730,84be71223ef6443c5775b6175b7dc4de57f447fd,True,True,1.0,"[8,52,53,16]","[8,52,53,16]"
fixed-r4-dropout005,0,1,0,16,10,57d6c25a7898568911088c4c8f3a08f3832ca730,84be71223ef6443c5775b6175b7dc4de57f447fd,True,True,1.0,"[36,59,20,34]","[36,59,20,34]"
fixed-r4-dropout005,0,1,0,16,12,57d6c25a7898568911088c4c8f3a08f3832ca730,84be71223ef6443c5775b6175b7dc4de57f447fd,True,True,1.0,"[40,34,15,42]","[40,34,15,42]"
fixed-r4-dropout005,0,1,0,16,14,57d6c25a7898568911088c4c8f3a08f3832ca730,84be71223ef6443c5775b6175b7dc4de57f447fd,True,True,1.0,"[11,1,8,62]","[11,1,8,62]"
fixed-r4-dropout005,0,1,1,16,0,57d6c25a7898568911088c4c8f3a08f3832ca730,84be71223ef6443c5775b6175b7dc4de57f447fd,True,True,1.0,"[47,27,3,35]","[47,27,3,35]"
fixed-r4-dropout005,0,1,1,16,2,57d6c25a7898568911088c4c8f3a08f3832ca730,84be71223ef6443c5775b6175b7dc4de57f447fd,True,True,1.0,"[8,60,49,55]","[8,60,49,55]"
fixed-r4-dropout005,0,1,1,16,4,57d6c25a7898568911088c4c8f3a08f3832ca730,84be71223ef6443c5775b6175b7dc4de57f447fd,True,True,1.0,"[54,57,35,13]","[54,57,35,13]"
fixed-r4-dropout005,0,1,1,16,6,57d6c25a7898568911088c4c8f3a08f3832ca730,84be71223ef6443c5775b6175b7dc4de57f447fd,True,True,1.0,"[17,25,23,55]","[17,25,23,55]"
fixed-r4-dropout005,0,1,1,16,8,57d6c25a7898568911088c4c8f3a08f3832ca730,84be71223ef6443c5775b6175b7dc4de57f447fd,True,True,1.0,"[16,20,34,25]","[16,20,34,25]"
fixed-r4-dropout005,0,1,1,16,10,57d6c25a7898568911088c4c8f3a08f3832ca730,84be71223ef6443c5775b6175b7dc4de57f447fd,True,True,1.0,"[7,13,56,21]","[7,13,56,21]"
fixed-r4-dropout005,0,1,1,16,12,57d6c25a7898568911088c4c8f3a08f3832ca730,84be71223ef6443c5775b6175b7dc4de57f447fd,True,True,1.0,"[27,49,5,25]","[27,49,5,25]"
fixed-r4-dropout005,0,1,1,16,14,57d6c25a7898568911088c4c8f3a08f3832ca730,84be71223ef6443c5775b6175b7dc4de57f447fd,True,True,1.0,"[31,57,8,30]","[31,57,8,30]"
fixed-r4-dropout005,0,1,0,16,0,94b5e28fac745823455a38183868d2d18757f68a,23112f2c9e8a12a570d12825eb99d088bd74b8a2,True,True,1.0,"[48,24,23,50]","[48,24,23,50]"
fixed-r4-dropout005,0,1,0,16,2,94b5e28fac745823455a38183868d2d18757f68a,23112f2c9e8a12a570d12825eb99d088bd74b8a2,True,True,1.0,"[19,51,18,22]","[19,51,18,22]"
fixed-r4-dropout005,0,1,0,16,4,94b5e28fac745823455a38183868d2d18757f68a,23112f2c9e8a12a570d12825eb99d088bd74b8a2,True,True,1.0,"[11,3,42,29]","[11,3,42,29]"
fixed-r4-dropout005,0,1,0,16,6,94b5e28fac745823455a38183868d2d18757f68a,23112f2c9e8a12a570d12825eb99d088bd74b8a2,True,True,1.0,"[53,50,29,32]","[53,50,29,32]"
fixed-r4-dropout005,0,1,0,16,8,94b5e28fac745823455a38183868d2d18757f68a,23112f2c9e8a12a570d12825eb99d088bd74b8a2,True,True,1.0,"[25,23,62,16]","[25,23,62,16]"
fixed-r4-dropout005,0,1,0,16,10,94b5e28fac745823455a38183868d2d18757f68a,23112f2c9e8a12a570d12825eb99d088bd74b8a2,True,True,1.0,"[7,16,5,47]","[7,16,5,47]"
fixed-r4-dropout005,0,1,0,16,12,94b5e28fac745823455a38183868d2d18757f68a,23112f2c9e8a12a570d12825eb99d088bd74b8a2,True,True,1.0,"[62,2,33,25]","[62,2,33,25]"
fixed-r4-dropout005,0,1,0,16,14,94b5e28fac745823455a38183868d2d18757f68a,23112f2c9e8a12a570d12825eb99d088bd74b8a2,True,True,1.0,"[19,27,20,61]","[19,27,20,61]"
fixed-r4-dropout005,0,1,1,16,0,94b5e28fac745823455a38183868d2d18757f68a,23112f2c9e8a12a570d12825eb99d088bd74b8a2,True,True,1.0,"[27,49,5,1]","[27,49,5,1]"
fixed-r4-dropout005,0,1,1,16,2,94b5e28fac745823455a38183868d2d18757f68a,23112f2c9e8a12a570d12825eb99d088bd74b8a2,True,True,1.0,"[60,3,48,7]","[60,3,48,7]"
fixed-r4-dropout005,0,1,1,16,4,94b5e28fac745823455a38183868d2d18757f68a,23112f2c9e8a12a570d12825eb99d088bd74b8a2,True,True,1.0,"[21,41,28,9]","[21,41,28,9]"
fixed-r4-dropout005,0,1,1,16,6,94b5e28fac745823455a38183868d2d18757f68a,23112f2c9e8a12a570d12825eb99d088bd74b8a2,True,True,1.0,"[12,2,23,55]","[12,2,23,55]"
fixed-r4-dropout005,0,1,1,16,8,94b5e28fac745823455a38183868d2d18757f68a,23112f2c9e8a12a570d12825eb99d088bd74b8a2,True,True,1.0,"[9,25,26,47]","[9,25,26,47]"
fixed-r4-dropout005,0,1,1,16,10,94b5e28fac745823455a38183868d2d18757f68a,23112f2c9e8a12a570d12825eb99d088bd74b8a2,True,True,1.0,"[14,1,63,10]","[14,1,63,10]"
fixed-r4-dropout005,0,1,1,16,12,94b5e28fac745823455a38183868d2d18757f68a,23112f2c9e8a12a570d12825eb99d088bd74b8a2,True,True,1.0,"[12,35,18,2]","[12,35,18,2]"
fixed-r4-dropout005,0,1,1,16,14,94b5e28fac745823455a38183868d2d18757f68a,23112f2c9e8a12a570d12825eb99d088bd74b8a2,True,True,1.0,"[35,10,26,20]","[35,10,26,20]"
fixed-r4-dropout005,0,1,0,16,0,d644ccabbb7508d5d47c7b231c4d3f82ee470f83,8271e9c7f7153b815a28ad2c27f6deb575833cad,True,True,1.0,"[55,62,31,56]","[55,62,31,56]"
fixed-r4-dropout005,0,1,0,16,2,d644ccabbb7508d5d47c7b231c4d3f82ee470f83,8271e9c7f7153b815a28ad2c27f6deb575833cad,True,True,1.0,"[11,46,1,17]","[11,46,1,17]"
fixed-r4-dropout005,0,1,0,16,4,d644ccabbb7508d5d47c7b231c4d3f82ee470f83,8271e9c7f7153b815a28ad2c27f6deb575833cad,True,True,1.0,"[62,63,26,20]","[62,63,26,20]"
fixed-r4-dropout005,0,1,0,16,6,d644ccabbb7508d5d47c7b231c4d3f82ee470f83,8271e9c7f7153b815a28ad2c27f6deb575833cad,True,True,1.0,"[11,5,2,20]","[11,5,2,20]"
fixed-r4-dropout005,0,1,0,16,8,d644ccabbb7508d5d47c7b231c4d3f82ee470f83,8271e9c7f7153b815a28ad2c27f6deb575833cad,True,True,1.0,"[23,27,20,35]","[23,27,20,35]"
fixed-r4-dropout005,0,1,0,16,10,d644ccabbb7508d5d47c7b231c4d3f82ee470f83,8271e9c7f7153b815a28ad2c27f6deb575833cad,True,True,1.0,"[2,59,22,52]","[2,59,22,52]"
fixed-r4-dropout005,0,1,0,16,12,d644ccabbb7508d5d47c7b231c4d3f82ee470f83,8271e9c7f7153b815a28ad2c27f6deb575833cad,True,True,1.0,"[20,12,44,1]","[20,12,44,1]"
fixed-r4-dropout005,0,1,0,16,14,d644ccabbb7508d5d47c7b231c4d3f82ee470f83,8271e9c7f7153b815a28ad2c27f6deb575833cad,True,True,1.0,"[20,3,57,52]","[20,3,57,52]"
fixed-r4-dropout005,0,1,1,16,0,d644ccabbb7508d5d47c7b231c4d3f82ee470f83,8271e9c7f7153b815a28ad2c27f6deb575833cad,True,True,1.0,"[50,43,19,41]","[50,43,19,41]"
fixed-r4-dropout005,0,1,1,16,2,d644ccabbb7508d5d47c7b231c4d3f82ee470f83,8271e9c7f7153b815a28ad2c27f6deb575833cad,True,True,1.0,"[32,27,28,54]","[32,27,28,54]"
fixed-r4-dropout005,0,1,1,16,4,d644ccabbb7508d5d47c7b231c4d3f82ee470f83,8271e9c7f7153b815a28ad2c27f6deb575833cad,True,True,1.0,"[27,33,23,31]","[27,33,23,31]"
fixed-r4-dropout005,0,1,1,16,6,d644ccabbb7508d5d47c7b231c4d3f82ee470f83,8271e9c7f7153b815a28ad2c27f6deb575833cad,True,True,1.0,"[31,50,58,9]","[31,50,58,9]"
fixed-r4-dropout005,0,1,1,16,8,d644ccabbb7508d5d47c7b231c4d3f82ee470f83,8271e9c7f7153b815a28ad2c27f6deb575833cad,True,True,1.0,"[55,53,42,8]","[55,53,42,8]"
fixed-r4-dropout005,0,1,1,16,10,d644ccabbb7508d5d47c7b231c4d3f82ee470f83,8271e9c7f7153b815a28ad2c27f6deb575833cad,True,True,1.0,"[18,12,20,59]","[18,12,20,59]"
fixed-r4-dropout005,0,1,1,16,12,d644ccabbb7508d5d47c7b231c4d3f82ee470f83,8271e9c7f7153b815a28ad2c27f6deb575833cad,True,True,1.0,"[35,59,7,40]","[35,59,7,40]"
fixed-r4-dropout005,0,1,1,16,14,d644ccabbb7508d5d47c7b231c4d3f82ee470f83,8271e9c7f7153b815a28ad2c27f6deb575833cad,True,True,1.0,"[38,20,27,19]","[38,20,27,19]"
fixed-r4-dropout005,16,1,0,16,0,2b16372207e3344688f093f9c78460489a485fa6,60c33dc441937d75a986217023e83ee5748a59f5,True,False,0.75,"[8,9,25,31]","[8,25,9,21]"
fixed-r4-dropout005,16,1,0,16,2,2b16372207e3344688f093f9c78460489a485fa6,60c33dc441937d75a986217023e83ee5748a59f5,True,False,0.75,"[39,54,21,34]","[39,54,21,19]"
fixed-r4-dropout005,16,1,0,16,4,2b16372207e3344688f093f9c78460489a485fa6,60c33dc441937d75a986217023e83ee5748a59f5,True,False,1.0,"[25,32,45,62]","[25,32,62,45]"
fixed-r4-dropout005,16,1,0,16,6,2b16372207e3344688f093f9c78460489a485fa6,60c33dc441937d75a986217023e83ee5748a59f5,False,False,0.75,"[28,46,1,59]","[46,28,1,52]"
fixed-r4-dropout005,16,1,0,16,8,2b16372207e3344688f093f9c78460489a485fa6,60c33dc441937d75a986217023e83ee5748a59f5,True,False,0.75,"[59,36,1,4]","[59,1,36,62]"
fixed-r4-dropout005,16,1,0,16,10,2b16372207e3344688f093f9c78460489a485fa6,60c33dc441937d75a986217023e83ee5748a59f5,True,False,1.0,"[57,33,51,48]","[57,33,48,51]"
fixed-r4-dropout005,16,1,0,16,12,2b16372207e3344688f093f9c78460489a485fa6,60c33dc441937d75a986217023e83ee5748a59f5,False,False,1.0,"[1,0,39,21]","[21,39,1,0]"
fixed-r4-dropout005,16,1,0,16,14,2b16372207e3344688f093f9c78460489a485fa6,60c33dc441937d75a986217023e83ee5748a59f5,True,True,1.0,"[39,50,51,61]","[39,50,51,61]"
fixed-r4-dropout005,16,1,1,16,0,2b16372207e3344688f093f9c78460489a485fa6,60c33dc441937d75a986217023e83ee5748a59f5,True,False,0.75,"[40,49,57,4]","[40,49,57,26]"
fixed-r4-dropout005,16,1,1,16,2,2b16372207e3344688f093f9c78460489a485fa6,60c33dc441937d75a986217023e83ee5748a59f5,True,True,1.0,"[16,1,28,59]","[16,1,28,59]"
fixed-r4-dropout005,16,1,1,16,4,2b16372207e3344688f093f9c78460489a485fa6,60c33dc441937d75a986217023e83ee5748a59f5,True,False,0.75,"[18,11,50,63]","[18,11,21,63]"
fixed-r4-dropout005,16,1,1,16,6,2b16372207e3344688f093f9c78460489a485fa6,60c33dc441937d75a986217023e83ee5748a59f5,True,False,0.75,"[22,57,61,63]","[22,57,61,42]"
fixed-r4-dropout005,16,1,1,16,8,2b16372207e3344688f093f9c78460489a485fa6,60c33dc441937d75a986217023e83ee5748a59f5,True,False,0.75,"[63,29,14,49]","[63,49,29,17]"
fixed-r4-dropout005,16,1,1,16,10,2b16372207e3344688f093f9c78460489a485fa6,60c33dc441937d75a986217023e83ee5748a59f5,True,False,0.75,"[11,40,63,32]","[11,40,18,63]"
fixed-r4-dropout005,16,1,1,16,12,2b16372207e3344688f093f9c78460489a485fa6,60c33dc441937d75a986217023e83ee5748a59f5,True,False,0.75,"[51,4,34,63]","[51,4,63,28]"
fixed-r4-dropout005,16,1,1,16,14,2b16372207e3344688f093f9c78460489a485fa6,60c33dc441937d75a986217023e83ee5748a59f5,True,False,0.75,"[44,48,40,16]","[44,48,40,49]"
fixed-r4-dropout005,16,1,0,16,0,57d6c25a7898568911088c4c8f3a08f3832ca730,84be71223ef6443c5775b6175b7dc4de57f447fd,True,False,0.75,"[24,11,8,31]","[24,11,8,18]"
fixed-r4-dropout005,16,1,0,16,2,57d6c25a7898568911088c4c8f3a08f3832ca730,84be71223ef6443c5775b6175b7dc4de57f447fd,True,False,0.75,"[1,38,59,32]","[1,59,38,36]"
fixed-r4-dropout005,16,1,0,16,4,57d6c25a7898568911088c4c8f3a08f3832ca730,84be71223ef6443c5775b6175b7dc4de57f447fd,False,False,0.5,"[6,34,54,47]","[34,6,15,19]"
fixed-r4-dropout005,16,1,0,16,6,57d6c25a7898568911088c4c8f3a08f3832ca730,84be71223ef6443c5775b6175b7dc4de57f447fd,True,False,0.75,"[1,11,36,42]","[1,11,36,32]"
fixed-r4-dropout005,16,1,0,16,8,57d6c25a7898568911088c4c8f3a08f3832ca730,84be71223ef6443c5775b6175b7dc4de57f447fd,True,True,1.0,"[8,59,52,32]","[8,59,52,32]"
fixed-r4-dropout005,16,1,0,16,10,57d6c25a7898568911088c4c8f3a08f3832ca730,84be71223ef6443c5775b6175b7dc4de57f447fd,True,False,0.75,"[36,59,57,32]","[36,59,32,58]"
fixed-r4-dropout005,16,1,0,16,12,57d6c25a7898568911088c4c8f3a08f3832ca730,84be71223ef6443c5775b6175b7dc4de57f447fd,False,False,1.0,"[15,40,34,42]","[40,15,34,42]"
fixed-r4-dropout005,16,1,0,16,14,57d6c25a7898568911088c4c8f3a08f3832ca730,84be71223ef6443c5775b6175b7dc4de57f447fd,True,False,0.75,"[11,52,47,1]","[11,1,52,36]"
fixed-r4-dropout005,16,1,1,16,0,57d6c25a7898568911088c4c8f3a08f3832ca730,84be71223ef6443c5775b6175b7dc4de57f447fd,True,False,0.75,"[47,52,33,48]","[47,29,52,33]"
fixed-r4-dropout005,16,1,1,16,2,57d6c25a7898568911088c4c8f3a08f3832ca730,84be71223ef6443c5775b6175b7dc4de57f447fd,False,False,0.5,"[49,57,4,52]","[57,49,60,12]"
fixed-r4-dropout005,16,1,1,16,4,57d6c25a7898568911088c4c8f3a08f3832ca730,84be71223ef6443c5775b6175b7dc4de57f447fd,True,False,0.75,"[57,12,54,35]","[57,12,54,40]"
fixed-r4-dropout005,16,1,1,16,6,57d6c25a7898568911088c4c8f3a08f3832ca730,84be71223ef6443c5775b6175b7dc4de57f447fd,False,False,0.75,"[36,17,49,57]","[57,17,28,36]"
fixed-r4-dropout005,16,1,1,16,8,57d6c25a7898568911088c4c8f3a08f3832ca730,84be71223ef6443c5775b6175b7dc4de57f447fd,True,False,0.75,"[16,20,4,49]","[16,20,59,4]"
fixed-r4-dropout005,16,1,1,16,10,57d6c25a7898568911088c4c8f3a08f3832ca730,84be71223ef6443c5775b6175b7dc4de57f447fd,True,False,0.75,"[57,7,40,12]","[57,40,12,21]"
fixed-r4-dropout005,16,1,1,16,12,57d6c25a7898568911088c4c8f3a08f3832ca730,84be71223ef6443c5775b6175b7dc4de57f447fd,True,False,0.75,"[36,49,12,32]","[36,12,49,27]"
fixed-r4-dropout005,16,1,1,16,14,57d6c25a7898568911088c4c8f3a08f3832ca730,84be71223ef6443c5775b6175b7dc4de57f447fd,True,False,0.75,"[57,31,2,21]","[57,31,63,21]"
fixed-r4-dropout005,16,1,0,16,0,94b5e28fac745823455a38183868d2d18757f68a,23112f2c9e8a12a570d12825eb99d088bd74b8a2,True,False,0.75,"[48,4,32,42]","[48,4,32,56]"
fixed-r4-dropout005,16,1,0,16,2,94b5e28fac745823455a38183868d2d18757f68a,23112f2c9e8a12a570d12825eb99d088bd74b8a2,True,False,0.75,"[19,51,59,22]","[19,51,18,22]"
fixed-r4-dropout005,16,1,0,16,4,94b5e28fac745823455a38183868d2d18757f68a,23112f2c9e8a12a570d12825eb99d088bd74b8a2,False,False,0.5,"[11,1,42,30]","[13,11,39,1]"
fixed-r4-dropout005,16,1,0,16,6,94b5e28fac745823455a38183868d2d18757f68a,23112f2c9e8a12a570d12825eb99d088bd74b8a2,False,False,0.75,"[32,39,53,33]","[39,32,33,57]"
fixed-r4-dropout005,16,1,0,16,8,94b5e28fac745823455a38183868d2d18757f68a,23112f2c9e8a12a570d12825eb99d088bd74b8a2,False,False,1.0,"[25,43,32,36]","[36,25,32,43]"
fixed-r4-dropout005,16,1,0,16,10,94b5e28fac745823455a38183868d2d18757f68a,23112f2c9e8a12a570d12825eb99d088bd74b8a2,True,True,1.0,"[7,39,5,51]","[7,39,5,51]"
fixed-r4-dropout005,16,1,0,16,12,94b5e28fac745823455a38183868d2d18757f68a,23112f2c9e8a12a570d12825eb99d088bd74b8a2,False,False,0.5,"[2,62,42,43]","[62,2,32,25]"
fixed-r4-dropout005,16,1,0,16,14,94b5e28fac745823455a38183868d2d18757f68a,23112f2c9e8a12a570d12825eb99d088bd74b8a2,False,False,0.75,"[27,19,59,44]","[19,59,27,61]"
fixed-r4-dropout005,16,1,1,16,0,94b5e28fac745823455a38183868d2d18757f68a,23112f2c9e8a12a570d12825eb99d088bd74b8a2,True,False,0.75,"[49,1,27,57]","[49,1,57,4]"
fixed-r4-dropout005,16,1,1,16,2,94b5e28fac745823455a38183868d2d18757f68a,23112f2c9e8a12a570d12825eb99d088bd74b8a2,True,False,0.75,"[48,16,29,45]","[48,60,29,16]"
fixed-r4-dropout005,16,1,1,16,4,94b5e28fac745823455a38183868d2d18757f68a,23112f2c9e8a12a570d12825eb99d088bd74b8a2,True,False,1.0,"[21,12,63,28]","[21,28,12,63]"
fixed-r4-dropout005,16,1,1,16,6,94b5e28fac745823455a38183868d2d18757f68a,23112f2c9e8a12a570d12825eb99d088bd74b8a2,True,False,1.0,"[12,48,50,2]","[12,50,48,2]"
fixed-r4-dropout005,16,1,1,16,8,94b5e28fac745823455a38183868d2d18757f68a,23112f2c9e8a12a570d12825eb99d088bd74b8a2,False,False,0.5,"[26,25,49,12]","[12,18,14,26]"
fixed-r4-dropout005,16,1,1,16,10,94b5e28fac745823455a38183868d2d18757f68a,23112f2c9e8a12a570d12825eb99d088bd74b8a2,True,True,1.0,"[63,14,52,1]","[63,14,52,1]"
fixed-r4-dropout005,16,1,1,16,12,94b5e28fac745823455a38183868d2d18757f68a,23112f2c9e8a12a570d12825eb99d088bd74b8a2,True,False,0.75,"[12,18,52,42]","[12,18,52,35]"
fixed-r4-dropout005,16,1,1,16,14,94b5e28fac745823455a38183868d2d18757f68a,23112f2c9e8a12a570d12825eb99d088bd74b8a2,True,False,0.5,"[26,10,52,35]","[26,10,29,43]"
fixed-r4-dropout005,16,1,0,16,0,d644ccabbb7508d5d47c7b231c4d3f82ee470f83,8271e9c7f7153b815a28ad2c27f6deb575833cad,True,False,0.75,"[46,52,55,62]","[46,55,52,31]"
fixed-r4-dropout005,16,1,0,16,2,d644ccabbb7508d5d47c7b231c4d3f82ee470f83,8271e9c7f7153b815a28ad2c27f6deb575833cad,False,False,1.0,"[46,17,59,1]","[59,1,17,46]"
fixed-r4-dropout005,16,1,0,16,4,d644ccabbb7508d5d47c7b231c4d3f82ee470f83,8271e9c7f7153b815a28ad2c27f6deb575833cad,True,False,1.0,"[62,63,35,55]","[62,35,63,55]"
fixed-r4-dropout005,16,1,0,16,6,d644ccabbb7508d5d47c7b231c4d3f82ee470f83,8271e9c7f7153b815a28ad2c27f6deb575833cad,True,False,0.75,"[11,39,2,14]","[11,39,2,32]"
fixed-r4-dropout005,16,1,0,16,8,d644ccabbb7508d5d47c7b231c4d3f82ee470f83,8271e9c7f7153b815a28ad2c27f6deb575833cad,True,False,0.75,"[36,46,23,27]","[36,46,27,44]"
fixed-r4-dropout005,16,1,0,16,10,d644ccabbb7508d5d47c7b231c4d3f82ee470f83,8271e9c7f7153b815a28ad2c27f6deb575833cad,True,False,0.75,"[2,59,51,52]","[2,59,51,22]"
fixed-r4-dropout005,16,1,0,16,12,d644ccabbb7508d5d47c7b231c4d3f82ee470f83,8271e9c7f7153b815a28ad2c27f6deb575833cad,True,False,0.75,"[20,46,1,12]","[20,44,1,12]"
fixed-r4-dropout005,16,1,0,16,14,d644ccabbb7508d5d47c7b231c4d3f82ee470f83,8271e9c7f7153b815a28ad2c27f6deb575833cad,True,False,0.75,"[57,52,3,20]","[57,52,39,3]"
fixed-r4-dropout005,16,1,1,16,0,d644ccabbb7508d5d47c7b231c4d3f82ee470f83,8271e9c7f7153b815a28ad2c27f6deb575833cad,True,False,0.75,"[50,12,52,19]","[50,12,52,41]"
fixed-r4-dropout005,16,1,1,16,2,d644ccabbb7508d5d47c7b231c4d3f82ee470f83,8271e9c7f7153b815a28ad2c27f6deb575833cad,True,True,1.0,"[28,63,48,27]","[28,63,48,27]"
fixed-r4-dropout005,16,1,1,16,4,d644ccabbb7508d5d47c7b231c4d3f82ee470f83,8271e9c7f7153b815a28ad2c27f6deb575833cad,True,False,0.75,"[27,31,1,23]","[27,33,31,23]"
fixed-r4-dropout005,16,1,1,16,6,d644ccabbb7508d5d47c7b231c4d3f82ee470f83,8271e9c7f7153b815a28ad2c27f6deb575833cad,False,False,0.5,"[31,50,57,28]","[50,31,48,9]"
fixed-r4-dropout005,16,1,1,16,8,d644ccabbb7508d5d47c7b231c4d3f82ee470f83,8271e9c7f7153b815a28ad2c27f6deb575833cad,True,False,0.75,"[36,42,32,29]","[36,42,10,29]"
fixed-r4-dropout005,16,1,1,16,10,d644ccabbb7508d5d47c7b231c4d3f82ee470f83,8271e9c7f7153b815a28ad2c27f6deb575833cad,True,False,0.5,"[18,12,20,48]","[18,12,45,40]"
fixed-r4-dropout005,16,1,1,16,12,d644ccabbb7508d5d47c7b231c4d3f82ee470f83,8271e9c7f7153b815a28ad2c27f6deb575833cad,True,False,1.0,"[40,20,35,57]","[40,35,20,57]"
fixed-r4-dropout005,16,1,1,16,14,d644ccabbb7508d5d47c7b231c4d3f82ee470f83,8271e9c7f7153b815a28ad2c27f6deb575833cad,False,False,0.75,"[6,38,20,3]","[38,20,6,4]"
fixed-r4-dropout005,64,1,0,16,0,2b16372207e3344688f093f9c78460489a485fa6,60c33dc441937d75a986217023e83ee5748a59f5,False,False,0.75,"[8,9,25,21]","[25,37,8,21]"
fixed-r4-dropout005,64,1,0,16,2,2b16372207e3344688f093f9c78460489a485fa6,60c33dc441937d75a986217023e83ee5748a59f5,True,False,0.25,"[21,54,45,24]","[21,5,39,8]"
fixed-r4-dropout005,64,1,0,16,4,2b16372207e3344688f093f9c78460489a485fa6,60c33dc441937d75a986217023e83ee5748a59f5,True,False,0.75,"[32,18,45,25]","[32,18,25,56]"
fixed-r4-dropout005,64,1,0,16,6,2b16372207e3344688f093f9c78460489a485fa6,60c33dc441937d75a986217023e83ee5748a59f5,True,False,0.5,"[52,11,7,2]","[52,5,2,24]"
fixed-r4-dropout005,64,1,0,16,8,2b16372207e3344688f093f9c78460489a485fa6,60c33dc441937d75a986217023e83ee5748a59f5,True,True,1.0,"[36,1,59,56]","[36,1,59,56]"
fixed-r4-dropout005,64,1,0,16,10,2b16372207e3344688f093f9c78460489a485fa6,60c33dc441937d75a986217023e83ee5748a59f5,True,False,1.0,"[57,51,48,45]","[57,48,51,45]"
fixed-r4-dropout005,64,1,0,16,12,2b16372207e3344688f093f9c78460489a485fa6,60c33dc441937d75a986217023e83ee5748a59f5,True,False,0.75,"[21,24,52,59]","[21,59,24,51]"
fixed-r4-dropout005,64,1,0,16,14,2b16372207e3344688f093f9c78460489a485fa6,60c33dc441937d75a986217023e83ee5748a59f5,True,False,0.75,"[51,39,31,58]","[51,39,31,21]"
fixed-r4-dropout005,64,1,1,16,0,2b16372207e3344688f093f9c78460489a485fa6,60c33dc441937d75a986217023e83ee5748a59f5,True,False,1.0,"[57,4,40,49]","[57,40,4,49]"
fixed-r4-dropout005,64,1,1,16,2,2b16372207e3344688f093f9c78460489a485fa6,60c33dc441937d75a986217023e83ee5748a59f5,True,False,0.75,"[16,31,1,59]","[16,53,1,59]"
fixed-r4-dropout005,64,1,1,16,4,2b16372207e3344688f093f9c78460489a485fa6,60c33dc441937d75a986217023e83ee5748a59f5,False,False,0.75,"[52,57,10,18]","[57,9,18,52]"
fixed-r4-dropout005,64,1,1,16,6,2b16372207e3344688f093f9c78460489a485fa6,60c33dc441937d75a986217023e83ee5748a59f5,True,False,0.75,"[61,22,60,57]","[61,22,57,20]"
fixed-r4-dropout005,64,1,1,16,8,2b16372207e3344688f093f9c78460489a485fa6,60c33dc441937d75a986217023e83ee5748a59f5,False,False,0.5,"[14,10,4,33]","[10,56,4,17]"
fixed-r4-dropout005,64,1,1,16,10,2b16372207e3344688f093f9c78460489a485fa6,60c33dc441937d75a986217023e83ee5748a59f5,False,False,0.5,"[32,20,18,63]","[18,11,40,32]"
fixed-r4-dropout005,64,1,1,16,12,2b16372207e3344688f093f9c78460489a485fa6,60c33dc441937d75a986217023e83ee5748a59f5,True,False,0.75,"[51,1,4,17]","[51,1,17,57]"
fixed-r4-dropout005,64,1,1,16,14,2b16372207e3344688f093f9c78460489a485fa6,60c33dc441937d75a986217023e83ee5748a59f5,False,False,0.75,"[57,44,9,40]","[48,57,9,44]"
fixed-r4-dropout005,64,1,0,16,0,57d6c25a7898568911088c4c8f3a08f3832ca730,84be71223ef6443c5775b6175b7dc4de57f447fd,False,False,0.75,"[11,24,1,38]","[24,18,11,1]"
fixed-r4-dropout005,64,1,0,16,2,57d6c25a7898568911088c4c8f3a08f3832ca730,84be71223ef6443c5775b6175b7dc4de57f447fd,False,False,0.5,"[38,1,40,59]","[1,59,36,34]"
fixed-r4-dropout005,64,1,0,16,4,57d6c25a7898568911088c4c8f3a08f3832ca730,84be71223ef6443c5775b6175b7dc4de57f447fd,True,False,0.75,"[34,54,21,47]","[34,54,24,21]"
fixed-r4-dropout005,64,1,0,16,6,57d6c25a7898568911088c4c8f3a08f3832ca730,84be71223ef6443c5775b6175b7dc4de57f447fd,True,False,0.75,"[11,47,31,52]","[11,52,47,51]"
fixed-r4-dropout005,64,1,0,16,8,57d6c25a7898568911088c4c8f3a08f3832ca730,84be71223ef6443c5775b6175b7dc4de57f447fd,True,False,0.75,"[18,8,52,61]","[18,52,8,59]"
fixed-r4-dropout005,64,1,0,16,10,57d6c25a7898568911088c4c8f3a08f3832ca730,84be71223ef6443c5775b6175b7dc4de57f447fd,False,False,0.75,"[58,34,15,57]","[34,58,59,15]"
fixed-r4-dropout005,64,1,0,16,12,57d6c25a7898568911088c4c8f3a08f3832ca730,84be71223ef6443c5775b6175b7dc4de57f447fd,True,False,0.5,"[34,15,58,11]","[34,15,24,45]"
fixed-r4-dropout005,64,1,0,16,14,57d6c25a7898568911088c4c8f3a08f3832ca730,84be71223ef6443c5775b6175b7dc4de57f447fd,True,False,0.5,"[11,31,52,7]","[11,52,51,18]"
fixed-r4-dropout005,64,1,1,16,0,57d6c25a7898568911088c4c8f3a08f3832ca730,84be71223ef6443c5775b6175b7dc4de57f447fd,True,False,0.5,"[48,22,52,61]","[48,47,61,31]"
fixed-r4-dropout005,64,1,1,16,2,57d6c25a7898568911088c4c8f3a08f3832ca730,84be71223ef6443c5775b6175b7dc4de57f447fd,True,False,0.25,"[57,52,63,4]","[57,50,12,60]"
fixed-r4-dropout005,64,1,1,16,4,57d6c25a7898568911088c4c8f3a08f3832ca730,84be71223ef6443c5775b6175b7dc4de57f447fd,True,False,1.0,"[57,54,12,20]","[57,12,54,20]"
fixed-r4-dropout005,64,1,1,16,6,57d6c25a7898568911088c4c8f3a08f3832ca730,84be71223ef6443c5775b6175b7dc4de57f447fd,True,False,0.75,"[57,20,36,4]","[57,18,20,36]"
fixed-r4-dropout005,64,1,1,16,8,57d6c25a7898568911088c4c8f3a08f3832ca730,84be71223ef6443c5775b6175b7dc4de57f447fd,True,False,0.75,"[36,4,20,56]","[36,20,18,4]"
fixed-r4-dropout005,64,1,1,16,10,57d6c25a7898568911088c4c8f3a08f3832ca730,84be71223ef6443c5775b6175b7dc4de57f447fd,True,True,1.0,"[57,56,40,36]","[57,56,40,36]"
fixed-r4-dropout005,64,1,1,16,12,57d6c25a7898568911088c4c8f3a08f3832ca730,84be71223ef6443c5775b6175b7dc4de57f447fd,False,False,0.75,"[36,57,11,20]","[57,36,12,20]"
fixed-r4-dropout005,64,1,1,16,14,57d6c25a7898568911088c4c8f3a08f3832ca730,84be71223ef6443c5775b6175b7dc4de57f447fd,True,False,0.75,"[57,31,56,36]","[57,31,56,61]"
fixed-r4-dropout005,64,1,0,16,0,94b5e28fac745823455a38183868d2d18757f68a,23112f2c9e8a12a570d12825eb99d088bd74b8a2,False,False,0.75,"[4,56,32,42]","[56,4,32,24]"
fixed-r4-dropout005,64,1,0,16,2,94b5e28fac745823455a38183868d2d18757f68a,23112f2c9e8a12a570d12825eb99d088bd74b8a2,False,False,1.0,"[15,51,18,19]","[19,51,18,15]"
fixed-r4-dropout005,64,1,0,16,4,94b5e28fac745823455a38183868d2d18757f68a,23112f2c9e8a12a570d12825eb99d088bd74b8a2,True,False,1.0,"[11,30,21,34]","[11,34,30,21]"
fixed-r4-dropout005,64,1,0,16,6,94b5e28fac745823455a38183868d2d18757f68a,23112f2c9e8a12a570d12825eb99d088bd74b8a2,True,False,1.0,"[39,33,61,57]","[39,33,57,61]"
fixed-r4-dropout005,64,1,0,16,8,94b5e28fac745823455a38183868d2d18757f68a,23112f2c9e8a12a570d12825eb99d088bd74b8a2,True,False,0.5,"[21,23,42,62]","[21,23,32,45]"
fixed-r4-dropout005,64,1,0,16,10,94b5e28fac745823455a38183868d2d18757f68a,23112f2c9e8a12a570d12825eb99d088bd74b8a2,False,False,0.5,"[56,31,5,11]","[7,5,25,56]"
fixed-r4-dropout005,64,1,0,16,12,94b5e28fac745823455a38183868d2d18757f68a,23112f2c9e8a12a570d12825eb99d088bd74b8a2,True,False,0.5,"[32,62,30,18]","[32,18,52,28]"
fixed-r4-dropout005,64,1,0,16,14,94b5e28fac745823455a38183868d2d18757f68a,23112f2c9e8a12a570d12825eb99d088bd74b8a2,True,False,0.25,"[56,15,38,31]","[56,59,19,44]"
fixed-r4-dropout005,64,1,1,16,0,94b5e28fac745823455a38183868d2d18757f68a,23112f2c9e8a12a570d12825eb99d088bd74b8a2,True,False,0.75,"[1,57,49,4]","[1,57,49,21]"
fixed-r4-dropout005,64,1,1,16,2,94b5e28fac745823455a38183868d2d18757f68a,23112f2c9e8a12a570d12825eb99d088bd74b8a2,False,False,0.75,"[57,60,48,20]","[48,57,60,16]"
fixed-r4-dropout005,64,1,1,16,4,94b5e28fac745823455a38183868d2d18757f68a,23112f2c9e8a12a570d12825eb99d088bd74b8a2,True,False,0.75,"[21,57,9,63]","[21,57,12,9]"
fixed-r4-dropout005,64,1,1,16,6,94b5e28fac745823455a38183868d2d18757f68a,23112f2c9e8a12a570d12825eb99d088bd74b8a2,True,False,0.75,"[56,52,12,48]","[56,12,50,48]"
fixed-r4-dropout005,64,1,1,16,8,94b5e28fac745823455a38183868d2d18757f68a,23112f2c9e8a12a570d12825eb99d088bd74b8a2,False,False,0.5,"[25,56,57,4]","[48,56,18,57]"
fixed-r4-dropout005,64,1,1,16,10,94b5e28fac745823455a38183868d2d18757f68a,23112f2c9e8a12a570d12825eb99d088bd74b8a2,True,False,1.0,"[63,52,14,1]","[63,14,1,52]"
fixed-r4-dropout005,64,1,1,16,12,94b5e28fac745823455a38183868d2d18757f68a,23112f2c9e8a12a570d12825eb99d088bd74b8a2,True,False,0.75,"[57,12,22,16]","[57,12,18,16]"
fixed-r4-dropout005,64,1,1,16,14,94b5e28fac745823455a38183868d2d18757f68a,23112f2c9e8a12a570d12825eb99d088bd74b8a2,False,False,0.75,"[20,1,10,22]","[1,10,20,29]"
fixed-r4-dropout005,64,1,0,16,0,d644ccabbb7508d5d47c7b231c4d3f82ee470f83,8271e9c7f7153b815a28ad2c27f6deb575833cad,True,False,0.75,"[52,56,46,31]","[52,46,56,37]"
fixed-r4-dropout005,64,1,0,16,2,d644ccabbb7508d5d47c7b231c4d3f82ee470f83,8271e9c7f7153b815a28ad2c27f6deb575833cad,False,False,0.5,"[21,11,59,34]","[59,21,1,52]"
fixed-r4-dropout005,64,1,0,16,4,d644ccabbb7508d5d47c7b231c4d3f82ee470f83,8271e9c7f7153b815a28ad2c27f6deb575833cad,False,False,1.0,"[11,18,35,52]","[52,11,18,35]"
fixed-r4-dropout005,64,1,0,16,6,d644ccabbb7508d5d47c7b231c4d3f82ee470f83,8271e9c7f7153b815a28ad2c27f6deb575833cad,True,False,0.75,"[11,36,2,59]","[11,32,59,2]"
fixed-r4-dropout005,64,1,0,16,8,d644ccabbb7508d5d47c7b231c4d3f82ee470f83,8271e9c7f7153b815a28ad2c27f6deb575833cad,False,False,0.75,"[46,40,36,1]","[59,46,40,36]"
fixed-r4-dropout005,64,1,0,16,10,d644ccabbb7508d5d47c7b231c4d3f82ee470f83,8271e9c7f7153b815a28ad2c27f6deb575833cad,True,False,0.75,"[52,2,51,59]","[52,2,59,56]"
fixed-r4-dropout005,64,1,0,16,12,d644ccabbb7508d5d47c7b231c4d3f82ee470f83,8271e9c7f7153b815a28ad2c27f6deb575833cad,False,False,0.75,"[11,18,52,25]","[52,18,11,45]"
fixed-r4-dropout005,64,1,0,16,14,d644ccabbb7508d5d47c7b231c4d3f82ee470f83,8271e9c7f7153b815a28ad2c27f6deb575833cad,True,False,1.0,"[52,57,39,5]","[52,39,57,5]"
fixed-r4-dropout005,64,1,1,16,0,d644ccabbb7508d5d47c7b231c4d3f82ee470f83,8271e9c7f7153b815a28ad2c27f6deb575833cad,True,False,0.75,"[50,4,36,12]","[50,12,57,4]"
fixed-r4-dropout005,64,1,1,16,2,d644ccabbb7508d5d47c7b231c4d3f82ee470f83,8271e9c7f7153b815a28ad2c27f6deb575833cad,True,False,0.75,"[57,28,8,63]","[57,28,48,8]"
fixed-r4-dropout005,64,1,1,16,4,d644ccabbb7508d5d47c7b231c4d3f82ee470f83,8271e9c7f7153b815a28ad2c27f6deb575833cad,True,False,1.0,"[27,31,1,56]","[27,31,56,1]"
fixed-r4-dropout005,64,1,1,16,6,d644ccabbb7508d5d47c7b231c4d3f82ee470f83,8271e9c7f7153b815a28ad2c27f6deb575833cad,False,False,0.75,"[1,31,57,56]","[31,57,56,9]"
fixed-r4-dropout005,64,1,1,16,8,d644ccabbb7508d5d47c7b231c4d3f82ee470f83,8271e9c7f7153b815a28ad2c27f6deb575833cad,True,False,0.25,"[36,32,2,42]","[36,10,56,20]"
fixed-r4-dropout005,64,1,1,16,10,d644ccabbb7508d5d47c7b231c4d3f82ee470f83,8271e9c7f7153b815a28ad2c27f6deb575833cad,True,False,0.75,"[18,20,48,57]","[18,48,20,40]"
fixed-r4-dropout005,64,1,1,16,12,d644ccabbb7508d5d47c7b231c4d3f82ee470f83,8271e9c7f7153b815a28ad2c27f6deb575833cad,True,False,1.0,"[20,57,40,16]","[20,57,16,40]"
fixed-r4-dropout005,64,1,1,16,14,d644ccabbb7508d5d47c7b231c4d3f82ee470f83,8271e9c7f7153b815a28ad2c27f6deb575833cad,True,False,1.0,"[20,6,38,3]","[20,38,3,6]"
fixed-r4-dropout005,128,1,0,16,0,2b16372207e3344688f093f9c78460489a485fa6,60c33dc441937d75a986217023e83ee5748a59f5,False,False,0.5,"[39,52,5,25]","[18,37,25,52]"
fixed-r4-dropout005,128,1,0,16,2,2b16372207e3344688f093f9c78460489a485fa6,60c33dc441937d75a986217023e83ee5748a59f5,True,False,1.0,"[39,5,52,18]","[39,5,18,52]"
fixed-r4-dropout005,128,1,0,16,4,2b16372207e3344688f093f9c78460489a485fa6,60c33dc441937d75a986217023e83ee5748a59f5,True,False,0.75,"[39,32,18,25]","[39,18,32,0]"
fixed-r4-dropout005,128,1,0,16,6,2b16372207e3344688f093f9c78460489a485fa6,60c33dc441937d75a986217023e83ee5748a59f5,False,False,0.75,"[39,52,0,5]","[52,39,0,11]"
fixed-r4-dropout005,128,1,0,16,8,2b16372207e3344688f093f9c78460489a485fa6,60c33dc441937d75a986217023e83ee5748a59f5,False,False,0.25,"[39,52,59,5]","[52,15,36,0]"
fixed-r4-dropout005,128,1,0,16,10,2b16372207e3344688f093f9c78460489a485fa6,60c33dc441937d75a986217023e83ee5748a59f5,False,False,0.75,"[39,57,33,51]","[48,39,57,51]"
fixed-r4-dropout005,128,1,0,16,12,2b16372207e3344688f093f9c78460489a485fa6,60c33dc441937d75a986217023e83ee5748a59f5,True,False,0.75,"[39,52,59,0]","[39,59,51,52]"
fixed-r4-dropout005,128,1,0,16,14,2b16372207e3344688f093f9c78460489a485fa6,60c33dc441937d75a986217023e83ee5748a59f5,True,False,0.75,"[39,50,59,51]","[39,51,59,0]"
fixed-r4-dropout005,128,1,1,16,0,2b16372207e3344688f093f9c78460489a485fa6,60c33dc441937d75a986217023e83ee5748a59f5,False,False,0.25,"[50,40,26,63]","[57,18,63,36]"
fixed-r4-dropout005,128,1,1,16,2,2b16372207e3344688f093f9c78460489a485fa6,60c33dc441937d75a986217023e83ee5748a59f5,True,False,0.75,"[50,63,29,18]","[50,18,41,29]"
fixed-r4-dropout005,128,1,1,16,4,2b16372207e3344688f093f9c78460489a485fa6,60c33dc441937d75a986217023e83ee5748a59f5,True,False,0.75,"[50,63,12,18]","[50,57,63,18]"
fixed-r4-dropout005,128,1,1,16,6,2b16372207e3344688f093f9c78460489a485fa6,60c33dc441937d75a986217023e83ee5748a59f5,False,False,0.0,"[22,48,50,12]","[57,21,61,63]"
fixed-r4-dropout005,128,1,1,16,8,2b16372207e3344688f093f9c78460489a485fa6,60c33dc441937d75a986217023e83ee5748a59f5,False,False,0.25,"[63,22,26,50]","[18,56,63,57]"
fixed-r4-dropout005,128,1,1,16,10,2b16372207e3344688f093f9c78460489a485fa6,60c33dc441937d75a986217023e83ee5748a59f5,True,False,0.75,"[50,63,40,18]","[50,18,11,63]"
fixed-r4-dropout005,128,1,1,16,12,2b16372207e3344688f093f9c78460489a485fa6,60c33dc441937d75a986217023e83ee5748a59f5,False,False,0.5,"[50,63,51,12]","[51,63,18,1]"
fixed-r4-dropout005,128,1,1,16,14,2b16372207e3344688f093f9c78460489a485fa6,60c33dc441937d75a986217023e83ee5748a59f5,True,False,0.25,"[50,40,48,22]","[50,57,18,36]"
fixed-r4-dropout005,128,1,0,16,0,57d6c25a7898568911088c4c8f3a08f3832ca730,84be71223ef6443c5775b6175b7dc4de57f447fd,True,False,0.5,"[39,5,50,18]","[39,18,11,51]"
fixed-r4-dropout005,128,1,0,16,2,57d6c25a7898568911088c4c8f3a08f3832ca730,84be71223ef6443c5775b6175b7dc4de57f447fd,False,False,0.25,"[39,59,52,40]","[18,34,15,52]"
fixed-r4-dropout005,128,1,0,16,4,57d6c25a7898568911088c4c8f3a08f3832ca730,84be71223ef6443c5775b6175b7dc4de57f447fd,False,False,0.25,"[39,52,59,0]","[34,15,0,8]"
fixed-r4-dropout005,128,1,0,16,6,57d6c25a7898568911088c4c8f3a08f3832ca730,84be71223ef6443c5775b6175b7dc4de57f447fd,False,False,0.5,"[39,52,11,59]","[11,47,52,51]"
fixed-r4-dropout005,128,1,0,16,8,57d6c25a7898568911088c4c8f3a08f3832ca730,84be71223ef6443c5775b6175b7dc4de57f447fd,False,False,0.5,"[39,52,18,5]","[18,32,52,59]"
fixed-r4-dropout005,128,1,0,16,10,57d6c25a7898568911088c4c8f3a08f3832ca730,84be71223ef6443c5775b6175b7dc4de57f447fd,False,False,0.0,"[39,57,59,52]","[34,15,0,18]"
fixed-r4-dropout005,128,1,0,16,12,57d6c25a7898568911088c4c8f3a08f3832ca730,84be71223ef6443c5775b6175b7dc4de57f447fd,True,False,0.25,"[39,52,59,0]","[39,15,32,34]"
fixed-r4-dropout005,128,1,0,16,14,57d6c25a7898568911088c4c8f3a08f3832ca730,84be71223ef6443c5775b6175b7dc4de57f447fd,True,False,0.75,"[39,11,50,52]","[39,11,52,18]"
fixed-r4-dropout005,128,1,1,16,0,57d6c25a7898568911088c4c8f3a08f3832ca730,84be71223ef6443c5775b6175b7dc4de57f447fd,True,False,0.75,"[50,48,63,12]","[50,63,57,12]"
fixed-r4-dropout005,128,1,1,16,2,57d6c25a7898568911088c4c8f3a08f3832ca730,84be71223ef6443c5775b6175b7dc4de57f447fd,False,False,0.75,"[50,12,63,26]","[57,63,12,50]"
fixed-r4-dropout005,128,1,1,16,4,57d6c25a7898568911088c4c8f3a08f3832ca730,84be71223ef6443c5775b6175b7dc4de57f447fd,False,False,0.5,"[50,12,40,63]","[57,12,50,18]"
fixed-r4-dropout005,128,1,1,16,6,57d6c25a7898568911088c4c8f3a08f3832ca730,84be71223ef6443c5775b6175b7dc4de57f447fd,False,False,0.5,"[50,12,63,18]","[57,12,28,18]"
fixed-r4-dropout005,128,1,1,16,8,57d6c25a7898568911088c4c8f3a08f3832ca730,84be71223ef6443c5775b6175b7dc4de57f447fd,False,False,0.0,"[50,26,48,40]","[18,36,57,21]"
fixed-r4-dropout005,128,1,1,16,10,57d6c25a7898568911088c4c8f3a08f3832ca730,84be71223ef6443c5775b6175b7dc4de57f447fd,False,False,0.5,"[50,40,12,48]","[57,50,18,12]"
fixed-r4-dropout005,128,1,1,16,12,57d6c25a7898568911088c4c8f3a08f3832ca730,84be71223ef6443c5775b6175b7dc4de57f447fd,True,False,0.75,"[50,12,63,26]","[50,12,18,63]"
fixed-r4-dropout005,128,1,1,16,14,57d6c25a7898568911088c4c8f3a08f3832ca730,84be71223ef6443c5775b6175b7dc4de57f447fd,True,False,0.25,"[57,31,7,51]","[57,50,63,21]"
fixed-r4-dropout005,128,1,0,16,0,94b5e28fac745823455a38183868d2d18757f68a,23112f2c9e8a12a570d12825eb99d088bd74b8a2,True,False,0.75,"[39,59,32,52]","[39,59,50,32]"
fixed-r4-dropout005,128,1,0,16,2,94b5e28fac745823455a38183868d2d18757f68a,23112f2c9e8a12a570d12825eb99d088bd74b8a2,True,False,0.5,"[39,52,51,57]","[39,51,15,18]"
fixed-r4-dropout005,128,1,0,16,4,94b5e28fac745823455a38183868d2d18757f68a,23112f2c9e8a12a570d12825eb99d088bd74b8a2,False,False,0.25,"[39,59,52,5]","[18,11,39,34]"
fixed-r4-dropout005,128,1,0,16,6,94b5e28fac745823455a38183868d2d18757f68a,23112f2c9e8a12a570d12825eb99d088bd74b8a2,True,False,0.25,"[39,5,59,57]","[39,33,50,51]"
fixed-r4-dropout005,128,1,0,16,8,94b5e28fac745823455a38183868d2d18757f68a,23112f2c9e8a12a570d12825eb99d088bd74b8a2,False,False,0.0,"[21,32,45,11]","[23,35,36,60]"
fixed-r4-dropout005,128,1,0,16,10,94b5e28fac745823455a38183868d2d18757f68a,23112f2c9e8a12a570d12825eb99d088bd74b8a2,True,False,0.75,"[39,5,0,25]","[39,0,51,25]"
fixed-r4-dropout005,128,1,0,16,12,94b5e28fac745823455a38183868d2d18757f68a,23112f2c9e8a12a570d12825eb99d088bd74b8a2,True,False,0.75,"[32,59,39,52]","[32,18,52,59]"
fixed-r4-dropout005,128,1,0,16,14,94b5e28fac745823455a38183868d2d18757f68a,23112f2c9e8a12a570d12825eb99d088bd74b8a2,True,False,1.0,"[39,15,59,52]","[39,59,52,15]"
fixed-r4-dropout005,128,1,1,16,0,94b5e28fac745823455a38183868d2d18757f68a,23112f2c9e8a12a570d12825eb99d088bd74b8a2,True,False,0.75,"[50,63,12,57]","[50,18,63,12]"
fixed-r4-dropout005,128,1,1,16,2,94b5e28fac745823455a38183868d2d18757f68a,23112f2c9e8a12a570d12825eb99d088bd74b8a2,True,False,0.75,"[50,48,63,12]","[50,63,12,57]"
fixed-r4-dropout005,128,1,1,16,4,94b5e28fac745823455a38183868d2d18757f68a,23112f2c9e8a12a570d12825eb99d088bd74b8a2,True,False,0.75,"[50,12,63,48]","[50,63,12,57]"
fixed-r4-dropout005,128,1,1,16,6,94b5e28fac745823455a38183868d2d18757f68a,23112f2c9e8a12a570d12825eb99d088bd74b8a2,True,False,0.75,"[50,12,48,63]","[50,12,48,36]"
fixed-r4-dropout005,128,1,1,16,8,94b5e28fac745823455a38183868d2d18757f68a,23112f2c9e8a12a570d12825eb99d088bd74b8a2,False,False,0.25,"[26,50,12,48]","[18,50,57,14]"
fixed-r4-dropout005,128,1,1,16,10,94b5e28fac745823455a38183868d2d18757f68a,23112f2c9e8a12a570d12825eb99d088bd74b8a2,False,False,0.5,"[63,50,26,22]","[50,63,18,14]"
fixed-r4-dropout005,128,1,1,16,12,94b5e28fac745823455a38183868d2d18757f68a,23112f2c9e8a12a570d12825eb99d088bd74b8a2,True,False,0.5,"[50,12,63,40]","[50,18,12,57]"
fixed-r4-dropout005,128,1,1,16,14,94b5e28fac745823455a38183868d2d18757f68a,23112f2c9e8a12a570d12825eb99d088bd74b8a2,True,False,0.25,"[50,22,26,48]","[50,63,57,12]"
fixed-r4-dropout005,128,1,0,16,0,d644ccabbb7508d5d47c7b231c4d3f82ee470f83,8271e9c7f7153b815a28ad2c27f6deb575833cad,True,False,0.75,"[39,52,57,5]","[39,52,5,0]"
fixed-r4-dropout005,128,1,0,16,2,d644ccabbb7508d5d47c7b231c4d3f82ee470f83,8271e9c7f7153b815a28ad2c27f6deb575833cad,True,False,0.75,"[39,52,21,59]","[39,18,59,52]"
fixed-r4-dropout005,128,1,0,16,4,d644ccabbb7508d5d47c7b231c4d3f82ee470f83,8271e9c7f7153b815a28ad2c27f6deb575833cad,False,False,0.75,"[52,11,18,39]","[39,52,11,51]"
fixed-r4-dropout005,128,1,0,16,6,d644ccabbb7508d5d47c7b231c4d3f82ee470f83,8271e9c7f7153b815a28ad2c27f6deb575833cad,True,False,0.75,"[39,59,52,32]","[39,59,32,11]"
fixed-r4-dropout005,128,1,0,16,8,d644ccabbb7508d5d47c7b231c4d3f82ee470f83,8271e9c7f7153b815a28ad2c27f6deb575833cad,False,False,0.25,"[36,59,40,46]","[39,59,32,0]"
fixed-r4-dropout005,128,1,0,16,10,d644ccabbb7508d5d47c7b231c4d3f82ee470f83,8271e9c7f7153b815a28ad2c27f6deb575833cad,False,False,0.5,"[39,52,59,57]","[59,2,52,51]"
fixed-r4-dropout005,128,1,0,16,12,d644ccabbb7508d5d47c7b231c4d3f82ee470f83,8271e9c7f7153b815a28ad2c27f6deb575833cad,False,False,0.5,"[39,52,18,5]","[18,11,52,15]"
fixed-r4-dropout005,128,1,0,16,14,d644ccabbb7508d5d47c7b231c4d3f82ee470f83,8271e9c7f7153b815a28ad2c27f6deb575833cad,True,True,1.0,"[39,5,52,0]","[39,5,52,0]"
fixed-r4-dropout005,128,1,1,16,0,d644ccabbb7508d5d47c7b231c4d3f82ee470f83,8271e9c7f7153b815a28ad2c27f6deb575833cad,True,False,0.75,"[50,12,63,26]","[50,12,63,18]"
fixed-r4-dropout005,128,1,1,16,2,d644ccabbb7508d5d47c7b231c4d3f82ee470f83,8271e9c7f7153b815a28ad2c27f6deb575833cad,False,False,0.25,"[55,62,28,57]","[50,57,63,12]"
fixed-r4-dropout005,128,1,1,16,4,d644ccabbb7508d5d47c7b231c4d3f82ee470f83,8271e9c7f7153b815a28ad2c27f6deb575833cad,False,False,0.25,"[27,31,39,63]","[50,21,56,31]"
fixed-r4-dropout005,128,1,1,16,6,d644ccabbb7508d5d47c7b231c4d3f82ee470f83,8271e9c7f7153b815a28ad2c27f6deb575833cad,False,False,0.0,"[50,63,40,26]","[57,31,12,21]"
fixed-r4-dropout005,128,1,1,16,8,d644ccabbb7508d5d47c7b231c4d3f82ee470f83,8271e9c7f7153b815a28ad2c27f6deb575833cad,True,False,0.25,"[50,2,36,56]","[50,12,63,10]"
fixed-r4-dropout005,128,1,1,16,10,d644ccabbb7508d5d47c7b231c4d3f82ee470f83,8271e9c7f7153b815a28ad2c27f6deb575833cad,False,False,0.5,"[50,48,12,63]","[18,12,50,57]"
fixed-r4-dropout005,128,1,1,16,12,d644ccabbb7508d5d47c7b231c4d3f82ee470f83,8271e9c7f7153b815a28ad2c27f6deb575833cad,True,False,0.5,"[50,40,48,12]","[50,12,63,57]"
fixed-r4-dropout005,128,1,1,16,14,d644ccabbb7508d5d47c7b231c4d3f82ee470f83,8271e9c7f7153b815a28ad2c27f6deb575833cad,True,False,0.25,"[50,38,6,22]","[50,18,20,45]"
fixed-r4-residual-zero,0,1,0,16,0,2b16372207e3344688f093f9c78460489a485fa6,60c33dc441937d75a986217023e83ee5748a59f5,True,True,1.0,"[9,8,25,4]","[9,8,25,4]"
fixed-r4-residual-zero,0,1,0,16,2,2b16372207e3344688f093f9c78460489a485fa6,60c33dc441937d75a986217023e83ee5748a59f5,True,True,1.0,"[54,40,55,45]","[54,40,55,45]"
fixed-r4-residual-zero,0,1,0,16,4,2b16372207e3344688f093f9c78460489a485fa6,60c33dc441937d75a986217023e83ee5748a59f5,True,True,1.0,"[62,25,8,32]","[62,25,8,32]"
fixed-r4-residual-zero,0,1,0,16,6,2b16372207e3344688f093f9c78460489a485fa6,60c33dc441937d75a986217023e83ee5748a59f5,True,True,1.0,"[28,46,20,52]","[28,46,20,52]"
fixed-r4-residual-zero,0,1,0,16,8,2b16372207e3344688f093f9c78460489a485fa6,60c33dc441937d75a986217023e83ee5748a59f5,True,True,1.0,"[47,4,50,60]","[47,4,50,60]"
fixed-r4-residual-zero,0,1,0,16,10,2b16372207e3344688f093f9c78460489a485fa6,60c33dc441937d75a986217023e83ee5748a59f5,True,True,1.0,"[33,57,13,27]","[33,57,13,27]"
fixed-r4-residual-zero,0,1,0,16,12,2b16372207e3344688f093f9c78460489a485fa6,60c33dc441937d75a986217023e83ee5748a59f5,True,True,1.0,"[26,54,0,1]","[26,54,0,1]"
fixed-r4-residual-zero,0,1,0,16,14,2b16372207e3344688f093f9c78460489a485fa6,60c33dc441937d75a986217023e83ee5748a59f5,True,True,1.0,"[50,39,33,51]","[50,39,33,51]"
fixed-r4-residual-zero,0,1,1,16,0,2b16372207e3344688f093f9c78460489a485fa6,60c33dc441937d75a986217023e83ee5748a59f5,True,True,1.0,"[40,49,34,16]","[40,49,34,16]"
fixed-r4-residual-zero,0,1,1,16,2,2b16372207e3344688f093f9c78460489a485fa6,60c33dc441937d75a986217023e83ee5748a59f5,True,True,1.0,"[16,59,1,31]","[16,59,1,31]"
fixed-r4-residual-zero,0,1,1,16,4,2b16372207e3344688f093f9c78460489a485fa6,60c33dc441937d75a986217023e83ee5748a59f5,True,True,1.0,"[18,21,9,50]","[18,21,9,50]"
fixed-r4-residual-zero,0,1,1,16,6,2b16372207e3344688f093f9c78460489a485fa6,60c33dc441937d75a986217023e83ee5748a59f5,True,True,1.0,"[22,61,13,54]","[22,61,13,54]"
fixed-r4-residual-zero,0,1,1,16,8,2b16372207e3344688f093f9c78460489a485fa6,60c33dc441937d75a986217023e83ee5748a59f5,True,True,1.0,"[63,33,14,17]","[63,33,14,17]"
fixed-r4-residual-zero,0,1,1,16,10,2b16372207e3344688f093f9c78460489a485fa6,60c33dc441937d75a986217023e83ee5748a59f5,True,True,1.0,"[60,11,20,32]","[60,11,20,32]"
fixed-r4-residual-zero,0,1,1,16,12,2b16372207e3344688f093f9c78460489a485fa6,60c33dc441937d75a986217023e83ee5748a59f5,True,True,1.0,"[51,34,62,4]","[51,34,62,4]"
fixed-r4-residual-zero,0,1,1,16,14,2b16372207e3344688f093f9c78460489a485fa6,60c33dc441937d75a986217023e83ee5748a59f5,True,True,1.0,"[44,58,16,35]","[44,58,16,35]"
fixed-r4-residual-zero,0,1,0,16,0,57d6c25a7898568911088c4c8f3a08f3832ca730,84be71223ef6443c5775b6175b7dc4de57f447fd,True,True,1.0,"[24,23,22,8]","[24,23,22,8]"
fixed-r4-residual-zero,0,1,0,16,2,57d6c25a7898568911088c4c8f3a08f3832ca730,84be71223ef6443c5775b6175b7dc4de57f447fd,True,True,1.0,"[1,38,59,14]","[1,38,59,14]"
fixed-r4-residual-zero,0,1,0,16,4,57d6c25a7898568911088c4c8f3a08f3832ca730,84be71223ef6443c5775b6175b7dc4de57f447fd,True,True,1.0,"[6,19,26,52]","[6,19,26,52]"
fixed-r4-residual-zero,0,1,0,16,6,57d6c25a7898568911088c4c8f3a08f3832ca730,84be71223ef6443c5775b6175b7dc4de57f447fd,True,True,1.0,"[1,40,11,53]","[1,40,11,53]"
fixed-r4-residual-zero,0,1,0,16,8,57d6c25a7898568911088c4c8f3a08f3832ca730,84be71223ef6443c5775b6175b7dc4de57f447fd,True,True,1.0,"[8,52,53,16]","[8,52,53,16]"
fixed-r4-residual-zero,0,1,0,16,10,57d6c25a7898568911088c4c8f3a08f3832ca730,84be71223ef6443c5775b6175b7dc4de57f447fd,True,True,1.0,"[36,59,20,34]","[36,59,20,34]"
fixed-r4-residual-zero,0,1,0,16,12,57d6c25a7898568911088c4c8f3a08f3832ca730,84be71223ef6443c5775b6175b7dc4de57f447fd,True,True,1.0,"[40,34,15,42]","[40,34,15,42]"
fixed-r4-residual-zero,0,1,0,16,14,57d6c25a7898568911088c4c8f3a08f3832ca730,84be71223ef6443c5775b6175b7dc4de57f447fd,True,True,1.0,"[11,1,8,62]","[11,1,8,62]"
fixed-r4-residual-zero,0,1,1,16,0,57d6c25a7898568911088c4c8f3a08f3832ca730,84be71223ef6443c5775b6175b7dc4de57f447fd,True,True,1.0,"[47,27,3,35]","[47,27,3,35]"
fixed-r4-residual-zero,0,1,1,16,2,57d6c25a7898568911088c4c8f3a08f3832ca730,84be71223ef6443c5775b6175b7dc4de57f447fd,True,True,1.0,"[8,60,49,55]","[8,60,49,55]"
fixed-r4-residual-zero,0,1,1,16,4,57d6c25a7898568911088c4c8f3a08f3832ca730,84be71223ef6443c5775b6175b7dc4de57f447fd,True,True,1.0,"[54,57,35,13]","[54,57,35,13]"
fixed-r4-residual-zero,0,1,1,16,6,57d6c25a7898568911088c4c8f3a08f3832ca730,84be71223ef6443c5775b6175b7dc4de57f447fd,True,True,1.0,"[17,25,23,55]","[17,25,23,55]"
fixed-r4-residual-zero,0,1,1,16,8,57d6c25a7898568911088c4c8f3a08f3832ca730,84be71223ef6443c5775b6175b7dc4de57f447fd,True,True,1.0,"[16,20,34,25]","[16,20,34,25]"
fixed-r4-residual-zero,0,1,1,16,10,57d6c25a7898568911088c4c8f3a08f3832ca730,84be71223ef6443c5775b6175b7dc4de57f447fd,True,True,1.0,"[7,13,56,21]","[7,13,56,21]"
fixed-r4-residual-zero,0,1,1,16,12,57d6c25a7898568911088c4c8f3a08f3832ca730,84be71223ef6443c5775b6175b7dc4de57f447fd,True,True,1.0,"[27,49,5,25]","[27,49,5,25]"
fixed-r4-residual-zero,0,1,1,16,14,57d6c25a7898568911088c4c8f3a08f3832ca730,84be71223ef6443c5775b6175b7dc4de57f447fd,True,True,1.0,"[31,57,8,30]","[31,57,8,30]"
fixed-r4-residual-zero,0,1,0,16,0,94b5e28fac745823455a38183868d2d18757f68a,23112f2c9e8a12a570d12825eb99d088bd74b8a2,True,True,1.0,"[48,24,23,50]","[48,24,23,50]"
fixed-r4-residual-zero,0,1,0,16,2,94b5e28fac745823455a38183868d2d18757f68a,23112f2c9e8a12a570d12825eb99d088bd74b8a2,True,True,1.0,"[19,51,18,22]","[19,51,18,22]"
fixed-r4-residual-zero,0,1,0,16,4,94b5e28fac745823455a38183868d2d18757f68a,23112f2c9e8a12a570d12825eb99d088bd74b8a2,True,True,1.0,"[11,3,42,29]","[11,3,42,29]"
fixed-r4-residual-zero,0,1,0,16,6,94b5e28fac745823455a38183868d2d18757f68a,23112f2c9e8a12a570d12825eb99d088bd74b8a2,True,True,1.0,"[53,50,29,32]","[53,50,29,32]"
fixed-r4-residual-zero,0,1,0,16,8,94b5e28fac745823455a38183868d2d18757f68a,23112f2c9e8a12a570d12825eb99d088bd74b8a2,True,True,1.0,"[25,23,62,16]","[25,23,62,16]"
fixed-r4-residual-zero,0,1,0,16,10,94b5e28fac745823455a38183868d2d18757f68a,23112f2c9e8a12a570d12825eb99d088bd74b8a2,True,True,1.0,"[7,16,5,47]","[7,16,5,47]"
fixed-r4-residual-zero,0,1,0,16,12,94b5e28fac745823455a38183868d2d18757f68a,23112f2c9e8a12a570d12825eb99d088bd74b8a2,True,True,1.0,"[62,2,33,25]","[62,2,33,25]"
fixed-r4-residual-zero,0,1,0,16,14,94b5e28fac745823455a38183868d2d18757f68a,23112f2c9e8a12a570d12825eb99d088bd74b8a2,True,True,1.0,"[19,27,20,61]","[19,27,20,61]"
fixed-r4-residual-zero,0,1,1,16,0,94b5e28fac745823455a38183868d2d18757f68a,23112f2c9e8a12a570d12825eb99d088bd74b8a2,True,True,1.0,"[27,49,5,1]","[27,49,5,1]"
fixed-r4-residual-zero,0,1,1,16,2,94b5e28fac745823455a38183868d2d18757f68a,23112f2c9e8a12a570d12825eb99d088bd74b8a2,True,True,1.0,"[60,3,48,7]","[60,3,48,7]"
fixed-r4-residual-zero,0,1,1,16,4,94b5e28fac745823455a38183868d2d18757f68a,23112f2c9e8a12a570d12825eb99d088bd74b8a2,True,True,1.0,"[21,41,28,9]","[21,41,28,9]"
fixed-r4-residual-zero,0,1,1,16,6,94b5e28fac745823455a38183868d2d18757f68a,23112f2c9e8a12a570d12825eb99d088bd74b8a2,True,True,1.0,"[12,2,23,55]","[12,2,23,55]"
fixed-r4-residual-zero,0,1,1,16,8,94b5e28fac745823455a38183868d2d18757f68a,23112f2c9e8a12a570d12825eb99d088bd74b8a2,True,True,1.0,"[9,25,26,47]","[9,25,26,47]"
fixed-r4-residual-zero,0,1,1,16,10,94b5e28fac745823455a38183868d2d18757f68a,23112f2c9e8a12a570d12825eb99d088bd74b8a2,True,True,1.0,"[14,1,63,10]","[14,1,63,10]"
fixed-r4-residual-zero,0,1,1,16,12,94b5e28fac745823455a38183868d2d18757f68a,23112f2c9e8a12a570d12825eb99d088bd74b8a2,True,True,1.0,"[12,35,18,2]","[12,35,18,2]"
fixed-r4-residual-zero,0,1,1,16,14,94b5e28fac745823455a38183868d2d18757f68a,23112f2c9e8a12a570d12825eb99d088bd74b8a2,True,True,1.0,"[35,10,26,20]","[35,10,26,20]"
fixed-r4-residual-zero,0,1,0,16,0,d644ccabbb7508d5d47c7b231c4d3f82ee470f83,8271e9c7f7153b815a28ad2c27f6deb575833cad,True,True,1.0,"[55,62,31,56]","[55,62,31,56]"
fixed-r4-residual-zero,0,1,0,16,2,d644ccabbb7508d5d47c7b231c4d3f82ee470f83,8271e9c7f7153b815a28ad2c27f6deb575833cad,True,True,1.0,"[11,46,1,17]","[11,46,1,17]"
fixed-r4-residual-zero,0,1,0,16,4,d644ccabbb7508d5d47c7b231c4d3f82ee470f83,8271e9c7f7153b815a28ad2c27f6deb575833cad,True,True,1.0,"[62,63,26,20]","[62,63,26,20]"
fixed-r4-residual-zero,0,1,0,16,6,d644ccabbb7508d5d47c7b231c4d3f82ee470f83,8271e9c7f7153b815a28ad2c27f6deb575833cad,True,True,1.0,"[11,5,2,20]","[11,5,2,20]"
fixed-r4-residual-zero,0,1,0,16,8,d644ccabbb7508d5d47c7b231c4d3f82ee470f83,8271e9c7f7153b815a28ad2c27f6deb575833cad,True,True,1.0,"[23,27,20,35]","[23,27,20,35]"
fixed-r4-residual-zero,0,1,0,16,10,d644ccabbb7508d5d47c7b231c4d3f82ee470f83,8271e9c7f7153b815a28ad2c27f6deb575833cad,True,True,1.0,"[2,59,22,52]","[2,59,22,52]"
fixed-r4-residual-zero,0,1,0,16,12,d644ccabbb7508d5d47c7b231c4d3f82ee470f83,8271e9c7f7153b815a28ad2c27f6deb575833cad,True,True,1.0,"[20,12,44,1]","[20,12,44,1]"
fixed-r4-residual-zero,0,1,0,16,14,d644ccabbb7508d5d47c7b231c4d3f82ee470f83,8271e9c7f7153b815a28ad2c27f6deb575833cad,True,True,1.0,"[20,3,57,52]","[20,3,57,52]"
fixed-r4-residual-zero,0,1,1,16,0,d644ccabbb7508d5d47c7b231c4d3f82ee470f83,8271e9c7f7153b815a28ad2c27f6deb575833cad,True,True,1.0,"[50,43,19,41]","[50,43,19,41]"
fixed-r4-residual-zero,0,1,1,16,2,d644ccabbb7508d5d47c7b231c4d3f82ee470f83,8271e9c7f7153b815a28ad2c27f6deb575833cad,True,True,1.0,"[32,27,28,54]","[32,27,28,54]"
fixed-r4-residual-zero,0,1,1,16,4,d644ccabbb7508d5d47c7b231c4d3f82ee470f83,8271e9c7f7153b815a28ad2c27f6deb575833cad,True,True,1.0,"[27,33,23,31]","[27,33,23,31]"
fixed-r4-residual-zero,0,1,1,16,6,d644ccabbb7508d5d47c7b231c4d3f82ee470f83,8271e9c7f7153b815a28ad2c27f6deb575833cad,True,True,1.0,"[31,50,58,9]","[31,50,58,9]"
fixed-r4-residual-zero,0,1,1,16,8,d644ccabbb7508d5d47c7b231c4d3f82ee470f83,8271e9c7f7153b815a28ad2c27f6deb575833cad,True,True,1.0,"[55,53,42,8]","[55,53,42,8]"
fixed-r4-residual-zero,0,1,1,16,10,d644ccabbb7508d5d47c7b231c4d3f82ee470f83,8271e9c7f7153b815a28ad2c27f6deb575833cad,True,True,1.0,"[18,12,20,59]","[18,12,20,59]"
fixed-r4-residual-zero,0,1,1,16,12,d644ccabbb7508d5d47c7b231c4d3f82ee470f83,8271e9c7f7153b815a28ad2c27f6deb575833cad,True,True,1.0,"[35,59,7,40]","[35,59,7,40]"
fixed-r4-residual-zero,0,1,1,16,14,d644ccabbb7508d5d47c7b231c4d3f82ee470f83,8271e9c7f7153b815a28ad2c27f6deb575833cad,True,True,1.0,"[38,20,27,19]","[38,20,27,19]"
fixed-r4-residual-zero,16,1,0,16,0,2b16372207e3344688f093f9c78460489a485fa6,60c33dc441937d75a986217023e83ee5748a59f5,True,False,1.0,"[8,9,21,25]","[8,25,9,21]"
fixed-r4-residual-zero,16,1,0,16,2,2b16372207e3344688f093f9c78460489a485fa6,60c33dc441937d75a986217023e83ee5748a59f5,True,False,0.75,"[39,54,21,45]","[39,54,21,19]"
fixed-r4-residual-zero,16,1,0,16,4,2b16372207e3344688f093f9c78460489a485fa6,60c33dc441937d75a986217023e83ee5748a59f5,False,False,1.0,"[25,62,32,45]","[32,25,62,45]"
fixed-r4-residual-zero,16,1,0,16,6,2b16372207e3344688f093f9c78460489a485fa6,60c33dc441937d75a986217023e83ee5748a59f5,True,False,0.75,"[46,28,1,25]","[46,28,1,59]"
fixed-r4-residual-zero,16,1,0,16,8,2b16372207e3344688f093f9c78460489a485fa6,60c33dc441937d75a986217023e83ee5748a59f5,True,False,1.0,"[59,36,4,1]","[59,1,4,36]"
fixed-r4-residual-zero,16,1,0,16,10,2b16372207e3344688f093f9c78460489a485fa6,60c33dc441937d75a986217023e83ee5748a59f5,True,False,0.75,"[57,33,51,48]","[57,48,33,45]"
fixed-r4-residual-zero,16,1,0,16,12,2b16372207e3344688f093f9c78460489a485fa6,60c33dc441937d75a986217023e83ee5748a59f5,False,False,0.75,"[39,0,21,59]","[21,39,57,0]"
fixed-r4-residual-zero,16,1,0,16,14,2b16372207e3344688f093f9c78460489a485fa6,60c33dc441937d75a986217023e83ee5748a59f5,True,False,0.75,"[39,50,51,57]","[39,51,50,21]"
fixed-r4-residual-zero,16,1,1,16,0,2b16372207e3344688f093f9c78460489a485fa6,60c33dc441937d75a986217023e83ee5748a59f5,True,True,1.0,"[40,49,57,26]","[40,49,57,26]"
fixed-r4-residual-zero,16,1,1,16,2,2b16372207e3344688f093f9c78460489a485fa6,60c33dc441937d75a986217023e83ee5748a59f5,True,False,0.75,"[16,1,28,31]","[16,28,1,59]"
fixed-r4-residual-zero,16,1,1,16,4,2b16372207e3344688f093f9c78460489a485fa6,60c33dc441937d75a986217023e83ee5748a59f5,True,False,0.5,"[18,11,26,50]","[18,11,63,21]"
fixed-r4-residual-zero,16,1,1,16,6,2b16372207e3344688f093f9c78460489a485fa6,60c33dc441937d75a986217023e83ee5748a59f5,True,False,0.75,"[22,57,61,26]","[22,57,61,42]"
fixed-r4-residual-zero,16,1,1,16,8,2b16372207e3344688f093f9c78460489a485fa6,60c33dc441937d75a986217023e83ee5748a59f5,True,False,0.5,"[63,29,14,49]","[63,49,17,33]"
fixed-r4-residual-zero,16,1,1,16,10,2b16372207e3344688f093f9c78460489a485fa6,60c33dc441937d75a986217023e83ee5748a59f5,False,False,0.75,"[40,11,32,63]","[11,40,63,60]"
fixed-r4-residual-zero,16,1,1,16,12,2b16372207e3344688f093f9c78460489a485fa6,60c33dc441937d75a986217023e83ee5748a59f5,True,False,0.75,"[51,4,34,63]","[51,4,63,60]"
fixed-r4-residual-zero,16,1,1,16,14,2b16372207e3344688f093f9c78460489a485fa6,60c33dc441937d75a986217023e83ee5748a59f5,False,False,0.75,"[48,44,40,16]","[44,48,40,49]"
fixed-r4-residual-zero,16,1,0,16,0,57d6c25a7898568911088c4c8f3a08f3832ca730,84be71223ef6443c5775b6175b7dc4de57f447fd,True,False,0.75,"[24,11,31,22]","[24,11,31,8]"
fixed-r4-residual-zero,16,1,0,16,2,57d6c25a7898568911088c4c8f3a08f3832ca730,84be71223ef6443c5775b6175b7dc4de57f447fd,True,False,1.0,"[1,38,59,32]","[1,59,38,32]"
fixed-r4-residual-zero,16,1,0,16,4,57d6c25a7898568911088c4c8f3a08f3832ca730,84be71223ef6443c5775b6175b7dc4de57f447fd,True,False,0.75,"[34,6,19,15]","[34,6,19,54]"
fixed-r4-residual-zero,16,1,0,16,6,57d6c25a7898568911088c4c8f3a08f3832ca730,84be71223ef6443c5775b6175b7dc4de57f447fd,True,False,0.75,"[1,11,32,36]","[1,11,32,42]"
fixed-r4-residual-zero,16,1,0,16,8,57d6c25a7898568911088c4c8f3a08f3832ca730,84be71223ef6443c5775b6175b7dc4de57f447fd,True,False,0.75,"[8,52,59,61]","[8,59,52,32]"
fixed-r4-residual-zero,16,1,0,16,10,57d6c25a7898568911088c4c8f3a08f3832ca730,84be71223ef6443c5775b6175b7dc4de57f447fd,True,False,0.75,"[36,59,57,34]","[36,59,32,57]"
fixed-r4-residual-zero,16,1,0,16,12,57d6c25a7898568911088c4c8f3a08f3832ca730,84be71223ef6443c5775b6175b7dc4de57f447fd,True,False,0.75,"[40,15,34,58]","[40,15,34,42]"
fixed-r4-residual-zero,16,1,0,16,14,57d6c25a7898568911088c4c8f3a08f3832ca730,84be71223ef6443c5775b6175b7dc4de57f447fd,True,False,0.75,"[11,1,52,47]","[11,1,52,36]"
fixed-r4-residual-zero,16,1,1,16,0,57d6c25a7898568911088c4c8f3a08f3832ca730,84be71223ef6443c5775b6175b7dc4de57f447fd,True,False,0.25,"[47,52,33,48]","[47,29,3,17]"
fixed-r4-residual-zero,16,1,1,16,2,57d6c25a7898568911088c4c8f3a08f3832ca730,84be71223ef6443c5775b6175b7dc4de57f447fd,False,False,0.75,"[49,57,4,52]","[57,49,4,60]"
fixed-r4-residual-zero,16,1,1,16,4,57d6c25a7898568911088c4c8f3a08f3832ca730,84be71223ef6443c5775b6175b7dc4de57f447fd,True,False,0.75,"[57,12,54,35]","[57,54,12,6]"
fixed-r4-residual-zero,16,1,1,16,6,57d6c25a7898568911088c4c8f3a08f3832ca730,84be71223ef6443c5775b6175b7dc4de57f447fd,False,False,0.75,"[17,36,57,49]","[57,36,17,28]"
fixed-r4-residual-zero,16,1,1,16,8,57d6c25a7898568911088c4c8f3a08f3832ca730,84be71223ef6443c5775b6175b7dc4de57f447fd,True,False,0.75,"[16,20,49,59]","[16,4,59,20]"
fixed-r4-residual-zero,16,1,1,16,10,57d6c25a7898568911088c4c8f3a08f3832ca730,84be71223ef6443c5775b6175b7dc4de57f447fd,True,False,0.75,"[57,7,40,12]","[57,12,40,56]"
fixed-r4-residual-zero,16,1,1,16,12,57d6c25a7898568911088c4c8f3a08f3832ca730,84be71223ef6443c5775b6175b7dc4de57f447fd,False,False,0.75,"[36,12,49,32]","[12,36,49,45]"
fixed-r4-residual-zero,16,1,1,16,14,57d6c25a7898568911088c4c8f3a08f3832ca730,84be71223ef6443c5775b6175b7dc4de57f447fd,True,False,0.75,"[57,31,4,2]","[57,31,2,63]"
fixed-r4-residual-zero,16,1,0,16,0,94b5e28fac745823455a38183868d2d18757f68a,23112f2c9e8a12a570d12825eb99d088bd74b8a2,True,False,0.75,"[48,4,59,32]","[48,32,4,56]"
fixed-r4-residual-zero,16,1,0,16,2,94b5e28fac745823455a38183868d2d18757f68a,23112f2c9e8a12a570d12825eb99d088bd74b8a2,True,False,0.75,"[19,51,57,59]","[19,51,59,18]"
fixed-r4-residual-zero,16,1,0,16,4,94b5e28fac745823455a38183868d2d18757f68a,23112f2c9e8a12a570d12825eb99d088bd74b8a2,False,False,0.5,"[11,1,42,30]","[13,11,59,1]"
fixed-r4-residual-zero,16,1,0,16,6,94b5e28fac745823455a38183868d2d18757f68a,23112f2c9e8a12a570d12825eb99d088bd74b8a2,False,False,0.75,"[32,39,53,33]","[39,32,57,53]"
fixed-r4-residual-zero,16,1,0,16,8,94b5e28fac745823455a38183868d2d18757f68a,23112f2c9e8a12a570d12825eb99d088bd74b8a2,False,False,0.75,"[25,62,43,36]","[36,25,32,62]"
fixed-r4-residual-zero,16,1,0,16,10,94b5e28fac745823455a38183868d2d18757f68a,23112f2c9e8a12a570d12825eb99d088bd74b8a2,True,False,1.0,"[7,51,39,5]","[7,5,39,51]"
fixed-r4-residual-zero,16,1,0,16,12,94b5e28fac745823455a38183868d2d18757f68a,23112f2c9e8a12a570d12825eb99d088bd74b8a2,False,False,0.75,"[2,32,62,43]","[62,2,25,32]"
fixed-r4-residual-zero,16,1,0,16,14,94b5e28fac745823455a38183868d2d18757f68a,23112f2c9e8a12a570d12825eb99d088bd74b8a2,False,False,0.5,"[27,44,59,19]","[19,59,61,39]"
fixed-r4-residual-zero,16,1,1,16,0,94b5e28fac745823455a38183868d2d18757f68a,23112f2c9e8a12a570d12825eb99d088bd74b8a2,True,True,1.0,"[49,1,57,27]","[49,1,57,27]"
fixed-r4-residual-zero,16,1,1,16,2,94b5e28fac745823455a38183868d2d18757f68a,23112f2c9e8a12a570d12825eb99d088bd74b8a2,True,False,1.0,"[48,29,60,16]","[48,60,16,29]"
fixed-r4-residual-zero,16,1,1,16,4,94b5e28fac745823455a38183868d2d18757f68a,23112f2c9e8a12a570d12825eb99d088bd74b8a2,True,False,0.75,"[21,28,57,63]","[21,12,57,63]"
fixed-r4-residual-zero,16,1,1,16,6,94b5e28fac745823455a38183868d2d18757f68a,23112f2c9e8a12a570d12825eb99d088bd74b8a2,True,False,0.75,"[12,50,48,36]","[12,50,48,2]"
fixed-r4-residual-zero,16,1,1,16,8,94b5e28fac745823455a38183868d2d18757f68a,23112f2c9e8a12a570d12825eb99d088bd74b8a2,False,False,0.75,"[26,49,12,52]","[12,52,14,26]"
fixed-r4-residual-zero,16,1,1,16,10,94b5e28fac745823455a38183868d2d18757f68a,23112f2c9e8a12a570d12825eb99d088bd74b8a2,False,False,1.0,"[14,63,52,1]","[63,14,52,1]"
fixed-r4-residual-zero,16,1,1,16,12,94b5e28fac745823455a38183868d2d18757f68a,23112f2c9e8a12a570d12825eb99d088bd74b8a2,True,False,0.75,"[12,18,52,42]","[12,18,52,49]"
fixed-r4-residual-zero,16,1,1,16,14,94b5e28fac745823455a38183868d2d18757f68a,23112f2c9e8a12a570d12825eb99d088bd74b8a2,False,False,0.75,"[52,10,26,35]","[26,52,10,43]"
fixed-r4-residual-zero,16,1,0,16,0,d644ccabbb7508d5d47c7b231c4d3f82ee470f83,8271e9c7f7153b815a28ad2c27f6deb575833cad,True,False,0.75,"[46,55,52,62]","[46,55,52,31]"
fixed-r4-residual-zero,16,1,0,16,2,d644ccabbb7508d5d47c7b231c4d3f82ee470f83,8271e9c7f7153b815a28ad2c27f6deb575833cad,False,False,0.75,"[46,17,1,36]","[59,1,17,46]"
fixed-r4-residual-zero,16,1,0,16,4,d644ccabbb7508d5d47c7b231c4d3f82ee470f83,8271e9c7f7153b815a28ad2c27f6deb575833cad,True,False,0.75,"[62,55,35,26]","[62,63,35,26]"
fixed-r4-residual-zero,16,1,0,16,6,d644ccabbb7508d5d47c7b231c4d3f82ee470f83,8271e9c7f7153b815a28ad2c27f6deb575833cad,True,False,0.5,"[11,39,2,24]","[11,39,32,59]"
fixed-r4-residual-zero,16,1,0,16,8,d644ccabbb7508d5d47c7b231c4d3f82ee470f83,8271e9c7f7153b815a28ad2c27f6deb575833cad,False,False,0.75,"[46,36,23,27]","[36,27,44,46]"
fixed-r4-residual-zero,16,1,0,16,10,d644ccabbb7508d5d47c7b231c4d3f82ee470f83,8271e9c7f7153b815a28ad2c27f6deb575833cad,False,False,1.0,"[2,59,51,22]","[59,2,22,51]"
fixed-r4-residual-zero,16,1,0,16,12,d644ccabbb7508d5d47c7b231c4d3f82ee470f83,8271e9c7f7153b815a28ad2c27f6deb575833cad,False,False,0.5,"[20,46,1,12]","[44,20,1,45]"
fixed-r4-residual-zero,16,1,0,16,14,d644ccabbb7508d5d47c7b231c4d3f82ee470f83,8271e9c7f7153b815a28ad2c27f6deb575833cad,True,False,0.5,"[57,20,52,3]","[57,52,39,18]"
fixed-r4-residual-zero,16,1,1,16,0,d644ccabbb7508d5d47c7b231c4d3f82ee470f83,8271e9c7f7153b815a28ad2c27f6deb575833cad,True,False,0.75,"[50,12,52,19]","[50,52,12,36]"
fixed-r4-residual-zero,16,1,1,16,2,d644ccabbb7508d5d47c7b231c4d3f82ee470f83,8271e9c7f7153b815a28ad2c27f6deb575833cad,True,False,0.5,"[28,63,48,32]","[28,63,27,57]"
fixed-r4-residual-zero,16,1,1,16,4,d644ccabbb7508d5d47c7b231c4d3f82ee470f83,8271e9c7f7153b815a28ad2c27f6deb575833cad,True,False,0.75,"[27,31,1,33]","[27,33,1,23]"
fixed-r4-residual-zero,16,1,1,16,6,d644ccabbb7508d5d47c7b231c4d3f82ee470f83,8271e9c7f7153b815a28ad2c27f6deb575833cad,False,False,0.75,"[48,50,31,57]","[50,31,9,57]"
fixed-r4-residual-zero,16,1,1,16,8,d644ccabbb7508d5d47c7b231c4d3f82ee470f83,8271e9c7f7153b815a28ad2c27f6deb575833cad,True,False,0.75,"[36,42,32,53]","[36,42,29,53]"
fixed-r4-residual-zero,16,1,1,16,10,d644ccabbb7508d5d47c7b231c4d3f82ee470f83,8271e9c7f7153b815a28ad2c27f6deb575833cad,True,False,0.75,"[18,12,20,48]","[18,12,48,40]"
fixed-r4-residual-zero,16,1,1,16,12,d644ccabbb7508d5d47c7b231c4d3f82ee470f83,8271e9c7f7153b815a28ad2c27f6deb575833cad,False,False,0.75,"[40,20,35,57]","[35,40,20,63]"
fixed-r4-residual-zero,16,1,1,16,14,d644ccabbb7508d5d47c7b231c4d3f82ee470f83,8271e9c7f7153b815a28ad2c27f6deb575833cad,True,False,0.75,"[38,6,20,3]","[38,20,4,6]"
fixed-r4-residual-zero,64,1,0,16,0,2b16372207e3344688f093f9c78460489a485fa6,60c33dc441937d75a986217023e83ee5748a59f5,True,False,0.5,"[21,39,61,58]","[21,39,25,37]"
fixed-r4-residual-zero,64,1,0,16,2,2b16372207e3344688f093f9c78460489a485fa6,60c33dc441937d75a986217023e83ee5748a59f5,True,False,1.0,"[39,54,19,21]","[39,21,19,54]"
fixed-r4-residual-zero,64,1,0,16,4,2b16372207e3344688f093f9c78460489a485fa6,60c33dc441937d75a986217023e83ee5748a59f5,True,False,0.5,"[32,18,45,62]","[32,18,25,21]"
fixed-r4-residual-zero,64,1,0,16,6,2b16372207e3344688f093f9c78460489a485fa6,60c33dc441937d75a986217023e83ee5748a59f5,True,False,0.75,"[39,50,52,29]","[39,52,24,50]"
fixed-r4-residual-zero,64,1,0,16,8,2b16372207e3344688f093f9c78460489a485fa6,60c33dc441937d75a986217023e83ee5748a59f5,True,False,0.5,"[39,59,36,50]","[39,50,1,21]"
fixed-r4-residual-zero,64,1,0,16,10,2b16372207e3344688f093f9c78460489a485fa6,60c33dc441937d75a986217023e83ee5748a59f5,True,False,0.75,"[57,33,39,51]","[57,39,33,48]"
fixed-r4-residual-zero,64,1,0,16,12,2b16372207e3344688f093f9c78460489a485fa6,60c33dc441937d75a986217023e83ee5748a59f5,True,False,0.75,"[39,21,50,52]","[39,21,50,51]"
fixed-r4-residual-zero,64,1,0,16,14,2b16372207e3344688f093f9c78460489a485fa6,60c33dc441937d75a986217023e83ee5748a59f5,True,False,1.0,"[39,50,51,19]","[39,51,19,50]"
fixed-r4-residual-zero,64,1,1,16,0,2b16372207e3344688f093f9c78460489a485fa6,60c33dc441937d75a986217023e83ee5748a59f5,True,False,0.25,"[57,4,49,20]","[57,40,50,18]"
fixed-r4-residual-zero,64,1,1,16,2,2b16372207e3344688f093f9c78460489a485fa6,60c33dc441937d75a986217023e83ee5748a59f5,True,False,0.5,"[16,47,1,31]","[16,53,24,47]"
fixed-r4-residual-zero,64,1,1,16,4,2b16372207e3344688f093f9c78460489a485fa6,60c33dc441937d75a986217023e83ee5748a59f5,True,False,0.25,"[50,10,52,61]","[50,57,18,9]"
fixed-r4-residual-zero,64,1,1,16,6,2b16372207e3344688f093f9c78460489a485fa6,60c33dc441937d75a986217023e83ee5748a59f5,True,False,1.0,"[61,22,48,60]","[61,22,60,48]"
fixed-r4-residual-zero,64,1,1,16,8,2b16372207e3344688f093f9c78460489a485fa6,60c33dc441937d75a986217023e83ee5748a59f5,True,False,0.75,"[50,10,14,63]","[50,10,14,53]"
fixed-r4-residual-zero,64,1,1,16,10,2b16372207e3344688f093f9c78460489a485fa6,60c33dc441937d75a986217023e83ee5748a59f5,False,False,0.75,"[20,50,18,63]","[18,50,60,20]"
fixed-r4-residual-zero,64,1,1,16,12,2b16372207e3344688f093f9c78460489a485fa6,60c33dc441937d75a986217023e83ee5748a59f5,True,False,0.75,"[51,1,50,4]","[51,50,1,63]"
fixed-r4-residual-zero,64,1,1,16,14,2b16372207e3344688f093f9c78460489a485fa6,60c33dc441937d75a986217023e83ee5748a59f5,False,False,0.5,"[48,44,60,57]","[44,50,48,14]"
fixed-r4-residual-zero,64,1,0,16,0,57d6c25a7898568911088c4c8f3a08f3832ca730,84be71223ef6443c5775b6175b7dc4de57f447fd,True,False,0.5,"[39,24,11,1]","[39,24,21,18]"
fixed-r4-residual-zero,64,1,0,16,2,57d6c25a7898568911088c4c8f3a08f3832ca730,84be71223ef6443c5775b6175b7dc4de57f447fd,True,False,0.75,"[39,59,1,38]","[39,59,38,21]"
fixed-r4-residual-zero,64,1,0,16,4,57d6c25a7898568911088c4c8f3a08f3832ca730,84be71223ef6443c5775b6175b7dc4de57f447fd,False,False,0.5,"[39,54,21,19]","[21,54,34,24]"
fixed-r4-residual-zero,64,1,0,16,6,57d6c25a7898568911088c4c8f3a08f3832ca730,84be71223ef6443c5775b6175b7dc4de57f447fd,False,False,0.75,"[11,52,39,31]","[39,52,11,21]"
fixed-r4-residual-zero,64,1,0,16,8,57d6c25a7898568911088c4c8f3a08f3832ca730,84be71223ef6443c5775b6175b7dc4de57f447fd,True,False,0.75,"[39,52,61,18]","[39,21,18,61]"
fixed-r4-residual-zero,64,1,0,16,10,57d6c25a7898568911088c4c8f3a08f3832ca730,84be71223ef6443c5775b6175b7dc4de57f447fd,True,False,0.5,"[39,58,19,59]","[39,34,59,21]"
fixed-r4-residual-zero,64,1,0,16,12,57d6c25a7898568911088c4c8f3a08f3832ca730,84be71223ef6443c5775b6175b7dc4de57f447fd,True,False,1.0,"[39,21,58,34]","[39,34,21,58]"
fixed-r4-residual-zero,64,1,0,16,14,57d6c25a7898568911088c4c8f3a08f3832ca730,84be71223ef6443c5775b6175b7dc4de57f447fd,False,False,0.5,"[11,39,50,52]","[39,51,11,18]"
fixed-r4-residual-zero,64,1,1,16,0,57d6c25a7898568911088c4c8f3a08f3832ca730,84be71223ef6443c5775b6175b7dc4de57f447fd,False,False,0.75,"[50,48,22,47]","[47,50,61,48]"
fixed-r4-residual-zero,64,1,1,16,2,57d6c25a7898568911088c4c8f3a08f3832ca730,84be71223ef6443c5775b6175b7dc4de57f447fd,False,False,0.5,"[50,57,63,56]","[57,50,12,60]"
fixed-r4-residual-zero,64,1,1,16,4,57d6c25a7898568911088c4c8f3a08f3832ca730,84be71223ef6443c5775b6175b7dc4de57f447fd,True,False,0.5,"[57,20,12,22]","[57,12,54,50]"
fixed-r4-residual-zero,64,1,1,16,6,57d6c25a7898568911088c4c8f3a08f3832ca730,84be71223ef6443c5775b6175b7dc4de57f447fd,False,False,0.5,"[50,57,20,22]","[57,50,1,60]"
fixed-r4-residual-zero,64,1,1,16,8,57d6c25a7898568911088c4c8f3a08f3832ca730,84be71223ef6443c5775b6175b7dc4de57f447fd,False,False,0.5,"[20,50,4,0]","[50,36,56,20]"
fixed-r4-residual-zero,64,1,1,16,10,57d6c25a7898568911088c4c8f3a08f3832ca730,84be71223ef6443c5775b6175b7dc4de57f447fd,True,False,0.75,"[57,56,50,20]","[57,56,50,31]"
fixed-r4-residual-zero,64,1,1,16,12,57d6c25a7898568911088c4c8f3a08f3832ca730,84be71223ef6443c5775b6175b7dc4de57f447fd,False,False,0.75,"[36,57,20,50]","[50,57,36,12]"
fixed-r4-residual-zero,64,1,1,16,14,57d6c25a7898568911088c4c8f3a08f3832ca730,84be71223ef6443c5775b6175b7dc4de57f447fd,True,False,0.75,"[31,57,56,61]","[31,57,50,56]"
fixed-r4-residual-zero,64,1,0,16,0,94b5e28fac745823455a38183868d2d18757f68a,23112f2c9e8a12a570d12825eb99d088bd74b8a2,True,False,0.5,"[39,59,42,61]","[39,21,24,42]"
fixed-r4-residual-zero,64,1,0,16,2,94b5e28fac745823455a38183868d2d18757f68a,23112f2c9e8a12a570d12825eb99d088bd74b8a2,True,False,0.75,"[39,51,19,15]","[39,19,18,51]"
fixed-r4-residual-zero,64,1,0,16,4,94b5e28fac745823455a38183868d2d18757f68a,23112f2c9e8a12a570d12825eb99d088bd74b8a2,True,False,0.5,"[21,39,11,50]","[21,39,38,18]"
fixed-r4-residual-zero,64,1,0,16,6,94b5e28fac745823455a38183868d2d18757f68a,23112f2c9e8a12a570d12825eb99d088bd74b8a2,True,False,0.75,"[39,33,50,61]","[39,33,50,57]"
fixed-r4-residual-zero,64,1,0,16,8,94b5e28fac745823455a38183868d2d18757f68a,23112f2c9e8a12a570d12825eb99d088bd74b8a2,True,False,0.75,"[21,50,54,39]","[21,50,39,45]"
fixed-r4-residual-zero,64,1,0,16,10,94b5e28fac745823455a38183868d2d18757f68a,23112f2c9e8a12a570d12825eb99d088bd74b8a2,True,False,0.5,"[39,5,0,31]","[39,21,25,31]"
fixed-r4-residual-zero,64,1,0,16,12,94b5e28fac745823455a38183868d2d18757f68a,23112f2c9e8a12a570d12825eb99d088bd74b8a2,False,False,0.75,"[32,39,52,18]","[18,62,32,52]"
fixed-r4-residual-zero,64,1,0,16,14,94b5e28fac745823455a38183868d2d18757f68a,23112f2c9e8a12a570d12825eb99d088bd74b8a2,True,False,0.75,"[39,38,19,27]","[39,19,61,38]"
fixed-r4-residual-zero,64,1,1,16,0,94b5e28fac745823455a38183868d2d18757f68a,23112f2c9e8a12a570d12825eb99d088bd74b8a2,True,False,0.5,"[1,49,50,25]","[1,50,57,21]"
fixed-r4-residual-zero,64,1,1,16,2,94b5e28fac745823455a38183868d2d18757f68a,23112f2c9e8a12a570d12825eb99d088bd74b8a2,False,False,1.0,"[48,60,57,50]","[50,60,48,57]"
fixed-r4-residual-zero,64,1,1,16,4,94b5e28fac745823455a38183868d2d18757f68a,23112f2c9e8a12a570d12825eb99d088bd74b8a2,True,False,0.75,"[21,57,50,28]","[21,50,57,12]"
fixed-r4-residual-zero,64,1,1,16,6,94b5e28fac745823455a38183868d2d18757f68a,23112f2c9e8a12a570d12825eb99d088bd74b8a2,True,False,1.0,"[50,56,48,12]","[50,12,56,48]"
fixed-r4-residual-zero,64,1,1,16,8,94b5e28fac745823455a38183868d2d18757f68a,23112f2c9e8a12a570d12825eb99d088bd74b8a2,False,False,0.5,"[48,56,52,14]","[56,48,38,50]"
fixed-r4-residual-zero,64,1,1,16,10,94b5e28fac745823455a38183868d2d18757f68a,23112f2c9e8a12a570d12825eb99d088bd74b8a2,False,False,0.75,"[14,63,52,10]","[63,14,1,10]"
fixed-r4-residual-zero,64,1,1,16,12,94b5e28fac745823455a38183868d2d18757f68a,23112f2c9e8a12a570d12825eb99d088bd74b8a2,True,False,0.25,"[12,50,52,22]","[12,1,60,18]"
fixed-r4-residual-zero,64,1,1,16,14,94b5e28fac745823455a38183868d2d18757f68a,23112f2c9e8a12a570d12825eb99d088bd74b8a2,True,False,0.5,"[50,10,20,22]","[50,10,1,29]"
fixed-r4-residual-zero,64,1,0,16,0,d644ccabbb7508d5d47c7b231c4d3f82ee470f83,8271e9c7f7153b815a28ad2c27f6deb575833cad,True,False,0.5,"[52,39,46,2]","[52,39,37,56]"
fixed-r4-residual-zero,64,1,0,16,2,d644ccabbb7508d5d47c7b231c4d3f82ee470f83,8271e9c7f7153b815a28ad2c27f6deb575833cad,True,False,0.75,"[21,39,59,52]","[21,39,59,1]"
fixed-r4-residual-zero,64,1,0,16,4,d644ccabbb7508d5d47c7b231c4d3f82ee470f83,8271e9c7f7153b815a28ad2c27f6deb575833cad,False,False,0.75,"[35,18,52,32]","[18,52,39,35]"
fixed-r4-residual-zero,64,1,0,16,6,d644ccabbb7508d5d47c7b231c4d3f82ee470f83,8271e9c7f7153b815a28ad2c27f6deb575833cad,True,False,0.5,"[39,59,11,14]","[39,32,21,59]"
fixed-r4-residual-zero,64,1,0,16,8,d644ccabbb7508d5d47c7b231c4d3f82ee470f83,8271e9c7f7153b815a28ad2c27f6deb575833cad,False,False,0.5,"[46,40,42,55]","[21,40,42,59]"
fixed-r4-residual-zero,64,1,0,16,10,d644ccabbb7508d5d47c7b231c4d3f82ee470f83,8271e9c7f7153b815a28ad2c27f6deb575833cad,True,False,0.75,"[39,52,2,51]","[39,52,2,59]"
fixed-r4-residual-zero,64,1,0,16,12,d644ccabbb7508d5d47c7b231c4d3f82ee470f83,8271e9c7f7153b815a28ad2c27f6deb575833cad,False,False,0.75,"[39,52,37,18]","[18,39,45,52]"
fixed-r4-residual-zero,64,1,0,16,14,d644ccabbb7508d5d47c7b231c4d3f82ee470f83,8271e9c7f7153b815a28ad2c27f6deb575833cad,True,True,1.0,"[39,52,57,29]","[39,52,57,29]"
fixed-r4-residual-zero,64,1,1,16,0,d644ccabbb7508d5d47c7b231c4d3f82ee470f83,8271e9c7f7153b815a28ad2c27f6deb575833cad,True,False,0.75,"[50,12,52,4]","[50,12,4,36]"
fixed-r4-residual-zero,64,1,1,16,2,d644ccabbb7508d5d47c7b231c4d3f82ee470f83,8271e9c7f7153b815a28ad2c27f6deb575833cad,False,False,1.0,"[48,28,57,50]","[57,28,50,48]"
fixed-r4-residual-zero,64,1,1,16,4,d644ccabbb7508d5d47c7b231c4d3f82ee470f83,8271e9c7f7153b815a28ad2c27f6deb575833cad,False,False,0.75,"[27,1,50,56]","[1,56,27,31]"
fixed-r4-residual-zero,64,1,1,16,6,d644ccabbb7508d5d47c7b231c4d3f82ee470f83,8271e9c7f7153b815a28ad2c27f6deb575833cad,True,False,0.75,"[50,56,1,31]","[50,31,0,1]"
fixed-r4-residual-zero,64,1,1,16,8,d644ccabbb7508d5d47c7b231c4d3f82ee470f83,8271e9c7f7153b815a28ad2c27f6deb575833cad,True,False,0.75,"[50,36,10,56]","[50,36,56,2]"
fixed-r4-residual-zero,64,1,1,16,10,d644ccabbb7508d5d47c7b231c4d3f82ee470f83,8271e9c7f7153b815a28ad2c27f6deb575833cad,False,False,1.0,"[50,20,18,48]","[18,48,50,20]"
fixed-r4-residual-zero,64,1,1,16,12,d644ccabbb7508d5d47c7b231c4d3f82ee470f83,8271e9c7f7153b815a28ad2c27f6deb575833cad,True,False,0.75,"[20,40,57,50]","[20,16,40,57]"
fixed-r4-residual-zero,64,1,1,16,14,d644ccabbb7508d5d47c7b231c4d3f82ee470f83,8271e9c7f7153b815a28ad2c27f6deb575833cad,True,False,0.75,"[50,38,20,6]","[50,38,20,24]"
fixed-r4-residual-zero,128,1,0,16,0,2b16372207e3344688f093f9c78460489a485fa6,60c33dc441937d75a986217023e83ee5748a59f5,True,False,0.25,"[39,5,52,50]","[39,18,21,32]"
fixed-r4-residual-zero,128,1,0,16,2,2b16372207e3344688f093f9c78460489a485fa6,60c33dc441937d75a986217023e83ee5748a59f5,True,False,0.25,"[39,5,50,52]","[39,18,32,21]"
fixed-r4-residual-zero,128,1,0,16,4,2b16372207e3344688f093f9c78460489a485fa6,60c33dc441937d75a986217023e83ee5748a59f5,True,False,0.75,"[39,32,18,0]","[39,18,32,21]"
fixed-r4-residual-zero,128,1,0,16,6,2b16372207e3344688f093f9c78460489a485fa6,60c33dc441937d75a986217023e83ee5748a59f5,True,False,0.5,"[39,50,52,5]","[39,18,52,21]"
fixed-r4-residual-zero,128,1,0,16,8,2b16372207e3344688f093f9c78460489a485fa6,60c33dc441937d75a986217023e83ee5748a59f5,True,False,0.5,"[39,52,5,59]","[39,32,52,18]"
fixed-r4-residual-zero,128,1,0,16,10,2b16372207e3344688f093f9c78460489a485fa6,60c33dc441937d75a986217023e83ee5748a59f5,True,False,0.5,"[39,57,50,51]","[39,33,57,45]"
fixed-r4-residual-zero,128,1,0,16,12,2b16372207e3344688f093f9c78460489a485fa6,60c33dc441937d75a986217023e83ee5748a59f5,True,False,0.5,"[39,52,0,59]","[39,21,59,50]"
fixed-r4-residual-zero,128,1,0,16,14,2b16372207e3344688f093f9c78460489a485fa6,60c33dc441937d75a986217023e83ee5748a59f5,True,False,0.25,"[39,50,0,59]","[39,18,32,21]"
fixed-r4-residual-zero,128,1,1,16,0,2b16372207e3344688f093f9c78460489a485fa6,60c33dc441937d75a986217023e83ee5748a59f5,False,False,0.5,"[50,40,26,63]","[57,26,40,49]"
fixed-r4-residual-zero,128,1,1,16,2,2b16372207e3344688f093f9c78460489a485fa6,60c33dc441937d75a986217023e83ee5748a59f5,False,False,0.5,"[50,29,48,16]","[57,29,16,2]"
fixed-r4-residual-zero,128,1,1,16,4,2b16372207e3344688f093f9c78460489a485fa6,60c33dc441937d75a986217023e83ee5748a59f5,False,False,0.25,"[50,18,63,12]","[57,63,11,1]"
fixed-r4-residual-zero,128,1,1,16,6,2b16372207e3344688f093f9c78460489a485fa6,60c33dc441937d75a986217023e83ee5748a59f5,False,False,0.25,"[50,48,22,26]","[57,22,60,42]"
fixed-r4-residual-zero,128,1,1,16,8,2b16372207e3344688f093f9c78460489a485fa6,60c33dc441937d75a986217023e83ee5748a59f5,False,False,0.25,"[50,48,63,29]","[56,29,1,57]"
fixed-r4-residual-zero,128,1,1,16,10,2b16372207e3344688f093f9c78460489a485fa6,60c33dc441937d75a986217023e83ee5748a59f5,False,False,0.25,"[50,40,63,12]","[18,11,12,26]"
fixed-r4-residual-zero,128,1,1,16,12,2b16372207e3344688f093f9c78460489a485fa6,60c33dc441937d75a986217023e83ee5748a59f5,False,False,0.5,"[50,51,63,22]","[51,63,60,1]"
fixed-r4-residual-zero,128,1,1,16,14,2b16372207e3344688f093f9c78460489a485fa6,60c33dc441937d75a986217023e83ee5748a59f5,False,False,0.0,"[50,48,22,40]","[57,11,36,14]"
fixed-r4-residual-zero,128,1,0,16,0,57d6c25a7898568911088c4c8f3a08f3832ca730,84be71223ef6443c5775b6175b7dc4de57f447fd,True,False,0.25,"[39,5,52,50]","[39,18,32,21]"
fixed-r4-residual-zero,128,1,0,16,2,57d6c25a7898568911088c4c8f3a08f3832ca730,84be71223ef6443c5775b6175b7dc4de57f447fd,True,False,0.75,"[39,59,52,32]","[39,32,18,59]"
fixed-r4-residual-zero,128,1,0,16,4,57d6c25a7898568911088c4c8f3a08f3832ca730,84be71223ef6443c5775b6175b7dc4de57f447fd,True,False,0.25,"[39,50,19,5]","[39,18,32,21]"
fixed-r4-residual-zero,128,1,0,16,6,57d6c25a7898568911088c4c8f3a08f3832ca730,84be71223ef6443c5775b6175b7dc4de57f447fd,False,False,0.5,"[39,52,32,11]","[11,18,47,52]"
fixed-r4-residual-zero,128,1,0,16,8,57d6c25a7898568911088c4c8f3a08f3832ca730,84be71223ef6443c5775b6175b7dc4de57f447fd,False,False,0.5,"[39,52,18,5]","[18,32,21,39]"
fixed-r4-residual-zero,128,1,0,16,10,57d6c25a7898568911088c4c8f3a08f3832ca730,84be71223ef6443c5775b6175b7dc4de57f447fd,True,False,0.25,"[39,50,19,5]","[39,18,32,59]"
fixed-r4-residual-zero,128,1,0,16,12,57d6c25a7898568911088c4c8f3a08f3832ca730,84be71223ef6443c5775b6175b7dc4de57f447fd,True,False,0.5,"[39,52,32,5]","[39,18,32,34]"
fixed-r4-residual-zero,128,1,0,16,14,57d6c25a7898568911088c4c8f3a08f3832ca730,84be71223ef6443c5775b6175b7dc4de57f447fd,True,False,0.25,"[39,50,11,5]","[39,18,32,51]"
fixed-r4-residual-zero,128,1,1,16,0,57d6c25a7898568911088c4c8f3a08f3832ca730,84be71223ef6443c5775b6175b7dc4de57f447fd,False,False,0.25,"[50,48,22,63]","[57,29,61,63]"
fixed-r4-residual-zero,128,1,1,16,2,57d6c25a7898568911088c4c8f3a08f3832ca730,84be71223ef6443c5775b6175b7dc4de57f447fd,False,False,0.25,"[50,12,63,48]","[57,49,12,22]"
fixed-r4-residual-zero,128,1,1,16,4,57d6c25a7898568911088c4c8f3a08f3832ca730,84be71223ef6443c5775b6175b7dc4de57f447fd,False,False,0.25,"[50,12,48,40]","[57,12,22,36]"
fixed-r4-residual-zero,128,1,1,16,6,57d6c25a7898568911088c4c8f3a08f3832ca730,84be71223ef6443c5775b6175b7dc4de57f447fd,False,False,0.25,"[50,12,22,18]","[23,57,12,28]"
fixed-r4-residual-zero,128,1,1,16,8,57d6c25a7898568911088c4c8f3a08f3832ca730,84be71223ef6443c5775b6175b7dc4de57f447fd,False,False,0.0,"[50,26,48,40]","[57,36,56,42]"
fixed-r4-residual-zero,128,1,1,16,10,57d6c25a7898568911088c4c8f3a08f3832ca730,84be71223ef6443c5775b6175b7dc4de57f447fd,False,False,0.0,"[50,40,22,12]","[57,56,36,11]"
fixed-r4-residual-zero,128,1,1,16,12,57d6c25a7898568911088c4c8f3a08f3832ca730,84be71223ef6443c5775b6175b7dc4de57f447fd,False,False,0.25,"[50,12,48,40]","[57,12,11,26]"
fixed-r4-residual-zero,128,1,1,16,14,57d6c25a7898568911088c4c8f3a08f3832ca730,84be71223ef6443c5775b6175b7dc4de57f447fd,False,False,0.5,"[50,31,57,25]","[57,31,56,2]"
fixed-r4-residual-zero,128,1,0,16,0,94b5e28fac745823455a38183868d2d18757f68a,23112f2c9e8a12a570d12825eb99d088bd74b8a2,True,False,0.25,"[39,52,59,5]","[39,50,21,32]"
fixed-r4-residual-zero,128,1,0,16,2,94b5e28fac745823455a38183868d2d18757f68a,23112f2c9e8a12a570d12825eb99d088bd74b8a2,True,False,0.25,"[39,52,50,59]","[39,18,51,32]"
fixed-r4-residual-zero,128,1,0,16,4,94b5e28fac745823455a38183868d2d18757f68a,23112f2c9e8a12a570d12825eb99d088bd74b8a2,True,False,0.25,"[39,52,5,59]","[39,18,21,32]"
fixed-r4-residual-zero,128,1,0,16,6,94b5e28fac745823455a38183868d2d18757f68a,23112f2c9e8a12a570d12825eb99d088bd74b8a2,True,False,0.75,"[39,33,50,5]","[39,32,33,50]"
fixed-r4-residual-zero,128,1,0,16,8,94b5e28fac745823455a38183868d2d18757f68a,23112f2c9e8a12a570d12825eb99d088bd74b8a2,True,False,1.0,"[39,50,21,32]","[39,21,32,50]"
fixed-r4-residual-zero,128,1,0,16,10,94b5e28fac745823455a38183868d2d18757f68a,23112f2c9e8a12a570d12825eb99d088bd74b8a2,True,False,0.25,"[39,5,0,25]","[39,21,18,32]"
fixed-r4-residual-zero,128,1,0,16,12,94b5e28fac745823455a38183868d2d18757f68a,23112f2c9e8a12a570d12825eb99d088bd74b8a2,False,False,0.75,"[39,32,52,59]","[18,32,39,52]"
fixed-r4-residual-zero,128,1,0,16,14,94b5e28fac745823455a38183868d2d18757f68a,23112f2c9e8a12a570d12825eb99d088bd74b8a2,False,False,0.25,"[39,52,5,59]","[32,18,59,13]"
fixed-r4-residual-zero,128,1,1,16,0,94b5e28fac745823455a38183868d2d18757f68a,23112f2c9e8a12a570d12825eb99d088bd74b8a2,True,False,0.5,"[50,63,49,57]","[50,57,1,11]"
fixed-r4-residual-zero,128,1,1,16,2,94b5e28fac745823455a38183868d2d18757f68a,23112f2c9e8a12a570d12825eb99d088bd74b8a2,False,False,0.25,"[50,48,63,40]","[57,60,48,12]"
fixed-r4-residual-zero,128,1,1,16,4,94b5e28fac745823455a38183868d2d18757f68a,23112f2c9e8a12a570d12825eb99d088bd74b8a2,False,False,0.5,"[50,48,12,63]","[57,21,12,63]"
fixed-r4-residual-zero,128,1,1,16,6,94b5e28fac745823455a38183868d2d18757f68a,23112f2c9e8a12a570d12825eb99d088bd74b8a2,True,False,0.75,"[50,48,12,22]","[50,12,56,48]"
fixed-r4-residual-zero,128,1,1,16,8,94b5e28fac745823455a38183868d2d18757f68a,23112f2c9e8a12a570d12825eb99d088bd74b8a2,False,False,0.5,"[50,26,48,12]","[26,12,57,56]"
fixed-r4-residual-zero,128,1,1,16,10,94b5e28fac745823455a38183868d2d18757f68a,23112f2c9e8a12a570d12825eb99d088bd74b8a2,False,False,0.5,"[50,63,14,29]","[63,29,42,11]"
fixed-r4-residual-zero,128,1,1,16,12,94b5e28fac745823455a38183868d2d18757f68a,23112f2c9e8a12a570d12825eb99d088bd74b8a2,False,False,0.25,"[50,12,63,22]","[12,57,11,42]"
fixed-r4-residual-zero,128,1,1,16,14,94b5e28fac745823455a38183868d2d18757f68a,23112f2c9e8a12a570d12825eb99d088bd74b8a2,False,False,0.25,"[50,48,22,26]","[57,22,2,1]"
fixed-r4-residual-zero,128,1,0,16,0,d644ccabbb7508d5d47c7b231c4d3f82ee470f83,8271e9c7f7153b815a28ad2c27f6deb575833cad,True,False,0.5,"[39,52,5,0]","[39,32,18,52]"
fixed-r4-residual-zero,128,1,0,16,2,d644ccabbb7508d5d47c7b231c4d3f82ee470f83,8271e9c7f7153b815a28ad2c27f6deb575833cad,False,False,0.25,"[39,5,59,19]","[18,32,21,59]"
fixed-r4-residual-zero,128,1,0,16,4,d644ccabbb7508d5d47c7b231c4d3f82ee470f83,8271e9c7f7153b815a28ad2c27f6deb575833cad,True,False,0.75,"[39,52,50,5]","[39,52,50,18]"
fixed-r4-residual-zero,128,1,0,16,6,d644ccabbb7508d5d47c7b231c4d3f82ee470f83,8271e9c7f7153b815a28ad2c27f6deb575833cad,True,False,0.5,"[39,5,59,32]","[39,32,21,18]"
fixed-r4-residual-zero,128,1,0,16,8,d644ccabbb7508d5d47c7b231c4d3f82ee470f83,8271e9c7f7153b815a28ad2c27f6deb575833cad,False,False,0.5,"[39,59,40,32]","[32,21,18,40]"
fixed-r4-residual-zero,128,1,0,16,10,d644ccabbb7508d5d47c7b231c4d3f82ee470f83,8271e9c7f7153b815a28ad2c27f6deb575833cad,True,False,1.0,"[39,52,59,32]","[39,59,32,52]"
fixed-r4-residual-zero,128,1,0,16,12,d644ccabbb7508d5d47c7b231c4d3f82ee470f83,8271e9c7f7153b815a28ad2c27f6deb575833cad,False,False,0.25,"[39,52,5,19]","[18,32,45,39]"
fixed-r4-residual-zero,128,1,0,16,14,d644ccabbb7508d5d47c7b231c4d3f82ee470f83,8271e9c7f7153b815a28ad2c27f6deb575833cad,False,False,0.5,"[39,52,5,50]","[18,39,52,32]"
fixed-r4-residual-zero,128,1,1,16,0,d644ccabbb7508d5d47c7b231c4d3f82ee470f83,8271e9c7f7153b815a28ad2c27f6deb575833cad,False,False,0.25,"[50,12,40,48]","[57,56,12,22]"
fixed-r4-residual-zero,128,1,1,16,2,d644ccabbb7508d5d47c7b231c4d3f82ee470f83,8271e9c7f7153b815a28ad2c27f6deb575833cad,False,False,0.25,"[48,50,28,14]","[57,28,56,30]"
fixed-r4-residual-zero,128,1,1,16,4,d644ccabbb7508d5d47c7b231c4d3f82ee470f83,8271e9c7f7153b815a28ad2c27f6deb575833cad,False,False,0.0,"[50,48,26,63]","[27,1,39,56]"
fixed-r4-residual-zero,128,1,1,16,6,d644ccabbb7508d5d47c7b231c4d3f82ee470f83,8271e9c7f7153b815a28ad2c27f6deb575833cad,False,False,0.0,"[50,48,12,40]","[31,57,56,1]"
fixed-r4-residual-zero,128,1,1,16,8,d644ccabbb7508d5d47c7b231c4d3f82ee470f83,8271e9c7f7153b815a28ad2c27f6deb575833cad,False,False,0.25,"[50,2,29,36]","[57,56,2,42]"
fixed-r4-residual-zero,128,1,1,16,10,d644ccabbb7508d5d47c7b231c4d3f82ee470f83,8271e9c7f7153b815a28ad2c27f6deb575833cad,False,False,0.5,"[50,48,12,20]","[12,48,18,26]"
fixed-r4-residual-zero,128,1,1,16,12,d644ccabbb7508d5d47c7b231c4d3f82ee470f83,8271e9c7f7153b815a28ad2c27f6deb575833cad,False,False,0.0,"[50,40,48,20]","[57,12,29,59]"
fixed-r4-residual-zero,128,1,1,16,14,d644ccabbb7508d5d47c7b231c4d3f82ee470f83,8271e9c7f7153b815a28ad2c27f6deb575833cad,False,False,0.5,"[50,12,48,22]","[57,22,12,24]"
