dtype,l2_norm,layer_idx,machine,max,mean,micro_step,min,numel,optimizer_step,sample,sha256,shape,source_json,std,target,trace_name,variant,window_micro_idx
torch.float32,255.99618530273438,1,2080ti,1.5926038026809692,0.0006710691377520561,0,-1.5414212942123413,524288,0,"[0.43720102310180664,-0.47418761253356934,-0.12221133708953857,0.2982311248779297,-0.16422449052333832,-0.11781228333711624,-0.49186304211616516,0.034084249287843704]",7eafdaa36e612e280d2fb2c9c3cb62ed9aea8534fcf882e35ef8e3603dbd2ea6,"[64,2,64,64]",zoology/experiments/flash_vqg/scripts/20260629-01-flash-vqg-gate-logf-stability/outputs/round1e-6/2080ti/probe.json,0.35354912281036377,gate-logf-probe-s123-r1,phase1/q_all,no-dropout,0
torch.float32,255.9937286376953,1,2080ti,1.6455446481704712,5.468557355925441e-05,0,-1.4379643201828003,524288,0,"[0.2290818840265274,0.17472465336322784,-0.5262090563774109,-0.33765751123428345,0.7831315994262695,-0.41186249256134033,0.43849584460258484,-0.09059952944517136]",5d37dccf16213c484f5f4dd1816d0b7f343602f7708ddc638d348efe532bf7e6,"[64,2,64,64]",zoology/experiments/flash_vqg/scripts/20260629-01-flash-vqg-gate-logf-stability/outputs/round1e-6/2080ti/probe.json,0.3535461127758026,gate-logf-probe-s123-r1,phase1/k_all,no-dropout,0
torch.float32,58.87234115600586,1,2080ti,0.6101686358451843,0.006445801816880703,0,-0.253231942653656,524288,0,"[0.07940109074115753,0.039708636701107025,-0.07384831458330154,-0.08339323848485947,-0.009571666829288006,-0.07319962978363037,0.1329384446144104,-0.10811452567577362]",007ca34e5ad8d9cf91291651d6f0e4cb8f051c8b6efbfd77574608e653aa5960,"[64,2,64,64]",zoology/experiments/flash_vqg/scripts/20260629-01-flash-vqg-gate-logf-stability/outputs/round1e-6/2080ti/probe.json,0.08105120807886124,gate-logf-probe-s123-r1,phase1/v_all,no-dropout,0
torch.float32,163.77285766601562,1,2080ti,1.0111680030822754,0.0007309167413040996,0,-1.0400457382202148,524288,0,"[-0.3866400122642517,-0.0003336060617584735,0.274516761302948,-0.06162302941083908,0.05467773601412773,0.021006522700190544,0.17238442599773407,-0.25864097476005554]",871dddddc039c8c8c5fcbe118831b433f6f476e7037558ec8cb9b4669bbeaa8b,"[64,2,64,64]",zoology/experiments/flash_vqg/scripts/20260629-01-flash-vqg-gate-logf-stability/outputs/round1e-6/2080ti/probe.json,0.22618119418621063,gate-logf-probe-s123-r1,phase1/g_raw_all,no-dropout,0
torch.float32,40.955135345458984,1,2080ti,0.2677234709262848,0.0017296954756602645,0,-0.22957539558410645,524288,0,"[0.0371975377202034,-0.040959183126688004,-0.0022900900803506374,0.04461415484547615,0.09493521600961685,-0.06041162461042404,-0.04216456413269043,-0.09387834370136261]",61d4693e36a3721d9b9a2f91ec445e428e18253ea13183d165e403501a2de674,"[64,2,64,64]",zoology/experiments/flash_vqg/scripts/20260629-01-flash-vqg-gate-logf-stability/outputs/round1e-6/2080ti/probe.json,0.05653558671474457,gate-logf-probe-s123-r1,phase1/K_q_all,no-dropout,0
torch.int32,3421.633056640625,1,2080ti,63.0,32.972900390625,0,0.0,8192,0,"[26,19,19,11,0,7,36,60]",acd27605803513d9492d5ec72ccbf02c68ea239822061484cc8ef5953acc83c5,"[64,2,64]",zoology/experiments/flash_vqg/scripts/20260629-01-flash-vqg-gate-logf-stability/outputs/round1e-6/2080ti/probe.json,18.491479873657227,gate-logf-probe-s123-r1,phase1/Delta_all,no-dropout,0
torch.float32,12.744465827941895,1,2080ti,0.11100196838378906,0.015625,0,0.0014944170834496617,524288,0,"[0.02963186241686344,0.025065932422876358,0.023681746795773506,0.00960193295031786,0.00933751743286848,0.01803426258265972,0.006216543726623058,0.021651284769177437]",ef42fa94204b60d9842042f6dc673ff3848dcbff1fd7343c9aaeaf6f3df608ed,"[64,2,64,64]",zoology/experiments/flash_vqg/scripts/20260629-01-flash-vqg-gate-logf-stability/outputs/round1e-6/2080ti/probe.json,0.008102668449282646,gate-logf-probe-s123-r1,phase1/W_all,no-dropout,0
torch.float32,724.0740356445312,1,2080ti,4.748272895812988,-2.837623469531536e-10,0,-5.1808390617370605,524288,0,"[0.02532190829515457,0.15918952226638794,-0.7185203433036804,-0.155963733792305,-0.5711404085159302,-0.2691114842891693,-0.22938433289527893,-2.4623677730560303]",ce513891fb8efa13a41de32d8fb8fdc9f7269a8f28bad19d2fd3d9b34ee59a13,"[64,64,128]",zoology/experiments/flash_vqg/scripts/20260629-01-flash-vqg-gate-logf-stability/outputs/round1e-6/2080ti/probe.json,0.9999987483024597,gate-logf-probe-s123-r1,fox_gate/input_x,no-dropout,0
torch.float32,20.328201293945312,1,2080ti,0.7899494767189026,0.0017203858587890863,0,-0.9237731695175171,8192,0,"[-0.2620856761932373,0.48922717571258545,-0.083706796169281,0.06343737244606018,-0.020924754440784454,0.2494209110736847,0.016498565673828125,-0.4003526270389557]",1e06fe0ae90f69c777ede6c8ecc8174b8f99a55c59b9b3f13c31fb7c93c3deb7,"[64,2,64]",zoology/experiments/flash_vqg/scripts/20260629-01-flash-vqg-gate-logf-stability/outputs/round1e-6/2080ti/probe.json,0.22459042072296143,gate-logf-probe-s123-r1,fox_gate/logits_cuda,no-dropout,0
torch.float32,4.002522945404053,1,2080ti,-0.023389000445604324,-0.04365961626172066,0,-0.07863199710845947,8192,0,"[-0.052046999335289,-0.029884999617934227,-0.04599199816584587,-0.041370999068021774,-0.04397900030016899,-0.03601200133562088,-0.04280799999833107,-0.05707699805498123]",52aa775c41af9cf1e47d60ebc54b4b6c42f0a001488c127a8f84565c31a06237,"[64,2,64]",zoology/experiments/flash_vqg/scripts/20260629-01-flash-vqg-gate-logf-stability/outputs/round1e-6/2080ti/probe.json,0.007030481938272715,gate-logf-probe-s123-r1,fox_gate/logf_cuda,no-dropout,0
torch.float64,20.328201293945312,1,2080ti,0.7899495363235474,0.0017203855095431209,0,-0.9237732291221619,8192,0,"[-0.2620857365270256,0.4892271541204725,-0.08370679527125159,0.06343735019055556,-0.02092477734360984,0.24942087489139902,0.01649856104907023,-0.40035271848105924]",d9daf893f8dce6bfd96627ccc08baa79416911cda02beab568adffec257a2250,"[64,2,64]",zoology/experiments/flash_vqg/scripts/20260629-01-flash-vqg-gate-logf-stability/outputs/round1e-6/2080ti/probe.json,0.22459042072296143,gate-logf-probe-s123-r1,fox_gate/logits_ref_fp64_cpu,no-dropout,0
torch.float64,4.002523899078369,1,2080ti,-0.023389210924506187,-0.04365961626172066,0,-0.07863208651542664,8192,0,"[-0.05204698147697186,-0.029884863758890958,-0.04599226100345978,-0.0413707161445869,-0.04397901868885331,-0.03601206348351599,-0.042808245310256,-0.05707665222169803]",b13958988a1cd5ae25f07dcdd40c064b61a26f32c47f5e563c7abb740cfe5371,"[64,2,64]",zoology/experiments/flash_vqg/scripts/20260629-01-flash-vqg-gate-logf-stability/outputs/round1e-6/2080ti/probe.json,0.007030486594885588,gate-logf-probe-s123-r1,fox_gate/logf_ref_fp64_cpu,no-dropout,0
torch.float32,4.002522945404053,1,2080ti,-0.023389000445604324,-0.04365961626172066,0,-0.07863199710845947,8192,0,"[-0.052046999335289,-0.029884999617934227,-0.04599199816584587,-0.041370999068021774,-0.04397900030016899,-0.03601200133562088,-0.04280799999833107,-0.05707699805498123]",52aa775c41af9cf1e47d60ebc54b4b6c42f0a001488c127a8f84565c31a06237,"[64,2,64]",zoology/experiments/flash_vqg/scripts/20260629-01-flash-vqg-gate-logf-stability/outputs/round1e-6/2080ti/probe.json,0.007030481938272715,gate-logf-probe-s123-r1,state_build/logf_all,no-dropout,0
torch.float32,45.25483322143555,1,2080ti,0.5,0.5,0,0.5,8192,0,"[0.5,0.5,0.5,0.5,0.5,0.5,0.5,0.5]",31c5bc096f4ebb31c881c9ed866d59e45c0e94073f7765ad6ea1cbf93d4e3b4f,"[64,2,64]",zoology/experiments/flash_vqg/scripts/20260629-01-flash-vqg-gate-logf-stability/outputs/round1e-6/2080ti/probe.json,0.0,gate-logf-probe-s123-r1,state_build/beta_all,no-dropout,0
torch.float32,5.067149639129639,1,2080ti,0.05239151045680046,0.0009069810621440411,0,-0.035667143762111664,1048576,0,"[0.0,0.0,0.0,0.0,0.0,0.0,0.0,0.0]",100ed638b76d37fd6b19d655609f39b41e7c08a1ed2142aafc104aff08d85316,"[64,2,2,64,64]",zoology/experiments/flash_vqg/scripts/20260629-01-flash-vqg-gate-logf-stability/outputs/round1e-6/2080ti/probe.json,0.004864579066634178,gate-logf-probe-s123-r1,state_build/G_state,no-dropout,0
torch.float32,25.248517990112305,1,2080ti,0.47071248292922974,0.13812081515789032,0,0.0,16384,0,"[0.0,0.0,0.0,0.0,0.0,0.0,0.0,0.0]",cc5a40f082b956a3ca14531a65ffa66c7d143d0e2271db4bdfa98daef13c37a4,"[64,2,2,64]",zoology/experiments/flash_vqg/scripts/20260629-01-flash-vqg-gate-logf-stability/outputs/round1e-6/2080ti/probe.json,0.14082539081573486,gate-logf-probe-s123-r1,state_build/L_state,no-dropout,0
torch.float32,6.691649436950684,1,2080ti,0.04979640245437622,5.044794306741096e-06,0,-0.05900086835026741,16777216,0,"[0.0,0.0,0.0,0.0,0.0,0.0,0.0,0.0]",06a6764afdd7b1e86964c842c03d49445101e9392d3242830f7f945f1b8981d2,"[64,2,2,64,64,16]",zoology/experiments/flash_vqg/scripts/20260629-01-flash-vqg-gate-logf-stability/outputs/round1e-6/2080ti/probe.json,0.0016343847382813692,gate-logf-probe-s123-r1,state_build/M_state,no-dropout,0
torch.float32,inf,1,2080ti,-1.0000000150474662e+30,-1.0000003172789211e+30,0,-1.0000000150474662e+30,524288,0,"[-1.0000000150474662e+30,-1.0000000150474662e+30,-1.0000000150474662e+30,-1.0000000150474662e+30,-1.0000000150474662e+30,-1.0000000150474662e+30,-1.0000000150474662e+30,-1.0000000150474662e+30]",61ce6a8cd370ca81c3f343145d521a45aac538ef8972e11b8dba8c5540f1eff2,"[64,2,2,32,64]",zoology/experiments/flash_vqg/scripts/20260629-01-flash-vqg-gate-logf-stability/outputs/round1e-6/2080ti/probe.json,3.022314549036573e+23,gate-logf-probe-s123-r1,phase2/S_far,no-dropout,0
torch.float32,25.824737548828125,1,2080ti,0.3810758590698242,0.006429946981370449,0,-0.1840706467628479,524288,0,"[0.07940109074115753,0.039708636701107025,-0.07384831458330154,-0.08339323848485947,-0.009571666829288006,-0.07319962978363037,0.1329384446144104,-0.10811452567577362]",9d04832d73e182f3b77f1c8aff49a88717c03c042e31d8573afd92405715ade1,"[64,2,2,32,64]",zoology/experiments/flash_vqg/scripts/20260629-01-flash-vqg-gate-logf-stability/outputs/round1e-6/2080ti/probe.json,0.035081565380096436,gate-logf-probe-s123-r1,phase2/O_base,no-dropout,0
torch.int64,90.5096664428711,1,2080ti,1.0,0.5,0,0.0,16384,0,"[1,0,1,0,1,0,1,0]",dc11edbaeecd85c2e2c82456db4232b7ddbbdfd7d6481b97eca720a60ac56f7c,"[64,2,2,32,2]",zoology/experiments/flash_vqg/scripts/20260629-01-flash-vqg-gate-logf-stability/outputs/round1e-6/2080ti/probe.json,0.5,gate-logf-probe-s123-r1,phase2_read/top_idx,no-dropout,0
torch.float32,inf,1,2080ti,-1.0000000150474662e+30,-1.0000001661631937e+30,0,-1.0000000150474662e+30,16384,0,"[-1.0000000150474662e+30,-1.0000000150474662e+30,-1.0000000150474662e+30,-1.0000000150474662e+30,-1.0000000150474662e+30,-1.0000000150474662e+30,-1.0000000150474662e+30,-1.0000000150474662e+30]",9a9fe1aa50ef523d738b70d1c4410771a1eebdba615eba1bac04c3b3539793cb,"[64,2,2,32,2]",zoology/experiments/flash_vqg/scripts/20260629-01-flash-vqg-gate-logf-stability/outputs/round1e-6/2080ti/probe.json,1.5111572745182865e+23,gate-logf-probe-s123-r1,phase2_read/top_scores,no-dropout,0
torch.float32,0.0,1,2080ti,0.0,0.0,0,0.0,16384,0,"[0.0,0.0,0.0,0.0,0.0,0.0,0.0,0.0]",85a80fae2f428310daf8e819aed8147d2ca75f273599d1da531939dbf3f55a7b,"[64,2,2,32,2]",zoology/experiments/flash_vqg/scripts/20260629-01-flash-vqg-gate-logf-stability/outputs/round1e-6/2080ti/probe.json,0.0,gate-logf-probe-s123-r1,phase2_read/top_probs,no-dropout,0
torch.float32,0.0,1,2080ti,0.0,0.0,0,0.0,16384,0,"[0.0,0.0,0.0,0.0,0.0,0.0,0.0,0.0]",85a80fae2f428310daf8e819aed8147d2ca75f273599d1da531939dbf3f55a7b,"[64,2,2,32,2]",zoology/experiments/flash_vqg/scripts/20260629-01-flash-vqg-gate-logf-stability/outputs/round1e-6/2080ti/probe.json,0.0,gate-logf-probe-s123-r1,phase2_read/omega_sel,no-dropout,0
torch.float32,0.0,1,2080ti,0.0,0.0,0,0.0,8192,0,"[0.0,0.0,0.0,0.0,0.0,0.0,0.0,0.0]",f8dbbb428d043d7769f8fef4e7717b8a7a9697ac9b6425b62cef8cbd4120f9b0,"[64,2,2,32]",zoology/experiments/flash_vqg/scripts/20260629-01-flash-vqg-gate-logf-stability/outputs/round1e-6/2080ti/probe.json,0.0,gate-logf-probe-s123-r1,phase2_read/read_selected_mass,no-dropout,0
torch.float32,0.0,1,2080ti,0.0,0.0,0,0.0,524288,0,"[0.0,0.0,0.0,0.0,0.0,0.0,0.0,0.0]",33f5081ccd747a947e389515e1c9cde8155433ffa6999a97fd86a1da6b73247a,"[64,2,2,32,64]",zoology/experiments/flash_vqg/scripts/20260629-01-flash-vqg-gate-logf-stability/outputs/round1e-6/2080ti/probe.json,0.0,gate-logf-probe-s123-r1,phase2_read/u_res,no-dropout,0
torch.float32,0.0,1,2080ti,0.0,0.0,0,0.0,524288,0,"[0.0,0.0,0.0,0.0,0.0,0.0,0.0,0.0]",33f5081ccd747a947e389515e1c9cde8155433ffa6999a97fd86a1da6b73247a,"[64,2,2,32,64]",zoology/experiments/flash_vqg/scripts/20260629-01-flash-vqg-gate-logf-stability/outputs/round1e-6/2080ti/probe.json,0.0,gate-logf-probe-s123-r1,phase2/O_res_added,no-dropout,0
torch.float32,25.824737548828125,1,2080ti,0.3810758590698242,0.006429946981370449,0,-0.1840706467628479,524288,0,"[0.07940109074115753,0.039708636701107025,-0.07384831458330154,-0.08339323848485947,-0.009571666829288006,-0.07319962978363037,0.1329384446144104,-0.10811452567577362]",9d04832d73e182f3b77f1c8aff49a88717c03c042e31d8573afd92405715ade1,"[64,2,2,32,64]",zoology/experiments/flash_vqg/scripts/20260629-01-flash-vqg-gate-logf-stability/outputs/round1e-6/2080ti/probe.json,0.035081565380096436,gate-logf-probe-s123-r1,phase2/Out_f32,no-dropout,0
torch.float32,25.824737548828125,1,2080ti,0.3810758590698242,0.006429946981370449,0,-0.1840706467628479,524288,0,"[0.07940109074115753,0.039708636701107025,-0.07384831458330154,-0.08339323848485947,-0.009571666829288006,-0.07319962978363037,0.1329384446144104,-0.10811452567577362]",e7f8b6f0e3d1fc5a3c717e8f70888f28a61cfe6130c4925af4cecb25e8fd19a6,"[64,2,64,64]",zoology/experiments/flash_vqg/scripts/20260629-01-flash-vqg-gate-logf-stability/outputs/round1e-6/2080ti/probe.json,0.035081565380096436,gate-logf-probe-s123-r1,output_proj/O_heads,no-dropout,0
torch.float32,83.50859832763672,1,2080ti,1.7408275604248047,0.0024012806825339794,0,-1.7503535747528076,524288,0,"[-0.19990679621696472,-0.00010660163388820365,-0.1854211390018463,0.040087029337882996,-0.004327393602579832,-0.012505988590419292,0.2003031075000763,0.19611649215221405]",3883d4b21f66871daa711432c7f9c5b560d598304d06ac954f2d29dd6d59e631,"[64,2,64,64]",zoology/experiments/flash_vqg/scripts/20260629-01-flash-vqg-gate-logf-stability/outputs/round1e-6/2080ti/probe.json,0.11530762165784836,gate-logf-probe-s123-r1,output_proj/o_heads,no-dropout,0
torch.float32,18.868906021118164,1,2080ti,0.13842160999774933,-0.00013265138841234148,0,-0.14551879465579987,524288,0,"[0.03996148332953453,-0.0033638705499470234,0.012420875951647758,0.04953775182366371,0.013684508390724659,0.001448249677196145,0.00022671140322927386,0.010053996928036213]",e237bb60846926ba8deb93046d4039a990a4a1044160272f3efd41c129e3e952,"[64,64,128]",zoology/experiments/flash_vqg/scripts/20260629-01-flash-vqg-gate-logf-stability/outputs/round1e-6/2080ti/probe.json,0.02605900913476944,gate-logf-probe-s123-r1,output_proj/res,no-dropout,0
torch.float32,1318.9432373046875,,2080ti,3.167426347732544,0.0002454897912684828,0,-1.1616417169570923,33554432,0,"[-0.3174777626991272,-0.15193472802639008,0.16587187349796295,0.04986667260527611,-0.08510883152484894,-0.003580532968044281,-0.0306699275970459,0.2924538850784302]",27b01f69c26c4d5a01207ced8efe2f4c98b9c9d811110dbdd34acc00a44d0f5e,"[64,64,8192]",zoology/experiments/flash_vqg/scripts/20260629-01-flash-vqg-gate-logf-stability/outputs/round1e-6/2080ti/probe.json,0.22817322611808777,gate-logf-probe-s123-r1,forward/logits,no-dropout,0
,,,2080ti,,,0,,,0,,d8ddeb731d5304875c304e1a27f22f52981e5e38d0995ec69bb6311ca8656683,,zoology/experiments/flash_vqg/scripts/20260629-01-flash-vqg-gate-logf-stability/outputs/round1e-6/2080ti/probe.json,,gate-logf-probe-s123-r1,forward/preds,no-dropout,0
float,10.871895790100098,,2080ti,10.871895790100098,10.871895790100098,0,10.871895790100098,1,0,[10.871895790100098],10.8718957901,[],zoology/experiments/flash_vqg/scripts/20260629-01-flash-vqg-gate-logf-stability/outputs/round1e-6/2080ti/probe.json,0,gate-logf-probe-s123-r1,forward/loss,no-dropout,0
torch.float32,362.0308532714844,1,2080ti,1.5838768482208252,0.001236818847246468,4,-1.5867429971694946,1048576,1,"[-0.16781866550445557,0.15289878845214844,-0.14045706391334534,-0.2837684452533722,0.21972858905792236,0.5104975700378418,0.16753049194812775,-0.30584272742271423]",0036b22a58ff86afa52758d1b0ad5b4a95bffb9df34847e4f182a2d3a8eeeba0,"[64,2,128,64]",zoology/experiments/flash_vqg/scripts/20260629-01-flash-vqg-gate-logf-stability/outputs/round1e-6/2080ti/probe.json,0.3535476326942444,gate-logf-probe-s123-r1,phase1/q_all,no-dropout,0
torch.float32,362.02740478515625,1,2080ti,1.5713348388671875,0.0006706534186378121,4,-1.6474305391311646,1048576,1,"[-0.1938035488128662,0.7514200210571289,0.2223307341337204,0.11302569508552551,0.40697890520095825,-0.2673981785774231,0.29450157284736633,-0.13487471640110016]",b729690b5604b7aad0a7e87cf0d1bd2ae1a2db32545fa5b9342e0778412af786,"[64,2,128,64]",zoology/experiments/flash_vqg/scripts/20260629-01-flash-vqg-gate-logf-stability/outputs/round1e-6/2080ti/probe.json,0.35354557633399963,gate-logf-probe-s123-r1,phase1/k_all,no-dropout,0
torch.float32,83.43161010742188,1,2080ti,0.6730841398239136,0.006443742662668228,4,-0.25756314396858215,1048576,1,"[-0.015544340014457703,-0.026559708639979362,0.13320209085941315,-0.006879172753542662,-0.04905560240149498,0.06787732988595963,-0.001003444311209023,0.027414187788963318]",3d01525808b9ab16032eb8fcb7ffd83a8dc01dcc0c842de5d887960fa0c5e1e4,"[64,2,128,64]",zoology/experiments/flash_vqg/scripts/20260629-01-flash-vqg-gate-logf-stability/outputs/round1e-6/2080ti/probe.json,0.0812217965722084,gate-logf-probe-s123-r1,phase1/v_all,no-dropout,0
torch.float32,231.66664123535156,1,2080ti,1.0589123964309692,0.0001943247189046815,4,-1.0625375509262085,1048576,1,"[-0.08521530777215958,0.129524365067482,0.33554476499557495,-0.0456986203789711,-0.054886188358068466,-0.06252770870923996,0.39019954204559326,0.10449978709220886]",91dbbc80f56370cc00446ee7701f5860864e0171e373a696589ca05f24caba94,"[64,2,128,64]",zoology/experiments/flash_vqg/scripts/20260629-01-flash-vqg-gate-logf-stability/outputs/round1e-6/2080ti/probe.json,0.22623968124389648,gate-logf-probe-s123-r1,phase1/g_raw_all,no-dropout,0
torch.float32,59.272762298583984,1,2080ti,0.2515985369682312,0.0017250282689929008,4,-0.25989165902137756,1048576,1,"[-0.00364987482316792,0.00839035864919424,0.035975586622953415,0.09793764352798462,0.07773036509752274,-0.07232163101434708,-0.03766924887895584,-0.09630037099123001]",9717331764446db8396502eb96d7780744c3d7b2de6c557aadd0ad7505b4ce06,"[64,2,128,64]",zoology/experiments/flash_vqg/scripts/20260629-01-flash-vqg-gate-logf-stability/outputs/round1e-6/2080ti/probe.json,0.05785837024450302,gate-logf-probe-s123-r1,phase1/K_q_all,no-dropout,0
torch.int32,4827.5693359375,1,2080ti,63.0,32.94061279296875,4,0.0,16384,1,"[45,44,11,12,8,38,38,18]",82329c28cf65d76fbfaed043bed516abfd248e06621c45d31ea7faac1b527eeb,"[64,2,128]",zoology/experiments/flash_vqg/scripts/20260629-01-flash-vqg-gate-logf-stability/outputs/round1e-6/2080ti/probe.json,18.367530822753906,gate-logf-probe-s123-r1,phase1/Delta_all,no-dropout,0
torch.float32,18.26567840576172,1,2080ti,0.1270075887441635,0.015624999068677425,4,0.0012780062388628721,1048576,1,"[0.015865027904510498,0.01981789991259575,0.013537714257836342,0.02663722075521946,0.025960814207792282,0.011286396533250809,0.01335559319704771,0.020802732557058334]",a9d63c1d789fc3aa7444d8001eccee8b4eda905b43f8aa726f5f19f17acf9262,"[64,2,128,64]",zoology/experiments/flash_vqg/scripts/20260629-01-flash-vqg-gate-logf-stability/outputs/round1e-6/2080ti/probe.json,0.008604529313743114,gate-logf-probe-s123-r1,phase1/W_all,no-dropout,0
torch.float32,1023.8927001953125,1,2080ti,4.965920925140381,4.643646752811037e-05,4,-4.675126075744629,1048576,1,"[-0.19563038647174835,-1.5131396055221558,-0.6157086491584778,-0.564282238483429,-0.2438252866268158,-0.151778906583786,-1.6145468950271606,0.43817389011383057]",e8747cf343c01ffb7df113c06819b8985a031dd897c9dd62d365dcfe9b9d09f7,"[64,128,128]",zoology/experiments/flash_vqg/scripts/20260629-01-flash-vqg-gate-logf-stability/outputs/round1e-6/2080ti/probe.json,0.9999063014984131,gate-logf-probe-s123-r1,fox_gate/input_x,no-dropout,0
torch.float32,28.601276397705078,1,2080ti,0.7909176349639893,-0.0010268425103276968,4,-0.9383195638656616,16384,1,"[-0.08283292502164841,-0.24170921742916107,0.09600936621427536,-0.11982794851064682,0.11765329539775848,-0.22514323890209198,0.01111658662557602,0.30522245168685913]",d0d881927a25715e77454874d655e56ed21d8f8dc94b9aadea61b0c7906a6aa4,"[64,2,128]",zoology/experiments/flash_vqg/scripts/20260629-01-flash-vqg-gate-logf-stability/outputs/round1e-6/2080ti/probe.json,0.2234451174736023,gate-logf-probe-s123-r1,fox_gate/logits_cuda,no-dropout,0
torch.float32,5.670083999633789,1,2080ti,-0.02336999960243702,-0.04374150186777115,4,-0.07928399741649628,16384,1,"[-0.04596399888396263,-0.051330000162124634,-0.04039299860596657,-0.0471780002117157,-0.03975300118327141,-0.05075300112366676,-0.04297500103712082,-0.034508999437093735]",5ceb50ff8ef8dc4d9c96a8802d9bd5e379b68b99aa3fe53a8613a0ff4c8a8fd8,"[64,2,128]",zoology/experiments/flash_vqg/scripts/20260629-01-flash-vqg-gate-logf-stability/outputs/round1e-6/2080ti/probe.json,0.006996635813266039,gate-logf-probe-s123-r1,fox_gate/logf_cuda,no-dropout,0
torch.float64,28.601276397705078,1,2080ti,0.7909178137779236,-0.0010268426267430186,4,-0.9383196234703064,16384,1,"[-0.08283297826490074,-0.2417092804413406,0.09600935719137917,-0.11982792297186744,0.11765336004643817,-0.22514323559442811,0.01111657354016133,0.3052223855502334]",d66a0f08ff82b513186c4746cb6a0c37ff2e5c146f3492e3e615b57fefedb48e,"[64,2,128]",zoology/experiments/flash_vqg/scripts/20260629-01-flash-vqg-gate-logf-stability/outputs/round1e-6/2080ti/probe.json,0.2234451174736023,gate-logf-probe-s123-r1,fox_gate/logits_ref_fp64_cpu,no-dropout,0
torch.float64,5.6700849533081055,1,2080ti,-0.023370325565338135,-0.04374150186777115,4,-0.07928420603275299,16384,1,"[-0.04596381796221076,-0.05133043963696318,-0.040393392767441014,-0.0471784319152876,-0.0397531120394465,-0.05075260284763633,-0.04297527131163969,-0.03450850949648511]",bdc788e921c20e491ccc2412e2a7fca5c9fac33e870ac890c704943e80652930,"[64,2,128]",zoology/experiments/flash_vqg/scripts/20260629-01-flash-vqg-gate-logf-stability/outputs/round1e-6/2080ti/probe.json,0.006996637675911188,gate-logf-probe-s123-r1,fox_gate/logf_ref_fp64_cpu,no-dropout,0
torch.float32,5.670083999633789,1,2080ti,-0.02336999960243702,-0.04374150186777115,4,-0.07928399741649628,16384,1,"[-0.04596399888396263,-0.051330000162124634,-0.04039299860596657,-0.0471780002117157,-0.03975300118327141,-0.05075300112366676,-0.04297500103712082,-0.034508999437093735]",5ceb50ff8ef8dc4d9c96a8802d9bd5e379b68b99aa3fe53a8613a0ff4c8a8fd8,"[64,2,128]",zoology/experiments/flash_vqg/scripts/20260629-01-flash-vqg-gate-logf-stability/outputs/round1e-6/2080ti/probe.json,0.006996635813266039,gate-logf-probe-s123-r1,state_build/logf_all,no-dropout,0
torch.float32,63.97881317138672,1,2080ti,0.5108117461204529,0.49982672929763794,4,0.49036338925361633,16384,1,"[0.5017619729042053,0.5013791918754578,0.5019950270652771,0.4984910786151886,0.5021465420722961,0.5043880939483643,0.4984797239303589,0.5018172264099121]",75925eed624bb963a116f1d22ad6fb14381aedd6b11981be6891dc3b766cb6a2,"[64,2,128]",zoology/experiments/flash_vqg/scripts/20260629-01-flash-vqg-gate-logf-stability/outputs/round1e-6/2080ti/probe.json,0.002783245872706175,gate-logf-probe-s123-r1,state_build/beta_all,no-dropout,0
torch.float32,9.228867530822754,1,2080ti,0.05635643005371094,0.0015999403549358249,4,-0.04062728211283684,2097152,1,"[0.0,0.0,0.0,0.0,0.0,0.0,0.0,0.0]",60fcdfcfa7e04257ffcbdbc3f081d5ee5e7190058e39e436904b10b6ad6fa2bf,"[64,2,4,64,64]",zoology/experiments/flash_vqg/scripts/20260629-01-flash-vqg-gate-logf-stability/outputs/round1e-6/2080ti/probe.json,0.006168912630528212,gate-logf-probe-s123-r1,state_build/G_state,no-dropout,0
torch.float32,51.8153076171875,1,2080ti,0.614585280418396,0.24426695704460144,4,0.0,32768,1,"[0.0,0.0,0.0,0.0,0.0,0.0,0.0,0.0]",d78de2b3c6848b69e6e4b53d5aaabb7eb5287a970cb23256aa285b1058f4b434,"[64,2,4,64]",zoology/experiments/flash_vqg/scripts/20260629-01-flash-vqg-gate-logf-stability/outputs/round1e-6/2080ti/probe.json,0.14922483265399933,gate-logf-probe-s123-r1,state_build/L_state,no-dropout,0
torch.float32,11.967730522155762,1,2080ti,0.05693592131137848,7.825231477909256e-06,4,-0.06407801061868668,33554432,1,"[0.0,0.0,0.0,0.0,0.0,0.0,0.0,0.0]",23323e1ddc21bdc9a344efa8c3cce2ddacd574459e25def27eb8b2df0f30f5d6,"[64,2,4,64,64,16]",zoology/experiments/flash_vqg/scripts/20260629-01-flash-vqg-gate-logf-stability/outputs/round1e-6/2080ti/probe.json,0.002070352900773287,gate-logf-probe-s123-r1,state_build/M_state,no-dropout,0
torch.float32,inf,1,2080ti,1.4194047451019287,-5.000000075237331e+29,4,-1.0000000150474662e+30,1048576,1,"[-1.0000000150474662e+30,-1.0000000150474662e+30,-1.0000000150474662e+30,-1.0000000150474662e+30,-1.0000000150474662e+30,-1.0000000150474662e+30,-1.0000000150474662e+30,-1.0000000150474662e+30]",0ad276302493d73ee8171a8d5e429c2abea93db25065006a3752281b8b2507ae,"[64,2,4,32,64]",zoology/experiments/flash_vqg/scripts/20260629-01-flash-vqg-gate-logf-stability/outputs/round1e-6/2080ti/probe.json,5.000000075237331e+29,gate-logf-probe-s123-r1,phase2/S_far,no-dropout,0
torch.float32,30.939090728759766,1,2080ti,0.31244733929634094,0.006402121856808662,4,-0.188277468085289,1048576,1,"[-0.015544340014457703,-0.026559708639979362,0.13320209085941315,-0.006879172753542662,-0.04905560240149498,0.06787732988595963,-0.001003444311209023,0.027414187788963318]",89b2d1937c089bef75886aa98d856c0b449d7136b615054200b7385276e447d0,"[64,2,4,32,64]",zoology/experiments/flash_vqg/scripts/20260629-01-flash-vqg-gate-logf-stability/outputs/round1e-6/2080ti/probe.json,0.029528290033340454,gate-logf-probe-s123-r1,phase2/O_base,no-dropout,0
torch.int64,4696.6640625,1,2080ti,63.0,16.1893310546875,4,0.0,32768,1,"[1,0,1,0,1,0,1,0]",588f4426ac977d3a9f5f595919e7be6b55b0f94438e50f1049ecc782d5eb1abb,"[64,2,4,32,2]",zoology/experiments/flash_vqg/scripts/20260629-01-flash-vqg-gate-logf-stability/outputs/round1e-6/2080ti/probe.json,20.275161743164062,gate-logf-probe-s123-r1,phase2_read/top_idx,no-dropout,0
torch.float32,inf,1,2080ti,1.4194047451019287,-5.000000075237331e+29,4,-1.0000000150474662e+30,32768,1,"[-1.0000000150474662e+30,-1.0000000150474662e+30,-1.0000000150474662e+30,-1.0000000150474662e+30,-1.0000000150474662e+30,-1.0000000150474662e+30,-1.0000000150474662e+30,-1.0000000150474662e+30]",08e822384511ed2fae97425245b956609e180de929f02ab594d3fa097eb42f7f,"[64,2,4,32,2]",zoology/experiments/flash_vqg/scripts/20260629-01-flash-vqg-gate-logf-stability/outputs/round1e-6/2080ti/probe.json,5.000000075237331e+29,gate-logf-probe-s123-r1,phase2_read/top_scores,no-dropout,0
torch.float32,12.124396324157715,1,2080ti,0.518816351890564,0.0438222773373127,4,0.0,32768,1,"[0.0,0.0,0.0,0.0,0.0,0.0,0.0,0.0]",4abccdedf10858c413e125e1c75dfdea82ab97b062ffd0ea348f26fe093681d0,"[64,2,4,32,2]",zoology/experiments/flash_vqg/scripts/20260629-01-flash-vqg-gate-logf-stability/outputs/round1e-6/2080ti/probe.json,0.05065294727683067,gate-logf-probe-s123-r1,phase2_read/top_probs,no-dropout,0
torch.float32,1.6561294794082642,1,2080ti,0.12434086948633194,0.005246057640761137,4,0.0,32768,1,"[0.0,0.0,0.0,0.0,0.0,0.0,0.0,0.0]",466e600acb22b615c49a1526d81536d00835ad9271d046e2539ace971fece82f,"[64,2,4,32,2]",zoology/experiments/flash_vqg/scripts/20260629-01-flash-vqg-gate-logf-stability/outputs/round1e-6/2080ti/probe.json,0.007495427038520575,gate-logf-probe-s123-r1,phase2_read/omega_sel,no-dropout,0
torch.float32,2.2488296031951904,1,2080ti,0.155207559466362,0.010492115281522274,4,0.0,16384,1,"[0.0,0.0,0.0,0.0,0.0,0.0,0.0,0.0]",eac94673fab83408c734924b5153184df1b71311acdd9126abde1f0beb99781f,"[64,2,4,32]",zoology/experiments/flash_vqg/scripts/20260629-01-flash-vqg-gate-logf-stability/outputs/round1e-6/2080ti/probe.json,0.014092008583247662,gate-logf-probe-s123-r1,phase2_read/read_selected_mass,no-dropout,0
torch.float32,0.06817717105150223,1,2080ti,0.0043073128908872604,2.425982074782951e-06,4,-0.0016756359254941344,1048576,1,"[0.0,0.0,0.0,0.0,0.0,0.0,0.0,0.0]",ef077be5acbe53bb0fcd484f1ec0b892a474fe6e3129e030837ecc8088b20717,"[64,2,4,32,64]",zoology/experiments/flash_vqg/scripts/20260629-01-flash-vqg-gate-logf-stability/outputs/round1e-6/2080ti/probe.json,6.65359475533478e-05,gate-logf-probe-s123-r1,phase2_read/u_res,no-dropout,0
torch.float32,3.2674458026885986,1,2080ti,0.14664462208747864,0.00011916106450371444,4,-0.06589657813310623,1048576,1,"[0.0,0.0,0.0,0.0,0.0,0.0,0.0,0.0]",eb4c9a8ec0e50c08b818dfc0d48a06b0804ca62f9112d467b23a686604aa2638,"[64,2,4,32,64]",zoology/experiments/flash_vqg/scripts/20260629-01-flash-vqg-gate-logf-stability/outputs/round1e-6/2080ti/probe.json,0.0031886824872344732,gate-logf-probe-s123-r1,phase2/O_res_added,no-dropout,0
torch.float32,31.248836517333984,1,2080ti,0.31244733929634094,0.006521282717585564,4,-0.188277468085289,1048576,1,"[-0.015544340014457703,-0.026559708639979362,0.13320209085941315,-0.006879172753542662,-0.04905560240149498,0.06787732988595963,-0.001003444311209023,0.027414187788963318]",781b10fcac077f325d5001144705c08bf9c2d89d28142a8594bbfec3f045bc0a,"[64,2,4,32,64]",zoology/experiments/flash_vqg/scripts/20260629-01-flash-vqg-gate-logf-stability/outputs/round1e-6/2080ti/probe.json,0.029811866581439972,gate-logf-probe-s123-r1,phase2/Out_f32,no-dropout,0
torch.float32,31.248836517333984,1,2080ti,0.31244733929634094,0.006521282717585564,4,-0.188277468085289,1048576,1,"[-0.015544340014457703,-0.026559708639979362,0.13320209085941315,-0.006879172753542662,-0.04905560240149498,0.06787732988595963,-0.001003444311209023,0.027414187788963318]",968252936685dc1f6223ec4e478821aefe6d658c96930943527decbfb46122a3,"[64,2,128,64]",zoology/experiments/flash_vqg/scripts/20260629-01-flash-vqg-gate-logf-stability/outputs/round1e-6/2080ti/probe.json,0.029811866581439972,gate-logf-probe-s123-r1,output_proj/O_heads,no-dropout,0
torch.float32,117.7704849243164,1,2080ti,2.079576015472412,0.0030057630501687527,4,-1.526729941368103,1048576,1,"[0.011408969759941101,-0.03301500529050827,0.4697655141353607,0.0027634913567453623,0.023604383692145348,-0.036988142877817154,-0.004200992174446583,0.027117231860756874]",a81a559cb9caf49994689551c347281181572296b0f6596472bad1668c1228a0,"[64,2,128,64]",zoology/experiments/flash_vqg/scripts/20260629-01-flash-vqg-gate-logf-stability/outputs/round1e-6/2080ti/probe.json,0.11497461795806885,gate-logf-probe-s123-r1,output_proj/o_heads,no-dropout,0
torch.float32,26.65696907043457,1,2080ti,0.13693372905254364,-8.608130883658305e-05,4,-0.15185491740703583,1048576,1,"[0.012983527034521103,0.017023466527462006,0.006250470876693726,-0.039373211562633514,-0.025090735405683517,-0.03997539356350899,-0.03861890733242035,0.006430498789995909]",7d6f6faf606e4ec32c31fbf269d8e132db9f9d4c8c5bfdb777d1aa1afe1b56eb,"[64,128,128]",zoology/experiments/flash_vqg/scripts/20260629-01-flash-vqg-gate-logf-stability/outputs/round1e-6/2080ti/probe.json,0.026032375171780586,gate-logf-probe-s123-r1,output_proj/res,no-dropout,0
torch.float32,1851.4136962890625,,2080ti,3.151853322982788,0.00138530891854316,4,-1.249927043914795,67108864,1,"[0.250043660402298,-0.1253163069486618,-0.2158806473016739,0.4429210126399994,-0.4351252615451813,-0.20865215361118317,-0.011155092157423496,0.02996494062244892]",59942244af7ceea7771793cf8e17b1c607c9f0e2ee53b38fd6ecc35ad62618c0,"[64,128,8192]",zoology/experiments/flash_vqg/scripts/20260629-01-flash-vqg-gate-logf-stability/outputs/round1e-6/2080ti/probe.json,0.22733858227729797,gate-logf-probe-s123-r1,forward/logits,no-dropout,0
,,,2080ti,,,4,,,1,,e915ec4f426b11c78269b02ef717ac73ba4bd6633a6e7f8f10fdaec75ac857bd,,zoology/experiments/flash_vqg/scripts/20260629-01-flash-vqg-gate-logf-stability/outputs/round1e-6/2080ti/probe.json,,gate-logf-probe-s123-r1,forward/preds,no-dropout,0
float,10.823697090148926,,2080ti,10.823697090148926,10.823697090148926,4,10.823697090148926,1,1,[10.823697090148926],10.8236970901,[],zoology/experiments/flash_vqg/scripts/20260629-01-flash-vqg-gate-logf-stability/outputs/round1e-6/2080ti/probe.json,0,gate-logf-probe-s123-r1,forward/loss,no-dropout,0
torch.float32,255.99632263183594,1,2080ti,1.4654674530029297,0.002389532048255205,16,-1.5354399681091309,524288,4,"[-1.2898255586624146,-0.09237995743751526,0.044211942702531815,0.4779367446899414,-0.015282406471669674,0.22324249148368835,-0.3816741108894348,0.05233060196042061]",5fbac9f0ab2c020178d6b6e4f5937956e120dbba1228e6ab4e7227de13818c55,"[64,2,64,64]",zoology/experiments/flash_vqg/scripts/20260629-01-flash-vqg-gate-logf-stability/outputs/round1e-6/2080ti/probe.json,0.3535417318344116,gate-logf-probe-s123-r1,phase1/q_all,no-dropout,0
torch.float32,255.99415588378906,1,2080ti,1.5119333267211914,0.0006959406309761107,16,-1.4341648817062378,524288,4,"[-0.014613333158195019,-0.4192252457141876,0.10734865069389343,0.3875780403614044,0.6292592287063599,-0.011795186437666416,-0.09897603839635849,0.34886184334754944]",31cf2cf0d21e52de98f07df9a5cf3c66e7d1c24c13798c6b7c99df102580bf62,"[64,2,64,64]",zoology/experiments/flash_vqg/scripts/20260629-01-flash-vqg-gate-logf-stability/outputs/round1e-6/2080ti/probe.json,0.3535459041595459,gate-logf-probe-s123-r1,phase1/k_all,no-dropout,0
torch.float32,59.423614501953125,1,2080ti,0.558718740940094,0.00662977434694767,16,-0.23941925168037415,524288,4,"[0.0363055095076561,0.03365476056933403,-0.0014246954815462232,0.04859038069844246,-0.02610350400209427,0.05406433716416359,0.07096214592456818,-0.04246623069047928]",4b9192cace8803f5e02989d4b3dc768326eb56741a90b02dc6290a99fd38234f,"[64,2,64,64]",zoology/experiments/flash_vqg/scripts/20260629-01-flash-vqg-gate-logf-stability/outputs/round1e-6/2080ti/probe.json,0.08180012553930283,gate-logf-probe-s123-r1,phase1/v_all,no-dropout,0
torch.float32,164.4031219482422,1,2080ti,1.0402847528457642,8.373178570764139e-05,16,-1.0989205837249756,524288,4,"[-0.055979516357183456,-0.060355670750141144,-0.06590742617845535,-0.006768218707293272,-0.33864301443099976,-0.13862767815589905,0.40808573365211487,0.14066846668720245]",004badcc80fe4bba8964eb4e47bcb5f2c550cb7ace14744246f8787893abab1c,"[64,2,64,64]",zoology/experiments/flash_vqg/scripts/20260629-01-flash-vqg-gate-logf-stability/outputs/round1e-6/2080ti/probe.json,0.22705279290676117,gate-logf-probe-s123-r1,phase1/g_raw_all,no-dropout,0
torch.float32,44.95454788208008,1,2080ti,0.2843736410140991,0.0017287025693804026,16,-0.2676342725753784,524288,4,"[0.02679426781833172,-0.05963430926203728,0.03888237103819847,0.09451742470264435,0.11253677308559418,-0.051080796867609024,-0.0607973150908947,-0.07243676483631134]",2a41336a732bb37a088bc014553890441a970d3c2ccce9e5df944ae66d420089,"[64,2,64,64]",zoology/experiments/flash_vqg/scripts/20260629-01-flash-vqg-gate-logf-stability/outputs/round1e-6/2080ti/probe.json,0.062061455100774765,gate-logf-probe-s123-r1,phase1/K_q_all,no-dropout,0
torch.int32,3382.143310546875,1,2080ti,63.0,32.605712890625,16,0.0,8192,4,"[12,26,20,20,59,36,25,46]",2563cc81e99a2d667d4e347978a2890542218ed9eeefa74ace78428bfcfec669,"[64,2,64]",zoology/experiments/flash_vqg/scripts/20260629-01-flash-vqg-gate-logf-stability/outputs/round1e-6/2080ti/probe.json,18.254228591918945,gate-logf-probe-s123-r1,phase1/Delta_all,no-dropout,0
torch.float32,13.353937149047852,1,2080ti,0.14052274823188782,0.015625,16,0.0012671872973442078,524288,4,"[0.020792368799448013,0.017543040215969086,0.017525430768728256,0.019577398896217346,0.009495443664491177,0.016027454286813736,0.020636577159166336,0.011751784943044186]",f3953924e136ced901f976bacffb6f90e2fad9af048a7201324a2f9c267170f2,"[64,2,64,64]",zoology/experiments/flash_vqg/scripts/20260629-01-flash-vqg-gate-logf-stability/outputs/round1e-6/2080ti/probe.json,0.009797599166631699,gate-logf-probe-s123-r1,phase1/W_all,no-dropout,0
torch.float32,723.9485473632812,1,2080ti,4.605464458465576,0.00017793051665648818,16,-4.666498184204102,524288,4,"[-0.9888041615486145,0.2436339408159256,-0.17303891479969025,0.016993308439850807,-0.45242440700531006,1.5978374481201172,-2.3119099140167236,0.09108109772205353]",980c9c80141dcfb7a925dc8c489eccb93672e006fface40fd07d120f6bb9720a,"[64,64,128]",zoology/experiments/flash_vqg/scripts/20260629-01-flash-vqg-gate-logf-stability/outputs/round1e-6/2080ti/probe.json,0.9998248815536499,gate-logf-probe-s123-r1,fox_gate/input_x,no-dropout,0
torch.float32,20.52471923828125,1,2080ti,0.8310165405273438,-0.005933369044214487,16,-0.924950361251831,8192,4,"[-0.31519609689712524,-0.24865423142910004,-0.3487228751182556,0.05230415612459183,-0.34519755840301514,-0.1447761058807373,-0.0852307379245758,-0.19949746131896973]",2281e8f9febf1d3bf00e5b58a7c275bdbbfdf57949dafd105b29eeff4f672db9,"[64,2,64]",zoology/experiments/flash_vqg/scripts/20260629-01-flash-vqg-gate-logf-stability/outputs/round1e-6/2080ti/probe.json,0.2266906052827835,gate-logf-probe-s123-r1,fox_gate/logits_cuda,no-dropout,0
torch.float32,4.0256733894348145,1,2080ti,-0.022599000483751297,-0.043906353414058685,16,-0.07868500053882599,8192,4,"[-0.05394500121474266,-0.05157399922609329,-0.05516500025987625,-0.04170899838209152,-0.055034998804330826,-0.048009999096393585,-0.04604199901223183,-0.049865998327732086]",34a829ad2602c0cf351344434c6bf3e38bd8cb2c744892c01618db54bd2e42b8,"[64,2,64]",zoology/experiments/flash_vqg/scripts/20260629-01-flash-vqg-gate-logf-stability/outputs/round1e-6/2080ti/probe.json,0.007106965407729149,gate-logf-probe-s123-r1,fox_gate/logf_cuda,no-dropout,0
torch.float64,20.524717330932617,1,2080ti,0.8310166001319885,-0.005933369509875774,16,-0.9249503016471863,8192,4,"[-0.31519609685763567,-0.24865424997627403,-0.34872290736824385,0.05230419383790498,-0.34519749846832865,-0.144776111312186,-0.08523076129524093,-0.19949745189801715]",e796998fb5128056005b2ae9d784f30ee248e337dbbb91579c64d4060705f13e,"[64,2,64]",zoology/experiments/flash_vqg/scripts/20260629-01-flash-vqg-gate-logf-stability/outputs/round1e-6/2080ti/probe.json,0.2266906052827835,gate-logf-probe-s123-r1,fox_gate/logits_ref_fp64_cpu,no-dropout,0
torch.float64,4.025672912597656,1,2080ti,-0.022599201649427414,-0.043906353414058685,16,-0.07868475466966629,8192,4,"[-0.05394454577353991,-0.051573943358223406,-0.05516457426238173,-0.04170856317215385,-0.055035482553318596,-0.048009560409317364,-0.046041895114483936,-0.04986641141288014]",f93b8ed5df204a3aa19062d54b2c6d8ad9109724237158f717532efb72627913,"[64,2,64]",zoology/experiments/flash_vqg/scripts/20260629-01-flash-vqg-gate-logf-stability/outputs/round1e-6/2080ti/probe.json,0.007106960751116276,gate-logf-probe-s123-r1,fox_gate/logf_ref_fp64_cpu,no-dropout,0
torch.float32,4.0256733894348145,1,2080ti,-0.022599000483751297,-0.043906353414058685,16,-0.07868500053882599,8192,4,"[-0.05394500121474266,-0.05157399922609329,-0.05516500025987625,-0.04170899838209152,-0.055034998804330826,-0.048009999096393585,-0.04604199901223183,-0.049865998327732086]",34a829ad2602c0cf351344434c6bf3e38bd8cb2c744892c01618db54bd2e42b8,"[64,2,64]",zoology/experiments/flash_vqg/scripts/20260629-01-flash-vqg-gate-logf-stability/outputs/round1e-6/2080ti/probe.json,0.007106965407729149,gate-logf-probe-s123-r1,state_build/logf_all,no-dropout,0
torch.float32,45.27908706665039,1,2080ti,0.5242708921432495,0.5002332925796509,16,0.47818684577941895,8192,4,"[0.5109211206436157,0.4941251277923584,0.4995640814304352,0.5021540522575378,0.49508029222488403,0.49337509274482727,0.4989183843135834,0.4955058693885803]",153d8fc7635223c7738df90d565673b07e21335d9ecdded762e7381f85245abc,"[64,2,64]",zoology/experiments/flash_vqg/scripts/20260629-01-flash-vqg-gate-logf-stability/outputs/round1e-6/2080ti/probe.json,0.005890891887247562,gate-logf-probe-s123-r1,state_build/beta_all,no-dropout,0
torch.float32,5.571156024932861,1,2080ti,0.057712554931640625,0.000891110219527036,16,-0.04411220923066139,1048576,4,"[0.0,0.0,0.0,0.0,0.0,0.0,0.0,0.0]",b14140d4f18ce8840b955a7916839f2e53f343dd5ac0963cfd061898adcbc2ec,"[64,2,2,64,64]",zoology/experiments/flash_vqg/scripts/20260629-01-flash-vqg-gate-logf-stability/outputs/round1e-6/2080ti/probe.json,0.005367126315832138,gate-logf-probe-s123-r1,state_build/G_state,no-dropout,0
torch.float32,25.3120059967041,1,2080ti,0.5760976076126099,0.13739606738090515,16,0.0,16384,4,"[0.0,0.0,0.0,0.0,0.0,0.0,0.0,0.0]",f24ca491840f023f2653e079a09ec8db765caf7d329548156a42ef01175703c0,"[64,2,2,64]",zoology/experiments/flash_vqg/scripts/20260629-01-flash-vqg-gate-logf-stability/outputs/round1e-6/2080ti/probe.json,0.1422230452299118,gate-logf-probe-s123-r1,state_build/L_state,no-dropout,0
torch.float32,6.793667793273926,1,2080ti,0.04897484928369522,3.4236718420288526e-06,16,-0.04978039115667343,16777216,4,"[0.0,0.0,0.0,0.0,0.0,0.0,0.0,0.0]",0ad0714aa3c3e603a3025f1042e1dfac206c0b47b8dc3af408aec4a2e7438072,"[64,2,2,64,64,16]",zoology/experiments/flash_vqg/scripts/20260629-01-flash-vqg-gate-logf-stability/outputs/round1e-6/2080ti/probe.json,0.0016592871397733688,gate-logf-probe-s123-r1,state_build/M_state,no-dropout,0
torch.float32,inf,1,2080ti,-1.0000000150474662e+30,-1.0000003172789211e+30,16,-1.0000000150474662e+30,524288,4,"[-1.0000000150474662e+30,-1.0000000150474662e+30,-1.0000000150474662e+30,-1.0000000150474662e+30,-1.0000000150474662e+30,-1.0000000150474662e+30,-1.0000000150474662e+30,-1.0000000150474662e+30]",61ce6a8cd370ca81c3f343145d521a45aac538ef8972e11b8dba8c5540f1eff2,"[64,2,2,32,64]",zoology/experiments/flash_vqg/scripts/20260629-01-flash-vqg-gate-logf-stability/outputs/round1e-6/2080ti/probe.json,3.022314549036573e+23,gate-logf-probe-s123-r1,phase2/S_far,no-dropout,0
torch.float32,26.517709732055664,1,2080ti,0.3172019422054291,0.006568690296262503,16,-0.19890104234218597,524288,4,"[0.0363055095076561,0.03365476056933403,-0.0014246954815462232,0.04859038069844246,-0.02610350400209427,0.05406433716416359,0.07096214592456818,-0.04246623069047928]",5fa5194d0f9a03fd22b9654425ce197f8dd6d9956cba84097ff256c14d361203,"[64,2,2,32,64]",zoology/experiments/flash_vqg/scripts/20260629-01-flash-vqg-gate-logf-stability/outputs/round1e-6/2080ti/probe.json,0.03602902963757515,gate-logf-probe-s123-r1,phase2/O_base,no-dropout,0
torch.int64,90.5096664428711,1,2080ti,1.0,0.5,16,0.0,16384,4,"[1,0,1,0,1,0,1,0]",dc11edbaeecd85c2e2c82456db4232b7ddbbdfd7d6481b97eca720a60ac56f7c,"[64,2,2,32,2]",zoology/experiments/flash_vqg/scripts/20260629-01-flash-vqg-gate-logf-stability/outputs/round1e-6/2080ti/probe.json,0.5,gate-logf-probe-s123-r1,phase2_read/top_idx,no-dropout,0
torch.float32,inf,1,2080ti,-1.0000000150474662e+30,-1.0000001661631937e+30,16,-1.0000000150474662e+30,16384,4,"[-1.0000000150474662e+30,-1.0000000150474662e+30,-1.0000000150474662e+30,-1.0000000150474662e+30,-1.0000000150474662e+30,-1.0000000150474662e+30,-1.0000000150474662e+30,-1.0000000150474662e+30]",9a9fe1aa50ef523d738b70d1c4410771a1eebdba615eba1bac04c3b3539793cb,"[64,2,2,32,2]",zoology/experiments/flash_vqg/scripts/20260629-01-flash-vqg-gate-logf-stability/outputs/round1e-6/2080ti/probe.json,1.5111572745182865e+23,gate-logf-probe-s123-r1,phase2_read/top_scores,no-dropout,0
torch.float32,0.0,1,2080ti,0.0,0.0,16,0.0,16384,4,"[0.0,0.0,0.0,0.0,0.0,0.0,0.0,0.0]",85a80fae2f428310daf8e819aed8147d2ca75f273599d1da531939dbf3f55a7b,"[64,2,2,32,2]",zoology/experiments/flash_vqg/scripts/20260629-01-flash-vqg-gate-logf-stability/outputs/round1e-6/2080ti/probe.json,0.0,gate-logf-probe-s123-r1,phase2_read/top_probs,no-dropout,0
torch.float32,0.0,1,2080ti,0.0,0.0,16,0.0,16384,4,"[0.0,0.0,0.0,0.0,0.0,0.0,0.0,0.0]",85a80fae2f428310daf8e819aed8147d2ca75f273599d1da531939dbf3f55a7b,"[64,2,2,32,2]",zoology/experiments/flash_vqg/scripts/20260629-01-flash-vqg-gate-logf-stability/outputs/round1e-6/2080ti/probe.json,0.0,gate-logf-probe-s123-r1,phase2_read/omega_sel,no-dropout,0
torch.float32,0.0,1,2080ti,0.0,0.0,16,0.0,8192,4,"[0.0,0.0,0.0,0.0,0.0,0.0,0.0,0.0]",f8dbbb428d043d7769f8fef4e7717b8a7a9697ac9b6425b62cef8cbd4120f9b0,"[64,2,2,32]",zoology/experiments/flash_vqg/scripts/20260629-01-flash-vqg-gate-logf-stability/outputs/round1e-6/2080ti/probe.json,0.0,gate-logf-probe-s123-r1,phase2_read/read_selected_mass,no-dropout,0
torch.float32,0.0,1,2080ti,0.0,0.0,16,0.0,524288,4,"[0.0,0.0,0.0,0.0,0.0,0.0,0.0,0.0]",33f5081ccd747a947e389515e1c9cde8155433ffa6999a97fd86a1da6b73247a,"[64,2,2,32,64]",zoology/experiments/flash_vqg/scripts/20260629-01-flash-vqg-gate-logf-stability/outputs/round1e-6/2080ti/probe.json,0.0,gate-logf-probe-s123-r1,phase2_read/u_res,no-dropout,0
torch.float32,0.0,1,2080ti,0.0,0.0,16,0.0,524288,4,"[0.0,0.0,0.0,0.0,0.0,0.0,0.0,0.0]",33f5081ccd747a947e389515e1c9cde8155433ffa6999a97fd86a1da6b73247a,"[64,2,2,32,64]",zoology/experiments/flash_vqg/scripts/20260629-01-flash-vqg-gate-logf-stability/outputs/round1e-6/2080ti/probe.json,0.0,gate-logf-probe-s123-r1,phase2/O_res_added,no-dropout,0
torch.float32,26.517709732055664,1,2080ti,0.3172019422054291,0.006568690296262503,16,-0.19890104234218597,524288,4,"[0.0363055095076561,0.03365476056933403,-0.0014246954815462232,0.04859038069844246,-0.02610350400209427,0.05406433716416359,0.07096214592456818,-0.04246623069047928]",5fa5194d0f9a03fd22b9654425ce197f8dd6d9956cba84097ff256c14d361203,"[64,2,2,32,64]",zoology/experiments/flash_vqg/scripts/20260629-01-flash-vqg-gate-logf-stability/outputs/round1e-6/2080ti/probe.json,0.03602902963757515,gate-logf-probe-s123-r1,phase2/Out_f32,no-dropout,0
torch.float32,26.517709732055664,1,2080ti,0.3172019422054291,0.006568690296262503,16,-0.19890104234218597,524288,4,"[0.0363055095076561,0.03365476056933403,-0.0014246954815462232,0.04859038069844246,-0.02610350400209427,0.05406433716416359,0.07096214592456818,-0.04246623069047928]",a701d603ecee41a85b1f5dc3a10d682c2899fb5d55ce7800f62e2ba17a149ad4,"[64,2,64,64]",zoology/experiments/flash_vqg/scripts/20260629-01-flash-vqg-gate-logf-stability/outputs/round1e-6/2080ti/probe.json,0.03602902963757515,gate-logf-probe-s123-r1,output_proj/O_heads,no-dropout,0
torch.float32,83.54646301269531,1,2080ti,1.7350183725357056,0.003068780992180109,16,-1.2567529678344727,524288,4,"[-0.019672108814120293,-0.019649045541882515,0.0009039645083248615,-0.0032588045578449965,0.07354217022657394,-0.06932924687862396,0.3460569977760315,-0.06361117959022522]",8969b088d3a76be1b38dadfdd55940552afbd93115df7a68929ed558250e6835,"[64,2,64,64]",zoology/experiments/flash_vqg/scripts/20260629-01-flash-vqg-gate-logf-stability/outputs/round1e-6/2080ti/probe.json,0.11534398049116135,gate-logf-probe-s123-r1,output_proj/o_heads,no-dropout,0
torch.float32,19.035053253173828,1,2080ti,0.1364869624376297,6.994610885158181e-06,16,-0.15835002064704895,524288,4,"[0.010070365853607655,0.028161685913801193,0.044153809547424316,-0.014323347248136997,-0.025763198733329773,-0.023505646735429764,0.051914993673563004,-0.02199672721326351]",08f3b370b0fac94928ec7a1466a891626abeda7c6ad5aa3d3d771a6a56f24c08,"[64,64,128]",zoology/experiments/flash_vqg/scripts/20260629-01-flash-vqg-gate-logf-stability/outputs/round1e-6/2080ti/probe.json,0.026288794353604317,gate-logf-probe-s123-r1,output_proj/res,no-dropout,0
torch.float32,1316.5570068359375,,2080ti,3.0274007320404053,0.008713483810424805,16,-1.1750695705413818,33554432,4,"[0.007214101497083902,0.5792781114578247,0.03967440128326416,-0.20737625658512115,0.08488896489143372,0.317354679107666,0.18229247629642487,0.02982407435774803]",68a75e0e82fce5d3c622f45e6b7bee8096f268d0878ed847103bbdf1a17b5fce,"[64,64,8192]",zoology/experiments/flash_vqg/scripts/20260629-01-flash-vqg-gate-logf-stability/outputs/round1e-6/2080ti/probe.json,0.22759519517421722,gate-logf-probe-s123-r1,forward/logits,no-dropout,0
,,,2080ti,,,16,,,4,,ad637d48bbfa647c77aa7a80ab6bb8386c0b04a27fde68ffbec77678ad9e3df0,,zoology/experiments/flash_vqg/scripts/20260629-01-flash-vqg-gate-logf-stability/outputs/round1e-6/2080ti/probe.json,,gate-logf-probe-s123-r1,forward/preds,no-dropout,0
float,10.682337760925293,,2080ti,10.682337760925293,10.682337760925293,16,10.682337760925293,1,4,[10.682337760925293],10.6823377609,[],zoology/experiments/flash_vqg/scripts/20260629-01-flash-vqg-gate-logf-stability/outputs/round1e-6/2080ti/probe.json,0,gate-logf-probe-s123-r1,forward/loss,no-dropout,0
torch.float32,362.03143310546875,1,2080ti,1.6056731939315796,0.009767038747668266,64,-1.5042442083358765,1048576,16,"[-0.6136003136634827,-0.11736840009689331,-0.486432284116745,-0.015505853109061718,0.21080121397972107,0.5413544178009033,-0.17452450096607208,-0.5520119667053223]",59c29a2aee6fab3715b5777bc45a67dd084b55841739fd44c027ef150c7d87a5,"[64,2,128,64]",zoology/experiments/flash_vqg/scripts/20260629-01-flash-vqg-gate-logf-stability/outputs/round1e-6/2080ti/probe.json,0.35341504216194153,gate-logf-probe-s123-r1,phase1/q_all,no-dropout,0
torch.float32,362.032470703125,1,2080ti,1.4188997745513916,0.003873046487569809,64,-1.524208426475525,1048576,16,"[0.041145000606775284,-0.12405873090028763,0.2744428515434265,0.6396235823631287,0.44589751958847046,0.06586379557847977,-0.07438303530216217,-0.020674245432019234]",57568c14510d061745aa0b9036a6bd5bc185779b8990e4a236f61c69ecd080f6,"[64,2,128,64]",zoology/experiments/flash_vqg/scripts/20260629-01-flash-vqg-gate-logf-stability/outputs/round1e-6/2080ti/probe.json,0.3535296618938446,gate-logf-probe-s123-r1,phase1/k_all,no-dropout,0
torch.float32,89.2638931274414,1,2080ti,0.6189636588096619,0.00682983361184597,64,-0.25991368293762207,1048576,16,"[0.05617843568325043,0.020731227472424507,-0.002667507389560342,-0.0663008838891983,-0.04448765888810158,0.12047301232814789,-0.06134829670190811,-0.014323556795716286]",c389d019bb45c58361693040b3da6df07e7f18e3cd691cd5d5dcba1694e561d0,"[64,2,128,64]",zoology/experiments/flash_vqg/scripts/20260629-01-flash-vqg-gate-logf-stability/outputs/round1e-6/2080ti/probe.json,0.08690482378005981,gate-logf-probe-s123-r1,phase1/v_all,no-dropout,0
torch.float32,240.28427124023438,1,2080ti,1.0900651216506958,0.0016241209814324975,64,-1.1739925146102905,1048576,16,"[0.0984366312623024,-0.37204644083976746,0.10818732529878616,0.17372465133666992,0.1758287250995636,-0.09246180206537247,0.09470617026090622,-0.18316872417926788]",b223a88d5a88ce8b0efc96885e9db41e830abe278a8b89371b2e99750d195071,"[64,2,128,64]",zoology/experiments/flash_vqg/scripts/20260629-01-flash-vqg-gate-logf-stability/outputs/round1e-6/2080ti/probe.json,0.23464979231357574,gate-logf-probe-s123-r1,phase1/g_raw_all,no-dropout,0
torch.float32,91.01971435546875,1,2080ti,0.33937975764274597,0.0031900955364108086,64,-0.31587404012680054,1048576,16,"[0.01529256347566843,-0.010191835463047028,0.0871325433254242,0.12816710770130157,0.10844098776578903,0.010949062183499336,-0.033063892275094986,-0.03860282897949219]",52c93e70f305b1a051547cdab17b68da5ddf42b2bbb9a33984714b75e9f4bd7f,"[64,2,128,64]",zoology/experiments/flash_vqg/scripts/20260629-01-flash-vqg-gate-logf-stability/outputs/round1e-6/2080ti/probe.json,0.08883006125688553,gate-logf-probe-s123-r1,phase1/K_q_all,no-dropout,0
torch.int32,3509.263916015625,1,2080ti,63.0,21.657958984375,64,0.0,16384,16,"[39,39,20,20,29,29,29,29]",aecd66002127ece0011ee2d7ec35772ce5278bd86d1cce5aba212ceafc2f9042,"[64,2,128]",zoology/experiments/flash_vqg/scripts/20260629-01-flash-vqg-gate-logf-stability/outputs/round1e-6/2080ti/probe.json,16.81001853942871,gate-logf-probe-s123-r1,phase1/Delta_all,no-dropout,0
torch.float32,21.3958683013916,1,2080ti,0.19494342803955078,0.015624999068677425,64,0.0007409330573864281,1048576,16,"[0.00782882608473301,0.011242447420954704,0.01768059842288494,0.010895071551203728,0.02019551210105419,0.008864493109285831,0.010764128528535366,0.006665797904133797]",24bec41d7ed82cccf3afa5a849d9dc575d74c0ef5283cf66c95142a87aa5b237,"[64,2,128,64]",zoology/experiments/flash_vqg/scripts/20260629-01-flash-vqg-gate-logf-stability/outputs/round1e-6/2080ti/probe.json,0.013872074894607067,gate-logf-probe-s123-r1,phase1/W_all,no-dropout,0
torch.float32,1024.5545654296875,1,2080ti,4.762758255004883,0.000960105040576309,64,-4.996557235717773,1048576,16,"[1.3184754848480225,0.665383517742157,1.270081877708435,-0.8426205515861511,-0.36223137378692627,-0.4044283330440521,0.2551948130130768,-1.5643812417984009]",5be474d8ed5e8918a23eb11213c21dc18bd44f82210d9ce1d8d6f049729df9e0,"[64,128,128]",zoology/experiments/flash_vqg/scripts/20260629-01-flash-vqg-gate-logf-stability/outputs/round1e-6/2080ti/probe.json,1.000551700592041,gate-logf-probe-s123-r1,fox_gate/input_x,no-dropout,0
torch.float32,27.866220474243164,1,2080ti,0.8177335262298584,-0.018170922994613647,64,-0.8381786942481995,16384,16,"[-0.31606242060661316,-0.3510097563266754,-0.09163230657577515,0.01174713671207428,0.1840728223323822,-0.020213887095451355,-0.25590527057647705,-0.09875647723674774]",86421e260ed9e4deb07a2b997e9dbe05887fee24db9e2c6bc203f95235af3732,"[64,2,128]",zoology/experiments/flash_vqg/scripts/20260629-01-flash-vqg-gate-logf-stability/outputs/round1e-6/2080ti/probe.json,0.21694517135620117,gate-logf-probe-s123-r1,fox_gate/logits_cuda,no-dropout,0
torch.float32,5.732530117034912,1,2080ti,-0.02285199984908104,-0.044257670640945435,64,-0.07485000044107437,16384,16,"[-0.05397599935531616,-0.05524799972772598,-0.046250998973846436,-0.042955998331308365,-0.03783399984240532,-0.043956998735666275,-0.05182899907231331,-0.046484000980854034]",6d564d61425c8f7cb9c1fd96fa76aa1ea6020d5bb507552d3e3779f8678e509c,"[64,2,128]",zoology/experiments/flash_vqg/scripts/20260629-01-flash-vqg-gate-logf-stability/outputs/round1e-6/2080ti/probe.json,0.006854901555925608,gate-logf-probe-s123-r1,fox_gate/logf_cuda,no-dropout,0
torch.float64,27.86621856689453,1,2080ti,0.8177337050437927,-0.018170922994613647,64,-0.8381791114807129,16384,16,"[-0.31606241113798444,-0.35100970997417646,-0.09163231948416095,0.011747155754625427,0.18407283002048694,-0.02021389306962589,-0.2559052690388013,-0.09875647841463456]",b725ee62832bd5ebf0390e919cd43443d467465c0bd9e0f99b8bf09fe16b7d5d,"[64,2,128]",zoology/experiments/flash_vqg/scripts/20260629-01-flash-vqg-gate-logf-stability/outputs/round1e-6/2080ti/probe.json,0.21694517135620117,gate-logf-probe-s123-r1,fox_gate/logits_ref_fp64_cpu,no-dropout,0
torch.float64,5.73253059387207,1,2080ti,-0.022852269932627678,-0.044257670640945435,64,-0.07484990358352661,16384,16,"[-0.05397585538407827,-0.05524841204042485,-0.0462507833476222,-0.04295567825262454,-0.03783375940416864,-0.04395657508808453,-0.051828969620387605,-0.04648400187105415]",111d7d961d10dd9a92b4d12ccdaf158b26d9c2f345bec7fb2a8fa519c79e2dad,"[64,2,128]",zoology/experiments/flash_vqg/scripts/20260629-01-flash-vqg-gate-logf-stability/outputs/round1e-6/2080ti/probe.json,0.006854896899312735,gate-logf-probe-s123-r1,fox_gate/logf_ref_fp64_cpu,no-dropout,0
torch.float32,5.732530117034912,1,2080ti,-0.02285199984908104,-0.044257670640945435,64,-0.07485000044107437,16384,16,"[-0.05397599935531616,-0.05524799972772598,-0.046250998973846436,-0.042955998331308365,-0.03783399984240532,-0.043956998735666275,-0.05182899907231331,-0.046484000980854034]",6d564d61425c8f7cb9c1fd96fa76aa1ea6020d5bb507552d3e3779f8678e509c,"[64,2,128]",zoology/experiments/flash_vqg/scripts/20260629-01-flash-vqg-gate-logf-stability/outputs/round1e-6/2080ti/probe.json,0.006854901555925608,gate-logf-probe-s123-r1,state_build/logf_all,no-dropout,0
torch.float32,64.37761688232422,1,2080ti,0.5497432947158813,0.5027881860733032,64,0.45428231358528137,16384,16,"[0.4856993556022644,0.5004277229309082,0.48481541872024536,0.5057429075241089,0.4972496032714844,0.5063698291778564,0.4937503933906555,0.5045447945594788]",a0ad9a45d329bc730cc6e58e5d4920b4d9d2211c1c9b9b01cc3094429248e854,"[64,2,128]",zoology/experiments/flash_vqg/scripts/20260629-01-flash-vqg-gate-logf-stability/outputs/round1e-6/2080ti/probe.json,0.012761362828314304,gate-logf-probe-s123-r1,state_build/beta_all,no-dropout,0
torch.float32,18.121562957763672,1,2080ti,0.25112149119377136,0.001664881594479084,64,-0.19625449180603027,2097152,16,"[0.0,0.0,0.0,0.0,0.0,0.0,0.0,0.0]",bef36a6864acb6d77e273c6a71e63cdb812aedf0acbdf20dabae8b5618f1317b,"[64,2,4,64,64]",zoology/experiments/flash_vqg/scripts/20260629-01-flash-vqg-gate-logf-stability/outputs/round1e-6/2080ti/probe.json,0.012402799911797047,gate-logf-probe-s123-r1,state_build/G_state,no-dropout,0
torch.float32,61.640533447265625,1,2080ti,2.188150405883789,0.2421509474515915,64,0.0,32768,16,"[0.0,0.0,0.0,0.0,0.0,0.0,0.0,0.0]",2bbb278a4735fdb6df161d5d99bf6a7770183772143c7e3db8d5015ac6c505e1,"[64,2,4,64]",zoology/experiments/flash_vqg/scripts/20260629-01-flash-vqg-gate-logf-stability/outputs/round1e-6/2080ti/probe.json,0.2394079864025116,gate-logf-probe-s123-r1,state_build/L_state,no-dropout,0
torch.float32,12.791152954101562,1,2080ti,0.09104635566473007,2.488954805812682e-06,64,-0.09941208362579346,33554432,16,"[0.0,0.0,0.0,0.0,0.0,0.0,0.0,0.0]",304ba091f77660dc78cd9a57243be3718c972aa23c4c32eec665c2f60a6bf19d,"[64,2,4,64,64,16]",zoology/experiments/flash_vqg/scripts/20260629-01-flash-vqg-gate-logf-stability/outputs/round1e-6/2080ti/probe.json,0.0022107046097517014,gate-logf-probe-s123-r1,state_build/M_state,no-dropout,0
torch.float32,inf,1,2080ti,2.889942169189453,-5.000000075237331e+29,64,-1.0000000150474662e+30,1048576,16,"[-1.0000000150474662e+30,-1.0000000150474662e+30,-1.0000000150474662e+30,-1.0000000150474662e+30,-1.0000000150474662e+30,-1.0000000150474662e+30,-1.0000000150474662e+30,-1.0000000150474662e+30]",aa38bb65ecab9eb1a1609c9547e1b6b87d6c1360b3a7b95b1e03ea544517891b,"[64,2,4,32,64]",zoology/experiments/flash_vqg/scripts/20260629-01-flash-vqg-gate-logf-stability/outputs/round1e-6/2080ti/probe.json,5.000000075237331e+29,gate-logf-probe-s123-r1,phase2/S_far,no-dropout,0
torch.float32,39.97373580932617,1,2080ti,0.3601217269897461,0.0067176492884755135,64,-0.1981944739818573,1048576,16,"[0.05617843568325043,0.020731227472424507,-0.002667507389560342,-0.0663008838891983,-0.04448765888810158,0.12047301232814789,-0.06134829670190811,-0.014323556795716286]",75461b80ec9543cc28cc05aa13f6aaf8f433ad94df4e3db3a83294cdefa5c674,"[64,2,4,32,64]",zoology/experiments/flash_vqg/scripts/20260629-01-flash-vqg-gate-logf-stability/outputs/round1e-6/2080ti/probe.json,0.038454990833997726,gate-logf-probe-s123-r1,phase2/O_base,no-dropout,0
torch.int64,4433.125,1,2080ti,63.0,15.14300537109375,64,0.0,32768,16,"[1,0,1,0,1,0,1,0]",5dbc2894d10c7f1dee05b566d364ecfecbcf0a6704beaf959774a6cdd8afb838,"[64,2,4,32,2]",zoology/experiments/flash_vqg/scripts/20260629-01-flash-vqg-gate-logf-stability/outputs/round1e-6/2080ti/probe.json,19.24679183959961,gate-logf-probe-s123-r1,phase2_read/top_idx,no-dropout,0
torch.float32,inf,1,2080ti,2.889942169189453,-5.000000075237331e+29,64,-1.0000000150474662e+30,32768,16,"[-1.0000000150474662e+30,-1.0000000150474662e+30,-1.0000000150474662e+30,-1.0000000150474662e+30,-1.0000000150474662e+30,-1.0000000150474662e+30,-1.0000000150474662e+30,-1.0000000150474662e+30]",6914e9d271d3552f64540e1db88079534774aea0cfaa04411d95be0c7cf12d9a,"[64,2,4,32,2]",zoology/experiments/flash_vqg/scripts/20260629-01-flash-vqg-gate-logf-stability/outputs/round1e-6/2080ti/probe.json,5.000000075237331e+29,gate-logf-probe-s123-r1,phase2_read/top_scores,no-dropout,0
torch.float32,15.061073303222656,1,2080ti,0.6704346537590027,0.05313601344823837,64,0.0,32768,16,"[0.0,0.0,0.0,0.0,0.0,0.0,0.0,0.0]",f5e895225ec28557d70bc4c6489d01721a56f46ae99d4256ffb192ebd36c87d9,"[64,2,4,32,2]",zoology/experiments/flash_vqg/scripts/20260629-01-flash-vqg-gate-logf-stability/outputs/round1e-6/2080ti/probe.json,0.06402380019426346,gate-logf-probe-s123-r1,phase2_read/top_probs,no-dropout,0
torch.float32,2.578007698059082,1,2080ti,0.17466215789318085,0.007962334901094437,64,0.0,32768,16,"[0.0,0.0,0.0,0.0,0.0,0.0,0.0,0.0]",5153d000bad1438e62671e8c3ed6fd38192d736b8fd616a38b695f173795d7bb,"[64,2,4,32,2]",zoology/experiments/flash_vqg/scripts/20260629-01-flash-vqg-gate-logf-stability/outputs/round1e-6/2080ti/probe.json,0.011807828210294247,gate-logf-probe-s123-r1,phase2_read/omega_sel,no-dropout,0
torch.float32,3.4610352516174316,1,2080ti,0.22997596859931946,0.015924669802188873,64,0.0,16384,16,"[0.0,0.0,0.0,0.0,0.0,0.0,0.0,0.0]",3c06cfd54b91ad0f105e37062716790d2153bae5cf512aaf66bdf1f055901849,"[64,2,4,32]",zoology/experiments/flash_vqg/scripts/20260629-01-flash-vqg-gate-logf-stability/outputs/round1e-6/2080ti/probe.json,0.02185247652232647,gate-logf-probe-s123-r1,phase2_read/read_selected_mass,no-dropout,0
torch.float32,0.21191388368606567,1,2080ti,0.007754928898066282,7.478743100364227e-06,64,-0.006321519147604704,1048576,16,"[0.0,0.0,0.0,0.0,0.0,0.0,0.0,0.0]",39998e8ee6d81d105e8d221590d58d186eeef0deb4691b1aa585032dfd93a7a2,"[64,2,4,32,64]",zoology/experiments/flash_vqg/scripts/20260629-01-flash-vqg-gate-logf-stability/outputs/round1e-6/2080ti/probe.json,0.0002068157191388309,gate-logf-probe-s123-r1,phase2_read/u_res,no-dropout,0
torch.float32,9.035728454589844,1,2080ti,0.17228303849697113,0.000348917004885152,64,-0.1351672261953354,1048576,16,"[0.0,0.0,0.0,0.0,0.0,0.0,0.0,0.0]",091c4ad0ac05b3345c9084f43b0eee49b4b02d5b49e6bc46c29baba1fedc6c00,"[64,2,4,32,64]",zoology/experiments/flash_vqg/scripts/20260629-01-flash-vqg-gate-logf-stability/outputs/round1e-6/2080ti/probe.json,0.008817200548946857,gate-logf-probe-s123-r1,phase2/O_res_added,no-dropout,0
torch.float32,42.11827087402344,1,2080ti,0.3601217269897461,0.007066566497087479,64,-0.1981944739818573,1048576,16,"[0.05617843568325043,0.020731227472424507,-0.002667507389560342,-0.0663008838891983,-0.04448765888810158,0.12047301232814789,-0.06134829670190811,-0.014323556795716286]",cb2bd00492615d71bcd90496c78e13e9973e445d361e6ae3eebf4f8852d455c1,"[64,2,4,32,64]",zoology/experiments/flash_vqg/scripts/20260629-01-flash-vqg-gate-logf-stability/outputs/round1e-6/2080ti/probe.json,0.04052003100514412,gate-logf-probe-s123-r1,phase2/Out_f32,no-dropout,0
torch.float32,42.11827087402344,1,2080ti,0.3601217269897461,0.007066566497087479,64,-0.1981944739818573,1048576,16,"[0.05617843568325043,0.020731227472424507,-0.002667507389560342,-0.0663008838891983,-0.04448765888810158,0.12047301232814789,-0.06134829670190811,-0.014323556795716286]",6356edc16780ccc30706fd8bc05e53ea54e92a4451c2f178466cf22133d36e2c,"[64,2,128,64]",zoology/experiments/flash_vqg/scripts/20260629-01-flash-vqg-gate-logf-stability/outputs/round1e-6/2080ti/probe.json,0.04052003100514412,gate-logf-probe-s123-r1,output_proj/O_heads,no-dropout,0
torch.float32,123.69328308105469,1,2080ti,1.9222480058670044,0.003942474722862244,64,-1.4261350631713867,1048576,16,"[0.04457367584109306,-0.048399411141872406,-0.0023225415498018265,-0.09497632086277008,-0.06531137973070145,-0.08094748854637146,-0.04649562016129494,0.018204914405941963]",35ca9e77cbb4b1703474c3dc28ae98f4272522f085b0a5e88f46f8439e8acd5b,"[64,2,128,64]",zoology/experiments/flash_vqg/scripts/20260629-01-flash-vqg-gate-logf-stability/outputs/round1e-6/2080ti/probe.json,0.12073419243097305,gate-logf-probe-s123-r1,output_proj/o_heads,no-dropout,0
torch.float32,29.257488250732422,1,2080ti,0.17926281690597534,-0.00014859608199913055,64,-0.17340929806232452,1048576,16,"[0.04036857187747955,0.01500487606972456,0.035738080739974976,0.019350718706846237,0.04940374195575714,0.04761497303843498,-0.060426969081163406,2.8263459626032272e-06]",19d36f5cb6c2cd3f11602a5aea100afbbec78ca2191538ceb2157be0fbeeabf3,"[64,128,128]",zoology/experiments/flash_vqg/scripts/20260629-01-flash-vqg-gate-logf-stability/outputs/round1e-6/2080ti/probe.json,0.028571700677275658,gate-logf-probe-s123-r1,output_proj/res,no-dropout,0
torch.float32,1991.3607177734375,,2080ti,3.137798309326172,0.07167103886604309,64,-1.1688587665557861,67108864,16,"[0.36545801162719727,0.4350886344909668,-0.09987083077430725,0.04044022038578987,0.29793643951416016,0.49629783630371094,0.07985957711935043,-0.0011332406429573894]",1561cd125e20ab1e48ef8d5fa7803cef0c0653b56a207bfabb61d39474829d64,"[64,128,8192]",zoology/experiments/flash_vqg/scripts/20260629-01-flash-vqg-gate-logf-stability/outputs/round1e-6/2080ti/probe.json,0.23363961279392242,gate-logf-probe-s123-r1,forward/logits,no-dropout,0
,,,2080ti,,,64,,,16,,f0344aca7090232a4ccb18a323890d03b2782424ff567d656132b645e57678a6,,zoology/experiments/flash_vqg/scripts/20260629-01-flash-vqg-gate-logf-stability/outputs/round1e-6/2080ti/probe.json,,gate-logf-probe-s123-r1,forward/preds,no-dropout,0
float,10.266499519348145,,2080ti,10.266499519348145,10.266499519348145,64,10.266499519348145,1,16,[10.266499519348145],10.2664995193,[],zoology/experiments/flash_vqg/scripts/20260629-01-flash-vqg-gate-logf-stability/outputs/round1e-6/2080ti/probe.json,0,gate-logf-probe-s123-r1,forward/loss,no-dropout,0
torch.float32,255.99618530273438,1,3090,1.5926038026809692,0.000671069195959717,0,-1.5414212942123413,524288,0,"[0.43720102310180664,-0.47418761253356934,-0.12221133708953857,0.2982311248779297,-0.16422449052333832,-0.11781228333711624,-0.49186304211616516,0.034084249287843704]",7eafdaa36e612e280d2fb2c9c3cb62ed9aea8534fcf882e35ef8e3603dbd2ea6,"[64,2,64,64]",zoology/experiments/flash_vqg/scripts/20260629-01-flash-vqg-gate-logf-stability/outputs/round1e-6/3090/probe.json,0.35354912281036377,gate-logf-probe-s123-r1,phase1/q_all,no-dropout,0
torch.float32,255.9937286376953,1,3090,1.6455446481704712,5.4685500799678266e-05,0,-1.4379643201828003,524288,0,"[0.2290818840265274,0.17472465336322784,-0.5262090563774109,-0.33765751123428345,0.7831315994262695,-0.41186249256134033,0.43849584460258484,-0.09059952944517136]",5d37dccf16213c484f5f4dd1816d0b7f343602f7708ddc638d348efe532bf7e6,"[64,2,64,64]",zoology/experiments/flash_vqg/scripts/20260629-01-flash-vqg-gate-logf-stability/outputs/round1e-6/3090/probe.json,0.3535461127758026,gate-logf-probe-s123-r1,phase1/k_all,no-dropout,0
torch.float32,58.87234115600586,1,3090,0.6101686358451843,0.006445802748203278,0,-0.253231942653656,524288,0,"[0.07940109074115753,0.039708636701107025,-0.07384831458330154,-0.08339323848485947,-0.009571666829288006,-0.07319962978363037,0.1329384446144104,-0.10811452567577362]",007ca34e5ad8d9cf91291651d6f0e4cb8f051c8b6efbfd77574608e653aa5960,"[64,2,64,64]",zoology/experiments/flash_vqg/scripts/20260629-01-flash-vqg-gate-logf-stability/outputs/round1e-6/3090/probe.json,0.08105120807886124,gate-logf-probe-s123-r1,phase1/v_all,no-dropout,0
torch.float32,163.77285766601562,1,3090,1.0111680030822754,0.0007309167995117605,0,-1.0400457382202148,524288,0,"[-0.3866400122642517,-0.0003336060617584735,0.274516761302948,-0.06162302941083908,0.05467773601412773,0.021006522700190544,0.17238442599773407,-0.25864097476005554]",871dddddc039c8c8c5fcbe118831b433f6f476e7037558ec8cb9b4669bbeaa8b,"[64,2,64,64]",zoology/experiments/flash_vqg/scripts/20260629-01-flash-vqg-gate-logf-stability/outputs/round1e-6/3090/probe.json,0.22618119418621063,gate-logf-probe-s123-r1,phase1/g_raw_all,no-dropout,0
torch.float32,40.955135345458984,1,3090,0.2677234709262848,0.0017296953592449427,0,-0.22957539558410645,524288,0,"[0.0371975377202034,-0.040959183126688004,-0.0022900900803506374,0.04461415484547615,0.09493521600961685,-0.06041162461042404,-0.04216456413269043,-0.09387834370136261]",61d4693e36a3721d9b9a2f91ec445e428e18253ea13183d165e403501a2de674,"[64,2,64,64]",zoology/experiments/flash_vqg/scripts/20260629-01-flash-vqg-gate-logf-stability/outputs/round1e-6/3090/probe.json,0.05653558671474457,gate-logf-probe-s123-r1,phase1/K_q_all,no-dropout,0
torch.int32,3421.633056640625,1,3090,63.0,32.972900390625,0,0.0,8192,0,"[26,19,19,11,0,7,36,60]",acd27605803513d9492d5ec72ccbf02c68ea239822061484cc8ef5953acc83c5,"[64,2,64]",zoology/experiments/flash_vqg/scripts/20260629-01-flash-vqg-gate-logf-stability/outputs/round1e-6/3090/probe.json,18.491479873657227,gate-logf-probe-s123-r1,phase1/Delta_all,no-dropout,0
torch.float32,12.744465827941895,1,3090,0.11100196838378906,0.015625,0,0.0014944170834496617,524288,0,"[0.02963186241686344,0.025065932422876358,0.023681746795773506,0.00960193295031786,0.00933751743286848,0.01803426258265972,0.006216543726623058,0.021651284769177437]",ef42fa94204b60d9842042f6dc673ff3848dcbff1fd7343c9aaeaf6f3df608ed,"[64,2,64,64]",zoology/experiments/flash_vqg/scripts/20260629-01-flash-vqg-gate-logf-stability/outputs/round1e-6/3090/probe.json,0.008102668449282646,gate-logf-probe-s123-r1,phase1/W_all,no-dropout,0
torch.float32,724.0740356445312,1,3090,4.748272895812988,-4.802132025361061e-10,0,-5.1808390617370605,524288,0,"[0.02532190829515457,0.15918952226638794,-0.7185203433036804,-0.155963733792305,-0.5711404085159302,-0.2691114842891693,-0.22938433289527893,-2.4623677730560303]",ce513891fb8efa13a41de32d8fb8fdc9f7269a8f28bad19d2fd3d9b34ee59a13,"[64,64,128]",zoology/experiments/flash_vqg/scripts/20260629-01-flash-vqg-gate-logf-stability/outputs/round1e-6/3090/probe.json,0.9999987483024597,gate-logf-probe-s123-r1,fox_gate/input_x,no-dropout,0
torch.float32,20.328201293945312,1,3090,0.7899494767189026,0.00172038609161973,0,-0.9237731695175171,8192,0,"[-0.2620857357978821,0.4892271161079407,-0.0837068185210228,0.06343735009431839,-0.02092479169368744,0.2494209110736847,0.01649858057498932,-0.40035274624824524]",be0245b0061825d2b513a21e0137351a8507f430eee14bdd9ac05a53ef302a18,"[64,2,64]",zoology/experiments/flash_vqg/scripts/20260629-01-flash-vqg-gate-logf-stability/outputs/round1e-6/3090/probe.json,0.22459042072296143,gate-logf-probe-s123-r1,fox_gate/logits_cuda,no-dropout,0
torch.float32,4.002522945404053,1,3090,-0.023389000445604324,-0.043659619987010956,0,-0.07863199710845947,8192,0,"[-0.052046999335289,-0.029884999617934227,-0.04599199816584587,-0.041370999068021774,-0.04397900030016899,-0.03601200133562088,-0.04280799999833107,-0.05707699805498123]",e267ce78b7c8a499f65ccf247e453d60023d9b308fb76cd32b7a8884b8a1e1d4,"[64,2,64]",zoology/experiments/flash_vqg/scripts/20260629-01-flash-vqg-gate-logf-stability/outputs/round1e-6/3090/probe.json,0.007030481472611427,gate-logf-probe-s123-r1,fox_gate/logf_cuda,no-dropout,0
torch.float64,20.328201293945312,1,3090,0.7899495363235474,0.0017203855095431209,0,-0.9237732291221619,8192,0,"[-0.26208573652702566,0.48922715412047246,-0.08370679527125154,0.06343735019055553,-0.020924777343609854,0.24942087489139905,0.016498561049070215,-0.40035271848105913]",71b8ae984a3904741eba100b28919d71e5def4b2cd11364596ebfc457f01cfb5,"[64,2,64]",zoology/experiments/flash_vqg/scripts/20260629-01-flash-vqg-gate-logf-stability/outputs/round1e-6/3090/probe.json,0.22459042072296143,gate-logf-probe-s123-r1,fox_gate/logits_ref_fp64_cpu,no-dropout,0
torch.float64,4.002523899078369,1,3090,-0.023389210924506187,-0.04365961626172066,0,-0.07863208651542664,8192,0,"[-0.05204698147697186,-0.029884863758890958,-0.04599226100345978,-0.0413707161445869,-0.04397901868885331,-0.03601206348351598,-0.042808245310256,-0.05707665222169802]",764c8690967f74556f6c1a12bebdfd7732e18318b82d16b563c97df686e83950,"[64,2,64]",zoology/experiments/flash_vqg/scripts/20260629-01-flash-vqg-gate-logf-stability/outputs/round1e-6/3090/probe.json,0.007030486594885588,gate-logf-probe-s123-r1,fox_gate/logf_ref_fp64_cpu,no-dropout,0
torch.float32,4.002522945404053,1,3090,-0.023389000445604324,-0.043659619987010956,0,-0.07863199710845947,8192,0,"[-0.052046999335289,-0.029884999617934227,-0.04599199816584587,-0.041370999068021774,-0.04397900030016899,-0.03601200133562088,-0.04280799999833107,-0.05707699805498123]",e267ce78b7c8a499f65ccf247e453d60023d9b308fb76cd32b7a8884b8a1e1d4,"[64,2,64]",zoology/experiments/flash_vqg/scripts/20260629-01-flash-vqg-gate-logf-stability/outputs/round1e-6/3090/probe.json,0.007030481472611427,gate-logf-probe-s123-r1,state_build/logf_all,no-dropout,0
torch.float32,45.25483322143555,1,3090,0.5,0.5,0,0.5,8192,0,"[0.5,0.5,0.5,0.5,0.5,0.5,0.5,0.5]",31c5bc096f4ebb31c881c9ed866d59e45c0e94073f7765ad6ea1cbf93d4e3b4f,"[64,2,64]",zoology/experiments/flash_vqg/scripts/20260629-01-flash-vqg-gate-logf-stability/outputs/round1e-6/3090/probe.json,0.0,gate-logf-probe-s123-r1,state_build/beta_all,no-dropout,0
torch.float32,5.067149639129639,1,3090,0.05239151045680046,0.0009069810039363801,0,-0.035667143762111664,1048576,0,"[0.0,0.0,0.0,0.0,0.0,0.0,0.0,0.0]",a00494a89c6aa2c2771a38c6dec71a62e1956ab60b5826d3d589bdd0f682c9e1,"[64,2,2,64,64]",zoology/experiments/flash_vqg/scripts/20260629-01-flash-vqg-gate-logf-stability/outputs/round1e-6/3090/probe.json,0.004864579066634178,gate-logf-probe-s123-r1,state_build/G_state,no-dropout,0
torch.float32,25.248516082763672,1,3090,0.47071248292922974,0.13812081515789032,0,0.0,16384,0,"[0.0,0.0,0.0,0.0,0.0,0.0,0.0,0.0]",3db3f43d49bd273bdb8d9292db349f1c4d2a83b88cb5943c5252471be9d27514,"[64,2,2,64]",zoology/experiments/flash_vqg/scripts/20260629-01-flash-vqg-gate-logf-stability/outputs/round1e-6/3090/probe.json,0.14082539081573486,gate-logf-probe-s123-r1,state_build/L_state,no-dropout,0
torch.float32,6.691649436950684,1,3090,0.04979640245437622,5.044793397246394e-06,0,-0.05900086835026741,16777216,0,"[0.0,0.0,0.0,0.0,0.0,0.0,0.0,0.0]",b8e349556d4df75c9c3ba9d962fdaed649242f649f951eb9743b31fdccc0f289,"[64,2,2,64,64,16]",zoology/experiments/flash_vqg/scripts/20260629-01-flash-vqg-gate-logf-stability/outputs/round1e-6/3090/probe.json,0.0016343847382813692,gate-logf-probe-s123-r1,state_build/M_state,no-dropout,0
torch.float32,inf,1,3090,-1.0000000150474662e+30,-1.0000001661631937e+30,0,-1.0000000150474662e+30,524288,0,"[-1.0000000150474662e+30,-1.0000000150474662e+30,-1.0000000150474662e+30,-1.0000000150474662e+30,-1.0000000150474662e+30,-1.0000000150474662e+30,-1.0000000150474662e+30,-1.0000000150474662e+30]",61ce6a8cd370ca81c3f343145d521a45aac538ef8972e11b8dba8c5540f1eff2,"[64,2,2,32,64]",zoology/experiments/flash_vqg/scripts/20260629-01-flash-vqg-gate-logf-stability/outputs/round1e-6/3090/probe.json,1.5111572745182865e+23,gate-logf-probe-s123-r1,phase2/S_far,no-dropout,0
torch.float32,25.824737548828125,1,3090,0.3810758590698242,0.006429946981370449,0,-0.1840706467628479,524288,0,"[0.07940109074115753,0.039708636701107025,-0.07384831458330154,-0.08339323848485947,-0.009571666829288006,-0.07319962978363037,0.1329384446144104,-0.10811452567577362]",543009798d8e883a92e2a654b5bd122b0df04f5a49f38a702fa58e91f656cc09,"[64,2,2,32,64]",zoology/experiments/flash_vqg/scripts/20260629-01-flash-vqg-gate-logf-stability/outputs/round1e-6/3090/probe.json,0.035081565380096436,gate-logf-probe-s123-r1,phase2/O_base,no-dropout,0
torch.int64,90.5096664428711,1,3090,1.0,0.5,0,0.0,16384,0,"[1,0,1,0,1,0,1,0]",dc11edbaeecd85c2e2c82456db4232b7ddbbdfd7d6481b97eca720a60ac56f7c,"[64,2,2,32,2]",zoology/experiments/flash_vqg/scripts/20260629-01-flash-vqg-gate-logf-stability/outputs/round1e-6/3090/probe.json,0.5,gate-logf-probe-s123-r1,phase2_read/top_idx,no-dropout,0
torch.float32,inf,1,3090,-1.0000000150474662e+30,-1.0000001661631937e+30,0,-1.0000000150474662e+30,16384,0,"[-1.0000000150474662e+30,-1.0000000150474662e+30,-1.0000000150474662e+30,-1.0000000150474662e+30,-1.0000000150474662e+30,-1.0000000150474662e+30,-1.0000000150474662e+30,-1.0000000150474662e+30]",9a9fe1aa50ef523d738b70d1c4410771a1eebdba615eba1bac04c3b3539793cb,"[64,2,2,32,2]",zoology/experiments/flash_vqg/scripts/20260629-01-flash-vqg-gate-logf-stability/outputs/round1e-6/3090/probe.json,1.5111572745182865e+23,gate-logf-probe-s123-r1,phase2_read/top_scores,no-dropout,0
torch.float32,0.0,1,3090,0.0,0.0,0,0.0,16384,0,"[0.0,0.0,0.0,0.0,0.0,0.0,0.0,0.0]",85a80fae2f428310daf8e819aed8147d2ca75f273599d1da531939dbf3f55a7b,"[64,2,2,32,2]",zoology/experiments/flash_vqg/scripts/20260629-01-flash-vqg-gate-logf-stability/outputs/round1e-6/3090/probe.json,0.0,gate-logf-probe-s123-r1,phase2_read/top_probs,no-dropout,0
torch.float32,0.0,1,3090,0.0,0.0,0,0.0,16384,0,"[0.0,0.0,0.0,0.0,0.0,0.0,0.0,0.0]",85a80fae2f428310daf8e819aed8147d2ca75f273599d1da531939dbf3f55a7b,"[64,2,2,32,2]",zoology/experiments/flash_vqg/scripts/20260629-01-flash-vqg-gate-logf-stability/outputs/round1e-6/3090/probe.json,0.0,gate-logf-probe-s123-r1,phase2_read/omega_sel,no-dropout,0
torch.float32,0.0,1,3090,0.0,0.0,0,0.0,8192,0,"[0.0,0.0,0.0,0.0,0.0,0.0,0.0,0.0]",f8dbbb428d043d7769f8fef4e7717b8a7a9697ac9b6425b62cef8cbd4120f9b0,"[64,2,2,32]",zoology/experiments/flash_vqg/scripts/20260629-01-flash-vqg-gate-logf-stability/outputs/round1e-6/3090/probe.json,0.0,gate-logf-probe-s123-r1,phase2_read/read_selected_mass,no-dropout,0
torch.float32,0.0,1,3090,0.0,0.0,0,0.0,524288,0,"[0.0,0.0,0.0,0.0,0.0,0.0,0.0,0.0]",33f5081ccd747a947e389515e1c9cde8155433ffa6999a97fd86a1da6b73247a,"[64,2,2,32,64]",zoology/experiments/flash_vqg/scripts/20260629-01-flash-vqg-gate-logf-stability/outputs/round1e-6/3090/probe.json,0.0,gate-logf-probe-s123-r1,phase2_read/u_res,no-dropout,0
torch.float32,0.0,1,3090,0.0,0.0,0,0.0,524288,0,"[0.0,0.0,0.0,0.0,0.0,0.0,0.0,0.0]",33f5081ccd747a947e389515e1c9cde8155433ffa6999a97fd86a1da6b73247a,"[64,2,2,32,64]",zoology/experiments/flash_vqg/scripts/20260629-01-flash-vqg-gate-logf-stability/outputs/round1e-6/3090/probe.json,0.0,gate-logf-probe-s123-r1,phase2/O_res_added,no-dropout,0
torch.float32,25.824737548828125,1,3090,0.3810758590698242,0.006429946981370449,0,-0.1840706467628479,524288,0,"[0.07940109074115753,0.039708636701107025,-0.07384831458330154,-0.08339323848485947,-0.009571666829288006,-0.07319962978363037,0.1329384446144104,-0.10811452567577362]",543009798d8e883a92e2a654b5bd122b0df04f5a49f38a702fa58e91f656cc09,"[64,2,2,32,64]",zoology/experiments/flash_vqg/scripts/20260629-01-flash-vqg-gate-logf-stability/outputs/round1e-6/3090/probe.json,0.035081565380096436,gate-logf-probe-s123-r1,phase2/Out_f32,no-dropout,0
torch.float32,25.824737548828125,1,3090,0.3810758590698242,0.006429946981370449,0,-0.1840706467628479,524288,0,"[0.07940109074115753,0.039708636701107025,-0.07384831458330154,-0.08339323848485947,-0.009571666829288006,-0.07319962978363037,0.1329384446144104,-0.10811452567577362]",634d265886b5662edfd5c4d65532461d61664ddc1405be0c21d84dedfefa317b,"[64,2,64,64]",zoology/experiments/flash_vqg/scripts/20260629-01-flash-vqg-gate-logf-stability/outputs/round1e-6/3090/probe.json,0.035081565380096436,gate-logf-probe-s123-r1,output_proj/O_heads,no-dropout,0
torch.float32,83.50859832763672,1,3090,1.7408275604248047,0.0024012806825339794,0,-1.7503535747528076,524288,0,"[-0.19990679621696472,-0.00010660163388820365,-0.1854211390018463,0.040087029337882996,-0.004327393602579832,-0.012505988590419292,0.2003031075000763,0.19611649215221405]",dbc95eef173d7d86e12f910bcc9bc799045d451bf09df715ab6dadb444469383,"[64,2,64,64]",zoology/experiments/flash_vqg/scripts/20260629-01-flash-vqg-gate-logf-stability/outputs/round1e-6/3090/probe.json,0.11530762165784836,gate-logf-probe-s123-r1,output_proj/o_heads,no-dropout,0
torch.float32,18.868906021118164,1,3090,0.13842160999774933,-0.00013265138841234148,0,-0.14551879465579987,524288,0,"[0.03996148332953453,-0.0033638705499470234,0.012420875951647758,0.04953775182366371,0.013684508390724659,0.001448249677196145,0.00022671140322927386,0.010053996928036213]",3033dc72cb5ce5cba132e6c31dc07cc41641e8aff7f66ae4f1a30d73d28300f5,"[64,64,128]",zoology/experiments/flash_vqg/scripts/20260629-01-flash-vqg-gate-logf-stability/outputs/round1e-6/3090/probe.json,0.02605900913476944,gate-logf-probe-s123-r1,output_proj/res,no-dropout,0
torch.float32,1318.9432373046875,,3090,3.167426347732544,0.00024548982037231326,0,-1.1616417169570923,33554432,0,"[-0.3174777626991272,-0.15193472802639008,0.16587187349796295,0.04986667260527611,-0.08510883152484894,-0.003580532968044281,-0.0306699275970459,0.2924538850784302]",08681f3ca67f6ed40f0f577c3f28089df3998d38e004aaf2a79e4c2add1895ba,"[64,64,8192]",zoology/experiments/flash_vqg/scripts/20260629-01-flash-vqg-gate-logf-stability/outputs/round1e-6/3090/probe.json,0.22817322611808777,gate-logf-probe-s123-r1,forward/logits,no-dropout,0
,,,3090,,,0,,,0,,d8ddeb731d5304875c304e1a27f22f52981e5e38d0995ec69bb6311ca8656683,,zoology/experiments/flash_vqg/scripts/20260629-01-flash-vqg-gate-logf-stability/outputs/round1e-6/3090/probe.json,,gate-logf-probe-s123-r1,forward/preds,no-dropout,0
float,10.871895790100098,,3090,10.871895790100098,10.871895790100098,0,10.871895790100098,1,0,[10.871895790100098],10.8718957901,[],zoology/experiments/flash_vqg/scripts/20260629-01-flash-vqg-gate-logf-stability/outputs/round1e-6/3090/probe.json,0,gate-logf-probe-s123-r1,forward/loss,no-dropout,0
torch.float32,362.0308532714844,1,3090,1.5838767290115356,0.0012368174502626061,4,-1.5867434740066528,1048576,1,"[-0.16781868040561676,0.15289859473705292,-0.1404571235179901,-0.28376829624176025,0.21972855925559998,0.510497510433197,0.16753040254116058,-0.3058425188064575]",25c29b7c87cda6caba8fb867c5a3c7d6a752b26b96038d7d3a009e55b06bdd5b,"[64,2,128,64]",zoology/experiments/flash_vqg/scripts/20260629-01-flash-vqg-gate-logf-stability/outputs/round1e-6/3090/probe.json,0.3535476326942444,gate-logf-probe-s123-r1,phase1/q_all,no-dropout,0
torch.float32,362.0274353027344,1,3090,1.5713346004486084,0.0006706533022224903,4,-1.6474307775497437,1048576,1,"[-0.19380351901054382,0.7514199018478394,0.2223307490348816,0.11302567273378372,0.40697869658470154,-0.2673982083797455,0.29450175166130066,-0.13487446308135986]",947d451eec26740edb75c9f15a3f044e319bea14cc16301985396745f42c7250,"[64,2,128,64]",zoology/experiments/flash_vqg/scripts/20260629-01-flash-vqg-gate-logf-stability/outputs/round1e-6/3090/probe.json,0.35354557633399963,gate-logf-probe-s123-r1,phase1/k_all,no-dropout,0
torch.float32,83.43161010742188,1,3090,0.673084020614624,0.006443743593990803,4,-0.25756314396858215,1048576,1,"[-0.015544352121651173,-0.026559697464108467,0.13320207595825195,-0.006879156455397606,-0.04905562475323677,0.06787734478712082,-0.0010034780716523528,0.02741418033838272]",ba767fd1fcf94c45e36822ec1676c1e7b5d6f4c1a8f4f51005803093a4f19e6d,"[64,2,128,64]",zoology/experiments/flash_vqg/scripts/20260629-01-flash-vqg-gate-logf-stability/outputs/round1e-6/3090/probe.json,0.0812217965722084,gate-logf-probe-s123-r1,phase1/v_all,no-dropout,0
torch.float32,231.6666259765625,1,3090,1.0589121580123901,0.00019432463159319013,4,-1.0625377893447876,1048576,1,"[-0.08521527051925659,0.12952423095703125,0.33554476499557495,-0.04569851607084274,-0.054886266589164734,-0.06252768635749817,0.3901998996734619,0.10449979454278946]",569a98a3f86ed399d452ddfb95098dff871204177ae564a5edd5ee0f09e8bddf,"[64,2,128,64]",zoology/experiments/flash_vqg/scripts/20260629-01-flash-vqg-gate-logf-stability/outputs/round1e-6/3090/probe.json,0.22623968124389648,gate-logf-probe-s123-r1,phase1/g_raw_all,no-dropout,0
torch.float32,59.27276611328125,1,3090,0.2515985369682312,0.0017250282689929008,4,-0.25989165902137756,1048576,1,"[-0.00364986015483737,0.008390366099774837,0.03597556799650192,0.097937673330307,0.07773035764694214,-0.07232163101434708,-0.03766921907663345,-0.09630033373832703]",9e538fb1d782b8fabe72047542c7bc3463c944e050c1e238b3437c23f140e4fb,"[64,2,128,64]",zoology/experiments/flash_vqg/scripts/20260629-01-flash-vqg-gate-logf-stability/outputs/round1e-6/3090/probe.json,0.05785837024450302,gate-logf-probe-s123-r1,phase1/K_q_all,no-dropout,0
torch.int32,4827.5693359375,1,3090,63.0,32.94061279296875,4,0.0,16384,1,"[45,44,11,12,8,38,38,18]",82329c28cf65d76fbfaed043bed516abfd248e06621c45d31ea7faac1b527eeb,"[64,2,128]",zoology/experiments/flash_vqg/scripts/20260629-01-flash-vqg-gate-logf-stability/outputs/round1e-6/3090/probe.json,18.367530822753906,gate-logf-probe-s123-r1,phase1/Delta_all,no-dropout,0
torch.float32,18.26567840576172,1,3090,0.1270075887441635,0.01562500186264515,4,0.0012780082179233432,1048576,1,"[0.015865027904510498,0.019817907363176346,0.013537706807255745,0.026637237519025803,0.025960812345147133,0.011286399327218533,0.01335559505969286,0.020802730694413185]",17b79aea14923214e89d228ea5a3d7ff72ee1913a40f43dd6df8c755b023eb05,"[64,2,128,64]",zoology/experiments/flash_vqg/scripts/20260629-01-flash-vqg-gate-logf-stability/outputs/round1e-6/3090/probe.json,0.008604529313743114,gate-logf-probe-s123-r1,phase1/W_all,no-dropout,0
torch.float32,1023.8927001953125,1,3090,4.965920448303223,4.6436398406513035e-05,4,-4.675126075744629,1048576,1,"[-0.19563041627407074,-1.5131397247314453,-0.6157085299491882,-0.5642822980880737,-0.243825301527977,-0.1517789214849472,-1.6145468950271606,0.43817389011383057]",a7025ee64bfa70eb54019a7f55af26a2c2e61a6176ae69a91f43f4dfc2011aaa,"[64,128,128]",zoology/experiments/flash_vqg/scripts/20260629-01-flash-vqg-gate-logf-stability/outputs/round1e-6/3090/probe.json,0.9999063014984131,gate-logf-probe-s123-r1,fox_gate/input_x,no-dropout,0
torch.float32,28.601274490356445,1,3090,0.7909176349639893,-0.0010268434416502714,4,-0.9383195638656616,16384,1,"[-0.08283299207687378,-0.241709366440773,0.09600935876369476,-0.11982791870832443,0.11765332520008087,-0.2251434177160263,0.011116559617221355,0.30522245168685913]",4933e812fd47b8e42ba184bb02d87699ded1de4c27cec601846a586ea5e82d92,"[64,2,128]",zoology/experiments/flash_vqg/scripts/20260629-01-flash-vqg-gate-logf-stability/outputs/round1e-6/3090/probe.json,0.2234451174736023,gate-logf-probe-s123-r1,fox_gate/logits_cuda,no-dropout,0
torch.float32,5.670083999633789,1,3090,-0.02336999960243702,-0.04374150559306145,4,-0.07928399741649628,16384,1,"[-0.04596399888396263,-0.051330000162124634,-0.04039299860596657,-0.0471780002117157,-0.03975300118327141,-0.05075300112366676,-0.04297500103712082,-0.034508999437093735]",76695b25a4427188f7b034d02d3ec331bd3bc4145ec76407116602b2333b4b73,"[64,2,128]",zoology/experiments/flash_vqg/scripts/20260629-01-flash-vqg-gate-logf-stability/outputs/round1e-6/3090/probe.json,0.006996636278927326,gate-logf-probe-s123-r1,fox_gate/logf_cuda,no-dropout,0
torch.float64,28.601276397705078,1,3090,0.7909178137779236,-0.0010268432088196278,4,-0.938319742679596,16384,1,"[-0.08283302980866172,-0.2417093532595283,0.09600932245882737,-0.11982791153882194,0.11765334588735535,-0.22514342253026098,0.011116572591793022,0.3052224270520008]",282f59132d22b8f233ffbdb9aacd44382b204b63732bca46d61afdb481b86eab,"[64,2,128]",zoology/experiments/flash_vqg/scripts/20260629-01-flash-vqg-gate-logf-stability/outputs/round1e-6/3090/probe.json,0.2234451174736023,gate-logf-probe-s123-r1,fox_gate/logits_ref_fp64_cpu,no-dropout,0
torch.float64,5.6700849533081055,1,3090,-0.023370325565338135,-0.04374150186777115,4,-0.07928420603275299,16384,1,"[-0.045963819639626494,-0.051330442186213424,-0.04039339380076935,-0.04717843153662429,-0.039753112455918706,-0.0507526093442322,-0.042975271341111475,-0.034508508395958565]",21997e7401c15f9ac044c1aa0479bbf42b08ac23e21b35690947089d93d1b98e,"[64,2,128]",zoology/experiments/flash_vqg/scripts/20260629-01-flash-vqg-gate-logf-stability/outputs/round1e-6/3090/probe.json,0.006996637675911188,gate-logf-probe-s123-r1,fox_gate/logf_ref_fp64_cpu,no-dropout,0
torch.float32,5.670083999633789,1,3090,-0.02336999960243702,-0.04374150559306145,4,-0.07928399741649628,16384,1,"[-0.04596399888396263,-0.051330000162124634,-0.04039299860596657,-0.0471780002117157,-0.03975300118327141,-0.05075300112366676,-0.04297500103712082,-0.034508999437093735]",76695b25a4427188f7b034d02d3ec331bd3bc4145ec76407116602b2333b4b73,"[64,2,128]",zoology/experiments/flash_vqg/scripts/20260629-01-flash-vqg-gate-logf-stability/outputs/round1e-6/3090/probe.json,0.006996636278927326,gate-logf-probe-s123-r1,state_build/logf_all,no-dropout,0
torch.float32,63.97881317138672,1,3090,0.5108118057250977,0.49982672929763794,4,0.49036338925361633,16384,1,"[0.5017619729042053,0.5013791918754578,0.5019950270652771,0.4984910786151886,0.5021465420722961,0.5043880939483643,0.4984797239303589,0.5018172264099121]",184d48f076bcfe51ae1505fa7a0d62810133c89edf7f7054a368c0bd6487bd5e,"[64,2,128]",zoology/experiments/flash_vqg/scripts/20260629-01-flash-vqg-gate-logf-stability/outputs/round1e-6/3090/probe.json,0.002783245872706175,gate-logf-probe-s123-r1,state_build/beta_all,no-dropout,0
torch.float32,9.228867530822754,1,3090,0.056356437504291534,0.0015999403549358249,4,-0.04062727466225624,2097152,1,"[0.0,0.0,0.0,0.0,0.0,0.0,0.0,0.0]",935f1496281dfe05423cb051c92a1401f38edf75828ca213ba5dcc6d09f2cfb7,"[64,2,4,64,64]",zoology/experiments/flash_vqg/scripts/20260629-01-flash-vqg-gate-logf-stability/outputs/round1e-6/3090/probe.json,0.006168912630528212,gate-logf-probe-s123-r1,state_build/G_state,no-dropout,0
torch.float32,51.815303802490234,1,3090,0.6145853996276855,0.24426695704460144,4,0.0,32768,1,"[0.0,0.0,0.0,0.0,0.0,0.0,0.0,0.0]",9c3a35dbff11ddb40e7fa0cc040e4a7e55e95c2544f6155e6a162bfc709930dc,"[64,2,4,64]",zoology/experiments/flash_vqg/scripts/20260629-01-flash-vqg-gate-logf-stability/outputs/round1e-6/3090/probe.json,0.14922483265399933,gate-logf-probe-s123-r1,state_build/L_state,no-dropout,0
torch.float32,11.967730522155762,1,3090,0.05693591386079788,7.825232387403958e-06,4,-0.06407801806926727,33554432,1,"[0.0,0.0,0.0,0.0,0.0,0.0,0.0,0.0]",b24960f50411f54f68f22a6b54cb5194a2c1d0048956f763104c9e23a55e80d7,"[64,2,4,64,64,16]",zoology/experiments/flash_vqg/scripts/20260629-01-flash-vqg-gate-logf-stability/outputs/round1e-6/3090/probe.json,0.002070352900773287,gate-logf-probe-s123-r1,state_build/M_state,no-dropout,0
torch.float32,inf,1,3090,1.419405221939087,-4.999999319658694e+29,4,-1.0000000150474662e+30,1048576,1,"[-1.0000000150474662e+30,-1.0000000150474662e+30,-1.0000000150474662e+30,-1.0000000150474662e+30,-1.0000000150474662e+30,-1.0000000150474662e+30,-1.0000000150474662e+30,-1.0000000150474662e+30]",97596ab5b8fc7bc51d33ee4dfa844b03707bcfe00648bd921109471109790937,"[64,2,4,32,64]",zoology/experiments/flash_vqg/scripts/20260629-01-flash-vqg-gate-logf-stability/outputs/round1e-6/3090/probe.json,5.000000075237331e+29,gate-logf-probe-s123-r1,phase2/S_far,no-dropout,0
torch.float32,30.939088821411133,1,3090,0.31244730949401855,0.006402121856808662,4,-0.1882774531841278,1048576,1,"[-0.015544352121651173,-0.026559697464108467,0.13320207595825195,-0.006879156455397606,-0.04905562475323677,0.06787734478712082,-0.0010034780716523528,0.02741418033838272]",dfb5f556c328305e29c02b6c560b684d88c3206e4a8f49e70f850d65f90bc199,"[64,2,4,32,64]",zoology/experiments/flash_vqg/scripts/20260629-01-flash-vqg-gate-logf-stability/outputs/round1e-6/3090/probe.json,0.029528290033340454,gate-logf-probe-s123-r1,phase2/O_base,no-dropout,0
torch.int64,4696.6640625,1,3090,63.0,16.1893310546875,4,0.0,32768,1,"[1,0,1,0,1,0,1,0]",588f4426ac977d3a9f5f595919e7be6b55b0f94438e50f1049ecc782d5eb1abb,"[64,2,4,32,2]",zoology/experiments/flash_vqg/scripts/20260629-01-flash-vqg-gate-logf-stability/outputs/round1e-6/3090/probe.json,20.275161743164062,gate-logf-probe-s123-r1,phase2_read/top_idx,no-dropout,0
torch.float32,inf,1,3090,1.419405221939087,-5.000000075237331e+29,4,-1.0000000150474662e+30,32768,1,"[-1.0000000150474662e+30,-1.0000000150474662e+30,-1.0000000150474662e+30,-1.0000000150474662e+30,-1.0000000150474662e+30,-1.0000000150474662e+30,-1.0000000150474662e+30,-1.0000000150474662e+30]",f86504362a8be8eb149b5f45f85d95ecae09dc997901e0a2c2a1699b6947b05d,"[64,2,4,32,2]",zoology/experiments/flash_vqg/scripts/20260629-01-flash-vqg-gate-logf-stability/outputs/round1e-6/3090/probe.json,5.000000075237331e+29,gate-logf-probe-s123-r1,phase2_read/top_scores,no-dropout,0
torch.float32,12.124395370483398,1,3090,0.5188164710998535,0.043822281062603,4,0.0,32768,1,"[0.0,0.0,0.0,0.0,0.0,0.0,0.0,0.0]",ca2c6b9e17ce402c98ff1823764a64ad882939bcfda421bbe4e47fc3f24176c1,"[64,2,4,32,2]",zoology/experiments/flash_vqg/scripts/20260629-01-flash-vqg-gate-logf-stability/outputs/round1e-6/3090/probe.json,0.05065294727683067,gate-logf-probe-s123-r1,phase2_read/top_probs,no-dropout,0
torch.float32,1.6561295986175537,1,3090,0.12434086948633194,0.005246057640761137,4,0.0,32768,1,"[0.0,0.0,0.0,0.0,0.0,0.0,0.0,0.0]",d95f73dff757ee1b841eabf2d79775070610a580ae6dd3cc3d83b4328d03cac6,"[64,2,4,32,2]",zoology/experiments/flash_vqg/scripts/20260629-01-flash-vqg-gate-logf-stability/outputs/round1e-6/3090/probe.json,0.007495427504181862,gate-logf-probe-s123-r1,phase2_read/omega_sel,no-dropout,0
torch.float32,2.2488296031951904,1,3090,0.15520766377449036,0.010492115281522274,4,0.0,16384,1,"[0.0,0.0,0.0,0.0,0.0,0.0,0.0,0.0]",0c14e665ab63e96e4f9df3613e75a2647bd35b56c540ec3f033fe534f68db80b,"[64,2,4,32]",zoology/experiments/flash_vqg/scripts/20260629-01-flash-vqg-gate-logf-stability/outputs/round1e-6/3090/probe.json,0.014092008583247662,gate-logf-probe-s123-r1,phase2_read/read_selected_mass,no-dropout,0
torch.float32,0.06817717850208282,1,3090,0.004307311959564686,2.425982074782951e-06,4,-0.0016756362747401,1048576,1,"[0.0,0.0,0.0,0.0,0.0,0.0,0.0,0.0]",e179bc6bd1664d7a08ca8bbd92c7981c4fb10dd97c2102a7514721bd7699ce13,"[64,2,4,32,64]",zoology/experiments/flash_vqg/scripts/20260629-01-flash-vqg-gate-logf-stability/outputs/round1e-6/3090/probe.json,6.653595482930541e-05,gate-logf-probe-s123-r1,phase2_read/u_res,no-dropout,0
torch.float32,3.2674458026885986,1,3090,0.14664459228515625,0.00011916107177967206,4,-0.06589658558368683,1048576,1,"[0.0,0.0,0.0,0.0,0.0,0.0,0.0,0.0]",0bcd20f204d94e103db4f13c14faa45ea83d0b4357066358667ebd060da38991,"[64,2,4,32,64]",zoology/experiments/flash_vqg/scripts/20260629-01-flash-vqg-gate-logf-stability/outputs/round1e-6/3090/probe.json,0.003188682720065117,gate-logf-probe-s123-r1,phase2/O_res_added,no-dropout,0
torch.float32,31.248836517333984,1,3090,0.31244730949401855,0.006521282717585564,4,-0.1882774531841278,1048576,1,"[-0.015544352121651173,-0.026559697464108467,0.13320207595825195,-0.006879156455397606,-0.04905562475323677,0.06787734478712082,-0.0010034780716523528,0.02741418033838272]",8d1867cb984061c09216f3699d2546509f2ce7b9b60a2a73c38e6cb627b453e9,"[64,2,4,32,64]",zoology/experiments/flash_vqg/scripts/20260629-01-flash-vqg-gate-logf-stability/outputs/round1e-6/3090/probe.json,0.029811866581439972,gate-logf-probe-s123-r1,phase2/Out_f32,no-dropout,0
torch.float32,31.248836517333984,1,3090,0.31244730949401855,0.006521282717585564,4,-0.1882774531841278,1048576,1,"[-0.015544352121651173,-0.026559697464108467,0.13320207595825195,-0.006879156455397606,-0.04905562475323677,0.06787734478712082,-0.0010034780716523528,0.02741418033838272]",15fa10bf75f20c40cfe1c9299f1f499898df3b754e8b03a44237d9bb46006879,"[64,2,128,64]",zoology/experiments/flash_vqg/scripts/20260629-01-flash-vqg-gate-logf-stability/outputs/round1e-6/3090/probe.json,0.029811866581439972,gate-logf-probe-s123-r1,output_proj/O_heads,no-dropout,0
torch.float32,117.77049255371094,1,3090,2.0795767307281494,0.00300576351583004,4,-1.526729941368103,1048576,1,"[0.011408974416553974,-0.03301495686173439,0.46976542472839355,0.002763478783890605,0.02360443025827408,-0.036988139152526855,-0.00420113792642951,0.027117226272821426]",5ec4b09601d9ae4864aae003473dac44bea3e33141b630e5613e99ca90a09f06,"[64,2,128,64]",zoology/experiments/flash_vqg/scripts/20260629-01-flash-vqg-gate-logf-stability/outputs/round1e-6/3090/probe.json,0.11497461795806885,gate-logf-probe-s123-r1,output_proj/o_heads,no-dropout,0
torch.float32,26.656972885131836,1,3090,0.13693378865718842,-8.608133066445589e-05,4,-0.15185490250587463,1048576,1,"[0.012983610853552818,0.017023451626300812,0.006250436883419752,-0.03937310352921486,-0.02509072609245777,-0.039975445717573166,-0.038618993014097214,0.006430499721318483]",053b92596f46b1ce02fe4b7a079774491629c04e7562f5e12a8420411f7429f3,"[64,128,128]",zoology/experiments/flash_vqg/scripts/20260629-01-flash-vqg-gate-logf-stability/outputs/round1e-6/3090/probe.json,0.026032375171780586,gate-logf-probe-s123-r1,output_proj/res,no-dropout,0
torch.float32,1851.4136962890625,,3090,3.151853322982788,0.00138530891854316,4,-1.2499268054962158,67108864,1,"[0.2500435411930084,-0.12531648576259613,-0.2158806324005127,0.44292113184928894,-0.4351251721382141,-0.2086520940065384,-0.01115505862981081,0.029965076595544815]",4007f43f2b6a0ea69c98797aee5acdc7ccdc35194d004c9018af9457692313ad,"[64,128,8192]",zoology/experiments/flash_vqg/scripts/20260629-01-flash-vqg-gate-logf-stability/outputs/round1e-6/3090/probe.json,0.22733858227729797,gate-logf-probe-s123-r1,forward/logits,no-dropout,0
,,,3090,,,4,,,1,,e915ec4f426b11c78269b02ef717ac73ba4bd6633a6e7f8f10fdaec75ac857bd,,zoology/experiments/flash_vqg/scripts/20260629-01-flash-vqg-gate-logf-stability/outputs/round1e-6/3090/probe.json,,gate-logf-probe-s123-r1,forward/preds,no-dropout,0
float,10.823697090148926,,3090,10.823697090148926,10.823697090148926,4,10.823697090148926,1,1,[10.823697090148926],10.8236970901,[],zoology/experiments/flash_vqg/scripts/20260629-01-flash-vqg-gate-logf-stability/outputs/round1e-6/3090/probe.json,0,gate-logf-probe-s123-r1,forward/loss,no-dropout,0
torch.float32,255.99632263183594,1,3090,1.4654669761657715,0.002389530884101987,16,-1.5354397296905518,524288,4,"[-1.289825677871704,-0.09237997978925705,0.04421180114150047,0.4779365658760071,-0.015282855369150639,0.22324231266975403,-0.3816739618778229,0.052330512553453445]",7f55a2e27faf84d54c3699c28c435984f3fa1f535f044f02b5ac4c32a5399be2,"[64,2,64,64]",zoology/experiments/flash_vqg/scripts/20260629-01-flash-vqg-gate-logf-stability/outputs/round1e-6/3090/probe.json,0.3535417318344116,gate-logf-probe-s123-r1,phase1/q_all,no-dropout,0
torch.float32,255.99417114257812,1,3090,1.5119333267211914,0.0006959401653148234,16,-1.4341650009155273,524288,4,"[-0.01461315993219614,-0.4192250072956085,0.10734874755144119,0.3875778615474701,0.6292592287063599,-0.011795278638601303,-0.09897589683532715,0.3488617539405823]",1d58ac9043d45470dc2a3b96647b57cfb89c35900a8822bc35b63db261aa1268,"[64,2,64,64]",zoology/experiments/flash_vqg/scripts/20260629-01-flash-vqg-gate-logf-stability/outputs/round1e-6/3090/probe.json,0.3535459041595459,gate-logf-probe-s123-r1,phase1/k_all,no-dropout,0
torch.float32,59.423614501953125,1,3090,0.558718740940094,0.00662977434694767,16,-0.23941925168037415,524288,4,"[0.03630553558468819,0.03365478292107582,-0.0014246654463931918,0.04859038442373276,-0.02610352635383606,0.05406432971358299,0.07096210867166519,-0.04246621951460838]",6e4a657785f312d784717715b10d2854076f20561f46c795dfd1ac8327abd1b5,"[64,2,64,64]",zoology/experiments/flash_vqg/scripts/20260629-01-flash-vqg-gate-logf-stability/outputs/round1e-6/3090/probe.json,0.08180012553930283,gate-logf-probe-s123-r1,phase1/v_all,no-dropout,0
torch.float32,164.4031524658203,1,3090,1.0402848720550537,8.373222954105586e-05,16,-1.0989203453063965,524288,4,"[-0.05597946047782898,-0.060355715453624725,-0.06590767204761505,-0.00676826061680913,-0.33864298462867737,-0.13862769305706024,0.4080864191055298,0.14066851139068604]",67d2ad8fe84793c4e44be864c20a3190a024138cfcf56f1459743c111b39011b,"[64,2,64,64]",zoology/experiments/flash_vqg/scripts/20260629-01-flash-vqg-gate-logf-stability/outputs/round1e-6/3090/probe.json,0.22705279290676117,gate-logf-probe-s123-r1,phase1/g_raw_all,no-dropout,0
torch.float32,44.95454406738281,1,3090,0.28437358140945435,0.0017287026857957244,16,-0.26763424277305603,524288,4,"[0.026794295758008957,-0.05963433161377907,0.03888235613703728,0.09451742470264435,0.11253676563501358,-0.05108081176877022,-0.0607973150908947,-0.07243676483631134]",8866cb867b3549d880bacabb7061fd90f647a5642cdad1751176ddb3ac6ca12c,"[64,2,64,64]",zoology/experiments/flash_vqg/scripts/20260629-01-flash-vqg-gate-logf-stability/outputs/round1e-6/3090/probe.json,0.062061455100774765,gate-logf-probe-s123-r1,phase1/K_q_all,no-dropout,0
torch.int32,3382.143310546875,1,3090,63.0,32.605712890625,16,0.0,8192,4,"[12,26,20,20,59,36,25,46]",2563cc81e99a2d667d4e347978a2890542218ed9eeefa74ace78428bfcfec669,"[64,2,64]",zoology/experiments/flash_vqg/scripts/20260629-01-flash-vqg-gate-logf-stability/outputs/round1e-6/3090/probe.json,18.254228591918945,gate-logf-probe-s123-r1,phase1/Delta_all,no-dropout,0
torch.float32,13.353936195373535,1,3090,0.14052271842956543,0.015625,16,0.001267187879420817,524288,4,"[0.020792381837964058,0.017543043941259384,0.017525432631373405,0.019577400758862495,0.009495443664491177,0.016027456149458885,0.020636573433876038,0.011751788668334484]",20692deb8649468f27a1d04933433114d8a0f1363451ac420ccc1c32ddec35eb,"[64,2,64,64]",zoology/experiments/flash_vqg/scripts/20260629-01-flash-vqg-gate-logf-stability/outputs/round1e-6/3090/probe.json,0.009797599166631699,gate-logf-probe-s123-r1,phase1/W_all,no-dropout,0
torch.float32,723.9485473632812,1,3090,4.605464935302734,0.00017793080769479275,16,-4.666498184204102,524288,4,"[-0.988804280757904,0.24363385140895844,-0.17303898930549622,0.016993312165141106,-0.45242443680763245,1.5978374481201172,-2.3119099140167236,0.09108102321624756]",e6df3a77a6f865ed8ebb408187889c7dc813914e69f1ed3f684859f749192a71,"[64,64,128]",zoology/experiments/flash_vqg/scripts/20260629-01-flash-vqg-gate-logf-stability/outputs/round1e-6/3090/probe.json,0.9998248815536499,gate-logf-probe-s123-r1,fox_gate/input_x,no-dropout,0
torch.float32,20.52471923828125,1,3090,0.8310166001319885,-0.005933372303843498,16,-0.9249502420425415,8192,4,"[-0.3151961863040924,-0.24865427613258362,-0.3487229347229004,0.052304357290267944,-0.345197468996048,-0.14477607607841492,-0.0852307602763176,-0.19949737191200256]",a74b12e08d14847e53160354cecd47df36be5241c84ae3954aa134158172c2ec,"[64,2,64]",zoology/experiments/flash_vqg/scripts/20260629-01-flash-vqg-gate-logf-stability/outputs/round1e-6/3090/probe.json,0.2266906052827835,gate-logf-probe-s123-r1,fox_gate/logits_cuda,no-dropout,0
torch.float32,4.0256733894348145,1,3090,-0.022599000483751297,-0.043906353414058685,16,-0.07868500053882599,8192,4,"[-0.05394500121474266,-0.05157399922609329,-0.05516500025987625,-0.04170899838209152,-0.055034998804330826,-0.048009999096393585,-0.04604199901223183,-0.049865998327732086]",ad4afe8bc9b8b11043be031e2ae1b94ea5a5d2ae7350ea284b476fc990ae132a,"[64,2,64]",zoology/experiments/flash_vqg/scripts/20260629-01-flash-vqg-gate-logf-stability/outputs/round1e-6/3090/probe.json,0.007106964476406574,gate-logf-probe-s123-r1,fox_gate/logf_cuda,no-dropout,0
torch.float64,20.52471923828125,1,3090,0.8310166597366333,-0.005933372303843498,16,-0.924950361251831,8192,4,"[-0.3151961226347557,-0.24865427050215275,-0.34872293399094945,0.05230430175560949,-0.3451974972808758,-0.14477608351106552,-0.08523071889958178,-0.19949737407983237]",148e123f88e5d7ec8b033dbbe1551d8ecaba8081c4b1cd38632f142d22f46dc6,"[64,2,64]",zoology/experiments/flash_vqg/scripts/20260629-01-flash-vqg-gate-logf-stability/outputs/round1e-6/3090/probe.json,0.2266906052827835,gate-logf-probe-s123-r1,fox_gate/logits_ref_fp64_cpu,no-dropout,0
torch.float64,4.0256733894348145,1,3090,-0.022599199786782265,-0.043906353414058685,16,-0.07868475466966629,8192,4,"[-0.05394454670498497,-0.051573944078996355,-0.055164575237950576,-0.04170855988790165,-0.05503548250986877,-0.04800955947775231,-0.04604189373319416,-0.049866408739292455]",80e464ac81d8f3f6c7b820095fcf75fd1b8950e83ead7cbf28fa08fa2b2e47d3,"[64,2,64]",zoology/experiments/flash_vqg/scripts/20260629-01-flash-vqg-gate-logf-stability/outputs/round1e-6/3090/probe.json,0.007106960751116276,gate-logf-probe-s123-r1,fox_gate/logf_ref_fp64_cpu,no-dropout,0
torch.float32,4.0256733894348145,1,3090,-0.022599000483751297,-0.043906353414058685,16,-0.07868500053882599,8192,4,"[-0.05394500121474266,-0.05157399922609329,-0.05516500025987625,-0.04170899838209152,-0.055034998804330826,-0.048009999096393585,-0.04604199901223183,-0.049865998327732086]",ad4afe8bc9b8b11043be031e2ae1b94ea5a5d2ae7350ea284b476fc990ae132a,"[64,2,64]",zoology/experiments/flash_vqg/scripts/20260629-01-flash-vqg-gate-logf-stability/outputs/round1e-6/3090/probe.json,0.007106964476406574,gate-logf-probe-s123-r1,state_build/logf_all,no-dropout,0
torch.float32,45.27908706665039,1,3090,0.5242708921432495,0.5002332925796509,16,0.47818684577941895,8192,4,"[0.5109211206436157,0.4941251277923584,0.4995640814304352,0.5021540522575378,0.49508029222488403,0.49337509274482727,0.4989183843135834,0.4955058693885803]",2577f4737b137c3d4c9814cb6036e8fb8ddb6cb69994bf4b716d93f40fe2e306,"[64,2,64]",zoology/experiments/flash_vqg/scripts/20260629-01-flash-vqg-gate-logf-stability/outputs/round1e-6/3090/probe.json,0.005890891887247562,gate-logf-probe-s123-r1,state_build/beta_all,no-dropout,0
torch.float32,5.571156024932861,1,3090,0.05771254003047943,0.0008911102777346969,16,-0.04411221668124199,1048576,4,"[0.0,0.0,0.0,0.0,0.0,0.0,0.0,0.0]",a076479cff7740c56469f7b542e67356c2ee1e9ded6009b3e95d888a3a2cf1a6,"[64,2,2,64,64]",zoology/experiments/flash_vqg/scripts/20260629-01-flash-vqg-gate-logf-stability/outputs/round1e-6/3090/probe.json,0.005367126315832138,gate-logf-probe-s123-r1,state_build/G_state,no-dropout,0
torch.float32,25.3120059967041,1,3090,0.5760974884033203,0.13739608228206635,16,0.0,16384,4,"[0.0,0.0,0.0,0.0,0.0,0.0,0.0,0.0]",673eeffcf4e707483962903e8b32716de24d051a52c7f31bc53d830031ee9e06,"[64,2,2,64]",zoology/experiments/flash_vqg/scripts/20260629-01-flash-vqg-gate-logf-stability/outputs/round1e-6/3090/probe.json,0.1422230452299118,gate-logf-probe-s123-r1,state_build/L_state,no-dropout,0
torch.float32,6.793667793273926,1,3090,0.04897481948137283,3.423671614655177e-06,16,-0.049780357629060745,16777216,4,"[0.0,0.0,0.0,0.0,0.0,0.0,0.0,0.0]",ab0c42642d84136b2276e0b0b590b3659c8c4239c78134e060b3a6f595754108,"[64,2,2,64,64,16]",zoology/experiments/flash_vqg/scripts/20260629-01-flash-vqg-gate-logf-stability/outputs/round1e-6/3090/probe.json,0.0016592871397733688,gate-logf-probe-s123-r1,state_build/M_state,no-dropout,0
torch.float32,inf,1,3090,-1.0000000150474662e+30,-1.0000001661631937e+30,16,-1.0000000150474662e+30,524288,4,"[-1.0000000150474662e+30,-1.0000000150474662e+30,-1.0000000150474662e+30,-1.0000000150474662e+30,-1.0000000150474662e+30,-1.0000000150474662e+30,-1.0000000150474662e+30,-1.0000000150474662e+30]",61ce6a8cd370ca81c3f343145d521a45aac538ef8972e11b8dba8c5540f1eff2,"[64,2,2,32,64]",zoology/experiments/flash_vqg/scripts/20260629-01-flash-vqg-gate-logf-stability/outputs/round1e-6/3090/probe.json,1.5111572745182865e+23,gate-logf-probe-s123-r1,phase2/S_far,no-dropout,0
torch.float32,26.517709732055664,1,3090,0.31720197200775146,0.006568689830601215,16,-0.19890104234218597,524288,4,"[0.03630553558468819,0.03365478292107582,-0.0014246654463931918,0.04859038442373276,-0.02610352635383606,0.05406432971358299,0.07096210867166519,-0.04246621951460838]",b8343bf30f5f9c71fc5fc97f596eaa39e84ea4f51d31edd458616b9891f74a24,"[64,2,2,32,64]",zoology/experiments/flash_vqg/scripts/20260629-01-flash-vqg-gate-logf-stability/outputs/round1e-6/3090/probe.json,0.03602903336286545,gate-logf-probe-s123-r1,phase2/O_base,no-dropout,0
torch.int64,90.5096664428711,1,3090,1.0,0.5,16,0.0,16384,4,"[1,0,1,0,1,0,1,0]",dc11edbaeecd85c2e2c82456db4232b7ddbbdfd7d6481b97eca720a60ac56f7c,"[64,2,2,32,2]",zoology/experiments/flash_vqg/scripts/20260629-01-flash-vqg-gate-logf-stability/outputs/round1e-6/3090/probe.json,0.5,gate-logf-probe-s123-r1,phase2_read/top_idx,no-dropout,0
torch.float32,inf,1,3090,-1.0000000150474662e+30,-1.0000001661631937e+30,16,-1.0000000150474662e+30,16384,4,"[-1.0000000150474662e+30,-1.0000000150474662e+30,-1.0000000150474662e+30,-1.0000000150474662e+30,-1.0000000150474662e+30,-1.0000000150474662e+30,-1.0000000150474662e+30,-1.0000000150474662e+30]",9a9fe1aa50ef523d738b70d1c4410771a1eebdba615eba1bac04c3b3539793cb,"[64,2,2,32,2]",zoology/experiments/flash_vqg/scripts/20260629-01-flash-vqg-gate-logf-stability/outputs/round1e-6/3090/probe.json,1.5111572745182865e+23,gate-logf-probe-s123-r1,phase2_read/top_scores,no-dropout,0
torch.float32,0.0,1,3090,0.0,0.0,16,0.0,16384,4,"[0.0,0.0,0.0,0.0,0.0,0.0,0.0,0.0]",85a80fae2f428310daf8e819aed8147d2ca75f273599d1da531939dbf3f55a7b,"[64,2,2,32,2]",zoology/experiments/flash_vqg/scripts/20260629-01-flash-vqg-gate-logf-stability/outputs/round1e-6/3090/probe.json,0.0,gate-logf-probe-s123-r1,phase2_read/top_probs,no-dropout,0
torch.float32,0.0,1,3090,0.0,0.0,16,0.0,16384,4,"[0.0,0.0,0.0,0.0,0.0,0.0,0.0,0.0]",85a80fae2f428310daf8e819aed8147d2ca75f273599d1da531939dbf3f55a7b,"[64,2,2,32,2]",zoology/experiments/flash_vqg/scripts/20260629-01-flash-vqg-gate-logf-stability/outputs/round1e-6/3090/probe.json,0.0,gate-logf-probe-s123-r1,phase2_read/omega_sel,no-dropout,0
torch.float32,0.0,1,3090,0.0,0.0,16,0.0,8192,4,"[0.0,0.0,0.0,0.0,0.0,0.0,0.0,0.0]",f8dbbb428d043d7769f8fef4e7717b8a7a9697ac9b6425b62cef8cbd4120f9b0,"[64,2,2,32]",zoology/experiments/flash_vqg/scripts/20260629-01-flash-vqg-gate-logf-stability/outputs/round1e-6/3090/probe.json,0.0,gate-logf-probe-s123-r1,phase2_read/read_selected_mass,no-dropout,0
torch.float32,0.0,1,3090,0.0,0.0,16,0.0,524288,4,"[0.0,0.0,0.0,0.0,0.0,0.0,0.0,0.0]",33f5081ccd747a947e389515e1c9cde8155433ffa6999a97fd86a1da6b73247a,"[64,2,2,32,64]",zoology/experiments/flash_vqg/scripts/20260629-01-flash-vqg-gate-logf-stability/outputs/round1e-6/3090/probe.json,0.0,gate-logf-probe-s123-r1,phase2_read/u_res,no-dropout,0
torch.float32,0.0,1,3090,0.0,0.0,16,0.0,524288,4,"[0.0,0.0,0.0,0.0,0.0,0.0,0.0,0.0]",33f5081ccd747a947e389515e1c9cde8155433ffa6999a97fd86a1da6b73247a,"[64,2,2,32,64]",zoology/experiments/flash_vqg/scripts/20260629-01-flash-vqg-gate-logf-stability/outputs/round1e-6/3090/probe.json,0.0,gate-logf-probe-s123-r1,phase2/O_res_added,no-dropout,0
torch.float32,26.517709732055664,1,3090,0.31720197200775146,0.006568689830601215,16,-0.19890104234218597,524288,4,"[0.03630553558468819,0.03365478292107582,-0.0014246654463931918,0.04859038442373276,-0.02610352635383606,0.05406432971358299,0.07096210867166519,-0.04246621951460838]",b8343bf30f5f9c71fc5fc97f596eaa39e84ea4f51d31edd458616b9891f74a24,"[64,2,2,32,64]",zoology/experiments/flash_vqg/scripts/20260629-01-flash-vqg-gate-logf-stability/outputs/round1e-6/3090/probe.json,0.03602903336286545,gate-logf-probe-s123-r1,phase2/Out_f32,no-dropout,0
torch.float32,26.517709732055664,1,3090,0.31720197200775146,0.006568689830601215,16,-0.19890104234218597,524288,4,"[0.03630553558468819,0.03365478292107582,-0.0014246654463931918,0.04859038442373276,-0.02610352635383606,0.05406432971358299,0.07096210867166519,-0.04246621951460838]",2f70092686b830b326c9ba36fe84cb1c0be6613f2297ca02f0ea2f7980cfa25d,"[64,2,64,64]",zoology/experiments/flash_vqg/scripts/20260629-01-flash-vqg-gate-logf-stability/outputs/round1e-6/3090/probe.json,0.03602903336286545,gate-logf-probe-s123-r1,output_proj/O_heads,no-dropout,0
torch.float32,83.54645538330078,1,3090,1.7350189685821533,0.00306878169067204,16,-1.2567538022994995,524288,4,"[-0.019672108814120293,-0.019649077206850052,0.0009039486758410931,-0.0032588255126029253,0.07354223728179932,-0.06932925432920456,0.3460575342178345,-0.06361118704080582]",62a44772a7e0a9907c58af636246d1e10835aa14963bc29257a4859bc4b188b4,"[64,2,64,64]",zoology/experiments/flash_vqg/scripts/20260629-01-flash-vqg-gate-logf-stability/outputs/round1e-6/3090/probe.json,0.11534398049116135,gate-logf-probe-s123-r1,output_proj/o_heads,no-dropout,0
torch.float32,19.035053253173828,1,3090,0.13648703694343567,6.994557224970777e-06,16,-0.15835005044937134,524288,4,"[0.010070385411381721,0.028161687776446342,0.04415379464626312,-0.014323309063911438,-0.02576315589249134,-0.023505602031946182,0.051915064454078674,-0.02199675142765045]",486daffeeee88bc29d833c42c28161751bcf1cc6300f9955840750ad08b97aed,"[64,64,128]",zoology/experiments/flash_vqg/scripts/20260629-01-flash-vqg-gate-logf-stability/outputs/round1e-6/3090/probe.json,0.026288794353604317,gate-logf-probe-s123-r1,output_proj/res,no-dropout,0
torch.float32,1316.5570068359375,,3090,3.0274007320404053,0.00871348287910223,16,-1.1750696897506714,33554432,4,"[0.007214238867163658,0.5792779922485352,0.03967432305216789,-0.20737618207931519,0.08488890528678894,0.31735485792160034,0.18229250609874725,0.02982400916516781]",ff36eeb0ea2fdabdd74abb8ba1a7f9c5af6389d45bc6aff860f6f34218c86606,"[64,64,8192]",zoology/experiments/flash_vqg/scripts/20260629-01-flash-vqg-gate-logf-stability/outputs/round1e-6/3090/probe.json,0.22759519517421722,gate-logf-probe-s123-r1,forward/logits,no-dropout,0
,,,3090,,,16,,,4,,ad637d48bbfa647c77aa7a80ab6bb8386c0b04a27fde68ffbec77678ad9e3df0,,zoology/experiments/flash_vqg/scripts/20260629-01-flash-vqg-gate-logf-stability/outputs/round1e-6/3090/probe.json,,gate-logf-probe-s123-r1,forward/preds,no-dropout,0
float,10.682337760925293,,3090,10.682337760925293,10.682337760925293,16,10.682337760925293,1,4,[10.682337760925293],10.6823377609,[],zoology/experiments/flash_vqg/scripts/20260629-01-flash-vqg-gate-logf-stability/outputs/round1e-6/3090/probe.json,0,gate-logf-probe-s123-r1,forward/loss,no-dropout,0
torch.float32,362.0314025878906,1,3090,1.6056721210479736,0.009767023846507072,64,-1.5042442083358765,1048576,16,"[-0.613600492477417,-0.11736821383237839,-0.4864322245121002,-0.015505618415772915,0.21080057322978973,0.541354238986969,-0.17452466487884521,-0.5520113706588745]",0ffb781a613e4064a01dfd8a9ec4ee91469fb8bdd799c01b103a00bd91c53e7a,"[64,2,128,64]",zoology/experiments/flash_vqg/scripts/20260629-01-flash-vqg-gate-logf-stability/outputs/round1e-6/3090/probe.json,0.35341504216194153,gate-logf-probe-s123-r1,phase1/q_all,no-dropout,0
torch.float32,362.032470703125,1,3090,1.4188997745513916,0.003873043227940798,64,-1.524208426475525,1048576,16,"[0.04114500805735588,-0.12405861169099808,0.2744429111480713,0.6396233439445496,0.44589763879776,0.06586373597383499,-0.07438305765390396,-0.020674236118793488]",b6533834cd067c06660ff63c5f952d6970208223e58fd9befd24790945fa5061,"[64,2,128,64]",zoology/experiments/flash_vqg/scripts/20260629-01-flash-vqg-gate-logf-stability/outputs/round1e-6/3090/probe.json,0.3535296618938446,gate-logf-probe-s123-r1,phase1/k_all,no-dropout,0
torch.float32,89.26390075683594,1,3090,0.6189635992050171,0.006829829886555672,64,-0.25991368293762207,1048576,16,"[0.056178394705057144,0.02073126845061779,-0.002667465014383197,-0.0663009062409401,-0.04448770731687546,0.12047303467988968,-0.06134828180074692,-0.014323601499199867]",1aad6e8a9cc1f99cfffac6b27cd4540222eff03e8e4d31d6a955673f01f48eca,"[64,2,128,64]",zoology/experiments/flash_vqg/scripts/20260629-01-flash-vqg-gate-logf-stability/outputs/round1e-6/3090/probe.json,0.08690482378005981,gate-logf-probe-s123-r1,phase1/v_all,no-dropout,0
torch.float32,240.2842559814453,1,3090,1.090064525604248,0.0016241230769082904,64,-1.1739932298660278,1048576,16,"[0.0984368696808815,-0.37204626202583313,0.10818730294704437,0.17372460663318634,0.17582860589027405,-0.0924617350101471,0.09470774978399277,-0.18316873908042908]",658f0ac46afff7a9902a6d5c2dd65ed10d984b2ad7e59fbb666e57fde4779474,"[64,2,128,64]",zoology/experiments/flash_vqg/scripts/20260629-01-flash-vqg-gate-logf-stability/outputs/round1e-6/3090/probe.json,0.23464979231357574,gate-logf-probe-s123-r1,phase1/g_raw_all,no-dropout,0
torch.float32,91.01971435546875,1,3090,0.3393797278404236,0.003190096002072096,64,-0.3158739507198334,1048576,16,"[0.01529253926128149,-0.010191831737756729,0.08713261783123016,0.128167062997818,0.10844102501869202,0.010949072428047657,-0.033063918352127075,-0.03860281780362129]",8a2e9149aea0fd5a1d716a6f19cefa5b36f769c77c334b074307383e66e3778b,"[64,2,128,64]",zoology/experiments/flash_vqg/scripts/20260629-01-flash-vqg-gate-logf-stability/outputs/round1e-6/3090/probe.json,0.08883006125688553,gate-logf-probe-s123-r1,phase1/K_q_all,no-dropout,0
torch.int32,3509.263916015625,1,3090,63.0,21.657958984375,64,0.0,16384,16,"[39,39,20,20,29,29,29,29]",aecd66002127ece0011ee2d7ec35772ce5278bd86d1cce5aba212ceafc2f9042,"[64,2,128]",zoology/experiments/flash_vqg/scripts/20260629-01-flash-vqg-gate-logf-stability/outputs/round1e-6/3090/probe.json,16.81001853942871,gate-logf-probe-s123-r1,phase1/Delta_all,no-dropout,0
torch.float32,21.3958683013916,1,3090,0.19494344294071198,0.015625,64,0.0007409332902170718,1048576,16,"[0.00782882608473301,0.011242442764341831,0.01768060028553009,0.010895069688558578,0.020195508375763893,0.008864490315318108,0.010764128528535366,0.006665801163762808]",13c26ad682cbd782cccd731c46896e7b7371677510076792ea071321ef31a937,"[64,2,128,64]",zoology/experiments/flash_vqg/scripts/20260629-01-flash-vqg-gate-logf-stability/outputs/round1e-6/3090/probe.json,0.013872074894607067,gate-logf-probe-s123-r1,phase1/W_all,no-dropout,0
torch.float32,1024.5545654296875,1,3090,4.762758255004883,0.00096010637935251,64,-4.996556282043457,1048576,16,"[1.3184754848480225,0.665383517742157,1.2700821161270142,-0.8426204323768616,-0.36223143339157104,-0.40442830324172974,0.25519490242004395,-1.5643810033798218]",2f5313886b010a8a35fcd510e2a63bc806fbf5f1fa449ebca549860e5b94e921,"[64,128,128]",zoology/experiments/flash_vqg/scripts/20260629-01-flash-vqg-gate-logf-stability/outputs/round1e-6/3090/probe.json,1.000551700592041,gate-logf-probe-s123-r1,fox_gate/input_x,no-dropout,0
torch.float32,27.866220474243164,1,3090,0.817733645439148,-0.018170924857258797,64,-0.8381786942481995,16384,16,"[-0.3160625398159027,-0.35100969672203064,-0.09163230657577515,0.01174705009907484,0.18407298624515533,-0.020213967189192772,-0.2559051811695099,-0.09875647723674774]",629bdab4f7280265c3eaf8a6430d328ac93add9a1ea17d97d52d8e127bb7091c,"[64,2,128]",zoology/experiments/flash_vqg/scripts/20260629-01-flash-vqg-gate-logf-stability/outputs/round1e-6/3090/probe.json,0.21694517135620117,gate-logf-probe-s123-r1,fox_gate/logits_cuda,no-dropout,0
torch.float32,5.732530117034912,1,3090,-0.02285199984908104,-0.044257670640945435,64,-0.07485000044107437,16384,16,"[-0.05397599935531616,-0.05524799972772598,-0.046250998973846436,-0.042955998331308365,-0.03783399984240532,-0.043956998735666275,-0.05182899907231331,-0.046484000980854034]",ec8d6cd270452dbfb6d18125c9f8314350c25f4c41c0132f33aa1410c352fb73,"[64,2,128]",zoology/experiments/flash_vqg/scripts/20260629-01-flash-vqg-gate-logf-stability/outputs/round1e-6/3090/probe.json,0.006854901555925608,gate-logf-probe-s123-r1,fox_gate/logf_cuda,no-dropout,0
torch.float64,27.86621856689453,1,3090,0.8177337646484375,-0.018170922994613647,64,-0.8381791114807129,16384,16,"[-0.3160624944567537,-0.3510097043896304,-0.09163231973170918,0.011747107717968552,0.18407296027599204,-0.020213943685540192,-0.2559052108351242,-0.09875653010314944]",46eb922284f295e675f72e77d598e86a00814d9e0639e42349e30d172775bdb7,"[64,2,128]",zoology/experiments/flash_vqg/scripts/20260629-01-flash-vqg-gate-logf-stability/outputs/round1e-6/3090/probe.json,0.21694517135620117,gate-logf-probe-s123-r1,fox_gate/logits_ref_fp64_cpu,no-dropout,0
torch.float64,5.73253059387207,1,3090,-0.022852269932627678,-0.044257670640945435,64,-0.07484990358352661,16384,16,"[-0.053975858395866105,-0.055248411835589845,-0.04625078335571226,-0.042955679744953096,-0.03783375570726281,-0.04395657668581797,-0.05182896757005597,-0.046484003566014495]",463d41e35abbf9eefd2c9387ff21e077a25aed6fb07d77a4dc53741df90b3367,"[64,2,128]",zoology/experiments/flash_vqg/scripts/20260629-01-flash-vqg-gate-logf-stability/outputs/round1e-6/3090/probe.json,0.006854896899312735,gate-logf-probe-s123-r1,fox_gate/logf_ref_fp64_cpu,no-dropout,0
torch.float32,5.732530117034912,1,3090,-0.02285199984908104,-0.044257670640945435,64,-0.07485000044107437,16384,16,"[-0.05397599935531616,-0.05524799972772598,-0.046250998973846436,-0.042955998331308365,-0.03783399984240532,-0.043956998735666275,-0.05182899907231331,-0.046484000980854034]",ec8d6cd270452dbfb6d18125c9f8314350c25f4c41c0132f33aa1410c352fb73,"[64,2,128]",zoology/experiments/flash_vqg/scripts/20260629-01-flash-vqg-gate-logf-stability/outputs/round1e-6/3090/probe.json,0.006854901555925608,gate-logf-probe-s123-r1,state_build/logf_all,no-dropout,0
torch.float32,64.37761688232422,1,3090,0.5497432351112366,0.5027881860733032,64,0.45428231358528137,16384,16,"[0.485699325799942,0.5004277229309082,0.48481541872024536,0.5057429075241089,0.49724966287612915,0.5063698887825012,0.4937503933906555,0.5045447945594788]",0bb0fd6bd8238bae0a08c4be633fe1fe9630b6fa1d51fbc68cefe7a3ec36d0c4,"[64,2,128]",zoology/experiments/flash_vqg/scripts/20260629-01-flash-vqg-gate-logf-stability/outputs/round1e-6/3090/probe.json,0.01276136003434658,gate-logf-probe-s123-r1,state_build/beta_all,no-dropout,0
torch.float32,18.121562957763672,1,3090,0.2511214315891266,0.001664880895987153,64,-0.19625434279441833,2097152,16,"[0.0,0.0,0.0,0.0,0.0,0.0,0.0,0.0]",80ac63145eb124bcc8851e0d62795fa3997428ef39ccf9c94e84a29b7851107b,"[64,2,4,64,64]",zoology/experiments/flash_vqg/scripts/20260629-01-flash-vqg-gate-logf-stability/outputs/round1e-6/3090/probe.json,0.012402800843119621,gate-logf-probe-s123-r1,state_build/G_state,no-dropout,0
torch.float32,61.640541076660156,1,3090,2.188150405883789,0.2421509474515915,64,0.0,32768,16,"[0.0,0.0,0.0,0.0,0.0,0.0,0.0,0.0]",f56c5c6ffcf40def3f1f61373868377ee3decabb5b9fddf001f7b6fd135ecfb0,"[64,2,4,64]",zoology/experiments/flash_vqg/scripts/20260629-01-flash-vqg-gate-logf-stability/outputs/round1e-6/3090/probe.json,0.2394079864025116,gate-logf-probe-s123-r1,state_build/L_state,no-dropout,0
torch.float32,12.791152954101562,1,3090,0.09104634821414948,2.488958443791489e-06,64,-0.09941206127405167,33554432,16,"[0.0,0.0,0.0,0.0,0.0,0.0,0.0,0.0]",e6c8c3c9161669479066ee27edceffe10bc282cdf07d2546ebbe279364c3b8b5,"[64,2,4,64,64,16]",zoology/experiments/flash_vqg/scripts/20260629-01-flash-vqg-gate-logf-stability/outputs/round1e-6/3090/probe.json,0.0022107046097517014,gate-logf-probe-s123-r1,state_build/M_state,no-dropout,0
torch.float32,inf,1,3090,2.8899424076080322,-4.999999319658694e+29,64,-1.0000000150474662e+30,1048576,16,"[-1.0000000150474662e+30,-1.0000000150474662e+30,-1.0000000150474662e+30,-1.0000000150474662e+30,-1.0000000150474662e+30,-1.0000000150474662e+30,-1.0000000150474662e+30,-1.0000000150474662e+30]",ef7e76c9cde004e733e12f72104685ce6bc9ae134e08f441dc56f8514e4949c9,"[64,2,4,32,64]",zoology/experiments/flash_vqg/scripts/20260629-01-flash-vqg-gate-logf-stability/outputs/round1e-6/3090/probe.json,5.000000075237331e+29,gate-logf-probe-s123-r1,phase2/S_far,no-dropout,0
torch.float32,39.9737434387207,1,3090,0.36012187600135803,0.006717646028846502,64,-0.1981944739818573,1048576,16,"[0.056178394705057144,0.02073126845061779,-0.002667465014383197,-0.0663009062409401,-0.04448770731687546,0.12047303467988968,-0.06134828180074692,-0.014323601499199867]",afcf321aa4fed6bbc2403af4fb8bad83dc65fab3d76a8ee9519a6b59cb9aeefd,"[64,2,4,32,64]",zoology/experiments/flash_vqg/scripts/20260629-01-flash-vqg-gate-logf-stability/outputs/round1e-6/3090/probe.json,0.038454990833997726,gate-logf-probe-s123-r1,phase2/O_base,no-dropout,0
torch.int64,4433.125,1,3090,63.0,15.14300537109375,64,0.0,32768,16,"[1,0,1,0,1,0,1,0]",5dbc2894d10c7f1dee05b566d364ecfecbcf0a6704beaf959774a6cdd8afb838,"[64,2,4,32,2]",zoology/experiments/flash_vqg/scripts/20260629-01-flash-vqg-gate-logf-stability/outputs/round1e-6/3090/probe.json,19.24679183959961,gate-logf-probe-s123-r1,phase2_read/top_idx,no-dropout,0
torch.float32,inf,1,3090,2.8899424076080322,-5.000000075237331e+29,64,-1.0000000150474662e+30,32768,16,"[-1.0000000150474662e+30,-1.0000000150474662e+30,-1.0000000150474662e+30,-1.0000000150474662e+30,-1.0000000150474662e+30,-1.0000000150474662e+30,-1.0000000150474662e+30,-1.0000000150474662e+30]",20f010f1f4d49f5070b0e53e8d711b5ba7fde5e636ce6d1b37c081b209b92153,"[64,2,4,32,2]",zoology/experiments/flash_vqg/scripts/20260629-01-flash-vqg-gate-logf-stability/outputs/round1e-6/3090/probe.json,5.000000075237331e+29,gate-logf-probe-s123-r1,phase2_read/top_scores,no-dropout,0
torch.float32,15.061073303222656,1,3090,0.6704350113868713,0.05313601344823837,64,0.0,32768,16,"[0.0,0.0,0.0,0.0,0.0,0.0,0.0,0.0]",4bcb146e5e1ce6708b43b9445866b54137d513cd97e87fd8f9e49769d1bb0502,"[64,2,4,32,2]",zoology/experiments/flash_vqg/scripts/20260629-01-flash-vqg-gate-logf-stability/outputs/round1e-6/3090/probe.json,0.06402380019426346,gate-logf-probe-s123-r1,phase2_read/top_probs,no-dropout,0
torch.float32,2.578007936477661,1,3090,0.17466239631175995,0.007962334901094437,64,0.0,32768,16,"[0.0,0.0,0.0,0.0,0.0,0.0,0.0,0.0]",55e6275a217614fafb02eca3bd32a024d5b2806f1e729da5f796cefacfe4d6ba,"[64,2,4,32,2]",zoology/experiments/flash_vqg/scripts/20260629-01-flash-vqg-gate-logf-stability/outputs/round1e-6/3090/probe.json,0.011807830072939396,gate-logf-probe-s123-r1,phase2_read/omega_sel,no-dropout,0
torch.float32,3.4610354900360107,1,3090,0.22997701168060303,0.015924669802188873,64,0.0,16384,16,"[0.0,0.0,0.0,0.0,0.0,0.0,0.0,0.0]",79fd31e4fa9b8535c5721ca8ec2a08faa89933cd3ebd493db62856bb1e60d7bf,"[64,2,4,32]",zoology/experiments/flash_vqg/scripts/20260629-01-flash-vqg-gate-logf-stability/outputs/round1e-6/3090/probe.json,0.02185247838497162,gate-logf-probe-s123-r1,phase2_read/read_selected_mass,no-dropout,0
torch.float32,0.21191389858722687,1,3090,0.007754928432404995,7.4787403718801215e-06,64,-0.006321520544588566,1048576,16,"[0.0,0.0,0.0,0.0,0.0,0.0,0.0,0.0]",2598bf332651e042c53d690fddf9cc036dcf33aaa8f9cefa04998350e62ac4dc,"[64,2,4,32,64]",zoology/experiments/flash_vqg/scripts/20260629-01-flash-vqg-gate-logf-stability/outputs/round1e-6/3090/probe.json,0.00020681570458691567,gate-logf-probe-s123-r1,phase2_read/u_res,no-dropout,0
torch.float32,9.035728454589844,1,3090,0.1722831279039383,0.00034891688846983016,64,-0.13516730070114136,1048576,16,"[0.0,0.0,0.0,0.0,0.0,0.0,0.0,0.0]",7a95a277a278806893bf106846819002ff38c0dc3a56fe243b8bfcae851206f4,"[64,2,4,32,64]",zoology/experiments/flash_vqg/scripts/20260629-01-flash-vqg-gate-logf-stability/outputs/round1e-6/3090/probe.json,0.008817199617624283,gate-logf-probe-s123-r1,phase2/O_res_added,no-dropout,0
torch.float32,42.1182746887207,1,3090,0.36012187600135803,0.007066563703119755,64,-0.1981944739818573,1048576,16,"[0.056178394705057144,0.02073126845061779,-0.002667465014383197,-0.0663009062409401,-0.04448770731687546,0.12047303467988968,-0.06134828180074692,-0.014323601499199867]",3f4b65413e0229b3d6eec73ce0ff7f88471fa448c9ea0c64adb407ab81b3307d,"[64,2,4,32,64]",zoology/experiments/flash_vqg/scripts/20260629-01-flash-vqg-gate-logf-stability/outputs/round1e-6/3090/probe.json,0.04052003100514412,gate-logf-probe-s123-r1,phase2/Out_f32,no-dropout,0
torch.float32,42.1182746887207,1,3090,0.36012187600135803,0.007066563703119755,64,-0.1981944739818573,1048576,16,"[0.056178394705057144,0.02073126845061779,-0.002667465014383197,-0.0663009062409401,-0.04448770731687546,0.12047303467988968,-0.06134828180074692,-0.014323601499199867]",13883d5ca0548f1f35f2e90844edbdcb8e55dbd59c1e7654592d086885512b80,"[64,2,128,64]",zoology/experiments/flash_vqg/scripts/20260629-01-flash-vqg-gate-logf-stability/outputs/round1e-6/3090/probe.json,0.04052003100514412,gate-logf-probe-s123-r1,output_proj/O_heads,no-dropout,0
torch.float32,123.69328308105469,1,3090,1.922248125076294,0.00394247705116868,64,-1.4261358976364136,1048576,16,"[0.04457376152276993,-0.04839949309825897,-0.0023225045297294855,-0.09497633576393127,-0.06531140208244324,-0.08094745874404907,-0.046496424823999405,0.01820497401058674]",a3ef97e9beb20e6305c07810dbb24ad7569d1e2e2c661265d19df1971f69c237,"[64,2,128,64]",zoology/experiments/flash_vqg/scripts/20260629-01-flash-vqg-gate-logf-stability/outputs/round1e-6/3090/probe.json,0.12073419243097305,gate-logf-probe-s123-r1,output_proj/o_heads,no-dropout,0
torch.float32,29.257490158081055,1,3090,0.17926271259784698,-0.00014859763905405998,64,-0.17340922355651855,1048576,16,"[0.04036860913038254,0.01500488631427288,0.03573806956410408,0.019350707530975342,0.049403730779886246,0.047614920884370804,-0.060426950454711914,2.846727511496283e-06]",96acae4dcc505cdfa9c4510b3c28aae93569dab189e31c06b4b0f08d9a33f350,"[64,128,128]",zoology/experiments/flash_vqg/scripts/20260629-01-flash-vqg-gate-logf-stability/outputs/round1e-6/3090/probe.json,0.028571700677275658,gate-logf-probe-s123-r1,output_proj/res,no-dropout,0
torch.float32,1991.3607177734375,,3090,3.1377980709075928,0.07167104631662369,64,-1.1688587665557861,67108864,16,"[0.3654579222202301,0.4350886344909668,-0.09987093508243561,0.04044022783637047,0.2979363799095154,0.49629777669906616,0.07985971868038177,-0.0011332705616950989]",614e9227ec3109b073a3f6fcb519ac54c6dfdd4aa8a43808bc5fd874ae4137f9,"[64,128,8192]",zoology/experiments/flash_vqg/scripts/20260629-01-flash-vqg-gate-logf-stability/outputs/round1e-6/3090/probe.json,0.23363961279392242,gate-logf-probe-s123-r1,forward/logits,no-dropout,0
,,,3090,,,64,,,16,,f0344aca7090232a4ccb18a323890d03b2782424ff567d656132b645e57678a6,,zoology/experiments/flash_vqg/scripts/20260629-01-flash-vqg-gate-logf-stability/outputs/round1e-6/3090/probe.json,,gate-logf-probe-s123-r1,forward/preds,no-dropout,0
float,10.266499519348145,,3090,10.266499519348145,10.266499519348145,64,10.266499519348145,1,16,[10.266499519348145],10.2664995193,[],zoology/experiments/flash_vqg/scripts/20260629-01-flash-vqg-gate-logf-stability/outputs/round1e-6/3090/probe.json,0,gate-logf-probe-s123-r1,forward/loss,no-dropout,0
