dtype,l2_norm,layer_idx,machine,max,mean,micro_step,min,numel,optimizer_step,sample,sha256,shape,source_json,std,target,trace_name,variant,window_micro_idx
torch.float32,255.99618530273438,1,2080ti,1.5926038026809692,0.0006710691377520561,0,-1.5414212942123413,524288,0,"[0.43720102310180664,-0.47418761253356934,-0.12221133708953857,0.2982311248779297,-0.16422449052333832,-0.11781228333711624,-0.49186304211616516,0.034084249287843704]",7eafdaa36e612e280d2fb2c9c3cb62ed9aea8534fcf882e35ef8e3603dbd2ea6,"[64,2,64,64]",zoology/experiments/flash_vqg/scripts/20260628-03-flash-vqg-mixer-divergence-probe/outputs/2080ti/probe.json,0.35354912281036377,mixer-probe-s123-r1,phase1/q_all,no-dropout,0
torch.float32,255.9937286376953,1,2080ti,1.6455446481704712,5.468557355925441e-05,0,-1.4379643201828003,524288,0,"[0.2290818840265274,0.17472465336322784,-0.5262090563774109,-0.33765751123428345,0.7831315994262695,-0.41186249256134033,0.43849584460258484,-0.09059952944517136]",5d37dccf16213c484f5f4dd1816d0b7f343602f7708ddc638d348efe532bf7e6,"[64,2,64,64]",zoology/experiments/flash_vqg/scripts/20260628-03-flash-vqg-mixer-divergence-probe/outputs/2080ti/probe.json,0.3535461127758026,mixer-probe-s123-r1,phase1/k_all,no-dropout,0
torch.float32,58.87234115600586,1,2080ti,0.6101686358451843,0.006445801816880703,0,-0.253231942653656,524288,0,"[0.07940109074115753,0.039708636701107025,-0.07384831458330154,-0.08339323848485947,-0.009571666829288006,-0.07319962978363037,0.1329384446144104,-0.10811452567577362]",007ca34e5ad8d9cf91291651d6f0e4cb8f051c8b6efbfd77574608e653aa5960,"[64,2,64,64]",zoology/experiments/flash_vqg/scripts/20260628-03-flash-vqg-mixer-divergence-probe/outputs/2080ti/probe.json,0.08105120807886124,mixer-probe-s123-r1,phase1/v_all,no-dropout,0
torch.float32,163.77285766601562,1,2080ti,1.0111680030822754,0.0007309167413040996,0,-1.0400457382202148,524288,0,"[-0.3866400122642517,-0.0003336060617584735,0.274516761302948,-0.06162302941083908,0.05467773601412773,0.021006522700190544,0.17238442599773407,-0.25864097476005554]",871dddddc039c8c8c5fcbe118831b433f6f476e7037558ec8cb9b4669bbeaa8b,"[64,2,64,64]",zoology/experiments/flash_vqg/scripts/20260628-03-flash-vqg-mixer-divergence-probe/outputs/2080ti/probe.json,0.22618119418621063,mixer-probe-s123-r1,phase1/g_raw_all,no-dropout,0
torch.float32,40.955135345458984,1,2080ti,0.2677234709262848,0.0017296954756602645,0,-0.22957539558410645,524288,0,"[0.0371975377202034,-0.040959183126688004,-0.0022900900803506374,0.04461415484547615,0.09493521600961685,-0.06041162461042404,-0.04216456413269043,-0.09387834370136261]",61d4693e36a3721d9b9a2f91ec445e428e18253ea13183d165e403501a2de674,"[64,2,64,64]",zoology/experiments/flash_vqg/scripts/20260628-03-flash-vqg-mixer-divergence-probe/outputs/2080ti/probe.json,0.05653558671474457,mixer-probe-s123-r1,phase1/K_q_all,no-dropout,0
torch.int32,3421.633056640625,1,2080ti,63.0,32.972900390625,0,0.0,8192,0,"[26,19,19,11,0,7,36,60]",acd27605803513d9492d5ec72ccbf02c68ea239822061484cc8ef5953acc83c5,"[64,2,64]",zoology/experiments/flash_vqg/scripts/20260628-03-flash-vqg-mixer-divergence-probe/outputs/2080ti/probe.json,18.491479873657227,mixer-probe-s123-r1,phase1/Delta_all,no-dropout,0
torch.float32,12.744465827941895,1,2080ti,0.11100196838378906,0.015625,0,0.0014944170834496617,524288,0,"[0.02963186241686344,0.025065932422876358,0.023681746795773506,0.00960193295031786,0.00933751743286848,0.01803426258265972,0.006216543726623058,0.021651284769177437]",ef42fa94204b60d9842042f6dc673ff3848dcbff1fd7343c9aaeaf6f3df608ed,"[64,2,64,64]",zoology/experiments/flash_vqg/scripts/20260628-03-flash-vqg-mixer-divergence-probe/outputs/2080ti/probe.json,0.008102668449282646,mixer-probe-s123-r1,phase1/W_all,no-dropout,0
torch.float32,4.002523899078369,1,2080ti,-0.023389212787151337,-0.04365961626172066,0,-0.07863207906484604,8192,0,"[-0.05204698070883751,-0.029884863644838333,-0.04599225893616676,-0.04137071594595909,-0.043979015201330185,-0.036012064665555954,-0.04280824586749077,-0.057076647877693176]",476c88d729d9555ba6a7c8401c79eed44a91fe0a5e52a7fbee01245d16a52b10,"[64,2,64]",zoology/experiments/flash_vqg/scripts/20260628-03-flash-vqg-mixer-divergence-probe/outputs/2080ti/probe.json,0.007030486594885588,mixer-probe-s123-r1,state_build/logf_all,no-dropout,0
torch.float32,45.25483322143555,1,2080ti,0.5,0.5,0,0.5,8192,0,"[0.5,0.5,0.5,0.5,0.5,0.5,0.5,0.5]",31c5bc096f4ebb31c881c9ed866d59e45c0e94073f7765ad6ea1cbf93d4e3b4f,"[64,2,64]",zoology/experiments/flash_vqg/scripts/20260628-03-flash-vqg-mixer-divergence-probe/outputs/2080ti/probe.json,0.0,mixer-probe-s123-r1,state_build/beta_all,no-dropout,0
torch.float32,5.0671491622924805,1,2080ti,0.052391521632671356,0.0009069809457287192,0,-0.03566717728972435,1048576,0,"[0.0,0.0,0.0,0.0,0.0,0.0,0.0,0.0]",23cda5831a1b5e953bf403d65c81efe1457a0a9b08379e7683aa50f553cb7d44,"[64,2,2,64,64]",zoology/experiments/flash_vqg/scripts/20260628-03-flash-vqg-mixer-divergence-probe/outputs/2080ti/probe.json,0.004864578600972891,mixer-probe-s123-r1,state_build/G_state,no-dropout,0
torch.float32,25.248516082763672,1,2080ti,0.4707127511501312,0.13812081515789032,0,0.0,16384,0,"[0.0,0.0,0.0,0.0,0.0,0.0,0.0,0.0]",a67e82aff7cb42fa6b1498aee1b10275b8dbe01c069ace347b7a03ed905b25ff,"[64,2,2,64]",zoology/experiments/flash_vqg/scripts/20260628-03-flash-vqg-mixer-divergence-probe/outputs/2080ti/probe.json,0.14082539081573486,mixer-probe-s123-r1,state_build/L_state,no-dropout,0
torch.float32,6.691649436950684,1,2080ti,0.049796395003795624,5.044794761488447e-06,0,-0.05900086462497711,16777216,0,"[0.0,0.0,0.0,0.0,0.0,0.0,0.0,0.0]",e84ed3bb11dceff043c27710eb05196a531a34a5acd6c1ef8ffda28f2114f16f,"[64,2,2,64,64,16]",zoology/experiments/flash_vqg/scripts/20260628-03-flash-vqg-mixer-divergence-probe/outputs/2080ti/probe.json,0.0016343846218660474,mixer-probe-s123-r1,state_build/M_state,no-dropout,0
torch.float32,inf,1,2080ti,-1.0000000150474662e+30,-1.0000003172789211e+30,0,-1.0000000150474662e+30,524288,0,"[-1.0000000150474662e+30,-1.0000000150474662e+30,-1.0000000150474662e+30,-1.0000000150474662e+30,-1.0000000150474662e+30,-1.0000000150474662e+30,-1.0000000150474662e+30,-1.0000000150474662e+30]",61ce6a8cd370ca81c3f343145d521a45aac538ef8972e11b8dba8c5540f1eff2,"[64,2,2,32,64]",zoology/experiments/flash_vqg/scripts/20260628-03-flash-vqg-mixer-divergence-probe/outputs/2080ti/probe.json,3.022314549036573e+23,mixer-probe-s123-r1,phase2/S_far,no-dropout,0
torch.float32,25.824739456176758,1,2080ti,0.38107576966285706,0.006429946981370449,0,-0.1840706467628479,524288,0,"[0.07940109074115753,0.039708636701107025,-0.07384831458330154,-0.08339323848485947,-0.009571666829288006,-0.07319962978363037,0.1329384446144104,-0.10811452567577362]",9cfabc9443672808c4687d4edac8b5f1d7ba468ef6720d2c221d6e8a94b946ce,"[64,2,2,32,64]",zoology/experiments/flash_vqg/scripts/20260628-03-flash-vqg-mixer-divergence-probe/outputs/2080ti/probe.json,0.035081565380096436,mixer-probe-s123-r1,phase2/O_base,no-dropout,0
torch.int64,90.5096664428711,1,2080ti,1.0,0.5,0,0.0,16384,0,"[1,0,1,0,1,0,1,0]",dc11edbaeecd85c2e2c82456db4232b7ddbbdfd7d6481b97eca720a60ac56f7c,"[64,2,2,32,2]",zoology/experiments/flash_vqg/scripts/20260628-03-flash-vqg-mixer-divergence-probe/outputs/2080ti/probe.json,0.5,mixer-probe-s123-r1,phase2_read/top_idx,no-dropout,0
torch.float32,inf,1,2080ti,-1.0000000150474662e+30,-1.0000001661631937e+30,0,-1.0000000150474662e+30,16384,0,"[-1.0000000150474662e+30,-1.0000000150474662e+30,-1.0000000150474662e+30,-1.0000000150474662e+30,-1.0000000150474662e+30,-1.0000000150474662e+30,-1.0000000150474662e+30,-1.0000000150474662e+30]",9a9fe1aa50ef523d738b70d1c4410771a1eebdba615eba1bac04c3b3539793cb,"[64,2,2,32,2]",zoology/experiments/flash_vqg/scripts/20260628-03-flash-vqg-mixer-divergence-probe/outputs/2080ti/probe.json,1.5111572745182865e+23,mixer-probe-s123-r1,phase2_read/top_scores,no-dropout,0
torch.float32,0.0,1,2080ti,0.0,0.0,0,0.0,16384,0,"[0.0,0.0,0.0,0.0,0.0,0.0,0.0,0.0]",85a80fae2f428310daf8e819aed8147d2ca75f273599d1da531939dbf3f55a7b,"[64,2,2,32,2]",zoology/experiments/flash_vqg/scripts/20260628-03-flash-vqg-mixer-divergence-probe/outputs/2080ti/probe.json,0.0,mixer-probe-s123-r1,phase2_read/top_probs,no-dropout,0
torch.float32,0.0,1,2080ti,0.0,0.0,0,0.0,16384,0,"[0.0,0.0,0.0,0.0,0.0,0.0,0.0,0.0]",85a80fae2f428310daf8e819aed8147d2ca75f273599d1da531939dbf3f55a7b,"[64,2,2,32,2]",zoology/experiments/flash_vqg/scripts/20260628-03-flash-vqg-mixer-divergence-probe/outputs/2080ti/probe.json,0.0,mixer-probe-s123-r1,phase2_read/omega_sel,no-dropout,0
torch.float32,0.0,1,2080ti,0.0,0.0,0,0.0,8192,0,"[0.0,0.0,0.0,0.0,0.0,0.0,0.0,0.0]",f8dbbb428d043d7769f8fef4e7717b8a7a9697ac9b6425b62cef8cbd4120f9b0,"[64,2,2,32]",zoology/experiments/flash_vqg/scripts/20260628-03-flash-vqg-mixer-divergence-probe/outputs/2080ti/probe.json,0.0,mixer-probe-s123-r1,phase2_read/read_selected_mass,no-dropout,0
torch.float32,0.0,1,2080ti,0.0,0.0,0,0.0,524288,0,"[0.0,0.0,0.0,0.0,0.0,0.0,0.0,0.0]",33f5081ccd747a947e389515e1c9cde8155433ffa6999a97fd86a1da6b73247a,"[64,2,2,32,64]",zoology/experiments/flash_vqg/scripts/20260628-03-flash-vqg-mixer-divergence-probe/outputs/2080ti/probe.json,0.0,mixer-probe-s123-r1,phase2_read/u_res,no-dropout,0
torch.float32,0.0,1,2080ti,0.0,0.0,0,0.0,524288,0,"[0.0,0.0,0.0,0.0,0.0,0.0,0.0,0.0]",33f5081ccd747a947e389515e1c9cde8155433ffa6999a97fd86a1da6b73247a,"[64,2,2,32,64]",zoology/experiments/flash_vqg/scripts/20260628-03-flash-vqg-mixer-divergence-probe/outputs/2080ti/probe.json,0.0,mixer-probe-s123-r1,phase2/O_res_added,no-dropout,0
torch.float32,25.824739456176758,1,2080ti,0.38107576966285706,0.006429946981370449,0,-0.1840706467628479,524288,0,"[0.07940109074115753,0.039708636701107025,-0.07384831458330154,-0.08339323848485947,-0.009571666829288006,-0.07319962978363037,0.1329384446144104,-0.10811452567577362]",9cfabc9443672808c4687d4edac8b5f1d7ba468ef6720d2c221d6e8a94b946ce,"[64,2,2,32,64]",zoology/experiments/flash_vqg/scripts/20260628-03-flash-vqg-mixer-divergence-probe/outputs/2080ti/probe.json,0.035081565380096436,mixer-probe-s123-r1,phase2/Out_f32,no-dropout,0
torch.float32,25.824739456176758,1,2080ti,0.38107576966285706,0.006429946981370449,0,-0.1840706467628479,524288,0,"[0.07940109074115753,0.039708636701107025,-0.07384831458330154,-0.08339323848485947,-0.009571666829288006,-0.07319962978363037,0.1329384446144104,-0.10811452567577362]",afbe02d37c5f81abfc1240b7a0d09cb700557cb86ce0fe65c3c054e46eb1afdf,"[64,2,64,64]",zoology/experiments/flash_vqg/scripts/20260628-03-flash-vqg-mixer-divergence-probe/outputs/2080ti/probe.json,0.035081565380096436,mixer-probe-s123-r1,output_proj/O_heads,no-dropout,0
torch.float32,83.50859832763672,1,2080ti,1.7408274412155151,0.002401280915364623,0,-1.7503535747528076,524288,0,"[-0.19990679621696472,-0.00010660163388820365,-0.1854211390018463,0.040087029337882996,-0.004327393602579832,-0.012505988590419292,0.2003031075000763,0.19611649215221405]",cc844405f2c7741c626e524a6692e9ce707c4af0d844c5fcaa1b60cf66e42de6,"[64,2,64,64]",zoology/experiments/flash_vqg/scripts/20260628-03-flash-vqg-mixer-divergence-probe/outputs/2080ti/probe.json,0.11530762165784836,mixer-probe-s123-r1,output_proj/o_heads,no-dropout,0
torch.float32,18.868906021118164,1,2080ti,0.13842158019542694,-0.00013265137386042625,0,-0.14551879465579987,524288,0,"[0.03996148332953453,-0.0033638705499470234,0.012420875951647758,0.04953775182366371,0.013684508390724659,0.001448249677196145,0.00022671140322927386,0.010053996928036213]",732c319b863c6dfa1e5538d33948643cb48af0b8a91db74e75a9f04a8efb9ee7,"[64,64,128]",zoology/experiments/flash_vqg/scripts/20260628-03-flash-vqg-mixer-divergence-probe/outputs/2080ti/probe.json,0.02605900913476944,mixer-probe-s123-r1,output_proj/res,no-dropout,0
torch.float32,1318.9432373046875,,2080ti,3.167426347732544,0.0002454897912684828,0,-1.1616417169570923,33554432,0,"[-0.3174777626991272,-0.15193472802639008,0.16587187349796295,0.04986667260527611,-0.08510883152484894,-0.003580532968044281,-0.0306699275970459,0.2924538850784302]",459baa4b02f43dc4a12a8c5c0e19a62ecc02949ec1150d44920460ee48983f56,"[64,64,8192]",zoology/experiments/flash_vqg/scripts/20260628-03-flash-vqg-mixer-divergence-probe/outputs/2080ti/probe.json,0.22817322611808777,mixer-probe-s123-r1,forward/logits,no-dropout,0
,,,2080ti,,,0,,,0,,d8ddeb731d5304875c304e1a27f22f52981e5e38d0995ec69bb6311ca8656683,,zoology/experiments/flash_vqg/scripts/20260628-03-flash-vqg-mixer-divergence-probe/outputs/2080ti/probe.json,,mixer-probe-s123-r1,forward/preds,no-dropout,0
float,10.871895790100098,,2080ti,10.871895790100098,10.871895790100098,0,10.871895790100098,1,0,[10.871895790100098],10.8718957901,[],zoology/experiments/flash_vqg/scripts/20260628-03-flash-vqg-mixer-divergence-probe/outputs/2080ti/probe.json,0,mixer-probe-s123-r1,forward/loss,no-dropout,0
torch.float32,362.03082275390625,1,2080ti,1.5838767290115356,0.0012374620418995619,4,-1.5867475271224976,1048576,1,"[-0.16777242720127106,0.15290845930576324,-0.14047765731811523,-0.28370848298072815,0.219734787940979,0.5104270577430725,0.16752690076828003,-0.3058089017868042]",2c6855f8151b91fcf7b1f7ddbb1e34f5a0bd182fd9106e69ff00773ad38caf81,"[64,2,128,64]",zoology/experiments/flash_vqg/scripts/20260628-03-flash-vqg-mixer-divergence-probe/outputs/2080ti/probe.json,0.353547602891922,mixer-probe-s123-r1,phase1/q_all,no-dropout,0
torch.float32,362.0274963378906,1,2080ti,1.5713329315185547,0.0006706067943014205,4,-1.647322416305542,1048576,1,"[-0.19380617141723633,0.7514046430587769,0.22231176495552063,0.1130921021103859,0.40694817900657654,-0.2674444615840912,0.29446619749069214,-0.1348334401845932]",adf86e0d29400b034289e04b3f50e66e83aec48d2ff781f3b2aba377f4413ad8,"[64,2,128,64]",zoology/experiments/flash_vqg/scripts/20260628-03-flash-vqg-mixer-divergence-probe/outputs/2080ti/probe.json,0.35354557633399963,mixer-probe-s123-r1,phase1/k_all,no-dropout,0
torch.float32,83.43143463134766,1,2080ti,0.6730828881263733,0.006443673744797707,4,-0.2575630843639374,1048576,1,"[-0.015553750097751617,-0.026564382016658783,0.13319556415081024,-0.006882244721055031,-0.04905040189623833,0.06787211447954178,-0.0010197844821959734,0.027408123016357422]",a92cf061dc0b98b9ce7a54a6d0c6f0a3c0b75069d54543a1ea377658adabde66,"[64,2,128,64]",zoology/experiments/flash_vqg/scripts/20260628-03-flash-vqg-mixer-divergence-probe/outputs/2080ti/probe.json,0.08122162520885468,mixer-probe-s123-r1,phase1/v_all,no-dropout,0
torch.float32,231.6661834716797,1,2080ti,1.058910608291626,0.00019427118240855634,4,-1.0625340938568115,1048576,1,"[-0.08519785851240158,0.12955698370933533,0.33556583523750305,-0.04565999284386635,-0.054912421852350235,-0.06252109259366989,0.39017197489738464,0.10450750589370728]",3a1870b90129fe4409cae93e71b8308a65099787a26ce6cadf16bcac465f8fbf,"[64,2,128,64]",zoology/experiments/flash_vqg/scripts/20260628-03-flash-vqg-mixer-divergence-probe/outputs/2080ti/probe.json,0.22623921930789948,mixer-probe-s123-r1,phase1/g_raw_all,no-dropout,0
torch.float32,59.272735595703125,1,2080ti,0.2515982687473297,0.0017250848468393087,4,-0.25989261269569397,1048576,1,"[-0.003649345599114895,0.008390258066356182,0.03597196564078331,0.09794089943170547,0.07773058861494064,-0.07232344150543213,-0.037670765072107315,-0.09629852324724197]",89af9b4051a4931607133530ecdbc40cba1a62da82b937849e0b53867ecb0e5b,"[64,2,128,64]",zoology/experiments/flash_vqg/scripts/20260628-03-flash-vqg-mixer-divergence-probe/outputs/2080ti/probe.json,0.05785837396979332,mixer-probe-s123-r1,phase1/K_q_all,no-dropout,0
torch.int32,4827.93017578125,1,2080ti,63.0,32.9443359375,4,0.0,16384,1,"[45,44,11,12,8,38,38,18]",359996a0300dd15c64ba31af21d704f631d98a304ddec217bd56ac5405e0ac07,"[64,2,128]",zoology/experiments/flash_vqg/scripts/20260628-03-flash-vqg-mixer-divergence-probe/outputs/2080ti/probe.json,18.366649627685547,mixer-probe-s123-r1,phase1/Delta_all,no-dropout,0
torch.float32,18.265687942504883,1,2080ti,0.1270197182893753,0.015625,4,0.0012770314933732152,1048576,1,"[0.015865851193666458,0.019818324595689774,0.013537713326513767,0.026639100164175034,0.02596074528992176,0.011286645196378231,0.013356202282011509,0.02080187015235424]",64c980409b98c051d4a23f24d79628cfe63aefb1a59e60ed1fde92533f7379d3,"[64,2,128,64]",zoology/experiments/flash_vqg/scripts/20260628-03-flash-vqg-mixer-divergence-probe/outputs/2080ti/probe.json,0.008604551665484905,mixer-probe-s123-r1,phase1/W_all,no-dropout,0
torch.float32,5.670543193817139,1,2080ti,-0.02360101416707039,-0.04374382272362709,4,-0.08033020794391632,16384,1,"[-0.04605311155319214,-0.05149735510349274,-0.039961472153663635,-0.047226764261722565,-0.03980998694896698,-0.050966888666152954,-0.042843546718358994,-0.034485891461372375]",62410286589f29c62787f3f80c31fd838d4bab2f4919046d47fb55d27db14340,"[64,2,128]",zoology/experiments/flash_vqg/scripts/20260628-03-flash-vqg-mixer-divergence-probe/outputs/2080ti/probe.json,0.007004797924309969,mixer-probe-s123-r1,state_build/logf_all,no-dropout,0
torch.float32,63.97880554199219,1,2080ti,0.5108117461204529,0.49982666969299316,4,0.49036332964897156,16384,1,"[0.5017622709274292,0.5013792514801025,0.5019950866699219,0.4984910786151886,0.5021466612815857,0.5043736100196838,0.49848002195358276,0.5018180012702942]",77af6c8396b8fad8cd2a9f6c410c7accfd58f8b50746f95908a346eddd33d9d3,"[64,2,128]",zoology/experiments/flash_vqg/scripts/20260628-03-flash-vqg-mixer-divergence-probe/outputs/2080ti/probe.json,0.002783231670036912,mixer-probe-s123-r1,state_build/beta_all,no-dropout,0
torch.float32,9.228290557861328,1,2080ti,0.05632184073328972,0.0015998648013919592,4,-0.04064016416668892,2097152,1,"[0.0,0.0,0.0,0.0,0.0,0.0,0.0,0.0]",758a2ab1e4a689bf08b4180c0360cc317ea94eb49db165c6e5d546f08c409a5c,"[64,2,4,64,64]",zoology/experiments/flash_vqg/scripts/20260628-03-flash-vqg-mixer-divergence-probe/outputs/2080ti/probe.json,0.006168522872030735,mixer-probe-s123-r1,state_build/G_state,no-dropout,0
torch.float32,51.81071853637695,1,2080ti,0.6146818399429321,0.24424727261066437,4,0.0,32768,1,"[0.0,0.0,0.0,0.0,0.0,0.0,0.0,0.0]",f35a63badbdbff4ba757bfcacb726bd1949c5e25ff178bc63c9a2882f76d3c53,"[64,2,4,64]",zoology/experiments/flash_vqg/scripts/20260628-03-flash-vqg-mixer-divergence-probe/outputs/2080ti/probe.json,0.14920848608016968,mixer-probe-s123-r1,state_build/L_state,no-dropout,0
torch.float32,11.967278480529785,1,2080ti,0.056951798498630524,7.845170330256224e-06,4,-0.0640835165977478,33554432,1,"[0.0,0.0,0.0,0.0,0.0,0.0,0.0,0.0]",f11d6a971008c28feecfcd24c4d481c6e5edf748c55c1fe68e6d0152c3513fab,"[64,2,4,64,64,16]",zoology/experiments/flash_vqg/scripts/20260628-03-flash-vqg-mixer-divergence-probe/outputs/2080ti/probe.json,0.0020702779293060303,mixer-probe-s123-r1,state_build/M_state,no-dropout,0
torch.float32,inf,1,2080ti,1.4199841022491455,-5.000000075237331e+29,4,-1.0000000150474662e+30,1048576,1,"[-1.0000000150474662e+30,-1.0000000150474662e+30,-1.0000000150474662e+30,-1.0000000150474662e+30,-1.0000000150474662e+30,-1.0000000150474662e+30,-1.0000000150474662e+30,-1.0000000150474662e+30]",0f362059169b30b0b7433dc1eb8ceb9b890f12fac75f5144b6b2be1677660f63,"[64,2,4,32,64]",zoology/experiments/flash_vqg/scripts/20260628-03-flash-vqg-mixer-divergence-probe/outputs/2080ti/probe.json,5.000000075237331e+29,mixer-probe-s123-r1,phase2/S_far,no-dropout,0
torch.float32,30.939266204833984,1,2080ti,0.31242796778678894,0.006402069237083197,4,-0.18826508522033691,1048576,1,"[-0.015553750097751617,-0.026564382016658783,0.13319556415081024,-0.006882244721055031,-0.04905040189623833,0.06787211447954178,-0.0010197844821959734,0.027408123016357422]",5e18969bdf56591133ef8d56cf827556b298f47e792d9a725f190cf0d9c18b7b,"[64,2,4,32,64]",zoology/experiments/flash_vqg/scripts/20260628-03-flash-vqg-mixer-divergence-probe/outputs/2080ti/probe.json,0.029528465121984482,mixer-probe-s123-r1,phase2/O_base,no-dropout,0
torch.int64,4696.99951171875,1,2080ti,63.0,16.190399169921875,4,0.0,32768,1,"[1,0,1,0,1,0,1,0]",310049a45aa081529f40a793fc267d329c2b6e01665666f387dafb743d0f3004,"[64,2,4,32,2]",zoology/experiments/flash_vqg/scripts/20260628-03-flash-vqg-mixer-divergence-probe/outputs/2080ti/probe.json,20.276681900024414,mixer-probe-s123-r1,phase2_read/top_idx,no-dropout,0
torch.float32,inf,1,2080ti,1.4199841022491455,-5.000000075237331e+29,4,-1.0000000150474662e+30,32768,1,"[-1.0000000150474662e+30,-1.0000000150474662e+30,-1.0000000150474662e+30,-1.0000000150474662e+30,-1.0000000150474662e+30,-1.0000000150474662e+30,-1.0000000150474662e+30,-1.0000000150474662e+30]",e85a2192cee7f4dd53194a5373f9301e9b7d9da0de3b93f7c5f853fc89f86149,"[64,2,4,32,2]",zoology/experiments/flash_vqg/scripts/20260628-03-flash-vqg-mixer-divergence-probe/outputs/2080ti/probe.json,5.000000075237331e+29,mixer-probe-s123-r1,phase2_read/top_scores,no-dropout,0
torch.float32,12.124382972717285,1,2080ti,0.518949031829834,0.04382232204079628,4,0.0,32768,1,"[0.0,0.0,0.0,0.0,0.0,0.0,0.0,0.0]",dd6953de732ca519930efed044fb1fd30c92b02c652b222f8f8d7a8326b4cc17,"[64,2,4,32,2]",zoology/experiments/flash_vqg/scripts/20260628-03-flash-vqg-mixer-divergence-probe/outputs/2080ti/probe.json,0.05065283924341202,mixer-probe-s123-r1,phase2_read/top_probs,no-dropout,0
torch.float32,1.6558610200881958,1,2080ti,0.12449026107788086,0.005245090927928686,4,0.0,32768,1,"[0.0,0.0,0.0,0.0,0.0,0.0,0.0,0.0]",0ff57cdd4ec8fd60342d330bd6f4e55084fb4a67dd3f1ac6683c1c2b1f39939a,"[64,2,4,32,2]",zoology/experiments/flash_vqg/scripts/20260628-03-flash-vqg-mixer-divergence-probe/outputs/2080ti/probe.json,0.007494295481592417,mixer-probe-s123-r1,phase2_read/omega_sel,no-dropout,0
torch.float32,2.248469591140747,1,2080ti,0.15552808344364166,0.010490180924534798,4,0.0,16384,1,"[0.0,0.0,0.0,0.0,0.0,0.0,0.0,0.0]",7c21ff94527ac4ec43f38485cc7efa4a6e8a614af7dc0087a7764a00b7637e99,"[64,2,4,32]",zoology/experiments/flash_vqg/scripts/20260628-03-flash-vqg-mixer-divergence-probe/outputs/2080ti/probe.json,0.01408994197845459,mixer-probe-s123-r1,phase2_read/read_selected_mass,no-dropout,0
torch.float32,0.06815925240516663,1,2080ti,0.00431824242696166,2.4258429220935795e-06,4,-0.00167009886354208,1048576,1,"[0.0,0.0,0.0,0.0,0.0,0.0,0.0,0.0]",6c2b5bfca27549a8b52e5b951be25239df2c2fee750448d4c8c45736c7fd0003,"[64,2,4,32,64]",zoology/experiments/flash_vqg/scripts/20260628-03-flash-vqg-mixer-divergence-probe/outputs/2080ti/probe.json,6.65185070829466e-05,mixer-probe-s123-r1,phase2_read/u_res,no-dropout,0
torch.float32,3.266653060913086,1,2080ti,0.14681342244148254,0.0001191531409858726,4,-0.06576362997293472,1048576,1,"[0.0,0.0,0.0,0.0,0.0,0.0,0.0,0.0]",508ec920b96c6ae6bf2be4cd169e68544179ff188e741c2c6b050df169dce57c,"[64,2,4,32,64]",zoology/experiments/flash_vqg/scripts/20260628-03-flash-vqg-mixer-divergence-probe/outputs/2080ti/probe.json,0.003187907161191106,mixer-probe-s123-r1,phase2/O_res_added,no-dropout,0
torch.float32,31.24889373779297,1,2080ti,0.31242796778678894,0.006521222181618214,4,-0.18826508522033691,1048576,1,"[-0.015553750097751617,-0.026564382016658783,0.13319556415081024,-0.006882244721055031,-0.04905040189623833,0.06787211447954178,-0.0010197844821959734,0.027408123016357422]",dc0036426f77e775837e5f86a2d528737d92ed567f88f90115852bd0cd90d72a,"[64,2,4,32,64]",zoology/experiments/flash_vqg/scripts/20260628-03-flash-vqg-mixer-divergence-probe/outputs/2080ti/probe.json,0.02981194481253624,mixer-probe-s123-r1,phase2/Out_f32,no-dropout,0
torch.float32,31.24889373779297,1,2080ti,0.31242796778678894,0.006521222181618214,4,-0.18826508522033691,1048576,1,"[-0.015553750097751617,-0.026564382016658783,0.13319556415081024,-0.006882244721055031,-0.04905040189623833,0.06787211447954178,-0.0010197844821959734,0.027408123016357422]",604986055bd4f7b9477a770ca06678e67524cc719f9b234975c8a1b44bc1e5fd,"[64,2,128,64]",zoology/experiments/flash_vqg/scripts/20260628-03-flash-vqg-mixer-divergence-probe/outputs/2080ti/probe.json,0.02981194481253624,mixer-probe-s123-r1,output_proj/O_heads,no-dropout,0
torch.float32,117.77005004882812,1,2080ti,2.079526424407959,0.0030052252113819122,4,-1.5267324447631836,1048576,1,"[0.011413675732910633,-0.03302973508834839,0.4697774350643158,0.0027624513022601604,0.023612918332219124,-0.03698161989450455,-0.004269064404070377,0.0271134153008461]",77fddbc50e2e264687658ffea10b6578301abbc9b9672240edf48b38f88fa5a2,"[64,2,128,64]",zoology/experiments/flash_vqg/scripts/20260628-03-flash-vqg-mixer-divergence-probe/outputs/2080ti/probe.json,0.11497429758310318,mixer-probe-s123-r1,output_proj/o_heads,no-dropout,0
torch.float32,26.6569766998291,1,2080ti,0.1369270384311676,-8.608910866314545e-05,4,-0.15180522203445435,1048576,1,"[0.012985607609152794,0.017026372253894806,0.006246807985007763,-0.039378490298986435,-0.025087473914027214,-0.0399755984544754,-0.03861985728144646,0.006424858700484037]",42600044a95e14162cde2771f9ca93b4978505960a130e8d5eae468455f911aa,"[64,128,128]",zoology/experiments/flash_vqg/scripts/20260628-03-flash-vqg-mixer-divergence-probe/outputs/2080ti/probe.json,0.026032382622361183,mixer-probe-s123-r1,output_proj/res,no-dropout,0
torch.float32,1851.4132080078125,,2080ti,3.151853084564209,0.0013850887771695852,4,-1.2499229907989502,67108864,1,"[0.2500215470790863,-0.12531235814094543,-0.21588781476020813,0.4429374933242798,-0.4351273775100708,-0.20865429937839508,-0.011157109402120113,0.029938627034425735]",daa8692165ac4395b4a3da2490332257dca0c58eb0f78b3c4407aaee00e91d8f,"[64,128,8192]",zoology/experiments/flash_vqg/scripts/20260628-03-flash-vqg-mixer-divergence-probe/outputs/2080ti/probe.json,0.22733841836452484,mixer-probe-s123-r1,forward/logits,no-dropout,0
,,,2080ti,,,4,,,1,,e915ec4f426b11c78269b02ef717ac73ba4bd6633a6e7f8f10fdaec75ac857bd,,zoology/experiments/flash_vqg/scripts/20260628-03-flash-vqg-mixer-divergence-probe/outputs/2080ti/probe.json,,mixer-probe-s123-r1,forward/preds,no-dropout,0
float,10.823689460754395,,2080ti,10.823689460754395,10.823689460754395,4,10.823689460754395,1,1,[10.823689460754395],10.8236894608,[],zoology/experiments/flash_vqg/scripts/20260628-03-flash-vqg-mixer-divergence-probe/outputs/2080ti/probe.json,0,mixer-probe-s123-r1,forward/loss,no-dropout,0
torch.float32,255.9962921142578,1,2080ti,1.4654059410095215,0.002390623325482011,16,-1.5353705883026123,524288,4,"[-1.2898818254470825,-0.09234656393527985,0.04432598128914833,0.4779543876647949,-0.015061227604746819,0.2232722043991089,-0.38209450244903564,0.051783040165901184]",41f5e0b7096a4068bace58cdea08f2c9f404e0d26463855fa4f7e448f27db957,"[64,2,64,64]",zoology/experiments/flash_vqg/scripts/20260628-03-flash-vqg-mixer-divergence-probe/outputs/2080ti/probe.json,0.3535417318344116,mixer-probe-s123-r1,phase1/q_all,no-dropout,0
torch.float32,255.99412536621094,1,2080ti,1.5119303464889526,0.0006962847546674311,16,-1.4341410398483276,524288,4,"[-0.014601870439946651,-0.4189021587371826,0.10766954720020294,0.38762345910072327,0.6290415525436401,-0.011783979833126068,-0.09899191558361053,0.3487183749675751]",3a81d115bb96f5d076bb753ae9cc279e04a642f346360ce49d511e2af98d5d01,"[64,2,64,64]",zoology/experiments/flash_vqg/scripts/20260628-03-flash-vqg-mixer-divergence-probe/outputs/2080ti/probe.json,0.3535459041595459,mixer-probe-s123-r1,phase1/k_all,no-dropout,0
torch.float32,59.42367935180664,1,2080ti,0.558800458908081,0.00663002859801054,16,-0.23942013084888458,524288,4,"[0.0363268218934536,0.03358203545212746,-0.0014026573626324534,0.04861905798316002,-0.026077544316649437,0.054066501557826996,0.07096852362155914,-0.04246220365166664]",03b048e8b4fc4f2292ddc15d77930e50ad09bc9eeca9d921dc784692df90e196,"[64,2,64,64]",zoology/experiments/flash_vqg/scripts/20260628-03-flash-vqg-mixer-divergence-probe/outputs/2080ti/probe.json,0.0818001925945282,mixer-probe-s123-r1,phase1/v_all,no-dropout,0
torch.float32,164.4031219482422,1,2080ti,1.0403485298156738,8.418964716838673e-05,16,-1.0988929271697998,524288,4,"[-0.05593835934996605,-0.060361240059137344,-0.06587567925453186,-0.006838539149612188,-0.33851268887519836,-0.13868092000484467,0.408134400844574,0.14090070128440857]",196462e1cc8c49f7ec421a7cc365242c53d9ffc6514f85ca61dd9cde08df07f8,"[64,2,64,64]",zoology/experiments/flash_vqg/scripts/20260628-03-flash-vqg-mixer-divergence-probe/outputs/2080ti/probe.json,0.22705267369747162,mixer-probe-s123-r1,phase1/g_raw_all,no-dropout,0
torch.float32,44.95456314086914,1,2080ti,0.2843722105026245,0.0017286516958847642,16,-0.2673735022544861,524288,4,"[0.02677762880921364,-0.05960305407643318,0.0389283187687397,0.09453576058149338,0.1125301718711853,-0.05105705186724663,-0.060782045125961304,-0.07245434075593948]",dad31c2188d8dae5a3f9da08af4186aa0c0d17ac8620d4559fa2e007db6a5e76,"[64,2,64,64]",zoology/experiments/flash_vqg/scripts/20260628-03-flash-vqg-mixer-divergence-probe/outputs/2080ti/probe.json,0.06206146255135536,mixer-probe-s123-r1,phase1/K_q_all,no-dropout,0
torch.int32,3381.627197265625,1,2080ti,63.0,32.5985107421875,16,0.0,8192,4,"[12,26,20,20,59,36,25,46]",7ab1933a38d293a1853c7b9e3847ae30dc088041f150c7d1e87f0f23e3eec8fa,"[64,2,64]",zoology/experiments/flash_vqg/scripts/20260628-03-flash-vqg-mixer-divergence-probe/outputs/2080ti/probe.json,18.25541877746582,mixer-probe-s123-r1,phase1/Delta_all,no-dropout,0
torch.float32,13.353947639465332,1,2080ti,0.14052362740039825,0.015625,16,0.0012671916047111154,524288,4,"[0.02079174853861332,0.01754656806588173,0.017535710707306862,0.01957416534423828,0.009496982209384441,0.016019349917769432,0.020633112639188766,0.01176045835018158]",4ce053d88909278dfd651607c9de224565adbecb667e6fb3281e50198ba06721,"[64,2,64,64]",zoology/experiments/flash_vqg/scripts/20260628-03-flash-vqg-mixer-divergence-probe/outputs/2080ti/probe.json,0.009797613136470318,mixer-probe-s123-r1,phase1/W_all,no-dropout,0
torch.float32,4.028176307678223,1,2080ti,-0.02276008389890194,-0.04392370581626892,16,-0.08162835240364075,8192,4,"[-0.0567653588950634,-0.05241743475198746,-0.05519568547606468,-0.041745662689208984,-0.05350019782781601,-0.04801635071635246,-0.045808739960193634,-0.050188738852739334]",ddb9d41d4a36fafb49b6e8e01614553a85ee39cbeb6d4f1086b0bf67530994a3,"[64,2,64]",zoology/experiments/flash_vqg/scripts/20260628-03-flash-vqg-mixer-divergence-probe/outputs/2080ti/probe.json,0.007172602228820324,mixer-probe-s123-r1,state_build/logf_all,no-dropout,0
torch.float32,45.278873443603516,1,2080ti,0.5242594480514526,0.5002308487892151,16,0.47811728715896606,8192,4,"[0.5109513998031616,0.49410778284072876,0.49960073828697205,0.5021160244941711,0.4951015114784241,0.49330952763557434,0.49897879362106323,0.495576947927475]",b9d2843aa7744a91ba4a9a0215a880049f242dc117a84a3586d9c4f37baa6867,"[64,2,64]",zoology/experiments/flash_vqg/scripts/20260628-03-flash-vqg-mixer-divergence-probe/outputs/2080ti/probe.json,0.005893334746360779,mixer-probe-s123-r1,state_build/beta_all,no-dropout,0
torch.float32,5.5687479972839355,1,2080ti,0.05761176720261574,0.0008909255848266184,16,-0.04414419084787369,1048576,4,"[0.0,0.0,0.0,0.0,0.0,0.0,0.0,0.0]",9e282c531a89d275f7bc909fde1076875583f05af909b5ed9b5ab19f0ef0bce9,"[64,2,2,64,64]",zoology/experiments/flash_vqg/scripts/20260628-03-flash-vqg-mixer-divergence-probe/outputs/2080ti/probe.json,0.005364776123315096,mixer-probe-s123-r1,state_build/G_state,no-dropout,0
torch.float32,25.300880432128906,1,2080ti,0.5762233138084412,0.1373363584280014,16,0.0,16384,4,"[0.0,0.0,0.0,0.0,0.0,0.0,0.0,0.0]",a31e0af1d5a691866544ed6e16a95cfb917a9b1b46ff0bc64b6e709177a3d55f,"[64,2,2,64]",zoology/experiments/flash_vqg/scripts/20260628-03-flash-vqg-mixer-divergence-probe/outputs/2080ti/probe.json,0.14215987920761108,mixer-probe-s123-r1,state_build/L_state,no-dropout,0
torch.float32,6.791439533233643,1,2080ti,0.04893773794174194,3.423440148253576e-06,16,-0.04975109547376633,16777216,4,"[0.0,0.0,0.0,0.0,0.0,0.0,0.0,0.0]",905b5318ea54bcc95e8793cf1c6d178bdcc79c1b2cca18358d8c29207af724c7,"[64,2,2,64,64,16]",zoology/experiments/flash_vqg/scripts/20260628-03-flash-vqg-mixer-divergence-probe/outputs/2080ti/probe.json,0.0016587412683293223,mixer-probe-s123-r1,state_build/M_state,no-dropout,0
torch.float32,inf,1,2080ti,-1.0000000150474662e+30,-1.0000003172789211e+30,16,-1.0000000150474662e+30,524288,4,"[-1.0000000150474662e+30,-1.0000000150474662e+30,-1.0000000150474662e+30,-1.0000000150474662e+30,-1.0000000150474662e+30,-1.0000000150474662e+30,-1.0000000150474662e+30,-1.0000000150474662e+30]",61ce6a8cd370ca81c3f343145d521a45aac538ef8972e11b8dba8c5540f1eff2,"[64,2,2,32,64]",zoology/experiments/flash_vqg/scripts/20260628-03-flash-vqg-mixer-divergence-probe/outputs/2080ti/probe.json,3.022314549036573e+23,mixer-probe-s123-r1,phase2/S_far,no-dropout,0
torch.float32,26.51862335205078,1,2080ti,0.3171740472316742,0.00656939996406436,16,-0.19889713823795319,524288,4,"[0.0363268218934536,0.03358203545212746,-0.0014026573626324534,0.04861905798316002,-0.026077544316649437,0.054066501557826996,0.07096852362155914,-0.04246220365166664]",7adf9aa92a5eaa219d76375bee73cfec95a69222c43af1b7a8432b55e22f9099,"[64,2,2,32,64]",zoology/experiments/flash_vqg/scripts/20260628-03-flash-vqg-mixer-divergence-probe/outputs/2080ti/probe.json,0.03603015094995499,mixer-probe-s123-r1,phase2/O_base,no-dropout,0
torch.int64,90.5096664428711,1,2080ti,1.0,0.5,16,0.0,16384,4,"[1,0,1,0,1,0,1,0]",dc11edbaeecd85c2e2c82456db4232b7ddbbdfd7d6481b97eca720a60ac56f7c,"[64,2,2,32,2]",zoology/experiments/flash_vqg/scripts/20260628-03-flash-vqg-mixer-divergence-probe/outputs/2080ti/probe.json,0.5,mixer-probe-s123-r1,phase2_read/top_idx,no-dropout,0
torch.float32,inf,1,2080ti,-1.0000000150474662e+30,-1.0000001661631937e+30,16,-1.0000000150474662e+30,16384,4,"[-1.0000000150474662e+30,-1.0000000150474662e+30,-1.0000000150474662e+30,-1.0000000150474662e+30,-1.0000000150474662e+30,-1.0000000150474662e+30,-1.0000000150474662e+30,-1.0000000150474662e+30]",9a9fe1aa50ef523d738b70d1c4410771a1eebdba615eba1bac04c3b3539793cb,"[64,2,2,32,2]",zoology/experiments/flash_vqg/scripts/20260628-03-flash-vqg-mixer-divergence-probe/outputs/2080ti/probe.json,1.5111572745182865e+23,mixer-probe-s123-r1,phase2_read/top_scores,no-dropout,0
torch.float32,0.0,1,2080ti,0.0,0.0,16,0.0,16384,4,"[0.0,0.0,0.0,0.0,0.0,0.0,0.0,0.0]",85a80fae2f428310daf8e819aed8147d2ca75f273599d1da531939dbf3f55a7b,"[64,2,2,32,2]",zoology/experiments/flash_vqg/scripts/20260628-03-flash-vqg-mixer-divergence-probe/outputs/2080ti/probe.json,0.0,mixer-probe-s123-r1,phase2_read/top_probs,no-dropout,0
torch.float32,0.0,1,2080ti,0.0,0.0,16,0.0,16384,4,"[0.0,0.0,0.0,0.0,0.0,0.0,0.0,0.0]",85a80fae2f428310daf8e819aed8147d2ca75f273599d1da531939dbf3f55a7b,"[64,2,2,32,2]",zoology/experiments/flash_vqg/scripts/20260628-03-flash-vqg-mixer-divergence-probe/outputs/2080ti/probe.json,0.0,mixer-probe-s123-r1,phase2_read/omega_sel,no-dropout,0
torch.float32,0.0,1,2080ti,0.0,0.0,16,0.0,8192,4,"[0.0,0.0,0.0,0.0,0.0,0.0,0.0,0.0]",f8dbbb428d043d7769f8fef4e7717b8a7a9697ac9b6425b62cef8cbd4120f9b0,"[64,2,2,32]",zoology/experiments/flash_vqg/scripts/20260628-03-flash-vqg-mixer-divergence-probe/outputs/2080ti/probe.json,0.0,mixer-probe-s123-r1,phase2_read/read_selected_mass,no-dropout,0
torch.float32,0.0,1,2080ti,0.0,0.0,16,0.0,524288,4,"[0.0,0.0,0.0,0.0,0.0,0.0,0.0,0.0]",33f5081ccd747a947e389515e1c9cde8155433ffa6999a97fd86a1da6b73247a,"[64,2,2,32,64]",zoology/experiments/flash_vqg/scripts/20260628-03-flash-vqg-mixer-divergence-probe/outputs/2080ti/probe.json,0.0,mixer-probe-s123-r1,phase2_read/u_res,no-dropout,0
torch.float32,0.0,1,2080ti,0.0,0.0,16,0.0,524288,4,"[0.0,0.0,0.0,0.0,0.0,0.0,0.0,0.0]",33f5081ccd747a947e389515e1c9cde8155433ffa6999a97fd86a1da6b73247a,"[64,2,2,32,64]",zoology/experiments/flash_vqg/scripts/20260628-03-flash-vqg-mixer-divergence-probe/outputs/2080ti/probe.json,0.0,mixer-probe-s123-r1,phase2/O_res_added,no-dropout,0
torch.float32,26.51862335205078,1,2080ti,0.3171740472316742,0.00656939996406436,16,-0.19889713823795319,524288,4,"[0.0363268218934536,0.03358203545212746,-0.0014026573626324534,0.04861905798316002,-0.026077544316649437,0.054066501557826996,0.07096852362155914,-0.04246220365166664]",7adf9aa92a5eaa219d76375bee73cfec95a69222c43af1b7a8432b55e22f9099,"[64,2,2,32,64]",zoology/experiments/flash_vqg/scripts/20260628-03-flash-vqg-mixer-divergence-probe/outputs/2080ti/probe.json,0.03603015094995499,mixer-probe-s123-r1,phase2/Out_f32,no-dropout,0
torch.float32,26.51862335205078,1,2080ti,0.3171740472316742,0.00656939996406436,16,-0.19889713823795319,524288,4,"[0.0363268218934536,0.03358203545212746,-0.0014026573626324534,0.04861905798316002,-0.026077544316649437,0.054066501557826996,0.07096852362155914,-0.04246220365166664]",c6f336a539547ade0c440bfb2dddc70160581d133ca43e90d0a86f5e0b5a1fd2,"[64,2,64,64]",zoology/experiments/flash_vqg/scripts/20260628-03-flash-vqg-mixer-divergence-probe/outputs/2080ti/probe.json,0.03603015094995499,mixer-probe-s123-r1,output_proj/O_heads,no-dropout,0
torch.float32,83.54615020751953,1,2080ti,1.7279313802719116,0.0030684624798595905,16,-1.2573432922363281,524288,4,"[-0.01967281475663185,-0.019611576572060585,0.0008897209190763533,-0.0032950558234006166,0.07345862686634064,-0.06936833262443542,0.3461952209472656,-0.06372802704572678]",2c735b626ad73bf40161d742d7875535975d197fd596b1956a880acf785bbf41,"[64,2,64,64]",zoology/experiments/flash_vqg/scripts/20260628-03-flash-vqg-mixer-divergence-probe/outputs/2080ti/probe.json,0.1153435930609703,mixer-probe-s123-r1,output_proj/o_heads,no-dropout,0
torch.float32,19.03496742248535,1,2080ti,0.13643266260623932,7.191024451458361e-06,16,-0.15834982693195343,524288,4,"[0.010057087056338787,0.02817351743578911,0.0441826768219471,-0.014339734800159931,-0.02575759030878544,-0.023479769006371498,0.0519258938729763,-0.02199692092835903]",b25682ead1918f603e8bc0ea167b4498a6d018f24645e82db67eeae988b3c545,"[64,64,128]",zoology/experiments/flash_vqg/scripts/20260628-03-flash-vqg-mixer-divergence-probe/outputs/2080ti/probe.json,0.02628869190812111,mixer-probe-s123-r1,output_proj/res,no-dropout,0
torch.float32,1316.5538330078125,,2080ti,3.0273804664611816,0.008713370189070702,16,-1.1750544309616089,33554432,4,"[0.00733642652630806,0.5794976353645325,0.03968227282166481,-0.20736131072044373,0.08498033136129379,0.31753960251808167,0.18217603862285614,0.02981429733335972]",716ae01774791881c7b052a2bbfb4c105551ec97d32e9cc72a3739931084c8e5,"[64,64,8192]",zoology/experiments/flash_vqg/scripts/20260628-03-flash-vqg-mixer-divergence-probe/outputs/2080ti/probe.json,0.2275950163602829,mixer-probe-s123-r1,forward/logits,no-dropout,0
,,,2080ti,,,16,,,4,,ad637d48bbfa647c77aa7a80ab6bb8386c0b04a27fde68ffbec77678ad9e3df0,,zoology/experiments/flash_vqg/scripts/20260628-03-flash-vqg-mixer-divergence-probe/outputs/2080ti/probe.json,,mixer-probe-s123-r1,forward/preds,no-dropout,0
float,10.682329177856445,,2080ti,10.682329177856445,10.682329177856445,16,10.682329177856445,1,4,[10.682329177856445],10.6823291779,[],zoology/experiments/flash_vqg/scripts/20260628-03-flash-vqg-mixer-divergence-probe/outputs/2080ti/probe.json,0,mixer-probe-s123-r1,forward/loss,no-dropout,0
torch.float32,362.0316162109375,1,2080ti,1.6055103540420532,0.0097677456215024,64,-1.5039803981781006,1048576,16,"[-0.6134123802185059,-0.11740446090698242,-0.48646315932273865,-0.015393544919788837,0.21080200374126434,0.5416103601455688,-0.1739306002855301,-0.5518726110458374]",0c161698f6cce2b8147df42e003945d22fdc32773f10b58eb548a14bb87677d8,"[64,2,128,64]",zoology/experiments/flash_vqg/scripts/20260628-03-flash-vqg-mixer-divergence-probe/outputs/2080ti/probe.json,0.35341501235961914,mixer-probe-s123-r1,phase1/q_all,no-dropout,0
torch.float32,362.03240966796875,1,2080ti,1.4189165830612183,0.003871703054755926,64,-1.5241856575012207,1048576,16,"[0.04116544872522354,-0.12407282739877701,0.2744717597961426,0.6396361589431763,0.4458918869495392,0.06584004312753677,-0.07442924380302429,-0.02066997066140175]",baf94365ba1f48dacd7757dc6f62626aa8e01f24fe0ab2b6e2dc837465f468f1,"[64,2,128,64]",zoology/experiments/flash_vqg/scripts/20260628-03-flash-vqg-mixer-divergence-probe/outputs/2080ti/probe.json,0.353529691696167,mixer-probe-s123-r1,phase1/k_all,no-dropout,0
torch.float32,89.2635726928711,1,2080ti,0.6189050674438477,0.006829792633652687,64,-0.2598893642425537,1048576,16,"[0.056238461285829544,0.02075905166566372,-0.0026465957053005695,-0.06626579165458679,-0.04449191316962242,0.12038789689540863,-0.061351947486400604,-0.014359168708324432]",3e6799198ce79fdb5a171a2dd191fe85ff143cdbc22fe16c65ae86fc18069d62,"[64,2,128,64]",zoology/experiments/flash_vqg/scripts/20260628-03-flash-vqg-mixer-divergence-probe/outputs/2080ti/probe.json,0.08690444380044937,mixer-probe-s123-r1,phase1/v_all,no-dropout,0
torch.float32,240.2867889404297,1,2080ti,1.0899503231048584,0.0016276664100587368,64,-1.1738361120224,1048576,16,"[0.09837345033884048,-0.37215572595596313,0.10808200389146805,0.17377863824367523,0.1758759766817093,-0.09240251779556274,0.09482338279485703,-0.18313360214233398]",9a0146b7b02a9d847d63762b9e717db2bb388fee383a9a75f0ac07be16cfa5fc,"[64,2,128,64]",zoology/experiments/flash_vqg/scripts/20260628-03-flash-vqg-mixer-divergence-probe/outputs/2080ti/probe.json,0.23465192317962646,mixer-probe-s123-r1,phase1/g_raw_all,no-dropout,0
torch.float32,91.01904296875,1,2080ti,0.33939963579177856,0.0031898135785013437,64,-0.315875381231308,1048576,16,"[0.015293611213564873,-0.01019312534481287,0.08713866770267487,0.12816418707370758,0.10843921452760696,0.010945797897875309,-0.03307139500975609,-0.03860097751021385]",f8ec7059ad74d66175aec9befed7b765d6a00dff50cefc7601a214cc13fe7103,"[64,2,128,64]",zoology/experiments/flash_vqg/scripts/20260628-03-flash-vqg-mixer-divergence-probe/outputs/2080ti/probe.json,0.08882949501276016,mixer-probe-s123-r1,phase1/K_q_all,no-dropout,0
torch.int32,3509.19970703125,1,2080ti,63.0,21.6573486328125,64,0.0,16384,16,"[39,39,20,20,29,29,29,29]",0a653c8c1f480230331a11e79e58447a85c2ad249f91feeade8348355e9a7e35,"[64,2,128]",zoology/experiments/flash_vqg/scripts/20260628-03-flash-vqg-mixer-divergence-probe/outputs/2080ti/probe.json,16.80998420715332,mixer-probe-s123-r1,phase1/Delta_all,no-dropout,0
torch.float32,21.395782470703125,1,2080ti,0.19492654502391815,0.015624999068677425,64,0.0007407521479763091,1048576,16,"[0.007829297333955765,0.011242290027439594,0.017679914832115173,0.010895137675106525,0.020195255056023598,0.00886459555476904,0.01076456904411316,0.006665458902716637]",72a0424a36adf0087fe70d827fd46a294877626409a311520fb2331e916ae178,"[64,2,128,64]",zoology/experiments/flash_vqg/scripts/20260628-03-flash-vqg-mixer-divergence-probe/outputs/2080ti/probe.json,0.013871923089027405,mixer-probe-s123-r1,phase1/W_all,no-dropout,0
torch.float32,5.667905807495117,1,2080ti,-0.02132245898246765,-0.04372130706906319,64,-0.07851839065551758,16384,16,"[-0.05122892186045647,-0.05173515900969505,-0.04302288964390755,-0.04210143908858299,-0.03662879392504692,-0.04508538916707039,-0.051387809216976166,-0.046987999230623245]",aa90f28851ef566a15f2194f3cea395c725938e34cfbddeae3fd42b99d7300b0,"[64,2,128]",zoology/experiments/flash_vqg/scripts/20260628-03-flash-vqg-mixer-divergence-probe/outputs/2080ti/probe.json,0.00701502850279212,mixer-probe-s123-r1,state_build/logf_all,no-dropout,0
torch.float32,64.36993408203125,1,2080ti,0.549404501914978,0.5027278661727905,64,0.4541027843952179,16384,16,"[0.4857068359851837,0.5001436471939087,0.48483043909072876,0.5060259699821472,0.49741750955581665,0.5065634250640869,0.493658185005188,0.5042809844017029]",2d6fcb0a66e1b17eff4c7a304b86224d8e7f937da95853af80ff6a3325dfc8a3,"[64,2,128]",zoology/experiments/flash_vqg/scripts/20260628-03-flash-vqg-mixer-divergence-probe/outputs/2080ti/probe.json,0.012773850932717323,mixer-probe-s123-r1,state_build/beta_all,no-dropout,0
torch.float32,18.27190399169922,1,2080ti,0.24909263849258423,0.0016880766488611698,64,-0.1955181211233139,2097152,16,"[0.0,0.0,0.0,0.0,0.0,0.0,0.0,0.0]",e15297e8ff74f80bd795ec6698b594318112136804b38d1da85aa168fbd24e5a,"[64,2,4,64,64]",zoology/experiments/flash_vqg/scripts/20260628-03-flash-vqg-mixer-divergence-probe/outputs/2080ti/probe.json,0.012504433281719685,mixer-probe-s123-r1,state_build/G_state,no-dropout,0
torch.float32,62.21318817138672,1,2080ti,2.184701442718506,0.24450407922267914,64,0.0,32768,16,"[0.0,0.0,0.0,0.0,0.0,0.0,0.0,0.0]",bae009489888f39914362961949740a9058e468ac893d29959b1266aabb6b2a5,"[64,2,4,64]",zoology/experiments/flash_vqg/scripts/20260628-03-flash-vqg-mixer-divergence-probe/outputs/2080ti/probe.json,0.24152737855911255,mixer-probe-s123-r1,state_build/L_state,no-dropout,0
torch.float32,12.847935676574707,1,2080ti,0.09101319313049316,2.4902678887883667e-06,64,-0.09885060787200928,33554432,16,"[0.0,0.0,0.0,0.0,0.0,0.0,0.0,0.0]",f48677198d4423b9898df8daa1fe07845c3a80680bb0757f2fb18a3ffa166fc9,"[64,2,4,64,64,16]",zoology/experiments/flash_vqg/scripts/20260628-03-flash-vqg-mixer-divergence-probe/outputs/2080ti/probe.json,0.0022205282002687454,mixer-probe-s123-r1,state_build/M_state,no-dropout,0
torch.float32,inf,1,2080ti,2.9368019104003906,-5.000000075237331e+29,64,-1.0000000150474662e+30,1048576,16,"[-1.0000000150474662e+30,-1.0000000150474662e+30,-1.0000000150474662e+30,-1.0000000150474662e+30,-1.0000000150474662e+30,-1.0000000150474662e+30,-1.0000000150474662e+30,-1.0000000150474662e+30]",8ef2d51b336d29c56d752ed758b2b8c47dd49474dafb23ab77580ade00777c21,"[64,2,4,32,64]",zoology/experiments/flash_vqg/scripts/20260628-03-flash-vqg-mixer-divergence-probe/outputs/2080ti/probe.json,5.000000075237331e+29,mixer-probe-s123-r1,phase2/S_far,no-dropout,0
torch.float32,39.93519592285156,1,2080ti,0.3601761758327484,0.006716735661029816,64,-0.19819265604019165,1048576,16,"[0.056238461285829544,0.02075905166566372,-0.0026465957053005695,-0.06626579165458679,-0.04449191316962242,0.12038789689540863,-0.061351947486400604,-0.014359168708324432]",c04c6cd7c4ae3605e154d8fed98a19feda546937399376ad091bff8bd7c4adec,"[64,2,4,32,64]",zoology/experiments/flash_vqg/scripts/20260628-03-flash-vqg-mixer-divergence-probe/outputs/2080ti/probe.json,0.03841698169708252,mixer-probe-s123-r1,phase2/O_base,no-dropout,0
torch.int64,4433.03076171875,1,2080ti,63.0,15.14300537109375,64,0.0,32768,16,"[1,0,1,0,1,0,1,0]",89e6eb92f20ab7c2ca28cab95a9e18b0eb278aaf4e0aa5eadea63b44ae791727,"[64,2,4,32,2]",zoology/experiments/flash_vqg/scripts/20260628-03-flash-vqg-mixer-divergence-probe/outputs/2080ti/probe.json,19.246129989624023,mixer-probe-s123-r1,phase2_read/top_idx,no-dropout,0
torch.float32,inf,1,2080ti,2.9368019104003906,-5.000000075237331e+29,64,-1.0000000150474662e+30,32768,16,"[-1.0000000150474662e+30,-1.0000000150474662e+30,-1.0000000150474662e+30,-1.0000000150474662e+30,-1.0000000150474662e+30,-1.0000000150474662e+30,-1.0000000150474662e+30,-1.0000000150474662e+30]",999dbf884fcc9ad505062f26c52226a44f32e1ce5b5ea1e47450ff3c59383d4e,"[64,2,4,32,2]",zoology/experiments/flash_vqg/scripts/20260628-03-flash-vqg-mixer-divergence-probe/outputs/2080ti/probe.json,5.000000075237331e+29,mixer-probe-s123-r1,phase2_read/top_scores,no-dropout,0
torch.float32,15.060580253601074,1,2080ti,0.6700335741043091,0.05313467979431152,64,0.0,32768,16,"[0.0,0.0,0.0,0.0,0.0,0.0,0.0,0.0]",488a86e7a3e3eb41884418a36d7acc16e0bbc05976045c3bb32f4d3d5774d889,"[64,2,4,32,2]",zoology/experiments/flash_vqg/scripts/20260628-03-flash-vqg-mixer-divergence-probe/outputs/2080ti/probe.json,0.06402137130498886,mixer-probe-s123-r1,phase2_read/top_probs,no-dropout,0
torch.float32,2.631864547729492,1,2080ti,0.17900559306144714,0.008132977411150932,64,0.0,32768,16,"[0.0,0.0,0.0,0.0,0.0,0.0,0.0,0.0]",c4775f623de856dada3a5d7fe2a44969bf607a6449c1cf9de5d98ecedb73ee9c,"[64,2,4,32,2]",zoology/experiments/flash_vqg/scripts/20260628-03-flash-vqg-mixer-divergence-probe/outputs/2080ti/probe.json,0.012051602825522423,mixer-probe-s123-r1,phase2_read/omega_sel,no-dropout,0
torch.float32,3.5329020023345947,1,2080ti,0.22915306687355042,0.016265954822301865,64,0.0,16384,16,"[0.0,0.0,0.0,0.0,0.0,0.0,0.0,0.0]",84e64bb81d7f85962431e42503999ec7fa04fc8de3b7c0f9e247e429a0b9586d,"[64,2,4,32]",zoology/experiments/flash_vqg/scripts/20260628-03-flash-vqg-mixer-divergence-probe/outputs/2080ti/probe.json,0.02229849249124527,mixer-probe-s123-r1,phase2_read/read_selected_mass,no-dropout,0
torch.float32,0.21693766117095947,1,2080ti,0.008102072402834892,7.757449566270225e-06,64,-0.006592185702174902,1048576,16,"[0.0,0.0,0.0,0.0,0.0,0.0,0.0,0.0]",e3c5b4626c45b62a57b27a69e7671a72ca19c5378437b8ed9a0e9797757b1e19,"[64,2,4,32,64]",zoology/experiments/flash_vqg/scripts/20260628-03-flash-vqg-mixer-divergence-probe/outputs/2080ti/probe.json,0.00021171481057535857,mixer-probe-s123-r1,phase2_read/u_res,no-dropout,0
torch.float32,9.202770233154297,1,2080ti,0.173427551984787,0.0003603110380936414,64,-0.13590556383132935,1048576,16,"[0.0,0.0,0.0,0.0,0.0,0.0,0.0,0.0]",0e215d3d8d0f5becd8e137c7b10ca3ebfe2eb0b7b15b59dd5facbeaa6876adc0,"[64,2,4,32,64]",zoology/experiments/flash_vqg/scripts/20260628-03-flash-vqg-mixer-divergence-probe/outputs/2080ti/probe.json,0.008979994803667068,mixer-probe-s123-r1,phase2/O_res_added,no-dropout,0
torch.float32,42.143184661865234,1,2080ti,0.3601761758327484,0.007077045738697052,64,-0.19819265604019165,1048576,16,"[0.056238461285829544,0.02075905166566372,-0.0026465957053005695,-0.06626579165458679,-0.04449191316962242,0.12038789689540863,-0.061351947486400604,-0.014359168708324432]",9f41c2cf51734b606f8a577deca9a83553c334e1b86d6e9293f276ed8fa87903,"[64,2,4,32,64]",zoology/experiments/flash_vqg/scripts/20260628-03-flash-vqg-mixer-divergence-probe/outputs/2080ti/probe.json,0.040542952716350555,mixer-probe-s123-r1,phase2/Out_f32,no-dropout,0
torch.float32,42.143184661865234,1,2080ti,0.3601761758327484,0.007077045738697052,64,-0.19819265604019165,1048576,16,"[0.056238461285829544,0.02075905166566372,-0.0026465957053005695,-0.06626579165458679,-0.04449191316962242,0.12038789689540863,-0.061351947486400604,-0.014359168708324432]",8871785fc56ead854f8b617a39a4730d1cdfeae7b3c9415b705bf0498dc4e923,"[64,2,128,64]",zoology/experiments/flash_vqg/scripts/20260628-03-flash-vqg-mixer-divergence-probe/outputs/2080ti/probe.json,0.040542952716350555,mixer-probe-s123-r1,output_proj/O_heads,no-dropout,0
torch.float32,123.69267272949219,1,2080ti,1.9226239919662476,0.0039479490369558334,64,-1.424802541732788,1048576,16,"[0.04458942636847496,-0.048473142087459564,-0.002301882253959775,-0.09495539963245392,-0.06533392518758774,-0.08083666861057281,-0.04655689746141434,0.018246956169605255]",f2d835e59f114e097c9b43fd34103418f74d74f56f05c17e5c38d80db25c7485,"[64,2,128,64]",zoology/experiments/flash_vqg/scripts/20260628-03-flash-vqg-mixer-divergence-probe/outputs/2080ti/probe.json,0.12073327600955963,mixer-probe-s123-r1,output_proj/o_heads,no-dropout,0
torch.float32,29.257638931274414,1,2080ti,0.17921113967895508,-0.00014864753757137805,64,-0.1731196790933609,1048576,16,"[0.04036357253789902,0.014975816011428833,0.035767775028944016,0.01934625953435898,0.04940282553434372,0.04758495092391968,-0.06043962761759758,3.0661942673759768e-06]",4bba7242fc046f76d15e2ddb317bc90f5ed2bd6fb622be4e3c837743abf6c9d9,"[64,128,128]",zoology/experiments/flash_vqg/scripts/20260628-03-flash-vqg-mixer-divergence-probe/outputs/2080ti/probe.json,0.02857188507914543,mixer-probe-s123-r1,output_proj/res,no-dropout,0
torch.float32,1991.356689453125,,2080ti,3.137842893600464,0.07166984677314758,64,-1.1688169240951538,67108864,16,"[0.36539411544799805,0.43502673506736755,-0.09986443817615509,0.04045245796442032,0.29792311787605286,0.49632078409194946,0.0798681452870369,-0.0011480478569865227]",8759e3cedf1ef3c23b4beee8626ee3548c58ba40e919f6fe2c5e71700fc8e996,"[64,128,8192]",zoology/experiments/flash_vqg/scripts/20260628-03-flash-vqg-mixer-divergence-probe/outputs/2080ti/probe.json,0.23363950848579407,mixer-probe-s123-r1,forward/logits,no-dropout,0
,,,2080ti,,,64,,,16,,f0344aca7090232a4ccb18a323890d03b2782424ff567d656132b645e57678a6,,zoology/experiments/flash_vqg/scripts/20260628-03-flash-vqg-mixer-divergence-probe/outputs/2080ti/probe.json,,mixer-probe-s123-r1,forward/preds,no-dropout,0
float,10.266509056091309,,2080ti,10.266509056091309,10.266509056091309,64,10.266509056091309,1,16,[10.266509056091309],10.2665090561,[],zoology/experiments/flash_vqg/scripts/20260628-03-flash-vqg-mixer-divergence-probe/outputs/2080ti/probe.json,0,mixer-probe-s123-r1,forward/loss,no-dropout,0
torch.float32,511.9809265136719,1,2080ti,1.5752702951431274,0.005768767558038235,256,-1.6266117095947266,2097152,64,"[0.0530429445207119,-0.03317233920097351,0.23145811259746552,-0.11519719660282135,0.050373490899801254,0.8985937237739563,0.2767285108566284,-0.027892209589481354]",125493a81084835f29622dc4e8c8df84445bdd770685a012852eea0964e98bac,"[64,2,256,64]",zoology/experiments/flash_vqg/scripts/20260628-03-flash-vqg-mixer-divergence-probe/outputs/2080ti/probe.json,0.35350462794303894,mixer-probe-s123-r1,phase1/q_all,no-dropout,0
torch.float32,511.9859619140625,1,2080ti,0.9844737648963928,0.027366170659661293,256,-1.4961166381835938,2097152,64,"[0.46011072397232056,-0.28500306606292725,-0.4539869725704193,-0.03941137716174126,0.39503106474876404,-0.3885226249694824,-0.0836821049451828,-0.25570887327194214]",e85cdc50821fb5f6400a0a969d39255c8b0a76a8301e1de97c5becde7d6a3a13,"[64,2,256,64]",zoology/experiments/flash_vqg/scripts/20260628-03-flash-vqg-mixer-divergence-probe/outputs/2080ti/probe.json,0.3524926006793976,mixer-probe-s123-r1,phase1/k_all,no-dropout,0
torch.float32,194.17095947265625,1,2080ti,0.8520047664642334,0.0061824750155210495,256,-0.27846455574035645,2097152,64,"[-0.0682377964258194,0.002642863430082798,-0.08597948402166367,-0.01006809901446104,-0.004140036646276712,-0.030263284221291542,0.01849266327917576,0.044930268079042435]",37c3e9ee071c39723a910d7009b83184214fa3940cc5d0f8a7993d6dd8f00808,"[64,2,256,64]",zoology/experiments/flash_vqg/scripts/20260628-03-flash-vqg-mixer-divergence-probe/outputs/2080ti/probe.json,0.133945494890213,mixer-probe-s123-r1,phase1/v_all,no-dropout,0
torch.float32,2619.82568359375,1,2080ti,5.660532474517822,0.7449860572814941,256,-3.589884042739868,2097152,64,"[-0.1145642101764679,-0.11308567225933075,-0.012720546685159206,-1.125609040260315,1.6481877565383911,1.1340563297271729,-1.3072896003723145,0.016206463798880577]",baa10e850b8023115fdd8ed1608bbdc03c6db702dedc2d8988f5afb43c340d7a,"[64,2,256,64]",zoology/experiments/flash_vqg/scripts/20260628-03-flash-vqg-mixer-divergence-probe/outputs/2080ti/probe.json,1.648714542388916,mixer-probe-s123-r1,phase1/g_raw_all,no-dropout,0
torch.float32,343.733642578125,1,2080ti,0.5407541990280151,0.018272358924150467,256,-0.5899485945701599,2097152,64,"[0.28531381487846375,-0.18489587306976318,-0.20120839774608612,0.036961879581213,0.2934609651565552,-0.2594812214374542,-0.09344504773616791,-0.1971244364976883]",69d7affee19a423269864cd6f84081e71a88bf1e3fc6ec666162e7599cb74955,"[64,2,256,64]",zoology/experiments/flash_vqg/scripts/20260628-03-flash-vqg-mixer-divergence-probe/outputs/2080ti/probe.json,0.23666468262672424,mixer-probe-s123-r1,phase1/K_q_all,no-dropout,0
torch.int32,3731.809326171875,1,2080ti,29.0,16.0,256,3.0,32768,64,"[29,29,29,29,29,29,29,29]",4f08f5924b44fa26e5f79e9d1ade817976b8db1516a66e6320d1d0f6bf884a8d,"[64,2,256]",zoology/experiments/flash_vqg/scripts/20260628-03-flash-vqg-mixer-divergence-probe/outputs/2080ti/probe.json,13.0,mixer-probe-s123-r1,phase1/Delta_all,no-dropout,0
torch.float32,94.9748764038086,1,2080ti,0.541047215461731,0.015625,256,0.0008792104199528694,2097152,64,"[0.004040440544486046,0.004962810315191746,0.0020208118949085474,0.00472244992852211,0.004657409619539976,0.0037144909147173166,0.009513392113149166,0.0021646814420819283]",1bec378697acdc31306050fa8abbe904604ac0eb5d783cd178fb7589d3fecfd3,"[64,2,256,64]",zoology/experiments/flash_vqg/scripts/20260628-03-flash-vqg-mixer-divergence-probe/outputs/2080ti/probe.json,0.06372407078742981,mixer-probe-s123-r1,phase1/W_all,no-dropout,0
torch.float32,1.7956349849700928,1,2080ti,-0.001627812278456986,-0.008515214547514915,256,-0.04195743426680565,32768,64,"[-0.006980727892369032,-0.0028833316173404455,-0.009116520173847675,-0.003569446038454771,-0.01822853647172451,-0.007304206490516663,-0.007589672692120075,-0.004803771153092384]",69454b5b76b48a3622bf43b8ece8425fd00442d119212b6740215adb4946ee44,"[64,2,256]",zoology/experiments/flash_vqg/scripts/20260628-03-flash-vqg-mixer-divergence-probe/outputs/2080ti/probe.json,0.005088127683848143,mixer-probe-s123-r1,state_build/logf_all,no-dropout,0
torch.float32,33.4340934753418,1,2080ti,0.5149592757225037,0.169894278049469,256,0.052753955125808716,32768,64,"[0.18386541306972504,0.07402779161930084,0.19646047055721283,0.07220954447984695,0.2704068124294281,0.13246771693229675,0.19354501366615295,0.08846654742956161]",e7656897d0f12e7517c93786e09c7127208ddd852c00b7108206cd456e1e4159,"[64,2,256]",zoology/experiments/flash_vqg/scripts/20260628-03-flash-vqg-mixer-divergence-probe/outputs/2080ti/probe.json,0.07245448231697083,mixer-probe-s123-r1,state_build/beta_all,no-dropout,0
torch.float32,1050.0911865234375,1,2080ti,18.569210052490234,0.005927153863012791,256,-14.864686012268066,4194304,64,"[0.0,0.0,0.0,0.0,0.0,0.0,0.0,0.0]",b1429b8ce6f0e480da8cd353a0f59c9709e9acba5eff3bfe63d824430fa541cc,"[64,2,8,64,64]",zoology/experiments/flash_vqg/scripts/20260628-03-flash-vqg-mixer-divergence-probe/outputs/2080ti/probe.json,0.5128424763679504,mixer-probe-s123-r1,state_build/G_state,no-dropout,0
torch.float32,1185.0897216796875,1,2080ti,58.99197006225586,0.9781246185302734,256,0.0,65536,64,"[0.0,0.0,0.0,0.0,0.0,0.0,0.0,0.0]",073c80b0260a0072cd3f8aca7d8a2231b478aa01575092c89947839348911040,"[64,2,8,64]",zoology/experiments/flash_vqg/scripts/20260628-03-flash-vqg-mixer-divergence-probe/outputs/2080ti/probe.json,4.524744033813477,mixer-probe-s123-r1,state_build/L_state,no-dropout,0
torch.float32,16.750320434570312,1,2080ti,0.1795004904270172,2.9438992896757554e-06,256,-0.24167391657829285,67108864,64,"[0.0,0.0,0.0,0.0,0.0,0.0,0.0,0.0]",1d777eba2317510fb9da19a31255f84b223963e5b4c983500de1fa24686a1992,"[64,2,8,64,64,16]",zoology/experiments/flash_vqg/scripts/20260628-03-flash-vqg-mixer-divergence-probe/outputs/2080ti/probe.json,0.0020458705257624388,mixer-probe-s123-r1,state_build/M_state,no-dropout,0
torch.float32,inf,1,2080ti,3.869659185409546,-2.4999998487240062e+29,256,-1.0000000150474662e+30,2097152,64,"[-1.0000000150474662e+30,-1.0000000150474662e+30,-1.0000000150474662e+30,-1.0000000150474662e+30,-1.0000000150474662e+30,-1.0000000150474662e+30,-1.0000000150474662e+30,-1.0000000150474662e+30]",23b23804ad68ccc239af20f7536e3b0d6b8771473edb7104bc92a4e03990ca1a,"[64,2,8,32,64]",zoology/experiments/flash_vqg/scripts/20260628-03-flash-vqg-mixer-divergence-probe/outputs/2080ti/probe.json,4.330127100591811e+29,mixer-probe-s123-r1,phase2/S_far,no-dropout,0
torch.float32,164.11038208007812,1,2080ti,0.5884604454040527,0.006141378544270992,256,-0.278433620929718,2097152,64,"[-0.0682377964258194,0.002642863430082798,-0.08597948402166367,-0.01006809901446104,-0.004140036646276712,-0.030263284221291542,0.01849266327917576,0.044930268079042435]",404a1d8cbb474b9d91221323fdca613d7b4779c84b73dbefb6e6d241fbbc1b03,"[64,2,8,32,64]",zoology/experiments/flash_vqg/scripts/20260628-03-flash-vqg-mixer-divergence-probe/outputs/2080ti/probe.json,0.11317530274391174,mixer-probe-s123-r1,phase2/O_base,no-dropout,0
torch.int64,7166.97216796875,1,2080ti,63.0,21.451751708984375,256,0.0,65536,64,"[1,0,1,0,1,0,1,0]",e52689d05ab8866971c19c9d349b9da05bf165c537af7e4dc0897fda7699e082,"[64,2,8,32,2]",zoology/experiments/flash_vqg/scripts/20260628-03-flash-vqg-mixer-divergence-probe/outputs/2080ti/probe.json,17.988815307617188,mixer-probe-s123-r1,phase2_read/top_idx,no-dropout,0
torch.float32,inf,1,2080ti,3.869659185409546,-2.5000000376186655e+29,256,-1.0000000150474662e+30,65536,64,"[-1.0000000150474662e+30,-1.0000000150474662e+30,-1.0000000150474662e+30,-1.0000000150474662e+30,-1.0000000150474662e+30,-1.0000000150474662e+30,-1.0000000150474662e+30,-1.0000000150474662e+30]",8af54484b2e3e883c5bc8a4c5dd04cf27c3ebc6b391ae9e87fc1d0447088199a,"[64,2,8,32,2]",zoology/experiments/flash_vqg/scripts/20260628-03-flash-vqg-mixer-divergence-probe/outputs/2080ti/probe.json,4.330127100591811e+29,mixer-probe-s123-r1,phase2_read/top_scores,no-dropout,0
torch.float32,18.262609481811523,1,2080ti,0.4492492973804474,0.05784469097852707,256,0.0,65536,64,"[0.0,0.0,0.0,0.0,0.0,0.0,0.0,0.0]",a558cad4818db238ee8a5d14307f47b00ad70f3c6943a3e28a58731cf325542b,"[64,2,8,32,2]",zoology/experiments/flash_vqg/scripts/20260628-03-flash-vqg-mixer-divergence-probe/outputs/2080ti/probe.json,0.04175100475549698,mixer-probe-s123-r1,phase2_read/top_probs,no-dropout,0
torch.float32,17.393386840820312,1,2080ti,0.37584176659584045,0.05537477135658264,256,0.0,65536,64,"[0.0,0.0,0.0,0.0,0.0,0.0,0.0,0.0]",629ce8055e672025cf0535595561909dcf9bc7d6f3184eecaeaf71d5a68b761f,"[64,2,8,32,2]",zoology/experiments/flash_vqg/scripts/20260628-03-flash-vqg-mixer-divergence-probe/outputs/2080ti/probe.json,0.039368417114019394,mixer-probe-s123-r1,phase2_read/omega_sel,no-dropout,0
torch.float32,23.898345947265625,1,2080ti,0.4622264504432678,0.11074955016374588,256,0.0,32768,64,"[0.0,0.0,0.0,0.0,0.0,0.0,0.0,0.0]",2fb76331b7237da59b48a1573c37cd78a9cab3329f8252959f35cd45696e082a,"[64,2,8,32]",zoology/experiments/flash_vqg/scripts/20260628-03-flash-vqg-mixer-divergence-probe/outputs/2080ti/probe.json,0.07186148315668106,mixer-probe-s123-r1,phase2_read/read_selected_mass,no-dropout,0
torch.float32,0.5838167071342468,1,2080ti,0.03119182027876377,-2.318678582469147e-07,256,-0.022799869999289513,2097152,64,"[0.0,0.0,0.0,0.0,0.0,0.0,0.0,0.0]",3864d0c0b7ec9f0bd84f635377fdb6fc43180ff5fd25f677b6dc7a9d50519b0e,"[64,2,8,32,64]",zoology/experiments/flash_vqg/scripts/20260628-03-flash-vqg-mixer-divergence-probe/outputs/2080ti/probe.json,0.00040316631202585995,mixer-probe-s123-r1,phase2_read/u_res,no-dropout,0
torch.float32,2.9522745609283447,1,2080ti,0.16716253757476807,-3.7545285067608347e-06,256,-0.1353749781847,2097152,64,"[0.0,0.0,0.0,0.0,0.0,0.0,0.0,0.0]",0dbf87415662daf6d5865883b08a95fd8973c28c58d958e26873659d2f8a3bdc,"[64,2,8,32,64]",zoology/experiments/flash_vqg/scripts/20260628-03-flash-vqg-mixer-divergence-probe/outputs/2080ti/probe.json,0.002038724720478058,mixer-probe-s123-r1,phase2/O_res_added,no-dropout,0
torch.float32,164.14096069335938,1,2080ti,0.5884604454040527,0.006137623451650143,256,-0.34048905968666077,2097152,64,"[-0.0682377964258194,0.002642863430082798,-0.08597948402166367,-0.01006809901446104,-0.004140036646276712,-0.030263284221291542,0.01849266327917576,0.044930268079042435]",6ed74e94e088c5132da8966438076e04fa9bffdbf9981891b3f1414ad9bfbe9b,"[64,2,8,32,64]",zoology/experiments/flash_vqg/scripts/20260628-03-flash-vqg-mixer-divergence-probe/outputs/2080ti/probe.json,0.11319643259048462,mixer-probe-s123-r1,phase2/Out_f32,no-dropout,0
torch.float32,164.14096069335938,1,2080ti,0.5884604454040527,0.006137623451650143,256,-0.34048905968666077,2097152,64,"[-0.0682377964258194,0.002642863430082798,-0.08597948402166367,-0.01006809901446104,-0.004140036646276712,-0.030263284221291542,0.01849266327917576,0.044930268079042435]",ab47fde933afdd4c4bd35d6a2930b2943d2e5e39c859a84676d88843af0ccc96,"[64,2,256,64]",zoology/experiments/flash_vqg/scripts/20260628-03-flash-vqg-mixer-divergence-probe/outputs/2080ti/probe.json,0.11319643259048462,mixer-probe-s123-r1,output_proj/O_heads,no-dropout,0
torch.float32,4585.8623046875,1,2080ti,20.396957397460938,0.17472895979881287,256,-15.709178924560547,2097152,64,"[0.047396495938301086,-0.001807473716326058,0.006841128692030907,0.03627685829997063,-0.07609894871711731,-0.3415714204311371,-0.06817759573459625,0.004878306295722723]",63d46a829376616d6946069bef6b6c4a3b2c5877d0e5e1deba0511bef15dd127,"[64,2,256,64]",zoology/experiments/flash_vqg/scripts/20260628-03-flash-vqg-mixer-divergence-probe/outputs/2080ti/probe.json,3.162038803100586,mixer-probe-s123-r1,output_proj/o_heads,no-dropout,0
torch.float32,10187.2919921875,1,2080ti,17.548477172851562,-0.28652334213256836,256,-16.75965690612793,2097152,64,"[3.5804927349090576,-3.7335519790649414,4.2065749168396,-2.7147912979125977,2.207477331161499,3.203235626220703,2.8254239559173584,-4.511378765106201]",1056e0cdbd22947714883785942e5fc4071295b347ab848974a10d5058a0e71f,"[64,256,128]",zoology/experiments/flash_vqg/scripts/20260628-03-flash-vqg-mixer-divergence-probe/outputs/2080ti/probe.json,7.028872966766357,mixer-probe-s123-r1,output_proj/res,no-dropout,0
torch.float32,10046.814453125,,2080ti,2.5771331787109375,0.6919964551925659,256,-0.8402479887008667,134217728,64,"[-0.2198798507452011,0.09667154401540756,0.1894725114107132,0.4209800660610199,0.1643751710653305,0.17964622378349304,0.6271083950996399,0.2906586229801178]",dea05ca767b11693c3449988d68884d59560782e72a1621733c08a03c9d3e2b1,"[64,256,8192]",zoology/experiments/flash_vqg/scripts/20260628-03-flash-vqg-mixer-divergence-probe/outputs/2080ti/probe.json,0.5407943725585938,mixer-probe-s123-r1,forward/logits,no-dropout,0
,,,2080ti,,,256,,,64,,dd6b242d9117d4bf9ab31c0bab1fcd7e8390c680973d6e726681cf9f88433a5f,,zoology/experiments/flash_vqg/scripts/20260628-03-flash-vqg-mixer-divergence-probe/outputs/2080ti/probe.json,,mixer-probe-s123-r1,forward/preds,no-dropout,0
float,8.908419609069824,,2080ti,8.908419609069824,8.908419609069824,256,8.908419609069824,1,64,[8.908419609069824],8.90841960907,[],zoology/experiments/flash_vqg/scripts/20260628-03-flash-vqg-mixer-divergence-probe/outputs/2080ti/probe.json,0,mixer-probe-s123-r1,forward/loss,no-dropout,0
torch.float32,511.9835205078125,1,2080ti,1.7200900316238403,0.00798968318849802,520,-1.5645757913589478,2097152,130,"[-0.08207006752490997,-0.37847214937210083,0.03567792475223541,0.12248740345239639,0.6127108335494995,0.4544408321380615,0.08234956860542297,-0.1723402887582779]",24709d26001b4f026393b8ef30f8fd19f4c74133c05ea4187ce41df5f804c919,"[64,2,256,64]",zoology/experiments/flash_vqg/scripts/20260628-03-flash-vqg-mixer-divergence-probe/outputs/2080ti/probe.json,0.35346224904060364,mixer-probe-s123-r1,phase1/q_all,no-dropout,0
torch.float32,511.9932556152344,1,2080ti,1.1238555908203125,0.02790623903274536,520,-0.9936963319778442,2097152,130,"[0.4721078872680664,-0.28195953369140625,-0.34620481729507446,-0.023717282339930534,0.4796026349067688,-0.38854846358299255,-0.10745752602815628,-0.31455349922180176]",a61371bf6d02dbea0cb6f596378d4632caa8d4ee28c9110a2fe97aa0e122fdd6,"[64,2,256,64]",zoology/experiments/flash_vqg/scripts/20260628-03-flash-vqg-mixer-divergence-probe/outputs/2080ti/probe.json,0.35245028138160706,mixer-probe-s123-r1,phase1/k_all,no-dropout,0
torch.float32,264.72222900390625,1,2080ti,1.2860450744628906,0.02682425081729889,520,-0.27846452593803406,2097152,130,"[0.018667614087462425,-0.005620485637336969,0.013408109545707703,-0.038604844361543655,-0.0218972060829401,0.040600646287202835,0.04272947087883949,0.0039323908276855946]",520354168458ca7d028129c88f8eff1573e70d9e320b0651087b3521daf4cea2,"[64,2,256,64]",zoology/experiments/flash_vqg/scripts/20260628-03-flash-vqg-mixer-divergence-probe/outputs/2080ti/probe.json,0.18082734942436218,mixer-probe-s123-r1,phase1/v_all,no-dropout,0
torch.float32,5355.923828125,1,2080ti,10.75141429901123,1.907644271850586,520,-4.028590202331543,2097152,130,"[-0.2261681854724884,1.0635449886322021,-0.1902862936258316,-0.740108847618103,3.6676084995269775,2.294095039367676,-1.1416923999786377,0.39122021198272705]",94e9a1392842a3e12189d2ca72bc11e4c586231de7e63323a16d33a25e6eb51f,"[64,2,256,64]",zoology/experiments/flash_vqg/scripts/20260628-03-flash-vqg-mixer-divergence-probe/outputs/2080ti/probe.json,3.168816566467285,mixer-probe-s123-r1,phase1/g_raw_all,no-dropout,0
torch.float32,482.08660888671875,1,2080ti,0.6976605653762817,0.02609621174633503,520,-0.7800933122634888,2097152,130,"[0.4152120053768158,-0.26791203022003174,-0.32103732228279114,-0.018071984872221947,0.4101153016090393,-0.37325114011764526,-0.1113646849989891,-0.27104559540748596]",243a01b2ecbc2f18b1a7c9d34d8c1bb7a475e087427092bc927cac8da4da6f0c,"[64,2,256,64]",zoology/experiments/flash_vqg/scripts/20260628-03-flash-vqg-mixer-divergence-probe/outputs/2080ti/probe.json,0.3318842053413391,mixer-probe-s123-r1,phase1/K_q_all,no-dropout,0
torch.int32,3731.809326171875,1,2080ti,29.0,16.0,520,3.0,32768,130,"[29,29,29,29,29,29,29,29]",4f08f5924b44fa26e5f79e9d1ade817976b8db1516a66e6320d1d0f6bf884a8d,"[64,2,256]",zoology/experiments/flash_vqg/scripts/20260628-03-flash-vqg-mixer-divergence-probe/outputs/2080ti/probe.json,13.0,mixer-probe-s123-r1,phase1/Delta_all,no-dropout,0
torch.float32,130.44708251953125,1,2080ti,0.7390745282173157,0.015625,520,0.0006139653269201517,2097152,130,"[0.001985116396099329,0.002605874789878726,0.001120758824981749,0.0026441095396876335,0.0027684499509632587,0.002285092370584607,0.004830098245292902,0.001383829745464027]",6aea1d77d760dfacf022b0e539eba30b7a9b72f7c109e5fd1a12045a7c50e76b,"[64,2,256,64]",zoology/experiments/flash_vqg/scripts/20260628-03-flash-vqg-mixer-divergence-probe/outputs/2080ti/probe.json,0.08872956782579422,mixer-probe-s123-r1,phase1/W_all,no-dropout,0
torch.float32,0.28165701031684875,1,2080ti,-6.006540388625581e-06,-0.0005869785672985017,520,-0.03533358871936798,32768,130,"[-0.001414587371982634,-3.1239465897670016e-05,-0.001837109331972897,-3.261397796450183e-05,-0.0002850577875506133,-2.1899484636378475e-05,-0.0005526531604118645,-2.2064816221245565e-05]",de2c8b5d5d58bc15fcd9bd5a2a6cf3e896f84b85e2973d15d89ce4eb4d8416c6,"[64,2,256]",zoology/experiments/flash_vqg/scripts/20260628-03-flash-vqg-mixer-divergence-probe/outputs/2080ti/probe.json,0.0014409852446988225,mixer-probe-s123-r1,state_build/logf_all,no-dropout,0
torch.float32,43.63349151611328,1,2080ti,0.5563844442367554,0.21472418308258057,520,0.05629769712686539,32768,130,"[0.3909973204135895,0.2152884602546692,0.3148932158946991,0.1807563751935959,0.30814188718795776,0.1700335592031479,0.35864725708961487,0.18926994502544403]",93343ea34c4c64509fb9a4bcb4fc46b6b059b53a282c6d6184c4da08750c37fe,"[64,2,256]",zoology/experiments/flash_vqg/scripts/20260628-03-flash-vqg-mixer-divergence-probe/outputs/2080ti/probe.json,0.10952335596084595,mixer-probe-s123-r1,state_build/beta_all,no-dropout,0
torch.float32,3788.440673828125,1,2080ti,71.75582122802734,0.04534289240837097,520,-32.804481506347656,4194304,130,"[0.0,0.0,0.0,0.0,0.0,0.0,0.0,0.0]",1ede35fac99416259d7315cf7b8b91394be286dcd41122725df0a10fa44c1f57,"[64,2,8,64,64]",zoology/experiments/flash_vqg/scripts/20260628-03-flash-vqg-mixer-divergence-probe/outputs/2080ti/probe.json,1.8499760627746582,mixer-probe-s123-r1,state_build/G_state,no-dropout,0
torch.float32,2931.17919921875,1,2080ti,157.5100555419922,1.670127272605896,520,0.0,65536,130,"[0.0,0.0,0.0,0.0,0.0,0.0,0.0,0.0]",cc7cf23c2b0928eb21022c2634e92ba17895f709ee642a5f1e130c8ef0abd64b,"[64,2,8,64]",zoology/experiments/flash_vqg/scripts/20260628-03-flash-vqg-mixer-divergence-probe/outputs/2080ti/probe.json,11.327506065368652,mixer-probe-s123-r1,state_build/L_state,no-dropout,0
torch.float32,22.563228607177734,1,2080ti,0.2915576696395874,1.184118218588992e-06,520,-0.30612269043922424,67108864,130,"[0.0,0.0,0.0,0.0,0.0,0.0,0.0,0.0]",37eba15e5a92519d34a84d7d4607dc905133b7ab70a7eb64b8efee5ae2d2f61f,"[64,2,8,64,64,16]",zoology/experiments/flash_vqg/scripts/20260628-03-flash-vqg-mixer-divergence-probe/outputs/2080ti/probe.json,0.002755382563918829,mixer-probe-s123-r1,state_build/M_state,no-dropout,0
torch.float32,inf,1,2080ti,10.139511108398438,-2.4999998487240062e+29,520,-1.0000000150474662e+30,2097152,130,"[-1.0000000150474662e+30,-1.0000000150474662e+30,-1.0000000150474662e+30,-1.0000000150474662e+30,-1.0000000150474662e+30,-1.0000000150474662e+30,-1.0000000150474662e+30,-1.0000000150474662e+30]",61e05e333c649e0f005936c7871d64204d9bc4c1be9412185571b490e4d0b700,"[64,2,8,32,64]",zoology/experiments/flash_vqg/scripts/20260628-03-flash-vqg-mixer-divergence-probe/outputs/2080ti/probe.json,4.330127100591811e+29,mixer-probe-s123-r1,phase2/S_far,no-dropout,0
torch.float32,238.5226593017578,1,2080ti,0.8401231169700623,0.027863183990120888,520,-0.27846401929855347,2097152,130,"[0.018667614087462425,-0.005620485637336969,0.013408109545707703,-0.038604844361543655,-0.0218972060829401,0.040600646287202835,0.04272947087883949,0.0039323908276855946]",82177ecb7d7cc538e0049b00b73e9526760828ed7a5085e0594b397e87cdca3b,"[64,2,8,32,64]",zoology/experiments/flash_vqg/scripts/20260628-03-flash-vqg-mixer-divergence-probe/outputs/2080ti/probe.json,0.16233853995800018,mixer-probe-s123-r1,phase2/O_base,no-dropout,0
torch.int64,5404.74609375,1,2080ti,63.0,17.053543090820312,520,0.0,65536,130,"[1,0,1,0,1,0,1,0]",b13c08ca2b2a4d18ab1cbdd4bdd28ac6292eee31cc4b8dea65b1cd03255da91c,"[64,2,8,32,2]",zoology/experiments/flash_vqg/scripts/20260628-03-flash-vqg-mixer-divergence-probe/outputs/2080ti/probe.json,12.446101188659668,mixer-probe-s123-r1,phase2_read/top_idx,no-dropout,0
torch.float32,inf,1,2080ti,10.139511108398438,-2.5000000376186655e+29,520,-1.0000000150474662e+30,65536,130,"[-1.0000000150474662e+30,-1.0000000150474662e+30,-1.0000000150474662e+30,-1.0000000150474662e+30,-1.0000000150474662e+30,-1.0000000150474662e+30,-1.0000000150474662e+30,-1.0000000150474662e+30]",e69bcf17a119da5ed43eb2d85d1df39a6f29bd5deb208ec842f8dc08c65008d9,"[64,2,8,32,2]",zoology/experiments/flash_vqg/scripts/20260628-03-flash-vqg-mixer-divergence-probe/outputs/2080ti/probe.json,4.330127100591811e+29,mixer-probe-s123-r1,phase2_read/top_scores,no-dropout,0
torch.float32,49.57712173461914,1,2080ti,0.9899775385856628,0.1374482363462448,520,0.0,65536,130,"[0.0,0.0,0.0,0.0,0.0,0.0,0.0,0.0]",dee8934a37326f7a6640ead141e28ad691d8744696f9ff8e97a0c1ddf872c4b9,"[64,2,8,32,2]",zoology/experiments/flash_vqg/scripts/20260628-03-flash-vqg-mixer-divergence-probe/outputs/2080ti/probe.json,0.1364273577928543,mixer-probe-s123-r1,phase2_read/top_probs,no-dropout,0
torch.float32,40.62165451049805,1,2080ti,0.8964772820472717,0.11722901463508606,520,0.0,65536,130,"[0.0,0.0,0.0,0.0,0.0,0.0,0.0,0.0]",ae8313adb496ee92cf97eedf0f7867fbdb326572cdd74272d56fcc8431d893c3,"[64,2,8,32,2]",zoology/experiments/flash_vqg/scripts/20260628-03-flash-vqg-mixer-divergence-probe/outputs/2080ti/probe.json,0.10694015026092529,mixer-probe-s123-r1,phase2_read/omega_sel,no-dropout,0
torch.float32,53.75246810913086,1,2080ti,0.9014227986335754,0.2344580441713333,520,0.0,32768,130,"[0.0,0.0,0.0,0.0,0.0,0.0,0.0,0.0]",7039f347f33c5f5f3685f700165c83308325b6c5dfaeee161a4754aed0eca12d,"[64,2,8,32]",zoology/experiments/flash_vqg/scripts/20260628-03-flash-vqg-mixer-divergence-probe/outputs/2080ti/probe.json,0.18222151696681976,mixer-probe-s123-r1,phase2_read/read_selected_mass,no-dropout,0
torch.float32,13.587961196899414,1,2080ti,0.26389747858047485,7.3256429459434e-05,520,-0.230978325009346,2097152,130,"[0.0,0.0,0.0,0.0,0.0,0.0,0.0,0.0]",4801a1a8a16ddb4fbb7aa09246f4d2d691475596ccab1d9d71462c5a6753117f,"[64,2,8,32,64]",zoology/experiments/flash_vqg/scripts/20260628-03-flash-vqg-mixer-divergence-probe/outputs/2080ti/probe.json,0.009383447468280792,mixer-probe-s123-r1,phase2_read/u_res,no-dropout,0
torch.float32,2.417478561401367,1,2080ti,0.10636699199676514,-2.7470388886285946e-05,520,-0.10810071974992752,2097152,130,"[0.0,0.0,0.0,0.0,0.0,0.0,0.0,0.0]",c830f80110d068d4875f1f987f2dfa905d8c55109e228399968d79470305ae80,"[64,2,8,32,64]",zoology/experiments/flash_vqg/scripts/20260628-03-flash-vqg-mixer-divergence-probe/outputs/2080ti/probe.json,0.0016693067736923695,mixer-probe-s123-r1,phase2/O_res_added,no-dropout,0
torch.float32,238.43324279785156,1,2080ti,0.8401231169700623,0.02783571556210518,520,-0.27846401929855347,2097152,130,"[0.018667614087462425,-0.005620485637336969,0.013408109545707703,-0.038604844361543655,-0.0218972060829401,0.040600646287202835,0.04272947087883949,0.0039323908276855946]",61fd907e402cac7bcfdedf8b63281bcbeba44ebba490abfd91e378ee15eef1a6,"[64,2,8,32,64]",zoology/experiments/flash_vqg/scripts/20260628-03-flash-vqg-mixer-divergence-probe/outputs/2080ti/probe.json,0.16228067874908447,mixer-probe-s123-r1,phase2/Out_f32,no-dropout,0
torch.float32,238.43324279785156,1,2080ti,0.8401231169700623,0.02783571556210518,520,-0.27846401929855347,2097152,130,"[0.018667614087462425,-0.005620485637336969,0.013408109545707703,-0.038604844361543655,-0.0218972060829401,0.040600646287202835,0.04272947087883949,0.0039323908276855946]",5b0a3bbe5f46f0b99cf2990ec5c16fe635ec64952c9ee17fa23acac85b78d587,"[64,2,256,64]",zoology/experiments/flash_vqg/scripts/20260628-03-flash-vqg-mixer-divergence-probe/outputs/2080ti/probe.json,0.16228067874908447,mixer-probe-s123-r1,output_proj/O_heads,no-dropout,0
torch.float32,8373.8271484375,1,2080ti,53.859947204589844,1.074302077293396,520,-29.40978240966797,2097152,130,"[-0.043389879167079926,-0.1037219762802124,-0.02540230005979538,0.2138645201921463,-1.9680900573730469,2.107645034790039,-0.2881753444671631,0.022552374750375748]",bd347498dcf05511f71ec113491d0aaafb46a4acba6114eed0c41de4e13fc6b0,"[64,2,256,64]",zoology/experiments/flash_vqg/scripts/20260628-03-flash-vqg-mixer-divergence-probe/outputs/2080ti/probe.json,5.682413101196289,mixer-probe-s123-r1,output_proj/o_heads,no-dropout,0
torch.float32,26998.759765625,1,2080ti,53.40460968017578,-0.4512743651866913,520,-45.58543395996094,2097152,130,"[5.357808589935303,-7.902265548706055,3.7244393825531006,-5.1691670417785645,6.220465660095215,6.314200401306152,5.408607482910156,-9.54874324798584]",2fdb979bf72c6199015598281dd3a6c551e3b020bab5f08aa70c19d7f4521a5c,"[64,256,128]",zoology/experiments/flash_vqg/scripts/20260628-03-flash-vqg-mixer-divergence-probe/outputs/2080ti/probe.json,18.638690948486328,mixer-probe-s123-r1,output_proj/res,no-dropout,0
torch.float32,17950.76171875,,2080ti,3.3421788215637207,0.8864861726760864,520,-1.6691462993621826,134217728,130,"[-1.5002646446228027,-0.1555214673280716,-0.4945659339427948,-0.37954041361808777,-0.40710294246673584,-0.4265349507331848,-0.3589927554130554,-0.35085707902908325]",19ad965615c674a07056f2b6081252c5937e4675635536f5a74be7e1682dfda9,"[64,256,8192]",zoology/experiments/flash_vqg/scripts/20260628-03-flash-vqg-mixer-divergence-probe/outputs/2080ti/probe.json,1.3000872135162354,mixer-probe-s123-r1,forward/logits,no-dropout,0
,,,2080ti,,,520,,,130,,a3ad78d816f1ace1d88aca302a192d40fe4324046097fa4861c494f90403ecfa,,zoology/experiments/flash_vqg/scripts/20260628-03-flash-vqg-mixer-divergence-probe/outputs/2080ti/probe.json,,mixer-probe-s123-r1,forward/preds,no-dropout,0
float,8.458297729492188,,2080ti,8.458297729492188,8.458297729492188,520,8.458297729492188,1,130,[8.458297729492188],8.45829772949,[],zoology/experiments/flash_vqg/scripts/20260628-03-flash-vqg-mixer-divergence-probe/outputs/2080ti/probe.json,0,mixer-probe-s123-r1,forward/loss,no-dropout,0
torch.float32,511.98529052734375,1,2080ti,1.5616587400436401,0.008597859181463718,812,-1.3384201526641846,2097152,203,"[-0.284832626581192,-0.20038582384586334,0.4807022511959076,0.3910701870918274,0.18733040988445282,0.04934259131550789,0.35918769240379333,0.06784879416227341]",761f990220ab5025ac8fbbd2254321be543573bf22b76fe21ceb00efcd63c58a,"[64,2,256,64]",zoology/experiments/flash_vqg/scripts/20260628-03-flash-vqg-mixer-divergence-probe/outputs/2080ti/probe.json,0.35344839096069336,mixer-probe-s123-r1,phase1/q_all,no-dropout,0
torch.float32,511.9958190917969,1,2080ti,0.9189198613166809,0.027776062488555908,812,-0.9885296821594238,2097152,203,"[0.457261860370636,-0.267149955034256,-0.36667075753211975,-0.03210488334298134,0.42735394835472107,-0.3974773585796356,-0.11852790415287018,-0.2804451882839203]",b9f71303660d053a7c5484e1d8bed6558672ee3117bc9bc3c81b0995790da4ba,"[64,2,256,64]",zoology/experiments/flash_vqg/scripts/20260628-03-flash-vqg-mixer-divergence-probe/outputs/2080ti/probe.json,0.3524605631828308,mixer-probe-s123-r1,phase1/k_all,no-dropout,0
torch.float32,372.9115295410156,1,2080ti,1.510662317276001,0.04536741226911545,812,-0.27846455574035645,2097152,203,"[-0.0006746943108737469,-0.006064769811928272,0.0013053052825853229,-0.0029829321429133415,-0.0033464545849710703,-0.012313087470829487,0.00326656480319798,-0.00031057873275130987]",63b94125c6dd24b87e6f4552f27f475a406cfc65ff40f8548ca72db802134fec,"[64,2,256,64]",zoology/experiments/flash_vqg/scripts/20260628-03-flash-vqg-mixer-divergence-probe/outputs/2080ti/probe.json,0.25349870324134827,mixer-probe-s123-r1,phase1/v_all,no-dropout,0
torch.float32,6181.25146484375,1,2080ti,13.164698600769043,2.4044928550720215,812,-3.9313788414001465,2097152,203,"[-0.054772309958934784,1.8501336574554443,-0.2829553782939911,-1.07248854637146,4.146852493286133,5.0028510093688965,-1.2024009227752686,-0.09028064459562302]",190e70b18d0426021a7ae731d9669837ec5ad7a8a3954f157850558ea8a37783,"[64,2,256,64]",zoology/experiments/flash_vqg/scripts/20260628-03-flash-vqg-mixer-divergence-probe/outputs/2080ti/probe.json,3.5269365310668945,mixer-probe-s123-r1,phase1/g_raw_all,no-dropout,0
torch.float32,508.1347351074219,1,2080ti,0.7230544090270996,0.02752014994621277,812,-0.810482919216156,2097152,203,"[0.4395105540752411,-0.2845693826675415,-0.3461807072162628,-0.035979967564344406,0.42833012342453003,-0.39626842737197876,-0.12087121605873108,-0.2857086658477783]",25d48322d9fe9469a89bd04963ab5242af81de6bd4073d8414a269a7480ffc09,"[64,2,256,64]",zoology/experiments/flash_vqg/scripts/20260628-03-flash-vqg-mixer-divergence-probe/outputs/2080ti/probe.json,0.34980252385139465,mixer-probe-s123-r1,phase1/K_q_all,no-dropout,0
torch.int32,3732.12841796875,1,2080ti,47.0,16.001434326171875,812,3.0,32768,203,"[29,29,29,29,29,29,29,29]",0d4fdd85022dc3d6481edbffb7d9af7564ed6c3febca4bd2c24eebdc74ff969a,"[64,2,256]",zoology/experiments/flash_vqg/scripts/20260628-03-flash-vqg-mixer-divergence-probe/outputs/2080ti/probe.json,13.001031875610352,mixer-probe-s123-r1,phase1/Delta_all,no-dropout,0
torch.float32,136.50164794921875,1,2080ti,0.7700456976890564,0.015625,812,6.19977799942717e-05,2097152,203,"[0.0017876274650916457,0.0021389692556113005,0.0009674658067524433,0.0023712567053735256,0.002493398729711771,0.001850520959123969,0.00444617448374629,0.0011380014475435019]",bc565b8d1438afd998006949249726f3df39863e06df7508e117b05d5a308b99,"[64,2,256,64]",zoology/experiments/flash_vqg/scripts/20260628-03-flash-vqg-mixer-divergence-probe/outputs/2080ti/probe.json,0.0929766446352005,mixer-probe-s123-r1,phase1/W_all,no-dropout,0
torch.float32,0.2599150240421295,1,2080ti,-1.668327513471013e-06,-0.00019041175255551934,812,-0.08434659242630005,32768,203,"[-0.00017947214655578136,-6.911214313731762e-06,-7.205803558463231e-05,-9.10143990040524e-06,-0.00027692527510225773,-9.739854249346536e-06,-6.457563722506166e-05,-7.704036761424504e-06]",cd2fc7fd80765a0a2282779a53ce8f0db64f2f83e2453d44c99d25f73c1b2833,"[64,2,256]",zoology/experiments/flash_vqg/scripts/20260628-03-flash-vqg-mixer-divergence-probe/outputs/2080ti/probe.json,0.0014231628738343716,mixer-probe-s123-r1,state_build/logf_all,no-dropout,0
torch.float32,54.229286193847656,1,2080ti,0.6757016777992249,0.25314202904701233,812,0.04202808439731598,32768,203,"[0.5345760583877563,0.2270398885011673,0.4052829444408417,0.2737274765968323,0.5582221150398254,0.25833359360694885,0.46369096636772156,0.2591416835784912]",f694fdaebdde2d09f2729926ec6b6737774ef130ce4790a577e31665711155d4,"[64,2,256]",zoology/experiments/flash_vqg/scripts/20260628-03-flash-vqg-mixer-divergence-probe/outputs/2080ti/probe.json,0.16020509600639343,mixer-probe-s123-r1,state_build/beta_all,no-dropout,0
torch.float32,5869.2177734375,1,2080ti,116.92784118652344,0.07963106036186218,812,-43.80179214477539,4194304,203,"[0.0,0.0,0.0,0.0,0.0,0.0,0.0,0.0]",cf683dd147eb4a919be4e5a24f33846a0b688b4ccb162d05d164b34f51778ff1,"[64,2,8,64,64]",zoology/experiments/flash_vqg/scripts/20260628-03-flash-vqg-mixer-divergence-probe/outputs/2080ti/probe.json,2.8654327392578125,mixer-probe-s123-r1,state_build/G_state,no-dropout,0
torch.float32,3176.56298828125,1,2080ti,169.25042724609375,1.7234346866607666,812,0.0,65536,203,"[0.0,0.0,0.0,0.0,0.0,0.0,0.0,0.0]",a727565d92a94992d5e2098bce2e09bdfb5644d7c126cc514cce7b86dbe9ba28,"[64,2,8,64]",zoology/experiments/flash_vqg/scripts/20260628-03-flash-vqg-mixer-divergence-probe/outputs/2080ti/probe.json,12.288308143615723,mixer-probe-s123-r1,state_build/L_state,no-dropout,0
torch.float32,30.262065887451172,1,2080ti,0.36167633533477783,-1.6851502948611596e-07,812,-0.521789014339447,67108864,203,"[0.0,0.0,0.0,0.0,0.0,0.0,0.0,0.0]",4f591c7d36d5c13fbd7a41db3a73de882ecdd7daf5c75ce8694f2406ac560a72,"[64,2,8,64,64,16]",zoology/experiments/flash_vqg/scripts/20260628-03-flash-vqg-mixer-divergence-probe/outputs/2080ti/probe.json,0.0036953382659703493,mixer-probe-s123-r1,state_build/M_state,no-dropout,0
torch.float32,inf,1,2080ti,11.531800270080566,-2.4999998487240062e+29,812,-1.0000000150474662e+30,2097152,203,"[-1.0000000150474662e+30,-1.0000000150474662e+30,-1.0000000150474662e+30,-1.0000000150474662e+30,-1.0000000150474662e+30,-1.0000000150474662e+30,-1.0000000150474662e+30,-1.0000000150474662e+30]",e66c02b8f291a944674fb88bdd11ff6679d60f9258a1df2dd792b90459bd9a3e,"[64,2,8,32,64]",zoology/experiments/flash_vqg/scripts/20260628-03-flash-vqg-mixer-divergence-probe/outputs/2080ti/probe.json,4.330127100591811e+29,mixer-probe-s123-r1,phase2/S_far,no-dropout,0
torch.float32,344.7835693359375,1,2080ti,0.9545431137084961,0.048292309045791626,812,-0.27518805861473083,2097152,203,"[-0.0006746943108737469,-0.006064769811928272,0.0013053052825853229,-0.0029829321429133415,-0.0033464545849710703,-0.012313087470829487,0.00326656480319798,-0.00031057873275130987]",58ef443eda5529b69d3c6107dcdc9da63ced8586d1d421d2cd606b8570daf71d,"[64,2,8,32,64]",zoology/experiments/flash_vqg/scripts/20260628-03-flash-vqg-mixer-divergence-probe/outputs/2080ti/probe.json,0.23316174745559692,mixer-probe-s123-r1,phase2/O_base,no-dropout,0
torch.int64,5739.65625,1,2080ti,60.0,18.545944213867188,812,0.0,65536,203,"[1,0,1,0,1,0,1,0]",0a7b82eee3ca2e1f12f060d04fc1b39e1e5438be16fc1cd73824072b116d0c19,"[64,2,8,32,2]",zoology/experiments/flash_vqg/scripts/20260628-03-flash-vqg-mixer-divergence-probe/outputs/2080ti/probe.json,12.598740577697754,mixer-probe-s123-r1,phase2_read/top_idx,no-dropout,0
torch.float32,inf,1,2080ti,11.531800270080566,-2.5000000376186655e+29,812,-1.0000000150474662e+30,65536,203,"[-1.0000000150474662e+30,-1.0000000150474662e+30,-1.0000000150474662e+30,-1.0000000150474662e+30,-1.0000000150474662e+30,-1.0000000150474662e+30,-1.0000000150474662e+30,-1.0000000150474662e+30]",5a4d107aab423d878b6dc2b2e470609cc8cdcdfb5c0e7e039c4c2862f30db21a,"[64,2,8,32,2]",zoology/experiments/flash_vqg/scripts/20260628-03-flash-vqg-mixer-divergence-probe/outputs/2080ti/probe.json,4.330127100591811e+29,mixer-probe-s123-r1,phase2_read/top_scores,no-dropout,0
torch.float32,63.61465072631836,1,2080ti,0.999337375164032,0.16961853206157684,812,0.0,65536,203,"[0.0,0.0,0.0,0.0,0.0,0.0,0.0,0.0]",cbcf1dc5d20d9de91c877de4218ae4c7f0fe0d89a7e3ea4196615b95fb0ab641,"[64,2,8,32,2]",zoology/experiments/flash_vqg/scripts/20260628-03-flash-vqg-mixer-divergence-probe/outputs/2080ti/probe.json,0.18160170316696167,mixer-probe-s123-r1,phase2_read/top_probs,no-dropout,0
torch.float32,51.69009780883789,1,2080ti,0.9390074610710144,0.14213749766349792,812,0.0,65536,203,"[0.0,0.0,0.0,0.0,0.0,0.0,0.0,0.0]",c0ddac4a3f217a9251ec1c235e78617c0e5797e79ee84d352bfb644688a2d621,"[64,2,8,32,2]",zoology/experiments/flash_vqg/scripts/20260628-03-flash-vqg-mixer-divergence-probe/outputs/2080ti/probe.json,0.1434098184108734,mixer-probe-s123-r1,phase2_read/omega_sel,no-dropout,0
torch.float32,68.14671325683594,1,2080ti,0.9391438961029053,0.28427499532699585,812,0.0,32768,203,"[0.0,0.0,0.0,0.0,0.0,0.0,0.0,0.0]",c1362ae882421d49442734fbcf171af317e94d3496c3c3b6b02b5935fef4fee7,"[64,2,8,32]",zoology/experiments/flash_vqg/scripts/20260628-03-flash-vqg-mixer-divergence-probe/outputs/2080ti/probe.json,0.24680067598819733,mixer-probe-s123-r1,phase2_read/read_selected_mass,no-dropout,0
torch.float32,22.22649574279785,1,2080ti,0.43807995319366455,2.5954050215659663e-05,812,-0.3665156662464142,2097152,203,"[0.0,0.0,0.0,0.0,0.0,0.0,0.0,0.0]",fa34f8de7b62a5303eced6d2cfbd0d41772feab29bd13224569dae1b90ee9941,"[64,2,8,32,64]",zoology/experiments/flash_vqg/scripts/20260628-03-flash-vqg-mixer-divergence-probe/outputs/2080ti/probe.json,0.015348714776337147,mixer-probe-s123-r1,phase2_read/u_res,no-dropout,0
torch.float32,3.793858051300049,1,2080ti,0.6938782930374146,-1.913443384182756e-06,812,-0.948872447013855,2097152,203,"[0.0,0.0,0.0,0.0,0.0,0.0,0.0,0.0]",6565a576bee64d66865b5886a5f1a7ef3ff84950b0803ad93e0ccb6698a41047,"[64,2,8,32,64]",zoology/experiments/flash_vqg/scripts/20260628-03-flash-vqg-mixer-divergence-probe/outputs/2080ti/probe.json,0.0026199808344244957,mixer-probe-s123-r1,phase2/O_res_added,no-dropout,0
torch.float32,344.78717041015625,1,2080ti,1.2369627952575684,0.04829039424657822,812,-0.489385187625885,2097152,203,"[-0.0006746943108737469,-0.006064769811928272,0.0013053052825853229,-0.0029829321429133415,-0.0033464545849710703,-0.012313087470829487,0.00326656480319798,-0.00031057873275130987]",f89b58dd6748dd1a7cf8cdb2a03482864bd42a9553d4f13ca5b02d4988d33b4d,"[64,2,8,32,64]",zoology/experiments/flash_vqg/scripts/20260628-03-flash-vqg-mixer-divergence-probe/outputs/2080ti/probe.json,0.23316434025764465,mixer-probe-s123-r1,phase2/Out_f32,no-dropout,0
torch.float32,344.78717041015625,1,2080ti,1.2369627952575684,0.04829039424657822,812,-0.489385187625885,2097152,203,"[-0.0006746943108737469,-0.006064769811928272,0.0013053052825853229,-0.0029829321429133415,-0.0033464545849710703,-0.012313087470829487,0.00326656480319798,-0.00031057873275130987]",9757cbb2561e1f94b3d57c9d0d28d71c4f8f98c954f676c7109c92b52ba5fce6,"[64,2,256,64]",zoology/experiments/flash_vqg/scripts/20260628-03-flash-vqg-mixer-divergence-probe/outputs/2080ti/probe.json,0.23316434025764465,mixer-probe-s123-r1,output_proj/O_heads,no-dropout,0
torch.float32,10320.580078125,1,2080ti,59.13285827636719,1.7964857816696167,812,-40.59373474121094,2097152,203,"[0.0012661954388022423,-0.6968163251876831,-0.010135789401829243,0.05461286008358002,-0.9883953332901001,-4.569385528564453,-0.06845373660326004,0.0009546678047627211]",76637c7b8b8ba329525071ed8c7e931b8cd5bb01d73bb2f3fa3ad96aa57f5650,"[64,2,256,64]",zoology/experiments/flash_vqg/scripts/20260628-03-flash-vqg-mixer-divergence-probe/outputs/2080ti/probe.json,6.897018909454346,mixer-probe-s123-r1,output_proj/o_heads,no-dropout,0
torch.float32,30057.064453125,1,2080ti,70.15045166015625,-0.600300133228302,812,-53.634422302246094,2097152,203,"[5.919675827026367,-9.758474349975586,0.40779632329940796,-2.2637717723846436,8.519654273986816,4.899741172790527,6.094978332519531,-12.95078182220459]",9d3149f80469ac6e1632de8b64e7cb734d89f81af815febc2e7a0b4d908b01a9,"[64,256,128]",zoology/experiments/flash_vqg/scripts/20260628-03-flash-vqg-mixer-divergence-probe/outputs/2080ti/probe.json,20.74831199645996,mixer-probe-s123-r1,output_proj/res,no-dropout,0
torch.float32,21071.2109375,,2080ti,3.966193437576294,0.7365357875823975,812,-2.4442076683044434,134217728,203,"[-2.065762996673584,-0.7862470149993896,-0.8598463535308838,-0.6988973617553711,-0.7299025654792786,-1.1255717277526855,-1.057690143585205,-1.0850341320037842]",d6d31b5cc14a8754e17e75c92f9dcfee1e3c4ddb83bcc0106ff730ef2c7c1473,"[64,256,8192]",zoology/experiments/flash_vqg/scripts/20260628-03-flash-vqg-mixer-divergence-probe/outputs/2080ti/probe.json,1.7277204990386963,mixer-probe-s123-r1,forward/logits,no-dropout,0
,,,2080ti,,,812,,,203,,736254c3657b518f6e3727dd60301ce80fa9c40c29261a667415dcf215c382f8,,zoology/experiments/flash_vqg/scripts/20260628-03-flash-vqg-mixer-divergence-probe/outputs/2080ti/probe.json,,mixer-probe-s123-r1,forward/preds,no-dropout,0
float,8.406366348266602,,2080ti,8.406366348266602,8.406366348266602,812,8.406366348266602,1,203,[8.406366348266602],8.40636634827,[],zoology/experiments/flash_vqg/scripts/20260628-03-flash-vqg-mixer-divergence-probe/outputs/2080ti/probe.json,0,mixer-probe-s123-r1,forward/loss,no-dropout,0
torch.float32,511.9845886230469,1,2080ti,1.438073992729187,-0.011548819951713085,1408,-1.4917066097259521,2097152,352,"[-0.3277965188026428,0.4251747727394104,0.1718081384897232,-0.08325754106044769,0.43419328331947327,-0.17784465849399567,-0.1699252873659134,0.30824512243270874]",bef6cbc9e74866c2e72fb39a84b086141d093bf55d0acfea0776763c5e26c191,"[64,2,256,64]",zoology/experiments/flash_vqg/scripts/20260628-03-flash-vqg-mixer-divergence-probe/outputs/2080ti/probe.json,0.35336416959762573,mixer-probe-s123-r1,phase1/q_all,no-dropout,0
torch.float32,511.9933776855469,1,2080ti,1.0423041582107544,0.027459077537059784,1408,-1.1017030477523804,2097152,352,"[0.5101587176322937,-0.18044616281986237,-0.3246125280857086,-0.08069800585508347,0.4036390483379364,-0.30658212304115295,-0.10589975863695145,-0.31377658247947693]",40b3b9458d4f34bb031670bbcb649821e19b50eab452160a4f92a6068c5646a3,"[64,2,256,64]",zoology/experiments/flash_vqg/scripts/20260628-03-flash-vqg-mixer-divergence-probe/outputs/2080ti/probe.json,0.3524852693080902,mixer-probe-s123-r1,phase1/k_all,no-dropout,0
torch.float32,553.775146484375,1,2080ti,5.046677589416504,0.05738256871700287,1408,-0.27846455574035645,2097152,352,"[0.000551606179215014,-0.004352557938545942,0.0006990845431573689,0.0005002761026844382,-0.005415532737970352,-0.003302657511085272,-0.0023720439057797194,-0.000767268764320761]",0371c56aa8994918ca86732ebd304e67812d9183558c3bb0d49d02fa14d989c2,"[64,2,256,64]",zoology/experiments/flash_vqg/scripts/20260628-03-flash-vqg-mixer-divergence-probe/outputs/2080ti/probe.json,0.3781077563762665,mixer-probe-s123-r1,phase1/v_all,no-dropout,0
torch.float32,9569.4384765625,1,2080ti,20.216785430908203,4.282604217529297,1408,-4.480325698852539,2097152,352,"[-1.295898199081421,13.943285942077637,-1.4065630435943604,-1.4879510402679443,10.41357421875,11.785249710083008,-1.5983442068099976,10.288421630859375]",1bf31f7dbefce8dfc67f9ee7d0a821cb7b8f09ba2d4af18148580a1d2bc48696,"[64,2,256,64]",zoology/experiments/flash_vqg/scripts/20260628-03-flash-vqg-mixer-divergence-probe/outputs/2080ti/probe.json,5.03273868560791,mixer-probe-s123-r1,phase1/g_raw_all,no-dropout,0
torch.float32,467.56024169921875,1,2080ti,0.7193688154220581,0.024203792214393616,1408,-0.8071404695510864,2097152,352,"[0.42039281129837036,-0.26297426223754883,-0.32809171080589294,-0.04477308690547943,0.40920066833496094,-0.37699782848358154,-0.12418761104345322,-0.2804379165172577]",35fa1a8631ecd8d13616b66aa9d1f1effe3ead5ba4d8bee103f2d84ceddda1f6,"[64,2,256,64]",zoology/experiments/flash_vqg/scripts/20260628-03-flash-vqg-mixer-divergence-probe/outputs/2080ti/probe.json,0.3219641447067261,mixer-probe-s123-r1,phase1/K_q_all,no-dropout,0
torch.int32,3798.4404296875,1,2080ti,43.0,16.2030029296875,1408,3.0,32768,352,"[29,29,29,43,43,29,29,29]",3cc4a2d3ce44c39025604eefe516a1c82fd943f7d41c98976afd09cf32f0e398,"[64,2,256]",zoology/experiments/flash_vqg/scripts/20260628-03-flash-vqg-mixer-divergence-probe/outputs/2080ti/probe.json,13.33322525024414,mixer-probe-s123-r1,phase1/Delta_all,no-dropout,0
torch.float32,125.90845489501953,1,2080ti,0.7685064673423767,0.015625,1408,0.0006435723043978214,2097152,352,"[0.002143453573808074,0.0025314143858850002,0.0012381022097542882,0.002658328041434288,0.002818266162648797,0.0019822060130536556,0.004928647540509701,0.0013352598762139678]",3892349410742c9bd83cf5e20916537b125ae77fd75dd5dcf50e5988e8f8af97,"[64,2,256,64]",zoology/experiments/flash_vqg/scripts/20260628-03-flash-vqg-mixer-divergence-probe/outputs/2080ti/probe.json,0.08555207401514053,mixer-probe-s123-r1,phase1/W_all,no-dropout,0
torch.float32,0.04973885789513588,1,2080ti,-1.5011795140296158e-09,-7.825475768186152e-05,1408,-0.009124666452407837,32768,352,"[-3.949036653239091e-08,-4.2840620153583586e-05,-2.6199339231425256e-07,-0.00019970869470853359,-3.529874703644964e-08,-1.2821187738154549e-05,-2.0167687964089964e-08,-6.488789381364768e-07]",5d4dfd03a60ea1263a1fe9233fb45c77aefd3ffed8580717eab0edd1529cd7dc,"[64,2,256]",zoology/experiments/flash_vqg/scripts/20260628-03-flash-vqg-mixer-divergence-probe/outputs/2080ti/probe.json,0.0002633921685628593,mixer-probe-s123-r1,state_build/logf_all,no-dropout,0
torch.float32,23.331323623657227,1,2080ti,0.4516860842704773,0.10436178743839264,1408,0.009559218771755695,32768,352,"[0.015717172995209694,0.09202929586172104,0.03407076373696327,0.10296705365180969,0.030960524454712868,0.0572572723031044,0.03284793719649315,0.02990766428411007]",d0367acdae1639c755ab9bf96089245777339e0f311ca826d6910f4928a74f04,"[64,2,256]",zoology/experiments/flash_vqg/scripts/20260628-03-flash-vqg-mixer-divergence-probe/outputs/2080ti/probe.json,0.07563644647598267,mixer-probe-s123-r1,state_build/beta_all,no-dropout,0
torch.float32,8500.60546875,1,2080ti,529.953857421875,0.11447316408157349,1408,-42.10311508178711,4194304,352,"[0.0,0.0,0.0,0.0,0.0,0.0,0.0,0.0]",7c7d718fe12613be347e8dd7e507aa736e1ed7af8efb6479c88493cc5de9ba92,"[64,2,8,64,64]",zoology/experiments/flash_vqg/scripts/20260628-03-flash-vqg-mixer-divergence-probe/outputs/2080ti/probe.json,4.149689197540283,mixer-probe-s123-r1,state_build/G_state,no-dropout,0
torch.float32,2872.0771484375,1,2080ti,166.6404571533203,1.739470362663269,1408,0.0,65536,352,"[0.0,0.0,0.0,0.0,0.0,0.0,0.0,0.0]",e17c28c26498f8183ae0044d3fbf102fd0cfaaecbf29bfa01a3bfe432f803919,"[64,2,8,64]",zoology/experiments/flash_vqg/scripts/20260628-03-flash-vqg-mixer-divergence-probe/outputs/2080ti/probe.json,11.083440780639648,mixer-probe-s123-r1,state_build/L_state,no-dropout,0
torch.float32,40.87665557861328,1,2080ti,0.8988457322120667,-5.640824838337721e-06,1408,-1.9410005807876587,67108864,352,"[0.0,0.0,0.0,0.0,0.0,0.0,0.0,0.0]",045e86541a406617c3b7de9256164b33f02b8b4a2628f20b893f1bfb344af700,"[64,2,8,64,64,16]",zoology/experiments/flash_vqg/scripts/20260628-03-flash-vqg-mixer-divergence-probe/outputs/2080ti/probe.json,0.004992146044969559,mixer-probe-s123-r1,state_build/M_state,no-dropout,0
torch.float32,inf,1,2080ti,13.394927978515625,-2.4999998487240062e+29,1408,-1.0000000150474662e+30,2097152,352,"[-1.0000000150474662e+30,-1.0000000150474662e+30,-1.0000000150474662e+30,-1.0000000150474662e+30,-1.0000000150474662e+30,-1.0000000150474662e+30,-1.0000000150474662e+30,-1.0000000150474662e+30]",b2e6fad0c283309c400f4470b2ebddec73ca8c34d33333bcd0468e90c60c9c6d,"[64,2,8,32,64]",zoology/experiments/flash_vqg/scripts/20260628-03-flash-vqg-mixer-divergence-probe/outputs/2080ti/probe.json,4.330127100591811e+29,mixer-probe-s123-r1,phase2/S_far,no-dropout,0
torch.float32,481.7838134765625,1,2080ti,3.3343803882598877,0.07668861746788025,1408,-0.2724995017051697,2097152,352,"[0.000551606179215014,-0.004352557938545942,0.0006990845431573689,0.0005002761026844382,-0.005415532737970352,-0.003302657511085272,-0.0023720439057797194,-0.000767268764320761]",6ebb67a6ef049cda9c46170a26b761a3aa578aba889669ef018a4fa385be6ca4,"[64,2,8,32,64]",zoology/experiments/flash_vqg/scripts/20260628-03-flash-vqg-mixer-divergence-probe/outputs/2080ti/probe.json,0.3237864673137665,mixer-probe-s123-r1,phase2/O_base,no-dropout,0
torch.int64,7741.82666015625,1,2080ti,60.0,24.223251342773438,1408,0.0,65536,352,"[1,0,1,0,1,0,1,0]",3a6f14b0ac72dae3cc10c6749bf3ce0753593f8b8f448b96b6fce6658c6457fc,"[64,2,8,32,2]",zoology/experiments/flash_vqg/scripts/20260628-03-flash-vqg-mixer-divergence-probe/outputs/2080ti/probe.json,18.104778289794922,mixer-probe-s123-r1,phase2_read/top_idx,no-dropout,0
torch.float32,inf,1,2080ti,13.394927978515625,-2.5000000376186655e+29,1408,-1.0000000150474662e+30,65536,352,"[-1.0000000150474662e+30,-1.0000000150474662e+30,-1.0000000150474662e+30,-1.0000000150474662e+30,-1.0000000150474662e+30,-1.0000000150474662e+30,-1.0000000150474662e+30,-1.0000000150474662e+30]",7283993fc3597b8cefd294bc0049e072af956388f0256356f41cd55369d19fc8,"[64,2,8,32,2]",zoology/experiments/flash_vqg/scripts/20260628-03-flash-vqg-mixer-divergence-probe/outputs/2080ti/probe.json,4.330127100591811e+29,mixer-probe-s123-r1,phase2_read/top_scores,no-dropout,0
torch.float32,92.91627502441406,1,2080ti,0.9998114705085754,0.20517249405384064,1408,0.0,65536,352,"[0.0,0.0,0.0,0.0,0.0,0.0,0.0,0.0]",6508b5d2c12245685e6d7a5d36e4b05b580b59edaba339fd7cad8aa7fdabda41,"[64,2,8,32,2]",zoology/experiments/flash_vqg/scripts/20260628-03-flash-vqg-mixer-divergence-probe/outputs/2080ti/probe.json,0.2993992865085602,mixer-probe-s123-r1,phase2_read/top_probs,no-dropout,0
torch.float32,69.26958465576172,1,2080ti,0.9782983660697937,0.1545535922050476,1408,0.0,65536,352,"[0.0,0.0,0.0,0.0,0.0,0.0,0.0,0.0]",9ffeb8de3ac2a1bf19cfaf1ae00a23fcdd60209e467ff67de22bd5bead8838c6,"[64,2,8,32,2]",zoology/experiments/flash_vqg/scripts/20260628-03-flash-vqg-mixer-divergence-probe/outputs/2080ti/probe.json,0.22210150957107544,mixer-probe-s123-r1,phase2_read/omega_sel,no-dropout,0
torch.float32,75.64977264404297,1,2080ti,0.9786652326583862,0.3091072142124176,1408,0.0,32768,352,"[0.0,0.0,0.0,0.0,0.0,0.0,0.0,0.0]",eed0f514d3bc1fb53ab471a8b2b73f5a5629f5152df9e86f87f9e3ed585d704f,"[64,2,8,32]",zoology/experiments/flash_vqg/scripts/20260628-03-flash-vqg-mixer-divergence-probe/outputs/2080ti/probe.json,0.28124991059303284,mixer-probe-s123-r1,phase2_read/read_selected_mass,no-dropout,0
torch.float32,21.086875915527344,1,2080ti,0.5371955037117004,0.0017151499632745981,1408,-0.23139186203479767,2097152,352,"[0.0,0.0,0.0,0.0,0.0,0.0,0.0,0.0]",f79160767fdbb1390e4e695c148ffdc164f4b2468d75b05862d79fb25c44a92a,"[64,2,8,32,64]",zoology/experiments/flash_vqg/scripts/20260628-03-flash-vqg-mixer-divergence-probe/outputs/2080ti/probe.json,0.014460344798862934,mixer-probe-s123-r1,phase2_read/u_res,no-dropout,0
torch.float32,61.384517669677734,1,2080ti,0.9594927430152893,0.004662088584154844,1408,-0.761958122253418,2097152,352,"[0.0,0.0,0.0,0.0,0.0,0.0,0.0,0.0]",40027f2c55a471a5fe4839e34bf34bc37df7be9720dd195e53a8263142fe8c41,"[64,2,8,32,64]",zoology/experiments/flash_vqg/scripts/20260628-03-flash-vqg-mixer-divergence-probe/outputs/2080ti/probe.json,0.042131949216127396,mixer-probe-s123-r1,phase2/O_res_added,no-dropout,0
torch.float32,486.84930419921875,1,2080ti,3.3343803882598877,0.08135070651769638,1408,-0.6730133295059204,2097152,352,"[0.000551606179215014,-0.004352557938545942,0.0006990845431573689,0.0005002761026844382,-0.005415532737970352,-0.003302657511085272,-0.0023720439057797194,-0.000767268764320761]",ddf782798ba336c5aa800c24ad23b595fdfe833648b2938bec57d7d350f46e90,"[64,2,8,32,64]",zoology/experiments/flash_vqg/scripts/20260628-03-flash-vqg-mixer-divergence-probe/outputs/2080ti/probe.json,0.3262518048286438,mixer-probe-s123-r1,phase2/Out_f32,no-dropout,0
torch.float32,486.84930419921875,1,2080ti,3.3343803882598877,0.08135070651769638,1408,-0.6730133295059204,2097152,352,"[0.000551606179215014,-0.004352557938545942,0.0006990845431573689,0.0005002761026844382,-0.005415532737970352,-0.003302657511085272,-0.0023720439057797194,-0.000767268764320761]",0ae9696c6f20839de5ba72b1a0f4f2fa313fe85ef99faad095a5aaa871fb3e0d,"[64,2,256,64]",zoology/experiments/flash_vqg/scripts/20260628-03-flash-vqg-mixer-divergence-probe/outputs/2080ti/probe.json,0.3262518048286438,mixer-probe-s123-r1,output_proj/O_heads,no-dropout,0
torch.float32,12286.0810546875,1,2080ti,102.3250961303711,2.512336492538452,1408,-68.0891342163086,2097152,352,"[-0.02922280691564083,-12.512186050415039,-0.03552216663956642,-0.02442859299480915,-10.542988777160645,-7.527590751647949,0.12828457355499268,-1.3981610536575317]",fcf9d49e6dd07822fb31f6fa394c172616169eec691f554539690e814d066561,"[64,2,256,64]",zoology/experiments/flash_vqg/scripts/20260628-03-flash-vqg-mixer-divergence-probe/outputs/2080ti/probe.json,8.104121208190918,mixer-probe-s123-r1,output_proj/o_heads,no-dropout,0
torch.float32,9508.119140625,1,2080ti,58.29005813598633,-0.005711976904422045,1408,-52.96427917480469,2097152,352,"[3.07212233543396,-6.8678202629089355,12.102005004882812,-0.9683041572570801,3.9232568740844727,0.4755106270313263,3.807133197784424,-10.811722755432129]",9ee8124ee5f20f34070fb4217080dbd2c685e78c9c7023801d04e13a08cb9dcd,"[64,256,128]",zoology/experiments/flash_vqg/scripts/20260628-03-flash-vqg-mixer-divergence-probe/outputs/2080ti/probe.json,6.566000938415527,mixer-probe-s123-r1,output_proj/res,no-dropout,0
torch.float32,16529.5,,2080ti,6.711055755615234,0.1316414326429367,1408,-5.133831977844238,134217728,352,"[-5.002143383026123,-2.006490707397461,-2.4213953018188477,-2.0813040733337402,-2.1136093139648438,-1.987798810005188,-2.8148579597473145,-2.6844654083251953]",077c89d0c730bf2b64b688f59bce537717b66b63a7c118235aa1a9dc6e11d5c8,"[64,256,8192]",zoology/experiments/flash_vqg/scripts/20260628-03-flash-vqg-mixer-divergence-probe/outputs/2080ti/probe.json,1.4341312646865845,mixer-probe-s123-r1,forward/logits,no-dropout,0
,,,2080ti,,,1408,,,352,,7ce83c949aeef4668fceb6f0a1eade4a8d244af254a15dd29806218c344ed23b,,zoology/experiments/flash_vqg/scripts/20260628-03-flash-vqg-mixer-divergence-probe/outputs/2080ti/probe.json,,mixer-probe-s123-r1,forward/preds,no-dropout,0
float,7.706317901611328,,2080ti,7.706317901611328,7.706317901611328,1408,7.706317901611328,1,352,[7.706317901611328],7.70631790161,[],zoology/experiments/flash_vqg/scripts/20260628-03-flash-vqg-mixer-divergence-probe/outputs/2080ti/probe.json,0,mixer-probe-s123-r1,forward/loss,no-dropout,0
torch.float32,255.99803161621094,1,2080ti,1.6562875509262085,-0.009756864048540592,1792,-1.608514428138733,524288,448,"[-0.24037021398544312,0.06375569850206375,0.7555740475654602,0.023057272657752037,0.48222944140434265,0.5711859464645386,-0.7689175605773926,-0.4363069534301758]",2ba9b1b2c10e0ea8289e994e645e19c4b7b3c97ff7231bc6f1690e75a0fb6c0f,"[64,2,64,64]",zoology/experiments/flash_vqg/scripts/20260628-03-flash-vqg-mixer-divergence-probe/outputs/2080ti/probe.json,0.3534174859523773,mixer-probe-s123-r1,phase1/q_all,no-dropout,0
torch.float32,255.9991455078125,1,2080ti,1.17356276512146,0.03006879612803459,1792,-1.1636357307434082,524288,448,"[0.41673463582992554,-0.30515772104263306,-0.2904015779495239,-0.023371173068881035,0.4750218987464905,-0.2944282591342926,0.03775441274046898,-0.2018396556377411]",d3df27bdb3fc5ad26d260889af5a1918c77ce32e7997948c9f58ebc70f9dc1b8,"[64,2,64,64]",zoology/experiments/flash_vqg/scripts/20260628-03-flash-vqg-mixer-divergence-probe/outputs/2080ti/probe.json,0.35227227210998535,mixer-probe-s123-r1,phase1/k_all,no-dropout,0
torch.float32,373.77490234375,1,2080ti,4.532262325286865,0.13174843788146973,1792,-0.27846455574035645,524288,448,"[0.0002955301897600293,-0.055722277611494064,0.02148008719086647,-0.007388354279100895,-0.06209145858883858,-0.12783871591091156,0.05950901284813881,-0.07238442450761795]",323c3c714c36fcfd3d8dc56615be5b899ba59d3ce7186a0f1f2d6f0175576b67,"[64,2,64,64]",zoology/experiments/flash_vqg/scripts/20260628-03-flash-vqg-mixer-divergence-probe/outputs/2080ti/probe.json,0.4991193115711212,mixer-probe-s123-r1,phase1/v_all,no-dropout,0
torch.float32,6164.89990234375,1,2080ti,25.413236618041992,5.358368873596191,1792,-3.8363707065582275,524288,448,"[-1.347322702407837,17.062435150146484,-1.222989797592163,-1.3296993970870972,15.982988357543945,13.98318862915039,-1.2687116861343384,21.06125831604004]",c8cb529fef1c3b0cdeb5dc914970d425a4b0f736c2124d9ff72deac642d0a575,"[64,2,64,64]",zoology/experiments/flash_vqg/scripts/20260628-03-flash-vqg-mixer-divergence-probe/outputs/2080ti/probe.json,6.616588592529297,mixer-probe-s123-r1,phase1/g_raw_all,no-dropout,0
torch.float32,237.65847778320312,1,2080ti,0.7292388081550598,0.02623380348086357,1792,-0.8025016188621521,524288,448,"[0.39572659134864807,-0.2883990406990051,-0.3086601793766022,-0.026634685695171356,0.4192887842655182,-0.3612253665924072,-0.11595340073108673,-0.2920043468475342]",aab577e37b8b695527324789ac5464d62beff4d82683611fb7dcaaf78ba7ecb5,"[64,2,64,64]",zoology/experiments/flash_vqg/scripts/20260628-03-flash-vqg-mixer-divergence-probe/outputs/2080ti/probe.json,0.3271728456020355,mixer-probe-s123-r1,phase1/K_q_all,no-dropout,0
torch.int32,1885.1859130859375,1,2080ti,58.0,15.748291015625,1792,2.0,8192,448,"[29,21,21,6,6,29,29,24]",86889f5ec8335d61a4622607b4f6fcd2ec784adaba3afd46f08e6ba847a3c50a,"[64,2,64]",zoology/experiments/flash_vqg/scripts/20260628-03-flash-vqg-mixer-divergence-probe/outputs/2080ti/probe.json,13.631587982177734,mixer-probe-s123-r1,phase1/Delta_all,no-dropout,0
torch.float32,62.90578079223633,1,2080ti,0.7689626216888428,0.015624999068677425,1792,8.45814574859105e-05,524288,448,"[0.001570367719978094,0.0017250784439966083,0.0006696379859931767,0.0018492427188903093,0.002098859753459692,0.001341610332019627,0.005078388378024101,0.001025279168970883]",912c428fc8f52b5a80586ccca1a404b8bffd2e2b9d17ca2fa1264cacb95f3848,"[64,2,64,64]",zoology/experiments/flash_vqg/scripts/20260628-03-flash-vqg-mixer-divergence-probe/outputs/2080ti/probe.json,0.0854669138789177,mixer-probe-s123-r1,phase1/W_all,no-dropout,0
torch.float32,0.009743690490722656,1,2080ti,-2.2637115792978335e-10,-3.661842129076831e-05,1792,-0.0016735875979065895,8192,448,"[-2.7672610869444725e-08,-1.3768651569989743e-06,-1.1104364538994105e-08,-8.147164862748468e-07,-1.0020178464742457e-08,-7.555832439720689e-07,-6.154125209434369e-09,-3.6959895055588277e-07]",cf53a592bb1b8d214035d69fe7d703501a0dd792d39c369c5b4ce581b84f4131,"[64,2,64]",zoology/experiments/flash_vqg/scripts/20260628-03-flash-vqg-mixer-divergence-probe/outputs/2080ti/probe.json,0.00010123434185516089,mixer-probe-s123-r1,state_build/logf_all,no-dropout,0
torch.float32,13.606839179992676,1,2080ti,0.4449705481529236,0.11697128415107727,1792,0.0025774999521672726,8192,448,"[0.02081136777997017,0.2527441084384918,0.006114061921834946,0.20976687967777252,0.008051005192101002,0.12859977781772614,0.006081187166273594,0.3291591703891754]",7d1d7aaea75c274d9606f875556dc3706df837ffa6928b4a71e173d01861ca06,"[64,2,64]",zoology/experiments/flash_vqg/scripts/20260628-03-flash-vqg-mixer-divergence-probe/outputs/2080ti/probe.json,0.09443812817335129,mixer-probe-s123-r1,state_build/beta_all,no-dropout,0
torch.float32,992.9227905273438,1,2080ti,76.60157775878906,0.034494269639253616,1792,-6.494714260101318,1048576,448,"[0.0,0.0,0.0,0.0,0.0,0.0,0.0,0.0]",d9f839e84331efd372fe270b0dc3ffb32d39c37b88fbd184bd2788509bf3157e,"[64,2,2,64,64]",zoology/experiments/flash_vqg/scripts/20260628-03-flash-vqg-mixer-divergence-probe/outputs/2080ti/probe.json,0.9690946936607361,mixer-probe-s123-r1,state_build/G_state,no-dropout,0
torch.float32,230.8335418701172,1,2080ti,24.157434463500977,0.24986016750335693,1792,0.0,16384,448,"[0.0,0.0,0.0,0.0,0.0,0.0,0.0,0.0]",04ba6f4440ccec98d63b1cac05c4f82435e2da3acb78a3db68a850c82289315c,"[64,2,2,64]",zoology/experiments/flash_vqg/scripts/20260628-03-flash-vqg-mixer-divergence-probe/outputs/2080ti/probe.json,1.785994052886963,mixer-probe-s123-r1,state_build/L_state,no-dropout,0
torch.float32,44.410003662109375,1,2080ti,0.9021268486976624,-1.737830098136328e-05,1792,-1.8864227533340454,16777216,448,"[0.0,0.0,0.0,0.0,0.0,0.0,0.0,0.0]",23408159925fa79222eed77470c089296e0d88fb8543a14eb1bc7082fe4ecdf0,"[64,2,2,64,64,16]",zoology/experiments/flash_vqg/scripts/20260628-03-flash-vqg-mixer-divergence-probe/outputs/2080ti/probe.json,0.010843373835086823,mixer-probe-s123-r1,state_build/M_state,no-dropout,0
torch.float32,inf,1,2080ti,-1.0000000150474662e+30,-1.0000003172789211e+30,1792,-1.0000000150474662e+30,524288,448,"[-1.0000000150474662e+30,-1.0000000150474662e+30,-1.0000000150474662e+30,-1.0000000150474662e+30,-1.0000000150474662e+30,-1.0000000150474662e+30,-1.0000000150474662e+30,-1.0000000150474662e+30]",61ce6a8cd370ca81c3f343145d521a45aac538ef8972e11b8dba8c5540f1eff2,"[64,2,2,32,64]",zoology/experiments/flash_vqg/scripts/20260628-03-flash-vqg-mixer-divergence-probe/outputs/2080ti/probe.json,3.022314549036573e+23,mixer-probe-s123-r1,phase2/S_far,no-dropout,0
torch.float32,336.642333984375,1,2080ti,3.219311475753784,0.15570954978466034,1792,-0.27844730019569397,524288,448,"[0.0002955301897600293,-0.055722277611494064,0.02148008719086647,-0.007388354279100895,-0.06209145858883858,-0.12783871591091156,0.05950901284813881,-0.07238442450761795]",933652fd9e56d3568d6356d5ef01bcbeb1d84238c141b6d7c227ff4f0008c537,"[64,2,2,32,64]",zoology/experiments/flash_vqg/scripts/20260628-03-flash-vqg-mixer-divergence-probe/outputs/2080ti/probe.json,0.4380861818790436,mixer-probe-s123-r1,phase2/O_base,no-dropout,0
torch.int64,90.5096664428711,1,2080ti,1.0,0.5,1792,0.0,16384,448,"[1,0,1,0,1,0,1,0]",dc11edbaeecd85c2e2c82456db4232b7ddbbdfd7d6481b97eca720a60ac56f7c,"[64,2,2,32,2]",zoology/experiments/flash_vqg/scripts/20260628-03-flash-vqg-mixer-divergence-probe/outputs/2080ti/probe.json,0.5,mixer-probe-s123-r1,phase2_read/top_idx,no-dropout,0
torch.float32,inf,1,2080ti,-1.0000000150474662e+30,-1.0000001661631937e+30,1792,-1.0000000150474662e+30,16384,448,"[-1.0000000150474662e+30,-1.0000000150474662e+30,-1.0000000150474662e+30,-1.0000000150474662e+30,-1.0000000150474662e+30,-1.0000000150474662e+30,-1.0000000150474662e+30,-1.0000000150474662e+30]",9a9fe1aa50ef523d738b70d1c4410771a1eebdba615eba1bac04c3b3539793cb,"[64,2,2,32,2]",zoology/experiments/flash_vqg/scripts/20260628-03-flash-vqg-mixer-divergence-probe/outputs/2080ti/probe.json,1.5111572745182865e+23,mixer-probe-s123-r1,phase2_read/top_scores,no-dropout,0
torch.float32,0.0,1,2080ti,0.0,0.0,1792,0.0,16384,448,"[0.0,0.0,0.0,0.0,0.0,0.0,0.0,0.0]",85a80fae2f428310daf8e819aed8147d2ca75f273599d1da531939dbf3f55a7b,"[64,2,2,32,2]",zoology/experiments/flash_vqg/scripts/20260628-03-flash-vqg-mixer-divergence-probe/outputs/2080ti/probe.json,0.0,mixer-probe-s123-r1,phase2_read/top_probs,no-dropout,0
torch.float32,0.0,1,2080ti,0.0,0.0,1792,0.0,16384,448,"[0.0,0.0,0.0,0.0,0.0,0.0,0.0,0.0]",85a80fae2f428310daf8e819aed8147d2ca75f273599d1da531939dbf3f55a7b,"[64,2,2,32,2]",zoology/experiments/flash_vqg/scripts/20260628-03-flash-vqg-mixer-divergence-probe/outputs/2080ti/probe.json,0.0,mixer-probe-s123-r1,phase2_read/omega_sel,no-dropout,0
torch.float32,0.0,1,2080ti,0.0,0.0,1792,0.0,8192,448,"[0.0,0.0,0.0,0.0,0.0,0.0,0.0,0.0]",f8dbbb428d043d7769f8fef4e7717b8a7a9697ac9b6425b62cef8cbd4120f9b0,"[64,2,2,32]",zoology/experiments/flash_vqg/scripts/20260628-03-flash-vqg-mixer-divergence-probe/outputs/2080ti/probe.json,0.0,mixer-probe-s123-r1,phase2_read/read_selected_mass,no-dropout,0
torch.float32,0.0,1,2080ti,0.0,0.0,1792,0.0,524288,448,"[0.0,0.0,0.0,0.0,0.0,0.0,0.0,0.0]",33f5081ccd747a947e389515e1c9cde8155433ffa6999a97fd86a1da6b73247a,"[64,2,2,32,64]",zoology/experiments/flash_vqg/scripts/20260628-03-flash-vqg-mixer-divergence-probe/outputs/2080ti/probe.json,0.0,mixer-probe-s123-r1,phase2_read/u_res,no-dropout,0
torch.float32,0.0,1,2080ti,0.0,0.0,1792,0.0,524288,448,"[0.0,0.0,0.0,0.0,0.0,0.0,0.0,0.0]",33f5081ccd747a947e389515e1c9cde8155433ffa6999a97fd86a1da6b73247a,"[64,2,2,32,64]",zoology/experiments/flash_vqg/scripts/20260628-03-flash-vqg-mixer-divergence-probe/outputs/2080ti/probe.json,0.0,mixer-probe-s123-r1,phase2/O_res_added,no-dropout,0
torch.float32,336.642333984375,1,2080ti,3.219311475753784,0.15570954978466034,1792,-0.27844730019569397,524288,448,"[0.0002955301897600293,-0.055722277611494064,0.02148008719086647,-0.007388354279100895,-0.06209145858883858,-0.12783871591091156,0.05950901284813881,-0.07238442450761795]",933652fd9e56d3568d6356d5ef01bcbeb1d84238c141b6d7c227ff4f0008c537,"[64,2,2,32,64]",zoology/experiments/flash_vqg/scripts/20260628-03-flash-vqg-mixer-divergence-probe/outputs/2080ti/probe.json,0.4380861818790436,mixer-probe-s123-r1,phase2/Out_f32,no-dropout,0
torch.float32,336.642333984375,1,2080ti,3.219311475753784,0.15570954978466034,1792,-0.27844730019569397,524288,448,"[0.0002955301897600293,-0.055722277611494064,0.02148008719086647,-0.007388354279100895,-0.06209145858883858,-0.12783871591091156,0.05950901284813881,-0.07238442450761795]",694cba5e9965db5b2be533170a9e782f4a1b2d828b199ada525e784299c7b5a6,"[64,2,64,64]",zoology/experiments/flash_vqg/scripts/20260628-03-flash-vqg-mixer-divergence-probe/outputs/2080ti/probe.json,0.4380861818790436,mixer-probe-s123-r1,output_proj/O_heads,no-dropout,0
torch.float32,8609.017578125,1,2080ti,115.74295806884766,4.709692001342773,1792,-68.52009582519531,524288,448,"[-0.0012538495939224958,-16.795103073120117,-0.10537263005971909,0.032198794186115265,-16.485172271728516,-29.08951759338379,-0.2591892182826996,-24.114986419677734]",3935f7d96b4c34ad3e091dcbea08261eb924969fb69aadd4c17220def020d64d,"[64,2,64,64]",zoology/experiments/flash_vqg/scripts/20260628-03-flash-vqg-mixer-divergence-probe/outputs/2080ti/probe.json,10.917322158813477,mixer-probe-s123-r1,output_proj/o_heads,no-dropout,0
torch.float32,5567.82568359375,1,2080ti,62.4633903503418,-0.03512324392795563,1792,-65.41930389404297,524288,448,"[3.8961355686187744,-4.932449817657471,5.111051559448242,1.0168309211730957,7.148918151855469,0.896709144115448,9.991087913513184,-6.483837604522705]",223e74376e6c7da04516d45356168442216eb4b01e73ccc676ad372226d134ce,"[64,64,128]",zoology/experiments/flash_vqg/scripts/20260628-03-flash-vqg-mixer-divergence-probe/outputs/2080ti/probe.json,7.689526081085205,mixer-probe-s123-r1,output_proj/res,no-dropout,0
torch.float32,10012.236328125,,2080ti,13.04590129852295,0.08649254590272903,1792,-7.321875095367432,33554432,448,"[-4.455355644226074,-2.151677370071411,-2.454608917236328,-1.6927127838134766,-2.064746618270874,-1.9694921970367432,-3.1638405323028564,-2.0226333141326904]",2a3def5224f651ea2b0ca2c5ff6f9ba1c1bcc9fd21b383f1392e34bc0b3a051e,"[64,64,8192]",zoology/experiments/flash_vqg/scripts/20260628-03-flash-vqg-mixer-divergence-probe/outputs/2080ti/probe.json,1.7295315265655518,mixer-probe-s123-r1,forward/logits,no-dropout,0
,,,2080ti,,,1792,,,448,,8a1b8360b673534d11c527aaac21bb53c13abe495b0e6b7cf4bb8a3ed2f31d6b,,zoology/experiments/flash_vqg/scripts/20260628-03-flash-vqg-mixer-divergence-probe/outputs/2080ti/probe.json,,mixer-probe-s123-r1,forward/preds,no-dropout,0
float,0.6048409342765808,,2080ti,0.6048409342765808,0.6048409342765808,1792,0.6048409342765808,1,448,[0.6048409342765808],0.604840934277,[],zoology/experiments/flash_vqg/scripts/20260628-03-flash-vqg-mixer-divergence-probe/outputs/2080ti/probe.json,0,mixer-probe-s123-r1,forward/loss,no-dropout,0
torch.float32,255.99618530273438,1,3090,1.5926038026809692,0.000671069195959717,0,-1.5414212942123413,524288,0,"[0.43720102310180664,-0.47418761253356934,-0.12221133708953857,0.2982311248779297,-0.16422449052333832,-0.11781228333711624,-0.49186304211616516,0.034084249287843704]",7eafdaa36e612e280d2fb2c9c3cb62ed9aea8534fcf882e35ef8e3603dbd2ea6,"[64,2,64,64]",zoology/experiments/flash_vqg/scripts/20260628-03-flash-vqg-mixer-divergence-probe/outputs/3090/probe.json,0.35354912281036377,mixer-probe-s123-r1,phase1/q_all,no-dropout,0
torch.float32,255.9937286376953,1,3090,1.6455446481704712,5.4685500799678266e-05,0,-1.4379643201828003,524288,0,"[0.2290818840265274,0.17472465336322784,-0.5262090563774109,-0.33765751123428345,0.7831315994262695,-0.41186249256134033,0.43849584460258484,-0.09059952944517136]",5d37dccf16213c484f5f4dd1816d0b7f343602f7708ddc638d348efe532bf7e6,"[64,2,64,64]",zoology/experiments/flash_vqg/scripts/20260628-03-flash-vqg-mixer-divergence-probe/outputs/3090/probe.json,0.3535461127758026,mixer-probe-s123-r1,phase1/k_all,no-dropout,0
torch.float32,58.87234115600586,1,3090,0.6101686358451843,0.006445802748203278,0,-0.253231942653656,524288,0,"[0.07940109074115753,0.039708636701107025,-0.07384831458330154,-0.08339323848485947,-0.009571666829288006,-0.07319962978363037,0.1329384446144104,-0.10811452567577362]",007ca34e5ad8d9cf91291651d6f0e4cb8f051c8b6efbfd77574608e653aa5960,"[64,2,64,64]",zoology/experiments/flash_vqg/scripts/20260628-03-flash-vqg-mixer-divergence-probe/outputs/3090/probe.json,0.08105120807886124,mixer-probe-s123-r1,phase1/v_all,no-dropout,0
torch.float32,163.77285766601562,1,3090,1.0111680030822754,0.0007309167995117605,0,-1.0400457382202148,524288,0,"[-0.3866400122642517,-0.0003336060617584735,0.274516761302948,-0.06162302941083908,0.05467773601412773,0.021006522700190544,0.17238442599773407,-0.25864097476005554]",871dddddc039c8c8c5fcbe118831b433f6f476e7037558ec8cb9b4669bbeaa8b,"[64,2,64,64]",zoology/experiments/flash_vqg/scripts/20260628-03-flash-vqg-mixer-divergence-probe/outputs/3090/probe.json,0.22618119418621063,mixer-probe-s123-r1,phase1/g_raw_all,no-dropout,0
torch.float32,40.955135345458984,1,3090,0.2677234709262848,0.0017296953592449427,0,-0.22957539558410645,524288,0,"[0.0371975377202034,-0.040959183126688004,-0.0022900900803506374,0.04461415484547615,0.09493521600961685,-0.06041162461042404,-0.04216456413269043,-0.09387834370136261]",61d4693e36a3721d9b9a2f91ec445e428e18253ea13183d165e403501a2de674,"[64,2,64,64]",zoology/experiments/flash_vqg/scripts/20260628-03-flash-vqg-mixer-divergence-probe/outputs/3090/probe.json,0.05653558671474457,mixer-probe-s123-r1,phase1/K_q_all,no-dropout,0
torch.int32,3421.633056640625,1,3090,63.0,32.972900390625,0,0.0,8192,0,"[26,19,19,11,0,7,36,60]",acd27605803513d9492d5ec72ccbf02c68ea239822061484cc8ef5953acc83c5,"[64,2,64]",zoology/experiments/flash_vqg/scripts/20260628-03-flash-vqg-mixer-divergence-probe/outputs/3090/probe.json,18.491479873657227,mixer-probe-s123-r1,phase1/Delta_all,no-dropout,0
torch.float32,12.744465827941895,1,3090,0.11100196838378906,0.015625,0,0.0014944170834496617,524288,0,"[0.02963186241686344,0.025065932422876358,0.023681746795773506,0.00960193295031786,0.00933751743286848,0.01803426258265972,0.006216543726623058,0.021651284769177437]",ef42fa94204b60d9842042f6dc673ff3848dcbff1fd7343c9aaeaf6f3df608ed,"[64,2,64,64]",zoology/experiments/flash_vqg/scripts/20260628-03-flash-vqg-mixer-divergence-probe/outputs/3090/probe.json,0.008102668449282646,mixer-probe-s123-r1,phase1/W_all,no-dropout,0
torch.float32,4.002523899078369,1,3090,-0.023389212787151337,-0.04365961626172066,0,-0.07863207906484604,8192,0,"[-0.05204698070883751,-0.02988486737012863,-0.04599225893616676,-0.04137071594595909,-0.04397901892662048,-0.036012064665555954,-0.04280824586749077,-0.05707665532827377]",dceaec5c4111d88a580fc8425d7618b87f122679f07cfec4bf3151edaf2e8139,"[64,2,64]",zoology/experiments/flash_vqg/scripts/20260628-03-flash-vqg-mixer-divergence-probe/outputs/3090/probe.json,0.007030486594885588,mixer-probe-s123-r1,state_build/logf_all,no-dropout,0
torch.float32,45.25483322143555,1,3090,0.5,0.5,0,0.5,8192,0,"[0.5,0.5,0.5,0.5,0.5,0.5,0.5,0.5]",31c5bc096f4ebb31c881c9ed866d59e45c0e94073f7765ad6ea1cbf93d4e3b4f,"[64,2,64]",zoology/experiments/flash_vqg/scripts/20260628-03-flash-vqg-mixer-divergence-probe/outputs/3090/probe.json,0.0,mixer-probe-s123-r1,state_build/beta_all,no-dropout,0
torch.float32,5.0671491622924805,1,3090,0.05239151790738106,0.0009069809457287192,0,-0.03566717728972435,1048576,0,"[0.0,0.0,0.0,0.0,0.0,0.0,0.0,0.0]",8fd7d205d0bc36efac559df6f0c3d46bce6e47a3d2f8f92c6c2dd9ff8ce95575,"[64,2,2,64,64]",zoology/experiments/flash_vqg/scripts/20260628-03-flash-vqg-mixer-divergence-probe/outputs/3090/probe.json,0.004864578600972891,mixer-probe-s123-r1,state_build/G_state,no-dropout,0
torch.float32,25.248516082763672,1,3090,0.4707127511501312,0.13812081515789032,0,0.0,16384,0,"[0.0,0.0,0.0,0.0,0.0,0.0,0.0,0.0]",6f8c23ee8b57d64c6072f80d48f91bdd32c5fcce6059dfc807e5e39be6aaeb8f,"[64,2,2,64]",zoology/experiments/flash_vqg/scripts/20260628-03-flash-vqg-mixer-divergence-probe/outputs/3090/probe.json,0.14082539081573486,mixer-probe-s123-r1,state_build/L_state,no-dropout,0
torch.float32,6.691649436950684,1,3090,0.049796395003795624,5.044794306741096e-06,0,-0.05900086462497711,16777216,0,"[0.0,0.0,0.0,0.0,0.0,0.0,0.0,0.0]",6a275ffee6b1e1d2a225e942d3af4ec702b59781786e4d534c868b652f5d245c,"[64,2,2,64,64,16]",zoology/experiments/flash_vqg/scripts/20260628-03-flash-vqg-mixer-divergence-probe/outputs/3090/probe.json,0.0016343846218660474,mixer-probe-s123-r1,state_build/M_state,no-dropout,0
torch.float32,inf,1,3090,-1.0000000150474662e+30,-1.0000001661631937e+30,0,-1.0000000150474662e+30,524288,0,"[-1.0000000150474662e+30,-1.0000000150474662e+30,-1.0000000150474662e+30,-1.0000000150474662e+30,-1.0000000150474662e+30,-1.0000000150474662e+30,-1.0000000150474662e+30,-1.0000000150474662e+30]",61ce6a8cd370ca81c3f343145d521a45aac538ef8972e11b8dba8c5540f1eff2,"[64,2,2,32,64]",zoology/experiments/flash_vqg/scripts/20260628-03-flash-vqg-mixer-divergence-probe/outputs/3090/probe.json,1.5111572745182865e+23,mixer-probe-s123-r1,phase2/S_far,no-dropout,0
torch.float32,25.824739456176758,1,3090,0.38107576966285706,0.006429946981370449,0,-0.1840706467628479,524288,0,"[0.07940109074115753,0.039708636701107025,-0.07384831458330154,-0.08339323848485947,-0.009571666829288006,-0.07319962978363037,0.1329384446144104,-0.10811452567577362]",61e35f645340f11abce265863dea13c6e41c6f4828b63b58a39968622265c40b,"[64,2,2,32,64]",zoology/experiments/flash_vqg/scripts/20260628-03-flash-vqg-mixer-divergence-probe/outputs/3090/probe.json,0.035081565380096436,mixer-probe-s123-r1,phase2/O_base,no-dropout,0
torch.int64,90.5096664428711,1,3090,1.0,0.5,0,0.0,16384,0,"[1,0,1,0,1,0,1,0]",dc11edbaeecd85c2e2c82456db4232b7ddbbdfd7d6481b97eca720a60ac56f7c,"[64,2,2,32,2]",zoology/experiments/flash_vqg/scripts/20260628-03-flash-vqg-mixer-divergence-probe/outputs/3090/probe.json,0.5,mixer-probe-s123-r1,phase2_read/top_idx,no-dropout,0
torch.float32,inf,1,3090,-1.0000000150474662e+30,-1.0000001661631937e+30,0,-1.0000000150474662e+30,16384,0,"[-1.0000000150474662e+30,-1.0000000150474662e+30,-1.0000000150474662e+30,-1.0000000150474662e+30,-1.0000000150474662e+30,-1.0000000150474662e+30,-1.0000000150474662e+30,-1.0000000150474662e+30]",9a9fe1aa50ef523d738b70d1c4410771a1eebdba615eba1bac04c3b3539793cb,"[64,2,2,32,2]",zoology/experiments/flash_vqg/scripts/20260628-03-flash-vqg-mixer-divergence-probe/outputs/3090/probe.json,1.5111572745182865e+23,mixer-probe-s123-r1,phase2_read/top_scores,no-dropout,0
torch.float32,0.0,1,3090,0.0,0.0,0,0.0,16384,0,"[0.0,0.0,0.0,0.0,0.0,0.0,0.0,0.0]",85a80fae2f428310daf8e819aed8147d2ca75f273599d1da531939dbf3f55a7b,"[64,2,2,32,2]",zoology/experiments/flash_vqg/scripts/20260628-03-flash-vqg-mixer-divergence-probe/outputs/3090/probe.json,0.0,mixer-probe-s123-r1,phase2_read/top_probs,no-dropout,0
torch.float32,0.0,1,3090,0.0,0.0,0,0.0,16384,0,"[0.0,0.0,0.0,0.0,0.0,0.0,0.0,0.0]",85a80fae2f428310daf8e819aed8147d2ca75f273599d1da531939dbf3f55a7b,"[64,2,2,32,2]",zoology/experiments/flash_vqg/scripts/20260628-03-flash-vqg-mixer-divergence-probe/outputs/3090/probe.json,0.0,mixer-probe-s123-r1,phase2_read/omega_sel,no-dropout,0
torch.float32,0.0,1,3090,0.0,0.0,0,0.0,8192,0,"[0.0,0.0,0.0,0.0,0.0,0.0,0.0,0.0]",f8dbbb428d043d7769f8fef4e7717b8a7a9697ac9b6425b62cef8cbd4120f9b0,"[64,2,2,32]",zoology/experiments/flash_vqg/scripts/20260628-03-flash-vqg-mixer-divergence-probe/outputs/3090/probe.json,0.0,mixer-probe-s123-r1,phase2_read/read_selected_mass,no-dropout,0
torch.float32,0.0,1,3090,0.0,0.0,0,0.0,524288,0,"[0.0,0.0,0.0,0.0,0.0,0.0,0.0,0.0]",33f5081ccd747a947e389515e1c9cde8155433ffa6999a97fd86a1da6b73247a,"[64,2,2,32,64]",zoology/experiments/flash_vqg/scripts/20260628-03-flash-vqg-mixer-divergence-probe/outputs/3090/probe.json,0.0,mixer-probe-s123-r1,phase2_read/u_res,no-dropout,0
torch.float32,0.0,1,3090,0.0,0.0,0,0.0,524288,0,"[0.0,0.0,0.0,0.0,0.0,0.0,0.0,0.0]",33f5081ccd747a947e389515e1c9cde8155433ffa6999a97fd86a1da6b73247a,"[64,2,2,32,64]",zoology/experiments/flash_vqg/scripts/20260628-03-flash-vqg-mixer-divergence-probe/outputs/3090/probe.json,0.0,mixer-probe-s123-r1,phase2/O_res_added,no-dropout,0
torch.float32,25.824739456176758,1,3090,0.38107576966285706,0.006429946981370449,0,-0.1840706467628479,524288,0,"[0.07940109074115753,0.039708636701107025,-0.07384831458330154,-0.08339323848485947,-0.009571666829288006,-0.07319962978363037,0.1329384446144104,-0.10811452567577362]",61e35f645340f11abce265863dea13c6e41c6f4828b63b58a39968622265c40b,"[64,2,2,32,64]",zoology/experiments/flash_vqg/scripts/20260628-03-flash-vqg-mixer-divergence-probe/outputs/3090/probe.json,0.035081565380096436,mixer-probe-s123-r1,phase2/Out_f32,no-dropout,0
torch.float32,25.824739456176758,1,3090,0.38107576966285706,0.006429946981370449,0,-0.1840706467628479,524288,0,"[0.07940109074115753,0.039708636701107025,-0.07384831458330154,-0.08339323848485947,-0.009571666829288006,-0.07319962978363037,0.1329384446144104,-0.10811452567577362]",5be0f9f92429c160fd51b6a7e189c5e615c59390d6a00f14021de972d64b4eb5,"[64,2,64,64]",zoology/experiments/flash_vqg/scripts/20260628-03-flash-vqg-mixer-divergence-probe/outputs/3090/probe.json,0.035081565380096436,mixer-probe-s123-r1,output_proj/O_heads,no-dropout,0
torch.float32,83.50859832763672,1,3090,1.7408274412155151,0.002401280915364623,0,-1.7503535747528076,524288,0,"[-0.19990679621696472,-0.00010660163388820365,-0.1854211390018463,0.040087029337882996,-0.004327393602579832,-0.012505988590419292,0.2003031075000763,0.19611649215221405]",d90286619a3daa771e213a35d71d15976dc09bee55ec1b800b93dee3dd3f0f76,"[64,2,64,64]",zoology/experiments/flash_vqg/scripts/20260628-03-flash-vqg-mixer-divergence-probe/outputs/3090/probe.json,0.11530762165784836,mixer-probe-s123-r1,output_proj/o_heads,no-dropout,0
torch.float32,18.868906021118164,1,3090,0.13842158019542694,-0.00013265138841234148,0,-0.14551879465579987,524288,0,"[0.03996148332953453,-0.0033638705499470234,0.012420875951647758,0.04953775182366371,0.013684508390724659,0.001448249677196145,0.00022671140322927386,0.010053996928036213]",5fa4c7d39094b2411630a03fe408033fa1512206d8d91a14d5d384522cc19fdc,"[64,64,128]",zoology/experiments/flash_vqg/scripts/20260628-03-flash-vqg-mixer-divergence-probe/outputs/3090/probe.json,0.02605900913476944,mixer-probe-s123-r1,output_proj/res,no-dropout,0
torch.float32,1318.9432373046875,,3090,3.167426347732544,0.00024548982037231326,0,-1.1616417169570923,33554432,0,"[-0.3174777626991272,-0.15193472802639008,0.16587187349796295,0.04986667260527611,-0.08510883152484894,-0.003580532968044281,-0.0306699275970459,0.2924538850784302]",aacba0b5381f33488466dbcb0e95afc2cbcda4f5a9a0fc94cb192873c6e820df,"[64,64,8192]",zoology/experiments/flash_vqg/scripts/20260628-03-flash-vqg-mixer-divergence-probe/outputs/3090/probe.json,0.22817322611808777,mixer-probe-s123-r1,forward/logits,no-dropout,0
,,,3090,,,0,,,0,,d8ddeb731d5304875c304e1a27f22f52981e5e38d0995ec69bb6311ca8656683,,zoology/experiments/flash_vqg/scripts/20260628-03-flash-vqg-mixer-divergence-probe/outputs/3090/probe.json,,mixer-probe-s123-r1,forward/preds,no-dropout,0
float,10.871895790100098,,3090,10.871895790100098,10.871895790100098,0,10.871895790100098,1,0,[10.871895790100098],10.8718957901,[],zoology/experiments/flash_vqg/scripts/20260628-03-flash-vqg-mixer-divergence-probe/outputs/3090/probe.json,0,mixer-probe-s123-r1,forward/loss,no-dropout,0
torch.float32,362.0307922363281,1,3090,1.5838767290115356,0.0012374605285003781,4,-1.5867481231689453,1048576,1,"[-0.16777242720127106,0.15290848910808563,-0.14047788083553314,-0.2837085723876953,0.21973465383052826,0.5104272365570068,0.16752691566944122,-0.30580899119377136]",f33800c56598bf03d31437bcd75a1afc4331582ceaa6cba895dcbbcf78ba412b,"[64,2,128,64]",zoology/experiments/flash_vqg/scripts/20260628-03-flash-vqg-mixer-divergence-probe/outputs/3090/probe.json,0.353547602891922,mixer-probe-s123-r1,phase1/q_all,no-dropout,0
torch.float32,362.0274963378906,1,3090,1.5713329315185547,0.0006706069689244032,4,-1.647322416305542,1048576,1,"[-0.19380611181259155,0.7514045238494873,0.22231189906597137,0.11309201270341873,0.4069482088088989,-0.267444372177124,0.2944662570953369,-0.13483348488807678]",3f48ebaf1328b2e74b8f200d22f0d31f0061b274de3e4252a5ee69c39ef39e65,"[64,2,128,64]",zoology/experiments/flash_vqg/scripts/20260628-03-flash-vqg-mixer-divergence-probe/outputs/3090/probe.json,0.35354557633399963,mixer-probe-s123-r1,phase1/k_all,no-dropout,0
torch.float32,83.43143463134766,1,3090,0.6730828881263733,0.006443674210458994,4,-0.2575630843639374,1048576,1,"[-0.015553739853203297,-0.026564380154013634,0.13319554924964905,-0.006882237270474434,-0.049050405621528625,0.06787210702896118,-0.001019757823087275,0.027408141642808914]",68cbb1cef135d72dad53bebabeab83953f3282cfdb70e7ee02acf61c6cc5dc2b,"[64,2,128,64]",zoology/experiments/flash_vqg/scripts/20260628-03-flash-vqg-mixer-divergence-probe/outputs/3090/probe.json,0.08122162520885468,mixer-probe-s123-r1,phase1/v_all,no-dropout,0
torch.float32,231.66616821289062,1,3090,1.0589107275009155,0.0001942712697200477,4,-1.062533974647522,1048576,1,"[-0.0851978287100792,0.12955687940120697,0.3355657756328583,-0.045660026371479034,-0.05491247400641441,-0.06252112984657288,0.39017245173454285,0.10450749099254608]",0f878603a9d8efa212fc33ab0dc741b603c346c897ffcdcf84777a2e267e55f1,"[64,2,128,64]",zoology/experiments/flash_vqg/scripts/20260628-03-flash-vqg-mixer-divergence-probe/outputs/3090/probe.json,0.22623921930789948,mixer-probe-s123-r1,phase1/g_raw_all,no-dropout,0
torch.float32,59.272735595703125,1,3090,0.2515982389450073,0.0017250848468393087,4,-0.2598925530910492,1048576,1,"[-0.003649348858743906,0.00839023943990469,0.0359719954431057,0.09794088453054428,0.07773058116436005,-0.07232344150543213,-0.03767073526978493,-0.09629851579666138]",328e92fb1c1f273d6ab11d29f23b2e2718eac08459e84c3b5aeb7e8e9d572141,"[64,2,128,64]",zoology/experiments/flash_vqg/scripts/20260628-03-flash-vqg-mixer-divergence-probe/outputs/3090/probe.json,0.05785837396979332,mixer-probe-s123-r1,phase1/K_q_all,no-dropout,0
torch.int32,4827.93017578125,1,3090,63.0,32.9443359375,4,0.0,16384,1,"[45,44,11,12,8,38,38,18]",359996a0300dd15c64ba31af21d704f631d98a304ddec217bd56ac5405e0ac07,"[64,2,128]",zoology/experiments/flash_vqg/scripts/20260628-03-flash-vqg-mixer-divergence-probe/outputs/3090/probe.json,18.366649627685547,mixer-probe-s123-r1,phase1/Delta_all,no-dropout,0
torch.float32,18.265687942504883,1,3090,0.1270197182893753,0.01562500186264515,4,0.0012770328903570771,1048576,1,"[0.015865851193666458,0.019818326458334923,0.013537713326513767,0.026639094576239586,0.025960752740502357,0.011286645196378231,0.013356202282011509,0.02080187015235424]",04c5d81d32a4ef7841ae0b2f4781584b5b9980d932a974a2f142fd3ad8befab5,"[64,2,128,64]",zoology/experiments/flash_vqg/scripts/20260628-03-flash-vqg-mixer-divergence-probe/outputs/3090/probe.json,0.008604551665484905,mixer-probe-s123-r1,phase1/W_all,no-dropout,0
torch.float32,5.670543193817139,1,3090,-0.023601016029715538,-0.04374382272362709,4,-0.08033020794391632,16384,1,"[-0.04605310782790184,-0.05149737372994423,-0.03996146842837334,-0.04722677171230316,-0.03980998694896698,-0.050966911017894745,-0.0428435392677784,-0.03448590263724327]",683ab26c402a47861d641ebf83786eb999aa04d944ff2a0b5b2ffa6b265c0d37,"[64,2,128]",zoology/experiments/flash_vqg/scripts/20260628-03-flash-vqg-mixer-divergence-probe/outputs/3090/probe.json,0.007004797924309969,mixer-probe-s123-r1,state_build/logf_all,no-dropout,0
torch.float32,63.97880554199219,1,3090,0.5108117461204529,0.49982666969299316,4,0.49036332964897156,16384,1,"[0.5017622709274292,0.5013792514801025,0.5019950866699219,0.4984910786151886,0.5021466612815857,0.5043736100196838,0.49848002195358276,0.5018180012702942]",b18f17477115d67f2df66d066708f91cf172ce4bb177030747cef27e6fb2ccf6,"[64,2,128]",zoology/experiments/flash_vqg/scripts/20260628-03-flash-vqg-mixer-divergence-probe/outputs/3090/probe.json,0.0027832319028675556,mixer-probe-s123-r1,state_build/beta_all,no-dropout,0
torch.float32,9.228290557861328,1,3090,0.056321851909160614,0.0015998645685613155,4,-0.04064016044139862,2097152,1,"[0.0,0.0,0.0,0.0,0.0,0.0,0.0,0.0]",d4f53287a807930b9cc41978807c5d023c6353af8810dcaa96df5395f4c4232d,"[64,2,4,64,64]",zoology/experiments/flash_vqg/scripts/20260628-03-flash-vqg-mixer-divergence-probe/outputs/3090/probe.json,0.006168522872030735,mixer-probe-s123-r1,state_build/G_state,no-dropout,0
torch.float32,51.81071853637695,1,3090,0.6146819591522217,0.24424727261066437,4,0.0,32768,1,"[0.0,0.0,0.0,0.0,0.0,0.0,0.0,0.0]",41d10ba8b4810b17daa0e2e3878f221f3eb79850352cca50af3b5d9acb511b7d,"[64,2,4,64]",zoology/experiments/flash_vqg/scripts/20260628-03-flash-vqg-mixer-divergence-probe/outputs/3090/probe.json,0.14920848608016968,mixer-probe-s123-r1,state_build/L_state,no-dropout,0
torch.float32,11.967278480529785,1,3090,0.05695180594921112,7.845172149245627e-06,4,-0.0640835240483284,33554432,1,"[0.0,0.0,0.0,0.0,0.0,0.0,0.0,0.0]",13712e124bbfe808869eddb469abc6a5c899e731b4a8088cf2935b387faee106,"[64,2,4,64,64,16]",zoology/experiments/flash_vqg/scripts/20260628-03-flash-vqg-mixer-divergence-probe/outputs/3090/probe.json,0.0020702779293060303,mixer-probe-s123-r1,state_build/M_state,no-dropout,0
torch.float32,inf,1,3090,1.4199841022491455,-4.999999319658694e+29,4,-1.0000000150474662e+30,1048576,1,"[-1.0000000150474662e+30,-1.0000000150474662e+30,-1.0000000150474662e+30,-1.0000000150474662e+30,-1.0000000150474662e+30,-1.0000000150474662e+30,-1.0000000150474662e+30,-1.0000000150474662e+30]",b30f4676207d8d62e86b8f45b7f183f9b63b7a807a349ce1baa3df4e8d0da267,"[64,2,4,32,64]",zoology/experiments/flash_vqg/scripts/20260628-03-flash-vqg-mixer-divergence-probe/outputs/3090/probe.json,5.000000075237331e+29,mixer-probe-s123-r1,phase2/S_far,no-dropout,0
torch.float32,30.93926429748535,1,3090,0.31242799758911133,0.006402069702744484,4,-0.1882651001214981,1048576,1,"[-0.015553739853203297,-0.026564380154013634,0.13319554924964905,-0.006882237270474434,-0.049050405621528625,0.06787210702896118,-0.001019757823087275,0.027408141642808914]",030db4a4cb428bbd919667c76e6cddc0ce68a52dbee9ddd569089b60039c81e3,"[64,2,4,32,64]",zoology/experiments/flash_vqg/scripts/20260628-03-flash-vqg-mixer-divergence-probe/outputs/3090/probe.json,0.029528465121984482,mixer-probe-s123-r1,phase2/O_base,no-dropout,0
torch.int64,4696.99951171875,1,3090,63.0,16.190399169921875,4,0.0,32768,1,"[1,0,1,0,1,0,1,0]",310049a45aa081529f40a793fc267d329c2b6e01665666f387dafb743d0f3004,"[64,2,4,32,2]",zoology/experiments/flash_vqg/scripts/20260628-03-flash-vqg-mixer-divergence-probe/outputs/3090/probe.json,20.276681900024414,mixer-probe-s123-r1,phase2_read/top_idx,no-dropout,0
torch.float32,inf,1,3090,1.4199841022491455,-5.000000075237331e+29,4,-1.0000000150474662e+30,32768,1,"[-1.0000000150474662e+30,-1.0000000150474662e+30,-1.0000000150474662e+30,-1.0000000150474662e+30,-1.0000000150474662e+30,-1.0000000150474662e+30,-1.0000000150474662e+30,-1.0000000150474662e+30]",e5f5b3322ea4f12fc3c80e8cd14ae6545277455ed2dd458e5b270510841ba315,"[64,2,4,32,2]",zoology/experiments/flash_vqg/scripts/20260628-03-flash-vqg-mixer-divergence-probe/outputs/3090/probe.json,5.000000075237331e+29,mixer-probe-s123-r1,phase2_read/top_scores,no-dropout,0
torch.float32,12.124384880065918,1,3090,0.5189490914344788,0.04382232576608658,4,0.0,32768,1,"[0.0,0.0,0.0,0.0,0.0,0.0,0.0,0.0]",bc542d747413d236b0cb211a5002a36e45df1c86dbbcb15006fa83e8d7749f1d,"[64,2,4,32,2]",zoology/experiments/flash_vqg/scripts/20260628-03-flash-vqg-mixer-divergence-probe/outputs/3090/probe.json,0.05065283924341202,mixer-probe-s123-r1,phase2_read/top_probs,no-dropout,0
torch.float32,1.6558610200881958,1,3090,0.12449034303426743,0.005245090927928686,4,0.0,32768,1,"[0.0,0.0,0.0,0.0,0.0,0.0,0.0,0.0]",2a154dbe8ec4f4f6f6ed991a1bdb22f25c4024d2188935c6d4a4baa30a19355f,"[64,2,4,32,2]",zoology/experiments/flash_vqg/scripts/20260628-03-flash-vqg-mixer-divergence-probe/outputs/3090/probe.json,0.007494295481592417,mixer-probe-s123-r1,phase2_read/omega_sel,no-dropout,0
torch.float32,2.248469829559326,1,3090,0.15552809834480286,0.010490180924534798,4,0.0,16384,1,"[0.0,0.0,0.0,0.0,0.0,0.0,0.0,0.0]",d298a554e0a3e182fdd655c0a319a24446238eaad070c6e335d714c49f53d56a,"[64,2,4,32]",zoology/experiments/flash_vqg/scripts/20260628-03-flash-vqg-mixer-divergence-probe/outputs/3090/probe.json,0.014089942909777164,mixer-probe-s123-r1,phase2_read/read_selected_mass,no-dropout,0
torch.float32,0.06815925985574722,1,3090,0.004318245220929384,2.4258429220935795e-06,4,-0.0016700990963727236,1048576,1,"[0.0,0.0,0.0,0.0,0.0,0.0,0.0,0.0]",602f985e151de8b026b5b3cd677d53ee68372a6658c45a2d56d78f90dbac5b5a,"[64,2,4,32,64]",zoology/experiments/flash_vqg/scripts/20260628-03-flash-vqg-mixer-divergence-probe/outputs/3090/probe.json,6.651851435890421e-05,mixer-probe-s123-r1,phase2_read/u_res,no-dropout,0
torch.float32,3.266652822494507,1,3090,0.14681346714496613,0.0001191531409858726,4,-0.06576362997293472,1048576,1,"[0.0,0.0,0.0,0.0,0.0,0.0,0.0,0.0]",a1932261ca4f6dddafd2171864afacc5869253001a855e0f769b8c44d1d169fa,"[64,2,4,32,64]",zoology/experiments/flash_vqg/scripts/20260628-03-flash-vqg-mixer-divergence-probe/outputs/3090/probe.json,0.0031879073940217495,mixer-probe-s123-r1,phase2/O_res_added,no-dropout,0
torch.float32,31.24889373779297,1,3090,0.31242799758911133,0.006521222181618214,4,-0.1882651001214981,1048576,1,"[-0.015553739853203297,-0.026564380154013634,0.13319554924964905,-0.006882237270474434,-0.049050405621528625,0.06787210702896118,-0.001019757823087275,0.027408141642808914]",aa326a4fc14b24d87e9b74ee98ddbc850e5a4c0338a03b83b4e658c60b5e1a36,"[64,2,4,32,64]",zoology/experiments/flash_vqg/scripts/20260628-03-flash-vqg-mixer-divergence-probe/outputs/3090/probe.json,0.02981194481253624,mixer-probe-s123-r1,phase2/Out_f32,no-dropout,0
torch.float32,31.24889373779297,1,3090,0.31242799758911133,0.006521222181618214,4,-0.1882651001214981,1048576,1,"[-0.015553739853203297,-0.026564380154013634,0.13319554924964905,-0.006882237270474434,-0.049050405621528625,0.06787210702896118,-0.001019757823087275,0.027408141642808914]",0bb3aaa1429af89d007d751df771c0efc1b4d3e2698a083900df77576460391c,"[64,2,128,64]",zoology/experiments/flash_vqg/scripts/20260628-03-flash-vqg-mixer-divergence-probe/outputs/3090/probe.json,0.02981194481253624,mixer-probe-s123-r1,output_proj/O_heads,no-dropout,0
torch.float32,117.77005767822266,1,3090,2.0795247554779053,0.003005226142704487,4,-1.5267326831817627,1048576,1,"[0.011413665488362312,-0.033029705286026,0.4697774350643158,0.0027624506037682295,0.023612944409251213,-0.03698164224624634,-0.00426896009594202,0.027113432064652443]",dede7e1bef7c17065185005e030bc398bd7a21df543d74ed50c632085ebf2219,"[64,2,128,64]",zoology/experiments/flash_vqg/scripts/20260628-03-flash-vqg-mixer-divergence-probe/outputs/3090/probe.json,0.11497429758310318,mixer-probe-s123-r1,output_proj/o_heads,no-dropout,0
torch.float32,26.6569766998291,1,3090,0.1369270235300064,-8.608915959484875e-05,4,-0.15180519223213196,1048576,1,"[0.012985682114958763,0.01702633686363697,0.006246758624911308,-0.03937835246324539,-0.025087490677833557,-0.039975665509700775,-0.03861996904015541,0.006424892693758011]",32d73c5c4d9cb4ae6a4e60656749a862d79a3568b029532ae9b1db40f9ab0bc1,"[64,128,128]",zoology/experiments/flash_vqg/scripts/20260628-03-flash-vqg-mixer-divergence-probe/outputs/3090/probe.json,0.026032382622361183,mixer-probe-s123-r1,output_proj/res,no-dropout,0
torch.float32,1851.4132080078125,,3090,3.151853084564209,0.001385088893584907,4,-1.2499232292175293,67108864,1,"[0.25002166628837585,-0.12531232833862305,-0.2158878594636917,0.4429374635219574,-0.4351274073123932,-0.20865434408187866,-0.011157115921378136,0.029938673600554466]",c3381ee20b9d542f2d19e2deb5e6980c435ada6109fae12a1391f2af849c5a24,"[64,128,8192]",zoology/experiments/flash_vqg/scripts/20260628-03-flash-vqg-mixer-divergence-probe/outputs/3090/probe.json,0.22733841836452484,mixer-probe-s123-r1,forward/logits,no-dropout,0
,,,3090,,,4,,,1,,e915ec4f426b11c78269b02ef717ac73ba4bd6633a6e7f8f10fdaec75ac857bd,,zoology/experiments/flash_vqg/scripts/20260628-03-flash-vqg-mixer-divergence-probe/outputs/3090/probe.json,,mixer-probe-s123-r1,forward/preds,no-dropout,0
float,10.823689460754395,,3090,10.823689460754395,10.823689460754395,4,10.823689460754395,1,1,[10.823689460754395],10.8236894608,[],zoology/experiments/flash_vqg/scripts/20260628-03-flash-vqg-mixer-divergence-probe/outputs/3090/probe.json,0,mixer-probe-s123-r1,forward/loss,no-dropout,0
torch.float32,255.99627685546875,1,3090,1.465405821800232,0.002390621928498149,16,-1.5353707075119019,524288,4,"[-1.289881944656372,-0.09234648197889328,0.04432572424411774,0.4779543876647949,-0.015061812475323677,0.22327224910259247,-0.3820943832397461,0.05178287252783775]",93986d6fe92b5332417d9c832bc58e24766e085f0dcecec38d62fb9101208ec4,"[64,2,64,64]",zoology/experiments/flash_vqg/scripts/20260628-03-flash-vqg-mixer-divergence-probe/outputs/3090/probe.json,0.3535417318344116,mixer-probe-s123-r1,phase1/q_all,no-dropout,0
torch.float32,255.99411010742188,1,3090,1.5119301080703735,0.0006962844636291265,16,-1.4341416358947754,524288,4,"[-0.014601805247366428,-0.4189019799232483,0.1076696366071701,0.3876236379146576,0.6290414333343506,-0.011784073896706104,-0.09899192303419113,0.3487183451652527]",9eca0ab4b635b10a7333b70876c5415b5c4389dc12c7d8ceb10b7b2e25b2e072,"[64,2,64,64]",zoology/experiments/flash_vqg/scripts/20260628-03-flash-vqg-mixer-divergence-probe/outputs/3090/probe.json,0.3535459041595459,mixer-probe-s123-r1,phase1/k_all,no-dropout,0
torch.float32,59.42367935180664,1,3090,0.5588003396987915,0.00663002859801054,16,-0.23942017555236816,524288,4,"[0.03632684797048569,0.03358204662799835,-0.0014026656281203032,0.04861906170845032,-0.026077555492520332,0.0540664978325367,0.07096849381923676,-0.04246221482753754]",a62e20366a4f514eba571f57cb68613f46e9027a8262fae73e581b96383159e7,"[64,2,64,64]",zoology/experiments/flash_vqg/scripts/20260628-03-flash-vqg-mixer-divergence-probe/outputs/3090/probe.json,0.0818001925945282,mixer-probe-s123-r1,phase1/v_all,no-dropout,0
torch.float32,164.4031219482422,1,3090,1.040349006652832,8.419094956479967e-05,16,-1.0988930463790894,524288,4,"[-0.05593833327293396,-0.06036121025681496,-0.06587576866149902,-0.006838558241724968,-0.3385128080844879,-0.13868097960948944,0.4081350862979889,0.140900656580925]",c20bba9d48b3cc16e849ce368084c2cd872a2b1919fe9879209aae033910032c,"[64,2,64,64]",zoology/experiments/flash_vqg/scripts/20260628-03-flash-vqg-mixer-divergence-probe/outputs/3090/probe.json,0.22705267369747162,mixer-probe-s123-r1,phase1/g_raw_all,no-dropout,0
torch.float32,44.95456314086914,1,3090,0.2843721807003021,0.0017286515794694424,16,-0.2673734724521637,524288,4,"[0.026777639985084534,-0.059603046625852585,0.038928307592868805,0.09453576803207397,0.1125301644206047,-0.051057055592536926,-0.0607820488512516,-0.07245434820652008]",a4d43d6bd0cf087d35d0ea31a6e0b15471dd87abf165908f0c180ee37fef5145,"[64,2,64,64]",zoology/experiments/flash_vqg/scripts/20260628-03-flash-vqg-mixer-divergence-probe/outputs/3090/probe.json,0.06206146255135536,mixer-probe-s123-r1,phase1/K_q_all,no-dropout,0
torch.int32,3381.627197265625,1,3090,63.0,32.5985107421875,16,0.0,8192,4,"[12,26,20,20,59,36,25,46]",7ab1933a38d293a1853c7b9e3847ae30dc088041f150c7d1e87f0f23e3eec8fa,"[64,2,64]",zoology/experiments/flash_vqg/scripts/20260628-03-flash-vqg-mixer-divergence-probe/outputs/3090/probe.json,18.25541877746582,mixer-probe-s123-r1,phase1/Delta_all,no-dropout,0
torch.float32,13.353947639465332,1,3090,0.14052364230155945,0.015625,16,0.001267191837541759,524288,4,"[0.02079175040125847,0.01754656434059143,0.017535710707306862,0.01957416720688343,0.009496981278061867,0.016019349917769432,0.020633116364479065,0.011760459281504154]",49a85a5d0b8d7b86ce352ca9ccbcb0085092e9a174075df2317e8460e45f4318,"[64,2,64,64]",zoology/experiments/flash_vqg/scripts/20260628-03-flash-vqg-mixer-divergence-probe/outputs/3090/probe.json,0.009797613136470318,mixer-probe-s123-r1,phase1/W_all,no-dropout,0
torch.float32,4.028176307678223,1,3090,-0.02276008389890194,-0.04392370581626892,16,-0.08162835240364075,8192,4,"[-0.0567653626203537,-0.05241743475198746,-0.05519569665193558,-0.041745662689208984,-0.05350019782781601,-0.04801635444164276,-0.04580874368548393,-0.05018874257802963]",aae491cb29b2c76e464f83800f4af5cfb6e180ba8cb47ea5e419cf935b0d10b8,"[64,2,64]",zoology/experiments/flash_vqg/scripts/20260628-03-flash-vqg-mixer-divergence-probe/outputs/3090/probe.json,0.007172602228820324,mixer-probe-s123-r1,state_build/logf_all,no-dropout,0
torch.float32,45.278873443603516,1,3090,0.5242594480514526,0.5002308487892151,16,0.47811728715896606,8192,4,"[0.5109513998031616,0.49410784244537354,0.49960073828697205,0.5021160244941711,0.4951015114784241,0.49330952763557434,0.49897879362106323,0.495576947927475]",01beec4698aef48f9a8c1e0536391cf938f500930d2f2aa4a06912a2b2c1637a,"[64,2,64]",zoology/experiments/flash_vqg/scripts/20260628-03-flash-vqg-mixer-divergence-probe/outputs/3090/probe.json,0.0058933342806994915,mixer-probe-s123-r1,state_build/beta_all,no-dropout,0
torch.float32,5.568747520446777,1,3090,0.05761178582906723,0.0008909257594496012,16,-0.044144194573163986,1048576,4,"[0.0,0.0,0.0,0.0,0.0,0.0,0.0,0.0]",eb11f193b2b1d24789f8580dc2b3b1af0ff2710d170ea2aba34a9847cd149307,"[64,2,2,64,64]",zoology/experiments/flash_vqg/scripts/20260628-03-flash-vqg-mixer-divergence-probe/outputs/3090/probe.json,0.005364776123315096,mixer-probe-s123-r1,state_build/G_state,no-dropout,0
torch.float32,25.300880432128906,1,3090,0.5762233734130859,0.1373363435268402,16,0.0,16384,4,"[0.0,0.0,0.0,0.0,0.0,0.0,0.0,0.0]",1adcbb2c76ae3c1a76d30d9482a8b0471e4d12fd6e051e34578162b927dd214f,"[64,2,2,64]",zoology/experiments/flash_vqg/scripts/20260628-03-flash-vqg-mixer-divergence-probe/outputs/3090/probe.json,0.14215987920761108,mixer-probe-s123-r1,state_build/L_state,no-dropout,0
torch.float32,6.791440010070801,1,3090,0.048937730491161346,3.423439238758874e-06,16,-0.049751102924346924,16777216,4,"[0.0,0.0,0.0,0.0,0.0,0.0,0.0,0.0]",8e4edaac8f23c4ac0af907d2de9891671984968408392bf904e549413c5f153b,"[64,2,2,64,64,16]",zoology/experiments/flash_vqg/scripts/20260628-03-flash-vqg-mixer-divergence-probe/outputs/3090/probe.json,0.0016587412683293223,mixer-probe-s123-r1,state_build/M_state,no-dropout,0
torch.float32,inf,1,3090,-1.0000000150474662e+30,-1.0000001661631937e+30,16,-1.0000000150474662e+30,524288,4,"[-1.0000000150474662e+30,-1.0000000150474662e+30,-1.0000000150474662e+30,-1.0000000150474662e+30,-1.0000000150474662e+30,-1.0000000150474662e+30,-1.0000000150474662e+30,-1.0000000150474662e+30]",61ce6a8cd370ca81c3f343145d521a45aac538ef8972e11b8dba8c5540f1eff2,"[64,2,2,32,64]",zoology/experiments/flash_vqg/scripts/20260628-03-flash-vqg-mixer-divergence-probe/outputs/3090/probe.json,1.5111572745182865e+23,mixer-probe-s123-r1,phase2/S_far,no-dropout,0
torch.float32,26.51862335205078,1,3090,0.31717386841773987,0.006569400429725647,16,-0.19889713823795319,524288,4,"[0.03632684797048569,0.03358204662799835,-0.0014026656281203032,0.04861906170845032,-0.026077555492520332,0.0540664978325367,0.07096849381923676,-0.04246221482753754]",e4af53255dffb6ae0d020a3f13842f7caa62966f4d0b6c0706e43b70e9848b89,"[64,2,2,32,64]",zoology/experiments/flash_vqg/scripts/20260628-03-flash-vqg-mixer-divergence-probe/outputs/3090/probe.json,0.03603015094995499,mixer-probe-s123-r1,phase2/O_base,no-dropout,0
torch.int64,90.5096664428711,1,3090,1.0,0.5,16,0.0,16384,4,"[1,0,1,0,1,0,1,0]",dc11edbaeecd85c2e2c82456db4232b7ddbbdfd7d6481b97eca720a60ac56f7c,"[64,2,2,32,2]",zoology/experiments/flash_vqg/scripts/20260628-03-flash-vqg-mixer-divergence-probe/outputs/3090/probe.json,0.5,mixer-probe-s123-r1,phase2_read/top_idx,no-dropout,0
torch.float32,inf,1,3090,-1.0000000150474662e+30,-1.0000001661631937e+30,16,-1.0000000150474662e+30,16384,4,"[-1.0000000150474662e+30,-1.0000000150474662e+30,-1.0000000150474662e+30,-1.0000000150474662e+30,-1.0000000150474662e+30,-1.0000000150474662e+30,-1.0000000150474662e+30,-1.0000000150474662e+30]",9a9fe1aa50ef523d738b70d1c4410771a1eebdba615eba1bac04c3b3539793cb,"[64,2,2,32,2]",zoology/experiments/flash_vqg/scripts/20260628-03-flash-vqg-mixer-divergence-probe/outputs/3090/probe.json,1.5111572745182865e+23,mixer-probe-s123-r1,phase2_read/top_scores,no-dropout,0
torch.float32,0.0,1,3090,0.0,0.0,16,0.0,16384,4,"[0.0,0.0,0.0,0.0,0.0,0.0,0.0,0.0]",85a80fae2f428310daf8e819aed8147d2ca75f273599d1da531939dbf3f55a7b,"[64,2,2,32,2]",zoology/experiments/flash_vqg/scripts/20260628-03-flash-vqg-mixer-divergence-probe/outputs/3090/probe.json,0.0,mixer-probe-s123-r1,phase2_read/top_probs,no-dropout,0
torch.float32,0.0,1,3090,0.0,0.0,16,0.0,16384,4,"[0.0,0.0,0.0,0.0,0.0,0.0,0.0,0.0]",85a80fae2f428310daf8e819aed8147d2ca75f273599d1da531939dbf3f55a7b,"[64,2,2,32,2]",zoology/experiments/flash_vqg/scripts/20260628-03-flash-vqg-mixer-divergence-probe/outputs/3090/probe.json,0.0,mixer-probe-s123-r1,phase2_read/omega_sel,no-dropout,0
torch.float32,0.0,1,3090,0.0,0.0,16,0.0,8192,4,"[0.0,0.0,0.0,0.0,0.0,0.0,0.0,0.0]",f8dbbb428d043d7769f8fef4e7717b8a7a9697ac9b6425b62cef8cbd4120f9b0,"[64,2,2,32]",zoology/experiments/flash_vqg/scripts/20260628-03-flash-vqg-mixer-divergence-probe/outputs/3090/probe.json,0.0,mixer-probe-s123-r1,phase2_read/read_selected_mass,no-dropout,0
torch.float32,0.0,1,3090,0.0,0.0,16,0.0,524288,4,"[0.0,0.0,0.0,0.0,0.0,0.0,0.0,0.0]",33f5081ccd747a947e389515e1c9cde8155433ffa6999a97fd86a1da6b73247a,"[64,2,2,32,64]",zoology/experiments/flash_vqg/scripts/20260628-03-flash-vqg-mixer-divergence-probe/outputs/3090/probe.json,0.0,mixer-probe-s123-r1,phase2_read/u_res,no-dropout,0
torch.float32,0.0,1,3090,0.0,0.0,16,0.0,524288,4,"[0.0,0.0,0.0,0.0,0.0,0.0,0.0,0.0]",33f5081ccd747a947e389515e1c9cde8155433ffa6999a97fd86a1da6b73247a,"[64,2,2,32,64]",zoology/experiments/flash_vqg/scripts/20260628-03-flash-vqg-mixer-divergence-probe/outputs/3090/probe.json,0.0,mixer-probe-s123-r1,phase2/O_res_added,no-dropout,0
torch.float32,26.51862335205078,1,3090,0.31717386841773987,0.006569400429725647,16,-0.19889713823795319,524288,4,"[0.03632684797048569,0.03358204662799835,-0.0014026656281203032,0.04861906170845032,-0.026077555492520332,0.0540664978325367,0.07096849381923676,-0.04246221482753754]",e4af53255dffb6ae0d020a3f13842f7caa62966f4d0b6c0706e43b70e9848b89,"[64,2,2,32,64]",zoology/experiments/flash_vqg/scripts/20260628-03-flash-vqg-mixer-divergence-probe/outputs/3090/probe.json,0.03603015094995499,mixer-probe-s123-r1,phase2/Out_f32,no-dropout,0
torch.float32,26.51862335205078,1,3090,0.31717386841773987,0.006569400429725647,16,-0.19889713823795319,524288,4,"[0.03632684797048569,0.03358204662799835,-0.0014026656281203032,0.04861906170845032,-0.026077555492520332,0.0540664978325367,0.07096849381923676,-0.04246221482753754]",b723d43bcd0c07d46436f86c795b966fbbf661fe80c10a10f97ce1340ffb2afb,"[64,2,64,64]",zoology/experiments/flash_vqg/scripts/20260628-03-flash-vqg-mixer-divergence-probe/outputs/3090/probe.json,0.03603015094995499,mixer-probe-s123-r1,output_proj/O_heads,no-dropout,0
torch.float32,83.54615020751953,1,3090,1.7279325723648071,0.0030684631783515215,16,-1.2573442459106445,524288,4,"[-0.019672816619277,-0.019611572846770287,0.0008897273801267147,-0.003295064903795719,0.07345867902040482,-0.06936834752559662,0.3461957275867462,-0.06372801959514618]",e7334a20708a18b681de7bc66fdd30eb5d7a7e51bea883663c807cd8e9398aab,"[64,2,64,64]",zoology/experiments/flash_vqg/scripts/20260628-03-flash-vqg-mixer-divergence-probe/outputs/3090/probe.json,0.1153436005115509,mixer-probe-s123-r1,output_proj/o_heads,no-dropout,0
torch.float32,19.03496742248535,1,3090,0.1364327371120453,7.190905307652429e-06,16,-0.15834981203079224,524288,4,"[0.010057101957499981,0.028173502534627914,0.044182684272527695,-0.014339721761643887,-0.025757556781172752,-0.02347971312701702,0.05192592740058899,-0.02199692279100418]",1c80c19b1dbf76bfd7d2e209a04e06bf9c8efd86a73b9ec245859284848f32ee,"[64,64,128]",zoology/experiments/flash_vqg/scripts/20260628-03-flash-vqg-mixer-divergence-probe/outputs/3090/probe.json,0.02628869190812111,mixer-probe-s123-r1,output_proj/res,no-dropout,0
torch.float32,1316.5538330078125,,3090,3.0273807048797607,0.008713370189070702,16,-1.1750543117523193,33554432,4,"[0.007336411625146866,0.5794976353645325,0.03968225419521332,-0.20736128091812134,0.084980309009552,0.31753960251808167,0.18217599391937256,0.029814263805747032]",627dd715e9058197bc31a8f63e7c4f0623cd4d3cc943a5e42c7635bf6517709b,"[64,64,8192]",zoology/experiments/flash_vqg/scripts/20260628-03-flash-vqg-mixer-divergence-probe/outputs/3090/probe.json,0.2275950163602829,mixer-probe-s123-r1,forward/logits,no-dropout,0
,,,3090,,,16,,,4,,ad637d48bbfa647c77aa7a80ab6bb8386c0b04a27fde68ffbec77678ad9e3df0,,zoology/experiments/flash_vqg/scripts/20260628-03-flash-vqg-mixer-divergence-probe/outputs/3090/probe.json,,mixer-probe-s123-r1,forward/preds,no-dropout,0
float,10.682329177856445,,3090,10.682329177856445,10.682329177856445,16,10.682329177856445,1,4,[10.682329177856445],10.6823291779,[],zoology/experiments/flash_vqg/scripts/20260628-03-flash-vqg-mixer-divergence-probe/outputs/3090/probe.json,0,mixer-probe-s123-r1,forward/loss,no-dropout,0
torch.float32,362.0315856933594,1,3090,1.6055103540420532,0.009767729789018631,64,-1.503980278968811,1048576,16,"[-0.6134127378463745,-0.11740441620349884,-0.48646363615989685,-0.015393586829304695,0.21080125868320465,0.541610062122345,-0.17393021285533905,-0.5518726706504822]",4bd90953dd67b85679b79daececdd61bc76f6b32f0ac6c52ffd82f3f226d049e,"[64,2,128,64]",zoology/experiments/flash_vqg/scripts/20260628-03-flash-vqg-mixer-divergence-probe/outputs/3090/probe.json,0.35341501235961914,mixer-probe-s123-r1,phase1/q_all,no-dropout,0
torch.float32,362.03240966796875,1,3090,1.418916940689087,0.003871701657772064,64,-1.5241857767105103,1048576,16,"[0.04116547852754593,-0.12407273054122925,0.27447178959846497,0.6396362781524658,0.44589197635650635,0.06584000587463379,-0.07442919164896011,-0.02066994458436966]",d26fed7d6036933fab04e46c7c01c232e289afe41174388d5c48fa3038bc80e4,"[64,2,128,64]",zoology/experiments/flash_vqg/scripts/20260628-03-flash-vqg-mixer-divergence-probe/outputs/3090/probe.json,0.353529691696167,mixer-probe-s123-r1,phase1/k_all,no-dropout,0
torch.float32,89.2635726928711,1,3090,0.6189050674438477,0.0068297903053462505,64,-0.2598893940448761,1048576,16,"[0.056238461285829544,0.020759059116244316,-0.0026465747505426407,-0.0662657767534256,-0.044491883367300034,0.12038788199424744,-0.061351969838142395,-0.014359179884195328]",6794563bd79cd071c6f20a6775ca35a7c87dc7c06384ec94f18d7f6ac53036c0,"[64,2,128,64]",zoology/experiments/flash_vqg/scripts/20260628-03-flash-vqg-mixer-divergence-probe/outputs/3090/probe.json,0.08690444380044937,mixer-probe-s123-r1,phase1/v_all,no-dropout,0
torch.float32,240.28677368164062,1,3090,1.0899503231048584,0.001627671648748219,64,-1.1738367080688477,1048576,16,"[0.09837356954813004,-0.3721557557582855,0.10808209329843521,0.1737784892320633,0.17587590217590332,-0.0924026221036911,0.09482515603303909,-0.1831335872411728]",95ad81675da31b55cb6fb7512f8953aa5f14b0f0c169fe750cb27b8157572689,"[64,2,128,64]",zoology/experiments/flash_vqg/scripts/20260628-03-flash-vqg-mixer-divergence-probe/outputs/3090/probe.json,0.23465192317962646,mixer-probe-s123-r1,phase1/g_raw_all,no-dropout,0
torch.float32,91.01904296875,1,3090,0.33939966559410095,0.0031898135785013437,64,-0.31587544083595276,1048576,16,"[0.015293609350919724,-0.010193117894232273,0.08713868260383606,0.12816421687602997,0.10843922942876816,0.010945801623165607,-0.03307139500975609,-0.03860097378492355]",cb771c8e523c9063d4680bdcb64a534319bfb804f10e3a57c398e0aae5e6f69c,"[64,2,128,64]",zoology/experiments/flash_vqg/scripts/20260628-03-flash-vqg-mixer-divergence-probe/outputs/3090/probe.json,0.08882949501276016,mixer-probe-s123-r1,phase1/K_q_all,no-dropout,0
torch.int32,3509.19970703125,1,3090,63.0,21.6573486328125,64,0.0,16384,16,"[39,39,20,20,29,29,29,29]",0a653c8c1f480230331a11e79e58447a85c2ad249f91feeade8348355e9a7e35,"[64,2,128]",zoology/experiments/flash_vqg/scripts/20260628-03-flash-vqg-mixer-divergence-probe/outputs/3090/probe.json,16.80998420715332,mixer-probe-s123-r1,phase1/Delta_all,no-dropout,0
torch.float32,21.395782470703125,1,3090,0.19492658972740173,0.015625,64,0.0007407520897686481,1048576,16,"[0.007829297333955765,0.011242290027439594,0.017679918557405472,0.010895137675106525,0.020195260643959045,0.00886459369212389,0.01076456904411316,0.006665458902716637]",b40eefb0e313c8ea0546c635858fbd3ea8a9ff6194f26b33af547408798f7fe2,"[64,2,128,64]",zoology/experiments/flash_vqg/scripts/20260628-03-flash-vqg-mixer-divergence-probe/outputs/3090/probe.json,0.013871923089027405,mixer-probe-s123-r1,phase1/W_all,no-dropout,0
torch.float32,5.667906284332275,1,3090,-0.021322457119822502,-0.043721310794353485,64,-0.07851839065551758,16384,16,"[-0.05122893676161766,-0.05173514783382416,-0.043022893369197845,-0.042101431638002396,-0.03662880137562752,-0.04508540779352188,-0.051387812942266464,-0.04698800668120384]",602d5fc8355c32e193c8741d03126e780f619d3f26cba80af39a9c79cb9fcd83,"[64,2,128]",zoology/experiments/flash_vqg/scripts/20260628-03-flash-vqg-mixer-divergence-probe/outputs/3090/probe.json,0.00701502850279212,mixer-probe-s123-r1,state_build/logf_all,no-dropout,0
torch.float32,64.36993408203125,1,3090,0.5494044423103333,0.5027278661727905,64,0.4541027843952179,16384,16,"[0.48570680618286133,0.5001437067985535,0.48483043909072876,0.5060259699821472,0.49741750955581665,0.5065634846687317,0.493658185005188,0.5042809844017029]",8071e4bcc8eabeee10e1a420f9939e8d28c29cde2eeb07dab539d711669e8e6a,"[64,2,128]",zoology/experiments/flash_vqg/scripts/20260628-03-flash-vqg-mixer-divergence-probe/outputs/3090/probe.json,0.01277384627610445,mixer-probe-s123-r1,state_build/beta_all,no-dropout,0
torch.float32,18.27190399169922,1,3090,0.24909265339374542,0.0016880757175385952,64,-0.19551819562911987,2097152,16,"[0.0,0.0,0.0,0.0,0.0,0.0,0.0,0.0]",b34c00ba35e6b4d9daae8a3b1b2d8aefa28093304e0ba3eb6306e6eb9284c4be,"[64,2,4,64,64]",zoology/experiments/flash_vqg/scripts/20260628-03-flash-vqg-mixer-divergence-probe/outputs/3090/probe.json,0.012504433281719685,mixer-probe-s123-r1,state_build/G_state,no-dropout,0
torch.float32,62.21318435668945,1,3090,2.1847012042999268,0.24450406432151794,64,0.0,32768,16,"[0.0,0.0,0.0,0.0,0.0,0.0,0.0,0.0]",e190ee10da7f2294c61abf8a1f5c632b26f42c7d15bc69413967fbb69cc76295,"[64,2,4,64]",zoology/experiments/flash_vqg/scripts/20260628-03-flash-vqg-mixer-divergence-probe/outputs/3090/probe.json,0.24152737855911255,mixer-probe-s123-r1,state_build/L_state,no-dropout,0
torch.float32,12.847935676574707,1,3090,0.09101323038339615,2.4902722088882e-06,64,-0.09885062277317047,33554432,16,"[0.0,0.0,0.0,0.0,0.0,0.0,0.0,0.0]",34ab53aa084031742b55d0a35a9404d81414517c90dcde2d8afe8d5e8767cc37,"[64,2,4,64,64,16]",zoology/experiments/flash_vqg/scripts/20260628-03-flash-vqg-mixer-divergence-probe/outputs/3090/probe.json,0.0022205282002687454,mixer-probe-s123-r1,state_build/M_state,no-dropout,0
torch.float32,inf,1,3090,2.9368033409118652,-4.999999319658694e+29,64,-1.0000000150474662e+30,1048576,16,"[-1.0000000150474662e+30,-1.0000000150474662e+30,-1.0000000150474662e+30,-1.0000000150474662e+30,-1.0000000150474662e+30,-1.0000000150474662e+30,-1.0000000150474662e+30,-1.0000000150474662e+30]",8046433bc35c1f3c2fbda42a8c9c887cc5814b3cff6c852cbe233b82f4a093d4,"[64,2,4,32,64]",zoology/experiments/flash_vqg/scripts/20260628-03-flash-vqg-mixer-divergence-probe/outputs/3090/probe.json,5.000000075237331e+29,mixer-probe-s123-r1,phase2/S_far,no-dropout,0
torch.float32,39.93519973754883,1,3090,0.360176146030426,0.0067167324014008045,64,-0.19819261133670807,1048576,16,"[0.056238461285829544,0.020759059116244316,-0.0026465747505426407,-0.0662657767534256,-0.044491883367300034,0.12038788199424744,-0.061351969838142395,-0.014359179884195328]",ec2d848ab94b42f971c86461c7d9d8ae68b6f213adba12efd8cca1c743660c90,"[64,2,4,32,64]",zoology/experiments/flash_vqg/scripts/20260628-03-flash-vqg-mixer-divergence-probe/outputs/3090/probe.json,0.03841698169708252,mixer-probe-s123-r1,phase2/O_base,no-dropout,0
torch.int64,4433.0166015625,1,3090,63.0,15.142852783203125,64,0.0,32768,16,"[1,0,1,0,1,0,1,0]",21dc207d69180d4f7dacd9799aa5818079af1cfbab005e5131326eb806e56853,"[64,2,4,32,2]",zoology/experiments/flash_vqg/scripts/20260628-03-flash-vqg-mixer-divergence-probe/outputs/3090/probe.json,19.246150970458984,mixer-probe-s123-r1,phase2_read/top_idx,no-dropout,0
torch.float32,inf,1,3090,2.9368033409118652,-5.000000075237331e+29,64,-1.0000000150474662e+30,32768,16,"[-1.0000000150474662e+30,-1.0000000150474662e+30,-1.0000000150474662e+30,-1.0000000150474662e+30,-1.0000000150474662e+30,-1.0000000150474662e+30,-1.0000000150474662e+30,-1.0000000150474662e+30]",6b2963af12718800fa1d49f755aafdfb6341d4f692fab927157001891498c22b,"[64,2,4,32,2]",zoology/experiments/flash_vqg/scripts/20260628-03-flash-vqg-mixer-divergence-probe/outputs/3090/probe.json,5.000000075237331e+29,mixer-probe-s123-r1,phase2_read/top_scores,no-dropout,0
torch.float32,15.060582160949707,1,3090,0.6700341105461121,0.05313468351960182,64,0.0,32768,16,"[0.0,0.0,0.0,0.0,0.0,0.0,0.0,0.0]",3f3c36aeaea17dc98565034ca807ff1aafc874a22b44e8d6cbe1d5c19eed34c0,"[64,2,4,32,2]",zoology/experiments/flash_vqg/scripts/20260628-03-flash-vqg-mixer-divergence-probe/outputs/3090/probe.json,0.06402137875556946,mixer-probe-s123-r1,phase2_read/top_probs,no-dropout,0
torch.float32,2.631864309310913,1,3090,0.17900587618350983,0.008132977411150932,64,0.0,32768,16,"[0.0,0.0,0.0,0.0,0.0,0.0,0.0,0.0]",8c0ba3fcd7525d60f75a4d28616e5802d3784d80ae5a76f30adb895aa70f440c,"[64,2,4,32,2]",zoology/experiments/flash_vqg/scripts/20260628-03-flash-vqg-mixer-divergence-probe/outputs/3090/probe.json,0.012051602825522423,mixer-probe-s123-r1,phase2_read/omega_sel,no-dropout,0
torch.float32,3.5329020023345947,1,3090,0.2291540503501892,0.016265952959656715,64,0.0,16384,16,"[0.0,0.0,0.0,0.0,0.0,0.0,0.0,0.0]",e34735cbc53e089ec824805552e8429f3f7a44a09213eaf1c6f6fdf205eac6a6,"[64,2,4,32]",zoology/experiments/flash_vqg/scripts/20260628-03-flash-vqg-mixer-divergence-probe/outputs/3090/probe.json,0.02229849249124527,mixer-probe-s123-r1,phase2_read/read_selected_mass,no-dropout,0
torch.float32,0.21697431802749634,1,3090,0.00810207985341549,7.757163075439166e-06,64,-0.006592190358787775,1048576,16,"[0.0,0.0,0.0,0.0,0.0,0.0,0.0,0.0]",8893ab7585ca5dd5e82d65c283807bd3e1bdbeca3874c1f1b9064558dfad6c21,"[64,2,4,32,64]",zoology/experiments/flash_vqg/scripts/20260628-03-flash-vqg-mixer-divergence-probe/outputs/3090/probe.json,0.00021175065194256604,mixer-probe-s123-r1,phase2_read/u_res,no-dropout,0
torch.float32,9.20453929901123,1,3090,0.173427551984787,0.00036029762122780085,64,-0.13590550422668457,1048576,16,"[0.0,0.0,0.0,0.0,0.0,0.0,0.0,0.0]",f5f1be146de776d771b0b861d8a8e1ba463d743451f49f30f625a84d71784773,"[64,2,4,32,64]",zoology/experiments/flash_vqg/scripts/20260628-03-flash-vqg-mixer-divergence-probe/outputs/3090/probe.json,0.00898172426968813,mixer-probe-s123-r1,phase2/O_res_added,no-dropout,0
torch.float32,42.144187927246094,1,3090,0.360176146030426,0.007077030837535858,64,-0.19819261133670807,1048576,16,"[0.056238461285829544,0.020759059116244316,-0.0026465747505426407,-0.0662657767534256,-0.044491883367300034,0.12038788199424744,-0.061351969838142395,-0.014359179884195328]",d68d770756f3c9d7dac7559c1d6490c41713a6280fd47d6476fd7ffaeacf49fa,"[64,2,4,32,64]",zoology/experiments/flash_vqg/scripts/20260628-03-flash-vqg-mixer-divergence-probe/outputs/3090/probe.json,0.04054395109415054,mixer-probe-s123-r1,phase2/Out_f32,no-dropout,0
torch.float32,42.144187927246094,1,3090,0.360176146030426,0.007077030837535858,64,-0.19819261133670807,1048576,16,"[0.056238461285829544,0.020759059116244316,-0.0026465747505426407,-0.0662657767534256,-0.044491883367300034,0.12038788199424744,-0.061351969838142395,-0.014359179884195328]",af16fb57c37593004882d24203e70186557a0a322759a906795f5ba4c145ed9a,"[64,2,128,64]",zoology/experiments/flash_vqg/scripts/20260628-03-flash-vqg-mixer-divergence-probe/outputs/3090/probe.json,0.04054395109415054,mixer-probe-s123-r1,output_proj/O_heads,no-dropout,0
torch.float32,123.69235229492188,1,3090,1.9226232767105103,0.003947730176150799,64,-1.4248021841049194,1048576,16,"[0.04458948224782944,-0.048473164439201355,-0.002301866188645363,-0.09495531022548676,-0.06533385068178177,-0.08083674311637878,-0.046557825058698654,0.01824696734547615]",88e0d9322dd31c8212618ba83b9af8f0bcc23de95ab32fcfd37bfd44f6d43858,"[64,2,128,64]",zoology/experiments/flash_vqg/scripts/20260628-03-flash-vqg-mixer-divergence-probe/outputs/3090/probe.json,0.12073296308517456,mixer-probe-s123-r1,output_proj/o_heads,no-dropout,0
torch.float32,29.257570266723633,1,3090,0.17921113967895508,-0.00014871428720653057,64,-0.1731196492910385,1048576,16,"[0.04036357253789902,0.014975802972912788,0.03576773405075073,0.019346212968230247,0.049402814358472824,0.047584909945726395,-0.06043962389230728,3.0732169307157164e-06]",2172f7c22e6f742fdb586c44f10c4d4e6643c483d526617c5d32d89e3ece8c9f,"[64,128,128]",zoology/experiments/flash_vqg/scripts/20260628-03-flash-vqg-mixer-divergence-probe/outputs/3090/probe.json,0.02857181616127491,mixer-probe-s123-r1,output_proj/res,no-dropout,0
torch.float32,1991.356689453125,,3090,3.137843132019043,0.07166985422372818,64,-1.1688166856765747,67108864,16,"[0.3653942048549652,0.4350266754627228,-0.09986437112092972,0.04045248031616211,0.29792314767837524,0.4963206648826599,0.07986818253993988,-0.0011480954708531499]",11ad775d8d8cf911762ddad79967485a4354a5611db191f21bd8f0b1d8c96348,"[64,128,8192]",zoology/experiments/flash_vqg/scripts/20260628-03-flash-vqg-mixer-divergence-probe/outputs/3090/probe.json,0.23363950848579407,mixer-probe-s123-r1,forward/logits,no-dropout,0
,,,3090,,,64,,,16,,f0344aca7090232a4ccb18a323890d03b2782424ff567d656132b645e57678a6,,zoology/experiments/flash_vqg/scripts/20260628-03-flash-vqg-mixer-divergence-probe/outputs/3090/probe.json,,mixer-probe-s123-r1,forward/preds,no-dropout,0
float,10.266509056091309,,3090,10.266509056091309,10.266509056091309,64,10.266509056091309,1,16,[10.266509056091309],10.2665090561,[],zoology/experiments/flash_vqg/scripts/20260628-03-flash-vqg-mixer-divergence-probe/outputs/3090/probe.json,0,mixer-probe-s123-r1,forward/loss,no-dropout,0
torch.float32,511.9809265136719,1,3090,1.5752702951431274,0.00576877873390913,256,-1.6266119480133057,2097152,64,"[0.0530409961938858,-0.03317298740148544,0.23145443201065063,-0.11519795656204224,0.05037226900458336,0.8985939025878906,0.2767318785190582,-0.027892643585801125]",bde40da79118ea0a45aa219ee3136e447be89da23b0c652a8edc236ac4d9b9de,"[64,2,256,64]",zoology/experiments/flash_vqg/scripts/20260628-03-flash-vqg-mixer-divergence-probe/outputs/3090/probe.json,0.35350462794303894,mixer-probe-s123-r1,phase1/q_all,no-dropout,0
torch.float32,511.9859924316406,1,3090,0.9844736456871033,0.02736617438495159,256,-1.4961169958114624,2097152,64,"[0.46011078357696533,-0.285003125667572,-0.4539868235588074,-0.03941136598587036,0.3950310945510864,-0.38852253556251526,-0.0836820974946022,-0.2557089328765869]",a50cfe03b6fe68c29dc36a79382cda2a97318118af07043fc4aba1841177ff14,"[64,2,256,64]",zoology/experiments/flash_vqg/scripts/20260628-03-flash-vqg-mixer-divergence-probe/outputs/3090/probe.json,0.3524926006793976,mixer-probe-s123-r1,phase1/k_all,no-dropout,0
torch.float32,194.17092895507812,1,3090,0.8520045280456543,0.006182460114359856,256,-0.27846455574035645,2097152,64,"[-0.0682378038764,0.0026428350247442722,-0.08597961813211441,-0.01006824616342783,-0.0041401381604373455,-0.030263235792517662,0.018492447212338448,0.044930290430784225]",e99d462656cf98ba5eb7aed9d62c01c48cac90636a9852d6bd45e1d08f53a08b,"[64,2,256,64]",zoology/experiments/flash_vqg/scripts/20260628-03-flash-vqg-mixer-divergence-probe/outputs/3090/probe.json,0.13394547998905182,mixer-probe-s123-r1,phase1/v_all,no-dropout,0
torch.float32,2619.825927734375,1,3090,5.660531997680664,0.7449862360954285,256,-3.589883804321289,2097152,64,"[-0.11456434428691864,-0.11308623850345612,-0.012719972059130669,-1.1256086826324463,1.6481887102127075,1.1340570449829102,-1.3072898387908936,0.01620642840862274]",1e9081f3f91d2e294f626445096d219dd5fe0da5c156008f9e60c34460599e25,"[64,2,256,64]",zoology/experiments/flash_vqg/scripts/20260628-03-flash-vqg-mixer-divergence-probe/outputs/3090/probe.json,1.6487144231796265,mixer-probe-s123-r1,phase1/g_raw_all,no-dropout,0
torch.float32,343.733642578125,1,3090,0.5407542586326599,0.018272360786795616,256,-0.5899485945701599,2097152,64,"[0.28531381487846375,-0.18489587306976318,-0.20120838284492493,0.036961879581213,0.2934609651565552,-0.25948119163513184,-0.09344504773616791,-0.1971244364976883]",317ef0a2d7708a9a4c43429def2d92fc7f3efcb040aa9be379b75a576da0810a,"[64,2,256,64]",zoology/experiments/flash_vqg/scripts/20260628-03-flash-vqg-mixer-divergence-probe/outputs/3090/probe.json,0.23666468262672424,mixer-probe-s123-r1,phase1/K_q_all,no-dropout,0
torch.int32,3731.809326171875,1,3090,29.0,16.0,256,3.0,32768,64,"[29,29,29,29,29,29,29,29]",4f08f5924b44fa26e5f79e9d1ade817976b8db1516a66e6320d1d0f6bf884a8d,"[64,2,256]",zoology/experiments/flash_vqg/scripts/20260628-03-flash-vqg-mixer-divergence-probe/outputs/3090/probe.json,13.0,mixer-probe-s123-r1,phase1/Delta_all,no-dropout,0
torch.float32,94.9748764038086,1,3090,0.5410472750663757,0.015625,256,0.0008792104199528694,2097152,64,"[0.004040441010147333,0.004962810315191746,0.0020208118949085474,0.0047224522568285465,0.004657410085201263,0.0037144911475479603,0.009513392113149166,0.0021646814420819283]",25a0bd3e026cdc0c12530ddfa1ee506e05d9d9f97bf4ac1a5a8b18b6bb540b60,"[64,2,256,64]",zoology/experiments/flash_vqg/scripts/20260628-03-flash-vqg-mixer-divergence-probe/outputs/3090/probe.json,0.06372407078742981,mixer-probe-s123-r1,phase1/W_all,no-dropout,0
torch.float32,1.7956349849700928,1,3090,-0.0016278148395940661,-0.00851521361619234,256,-0.041957441717386246,32768,64,"[-0.00698072649538517,-0.0028833323158323765,-0.009116524830460548,-0.0035694483667612076,-0.01822853460907936,-0.007304212544113398,-0.007589674089103937,-0.004803773947060108]",71aad2b6f89b61fd1abedfde94831316cbd5cea6adecd2987cc62ef577c7a2b6,"[64,2,256]",zoology/experiments/flash_vqg/scripts/20260628-03-flash-vqg-mixer-divergence-probe/outputs/3090/probe.json,0.00508812814950943,mixer-probe-s123-r1,state_build/logf_all,no-dropout,0
torch.float32,33.434173583984375,1,3090,0.5149593949317932,0.16989484429359436,256,0.05275481566786766,32768,64,"[0.18386712670326233,0.07402870059013367,0.19646106660366058,0.0722106471657753,0.2704087495803833,0.13246925175189972,0.19354644417762756,0.08846783638000488]",0c58eef27902ff7a8cd046d3091bd91441b62cf1cd6ec6453bf8096730548c2f,"[64,2,256]",zoology/experiments/flash_vqg/scripts/20260628-03-flash-vqg-mixer-divergence-probe/outputs/3090/probe.json,0.07245435565710068,mixer-probe-s123-r1,state_build/beta_all,no-dropout,0
torch.float32,1050.0911865234375,1,3090,18.56920623779297,0.005927139427512884,256,-14.864680290222168,4194304,64,"[0.0,0.0,0.0,0.0,0.0,0.0,0.0,0.0]",b34a29a18c31ae95c84590231a9d9db8012e226a251681febf5fc64a364c2836,"[64,2,8,64,64]",zoology/experiments/flash_vqg/scripts/20260628-03-flash-vqg-mixer-divergence-probe/outputs/3090/probe.json,0.5128424167633057,mixer-probe-s123-r1,state_build/G_state,no-dropout,0
torch.float32,1185.08984375,1,3090,58.99195098876953,0.978124737739563,256,0.0,65536,64,"[0.0,0.0,0.0,0.0,0.0,0.0,0.0,0.0]",95265087e0b734515518f761fa50aff1a97f578e1a502b87df5d12fafbb343e0,"[64,2,8,64]",zoology/experiments/flash_vqg/scripts/20260628-03-flash-vqg-mixer-divergence-probe/outputs/3090/probe.json,4.524744033813477,mixer-probe-s123-r1,state_build/L_state,no-dropout,0
torch.float32,16.750350952148438,1,3090,0.17950043082237244,2.9439079298754223e-06,256,-0.2416737973690033,67108864,64,"[0.0,0.0,0.0,0.0,0.0,0.0,0.0,0.0]",296c2ea42a952d8ec4bb772cf4abcba2c4c01a1a14006dfb02c026393b775d85,"[64,2,8,64,64,16]",zoology/experiments/flash_vqg/scripts/20260628-03-flash-vqg-mixer-divergence-probe/outputs/3090/probe.json,0.0020458740182220936,mixer-probe-s123-r1,state_build/M_state,no-dropout,0
torch.float32,inf,1,3090,3.86965274810791,-2.4999998487240062e+29,256,-1.0000000150474662e+30,2097152,64,"[-1.0000000150474662e+30,-1.0000000150474662e+30,-1.0000000150474662e+30,-1.0000000150474662e+30,-1.0000000150474662e+30,-1.0000000150474662e+30,-1.0000000150474662e+30,-1.0000000150474662e+30]",dbba7dec1853b6f91d59a0909b500ea372fbb061c829d6ff48a42010102319f9,"[64,2,8,32,64]",zoology/experiments/flash_vqg/scripts/20260628-03-flash-vqg-mixer-divergence-probe/outputs/3090/probe.json,4.330127100591811e+29,mixer-probe-s123-r1,phase2/S_far,no-dropout,0
torch.float32,164.11036682128906,1,3090,0.5884605646133423,0.0061413622461259365,256,-0.278433620929718,2097152,64,"[-0.0682378038764,0.0026428350247442722,-0.08597961813211441,-0.01006824616342783,-0.0041401381604373455,-0.030263235792517662,0.018492447212338448,0.044930290430784225]",1ef5f9be7fff02551cf922e223d6c77655c7ca080050cb03d3cd9c759affe0ba,"[64,2,8,32,64]",zoology/experiments/flash_vqg/scripts/20260628-03-flash-vqg-mixer-divergence-probe/outputs/3090/probe.json,0.11317528784275055,mixer-probe-s123-r1,phase2/O_base,no-dropout,0
torch.int64,7166.97216796875,1,3090,63.0,21.451751708984375,256,0.0,65536,64,"[1,0,1,0,1,0,1,0]",e52689d05ab8866971c19c9d349b9da05bf165c537af7e4dc0897fda7699e082,"[64,2,8,32,2]",zoology/experiments/flash_vqg/scripts/20260628-03-flash-vqg-mixer-divergence-probe/outputs/3090/probe.json,17.988815307617188,mixer-probe-s123-r1,phase2_read/top_idx,no-dropout,0
torch.float32,inf,1,3090,3.86965274810791,-2.5000000376186655e+29,256,-1.0000000150474662e+30,65536,64,"[-1.0000000150474662e+30,-1.0000000150474662e+30,-1.0000000150474662e+30,-1.0000000150474662e+30,-1.0000000150474662e+30,-1.0000000150474662e+30,-1.0000000150474662e+30,-1.0000000150474662e+30]",b3c328d63adc1fc3d09a9a3cf9c3adccb6eb5999fadc28e039f3f0a64ae64fbd,"[64,2,8,32,2]",zoology/experiments/flash_vqg/scripts/20260628-03-flash-vqg-mixer-divergence-probe/outputs/3090/probe.json,4.330127100591811e+29,mixer-probe-s123-r1,phase2_read/top_scores,no-dropout,0
torch.float32,18.26264190673828,1,3090,0.44924795627593994,0.05784476920962334,256,0.0,65536,64,"[0.0,0.0,0.0,0.0,0.0,0.0,0.0,0.0]",6c632b347a0edf2c83679b705205a410800cd46017dbd0d20ab32a85f6479ab2,"[64,2,8,32,2]",zoology/experiments/flash_vqg/scripts/20260628-03-flash-vqg-mixer-divergence-probe/outputs/3090/probe.json,0.04175111651420593,mixer-probe-s123-r1,phase2_read/top_probs,no-dropout,0
torch.float32,17.393417358398438,1,3090,0.3758509159088135,0.055374838411808014,256,0.0,65536,64,"[0.0,0.0,0.0,0.0,0.0,0.0,0.0,0.0]",7c5679e2a95560a3373b5804b2857d9c99de630bcce4643c0268bdac1b86aea2,"[64,2,8,32,2]",zoology/experiments/flash_vqg/scripts/20260628-03-flash-vqg-mixer-divergence-probe/outputs/3090/probe.json,0.039368513971567154,mixer-probe-s123-r1,phase2_read/omega_sel,no-dropout,0
torch.float32,23.89838218688965,1,3090,0.46223336458206177,0.11074968427419662,256,0.0,32768,64,"[0.0,0.0,0.0,0.0,0.0,0.0,0.0,0.0]",97d3e4f25ea7d0d0b8a4150594a97a7a99d21248405ea0f4f288602587a881c2,"[64,2,8,32]",zoology/experiments/flash_vqg/scripts/20260628-03-flash-vqg-mixer-divergence-probe/outputs/3090/probe.json,0.0718616172671318,mixer-probe-s123-r1,phase2_read/read_selected_mass,no-dropout,0
torch.float32,0.5838175415992737,1,3090,0.031191838905215263,-2.3187037356819928e-07,256,-0.02279985509812832,2097152,64,"[0.0,0.0,0.0,0.0,0.0,0.0,0.0,0.0]",6f8627cf175a4a7ad8adcf35e6af88733c1e2d4b0c460b464a6b5a918b49e885,"[64,2,8,32,64]",zoology/experiments/flash_vqg/scripts/20260628-03-flash-vqg-mixer-divergence-probe/outputs/3090/probe.json,0.0004031668941024691,mixer-probe-s123-r1,phase2_read/u_res,no-dropout,0
torch.float32,2.9522759914398193,1,3090,0.16716255247592926,-3.754544650291791e-06,256,-0.13537494838237762,2097152,64,"[0.0,0.0,0.0,0.0,0.0,0.0,0.0,0.0]",d42b0d111ba821b5ab05b3d65b2b6df97c03890695a8d61c9512bd83c6b4919b,"[64,2,8,32,64]",zoology/experiments/flash_vqg/scripts/20260628-03-flash-vqg-mixer-divergence-probe/outputs/3090/probe.json,0.002038725884631276,mixer-probe-s123-r1,phase2/O_res_added,no-dropout,0
torch.float32,164.14093017578125,1,3090,0.5884605646133423,0.006137608550488949,256,-0.34048905968666077,2097152,64,"[-0.0682378038764,0.0026428350247442722,-0.08597961813211441,-0.01006824616342783,-0.0041401381604373455,-0.030263235792517662,0.018492447212338448,0.044930290430784225]",73c171c910587e070d6e2cc77a958d2870f2a7e801da69f0646883167b60df8b,"[64,2,8,32,64]",zoology/experiments/flash_vqg/scripts/20260628-03-flash-vqg-mixer-divergence-probe/outputs/3090/probe.json,0.11319641768932343,mixer-probe-s123-r1,phase2/Out_f32,no-dropout,0
torch.float32,164.14093017578125,1,3090,0.5884605646133423,0.006137608550488949,256,-0.34048905968666077,2097152,64,"[-0.0682378038764,0.0026428350247442722,-0.08597961813211441,-0.01006824616342783,-0.0041401381604373455,-0.030263235792517662,0.018492447212338448,0.044930290430784225]",1416f0b4cddb3edf269fc2bcb0dcf7c7755f8a2ab5d48eed80011d5b177f1002,"[64,2,256,64]",zoology/experiments/flash_vqg/scripts/20260628-03-flash-vqg-mixer-divergence-probe/outputs/3090/probe.json,0.11319641768932343,mixer-probe-s123-r1,output_proj/O_heads,no-dropout,0
torch.float32,4585.8623046875,1,3090,20.39695167541504,0.17472852766513824,256,-15.70917797088623,2097152,64,"[0.047396548092365265,-0.001807462191209197,0.006840831134468317,0.03627737611532211,-0.07610085606575012,-0.3415710926055908,-0.06817677617073059,0.004878296982496977]",781869f7ee7449750b7828c331080bacd772564c1060302de02344af3f828774,"[64,2,256,64]",zoology/experiments/flash_vqg/scripts/20260628-03-flash-vqg-mixer-divergence-probe/outputs/3090/probe.json,3.162039041519165,mixer-probe-s123-r1,output_proj/o_heads,no-dropout,0
torch.float32,10187.29296875,1,3090,17.548473358154297,-0.2865235209465027,256,-16.759654998779297,2097152,64,"[3.5804941654205322,-3.7335548400878906,4.206577301025391,-2.714791774749756,2.2074785232543945,3.2032389640808105,2.8254270553588867,-4.51138162612915]",2d30e988fa76c0f289a5373ceca6149c663417f7650d326297a5e8377c022b0d,"[64,256,128]",zoology/experiments/flash_vqg/scripts/20260628-03-flash-vqg-mixer-divergence-probe/outputs/3090/probe.json,7.028873443603516,mixer-probe-s123-r1,output_proj/res,no-dropout,0
torch.float32,10046.8154296875,,3090,2.5771329402923584,0.6919964551925659,256,-0.8402482867240906,134217728,64,"[-0.21987980604171753,0.09667153656482697,0.18947266042232513,0.42097997665405273,0.16437546908855438,0.17964611947536469,0.627108097076416,0.29065850377082825]",36c4304cb3525aaf960896ae356d922a76c48bd359a8cb5e6dc67d230328be06,"[64,256,8192]",zoology/experiments/flash_vqg/scripts/20260628-03-flash-vqg-mixer-divergence-probe/outputs/3090/probe.json,0.5407943725585938,mixer-probe-s123-r1,forward/logits,no-dropout,0
,,,3090,,,256,,,64,,dd6b242d9117d4bf9ab31c0bab1fcd7e8390c680973d6e726681cf9f88433a5f,,zoology/experiments/flash_vqg/scripts/20260628-03-flash-vqg-mixer-divergence-probe/outputs/3090/probe.json,,mixer-probe-s123-r1,forward/preds,no-dropout,0
float,8.908419609069824,,3090,8.908419609069824,8.908419609069824,256,8.908419609069824,1,64,[8.908419609069824],8.90841960907,[],zoology/experiments/flash_vqg/scripts/20260628-03-flash-vqg-mixer-divergence-probe/outputs/3090/probe.json,0,mixer-probe-s123-r1,forward/loss,no-dropout,0
torch.float32,511.9835510253906,1,3090,1.7200772762298584,0.007989877834916115,520,-1.5645753145217896,2097152,130,"[-0.0820586308836937,-0.37847936153411865,0.03566737100481987,0.12249308079481125,0.6127175092697144,0.45441967248916626,0.08235678821802139,-0.17235635221004486]",5bc61c0fa857ccdec4f5ca13bf46d71874184f32bde8d08bd41222b8a735f11a,"[64,2,256,64]",zoology/experiments/flash_vqg/scripts/20260628-03-flash-vqg-mixer-divergence-probe/outputs/3090/probe.json,0.35346224904060364,mixer-probe-s123-r1,phase1/q_all,no-dropout,0
torch.float32,511.9932556152344,1,3090,1.1238563060760498,0.02790624089539051,520,-0.9936966300010681,2097152,130,"[0.47210782766342163,-0.2819593846797943,-0.34620463848114014,-0.023717347532510757,0.47960254549980164,-0.38854849338531494,-0.10745763778686523,-0.31455352902412415]",792cc87362250b5ab4bb61dddbd6becd10a01c5e9dd1ffa5aec1d15d74108775,"[64,2,256,64]",zoology/experiments/flash_vqg/scripts/20260628-03-flash-vqg-mixer-divergence-probe/outputs/3090/probe.json,0.35245028138160706,mixer-probe-s123-r1,phase1/k_all,no-dropout,0
torch.float32,264.72509765625,1,3090,1.286049246788025,0.02682405337691307,520,-0.27846455574035645,2097152,130,"[0.018664410337805748,-0.005621255375444889,0.013408179394900799,-0.03860566020011902,-0.021897800266742706,0.040602169930934906,0.042727354913949966,0.003932398743927479]",72c79f50dac7e6f7b61d633500267db8650f69b0a2d59bee2c485f80e6ca67af,"[64,2,256,64]",zoology/experiments/flash_vqg/scripts/20260628-03-flash-vqg-mixer-divergence-probe/outputs/3090/probe.json,0.18082933127880096,mixer-probe-s123-r1,phase1/v_all,no-dropout,0
torch.float32,5355.921875,1,3090,10.751416206359863,1.9076436758041382,520,-4.028585910797119,2097152,130,"[-0.2261687070131302,1.0635439157485962,-0.19028528034687042,-0.7401096224784851,3.667603015899658,2.294100761413574,-1.14169180393219,0.39122021198272705]",bae286e554df53e54109e5d27990be8260cdc010f52a598d93f70b5c85698d4c,"[64,2,256,64]",zoology/experiments/flash_vqg/scripts/20260628-03-flash-vqg-mixer-divergence-probe/outputs/3090/probe.json,3.1688156127929688,mixer-probe-s123-r1,phase1/g_raw_all,no-dropout,0
torch.float32,482.0865783691406,1,3090,0.6976605653762817,0.02609620802104473,520,-0.780093252658844,2097152,130,"[0.41521206498146057,-0.26791203022003174,-0.3210373520851135,-0.018071984872221947,0.4101153016090393,-0.37325119972229004,-0.1113646924495697,-0.27104559540748596]",27f4cb07a2cfdb6b135375a7c68451cc86735568b9ca58c06041ca8cc06eb429,"[64,2,256,64]",zoology/experiments/flash_vqg/scripts/20260628-03-flash-vqg-mixer-divergence-probe/outputs/3090/probe.json,0.3318842053413391,mixer-probe-s123-r1,phase1/K_q_all,no-dropout,0
torch.int32,3731.809326171875,1,3090,29.0,16.0,520,3.0,32768,130,"[29,29,29,29,29,29,29,29]",4f08f5924b44fa26e5f79e9d1ade817976b8db1516a66e6320d1d0f6bf884a8d,"[64,2,256]",zoology/experiments/flash_vqg/scripts/20260628-03-flash-vqg-mixer-divergence-probe/outputs/3090/probe.json,13.0,mixer-probe-s123-r1,phase1/Delta_all,no-dropout,0
torch.float32,130.4470672607422,1,3090,0.7390744686126709,0.015625,520,0.0006139663746580482,2097152,130,"[0.0019851154647767544,0.0026058738585561514,0.0011207589413970709,0.002644108608365059,0.002768449019640684,0.0022850914392620325,0.004830096382647753,0.0013838292798027396]",ad6ac478919b67662d9855a4d3b3bb117b886f72ba8243dc01a80a391238cf37,"[64,2,256,64]",zoology/experiments/flash_vqg/scripts/20260628-03-flash-vqg-mixer-divergence-probe/outputs/3090/probe.json,0.08872956782579422,mixer-probe-s123-r1,phase1/W_all,no-dropout,0
torch.float32,0.2816559672355652,1,3090,-6.006552212056704e-06,-0.0005869762389920652,520,-0.03533349931240082,32768,130,"[-0.0014145817840471864,-3.123952410533093e-05,-0.0018371050246059895,-3.261408710386604e-05,-0.00028505740920081735,-2.1899524654145353e-05,-0.0005526536842808127,-2.2064892618800513e-05]",d9c93c62a6d9fbdc93edba0147d0901dc39996f3f390741e596e3d5335fb76ca,"[64,2,256]",zoology/experiments/flash_vqg/scripts/20260628-03-flash-vqg-mixer-divergence-probe/outputs/3090/probe.json,0.0014409800060093403,mixer-probe-s123-r1,state_build/logf_all,no-dropout,0
torch.float32,43.63490676879883,1,3090,0.5563749074935913,0.21473151445388794,520,0.05629769712686539,32768,130,"[0.39101243019104004,0.21530689299106598,0.31489717960357666,0.18077543377876282,0.30815890431404114,0.17005066573619843,0.3586506247520447,0.1892886757850647]",23a3326747d00e1cd94fc1ec3a6f4da5065f5f0c104f02c34ace1d6f288fc815,"[64,2,256]",zoology/experiments/flash_vqg/scripts/20260628-03-flash-vqg-mixer-divergence-probe/outputs/3090/probe.json,0.10952626913785934,mixer-probe-s123-r1,state_build/beta_all,no-dropout,0
torch.float32,3788.491455078125,1,3090,71.75621032714844,0.0453425794839859,520,-32.80485916137695,4194304,130,"[0.0,0.0,0.0,0.0,0.0,0.0,0.0,0.0]",82e32cd4b8500068f6a361e77bf28b27fd6b09b11f2ba3979ce6c83cbbfac239,"[64,2,8,64,64]",zoology/experiments/flash_vqg/scripts/20260628-03-flash-vqg-mixer-divergence-probe/outputs/3090/probe.json,1.8500007390975952,mixer-probe-s123-r1,state_build/G_state,no-dropout,0
torch.float32,2931.1796875,1,3090,157.5100555419922,1.6701276302337646,520,0.0,65536,130,"[0.0,0.0,0.0,0.0,0.0,0.0,0.0,0.0]",7734fcda79d09a17fb343b6d38d3a421656875e05914bf0bd65ea29736e17a88,"[64,2,8,64]",zoology/experiments/flash_vqg/scripts/20260628-03-flash-vqg-mixer-divergence-probe/outputs/3090/probe.json,11.327508926391602,mixer-probe-s123-r1,state_build/L_state,no-dropout,0
torch.float32,22.56360626220703,1,3090,0.2915600538253784,1.184114125862834e-06,520,-0.30612504482269287,67108864,130,"[0.0,0.0,0.0,0.0,0.0,0.0,0.0,0.0]",58a9d7faa5013acdaaeb41ae43212635eab3c68ee347028b78066a074595e0dc,"[64,2,8,64,64,16]",zoology/experiments/flash_vqg/scripts/20260628-03-flash-vqg-mixer-divergence-probe/outputs/3090/probe.json,0.002755428897216916,mixer-probe-s123-r1,state_build/M_state,no-dropout,0
torch.float32,inf,1,3090,10.139662742614746,-2.4999998487240062e+29,520,-1.0000000150474662e+30,2097152,130,"[-1.0000000150474662e+30,-1.0000000150474662e+30,-1.0000000150474662e+30,-1.0000000150474662e+30,-1.0000000150474662e+30,-1.0000000150474662e+30,-1.0000000150474662e+30,-1.0000000150474662e+30]",56fea336eb81b50b5585999680ad5de912f83790eba5a34abf5b5e267424ef4c,"[64,2,8,32,64]",zoology/experiments/flash_vqg/scripts/20260628-03-flash-vqg-mixer-divergence-probe/outputs/3090/probe.json,4.330127100591811e+29,mixer-probe-s123-r1,phase2/S_far,no-dropout,0
torch.float32,238.52572631835938,1,3090,0.8401250839233398,0.027862979099154472,520,-0.27846401929855347,2097152,130,"[0.018664410337805748,-0.005621255375444889,0.013408179394900799,-0.03860566020011902,-0.021897800266742706,0.040602169930934906,0.042727354913949966,0.003932398743927479]",9cb57b4e77a82f484f99883aeba934ef0876e2446cc2a5533778633312192a5b,"[64,2,8,32,64]",zoology/experiments/flash_vqg/scripts/20260628-03-flash-vqg-mixer-divergence-probe/outputs/3090/probe.json,0.1623406559228897,mixer-probe-s123-r1,phase2/O_base,no-dropout,0
torch.int64,5404.67578125,1,3090,63.0,17.053421020507812,520,0.0,65536,130,"[1,0,1,0,1,0,1,0]",5c48c920400c065ecbfa5fdf8f5c978649aab804c82c0a93025a66ad2b2608ac,"[64,2,8,32,2]",zoology/experiments/flash_vqg/scripts/20260628-03-flash-vqg-mixer-divergence-probe/outputs/3090/probe.json,12.44580078125,mixer-probe-s123-r1,phase2_read/top_idx,no-dropout,0
torch.float32,inf,1,3090,10.139662742614746,-2.5000000376186655e+29,520,-1.0000000150474662e+30,65536,130,"[-1.0000000150474662e+30,-1.0000000150474662e+30,-1.0000000150474662e+30,-1.0000000150474662e+30,-1.0000000150474662e+30,-1.0000000150474662e+30,-1.0000000150474662e+30,-1.0000000150474662e+30]",593a0f347b912056ffa47719a9f917c9c7ae1353aa66a0deea61b3021e580cc9,"[64,2,8,32,2]",zoology/experiments/flash_vqg/scripts/20260628-03-flash-vqg-mixer-divergence-probe/outputs/3090/probe.json,4.330127100591811e+29,mixer-probe-s123-r1,phase2_read/top_scores,no-dropout,0
torch.float32,49.579673767089844,1,3090,0.9899791479110718,0.13745318353176117,520,0.0,65536,130,"[0.0,0.0,0.0,0.0,0.0,0.0,0.0,0.0]",84a419be94f1bbcdde68b40aac3deab778703108e5f4a3a90416d1b31e00ca59,"[64,2,8,32,2]",zoology/experiments/flash_vqg/scripts/20260628-03-flash-vqg-mixer-divergence-probe/outputs/3090/probe.json,0.13643650710582733,mixer-probe-s123-r1,phase2_read/top_probs,no-dropout,0
torch.float32,40.62313461303711,1,3090,0.8964818716049194,0.11723168194293976,520,0.0,65536,130,"[0.0,0.0,0.0,0.0,0.0,0.0,0.0,0.0]",1891dc041fb7526d25cd501b2c40443251ecb55875a2326c5b4a6432e72af602,"[64,2,8,32,2]",zoology/experiments/flash_vqg/scripts/20260628-03-flash-vqg-mixer-divergence-probe/outputs/3090/probe.json,0.10694573074579239,mixer-probe-s123-r1,phase2_read/omega_sel,no-dropout,0
torch.float32,53.75385665893555,1,3090,0.9014264941215515,0.23446336388587952,520,0.0,32768,130,"[0.0,0.0,0.0,0.0,0.0,0.0,0.0,0.0]",377004e3745d739d869a2a6cc5d791d7f4c2c798623bf0ff60c00a752305908e,"[64,2,8,32]",zoology/experiments/flash_vqg/scripts/20260628-03-flash-vqg-mixer-divergence-probe/outputs/3090/probe.json,0.18222731351852417,mixer-probe-s123-r1,phase2_read/read_selected_mass,no-dropout,0
torch.float32,13.589676856994629,1,3090,0.26390084624290466,7.337951683439314e-05,520,-0.23098716139793396,2097152,130,"[0.0,0.0,0.0,0.0,0.0,0.0,0.0,0.0]",ad717e1ad588e5fdf9e3637329b3db6d7fc8f583296446c6017f02413802bdcd,"[64,2,8,32,64]",zoology/experiments/flash_vqg/scripts/20260628-03-flash-vqg-mixer-divergence-probe/outputs/3090/probe.json,0.009384630247950554,mixer-probe-s123-r1,phase2_read/u_res,no-dropout,0
torch.float32,2.4174978733062744,1,3090,0.10636838525533676,-2.7468757252790965e-05,520,-0.1080993264913559,2097152,130,"[0.0,0.0,0.0,0.0,0.0,0.0,0.0,0.0]",a030c1459250c78e9c04f676a5afb68e0db3da5075f422d8233a44c4c58fc755,"[64,2,8,32,64]",zoology/experiments/flash_vqg/scripts/20260628-03-flash-vqg-mixer-divergence-probe/outputs/3090/probe.json,0.0016693200450390577,mixer-probe-s123-r1,phase2/O_res_added,no-dropout,0
torch.float32,238.43629455566406,1,3090,0.8401250839233398,0.027835514396429062,520,-0.27846401929855347,2097152,130,"[0.018664410337805748,-0.005621255375444889,0.013408179394900799,-0.03860566020011902,-0.021897800266742706,0.040602169930934906,0.042727354913949966,0.003932398743927479]",4d3ed17ff3f1fe45d1c006c18dce84781d7bcfa4c9876bc7e4c7efe0514e6b49,"[64,2,8,32,64]",zoology/experiments/flash_vqg/scripts/20260628-03-flash-vqg-mixer-divergence-probe/outputs/3090/probe.json,0.1622828096151352,mixer-probe-s123-r1,phase2/Out_f32,no-dropout,0
torch.float32,238.43629455566406,1,3090,0.8401250839233398,0.027835514396429062,520,-0.27846401929855347,2097152,130,"[0.018664410337805748,-0.005621255375444889,0.013408179394900799,-0.03860566020011902,-0.021897800266742706,0.040602169930934906,0.042727354913949966,0.003932398743927479]",2c654b98234775833c035bd02e0764e94d919c984ebf56ad3528cec4f2167004,"[64,2,256,64]",zoology/experiments/flash_vqg/scripts/20260628-03-flash-vqg-mixer-divergence-probe/outputs/3090/probe.json,0.1622828096151352,mixer-probe-s123-r1,output_proj/O_heads,no-dropout,0
torch.float32,8373.7939453125,1,3090,53.859188079833984,1.074305772781372,520,-29.409467697143555,2097152,130,"[-0.04338247701525688,-0.10373594611883163,-0.025402283295989037,0.2138689160346985,-1.9681380987167358,2.107727289199829,-0.2881607115268707,0.022552400827407837]",f69c6a16e035c3519d30428c6aecd6363779ced5289105a394d8df890dcd5656,"[64,2,256,64]",zoology/experiments/flash_vqg/scripts/20260628-03-flash-vqg-mixer-divergence-probe/outputs/3090/probe.json,5.6823906898498535,mixer-probe-s123-r1,output_proj/o_heads,no-dropout,0
torch.float32,26998.671875,1,3090,53.4044075012207,-0.45127248764038086,520,-45.58522033691406,2097152,130,"[5.357844352722168,-7.902317047119141,3.724484443664551,-5.169203281402588,6.2205047607421875,6.314236164093018,5.408629894256592,-9.548798561096191]",231d93102e473d36e1934c185d987435821fed2f914a40e7fe74dc4ae39c502c,"[64,256,128]",zoology/experiments/flash_vqg/scripts/20260628-03-flash-vqg-mixer-divergence-probe/outputs/3090/probe.json,18.63863182067871,mixer-probe-s123-r1,output_proj/res,no-dropout,0
torch.float32,17950.759765625,,3090,3.3421790599823,0.8864864110946655,520,-1.6691465377807617,134217728,130,"[-1.5002652406692505,-0.15552282333374023,-0.4945661127567291,-0.379540354013443,-0.40710172057151794,-0.42653486132621765,-0.3589935004711151,-0.35085758566856384]",b00491a848eef757bed20b768586e705b8b35eae76bdd523fa440b72e5881bf5,"[64,256,8192]",zoology/experiments/flash_vqg/scripts/20260628-03-flash-vqg-mixer-divergence-probe/outputs/3090/probe.json,1.3000870943069458,mixer-probe-s123-r1,forward/logits,no-dropout,0
,,,3090,,,520,,,130,,a3ad78d816f1ace1d88aca302a192d40fe4324046097fa4861c494f90403ecfa,,zoology/experiments/flash_vqg/scripts/20260628-03-flash-vqg-mixer-divergence-probe/outputs/3090/probe.json,,mixer-probe-s123-r1,forward/preds,no-dropout,0
float,8.458297729492188,,3090,8.458297729492188,8.458297729492188,520,8.458297729492188,1,130,[8.458297729492188],8.45829772949,[],zoology/experiments/flash_vqg/scripts/20260628-03-flash-vqg-mixer-divergence-probe/outputs/3090/probe.json,0,mixer-probe-s123-r1,forward/loss,no-dropout,0
torch.float32,511.985595703125,1,3090,1.5614712238311768,0.008625758811831474,812,-1.3382859230041504,2097152,203,"[-0.28420910239219666,-0.20106427371501923,0.4801948368549347,0.39127257466316223,0.1881217360496521,0.04869786277413368,0.35894519090652466,0.0672941729426384]",21fa26a3d67cb0004d1e476c91d2e13db9ee31ef8f02a4dc2ca49d61db968da2,"[64,2,256,64]",zoology/experiments/flash_vqg/scripts/20260628-03-flash-vqg-mixer-divergence-probe/outputs/3090/probe.json,0.35344770550727844,mixer-probe-s123-r1,phase1/q_all,no-dropout,0
torch.float32,511.99578857421875,1,3090,0.8995970487594604,0.027776194736361504,812,-0.9989198446273804,2097152,203,"[0.45725858211517334,-0.26713499426841736,-0.3666701912879944,-0.032106440514326096,0.42737531661987305,-0.397489994764328,-0.1185237243771553,-0.2804471552371979]",43b1070e2c1c54317e1aaba4570dfb6f5fe6eb96087a4dc29ee2a8465d716459,"[64,2,256,64]",zoology/experiments/flash_vqg/scripts/20260628-03-flash-vqg-mixer-divergence-probe/outputs/3090/probe.json,0.3524605631828308,mixer-probe-s123-r1,phase1/k_all,no-dropout,0
torch.float32,372.9236755371094,1,3090,1.5105218887329102,0.04535726457834244,812,-0.27846455574035645,2097152,203,"[-0.000673966424074024,-0.006070563569664955,0.001307167112827301,-0.002981561701744795,-0.003349611070007086,-0.012314900755882263,0.0032672123052179813,-0.000312995893182233]",f2ebddb2ec5092e9871a53e7be93a97a3e330ffccf2775df1d380663f4442207,"[64,2,256,64]",zoology/experiments/flash_vqg/scripts/20260628-03-flash-vqg-mixer-divergence-probe/outputs/3090/probe.json,0.2535090744495392,mixer-probe-s123-r1,phase1/v_all,no-dropout,0
torch.float32,6181.1865234375,1,3090,13.16484546661377,2.4044487476348877,812,-3.931257724761963,2097152,203,"[-0.05473710969090462,1.850062370300293,-0.2829664945602417,-1.0725038051605225,4.14709997177124,5.002933025360107,-1.2025163173675537,-0.09025280922651291]",5f545442f52bf1a53f816f2146269a433c557e2ed0bfebad5460ab5c5a659249,"[64,2,256,64]",zoology/experiments/flash_vqg/scripts/20260628-03-flash-vqg-mixer-divergence-probe/outputs/3090/probe.json,3.526912212371826,mixer-probe-s123-r1,phase1/g_raw_all,no-dropout,0
torch.float32,508.13275146484375,1,3090,0.7230543494224548,0.027519917115569115,812,-0.810483992099762,2097152,203,"[0.43951040506362915,-0.28456905484199524,-0.34618043899536133,-0.03597961738705635,0.42833033204078674,-0.39626815915107727,-0.12087089568376541,-0.2857089042663574]",e4329acfde5a2e8025cc5618406f05e50d5745cdcbe40b05a466ea1d1f3cd687,"[64,2,256,64]",zoology/experiments/flash_vqg/scripts/20260628-03-flash-vqg-mixer-divergence-probe/outputs/3090/probe.json,0.3498011827468872,mixer-probe-s123-r1,phase1/K_q_all,no-dropout,0
torch.int32,3732.12841796875,1,3090,47.0,16.001434326171875,812,3.0,32768,203,"[29,29,29,29,29,29,29,29]",0d4fdd85022dc3d6481edbffb7d9af7564ed6c3febca4bd2c24eebdc74ff969a,"[64,2,256]",zoology/experiments/flash_vqg/scripts/20260628-03-flash-vqg-mixer-divergence-probe/outputs/3090/probe.json,13.001031875610352,mixer-probe-s123-r1,phase1/Delta_all,no-dropout,0
torch.float32,136.50111389160156,1,3090,0.7700463533401489,0.015625,812,6.200013740453869e-05,2097152,203,"[0.0017876356141641736,0.0021390088368207216,0.0009674738976173103,0.0023712958209216595,0.002493416192010045,0.001850517001003027,0.004446232691407204,0.0011380200739949942]",ed4240bfebc6c1cf786ca7ed0f8493483300470aa763db7c9e1607bc1aacbcdf,"[64,2,256,64]",zoology/experiments/flash_vqg/scripts/20260628-03-flash-vqg-mixer-divergence-probe/outputs/3090/probe.json,0.09297625720500946,mixer-probe-s123-r1,phase1/W_all,no-dropout,0
torch.float32,0.26763561367988586,1,3090,-1.6698827494110446e-06,-0.0001912435982376337,812,-0.08708970248699188,32768,203,"[-0.00017949377070181072,-6.917095561220776e-06,-7.209695468191057e-05,-9.10838571144268e-06,-0.0002770650025922805,-9.747826879902277e-06,-6.460364966187626e-05,-7.709724741289392e-06]",19fd795f1266ba1f468f51d19c1ed23df681103f90b0f48b63d4cd0e69c8a83d,"[64,2,256]",zoology/experiments/flash_vqg/scripts/20260628-03-flash-vqg-mixer-divergence-probe/outputs/3090/probe.json,0.0014660737942904234,mixer-probe-s123-r1,state_build/logf_all,no-dropout,0
torch.float32,54.244911193847656,1,3090,0.6757230162620544,0.2532193660736084,812,0.042038463056087494,32768,203,"[0.5346622467041016,0.22720643877983093,0.40541955828666687,0.27388980984687805,0.5582625269889832,0.2585000991821289,0.46380627155303955,0.2593138813972473]",ace1c05c1d9297f0c4f49c9cb0d125f2e23acfbf50d4cbbeaa3e35a795501e17,"[64,2,256]",zoology/experiments/flash_vqg/scripts/20260628-03-flash-vqg-mixer-divergence-probe/outputs/3090/probe.json,0.16024433076381683,mixer-probe-s123-r1,state_build/beta_all,no-dropout,0
torch.float32,5869.09375,1,3090,116.92913055419922,0.0796087235212326,812,-43.802764892578125,4194304,203,"[0.0,0.0,0.0,0.0,0.0,0.0,0.0,0.0]",742057c99a428549dcec845aaf53f6075d6fdda72e44abd8c7fe93cac41e7b37,"[64,2,8,64,64]",zoology/experiments/flash_vqg/scripts/20260628-03-flash-vqg-mixer-divergence-probe/outputs/3090/probe.json,2.865372657775879,mixer-probe-s123-r1,state_build/G_state,no-dropout,0
torch.float32,3176.34326171875,1,3090,169.24929809570312,1.7233284711837769,812,0.0,65536,203,"[0.0,0.0,0.0,0.0,0.0,0.0,0.0,0.0]",3c0bc8abc575792c690d4d859de4763cf67994a5bb54de7c15c8681d66fc26a5,"[64,2,8,64]",zoology/experiments/flash_vqg/scripts/20260628-03-flash-vqg-mixer-divergence-probe/outputs/3090/probe.json,12.287455558776855,mixer-probe-s123-r1,state_build/L_state,no-dropout,0
torch.float32,30.263626098632812,1,3090,0.361670583486557,-1.7361725213049795e-07,812,-0.5218072533607483,67108864,203,"[0.0,0.0,0.0,0.0,0.0,0.0,0.0,0.0]",1c4ea901e5bec0dffc2067fafecc66e558b354423eacfdec3dce5a4a6b8f25c3,"[64,2,8,64,64,16]",zoology/experiments/flash_vqg/scripts/20260628-03-flash-vqg-mixer-divergence-probe/outputs/3090/probe.json,0.0036955249961465597,mixer-probe-s123-r1,state_build/M_state,no-dropout,0
torch.float32,inf,1,3090,11.58619213104248,-2.4999998487240062e+29,812,-1.0000000150474662e+30,2097152,203,"[-1.0000000150474662e+30,-1.0000000150474662e+30,-1.0000000150474662e+30,-1.0000000150474662e+30,-1.0000000150474662e+30,-1.0000000150474662e+30,-1.0000000150474662e+30,-1.0000000150474662e+30]",b3ae7337beb0bc6d9ded41c3ed960c02d8758b84b5244411a621301f4783f3c7,"[64,2,8,32,64]",zoology/experiments/flash_vqg/scripts/20260628-03-flash-vqg-mixer-divergence-probe/outputs/3090/probe.json,4.330127100591811e+29,mixer-probe-s123-r1,phase2/S_far,no-dropout,0
torch.float32,344.7956237792969,1,3090,0.9545264840126038,0.048281412571668625,812,-0.27518680691719055,2097152,203,"[-0.000673966424074024,-0.006070563569664955,0.001307167112827301,-0.002981561701744795,-0.003349611070007086,-0.012314900755882263,0.0032672123052179813,-0.000312995893182233]",bec9a57818405e25752300c3f7e79780c5f229ff2ac68dbb05573464517a6b0b,"[64,2,8,32,64]",zoology/experiments/flash_vqg/scripts/20260628-03-flash-vqg-mixer-divergence-probe/outputs/3090/probe.json,0.2331724613904953,mixer-probe-s123-r1,phase2/O_base,no-dropout,0
torch.int64,5739.236328125,1,3090,60.0,18.544403076171875,812,0.0,65536,203,"[1,0,1,0,1,0,1,0]",30226ef8520539c440f2c1accbf3b3c3d657d46a2b14de98a5634f8fc051ae88,"[64,2,8,32,2]",zoology/experiments/flash_vqg/scripts/20260628-03-flash-vqg-mixer-divergence-probe/outputs/3090/probe.json,12.598087310791016,mixer-probe-s123-r1,phase2_read/top_idx,no-dropout,0
torch.float32,inf,1,3090,11.58619213104248,-2.5000000376186655e+29,812,-1.0000000150474662e+30,65536,203,"[-1.0000000150474662e+30,-1.0000000150474662e+30,-1.0000000150474662e+30,-1.0000000150474662e+30,-1.0000000150474662e+30,-1.0000000150474662e+30,-1.0000000150474662e+30,-1.0000000150474662e+30]",e22c56ec84c4beadeae4be9ed4ed42699917cc6b58311876736d317e108ae5ec,"[64,2,8,32,2]",zoology/experiments/flash_vqg/scripts/20260628-03-flash-vqg-mixer-divergence-probe/outputs/3090/probe.json,4.330127100591811e+29,mixer-probe-s123-r1,phase2_read/top_scores,no-dropout,0
torch.float32,63.71763610839844,1,3090,0.9993790984153748,0.16977909207344055,812,0.0,65536,203,"[0.0,0.0,0.0,0.0,0.0,0.0,0.0,0.0]",f95b41bd06957e2051809fbf97045ad70178fa92bbe09187060eb5d39db4cd5a,"[64,2,8,32,2]",zoology/experiments/flash_vqg/scripts/20260628-03-flash-vqg-mixer-divergence-probe/outputs/3090/probe.json,0.18200227618217468,mixer-probe-s123-r1,phase2_read/top_probs,no-dropout,0
torch.float32,51.74226760864258,1,3090,0.9399358630180359,0.1421968936920166,812,0.0,65536,203,"[0.0,0.0,0.0,0.0,0.0,0.0,0.0,0.0]",2d1575de20690580f172c4d99fe75664e13458078d41c47112144f4736dc50c7,"[64,2,8,32,2]",zoology/experiments/flash_vqg/scripts/20260628-03-flash-vqg-mixer-divergence-probe/outputs/3090/probe.json,0.14363788068294525,mixer-probe-s123-r1,phase2_read/omega_sel,no-dropout,0
torch.float32,68.18375396728516,1,3090,0.9400628805160522,0.2843937873840332,812,0.0,32768,203,"[0.0,0.0,0.0,0.0,0.0,0.0,0.0,0.0]",1d16a24324c50a780215ce1f41b8546d240cc77f9161bee2fd6c5c2f2a19774f,"[64,2,8,32]",zoology/experiments/flash_vqg/scripts/20260628-03-flash-vqg-mixer-divergence-probe/outputs/3090/probe.json,0.2469760626554489,mixer-probe-s123-r1,phase2_read/read_selected_mass,no-dropout,0
torch.float32,22.322551727294922,1,3090,0.4391639530658722,2.6919751690002158e-05,812,-0.36687615513801575,2097152,203,"[0.0,0.0,0.0,0.0,0.0,0.0,0.0,0.0]",dd5c0852ef618d0c6afc7ad5ea44fc45b313f1ef3f13bd8ca7d282a8edd5244f,"[64,2,8,32,64]",zoology/experiments/flash_vqg/scripts/20260628-03-flash-vqg-mixer-divergence-probe/outputs/3090/probe.json,0.015415041707456112,mixer-probe-s123-r1,phase2_read/u_res,no-dropout,0
torch.float32,3.9384615421295166,1,3090,0.7215130925178528,-1.8589169030747144e-06,812,-0.9829762578010559,2097152,203,"[0.0,0.0,0.0,0.0,0.0,0.0,0.0,0.0]",9c300c07bae637c1dcf9eb20066b16d720130a9745679a1ec8b9c5ea2ac95c28,"[64,2,8,32,64]",zoology/experiments/flash_vqg/scripts/20260628-03-flash-vqg-mixer-divergence-probe/outputs/3090/probe.json,0.002719831420108676,mixer-probe-s123-r1,phase2/O_res_added,no-dropout,0
torch.float32,344.80145263671875,1,3090,1.2644298076629639,0.04827955365180969,812,-0.5004311800003052,2097152,203,"[-0.000673966424074024,-0.006070563569664955,0.001307167112827301,-0.002981561701744795,-0.003349611070007086,-0.012314900755882263,0.0032672123052179813,-0.000312995893182233]",8122333ebf1c61ba85555830102cc49c4de29b15bd83162aeaec67adc7932b5a,"[64,2,8,32,64]",zoology/experiments/flash_vqg/scripts/20260628-03-flash-vqg-mixer-divergence-probe/outputs/3090/probe.json,0.23317675292491913,mixer-probe-s123-r1,phase2/Out_f32,no-dropout,0
torch.float32,344.80145263671875,1,3090,1.2644298076629639,0.04827955365180969,812,-0.5004311800003052,2097152,203,"[-0.000673966424074024,-0.006070563569664955,0.001307167112827301,-0.002981561701744795,-0.003349611070007086,-0.012314900755882263,0.0032672123052179813,-0.000312995893182233]",841cfe41490a7acfb6e6e6ce9e84318079f2a737a0b2401880416df37b481227,"[64,2,256,64]",zoology/experiments/flash_vqg/scripts/20260628-03-flash-vqg-mixer-divergence-probe/outputs/3090/probe.json,0.23317675292491913,mixer-probe-s123-r1,output_proj/O_heads,no-dropout,0
torch.float32,10320.7294921875,1,3090,59.14453125,1.7962088584899902,812,-40.596343994140625,2097152,203,"[0.0012635844759643078,-0.6971948146820068,-0.01014697179198265,0.0545685738325119,-0.9890410304069519,-4.568498134613037,-0.06844321638345718,0.0009614716982468963]",6d785adcfc32cc52136caffc4d12d1297f150c9f206995496e717fdb2425e030,"[64,2,256,64]",zoology/experiments/flash_vqg/scripts/20260628-03-flash-vqg-mixer-divergence-probe/outputs/3090/probe.json,6.89720344543457,mixer-probe-s123-r1,output_proj/o_heads,no-dropout,0
torch.float32,30060.435546875,1,3090,70.15872955322266,-0.6004025936126709,812,-53.64235305786133,2097152,203,"[5.919939994812012,-9.75924015045166,0.408277302980423,-2.2644243240356445,8.5199556350708,4.900325775146484,6.095633029937744,-12.952463150024414]",c4b94b0d8cba613abc9b703f1b3f318b28cc02efbf73bb863cce442477163822,"[64,256,128]",zoology/experiments/flash_vqg/scripts/20260628-03-flash-vqg-mixer-divergence-probe/outputs/3090/probe.json,20.750648498535156,mixer-probe-s123-r1,output_proj/res,no-dropout,0
torch.float32,21071.27734375,,3090,3.966099739074707,0.7365294694900513,812,-2.444268226623535,134217728,203,"[-2.0658528804779053,-0.7862650156021118,-0.859867513179779,-0.6988884210586548,-0.729930579662323,-1.1255905628204346,-1.05769681930542,-1.0850069522857666]",960dfef8fc08fb4ddbbfe1fa9d2e8d631d03321b94f8df8f2f1037bd6b2a95e5,"[64,256,8192]",zoology/experiments/flash_vqg/scripts/20260628-03-flash-vqg-mixer-divergence-probe/outputs/3090/probe.json,1.7277324199676514,mixer-probe-s123-r1,forward/logits,no-dropout,0
,,,3090,,,812,,,203,,3c5d48095119ed94bc8f63769521fec59a73d7887288b87c39c2d294c3ca7e3b,,zoology/experiments/flash_vqg/scripts/20260628-03-flash-vqg-mixer-divergence-probe/outputs/3090/probe.json,,mixer-probe-s123-r1,forward/preds,no-dropout,0
float,8.406379699707031,,3090,8.406379699707031,8.406379699707031,812,8.406379699707031,1,203,[8.406379699707031],8.40637969971,[],zoology/experiments/flash_vqg/scripts/20260628-03-flash-vqg-mixer-divergence-probe/outputs/3090/probe.json,0,mixer-probe-s123-r1,forward/loss,no-dropout,0
torch.float32,511.9857177734375,1,3090,1.3914200067520142,-0.010393871925771236,1408,-1.5277018547058105,2097152,352,"[-0.3449987471103668,0.40465280413627625,0.13749559223651886,-0.04921072721481323,0.44345325231552124,-0.18456949293613434,-0.12573787569999695,0.3153485953807831]",55cf3aee69cc42ee8e3b13274474e8db28bc119d5000e4f3dde6c1988d3b912e,"[64,2,256,64]",zoology/experiments/flash_vqg/scripts/20260628-03-flash-vqg-mixer-divergence-probe/outputs/3090/probe.json,0.35340002179145813,mixer-probe-s123-r1,phase1/q_all,no-dropout,0
torch.float32,511.99346923828125,1,3090,1.0217894315719604,0.02727542072534561,1408,-1.0758416652679443,2097152,352,"[0.5083209276199341,-0.18595951795578003,-0.3220367431640625,-0.09123934805393219,0.3840765655040741,-0.32909804582595825,-0.09268882870674133,-0.30660268664360046]",892eda4fd893365fe60b07e10d0e1f9955ed919fa348aabe9e532b369f9c7405,"[64,2,256,64]",zoology/experiments/flash_vqg/scripts/20260628-03-flash-vqg-mixer-divergence-probe/outputs/3090/probe.json,0.35249951481819153,mixer-probe-s123-r1,phase1/k_all,no-dropout,0
torch.float32,550.9407348632812,1,3090,4.979227066040039,0.05542035028338432,1408,-0.27846458554267883,2097152,352,"[0.0004473137960303575,-0.0035447508562356234,0.0005017706425860524,0.00037671526661142707,-0.004332858137786388,-0.0025576928164809942,-0.0017564425943419337,-0.0008503457065671682]",0583c11c41d225f2451698adba3b9c9951424316cd3b2f795f6be602410f5633,"[64,2,256,64]",zoology/experiments/flash_vqg/scripts/20260628-03-flash-vqg-mixer-divergence-probe/outputs/3090/probe.json,0.3764207363128662,mixer-probe-s123-r1,phase1/v_all,no-dropout,0
torch.float32,9676.962890625,1,3090,20.358457565307617,4.352339267730713,1408,-4.457036018371582,2097152,352,"[-1.2966482639312744,13.840667724609375,-1.3928660154342651,-1.466430425643921,10.363851547241211,11.760236740112305,-1.5908722877502441,10.458370208740234]",bf35304c90b50f9d63760b15b0ffebc637d1d79389d4b8a41b2519754ba3f1d3,"[64,2,256,64]",zoology/experiments/flash_vqg/scripts/20260628-03-flash-vqg-mixer-divergence-probe/outputs/3090/probe.json,5.070811748504639,mixer-probe-s123-r1,phase1/g_raw_all,no-dropout,0
torch.float32,474.9472961425781,1,3090,0.7191950678825378,0.024949930608272552,1408,-0.8070913553237915,2097152,352,"[0.42086660861968994,-0.26311570405960083,-0.3289637863636017,-0.04542170464992523,0.40931954979896545,-0.37767526507377625,-0.12280432879924774,-0.2805595099925995]",c16e552282ea809c25717a008b50d18a43ad8f748451cc07da2841e88cb466b7,"[64,2,256,64]",zoology/experiments/flash_vqg/scripts/20260628-03-flash-vqg-mixer-divergence-probe/outputs/3090/probe.json,0.3270224928855896,mixer-probe-s123-r1,phase1/K_q_all,no-dropout,0
torch.int32,3753.22265625,1,3090,43.0,16.066436767578125,1408,3.0,32768,352,"[29,29,29,43,43,29,29,29]",3ea0bc17cf5e0fd9a8e871e2122cafb69d0f55328d425787a41296c5cfc9cc1d,"[64,2,256]",zoology/experiments/flash_vqg/scripts/20260628-03-flash-vqg-mixer-divergence-probe/outputs/3090/probe.json,13.105761528015137,mixer-probe-s123-r1,phase1/Delta_all,no-dropout,0
torch.float32,127.9291763305664,1,3090,0.7688494324684143,0.015625,1408,0.0006453311652876437,2097152,352,"[0.0021770342718809843,0.002505810000002384,0.0012552401749417186,0.0026785656809806824,0.0028473224956542253,0.0019088364206254482,0.004783145152032375,0.0013158735819160938]",f84b1e6c6ab6fb501ac707322c6b528381419f0e167d97a1c58e8ce9303aedfe,"[64,2,256,64]",zoology/experiments/flash_vqg/scripts/20260628-03-flash-vqg-mixer-divergence-probe/outputs/3090/probe.json,0.08696950227022171,mixer-probe-s123-r1,phase1/W_all,no-dropout,0
torch.float32,0.042261019349098206,1,3090,-1.3298420142859868e-09,-6.681258673779666e-05,1408,-0.008566392585635185,32768,352,"[-4.346563642343426e-08,-3.7104317016201094e-05,-4.527998669345834e-07,-0.00013162333925720304,-1.724070131103872e-08,-8.392214112973306e-06,-2.1966229724057484e-08,-9.63695583777735e-07]",a12ea3b9c9b9e9d978759675c1546ea1d1dc9e1904d3bb406f4ccaf19fa66065,"[64,2,256]",zoology/experiments/flash_vqg/scripts/20260628-03-flash-vqg-mixer-divergence-probe/outputs/3090/probe.json,0.0002236970904050395,mixer-probe-s123-r1,state_build/logf_all,no-dropout,0
torch.float32,22.468006134033203,1,3090,0.4474286139011383,0.10264267772436142,1408,0.011378980241715908,32768,352,"[0.020339597016572952,0.08847401291131973,0.04637545347213745,0.09528782218694687,0.033206019550561905,0.05066714063286781,0.03905107453465462,0.032161690294742584]",1ad1a5988fda16527ad2254a5d5ae67993e2e86c97040cadd7bc374d82f2d16a,"[64,2,256]",zoology/experiments/flash_vqg/scripts/20260628-03-flash-vqg-mixer-divergence-probe/outputs/3090/probe.json,0.06978613883256912,mixer-probe-s123-r1,state_build/beta_all,no-dropout,0
torch.float32,8492.7568359375,1,3090,532.2738037109375,0.11152548342943192,1408,-42.065128326416016,4194304,352,"[0.0,0.0,0.0,0.0,0.0,0.0,0.0,0.0]",5a8061392b663441269031acb4d34403045007cba0e88695b8744776a34130de,"[64,2,8,64,64]",zoology/experiments/flash_vqg/scripts/20260628-03-flash-vqg-mixer-divergence-probe/outputs/3090/probe.json,4.145908355712891,mixer-probe-s123-r1,state_build/G_state,no-dropout,0
torch.float32,2949.892578125,1,3090,166.7727508544922,1.7410287857055664,1408,0.0,65536,352,"[0.0,0.0,0.0,0.0,0.0,0.0,0.0,0.0]",57d33b2a007f098a9223920b20b19f270e754c5c5d67f3c935e211f25f5e53c2,"[64,2,8,64]",zoology/experiments/flash_vqg/scripts/20260628-03-flash-vqg-mixer-divergence-probe/outputs/3090/probe.json,11.39079475402832,mixer-probe-s123-r1,state_build/L_state,no-dropout,0
torch.float32,41.4124755859375,1,3090,0.9204341173171997,-3.904215191141702e-06,1408,-2.002155303955078,67108864,352,"[0.0,0.0,0.0,0.0,0.0,0.0,0.0,0.0]",a6c4cc448965e76a00ecc91f2db4068322d3f9bb47f1ee75c07de95a3bf5d712,"[64,2,8,64,64,16]",zoology/experiments/flash_vqg/scripts/20260628-03-flash-vqg-mixer-divergence-probe/outputs/3090/probe.json,0.005057385191321373,mixer-probe-s123-r1,state_build/M_state,no-dropout,0
torch.float32,inf,1,3090,13.418136596679688,-2.4999998487240062e+29,1408,-1.0000000150474662e+30,2097152,352,"[-1.0000000150474662e+30,-1.0000000150474662e+30,-1.0000000150474662e+30,-1.0000000150474662e+30,-1.0000000150474662e+30,-1.0000000150474662e+30,-1.0000000150474662e+30,-1.0000000150474662e+30]",1cbc0b35c6165c5a7095cc66dbb9016b485263a840385e9db7d7d9b8658385fb,"[64,2,8,32,64]",zoology/experiments/flash_vqg/scripts/20260628-03-flash-vqg-mixer-divergence-probe/outputs/3090/probe.json,4.330127100591811e+29,mixer-probe-s123-r1,phase2/S_far,no-dropout,0
torch.float32,481.7516174316406,1,3090,3.380903720855713,0.07491198927164078,1408,-0.27171093225479126,2097152,352,"[0.0004473137960303575,-0.0035447508562356234,0.0005017706425860524,0.00037671526661142707,-0.004332858137786388,-0.0025576928164809942,-0.0017564425943419337,-0.0008503457065671682]",e2947f40ae1b6f5ed5b392d1125f6aee2ae594b06fb6c03906d94154c0009aeb,"[64,2,8,32,64]",zoology/experiments/flash_vqg/scripts/20260628-03-flash-vqg-mixer-divergence-probe/outputs/3090/probe.json,0.324180543422699,mixer-probe-s123-r1,phase2/O_base,no-dropout,0
torch.int64,7623.38720703125,1,3090,60.0,23.851760864257812,1408,0.0,65536,352,"[1,0,1,0,1,0,1,0]",ae8c99b1e239090e634532780cbe76b0aa00bad85b2c58069842e9093f806042,"[64,2,8,32,2]",zoology/experiments/flash_vqg/scripts/20260628-03-flash-vqg-mixer-divergence-probe/outputs/3090/probe.json,17.829011917114258,mixer-probe-s123-r1,phase2_read/top_idx,no-dropout,0
torch.float32,inf,1,3090,13.418136596679688,-2.5000000376186655e+29,1408,-1.0000000150474662e+30,65536,352,"[-1.0000000150474662e+30,-1.0000000150474662e+30,-1.0000000150474662e+30,-1.0000000150474662e+30,-1.0000000150474662e+30,-1.0000000150474662e+30,-1.0000000150474662e+30,-1.0000000150474662e+30]",d879f9a930c03c06ac1770460e414d815b59900a45482b5bccc28b67615b3eea,"[64,2,8,32,2]",zoology/experiments/flash_vqg/scripts/20260628-03-flash-vqg-mixer-divergence-probe/outputs/3090/probe.json,4.330127100591811e+29,mixer-probe-s123-r1,phase2_read/top_scores,no-dropout,0
torch.float32,95.17809295654297,1,3090,0.9998358488082886,0.207973450422287,1408,0.0,65536,352,"[0.0,0.0,0.0,0.0,0.0,0.0,0.0,0.0]",09eda06dcbb1c025e43b7789e759323f0498fd38cbb4b97dd548eb75c24dbe06,"[64,2,8,32,2]",zoology/experiments/flash_vqg/scripts/20260628-03-flash-vqg-mixer-divergence-probe/outputs/3090/probe.json,0.30817922949790955,mixer-probe-s123-r1,phase2_read/top_probs,no-dropout,0
torch.float32,73.03980255126953,1,3090,0.978658139705658,0.16162315011024475,1408,0.0,65536,352,"[0.0,0.0,0.0,0.0,0.0,0.0,0.0,0.0]",ff2d587e53c85b264979309ea3b6ef35d640b44abeaada29d0096ad4657b91e4,"[64,2,8,32,2]",zoology/experiments/flash_vqg/scripts/20260628-03-flash-vqg-mixer-divergence-probe/outputs/3090/probe.json,0.23511849343776703,mixer-probe-s123-r1,phase2_read/omega_sel,no-dropout,0
torch.float32,78.90099334716797,1,3090,0.9787544012069702,0.3232463002204895,1408,0.0,32768,352,"[0.0,0.0,0.0,0.0,0.0,0.0,0.0,0.0]",dd2bbb30aae8960e3b9e9f1ade9652e8e4c499533b4719d4f1baeb8f349be85d,"[64,2,8,32]",zoology/experiments/flash_vqg/scripts/20260628-03-flash-vqg-mixer-divergence-probe/outputs/3090/probe.json,0.29239511489868164,mixer-probe-s123-r1,phase2_read/read_selected_mass,no-dropout,0
torch.float32,24.77625274658203,1,3090,0.5029474496841431,0.0023516209330409765,1408,-0.2102174162864685,2097152,352,"[0.0,0.0,0.0,0.0,0.0,0.0,0.0,0.0]",10d53843d0478243f163e38626563bf5d077a4144b644df9a6ceba312866001b,"[64,2,8,32,64]",zoology/experiments/flash_vqg/scripts/20260628-03-flash-vqg-mixer-divergence-probe/outputs/3090/probe.json,0.016947060823440552,mixer-probe-s123-r1,phase2_read/u_res,no-dropout,0
torch.float32,55.877471923828125,1,3090,0.8404616713523865,0.004696928430348635,1408,-0.8304955959320068,2097152,352,"[0.0,0.0,0.0,0.0,0.0,0.0,0.0,0.0]",bdb17ea242be9fe3242151c7b1214d4ee4f6621594fd0bfcc7a01e2208064eaa,"[64,2,8,32,64]",zoology/experiments/flash_vqg/scripts/20260628-03-flash-vqg-mixer-divergence-probe/outputs/3090/probe.json,0.0382993258535862,mixer-probe-s123-r1,phase2/O_res_added,no-dropout,0
torch.float32,486.0916748046875,1,3090,3.380903720855713,0.07960891723632812,1408,-0.7209864854812622,2097152,352,"[0.0004473137960303575,-0.0035447508562356234,0.0005017706425860524,0.00037671526661142707,-0.004332858137786388,-0.0025576928164809942,-0.0017564425943419337,-0.0008503457065671682]",1ad4efe366c5eece845ee6aec6c865eb8aa7482ec1f3fa807c4d139e959bd87c,"[64,2,8,32,64]",zoology/experiments/flash_vqg/scripts/20260628-03-flash-vqg-mixer-divergence-probe/outputs/3090/probe.json,0.326144814491272,mixer-probe-s123-r1,phase2/Out_f32,no-dropout,0
torch.float32,486.0916748046875,1,3090,3.380903720855713,0.07960891723632812,1408,-0.7209864854812622,2097152,352,"[0.0004473137960303575,-0.0035447508562356234,0.0005017706425860524,0.00037671526661142707,-0.004332858137786388,-0.0025576928164809942,-0.0017564425943419337,-0.0008503457065671682]",e5129a950f7a0989a8027d70f008dd90339f6efb782d3b11883987ef02e2acef,"[64,2,256,64]",zoology/experiments/flash_vqg/scripts/20260628-03-flash-vqg-mixer-divergence-probe/outputs/3090/probe.json,0.326144814491272,mixer-probe-s123-r1,output_proj/O_heads,no-dropout,0
torch.float32,12375.314453125,1,3090,105.6247329711914,2.651461601257324,1408,-68.53826141357422,2097152,352,"[-0.028947515413165092,-12.336996078491211,-0.03110295534133911,-0.022487804293632507,-10.246821403503418,-7.101912021636963,0.11639393121004105,-1.9205139875411987]",2bedcfa5f109a19cc7989de3c7bba5214614e1070f26a52191fb442ff6dd76e3,"[64,2,256,64]",zoology/experiments/flash_vqg/scripts/20260628-03-flash-vqg-mixer-divergence-probe/outputs/3090/probe.json,8.12447738647461,mixer-probe-s123-r1,output_proj/o_heads,no-dropout,0
torch.float32,9454.8876953125,1,3090,58.964500427246094,-0.026393011212348938,1408,-52.62991714477539,2097152,352,"[2.460608959197998,-7.1424665451049805,12.372077941894531,-1.2586458921432495,3.928175926208496,0.5938860774040222,3.649486780166626,-11.029217720031738]",ce75d96d3ebd99c09155652e5e2fb5dc2f07f16bba8fd2505a66a36223e3acff,"[64,256,128]",zoology/experiments/flash_vqg/scripts/20260628-03-flash-vqg-mixer-divergence-probe/outputs/3090/probe.json,6.529196739196777,mixer-probe-s123-r1,output_proj/res,no-dropout,0
torch.float32,16841.59765625,,3090,6.636882781982422,0.13551661372184753,1408,-5.039004325866699,134217728,352,"[-4.962936878204346,-2.0365841388702393,-2.399609088897705,-2.07865047454834,-2.1168103218078613,-2.1602437496185303,-2.804192304611206,-2.643477201461792]",8704d67ff77d618457a2d8846b0aeaee006686dc7eb434ba90c5d8b888c324b8,"[64,256,8192]",zoology/experiments/flash_vqg/scripts/20260628-03-flash-vqg-mixer-divergence-probe/outputs/3090/probe.json,1.4625433683395386,mixer-probe-s123-r1,forward/logits,no-dropout,0
,,,3090,,,1408,,,352,,30bd40021a6b5432a9134676796f3eeeb4a75e218b3035481cee96e954b656a9,,zoology/experiments/flash_vqg/scripts/20260628-03-flash-vqg-mixer-divergence-probe/outputs/3090/probe.json,,mixer-probe-s123-r1,forward/preds,no-dropout,0
float,7.740362167358398,,3090,7.740362167358398,7.740362167358398,1408,7.740362167358398,1,352,[7.740362167358398],7.74036216736,[],zoology/experiments/flash_vqg/scripts/20260628-03-flash-vqg-mixer-divergence-probe/outputs/3090/probe.json,0,mixer-probe-s123-r1,forward/loss,no-dropout,0
torch.float32,255.9981231689453,1,3090,1.6598858833312988,-0.009158692322671413,1792,-1.713753581047058,524288,448,"[-0.24832941591739655,0.4014214873313904,0.4858141541481018,-0.21415409445762634,0.31715402007102966,0.20374034345149994,-0.7052133083343506,-0.37665465474128723]",bb451d960e42063b436a844416a299dcbbb23eec4d8b82e069b4248ade1eeaf3,"[64,2,64,64]",zoology/experiments/flash_vqg/scripts/20260628-03-flash-vqg-mixer-divergence-probe/outputs/3090/probe.json,0.3534334897994995,mixer-probe-s123-r1,phase1/q_all,no-dropout,0
torch.float32,255.99935913085938,1,3090,1.1541084051132202,0.029564253985881805,1792,-1.2354414463043213,524288,448,"[0.4338824152946472,-0.2915402352809906,-0.37032315135002136,-0.00884941779077053,0.4303656220436096,-0.32491937279701233,-0.0013869814574718475,-0.18171413242816925]",fd9c204cccbd3dc3031f8ea9c6ff49eb69f55d4b4edd9553a6eb15edd3de2f87,"[64,2,64,64]",zoology/experiments/flash_vqg/scripts/20260628-03-flash-vqg-mixer-divergence-probe/outputs/3090/probe.json,0.3523149788379669,mixer-probe-s123-r1,phase1/k_all,no-dropout,0
torch.float32,372.7099304199219,1,3090,4.522103786468506,0.12898162007331848,1792,-0.27846455574035645,524288,448,"[0.0030236749444156885,-0.040245071053504944,0.005742425099015236,-0.005017884541302919,-0.03619299456477165,-0.055764779448509216,0.01669907569885254,-0.043181270360946655]",6cbdeebd7f3fe6fd317bc2e62134c35c27580ea8236edcde88f82eb6d1e4d06a,"[64,2,64,64]",zoology/experiments/flash_vqg/scripts/20260628-03-flash-vqg-mixer-divergence-probe/outputs/3090/probe.json,0.498322069644928,mixer-probe-s123-r1,phase1/v_all,no-dropout,0
torch.float32,6157.85595703125,1,3090,25.60719871520996,5.359713554382324,1792,-3.803014039993286,524288,448,"[-1.395904302597046,19.991559982299805,-1.2914515733718872,-1.4119166135787964,18.66168212890625,16.520931243896484,-1.4304522275924683,24.38979721069336]",597e7e6b3897d685d1be3bdd586983e4420c795db693747f539cbc1549ab5626,"[64,2,64,64]",zoology/experiments/flash_vqg/scripts/20260628-03-flash-vqg-mixer-divergence-probe/outputs/3090/probe.json,6.602960586547852,mixer-probe-s123-r1,phase1/g_raw_all,no-dropout,0
torch.float32,238.19876098632812,1,3090,0.7286224365234375,0.026181427761912346,1792,-0.8025147318840027,524288,448,"[0.4203811287879944,-0.28976523876190186,-0.3329460918903351,-0.03853461891412735,0.42824214696884155,-0.38479262590408325,-0.12260647863149643,-0.2990453541278839]",d01358016e65bb2e140e0afa9c9e4283acefd7d07df2f6d145e67767a25919ed,"[64,2,64,64]",zoology/experiments/flash_vqg/scripts/20260628-03-flash-vqg-mixer-divergence-probe/outputs/3090/probe.json,0.3279256820678711,mixer-probe-s123-r1,phase1/K_q_all,no-dropout,0
torch.int32,1889.8184814453125,1,3090,58.0,15.773193359375,1792,2.0,8192,448,"[29,26,26,6,6,29,29,20]",dc9504c10a880d1323a7d2c2bfafa2da36f6f4cc9c72ae54c327ebdc845360ec,"[64,2,64]",zoology/experiments/flash_vqg/scripts/20260628-03-flash-vqg-mixer-divergence-probe/outputs/3090/probe.json,13.681008338928223,mixer-probe-s123-r1,phase1/Delta_all,no-dropout,0
torch.float32,63.09751892089844,1,3090,0.7697187066078186,0.015624999068677425,1792,0.0001045507233357057,524288,448,"[0.0015747766010463238,0.0018174388678744435,0.0005197422578930855,0.0021801935508847237,0.0018759702797979116,0.001482171006500721,0.0054206643253564835,0.0008831063751131296]",1ade5b9eb97c97888871ef88752f390a676f246ebe8887cb243e9a2e40f0ab58,"[64,2,64,64]",zoology/experiments/flash_vqg/scripts/20260628-03-flash-vqg-mixer-divergence-probe/outputs/3090/probe.json,0.08573632687330246,mixer-probe-s123-r1,phase1/W_all,no-dropout,0
torch.float32,0.010031991638243198,1,3090,-1.9619360303035904e-10,-3.660738002508879e-05,1792,-0.0019668294116854668,8192,448,"[-1.162823837219662e-09,-8.132470270538761e-07,-9.815908086352465e-09,-7.460508300027868e-07,-4.4016377209743496e-09,-1.9010989262824296e-06,-8.29599855478591e-09,-1.7609777103189117e-07]",348f1b269c5778fb6376f6fcbb7522ed570a376ecf6c8c729bcc9867dae3606d,"[64,2,64]",zoology/experiments/flash_vqg/scripts/20260628-03-flash-vqg-mixer-divergence-probe/outputs/3090/probe.json,0.00010461913916515186,mixer-probe-s123-r1,state_build/logf_all,no-dropout,0
torch.float32,13.286434173583984,1,3090,0.4712575674057007,0.11460475623607635,1792,0.0029461542144417763,8192,448,"[0.007700965274125338,0.23757344484329224,0.006455236580222845,0.22613182663917542,0.006793843116611242,0.1244557723402977,0.0113688874989748,0.2570098042488098]",06a34144d19d268c7075470b06e9899bdb669ae542881d8d8bd9e4c9aaf1766c,"[64,2,64]",zoology/experiments/flash_vqg/scripts/20260628-03-flash-vqg-mixer-divergence-probe/outputs/3090/probe.json,0.09173187613487244,mixer-probe-s123-r1,state_build/beta_all,no-dropout,0
torch.float32,994.2061767578125,1,3090,75.68431854248047,0.03398875892162323,1792,-6.489027500152588,1048576,448,"[0.0,0.0,0.0,0.0,0.0,0.0,0.0,0.0]",e4cc2cce393056af0c5b9bb4259bc9e46de1f9d83b9a087d94a385f854548e57,"[64,2,2,64,64]",zoology/experiments/flash_vqg/scripts/20260628-03-flash-vqg-mixer-divergence-probe/outputs/3090/probe.json,0.970365583896637,mixer-probe-s123-r1,state_build/G_state,no-dropout,0
torch.float32,231.38465881347656,1,3090,24.15513038635254,0.249858558177948,1792,0.0,16384,448,"[0.0,0.0,0.0,0.0,0.0,0.0,0.0,0.0]",011224b8470c51114e7bab8102fc7eddd826ef5b36b6bad3111c52b73fc852c7,"[64,2,2,64]",zoology/experiments/flash_vqg/scripts/20260628-03-flash-vqg-mixer-divergence-probe/outputs/3090/probe.json,1.7903416156768799,mixer-probe-s123-r1,state_build/L_state,no-dropout,0
torch.float32,44.47711181640625,1,3090,0.918257474899292,-1.477441855968209e-05,1792,-1.873633861541748,16777216,448,"[0.0,0.0,0.0,0.0,0.0,0.0,0.0,0.0]",6e7120f66c585ebf0cd35adf9ae672590bc592f45e823c2c357f5f50058e443a,"[64,2,2,64,64,16]",zoology/experiments/flash_vqg/scripts/20260628-03-flash-vqg-mixer-divergence-probe/outputs/3090/probe.json,0.010859709233045578,mixer-probe-s123-r1,state_build/M_state,no-dropout,0
torch.float32,inf,1,3090,-1.0000000150474662e+30,-1.0000001661631937e+30,1792,-1.0000000150474662e+30,524288,448,"[-1.0000000150474662e+30,-1.0000000150474662e+30,-1.0000000150474662e+30,-1.0000000150474662e+30,-1.0000000150474662e+30,-1.0000000150474662e+30,-1.0000000150474662e+30,-1.0000000150474662e+30]",61ce6a8cd370ca81c3f343145d521a45aac538ef8972e11b8dba8c5540f1eff2,"[64,2,2,32,64]",zoology/experiments/flash_vqg/scripts/20260628-03-flash-vqg-mixer-divergence-probe/outputs/3090/probe.json,1.5111572745182865e+23,mixer-probe-s123-r1,phase2/S_far,no-dropout,0
torch.float32,336.5535583496094,1,3090,3.1690399646759033,0.15393851697444916,1792,-0.27601557970046997,524288,448,"[0.0030236749444156885,-0.040245071053504944,0.005742425099015236,-0.005017884541302919,-0.03619299456477165,-0.055764779448509216,0.01669907569885254,-0.043181270360946655]",5a2259f668c35a004295d768273de14fe3a05a685c8bcf88d20afde03e7ae671,"[64,2,2,32,64]",zoology/experiments/flash_vqg/scripts/20260628-03-flash-vqg-mixer-divergence-probe/outputs/3090/probe.json,0.4385814666748047,mixer-probe-s123-r1,phase2/O_base,no-dropout,0
torch.int64,90.5096664428711,1,3090,1.0,0.5,1792,0.0,16384,448,"[1,0,1,0,1,0,1,0]",dc11edbaeecd85c2e2c82456db4232b7ddbbdfd7d6481b97eca720a60ac56f7c,"[64,2,2,32,2]",zoology/experiments/flash_vqg/scripts/20260628-03-flash-vqg-mixer-divergence-probe/outputs/3090/probe.json,0.5,mixer-probe-s123-r1,phase2_read/top_idx,no-dropout,0
torch.float32,inf,1,3090,-1.0000000150474662e+30,-1.0000001661631937e+30,1792,-1.0000000150474662e+30,16384,448,"[-1.0000000150474662e+30,-1.0000000150474662e+30,-1.0000000150474662e+30,-1.0000000150474662e+30,-1.0000000150474662e+30,-1.0000000150474662e+30,-1.0000000150474662e+30,-1.0000000150474662e+30]",9a9fe1aa50ef523d738b70d1c4410771a1eebdba615eba1bac04c3b3539793cb,"[64,2,2,32,2]",zoology/experiments/flash_vqg/scripts/20260628-03-flash-vqg-mixer-divergence-probe/outputs/3090/probe.json,1.5111572745182865e+23,mixer-probe-s123-r1,phase2_read/top_scores,no-dropout,0
torch.float32,0.0,1,3090,0.0,0.0,1792,0.0,16384,448,"[0.0,0.0,0.0,0.0,0.0,0.0,0.0,0.0]",85a80fae2f428310daf8e819aed8147d2ca75f273599d1da531939dbf3f55a7b,"[64,2,2,32,2]",zoology/experiments/flash_vqg/scripts/20260628-03-flash-vqg-mixer-divergence-probe/outputs/3090/probe.json,0.0,mixer-probe-s123-r1,phase2_read/top_probs,no-dropout,0
torch.float32,0.0,1,3090,0.0,0.0,1792,0.0,16384,448,"[0.0,0.0,0.0,0.0,0.0,0.0,0.0,0.0]",85a80fae2f428310daf8e819aed8147d2ca75f273599d1da531939dbf3f55a7b,"[64,2,2,32,2]",zoology/experiments/flash_vqg/scripts/20260628-03-flash-vqg-mixer-divergence-probe/outputs/3090/probe.json,0.0,mixer-probe-s123-r1,phase2_read/omega_sel,no-dropout,0
torch.float32,0.0,1,3090,0.0,0.0,1792,0.0,8192,448,"[0.0,0.0,0.0,0.0,0.0,0.0,0.0,0.0]",f8dbbb428d043d7769f8fef4e7717b8a7a9697ac9b6425b62cef8cbd4120f9b0,"[64,2,2,32]",zoology/experiments/flash_vqg/scripts/20260628-03-flash-vqg-mixer-divergence-probe/outputs/3090/probe.json,0.0,mixer-probe-s123-r1,phase2_read/read_selected_mass,no-dropout,0
torch.float32,0.0,1,3090,0.0,0.0,1792,0.0,524288,448,"[0.0,0.0,0.0,0.0,0.0,0.0,0.0,0.0]",33f5081ccd747a947e389515e1c9cde8155433ffa6999a97fd86a1da6b73247a,"[64,2,2,32,64]",zoology/experiments/flash_vqg/scripts/20260628-03-flash-vqg-mixer-divergence-probe/outputs/3090/probe.json,0.0,mixer-probe-s123-r1,phase2_read/u_res,no-dropout,0
torch.float32,0.0,1,3090,0.0,0.0,1792,0.0,524288,448,"[0.0,0.0,0.0,0.0,0.0,0.0,0.0,0.0]",33f5081ccd747a947e389515e1c9cde8155433ffa6999a97fd86a1da6b73247a,"[64,2,2,32,64]",zoology/experiments/flash_vqg/scripts/20260628-03-flash-vqg-mixer-divergence-probe/outputs/3090/probe.json,0.0,mixer-probe-s123-r1,phase2/O_res_added,no-dropout,0
torch.float32,336.5535583496094,1,3090,3.1690399646759033,0.15393851697444916,1792,-0.27601557970046997,524288,448,"[0.0030236749444156885,-0.040245071053504944,0.005742425099015236,-0.005017884541302919,-0.03619299456477165,-0.055764779448509216,0.01669907569885254,-0.043181270360946655]",5a2259f668c35a004295d768273de14fe3a05a685c8bcf88d20afde03e7ae671,"[64,2,2,32,64]",zoology/experiments/flash_vqg/scripts/20260628-03-flash-vqg-mixer-divergence-probe/outputs/3090/probe.json,0.4385814666748047,mixer-probe-s123-r1,phase2/Out_f32,no-dropout,0
torch.float32,336.5535583496094,1,3090,3.1690399646759033,0.15393851697444916,1792,-0.27601557970046997,524288,448,"[0.0030236749444156885,-0.040245071053504944,0.005742425099015236,-0.005017884541302919,-0.03619299456477165,-0.055764779448509216,0.01669907569885254,-0.043181270360946655]",07e06791e4a03710083a4ef949fad8f2a581112a15c3b5e245ddfa5280cb2c0c,"[64,2,64,64]",zoology/experiments/flash_vqg/scripts/20260628-03-flash-vqg-mixer-divergence-probe/outputs/3090/probe.json,0.4385814666748047,mixer-probe-s123-r1,output_proj/O_heads,no-dropout,0
torch.float32,8588.541015625,1,3090,114.86907958984375,4.619043827056885,1792,-68.5805892944336,524288,448,"[-0.017532456666231155,-19.44571304321289,-0.03863022103905678,0.02961415983736515,-15.391983985900879,-20.541282653808594,-0.09897557646036148,-22.9683837890625]",39173d510448fcd7fb557fa0db53e39629c5ab73609d18ad0aa255d4e4e8f1ce,"[64,2,64,64]",zoology/experiments/flash_vqg/scripts/20260628-03-flash-vqg-mixer-divergence-probe/outputs/3090/probe.json,10.925293922424316,mixer-probe-s123-r1,output_proj/o_heads,no-dropout,0
torch.float32,5652.2646484375,1,3090,66.5659408569336,-0.04161756485700607,1792,-63.58760070800781,524288,448,"[4.8704609870910645,-6.41602087020874,8.299896240234375,4.5767717361450195,6.128425121307373,-0.391759991645813,9.62189769744873,-7.84147834777832]",4a70e9430b67b0d848409187bdfe28d860539a1284ce3303880b0ef68323708a,"[64,64,128]",zoology/experiments/flash_vqg/scripts/20260628-03-flash-vqg-mixer-divergence-probe/outputs/3090/probe.json,7.806118011474609,mixer-probe-s123-r1,output_proj/res,no-dropout,0
torch.float32,9984.4990234375,,3090,12.905174255371094,0.09243186563253403,1792,-7.290037631988525,33554432,448,"[-5.810041904449463,-3.2838659286499023,-2.643584728240967,-2.007192850112915,-3.0704259872436523,-2.855487585067749,-3.5625736713409424,-2.9316842555999756]",bfcbf895413df79461750273524111482b4ca6df72fd5c69d5c01e641d9e99ad,"[64,64,8192]",zoology/experiments/flash_vqg/scripts/20260628-03-flash-vqg-mixer-divergence-probe/outputs/3090/probe.json,1.7244434356689453,mixer-probe-s123-r1,forward/logits,no-dropout,0
,,,3090,,,1792,,,448,,67b3f0cff6ff10cd00861de51f6f77782c2d547c4d2a4962e9af08313e7b1b51,,zoology/experiments/flash_vqg/scripts/20260628-03-flash-vqg-mixer-divergence-probe/outputs/3090/probe.json,,mixer-probe-s123-r1,forward/preds,no-dropout,0
float,0.595720648765564,,3090,0.595720648765564,0.595720648765564,1792,0.595720648765564,1,448,[0.595720648765564],0.595720648766,[],zoology/experiments/flash_vqg/scripts/20260628-03-flash-vqg-mixer-divergence-probe/outputs/3090/probe.json,0,mixer-probe-s123-r1,forward/loss,no-dropout,0
