config,run_id,source,comparison_scope,gpu,seed,data_seed,num_heads,expand_v,batch_accum_profile,dtype_policy,actual_kernel_dtype,validation_index,validation_phase,approx_epoch,raw_epoch_index,slice_group,slice,metric,value
gdn-h2-ev10-usegate0-s124-d123,gdn-h2-ev10-s124-d123-b64-ga4-fp32-noearly4ep,20260520_gdn_h2_ev10_multiseed_followup,b64_ga4_fp32_official,0,124,123,2,10,b64_ga4,float32,float32,1,mid_epoch,0.5,0,input_seq_len,1024,valid/input_seq_len/accuracy-1024,0.484265625
gdn-h2-ev10-usegate0-s124-d123,gdn-h2-ev10-s124-d123-b64-ga4-fp32-noearly4ep,20260520_gdn_h2_ev10_multiseed_followup,b64_ga4_fp32_official,0,124,123,2,10,b64_ga4,float32,float32,2,epoch_end,1.0,0,input_seq_len,1024,valid/input_seq_len/accuracy-1024,0.73416015625
gdn-h2-ev10-usegate0-s124-d123,gdn-h2-ev10-s124-d123-b64-ga4-fp32-noearly4ep,20260520_gdn_h2_ev10_multiseed_followup,b64_ga4_fp32_official,0,124,123,2,10,b64_ga4,float32,float32,3,mid_epoch,1.5,1,input_seq_len,1024,valid/input_seq_len/accuracy-1024,0.77578125
gdn-h2-ev10-usegate0-s124-d123,gdn-h2-ev10-s124-d123-b64-ga4-fp32-noearly4ep,20260520_gdn_h2_ev10_multiseed_followup,b64_ga4_fp32_official,0,124,123,2,10,b64_ga4,float32,float32,4,epoch_end,2.0,1,input_seq_len,1024,valid/input_seq_len/accuracy-1024,0.80915234375
gdn-h2-ev10-usegate0-s124-d123,gdn-h2-ev10-s124-d123-b64-ga4-fp32-noearly4ep,20260520_gdn_h2_ev10_multiseed_followup,b64_ga4_fp32_official,0,124,123,2,10,b64_ga4,float32,float32,5,mid_epoch,2.5,2,input_seq_len,1024,valid/input_seq_len/accuracy-1024,0.81613671875
gdn-h2-ev10-usegate0-s124-d123,gdn-h2-ev10-s124-d123-b64-ga4-fp32-noearly4ep,20260520_gdn_h2_ev10_multiseed_followup,b64_ga4_fp32_official,0,124,123,2,10,b64_ga4,float32,float32,6,epoch_end,3.0,2,input_seq_len,1024,valid/input_seq_len/accuracy-1024,0.83619140625
gdn-h2-ev10-usegate0-s124-d123,gdn-h2-ev10-s124-d123-b64-ga4-fp32-noearly4ep,20260520_gdn_h2_ev10_multiseed_followup,b64_ga4_fp32_official,0,124,123,2,10,b64_ga4,float32,float32,7,mid_epoch,3.5,3,input_seq_len,1024,valid/input_seq_len/accuracy-1024,0.83297265625
gdn-h2-ev10-usegate0-s124-d123,gdn-h2-ev10-s124-d123-b64-ga4-fp32-noearly4ep,20260520_gdn_h2_ev10_multiseed_followup,b64_ga4_fp32_official,0,124,123,2,10,b64_ga4,float32,float32,8,epoch_end,4.0,3,input_seq_len,1024,valid/input_seq_len/accuracy-1024,0.83710546875
gdn-h2-ev10-usegate0-s124-d123,gdn-h2-ev10-s124-d123-b64-ga4-fp32-noearly4ep,20260520_gdn_h2_ev10_multiseed_followup,b64_ga4_fp32_official,0,124,123,2,10,b64_ga4,float32,float32,1,mid_epoch,0.5,0,input_seq_len,128,valid/input_seq_len/accuracy-128,0.99996875
gdn-h2-ev10-usegate0-s124-d123,gdn-h2-ev10-s124-d123-b64-ga4-fp32-noearly4ep,20260520_gdn_h2_ev10_multiseed_followup,b64_ga4_fp32_official,0,124,123,2,10,b64_ga4,float32,float32,2,epoch_end,1.0,0,input_seq_len,128,valid/input_seq_len/accuracy-128,1.0
gdn-h2-ev10-usegate0-s124-d123,gdn-h2-ev10-s124-d123-b64-ga4-fp32-noearly4ep,20260520_gdn_h2_ev10_multiseed_followup,b64_ga4_fp32_official,0,124,123,2,10,b64_ga4,float32,float32,3,mid_epoch,1.5,1,input_seq_len,128,valid/input_seq_len/accuracy-128,1.0
gdn-h2-ev10-usegate0-s124-d123,gdn-h2-ev10-s124-d123-b64-ga4-fp32-noearly4ep,20260520_gdn_h2_ev10_multiseed_followup,b64_ga4_fp32_official,0,124,123,2,10,b64_ga4,float32,float32,4,epoch_end,2.0,1,input_seq_len,128,valid/input_seq_len/accuracy-128,1.0
gdn-h2-ev10-usegate0-s124-d123,gdn-h2-ev10-s124-d123-b64-ga4-fp32-noearly4ep,20260520_gdn_h2_ev10_multiseed_followup,b64_ga4_fp32_official,0,124,123,2,10,b64_ga4,float32,float32,5,mid_epoch,2.5,2,input_seq_len,128,valid/input_seq_len/accuracy-128,1.0
gdn-h2-ev10-usegate0-s124-d123,gdn-h2-ev10-s124-d123-b64-ga4-fp32-noearly4ep,20260520_gdn_h2_ev10_multiseed_followup,b64_ga4_fp32_official,0,124,123,2,10,b64_ga4,float32,float32,6,epoch_end,3.0,2,input_seq_len,128,valid/input_seq_len/accuracy-128,1.0
gdn-h2-ev10-usegate0-s124-d123,gdn-h2-ev10-s124-d123-b64-ga4-fp32-noearly4ep,20260520_gdn_h2_ev10_multiseed_followup,b64_ga4_fp32_official,0,124,123,2,10,b64_ga4,float32,float32,7,mid_epoch,3.5,3,input_seq_len,128,valid/input_seq_len/accuracy-128,1.0
gdn-h2-ev10-usegate0-s124-d123,gdn-h2-ev10-s124-d123-b64-ga4-fp32-noearly4ep,20260520_gdn_h2_ev10_multiseed_followup,b64_ga4_fp32_official,0,124,123,2,10,b64_ga4,float32,float32,8,epoch_end,4.0,3,input_seq_len,128,valid/input_seq_len/accuracy-128,1.0
gdn-h2-ev10-usegate0-s124-d123,gdn-h2-ev10-s124-d123-b64-ga4-fp32-noearly4ep,20260520_gdn_h2_ev10_multiseed_followup,b64_ga4_fp32_official,0,124,123,2,10,b64_ga4,float32,float32,1,mid_epoch,0.5,0,input_seq_len,256,valid/input_seq_len/accuracy-256,0.998625
gdn-h2-ev10-usegate0-s124-d123,gdn-h2-ev10-s124-d123-b64-ga4-fp32-noearly4ep,20260520_gdn_h2_ev10_multiseed_followup,b64_ga4_fp32_official,0,124,123,2,10,b64_ga4,float32,float32,2,epoch_end,1.0,0,input_seq_len,256,valid/input_seq_len/accuracy-256,0.999921875
gdn-h2-ev10-usegate0-s124-d123,gdn-h2-ev10-s124-d123-b64-ga4-fp32-noearly4ep,20260520_gdn_h2_ev10_multiseed_followup,b64_ga4_fp32_official,0,124,123,2,10,b64_ga4,float32,float32,3,mid_epoch,1.5,1,input_seq_len,256,valid/input_seq_len/accuracy-256,0.999921875
gdn-h2-ev10-usegate0-s124-d123,gdn-h2-ev10-s124-d123-b64-ga4-fp32-noearly4ep,20260520_gdn_h2_ev10_multiseed_followup,b64_ga4_fp32_official,0,124,123,2,10,b64_ga4,float32,float32,4,epoch_end,2.0,1,input_seq_len,256,valid/input_seq_len/accuracy-256,0.99996875
gdn-h2-ev10-usegate0-s124-d123,gdn-h2-ev10-s124-d123-b64-ga4-fp32-noearly4ep,20260520_gdn_h2_ev10_multiseed_followup,b64_ga4_fp32_official,0,124,123,2,10,b64_ga4,float32,float32,5,mid_epoch,2.5,2,input_seq_len,256,valid/input_seq_len/accuracy-256,0.999984375
gdn-h2-ev10-usegate0-s124-d123,gdn-h2-ev10-s124-d123-b64-ga4-fp32-noearly4ep,20260520_gdn_h2_ev10_multiseed_followup,b64_ga4_fp32_official,0,124,123,2,10,b64_ga4,float32,float32,6,epoch_end,3.0,2,input_seq_len,256,valid/input_seq_len/accuracy-256,0.999984375
gdn-h2-ev10-usegate0-s124-d123,gdn-h2-ev10-s124-d123-b64-ga4-fp32-noearly4ep,20260520_gdn_h2_ev10_multiseed_followup,b64_ga4_fp32_official,0,124,123,2,10,b64_ga4,float32,float32,7,mid_epoch,3.5,3,input_seq_len,256,valid/input_seq_len/accuracy-256,0.999984375
gdn-h2-ev10-usegate0-s124-d123,gdn-h2-ev10-s124-d123-b64-ga4-fp32-noearly4ep,20260520_gdn_h2_ev10_multiseed_followup,b64_ga4_fp32_official,0,124,123,2,10,b64_ga4,float32,float32,8,epoch_end,4.0,3,input_seq_len,256,valid/input_seq_len/accuracy-256,0.999984375
gdn-h2-ev10-usegate0-s124-d123,gdn-h2-ev10-s124-d123-b64-ga4-fp32-noearly4ep,20260520_gdn_h2_ev10_multiseed_followup,b64_ga4_fp32_official,0,124,123,2,10,b64_ga4,float32,float32,1,mid_epoch,0.5,0,input_seq_len,512,valid/input_seq_len/accuracy-512,0.9600703125
gdn-h2-ev10-usegate0-s124-d123,gdn-h2-ev10-s124-d123-b64-ga4-fp32-noearly4ep,20260520_gdn_h2_ev10_multiseed_followup,b64_ga4_fp32_official,0,124,123,2,10,b64_ga4,float32,float32,2,epoch_end,1.0,0,input_seq_len,512,valid/input_seq_len/accuracy-512,0.9950234375
gdn-h2-ev10-usegate0-s124-d123,gdn-h2-ev10-s124-d123-b64-ga4-fp32-noearly4ep,20260520_gdn_h2_ev10_multiseed_followup,b64_ga4_fp32_official,0,124,123,2,10,b64_ga4,float32,float32,3,mid_epoch,1.5,1,input_seq_len,512,valid/input_seq_len/accuracy-512,0.9970546875
gdn-h2-ev10-usegate0-s124-d123,gdn-h2-ev10-s124-d123-b64-ga4-fp32-noearly4ep,20260520_gdn_h2_ev10_multiseed_followup,b64_ga4_fp32_official,0,124,123,2,10,b64_ga4,float32,float32,4,epoch_end,2.0,1,input_seq_len,512,valid/input_seq_len/accuracy-512,0.998046875
gdn-h2-ev10-usegate0-s124-d123,gdn-h2-ev10-s124-d123-b64-ga4-fp32-noearly4ep,20260520_gdn_h2_ev10_multiseed_followup,b64_ga4_fp32_official,0,124,123,2,10,b64_ga4,float32,float32,5,mid_epoch,2.5,2,input_seq_len,512,valid/input_seq_len/accuracy-512,0.9983046875
gdn-h2-ev10-usegate0-s124-d123,gdn-h2-ev10-s124-d123-b64-ga4-fp32-noearly4ep,20260520_gdn_h2_ev10_multiseed_followup,b64_ga4_fp32_official,0,124,123,2,10,b64_ga4,float32,float32,6,epoch_end,3.0,2,input_seq_len,512,valid/input_seq_len/accuracy-512,0.998703125
gdn-h2-ev10-usegate0-s124-d123,gdn-h2-ev10-s124-d123-b64-ga4-fp32-noearly4ep,20260520_gdn_h2_ev10_multiseed_followup,b64_ga4_fp32_official,0,124,123,2,10,b64_ga4,float32,float32,7,mid_epoch,3.5,3,input_seq_len,512,valid/input_seq_len/accuracy-512,0.9987421875
gdn-h2-ev10-usegate0-s124-d123,gdn-h2-ev10-s124-d123-b64-ga4-fp32-noearly4ep,20260520_gdn_h2_ev10_multiseed_followup,b64_ga4_fp32_official,0,124,123,2,10,b64_ga4,float32,float32,8,epoch_end,4.0,3,input_seq_len,512,valid/input_seq_len/accuracy-512,0.9988203125
gdn-h2-ev10-usegate0-s124-d123,gdn-h2-ev10-s124-d123-b64-ga4-fp32-noearly4ep,20260520_gdn_h2_ev10_multiseed_followup,b64_ga4_fp32_official,0,124,123,2,10,b64_ga4,float32,float32,1,mid_epoch,0.5,0,input_seq_len,64,valid/input_seq_len/accuracy-64,0.9999583333333333
gdn-h2-ev10-usegate0-s124-d123,gdn-h2-ev10-s124-d123-b64-ga4-fp32-noearly4ep,20260520_gdn_h2_ev10_multiseed_followup,b64_ga4_fp32_official,0,124,123,2,10,b64_ga4,float32,float32,2,epoch_end,1.0,0,input_seq_len,64,valid/input_seq_len/accuracy-64,0.9999583333333333
gdn-h2-ev10-usegate0-s124-d123,gdn-h2-ev10-s124-d123-b64-ga4-fp32-noearly4ep,20260520_gdn_h2_ev10_multiseed_followup,b64_ga4_fp32_official,0,124,123,2,10,b64_ga4,float32,float32,3,mid_epoch,1.5,1,input_seq_len,64,valid/input_seq_len/accuracy-64,0.9999583333333333
gdn-h2-ev10-usegate0-s124-d123,gdn-h2-ev10-s124-d123-b64-ga4-fp32-noearly4ep,20260520_gdn_h2_ev10_multiseed_followup,b64_ga4_fp32_official,0,124,123,2,10,b64_ga4,float32,float32,4,epoch_end,2.0,1,input_seq_len,64,valid/input_seq_len/accuracy-64,1.0
gdn-h2-ev10-usegate0-s124-d123,gdn-h2-ev10-s124-d123-b64-ga4-fp32-noearly4ep,20260520_gdn_h2_ev10_multiseed_followup,b64_ga4_fp32_official,0,124,123,2,10,b64_ga4,float32,float32,5,mid_epoch,2.5,2,input_seq_len,64,valid/input_seq_len/accuracy-64,1.0
gdn-h2-ev10-usegate0-s124-d123,gdn-h2-ev10-s124-d123-b64-ga4-fp32-noearly4ep,20260520_gdn_h2_ev10_multiseed_followup,b64_ga4_fp32_official,0,124,123,2,10,b64_ga4,float32,float32,6,epoch_end,3.0,2,input_seq_len,64,valid/input_seq_len/accuracy-64,1.0
gdn-h2-ev10-usegate0-s124-d123,gdn-h2-ev10-s124-d123-b64-ga4-fp32-noearly4ep,20260520_gdn_h2_ev10_multiseed_followup,b64_ga4_fp32_official,0,124,123,2,10,b64_ga4,float32,float32,7,mid_epoch,3.5,3,input_seq_len,64,valid/input_seq_len/accuracy-64,1.0
gdn-h2-ev10-usegate0-s124-d123,gdn-h2-ev10-s124-d123-b64-ga4-fp32-noearly4ep,20260520_gdn_h2_ev10_multiseed_followup,b64_ga4_fp32_official,0,124,123,2,10,b64_ga4,float32,float32,8,epoch_end,4.0,3,input_seq_len,64,valid/input_seq_len/accuracy-64,1.0
gdn-h2-ev10-usegate0-s124-d123,gdn-h2-ev10-s124-d123-b64-ga4-fp32-noearly4ep,20260520_gdn_h2_ev10_multiseed_followup,b64_ga4_fp32_official,0,124,123,2,10,b64_ga4,float32,float32,1,mid_epoch,0.5,0,mqar_case,1024x256,valid/mqar_case/accuracy-1024x256,0.484265625
gdn-h2-ev10-usegate0-s124-d123,gdn-h2-ev10-s124-d123-b64-ga4-fp32-noearly4ep,20260520_gdn_h2_ev10_multiseed_followup,b64_ga4_fp32_official,0,124,123,2,10,b64_ga4,float32,float32,2,epoch_end,1.0,0,mqar_case,1024x256,valid/mqar_case/accuracy-1024x256,0.73416015625
gdn-h2-ev10-usegate0-s124-d123,gdn-h2-ev10-s124-d123-b64-ga4-fp32-noearly4ep,20260520_gdn_h2_ev10_multiseed_followup,b64_ga4_fp32_official,0,124,123,2,10,b64_ga4,float32,float32,3,mid_epoch,1.5,1,mqar_case,1024x256,valid/mqar_case/accuracy-1024x256,0.77578125
gdn-h2-ev10-usegate0-s124-d123,gdn-h2-ev10-s124-d123-b64-ga4-fp32-noearly4ep,20260520_gdn_h2_ev10_multiseed_followup,b64_ga4_fp32_official,0,124,123,2,10,b64_ga4,float32,float32,4,epoch_end,2.0,1,mqar_case,1024x256,valid/mqar_case/accuracy-1024x256,0.80915234375
gdn-h2-ev10-usegate0-s124-d123,gdn-h2-ev10-s124-d123-b64-ga4-fp32-noearly4ep,20260520_gdn_h2_ev10_multiseed_followup,b64_ga4_fp32_official,0,124,123,2,10,b64_ga4,float32,float32,5,mid_epoch,2.5,2,mqar_case,1024x256,valid/mqar_case/accuracy-1024x256,0.81613671875
gdn-h2-ev10-usegate0-s124-d123,gdn-h2-ev10-s124-d123-b64-ga4-fp32-noearly4ep,20260520_gdn_h2_ev10_multiseed_followup,b64_ga4_fp32_official,0,124,123,2,10,b64_ga4,float32,float32,6,epoch_end,3.0,2,mqar_case,1024x256,valid/mqar_case/accuracy-1024x256,0.83619140625
gdn-h2-ev10-usegate0-s124-d123,gdn-h2-ev10-s124-d123-b64-ga4-fp32-noearly4ep,20260520_gdn_h2_ev10_multiseed_followup,b64_ga4_fp32_official,0,124,123,2,10,b64_ga4,float32,float32,7,mid_epoch,3.5,3,mqar_case,1024x256,valid/mqar_case/accuracy-1024x256,0.83297265625
gdn-h2-ev10-usegate0-s124-d123,gdn-h2-ev10-s124-d123-b64-ga4-fp32-noearly4ep,20260520_gdn_h2_ev10_multiseed_followup,b64_ga4_fp32_official,0,124,123,2,10,b64_ga4,float32,float32,8,epoch_end,4.0,3,mqar_case,1024x256,valid/mqar_case/accuracy-1024x256,0.83710546875
gdn-h2-ev10-usegate0-s124-d123,gdn-h2-ev10-s124-d123-b64-ga4-fp32-noearly4ep,20260520_gdn_h2_ev10_multiseed_followup,b64_ga4_fp32_official,0,124,123,2,10,b64_ga4,float32,float32,1,mid_epoch,0.5,0,mqar_case,128x32,valid/mqar_case/accuracy-128x32,0.99996875
gdn-h2-ev10-usegate0-s124-d123,gdn-h2-ev10-s124-d123-b64-ga4-fp32-noearly4ep,20260520_gdn_h2_ev10_multiseed_followup,b64_ga4_fp32_official,0,124,123,2,10,b64_ga4,float32,float32,2,epoch_end,1.0,0,mqar_case,128x32,valid/mqar_case/accuracy-128x32,1.0
gdn-h2-ev10-usegate0-s124-d123,gdn-h2-ev10-s124-d123-b64-ga4-fp32-noearly4ep,20260520_gdn_h2_ev10_multiseed_followup,b64_ga4_fp32_official,0,124,123,2,10,b64_ga4,float32,float32,3,mid_epoch,1.5,1,mqar_case,128x32,valid/mqar_case/accuracy-128x32,1.0
gdn-h2-ev10-usegate0-s124-d123,gdn-h2-ev10-s124-d123-b64-ga4-fp32-noearly4ep,20260520_gdn_h2_ev10_multiseed_followup,b64_ga4_fp32_official,0,124,123,2,10,b64_ga4,float32,float32,4,epoch_end,2.0,1,mqar_case,128x32,valid/mqar_case/accuracy-128x32,1.0
gdn-h2-ev10-usegate0-s124-d123,gdn-h2-ev10-s124-d123-b64-ga4-fp32-noearly4ep,20260520_gdn_h2_ev10_multiseed_followup,b64_ga4_fp32_official,0,124,123,2,10,b64_ga4,float32,float32,5,mid_epoch,2.5,2,mqar_case,128x32,valid/mqar_case/accuracy-128x32,1.0
gdn-h2-ev10-usegate0-s124-d123,gdn-h2-ev10-s124-d123-b64-ga4-fp32-noearly4ep,20260520_gdn_h2_ev10_multiseed_followup,b64_ga4_fp32_official,0,124,123,2,10,b64_ga4,float32,float32,6,epoch_end,3.0,2,mqar_case,128x32,valid/mqar_case/accuracy-128x32,1.0
gdn-h2-ev10-usegate0-s124-d123,gdn-h2-ev10-s124-d123-b64-ga4-fp32-noearly4ep,20260520_gdn_h2_ev10_multiseed_followup,b64_ga4_fp32_official,0,124,123,2,10,b64_ga4,float32,float32,7,mid_epoch,3.5,3,mqar_case,128x32,valid/mqar_case/accuracy-128x32,1.0
gdn-h2-ev10-usegate0-s124-d123,gdn-h2-ev10-s124-d123-b64-ga4-fp32-noearly4ep,20260520_gdn_h2_ev10_multiseed_followup,b64_ga4_fp32_official,0,124,123,2,10,b64_ga4,float32,float32,8,epoch_end,4.0,3,mqar_case,128x32,valid/mqar_case/accuracy-128x32,1.0
gdn-h2-ev10-usegate0-s124-d123,gdn-h2-ev10-s124-d123-b64-ga4-fp32-noearly4ep,20260520_gdn_h2_ev10_multiseed_followup,b64_ga4_fp32_official,0,124,123,2,10,b64_ga4,float32,float32,1,mid_epoch,0.5,0,mqar_case,256x64,valid/mqar_case/accuracy-256x64,0.998625
gdn-h2-ev10-usegate0-s124-d123,gdn-h2-ev10-s124-d123-b64-ga4-fp32-noearly4ep,20260520_gdn_h2_ev10_multiseed_followup,b64_ga4_fp32_official,0,124,123,2,10,b64_ga4,float32,float32,2,epoch_end,1.0,0,mqar_case,256x64,valid/mqar_case/accuracy-256x64,0.999921875
gdn-h2-ev10-usegate0-s124-d123,gdn-h2-ev10-s124-d123-b64-ga4-fp32-noearly4ep,20260520_gdn_h2_ev10_multiseed_followup,b64_ga4_fp32_official,0,124,123,2,10,b64_ga4,float32,float32,3,mid_epoch,1.5,1,mqar_case,256x64,valid/mqar_case/accuracy-256x64,0.999921875
gdn-h2-ev10-usegate0-s124-d123,gdn-h2-ev10-s124-d123-b64-ga4-fp32-noearly4ep,20260520_gdn_h2_ev10_multiseed_followup,b64_ga4_fp32_official,0,124,123,2,10,b64_ga4,float32,float32,4,epoch_end,2.0,1,mqar_case,256x64,valid/mqar_case/accuracy-256x64,0.99996875
gdn-h2-ev10-usegate0-s124-d123,gdn-h2-ev10-s124-d123-b64-ga4-fp32-noearly4ep,20260520_gdn_h2_ev10_multiseed_followup,b64_ga4_fp32_official,0,124,123,2,10,b64_ga4,float32,float32,5,mid_epoch,2.5,2,mqar_case,256x64,valid/mqar_case/accuracy-256x64,0.999984375
gdn-h2-ev10-usegate0-s124-d123,gdn-h2-ev10-s124-d123-b64-ga4-fp32-noearly4ep,20260520_gdn_h2_ev10_multiseed_followup,b64_ga4_fp32_official,0,124,123,2,10,b64_ga4,float32,float32,6,epoch_end,3.0,2,mqar_case,256x64,valid/mqar_case/accuracy-256x64,0.999984375
gdn-h2-ev10-usegate0-s124-d123,gdn-h2-ev10-s124-d123-b64-ga4-fp32-noearly4ep,20260520_gdn_h2_ev10_multiseed_followup,b64_ga4_fp32_official,0,124,123,2,10,b64_ga4,float32,float32,7,mid_epoch,3.5,3,mqar_case,256x64,valid/mqar_case/accuracy-256x64,0.999984375
gdn-h2-ev10-usegate0-s124-d123,gdn-h2-ev10-s124-d123-b64-ga4-fp32-noearly4ep,20260520_gdn_h2_ev10_multiseed_followup,b64_ga4_fp32_official,0,124,123,2,10,b64_ga4,float32,float32,8,epoch_end,4.0,3,mqar_case,256x64,valid/mqar_case/accuracy-256x64,0.999984375
gdn-h2-ev10-usegate0-s124-d123,gdn-h2-ev10-s124-d123-b64-ga4-fp32-noearly4ep,20260520_gdn_h2_ev10_multiseed_followup,b64_ga4_fp32_official,0,124,123,2,10,b64_ga4,float32,float32,1,mid_epoch,0.5,0,mqar_case,512x128,valid/mqar_case/accuracy-512x128,0.922546875
gdn-h2-ev10-usegate0-s124-d123,gdn-h2-ev10-s124-d123-b64-ga4-fp32-noearly4ep,20260520_gdn_h2_ev10_multiseed_followup,b64_ga4_fp32_official,0,124,123,2,10,b64_ga4,float32,float32,2,epoch_end,1.0,0,mqar_case,512x128,valid/mqar_case/accuracy-512x128,0.9904375
gdn-h2-ev10-usegate0-s124-d123,gdn-h2-ev10-s124-d123-b64-ga4-fp32-noearly4ep,20260520_gdn_h2_ev10_multiseed_followup,b64_ga4_fp32_official,0,124,123,2,10,b64_ga4,float32,float32,3,mid_epoch,1.5,1,mqar_case,512x128,valid/mqar_case/accuracy-512x128,0.994375
gdn-h2-ev10-usegate0-s124-d123,gdn-h2-ev10-s124-d123-b64-ga4-fp32-noearly4ep,20260520_gdn_h2_ev10_multiseed_followup,b64_ga4_fp32_official,0,124,123,2,10,b64_ga4,float32,float32,4,epoch_end,2.0,1,mqar_case,512x128,valid/mqar_case/accuracy-512x128,0.9963125
gdn-h2-ev10-usegate0-s124-d123,gdn-h2-ev10-s124-d123-b64-ga4-fp32-noearly4ep,20260520_gdn_h2_ev10_multiseed_followup,b64_ga4_fp32_official,0,124,123,2,10,b64_ga4,float32,float32,5,mid_epoch,2.5,2,mqar_case,512x128,valid/mqar_case/accuracy-512x128,0.9968125
gdn-h2-ev10-usegate0-s124-d123,gdn-h2-ev10-s124-d123-b64-ga4-fp32-noearly4ep,20260520_gdn_h2_ev10_multiseed_followup,b64_ga4_fp32_official,0,124,123,2,10,b64_ga4,float32,float32,6,epoch_end,3.0,2,mqar_case,512x128,valid/mqar_case/accuracy-512x128,0.9975625
gdn-h2-ev10-usegate0-s124-d123,gdn-h2-ev10-s124-d123-b64-ga4-fp32-noearly4ep,20260520_gdn_h2_ev10_multiseed_followup,b64_ga4_fp32_official,0,124,123,2,10,b64_ga4,float32,float32,7,mid_epoch,3.5,3,mqar_case,512x128,valid/mqar_case/accuracy-512x128,0.997671875
gdn-h2-ev10-usegate0-s124-d123,gdn-h2-ev10-s124-d123-b64-ga4-fp32-noearly4ep,20260520_gdn_h2_ev10_multiseed_followup,b64_ga4_fp32_official,0,124,123,2,10,b64_ga4,float32,float32,8,epoch_end,4.0,3,mqar_case,512x128,valid/mqar_case/accuracy-512x128,0.9978125
gdn-h2-ev10-usegate0-s124-d123,gdn-h2-ev10-s124-d123-b64-ga4-fp32-noearly4ep,20260520_gdn_h2_ev10_multiseed_followup,b64_ga4_fp32_official,0,124,123,2,10,b64_ga4,float32,float32,1,mid_epoch,0.5,0,mqar_case,512x64,valid/mqar_case/accuracy-512x64,0.99759375
gdn-h2-ev10-usegate0-s124-d123,gdn-h2-ev10-s124-d123-b64-ga4-fp32-noearly4ep,20260520_gdn_h2_ev10_multiseed_followup,b64_ga4_fp32_official,0,124,123,2,10,b64_ga4,float32,float32,2,epoch_end,1.0,0,mqar_case,512x64,valid/mqar_case/accuracy-512x64,0.999609375
gdn-h2-ev10-usegate0-s124-d123,gdn-h2-ev10-s124-d123-b64-ga4-fp32-noearly4ep,20260520_gdn_h2_ev10_multiseed_followup,b64_ga4_fp32_official,0,124,123,2,10,b64_ga4,float32,float32,3,mid_epoch,1.5,1,mqar_case,512x64,valid/mqar_case/accuracy-512x64,0.999734375
gdn-h2-ev10-usegate0-s124-d123,gdn-h2-ev10-s124-d123-b64-ga4-fp32-noearly4ep,20260520_gdn_h2_ev10_multiseed_followup,b64_ga4_fp32_official,0,124,123,2,10,b64_ga4,float32,float32,4,epoch_end,2.0,1,mqar_case,512x64,valid/mqar_case/accuracy-512x64,0.99978125
gdn-h2-ev10-usegate0-s124-d123,gdn-h2-ev10-s124-d123-b64-ga4-fp32-noearly4ep,20260520_gdn_h2_ev10_multiseed_followup,b64_ga4_fp32_official,0,124,123,2,10,b64_ga4,float32,float32,5,mid_epoch,2.5,2,mqar_case,512x64,valid/mqar_case/accuracy-512x64,0.999796875
gdn-h2-ev10-usegate0-s124-d123,gdn-h2-ev10-s124-d123-b64-ga4-fp32-noearly4ep,20260520_gdn_h2_ev10_multiseed_followup,b64_ga4_fp32_official,0,124,123,2,10,b64_ga4,float32,float32,6,epoch_end,3.0,2,mqar_case,512x64,valid/mqar_case/accuracy-512x64,0.99984375
gdn-h2-ev10-usegate0-s124-d123,gdn-h2-ev10-s124-d123-b64-ga4-fp32-noearly4ep,20260520_gdn_h2_ev10_multiseed_followup,b64_ga4_fp32_official,0,124,123,2,10,b64_ga4,float32,float32,7,mid_epoch,3.5,3,mqar_case,512x64,valid/mqar_case/accuracy-512x64,0.9998125
gdn-h2-ev10-usegate0-s124-d123,gdn-h2-ev10-s124-d123-b64-ga4-fp32-noearly4ep,20260520_gdn_h2_ev10_multiseed_followup,b64_ga4_fp32_official,0,124,123,2,10,b64_ga4,float32,float32,8,epoch_end,4.0,3,mqar_case,512x64,valid/mqar_case/accuracy-512x64,0.999828125
gdn-h2-ev10-usegate0-s124-d123,gdn-h2-ev10-s124-d123-b64-ga4-fp32-noearly4ep,20260520_gdn_h2_ev10_multiseed_followup,b64_ga4_fp32_official,0,124,123,2,10,b64_ga4,float32,float32,1,mid_epoch,0.5,0,mqar_case,64x16,valid/mqar_case/accuracy-64x16,1.0
gdn-h2-ev10-usegate0-s124-d123,gdn-h2-ev10-s124-d123-b64-ga4-fp32-noearly4ep,20260520_gdn_h2_ev10_multiseed_followup,b64_ga4_fp32_official,0,124,123,2,10,b64_ga4,float32,float32,2,epoch_end,1.0,0,mqar_case,64x16,valid/mqar_case/accuracy-64x16,1.0
gdn-h2-ev10-usegate0-s124-d123,gdn-h2-ev10-s124-d123-b64-ga4-fp32-noearly4ep,20260520_gdn_h2_ev10_multiseed_followup,b64_ga4_fp32_official,0,124,123,2,10,b64_ga4,float32,float32,3,mid_epoch,1.5,1,mqar_case,64x16,valid/mqar_case/accuracy-64x16,1.0
gdn-h2-ev10-usegate0-s124-d123,gdn-h2-ev10-s124-d123-b64-ga4-fp32-noearly4ep,20260520_gdn_h2_ev10_multiseed_followup,b64_ga4_fp32_official,0,124,123,2,10,b64_ga4,float32,float32,4,epoch_end,2.0,1,mqar_case,64x16,valid/mqar_case/accuracy-64x16,1.0
gdn-h2-ev10-usegate0-s124-d123,gdn-h2-ev10-s124-d123-b64-ga4-fp32-noearly4ep,20260520_gdn_h2_ev10_multiseed_followup,b64_ga4_fp32_official,0,124,123,2,10,b64_ga4,float32,float32,5,mid_epoch,2.5,2,mqar_case,64x16,valid/mqar_case/accuracy-64x16,1.0
gdn-h2-ev10-usegate0-s124-d123,gdn-h2-ev10-s124-d123-b64-ga4-fp32-noearly4ep,20260520_gdn_h2_ev10_multiseed_followup,b64_ga4_fp32_official,0,124,123,2,10,b64_ga4,float32,float32,6,epoch_end,3.0,2,mqar_case,64x16,valid/mqar_case/accuracy-64x16,1.0
gdn-h2-ev10-usegate0-s124-d123,gdn-h2-ev10-s124-d123-b64-ga4-fp32-noearly4ep,20260520_gdn_h2_ev10_multiseed_followup,b64_ga4_fp32_official,0,124,123,2,10,b64_ga4,float32,float32,7,mid_epoch,3.5,3,mqar_case,64x16,valid/mqar_case/accuracy-64x16,1.0
gdn-h2-ev10-usegate0-s124-d123,gdn-h2-ev10-s124-d123-b64-ga4-fp32-noearly4ep,20260520_gdn_h2_ev10_multiseed_followup,b64_ga4_fp32_official,0,124,123,2,10,b64_ga4,float32,float32,8,epoch_end,4.0,3,mqar_case,64x16,valid/mqar_case/accuracy-64x16,1.0
gdn-h2-ev10-usegate0-s124-d123,gdn-h2-ev10-s124-d123-b64-ga4-fp32-noearly4ep,20260520_gdn_h2_ev10_multiseed_followup,b64_ga4_fp32_official,0,124,123,2,10,b64_ga4,float32,float32,1,mid_epoch,0.5,0,mqar_case,64x4,valid/mqar_case/accuracy-64x4,1.0
gdn-h2-ev10-usegate0-s124-d123,gdn-h2-ev10-s124-d123-b64-ga4-fp32-noearly4ep,20260520_gdn_h2_ev10_multiseed_followup,b64_ga4_fp32_official,0,124,123,2,10,b64_ga4,float32,float32,2,epoch_end,1.0,0,mqar_case,64x4,valid/mqar_case/accuracy-64x4,1.0
gdn-h2-ev10-usegate0-s124-d123,gdn-h2-ev10-s124-d123-b64-ga4-fp32-noearly4ep,20260520_gdn_h2_ev10_multiseed_followup,b64_ga4_fp32_official,0,124,123,2,10,b64_ga4,float32,float32,3,mid_epoch,1.5,1,mqar_case,64x4,valid/mqar_case/accuracy-64x4,1.0
gdn-h2-ev10-usegate0-s124-d123,gdn-h2-ev10-s124-d123-b64-ga4-fp32-noearly4ep,20260520_gdn_h2_ev10_multiseed_followup,b64_ga4_fp32_official,0,124,123,2,10,b64_ga4,float32,float32,4,epoch_end,2.0,1,mqar_case,64x4,valid/mqar_case/accuracy-64x4,1.0
gdn-h2-ev10-usegate0-s124-d123,gdn-h2-ev10-s124-d123-b64-ga4-fp32-noearly4ep,20260520_gdn_h2_ev10_multiseed_followup,b64_ga4_fp32_official,0,124,123,2,10,b64_ga4,float32,float32,5,mid_epoch,2.5,2,mqar_case,64x4,valid/mqar_case/accuracy-64x4,1.0
gdn-h2-ev10-usegate0-s124-d123,gdn-h2-ev10-s124-d123-b64-ga4-fp32-noearly4ep,20260520_gdn_h2_ev10_multiseed_followup,b64_ga4_fp32_official,0,124,123,2,10,b64_ga4,float32,float32,6,epoch_end,3.0,2,mqar_case,64x4,valid/mqar_case/accuracy-64x4,1.0
gdn-h2-ev10-usegate0-s124-d123,gdn-h2-ev10-s124-d123-b64-ga4-fp32-noearly4ep,20260520_gdn_h2_ev10_multiseed_followup,b64_ga4_fp32_official,0,124,123,2,10,b64_ga4,float32,float32,7,mid_epoch,3.5,3,mqar_case,64x4,valid/mqar_case/accuracy-64x4,1.0
gdn-h2-ev10-usegate0-s124-d123,gdn-h2-ev10-s124-d123-b64-ga4-fp32-noearly4ep,20260520_gdn_h2_ev10_multiseed_followup,b64_ga4_fp32_official,0,124,123,2,10,b64_ga4,float32,float32,8,epoch_end,4.0,3,mqar_case,64x4,valid/mqar_case/accuracy-64x4,1.0
gdn-h2-ev10-usegate0-s124-d123,gdn-h2-ev10-s124-d123-b64-ga4-fp32-noearly4ep,20260520_gdn_h2_ev10_multiseed_followup,b64_ga4_fp32_official,0,124,123,2,10,b64_ga4,float32,float32,1,mid_epoch,0.5,0,mqar_case,64x8,valid/mqar_case/accuracy-64x8,0.999875
gdn-h2-ev10-usegate0-s124-d123,gdn-h2-ev10-s124-d123-b64-ga4-fp32-noearly4ep,20260520_gdn_h2_ev10_multiseed_followup,b64_ga4_fp32_official,0,124,123,2,10,b64_ga4,float32,float32,2,epoch_end,1.0,0,mqar_case,64x8,valid/mqar_case/accuracy-64x8,0.999875
gdn-h2-ev10-usegate0-s124-d123,gdn-h2-ev10-s124-d123-b64-ga4-fp32-noearly4ep,20260520_gdn_h2_ev10_multiseed_followup,b64_ga4_fp32_official,0,124,123,2,10,b64_ga4,float32,float32,3,mid_epoch,1.5,1,mqar_case,64x8,valid/mqar_case/accuracy-64x8,0.999875
gdn-h2-ev10-usegate0-s124-d123,gdn-h2-ev10-s124-d123-b64-ga4-fp32-noearly4ep,20260520_gdn_h2_ev10_multiseed_followup,b64_ga4_fp32_official,0,124,123,2,10,b64_ga4,float32,float32,4,epoch_end,2.0,1,mqar_case,64x8,valid/mqar_case/accuracy-64x8,1.0
gdn-h2-ev10-usegate0-s124-d123,gdn-h2-ev10-s124-d123-b64-ga4-fp32-noearly4ep,20260520_gdn_h2_ev10_multiseed_followup,b64_ga4_fp32_official,0,124,123,2,10,b64_ga4,float32,float32,5,mid_epoch,2.5,2,mqar_case,64x8,valid/mqar_case/accuracy-64x8,1.0
gdn-h2-ev10-usegate0-s124-d123,gdn-h2-ev10-s124-d123-b64-ga4-fp32-noearly4ep,20260520_gdn_h2_ev10_multiseed_followup,b64_ga4_fp32_official,0,124,123,2,10,b64_ga4,float32,float32,6,epoch_end,3.0,2,mqar_case,64x8,valid/mqar_case/accuracy-64x8,1.0
gdn-h2-ev10-usegate0-s124-d123,gdn-h2-ev10-s124-d123-b64-ga4-fp32-noearly4ep,20260520_gdn_h2_ev10_multiseed_followup,b64_ga4_fp32_official,0,124,123,2,10,b64_ga4,float32,float32,7,mid_epoch,3.5,3,mqar_case,64x8,valid/mqar_case/accuracy-64x8,1.0
gdn-h2-ev10-usegate0-s124-d123,gdn-h2-ev10-s124-d123-b64-ga4-fp32-noearly4ep,20260520_gdn_h2_ev10_multiseed_followup,b64_ga4_fp32_official,0,124,123,2,10,b64_ga4,float32,float32,8,epoch_end,4.0,3,mqar_case,64x8,valid/mqar_case/accuracy-64x8,1.0
gdn-h2-ev10-usegate0-s124-d123,gdn-h2-ev10-s124-d123-b64-ga4-fp32-noearly4ep,20260520_gdn_h2_ev10_multiseed_followup,b64_ga4_fp32_official,0,124,123,2,10,b64_ga4,float32,float32,1,mid_epoch,0.5,0,num_kv_pairs,128,valid/num_kv_pairs/accuracy-128,0.922546875
gdn-h2-ev10-usegate0-s124-d123,gdn-h2-ev10-s124-d123-b64-ga4-fp32-noearly4ep,20260520_gdn_h2_ev10_multiseed_followup,b64_ga4_fp32_official,0,124,123,2,10,b64_ga4,float32,float32,2,epoch_end,1.0,0,num_kv_pairs,128,valid/num_kv_pairs/accuracy-128,0.9904375
gdn-h2-ev10-usegate0-s124-d123,gdn-h2-ev10-s124-d123-b64-ga4-fp32-noearly4ep,20260520_gdn_h2_ev10_multiseed_followup,b64_ga4_fp32_official,0,124,123,2,10,b64_ga4,float32,float32,3,mid_epoch,1.5,1,num_kv_pairs,128,valid/num_kv_pairs/accuracy-128,0.994375
gdn-h2-ev10-usegate0-s124-d123,gdn-h2-ev10-s124-d123-b64-ga4-fp32-noearly4ep,20260520_gdn_h2_ev10_multiseed_followup,b64_ga4_fp32_official,0,124,123,2,10,b64_ga4,float32,float32,4,epoch_end,2.0,1,num_kv_pairs,128,valid/num_kv_pairs/accuracy-128,0.9963125
gdn-h2-ev10-usegate0-s124-d123,gdn-h2-ev10-s124-d123-b64-ga4-fp32-noearly4ep,20260520_gdn_h2_ev10_multiseed_followup,b64_ga4_fp32_official,0,124,123,2,10,b64_ga4,float32,float32,5,mid_epoch,2.5,2,num_kv_pairs,128,valid/num_kv_pairs/accuracy-128,0.9968125
gdn-h2-ev10-usegate0-s124-d123,gdn-h2-ev10-s124-d123-b64-ga4-fp32-noearly4ep,20260520_gdn_h2_ev10_multiseed_followup,b64_ga4_fp32_official,0,124,123,2,10,b64_ga4,float32,float32,6,epoch_end,3.0,2,num_kv_pairs,128,valid/num_kv_pairs/accuracy-128,0.9975625
gdn-h2-ev10-usegate0-s124-d123,gdn-h2-ev10-s124-d123-b64-ga4-fp32-noearly4ep,20260520_gdn_h2_ev10_multiseed_followup,b64_ga4_fp32_official,0,124,123,2,10,b64_ga4,float32,float32,7,mid_epoch,3.5,3,num_kv_pairs,128,valid/num_kv_pairs/accuracy-128,0.997671875
gdn-h2-ev10-usegate0-s124-d123,gdn-h2-ev10-s124-d123-b64-ga4-fp32-noearly4ep,20260520_gdn_h2_ev10_multiseed_followup,b64_ga4_fp32_official,0,124,123,2,10,b64_ga4,float32,float32,8,epoch_end,4.0,3,num_kv_pairs,128,valid/num_kv_pairs/accuracy-128,0.9978125
gdn-h2-ev10-usegate0-s124-d123,gdn-h2-ev10-s124-d123-b64-ga4-fp32-noearly4ep,20260520_gdn_h2_ev10_multiseed_followup,b64_ga4_fp32_official,0,124,123,2,10,b64_ga4,float32,float32,1,mid_epoch,0.5,0,num_kv_pairs,16,valid/num_kv_pairs/accuracy-16,1.0
gdn-h2-ev10-usegate0-s124-d123,gdn-h2-ev10-s124-d123-b64-ga4-fp32-noearly4ep,20260520_gdn_h2_ev10_multiseed_followup,b64_ga4_fp32_official,0,124,123,2,10,b64_ga4,float32,float32,2,epoch_end,1.0,0,num_kv_pairs,16,valid/num_kv_pairs/accuracy-16,1.0
gdn-h2-ev10-usegate0-s124-d123,gdn-h2-ev10-s124-d123-b64-ga4-fp32-noearly4ep,20260520_gdn_h2_ev10_multiseed_followup,b64_ga4_fp32_official,0,124,123,2,10,b64_ga4,float32,float32,3,mid_epoch,1.5,1,num_kv_pairs,16,valid/num_kv_pairs/accuracy-16,1.0
gdn-h2-ev10-usegate0-s124-d123,gdn-h2-ev10-s124-d123-b64-ga4-fp32-noearly4ep,20260520_gdn_h2_ev10_multiseed_followup,b64_ga4_fp32_official,0,124,123,2,10,b64_ga4,float32,float32,4,epoch_end,2.0,1,num_kv_pairs,16,valid/num_kv_pairs/accuracy-16,1.0
gdn-h2-ev10-usegate0-s124-d123,gdn-h2-ev10-s124-d123-b64-ga4-fp32-noearly4ep,20260520_gdn_h2_ev10_multiseed_followup,b64_ga4_fp32_official,0,124,123,2,10,b64_ga4,float32,float32,5,mid_epoch,2.5,2,num_kv_pairs,16,valid/num_kv_pairs/accuracy-16,1.0
gdn-h2-ev10-usegate0-s124-d123,gdn-h2-ev10-s124-d123-b64-ga4-fp32-noearly4ep,20260520_gdn_h2_ev10_multiseed_followup,b64_ga4_fp32_official,0,124,123,2,10,b64_ga4,float32,float32,6,epoch_end,3.0,2,num_kv_pairs,16,valid/num_kv_pairs/accuracy-16,1.0
gdn-h2-ev10-usegate0-s124-d123,gdn-h2-ev10-s124-d123-b64-ga4-fp32-noearly4ep,20260520_gdn_h2_ev10_multiseed_followup,b64_ga4_fp32_official,0,124,123,2,10,b64_ga4,float32,float32,7,mid_epoch,3.5,3,num_kv_pairs,16,valid/num_kv_pairs/accuracy-16,1.0
gdn-h2-ev10-usegate0-s124-d123,gdn-h2-ev10-s124-d123-b64-ga4-fp32-noearly4ep,20260520_gdn_h2_ev10_multiseed_followup,b64_ga4_fp32_official,0,124,123,2,10,b64_ga4,float32,float32,8,epoch_end,4.0,3,num_kv_pairs,16,valid/num_kv_pairs/accuracy-16,1.0
gdn-h2-ev10-usegate0-s124-d123,gdn-h2-ev10-s124-d123-b64-ga4-fp32-noearly4ep,20260520_gdn_h2_ev10_multiseed_followup,b64_ga4_fp32_official,0,124,123,2,10,b64_ga4,float32,float32,1,mid_epoch,0.5,0,num_kv_pairs,256,valid/num_kv_pairs/accuracy-256,0.484265625
gdn-h2-ev10-usegate0-s124-d123,gdn-h2-ev10-s124-d123-b64-ga4-fp32-noearly4ep,20260520_gdn_h2_ev10_multiseed_followup,b64_ga4_fp32_official,0,124,123,2,10,b64_ga4,float32,float32,2,epoch_end,1.0,0,num_kv_pairs,256,valid/num_kv_pairs/accuracy-256,0.73416015625
gdn-h2-ev10-usegate0-s124-d123,gdn-h2-ev10-s124-d123-b64-ga4-fp32-noearly4ep,20260520_gdn_h2_ev10_multiseed_followup,b64_ga4_fp32_official,0,124,123,2,10,b64_ga4,float32,float32,3,mid_epoch,1.5,1,num_kv_pairs,256,valid/num_kv_pairs/accuracy-256,0.77578125
gdn-h2-ev10-usegate0-s124-d123,gdn-h2-ev10-s124-d123-b64-ga4-fp32-noearly4ep,20260520_gdn_h2_ev10_multiseed_followup,b64_ga4_fp32_official,0,124,123,2,10,b64_ga4,float32,float32,4,epoch_end,2.0,1,num_kv_pairs,256,valid/num_kv_pairs/accuracy-256,0.80915234375
gdn-h2-ev10-usegate0-s124-d123,gdn-h2-ev10-s124-d123-b64-ga4-fp32-noearly4ep,20260520_gdn_h2_ev10_multiseed_followup,b64_ga4_fp32_official,0,124,123,2,10,b64_ga4,float32,float32,5,mid_epoch,2.5,2,num_kv_pairs,256,valid/num_kv_pairs/accuracy-256,0.81613671875
gdn-h2-ev10-usegate0-s124-d123,gdn-h2-ev10-s124-d123-b64-ga4-fp32-noearly4ep,20260520_gdn_h2_ev10_multiseed_followup,b64_ga4_fp32_official,0,124,123,2,10,b64_ga4,float32,float32,6,epoch_end,3.0,2,num_kv_pairs,256,valid/num_kv_pairs/accuracy-256,0.83619140625
gdn-h2-ev10-usegate0-s124-d123,gdn-h2-ev10-s124-d123-b64-ga4-fp32-noearly4ep,20260520_gdn_h2_ev10_multiseed_followup,b64_ga4_fp32_official,0,124,123,2,10,b64_ga4,float32,float32,7,mid_epoch,3.5,3,num_kv_pairs,256,valid/num_kv_pairs/accuracy-256,0.83297265625
gdn-h2-ev10-usegate0-s124-d123,gdn-h2-ev10-s124-d123-b64-ga4-fp32-noearly4ep,20260520_gdn_h2_ev10_multiseed_followup,b64_ga4_fp32_official,0,124,123,2,10,b64_ga4,float32,float32,8,epoch_end,4.0,3,num_kv_pairs,256,valid/num_kv_pairs/accuracy-256,0.83710546875
gdn-h2-ev10-usegate0-s124-d123,gdn-h2-ev10-s124-d123-b64-ga4-fp32-noearly4ep,20260520_gdn_h2_ev10_multiseed_followup,b64_ga4_fp32_official,0,124,123,2,10,b64_ga4,float32,float32,1,mid_epoch,0.5,0,num_kv_pairs,32,valid/num_kv_pairs/accuracy-32,0.99996875
gdn-h2-ev10-usegate0-s124-d123,gdn-h2-ev10-s124-d123-b64-ga4-fp32-noearly4ep,20260520_gdn_h2_ev10_multiseed_followup,b64_ga4_fp32_official,0,124,123,2,10,b64_ga4,float32,float32,2,epoch_end,1.0,0,num_kv_pairs,32,valid/num_kv_pairs/accuracy-32,1.0
gdn-h2-ev10-usegate0-s124-d123,gdn-h2-ev10-s124-d123-b64-ga4-fp32-noearly4ep,20260520_gdn_h2_ev10_multiseed_followup,b64_ga4_fp32_official,0,124,123,2,10,b64_ga4,float32,float32,3,mid_epoch,1.5,1,num_kv_pairs,32,valid/num_kv_pairs/accuracy-32,1.0
gdn-h2-ev10-usegate0-s124-d123,gdn-h2-ev10-s124-d123-b64-ga4-fp32-noearly4ep,20260520_gdn_h2_ev10_multiseed_followup,b64_ga4_fp32_official,0,124,123,2,10,b64_ga4,float32,float32,4,epoch_end,2.0,1,num_kv_pairs,32,valid/num_kv_pairs/accuracy-32,1.0
gdn-h2-ev10-usegate0-s124-d123,gdn-h2-ev10-s124-d123-b64-ga4-fp32-noearly4ep,20260520_gdn_h2_ev10_multiseed_followup,b64_ga4_fp32_official,0,124,123,2,10,b64_ga4,float32,float32,5,mid_epoch,2.5,2,num_kv_pairs,32,valid/num_kv_pairs/accuracy-32,1.0
gdn-h2-ev10-usegate0-s124-d123,gdn-h2-ev10-s124-d123-b64-ga4-fp32-noearly4ep,20260520_gdn_h2_ev10_multiseed_followup,b64_ga4_fp32_official,0,124,123,2,10,b64_ga4,float32,float32,6,epoch_end,3.0,2,num_kv_pairs,32,valid/num_kv_pairs/accuracy-32,1.0
gdn-h2-ev10-usegate0-s124-d123,gdn-h2-ev10-s124-d123-b64-ga4-fp32-noearly4ep,20260520_gdn_h2_ev10_multiseed_followup,b64_ga4_fp32_official,0,124,123,2,10,b64_ga4,float32,float32,7,mid_epoch,3.5,3,num_kv_pairs,32,valid/num_kv_pairs/accuracy-32,1.0
gdn-h2-ev10-usegate0-s124-d123,gdn-h2-ev10-s124-d123-b64-ga4-fp32-noearly4ep,20260520_gdn_h2_ev10_multiseed_followup,b64_ga4_fp32_official,0,124,123,2,10,b64_ga4,float32,float32,8,epoch_end,4.0,3,num_kv_pairs,32,valid/num_kv_pairs/accuracy-32,1.0
gdn-h2-ev10-usegate0-s124-d123,gdn-h2-ev10-s124-d123-b64-ga4-fp32-noearly4ep,20260520_gdn_h2_ev10_multiseed_followup,b64_ga4_fp32_official,0,124,123,2,10,b64_ga4,float32,float32,1,mid_epoch,0.5,0,num_kv_pairs,4,valid/num_kv_pairs/accuracy-4,1.0
gdn-h2-ev10-usegate0-s124-d123,gdn-h2-ev10-s124-d123-b64-ga4-fp32-noearly4ep,20260520_gdn_h2_ev10_multiseed_followup,b64_ga4_fp32_official,0,124,123,2,10,b64_ga4,float32,float32,2,epoch_end,1.0,0,num_kv_pairs,4,valid/num_kv_pairs/accuracy-4,1.0
gdn-h2-ev10-usegate0-s124-d123,gdn-h2-ev10-s124-d123-b64-ga4-fp32-noearly4ep,20260520_gdn_h2_ev10_multiseed_followup,b64_ga4_fp32_official,0,124,123,2,10,b64_ga4,float32,float32,3,mid_epoch,1.5,1,num_kv_pairs,4,valid/num_kv_pairs/accuracy-4,1.0
gdn-h2-ev10-usegate0-s124-d123,gdn-h2-ev10-s124-d123-b64-ga4-fp32-noearly4ep,20260520_gdn_h2_ev10_multiseed_followup,b64_ga4_fp32_official,0,124,123,2,10,b64_ga4,float32,float32,4,epoch_end,2.0,1,num_kv_pairs,4,valid/num_kv_pairs/accuracy-4,1.0
gdn-h2-ev10-usegate0-s124-d123,gdn-h2-ev10-s124-d123-b64-ga4-fp32-noearly4ep,20260520_gdn_h2_ev10_multiseed_followup,b64_ga4_fp32_official,0,124,123,2,10,b64_ga4,float32,float32,5,mid_epoch,2.5,2,num_kv_pairs,4,valid/num_kv_pairs/accuracy-4,1.0
gdn-h2-ev10-usegate0-s124-d123,gdn-h2-ev10-s124-d123-b64-ga4-fp32-noearly4ep,20260520_gdn_h2_ev10_multiseed_followup,b64_ga4_fp32_official,0,124,123,2,10,b64_ga4,float32,float32,6,epoch_end,3.0,2,num_kv_pairs,4,valid/num_kv_pairs/accuracy-4,1.0
gdn-h2-ev10-usegate0-s124-d123,gdn-h2-ev10-s124-d123-b64-ga4-fp32-noearly4ep,20260520_gdn_h2_ev10_multiseed_followup,b64_ga4_fp32_official,0,124,123,2,10,b64_ga4,float32,float32,7,mid_epoch,3.5,3,num_kv_pairs,4,valid/num_kv_pairs/accuracy-4,1.0
gdn-h2-ev10-usegate0-s124-d123,gdn-h2-ev10-s124-d123-b64-ga4-fp32-noearly4ep,20260520_gdn_h2_ev10_multiseed_followup,b64_ga4_fp32_official,0,124,123,2,10,b64_ga4,float32,float32,8,epoch_end,4.0,3,num_kv_pairs,4,valid/num_kv_pairs/accuracy-4,1.0
gdn-h2-ev10-usegate0-s124-d123,gdn-h2-ev10-s124-d123-b64-ga4-fp32-noearly4ep,20260520_gdn_h2_ev10_multiseed_followup,b64_ga4_fp32_official,0,124,123,2,10,b64_ga4,float32,float32,1,mid_epoch,0.5,0,num_kv_pairs,64,valid/num_kv_pairs/accuracy-64,0.998109375
gdn-h2-ev10-usegate0-s124-d123,gdn-h2-ev10-s124-d123-b64-ga4-fp32-noearly4ep,20260520_gdn_h2_ev10_multiseed_followup,b64_ga4_fp32_official,0,124,123,2,10,b64_ga4,float32,float32,2,epoch_end,1.0,0,num_kv_pairs,64,valid/num_kv_pairs/accuracy-64,0.999765625
gdn-h2-ev10-usegate0-s124-d123,gdn-h2-ev10-s124-d123-b64-ga4-fp32-noearly4ep,20260520_gdn_h2_ev10_multiseed_followup,b64_ga4_fp32_official,0,124,123,2,10,b64_ga4,float32,float32,3,mid_epoch,1.5,1,num_kv_pairs,64,valid/num_kv_pairs/accuracy-64,0.999828125
gdn-h2-ev10-usegate0-s124-d123,gdn-h2-ev10-s124-d123-b64-ga4-fp32-noearly4ep,20260520_gdn_h2_ev10_multiseed_followup,b64_ga4_fp32_official,0,124,123,2,10,b64_ga4,float32,float32,4,epoch_end,2.0,1,num_kv_pairs,64,valid/num_kv_pairs/accuracy-64,0.999875
gdn-h2-ev10-usegate0-s124-d123,gdn-h2-ev10-s124-d123-b64-ga4-fp32-noearly4ep,20260520_gdn_h2_ev10_multiseed_followup,b64_ga4_fp32_official,0,124,123,2,10,b64_ga4,float32,float32,5,mid_epoch,2.5,2,num_kv_pairs,64,valid/num_kv_pairs/accuracy-64,0.999890625
gdn-h2-ev10-usegate0-s124-d123,gdn-h2-ev10-s124-d123-b64-ga4-fp32-noearly4ep,20260520_gdn_h2_ev10_multiseed_followup,b64_ga4_fp32_official,0,124,123,2,10,b64_ga4,float32,float32,6,epoch_end,3.0,2,num_kv_pairs,64,valid/num_kv_pairs/accuracy-64,0.9999140625
gdn-h2-ev10-usegate0-s124-d123,gdn-h2-ev10-s124-d123-b64-ga4-fp32-noearly4ep,20260520_gdn_h2_ev10_multiseed_followup,b64_ga4_fp32_official,0,124,123,2,10,b64_ga4,float32,float32,7,mid_epoch,3.5,3,num_kv_pairs,64,valid/num_kv_pairs/accuracy-64,0.9998984375
gdn-h2-ev10-usegate0-s124-d123,gdn-h2-ev10-s124-d123-b64-ga4-fp32-noearly4ep,20260520_gdn_h2_ev10_multiseed_followup,b64_ga4_fp32_official,0,124,123,2,10,b64_ga4,float32,float32,8,epoch_end,4.0,3,num_kv_pairs,64,valid/num_kv_pairs/accuracy-64,0.99990625
gdn-h2-ev10-usegate0-s124-d123,gdn-h2-ev10-s124-d123-b64-ga4-fp32-noearly4ep,20260520_gdn_h2_ev10_multiseed_followup,b64_ga4_fp32_official,0,124,123,2,10,b64_ga4,float32,float32,1,mid_epoch,0.5,0,num_kv_pairs,8,valid/num_kv_pairs/accuracy-8,0.999875
gdn-h2-ev10-usegate0-s124-d123,gdn-h2-ev10-s124-d123-b64-ga4-fp32-noearly4ep,20260520_gdn_h2_ev10_multiseed_followup,b64_ga4_fp32_official,0,124,123,2,10,b64_ga4,float32,float32,2,epoch_end,1.0,0,num_kv_pairs,8,valid/num_kv_pairs/accuracy-8,0.999875
gdn-h2-ev10-usegate0-s124-d123,gdn-h2-ev10-s124-d123-b64-ga4-fp32-noearly4ep,20260520_gdn_h2_ev10_multiseed_followup,b64_ga4_fp32_official,0,124,123,2,10,b64_ga4,float32,float32,3,mid_epoch,1.5,1,num_kv_pairs,8,valid/num_kv_pairs/accuracy-8,0.999875
gdn-h2-ev10-usegate0-s124-d123,gdn-h2-ev10-s124-d123-b64-ga4-fp32-noearly4ep,20260520_gdn_h2_ev10_multiseed_followup,b64_ga4_fp32_official,0,124,123,2,10,b64_ga4,float32,float32,4,epoch_end,2.0,1,num_kv_pairs,8,valid/num_kv_pairs/accuracy-8,1.0
gdn-h2-ev10-usegate0-s124-d123,gdn-h2-ev10-s124-d123-b64-ga4-fp32-noearly4ep,20260520_gdn_h2_ev10_multiseed_followup,b64_ga4_fp32_official,0,124,123,2,10,b64_ga4,float32,float32,5,mid_epoch,2.5,2,num_kv_pairs,8,valid/num_kv_pairs/accuracy-8,1.0
gdn-h2-ev10-usegate0-s124-d123,gdn-h2-ev10-s124-d123-b64-ga4-fp32-noearly4ep,20260520_gdn_h2_ev10_multiseed_followup,b64_ga4_fp32_official,0,124,123,2,10,b64_ga4,float32,float32,6,epoch_end,3.0,2,num_kv_pairs,8,valid/num_kv_pairs/accuracy-8,1.0
gdn-h2-ev10-usegate0-s124-d123,gdn-h2-ev10-s124-d123-b64-ga4-fp32-noearly4ep,20260520_gdn_h2_ev10_multiseed_followup,b64_ga4_fp32_official,0,124,123,2,10,b64_ga4,float32,float32,7,mid_epoch,3.5,3,num_kv_pairs,8,valid/num_kv_pairs/accuracy-8,1.0
gdn-h2-ev10-usegate0-s124-d123,gdn-h2-ev10-s124-d123-b64-ga4-fp32-noearly4ep,20260520_gdn_h2_ev10_multiseed_followup,b64_ga4_fp32_official,0,124,123,2,10,b64_ga4,float32,float32,8,epoch_end,4.0,3,num_kv_pairs,8,valid/num_kv_pairs/accuracy-8,1.0
gdn-h2-ev10-usegate0-s125-d123,gdn-h2-ev10-s125-d123-b64-ga4-fp32-noearly4ep,20260520_gdn_h2_ev10_multiseed_followup,b64_ga4_fp32_official,1,125,123,2,10,b64_ga4,float32,float32,1,mid_epoch,0.5,0,input_seq_len,1024,valid/input_seq_len/accuracy-1024,0.48576953125
gdn-h2-ev10-usegate0-s125-d123,gdn-h2-ev10-s125-d123-b64-ga4-fp32-noearly4ep,20260520_gdn_h2_ev10_multiseed_followup,b64_ga4_fp32_official,1,125,123,2,10,b64_ga4,float32,float32,2,epoch_end,1.0,0,input_seq_len,1024,valid/input_seq_len/accuracy-1024,0.71530078125
gdn-h2-ev10-usegate0-s125-d123,gdn-h2-ev10-s125-d123-b64-ga4-fp32-noearly4ep,20260520_gdn_h2_ev10_multiseed_followup,b64_ga4_fp32_official,1,125,123,2,10,b64_ga4,float32,float32,3,mid_epoch,1.5,1,input_seq_len,1024,valid/input_seq_len/accuracy-1024,0.75187890625
gdn-h2-ev10-usegate0-s125-d123,gdn-h2-ev10-s125-d123-b64-ga4-fp32-noearly4ep,20260520_gdn_h2_ev10_multiseed_followup,b64_ga4_fp32_official,1,125,123,2,10,b64_ga4,float32,float32,4,epoch_end,2.0,1,input_seq_len,1024,valid/input_seq_len/accuracy-1024,0.78877734375
gdn-h2-ev10-usegate0-s125-d123,gdn-h2-ev10-s125-d123-b64-ga4-fp32-noearly4ep,20260520_gdn_h2_ev10_multiseed_followup,b64_ga4_fp32_official,1,125,123,2,10,b64_ga4,float32,float32,5,mid_epoch,2.5,2,input_seq_len,1024,valid/input_seq_len/accuracy-1024,0.80175
gdn-h2-ev10-usegate0-s125-d123,gdn-h2-ev10-s125-d123-b64-ga4-fp32-noearly4ep,20260520_gdn_h2_ev10_multiseed_followup,b64_ga4_fp32_official,1,125,123,2,10,b64_ga4,float32,float32,6,epoch_end,3.0,2,input_seq_len,1024,valid/input_seq_len/accuracy-1024,0.816328125
gdn-h2-ev10-usegate0-s125-d123,gdn-h2-ev10-s125-d123-b64-ga4-fp32-noearly4ep,20260520_gdn_h2_ev10_multiseed_followup,b64_ga4_fp32_official,1,125,123,2,10,b64_ga4,float32,float32,7,mid_epoch,3.5,3,input_seq_len,1024,valid/input_seq_len/accuracy-1024,0.8176640625
gdn-h2-ev10-usegate0-s125-d123,gdn-h2-ev10-s125-d123-b64-ga4-fp32-noearly4ep,20260520_gdn_h2_ev10_multiseed_followup,b64_ga4_fp32_official,1,125,123,2,10,b64_ga4,float32,float32,8,epoch_end,4.0,3,input_seq_len,1024,valid/input_seq_len/accuracy-1024,0.82569921875
gdn-h2-ev10-usegate0-s125-d123,gdn-h2-ev10-s125-d123-b64-ga4-fp32-noearly4ep,20260520_gdn_h2_ev10_multiseed_followup,b64_ga4_fp32_official,1,125,123,2,10,b64_ga4,float32,float32,1,mid_epoch,0.5,0,input_seq_len,128,valid/input_seq_len/accuracy-128,0.999875
gdn-h2-ev10-usegate0-s125-d123,gdn-h2-ev10-s125-d123-b64-ga4-fp32-noearly4ep,20260520_gdn_h2_ev10_multiseed_followup,b64_ga4_fp32_official,1,125,123,2,10,b64_ga4,float32,float32,2,epoch_end,1.0,0,input_seq_len,128,valid/input_seq_len/accuracy-128,0.99996875
gdn-h2-ev10-usegate0-s125-d123,gdn-h2-ev10-s125-d123-b64-ga4-fp32-noearly4ep,20260520_gdn_h2_ev10_multiseed_followup,b64_ga4_fp32_official,1,125,123,2,10,b64_ga4,float32,float32,3,mid_epoch,1.5,1,input_seq_len,128,valid/input_seq_len/accuracy-128,1.0
gdn-h2-ev10-usegate0-s125-d123,gdn-h2-ev10-s125-d123-b64-ga4-fp32-noearly4ep,20260520_gdn_h2_ev10_multiseed_followup,b64_ga4_fp32_official,1,125,123,2,10,b64_ga4,float32,float32,4,epoch_end,2.0,1,input_seq_len,128,valid/input_seq_len/accuracy-128,0.99996875
gdn-h2-ev10-usegate0-s125-d123,gdn-h2-ev10-s125-d123-b64-ga4-fp32-noearly4ep,20260520_gdn_h2_ev10_multiseed_followup,b64_ga4_fp32_official,1,125,123,2,10,b64_ga4,float32,float32,5,mid_epoch,2.5,2,input_seq_len,128,valid/input_seq_len/accuracy-128,1.0
gdn-h2-ev10-usegate0-s125-d123,gdn-h2-ev10-s125-d123-b64-ga4-fp32-noearly4ep,20260520_gdn_h2_ev10_multiseed_followup,b64_ga4_fp32_official,1,125,123,2,10,b64_ga4,float32,float32,6,epoch_end,3.0,2,input_seq_len,128,valid/input_seq_len/accuracy-128,0.99996875
gdn-h2-ev10-usegate0-s125-d123,gdn-h2-ev10-s125-d123-b64-ga4-fp32-noearly4ep,20260520_gdn_h2_ev10_multiseed_followup,b64_ga4_fp32_official,1,125,123,2,10,b64_ga4,float32,float32,7,mid_epoch,3.5,3,input_seq_len,128,valid/input_seq_len/accuracy-128,0.99996875
gdn-h2-ev10-usegate0-s125-d123,gdn-h2-ev10-s125-d123-b64-ga4-fp32-noearly4ep,20260520_gdn_h2_ev10_multiseed_followup,b64_ga4_fp32_official,1,125,123,2,10,b64_ga4,float32,float32,8,epoch_end,4.0,3,input_seq_len,128,valid/input_seq_len/accuracy-128,1.0
gdn-h2-ev10-usegate0-s125-d123,gdn-h2-ev10-s125-d123-b64-ga4-fp32-noearly4ep,20260520_gdn_h2_ev10_multiseed_followup,b64_ga4_fp32_official,1,125,123,2,10,b64_ga4,float32,float32,1,mid_epoch,0.5,0,input_seq_len,256,valid/input_seq_len/accuracy-256,0.998296875
gdn-h2-ev10-usegate0-s125-d123,gdn-h2-ev10-s125-d123-b64-ga4-fp32-noearly4ep,20260520_gdn_h2_ev10_multiseed_followup,b64_ga4_fp32_official,1,125,123,2,10,b64_ga4,float32,float32,2,epoch_end,1.0,0,input_seq_len,256,valid/input_seq_len/accuracy-256,0.999875
gdn-h2-ev10-usegate0-s125-d123,gdn-h2-ev10-s125-d123-b64-ga4-fp32-noearly4ep,20260520_gdn_h2_ev10_multiseed_followup,b64_ga4_fp32_official,1,125,123,2,10,b64_ga4,float32,float32,3,mid_epoch,1.5,1,input_seq_len,256,valid/input_seq_len/accuracy-256,0.999921875
gdn-h2-ev10-usegate0-s125-d123,gdn-h2-ev10-s125-d123-b64-ga4-fp32-noearly4ep,20260520_gdn_h2_ev10_multiseed_followup,b64_ga4_fp32_official,1,125,123,2,10,b64_ga4,float32,float32,4,epoch_end,2.0,1,input_seq_len,256,valid/input_seq_len/accuracy-256,0.99996875
gdn-h2-ev10-usegate0-s125-d123,gdn-h2-ev10-s125-d123-b64-ga4-fp32-noearly4ep,20260520_gdn_h2_ev10_multiseed_followup,b64_ga4_fp32_official,1,125,123,2,10,b64_ga4,float32,float32,5,mid_epoch,2.5,2,input_seq_len,256,valid/input_seq_len/accuracy-256,0.999953125
gdn-h2-ev10-usegate0-s125-d123,gdn-h2-ev10-s125-d123-b64-ga4-fp32-noearly4ep,20260520_gdn_h2_ev10_multiseed_followup,b64_ga4_fp32_official,1,125,123,2,10,b64_ga4,float32,float32,6,epoch_end,3.0,2,input_seq_len,256,valid/input_seq_len/accuracy-256,0.999984375
gdn-h2-ev10-usegate0-s125-d123,gdn-h2-ev10-s125-d123-b64-ga4-fp32-noearly4ep,20260520_gdn_h2_ev10_multiseed_followup,b64_ga4_fp32_official,1,125,123,2,10,b64_ga4,float32,float32,7,mid_epoch,3.5,3,input_seq_len,256,valid/input_seq_len/accuracy-256,0.999984375
gdn-h2-ev10-usegate0-s125-d123,gdn-h2-ev10-s125-d123-b64-ga4-fp32-noearly4ep,20260520_gdn_h2_ev10_multiseed_followup,b64_ga4_fp32_official,1,125,123,2,10,b64_ga4,float32,float32,8,epoch_end,4.0,3,input_seq_len,256,valid/input_seq_len/accuracy-256,0.99996875
gdn-h2-ev10-usegate0-s125-d123,gdn-h2-ev10-s125-d123-b64-ga4-fp32-noearly4ep,20260520_gdn_h2_ev10_multiseed_followup,b64_ga4_fp32_official,1,125,123,2,10,b64_ga4,float32,float32,1,mid_epoch,0.5,0,input_seq_len,512,valid/input_seq_len/accuracy-512,0.9619609375
gdn-h2-ev10-usegate0-s125-d123,gdn-h2-ev10-s125-d123-b64-ga4-fp32-noearly4ep,20260520_gdn_h2_ev10_multiseed_followup,b64_ga4_fp32_official,1,125,123,2,10,b64_ga4,float32,float32,2,epoch_end,1.0,0,input_seq_len,512,valid/input_seq_len/accuracy-512,0.99329296875
gdn-h2-ev10-usegate0-s125-d123,gdn-h2-ev10-s125-d123-b64-ga4-fp32-noearly4ep,20260520_gdn_h2_ev10_multiseed_followup,b64_ga4_fp32_official,1,125,123,2,10,b64_ga4,float32,float32,3,mid_epoch,1.5,1,input_seq_len,512,valid/input_seq_len/accuracy-512,0.99536328125
gdn-h2-ev10-usegate0-s125-d123,gdn-h2-ev10-s125-d123-b64-ga4-fp32-noearly4ep,20260520_gdn_h2_ev10_multiseed_followup,b64_ga4_fp32_official,1,125,123,2,10,b64_ga4,float32,float32,4,epoch_end,2.0,1,input_seq_len,512,valid/input_seq_len/accuracy-512,0.9970234375
gdn-h2-ev10-usegate0-s125-d123,gdn-h2-ev10-s125-d123-b64-ga4-fp32-noearly4ep,20260520_gdn_h2_ev10_multiseed_followup,b64_ga4_fp32_official,1,125,123,2,10,b64_ga4,float32,float32,5,mid_epoch,2.5,2,input_seq_len,512,valid/input_seq_len/accuracy-512,0.99740625
gdn-h2-ev10-usegate0-s125-d123,gdn-h2-ev10-s125-d123-b64-ga4-fp32-noearly4ep,20260520_gdn_h2_ev10_multiseed_followup,b64_ga4_fp32_official,1,125,123,2,10,b64_ga4,float32,float32,6,epoch_end,3.0,2,input_seq_len,512,valid/input_seq_len/accuracy-512,0.997921875
gdn-h2-ev10-usegate0-s125-d123,gdn-h2-ev10-s125-d123-b64-ga4-fp32-noearly4ep,20260520_gdn_h2_ev10_multiseed_followup,b64_ga4_fp32_official,1,125,123,2,10,b64_ga4,float32,float32,7,mid_epoch,3.5,3,input_seq_len,512,valid/input_seq_len/accuracy-512,0.99797265625
gdn-h2-ev10-usegate0-s125-d123,gdn-h2-ev10-s125-d123-b64-ga4-fp32-noearly4ep,20260520_gdn_h2_ev10_multiseed_followup,b64_ga4_fp32_official,1,125,123,2,10,b64_ga4,float32,float32,8,epoch_end,4.0,3,input_seq_len,512,valid/input_seq_len/accuracy-512,0.99818359375
gdn-h2-ev10-usegate0-s125-d123,gdn-h2-ev10-s125-d123-b64-ga4-fp32-noearly4ep,20260520_gdn_h2_ev10_multiseed_followup,b64_ga4_fp32_official,1,125,123,2,10,b64_ga4,float32,float32,1,mid_epoch,0.5,0,input_seq_len,64,valid/input_seq_len/accuracy-64,0.999875
gdn-h2-ev10-usegate0-s125-d123,gdn-h2-ev10-s125-d123-b64-ga4-fp32-noearly4ep,20260520_gdn_h2_ev10_multiseed_followup,b64_ga4_fp32_official,1,125,123,2,10,b64_ga4,float32,float32,2,epoch_end,1.0,0,input_seq_len,64,valid/input_seq_len/accuracy-64,0.999875
gdn-h2-ev10-usegate0-s125-d123,gdn-h2-ev10-s125-d123-b64-ga4-fp32-noearly4ep,20260520_gdn_h2_ev10_multiseed_followup,b64_ga4_fp32_official,1,125,123,2,10,b64_ga4,float32,float32,3,mid_epoch,1.5,1,input_seq_len,64,valid/input_seq_len/accuracy-64,0.999875
gdn-h2-ev10-usegate0-s125-d123,gdn-h2-ev10-s125-d123-b64-ga4-fp32-noearly4ep,20260520_gdn_h2_ev10_multiseed_followup,b64_ga4_fp32_official,1,125,123,2,10,b64_ga4,float32,float32,4,epoch_end,2.0,1,input_seq_len,64,valid/input_seq_len/accuracy-64,0.999875
gdn-h2-ev10-usegate0-s125-d123,gdn-h2-ev10-s125-d123-b64-ga4-fp32-noearly4ep,20260520_gdn_h2_ev10_multiseed_followup,b64_ga4_fp32_official,1,125,123,2,10,b64_ga4,float32,float32,5,mid_epoch,2.5,2,input_seq_len,64,valid/input_seq_len/accuracy-64,0.999875
gdn-h2-ev10-usegate0-s125-d123,gdn-h2-ev10-s125-d123-b64-ga4-fp32-noearly4ep,20260520_gdn_h2_ev10_multiseed_followup,b64_ga4_fp32_official,1,125,123,2,10,b64_ga4,float32,float32,6,epoch_end,3.0,2,input_seq_len,64,valid/input_seq_len/accuracy-64,0.999875
gdn-h2-ev10-usegate0-s125-d123,gdn-h2-ev10-s125-d123-b64-ga4-fp32-noearly4ep,20260520_gdn_h2_ev10_multiseed_followup,b64_ga4_fp32_official,1,125,123,2,10,b64_ga4,float32,float32,7,mid_epoch,3.5,3,input_seq_len,64,valid/input_seq_len/accuracy-64,0.999875
gdn-h2-ev10-usegate0-s125-d123,gdn-h2-ev10-s125-d123-b64-ga4-fp32-noearly4ep,20260520_gdn_h2_ev10_multiseed_followup,b64_ga4_fp32_official,1,125,123,2,10,b64_ga4,float32,float32,8,epoch_end,4.0,3,input_seq_len,64,valid/input_seq_len/accuracy-64,0.999875
gdn-h2-ev10-usegate0-s125-d123,gdn-h2-ev10-s125-d123-b64-ga4-fp32-noearly4ep,20260520_gdn_h2_ev10_multiseed_followup,b64_ga4_fp32_official,1,125,123,2,10,b64_ga4,float32,float32,1,mid_epoch,0.5,0,mqar_case,1024x256,valid/mqar_case/accuracy-1024x256,0.48576953125
gdn-h2-ev10-usegate0-s125-d123,gdn-h2-ev10-s125-d123-b64-ga4-fp32-noearly4ep,20260520_gdn_h2_ev10_multiseed_followup,b64_ga4_fp32_official,1,125,123,2,10,b64_ga4,float32,float32,2,epoch_end,1.0,0,mqar_case,1024x256,valid/mqar_case/accuracy-1024x256,0.71530078125
gdn-h2-ev10-usegate0-s125-d123,gdn-h2-ev10-s125-d123-b64-ga4-fp32-noearly4ep,20260520_gdn_h2_ev10_multiseed_followup,b64_ga4_fp32_official,1,125,123,2,10,b64_ga4,float32,float32,3,mid_epoch,1.5,1,mqar_case,1024x256,valid/mqar_case/accuracy-1024x256,0.75187890625
gdn-h2-ev10-usegate0-s125-d123,gdn-h2-ev10-s125-d123-b64-ga4-fp32-noearly4ep,20260520_gdn_h2_ev10_multiseed_followup,b64_ga4_fp32_official,1,125,123,2,10,b64_ga4,float32,float32,4,epoch_end,2.0,1,mqar_case,1024x256,valid/mqar_case/accuracy-1024x256,0.78877734375
gdn-h2-ev10-usegate0-s125-d123,gdn-h2-ev10-s125-d123-b64-ga4-fp32-noearly4ep,20260520_gdn_h2_ev10_multiseed_followup,b64_ga4_fp32_official,1,125,123,2,10,b64_ga4,float32,float32,5,mid_epoch,2.5,2,mqar_case,1024x256,valid/mqar_case/accuracy-1024x256,0.80175
gdn-h2-ev10-usegate0-s125-d123,gdn-h2-ev10-s125-d123-b64-ga4-fp32-noearly4ep,20260520_gdn_h2_ev10_multiseed_followup,b64_ga4_fp32_official,1,125,123,2,10,b64_ga4,float32,float32,6,epoch_end,3.0,2,mqar_case,1024x256,valid/mqar_case/accuracy-1024x256,0.816328125
gdn-h2-ev10-usegate0-s125-d123,gdn-h2-ev10-s125-d123-b64-ga4-fp32-noearly4ep,20260520_gdn_h2_ev10_multiseed_followup,b64_ga4_fp32_official,1,125,123,2,10,b64_ga4,float32,float32,7,mid_epoch,3.5,3,mqar_case,1024x256,valid/mqar_case/accuracy-1024x256,0.8176640625
gdn-h2-ev10-usegate0-s125-d123,gdn-h2-ev10-s125-d123-b64-ga4-fp32-noearly4ep,20260520_gdn_h2_ev10_multiseed_followup,b64_ga4_fp32_official,1,125,123,2,10,b64_ga4,float32,float32,8,epoch_end,4.0,3,mqar_case,1024x256,valid/mqar_case/accuracy-1024x256,0.82569921875
gdn-h2-ev10-usegate0-s125-d123,gdn-h2-ev10-s125-d123-b64-ga4-fp32-noearly4ep,20260520_gdn_h2_ev10_multiseed_followup,b64_ga4_fp32_official,1,125,123,2,10,b64_ga4,float32,float32,1,mid_epoch,0.5,0,mqar_case,128x32,valid/mqar_case/accuracy-128x32,0.999875
gdn-h2-ev10-usegate0-s125-d123,gdn-h2-ev10-s125-d123-b64-ga4-fp32-noearly4ep,20260520_gdn_h2_ev10_multiseed_followup,b64_ga4_fp32_official,1,125,123,2,10,b64_ga4,float32,float32,2,epoch_end,1.0,0,mqar_case,128x32,valid/mqar_case/accuracy-128x32,0.99996875
gdn-h2-ev10-usegate0-s125-d123,gdn-h2-ev10-s125-d123-b64-ga4-fp32-noearly4ep,20260520_gdn_h2_ev10_multiseed_followup,b64_ga4_fp32_official,1,125,123,2,10,b64_ga4,float32,float32,3,mid_epoch,1.5,1,mqar_case,128x32,valid/mqar_case/accuracy-128x32,1.0
gdn-h2-ev10-usegate0-s125-d123,gdn-h2-ev10-s125-d123-b64-ga4-fp32-noearly4ep,20260520_gdn_h2_ev10_multiseed_followup,b64_ga4_fp32_official,1,125,123,2,10,b64_ga4,float32,float32,4,epoch_end,2.0,1,mqar_case,128x32,valid/mqar_case/accuracy-128x32,0.99996875
gdn-h2-ev10-usegate0-s125-d123,gdn-h2-ev10-s125-d123-b64-ga4-fp32-noearly4ep,20260520_gdn_h2_ev10_multiseed_followup,b64_ga4_fp32_official,1,125,123,2,10,b64_ga4,float32,float32,5,mid_epoch,2.5,2,mqar_case,128x32,valid/mqar_case/accuracy-128x32,1.0
gdn-h2-ev10-usegate0-s125-d123,gdn-h2-ev10-s125-d123-b64-ga4-fp32-noearly4ep,20260520_gdn_h2_ev10_multiseed_followup,b64_ga4_fp32_official,1,125,123,2,10,b64_ga4,float32,float32,6,epoch_end,3.0,2,mqar_case,128x32,valid/mqar_case/accuracy-128x32,0.99996875
gdn-h2-ev10-usegate0-s125-d123,gdn-h2-ev10-s125-d123-b64-ga4-fp32-noearly4ep,20260520_gdn_h2_ev10_multiseed_followup,b64_ga4_fp32_official,1,125,123,2,10,b64_ga4,float32,float32,7,mid_epoch,3.5,3,mqar_case,128x32,valid/mqar_case/accuracy-128x32,0.99996875
gdn-h2-ev10-usegate0-s125-d123,gdn-h2-ev10-s125-d123-b64-ga4-fp32-noearly4ep,20260520_gdn_h2_ev10_multiseed_followup,b64_ga4_fp32_official,1,125,123,2,10,b64_ga4,float32,float32,8,epoch_end,4.0,3,mqar_case,128x32,valid/mqar_case/accuracy-128x32,1.0
gdn-h2-ev10-usegate0-s125-d123,gdn-h2-ev10-s125-d123-b64-ga4-fp32-noearly4ep,20260520_gdn_h2_ev10_multiseed_followup,b64_ga4_fp32_official,1,125,123,2,10,b64_ga4,float32,float32,1,mid_epoch,0.5,0,mqar_case,256x64,valid/mqar_case/accuracy-256x64,0.998296875
gdn-h2-ev10-usegate0-s125-d123,gdn-h2-ev10-s125-d123-b64-ga4-fp32-noearly4ep,20260520_gdn_h2_ev10_multiseed_followup,b64_ga4_fp32_official,1,125,123,2,10,b64_ga4,float32,float32,2,epoch_end,1.0,0,mqar_case,256x64,valid/mqar_case/accuracy-256x64,0.999875
gdn-h2-ev10-usegate0-s125-d123,gdn-h2-ev10-s125-d123-b64-ga4-fp32-noearly4ep,20260520_gdn_h2_ev10_multiseed_followup,b64_ga4_fp32_official,1,125,123,2,10,b64_ga4,float32,float32,3,mid_epoch,1.5,1,mqar_case,256x64,valid/mqar_case/accuracy-256x64,0.999921875
gdn-h2-ev10-usegate0-s125-d123,gdn-h2-ev10-s125-d123-b64-ga4-fp32-noearly4ep,20260520_gdn_h2_ev10_multiseed_followup,b64_ga4_fp32_official,1,125,123,2,10,b64_ga4,float32,float32,4,epoch_end,2.0,1,mqar_case,256x64,valid/mqar_case/accuracy-256x64,0.99996875
gdn-h2-ev10-usegate0-s125-d123,gdn-h2-ev10-s125-d123-b64-ga4-fp32-noearly4ep,20260520_gdn_h2_ev10_multiseed_followup,b64_ga4_fp32_official,1,125,123,2,10,b64_ga4,float32,float32,5,mid_epoch,2.5,2,mqar_case,256x64,valid/mqar_case/accuracy-256x64,0.999953125
gdn-h2-ev10-usegate0-s125-d123,gdn-h2-ev10-s125-d123-b64-ga4-fp32-noearly4ep,20260520_gdn_h2_ev10_multiseed_followup,b64_ga4_fp32_official,1,125,123,2,10,b64_ga4,float32,float32,6,epoch_end,3.0,2,mqar_case,256x64,valid/mqar_case/accuracy-256x64,0.999984375
gdn-h2-ev10-usegate0-s125-d123,gdn-h2-ev10-s125-d123-b64-ga4-fp32-noearly4ep,20260520_gdn_h2_ev10_multiseed_followup,b64_ga4_fp32_official,1,125,123,2,10,b64_ga4,float32,float32,7,mid_epoch,3.5,3,mqar_case,256x64,valid/mqar_case/accuracy-256x64,0.999984375
gdn-h2-ev10-usegate0-s125-d123,gdn-h2-ev10-s125-d123-b64-ga4-fp32-noearly4ep,20260520_gdn_h2_ev10_multiseed_followup,b64_ga4_fp32_official,1,125,123,2,10,b64_ga4,float32,float32,8,epoch_end,4.0,3,mqar_case,256x64,valid/mqar_case/accuracy-256x64,0.99996875
gdn-h2-ev10-usegate0-s125-d123,gdn-h2-ev10-s125-d123-b64-ga4-fp32-noearly4ep,20260520_gdn_h2_ev10_multiseed_followup,b64_ga4_fp32_official,1,125,123,2,10,b64_ga4,float32,float32,1,mid_epoch,0.5,0,mqar_case,512x128,valid/mqar_case/accuracy-512x128,0.926625
gdn-h2-ev10-usegate0-s125-d123,gdn-h2-ev10-s125-d123-b64-ga4-fp32-noearly4ep,20260520_gdn_h2_ev10_multiseed_followup,b64_ga4_fp32_official,1,125,123,2,10,b64_ga4,float32,float32,2,epoch_end,1.0,0,mqar_case,512x128,valid/mqar_case/accuracy-512x128,0.9873046875
gdn-h2-ev10-usegate0-s125-d123,gdn-h2-ev10-s125-d123-b64-ga4-fp32-noearly4ep,20260520_gdn_h2_ev10_multiseed_followup,b64_ga4_fp32_official,1,125,123,2,10,b64_ga4,float32,float32,3,mid_epoch,1.5,1,mqar_case,512x128,valid/mqar_case/accuracy-512x128,0.9913984375
gdn-h2-ev10-usegate0-s125-d123,gdn-h2-ev10-s125-d123-b64-ga4-fp32-noearly4ep,20260520_gdn_h2_ev10_multiseed_followup,b64_ga4_fp32_official,1,125,123,2,10,b64_ga4,float32,float32,4,epoch_end,2.0,1,mqar_case,512x128,valid/mqar_case/accuracy-512x128,0.99459375
gdn-h2-ev10-usegate0-s125-d123,gdn-h2-ev10-s125-d123-b64-ga4-fp32-noearly4ep,20260520_gdn_h2_ev10_multiseed_followup,b64_ga4_fp32_official,1,125,123,2,10,b64_ga4,float32,float32,5,mid_epoch,2.5,2,mqar_case,512x128,valid/mqar_case/accuracy-512x128,0.995328125
gdn-h2-ev10-usegate0-s125-d123,gdn-h2-ev10-s125-d123-b64-ga4-fp32-noearly4ep,20260520_gdn_h2_ev10_multiseed_followup,b64_ga4_fp32_official,1,125,123,2,10,b64_ga4,float32,float32,6,epoch_end,3.0,2,mqar_case,512x128,valid/mqar_case/accuracy-512x128,0.99640625
gdn-h2-ev10-usegate0-s125-d123,gdn-h2-ev10-s125-d123-b64-ga4-fp32-noearly4ep,20260520_gdn_h2_ev10_multiseed_followup,b64_ga4_fp32_official,1,125,123,2,10,b64_ga4,float32,float32,7,mid_epoch,3.5,3,mqar_case,512x128,valid/mqar_case/accuracy-512x128,0.9964921875
gdn-h2-ev10-usegate0-s125-d123,gdn-h2-ev10-s125-d123-b64-ga4-fp32-noearly4ep,20260520_gdn_h2_ev10_multiseed_followup,b64_ga4_fp32_official,1,125,123,2,10,b64_ga4,float32,float32,8,epoch_end,4.0,3,mqar_case,512x128,valid/mqar_case/accuracy-512x128,0.9969140625
gdn-h2-ev10-usegate0-s125-d123,gdn-h2-ev10-s125-d123-b64-ga4-fp32-noearly4ep,20260520_gdn_h2_ev10_multiseed_followup,b64_ga4_fp32_official,1,125,123,2,10,b64_ga4,float32,float32,1,mid_epoch,0.5,0,mqar_case,512x64,valid/mqar_case/accuracy-512x64,0.997296875
gdn-h2-ev10-usegate0-s125-d123,gdn-h2-ev10-s125-d123-b64-ga4-fp32-noearly4ep,20260520_gdn_h2_ev10_multiseed_followup,b64_ga4_fp32_official,1,125,123,2,10,b64_ga4,float32,float32,2,epoch_end,1.0,0,mqar_case,512x64,valid/mqar_case/accuracy-512x64,0.99928125
gdn-h2-ev10-usegate0-s125-d123,gdn-h2-ev10-s125-d123-b64-ga4-fp32-noearly4ep,20260520_gdn_h2_ev10_multiseed_followup,b64_ga4_fp32_official,1,125,123,2,10,b64_ga4,float32,float32,3,mid_epoch,1.5,1,mqar_case,512x64,valid/mqar_case/accuracy-512x64,0.999328125
gdn-h2-ev10-usegate0-s125-d123,gdn-h2-ev10-s125-d123-b64-ga4-fp32-noearly4ep,20260520_gdn_h2_ev10_multiseed_followup,b64_ga4_fp32_official,1,125,123,2,10,b64_ga4,float32,float32,4,epoch_end,2.0,1,mqar_case,512x64,valid/mqar_case/accuracy-512x64,0.999453125
gdn-h2-ev10-usegate0-s125-d123,gdn-h2-ev10-s125-d123-b64-ga4-fp32-noearly4ep,20260520_gdn_h2_ev10_multiseed_followup,b64_ga4_fp32_official,1,125,123,2,10,b64_ga4,float32,float32,5,mid_epoch,2.5,2,mqar_case,512x64,valid/mqar_case/accuracy-512x64,0.999484375
gdn-h2-ev10-usegate0-s125-d123,gdn-h2-ev10-s125-d123-b64-ga4-fp32-noearly4ep,20260520_gdn_h2_ev10_multiseed_followup,b64_ga4_fp32_official,1,125,123,2,10,b64_ga4,float32,float32,6,epoch_end,3.0,2,mqar_case,512x64,valid/mqar_case/accuracy-512x64,0.9994375
gdn-h2-ev10-usegate0-s125-d123,gdn-h2-ev10-s125-d123-b64-ga4-fp32-noearly4ep,20260520_gdn_h2_ev10_multiseed_followup,b64_ga4_fp32_official,1,125,123,2,10,b64_ga4,float32,float32,7,mid_epoch,3.5,3,mqar_case,512x64,valid/mqar_case/accuracy-512x64,0.999453125
gdn-h2-ev10-usegate0-s125-d123,gdn-h2-ev10-s125-d123-b64-ga4-fp32-noearly4ep,20260520_gdn_h2_ev10_multiseed_followup,b64_ga4_fp32_official,1,125,123,2,10,b64_ga4,float32,float32,8,epoch_end,4.0,3,mqar_case,512x64,valid/mqar_case/accuracy-512x64,0.999453125
gdn-h2-ev10-usegate0-s125-d123,gdn-h2-ev10-s125-d123-b64-ga4-fp32-noearly4ep,20260520_gdn_h2_ev10_multiseed_followup,b64_ga4_fp32_official,1,125,123,2,10,b64_ga4,float32,float32,1,mid_epoch,0.5,0,mqar_case,64x16,valid/mqar_case/accuracy-64x16,1.0
gdn-h2-ev10-usegate0-s125-d123,gdn-h2-ev10-s125-d123-b64-ga4-fp32-noearly4ep,20260520_gdn_h2_ev10_multiseed_followup,b64_ga4_fp32_official,1,125,123,2,10,b64_ga4,float32,float32,2,epoch_end,1.0,0,mqar_case,64x16,valid/mqar_case/accuracy-64x16,1.0
gdn-h2-ev10-usegate0-s125-d123,gdn-h2-ev10-s125-d123-b64-ga4-fp32-noearly4ep,20260520_gdn_h2_ev10_multiseed_followup,b64_ga4_fp32_official,1,125,123,2,10,b64_ga4,float32,float32,3,mid_epoch,1.5,1,mqar_case,64x16,valid/mqar_case/accuracy-64x16,1.0
gdn-h2-ev10-usegate0-s125-d123,gdn-h2-ev10-s125-d123-b64-ga4-fp32-noearly4ep,20260520_gdn_h2_ev10_multiseed_followup,b64_ga4_fp32_official,1,125,123,2,10,b64_ga4,float32,float32,4,epoch_end,2.0,1,mqar_case,64x16,valid/mqar_case/accuracy-64x16,1.0
gdn-h2-ev10-usegate0-s125-d123,gdn-h2-ev10-s125-d123-b64-ga4-fp32-noearly4ep,20260520_gdn_h2_ev10_multiseed_followup,b64_ga4_fp32_official,1,125,123,2,10,b64_ga4,float32,float32,5,mid_epoch,2.5,2,mqar_case,64x16,valid/mqar_case/accuracy-64x16,1.0
gdn-h2-ev10-usegate0-s125-d123,gdn-h2-ev10-s125-d123-b64-ga4-fp32-noearly4ep,20260520_gdn_h2_ev10_multiseed_followup,b64_ga4_fp32_official,1,125,123,2,10,b64_ga4,float32,float32,6,epoch_end,3.0,2,mqar_case,64x16,valid/mqar_case/accuracy-64x16,1.0
gdn-h2-ev10-usegate0-s125-d123,gdn-h2-ev10-s125-d123-b64-ga4-fp32-noearly4ep,20260520_gdn_h2_ev10_multiseed_followup,b64_ga4_fp32_official,1,125,123,2,10,b64_ga4,float32,float32,7,mid_epoch,3.5,3,mqar_case,64x16,valid/mqar_case/accuracy-64x16,1.0
gdn-h2-ev10-usegate0-s125-d123,gdn-h2-ev10-s125-d123-b64-ga4-fp32-noearly4ep,20260520_gdn_h2_ev10_multiseed_followup,b64_ga4_fp32_official,1,125,123,2,10,b64_ga4,float32,float32,8,epoch_end,4.0,3,mqar_case,64x16,valid/mqar_case/accuracy-64x16,1.0
gdn-h2-ev10-usegate0-s125-d123,gdn-h2-ev10-s125-d123-b64-ga4-fp32-noearly4ep,20260520_gdn_h2_ev10_multiseed_followup,b64_ga4_fp32_official,1,125,123,2,10,b64_ga4,float32,float32,1,mid_epoch,0.5,0,mqar_case,64x4,valid/mqar_case/accuracy-64x4,0.99975
gdn-h2-ev10-usegate0-s125-d123,gdn-h2-ev10-s125-d123-b64-ga4-fp32-noearly4ep,20260520_gdn_h2_ev10_multiseed_followup,b64_ga4_fp32_official,1,125,123,2,10,b64_ga4,float32,float32,2,epoch_end,1.0,0,mqar_case,64x4,valid/mqar_case/accuracy-64x4,0.99975
gdn-h2-ev10-usegate0-s125-d123,gdn-h2-ev10-s125-d123-b64-ga4-fp32-noearly4ep,20260520_gdn_h2_ev10_multiseed_followup,b64_ga4_fp32_official,1,125,123,2,10,b64_ga4,float32,float32,3,mid_epoch,1.5,1,mqar_case,64x4,valid/mqar_case/accuracy-64x4,0.99975
gdn-h2-ev10-usegate0-s125-d123,gdn-h2-ev10-s125-d123-b64-ga4-fp32-noearly4ep,20260520_gdn_h2_ev10_multiseed_followup,b64_ga4_fp32_official,1,125,123,2,10,b64_ga4,float32,float32,4,epoch_end,2.0,1,mqar_case,64x4,valid/mqar_case/accuracy-64x4,0.99975
gdn-h2-ev10-usegate0-s125-d123,gdn-h2-ev10-s125-d123-b64-ga4-fp32-noearly4ep,20260520_gdn_h2_ev10_multiseed_followup,b64_ga4_fp32_official,1,125,123,2,10,b64_ga4,float32,float32,5,mid_epoch,2.5,2,mqar_case,64x4,valid/mqar_case/accuracy-64x4,0.99975
gdn-h2-ev10-usegate0-s125-d123,gdn-h2-ev10-s125-d123-b64-ga4-fp32-noearly4ep,20260520_gdn_h2_ev10_multiseed_followup,b64_ga4_fp32_official,1,125,123,2,10,b64_ga4,float32,float32,6,epoch_end,3.0,2,mqar_case,64x4,valid/mqar_case/accuracy-64x4,0.99975
gdn-h2-ev10-usegate0-s125-d123,gdn-h2-ev10-s125-d123-b64-ga4-fp32-noearly4ep,20260520_gdn_h2_ev10_multiseed_followup,b64_ga4_fp32_official,1,125,123,2,10,b64_ga4,float32,float32,7,mid_epoch,3.5,3,mqar_case,64x4,valid/mqar_case/accuracy-64x4,0.99975
gdn-h2-ev10-usegate0-s125-d123,gdn-h2-ev10-s125-d123-b64-ga4-fp32-noearly4ep,20260520_gdn_h2_ev10_multiseed_followup,b64_ga4_fp32_official,1,125,123,2,10,b64_ga4,float32,float32,8,epoch_end,4.0,3,mqar_case,64x4,valid/mqar_case/accuracy-64x4,0.99975
gdn-h2-ev10-usegate0-s125-d123,gdn-h2-ev10-s125-d123-b64-ga4-fp32-noearly4ep,20260520_gdn_h2_ev10_multiseed_followup,b64_ga4_fp32_official,1,125,123,2,10,b64_ga4,float32,float32,1,mid_epoch,0.5,0,mqar_case,64x8,valid/mqar_case/accuracy-64x8,0.999875
gdn-h2-ev10-usegate0-s125-d123,gdn-h2-ev10-s125-d123-b64-ga4-fp32-noearly4ep,20260520_gdn_h2_ev10_multiseed_followup,b64_ga4_fp32_official,1,125,123,2,10,b64_ga4,float32,float32,2,epoch_end,1.0,0,mqar_case,64x8,valid/mqar_case/accuracy-64x8,0.999875
gdn-h2-ev10-usegate0-s125-d123,gdn-h2-ev10-s125-d123-b64-ga4-fp32-noearly4ep,20260520_gdn_h2_ev10_multiseed_followup,b64_ga4_fp32_official,1,125,123,2,10,b64_ga4,float32,float32,3,mid_epoch,1.5,1,mqar_case,64x8,valid/mqar_case/accuracy-64x8,0.999875
gdn-h2-ev10-usegate0-s125-d123,gdn-h2-ev10-s125-d123-b64-ga4-fp32-noearly4ep,20260520_gdn_h2_ev10_multiseed_followup,b64_ga4_fp32_official,1,125,123,2,10,b64_ga4,float32,float32,4,epoch_end,2.0,1,mqar_case,64x8,valid/mqar_case/accuracy-64x8,0.999875
gdn-h2-ev10-usegate0-s125-d123,gdn-h2-ev10-s125-d123-b64-ga4-fp32-noearly4ep,20260520_gdn_h2_ev10_multiseed_followup,b64_ga4_fp32_official,1,125,123,2,10,b64_ga4,float32,float32,5,mid_epoch,2.5,2,mqar_case,64x8,valid/mqar_case/accuracy-64x8,0.999875
gdn-h2-ev10-usegate0-s125-d123,gdn-h2-ev10-s125-d123-b64-ga4-fp32-noearly4ep,20260520_gdn_h2_ev10_multiseed_followup,b64_ga4_fp32_official,1,125,123,2,10,b64_ga4,float32,float32,6,epoch_end,3.0,2,mqar_case,64x8,valid/mqar_case/accuracy-64x8,0.999875
gdn-h2-ev10-usegate0-s125-d123,gdn-h2-ev10-s125-d123-b64-ga4-fp32-noearly4ep,20260520_gdn_h2_ev10_multiseed_followup,b64_ga4_fp32_official,1,125,123,2,10,b64_ga4,float32,float32,7,mid_epoch,3.5,3,mqar_case,64x8,valid/mqar_case/accuracy-64x8,0.999875
gdn-h2-ev10-usegate0-s125-d123,gdn-h2-ev10-s125-d123-b64-ga4-fp32-noearly4ep,20260520_gdn_h2_ev10_multiseed_followup,b64_ga4_fp32_official,1,125,123,2,10,b64_ga4,float32,float32,8,epoch_end,4.0,3,mqar_case,64x8,valid/mqar_case/accuracy-64x8,0.999875
gdn-h2-ev10-usegate0-s125-d123,gdn-h2-ev10-s125-d123-b64-ga4-fp32-noearly4ep,20260520_gdn_h2_ev10_multiseed_followup,b64_ga4_fp32_official,1,125,123,2,10,b64_ga4,float32,float32,1,mid_epoch,0.5,0,num_kv_pairs,128,valid/num_kv_pairs/accuracy-128,0.926625
gdn-h2-ev10-usegate0-s125-d123,gdn-h2-ev10-s125-d123-b64-ga4-fp32-noearly4ep,20260520_gdn_h2_ev10_multiseed_followup,b64_ga4_fp32_official,1,125,123,2,10,b64_ga4,float32,float32,2,epoch_end,1.0,0,num_kv_pairs,128,valid/num_kv_pairs/accuracy-128,0.9873046875
gdn-h2-ev10-usegate0-s125-d123,gdn-h2-ev10-s125-d123-b64-ga4-fp32-noearly4ep,20260520_gdn_h2_ev10_multiseed_followup,b64_ga4_fp32_official,1,125,123,2,10,b64_ga4,float32,float32,3,mid_epoch,1.5,1,num_kv_pairs,128,valid/num_kv_pairs/accuracy-128,0.9913984375
gdn-h2-ev10-usegate0-s125-d123,gdn-h2-ev10-s125-d123-b64-ga4-fp32-noearly4ep,20260520_gdn_h2_ev10_multiseed_followup,b64_ga4_fp32_official,1,125,123,2,10,b64_ga4,float32,float32,4,epoch_end,2.0,1,num_kv_pairs,128,valid/num_kv_pairs/accuracy-128,0.99459375
gdn-h2-ev10-usegate0-s125-d123,gdn-h2-ev10-s125-d123-b64-ga4-fp32-noearly4ep,20260520_gdn_h2_ev10_multiseed_followup,b64_ga4_fp32_official,1,125,123,2,10,b64_ga4,float32,float32,5,mid_epoch,2.5,2,num_kv_pairs,128,valid/num_kv_pairs/accuracy-128,0.995328125
gdn-h2-ev10-usegate0-s125-d123,gdn-h2-ev10-s125-d123-b64-ga4-fp32-noearly4ep,20260520_gdn_h2_ev10_multiseed_followup,b64_ga4_fp32_official,1,125,123,2,10,b64_ga4,float32,float32,6,epoch_end,3.0,2,num_kv_pairs,128,valid/num_kv_pairs/accuracy-128,0.99640625
gdn-h2-ev10-usegate0-s125-d123,gdn-h2-ev10-s125-d123-b64-ga4-fp32-noearly4ep,20260520_gdn_h2_ev10_multiseed_followup,b64_ga4_fp32_official,1,125,123,2,10,b64_ga4,float32,float32,7,mid_epoch,3.5,3,num_kv_pairs,128,valid/num_kv_pairs/accuracy-128,0.9964921875
gdn-h2-ev10-usegate0-s125-d123,gdn-h2-ev10-s125-d123-b64-ga4-fp32-noearly4ep,20260520_gdn_h2_ev10_multiseed_followup,b64_ga4_fp32_official,1,125,123,2,10,b64_ga4,float32,float32,8,epoch_end,4.0,3,num_kv_pairs,128,valid/num_kv_pairs/accuracy-128,0.9969140625
gdn-h2-ev10-usegate0-s125-d123,gdn-h2-ev10-s125-d123-b64-ga4-fp32-noearly4ep,20260520_gdn_h2_ev10_multiseed_followup,b64_ga4_fp32_official,1,125,123,2,10,b64_ga4,float32,float32,1,mid_epoch,0.5,0,num_kv_pairs,16,valid/num_kv_pairs/accuracy-16,1.0
gdn-h2-ev10-usegate0-s125-d123,gdn-h2-ev10-s125-d123-b64-ga4-fp32-noearly4ep,20260520_gdn_h2_ev10_multiseed_followup,b64_ga4_fp32_official,1,125,123,2,10,b64_ga4,float32,float32,2,epoch_end,1.0,0,num_kv_pairs,16,valid/num_kv_pairs/accuracy-16,1.0
gdn-h2-ev10-usegate0-s125-d123,gdn-h2-ev10-s125-d123-b64-ga4-fp32-noearly4ep,20260520_gdn_h2_ev10_multiseed_followup,b64_ga4_fp32_official,1,125,123,2,10,b64_ga4,float32,float32,3,mid_epoch,1.5,1,num_kv_pairs,16,valid/num_kv_pairs/accuracy-16,1.0
gdn-h2-ev10-usegate0-s125-d123,gdn-h2-ev10-s125-d123-b64-ga4-fp32-noearly4ep,20260520_gdn_h2_ev10_multiseed_followup,b64_ga4_fp32_official,1,125,123,2,10,b64_ga4,float32,float32,4,epoch_end,2.0,1,num_kv_pairs,16,valid/num_kv_pairs/accuracy-16,1.0
gdn-h2-ev10-usegate0-s125-d123,gdn-h2-ev10-s125-d123-b64-ga4-fp32-noearly4ep,20260520_gdn_h2_ev10_multiseed_followup,b64_ga4_fp32_official,1,125,123,2,10,b64_ga4,float32,float32,5,mid_epoch,2.5,2,num_kv_pairs,16,valid/num_kv_pairs/accuracy-16,1.0
gdn-h2-ev10-usegate0-s125-d123,gdn-h2-ev10-s125-d123-b64-ga4-fp32-noearly4ep,20260520_gdn_h2_ev10_multiseed_followup,b64_ga4_fp32_official,1,125,123,2,10,b64_ga4,float32,float32,6,epoch_end,3.0,2,num_kv_pairs,16,valid/num_kv_pairs/accuracy-16,1.0
gdn-h2-ev10-usegate0-s125-d123,gdn-h2-ev10-s125-d123-b64-ga4-fp32-noearly4ep,20260520_gdn_h2_ev10_multiseed_followup,b64_ga4_fp32_official,1,125,123,2,10,b64_ga4,float32,float32,7,mid_epoch,3.5,3,num_kv_pairs,16,valid/num_kv_pairs/accuracy-16,1.0
gdn-h2-ev10-usegate0-s125-d123,gdn-h2-ev10-s125-d123-b64-ga4-fp32-noearly4ep,20260520_gdn_h2_ev10_multiseed_followup,b64_ga4_fp32_official,1,125,123,2,10,b64_ga4,float32,float32,8,epoch_end,4.0,3,num_kv_pairs,16,valid/num_kv_pairs/accuracy-16,1.0
gdn-h2-ev10-usegate0-s125-d123,gdn-h2-ev10-s125-d123-b64-ga4-fp32-noearly4ep,20260520_gdn_h2_ev10_multiseed_followup,b64_ga4_fp32_official,1,125,123,2,10,b64_ga4,float32,float32,1,mid_epoch,0.5,0,num_kv_pairs,256,valid/num_kv_pairs/accuracy-256,0.48576953125
gdn-h2-ev10-usegate0-s125-d123,gdn-h2-ev10-s125-d123-b64-ga4-fp32-noearly4ep,20260520_gdn_h2_ev10_multiseed_followup,b64_ga4_fp32_official,1,125,123,2,10,b64_ga4,float32,float32,2,epoch_end,1.0,0,num_kv_pairs,256,valid/num_kv_pairs/accuracy-256,0.71530078125
gdn-h2-ev10-usegate0-s125-d123,gdn-h2-ev10-s125-d123-b64-ga4-fp32-noearly4ep,20260520_gdn_h2_ev10_multiseed_followup,b64_ga4_fp32_official,1,125,123,2,10,b64_ga4,float32,float32,3,mid_epoch,1.5,1,num_kv_pairs,256,valid/num_kv_pairs/accuracy-256,0.75187890625
gdn-h2-ev10-usegate0-s125-d123,gdn-h2-ev10-s125-d123-b64-ga4-fp32-noearly4ep,20260520_gdn_h2_ev10_multiseed_followup,b64_ga4_fp32_official,1,125,123,2,10,b64_ga4,float32,float32,4,epoch_end,2.0,1,num_kv_pairs,256,valid/num_kv_pairs/accuracy-256,0.78877734375
gdn-h2-ev10-usegate0-s125-d123,gdn-h2-ev10-s125-d123-b64-ga4-fp32-noearly4ep,20260520_gdn_h2_ev10_multiseed_followup,b64_ga4_fp32_official,1,125,123,2,10,b64_ga4,float32,float32,5,mid_epoch,2.5,2,num_kv_pairs,256,valid/num_kv_pairs/accuracy-256,0.80175
gdn-h2-ev10-usegate0-s125-d123,gdn-h2-ev10-s125-d123-b64-ga4-fp32-noearly4ep,20260520_gdn_h2_ev10_multiseed_followup,b64_ga4_fp32_official,1,125,123,2,10,b64_ga4,float32,float32,6,epoch_end,3.0,2,num_kv_pairs,256,valid/num_kv_pairs/accuracy-256,0.816328125
gdn-h2-ev10-usegate0-s125-d123,gdn-h2-ev10-s125-d123-b64-ga4-fp32-noearly4ep,20260520_gdn_h2_ev10_multiseed_followup,b64_ga4_fp32_official,1,125,123,2,10,b64_ga4,float32,float32,7,mid_epoch,3.5,3,num_kv_pairs,256,valid/num_kv_pairs/accuracy-256,0.8176640625
gdn-h2-ev10-usegate0-s125-d123,gdn-h2-ev10-s125-d123-b64-ga4-fp32-noearly4ep,20260520_gdn_h2_ev10_multiseed_followup,b64_ga4_fp32_official,1,125,123,2,10,b64_ga4,float32,float32,8,epoch_end,4.0,3,num_kv_pairs,256,valid/num_kv_pairs/accuracy-256,0.82569921875
gdn-h2-ev10-usegate0-s125-d123,gdn-h2-ev10-s125-d123-b64-ga4-fp32-noearly4ep,20260520_gdn_h2_ev10_multiseed_followup,b64_ga4_fp32_official,1,125,123,2,10,b64_ga4,float32,float32,1,mid_epoch,0.5,0,num_kv_pairs,32,valid/num_kv_pairs/accuracy-32,0.999875
gdn-h2-ev10-usegate0-s125-d123,gdn-h2-ev10-s125-d123-b64-ga4-fp32-noearly4ep,20260520_gdn_h2_ev10_multiseed_followup,b64_ga4_fp32_official,1,125,123,2,10,b64_ga4,float32,float32,2,epoch_end,1.0,0,num_kv_pairs,32,valid/num_kv_pairs/accuracy-32,0.99996875
gdn-h2-ev10-usegate0-s125-d123,gdn-h2-ev10-s125-d123-b64-ga4-fp32-noearly4ep,20260520_gdn_h2_ev10_multiseed_followup,b64_ga4_fp32_official,1,125,123,2,10,b64_ga4,float32,float32,3,mid_epoch,1.5,1,num_kv_pairs,32,valid/num_kv_pairs/accuracy-32,1.0
gdn-h2-ev10-usegate0-s125-d123,gdn-h2-ev10-s125-d123-b64-ga4-fp32-noearly4ep,20260520_gdn_h2_ev10_multiseed_followup,b64_ga4_fp32_official,1,125,123,2,10,b64_ga4,float32,float32,4,epoch_end,2.0,1,num_kv_pairs,32,valid/num_kv_pairs/accuracy-32,0.99996875
gdn-h2-ev10-usegate0-s125-d123,gdn-h2-ev10-s125-d123-b64-ga4-fp32-noearly4ep,20260520_gdn_h2_ev10_multiseed_followup,b64_ga4_fp32_official,1,125,123,2,10,b64_ga4,float32,float32,5,mid_epoch,2.5,2,num_kv_pairs,32,valid/num_kv_pairs/accuracy-32,1.0
gdn-h2-ev10-usegate0-s125-d123,gdn-h2-ev10-s125-d123-b64-ga4-fp32-noearly4ep,20260520_gdn_h2_ev10_multiseed_followup,b64_ga4_fp32_official,1,125,123,2,10,b64_ga4,float32,float32,6,epoch_end,3.0,2,num_kv_pairs,32,valid/num_kv_pairs/accuracy-32,0.99996875
gdn-h2-ev10-usegate0-s125-d123,gdn-h2-ev10-s125-d123-b64-ga4-fp32-noearly4ep,20260520_gdn_h2_ev10_multiseed_followup,b64_ga4_fp32_official,1,125,123,2,10,b64_ga4,float32,float32,7,mid_epoch,3.5,3,num_kv_pairs,32,valid/num_kv_pairs/accuracy-32,0.99996875
gdn-h2-ev10-usegate0-s125-d123,gdn-h2-ev10-s125-d123-b64-ga4-fp32-noearly4ep,20260520_gdn_h2_ev10_multiseed_followup,b64_ga4_fp32_official,1,125,123,2,10,b64_ga4,float32,float32,8,epoch_end,4.0,3,num_kv_pairs,32,valid/num_kv_pairs/accuracy-32,1.0
gdn-h2-ev10-usegate0-s125-d123,gdn-h2-ev10-s125-d123-b64-ga4-fp32-noearly4ep,20260520_gdn_h2_ev10_multiseed_followup,b64_ga4_fp32_official,1,125,123,2,10,b64_ga4,float32,float32,1,mid_epoch,0.5,0,num_kv_pairs,4,valid/num_kv_pairs/accuracy-4,0.99975
gdn-h2-ev10-usegate0-s125-d123,gdn-h2-ev10-s125-d123-b64-ga4-fp32-noearly4ep,20260520_gdn_h2_ev10_multiseed_followup,b64_ga4_fp32_official,1,125,123,2,10,b64_ga4,float32,float32,2,epoch_end,1.0,0,num_kv_pairs,4,valid/num_kv_pairs/accuracy-4,0.99975
gdn-h2-ev10-usegate0-s125-d123,gdn-h2-ev10-s125-d123-b64-ga4-fp32-noearly4ep,20260520_gdn_h2_ev10_multiseed_followup,b64_ga4_fp32_official,1,125,123,2,10,b64_ga4,float32,float32,3,mid_epoch,1.5,1,num_kv_pairs,4,valid/num_kv_pairs/accuracy-4,0.99975
gdn-h2-ev10-usegate0-s125-d123,gdn-h2-ev10-s125-d123-b64-ga4-fp32-noearly4ep,20260520_gdn_h2_ev10_multiseed_followup,b64_ga4_fp32_official,1,125,123,2,10,b64_ga4,float32,float32,4,epoch_end,2.0,1,num_kv_pairs,4,valid/num_kv_pairs/accuracy-4,0.99975
gdn-h2-ev10-usegate0-s125-d123,gdn-h2-ev10-s125-d123-b64-ga4-fp32-noearly4ep,20260520_gdn_h2_ev10_multiseed_followup,b64_ga4_fp32_official,1,125,123,2,10,b64_ga4,float32,float32,5,mid_epoch,2.5,2,num_kv_pairs,4,valid/num_kv_pairs/accuracy-4,0.99975
gdn-h2-ev10-usegate0-s125-d123,gdn-h2-ev10-s125-d123-b64-ga4-fp32-noearly4ep,20260520_gdn_h2_ev10_multiseed_followup,b64_ga4_fp32_official,1,125,123,2,10,b64_ga4,float32,float32,6,epoch_end,3.0,2,num_kv_pairs,4,valid/num_kv_pairs/accuracy-4,0.99975
gdn-h2-ev10-usegate0-s125-d123,gdn-h2-ev10-s125-d123-b64-ga4-fp32-noearly4ep,20260520_gdn_h2_ev10_multiseed_followup,b64_ga4_fp32_official,1,125,123,2,10,b64_ga4,float32,float32,7,mid_epoch,3.5,3,num_kv_pairs,4,valid/num_kv_pairs/accuracy-4,0.99975
gdn-h2-ev10-usegate0-s125-d123,gdn-h2-ev10-s125-d123-b64-ga4-fp32-noearly4ep,20260520_gdn_h2_ev10_multiseed_followup,b64_ga4_fp32_official,1,125,123,2,10,b64_ga4,float32,float32,8,epoch_end,4.0,3,num_kv_pairs,4,valid/num_kv_pairs/accuracy-4,0.99975
gdn-h2-ev10-usegate0-s125-d123,gdn-h2-ev10-s125-d123-b64-ga4-fp32-noearly4ep,20260520_gdn_h2_ev10_multiseed_followup,b64_ga4_fp32_official,1,125,123,2,10,b64_ga4,float32,float32,1,mid_epoch,0.5,0,num_kv_pairs,64,valid/num_kv_pairs/accuracy-64,0.997796875
gdn-h2-ev10-usegate0-s125-d123,gdn-h2-ev10-s125-d123-b64-ga4-fp32-noearly4ep,20260520_gdn_h2_ev10_multiseed_followup,b64_ga4_fp32_official,1,125,123,2,10,b64_ga4,float32,float32,2,epoch_end,1.0,0,num_kv_pairs,64,valid/num_kv_pairs/accuracy-64,0.999578125
gdn-h2-ev10-usegate0-s125-d123,gdn-h2-ev10-s125-d123-b64-ga4-fp32-noearly4ep,20260520_gdn_h2_ev10_multiseed_followup,b64_ga4_fp32_official,1,125,123,2,10,b64_ga4,float32,float32,3,mid_epoch,1.5,1,num_kv_pairs,64,valid/num_kv_pairs/accuracy-64,0.999625
gdn-h2-ev10-usegate0-s125-d123,gdn-h2-ev10-s125-d123-b64-ga4-fp32-noearly4ep,20260520_gdn_h2_ev10_multiseed_followup,b64_ga4_fp32_official,1,125,123,2,10,b64_ga4,float32,float32,4,epoch_end,2.0,1,num_kv_pairs,64,valid/num_kv_pairs/accuracy-64,0.9997109375
gdn-h2-ev10-usegate0-s125-d123,gdn-h2-ev10-s125-d123-b64-ga4-fp32-noearly4ep,20260520_gdn_h2_ev10_multiseed_followup,b64_ga4_fp32_official,1,125,123,2,10,b64_ga4,float32,float32,5,mid_epoch,2.5,2,num_kv_pairs,64,valid/num_kv_pairs/accuracy-64,0.99971875
gdn-h2-ev10-usegate0-s125-d123,gdn-h2-ev10-s125-d123-b64-ga4-fp32-noearly4ep,20260520_gdn_h2_ev10_multiseed_followup,b64_ga4_fp32_official,1,125,123,2,10,b64_ga4,float32,float32,6,epoch_end,3.0,2,num_kv_pairs,64,valid/num_kv_pairs/accuracy-64,0.9997109375
gdn-h2-ev10-usegate0-s125-d123,gdn-h2-ev10-s125-d123-b64-ga4-fp32-noearly4ep,20260520_gdn_h2_ev10_multiseed_followup,b64_ga4_fp32_official,1,125,123,2,10,b64_ga4,float32,float32,7,mid_epoch,3.5,3,num_kv_pairs,64,valid/num_kv_pairs/accuracy-64,0.99971875
gdn-h2-ev10-usegate0-s125-d123,gdn-h2-ev10-s125-d123-b64-ga4-fp32-noearly4ep,20260520_gdn_h2_ev10_multiseed_followup,b64_ga4_fp32_official,1,125,123,2,10,b64_ga4,float32,float32,8,epoch_end,4.0,3,num_kv_pairs,64,valid/num_kv_pairs/accuracy-64,0.9997109375
gdn-h2-ev10-usegate0-s125-d123,gdn-h2-ev10-s125-d123-b64-ga4-fp32-noearly4ep,20260520_gdn_h2_ev10_multiseed_followup,b64_ga4_fp32_official,1,125,123,2,10,b64_ga4,float32,float32,1,mid_epoch,0.5,0,num_kv_pairs,8,valid/num_kv_pairs/accuracy-8,0.999875
gdn-h2-ev10-usegate0-s125-d123,gdn-h2-ev10-s125-d123-b64-ga4-fp32-noearly4ep,20260520_gdn_h2_ev10_multiseed_followup,b64_ga4_fp32_official,1,125,123,2,10,b64_ga4,float32,float32,2,epoch_end,1.0,0,num_kv_pairs,8,valid/num_kv_pairs/accuracy-8,0.999875
gdn-h2-ev10-usegate0-s125-d123,gdn-h2-ev10-s125-d123-b64-ga4-fp32-noearly4ep,20260520_gdn_h2_ev10_multiseed_followup,b64_ga4_fp32_official,1,125,123,2,10,b64_ga4,float32,float32,3,mid_epoch,1.5,1,num_kv_pairs,8,valid/num_kv_pairs/accuracy-8,0.999875
gdn-h2-ev10-usegate0-s125-d123,gdn-h2-ev10-s125-d123-b64-ga4-fp32-noearly4ep,20260520_gdn_h2_ev10_multiseed_followup,b64_ga4_fp32_official,1,125,123,2,10,b64_ga4,float32,float32,4,epoch_end,2.0,1,num_kv_pairs,8,valid/num_kv_pairs/accuracy-8,0.999875
gdn-h2-ev10-usegate0-s125-d123,gdn-h2-ev10-s125-d123-b64-ga4-fp32-noearly4ep,20260520_gdn_h2_ev10_multiseed_followup,b64_ga4_fp32_official,1,125,123,2,10,b64_ga4,float32,float32,5,mid_epoch,2.5,2,num_kv_pairs,8,valid/num_kv_pairs/accuracy-8,0.999875
gdn-h2-ev10-usegate0-s125-d123,gdn-h2-ev10-s125-d123-b64-ga4-fp32-noearly4ep,20260520_gdn_h2_ev10_multiseed_followup,b64_ga4_fp32_official,1,125,123,2,10,b64_ga4,float32,float32,6,epoch_end,3.0,2,num_kv_pairs,8,valid/num_kv_pairs/accuracy-8,0.999875
gdn-h2-ev10-usegate0-s125-d123,gdn-h2-ev10-s125-d123-b64-ga4-fp32-noearly4ep,20260520_gdn_h2_ev10_multiseed_followup,b64_ga4_fp32_official,1,125,123,2,10,b64_ga4,float32,float32,7,mid_epoch,3.5,3,num_kv_pairs,8,valid/num_kv_pairs/accuracy-8,0.999875
gdn-h2-ev10-usegate0-s125-d123,gdn-h2-ev10-s125-d123-b64-ga4-fp32-noearly4ep,20260520_gdn_h2_ev10_multiseed_followup,b64_ga4_fp32_official,1,125,123,2,10,b64_ga4,float32,float32,8,epoch_end,4.0,3,num_kv_pairs,8,valid/num_kv_pairs/accuracy-8,0.999875
gdn-h2-ev10-usegate0-s126-d123,gdn-h2-ev10-s126-d123-b64-ga4-fp32-noearly4ep,20260520_gdn_h2_ev10_multiseed_followup,b64_ga4_fp32_official,0,126,123,2,10,b64_ga4,float32,float32,1,mid_epoch,0.5,0,input_seq_len,1024,valid/input_seq_len/accuracy-1024,0.423859375
gdn-h2-ev10-usegate0-s126-d123,gdn-h2-ev10-s126-d123-b64-ga4-fp32-noearly4ep,20260520_gdn_h2_ev10_multiseed_followup,b64_ga4_fp32_official,0,126,123,2,10,b64_ga4,float32,float32,2,epoch_end,1.0,0,input_seq_len,1024,valid/input_seq_len/accuracy-1024,0.6922578125
gdn-h2-ev10-usegate0-s126-d123,gdn-h2-ev10-s126-d123-b64-ga4-fp32-noearly4ep,20260520_gdn_h2_ev10_multiseed_followup,b64_ga4_fp32_official,0,126,123,2,10,b64_ga4,float32,float32,3,mid_epoch,1.5,1,input_seq_len,1024,valid/input_seq_len/accuracy-1024,0.72978125
gdn-h2-ev10-usegate0-s126-d123,gdn-h2-ev10-s126-d123-b64-ga4-fp32-noearly4ep,20260520_gdn_h2_ev10_multiseed_followup,b64_ga4_fp32_official,0,126,123,2,10,b64_ga4,float32,float32,4,epoch_end,2.0,1,input_seq_len,1024,valid/input_seq_len/accuracy-1024,0.7766796875
gdn-h2-ev10-usegate0-s126-d123,gdn-h2-ev10-s126-d123-b64-ga4-fp32-noearly4ep,20260520_gdn_h2_ev10_multiseed_followup,b64_ga4_fp32_official,0,126,123,2,10,b64_ga4,float32,float32,5,mid_epoch,2.5,2,input_seq_len,1024,valid/input_seq_len/accuracy-1024,0.780109375
gdn-h2-ev10-usegate0-s126-d123,gdn-h2-ev10-s126-d123-b64-ga4-fp32-noearly4ep,20260520_gdn_h2_ev10_multiseed_followup,b64_ga4_fp32_official,0,126,123,2,10,b64_ga4,float32,float32,6,epoch_end,3.0,2,input_seq_len,1024,valid/input_seq_len/accuracy-1024,0.80516796875
gdn-h2-ev10-usegate0-s126-d123,gdn-h2-ev10-s126-d123-b64-ga4-fp32-noearly4ep,20260520_gdn_h2_ev10_multiseed_followup,b64_ga4_fp32_official,0,126,123,2,10,b64_ga4,float32,float32,7,mid_epoch,3.5,3,input_seq_len,1024,valid/input_seq_len/accuracy-1024,0.80246484375
gdn-h2-ev10-usegate0-s126-d123,gdn-h2-ev10-s126-d123-b64-ga4-fp32-noearly4ep,20260520_gdn_h2_ev10_multiseed_followup,b64_ga4_fp32_official,0,126,123,2,10,b64_ga4,float32,float32,8,epoch_end,4.0,3,input_seq_len,1024,valid/input_seq_len/accuracy-1024,0.812796875
gdn-h2-ev10-usegate0-s126-d123,gdn-h2-ev10-s126-d123-b64-ga4-fp32-noearly4ep,20260520_gdn_h2_ev10_multiseed_followup,b64_ga4_fp32_official,0,126,123,2,10,b64_ga4,float32,float32,1,mid_epoch,0.5,0,input_seq_len,128,valid/input_seq_len/accuracy-128,0.999875
gdn-h2-ev10-usegate0-s126-d123,gdn-h2-ev10-s126-d123-b64-ga4-fp32-noearly4ep,20260520_gdn_h2_ev10_multiseed_followup,b64_ga4_fp32_official,0,126,123,2,10,b64_ga4,float32,float32,2,epoch_end,1.0,0,input_seq_len,128,valid/input_seq_len/accuracy-128,0.99996875
gdn-h2-ev10-usegate0-s126-d123,gdn-h2-ev10-s126-d123-b64-ga4-fp32-noearly4ep,20260520_gdn_h2_ev10_multiseed_followup,b64_ga4_fp32_official,0,126,123,2,10,b64_ga4,float32,float32,3,mid_epoch,1.5,1,input_seq_len,128,valid/input_seq_len/accuracy-128,0.9999375
gdn-h2-ev10-usegate0-s126-d123,gdn-h2-ev10-s126-d123-b64-ga4-fp32-noearly4ep,20260520_gdn_h2_ev10_multiseed_followup,b64_ga4_fp32_official,0,126,123,2,10,b64_ga4,float32,float32,4,epoch_end,2.0,1,input_seq_len,128,valid/input_seq_len/accuracy-128,1.0
gdn-h2-ev10-usegate0-s126-d123,gdn-h2-ev10-s126-d123-b64-ga4-fp32-noearly4ep,20260520_gdn_h2_ev10_multiseed_followup,b64_ga4_fp32_official,0,126,123,2,10,b64_ga4,float32,float32,5,mid_epoch,2.5,2,input_seq_len,128,valid/input_seq_len/accuracy-128,1.0
gdn-h2-ev10-usegate0-s126-d123,gdn-h2-ev10-s126-d123-b64-ga4-fp32-noearly4ep,20260520_gdn_h2_ev10_multiseed_followup,b64_ga4_fp32_official,0,126,123,2,10,b64_ga4,float32,float32,6,epoch_end,3.0,2,input_seq_len,128,valid/input_seq_len/accuracy-128,1.0
gdn-h2-ev10-usegate0-s126-d123,gdn-h2-ev10-s126-d123-b64-ga4-fp32-noearly4ep,20260520_gdn_h2_ev10_multiseed_followup,b64_ga4_fp32_official,0,126,123,2,10,b64_ga4,float32,float32,7,mid_epoch,3.5,3,input_seq_len,128,valid/input_seq_len/accuracy-128,1.0
gdn-h2-ev10-usegate0-s126-d123,gdn-h2-ev10-s126-d123-b64-ga4-fp32-noearly4ep,20260520_gdn_h2_ev10_multiseed_followup,b64_ga4_fp32_official,0,126,123,2,10,b64_ga4,float32,float32,8,epoch_end,4.0,3,input_seq_len,128,valid/input_seq_len/accuracy-128,1.0
gdn-h2-ev10-usegate0-s126-d123,gdn-h2-ev10-s126-d123-b64-ga4-fp32-noearly4ep,20260520_gdn_h2_ev10_multiseed_followup,b64_ga4_fp32_official,0,126,123,2,10,b64_ga4,float32,float32,1,mid_epoch,0.5,0,input_seq_len,256,valid/input_seq_len/accuracy-256,0.997
gdn-h2-ev10-usegate0-s126-d123,gdn-h2-ev10-s126-d123-b64-ga4-fp32-noearly4ep,20260520_gdn_h2_ev10_multiseed_followup,b64_ga4_fp32_official,0,126,123,2,10,b64_ga4,float32,float32,2,epoch_end,1.0,0,input_seq_len,256,valid/input_seq_len/accuracy-256,0.999671875
gdn-h2-ev10-usegate0-s126-d123,gdn-h2-ev10-s126-d123-b64-ga4-fp32-noearly4ep,20260520_gdn_h2_ev10_multiseed_followup,b64_ga4_fp32_official,0,126,123,2,10,b64_ga4,float32,float32,3,mid_epoch,1.5,1,input_seq_len,256,valid/input_seq_len/accuracy-256,0.99990625
gdn-h2-ev10-usegate0-s126-d123,gdn-h2-ev10-s126-d123-b64-ga4-fp32-noearly4ep,20260520_gdn_h2_ev10_multiseed_followup,b64_ga4_fp32_official,0,126,123,2,10,b64_ga4,float32,float32,4,epoch_end,2.0,1,input_seq_len,256,valid/input_seq_len/accuracy-256,0.99996875
gdn-h2-ev10-usegate0-s126-d123,gdn-h2-ev10-s126-d123-b64-ga4-fp32-noearly4ep,20260520_gdn_h2_ev10_multiseed_followup,b64_ga4_fp32_official,0,126,123,2,10,b64_ga4,float32,float32,5,mid_epoch,2.5,2,input_seq_len,256,valid/input_seq_len/accuracy-256,0.999984375
gdn-h2-ev10-usegate0-s126-d123,gdn-h2-ev10-s126-d123-b64-ga4-fp32-noearly4ep,20260520_gdn_h2_ev10_multiseed_followup,b64_ga4_fp32_official,0,126,123,2,10,b64_ga4,float32,float32,6,epoch_end,3.0,2,input_seq_len,256,valid/input_seq_len/accuracy-256,0.999984375
gdn-h2-ev10-usegate0-s126-d123,gdn-h2-ev10-s126-d123-b64-ga4-fp32-noearly4ep,20260520_gdn_h2_ev10_multiseed_followup,b64_ga4_fp32_official,0,126,123,2,10,b64_ga4,float32,float32,7,mid_epoch,3.5,3,input_seq_len,256,valid/input_seq_len/accuracy-256,0.999984375
gdn-h2-ev10-usegate0-s126-d123,gdn-h2-ev10-s126-d123-b64-ga4-fp32-noearly4ep,20260520_gdn_h2_ev10_multiseed_followup,b64_ga4_fp32_official,0,126,123,2,10,b64_ga4,float32,float32,8,epoch_end,4.0,3,input_seq_len,256,valid/input_seq_len/accuracy-256,0.999984375
gdn-h2-ev10-usegate0-s126-d123,gdn-h2-ev10-s126-d123-b64-ga4-fp32-noearly4ep,20260520_gdn_h2_ev10_multiseed_followup,b64_ga4_fp32_official,0,126,123,2,10,b64_ga4,float32,float32,1,mid_epoch,0.5,0,input_seq_len,512,valid/input_seq_len/accuracy-512,0.9422265625
gdn-h2-ev10-usegate0-s126-d123,gdn-h2-ev10-s126-d123-b64-ga4-fp32-noearly4ep,20260520_gdn_h2_ev10_multiseed_followup,b64_ga4_fp32_official,0,126,123,2,10,b64_ga4,float32,float32,2,epoch_end,1.0,0,input_seq_len,512,valid/input_seq_len/accuracy-512,0.99161328125
gdn-h2-ev10-usegate0-s126-d123,gdn-h2-ev10-s126-d123-b64-ga4-fp32-noearly4ep,20260520_gdn_h2_ev10_multiseed_followup,b64_ga4_fp32_official,0,126,123,2,10,b64_ga4,float32,float32,3,mid_epoch,1.5,1,input_seq_len,512,valid/input_seq_len/accuracy-512,0.99442578125
gdn-h2-ev10-usegate0-s126-d123,gdn-h2-ev10-s126-d123-b64-ga4-fp32-noearly4ep,20260520_gdn_h2_ev10_multiseed_followup,b64_ga4_fp32_official,0,126,123,2,10,b64_ga4,float32,float32,4,epoch_end,2.0,1,input_seq_len,512,valid/input_seq_len/accuracy-512,0.9966171875
gdn-h2-ev10-usegate0-s126-d123,gdn-h2-ev10-s126-d123-b64-ga4-fp32-noearly4ep,20260520_gdn_h2_ev10_multiseed_followup,b64_ga4_fp32_official,0,126,123,2,10,b64_ga4,float32,float32,5,mid_epoch,2.5,2,input_seq_len,512,valid/input_seq_len/accuracy-512,0.996921875
gdn-h2-ev10-usegate0-s126-d123,gdn-h2-ev10-s126-d123-b64-ga4-fp32-noearly4ep,20260520_gdn_h2_ev10_multiseed_followup,b64_ga4_fp32_official,0,126,123,2,10,b64_ga4,float32,float32,6,epoch_end,3.0,2,input_seq_len,512,valid/input_seq_len/accuracy-512,0.9977734375
gdn-h2-ev10-usegate0-s126-d123,gdn-h2-ev10-s126-d123-b64-ga4-fp32-noearly4ep,20260520_gdn_h2_ev10_multiseed_followup,b64_ga4_fp32_official,0,126,123,2,10,b64_ga4,float32,float32,7,mid_epoch,3.5,3,input_seq_len,512,valid/input_seq_len/accuracy-512,0.99773046875
gdn-h2-ev10-usegate0-s126-d123,gdn-h2-ev10-s126-d123-b64-ga4-fp32-noearly4ep,20260520_gdn_h2_ev10_multiseed_followup,b64_ga4_fp32_official,0,126,123,2,10,b64_ga4,float32,float32,8,epoch_end,4.0,3,input_seq_len,512,valid/input_seq_len/accuracy-512,0.9979921875
gdn-h2-ev10-usegate0-s126-d123,gdn-h2-ev10-s126-d123-b64-ga4-fp32-noearly4ep,20260520_gdn_h2_ev10_multiseed_followup,b64_ga4_fp32_official,0,126,123,2,10,b64_ga4,float32,float32,1,mid_epoch,0.5,0,input_seq_len,64,valid/input_seq_len/accuracy-64,0.9996666666666667
gdn-h2-ev10-usegate0-s126-d123,gdn-h2-ev10-s126-d123-b64-ga4-fp32-noearly4ep,20260520_gdn_h2_ev10_multiseed_followup,b64_ga4_fp32_official,0,126,123,2,10,b64_ga4,float32,float32,2,epoch_end,1.0,0,input_seq_len,64,valid/input_seq_len/accuracy-64,0.9999583333333333
gdn-h2-ev10-usegate0-s126-d123,gdn-h2-ev10-s126-d123-b64-ga4-fp32-noearly4ep,20260520_gdn_h2_ev10_multiseed_followup,b64_ga4_fp32_official,0,126,123,2,10,b64_ga4,float32,float32,3,mid_epoch,1.5,1,input_seq_len,64,valid/input_seq_len/accuracy-64,0.9999583333333333
gdn-h2-ev10-usegate0-s126-d123,gdn-h2-ev10-s126-d123-b64-ga4-fp32-noearly4ep,20260520_gdn_h2_ev10_multiseed_followup,b64_ga4_fp32_official,0,126,123,2,10,b64_ga4,float32,float32,4,epoch_end,2.0,1,input_seq_len,64,valid/input_seq_len/accuracy-64,0.9999583333333333
gdn-h2-ev10-usegate0-s126-d123,gdn-h2-ev10-s126-d123-b64-ga4-fp32-noearly4ep,20260520_gdn_h2_ev10_multiseed_followup,b64_ga4_fp32_official,0,126,123,2,10,b64_ga4,float32,float32,5,mid_epoch,2.5,2,input_seq_len,64,valid/input_seq_len/accuracy-64,0.9999583333333333
gdn-h2-ev10-usegate0-s126-d123,gdn-h2-ev10-s126-d123-b64-ga4-fp32-noearly4ep,20260520_gdn_h2_ev10_multiseed_followup,b64_ga4_fp32_official,0,126,123,2,10,b64_ga4,float32,float32,6,epoch_end,3.0,2,input_seq_len,64,valid/input_seq_len/accuracy-64,0.9999583333333333
gdn-h2-ev10-usegate0-s126-d123,gdn-h2-ev10-s126-d123-b64-ga4-fp32-noearly4ep,20260520_gdn_h2_ev10_multiseed_followup,b64_ga4_fp32_official,0,126,123,2,10,b64_ga4,float32,float32,7,mid_epoch,3.5,3,input_seq_len,64,valid/input_seq_len/accuracy-64,0.9999583333333333
gdn-h2-ev10-usegate0-s126-d123,gdn-h2-ev10-s126-d123-b64-ga4-fp32-noearly4ep,20260520_gdn_h2_ev10_multiseed_followup,b64_ga4_fp32_official,0,126,123,2,10,b64_ga4,float32,float32,8,epoch_end,4.0,3,input_seq_len,64,valid/input_seq_len/accuracy-64,0.9999583333333333
gdn-h2-ev10-usegate0-s126-d123,gdn-h2-ev10-s126-d123-b64-ga4-fp32-noearly4ep,20260520_gdn_h2_ev10_multiseed_followup,b64_ga4_fp32_official,0,126,123,2,10,b64_ga4,float32,float32,1,mid_epoch,0.5,0,mqar_case,1024x256,valid/mqar_case/accuracy-1024x256,0.423859375
gdn-h2-ev10-usegate0-s126-d123,gdn-h2-ev10-s126-d123-b64-ga4-fp32-noearly4ep,20260520_gdn_h2_ev10_multiseed_followup,b64_ga4_fp32_official,0,126,123,2,10,b64_ga4,float32,float32,2,epoch_end,1.0,0,mqar_case,1024x256,valid/mqar_case/accuracy-1024x256,0.6922578125
gdn-h2-ev10-usegate0-s126-d123,gdn-h2-ev10-s126-d123-b64-ga4-fp32-noearly4ep,20260520_gdn_h2_ev10_multiseed_followup,b64_ga4_fp32_official,0,126,123,2,10,b64_ga4,float32,float32,3,mid_epoch,1.5,1,mqar_case,1024x256,valid/mqar_case/accuracy-1024x256,0.72978125
gdn-h2-ev10-usegate0-s126-d123,gdn-h2-ev10-s126-d123-b64-ga4-fp32-noearly4ep,20260520_gdn_h2_ev10_multiseed_followup,b64_ga4_fp32_official,0,126,123,2,10,b64_ga4,float32,float32,4,epoch_end,2.0,1,mqar_case,1024x256,valid/mqar_case/accuracy-1024x256,0.7766796875
gdn-h2-ev10-usegate0-s126-d123,gdn-h2-ev10-s126-d123-b64-ga4-fp32-noearly4ep,20260520_gdn_h2_ev10_multiseed_followup,b64_ga4_fp32_official,0,126,123,2,10,b64_ga4,float32,float32,5,mid_epoch,2.5,2,mqar_case,1024x256,valid/mqar_case/accuracy-1024x256,0.780109375
gdn-h2-ev10-usegate0-s126-d123,gdn-h2-ev10-s126-d123-b64-ga4-fp32-noearly4ep,20260520_gdn_h2_ev10_multiseed_followup,b64_ga4_fp32_official,0,126,123,2,10,b64_ga4,float32,float32,6,epoch_end,3.0,2,mqar_case,1024x256,valid/mqar_case/accuracy-1024x256,0.80516796875
gdn-h2-ev10-usegate0-s126-d123,gdn-h2-ev10-s126-d123-b64-ga4-fp32-noearly4ep,20260520_gdn_h2_ev10_multiseed_followup,b64_ga4_fp32_official,0,126,123,2,10,b64_ga4,float32,float32,7,mid_epoch,3.5,3,mqar_case,1024x256,valid/mqar_case/accuracy-1024x256,0.80246484375
gdn-h2-ev10-usegate0-s126-d123,gdn-h2-ev10-s126-d123-b64-ga4-fp32-noearly4ep,20260520_gdn_h2_ev10_multiseed_followup,b64_ga4_fp32_official,0,126,123,2,10,b64_ga4,float32,float32,8,epoch_end,4.0,3,mqar_case,1024x256,valid/mqar_case/accuracy-1024x256,0.812796875
gdn-h2-ev10-usegate0-s126-d123,gdn-h2-ev10-s126-d123-b64-ga4-fp32-noearly4ep,20260520_gdn_h2_ev10_multiseed_followup,b64_ga4_fp32_official,0,126,123,2,10,b64_ga4,float32,float32,1,mid_epoch,0.5,0,mqar_case,128x32,valid/mqar_case/accuracy-128x32,0.999875
gdn-h2-ev10-usegate0-s126-d123,gdn-h2-ev10-s126-d123-b64-ga4-fp32-noearly4ep,20260520_gdn_h2_ev10_multiseed_followup,b64_ga4_fp32_official,0,126,123,2,10,b64_ga4,float32,float32,2,epoch_end,1.0,0,mqar_case,128x32,valid/mqar_case/accuracy-128x32,0.99996875
gdn-h2-ev10-usegate0-s126-d123,gdn-h2-ev10-s126-d123-b64-ga4-fp32-noearly4ep,20260520_gdn_h2_ev10_multiseed_followup,b64_ga4_fp32_official,0,126,123,2,10,b64_ga4,float32,float32,3,mid_epoch,1.5,1,mqar_case,128x32,valid/mqar_case/accuracy-128x32,0.9999375
gdn-h2-ev10-usegate0-s126-d123,gdn-h2-ev10-s126-d123-b64-ga4-fp32-noearly4ep,20260520_gdn_h2_ev10_multiseed_followup,b64_ga4_fp32_official,0,126,123,2,10,b64_ga4,float32,float32,4,epoch_end,2.0,1,mqar_case,128x32,valid/mqar_case/accuracy-128x32,1.0
gdn-h2-ev10-usegate0-s126-d123,gdn-h2-ev10-s126-d123-b64-ga4-fp32-noearly4ep,20260520_gdn_h2_ev10_multiseed_followup,b64_ga4_fp32_official,0,126,123,2,10,b64_ga4,float32,float32,5,mid_epoch,2.5,2,mqar_case,128x32,valid/mqar_case/accuracy-128x32,1.0
gdn-h2-ev10-usegate0-s126-d123,gdn-h2-ev10-s126-d123-b64-ga4-fp32-noearly4ep,20260520_gdn_h2_ev10_multiseed_followup,b64_ga4_fp32_official,0,126,123,2,10,b64_ga4,float32,float32,6,epoch_end,3.0,2,mqar_case,128x32,valid/mqar_case/accuracy-128x32,1.0
gdn-h2-ev10-usegate0-s126-d123,gdn-h2-ev10-s126-d123-b64-ga4-fp32-noearly4ep,20260520_gdn_h2_ev10_multiseed_followup,b64_ga4_fp32_official,0,126,123,2,10,b64_ga4,float32,float32,7,mid_epoch,3.5,3,mqar_case,128x32,valid/mqar_case/accuracy-128x32,1.0
gdn-h2-ev10-usegate0-s126-d123,gdn-h2-ev10-s126-d123-b64-ga4-fp32-noearly4ep,20260520_gdn_h2_ev10_multiseed_followup,b64_ga4_fp32_official,0,126,123,2,10,b64_ga4,float32,float32,8,epoch_end,4.0,3,mqar_case,128x32,valid/mqar_case/accuracy-128x32,1.0
gdn-h2-ev10-usegate0-s126-d123,gdn-h2-ev10-s126-d123-b64-ga4-fp32-noearly4ep,20260520_gdn_h2_ev10_multiseed_followup,b64_ga4_fp32_official,0,126,123,2,10,b64_ga4,float32,float32,1,mid_epoch,0.5,0,mqar_case,256x64,valid/mqar_case/accuracy-256x64,0.997
gdn-h2-ev10-usegate0-s126-d123,gdn-h2-ev10-s126-d123-b64-ga4-fp32-noearly4ep,20260520_gdn_h2_ev10_multiseed_followup,b64_ga4_fp32_official,0,126,123,2,10,b64_ga4,float32,float32,2,epoch_end,1.0,0,mqar_case,256x64,valid/mqar_case/accuracy-256x64,0.999671875
gdn-h2-ev10-usegate0-s126-d123,gdn-h2-ev10-s126-d123-b64-ga4-fp32-noearly4ep,20260520_gdn_h2_ev10_multiseed_followup,b64_ga4_fp32_official,0,126,123,2,10,b64_ga4,float32,float32,3,mid_epoch,1.5,1,mqar_case,256x64,valid/mqar_case/accuracy-256x64,0.99990625
gdn-h2-ev10-usegate0-s126-d123,gdn-h2-ev10-s126-d123-b64-ga4-fp32-noearly4ep,20260520_gdn_h2_ev10_multiseed_followup,b64_ga4_fp32_official,0,126,123,2,10,b64_ga4,float32,float32,4,epoch_end,2.0,1,mqar_case,256x64,valid/mqar_case/accuracy-256x64,0.99996875
gdn-h2-ev10-usegate0-s126-d123,gdn-h2-ev10-s126-d123-b64-ga4-fp32-noearly4ep,20260520_gdn_h2_ev10_multiseed_followup,b64_ga4_fp32_official,0,126,123,2,10,b64_ga4,float32,float32,5,mid_epoch,2.5,2,mqar_case,256x64,valid/mqar_case/accuracy-256x64,0.999984375
gdn-h2-ev10-usegate0-s126-d123,gdn-h2-ev10-s126-d123-b64-ga4-fp32-noearly4ep,20260520_gdn_h2_ev10_multiseed_followup,b64_ga4_fp32_official,0,126,123,2,10,b64_ga4,float32,float32,6,epoch_end,3.0,2,mqar_case,256x64,valid/mqar_case/accuracy-256x64,0.999984375
gdn-h2-ev10-usegate0-s126-d123,gdn-h2-ev10-s126-d123-b64-ga4-fp32-noearly4ep,20260520_gdn_h2_ev10_multiseed_followup,b64_ga4_fp32_official,0,126,123,2,10,b64_ga4,float32,float32,7,mid_epoch,3.5,3,mqar_case,256x64,valid/mqar_case/accuracy-256x64,0.999984375
gdn-h2-ev10-usegate0-s126-d123,gdn-h2-ev10-s126-d123-b64-ga4-fp32-noearly4ep,20260520_gdn_h2_ev10_multiseed_followup,b64_ga4_fp32_official,0,126,123,2,10,b64_ga4,float32,float32,8,epoch_end,4.0,3,mqar_case,256x64,valid/mqar_case/accuracy-256x64,0.999984375
gdn-h2-ev10-usegate0-s126-d123,gdn-h2-ev10-s126-d123-b64-ga4-fp32-noearly4ep,20260520_gdn_h2_ev10_multiseed_followup,b64_ga4_fp32_official,0,126,123,2,10,b64_ga4,float32,float32,1,mid_epoch,0.5,0,mqar_case,512x128,valid/mqar_case/accuracy-512x128,0.89071875
gdn-h2-ev10-usegate0-s126-d123,gdn-h2-ev10-s126-d123-b64-ga4-fp32-noearly4ep,20260520_gdn_h2_ev10_multiseed_followup,b64_ga4_fp32_official,0,126,123,2,10,b64_ga4,float32,float32,2,epoch_end,1.0,0,mqar_case,512x128,valid/mqar_case/accuracy-512x128,0.9841328125
gdn-h2-ev10-usegate0-s126-d123,gdn-h2-ev10-s126-d123-b64-ga4-fp32-noearly4ep,20260520_gdn_h2_ev10_multiseed_followup,b64_ga4_fp32_official,0,126,123,2,10,b64_ga4,float32,float32,3,mid_epoch,1.5,1,mqar_case,512x128,valid/mqar_case/accuracy-512x128,0.9896015625
gdn-h2-ev10-usegate0-s126-d123,gdn-h2-ev10-s126-d123-b64-ga4-fp32-noearly4ep,20260520_gdn_h2_ev10_multiseed_followup,b64_ga4_fp32_official,0,126,123,2,10,b64_ga4,float32,float32,4,epoch_end,2.0,1,mqar_case,512x128,valid/mqar_case/accuracy-512x128,0.993828125
gdn-h2-ev10-usegate0-s126-d123,gdn-h2-ev10-s126-d123-b64-ga4-fp32-noearly4ep,20260520_gdn_h2_ev10_multiseed_followup,b64_ga4_fp32_official,0,126,123,2,10,b64_ga4,float32,float32,5,mid_epoch,2.5,2,mqar_case,512x128,valid/mqar_case/accuracy-512x128,0.994375
gdn-h2-ev10-usegate0-s126-d123,gdn-h2-ev10-s126-d123-b64-ga4-fp32-noearly4ep,20260520_gdn_h2_ev10_multiseed_followup,b64_ga4_fp32_official,0,126,123,2,10,b64_ga4,float32,float32,6,epoch_end,3.0,2,mqar_case,512x128,valid/mqar_case/accuracy-512x128,0.99590625
gdn-h2-ev10-usegate0-s126-d123,gdn-h2-ev10-s126-d123-b64-ga4-fp32-noearly4ep,20260520_gdn_h2_ev10_multiseed_followup,b64_ga4_fp32_official,0,126,123,2,10,b64_ga4,float32,float32,7,mid_epoch,3.5,3,mqar_case,512x128,valid/mqar_case/accuracy-512x128,0.9957890625
gdn-h2-ev10-usegate0-s126-d123,gdn-h2-ev10-s126-d123-b64-ga4-fp32-noearly4ep,20260520_gdn_h2_ev10_multiseed_followup,b64_ga4_fp32_official,0,126,123,2,10,b64_ga4,float32,float32,8,epoch_end,4.0,3,mqar_case,512x128,valid/mqar_case/accuracy-512x128,0.99628125
gdn-h2-ev10-usegate0-s126-d123,gdn-h2-ev10-s126-d123-b64-ga4-fp32-noearly4ep,20260520_gdn_h2_ev10_multiseed_followup,b64_ga4_fp32_official,0,126,123,2,10,b64_ga4,float32,float32,1,mid_epoch,0.5,0,mqar_case,512x64,valid/mqar_case/accuracy-512x64,0.993734375
gdn-h2-ev10-usegate0-s126-d123,gdn-h2-ev10-s126-d123-b64-ga4-fp32-noearly4ep,20260520_gdn_h2_ev10_multiseed_followup,b64_ga4_fp32_official,0,126,123,2,10,b64_ga4,float32,float32,2,epoch_end,1.0,0,mqar_case,512x64,valid/mqar_case/accuracy-512x64,0.99909375
gdn-h2-ev10-usegate0-s126-d123,gdn-h2-ev10-s126-d123-b64-ga4-fp32-noearly4ep,20260520_gdn_h2_ev10_multiseed_followup,b64_ga4_fp32_official,0,126,123,2,10,b64_ga4,float32,float32,3,mid_epoch,1.5,1,mqar_case,512x64,valid/mqar_case/accuracy-512x64,0.99925
gdn-h2-ev10-usegate0-s126-d123,gdn-h2-ev10-s126-d123-b64-ga4-fp32-noearly4ep,20260520_gdn_h2_ev10_multiseed_followup,b64_ga4_fp32_official,0,126,123,2,10,b64_ga4,float32,float32,4,epoch_end,2.0,1,mqar_case,512x64,valid/mqar_case/accuracy-512x64,0.99940625
gdn-h2-ev10-usegate0-s126-d123,gdn-h2-ev10-s126-d123-b64-ga4-fp32-noearly4ep,20260520_gdn_h2_ev10_multiseed_followup,b64_ga4_fp32_official,0,126,123,2,10,b64_ga4,float32,float32,5,mid_epoch,2.5,2,mqar_case,512x64,valid/mqar_case/accuracy-512x64,0.99946875
gdn-h2-ev10-usegate0-s126-d123,gdn-h2-ev10-s126-d123-b64-ga4-fp32-noearly4ep,20260520_gdn_h2_ev10_multiseed_followup,b64_ga4_fp32_official,0,126,123,2,10,b64_ga4,float32,float32,6,epoch_end,3.0,2,mqar_case,512x64,valid/mqar_case/accuracy-512x64,0.999640625
gdn-h2-ev10-usegate0-s126-d123,gdn-h2-ev10-s126-d123-b64-ga4-fp32-noearly4ep,20260520_gdn_h2_ev10_multiseed_followup,b64_ga4_fp32_official,0,126,123,2,10,b64_ga4,float32,float32,7,mid_epoch,3.5,3,mqar_case,512x64,valid/mqar_case/accuracy-512x64,0.999671875
gdn-h2-ev10-usegate0-s126-d123,gdn-h2-ev10-s126-d123-b64-ga4-fp32-noearly4ep,20260520_gdn_h2_ev10_multiseed_followup,b64_ga4_fp32_official,0,126,123,2,10,b64_ga4,float32,float32,8,epoch_end,4.0,3,mqar_case,512x64,valid/mqar_case/accuracy-512x64,0.999703125
gdn-h2-ev10-usegate0-s126-d123,gdn-h2-ev10-s126-d123-b64-ga4-fp32-noearly4ep,20260520_gdn_h2_ev10_multiseed_followup,b64_ga4_fp32_official,0,126,123,2,10,b64_ga4,float32,float32,1,mid_epoch,0.5,0,mqar_case,64x16,valid/mqar_case/accuracy-64x16,1.0
gdn-h2-ev10-usegate0-s126-d123,gdn-h2-ev10-s126-d123-b64-ga4-fp32-noearly4ep,20260520_gdn_h2_ev10_multiseed_followup,b64_ga4_fp32_official,0,126,123,2,10,b64_ga4,float32,float32,2,epoch_end,1.0,0,mqar_case,64x16,valid/mqar_case/accuracy-64x16,1.0
gdn-h2-ev10-usegate0-s126-d123,gdn-h2-ev10-s126-d123-b64-ga4-fp32-noearly4ep,20260520_gdn_h2_ev10_multiseed_followup,b64_ga4_fp32_official,0,126,123,2,10,b64_ga4,float32,float32,3,mid_epoch,1.5,1,mqar_case,64x16,valid/mqar_case/accuracy-64x16,1.0
gdn-h2-ev10-usegate0-s126-d123,gdn-h2-ev10-s126-d123-b64-ga4-fp32-noearly4ep,20260520_gdn_h2_ev10_multiseed_followup,b64_ga4_fp32_official,0,126,123,2,10,b64_ga4,float32,float32,4,epoch_end,2.0,1,mqar_case,64x16,valid/mqar_case/accuracy-64x16,1.0
gdn-h2-ev10-usegate0-s126-d123,gdn-h2-ev10-s126-d123-b64-ga4-fp32-noearly4ep,20260520_gdn_h2_ev10_multiseed_followup,b64_ga4_fp32_official,0,126,123,2,10,b64_ga4,float32,float32,5,mid_epoch,2.5,2,mqar_case,64x16,valid/mqar_case/accuracy-64x16,1.0
gdn-h2-ev10-usegate0-s126-d123,gdn-h2-ev10-s126-d123-b64-ga4-fp32-noearly4ep,20260520_gdn_h2_ev10_multiseed_followup,b64_ga4_fp32_official,0,126,123,2,10,b64_ga4,float32,float32,6,epoch_end,3.0,2,mqar_case,64x16,valid/mqar_case/accuracy-64x16,1.0
gdn-h2-ev10-usegate0-s126-d123,gdn-h2-ev10-s126-d123-b64-ga4-fp32-noearly4ep,20260520_gdn_h2_ev10_multiseed_followup,b64_ga4_fp32_official,0,126,123,2,10,b64_ga4,float32,float32,7,mid_epoch,3.5,3,mqar_case,64x16,valid/mqar_case/accuracy-64x16,1.0
gdn-h2-ev10-usegate0-s126-d123,gdn-h2-ev10-s126-d123-b64-ga4-fp32-noearly4ep,20260520_gdn_h2_ev10_multiseed_followup,b64_ga4_fp32_official,0,126,123,2,10,b64_ga4,float32,float32,8,epoch_end,4.0,3,mqar_case,64x16,valid/mqar_case/accuracy-64x16,1.0
gdn-h2-ev10-usegate0-s126-d123,gdn-h2-ev10-s126-d123-b64-ga4-fp32-noearly4ep,20260520_gdn_h2_ev10_multiseed_followup,b64_ga4_fp32_official,0,126,123,2,10,b64_ga4,float32,float32,1,mid_epoch,0.5,0,mqar_case,64x4,valid/mqar_case/accuracy-64x4,0.99925
gdn-h2-ev10-usegate0-s126-d123,gdn-h2-ev10-s126-d123-b64-ga4-fp32-noearly4ep,20260520_gdn_h2_ev10_multiseed_followup,b64_ga4_fp32_official,0,126,123,2,10,b64_ga4,float32,float32,2,epoch_end,1.0,0,mqar_case,64x4,valid/mqar_case/accuracy-64x4,1.0
gdn-h2-ev10-usegate0-s126-d123,gdn-h2-ev10-s126-d123-b64-ga4-fp32-noearly4ep,20260520_gdn_h2_ev10_multiseed_followup,b64_ga4_fp32_official,0,126,123,2,10,b64_ga4,float32,float32,3,mid_epoch,1.5,1,mqar_case,64x4,valid/mqar_case/accuracy-64x4,1.0
gdn-h2-ev10-usegate0-s126-d123,gdn-h2-ev10-s126-d123-b64-ga4-fp32-noearly4ep,20260520_gdn_h2_ev10_multiseed_followup,b64_ga4_fp32_official,0,126,123,2,10,b64_ga4,float32,float32,4,epoch_end,2.0,1,mqar_case,64x4,valid/mqar_case/accuracy-64x4,1.0
gdn-h2-ev10-usegate0-s126-d123,gdn-h2-ev10-s126-d123-b64-ga4-fp32-noearly4ep,20260520_gdn_h2_ev10_multiseed_followup,b64_ga4_fp32_official,0,126,123,2,10,b64_ga4,float32,float32,5,mid_epoch,2.5,2,mqar_case,64x4,valid/mqar_case/accuracy-64x4,1.0
gdn-h2-ev10-usegate0-s126-d123,gdn-h2-ev10-s126-d123-b64-ga4-fp32-noearly4ep,20260520_gdn_h2_ev10_multiseed_followup,b64_ga4_fp32_official,0,126,123,2,10,b64_ga4,float32,float32,6,epoch_end,3.0,2,mqar_case,64x4,valid/mqar_case/accuracy-64x4,1.0
gdn-h2-ev10-usegate0-s126-d123,gdn-h2-ev10-s126-d123-b64-ga4-fp32-noearly4ep,20260520_gdn_h2_ev10_multiseed_followup,b64_ga4_fp32_official,0,126,123,2,10,b64_ga4,float32,float32,7,mid_epoch,3.5,3,mqar_case,64x4,valid/mqar_case/accuracy-64x4,1.0
gdn-h2-ev10-usegate0-s126-d123,gdn-h2-ev10-s126-d123-b64-ga4-fp32-noearly4ep,20260520_gdn_h2_ev10_multiseed_followup,b64_ga4_fp32_official,0,126,123,2,10,b64_ga4,float32,float32,8,epoch_end,4.0,3,mqar_case,64x4,valid/mqar_case/accuracy-64x4,1.0
gdn-h2-ev10-usegate0-s126-d123,gdn-h2-ev10-s126-d123-b64-ga4-fp32-noearly4ep,20260520_gdn_h2_ev10_multiseed_followup,b64_ga4_fp32_official,0,126,123,2,10,b64_ga4,float32,float32,1,mid_epoch,0.5,0,mqar_case,64x8,valid/mqar_case/accuracy-64x8,0.99975
gdn-h2-ev10-usegate0-s126-d123,gdn-h2-ev10-s126-d123-b64-ga4-fp32-noearly4ep,20260520_gdn_h2_ev10_multiseed_followup,b64_ga4_fp32_official,0,126,123,2,10,b64_ga4,float32,float32,2,epoch_end,1.0,0,mqar_case,64x8,valid/mqar_case/accuracy-64x8,0.999875
gdn-h2-ev10-usegate0-s126-d123,gdn-h2-ev10-s126-d123-b64-ga4-fp32-noearly4ep,20260520_gdn_h2_ev10_multiseed_followup,b64_ga4_fp32_official,0,126,123,2,10,b64_ga4,float32,float32,3,mid_epoch,1.5,1,mqar_case,64x8,valid/mqar_case/accuracy-64x8,0.999875
gdn-h2-ev10-usegate0-s126-d123,gdn-h2-ev10-s126-d123-b64-ga4-fp32-noearly4ep,20260520_gdn_h2_ev10_multiseed_followup,b64_ga4_fp32_official,0,126,123,2,10,b64_ga4,float32,float32,4,epoch_end,2.0,1,mqar_case,64x8,valid/mqar_case/accuracy-64x8,0.999875
gdn-h2-ev10-usegate0-s126-d123,gdn-h2-ev10-s126-d123-b64-ga4-fp32-noearly4ep,20260520_gdn_h2_ev10_multiseed_followup,b64_ga4_fp32_official,0,126,123,2,10,b64_ga4,float32,float32,5,mid_epoch,2.5,2,mqar_case,64x8,valid/mqar_case/accuracy-64x8,0.999875
gdn-h2-ev10-usegate0-s126-d123,gdn-h2-ev10-s126-d123-b64-ga4-fp32-noearly4ep,20260520_gdn_h2_ev10_multiseed_followup,b64_ga4_fp32_official,0,126,123,2,10,b64_ga4,float32,float32,6,epoch_end,3.0,2,mqar_case,64x8,valid/mqar_case/accuracy-64x8,0.999875
gdn-h2-ev10-usegate0-s126-d123,gdn-h2-ev10-s126-d123-b64-ga4-fp32-noearly4ep,20260520_gdn_h2_ev10_multiseed_followup,b64_ga4_fp32_official,0,126,123,2,10,b64_ga4,float32,float32,7,mid_epoch,3.5,3,mqar_case,64x8,valid/mqar_case/accuracy-64x8,0.999875
gdn-h2-ev10-usegate0-s126-d123,gdn-h2-ev10-s126-d123-b64-ga4-fp32-noearly4ep,20260520_gdn_h2_ev10_multiseed_followup,b64_ga4_fp32_official,0,126,123,2,10,b64_ga4,float32,float32,8,epoch_end,4.0,3,mqar_case,64x8,valid/mqar_case/accuracy-64x8,0.999875
gdn-h2-ev10-usegate0-s126-d123,gdn-h2-ev10-s126-d123-b64-ga4-fp32-noearly4ep,20260520_gdn_h2_ev10_multiseed_followup,b64_ga4_fp32_official,0,126,123,2,10,b64_ga4,float32,float32,1,mid_epoch,0.5,0,num_kv_pairs,128,valid/num_kv_pairs/accuracy-128,0.89071875
gdn-h2-ev10-usegate0-s126-d123,gdn-h2-ev10-s126-d123-b64-ga4-fp32-noearly4ep,20260520_gdn_h2_ev10_multiseed_followup,b64_ga4_fp32_official,0,126,123,2,10,b64_ga4,float32,float32,2,epoch_end,1.0,0,num_kv_pairs,128,valid/num_kv_pairs/accuracy-128,0.9841328125
gdn-h2-ev10-usegate0-s126-d123,gdn-h2-ev10-s126-d123-b64-ga4-fp32-noearly4ep,20260520_gdn_h2_ev10_multiseed_followup,b64_ga4_fp32_official,0,126,123,2,10,b64_ga4,float32,float32,3,mid_epoch,1.5,1,num_kv_pairs,128,valid/num_kv_pairs/accuracy-128,0.9896015625
gdn-h2-ev10-usegate0-s126-d123,gdn-h2-ev10-s126-d123-b64-ga4-fp32-noearly4ep,20260520_gdn_h2_ev10_multiseed_followup,b64_ga4_fp32_official,0,126,123,2,10,b64_ga4,float32,float32,4,epoch_end,2.0,1,num_kv_pairs,128,valid/num_kv_pairs/accuracy-128,0.993828125
gdn-h2-ev10-usegate0-s126-d123,gdn-h2-ev10-s126-d123-b64-ga4-fp32-noearly4ep,20260520_gdn_h2_ev10_multiseed_followup,b64_ga4_fp32_official,0,126,123,2,10,b64_ga4,float32,float32,5,mid_epoch,2.5,2,num_kv_pairs,128,valid/num_kv_pairs/accuracy-128,0.994375
gdn-h2-ev10-usegate0-s126-d123,gdn-h2-ev10-s126-d123-b64-ga4-fp32-noearly4ep,20260520_gdn_h2_ev10_multiseed_followup,b64_ga4_fp32_official,0,126,123,2,10,b64_ga4,float32,float32,6,epoch_end,3.0,2,num_kv_pairs,128,valid/num_kv_pairs/accuracy-128,0.99590625
gdn-h2-ev10-usegate0-s126-d123,gdn-h2-ev10-s126-d123-b64-ga4-fp32-noearly4ep,20260520_gdn_h2_ev10_multiseed_followup,b64_ga4_fp32_official,0,126,123,2,10,b64_ga4,float32,float32,7,mid_epoch,3.5,3,num_kv_pairs,128,valid/num_kv_pairs/accuracy-128,0.9957890625
gdn-h2-ev10-usegate0-s126-d123,gdn-h2-ev10-s126-d123-b64-ga4-fp32-noearly4ep,20260520_gdn_h2_ev10_multiseed_followup,b64_ga4_fp32_official,0,126,123,2,10,b64_ga4,float32,float32,8,epoch_end,4.0,3,num_kv_pairs,128,valid/num_kv_pairs/accuracy-128,0.99628125
gdn-h2-ev10-usegate0-s126-d123,gdn-h2-ev10-s126-d123-b64-ga4-fp32-noearly4ep,20260520_gdn_h2_ev10_multiseed_followup,b64_ga4_fp32_official,0,126,123,2,10,b64_ga4,float32,float32,1,mid_epoch,0.5,0,num_kv_pairs,16,valid/num_kv_pairs/accuracy-16,1.0
gdn-h2-ev10-usegate0-s126-d123,gdn-h2-ev10-s126-d123-b64-ga4-fp32-noearly4ep,20260520_gdn_h2_ev10_multiseed_followup,b64_ga4_fp32_official,0,126,123,2,10,b64_ga4,float32,float32,2,epoch_end,1.0,0,num_kv_pairs,16,valid/num_kv_pairs/accuracy-16,1.0
gdn-h2-ev10-usegate0-s126-d123,gdn-h2-ev10-s126-d123-b64-ga4-fp32-noearly4ep,20260520_gdn_h2_ev10_multiseed_followup,b64_ga4_fp32_official,0,126,123,2,10,b64_ga4,float32,float32,3,mid_epoch,1.5,1,num_kv_pairs,16,valid/num_kv_pairs/accuracy-16,1.0
gdn-h2-ev10-usegate0-s126-d123,gdn-h2-ev10-s126-d123-b64-ga4-fp32-noearly4ep,20260520_gdn_h2_ev10_multiseed_followup,b64_ga4_fp32_official,0,126,123,2,10,b64_ga4,float32,float32,4,epoch_end,2.0,1,num_kv_pairs,16,valid/num_kv_pairs/accuracy-16,1.0
gdn-h2-ev10-usegate0-s126-d123,gdn-h2-ev10-s126-d123-b64-ga4-fp32-noearly4ep,20260520_gdn_h2_ev10_multiseed_followup,b64_ga4_fp32_official,0,126,123,2,10,b64_ga4,float32,float32,5,mid_epoch,2.5,2,num_kv_pairs,16,valid/num_kv_pairs/accuracy-16,1.0
gdn-h2-ev10-usegate0-s126-d123,gdn-h2-ev10-s126-d123-b64-ga4-fp32-noearly4ep,20260520_gdn_h2_ev10_multiseed_followup,b64_ga4_fp32_official,0,126,123,2,10,b64_ga4,float32,float32,6,epoch_end,3.0,2,num_kv_pairs,16,valid/num_kv_pairs/accuracy-16,1.0
gdn-h2-ev10-usegate0-s126-d123,gdn-h2-ev10-s126-d123-b64-ga4-fp32-noearly4ep,20260520_gdn_h2_ev10_multiseed_followup,b64_ga4_fp32_official,0,126,123,2,10,b64_ga4,float32,float32,7,mid_epoch,3.5,3,num_kv_pairs,16,valid/num_kv_pairs/accuracy-16,1.0
gdn-h2-ev10-usegate0-s126-d123,gdn-h2-ev10-s126-d123-b64-ga4-fp32-noearly4ep,20260520_gdn_h2_ev10_multiseed_followup,b64_ga4_fp32_official,0,126,123,2,10,b64_ga4,float32,float32,8,epoch_end,4.0,3,num_kv_pairs,16,valid/num_kv_pairs/accuracy-16,1.0
gdn-h2-ev10-usegate0-s126-d123,gdn-h2-ev10-s126-d123-b64-ga4-fp32-noearly4ep,20260520_gdn_h2_ev10_multiseed_followup,b64_ga4_fp32_official,0,126,123,2,10,b64_ga4,float32,float32,1,mid_epoch,0.5,0,num_kv_pairs,256,valid/num_kv_pairs/accuracy-256,0.423859375
gdn-h2-ev10-usegate0-s126-d123,gdn-h2-ev10-s126-d123-b64-ga4-fp32-noearly4ep,20260520_gdn_h2_ev10_multiseed_followup,b64_ga4_fp32_official,0,126,123,2,10,b64_ga4,float32,float32,2,epoch_end,1.0,0,num_kv_pairs,256,valid/num_kv_pairs/accuracy-256,0.6922578125
gdn-h2-ev10-usegate0-s126-d123,gdn-h2-ev10-s126-d123-b64-ga4-fp32-noearly4ep,20260520_gdn_h2_ev10_multiseed_followup,b64_ga4_fp32_official,0,126,123,2,10,b64_ga4,float32,float32,3,mid_epoch,1.5,1,num_kv_pairs,256,valid/num_kv_pairs/accuracy-256,0.72978125
gdn-h2-ev10-usegate0-s126-d123,gdn-h2-ev10-s126-d123-b64-ga4-fp32-noearly4ep,20260520_gdn_h2_ev10_multiseed_followup,b64_ga4_fp32_official,0,126,123,2,10,b64_ga4,float32,float32,4,epoch_end,2.0,1,num_kv_pairs,256,valid/num_kv_pairs/accuracy-256,0.7766796875
gdn-h2-ev10-usegate0-s126-d123,gdn-h2-ev10-s126-d123-b64-ga4-fp32-noearly4ep,20260520_gdn_h2_ev10_multiseed_followup,b64_ga4_fp32_official,0,126,123,2,10,b64_ga4,float32,float32,5,mid_epoch,2.5,2,num_kv_pairs,256,valid/num_kv_pairs/accuracy-256,0.780109375
gdn-h2-ev10-usegate0-s126-d123,gdn-h2-ev10-s126-d123-b64-ga4-fp32-noearly4ep,20260520_gdn_h2_ev10_multiseed_followup,b64_ga4_fp32_official,0,126,123,2,10,b64_ga4,float32,float32,6,epoch_end,3.0,2,num_kv_pairs,256,valid/num_kv_pairs/accuracy-256,0.80516796875
gdn-h2-ev10-usegate0-s126-d123,gdn-h2-ev10-s126-d123-b64-ga4-fp32-noearly4ep,20260520_gdn_h2_ev10_multiseed_followup,b64_ga4_fp32_official,0,126,123,2,10,b64_ga4,float32,float32,7,mid_epoch,3.5,3,num_kv_pairs,256,valid/num_kv_pairs/accuracy-256,0.80246484375
gdn-h2-ev10-usegate0-s126-d123,gdn-h2-ev10-s126-d123-b64-ga4-fp32-noearly4ep,20260520_gdn_h2_ev10_multiseed_followup,b64_ga4_fp32_official,0,126,123,2,10,b64_ga4,float32,float32,8,epoch_end,4.0,3,num_kv_pairs,256,valid/num_kv_pairs/accuracy-256,0.812796875
gdn-h2-ev10-usegate0-s126-d123,gdn-h2-ev10-s126-d123-b64-ga4-fp32-noearly4ep,20260520_gdn_h2_ev10_multiseed_followup,b64_ga4_fp32_official,0,126,123,2,10,b64_ga4,float32,float32,1,mid_epoch,0.5,0,num_kv_pairs,32,valid/num_kv_pairs/accuracy-32,0.999875
gdn-h2-ev10-usegate0-s126-d123,gdn-h2-ev10-s126-d123-b64-ga4-fp32-noearly4ep,20260520_gdn_h2_ev10_multiseed_followup,b64_ga4_fp32_official,0,126,123,2,10,b64_ga4,float32,float32,2,epoch_end,1.0,0,num_kv_pairs,32,valid/num_kv_pairs/accuracy-32,0.99996875
gdn-h2-ev10-usegate0-s126-d123,gdn-h2-ev10-s126-d123-b64-ga4-fp32-noearly4ep,20260520_gdn_h2_ev10_multiseed_followup,b64_ga4_fp32_official,0,126,123,2,10,b64_ga4,float32,float32,3,mid_epoch,1.5,1,num_kv_pairs,32,valid/num_kv_pairs/accuracy-32,0.9999375
gdn-h2-ev10-usegate0-s126-d123,gdn-h2-ev10-s126-d123-b64-ga4-fp32-noearly4ep,20260520_gdn_h2_ev10_multiseed_followup,b64_ga4_fp32_official,0,126,123,2,10,b64_ga4,float32,float32,4,epoch_end,2.0,1,num_kv_pairs,32,valid/num_kv_pairs/accuracy-32,1.0
gdn-h2-ev10-usegate0-s126-d123,gdn-h2-ev10-s126-d123-b64-ga4-fp32-noearly4ep,20260520_gdn_h2_ev10_multiseed_followup,b64_ga4_fp32_official,0,126,123,2,10,b64_ga4,float32,float32,5,mid_epoch,2.5,2,num_kv_pairs,32,valid/num_kv_pairs/accuracy-32,1.0
gdn-h2-ev10-usegate0-s126-d123,gdn-h2-ev10-s126-d123-b64-ga4-fp32-noearly4ep,20260520_gdn_h2_ev10_multiseed_followup,b64_ga4_fp32_official,0,126,123,2,10,b64_ga4,float32,float32,6,epoch_end,3.0,2,num_kv_pairs,32,valid/num_kv_pairs/accuracy-32,1.0
gdn-h2-ev10-usegate0-s126-d123,gdn-h2-ev10-s126-d123-b64-ga4-fp32-noearly4ep,20260520_gdn_h2_ev10_multiseed_followup,b64_ga4_fp32_official,0,126,123,2,10,b64_ga4,float32,float32,7,mid_epoch,3.5,3,num_kv_pairs,32,valid/num_kv_pairs/accuracy-32,1.0
gdn-h2-ev10-usegate0-s126-d123,gdn-h2-ev10-s126-d123-b64-ga4-fp32-noearly4ep,20260520_gdn_h2_ev10_multiseed_followup,b64_ga4_fp32_official,0,126,123,2,10,b64_ga4,float32,float32,8,epoch_end,4.0,3,num_kv_pairs,32,valid/num_kv_pairs/accuracy-32,1.0
gdn-h2-ev10-usegate0-s126-d123,gdn-h2-ev10-s126-d123-b64-ga4-fp32-noearly4ep,20260520_gdn_h2_ev10_multiseed_followup,b64_ga4_fp32_official,0,126,123,2,10,b64_ga4,float32,float32,1,mid_epoch,0.5,0,num_kv_pairs,4,valid/num_kv_pairs/accuracy-4,0.99925
gdn-h2-ev10-usegate0-s126-d123,gdn-h2-ev10-s126-d123-b64-ga4-fp32-noearly4ep,20260520_gdn_h2_ev10_multiseed_followup,b64_ga4_fp32_official,0,126,123,2,10,b64_ga4,float32,float32,2,epoch_end,1.0,0,num_kv_pairs,4,valid/num_kv_pairs/accuracy-4,1.0
gdn-h2-ev10-usegate0-s126-d123,gdn-h2-ev10-s126-d123-b64-ga4-fp32-noearly4ep,20260520_gdn_h2_ev10_multiseed_followup,b64_ga4_fp32_official,0,126,123,2,10,b64_ga4,float32,float32,3,mid_epoch,1.5,1,num_kv_pairs,4,valid/num_kv_pairs/accuracy-4,1.0
gdn-h2-ev10-usegate0-s126-d123,gdn-h2-ev10-s126-d123-b64-ga4-fp32-noearly4ep,20260520_gdn_h2_ev10_multiseed_followup,b64_ga4_fp32_official,0,126,123,2,10,b64_ga4,float32,float32,4,epoch_end,2.0,1,num_kv_pairs,4,valid/num_kv_pairs/accuracy-4,1.0
gdn-h2-ev10-usegate0-s126-d123,gdn-h2-ev10-s126-d123-b64-ga4-fp32-noearly4ep,20260520_gdn_h2_ev10_multiseed_followup,b64_ga4_fp32_official,0,126,123,2,10,b64_ga4,float32,float32,5,mid_epoch,2.5,2,num_kv_pairs,4,valid/num_kv_pairs/accuracy-4,1.0
gdn-h2-ev10-usegate0-s126-d123,gdn-h2-ev10-s126-d123-b64-ga4-fp32-noearly4ep,20260520_gdn_h2_ev10_multiseed_followup,b64_ga4_fp32_official,0,126,123,2,10,b64_ga4,float32,float32,6,epoch_end,3.0,2,num_kv_pairs,4,valid/num_kv_pairs/accuracy-4,1.0
gdn-h2-ev10-usegate0-s126-d123,gdn-h2-ev10-s126-d123-b64-ga4-fp32-noearly4ep,20260520_gdn_h2_ev10_multiseed_followup,b64_ga4_fp32_official,0,126,123,2,10,b64_ga4,float32,float32,7,mid_epoch,3.5,3,num_kv_pairs,4,valid/num_kv_pairs/accuracy-4,1.0
gdn-h2-ev10-usegate0-s126-d123,gdn-h2-ev10-s126-d123-b64-ga4-fp32-noearly4ep,20260520_gdn_h2_ev10_multiseed_followup,b64_ga4_fp32_official,0,126,123,2,10,b64_ga4,float32,float32,8,epoch_end,4.0,3,num_kv_pairs,4,valid/num_kv_pairs/accuracy-4,1.0
gdn-h2-ev10-usegate0-s126-d123,gdn-h2-ev10-s126-d123-b64-ga4-fp32-noearly4ep,20260520_gdn_h2_ev10_multiseed_followup,b64_ga4_fp32_official,0,126,123,2,10,b64_ga4,float32,float32,1,mid_epoch,0.5,0,num_kv_pairs,64,valid/num_kv_pairs/accuracy-64,0.9953671875
gdn-h2-ev10-usegate0-s126-d123,gdn-h2-ev10-s126-d123-b64-ga4-fp32-noearly4ep,20260520_gdn_h2_ev10_multiseed_followup,b64_ga4_fp32_official,0,126,123,2,10,b64_ga4,float32,float32,2,epoch_end,1.0,0,num_kv_pairs,64,valid/num_kv_pairs/accuracy-64,0.9993828125
gdn-h2-ev10-usegate0-s126-d123,gdn-h2-ev10-s126-d123-b64-ga4-fp32-noearly4ep,20260520_gdn_h2_ev10_multiseed_followup,b64_ga4_fp32_official,0,126,123,2,10,b64_ga4,float32,float32,3,mid_epoch,1.5,1,num_kv_pairs,64,valid/num_kv_pairs/accuracy-64,0.999578125
gdn-h2-ev10-usegate0-s126-d123,gdn-h2-ev10-s126-d123-b64-ga4-fp32-noearly4ep,20260520_gdn_h2_ev10_multiseed_followup,b64_ga4_fp32_official,0,126,123,2,10,b64_ga4,float32,float32,4,epoch_end,2.0,1,num_kv_pairs,64,valid/num_kv_pairs/accuracy-64,0.9996875
gdn-h2-ev10-usegate0-s126-d123,gdn-h2-ev10-s126-d123-b64-ga4-fp32-noearly4ep,20260520_gdn_h2_ev10_multiseed_followup,b64_ga4_fp32_official,0,126,123,2,10,b64_ga4,float32,float32,5,mid_epoch,2.5,2,num_kv_pairs,64,valid/num_kv_pairs/accuracy-64,0.9997265625
gdn-h2-ev10-usegate0-s126-d123,gdn-h2-ev10-s126-d123-b64-ga4-fp32-noearly4ep,20260520_gdn_h2_ev10_multiseed_followup,b64_ga4_fp32_official,0,126,123,2,10,b64_ga4,float32,float32,6,epoch_end,3.0,2,num_kv_pairs,64,valid/num_kv_pairs/accuracy-64,0.9998125
gdn-h2-ev10-usegate0-s126-d123,gdn-h2-ev10-s126-d123-b64-ga4-fp32-noearly4ep,20260520_gdn_h2_ev10_multiseed_followup,b64_ga4_fp32_official,0,126,123,2,10,b64_ga4,float32,float32,7,mid_epoch,3.5,3,num_kv_pairs,64,valid/num_kv_pairs/accuracy-64,0.999828125
gdn-h2-ev10-usegate0-s126-d123,gdn-h2-ev10-s126-d123-b64-ga4-fp32-noearly4ep,20260520_gdn_h2_ev10_multiseed_followup,b64_ga4_fp32_official,0,126,123,2,10,b64_ga4,float32,float32,8,epoch_end,4.0,3,num_kv_pairs,64,valid/num_kv_pairs/accuracy-64,0.99984375
gdn-h2-ev10-usegate0-s126-d123,gdn-h2-ev10-s126-d123-b64-ga4-fp32-noearly4ep,20260520_gdn_h2_ev10_multiseed_followup,b64_ga4_fp32_official,0,126,123,2,10,b64_ga4,float32,float32,1,mid_epoch,0.5,0,num_kv_pairs,8,valid/num_kv_pairs/accuracy-8,0.99975
gdn-h2-ev10-usegate0-s126-d123,gdn-h2-ev10-s126-d123-b64-ga4-fp32-noearly4ep,20260520_gdn_h2_ev10_multiseed_followup,b64_ga4_fp32_official,0,126,123,2,10,b64_ga4,float32,float32,2,epoch_end,1.0,0,num_kv_pairs,8,valid/num_kv_pairs/accuracy-8,0.999875
gdn-h2-ev10-usegate0-s126-d123,gdn-h2-ev10-s126-d123-b64-ga4-fp32-noearly4ep,20260520_gdn_h2_ev10_multiseed_followup,b64_ga4_fp32_official,0,126,123,2,10,b64_ga4,float32,float32,3,mid_epoch,1.5,1,num_kv_pairs,8,valid/num_kv_pairs/accuracy-8,0.999875
gdn-h2-ev10-usegate0-s126-d123,gdn-h2-ev10-s126-d123-b64-ga4-fp32-noearly4ep,20260520_gdn_h2_ev10_multiseed_followup,b64_ga4_fp32_official,0,126,123,2,10,b64_ga4,float32,float32,4,epoch_end,2.0,1,num_kv_pairs,8,valid/num_kv_pairs/accuracy-8,0.999875
gdn-h2-ev10-usegate0-s126-d123,gdn-h2-ev10-s126-d123-b64-ga4-fp32-noearly4ep,20260520_gdn_h2_ev10_multiseed_followup,b64_ga4_fp32_official,0,126,123,2,10,b64_ga4,float32,float32,5,mid_epoch,2.5,2,num_kv_pairs,8,valid/num_kv_pairs/accuracy-8,0.999875
gdn-h2-ev10-usegate0-s126-d123,gdn-h2-ev10-s126-d123-b64-ga4-fp32-noearly4ep,20260520_gdn_h2_ev10_multiseed_followup,b64_ga4_fp32_official,0,126,123,2,10,b64_ga4,float32,float32,6,epoch_end,3.0,2,num_kv_pairs,8,valid/num_kv_pairs/accuracy-8,0.999875
gdn-h2-ev10-usegate0-s126-d123,gdn-h2-ev10-s126-d123-b64-ga4-fp32-noearly4ep,20260520_gdn_h2_ev10_multiseed_followup,b64_ga4_fp32_official,0,126,123,2,10,b64_ga4,float32,float32,7,mid_epoch,3.5,3,num_kv_pairs,8,valid/num_kv_pairs/accuracy-8,0.999875
gdn-h2-ev10-usegate0-s126-d123,gdn-h2-ev10-s126-d123-b64-ga4-fp32-noearly4ep,20260520_gdn_h2_ev10_multiseed_followup,b64_ga4_fp32_official,0,126,123,2,10,b64_ga4,float32,float32,8,epoch_end,4.0,3,num_kv_pairs,8,valid/num_kv_pairs/accuracy-8,0.999875
gdn-h2-ev10-usegate0-s127-d123,gdn-h2-ev10-s127-d123-b64-ga4-fp32-noearly4ep,20260520_gdn_h2_ev10_multiseed_followup,b64_ga4_fp32_official,1,127,123,2,10,b64_ga4,float32,float32,1,mid_epoch,0.5,0,input_seq_len,1024,valid/input_seq_len/accuracy-1024,0.421515625
gdn-h2-ev10-usegate0-s127-d123,gdn-h2-ev10-s127-d123-b64-ga4-fp32-noearly4ep,20260520_gdn_h2_ev10_multiseed_followup,b64_ga4_fp32_official,1,127,123,2,10,b64_ga4,float32,float32,2,epoch_end,1.0,0,input_seq_len,1024,valid/input_seq_len/accuracy-1024,0.7273671875
gdn-h2-ev10-usegate0-s127-d123,gdn-h2-ev10-s127-d123-b64-ga4-fp32-noearly4ep,20260520_gdn_h2_ev10_multiseed_followup,b64_ga4_fp32_official,1,127,123,2,10,b64_ga4,float32,float32,3,mid_epoch,1.5,1,input_seq_len,1024,valid/input_seq_len/accuracy-1024,0.76400390625
gdn-h2-ev10-usegate0-s127-d123,gdn-h2-ev10-s127-d123-b64-ga4-fp32-noearly4ep,20260520_gdn_h2_ev10_multiseed_followup,b64_ga4_fp32_official,1,127,123,2,10,b64_ga4,float32,float32,4,epoch_end,2.0,1,input_seq_len,1024,valid/input_seq_len/accuracy-1024,0.80948046875
gdn-h2-ev10-usegate0-s127-d123,gdn-h2-ev10-s127-d123-b64-ga4-fp32-noearly4ep,20260520_gdn_h2_ev10_multiseed_followup,b64_ga4_fp32_official,1,127,123,2,10,b64_ga4,float32,float32,5,mid_epoch,2.5,2,input_seq_len,1024,valid/input_seq_len/accuracy-1024,0.814359375
gdn-h2-ev10-usegate0-s127-d123,gdn-h2-ev10-s127-d123-b64-ga4-fp32-noearly4ep,20260520_gdn_h2_ev10_multiseed_followup,b64_ga4_fp32_official,1,127,123,2,10,b64_ga4,float32,float32,6,epoch_end,3.0,2,input_seq_len,1024,valid/input_seq_len/accuracy-1024,0.82831640625
gdn-h2-ev10-usegate0-s127-d123,gdn-h2-ev10-s127-d123-b64-ga4-fp32-noearly4ep,20260520_gdn_h2_ev10_multiseed_followup,b64_ga4_fp32_official,1,127,123,2,10,b64_ga4,float32,float32,7,mid_epoch,3.5,3,input_seq_len,1024,valid/input_seq_len/accuracy-1024,0.827953125
gdn-h2-ev10-usegate0-s127-d123,gdn-h2-ev10-s127-d123-b64-ga4-fp32-noearly4ep,20260520_gdn_h2_ev10_multiseed_followup,b64_ga4_fp32_official,1,127,123,2,10,b64_ga4,float32,float32,8,epoch_end,4.0,3,input_seq_len,1024,valid/input_seq_len/accuracy-1024,0.83834375
gdn-h2-ev10-usegate0-s127-d123,gdn-h2-ev10-s127-d123-b64-ga4-fp32-noearly4ep,20260520_gdn_h2_ev10_multiseed_followup,b64_ga4_fp32_official,1,127,123,2,10,b64_ga4,float32,float32,1,mid_epoch,0.5,0,input_seq_len,128,valid/input_seq_len/accuracy-128,0.999875
gdn-h2-ev10-usegate0-s127-d123,gdn-h2-ev10-s127-d123-b64-ga4-fp32-noearly4ep,20260520_gdn_h2_ev10_multiseed_followup,b64_ga4_fp32_official,1,127,123,2,10,b64_ga4,float32,float32,2,epoch_end,1.0,0,input_seq_len,128,valid/input_seq_len/accuracy-128,1.0
gdn-h2-ev10-usegate0-s127-d123,gdn-h2-ev10-s127-d123-b64-ga4-fp32-noearly4ep,20260520_gdn_h2_ev10_multiseed_followup,b64_ga4_fp32_official,1,127,123,2,10,b64_ga4,float32,float32,3,mid_epoch,1.5,1,input_seq_len,128,valid/input_seq_len/accuracy-128,1.0
gdn-h2-ev10-usegate0-s127-d123,gdn-h2-ev10-s127-d123-b64-ga4-fp32-noearly4ep,20260520_gdn_h2_ev10_multiseed_followup,b64_ga4_fp32_official,1,127,123,2,10,b64_ga4,float32,float32,4,epoch_end,2.0,1,input_seq_len,128,valid/input_seq_len/accuracy-128,1.0
gdn-h2-ev10-usegate0-s127-d123,gdn-h2-ev10-s127-d123-b64-ga4-fp32-noearly4ep,20260520_gdn_h2_ev10_multiseed_followup,b64_ga4_fp32_official,1,127,123,2,10,b64_ga4,float32,float32,5,mid_epoch,2.5,2,input_seq_len,128,valid/input_seq_len/accuracy-128,1.0
gdn-h2-ev10-usegate0-s127-d123,gdn-h2-ev10-s127-d123-b64-ga4-fp32-noearly4ep,20260520_gdn_h2_ev10_multiseed_followup,b64_ga4_fp32_official,1,127,123,2,10,b64_ga4,float32,float32,6,epoch_end,3.0,2,input_seq_len,128,valid/input_seq_len/accuracy-128,1.0
gdn-h2-ev10-usegate0-s127-d123,gdn-h2-ev10-s127-d123-b64-ga4-fp32-noearly4ep,20260520_gdn_h2_ev10_multiseed_followup,b64_ga4_fp32_official,1,127,123,2,10,b64_ga4,float32,float32,7,mid_epoch,3.5,3,input_seq_len,128,valid/input_seq_len/accuracy-128,1.0
gdn-h2-ev10-usegate0-s127-d123,gdn-h2-ev10-s127-d123-b64-ga4-fp32-noearly4ep,20260520_gdn_h2_ev10_multiseed_followup,b64_ga4_fp32_official,1,127,123,2,10,b64_ga4,float32,float32,8,epoch_end,4.0,3,input_seq_len,128,valid/input_seq_len/accuracy-128,1.0
gdn-h2-ev10-usegate0-s127-d123,gdn-h2-ev10-s127-d123-b64-ga4-fp32-noearly4ep,20260520_gdn_h2_ev10_multiseed_followup,b64_ga4_fp32_official,1,127,123,2,10,b64_ga4,float32,float32,1,mid_epoch,0.5,0,input_seq_len,256,valid/input_seq_len/accuracy-256,0.995390625
gdn-h2-ev10-usegate0-s127-d123,gdn-h2-ev10-s127-d123-b64-ga4-fp32-noearly4ep,20260520_gdn_h2_ev10_multiseed_followup,b64_ga4_fp32_official,1,127,123,2,10,b64_ga4,float32,float32,2,epoch_end,1.0,0,input_seq_len,256,valid/input_seq_len/accuracy-256,0.9998125
gdn-h2-ev10-usegate0-s127-d123,gdn-h2-ev10-s127-d123-b64-ga4-fp32-noearly4ep,20260520_gdn_h2_ev10_multiseed_followup,b64_ga4_fp32_official,1,127,123,2,10,b64_ga4,float32,float32,3,mid_epoch,1.5,1,input_seq_len,256,valid/input_seq_len/accuracy-256,0.9999375
gdn-h2-ev10-usegate0-s127-d123,gdn-h2-ev10-s127-d123-b64-ga4-fp32-noearly4ep,20260520_gdn_h2_ev10_multiseed_followup,b64_ga4_fp32_official,1,127,123,2,10,b64_ga4,float32,float32,4,epoch_end,2.0,1,input_seq_len,256,valid/input_seq_len/accuracy-256,0.999984375
gdn-h2-ev10-usegate0-s127-d123,gdn-h2-ev10-s127-d123-b64-ga4-fp32-noearly4ep,20260520_gdn_h2_ev10_multiseed_followup,b64_ga4_fp32_official,1,127,123,2,10,b64_ga4,float32,float32,5,mid_epoch,2.5,2,input_seq_len,256,valid/input_seq_len/accuracy-256,0.999984375
gdn-h2-ev10-usegate0-s127-d123,gdn-h2-ev10-s127-d123-b64-ga4-fp32-noearly4ep,20260520_gdn_h2_ev10_multiseed_followup,b64_ga4_fp32_official,1,127,123,2,10,b64_ga4,float32,float32,6,epoch_end,3.0,2,input_seq_len,256,valid/input_seq_len/accuracy-256,1.0
gdn-h2-ev10-usegate0-s127-d123,gdn-h2-ev10-s127-d123-b64-ga4-fp32-noearly4ep,20260520_gdn_h2_ev10_multiseed_followup,b64_ga4_fp32_official,1,127,123,2,10,b64_ga4,float32,float32,7,mid_epoch,3.5,3,input_seq_len,256,valid/input_seq_len/accuracy-256,1.0
gdn-h2-ev10-usegate0-s127-d123,gdn-h2-ev10-s127-d123-b64-ga4-fp32-noearly4ep,20260520_gdn_h2_ev10_multiseed_followup,b64_ga4_fp32_official,1,127,123,2,10,b64_ga4,float32,float32,8,epoch_end,4.0,3,input_seq_len,256,valid/input_seq_len/accuracy-256,1.0
gdn-h2-ev10-usegate0-s127-d123,gdn-h2-ev10-s127-d123-b64-ga4-fp32-noearly4ep,20260520_gdn_h2_ev10_multiseed_followup,b64_ga4_fp32_official,1,127,123,2,10,b64_ga4,float32,float32,1,mid_epoch,0.5,0,input_seq_len,512,valid/input_seq_len/accuracy-512,0.9384609375
gdn-h2-ev10-usegate0-s127-d123,gdn-h2-ev10-s127-d123-b64-ga4-fp32-noearly4ep,20260520_gdn_h2_ev10_multiseed_followup,b64_ga4_fp32_official,1,127,123,2,10,b64_ga4,float32,float32,2,epoch_end,1.0,0,input_seq_len,512,valid/input_seq_len/accuracy-512,0.99344140625
gdn-h2-ev10-usegate0-s127-d123,gdn-h2-ev10-s127-d123-b64-ga4-fp32-noearly4ep,20260520_gdn_h2_ev10_multiseed_followup,b64_ga4_fp32_official,1,127,123,2,10,b64_ga4,float32,float32,3,mid_epoch,1.5,1,input_seq_len,512,valid/input_seq_len/accuracy-512,0.9960859375
gdn-h2-ev10-usegate0-s127-d123,gdn-h2-ev10-s127-d123-b64-ga4-fp32-noearly4ep,20260520_gdn_h2_ev10_multiseed_followup,b64_ga4_fp32_official,1,127,123,2,10,b64_ga4,float32,float32,4,epoch_end,2.0,1,input_seq_len,512,valid/input_seq_len/accuracy-512,0.997546875
gdn-h2-ev10-usegate0-s127-d123,gdn-h2-ev10-s127-d123-b64-ga4-fp32-noearly4ep,20260520_gdn_h2_ev10_multiseed_followup,b64_ga4_fp32_official,1,127,123,2,10,b64_ga4,float32,float32,5,mid_epoch,2.5,2,input_seq_len,512,valid/input_seq_len/accuracy-512,0.9978203125
gdn-h2-ev10-usegate0-s127-d123,gdn-h2-ev10-s127-d123-b64-ga4-fp32-noearly4ep,20260520_gdn_h2_ev10_multiseed_followup,b64_ga4_fp32_official,1,127,123,2,10,b64_ga4,float32,float32,6,epoch_end,3.0,2,input_seq_len,512,valid/input_seq_len/accuracy-512,0.99810546875
gdn-h2-ev10-usegate0-s127-d123,gdn-h2-ev10-s127-d123-b64-ga4-fp32-noearly4ep,20260520_gdn_h2_ev10_multiseed_followup,b64_ga4_fp32_official,1,127,123,2,10,b64_ga4,float32,float32,7,mid_epoch,3.5,3,input_seq_len,512,valid/input_seq_len/accuracy-512,0.9981484375
gdn-h2-ev10-usegate0-s127-d123,gdn-h2-ev10-s127-d123-b64-ga4-fp32-noearly4ep,20260520_gdn_h2_ev10_multiseed_followup,b64_ga4_fp32_official,1,127,123,2,10,b64_ga4,float32,float32,8,epoch_end,4.0,3,input_seq_len,512,valid/input_seq_len/accuracy-512,0.99835546875
gdn-h2-ev10-usegate0-s127-d123,gdn-h2-ev10-s127-d123-b64-ga4-fp32-noearly4ep,20260520_gdn_h2_ev10_multiseed_followup,b64_ga4_fp32_official,1,127,123,2,10,b64_ga4,float32,float32,1,mid_epoch,0.5,0,input_seq_len,64,valid/input_seq_len/accuracy-64,0.9997083333333333
gdn-h2-ev10-usegate0-s127-d123,gdn-h2-ev10-s127-d123-b64-ga4-fp32-noearly4ep,20260520_gdn_h2_ev10_multiseed_followup,b64_ga4_fp32_official,1,127,123,2,10,b64_ga4,float32,float32,2,epoch_end,1.0,0,input_seq_len,64,valid/input_seq_len/accuracy-64,0.9998333333333334
gdn-h2-ev10-usegate0-s127-d123,gdn-h2-ev10-s127-d123-b64-ga4-fp32-noearly4ep,20260520_gdn_h2_ev10_multiseed_followup,b64_ga4_fp32_official,1,127,123,2,10,b64_ga4,float32,float32,3,mid_epoch,1.5,1,input_seq_len,64,valid/input_seq_len/accuracy-64,0.9998333333333334
gdn-h2-ev10-usegate0-s127-d123,gdn-h2-ev10-s127-d123-b64-ga4-fp32-noearly4ep,20260520_gdn_h2_ev10_multiseed_followup,b64_ga4_fp32_official,1,127,123,2,10,b64_ga4,float32,float32,4,epoch_end,2.0,1,input_seq_len,64,valid/input_seq_len/accuracy-64,0.999875
gdn-h2-ev10-usegate0-s127-d123,gdn-h2-ev10-s127-d123-b64-ga4-fp32-noearly4ep,20260520_gdn_h2_ev10_multiseed_followup,b64_ga4_fp32_official,1,127,123,2,10,b64_ga4,float32,float32,5,mid_epoch,2.5,2,input_seq_len,64,valid/input_seq_len/accuracy-64,0.9998333333333334
gdn-h2-ev10-usegate0-s127-d123,gdn-h2-ev10-s127-d123-b64-ga4-fp32-noearly4ep,20260520_gdn_h2_ev10_multiseed_followup,b64_ga4_fp32_official,1,127,123,2,10,b64_ga4,float32,float32,6,epoch_end,3.0,2,input_seq_len,64,valid/input_seq_len/accuracy-64,0.9998333333333334
gdn-h2-ev10-usegate0-s127-d123,gdn-h2-ev10-s127-d123-b64-ga4-fp32-noearly4ep,20260520_gdn_h2_ev10_multiseed_followup,b64_ga4_fp32_official,1,127,123,2,10,b64_ga4,float32,float32,7,mid_epoch,3.5,3,input_seq_len,64,valid/input_seq_len/accuracy-64,0.9998333333333334
gdn-h2-ev10-usegate0-s127-d123,gdn-h2-ev10-s127-d123-b64-ga4-fp32-noearly4ep,20260520_gdn_h2_ev10_multiseed_followup,b64_ga4_fp32_official,1,127,123,2,10,b64_ga4,float32,float32,8,epoch_end,4.0,3,input_seq_len,64,valid/input_seq_len/accuracy-64,0.9998333333333334
gdn-h2-ev10-usegate0-s127-d123,gdn-h2-ev10-s127-d123-b64-ga4-fp32-noearly4ep,20260520_gdn_h2_ev10_multiseed_followup,b64_ga4_fp32_official,1,127,123,2,10,b64_ga4,float32,float32,1,mid_epoch,0.5,0,mqar_case,1024x256,valid/mqar_case/accuracy-1024x256,0.421515625
gdn-h2-ev10-usegate0-s127-d123,gdn-h2-ev10-s127-d123-b64-ga4-fp32-noearly4ep,20260520_gdn_h2_ev10_multiseed_followup,b64_ga4_fp32_official,1,127,123,2,10,b64_ga4,float32,float32,2,epoch_end,1.0,0,mqar_case,1024x256,valid/mqar_case/accuracy-1024x256,0.7273671875
gdn-h2-ev10-usegate0-s127-d123,gdn-h2-ev10-s127-d123-b64-ga4-fp32-noearly4ep,20260520_gdn_h2_ev10_multiseed_followup,b64_ga4_fp32_official,1,127,123,2,10,b64_ga4,float32,float32,3,mid_epoch,1.5,1,mqar_case,1024x256,valid/mqar_case/accuracy-1024x256,0.76400390625
gdn-h2-ev10-usegate0-s127-d123,gdn-h2-ev10-s127-d123-b64-ga4-fp32-noearly4ep,20260520_gdn_h2_ev10_multiseed_followup,b64_ga4_fp32_official,1,127,123,2,10,b64_ga4,float32,float32,4,epoch_end,2.0,1,mqar_case,1024x256,valid/mqar_case/accuracy-1024x256,0.80948046875
gdn-h2-ev10-usegate0-s127-d123,gdn-h2-ev10-s127-d123-b64-ga4-fp32-noearly4ep,20260520_gdn_h2_ev10_multiseed_followup,b64_ga4_fp32_official,1,127,123,2,10,b64_ga4,float32,float32,5,mid_epoch,2.5,2,mqar_case,1024x256,valid/mqar_case/accuracy-1024x256,0.814359375
gdn-h2-ev10-usegate0-s127-d123,gdn-h2-ev10-s127-d123-b64-ga4-fp32-noearly4ep,20260520_gdn_h2_ev10_multiseed_followup,b64_ga4_fp32_official,1,127,123,2,10,b64_ga4,float32,float32,6,epoch_end,3.0,2,mqar_case,1024x256,valid/mqar_case/accuracy-1024x256,0.82831640625
gdn-h2-ev10-usegate0-s127-d123,gdn-h2-ev10-s127-d123-b64-ga4-fp32-noearly4ep,20260520_gdn_h2_ev10_multiseed_followup,b64_ga4_fp32_official,1,127,123,2,10,b64_ga4,float32,float32,7,mid_epoch,3.5,3,mqar_case,1024x256,valid/mqar_case/accuracy-1024x256,0.827953125
gdn-h2-ev10-usegate0-s127-d123,gdn-h2-ev10-s127-d123-b64-ga4-fp32-noearly4ep,20260520_gdn_h2_ev10_multiseed_followup,b64_ga4_fp32_official,1,127,123,2,10,b64_ga4,float32,float32,8,epoch_end,4.0,3,mqar_case,1024x256,valid/mqar_case/accuracy-1024x256,0.83834375
gdn-h2-ev10-usegate0-s127-d123,gdn-h2-ev10-s127-d123-b64-ga4-fp32-noearly4ep,20260520_gdn_h2_ev10_multiseed_followup,b64_ga4_fp32_official,1,127,123,2,10,b64_ga4,float32,float32,1,mid_epoch,0.5,0,mqar_case,128x32,valid/mqar_case/accuracy-128x32,0.999875
gdn-h2-ev10-usegate0-s127-d123,gdn-h2-ev10-s127-d123-b64-ga4-fp32-noearly4ep,20260520_gdn_h2_ev10_multiseed_followup,b64_ga4_fp32_official,1,127,123,2,10,b64_ga4,float32,float32,2,epoch_end,1.0,0,mqar_case,128x32,valid/mqar_case/accuracy-128x32,1.0
gdn-h2-ev10-usegate0-s127-d123,gdn-h2-ev10-s127-d123-b64-ga4-fp32-noearly4ep,20260520_gdn_h2_ev10_multiseed_followup,b64_ga4_fp32_official,1,127,123,2,10,b64_ga4,float32,float32,3,mid_epoch,1.5,1,mqar_case,128x32,valid/mqar_case/accuracy-128x32,1.0
gdn-h2-ev10-usegate0-s127-d123,gdn-h2-ev10-s127-d123-b64-ga4-fp32-noearly4ep,20260520_gdn_h2_ev10_multiseed_followup,b64_ga4_fp32_official,1,127,123,2,10,b64_ga4,float32,float32,4,epoch_end,2.0,1,mqar_case,128x32,valid/mqar_case/accuracy-128x32,1.0
gdn-h2-ev10-usegate0-s127-d123,gdn-h2-ev10-s127-d123-b64-ga4-fp32-noearly4ep,20260520_gdn_h2_ev10_multiseed_followup,b64_ga4_fp32_official,1,127,123,2,10,b64_ga4,float32,float32,5,mid_epoch,2.5,2,mqar_case,128x32,valid/mqar_case/accuracy-128x32,1.0
gdn-h2-ev10-usegate0-s127-d123,gdn-h2-ev10-s127-d123-b64-ga4-fp32-noearly4ep,20260520_gdn_h2_ev10_multiseed_followup,b64_ga4_fp32_official,1,127,123,2,10,b64_ga4,float32,float32,6,epoch_end,3.0,2,mqar_case,128x32,valid/mqar_case/accuracy-128x32,1.0
gdn-h2-ev10-usegate0-s127-d123,gdn-h2-ev10-s127-d123-b64-ga4-fp32-noearly4ep,20260520_gdn_h2_ev10_multiseed_followup,b64_ga4_fp32_official,1,127,123,2,10,b64_ga4,float32,float32,7,mid_epoch,3.5,3,mqar_case,128x32,valid/mqar_case/accuracy-128x32,1.0
gdn-h2-ev10-usegate0-s127-d123,gdn-h2-ev10-s127-d123-b64-ga4-fp32-noearly4ep,20260520_gdn_h2_ev10_multiseed_followup,b64_ga4_fp32_official,1,127,123,2,10,b64_ga4,float32,float32,8,epoch_end,4.0,3,mqar_case,128x32,valid/mqar_case/accuracy-128x32,1.0
gdn-h2-ev10-usegate0-s127-d123,gdn-h2-ev10-s127-d123-b64-ga4-fp32-noearly4ep,20260520_gdn_h2_ev10_multiseed_followup,b64_ga4_fp32_official,1,127,123,2,10,b64_ga4,float32,float32,1,mid_epoch,0.5,0,mqar_case,256x64,valid/mqar_case/accuracy-256x64,0.995390625
gdn-h2-ev10-usegate0-s127-d123,gdn-h2-ev10-s127-d123-b64-ga4-fp32-noearly4ep,20260520_gdn_h2_ev10_multiseed_followup,b64_ga4_fp32_official,1,127,123,2,10,b64_ga4,float32,float32,2,epoch_end,1.0,0,mqar_case,256x64,valid/mqar_case/accuracy-256x64,0.9998125
gdn-h2-ev10-usegate0-s127-d123,gdn-h2-ev10-s127-d123-b64-ga4-fp32-noearly4ep,20260520_gdn_h2_ev10_multiseed_followup,b64_ga4_fp32_official,1,127,123,2,10,b64_ga4,float32,float32,3,mid_epoch,1.5,1,mqar_case,256x64,valid/mqar_case/accuracy-256x64,0.9999375
gdn-h2-ev10-usegate0-s127-d123,gdn-h2-ev10-s127-d123-b64-ga4-fp32-noearly4ep,20260520_gdn_h2_ev10_multiseed_followup,b64_ga4_fp32_official,1,127,123,2,10,b64_ga4,float32,float32,4,epoch_end,2.0,1,mqar_case,256x64,valid/mqar_case/accuracy-256x64,0.999984375
gdn-h2-ev10-usegate0-s127-d123,gdn-h2-ev10-s127-d123-b64-ga4-fp32-noearly4ep,20260520_gdn_h2_ev10_multiseed_followup,b64_ga4_fp32_official,1,127,123,2,10,b64_ga4,float32,float32,5,mid_epoch,2.5,2,mqar_case,256x64,valid/mqar_case/accuracy-256x64,0.999984375
gdn-h2-ev10-usegate0-s127-d123,gdn-h2-ev10-s127-d123-b64-ga4-fp32-noearly4ep,20260520_gdn_h2_ev10_multiseed_followup,b64_ga4_fp32_official,1,127,123,2,10,b64_ga4,float32,float32,6,epoch_end,3.0,2,mqar_case,256x64,valid/mqar_case/accuracy-256x64,1.0
gdn-h2-ev10-usegate0-s127-d123,gdn-h2-ev10-s127-d123-b64-ga4-fp32-noearly4ep,20260520_gdn_h2_ev10_multiseed_followup,b64_ga4_fp32_official,1,127,123,2,10,b64_ga4,float32,float32,7,mid_epoch,3.5,3,mqar_case,256x64,valid/mqar_case/accuracy-256x64,1.0
gdn-h2-ev10-usegate0-s127-d123,gdn-h2-ev10-s127-d123-b64-ga4-fp32-noearly4ep,20260520_gdn_h2_ev10_multiseed_followup,b64_ga4_fp32_official,1,127,123,2,10,b64_ga4,float32,float32,8,epoch_end,4.0,3,mqar_case,256x64,valid/mqar_case/accuracy-256x64,1.0
gdn-h2-ev10-usegate0-s127-d123,gdn-h2-ev10-s127-d123-b64-ga4-fp32-noearly4ep,20260520_gdn_h2_ev10_multiseed_followup,b64_ga4_fp32_official,1,127,123,2,10,b64_ga4,float32,float32,1,mid_epoch,0.5,0,mqar_case,512x128,valid/mqar_case/accuracy-512x128,0.884296875
gdn-h2-ev10-usegate0-s127-d123,gdn-h2-ev10-s127-d123-b64-ga4-fp32-noearly4ep,20260520_gdn_h2_ev10_multiseed_followup,b64_ga4_fp32_official,1,127,123,2,10,b64_ga4,float32,float32,2,epoch_end,1.0,0,mqar_case,512x128,valid/mqar_case/accuracy-512x128,0.9880546875
gdn-h2-ev10-usegate0-s127-d123,gdn-h2-ev10-s127-d123-b64-ga4-fp32-noearly4ep,20260520_gdn_h2_ev10_multiseed_followup,b64_ga4_fp32_official,1,127,123,2,10,b64_ga4,float32,float32,3,mid_epoch,1.5,1,mqar_case,512x128,valid/mqar_case/accuracy-512x128,0.993046875
gdn-h2-ev10-usegate0-s127-d123,gdn-h2-ev10-s127-d123-b64-ga4-fp32-noearly4ep,20260520_gdn_h2_ev10_multiseed_followup,b64_ga4_fp32_official,1,127,123,2,10,b64_ga4,float32,float32,4,epoch_end,2.0,1,mqar_case,512x128,valid/mqar_case/accuracy-512x128,0.9959375
gdn-h2-ev10-usegate0-s127-d123,gdn-h2-ev10-s127-d123-b64-ga4-fp32-noearly4ep,20260520_gdn_h2_ev10_multiseed_followup,b64_ga4_fp32_official,1,127,123,2,10,b64_ga4,float32,float32,5,mid_epoch,2.5,2,mqar_case,512x128,valid/mqar_case/accuracy-512x128,0.9965
gdn-h2-ev10-usegate0-s127-d123,gdn-h2-ev10-s127-d123-b64-ga4-fp32-noearly4ep,20260520_gdn_h2_ev10_multiseed_followup,b64_ga4_fp32_official,1,127,123,2,10,b64_ga4,float32,float32,6,epoch_end,3.0,2,mqar_case,512x128,valid/mqar_case/accuracy-512x128,0.9970234375
gdn-h2-ev10-usegate0-s127-d123,gdn-h2-ev10-s127-d123-b64-ga4-fp32-noearly4ep,20260520_gdn_h2_ev10_multiseed_followup,b64_ga4_fp32_official,1,127,123,2,10,b64_ga4,float32,float32,7,mid_epoch,3.5,3,mqar_case,512x128,valid/mqar_case/accuracy-512x128,0.997140625
gdn-h2-ev10-usegate0-s127-d123,gdn-h2-ev10-s127-d123-b64-ga4-fp32-noearly4ep,20260520_gdn_h2_ev10_multiseed_followup,b64_ga4_fp32_official,1,127,123,2,10,b64_ga4,float32,float32,8,epoch_end,4.0,3,mqar_case,512x128,valid/mqar_case/accuracy-512x128,0.9975390625
gdn-h2-ev10-usegate0-s127-d123,gdn-h2-ev10-s127-d123-b64-ga4-fp32-noearly4ep,20260520_gdn_h2_ev10_multiseed_followup,b64_ga4_fp32_official,1,127,123,2,10,b64_ga4,float32,float32,1,mid_epoch,0.5,0,mqar_case,512x64,valid/mqar_case/accuracy-512x64,0.992625
gdn-h2-ev10-usegate0-s127-d123,gdn-h2-ev10-s127-d123-b64-ga4-fp32-noearly4ep,20260520_gdn_h2_ev10_multiseed_followup,b64_ga4_fp32_official,1,127,123,2,10,b64_ga4,float32,float32,2,epoch_end,1.0,0,mqar_case,512x64,valid/mqar_case/accuracy-512x64,0.998828125
gdn-h2-ev10-usegate0-s127-d123,gdn-h2-ev10-s127-d123-b64-ga4-fp32-noearly4ep,20260520_gdn_h2_ev10_multiseed_followup,b64_ga4_fp32_official,1,127,123,2,10,b64_ga4,float32,float32,3,mid_epoch,1.5,1,mqar_case,512x64,valid/mqar_case/accuracy-512x64,0.999125
gdn-h2-ev10-usegate0-s127-d123,gdn-h2-ev10-s127-d123-b64-ga4-fp32-noearly4ep,20260520_gdn_h2_ev10_multiseed_followup,b64_ga4_fp32_official,1,127,123,2,10,b64_ga4,float32,float32,4,epoch_end,2.0,1,mqar_case,512x64,valid/mqar_case/accuracy-512x64,0.99915625
gdn-h2-ev10-usegate0-s127-d123,gdn-h2-ev10-s127-d123-b64-ga4-fp32-noearly4ep,20260520_gdn_h2_ev10_multiseed_followup,b64_ga4_fp32_official,1,127,123,2,10,b64_ga4,float32,float32,5,mid_epoch,2.5,2,mqar_case,512x64,valid/mqar_case/accuracy-512x64,0.999140625
gdn-h2-ev10-usegate0-s127-d123,gdn-h2-ev10-s127-d123-b64-ga4-fp32-noearly4ep,20260520_gdn_h2_ev10_multiseed_followup,b64_ga4_fp32_official,1,127,123,2,10,b64_ga4,float32,float32,6,epoch_end,3.0,2,mqar_case,512x64,valid/mqar_case/accuracy-512x64,0.9991875
gdn-h2-ev10-usegate0-s127-d123,gdn-h2-ev10-s127-d123-b64-ga4-fp32-noearly4ep,20260520_gdn_h2_ev10_multiseed_followup,b64_ga4_fp32_official,1,127,123,2,10,b64_ga4,float32,float32,7,mid_epoch,3.5,3,mqar_case,512x64,valid/mqar_case/accuracy-512x64,0.99915625
gdn-h2-ev10-usegate0-s127-d123,gdn-h2-ev10-s127-d123-b64-ga4-fp32-noearly4ep,20260520_gdn_h2_ev10_multiseed_followup,b64_ga4_fp32_official,1,127,123,2,10,b64_ga4,float32,float32,8,epoch_end,4.0,3,mqar_case,512x64,valid/mqar_case/accuracy-512x64,0.999171875
gdn-h2-ev10-usegate0-s127-d123,gdn-h2-ev10-s127-d123-b64-ga4-fp32-noearly4ep,20260520_gdn_h2_ev10_multiseed_followup,b64_ga4_fp32_official,1,127,123,2,10,b64_ga4,float32,float32,1,mid_epoch,0.5,0,mqar_case,64x16,valid/mqar_case/accuracy-64x16,1.0
gdn-h2-ev10-usegate0-s127-d123,gdn-h2-ev10-s127-d123-b64-ga4-fp32-noearly4ep,20260520_gdn_h2_ev10_multiseed_followup,b64_ga4_fp32_official,1,127,123,2,10,b64_ga4,float32,float32,2,epoch_end,1.0,0,mqar_case,64x16,valid/mqar_case/accuracy-64x16,1.0
gdn-h2-ev10-usegate0-s127-d123,gdn-h2-ev10-s127-d123-b64-ga4-fp32-noearly4ep,20260520_gdn_h2_ev10_multiseed_followup,b64_ga4_fp32_official,1,127,123,2,10,b64_ga4,float32,float32,3,mid_epoch,1.5,1,mqar_case,64x16,valid/mqar_case/accuracy-64x16,1.0
gdn-h2-ev10-usegate0-s127-d123,gdn-h2-ev10-s127-d123-b64-ga4-fp32-noearly4ep,20260520_gdn_h2_ev10_multiseed_followup,b64_ga4_fp32_official,1,127,123,2,10,b64_ga4,float32,float32,4,epoch_end,2.0,1,mqar_case,64x16,valid/mqar_case/accuracy-64x16,1.0
gdn-h2-ev10-usegate0-s127-d123,gdn-h2-ev10-s127-d123-b64-ga4-fp32-noearly4ep,20260520_gdn_h2_ev10_multiseed_followup,b64_ga4_fp32_official,1,127,123,2,10,b64_ga4,float32,float32,5,mid_epoch,2.5,2,mqar_case,64x16,valid/mqar_case/accuracy-64x16,1.0
gdn-h2-ev10-usegate0-s127-d123,gdn-h2-ev10-s127-d123-b64-ga4-fp32-noearly4ep,20260520_gdn_h2_ev10_multiseed_followup,b64_ga4_fp32_official,1,127,123,2,10,b64_ga4,float32,float32,6,epoch_end,3.0,2,mqar_case,64x16,valid/mqar_case/accuracy-64x16,1.0
gdn-h2-ev10-usegate0-s127-d123,gdn-h2-ev10-s127-d123-b64-ga4-fp32-noearly4ep,20260520_gdn_h2_ev10_multiseed_followup,b64_ga4_fp32_official,1,127,123,2,10,b64_ga4,float32,float32,7,mid_epoch,3.5,3,mqar_case,64x16,valid/mqar_case/accuracy-64x16,1.0
gdn-h2-ev10-usegate0-s127-d123,gdn-h2-ev10-s127-d123-b64-ga4-fp32-noearly4ep,20260520_gdn_h2_ev10_multiseed_followup,b64_ga4_fp32_official,1,127,123,2,10,b64_ga4,float32,float32,8,epoch_end,4.0,3,mqar_case,64x16,valid/mqar_case/accuracy-64x16,1.0
gdn-h2-ev10-usegate0-s127-d123,gdn-h2-ev10-s127-d123-b64-ga4-fp32-noearly4ep,20260520_gdn_h2_ev10_multiseed_followup,b64_ga4_fp32_official,1,127,123,2,10,b64_ga4,float32,float32,1,mid_epoch,0.5,0,mqar_case,64x4,valid/mqar_case/accuracy-64x4,0.9995
gdn-h2-ev10-usegate0-s127-d123,gdn-h2-ev10-s127-d123-b64-ga4-fp32-noearly4ep,20260520_gdn_h2_ev10_multiseed_followup,b64_ga4_fp32_official,1,127,123,2,10,b64_ga4,float32,float32,2,epoch_end,1.0,0,mqar_case,64x4,valid/mqar_case/accuracy-64x4,0.99975
gdn-h2-ev10-usegate0-s127-d123,gdn-h2-ev10-s127-d123-b64-ga4-fp32-noearly4ep,20260520_gdn_h2_ev10_multiseed_followup,b64_ga4_fp32_official,1,127,123,2,10,b64_ga4,float32,float32,3,mid_epoch,1.5,1,mqar_case,64x4,valid/mqar_case/accuracy-64x4,0.99975
gdn-h2-ev10-usegate0-s127-d123,gdn-h2-ev10-s127-d123-b64-ga4-fp32-noearly4ep,20260520_gdn_h2_ev10_multiseed_followup,b64_ga4_fp32_official,1,127,123,2,10,b64_ga4,float32,float32,4,epoch_end,2.0,1,mqar_case,64x4,valid/mqar_case/accuracy-64x4,0.99975
gdn-h2-ev10-usegate0-s127-d123,gdn-h2-ev10-s127-d123-b64-ga4-fp32-noearly4ep,20260520_gdn_h2_ev10_multiseed_followup,b64_ga4_fp32_official,1,127,123,2,10,b64_ga4,float32,float32,5,mid_epoch,2.5,2,mqar_case,64x4,valid/mqar_case/accuracy-64x4,0.99975
gdn-h2-ev10-usegate0-s127-d123,gdn-h2-ev10-s127-d123-b64-ga4-fp32-noearly4ep,20260520_gdn_h2_ev10_multiseed_followup,b64_ga4_fp32_official,1,127,123,2,10,b64_ga4,float32,float32,6,epoch_end,3.0,2,mqar_case,64x4,valid/mqar_case/accuracy-64x4,0.99975
gdn-h2-ev10-usegate0-s127-d123,gdn-h2-ev10-s127-d123-b64-ga4-fp32-noearly4ep,20260520_gdn_h2_ev10_multiseed_followup,b64_ga4_fp32_official,1,127,123,2,10,b64_ga4,float32,float32,7,mid_epoch,3.5,3,mqar_case,64x4,valid/mqar_case/accuracy-64x4,0.99975
gdn-h2-ev10-usegate0-s127-d123,gdn-h2-ev10-s127-d123-b64-ga4-fp32-noearly4ep,20260520_gdn_h2_ev10_multiseed_followup,b64_ga4_fp32_official,1,127,123,2,10,b64_ga4,float32,float32,8,epoch_end,4.0,3,mqar_case,64x4,valid/mqar_case/accuracy-64x4,0.99975
gdn-h2-ev10-usegate0-s127-d123,gdn-h2-ev10-s127-d123-b64-ga4-fp32-noearly4ep,20260520_gdn_h2_ev10_multiseed_followup,b64_ga4_fp32_official,1,127,123,2,10,b64_ga4,float32,float32,1,mid_epoch,0.5,0,mqar_case,64x8,valid/mqar_case/accuracy-64x8,0.999625
gdn-h2-ev10-usegate0-s127-d123,gdn-h2-ev10-s127-d123-b64-ga4-fp32-noearly4ep,20260520_gdn_h2_ev10_multiseed_followup,b64_ga4_fp32_official,1,127,123,2,10,b64_ga4,float32,float32,2,epoch_end,1.0,0,mqar_case,64x8,valid/mqar_case/accuracy-64x8,0.99975
gdn-h2-ev10-usegate0-s127-d123,gdn-h2-ev10-s127-d123-b64-ga4-fp32-noearly4ep,20260520_gdn_h2_ev10_multiseed_followup,b64_ga4_fp32_official,1,127,123,2,10,b64_ga4,float32,float32,3,mid_epoch,1.5,1,mqar_case,64x8,valid/mqar_case/accuracy-64x8,0.99975
gdn-h2-ev10-usegate0-s127-d123,gdn-h2-ev10-s127-d123-b64-ga4-fp32-noearly4ep,20260520_gdn_h2_ev10_multiseed_followup,b64_ga4_fp32_official,1,127,123,2,10,b64_ga4,float32,float32,4,epoch_end,2.0,1,mqar_case,64x8,valid/mqar_case/accuracy-64x8,0.999875
gdn-h2-ev10-usegate0-s127-d123,gdn-h2-ev10-s127-d123-b64-ga4-fp32-noearly4ep,20260520_gdn_h2_ev10_multiseed_followup,b64_ga4_fp32_official,1,127,123,2,10,b64_ga4,float32,float32,5,mid_epoch,2.5,2,mqar_case,64x8,valid/mqar_case/accuracy-64x8,0.99975
gdn-h2-ev10-usegate0-s127-d123,gdn-h2-ev10-s127-d123-b64-ga4-fp32-noearly4ep,20260520_gdn_h2_ev10_multiseed_followup,b64_ga4_fp32_official,1,127,123,2,10,b64_ga4,float32,float32,6,epoch_end,3.0,2,mqar_case,64x8,valid/mqar_case/accuracy-64x8,0.99975
gdn-h2-ev10-usegate0-s127-d123,gdn-h2-ev10-s127-d123-b64-ga4-fp32-noearly4ep,20260520_gdn_h2_ev10_multiseed_followup,b64_ga4_fp32_official,1,127,123,2,10,b64_ga4,float32,float32,7,mid_epoch,3.5,3,mqar_case,64x8,valid/mqar_case/accuracy-64x8,0.99975
gdn-h2-ev10-usegate0-s127-d123,gdn-h2-ev10-s127-d123-b64-ga4-fp32-noearly4ep,20260520_gdn_h2_ev10_multiseed_followup,b64_ga4_fp32_official,1,127,123,2,10,b64_ga4,float32,float32,8,epoch_end,4.0,3,mqar_case,64x8,valid/mqar_case/accuracy-64x8,0.99975
gdn-h2-ev10-usegate0-s127-d123,gdn-h2-ev10-s127-d123-b64-ga4-fp32-noearly4ep,20260520_gdn_h2_ev10_multiseed_followup,b64_ga4_fp32_official,1,127,123,2,10,b64_ga4,float32,float32,1,mid_epoch,0.5,0,num_kv_pairs,128,valid/num_kv_pairs/accuracy-128,0.884296875
gdn-h2-ev10-usegate0-s127-d123,gdn-h2-ev10-s127-d123-b64-ga4-fp32-noearly4ep,20260520_gdn_h2_ev10_multiseed_followup,b64_ga4_fp32_official,1,127,123,2,10,b64_ga4,float32,float32,2,epoch_end,1.0,0,num_kv_pairs,128,valid/num_kv_pairs/accuracy-128,0.9880546875
gdn-h2-ev10-usegate0-s127-d123,gdn-h2-ev10-s127-d123-b64-ga4-fp32-noearly4ep,20260520_gdn_h2_ev10_multiseed_followup,b64_ga4_fp32_official,1,127,123,2,10,b64_ga4,float32,float32,3,mid_epoch,1.5,1,num_kv_pairs,128,valid/num_kv_pairs/accuracy-128,0.993046875
gdn-h2-ev10-usegate0-s127-d123,gdn-h2-ev10-s127-d123-b64-ga4-fp32-noearly4ep,20260520_gdn_h2_ev10_multiseed_followup,b64_ga4_fp32_official,1,127,123,2,10,b64_ga4,float32,float32,4,epoch_end,2.0,1,num_kv_pairs,128,valid/num_kv_pairs/accuracy-128,0.9959375
gdn-h2-ev10-usegate0-s127-d123,gdn-h2-ev10-s127-d123-b64-ga4-fp32-noearly4ep,20260520_gdn_h2_ev10_multiseed_followup,b64_ga4_fp32_official,1,127,123,2,10,b64_ga4,float32,float32,5,mid_epoch,2.5,2,num_kv_pairs,128,valid/num_kv_pairs/accuracy-128,0.9965
gdn-h2-ev10-usegate0-s127-d123,gdn-h2-ev10-s127-d123-b64-ga4-fp32-noearly4ep,20260520_gdn_h2_ev10_multiseed_followup,b64_ga4_fp32_official,1,127,123,2,10,b64_ga4,float32,float32,6,epoch_end,3.0,2,num_kv_pairs,128,valid/num_kv_pairs/accuracy-128,0.9970234375
gdn-h2-ev10-usegate0-s127-d123,gdn-h2-ev10-s127-d123-b64-ga4-fp32-noearly4ep,20260520_gdn_h2_ev10_multiseed_followup,b64_ga4_fp32_official,1,127,123,2,10,b64_ga4,float32,float32,7,mid_epoch,3.5,3,num_kv_pairs,128,valid/num_kv_pairs/accuracy-128,0.997140625
gdn-h2-ev10-usegate0-s127-d123,gdn-h2-ev10-s127-d123-b64-ga4-fp32-noearly4ep,20260520_gdn_h2_ev10_multiseed_followup,b64_ga4_fp32_official,1,127,123,2,10,b64_ga4,float32,float32,8,epoch_end,4.0,3,num_kv_pairs,128,valid/num_kv_pairs/accuracy-128,0.9975390625
gdn-h2-ev10-usegate0-s127-d123,gdn-h2-ev10-s127-d123-b64-ga4-fp32-noearly4ep,20260520_gdn_h2_ev10_multiseed_followup,b64_ga4_fp32_official,1,127,123,2,10,b64_ga4,float32,float32,1,mid_epoch,0.5,0,num_kv_pairs,16,valid/num_kv_pairs/accuracy-16,1.0
gdn-h2-ev10-usegate0-s127-d123,gdn-h2-ev10-s127-d123-b64-ga4-fp32-noearly4ep,20260520_gdn_h2_ev10_multiseed_followup,b64_ga4_fp32_official,1,127,123,2,10,b64_ga4,float32,float32,2,epoch_end,1.0,0,num_kv_pairs,16,valid/num_kv_pairs/accuracy-16,1.0
gdn-h2-ev10-usegate0-s127-d123,gdn-h2-ev10-s127-d123-b64-ga4-fp32-noearly4ep,20260520_gdn_h2_ev10_multiseed_followup,b64_ga4_fp32_official,1,127,123,2,10,b64_ga4,float32,float32,3,mid_epoch,1.5,1,num_kv_pairs,16,valid/num_kv_pairs/accuracy-16,1.0
gdn-h2-ev10-usegate0-s127-d123,gdn-h2-ev10-s127-d123-b64-ga4-fp32-noearly4ep,20260520_gdn_h2_ev10_multiseed_followup,b64_ga4_fp32_official,1,127,123,2,10,b64_ga4,float32,float32,4,epoch_end,2.0,1,num_kv_pairs,16,valid/num_kv_pairs/accuracy-16,1.0
gdn-h2-ev10-usegate0-s127-d123,gdn-h2-ev10-s127-d123-b64-ga4-fp32-noearly4ep,20260520_gdn_h2_ev10_multiseed_followup,b64_ga4_fp32_official,1,127,123,2,10,b64_ga4,float32,float32,5,mid_epoch,2.5,2,num_kv_pairs,16,valid/num_kv_pairs/accuracy-16,1.0
gdn-h2-ev10-usegate0-s127-d123,gdn-h2-ev10-s127-d123-b64-ga4-fp32-noearly4ep,20260520_gdn_h2_ev10_multiseed_followup,b64_ga4_fp32_official,1,127,123,2,10,b64_ga4,float32,float32,6,epoch_end,3.0,2,num_kv_pairs,16,valid/num_kv_pairs/accuracy-16,1.0
gdn-h2-ev10-usegate0-s127-d123,gdn-h2-ev10-s127-d123-b64-ga4-fp32-noearly4ep,20260520_gdn_h2_ev10_multiseed_followup,b64_ga4_fp32_official,1,127,123,2,10,b64_ga4,float32,float32,7,mid_epoch,3.5,3,num_kv_pairs,16,valid/num_kv_pairs/accuracy-16,1.0
gdn-h2-ev10-usegate0-s127-d123,gdn-h2-ev10-s127-d123-b64-ga4-fp32-noearly4ep,20260520_gdn_h2_ev10_multiseed_followup,b64_ga4_fp32_official,1,127,123,2,10,b64_ga4,float32,float32,8,epoch_end,4.0,3,num_kv_pairs,16,valid/num_kv_pairs/accuracy-16,1.0
gdn-h2-ev10-usegate0-s127-d123,gdn-h2-ev10-s127-d123-b64-ga4-fp32-noearly4ep,20260520_gdn_h2_ev10_multiseed_followup,b64_ga4_fp32_official,1,127,123,2,10,b64_ga4,float32,float32,1,mid_epoch,0.5,0,num_kv_pairs,256,valid/num_kv_pairs/accuracy-256,0.421515625
gdn-h2-ev10-usegate0-s127-d123,gdn-h2-ev10-s127-d123-b64-ga4-fp32-noearly4ep,20260520_gdn_h2_ev10_multiseed_followup,b64_ga4_fp32_official,1,127,123,2,10,b64_ga4,float32,float32,2,epoch_end,1.0,0,num_kv_pairs,256,valid/num_kv_pairs/accuracy-256,0.7273671875
gdn-h2-ev10-usegate0-s127-d123,gdn-h2-ev10-s127-d123-b64-ga4-fp32-noearly4ep,20260520_gdn_h2_ev10_multiseed_followup,b64_ga4_fp32_official,1,127,123,2,10,b64_ga4,float32,float32,3,mid_epoch,1.5,1,num_kv_pairs,256,valid/num_kv_pairs/accuracy-256,0.76400390625
gdn-h2-ev10-usegate0-s127-d123,gdn-h2-ev10-s127-d123-b64-ga4-fp32-noearly4ep,20260520_gdn_h2_ev10_multiseed_followup,b64_ga4_fp32_official,1,127,123,2,10,b64_ga4,float32,float32,4,epoch_end,2.0,1,num_kv_pairs,256,valid/num_kv_pairs/accuracy-256,0.80948046875
gdn-h2-ev10-usegate0-s127-d123,gdn-h2-ev10-s127-d123-b64-ga4-fp32-noearly4ep,20260520_gdn_h2_ev10_multiseed_followup,b64_ga4_fp32_official,1,127,123,2,10,b64_ga4,float32,float32,5,mid_epoch,2.5,2,num_kv_pairs,256,valid/num_kv_pairs/accuracy-256,0.814359375
gdn-h2-ev10-usegate0-s127-d123,gdn-h2-ev10-s127-d123-b64-ga4-fp32-noearly4ep,20260520_gdn_h2_ev10_multiseed_followup,b64_ga4_fp32_official,1,127,123,2,10,b64_ga4,float32,float32,6,epoch_end,3.0,2,num_kv_pairs,256,valid/num_kv_pairs/accuracy-256,0.82831640625
gdn-h2-ev10-usegate0-s127-d123,gdn-h2-ev10-s127-d123-b64-ga4-fp32-noearly4ep,20260520_gdn_h2_ev10_multiseed_followup,b64_ga4_fp32_official,1,127,123,2,10,b64_ga4,float32,float32,7,mid_epoch,3.5,3,num_kv_pairs,256,valid/num_kv_pairs/accuracy-256,0.827953125
gdn-h2-ev10-usegate0-s127-d123,gdn-h2-ev10-s127-d123-b64-ga4-fp32-noearly4ep,20260520_gdn_h2_ev10_multiseed_followup,b64_ga4_fp32_official,1,127,123,2,10,b64_ga4,float32,float32,8,epoch_end,4.0,3,num_kv_pairs,256,valid/num_kv_pairs/accuracy-256,0.83834375
gdn-h2-ev10-usegate0-s127-d123,gdn-h2-ev10-s127-d123-b64-ga4-fp32-noearly4ep,20260520_gdn_h2_ev10_multiseed_followup,b64_ga4_fp32_official,1,127,123,2,10,b64_ga4,float32,float32,1,mid_epoch,0.5,0,num_kv_pairs,32,valid/num_kv_pairs/accuracy-32,0.999875
gdn-h2-ev10-usegate0-s127-d123,gdn-h2-ev10-s127-d123-b64-ga4-fp32-noearly4ep,20260520_gdn_h2_ev10_multiseed_followup,b64_ga4_fp32_official,1,127,123,2,10,b64_ga4,float32,float32,2,epoch_end,1.0,0,num_kv_pairs,32,valid/num_kv_pairs/accuracy-32,1.0
gdn-h2-ev10-usegate0-s127-d123,gdn-h2-ev10-s127-d123-b64-ga4-fp32-noearly4ep,20260520_gdn_h2_ev10_multiseed_followup,b64_ga4_fp32_official,1,127,123,2,10,b64_ga4,float32,float32,3,mid_epoch,1.5,1,num_kv_pairs,32,valid/num_kv_pairs/accuracy-32,1.0
gdn-h2-ev10-usegate0-s127-d123,gdn-h2-ev10-s127-d123-b64-ga4-fp32-noearly4ep,20260520_gdn_h2_ev10_multiseed_followup,b64_ga4_fp32_official,1,127,123,2,10,b64_ga4,float32,float32,4,epoch_end,2.0,1,num_kv_pairs,32,valid/num_kv_pairs/accuracy-32,1.0
gdn-h2-ev10-usegate0-s127-d123,gdn-h2-ev10-s127-d123-b64-ga4-fp32-noearly4ep,20260520_gdn_h2_ev10_multiseed_followup,b64_ga4_fp32_official,1,127,123,2,10,b64_ga4,float32,float32,5,mid_epoch,2.5,2,num_kv_pairs,32,valid/num_kv_pairs/accuracy-32,1.0
gdn-h2-ev10-usegate0-s127-d123,gdn-h2-ev10-s127-d123-b64-ga4-fp32-noearly4ep,20260520_gdn_h2_ev10_multiseed_followup,b64_ga4_fp32_official,1,127,123,2,10,b64_ga4,float32,float32,6,epoch_end,3.0,2,num_kv_pairs,32,valid/num_kv_pairs/accuracy-32,1.0
gdn-h2-ev10-usegate0-s127-d123,gdn-h2-ev10-s127-d123-b64-ga4-fp32-noearly4ep,20260520_gdn_h2_ev10_multiseed_followup,b64_ga4_fp32_official,1,127,123,2,10,b64_ga4,float32,float32,7,mid_epoch,3.5,3,num_kv_pairs,32,valid/num_kv_pairs/accuracy-32,1.0
gdn-h2-ev10-usegate0-s127-d123,gdn-h2-ev10-s127-d123-b64-ga4-fp32-noearly4ep,20260520_gdn_h2_ev10_multiseed_followup,b64_ga4_fp32_official,1,127,123,2,10,b64_ga4,float32,float32,8,epoch_end,4.0,3,num_kv_pairs,32,valid/num_kv_pairs/accuracy-32,1.0
gdn-h2-ev10-usegate0-s127-d123,gdn-h2-ev10-s127-d123-b64-ga4-fp32-noearly4ep,20260520_gdn_h2_ev10_multiseed_followup,b64_ga4_fp32_official,1,127,123,2,10,b64_ga4,float32,float32,1,mid_epoch,0.5,0,num_kv_pairs,4,valid/num_kv_pairs/accuracy-4,0.9995
gdn-h2-ev10-usegate0-s127-d123,gdn-h2-ev10-s127-d123-b64-ga4-fp32-noearly4ep,20260520_gdn_h2_ev10_multiseed_followup,b64_ga4_fp32_official,1,127,123,2,10,b64_ga4,float32,float32,2,epoch_end,1.0,0,num_kv_pairs,4,valid/num_kv_pairs/accuracy-4,0.99975
gdn-h2-ev10-usegate0-s127-d123,gdn-h2-ev10-s127-d123-b64-ga4-fp32-noearly4ep,20260520_gdn_h2_ev10_multiseed_followup,b64_ga4_fp32_official,1,127,123,2,10,b64_ga4,float32,float32,3,mid_epoch,1.5,1,num_kv_pairs,4,valid/num_kv_pairs/accuracy-4,0.99975
gdn-h2-ev10-usegate0-s127-d123,gdn-h2-ev10-s127-d123-b64-ga4-fp32-noearly4ep,20260520_gdn_h2_ev10_multiseed_followup,b64_ga4_fp32_official,1,127,123,2,10,b64_ga4,float32,float32,4,epoch_end,2.0,1,num_kv_pairs,4,valid/num_kv_pairs/accuracy-4,0.99975
gdn-h2-ev10-usegate0-s127-d123,gdn-h2-ev10-s127-d123-b64-ga4-fp32-noearly4ep,20260520_gdn_h2_ev10_multiseed_followup,b64_ga4_fp32_official,1,127,123,2,10,b64_ga4,float32,float32,5,mid_epoch,2.5,2,num_kv_pairs,4,valid/num_kv_pairs/accuracy-4,0.99975
gdn-h2-ev10-usegate0-s127-d123,gdn-h2-ev10-s127-d123-b64-ga4-fp32-noearly4ep,20260520_gdn_h2_ev10_multiseed_followup,b64_ga4_fp32_official,1,127,123,2,10,b64_ga4,float32,float32,6,epoch_end,3.0,2,num_kv_pairs,4,valid/num_kv_pairs/accuracy-4,0.99975
gdn-h2-ev10-usegate0-s127-d123,gdn-h2-ev10-s127-d123-b64-ga4-fp32-noearly4ep,20260520_gdn_h2_ev10_multiseed_followup,b64_ga4_fp32_official,1,127,123,2,10,b64_ga4,float32,float32,7,mid_epoch,3.5,3,num_kv_pairs,4,valid/num_kv_pairs/accuracy-4,0.99975
gdn-h2-ev10-usegate0-s127-d123,gdn-h2-ev10-s127-d123-b64-ga4-fp32-noearly4ep,20260520_gdn_h2_ev10_multiseed_followup,b64_ga4_fp32_official,1,127,123,2,10,b64_ga4,float32,float32,8,epoch_end,4.0,3,num_kv_pairs,4,valid/num_kv_pairs/accuracy-4,0.99975
gdn-h2-ev10-usegate0-s127-d123,gdn-h2-ev10-s127-d123-b64-ga4-fp32-noearly4ep,20260520_gdn_h2_ev10_multiseed_followup,b64_ga4_fp32_official,1,127,123,2,10,b64_ga4,float32,float32,1,mid_epoch,0.5,0,num_kv_pairs,64,valid/num_kv_pairs/accuracy-64,0.9940078125
gdn-h2-ev10-usegate0-s127-d123,gdn-h2-ev10-s127-d123-b64-ga4-fp32-noearly4ep,20260520_gdn_h2_ev10_multiseed_followup,b64_ga4_fp32_official,1,127,123,2,10,b64_ga4,float32,float32,2,epoch_end,1.0,0,num_kv_pairs,64,valid/num_kv_pairs/accuracy-64,0.9993203125
gdn-h2-ev10-usegate0-s127-d123,gdn-h2-ev10-s127-d123-b64-ga4-fp32-noearly4ep,20260520_gdn_h2_ev10_multiseed_followup,b64_ga4_fp32_official,1,127,123,2,10,b64_ga4,float32,float32,3,mid_epoch,1.5,1,num_kv_pairs,64,valid/num_kv_pairs/accuracy-64,0.99953125
gdn-h2-ev10-usegate0-s127-d123,gdn-h2-ev10-s127-d123-b64-ga4-fp32-noearly4ep,20260520_gdn_h2_ev10_multiseed_followup,b64_ga4_fp32_official,1,127,123,2,10,b64_ga4,float32,float32,4,epoch_end,2.0,1,num_kv_pairs,64,valid/num_kv_pairs/accuracy-64,0.9995703125
gdn-h2-ev10-usegate0-s127-d123,gdn-h2-ev10-s127-d123-b64-ga4-fp32-noearly4ep,20260520_gdn_h2_ev10_multiseed_followup,b64_ga4_fp32_official,1,127,123,2,10,b64_ga4,float32,float32,5,mid_epoch,2.5,2,num_kv_pairs,64,valid/num_kv_pairs/accuracy-64,0.9995625
gdn-h2-ev10-usegate0-s127-d123,gdn-h2-ev10-s127-d123-b64-ga4-fp32-noearly4ep,20260520_gdn_h2_ev10_multiseed_followup,b64_ga4_fp32_official,1,127,123,2,10,b64_ga4,float32,float32,6,epoch_end,3.0,2,num_kv_pairs,64,valid/num_kv_pairs/accuracy-64,0.99959375
gdn-h2-ev10-usegate0-s127-d123,gdn-h2-ev10-s127-d123-b64-ga4-fp32-noearly4ep,20260520_gdn_h2_ev10_multiseed_followup,b64_ga4_fp32_official,1,127,123,2,10,b64_ga4,float32,float32,7,mid_epoch,3.5,3,num_kv_pairs,64,valid/num_kv_pairs/accuracy-64,0.999578125
gdn-h2-ev10-usegate0-s127-d123,gdn-h2-ev10-s127-d123-b64-ga4-fp32-noearly4ep,20260520_gdn_h2_ev10_multiseed_followup,b64_ga4_fp32_official,1,127,123,2,10,b64_ga4,float32,float32,8,epoch_end,4.0,3,num_kv_pairs,64,valid/num_kv_pairs/accuracy-64,0.9995859375
gdn-h2-ev10-usegate0-s127-d123,gdn-h2-ev10-s127-d123-b64-ga4-fp32-noearly4ep,20260520_gdn_h2_ev10_multiseed_followup,b64_ga4_fp32_official,1,127,123,2,10,b64_ga4,float32,float32,1,mid_epoch,0.5,0,num_kv_pairs,8,valid/num_kv_pairs/accuracy-8,0.999625
gdn-h2-ev10-usegate0-s127-d123,gdn-h2-ev10-s127-d123-b64-ga4-fp32-noearly4ep,20260520_gdn_h2_ev10_multiseed_followup,b64_ga4_fp32_official,1,127,123,2,10,b64_ga4,float32,float32,2,epoch_end,1.0,0,num_kv_pairs,8,valid/num_kv_pairs/accuracy-8,0.99975
gdn-h2-ev10-usegate0-s127-d123,gdn-h2-ev10-s127-d123-b64-ga4-fp32-noearly4ep,20260520_gdn_h2_ev10_multiseed_followup,b64_ga4_fp32_official,1,127,123,2,10,b64_ga4,float32,float32,3,mid_epoch,1.5,1,num_kv_pairs,8,valid/num_kv_pairs/accuracy-8,0.99975
gdn-h2-ev10-usegate0-s127-d123,gdn-h2-ev10-s127-d123-b64-ga4-fp32-noearly4ep,20260520_gdn_h2_ev10_multiseed_followup,b64_ga4_fp32_official,1,127,123,2,10,b64_ga4,float32,float32,4,epoch_end,2.0,1,num_kv_pairs,8,valid/num_kv_pairs/accuracy-8,0.999875
gdn-h2-ev10-usegate0-s127-d123,gdn-h2-ev10-s127-d123-b64-ga4-fp32-noearly4ep,20260520_gdn_h2_ev10_multiseed_followup,b64_ga4_fp32_official,1,127,123,2,10,b64_ga4,float32,float32,5,mid_epoch,2.5,2,num_kv_pairs,8,valid/num_kv_pairs/accuracy-8,0.99975
gdn-h2-ev10-usegate0-s127-d123,gdn-h2-ev10-s127-d123-b64-ga4-fp32-noearly4ep,20260520_gdn_h2_ev10_multiseed_followup,b64_ga4_fp32_official,1,127,123,2,10,b64_ga4,float32,float32,6,epoch_end,3.0,2,num_kv_pairs,8,valid/num_kv_pairs/accuracy-8,0.99975
gdn-h2-ev10-usegate0-s127-d123,gdn-h2-ev10-s127-d123-b64-ga4-fp32-noearly4ep,20260520_gdn_h2_ev10_multiseed_followup,b64_ga4_fp32_official,1,127,123,2,10,b64_ga4,float32,float32,7,mid_epoch,3.5,3,num_kv_pairs,8,valid/num_kv_pairs/accuracy-8,0.99975
gdn-h2-ev10-usegate0-s127-d123,gdn-h2-ev10-s127-d123-b64-ga4-fp32-noearly4ep,20260520_gdn_h2_ev10_multiseed_followup,b64_ga4_fp32_official,1,127,123,2,10,b64_ga4,float32,float32,8,epoch_end,4.0,3,num_kv_pairs,8,valid/num_kv_pairs/accuracy-8,0.99975
