schema_version,eval_event_id,eval_run_id,eval_batch_id,run_type,eval_scope,eval_mode,eval_status,created_at_utc,source_model_family,source_run_id,source_role,source_config_id,source_scope,source_comparison_scope,source_run_type,source_train_batch_size,source_eval_batch_size,source_gradient_accumulation_steps,source_effective_train_batch_size,source_batch_accum_profile,source_dtype_policy,source_outer_model_dtype,source_hidden_states_dtype,source_kernel_input_dtype,source_actual_kernel_dtype,source_gdn_kernel_dtype,source_seed,source_data_seed,source_config_family,source_config,source_num_codebook_vectors,source_rank,source_num_heads,source_expand_v,source_use_gate,source_use_short_conv,source_conv_size,source_configured_max_epochs,source_final_epoch,source_validations_per_epoch,source_early_stopping_disabled,source_train_config_path,source_train_config_path_abs,source_train_config_sha256,source_ckpt_identity,source_ckpt_type,source_ckpt_path,source_ckpt_path_abs,source_ckpt_exists,source_ckpt_sha256,source_ckpt_size_bytes,source_ckpt_mtime_utc,source_ckpt_epoch,source_ckpt_step,source_final_valid_loss,source_final_valid_accuracy,source_final_valid_mqar_case_accuracy_1024x256,source_trainable_params,source_dynamic_capacity_per_layer,source_dynamic_capacity_total,eval_protocol_id,eval_dataset,vocab_size,input_seq_len,num_kv_pairs,num_passes,num_examples,eval_batch_size,adaptive_batch_search,eval_data_seed,random_non_queries,power_a,sanity_reference_accuracy_1024x256,sanity_delta_abs,batch_search_status,batch_search_slice,batch_search_input_seq_len,batch_search_num_kv_pairs,batch_search_num_examples,batch_search_candidates,batch_search_best_eval_batch_size,batch_search_peak_memory_mb,batch_search_failure_detail,batch_search_reusable_scope,batch_search_hardware_dependent,batch_search_gpu,batch_search_cuda_device,batch_search_gpu_name,batch_search_gpu_total_memory_mb,batch_search_gpu_compute_capability,batch_search_gpu_uuid,batch_search_torch_version,batch_search_cuda_version,batch_search_driver_version,batch_search_dtype_policy,batch_search_kernel_dtype,batch_search_source_scope,batch_search_hardware_profile_id,loss,accuracy,aggregate_loss,aggregate_accuracy,wall_clock_sec,wall_clock,peak_memory_mb,torch_peak_memory_allocated_mib,torch_peak_memory_reserved_mib,eval_hardware_profile_id,eval_hardware_backfill_status,gpu,cuda_device,gpu_name,gpu_total_memory_mb,gpu_compute_capability,gpu_uuid,torch_version,cuda_version,driver_version,runner_commit,commit_zoology,commit_flash_vqg,artifact_dir,source_artifact,log_path,failure_type,failure_detail,notes,eval_seed,dataset_hash,dataset_hash_algorithm,dataset_input_shape,dataset_label_shape,dataset_num_examples,dataset_dtype,checkpoint_hash,checkpoint_hash_algorithm,official_core_constraint_status,selected_core_subset,repro_check_reference_event_id,repro_check_dataset_hash_match,repro_check_accuracy_delta_abs,repro_check_accuracy_match,started_at_utc,ended_at_utc,status,timing_backfill_method
2,20260526-gdn-flash-fairness-phase5-longer-mqar:sanity:mh-h4-k256-v128-s123-d123-b64-ga4-fp32-noearly4ep:1024x256:n8,20260526-gdn-flash-fairness-phase5-longer-mqar:sanity:mh-h4-k256-v128-s123-d123-b64-ga4-fp32-noearly4ep:1024x256:n8,20260526-gdn-flash-fairness-phase5-longer-mqar,longer_mqar_eval_only,longer_mqar_eval_only_gdn_flash_fairness_phase5_20260526,sanity,completed,2026-05-26T20:16:56.465929+00:00,gdn,mh-h4-k256-v128-s123-d123-b64-ga4-fp32-noearly4ep,multi_head_capacity_probe_h4,mh-h4-k256-v128-usegate0-s123-d123,b64_ga4_fp32_official,b64_ga4_fp32_official,official_gdn_flash_fairness_phase1_b64_ga4_fp32,64,16,4,256,b64_ga4,float32,float32,float32,float32,float32,float32,123,123,gdnxk-h4-ek8-ev4-usegate0,mh-h4-k256-v128-usegate0-s123-d123,,,4,4,false,true,4,4,4,2,true,checkpoints/flash-vqg-20260526-gdn-flash-fairness-phase1-2026-05-26-11-35-02/mh-h4-k256-v128-s123-d123-b64-ga4-fp32-noearly4ep/train_config.json,/home/lyj/mnt/project/zoology/checkpoints/flash-vqg-20260526-gdn-flash-fairness-phase1-2026-05-26-11-35-02/mh-h4-k256-v128-s123-d123-b64-ga4-fp32-noearly4ep/train_config.json,9db8a6d49b03dc883344e63c51f2b11ccc4ce697e7d0648c541b66c7d1c2d638,sha256:f67a25f342df1705a20dace8e4d24761c496aa4132d3f20a85ae84a3d6fa377a,last.pt_epoch4_final,checkpoints/flash-vqg-20260526-gdn-flash-fairness-phase1-2026-05-26-11-35-02/mh-h4-k256-v128-s123-d123-b64-ga4-fp32-noearly4ep/last.pt,/home/lyj/mnt/project/zoology/checkpoints/flash-vqg-20260526-gdn-flash-fairness-phase1-2026-05-26-11-35-02/mh-h4-k256-v128-s123-d123-b64-ga4-fp32-noearly4ep/last.pt,true,f67a25f342df1705a20dace8e4d24761c496aa4132d3f20a85ae84a3d6fa377a,10090431,2026-05-26T12:19:46.076542+00:00,3,,0.1849704831838607,0.99428125,0.9551015625,1471500,131072,131072,mqar-vocab8192-pass1-seed123-rnq1-power0.01-1024x256-n8,multiquery_ar,8192,1024,256,1,8,1,false,123,true,0.01,0.9551015625,0.0005117187500000009,,,,,,,,,,,,,,,,,,,,,,,,,1.3052866458892822,0.95458984375,1.3052866458892822,0.95458984375,21.161823987960815,00:00:21,309.33349609375,309.33349609375,560.0,NVIDIA_GeForce_RTX_2080_Ti-11264MiB-cc7.5-driver550.120-torch2.6.0+cu118-cuda11.8,measured_current_host,0,0,NVIDIA GeForce RTX 2080 Ti,11264,7.5,GPU-57c29499-bcb3-27f6-4360-e60939528a9b,2.6.0+cu118,11.8,550.120,b83328a02358ed088169372940d5876f7633859e,b83328a02358ed088169372940d5876f7633859e,811e1ce5f140e97d93ad6f1adae07b95b4219143,docs/artifacts/gdn-flash-fairness-20260526/phase5-longer-mqar,docs/artifacts/gdn-flash-fairness-20260526/phase1-gdn-final.csv,tmp/20260526-gdn-flash-fairness-phase5-longer-mqar/logs/sanity-mh-h4-k256-v128-s123-d123-b64-ga4-fp32-noearly4ep-1024x256-n8-b1-gpu0.log,,,,123,72c79482cf352f40dae639ab98d4eda880432b0d3424f5649f5648f5a4d456d0,"sha256(inputs,labels)",8x1024,8x1024,8,torch.int64/torch.int64,f67a25f342df1705a20dace8e4d24761c496aa4132d3f20a85ae84a3d6fa377a,sha256,passed,true,,,,,2026-05-26T20:16:35.304105+00:00,2026-05-26T20:16:56.465929+00:00,completed,created_at_utc_minus_wall_clock_sec
2,20260526-gdn-flash-fairness-phase5-longer-mqar:batch_search:mh-h4-k256-v128-s123-d123-b64-ga4-fp32-noearly4ep:1024x256:n8,20260526-gdn-flash-fairness-phase5-longer-mqar:batch_search:mh-h4-k256-v128-s123-d123-b64-ga4-fp32-noearly4ep:1024x256:n8,20260526-gdn-flash-fairness-phase5-longer-mqar,longer_mqar_eval_only,longer_mqar_eval_only_gdn_flash_fairness_phase5_20260526,batch_search,completed,2026-05-26T20:17:30.574536+00:00,gdn,mh-h4-k256-v128-s123-d123-b64-ga4-fp32-noearly4ep,multi_head_capacity_probe_h4,mh-h4-k256-v128-usegate0-s123-d123,b64_ga4_fp32_official,b64_ga4_fp32_official,official_gdn_flash_fairness_phase1_b64_ga4_fp32,64,16,4,256,b64_ga4,float32,float32,float32,float32,float32,float32,123,123,gdnxk-h4-ek8-ev4-usegate0,mh-h4-k256-v128-usegate0-s123-d123,,,4,4,false,true,4,4,4,2,true,checkpoints/flash-vqg-20260526-gdn-flash-fairness-phase1-2026-05-26-11-35-02/mh-h4-k256-v128-s123-d123-b64-ga4-fp32-noearly4ep/train_config.json,/home/lyj/mnt/project/zoology/checkpoints/flash-vqg-20260526-gdn-flash-fairness-phase1-2026-05-26-11-35-02/mh-h4-k256-v128-s123-d123-b64-ga4-fp32-noearly4ep/train_config.json,9db8a6d49b03dc883344e63c51f2b11ccc4ce697e7d0648c541b66c7d1c2d638,sha256:f67a25f342df1705a20dace8e4d24761c496aa4132d3f20a85ae84a3d6fa377a,last.pt_epoch4_final,checkpoints/flash-vqg-20260526-gdn-flash-fairness-phase1-2026-05-26-11-35-02/mh-h4-k256-v128-s123-d123-b64-ga4-fp32-noearly4ep/last.pt,/home/lyj/mnt/project/zoology/checkpoints/flash-vqg-20260526-gdn-flash-fairness-phase1-2026-05-26-11-35-02/mh-h4-k256-v128-s123-d123-b64-ga4-fp32-noearly4ep/last.pt,true,f67a25f342df1705a20dace8e4d24761c496aa4132d3f20a85ae84a3d6fa377a,10090431,2026-05-26T12:19:46.076542+00:00,3,,0.1849704831838607,0.99428125,0.9551015625,1471500,131072,131072,mqar-vocab8192-pass1-seed123-rnq1-power0.01-1024x256-n8,multiquery_ar,8192,1024,256,1,8,8,true,123,true,0.01,,,completed,1024x256,1024,256,8,8;4;2;1,8,586.49755859375,,same_gpu_same_dtype_same_runner_only,true,0,0,NVIDIA GeForce RTX 2080 Ti,11264,7.5,GPU-57c29499-bcb3-27f6-4360-e60939528a9b,2.6.0+cu118,11.8,550.120,float32,float32,b64_ga4_fp32_official,NVIDIA_GeForce_RTX_2080_Ti-11264MiB-cc7.5-driver550.120-torch2.6.0+cu118-cuda11.8,1.3052867650985718,0.95458984375,1.3052867650985718,0.95458984375,22.711260080337524,00:00:22,586.49755859375,586.49755859375,620.0,NVIDIA_GeForce_RTX_2080_Ti-11264MiB-cc7.5-driver550.120-torch2.6.0+cu118-cuda11.8,measured_current_host,0,0,NVIDIA GeForce RTX 2080 Ti,11264,7.5,GPU-57c29499-bcb3-27f6-4360-e60939528a9b,2.6.0+cu118,11.8,550.120,b83328a02358ed088169372940d5876f7633859e,b83328a02358ed088169372940d5876f7633859e,811e1ce5f140e97d93ad6f1adae07b95b4219143,docs/artifacts/gdn-flash-fairness-20260526/phase5-longer-mqar,docs/artifacts/gdn-flash-fairness-20260526/phase1-gdn-final.csv,tmp/20260526-gdn-flash-fairness-phase5-longer-mqar/logs/batch-search-candidate-mh-h4-k256-v128-s123-d123-b64-ga4-fp32-noearly4ep-1024x256-n8-b8-gpu0.log,,,,123,72c79482cf352f40dae639ab98d4eda880432b0d3424f5649f5648f5a4d456d0,"sha256(inputs,labels)",8x1024,8x1024,8,torch.int64/torch.int64,f67a25f342df1705a20dace8e4d24761c496aa4132d3f20a85ae84a3d6fa377a,sha256,passed,true,,,,,2026-05-26T20:17:07.863276+00:00,2026-05-26T20:17:30.574536+00:00,completed,created_at_utc_minus_wall_clock_sec
2,20260526-gdn-flash-fairness-phase5-longer-mqar:batch_search:banked-h2-b4-k256-v64-sharedv-s123-d123-b64-ga4-fp32-noearly4ep:1024x256:n8,20260526-gdn-flash-fairness-phase5-longer-mqar:batch_search:banked-h2-b4-k256-v64-sharedv-s123-d123-b64-ga4-fp32-noearly4ep:1024x256:n8,20260526-gdn-flash-fairness-phase5-longer-mqar,longer_mqar_eval_only,longer_mqar_eval_only_gdn_flash_fairness_phase5_20260526,batch_search,completed,2026-05-26T20:17:31.061431+00:00,gdn,banked-h2-b4-k256-v64-sharedv-s123-d123-b64-ga4-fp32-noearly4ep,banked_k_shared_v_probe,banked-h2-b4-k256-v64-sharedv-usegate0-s123-d123,b64_ga4_fp32_official,b64_ga4_fp32_official,official_gdn_flash_fairness_phase3_b64_ga4_fp32,64,16,4,256,b64_ga4,float32,float32,float32,float32,float32,float32,123,123,gdn-banked-k-h2-b4-k256-v64-sharedv-usegate0,banked-h2-b4-k256-v64-sharedv-usegate0-s123-d123,,,2,,false,true,4,4,4,2,true,checkpoints/flash-vqg-20260526-gdn-flash-fairness-phase3-2026-05-26-18-58-19/banked-h2-b4-k256-v64-sharedv-s123-d123-b64-ga4-fp32-noearly4ep/train_config.json,/home/lyj/mnt/project/zoology/checkpoints/flash-vqg-20260526-gdn-flash-fairness-phase3-2026-05-26-18-58-19/banked-h2-b4-k256-v64-sharedv-s123-d123-b64-ga4-fp32-noearly4ep/train_config.json,d37b51b4a238c30849486ec8f7622855f08d0f2491ad22965aad28c6785896d8,sha256:836e9894296c71d09e9076e315f1b37f48e355f6592436df9241838c213ab2a7,last.pt_epoch4_final,checkpoints/flash-vqg-20260526-gdn-flash-fairness-phase3-2026-05-26-18-58-19/banked-h2-b4-k256-v64-sharedv-s123-d123-b64-ga4-fp32-noearly4ep/last.pt,/home/lyj/mnt/project/zoology/checkpoints/flash-vqg-20260526-gdn-flash-fairness-phase3-2026-05-26-18-58-19/banked-h2-b4-k256-v64-sharedv-s123-d123-b64-ga4-fp32-noearly4ep/last.pt,true,836e9894296c71d09e9076e315f1b37f48e355f6592436df9241838c213ab2a7,10780668,2026-05-26T19:20:18.396279+00:00,3,,0.0792120099067688,0.9973046875,0.9799609375,1643992.0,131072,131072,mqar-vocab8192-pass1-seed123-rnq1-power0.01-1024x256-n8,multiquery_ar,8192,1024,256,1,8,8,true,123,true,0.01,,,completed,1024x256,1024,256,8,8;4;2;1,8,755.78076171875,,same_gpu_same_dtype_same_runner_only,true,1,1,NVIDIA GeForce RTX 2080 Ti,11264,7.5,GPU-0def3eeb-c2d0-4f49-ec2a-ebc1d8453b98,2.6.0+cu118,11.8,550.120,float32,float32,b64_ga4_fp32_official,NVIDIA_GeForce_RTX_2080_Ti-11264MiB-cc7.5-driver550.120-torch2.6.0+cu118-cuda11.8,0.5505266785621643,0.9765625,0.5505266785621643,0.9765625,23.136574268341064,00:00:23,755.78076171875,755.78076171875,940.0,NVIDIA_GeForce_RTX_2080_Ti-11264MiB-cc7.5-driver550.120-torch2.6.0+cu118-cuda11.8,measured_current_host,1,1,NVIDIA GeForce RTX 2080 Ti,11264,7.5,GPU-0def3eeb-c2d0-4f49-ec2a-ebc1d8453b98,2.6.0+cu118,11.8,550.120,b83328a02358ed088169372940d5876f7633859e,b83328a02358ed088169372940d5876f7633859e,811e1ce5f140e97d93ad6f1adae07b95b4219143,docs/artifacts/gdn-flash-fairness-20260526/phase5-longer-mqar,docs/artifacts/gdn-flash-fairness-20260526/phase3-banked-k-final.csv,tmp/20260526-gdn-flash-fairness-phase5-longer-mqar/logs/batch-search-candidate-banked-h2-b4-k256-v64-sharedv-s123-d123-b64-ga4-fp32-noearly4ep-1024x256-n8-b8-gpu1.log,,,,123,72c79482cf352f40dae639ab98d4eda880432b0d3424f5649f5648f5a4d456d0,"sha256(inputs,labels)",8x1024,8x1024,8,torch.int64/torch.int64,836e9894296c71d09e9076e315f1b37f48e355f6592436df9241838c213ab2a7,sha256,passed,true,,,,,2026-05-26T20:17:07.924857+00:00,2026-05-26T20:17:31.061431+00:00,completed,created_at_utc_minus_wall_clock_sec
2,20260526-gdn-flash-fairness-phase5-longer-mqar:batch_search:mh-h4-k256-v128-s123-d123-b64-ga4-fp32-noearly4ep:2048x512:n8,20260526-gdn-flash-fairness-phase5-longer-mqar:batch_search:mh-h4-k256-v128-s123-d123-b64-ga4-fp32-noearly4ep:2048x512:n8,20260526-gdn-flash-fairness-phase5-longer-mqar,longer_mqar_eval_only,longer_mqar_eval_only_gdn_flash_fairness_phase5_20260526,batch_search,completed,2026-05-26T20:17:56.105362+00:00,gdn,mh-h4-k256-v128-s123-d123-b64-ga4-fp32-noearly4ep,multi_head_capacity_probe_h4,mh-h4-k256-v128-usegate0-s123-d123,b64_ga4_fp32_official,b64_ga4_fp32_official,official_gdn_flash_fairness_phase1_b64_ga4_fp32,64,16,4,256,b64_ga4,float32,float32,float32,float32,float32,float32,123,123,gdnxk-h4-ek8-ev4-usegate0,mh-h4-k256-v128-usegate0-s123-d123,,,4,4,false,true,4,4,4,2,true,checkpoints/flash-vqg-20260526-gdn-flash-fairness-phase1-2026-05-26-11-35-02/mh-h4-k256-v128-s123-d123-b64-ga4-fp32-noearly4ep/train_config.json,/home/lyj/mnt/project/zoology/checkpoints/flash-vqg-20260526-gdn-flash-fairness-phase1-2026-05-26-11-35-02/mh-h4-k256-v128-s123-d123-b64-ga4-fp32-noearly4ep/train_config.json,9db8a6d49b03dc883344e63c51f2b11ccc4ce697e7d0648c541b66c7d1c2d638,sha256:f67a25f342df1705a20dace8e4d24761c496aa4132d3f20a85ae84a3d6fa377a,last.pt_epoch4_final,checkpoints/flash-vqg-20260526-gdn-flash-fairness-phase1-2026-05-26-11-35-02/mh-h4-k256-v128-s123-d123-b64-ga4-fp32-noearly4ep/last.pt,/home/lyj/mnt/project/zoology/checkpoints/flash-vqg-20260526-gdn-flash-fairness-phase1-2026-05-26-11-35-02/mh-h4-k256-v128-s123-d123-b64-ga4-fp32-noearly4ep/last.pt,true,f67a25f342df1705a20dace8e4d24761c496aa4132d3f20a85ae84a3d6fa377a,10090431,2026-05-26T12:19:46.076542+00:00,3,,0.1849704831838607,0.99428125,0.9551015625,1471500,131072,131072,mqar-vocab8192-pass1-seed123-rnq1-power0.01-2048x512-n8,multiquery_ar,8192,2048,512,1,8,8,true,123,true,0.01,,,completed,2048x512,2048,512,8,8;4;2;1,8,1037.99072265625,,same_gpu_same_dtype_same_runner_only,true,0,0,NVIDIA GeForce RTX 2080 Ti,11264,7.5,GPU-57c29499-bcb3-27f6-4360-e60939528a9b,2.6.0+cu118,11.8,550.120,float32,float32,b64_ga4_fp32_official,NVIDIA_GeForce_RTX_2080_Ti-11264MiB-cc7.5-driver550.120-torch2.6.0+cu118-cuda11.8,4.437820911407471,0.401611328125,4.437820911407471,0.401611328125,24.67946219444275,00:00:24,1037.99072265625,1037.99072265625,2004.0,NVIDIA_GeForce_RTX_2080_Ti-11264MiB-cc7.5-driver550.120-torch2.6.0+cu118-cuda11.8,measured_current_host,0,0,NVIDIA GeForce RTX 2080 Ti,11264,7.5,GPU-57c29499-bcb3-27f6-4360-e60939528a9b,2.6.0+cu118,11.8,550.120,b83328a02358ed088169372940d5876f7633859e,b83328a02358ed088169372940d5876f7633859e,811e1ce5f140e97d93ad6f1adae07b95b4219143,docs/artifacts/gdn-flash-fairness-20260526/phase5-longer-mqar,docs/artifacts/gdn-flash-fairness-20260526/phase1-gdn-final.csv,tmp/20260526-gdn-flash-fairness-phase5-longer-mqar/logs/batch-search-candidate-mh-h4-k256-v128-s123-d123-b64-ga4-fp32-noearly4ep-2048x512-n8-b8-gpu0.log,,,,123,27fa3ea859c23bc51e38e1c3774b40fb3890d0cbc8b41dd8d5e454bf64621917,"sha256(inputs,labels)",8x2048,8x2048,8,torch.int64/torch.int64,f67a25f342df1705a20dace8e4d24761c496aa4132d3f20a85ae84a3d6fa377a,sha256,passed,true,,,,,2026-05-26T20:17:31.425900+00:00,2026-05-26T20:17:56.105362+00:00,completed,created_at_utc_minus_wall_clock_sec
2,20260526-gdn-flash-fairness-phase5-longer-mqar:batch_search:banked-h2-b4-k256-v64-sharedv-s123-d123-b64-ga4-fp32-noearly4ep:2048x512:n8,20260526-gdn-flash-fairness-phase5-longer-mqar:batch_search:banked-h2-b4-k256-v64-sharedv-s123-d123-b64-ga4-fp32-noearly4ep:2048x512:n8,20260526-gdn-flash-fairness-phase5-longer-mqar,longer_mqar_eval_only,longer_mqar_eval_only_gdn_flash_fairness_phase5_20260526,batch_search,completed,2026-05-26T20:17:57.305356+00:00,gdn,banked-h2-b4-k256-v64-sharedv-s123-d123-b64-ga4-fp32-noearly4ep,banked_k_shared_v_probe,banked-h2-b4-k256-v64-sharedv-usegate0-s123-d123,b64_ga4_fp32_official,b64_ga4_fp32_official,official_gdn_flash_fairness_phase3_b64_ga4_fp32,64,16,4,256,b64_ga4,float32,float32,float32,float32,float32,float32,123,123,gdn-banked-k-h2-b4-k256-v64-sharedv-usegate0,banked-h2-b4-k256-v64-sharedv-usegate0-s123-d123,,,2,,false,true,4,4,4,2,true,checkpoints/flash-vqg-20260526-gdn-flash-fairness-phase3-2026-05-26-18-58-19/banked-h2-b4-k256-v64-sharedv-s123-d123-b64-ga4-fp32-noearly4ep/train_config.json,/home/lyj/mnt/project/zoology/checkpoints/flash-vqg-20260526-gdn-flash-fairness-phase3-2026-05-26-18-58-19/banked-h2-b4-k256-v64-sharedv-s123-d123-b64-ga4-fp32-noearly4ep/train_config.json,d37b51b4a238c30849486ec8f7622855f08d0f2491ad22965aad28c6785896d8,sha256:836e9894296c71d09e9076e315f1b37f48e355f6592436df9241838c213ab2a7,last.pt_epoch4_final,checkpoints/flash-vqg-20260526-gdn-flash-fairness-phase3-2026-05-26-18-58-19/banked-h2-b4-k256-v64-sharedv-s123-d123-b64-ga4-fp32-noearly4ep/last.pt,/home/lyj/mnt/project/zoology/checkpoints/flash-vqg-20260526-gdn-flash-fairness-phase3-2026-05-26-18-58-19/banked-h2-b4-k256-v64-sharedv-s123-d123-b64-ga4-fp32-noearly4ep/last.pt,true,836e9894296c71d09e9076e315f1b37f48e355f6592436df9241838c213ab2a7,10780668,2026-05-26T19:20:18.396279+00:00,3,,0.0792120099067688,0.9973046875,0.9799609375,1643992.0,131072,131072,mqar-vocab8192-pass1-seed123-rnq1-power0.01-2048x512-n8,multiquery_ar,8192,2048,512,1,8,8,true,123,true,0.01,,,completed,2048x512,2048,512,8,8;4;2;1,8,1241.14794921875,,same_gpu_same_dtype_same_runner_only,true,1,1,NVIDIA GeForce RTX 2080 Ti,11264,7.5,GPU-0def3eeb-c2d0-4f49-ec2a-ebc1d8453b98,2.6.0+cu118,11.8,550.120,float32,float32,b64_ga4_fp32_official,NVIDIA_GeForce_RTX_2080_Ti-11264MiB-cc7.5-driver550.120-torch2.6.0+cu118-cuda11.8,3.093785047531128,0.52978515625,3.093785047531128,0.52978515625,25.319512605667114,00:00:25,1241.14794921875,1241.14794921875,2390.0,NVIDIA_GeForce_RTX_2080_Ti-11264MiB-cc7.5-driver550.120-torch2.6.0+cu118-cuda11.8,measured_current_host,1,1,NVIDIA GeForce RTX 2080 Ti,11264,7.5,GPU-0def3eeb-c2d0-4f49-ec2a-ebc1d8453b98,2.6.0+cu118,11.8,550.120,b83328a02358ed088169372940d5876f7633859e,b83328a02358ed088169372940d5876f7633859e,811e1ce5f140e97d93ad6f1adae07b95b4219143,docs/artifacts/gdn-flash-fairness-20260526/phase5-longer-mqar,docs/artifacts/gdn-flash-fairness-20260526/phase3-banked-k-final.csv,tmp/20260526-gdn-flash-fairness-phase5-longer-mqar/logs/batch-search-candidate-banked-h2-b4-k256-v64-sharedv-s123-d123-b64-ga4-fp32-noearly4ep-2048x512-n8-b8-gpu1.log,,,,123,27fa3ea859c23bc51e38e1c3774b40fb3890d0cbc8b41dd8d5e454bf64621917,"sha256(inputs,labels)",8x2048,8x2048,8,torch.int64/torch.int64,836e9894296c71d09e9076e315f1b37f48e355f6592436df9241838c213ab2a7,sha256,passed,true,,,,,2026-05-26T20:17:31.985843+00:00,2026-05-26T20:17:57.305356+00:00,completed,created_at_utc_minus_wall_clock_sec
2,20260526-gdn-flash-fairness-phase5-longer-mqar:batch_search:mh-h4-k256-v128-s123-d123-b64-ga4-fp32-noearly4ep:4096x1024:n8,20260526-gdn-flash-fairness-phase5-longer-mqar:batch_search:mh-h4-k256-v128-s123-d123-b64-ga4-fp32-noearly4ep:4096x1024:n8,20260526-gdn-flash-fairness-phase5-longer-mqar,longer_mqar_eval_only,longer_mqar_eval_only_gdn_flash_fairness_phase5_20260526,batch_search,completed,2026-05-26T20:18:25.403213+00:00,gdn,mh-h4-k256-v128-s123-d123-b64-ga4-fp32-noearly4ep,multi_head_capacity_probe_h4,mh-h4-k256-v128-usegate0-s123-d123,b64_ga4_fp32_official,b64_ga4_fp32_official,official_gdn_flash_fairness_phase1_b64_ga4_fp32,64,16,4,256,b64_ga4,float32,float32,float32,float32,float32,float32,123,123,gdnxk-h4-ek8-ev4-usegate0,mh-h4-k256-v128-usegate0-s123-d123,,,4,4,false,true,4,4,4,2,true,checkpoints/flash-vqg-20260526-gdn-flash-fairness-phase1-2026-05-26-11-35-02/mh-h4-k256-v128-s123-d123-b64-ga4-fp32-noearly4ep/train_config.json,/home/lyj/mnt/project/zoology/checkpoints/flash-vqg-20260526-gdn-flash-fairness-phase1-2026-05-26-11-35-02/mh-h4-k256-v128-s123-d123-b64-ga4-fp32-noearly4ep/train_config.json,9db8a6d49b03dc883344e63c51f2b11ccc4ce697e7d0648c541b66c7d1c2d638,sha256:f67a25f342df1705a20dace8e4d24761c496aa4132d3f20a85ae84a3d6fa377a,last.pt_epoch4_final,checkpoints/flash-vqg-20260526-gdn-flash-fairness-phase1-2026-05-26-11-35-02/mh-h4-k256-v128-s123-d123-b64-ga4-fp32-noearly4ep/last.pt,/home/lyj/mnt/project/zoology/checkpoints/flash-vqg-20260526-gdn-flash-fairness-phase1-2026-05-26-11-35-02/mh-h4-k256-v128-s123-d123-b64-ga4-fp32-noearly4ep/last.pt,true,f67a25f342df1705a20dace8e4d24761c496aa4132d3f20a85ae84a3d6fa377a,10090431,2026-05-26T12:19:46.076542+00:00,3,,0.1849704831838607,0.99428125,0.9551015625,1471500,131072,131072,mqar-vocab8192-pass1-seed123-rnq1-power0.01-4096x1024-n8,multiquery_ar,8192,4096,1024,1,8,8,true,123,true,0.01,,,completed,4096x1024,4096,1024,8,8;4;2;1,8,2062.24072265625,,same_gpu_same_dtype_same_runner_only,true,0,0,NVIDIA GeForce RTX 2080 Ti,11264,7.5,GPU-57c29499-bcb3-27f6-4360-e60939528a9b,2.6.0+cu118,11.8,550.120,float32,float32,b64_ga4_fp32_official,NVIDIA_GeForce_RTX_2080_Ti-11264MiB-cc7.5-driver550.120-torch2.6.0+cu118-cuda11.8,7.401665687561035,0.0556640625,7.401665687561035,0.0556640625,28.37059998512268,00:00:28,2062.24072265625,2062.24072265625,3712.0,NVIDIA_GeForce_RTX_2080_Ti-11264MiB-cc7.5-driver550.120-torch2.6.0+cu118-cuda11.8,measured_current_host,0,0,NVIDIA GeForce RTX 2080 Ti,11264,7.5,GPU-57c29499-bcb3-27f6-4360-e60939528a9b,2.6.0+cu118,11.8,550.120,b83328a02358ed088169372940d5876f7633859e,b83328a02358ed088169372940d5876f7633859e,811e1ce5f140e97d93ad6f1adae07b95b4219143,docs/artifacts/gdn-flash-fairness-20260526/phase5-longer-mqar,docs/artifacts/gdn-flash-fairness-20260526/phase1-gdn-final.csv,tmp/20260526-gdn-flash-fairness-phase5-longer-mqar/logs/batch-search-candidate-mh-h4-k256-v128-s123-d123-b64-ga4-fp32-noearly4ep-4096x1024-n8-b8-gpu0.log,,,,123,8b3b88e822143a04aca442bf560e9b745331342bc5f480f6067d681340d73cba,"sha256(inputs,labels)",8x4096,8x4096,8,torch.int64/torch.int64,f67a25f342df1705a20dace8e4d24761c496aa4132d3f20a85ae84a3d6fa377a,sha256,passed,true,,,,,2026-05-26T20:17:57.032613+00:00,2026-05-26T20:18:25.403213+00:00,completed,created_at_utc_minus_wall_clock_sec
2,20260526-gdn-flash-fairness-phase5-longer-mqar:batch_search:banked-h2-b4-k256-v64-sharedv-s123-d123-b64-ga4-fp32-noearly4ep:4096x1024:n8,20260526-gdn-flash-fairness-phase5-longer-mqar:batch_search:banked-h2-b4-k256-v64-sharedv-s123-d123-b64-ga4-fp32-noearly4ep:4096x1024:n8,20260526-gdn-flash-fairness-phase5-longer-mqar,longer_mqar_eval_only,longer_mqar_eval_only_gdn_flash_fairness_phase5_20260526,batch_search,completed,2026-05-26T20:18:40.703682+00:00,gdn,banked-h2-b4-k256-v64-sharedv-s123-d123-b64-ga4-fp32-noearly4ep,banked_k_shared_v_probe,banked-h2-b4-k256-v64-sharedv-usegate0-s123-d123,b64_ga4_fp32_official,b64_ga4_fp32_official,official_gdn_flash_fairness_phase3_b64_ga4_fp32,64,16,4,256,b64_ga4,float32,float32,float32,float32,float32,float32,123,123,gdn-banked-k-h2-b4-k256-v64-sharedv-usegate0,banked-h2-b4-k256-v64-sharedv-usegate0-s123-d123,,,2,,false,true,4,4,4,2,true,checkpoints/flash-vqg-20260526-gdn-flash-fairness-phase3-2026-05-26-18-58-19/banked-h2-b4-k256-v64-sharedv-s123-d123-b64-ga4-fp32-noearly4ep/train_config.json,/home/lyj/mnt/project/zoology/checkpoints/flash-vqg-20260526-gdn-flash-fairness-phase3-2026-05-26-18-58-19/banked-h2-b4-k256-v64-sharedv-s123-d123-b64-ga4-fp32-noearly4ep/train_config.json,d37b51b4a238c30849486ec8f7622855f08d0f2491ad22965aad28c6785896d8,sha256:836e9894296c71d09e9076e315f1b37f48e355f6592436df9241838c213ab2a7,last.pt_epoch4_final,checkpoints/flash-vqg-20260526-gdn-flash-fairness-phase3-2026-05-26-18-58-19/banked-h2-b4-k256-v64-sharedv-s123-d123-b64-ga4-fp32-noearly4ep/last.pt,/home/lyj/mnt/project/zoology/checkpoints/flash-vqg-20260526-gdn-flash-fairness-phase3-2026-05-26-18-58-19/banked-h2-b4-k256-v64-sharedv-s123-d123-b64-ga4-fp32-noearly4ep/last.pt,true,836e9894296c71d09e9076e315f1b37f48e355f6592436df9241838c213ab2a7,10780668,2026-05-26T19:20:18.396279+00:00,3,,0.0792120099067688,0.9973046875,0.9799609375,1643992.0,131072,131072,mqar-vocab8192-pass1-seed123-rnq1-power0.01-4096x1024-n8,multiquery_ar,8192,4096,1024,1,8,8,true,123,true,0.01,,,completed,4096x1024,4096,1024,8,8;4;2;1,8,2211.89794921875,,same_gpu_same_dtype_same_runner_only,true,1,1,NVIDIA GeForce RTX 2080 Ti,11264,7.5,GPU-0def3eeb-c2d0-4f49-ec2a-ebc1d8453b98,2.6.0+cu118,11.8,550.120,float32,float32,b64_ga4_fp32_official,NVIDIA_GeForce_RTX_2080_Ti-11264MiB-cc7.5-driver550.120-torch2.6.0+cu118-cuda11.8,7.209404468536377,0.0748291015625,7.209404468536377,0.0748291015625,42.38928461074829,00:00:42,2211.89794921875,2211.89794921875,4546.0,NVIDIA_GeForce_RTX_2080_Ti-11264MiB-cc7.5-driver550.120-torch2.6.0+cu118-cuda11.8,measured_current_host,1,1,NVIDIA GeForce RTX 2080 Ti,11264,7.5,GPU-0def3eeb-c2d0-4f49-ec2a-ebc1d8453b98,2.6.0+cu118,11.8,550.120,b83328a02358ed088169372940d5876f7633859e,b83328a02358ed088169372940d5876f7633859e,811e1ce5f140e97d93ad6f1adae07b95b4219143,docs/artifacts/gdn-flash-fairness-20260526/phase5-longer-mqar,docs/artifacts/gdn-flash-fairness-20260526/phase3-banked-k-final.csv,tmp/20260526-gdn-flash-fairness-phase5-longer-mqar/logs/batch-search-candidate-banked-h2-b4-k256-v64-sharedv-s123-d123-b64-ga4-fp32-noearly4ep-4096x1024-n8-b8-gpu1.log,,,,123,8b3b88e822143a04aca442bf560e9b745331342bc5f480f6067d681340d73cba,"sha256(inputs,labels)",8x4096,8x4096,8,torch.int64/torch.int64,836e9894296c71d09e9076e315f1b37f48e355f6592436df9241838c213ab2a7,sha256,passed,true,,,,,2026-05-26T20:17:58.314397+00:00,2026-05-26T20:18:40.703682+00:00,completed,created_at_utc_minus_wall_clock_sec
2,20260526-gdn-flash-fairness-phase5-longer-mqar:batch_search:mh-h4-k256-v128-s123-d123-b64-ga4-fp32-noearly4ep:8190x512:n8,20260526-gdn-flash-fairness-phase5-longer-mqar:batch_search:mh-h4-k256-v128-s123-d123-b64-ga4-fp32-noearly4ep:8190x512:n8,20260526-gdn-flash-fairness-phase5-longer-mqar,longer_mqar_eval_only,longer_mqar_eval_only_gdn_flash_fairness_phase5_20260526,batch_search,completed,2026-05-26T20:19:20.149936+00:00,gdn,mh-h4-k256-v128-s123-d123-b64-ga4-fp32-noearly4ep,multi_head_capacity_probe_h4,mh-h4-k256-v128-usegate0-s123-d123,b64_ga4_fp32_official,b64_ga4_fp32_official,official_gdn_flash_fairness_phase1_b64_ga4_fp32,64,16,4,256,b64_ga4,float32,float32,float32,float32,float32,float32,123,123,gdnxk-h4-ek8-ev4-usegate0,mh-h4-k256-v128-usegate0-s123-d123,,,4,4,false,true,4,4,4,2,true,checkpoints/flash-vqg-20260526-gdn-flash-fairness-phase1-2026-05-26-11-35-02/mh-h4-k256-v128-s123-d123-b64-ga4-fp32-noearly4ep/train_config.json,/home/lyj/mnt/project/zoology/checkpoints/flash-vqg-20260526-gdn-flash-fairness-phase1-2026-05-26-11-35-02/mh-h4-k256-v128-s123-d123-b64-ga4-fp32-noearly4ep/train_config.json,9db8a6d49b03dc883344e63c51f2b11ccc4ce697e7d0648c541b66c7d1c2d638,sha256:f67a25f342df1705a20dace8e4d24761c496aa4132d3f20a85ae84a3d6fa377a,last.pt_epoch4_final,checkpoints/flash-vqg-20260526-gdn-flash-fairness-phase1-2026-05-26-11-35-02/mh-h4-k256-v128-s123-d123-b64-ga4-fp32-noearly4ep/last.pt,/home/lyj/mnt/project/zoology/checkpoints/flash-vqg-20260526-gdn-flash-fairness-phase1-2026-05-26-11-35-02/mh-h4-k256-v128-s123-d123-b64-ga4-fp32-noearly4ep/last.pt,true,f67a25f342df1705a20dace8e4d24761c496aa4132d3f20a85ae84a3d6fa377a,10090431,2026-05-26T12:19:46.076542+00:00,3,,0.1849704831838607,0.99428125,0.9551015625,1471500,131072,131072,mqar-vocab8192-pass1-seed123-rnq1-power0.01-8190x512-n8,multiquery_ar,8192,8190,512,1,8,8,true,123,true,0.01,,,completed,8190x512,8190,512,8,8;4;2;1,8,4110.74072265625,,same_gpu_same_dtype_same_runner_only,true,0,0,NVIDIA GeForce RTX 2080 Ti,11264,7.5,GPU-57c29499-bcb3-27f6-4360-e60939528a9b,2.6.0+cu118,11.8,550.120,float32,float32,b64_ga4_fp32_official,NVIDIA_GeForce_RTX_2080_Ti-11264MiB-cc7.5-driver550.120-torch2.6.0+cu118-cuda11.8,5.661079406738281,0.25537109375,5.661079406738281,0.25537109375,53.876171350479126,00:00:53,4110.74072265625,4110.74072265625,7004.0,NVIDIA_GeForce_RTX_2080_Ti-11264MiB-cc7.5-driver550.120-torch2.6.0+cu118-cuda11.8,measured_current_host,0,0,NVIDIA GeForce RTX 2080 Ti,11264,7.5,GPU-57c29499-bcb3-27f6-4360-e60939528a9b,2.6.0+cu118,11.8,550.120,b83328a02358ed088169372940d5876f7633859e,b83328a02358ed088169372940d5876f7633859e,811e1ce5f140e97d93ad6f1adae07b95b4219143,docs/artifacts/gdn-flash-fairness-20260526/phase5-longer-mqar,docs/artifacts/gdn-flash-fairness-20260526/phase1-gdn-final.csv,tmp/20260526-gdn-flash-fairness-phase5-longer-mqar/logs/batch-search-candidate-mh-h4-k256-v128-s123-d123-b64-ga4-fp32-noearly4ep-8190x512-n8-b8-gpu0.log,,,,123,ec5e87372eb79531362f722e999bb8c564260102003ea68ccc89db3341756a7b,"sha256(inputs,labels)",8x8190,8x8190,8,torch.int64/torch.int64,f67a25f342df1705a20dace8e4d24761c496aa4132d3f20a85ae84a3d6fa377a,sha256,passed,true,,,,,2026-05-26T20:18:26.273765+00:00,2026-05-26T20:19:20.149936+00:00,completed,created_at_utc_minus_wall_clock_sec
2,20260526-gdn-flash-fairness-phase5-longer-mqar:batch_search:banked-h2-b4-k256-v64-sharedv-s123-d123-b64-ga4-fp32-noearly4ep:8190x512:n8,20260526-gdn-flash-fairness-phase5-longer-mqar:batch_search:banked-h2-b4-k256-v64-sharedv-s123-d123-b64-ga4-fp32-noearly4ep:8190x512:n8,20260526-gdn-flash-fairness-phase5-longer-mqar,longer_mqar_eval_only,longer_mqar_eval_only_gdn_flash_fairness_phase5_20260526,batch_search,completed,2026-05-26T20:19:32.777618+00:00,gdn,banked-h2-b4-k256-v64-sharedv-s123-d123-b64-ga4-fp32-noearly4ep,banked_k_shared_v_probe,banked-h2-b4-k256-v64-sharedv-usegate0-s123-d123,b64_ga4_fp32_official,b64_ga4_fp32_official,official_gdn_flash_fairness_phase3_b64_ga4_fp32,64,16,4,256,b64_ga4,float32,float32,float32,float32,float32,float32,123,123,gdn-banked-k-h2-b4-k256-v64-sharedv-usegate0,banked-h2-b4-k256-v64-sharedv-usegate0-s123-d123,,,2,,false,true,4,4,4,2,true,checkpoints/flash-vqg-20260526-gdn-flash-fairness-phase3-2026-05-26-18-58-19/banked-h2-b4-k256-v64-sharedv-s123-d123-b64-ga4-fp32-noearly4ep/train_config.json,/home/lyj/mnt/project/zoology/checkpoints/flash-vqg-20260526-gdn-flash-fairness-phase3-2026-05-26-18-58-19/banked-h2-b4-k256-v64-sharedv-s123-d123-b64-ga4-fp32-noearly4ep/train_config.json,d37b51b4a238c30849486ec8f7622855f08d0f2491ad22965aad28c6785896d8,sha256:836e9894296c71d09e9076e315f1b37f48e355f6592436df9241838c213ab2a7,last.pt_epoch4_final,checkpoints/flash-vqg-20260526-gdn-flash-fairness-phase3-2026-05-26-18-58-19/banked-h2-b4-k256-v64-sharedv-s123-d123-b64-ga4-fp32-noearly4ep/last.pt,/home/lyj/mnt/project/zoology/checkpoints/flash-vqg-20260526-gdn-flash-fairness-phase3-2026-05-26-18-58-19/banked-h2-b4-k256-v64-sharedv-s123-d123-b64-ga4-fp32-noearly4ep/last.pt,true,836e9894296c71d09e9076e315f1b37f48e355f6592436df9241838c213ab2a7,10780668,2026-05-26T19:20:18.396279+00:00,3,,0.0792120099067688,0.9973046875,0.9799609375,1643992.0,131072,131072,mqar-vocab8192-pass1-seed123-rnq1-power0.01-8190x512-n8,multiquery_ar,8192,8190,512,1,8,8,true,123,true,0.01,,,completed,8190x512,8190,512,8,8;4;2;1,8,4153.3642578125,,same_gpu_same_dtype_same_runner_only,true,1,1,NVIDIA GeForce RTX 2080 Ti,11264,7.5,GPU-0def3eeb-c2d0-4f49-ec2a-ebc1d8453b98,2.6.0+cu118,11.8,550.120,float32,float32,b64_ga4_fp32_official,NVIDIA_GeForce_RTX_2080_Ti-11264MiB-cc7.5-driver550.120-torch2.6.0+cu118-cuda11.8,5.226142406463623,0.32470703125,5.226142406463623,0.32470703125,51.237555265426636,00:00:51,4153.3642578125,4153.3642578125,8410.0,NVIDIA_GeForce_RTX_2080_Ti-11264MiB-cc7.5-driver550.120-torch2.6.0+cu118-cuda11.8,measured_current_host,1,1,NVIDIA GeForce RTX 2080 Ti,11264,7.5,GPU-0def3eeb-c2d0-4f49-ec2a-ebc1d8453b98,2.6.0+cu118,11.8,550.120,b83328a02358ed088169372940d5876f7633859e,b83328a02358ed088169372940d5876f7633859e,811e1ce5f140e97d93ad6f1adae07b95b4219143,docs/artifacts/gdn-flash-fairness-20260526/phase5-longer-mqar,docs/artifacts/gdn-flash-fairness-20260526/phase3-banked-k-final.csv,tmp/20260526-gdn-flash-fairness-phase5-longer-mqar/logs/batch-search-candidate-banked-h2-b4-k256-v64-sharedv-s123-d123-b64-ga4-fp32-noearly4ep-8190x512-n8-b8-gpu1.log,,,,123,ec5e87372eb79531362f722e999bb8c564260102003ea68ccc89db3341756a7b,"sha256(inputs,labels)",8x8190,8x8190,8,torch.int64/torch.int64,836e9894296c71d09e9076e315f1b37f48e355f6592436df9241838c213ab2a7,sha256,passed,true,,,,,2026-05-26T20:18:41.540063+00:00,2026-05-26T20:19:32.777618+00:00,completed,created_at_utc_minus_wall_clock_sec
2,20260526-gdn-flash-fairness-phase5-longer-mqar:batch_search:mh-h4-k256-v128-s123-d123-b64-ga4-fp32-noearly4ep:8190x2047:n8,20260526-gdn-flash-fairness-phase5-longer-mqar:batch_search:mh-h4-k256-v128-s123-d123-b64-ga4-fp32-noearly4ep:8190x2047:n8,20260526-gdn-flash-fairness-phase5-longer-mqar,longer_mqar_eval_only,longer_mqar_eval_only_gdn_flash_fairness_phase5_20260526,batch_search,completed,2026-05-26T20:20:01.699172+00:00,gdn,mh-h4-k256-v128-s123-d123-b64-ga4-fp32-noearly4ep,multi_head_capacity_probe_h4,mh-h4-k256-v128-usegate0-s123-d123,b64_ga4_fp32_official,b64_ga4_fp32_official,official_gdn_flash_fairness_phase1_b64_ga4_fp32,64,16,4,256,b64_ga4,float32,float32,float32,float32,float32,float32,123,123,gdnxk-h4-ek8-ev4-usegate0,mh-h4-k256-v128-usegate0-s123-d123,,,4,4,false,true,4,4,4,2,true,checkpoints/flash-vqg-20260526-gdn-flash-fairness-phase1-2026-05-26-11-35-02/mh-h4-k256-v128-s123-d123-b64-ga4-fp32-noearly4ep/train_config.json,/home/lyj/mnt/project/zoology/checkpoints/flash-vqg-20260526-gdn-flash-fairness-phase1-2026-05-26-11-35-02/mh-h4-k256-v128-s123-d123-b64-ga4-fp32-noearly4ep/train_config.json,9db8a6d49b03dc883344e63c51f2b11ccc4ce697e7d0648c541b66c7d1c2d638,sha256:f67a25f342df1705a20dace8e4d24761c496aa4132d3f20a85ae84a3d6fa377a,last.pt_epoch4_final,checkpoints/flash-vqg-20260526-gdn-flash-fairness-phase1-2026-05-26-11-35-02/mh-h4-k256-v128-s123-d123-b64-ga4-fp32-noearly4ep/last.pt,/home/lyj/mnt/project/zoology/checkpoints/flash-vqg-20260526-gdn-flash-fairness-phase1-2026-05-26-11-35-02/mh-h4-k256-v128-s123-d123-b64-ga4-fp32-noearly4ep/last.pt,true,f67a25f342df1705a20dace8e4d24761c496aa4132d3f20a85ae84a3d6fa377a,10090431,2026-05-26T12:19:46.076542+00:00,3,,0.1849704831838607,0.99428125,0.9551015625,1471500,131072,131072,mqar-vocab8192-pass1-seed123-rnq1-power0.01-8190x2047-n8,multiquery_ar,8192,8190,2047,1,8,8,true,123,true,0.01,,,completed,8190x2047,8190,2047,8,8;4;2;1,8,4110.74072265625,,same_gpu_same_dtype_same_runner_only,true,0,0,NVIDIA GeForce RTX 2080 Ti,11264,7.5,GPU-57c29499-bcb3-27f6-4360-e60939528a9b,2.6.0+cu118,11.8,550.120,float32,float32,b64_ga4_fp32_official,NVIDIA_GeForce_RTX_2080_Ti-11264MiB-cc7.5-driver550.120-torch2.6.0+cu118-cuda11.8,9.084038734436035,0.0021983390327308255,9.084038734436035,0.0021983390327308255,40.665995597839355,00:00:40,4110.74072265625,4110.74072265625,7004.0,NVIDIA_GeForce_RTX_2080_Ti-11264MiB-cc7.5-driver550.120-torch2.6.0+cu118-cuda11.8,measured_current_host,0,0,NVIDIA GeForce RTX 2080 Ti,11264,7.5,GPU-57c29499-bcb3-27f6-4360-e60939528a9b,2.6.0+cu118,11.8,550.120,b83328a02358ed088169372940d5876f7633859e,b83328a02358ed088169372940d5876f7633859e,811e1ce5f140e97d93ad6f1adae07b95b4219143,docs/artifacts/gdn-flash-fairness-20260526/phase5-longer-mqar,docs/artifacts/gdn-flash-fairness-20260526/phase1-gdn-final.csv,tmp/20260526-gdn-flash-fairness-phase5-longer-mqar/logs/batch-search-candidate-mh-h4-k256-v128-s123-d123-b64-ga4-fp32-noearly4ep-8190x2047-n8-b8-gpu0.log,,,,123,663eacf2a7ca61fe02e95a8d35f047f2b3c8966f1fa28b952493e824adc09e88,"sha256(inputs,labels)",8x8190,8x8190,8,torch.int64/torch.int64,f67a25f342df1705a20dace8e4d24761c496aa4132d3f20a85ae84a3d6fa377a,sha256,passed,true,,,,,2026-05-26T20:19:21.033176+00:00,2026-05-26T20:20:01.699172+00:00,completed,created_at_utc_minus_wall_clock_sec
2,20260526-gdn-flash-fairness-phase5-longer-mqar:batch_search:banked-h2-b4-k256-v64-sharedv-s123-d123-b64-ga4-fp32-noearly4ep:8190x2047:n8,20260526-gdn-flash-fairness-phase5-longer-mqar:batch_search:banked-h2-b4-k256-v64-sharedv-s123-d123-b64-ga4-fp32-noearly4ep:8190x2047:n8,20260526-gdn-flash-fairness-phase5-longer-mqar,longer_mqar_eval_only,longer_mqar_eval_only_gdn_flash_fairness_phase5_20260526,batch_search,completed,2026-05-26T20:20:11.636614+00:00,gdn,banked-h2-b4-k256-v64-sharedv-s123-d123-b64-ga4-fp32-noearly4ep,banked_k_shared_v_probe,banked-h2-b4-k256-v64-sharedv-usegate0-s123-d123,b64_ga4_fp32_official,b64_ga4_fp32_official,official_gdn_flash_fairness_phase3_b64_ga4_fp32,64,16,4,256,b64_ga4,float32,float32,float32,float32,float32,float32,123,123,gdn-banked-k-h2-b4-k256-v64-sharedv-usegate0,banked-h2-b4-k256-v64-sharedv-usegate0-s123-d123,,,2,,false,true,4,4,4,2,true,checkpoints/flash-vqg-20260526-gdn-flash-fairness-phase3-2026-05-26-18-58-19/banked-h2-b4-k256-v64-sharedv-s123-d123-b64-ga4-fp32-noearly4ep/train_config.json,/home/lyj/mnt/project/zoology/checkpoints/flash-vqg-20260526-gdn-flash-fairness-phase3-2026-05-26-18-58-19/banked-h2-b4-k256-v64-sharedv-s123-d123-b64-ga4-fp32-noearly4ep/train_config.json,d37b51b4a238c30849486ec8f7622855f08d0f2491ad22965aad28c6785896d8,sha256:836e9894296c71d09e9076e315f1b37f48e355f6592436df9241838c213ab2a7,last.pt_epoch4_final,checkpoints/flash-vqg-20260526-gdn-flash-fairness-phase3-2026-05-26-18-58-19/banked-h2-b4-k256-v64-sharedv-s123-d123-b64-ga4-fp32-noearly4ep/last.pt,/home/lyj/mnt/project/zoology/checkpoints/flash-vqg-20260526-gdn-flash-fairness-phase3-2026-05-26-18-58-19/banked-h2-b4-k256-v64-sharedv-s123-d123-b64-ga4-fp32-noearly4ep/last.pt,true,836e9894296c71d09e9076e315f1b37f48e355f6592436df9241838c213ab2a7,10780668,2026-05-26T19:20:18.396279+00:00,3,,0.0792120099067688,0.9973046875,0.9799609375,1643992.0,131072,131072,mqar-vocab8192-pass1-seed123-rnq1-power0.01-8190x2047-n8,multiquery_ar,8192,8190,2047,1,8,8,true,123,true,0.01,,,completed,8190x2047,8190,2047,8,8;4;2;1,8,4153.3642578125,,same_gpu_same_dtype_same_runner_only,true,1,1,NVIDIA GeForce RTX 2080 Ti,11264,7.5,GPU-0def3eeb-c2d0-4f49-ec2a-ebc1d8453b98,2.6.0+cu118,11.8,550.120,float32,float32,b64_ga4_fp32_official,NVIDIA_GeForce_RTX_2080_Ti-11264MiB-cc7.5-driver550.120-torch2.6.0+cu118-cuda11.8,9.868090629577637,0.001709819247679531,9.868090629577637,0.001709819247679531,38.02280402183533,00:00:38,4153.3642578125,4153.3642578125,8410.0,NVIDIA_GeForce_RTX_2080_Ti-11264MiB-cc7.5-driver550.120-torch2.6.0+cu118-cuda11.8,measured_current_host,1,1,NVIDIA GeForce RTX 2080 Ti,11264,7.5,GPU-0def3eeb-c2d0-4f49-ec2a-ebc1d8453b98,2.6.0+cu118,11.8,550.120,b83328a02358ed088169372940d5876f7633859e,b83328a02358ed088169372940d5876f7633859e,811e1ce5f140e97d93ad6f1adae07b95b4219143,docs/artifacts/gdn-flash-fairness-20260526/phase5-longer-mqar,docs/artifacts/gdn-flash-fairness-20260526/phase3-banked-k-final.csv,tmp/20260526-gdn-flash-fairness-phase5-longer-mqar/logs/batch-search-candidate-banked-h2-b4-k256-v64-sharedv-s123-d123-b64-ga4-fp32-noearly4ep-8190x2047-n8-b8-gpu1.log,,,,123,663eacf2a7ca61fe02e95a8d35f047f2b3c8966f1fa28b952493e824adc09e88,"sha256(inputs,labels)",8x8190,8x8190,8,torch.int64/torch.int64,836e9894296c71d09e9076e315f1b37f48e355f6592436df9241838c213ab2a7,sha256,passed,true,,,,,2026-05-26T20:19:33.613810+00:00,2026-05-26T20:20:11.636614+00:00,completed,created_at_utc_minus_wall_clock_sec
2,20260526-gdn-flash-fairness-phase5-longer-mqar:formal:mh-h4-k256-v128-s123-d123-b64-ga4-fp32-noearly4ep:1024x256:n500,20260526-gdn-flash-fairness-phase5-longer-mqar:formal:mh-h4-k256-v128-s123-d123-b64-ga4-fp32-noearly4ep:1024x256:n500,20260526-gdn-flash-fairness-phase5-longer-mqar,longer_mqar_eval_only,longer_mqar_eval_only_gdn_flash_fairness_phase5_20260526,formal,completed,2026-05-26T20:20:36.294521+00:00,gdn,mh-h4-k256-v128-s123-d123-b64-ga4-fp32-noearly4ep,multi_head_capacity_probe_h4,mh-h4-k256-v128-usegate0-s123-d123,b64_ga4_fp32_official,b64_ga4_fp32_official,official_gdn_flash_fairness_phase1_b64_ga4_fp32,64,16,4,256,b64_ga4,float32,float32,float32,float32,float32,float32,123,123,gdnxk-h4-ek8-ev4-usegate0,mh-h4-k256-v128-usegate0-s123-d123,,,4,4,false,true,4,4,4,2,true,checkpoints/flash-vqg-20260526-gdn-flash-fairness-phase1-2026-05-26-11-35-02/mh-h4-k256-v128-s123-d123-b64-ga4-fp32-noearly4ep/train_config.json,/home/lyj/mnt/project/zoology/checkpoints/flash-vqg-20260526-gdn-flash-fairness-phase1-2026-05-26-11-35-02/mh-h4-k256-v128-s123-d123-b64-ga4-fp32-noearly4ep/train_config.json,9db8a6d49b03dc883344e63c51f2b11ccc4ce697e7d0648c541b66c7d1c2d638,sha256:f67a25f342df1705a20dace8e4d24761c496aa4132d3f20a85ae84a3d6fa377a,last.pt_epoch4_final,checkpoints/flash-vqg-20260526-gdn-flash-fairness-phase1-2026-05-26-11-35-02/mh-h4-k256-v128-s123-d123-b64-ga4-fp32-noearly4ep/last.pt,/home/lyj/mnt/project/zoology/checkpoints/flash-vqg-20260526-gdn-flash-fairness-phase1-2026-05-26-11-35-02/mh-h4-k256-v128-s123-d123-b64-ga4-fp32-noearly4ep/last.pt,true,f67a25f342df1705a20dace8e4d24761c496aa4132d3f20a85ae84a3d6fa377a,10090431,2026-05-26T12:19:46.076542+00:00,3,,0.1849704831838607,0.99428125,0.9551015625,1471500,131072,131072,mqar-vocab8192-pass1-seed123-rnq1-power0.01-1024x256-n500,multiquery_ar,8192,1024,256,1,500,8,true,123,true,0.01,,,completed,1024x256,1024,256,8,8;4;2;1,8,586.49755859375,,same_gpu_same_dtype_same_runner_only,true,0,0,NVIDIA GeForce RTX 2080 Ti,11264,7.5,GPU-57c29499-bcb3-27f6-4360-e60939528a9b,2.6.0+cu118,11.8,550.120,float32,float32,b64_ga4_fp32_official,NVIDIA_GeForce_RTX_2080_Ti-11264MiB-cc7.5-driver550.120-torch2.6.0+cu118-cuda11.8,1.2920866012573242,0.9569453125,1.2920866012573242,0.9569453125,33.724363565444946,00:00:33,586.49755859375,586.49755859375,620.0,NVIDIA_GeForce_RTX_2080_Ti-11264MiB-cc7.5-driver550.120-torch2.6.0+cu118-cuda11.8,measured_current_host,0,0,NVIDIA GeForce RTX 2080 Ti,11264,7.5,GPU-57c29499-bcb3-27f6-4360-e60939528a9b,2.6.0+cu118,11.8,550.120,b83328a02358ed088169372940d5876f7633859e,b83328a02358ed088169372940d5876f7633859e,811e1ce5f140e97d93ad6f1adae07b95b4219143,docs/artifacts/gdn-flash-fairness-20260526/phase5-longer-mqar,docs/artifacts/gdn-flash-fairness-20260526/phase1-gdn-final.csv,tmp/20260526-gdn-flash-fairness-phase5-longer-mqar/logs/formal-mh-h4-k256-v128-s123-d123-b64-ga4-fp32-noearly4ep-1024x256-n500-b8-gpu0.log,,,,123,f30f1e09e1300deb2e0f430d7c50c47a77f58f43657aa4d6f425f938a91a9acb,"sha256(inputs,labels)",500x1024,500x1024,500,torch.int64/torch.int64,f67a25f342df1705a20dace8e4d24761c496aa4132d3f20a85ae84a3d6fa377a,sha256,passed,true,,,,,2026-05-26T20:20:02.570157+00:00,2026-05-26T20:20:36.294521+00:00,completed,created_at_utc_minus_wall_clock_sec
2,20260526-gdn-flash-fairness-phase5-longer-mqar:formal:banked-h2-b4-k256-v64-sharedv-s123-d123-b64-ga4-fp32-noearly4ep:1024x256:n500,20260526-gdn-flash-fairness-phase5-longer-mqar:formal:banked-h2-b4-k256-v64-sharedv-s123-d123-b64-ga4-fp32-noearly4ep:1024x256:n500,20260526-gdn-flash-fairness-phase5-longer-mqar,longer_mqar_eval_only,longer_mqar_eval_only_gdn_flash_fairness_phase5_20260526,formal,completed,2026-05-26T20:20:45.679281+00:00,gdn,banked-h2-b4-k256-v64-sharedv-s123-d123-b64-ga4-fp32-noearly4ep,banked_k_shared_v_probe,banked-h2-b4-k256-v64-sharedv-usegate0-s123-d123,b64_ga4_fp32_official,b64_ga4_fp32_official,official_gdn_flash_fairness_phase3_b64_ga4_fp32,64,16,4,256,b64_ga4,float32,float32,float32,float32,float32,float32,123,123,gdn-banked-k-h2-b4-k256-v64-sharedv-usegate0,banked-h2-b4-k256-v64-sharedv-usegate0-s123-d123,,,2,,false,true,4,4,4,2,true,checkpoints/flash-vqg-20260526-gdn-flash-fairness-phase3-2026-05-26-18-58-19/banked-h2-b4-k256-v64-sharedv-s123-d123-b64-ga4-fp32-noearly4ep/train_config.json,/home/lyj/mnt/project/zoology/checkpoints/flash-vqg-20260526-gdn-flash-fairness-phase3-2026-05-26-18-58-19/banked-h2-b4-k256-v64-sharedv-s123-d123-b64-ga4-fp32-noearly4ep/train_config.json,d37b51b4a238c30849486ec8f7622855f08d0f2491ad22965aad28c6785896d8,sha256:836e9894296c71d09e9076e315f1b37f48e355f6592436df9241838c213ab2a7,last.pt_epoch4_final,checkpoints/flash-vqg-20260526-gdn-flash-fairness-phase3-2026-05-26-18-58-19/banked-h2-b4-k256-v64-sharedv-s123-d123-b64-ga4-fp32-noearly4ep/last.pt,/home/lyj/mnt/project/zoology/checkpoints/flash-vqg-20260526-gdn-flash-fairness-phase3-2026-05-26-18-58-19/banked-h2-b4-k256-v64-sharedv-s123-d123-b64-ga4-fp32-noearly4ep/last.pt,true,836e9894296c71d09e9076e315f1b37f48e355f6592436df9241838c213ab2a7,10780668,2026-05-26T19:20:18.396279+00:00,3,,0.0792120099067688,0.9973046875,0.9799609375,1643992.0,131072,131072,mqar-vocab8192-pass1-seed123-rnq1-power0.01-1024x256-n500,multiquery_ar,8192,1024,256,1,500,8,true,123,true,0.01,,,completed,1024x256,1024,256,8,8;4;2;1,8,755.78076171875,,same_gpu_same_dtype_same_runner_only,true,1,1,NVIDIA GeForce RTX 2080 Ti,11264,7.5,GPU-0def3eeb-c2d0-4f49-ec2a-ebc1d8453b98,2.6.0+cu118,11.8,550.120,float32,float32,b64_ga4_fp32_official,NVIDIA_GeForce_RTX_2080_Ti-11264MiB-cc7.5-driver550.120-torch2.6.0+cu118-cuda11.8,0.5330548286437988,0.9800546875,0.5330548286437988,0.9800546875,33.18450379371643,00:00:33,755.78076171875,755.78076171875,940.0,NVIDIA_GeForce_RTX_2080_Ti-11264MiB-cc7.5-driver550.120-torch2.6.0+cu118-cuda11.8,measured_current_host,1,1,NVIDIA GeForce RTX 2080 Ti,11264,7.5,GPU-0def3eeb-c2d0-4f49-ec2a-ebc1d8453b98,2.6.0+cu118,11.8,550.120,b83328a02358ed088169372940d5876f7633859e,b83328a02358ed088169372940d5876f7633859e,811e1ce5f140e97d93ad6f1adae07b95b4219143,docs/artifacts/gdn-flash-fairness-20260526/phase5-longer-mqar,docs/artifacts/gdn-flash-fairness-20260526/phase3-banked-k-final.csv,tmp/20260526-gdn-flash-fairness-phase5-longer-mqar/logs/formal-banked-h2-b4-k256-v64-sharedv-s123-d123-b64-ga4-fp32-noearly4ep-1024x256-n500-b8-gpu1.log,,,,123,f30f1e09e1300deb2e0f430d7c50c47a77f58f43657aa4d6f425f938a91a9acb,"sha256(inputs,labels)",500x1024,500x1024,500,torch.int64/torch.int64,836e9894296c71d09e9076e315f1b37f48e355f6592436df9241838c213ab2a7,sha256,passed,true,,,,,2026-05-26T20:20:12.494777+00:00,2026-05-26T20:20:45.679281+00:00,completed,created_at_utc_minus_wall_clock_sec
2,20260526-gdn-flash-fairness-phase5-longer-mqar:formal:mh-h4-k256-v128-s123-d123-b64-ga4-fp32-noearly4ep:2048x512:n500,20260526-gdn-flash-fairness-phase5-longer-mqar:formal:mh-h4-k256-v128-s123-d123-b64-ga4-fp32-noearly4ep:2048x512:n500,20260526-gdn-flash-fairness-phase5-longer-mqar,longer_mqar_eval_only,longer_mqar_eval_only_gdn_flash_fairness_phase5_20260526,formal,completed,2026-05-26T20:21:16.091793+00:00,gdn,mh-h4-k256-v128-s123-d123-b64-ga4-fp32-noearly4ep,multi_head_capacity_probe_h4,mh-h4-k256-v128-usegate0-s123-d123,b64_ga4_fp32_official,b64_ga4_fp32_official,official_gdn_flash_fairness_phase1_b64_ga4_fp32,64,16,4,256,b64_ga4,float32,float32,float32,float32,float32,float32,123,123,gdnxk-h4-ek8-ev4-usegate0,mh-h4-k256-v128-usegate0-s123-d123,,,4,4,false,true,4,4,4,2,true,checkpoints/flash-vqg-20260526-gdn-flash-fairness-phase1-2026-05-26-11-35-02/mh-h4-k256-v128-s123-d123-b64-ga4-fp32-noearly4ep/train_config.json,/home/lyj/mnt/project/zoology/checkpoints/flash-vqg-20260526-gdn-flash-fairness-phase1-2026-05-26-11-35-02/mh-h4-k256-v128-s123-d123-b64-ga4-fp32-noearly4ep/train_config.json,9db8a6d49b03dc883344e63c51f2b11ccc4ce697e7d0648c541b66c7d1c2d638,sha256:f67a25f342df1705a20dace8e4d24761c496aa4132d3f20a85ae84a3d6fa377a,last.pt_epoch4_final,checkpoints/flash-vqg-20260526-gdn-flash-fairness-phase1-2026-05-26-11-35-02/mh-h4-k256-v128-s123-d123-b64-ga4-fp32-noearly4ep/last.pt,/home/lyj/mnt/project/zoology/checkpoints/flash-vqg-20260526-gdn-flash-fairness-phase1-2026-05-26-11-35-02/mh-h4-k256-v128-s123-d123-b64-ga4-fp32-noearly4ep/last.pt,true,f67a25f342df1705a20dace8e4d24761c496aa4132d3f20a85ae84a3d6fa377a,10090431,2026-05-26T12:19:46.076542+00:00,3,,0.1849704831838607,0.99428125,0.9551015625,1471500,131072,131072,mqar-vocab8192-pass1-seed123-rnq1-power0.01-2048x512-n500,multiquery_ar,8192,2048,512,1,500,8,true,123,true,0.01,,,completed,2048x512,2048,512,8,8;4;2;1,8,1037.99072265625,,same_gpu_same_dtype_same_runner_only,true,0,0,NVIDIA GeForce RTX 2080 Ti,11264,7.5,GPU-57c29499-bcb3-27f6-4360-e60939528a9b,2.6.0+cu118,11.8,550.120,float32,float32,b64_ga4_fp32_official,NVIDIA_GeForce_RTX_2080_Ti-11264MiB-cc7.5-driver550.120-torch2.6.0+cu118-cuda11.8,4.373169898986816,0.4105,4.373169898986816,0.4105,38.94450116157532,00:00:38,1038.11669921875,1038.11669921875,2004.0,NVIDIA_GeForce_RTX_2080_Ti-11264MiB-cc7.5-driver550.120-torch2.6.0+cu118-cuda11.8,measured_current_host,0,0,NVIDIA GeForce RTX 2080 Ti,11264,7.5,GPU-57c29499-bcb3-27f6-4360-e60939528a9b,2.6.0+cu118,11.8,550.120,b83328a02358ed088169372940d5876f7633859e,b83328a02358ed088169372940d5876f7633859e,811e1ce5f140e97d93ad6f1adae07b95b4219143,docs/artifacts/gdn-flash-fairness-20260526/phase5-longer-mqar,docs/artifacts/gdn-flash-fairness-20260526/phase1-gdn-final.csv,tmp/20260526-gdn-flash-fairness-phase5-longer-mqar/logs/formal-mh-h4-k256-v128-s123-d123-b64-ga4-fp32-noearly4ep-2048x512-n500-b8-gpu0.log,,,,123,e446efc9f4dc774377c56c403a468c747870beb18ff0320f15df794dcb69f015,"sha256(inputs,labels)",500x2048,500x2048,500,torch.int64/torch.int64,f67a25f342df1705a20dace8e4d24761c496aa4132d3f20a85ae84a3d6fa377a,sha256,passed,true,,,,,2026-05-26T20:20:37.147292+00:00,2026-05-26T20:21:16.091793+00:00,completed,created_at_utc_minus_wall_clock_sec
2,20260526-gdn-flash-fairness-phase5-longer-mqar:formal:banked-h2-b4-k256-v64-sharedv-s123-d123-b64-ga4-fp32-noearly4ep:2048x512:n500,20260526-gdn-flash-fairness-phase5-longer-mqar:formal:banked-h2-b4-k256-v64-sharedv-s123-d123-b64-ga4-fp32-noearly4ep:2048x512:n500,20260526-gdn-flash-fairness-phase5-longer-mqar,longer_mqar_eval_only,longer_mqar_eval_only_gdn_flash_fairness_phase5_20260526,formal,completed,2026-05-26T20:21:22.896290+00:00,gdn,banked-h2-b4-k256-v64-sharedv-s123-d123-b64-ga4-fp32-noearly4ep,banked_k_shared_v_probe,banked-h2-b4-k256-v64-sharedv-usegate0-s123-d123,b64_ga4_fp32_official,b64_ga4_fp32_official,official_gdn_flash_fairness_phase3_b64_ga4_fp32,64,16,4,256,b64_ga4,float32,float32,float32,float32,float32,float32,123,123,gdn-banked-k-h2-b4-k256-v64-sharedv-usegate0,banked-h2-b4-k256-v64-sharedv-usegate0-s123-d123,,,2,,false,true,4,4,4,2,true,checkpoints/flash-vqg-20260526-gdn-flash-fairness-phase3-2026-05-26-18-58-19/banked-h2-b4-k256-v64-sharedv-s123-d123-b64-ga4-fp32-noearly4ep/train_config.json,/home/lyj/mnt/project/zoology/checkpoints/flash-vqg-20260526-gdn-flash-fairness-phase3-2026-05-26-18-58-19/banked-h2-b4-k256-v64-sharedv-s123-d123-b64-ga4-fp32-noearly4ep/train_config.json,d37b51b4a238c30849486ec8f7622855f08d0f2491ad22965aad28c6785896d8,sha256:836e9894296c71d09e9076e315f1b37f48e355f6592436df9241838c213ab2a7,last.pt_epoch4_final,checkpoints/flash-vqg-20260526-gdn-flash-fairness-phase3-2026-05-26-18-58-19/banked-h2-b4-k256-v64-sharedv-s123-d123-b64-ga4-fp32-noearly4ep/last.pt,/home/lyj/mnt/project/zoology/checkpoints/flash-vqg-20260526-gdn-flash-fairness-phase3-2026-05-26-18-58-19/banked-h2-b4-k256-v64-sharedv-s123-d123-b64-ga4-fp32-noearly4ep/last.pt,true,836e9894296c71d09e9076e315f1b37f48e355f6592436df9241838c213ab2a7,10780668,2026-05-26T19:20:18.396279+00:00,3,,0.0792120099067688,0.9973046875,0.9799609375,1643992.0,131072,131072,mqar-vocab8192-pass1-seed123-rnq1-power0.01-2048x512-n500,multiquery_ar,8192,2048,512,1,500,8,true,123,true,0.01,,,completed,2048x512,2048,512,8,8;4;2;1,8,1241.14794921875,,same_gpu_same_dtype_same_runner_only,true,1,1,NVIDIA GeForce RTX 2080 Ti,11264,7.5,GPU-0def3eeb-c2d0-4f49-ec2a-ebc1d8453b98,2.6.0+cu118,11.8,550.120,float32,float32,b64_ga4_fp32_official,NVIDIA_GeForce_RTX_2080_Ti-11264MiB-cc7.5-driver550.120-torch2.6.0+cu118-cuda11.8,3.0619966983795166,0.53251171875,3.0619966983795166,0.53251171875,36.28196048736572,00:00:36,1241.14794921875,1241.14794921875,2390.0,NVIDIA_GeForce_RTX_2080_Ti-11264MiB-cc7.5-driver550.120-torch2.6.0+cu118-cuda11.8,measured_current_host,1,1,NVIDIA GeForce RTX 2080 Ti,11264,7.5,GPU-0def3eeb-c2d0-4f49-ec2a-ebc1d8453b98,2.6.0+cu118,11.8,550.120,b83328a02358ed088169372940d5876f7633859e,b83328a02358ed088169372940d5876f7633859e,811e1ce5f140e97d93ad6f1adae07b95b4219143,docs/artifacts/gdn-flash-fairness-20260526/phase5-longer-mqar,docs/artifacts/gdn-flash-fairness-20260526/phase3-banked-k-final.csv,tmp/20260526-gdn-flash-fairness-phase5-longer-mqar/logs/formal-banked-h2-b4-k256-v64-sharedv-s123-d123-b64-ga4-fp32-noearly4ep-2048x512-n500-b8-gpu1.log,,,,123,e446efc9f4dc774377c56c403a468c747870beb18ff0320f15df794dcb69f015,"sha256(inputs,labels)",500x2048,500x2048,500,torch.int64/torch.int64,836e9894296c71d09e9076e315f1b37f48e355f6592436df9241838c213ab2a7,sha256,passed,true,,,,,2026-05-26T20:20:46.614330+00:00,2026-05-26T20:21:22.896290+00:00,completed,created_at_utc_minus_wall_clock_sec
2,20260526-gdn-flash-fairness-phase5-longer-mqar:formal:banked-h2-b4-k256-v64-sharedv-s123-d123-b64-ga4-fp32-noearly4ep:4096x1024:n500,20260526-gdn-flash-fairness-phase5-longer-mqar:formal:banked-h2-b4-k256-v64-sharedv-s123-d123-b64-ga4-fp32-noearly4ep:4096x1024:n500,20260526-gdn-flash-fairness-phase5-longer-mqar,longer_mqar_eval_only,longer_mqar_eval_only_gdn_flash_fairness_phase5_20260526,formal,completed,2026-05-26T20:22:07.658696+00:00,gdn,banked-h2-b4-k256-v64-sharedv-s123-d123-b64-ga4-fp32-noearly4ep,banked_k_shared_v_probe,banked-h2-b4-k256-v64-sharedv-usegate0-s123-d123,b64_ga4_fp32_official,b64_ga4_fp32_official,official_gdn_flash_fairness_phase3_b64_ga4_fp32,64,16,4,256,b64_ga4,float32,float32,float32,float32,float32,float32,123,123,gdn-banked-k-h2-b4-k256-v64-sharedv-usegate0,banked-h2-b4-k256-v64-sharedv-usegate0-s123-d123,,,2,,false,true,4,4,4,2,true,checkpoints/flash-vqg-20260526-gdn-flash-fairness-phase3-2026-05-26-18-58-19/banked-h2-b4-k256-v64-sharedv-s123-d123-b64-ga4-fp32-noearly4ep/train_config.json,/home/lyj/mnt/project/zoology/checkpoints/flash-vqg-20260526-gdn-flash-fairness-phase3-2026-05-26-18-58-19/banked-h2-b4-k256-v64-sharedv-s123-d123-b64-ga4-fp32-noearly4ep/train_config.json,d37b51b4a238c30849486ec8f7622855f08d0f2491ad22965aad28c6785896d8,sha256:836e9894296c71d09e9076e315f1b37f48e355f6592436df9241838c213ab2a7,last.pt_epoch4_final,checkpoints/flash-vqg-20260526-gdn-flash-fairness-phase3-2026-05-26-18-58-19/banked-h2-b4-k256-v64-sharedv-s123-d123-b64-ga4-fp32-noearly4ep/last.pt,/home/lyj/mnt/project/zoology/checkpoints/flash-vqg-20260526-gdn-flash-fairness-phase3-2026-05-26-18-58-19/banked-h2-b4-k256-v64-sharedv-s123-d123-b64-ga4-fp32-noearly4ep/last.pt,true,836e9894296c71d09e9076e315f1b37f48e355f6592436df9241838c213ab2a7,10780668,2026-05-26T19:20:18.396279+00:00,3,,0.0792120099067688,0.9973046875,0.9799609375,1643992.0,131072,131072,mqar-vocab8192-pass1-seed123-rnq1-power0.01-4096x1024-n500,multiquery_ar,8192,4096,1024,1,500,8,true,123,true,0.01,,,completed,4096x1024,4096,1024,8,8;4;2;1,8,2211.89794921875,,same_gpu_same_dtype_same_runner_only,true,1,1,NVIDIA GeForce RTX 2080 Ti,11264,7.5,GPU-0def3eeb-c2d0-4f49-ec2a-ebc1d8453b98,2.6.0+cu118,11.8,550.120,float32,float32,b64_ga4_fp32_official,NVIDIA_GeForce_RTX_2080_Ti-11264MiB-cc7.5-driver550.120-torch2.6.0+cu118-cuda11.8,7.203087329864502,0.07312109375,7.203087329864502,0.07312109375,43.91086554527283,00:00:43,2211.89794921875,2211.89794921875,4548.0,NVIDIA_GeForce_RTX_2080_Ti-11264MiB-cc7.5-driver550.120-torch2.6.0+cu118-cuda11.8,measured_current_host,1,1,NVIDIA GeForce RTX 2080 Ti,11264,7.5,GPU-0def3eeb-c2d0-4f49-ec2a-ebc1d8453b98,2.6.0+cu118,11.8,550.120,b83328a02358ed088169372940d5876f7633859e,b83328a02358ed088169372940d5876f7633859e,811e1ce5f140e97d93ad6f1adae07b95b4219143,docs/artifacts/gdn-flash-fairness-20260526/phase5-longer-mqar,docs/artifacts/gdn-flash-fairness-20260526/phase3-banked-k-final.csv,tmp/20260526-gdn-flash-fairness-phase5-longer-mqar/logs/formal-banked-h2-b4-k256-v64-sharedv-s123-d123-b64-ga4-fp32-noearly4ep-4096x1024-n500-b8-gpu1.log,,,,123,0981292ce8ebea1402a4c3a7a6655dfc1de42688c329bd5ea921541a0f1d16ed,"sha256(inputs,labels)",500x4096,500x4096,500,torch.int64/torch.int64,836e9894296c71d09e9076e315f1b37f48e355f6592436df9241838c213ab2a7,sha256,passed,true,,,,,2026-05-26T20:21:23.747830+00:00,2026-05-26T20:22:07.658696+00:00,completed,created_at_utc_minus_wall_clock_sec
2,20260526-gdn-flash-fairness-phase5-longer-mqar:formal:mh-h4-k256-v128-s123-d123-b64-ga4-fp32-noearly4ep:4096x1024:n500,20260526-gdn-flash-fairness-phase5-longer-mqar:formal:mh-h4-k256-v128-s123-d123-b64-ga4-fp32-noearly4ep:4096x1024:n500,20260526-gdn-flash-fairness-phase5-longer-mqar,longer_mqar_eval_only,longer_mqar_eval_only_gdn_flash_fairness_phase5_20260526,formal,completed,2026-05-26T20:22:09.681172+00:00,gdn,mh-h4-k256-v128-s123-d123-b64-ga4-fp32-noearly4ep,multi_head_capacity_probe_h4,mh-h4-k256-v128-usegate0-s123-d123,b64_ga4_fp32_official,b64_ga4_fp32_official,official_gdn_flash_fairness_phase1_b64_ga4_fp32,64,16,4,256,b64_ga4,float32,float32,float32,float32,float32,float32,123,123,gdnxk-h4-ek8-ev4-usegate0,mh-h4-k256-v128-usegate0-s123-d123,,,4,4,false,true,4,4,4,2,true,checkpoints/flash-vqg-20260526-gdn-flash-fairness-phase1-2026-05-26-11-35-02/mh-h4-k256-v128-s123-d123-b64-ga4-fp32-noearly4ep/train_config.json,/home/lyj/mnt/project/zoology/checkpoints/flash-vqg-20260526-gdn-flash-fairness-phase1-2026-05-26-11-35-02/mh-h4-k256-v128-s123-d123-b64-ga4-fp32-noearly4ep/train_config.json,9db8a6d49b03dc883344e63c51f2b11ccc4ce697e7d0648c541b66c7d1c2d638,sha256:f67a25f342df1705a20dace8e4d24761c496aa4132d3f20a85ae84a3d6fa377a,last.pt_epoch4_final,checkpoints/flash-vqg-20260526-gdn-flash-fairness-phase1-2026-05-26-11-35-02/mh-h4-k256-v128-s123-d123-b64-ga4-fp32-noearly4ep/last.pt,/home/lyj/mnt/project/zoology/checkpoints/flash-vqg-20260526-gdn-flash-fairness-phase1-2026-05-26-11-35-02/mh-h4-k256-v128-s123-d123-b64-ga4-fp32-noearly4ep/last.pt,true,f67a25f342df1705a20dace8e4d24761c496aa4132d3f20a85ae84a3d6fa377a,10090431,2026-05-26T12:19:46.076542+00:00,3,,0.1849704831838607,0.99428125,0.9551015625,1471500,131072,131072,mqar-vocab8192-pass1-seed123-rnq1-power0.01-4096x1024-n500,multiquery_ar,8192,4096,1024,1,500,8,true,123,true,0.01,,,completed,4096x1024,4096,1024,8,8;4;2;1,8,2062.24072265625,,same_gpu_same_dtype_same_runner_only,true,0,0,NVIDIA GeForce RTX 2080 Ti,11264,7.5,GPU-57c29499-bcb3-27f6-4360-e60939528a9b,2.6.0+cu118,11.8,550.120,float32,float32,b64_ga4_fp32_official,NVIDIA_GeForce_RTX_2080_Ti-11264MiB-cc7.5-driver550.120-torch2.6.0+cu118-cuda11.8,7.412214756011963,0.053759765625,7.412214756011963,0.053759765625,52.61500906944275,00:00:52,2062.49169921875,2062.49169921875,3712.0,NVIDIA_GeForce_RTX_2080_Ti-11264MiB-cc7.5-driver550.120-torch2.6.0+cu118-cuda11.8,measured_current_host,0,0,NVIDIA GeForce RTX 2080 Ti,11264,7.5,GPU-57c29499-bcb3-27f6-4360-e60939528a9b,2.6.0+cu118,11.8,550.120,b83328a02358ed088169372940d5876f7633859e,b83328a02358ed088169372940d5876f7633859e,811e1ce5f140e97d93ad6f1adae07b95b4219143,docs/artifacts/gdn-flash-fairness-20260526/phase5-longer-mqar,docs/artifacts/gdn-flash-fairness-20260526/phase1-gdn-final.csv,tmp/20260526-gdn-flash-fairness-phase5-longer-mqar/logs/formal-mh-h4-k256-v128-s123-d123-b64-ga4-fp32-noearly4ep-4096x1024-n500-b8-gpu0.log,,,,123,0981292ce8ebea1402a4c3a7a6655dfc1de42688c329bd5ea921541a0f1d16ed,"sha256(inputs,labels)",500x4096,500x4096,500,torch.int64/torch.int64,f67a25f342df1705a20dace8e4d24761c496aa4132d3f20a85ae84a3d6fa377a,sha256,passed,true,,,,,2026-05-26T20:21:17.066163+00:00,2026-05-26T20:22:09.681172+00:00,completed,created_at_utc_minus_wall_clock_sec
2,20260526-gdn-flash-fairness-phase5-longer-mqar:formal:banked-h2-b4-k256-v64-sharedv-s123-d123-b64-ga4-fp32-noearly4ep:8190x512:n500,20260526-gdn-flash-fairness-phase5-longer-mqar:formal:banked-h2-b4-k256-v64-sharedv-s123-d123-b64-ga4-fp32-noearly4ep:8190x512:n500,20260526-gdn-flash-fairness-phase5-longer-mqar,longer_mqar_eval_only,longer_mqar_eval_only_gdn_flash_fairness_phase5_20260526,formal,completed,2026-05-26T20:23:07.695858+00:00,gdn,banked-h2-b4-k256-v64-sharedv-s123-d123-b64-ga4-fp32-noearly4ep,banked_k_shared_v_probe,banked-h2-b4-k256-v64-sharedv-usegate0-s123-d123,b64_ga4_fp32_official,b64_ga4_fp32_official,official_gdn_flash_fairness_phase3_b64_ga4_fp32,64,16,4,256,b64_ga4,float32,float32,float32,float32,float32,float32,123,123,gdn-banked-k-h2-b4-k256-v64-sharedv-usegate0,banked-h2-b4-k256-v64-sharedv-usegate0-s123-d123,,,2,,false,true,4,4,4,2,true,checkpoints/flash-vqg-20260526-gdn-flash-fairness-phase3-2026-05-26-18-58-19/banked-h2-b4-k256-v64-sharedv-s123-d123-b64-ga4-fp32-noearly4ep/train_config.json,/home/lyj/mnt/project/zoology/checkpoints/flash-vqg-20260526-gdn-flash-fairness-phase3-2026-05-26-18-58-19/banked-h2-b4-k256-v64-sharedv-s123-d123-b64-ga4-fp32-noearly4ep/train_config.json,d37b51b4a238c30849486ec8f7622855f08d0f2491ad22965aad28c6785896d8,sha256:836e9894296c71d09e9076e315f1b37f48e355f6592436df9241838c213ab2a7,last.pt_epoch4_final,checkpoints/flash-vqg-20260526-gdn-flash-fairness-phase3-2026-05-26-18-58-19/banked-h2-b4-k256-v64-sharedv-s123-d123-b64-ga4-fp32-noearly4ep/last.pt,/home/lyj/mnt/project/zoology/checkpoints/flash-vqg-20260526-gdn-flash-fairness-phase3-2026-05-26-18-58-19/banked-h2-b4-k256-v64-sharedv-s123-d123-b64-ga4-fp32-noearly4ep/last.pt,true,836e9894296c71d09e9076e315f1b37f48e355f6592436df9241838c213ab2a7,10780668,2026-05-26T19:20:18.396279+00:00,3,,0.0792120099067688,0.9973046875,0.9799609375,1643992.0,131072,131072,mqar-vocab8192-pass1-seed123-rnq1-power0.01-8190x512-n500,multiquery_ar,8192,8190,512,1,500,8,true,123,true,0.01,,,completed,8190x2047,8190,2047,8,8;4;2;1,8,4153.3642578125,,same_gpu_same_dtype_same_runner_only,true,1,1,NVIDIA GeForce RTX 2080 Ti,11264,7.5,GPU-0def3eeb-c2d0-4f49-ec2a-ebc1d8453b98,2.6.0+cu118,11.8,550.120,float32,float32,b64_ga4_fp32_official,NVIDIA_GeForce_RTX_2080_Ti-11264MiB-cc7.5-driver550.120-torch2.6.0+cu118-cuda11.8,5.17159366607666,0.3244609375,5.17159366607666,0.3244609375,59.16223430633545,00:00:59,4153.3642578125,4153.3642578125,8414.0,NVIDIA_GeForce_RTX_2080_Ti-11264MiB-cc7.5-driver550.120-torch2.6.0+cu118-cuda11.8,measured_current_host,1,1,NVIDIA GeForce RTX 2080 Ti,11264,7.5,GPU-0def3eeb-c2d0-4f49-ec2a-ebc1d8453b98,2.6.0+cu118,11.8,550.120,b83328a02358ed088169372940d5876f7633859e,b83328a02358ed088169372940d5876f7633859e,811e1ce5f140e97d93ad6f1adae07b95b4219143,docs/artifacts/gdn-flash-fairness-20260526/phase5-longer-mqar,docs/artifacts/gdn-flash-fairness-20260526/phase3-banked-k-final.csv,tmp/20260526-gdn-flash-fairness-phase5-longer-mqar/logs/formal-banked-h2-b4-k256-v64-sharedv-s123-d123-b64-ga4-fp32-noearly4ep-8190x512-n500-b8-gpu1.log,,,,123,37a8533a985fabd3db03daf9dfd3a8e0936513ab724039c63b9a22bf352d002d,"sha256(inputs,labels)",500x8190,500x8190,500,torch.int64/torch.int64,836e9894296c71d09e9076e315f1b37f48e355f6592436df9241838c213ab2a7,sha256,passed,true,,,,,2026-05-26T20:22:08.533624+00:00,2026-05-26T20:23:07.695858+00:00,completed,created_at_utc_minus_wall_clock_sec
2,20260526-gdn-flash-fairness-phase5-longer-mqar:formal:mh-h4-k256-v128-s123-d123-b64-ga4-fp32-noearly4ep:8190x512:n500,20260526-gdn-flash-fairness-phase5-longer-mqar:formal:mh-h4-k256-v128-s123-d123-b64-ga4-fp32-noearly4ep:8190x512:n500,20260526-gdn-flash-fairness-phase5-longer-mqar,longer_mqar_eval_only,longer_mqar_eval_only_gdn_flash_fairness_phase5_20260526,formal,completed,2026-05-26T20:23:38.178757+00:00,gdn,mh-h4-k256-v128-s123-d123-b64-ga4-fp32-noearly4ep,multi_head_capacity_probe_h4,mh-h4-k256-v128-usegate0-s123-d123,b64_ga4_fp32_official,b64_ga4_fp32_official,official_gdn_flash_fairness_phase1_b64_ga4_fp32,64,16,4,256,b64_ga4,float32,float32,float32,float32,float32,float32,123,123,gdnxk-h4-ek8-ev4-usegate0,mh-h4-k256-v128-usegate0-s123-d123,,,4,4,false,true,4,4,4,2,true,checkpoints/flash-vqg-20260526-gdn-flash-fairness-phase1-2026-05-26-11-35-02/mh-h4-k256-v128-s123-d123-b64-ga4-fp32-noearly4ep/train_config.json,/home/lyj/mnt/project/zoology/checkpoints/flash-vqg-20260526-gdn-flash-fairness-phase1-2026-05-26-11-35-02/mh-h4-k256-v128-s123-d123-b64-ga4-fp32-noearly4ep/train_config.json,9db8a6d49b03dc883344e63c51f2b11ccc4ce697e7d0648c541b66c7d1c2d638,sha256:f67a25f342df1705a20dace8e4d24761c496aa4132d3f20a85ae84a3d6fa377a,last.pt_epoch4_final,checkpoints/flash-vqg-20260526-gdn-flash-fairness-phase1-2026-05-26-11-35-02/mh-h4-k256-v128-s123-d123-b64-ga4-fp32-noearly4ep/last.pt,/home/lyj/mnt/project/zoology/checkpoints/flash-vqg-20260526-gdn-flash-fairness-phase1-2026-05-26-11-35-02/mh-h4-k256-v128-s123-d123-b64-ga4-fp32-noearly4ep/last.pt,true,f67a25f342df1705a20dace8e4d24761c496aa4132d3f20a85ae84a3d6fa377a,10090431,2026-05-26T12:19:46.076542+00:00,3,,0.1849704831838607,0.99428125,0.9551015625,1471500,131072,131072,mqar-vocab8192-pass1-seed123-rnq1-power0.01-8190x512-n500,multiquery_ar,8192,8190,512,1,500,8,true,123,true,0.01,,,completed,8190x2047,8190,2047,8,8;4;2;1,8,4110.74072265625,,same_gpu_same_dtype_same_runner_only,true,0,0,NVIDIA GeForce RTX 2080 Ti,11264,7.5,GPU-57c29499-bcb3-27f6-4360-e60939528a9b,2.6.0+cu118,11.8,550.120,float32,float32,b64_ga4_fp32_official,NVIDIA_GeForce_RTX_2080_Ti-11264MiB-cc7.5-driver550.120-torch2.6.0+cu118-cuda11.8,5.587453842163086,0.2548046875,5.587453842163086,0.2548046875,87.6467547416687,00:01:27,4111.24169921875,4111.24169921875,7006.0,NVIDIA_GeForce_RTX_2080_Ti-11264MiB-cc7.5-driver550.120-torch2.6.0+cu118-cuda11.8,measured_current_host,0,0,NVIDIA GeForce RTX 2080 Ti,11264,7.5,GPU-57c29499-bcb3-27f6-4360-e60939528a9b,2.6.0+cu118,11.8,550.120,b83328a02358ed088169372940d5876f7633859e,b83328a02358ed088169372940d5876f7633859e,811e1ce5f140e97d93ad6f1adae07b95b4219143,docs/artifacts/gdn-flash-fairness-20260526/phase5-longer-mqar,docs/artifacts/gdn-flash-fairness-20260526/phase1-gdn-final.csv,tmp/20260526-gdn-flash-fairness-phase5-longer-mqar/logs/formal-mh-h4-k256-v128-s123-d123-b64-ga4-fp32-noearly4ep-8190x512-n500-b8-gpu0.log,,,,123,37a8533a985fabd3db03daf9dfd3a8e0936513ab724039c63b9a22bf352d002d,"sha256(inputs,labels)",500x8190,500x8190,500,torch.int64/torch.int64,f67a25f342df1705a20dace8e4d24761c496aa4132d3f20a85ae84a3d6fa377a,sha256,passed,true,,,,,2026-05-26T20:22:10.532002+00:00,2026-05-26T20:23:38.178757+00:00,completed,created_at_utc_minus_wall_clock_sec
2,20260526-gdn-flash-fairness-phase5-longer-mqar:formal:banked-h2-b4-k256-v64-sharedv-s123-d123-b64-ga4-fp32-noearly4ep:8190x2047:n500,20260526-gdn-flash-fairness-phase5-longer-mqar:formal:banked-h2-b4-k256-v64-sharedv-s123-d123-b64-ga4-fp32-noearly4ep:8190x2047:n500,20260526-gdn-flash-fairness-phase5-longer-mqar,longer_mqar_eval_only,longer_mqar_eval_only_gdn_flash_fairness_phase5_20260526,formal,completed,2026-05-26T20:24:07.736657+00:00,gdn,banked-h2-b4-k256-v64-sharedv-s123-d123-b64-ga4-fp32-noearly4ep,banked_k_shared_v_probe,banked-h2-b4-k256-v64-sharedv-usegate0-s123-d123,b64_ga4_fp32_official,b64_ga4_fp32_official,official_gdn_flash_fairness_phase3_b64_ga4_fp32,64,16,4,256,b64_ga4,float32,float32,float32,float32,float32,float32,123,123,gdn-banked-k-h2-b4-k256-v64-sharedv-usegate0,banked-h2-b4-k256-v64-sharedv-usegate0-s123-d123,,,2,,false,true,4,4,4,2,true,checkpoints/flash-vqg-20260526-gdn-flash-fairness-phase3-2026-05-26-18-58-19/banked-h2-b4-k256-v64-sharedv-s123-d123-b64-ga4-fp32-noearly4ep/train_config.json,/home/lyj/mnt/project/zoology/checkpoints/flash-vqg-20260526-gdn-flash-fairness-phase3-2026-05-26-18-58-19/banked-h2-b4-k256-v64-sharedv-s123-d123-b64-ga4-fp32-noearly4ep/train_config.json,d37b51b4a238c30849486ec8f7622855f08d0f2491ad22965aad28c6785896d8,sha256:836e9894296c71d09e9076e315f1b37f48e355f6592436df9241838c213ab2a7,last.pt_epoch4_final,checkpoints/flash-vqg-20260526-gdn-flash-fairness-phase3-2026-05-26-18-58-19/banked-h2-b4-k256-v64-sharedv-s123-d123-b64-ga4-fp32-noearly4ep/last.pt,/home/lyj/mnt/project/zoology/checkpoints/flash-vqg-20260526-gdn-flash-fairness-phase3-2026-05-26-18-58-19/banked-h2-b4-k256-v64-sharedv-s123-d123-b64-ga4-fp32-noearly4ep/last.pt,true,836e9894296c71d09e9076e315f1b37f48e355f6592436df9241838c213ab2a7,10780668,2026-05-26T19:20:18.396279+00:00,3,,0.0792120099067688,0.9973046875,0.9799609375,1643992.0,131072,131072,mqar-vocab8192-pass1-seed123-rnq1-power0.01-8190x2047-n500,multiquery_ar,8192,8190,2047,1,500,8,true,123,true,0.01,,,completed,8190x2047,8190,2047,8,8;4;2;1,8,4153.3642578125,,same_gpu_same_dtype_same_runner_only,true,1,1,NVIDIA GeForce RTX 2080 Ti,11264,7.5,GPU-0def3eeb-c2d0-4f49-ec2a-ebc1d8453b98,2.6.0+cu118,11.8,550.120,float32,float32,b64_ga4_fp32_official,NVIDIA_GeForce_RTX_2080_Ti-11264MiB-cc7.5-driver550.120-torch2.6.0+cu118-cuda11.8,9.86258316040039,0.002273571079628725,9.86258316040039,0.002273571079628725,59.16106152534485,00:00:59,4153.3642578125,4153.3642578125,8414.0,NVIDIA_GeForce_RTX_2080_Ti-11264MiB-cc7.5-driver550.120-torch2.6.0+cu118-cuda11.8,measured_current_host,1,1,NVIDIA GeForce RTX 2080 Ti,11264,7.5,GPU-0def3eeb-c2d0-4f49-ec2a-ebc1d8453b98,2.6.0+cu118,11.8,550.120,b83328a02358ed088169372940d5876f7633859e,b83328a02358ed088169372940d5876f7633859e,811e1ce5f140e97d93ad6f1adae07b95b4219143,docs/artifacts/gdn-flash-fairness-20260526/phase5-longer-mqar,docs/artifacts/gdn-flash-fairness-20260526/phase3-banked-k-final.csv,tmp/20260526-gdn-flash-fairness-phase5-longer-mqar/logs/formal-banked-h2-b4-k256-v64-sharedv-s123-d123-b64-ga4-fp32-noearly4ep-8190x2047-n500-b8-gpu1.log,,,,123,8c16a91ea127bb7bf2130238ecd56b49fb1fd73bb3e0c2f4c586ddba8e9b97a9,"sha256(inputs,labels)",500x8190,500x8190,500,torch.int64/torch.int64,836e9894296c71d09e9076e315f1b37f48e355f6592436df9241838c213ab2a7,sha256,passed,true,,,,,2026-05-26T20:23:08.575595+00:00,2026-05-26T20:24:07.736657+00:00,completed,created_at_utc_minus_wall_clock_sec
2,20260526-gdn-flash-fairness-phase5-longer-mqar:batch_search:banked-h2-b4-k256-v64-sharedv-s125-d123-b64-ga4-fp32-noearly4ep:1024x256:n8,20260526-gdn-flash-fairness-phase5-longer-mqar:batch_search:banked-h2-b4-k256-v64-sharedv-s125-d123-b64-ga4-fp32-noearly4ep:1024x256:n8,20260526-gdn-flash-fairness-phase5-longer-mqar,longer_mqar_eval_only,longer_mqar_eval_only_gdn_flash_fairness_phase5_20260526,batch_search,completed,2026-05-26T20:24:31.595100+00:00,gdn,banked-h2-b4-k256-v64-sharedv-s125-d123-b64-ga4-fp32-noearly4ep,banked_k_shared_v_multiseed_followup,banked-h2-b4-k256-v64-sharedv-usegate0-s125-d123,gdn_flash_fairness_phase4_banked_k_multiseed,gdn_flash_fairness_phase4_b64_ga4_fp32,official_gdn_flash_fairness_phase4_b64_ga4_fp32,64,16,4,256,b64_ga4,float32,float32,float32,float32,float32,float32,125,123,gdn-banked-k-h2-b4-k256-v64-sharedv-usegate0,banked-h2-b4-k256-v64-sharedv-usegate0-s125-d123,,,2,,False,True,4,4,4,2,True,checkpoints/flash-vqg-20260526-gdn-flash-fairness-phase4-banked-s125-2026-05-26-19-26-19/banked-h2-b4-k256-v64-sharedv-s125-d123-b64-ga4-fp32-noearly4ep/train_config.json,/home/lyj/mnt/project/zoology/checkpoints/flash-vqg-20260526-gdn-flash-fairness-phase4-banked-s125-2026-05-26-19-26-19/banked-h2-b4-k256-v64-sharedv-s125-d123-b64-ga4-fp32-noearly4ep/train_config.json,f120fc9a345fe986cd9e90008ae5121e289c44ebcf7aa572c3faed1041eb27b3,sha256:fdc827defab41877c79ba97249c47b0770cc9002c8cc8f5578b2e3aaf60cab3d,last.pt_epoch4_final,checkpoints/flash-vqg-20260526-gdn-flash-fairness-phase4-banked-s125-2026-05-26-19-26-19/banked-h2-b4-k256-v64-sharedv-s125-d123-b64-ga4-fp32-noearly4ep/last.pt,/home/lyj/mnt/project/zoology/checkpoints/flash-vqg-20260526-gdn-flash-fairness-phase4-banked-s125-2026-05-26-19-26-19/banked-h2-b4-k256-v64-sharedv-s125-d123-b64-ga4-fp32-noearly4ep/last.pt,true,fdc827defab41877c79ba97249c47b0770cc9002c8cc8f5578b2e3aaf60cab3d,10780668,2026-05-26T19:47:00.384045+00:00,3,,0.3376331925392151,0.9502275390625,0.615984375,1643992.0,131072,131072,mqar-vocab8192-pass1-seed123-rnq1-power0.01-1024x256-n8,multiquery_ar,8192,1024,256,1,8,8,true,123,true,0.01,,,completed,1024x256,1024,256,8,8;4;2;1,8,755.78076171875,,same_gpu_same_dtype_same_runner_only,true,1,1,NVIDIA GeForce RTX 2080 Ti,11264,7.5,GPU-0def3eeb-c2d0-4f49-ec2a-ebc1d8453b98,2.6.0+cu118,11.8,550.120,float32,float32,gdn_flash_fairness_phase4_banked_k_multiseed,NVIDIA_GeForce_RTX_2080_Ti-11264MiB-cc7.5-driver550.120-torch2.6.0+cu118-cuda11.8,2.296102285385132,0.61767578125,2.296102285385132,0.61767578125,23.00898289680481,00:00:23,755.78076171875,755.78076171875,940.0,NVIDIA_GeForce_RTX_2080_Ti-11264MiB-cc7.5-driver550.120-torch2.6.0+cu118-cuda11.8,measured_current_host,1,1,NVIDIA GeForce RTX 2080 Ti,11264,7.5,GPU-0def3eeb-c2d0-4f49-ec2a-ebc1d8453b98,2.6.0+cu118,11.8,550.120,b83328a02358ed088169372940d5876f7633859e,b83328a02358ed088169372940d5876f7633859e,811e1ce5f140e97d93ad6f1adae07b95b4219143,docs/artifacts/gdn-flash-fairness-20260526/phase5-longer-mqar,docs/artifacts/gdn-flash-fairness-20260526/phase4-banked-k-final.csv,tmp/20260526-gdn-flash-fairness-phase5-longer-mqar/logs/batch-search-candidate-banked-h2-b4-k256-v64-sharedv-s125-d123-b64-ga4-fp32-noearly4ep-1024x256-n8-b8-gpu1.log,,,,123,72c79482cf352f40dae639ab98d4eda880432b0d3424f5649f5648f5a4d456d0,"sha256(inputs,labels)",8x1024,8x1024,8,torch.int64/torch.int64,fdc827defab41877c79ba97249c47b0770cc9002c8cc8f5578b2e3aaf60cab3d,sha256,passed,true,,,,,2026-05-26T20:24:08.586117+00:00,2026-05-26T20:24:31.595100+00:00,completed,created_at_utc_minus_wall_clock_sec
2,20260526-gdn-flash-fairness-phase5-longer-mqar:formal:mh-h4-k256-v128-s123-d123-b64-ga4-fp32-noearly4ep:8190x2047:n500,20260526-gdn-flash-fairness-phase5-longer-mqar:formal:mh-h4-k256-v128-s123-d123-b64-ga4-fp32-noearly4ep:8190x2047:n500,20260526-gdn-flash-fairness-phase5-longer-mqar,longer_mqar_eval_only,longer_mqar_eval_only_gdn_flash_fairness_phase5_20260526,formal,completed,2026-05-26T20:24:54.978971+00:00,gdn,mh-h4-k256-v128-s123-d123-b64-ga4-fp32-noearly4ep,multi_head_capacity_probe_h4,mh-h4-k256-v128-usegate0-s123-d123,b64_ga4_fp32_official,b64_ga4_fp32_official,official_gdn_flash_fairness_phase1_b64_ga4_fp32,64,16,4,256,b64_ga4,float32,float32,float32,float32,float32,float32,123,123,gdnxk-h4-ek8-ev4-usegate0,mh-h4-k256-v128-usegate0-s123-d123,,,4,4,false,true,4,4,4,2,true,checkpoints/flash-vqg-20260526-gdn-flash-fairness-phase1-2026-05-26-11-35-02/mh-h4-k256-v128-s123-d123-b64-ga4-fp32-noearly4ep/train_config.json,/home/lyj/mnt/project/zoology/checkpoints/flash-vqg-20260526-gdn-flash-fairness-phase1-2026-05-26-11-35-02/mh-h4-k256-v128-s123-d123-b64-ga4-fp32-noearly4ep/train_config.json,9db8a6d49b03dc883344e63c51f2b11ccc4ce697e7d0648c541b66c7d1c2d638,sha256:f67a25f342df1705a20dace8e4d24761c496aa4132d3f20a85ae84a3d6fa377a,last.pt_epoch4_final,checkpoints/flash-vqg-20260526-gdn-flash-fairness-phase1-2026-05-26-11-35-02/mh-h4-k256-v128-s123-d123-b64-ga4-fp32-noearly4ep/last.pt,/home/lyj/mnt/project/zoology/checkpoints/flash-vqg-20260526-gdn-flash-fairness-phase1-2026-05-26-11-35-02/mh-h4-k256-v128-s123-d123-b64-ga4-fp32-noearly4ep/last.pt,true,f67a25f342df1705a20dace8e4d24761c496aa4132d3f20a85ae84a3d6fa377a,10090431,2026-05-26T12:19:46.076542+00:00,3,,0.1849704831838607,0.99428125,0.9551015625,1471500,131072,131072,mqar-vocab8192-pass1-seed123-rnq1-power0.01-8190x2047-n500,multiquery_ar,8192,8190,2047,1,500,8,true,123,true,0.01,,,completed,8190x2047,8190,2047,8,8;4;2;1,8,4110.74072265625,,same_gpu_same_dtype_same_runner_only,true,0,0,NVIDIA GeForce RTX 2080 Ti,11264,7.5,GPU-57c29499-bcb3-27f6-4360-e60939528a9b,2.6.0+cu118,11.8,550.120,float32,float32,b64_ga4_fp32_official,NVIDIA_GeForce_RTX_2080_Ti-11264MiB-cc7.5-driver550.120-torch2.6.0+cu118-cuda11.8,9.077949523925781,0.002525647288715193,9.077949523925781,0.002525647288715193,75.94236946105957,00:01:15,4111.24169921875,4111.24169921875,7006.0,NVIDIA_GeForce_RTX_2080_Ti-11264MiB-cc7.5-driver550.120-torch2.6.0+cu118-cuda11.8,measured_current_host,0,0,NVIDIA GeForce RTX 2080 Ti,11264,7.5,GPU-57c29499-bcb3-27f6-4360-e60939528a9b,2.6.0+cu118,11.8,550.120,b83328a02358ed088169372940d5876f7633859e,b83328a02358ed088169372940d5876f7633859e,811e1ce5f140e97d93ad6f1adae07b95b4219143,docs/artifacts/gdn-flash-fairness-20260526/phase5-longer-mqar,docs/artifacts/gdn-flash-fairness-20260526/phase1-gdn-final.csv,tmp/20260526-gdn-flash-fairness-phase5-longer-mqar/logs/formal-mh-h4-k256-v128-s123-d123-b64-ga4-fp32-noearly4ep-8190x2047-n500-b8-gpu0.log,,,,123,8c16a91ea127bb7bf2130238ecd56b49fb1fd73bb3e0c2f4c586ddba8e9b97a9,"sha256(inputs,labels)",500x8190,500x8190,500,torch.int64/torch.int64,f67a25f342df1705a20dace8e4d24761c496aa4132d3f20a85ae84a3d6fa377a,sha256,passed,true,,,,,2026-05-26T20:23:39.036602+00:00,2026-05-26T20:24:54.978971+00:00,completed,created_at_utc_minus_wall_clock_sec
2,20260526-gdn-flash-fairness-phase5-longer-mqar:batch_search:banked-h2-b4-k256-v64-sharedv-s125-d123-b64-ga4-fp32-noearly4ep:2048x512:n8,20260526-gdn-flash-fairness-phase5-longer-mqar:batch_search:banked-h2-b4-k256-v64-sharedv-s125-d123-b64-ga4-fp32-noearly4ep:2048x512:n8,20260526-gdn-flash-fairness-phase5-longer-mqar,longer_mqar_eval_only,longer_mqar_eval_only_gdn_flash_fairness_phase5_20260526,batch_search,completed,2026-05-26T20:24:57.696459+00:00,gdn,banked-h2-b4-k256-v64-sharedv-s125-d123-b64-ga4-fp32-noearly4ep,banked_k_shared_v_multiseed_followup,banked-h2-b4-k256-v64-sharedv-usegate0-s125-d123,gdn_flash_fairness_phase4_banked_k_multiseed,gdn_flash_fairness_phase4_b64_ga4_fp32,official_gdn_flash_fairness_phase4_b64_ga4_fp32,64,16,4,256,b64_ga4,float32,float32,float32,float32,float32,float32,125,123,gdn-banked-k-h2-b4-k256-v64-sharedv-usegate0,banked-h2-b4-k256-v64-sharedv-usegate0-s125-d123,,,2,,False,True,4,4,4,2,True,checkpoints/flash-vqg-20260526-gdn-flash-fairness-phase4-banked-s125-2026-05-26-19-26-19/banked-h2-b4-k256-v64-sharedv-s125-d123-b64-ga4-fp32-noearly4ep/train_config.json,/home/lyj/mnt/project/zoology/checkpoints/flash-vqg-20260526-gdn-flash-fairness-phase4-banked-s125-2026-05-26-19-26-19/banked-h2-b4-k256-v64-sharedv-s125-d123-b64-ga4-fp32-noearly4ep/train_config.json,f120fc9a345fe986cd9e90008ae5121e289c44ebcf7aa572c3faed1041eb27b3,sha256:fdc827defab41877c79ba97249c47b0770cc9002c8cc8f5578b2e3aaf60cab3d,last.pt_epoch4_final,checkpoints/flash-vqg-20260526-gdn-flash-fairness-phase4-banked-s125-2026-05-26-19-26-19/banked-h2-b4-k256-v64-sharedv-s125-d123-b64-ga4-fp32-noearly4ep/last.pt,/home/lyj/mnt/project/zoology/checkpoints/flash-vqg-20260526-gdn-flash-fairness-phase4-banked-s125-2026-05-26-19-26-19/banked-h2-b4-k256-v64-sharedv-s125-d123-b64-ga4-fp32-noearly4ep/last.pt,true,fdc827defab41877c79ba97249c47b0770cc9002c8cc8f5578b2e3aaf60cab3d,10780668,2026-05-26T19:47:00.384045+00:00,3,,0.3376331925392151,0.9502275390625,0.615984375,1643992.0,131072,131072,mqar-vocab8192-pass1-seed123-rnq1-power0.01-2048x512-n8,multiquery_ar,8192,2048,512,1,8,8,true,123,true,0.01,,,completed,2048x512,2048,512,8,8;4;2;1,8,1241.14794921875,,same_gpu_same_dtype_same_runner_only,true,1,1,NVIDIA GeForce RTX 2080 Ti,11264,7.5,GPU-0def3eeb-c2d0-4f49-ec2a-ebc1d8453b98,2.6.0+cu118,11.8,550.120,float32,float32,gdn_flash_fairness_phase4_banked_k_multiseed,NVIDIA_GeForce_RTX_2080_Ti-11264MiB-cc7.5-driver550.120-torch2.6.0+cu118-cuda11.8,6.15929651260376,0.074462890625,6.15929651260376,0.074462890625,25.1845862865448,00:00:25,1241.14794921875,1241.14794921875,2390.0,NVIDIA_GeForce_RTX_2080_Ti-11264MiB-cc7.5-driver550.120-torch2.6.0+cu118-cuda11.8,measured_current_host,1,1,NVIDIA GeForce RTX 2080 Ti,11264,7.5,GPU-0def3eeb-c2d0-4f49-ec2a-ebc1d8453b98,2.6.0+cu118,11.8,550.120,b83328a02358ed088169372940d5876f7633859e,b83328a02358ed088169372940d5876f7633859e,811e1ce5f140e97d93ad6f1adae07b95b4219143,docs/artifacts/gdn-flash-fairness-20260526/phase5-longer-mqar,docs/artifacts/gdn-flash-fairness-20260526/phase4-banked-k-final.csv,tmp/20260526-gdn-flash-fairness-phase5-longer-mqar/logs/batch-search-candidate-banked-h2-b4-k256-v64-sharedv-s125-d123-b64-ga4-fp32-noearly4ep-2048x512-n8-b8-gpu1.log,,,,123,27fa3ea859c23bc51e38e1c3774b40fb3890d0cbc8b41dd8d5e454bf64621917,"sha256(inputs,labels)",8x2048,8x2048,8,torch.int64/torch.int64,fdc827defab41877c79ba97249c47b0770cc9002c8cc8f5578b2e3aaf60cab3d,sha256,passed,true,,,,,2026-05-26T20:24:32.511873+00:00,2026-05-26T20:24:57.696459+00:00,completed,created_at_utc_minus_wall_clock_sec
2,20260526-gdn-flash-fairness-phase5-longer-mqar:batch_search:banked-h2-b4-k256-v64-sharedv-s124-d123-b64-ga4-fp32-noearly4ep:1024x256:n8,20260526-gdn-flash-fairness-phase5-longer-mqar:batch_search:banked-h2-b4-k256-v64-sharedv-s124-d123-b64-ga4-fp32-noearly4ep:1024x256:n8,20260526-gdn-flash-fairness-phase5-longer-mqar,longer_mqar_eval_only,longer_mqar_eval_only_gdn_flash_fairness_phase5_20260526,batch_search,completed,2026-05-26T20:25:20.009383+00:00,gdn,banked-h2-b4-k256-v64-sharedv-s124-d123-b64-ga4-fp32-noearly4ep,banked_k_shared_v_multiseed_followup,banked-h2-b4-k256-v64-sharedv-usegate0-s124-d123,gdn_flash_fairness_phase4_banked_k_multiseed,gdn_flash_fairness_phase4_b64_ga4_fp32,official_gdn_flash_fairness_phase4_b64_ga4_fp32,64,16,4,256,b64_ga4,float32,float32,float32,float32,float32,float32,124,123,gdn-banked-k-h2-b4-k256-v64-sharedv-usegate0,banked-h2-b4-k256-v64-sharedv-usegate0-s124-d123,,,2,,False,True,4,4,4,2,True,checkpoints/flash-vqg-20260526-gdn-flash-fairness-phase4-banked-s124-2026-05-26-19-26-19/banked-h2-b4-k256-v64-sharedv-s124-d123-b64-ga4-fp32-noearly4ep/train_config.json,/home/lyj/mnt/project/zoology/checkpoints/flash-vqg-20260526-gdn-flash-fairness-phase4-banked-s124-2026-05-26-19-26-19/banked-h2-b4-k256-v64-sharedv-s124-d123-b64-ga4-fp32-noearly4ep/train_config.json,d324452e1d0027e5b872767d782f416ad31701fd8ce0453df818b2bee08affb8,sha256:c8623401fab0490fbedef24b4a3af0b2cd23b8c5afa952206087fc9d84a43c9a,last.pt_epoch4_final,checkpoints/flash-vqg-20260526-gdn-flash-fairness-phase4-banked-s124-2026-05-26-19-26-19/banked-h2-b4-k256-v64-sharedv-s124-d123-b64-ga4-fp32-noearly4ep/last.pt,/home/lyj/mnt/project/zoology/checkpoints/flash-vqg-20260526-gdn-flash-fairness-phase4-banked-s124-2026-05-26-19-26-19/banked-h2-b4-k256-v64-sharedv-s124-d123-b64-ga4-fp32-noearly4ep/last.pt,true,c8623401fab0490fbedef24b4a3af0b2cd23b8c5afa952206087fc9d84a43c9a,10780668,2026-05-26T20:02:09.520784+00:00,3,,0.26756468415260315,0.9728310546875,0.786109375,1643992.0,131072,131072,mqar-vocab8192-pass1-seed123-rnq1-power0.01-1024x256-n8,multiquery_ar,8192,1024,256,1,8,8,true,123,true,0.01,,,completed,1024x256,1024,256,8,8;4;2;1,8,755.78076171875,,same_gpu_same_dtype_same_runner_only,true,0,0,NVIDIA GeForce RTX 2080 Ti,11264,7.5,GPU-57c29499-bcb3-27f6-4360-e60939528a9b,2.6.0+cu118,11.8,550.120,float32,float32,gdn_flash_fairness_phase4_banked_k_multiseed,NVIDIA_GeForce_RTX_2080_Ti-11264MiB-cc7.5-driver550.120-torch2.6.0+cu118-cuda11.8,1.8701739311218262,0.783203125,1.8701739311218262,0.783203125,24.183821439743042,00:00:24,755.78076171875,755.78076171875,940.0,NVIDIA_GeForce_RTX_2080_Ti-11264MiB-cc7.5-driver550.120-torch2.6.0+cu118-cuda11.8,measured_current_host,0,0,NVIDIA GeForce RTX 2080 Ti,11264,7.5,GPU-57c29499-bcb3-27f6-4360-e60939528a9b,2.6.0+cu118,11.8,550.120,b83328a02358ed088169372940d5876f7633859e,b83328a02358ed088169372940d5876f7633859e,811e1ce5f140e97d93ad6f1adae07b95b4219143,docs/artifacts/gdn-flash-fairness-20260526/phase5-longer-mqar,docs/artifacts/gdn-flash-fairness-20260526/phase4-banked-k-final.csv,tmp/20260526-gdn-flash-fairness-phase5-longer-mqar/logs/batch-search-candidate-banked-h2-b4-k256-v64-sharedv-s124-d123-b64-ga4-fp32-noearly4ep-1024x256-n8-b8-gpu0.log,,,,123,72c79482cf352f40dae639ab98d4eda880432b0d3424f5649f5648f5a4d456d0,"sha256(inputs,labels)",8x1024,8x1024,8,torch.int64/torch.int64,c8623401fab0490fbedef24b4a3af0b2cd23b8c5afa952206087fc9d84a43c9a,sha256,passed,true,,,,,2026-05-26T20:24:55.825562+00:00,2026-05-26T20:25:20.009383+00:00,completed,created_at_utc_minus_wall_clock_sec
2,20260526-gdn-flash-fairness-phase5-longer-mqar:batch_search:banked-h2-b4-k256-v64-sharedv-s125-d123-b64-ga4-fp32-noearly4ep:4096x1024:n8,20260526-gdn-flash-fairness-phase5-longer-mqar:batch_search:banked-h2-b4-k256-v64-sharedv-s125-d123-b64-ga4-fp32-noearly4ep:4096x1024:n8,20260526-gdn-flash-fairness-phase5-longer-mqar,longer_mqar_eval_only,longer_mqar_eval_only_gdn_flash_fairness_phase5_20260526,batch_search,completed,2026-05-26T20:25:27.840822+00:00,gdn,banked-h2-b4-k256-v64-sharedv-s125-d123-b64-ga4-fp32-noearly4ep,banked_k_shared_v_multiseed_followup,banked-h2-b4-k256-v64-sharedv-usegate0-s125-d123,gdn_flash_fairness_phase4_banked_k_multiseed,gdn_flash_fairness_phase4_b64_ga4_fp32,official_gdn_flash_fairness_phase4_b64_ga4_fp32,64,16,4,256,b64_ga4,float32,float32,float32,float32,float32,float32,125,123,gdn-banked-k-h2-b4-k256-v64-sharedv-usegate0,banked-h2-b4-k256-v64-sharedv-usegate0-s125-d123,,,2,,False,True,4,4,4,2,True,checkpoints/flash-vqg-20260526-gdn-flash-fairness-phase4-banked-s125-2026-05-26-19-26-19/banked-h2-b4-k256-v64-sharedv-s125-d123-b64-ga4-fp32-noearly4ep/train_config.json,/home/lyj/mnt/project/zoology/checkpoints/flash-vqg-20260526-gdn-flash-fairness-phase4-banked-s125-2026-05-26-19-26-19/banked-h2-b4-k256-v64-sharedv-s125-d123-b64-ga4-fp32-noearly4ep/train_config.json,f120fc9a345fe986cd9e90008ae5121e289c44ebcf7aa572c3faed1041eb27b3,sha256:fdc827defab41877c79ba97249c47b0770cc9002c8cc8f5578b2e3aaf60cab3d,last.pt_epoch4_final,checkpoints/flash-vqg-20260526-gdn-flash-fairness-phase4-banked-s125-2026-05-26-19-26-19/banked-h2-b4-k256-v64-sharedv-s125-d123-b64-ga4-fp32-noearly4ep/last.pt,/home/lyj/mnt/project/zoology/checkpoints/flash-vqg-20260526-gdn-flash-fairness-phase4-banked-s125-2026-05-26-19-26-19/banked-h2-b4-k256-v64-sharedv-s125-d123-b64-ga4-fp32-noearly4ep/last.pt,true,fdc827defab41877c79ba97249c47b0770cc9002c8cc8f5578b2e3aaf60cab3d,10780668,2026-05-26T19:47:00.384045+00:00,3,,0.3376331925392151,0.9502275390625,0.615984375,1643992.0,131072,131072,mqar-vocab8192-pass1-seed123-rnq1-power0.01-4096x1024-n8,multiquery_ar,8192,4096,1024,1,8,8,true,123,true,0.01,,,completed,4096x1024,4096,1024,8,8;4;2;1,8,2211.89794921875,,same_gpu_same_dtype_same_runner_only,true,1,1,NVIDIA GeForce RTX 2080 Ti,11264,7.5,GPU-0def3eeb-c2d0-4f49-ec2a-ebc1d8453b98,2.6.0+cu118,11.8,550.120,float32,float32,gdn_flash_fairness_phase4_banked_k_multiseed,NVIDIA_GeForce_RTX_2080_Ti-11264MiB-cc7.5-driver550.120-torch2.6.0+cu118-cuda11.8,9.443081855773926,0.0015869140625,9.443081855773926,0.0015869140625,29.2908775806427,00:00:29,2211.89794921875,2211.89794921875,4546.0,NVIDIA_GeForce_RTX_2080_Ti-11264MiB-cc7.5-driver550.120-torch2.6.0+cu118-cuda11.8,measured_current_host,1,1,NVIDIA GeForce RTX 2080 Ti,11264,7.5,GPU-0def3eeb-c2d0-4f49-ec2a-ebc1d8453b98,2.6.0+cu118,11.8,550.120,b83328a02358ed088169372940d5876f7633859e,b83328a02358ed088169372940d5876f7633859e,811e1ce5f140e97d93ad6f1adae07b95b4219143,docs/artifacts/gdn-flash-fairness-20260526/phase5-longer-mqar,docs/artifacts/gdn-flash-fairness-20260526/phase4-banked-k-final.csv,tmp/20260526-gdn-flash-fairness-phase5-longer-mqar/logs/batch-search-candidate-banked-h2-b4-k256-v64-sharedv-s125-d123-b64-ga4-fp32-noearly4ep-4096x1024-n8-b8-gpu1.log,,,,123,8b3b88e822143a04aca442bf560e9b745331342bc5f480f6067d681340d73cba,"sha256(inputs,labels)",8x4096,8x4096,8,torch.int64/torch.int64,fdc827defab41877c79ba97249c47b0770cc9002c8cc8f5578b2e3aaf60cab3d,sha256,passed,true,,,,,2026-05-26T20:24:58.549944+00:00,2026-05-26T20:25:27.840822+00:00,completed,created_at_utc_minus_wall_clock_sec
2,20260526-gdn-flash-fairness-phase5-longer-mqar:batch_search:banked-h2-b4-k256-v64-sharedv-s124-d123-b64-ga4-fp32-noearly4ep:2048x512:n8,20260526-gdn-flash-fairness-phase5-longer-mqar:batch_search:banked-h2-b4-k256-v64-sharedv-s124-d123-b64-ga4-fp32-noearly4ep:2048x512:n8,20260526-gdn-flash-fairness-phase5-longer-mqar,longer_mqar_eval_only,longer_mqar_eval_only_gdn_flash_fairness_phase5_20260526,batch_search,completed,2026-05-26T20:25:47.889831+00:00,gdn,banked-h2-b4-k256-v64-sharedv-s124-d123-b64-ga4-fp32-noearly4ep,banked_k_shared_v_multiseed_followup,banked-h2-b4-k256-v64-sharedv-usegate0-s124-d123,gdn_flash_fairness_phase4_banked_k_multiseed,gdn_flash_fairness_phase4_b64_ga4_fp32,official_gdn_flash_fairness_phase4_b64_ga4_fp32,64,16,4,256,b64_ga4,float32,float32,float32,float32,float32,float32,124,123,gdn-banked-k-h2-b4-k256-v64-sharedv-usegate0,banked-h2-b4-k256-v64-sharedv-usegate0-s124-d123,,,2,,False,True,4,4,4,2,True,checkpoints/flash-vqg-20260526-gdn-flash-fairness-phase4-banked-s124-2026-05-26-19-26-19/banked-h2-b4-k256-v64-sharedv-s124-d123-b64-ga4-fp32-noearly4ep/train_config.json,/home/lyj/mnt/project/zoology/checkpoints/flash-vqg-20260526-gdn-flash-fairness-phase4-banked-s124-2026-05-26-19-26-19/banked-h2-b4-k256-v64-sharedv-s124-d123-b64-ga4-fp32-noearly4ep/train_config.json,d324452e1d0027e5b872767d782f416ad31701fd8ce0453df818b2bee08affb8,sha256:c8623401fab0490fbedef24b4a3af0b2cd23b8c5afa952206087fc9d84a43c9a,last.pt_epoch4_final,checkpoints/flash-vqg-20260526-gdn-flash-fairness-phase4-banked-s124-2026-05-26-19-26-19/banked-h2-b4-k256-v64-sharedv-s124-d123-b64-ga4-fp32-noearly4ep/last.pt,/home/lyj/mnt/project/zoology/checkpoints/flash-vqg-20260526-gdn-flash-fairness-phase4-banked-s124-2026-05-26-19-26-19/banked-h2-b4-k256-v64-sharedv-s124-d123-b64-ga4-fp32-noearly4ep/last.pt,true,c8623401fab0490fbedef24b4a3af0b2cd23b8c5afa952206087fc9d84a43c9a,10780668,2026-05-26T20:02:09.520784+00:00,3,,0.26756468415260315,0.9728310546875,0.786109375,1643992.0,131072,131072,mqar-vocab8192-pass1-seed123-rnq1-power0.01-2048x512-n8,multiquery_ar,8192,2048,512,1,8,8,true,123,true,0.01,,,completed,2048x512,2048,512,8,8;4;2;1,8,1241.14794921875,,same_gpu_same_dtype_same_runner_only,true,0,0,NVIDIA GeForce RTX 2080 Ti,11264,7.5,GPU-57c29499-bcb3-27f6-4360-e60939528a9b,2.6.0+cu118,11.8,550.120,float32,float32,gdn_flash_fairness_phase4_banked_k_multiseed,NVIDIA_GeForce_RTX_2080_Ti-11264MiB-cc7.5-driver550.120-torch2.6.0+cu118-cuda11.8,5.572686672210693,0.12841796875,5.572686672210693,0.12841796875,26.989765167236328,00:00:26,1241.14794921875,1241.14794921875,2390.0,NVIDIA_GeForce_RTX_2080_Ti-11264MiB-cc7.5-driver550.120-torch2.6.0+cu118-cuda11.8,measured_current_host,0,0,NVIDIA GeForce RTX 2080 Ti,11264,7.5,GPU-57c29499-bcb3-27f6-4360-e60939528a9b,2.6.0+cu118,11.8,550.120,b83328a02358ed088169372940d5876f7633859e,b83328a02358ed088169372940d5876f7633859e,811e1ce5f140e97d93ad6f1adae07b95b4219143,docs/artifacts/gdn-flash-fairness-20260526/phase5-longer-mqar,docs/artifacts/gdn-flash-fairness-20260526/phase4-banked-k-final.csv,tmp/20260526-gdn-flash-fairness-phase5-longer-mqar/logs/batch-search-candidate-banked-h2-b4-k256-v64-sharedv-s124-d123-b64-ga4-fp32-noearly4ep-2048x512-n8-b8-gpu0.log,,,,123,27fa3ea859c23bc51e38e1c3774b40fb3890d0cbc8b41dd8d5e454bf64621917,"sha256(inputs,labels)",8x2048,8x2048,8,torch.int64/torch.int64,c8623401fab0490fbedef24b4a3af0b2cd23b8c5afa952206087fc9d84a43c9a,sha256,passed,true,,,,,2026-05-26T20:25:20.900066+00:00,2026-05-26T20:25:47.889831+00:00,completed,created_at_utc_minus_wall_clock_sec
2,20260526-gdn-flash-fairness-phase5-longer-mqar:batch_search:banked-h2-b4-k256-v64-sharedv-s125-d123-b64-ga4-fp32-noearly4ep:8190x512:n8,20260526-gdn-flash-fairness-phase5-longer-mqar:batch_search:banked-h2-b4-k256-v64-sharedv-s125-d123-b64-ga4-fp32-noearly4ep:8190x512:n8,20260526-gdn-flash-fairness-phase5-longer-mqar,longer_mqar_eval_only,longer_mqar_eval_only_gdn_flash_fairness_phase5_20260526,batch_search,completed,2026-05-26T20:26:06.795691+00:00,gdn,banked-h2-b4-k256-v64-sharedv-s125-d123-b64-ga4-fp32-noearly4ep,banked_k_shared_v_multiseed_followup,banked-h2-b4-k256-v64-sharedv-usegate0-s125-d123,gdn_flash_fairness_phase4_banked_k_multiseed,gdn_flash_fairness_phase4_b64_ga4_fp32,official_gdn_flash_fairness_phase4_b64_ga4_fp32,64,16,4,256,b64_ga4,float32,float32,float32,float32,float32,float32,125,123,gdn-banked-k-h2-b4-k256-v64-sharedv-usegate0,banked-h2-b4-k256-v64-sharedv-usegate0-s125-d123,,,2,,False,True,4,4,4,2,True,checkpoints/flash-vqg-20260526-gdn-flash-fairness-phase4-banked-s125-2026-05-26-19-26-19/banked-h2-b4-k256-v64-sharedv-s125-d123-b64-ga4-fp32-noearly4ep/train_config.json,/home/lyj/mnt/project/zoology/checkpoints/flash-vqg-20260526-gdn-flash-fairness-phase4-banked-s125-2026-05-26-19-26-19/banked-h2-b4-k256-v64-sharedv-s125-d123-b64-ga4-fp32-noearly4ep/train_config.json,f120fc9a345fe986cd9e90008ae5121e289c44ebcf7aa572c3faed1041eb27b3,sha256:fdc827defab41877c79ba97249c47b0770cc9002c8cc8f5578b2e3aaf60cab3d,last.pt_epoch4_final,checkpoints/flash-vqg-20260526-gdn-flash-fairness-phase4-banked-s125-2026-05-26-19-26-19/banked-h2-b4-k256-v64-sharedv-s125-d123-b64-ga4-fp32-noearly4ep/last.pt,/home/lyj/mnt/project/zoology/checkpoints/flash-vqg-20260526-gdn-flash-fairness-phase4-banked-s125-2026-05-26-19-26-19/banked-h2-b4-k256-v64-sharedv-s125-d123-b64-ga4-fp32-noearly4ep/last.pt,true,fdc827defab41877c79ba97249c47b0770cc9002c8cc8f5578b2e3aaf60cab3d,10780668,2026-05-26T19:47:00.384045+00:00,3,,0.3376331925392151,0.9502275390625,0.615984375,1643992.0,131072,131072,mqar-vocab8192-pass1-seed123-rnq1-power0.01-8190x512-n8,multiquery_ar,8192,8190,512,1,8,8,true,123,true,0.01,,,completed,8190x512,8190,512,8,8;4;2;1,8,4153.3642578125,,same_gpu_same_dtype_same_runner_only,true,1,1,NVIDIA GeForce RTX 2080 Ti,11264,7.5,GPU-0def3eeb-c2d0-4f49-ec2a-ebc1d8453b98,2.6.0+cu118,11.8,550.120,float32,float32,gdn_flash_fairness_phase4_banked_k_multiseed,NVIDIA_GeForce_RTX_2080_Ti-11264MiB-cc7.5-driver550.120-torch2.6.0+cu118-cuda11.8,7.800299167633057,0.049072265625,7.800299167633057,0.049072265625,38.05621933937073,00:00:38,4153.3642578125,4153.3642578125,8410.0,NVIDIA_GeForce_RTX_2080_Ti-11264MiB-cc7.5-driver550.120-torch2.6.0+cu118-cuda11.8,measured_current_host,1,1,NVIDIA GeForce RTX 2080 Ti,11264,7.5,GPU-0def3eeb-c2d0-4f49-ec2a-ebc1d8453b98,2.6.0+cu118,11.8,550.120,b83328a02358ed088169372940d5876f7633859e,b83328a02358ed088169372940d5876f7633859e,811e1ce5f140e97d93ad6f1adae07b95b4219143,docs/artifacts/gdn-flash-fairness-20260526/phase5-longer-mqar,docs/artifacts/gdn-flash-fairness-20260526/phase4-banked-k-final.csv,tmp/20260526-gdn-flash-fairness-phase5-longer-mqar/logs/batch-search-candidate-banked-h2-b4-k256-v64-sharedv-s125-d123-b64-ga4-fp32-noearly4ep-8190x512-n8-b8-gpu1.log,,,,123,ec5e87372eb79531362f722e999bb8c564260102003ea68ccc89db3341756a7b,"sha256(inputs,labels)",8x8190,8x8190,8,torch.int64/torch.int64,fdc827defab41877c79ba97249c47b0770cc9002c8cc8f5578b2e3aaf60cab3d,sha256,passed,true,,,,,2026-05-26T20:25:28.739472+00:00,2026-05-26T20:26:06.795691+00:00,completed,created_at_utc_minus_wall_clock_sec
2,20260526-gdn-flash-fairness-phase5-longer-mqar:batch_search:banked-h2-b4-k256-v64-sharedv-s124-d123-b64-ga4-fp32-noearly4ep:4096x1024:n8,20260526-gdn-flash-fairness-phase5-longer-mqar:batch_search:banked-h2-b4-k256-v64-sharedv-s124-d123-b64-ga4-fp32-noearly4ep:4096x1024:n8,20260526-gdn-flash-fairness-phase5-longer-mqar,longer_mqar_eval_only,longer_mqar_eval_only_gdn_flash_fairness_phase5_20260526,batch_search,completed,2026-05-26T20:26:22.777495+00:00,gdn,banked-h2-b4-k256-v64-sharedv-s124-d123-b64-ga4-fp32-noearly4ep,banked_k_shared_v_multiseed_followup,banked-h2-b4-k256-v64-sharedv-usegate0-s124-d123,gdn_flash_fairness_phase4_banked_k_multiseed,gdn_flash_fairness_phase4_b64_ga4_fp32,official_gdn_flash_fairness_phase4_b64_ga4_fp32,64,16,4,256,b64_ga4,float32,float32,float32,float32,float32,float32,124,123,gdn-banked-k-h2-b4-k256-v64-sharedv-usegate0,banked-h2-b4-k256-v64-sharedv-usegate0-s124-d123,,,2,,False,True,4,4,4,2,True,checkpoints/flash-vqg-20260526-gdn-flash-fairness-phase4-banked-s124-2026-05-26-19-26-19/banked-h2-b4-k256-v64-sharedv-s124-d123-b64-ga4-fp32-noearly4ep/train_config.json,/home/lyj/mnt/project/zoology/checkpoints/flash-vqg-20260526-gdn-flash-fairness-phase4-banked-s124-2026-05-26-19-26-19/banked-h2-b4-k256-v64-sharedv-s124-d123-b64-ga4-fp32-noearly4ep/train_config.json,d324452e1d0027e5b872767d782f416ad31701fd8ce0453df818b2bee08affb8,sha256:c8623401fab0490fbedef24b4a3af0b2cd23b8c5afa952206087fc9d84a43c9a,last.pt_epoch4_final,checkpoints/flash-vqg-20260526-gdn-flash-fairness-phase4-banked-s124-2026-05-26-19-26-19/banked-h2-b4-k256-v64-sharedv-s124-d123-b64-ga4-fp32-noearly4ep/last.pt,/home/lyj/mnt/project/zoology/checkpoints/flash-vqg-20260526-gdn-flash-fairness-phase4-banked-s124-2026-05-26-19-26-19/banked-h2-b4-k256-v64-sharedv-s124-d123-b64-ga4-fp32-noearly4ep/last.pt,true,c8623401fab0490fbedef24b4a3af0b2cd23b8c5afa952206087fc9d84a43c9a,10780668,2026-05-26T20:02:09.520784+00:00,3,,0.26756468415260315,0.9728310546875,0.786109375,1643992.0,131072,131072,mqar-vocab8192-pass1-seed123-rnq1-power0.01-4096x1024-n8,multiquery_ar,8192,4096,1024,1,8,8,true,123,true,0.01,,,completed,4096x1024,4096,1024,8,8;4;2;1,8,2211.89794921875,,same_gpu_same_dtype_same_runner_only,true,0,0,NVIDIA GeForce RTX 2080 Ti,11264,7.5,GPU-57c29499-bcb3-27f6-4360-e60939528a9b,2.6.0+cu118,11.8,550.120,float32,float32,gdn_flash_fairness_phase4_banked_k_multiseed,NVIDIA_GeForce_RTX_2080_Ti-11264MiB-cc7.5-driver550.120-torch2.6.0+cu118-cuda11.8,8.798845291137695,0.006591796875,8.798845291137695,0.006591796875,34.042596101760864,00:00:34,2211.89794921875,2211.89794921875,4546.0,NVIDIA_GeForce_RTX_2080_Ti-11264MiB-cc7.5-driver550.120-torch2.6.0+cu118-cuda11.8,measured_current_host,0,0,NVIDIA GeForce RTX 2080 Ti,11264,7.5,GPU-57c29499-bcb3-27f6-4360-e60939528a9b,2.6.0+cu118,11.8,550.120,b83328a02358ed088169372940d5876f7633859e,b83328a02358ed088169372940d5876f7633859e,811e1ce5f140e97d93ad6f1adae07b95b4219143,docs/artifacts/gdn-flash-fairness-20260526/phase5-longer-mqar,docs/artifacts/gdn-flash-fairness-20260526/phase4-banked-k-final.csv,tmp/20260526-gdn-flash-fairness-phase5-longer-mqar/logs/batch-search-candidate-banked-h2-b4-k256-v64-sharedv-s124-d123-b64-ga4-fp32-noearly4ep-4096x1024-n8-b8-gpu0.log,,,,123,8b3b88e822143a04aca442bf560e9b745331342bc5f480f6067d681340d73cba,"sha256(inputs,labels)",8x4096,8x4096,8,torch.int64/torch.int64,c8623401fab0490fbedef24b4a3af0b2cd23b8c5afa952206087fc9d84a43c9a,sha256,passed,true,,,,,2026-05-26T20:25:48.734899+00:00,2026-05-26T20:26:22.777495+00:00,completed,created_at_utc_minus_wall_clock_sec
2,20260526-gdn-flash-fairness-phase5-longer-mqar:batch_search:banked-h2-b4-k256-v64-sharedv-s125-d123-b64-ga4-fp32-noearly4ep:8190x2047:n8,20260526-gdn-flash-fairness-phase5-longer-mqar:batch_search:banked-h2-b4-k256-v64-sharedv-s125-d123-b64-ga4-fp32-noearly4ep:8190x2047:n8,20260526-gdn-flash-fairness-phase5-longer-mqar,longer_mqar_eval_only,longer_mqar_eval_only_gdn_flash_fairness_phase5_20260526,batch_search,completed,2026-05-26T20:26:45.826673+00:00,gdn,banked-h2-b4-k256-v64-sharedv-s125-d123-b64-ga4-fp32-noearly4ep,banked_k_shared_v_multiseed_followup,banked-h2-b4-k256-v64-sharedv-usegate0-s125-d123,gdn_flash_fairness_phase4_banked_k_multiseed,gdn_flash_fairness_phase4_b64_ga4_fp32,official_gdn_flash_fairness_phase4_b64_ga4_fp32,64,16,4,256,b64_ga4,float32,float32,float32,float32,float32,float32,125,123,gdn-banked-k-h2-b4-k256-v64-sharedv-usegate0,banked-h2-b4-k256-v64-sharedv-usegate0-s125-d123,,,2,,False,True,4,4,4,2,True,checkpoints/flash-vqg-20260526-gdn-flash-fairness-phase4-banked-s125-2026-05-26-19-26-19/banked-h2-b4-k256-v64-sharedv-s125-d123-b64-ga4-fp32-noearly4ep/train_config.json,/home/lyj/mnt/project/zoology/checkpoints/flash-vqg-20260526-gdn-flash-fairness-phase4-banked-s125-2026-05-26-19-26-19/banked-h2-b4-k256-v64-sharedv-s125-d123-b64-ga4-fp32-noearly4ep/train_config.json,f120fc9a345fe986cd9e90008ae5121e289c44ebcf7aa572c3faed1041eb27b3,sha256:fdc827defab41877c79ba97249c47b0770cc9002c8cc8f5578b2e3aaf60cab3d,last.pt_epoch4_final,checkpoints/flash-vqg-20260526-gdn-flash-fairness-phase4-banked-s125-2026-05-26-19-26-19/banked-h2-b4-k256-v64-sharedv-s125-d123-b64-ga4-fp32-noearly4ep/last.pt,/home/lyj/mnt/project/zoology/checkpoints/flash-vqg-20260526-gdn-flash-fairness-phase4-banked-s125-2026-05-26-19-26-19/banked-h2-b4-k256-v64-sharedv-s125-d123-b64-ga4-fp32-noearly4ep/last.pt,true,fdc827defab41877c79ba97249c47b0770cc9002c8cc8f5578b2e3aaf60cab3d,10780668,2026-05-26T19:47:00.384045+00:00,3,,0.3376331925392151,0.9502275390625,0.615984375,1643992.0,131072,131072,mqar-vocab8192-pass1-seed123-rnq1-power0.01-8190x2047-n8,multiquery_ar,8192,8190,2047,1,8,8,true,123,true,0.01,,,completed,8190x2047,8190,2047,8,8;4;2;1,8,4153.3642578125,,same_gpu_same_dtype_same_runner_only,true,1,1,NVIDIA GeForce RTX 2080 Ti,11264,7.5,GPU-0def3eeb-c2d0-4f49-ec2a-ebc1d8453b98,2.6.0+cu118,11.8,550.120,float32,float32,gdn_flash_fairness_phase4_banked_k_multiseed,NVIDIA_GeForce_RTX_2080_Ti-11264MiB-cc7.5-driver550.120-torch2.6.0+cu118-cuda11.8,10.841124534606934,0.00018319491939423546,10.841124534606934,0.00018319491939423546,38.12044358253479,00:00:38,4153.3642578125,4153.3642578125,8410.0,NVIDIA_GeForce_RTX_2080_Ti-11264MiB-cc7.5-driver550.120-torch2.6.0+cu118-cuda11.8,measured_current_host,1,1,NVIDIA GeForce RTX 2080 Ti,11264,7.5,GPU-0def3eeb-c2d0-4f49-ec2a-ebc1d8453b98,2.6.0+cu118,11.8,550.120,b83328a02358ed088169372940d5876f7633859e,b83328a02358ed088169372940d5876f7633859e,811e1ce5f140e97d93ad6f1adae07b95b4219143,docs/artifacts/gdn-flash-fairness-20260526/phase5-longer-mqar,docs/artifacts/gdn-flash-fairness-20260526/phase4-banked-k-final.csv,tmp/20260526-gdn-flash-fairness-phase5-longer-mqar/logs/batch-search-candidate-banked-h2-b4-k256-v64-sharedv-s125-d123-b64-ga4-fp32-noearly4ep-8190x2047-n8-b8-gpu1.log,,,,123,663eacf2a7ca61fe02e95a8d35f047f2b3c8966f1fa28b952493e824adc09e88,"sha256(inputs,labels)",8x8190,8x8190,8,torch.int64/torch.int64,fdc827defab41877c79ba97249c47b0770cc9002c8cc8f5578b2e3aaf60cab3d,sha256,passed,true,,,,,2026-05-26T20:26:07.706229+00:00,2026-05-26T20:26:45.826673+00:00,completed,created_at_utc_minus_wall_clock_sec
2,20260526-gdn-flash-fairness-phase5-longer-mqar:batch_search:banked-h2-b4-k256-v64-sharedv-s124-d123-b64-ga4-fp32-noearly4ep:8190x512:n8,20260526-gdn-flash-fairness-phase5-longer-mqar:batch_search:banked-h2-b4-k256-v64-sharedv-s124-d123-b64-ga4-fp32-noearly4ep:8190x512:n8,20260526-gdn-flash-fairness-phase5-longer-mqar,longer_mqar_eval_only,longer_mqar_eval_only_gdn_flash_fairness_phase5_20260526,batch_search,completed,2026-05-26T20:27:13.816642+00:00,gdn,banked-h2-b4-k256-v64-sharedv-s124-d123-b64-ga4-fp32-noearly4ep,banked_k_shared_v_multiseed_followup,banked-h2-b4-k256-v64-sharedv-usegate0-s124-d123,gdn_flash_fairness_phase4_banked_k_multiseed,gdn_flash_fairness_phase4_b64_ga4_fp32,official_gdn_flash_fairness_phase4_b64_ga4_fp32,64,16,4,256,b64_ga4,float32,float32,float32,float32,float32,float32,124,123,gdn-banked-k-h2-b4-k256-v64-sharedv-usegate0,banked-h2-b4-k256-v64-sharedv-usegate0-s124-d123,,,2,,False,True,4,4,4,2,True,checkpoints/flash-vqg-20260526-gdn-flash-fairness-phase4-banked-s124-2026-05-26-19-26-19/banked-h2-b4-k256-v64-sharedv-s124-d123-b64-ga4-fp32-noearly4ep/train_config.json,/home/lyj/mnt/project/zoology/checkpoints/flash-vqg-20260526-gdn-flash-fairness-phase4-banked-s124-2026-05-26-19-26-19/banked-h2-b4-k256-v64-sharedv-s124-d123-b64-ga4-fp32-noearly4ep/train_config.json,d324452e1d0027e5b872767d782f416ad31701fd8ce0453df818b2bee08affb8,sha256:c8623401fab0490fbedef24b4a3af0b2cd23b8c5afa952206087fc9d84a43c9a,last.pt_epoch4_final,checkpoints/flash-vqg-20260526-gdn-flash-fairness-phase4-banked-s124-2026-05-26-19-26-19/banked-h2-b4-k256-v64-sharedv-s124-d123-b64-ga4-fp32-noearly4ep/last.pt,/home/lyj/mnt/project/zoology/checkpoints/flash-vqg-20260526-gdn-flash-fairness-phase4-banked-s124-2026-05-26-19-26-19/banked-h2-b4-k256-v64-sharedv-s124-d123-b64-ga4-fp32-noearly4ep/last.pt,true,c8623401fab0490fbedef24b4a3af0b2cd23b8c5afa952206087fc9d84a43c9a,10780668,2026-05-26T20:02:09.520784+00:00,3,,0.26756468415260315,0.9728310546875,0.786109375,1643992.0,131072,131072,mqar-vocab8192-pass1-seed123-rnq1-power0.01-8190x512-n8,multiquery_ar,8192,8190,512,1,8,8,true,123,true,0.01,,,completed,8190x512,8190,512,8,8;4;2;1,8,4153.3642578125,,same_gpu_same_dtype_same_runner_only,true,0,0,NVIDIA GeForce RTX 2080 Ti,11264,7.5,GPU-57c29499-bcb3-27f6-4360-e60939528a9b,2.6.0+cu118,11.8,550.120,float32,float32,gdn_flash_fairness_phase4_banked_k_multiseed,NVIDIA_GeForce_RTX_2080_Ti-11264MiB-cc7.5-driver550.120-torch2.6.0+cu118-cuda11.8,7.076399326324463,0.08056640625,7.076399326324463,0.08056640625,50.18397402763367,00:00:50,4153.3642578125,4153.3642578125,8410.0,NVIDIA_GeForce_RTX_2080_Ti-11264MiB-cc7.5-driver550.120-torch2.6.0+cu118-cuda11.8,measured_current_host,0,0,NVIDIA GeForce RTX 2080 Ti,11264,7.5,GPU-57c29499-bcb3-27f6-4360-e60939528a9b,2.6.0+cu118,11.8,550.120,b83328a02358ed088169372940d5876f7633859e,b83328a02358ed088169372940d5876f7633859e,811e1ce5f140e97d93ad6f1adae07b95b4219143,docs/artifacts/gdn-flash-fairness-20260526/phase5-longer-mqar,docs/artifacts/gdn-flash-fairness-20260526/phase4-banked-k-final.csv,tmp/20260526-gdn-flash-fairness-phase5-longer-mqar/logs/batch-search-candidate-banked-h2-b4-k256-v64-sharedv-s124-d123-b64-ga4-fp32-noearly4ep-8190x512-n8-b8-gpu0.log,,,,123,ec5e87372eb79531362f722e999bb8c564260102003ea68ccc89db3341756a7b,"sha256(inputs,labels)",8x8190,8x8190,8,torch.int64/torch.int64,c8623401fab0490fbedef24b4a3af0b2cd23b8c5afa952206087fc9d84a43c9a,sha256,passed,true,,,,,2026-05-26T20:26:23.632668+00:00,2026-05-26T20:27:13.816642+00:00,completed,created_at_utc_minus_wall_clock_sec
2,20260526-gdn-flash-fairness-phase5-longer-mqar:formal:banked-h2-b4-k256-v64-sharedv-s125-d123-b64-ga4-fp32-noearly4ep:1024x256:n500,20260526-gdn-flash-fairness-phase5-longer-mqar:formal:banked-h2-b4-k256-v64-sharedv-s125-d123-b64-ga4-fp32-noearly4ep:1024x256:n500,20260526-gdn-flash-fairness-phase5-longer-mqar,longer_mqar_eval_only,longer_mqar_eval_only_gdn_flash_fairness_phase5_20260526,formal,completed,2026-05-26T20:27:19.144111+00:00,gdn,banked-h2-b4-k256-v64-sharedv-s125-d123-b64-ga4-fp32-noearly4ep,banked_k_shared_v_multiseed_followup,banked-h2-b4-k256-v64-sharedv-usegate0-s125-d123,gdn_flash_fairness_phase4_banked_k_multiseed,gdn_flash_fairness_phase4_b64_ga4_fp32,official_gdn_flash_fairness_phase4_b64_ga4_fp32,64,16,4,256,b64_ga4,float32,float32,float32,float32,float32,float32,125,123,gdn-banked-k-h2-b4-k256-v64-sharedv-usegate0,banked-h2-b4-k256-v64-sharedv-usegate0-s125-d123,,,2,,False,True,4,4,4,2,True,checkpoints/flash-vqg-20260526-gdn-flash-fairness-phase4-banked-s125-2026-05-26-19-26-19/banked-h2-b4-k256-v64-sharedv-s125-d123-b64-ga4-fp32-noearly4ep/train_config.json,/home/lyj/mnt/project/zoology/checkpoints/flash-vqg-20260526-gdn-flash-fairness-phase4-banked-s125-2026-05-26-19-26-19/banked-h2-b4-k256-v64-sharedv-s125-d123-b64-ga4-fp32-noearly4ep/train_config.json,f120fc9a345fe986cd9e90008ae5121e289c44ebcf7aa572c3faed1041eb27b3,sha256:fdc827defab41877c79ba97249c47b0770cc9002c8cc8f5578b2e3aaf60cab3d,last.pt_epoch4_final,checkpoints/flash-vqg-20260526-gdn-flash-fairness-phase4-banked-s125-2026-05-26-19-26-19/banked-h2-b4-k256-v64-sharedv-s125-d123-b64-ga4-fp32-noearly4ep/last.pt,/home/lyj/mnt/project/zoology/checkpoints/flash-vqg-20260526-gdn-flash-fairness-phase4-banked-s125-2026-05-26-19-26-19/banked-h2-b4-k256-v64-sharedv-s125-d123-b64-ga4-fp32-noearly4ep/last.pt,true,fdc827defab41877c79ba97249c47b0770cc9002c8cc8f5578b2e3aaf60cab3d,10780668,2026-05-26T19:47:00.384045+00:00,3,,0.3376331925392151,0.9502275390625,0.615984375,1643992.0,131072,131072,mqar-vocab8192-pass1-seed123-rnq1-power0.01-1024x256-n500,multiquery_ar,8192,1024,256,1,500,8,true,123,true,0.01,,,completed,1024x256,1024,256,8,8;4;2;1,8,755.78076171875,,same_gpu_same_dtype_same_runner_only,true,1,1,NVIDIA GeForce RTX 2080 Ti,11264,7.5,GPU-0def3eeb-c2d0-4f49-ec2a-ebc1d8453b98,2.6.0+cu118,11.8,550.120,float32,float32,gdn_flash_fairness_phase4_banked_k_multiseed,NVIDIA_GeForce_RTX_2080_Ti-11264MiB-cc7.5-driver550.120-torch2.6.0+cu118-cuda11.8,2.2803544998168945,0.6185859375,2.2803544998168945,0.6185859375,32.404656410217285,00:00:32,755.78076171875,755.78076171875,940.0,NVIDIA_GeForce_RTX_2080_Ti-11264MiB-cc7.5-driver550.120-torch2.6.0+cu118-cuda11.8,measured_current_host,1,1,NVIDIA GeForce RTX 2080 Ti,11264,7.5,GPU-0def3eeb-c2d0-4f49-ec2a-ebc1d8453b98,2.6.0+cu118,11.8,550.120,b83328a02358ed088169372940d5876f7633859e,b83328a02358ed088169372940d5876f7633859e,811e1ce5f140e97d93ad6f1adae07b95b4219143,docs/artifacts/gdn-flash-fairness-20260526/phase5-longer-mqar,docs/artifacts/gdn-flash-fairness-20260526/phase4-banked-k-final.csv,tmp/20260526-gdn-flash-fairness-phase5-longer-mqar/logs/formal-banked-h2-b4-k256-v64-sharedv-s125-d123-b64-ga4-fp32-noearly4ep-1024x256-n500-b8-gpu1.log,,,,123,f30f1e09e1300deb2e0f430d7c50c47a77f58f43657aa4d6f425f938a91a9acb,"sha256(inputs,labels)",500x1024,500x1024,500,torch.int64/torch.int64,fdc827defab41877c79ba97249c47b0770cc9002c8cc8f5578b2e3aaf60cab3d,sha256,passed,true,,,,,2026-05-26T20:26:46.739455+00:00,2026-05-26T20:27:19.144111+00:00,completed,created_at_utc_minus_wall_clock_sec
2,20260526-gdn-flash-fairness-phase5-longer-mqar:formal:banked-h2-b4-k256-v64-sharedv-s125-d123-b64-ga4-fp32-noearly4ep:2048x512:n500,20260526-gdn-flash-fairness-phase5-longer-mqar:formal:banked-h2-b4-k256-v64-sharedv-s125-d123-b64-ga4-fp32-noearly4ep:2048x512:n500,20260526-gdn-flash-fairness-phase5-longer-mqar,longer_mqar_eval_only,longer_mqar_eval_only_gdn_flash_fairness_phase5_20260526,formal,completed,2026-05-26T20:27:56.263207+00:00,gdn,banked-h2-b4-k256-v64-sharedv-s125-d123-b64-ga4-fp32-noearly4ep,banked_k_shared_v_multiseed_followup,banked-h2-b4-k256-v64-sharedv-usegate0-s125-d123,gdn_flash_fairness_phase4_banked_k_multiseed,gdn_flash_fairness_phase4_b64_ga4_fp32,official_gdn_flash_fairness_phase4_b64_ga4_fp32,64,16,4,256,b64_ga4,float32,float32,float32,float32,float32,float32,125,123,gdn-banked-k-h2-b4-k256-v64-sharedv-usegate0,banked-h2-b4-k256-v64-sharedv-usegate0-s125-d123,,,2,,False,True,4,4,4,2,True,checkpoints/flash-vqg-20260526-gdn-flash-fairness-phase4-banked-s125-2026-05-26-19-26-19/banked-h2-b4-k256-v64-sharedv-s125-d123-b64-ga4-fp32-noearly4ep/train_config.json,/home/lyj/mnt/project/zoology/checkpoints/flash-vqg-20260526-gdn-flash-fairness-phase4-banked-s125-2026-05-26-19-26-19/banked-h2-b4-k256-v64-sharedv-s125-d123-b64-ga4-fp32-noearly4ep/train_config.json,f120fc9a345fe986cd9e90008ae5121e289c44ebcf7aa572c3faed1041eb27b3,sha256:fdc827defab41877c79ba97249c47b0770cc9002c8cc8f5578b2e3aaf60cab3d,last.pt_epoch4_final,checkpoints/flash-vqg-20260526-gdn-flash-fairness-phase4-banked-s125-2026-05-26-19-26-19/banked-h2-b4-k256-v64-sharedv-s125-d123-b64-ga4-fp32-noearly4ep/last.pt,/home/lyj/mnt/project/zoology/checkpoints/flash-vqg-20260526-gdn-flash-fairness-phase4-banked-s125-2026-05-26-19-26-19/banked-h2-b4-k256-v64-sharedv-s125-d123-b64-ga4-fp32-noearly4ep/last.pt,true,fdc827defab41877c79ba97249c47b0770cc9002c8cc8f5578b2e3aaf60cab3d,10780668,2026-05-26T19:47:00.384045+00:00,3,,0.3376331925392151,0.9502275390625,0.615984375,1643992.0,131072,131072,mqar-vocab8192-pass1-seed123-rnq1-power0.01-2048x512-n500,multiquery_ar,8192,2048,512,1,500,8,true,123,true,0.01,,,completed,2048x512,2048,512,8,8;4;2;1,8,1241.14794921875,,same_gpu_same_dtype_same_runner_only,true,1,1,NVIDIA GeForce RTX 2080 Ti,11264,7.5,GPU-0def3eeb-c2d0-4f49-ec2a-ebc1d8453b98,2.6.0+cu118,11.8,550.120,float32,float32,gdn_flash_fairness_phase4_banked_k_multiseed,NVIDIA_GeForce_RTX_2080_Ti-11264MiB-cc7.5-driver550.120-torch2.6.0+cu118-cuda11.8,6.1658782958984375,0.0686875,6.1658782958984375,0.0686875,36.268872022628784,00:00:36,1241.14794921875,1241.14794921875,2390.0,NVIDIA_GeForce_RTX_2080_Ti-11264MiB-cc7.5-driver550.120-torch2.6.0+cu118-cuda11.8,measured_current_host,1,1,NVIDIA GeForce RTX 2080 Ti,11264,7.5,GPU-0def3eeb-c2d0-4f49-ec2a-ebc1d8453b98,2.6.0+cu118,11.8,550.120,b83328a02358ed088169372940d5876f7633859e,b83328a02358ed088169372940d5876f7633859e,811e1ce5f140e97d93ad6f1adae07b95b4219143,docs/artifacts/gdn-flash-fairness-20260526/phase5-longer-mqar,docs/artifacts/gdn-flash-fairness-20260526/phase4-banked-k-final.csv,tmp/20260526-gdn-flash-fairness-phase5-longer-mqar/logs/formal-banked-h2-b4-k256-v64-sharedv-s125-d123-b64-ga4-fp32-noearly4ep-2048x512-n500-b8-gpu1.log,,,,123,e446efc9f4dc774377c56c403a468c747870beb18ff0320f15df794dcb69f015,"sha256(inputs,labels)",500x2048,500x2048,500,torch.int64/torch.int64,fdc827defab41877c79ba97249c47b0770cc9002c8cc8f5578b2e3aaf60cab3d,sha256,passed,true,,,,,2026-05-26T20:27:19.994335+00:00,2026-05-26T20:27:56.263207+00:00,completed,created_at_utc_minus_wall_clock_sec
2,20260526-gdn-flash-fairness-phase5-longer-mqar:batch_search:banked-h2-b4-k256-v64-sharedv-s124-d123-b64-ga4-fp32-noearly4ep:8190x2047:n8,20260526-gdn-flash-fairness-phase5-longer-mqar:batch_search:banked-h2-b4-k256-v64-sharedv-s124-d123-b64-ga4-fp32-noearly4ep:8190x2047:n8,20260526-gdn-flash-fairness-phase5-longer-mqar,longer_mqar_eval_only,longer_mqar_eval_only_gdn_flash_fairness_phase5_20260526,batch_search,completed,2026-05-26T20:28:05.716294+00:00,gdn,banked-h2-b4-k256-v64-sharedv-s124-d123-b64-ga4-fp32-noearly4ep,banked_k_shared_v_multiseed_followup,banked-h2-b4-k256-v64-sharedv-usegate0-s124-d123,gdn_flash_fairness_phase4_banked_k_multiseed,gdn_flash_fairness_phase4_b64_ga4_fp32,official_gdn_flash_fairness_phase4_b64_ga4_fp32,64,16,4,256,b64_ga4,float32,float32,float32,float32,float32,float32,124,123,gdn-banked-k-h2-b4-k256-v64-sharedv-usegate0,banked-h2-b4-k256-v64-sharedv-usegate0-s124-d123,,,2,,False,True,4,4,4,2,True,checkpoints/flash-vqg-20260526-gdn-flash-fairness-phase4-banked-s124-2026-05-26-19-26-19/banked-h2-b4-k256-v64-sharedv-s124-d123-b64-ga4-fp32-noearly4ep/train_config.json,/home/lyj/mnt/project/zoology/checkpoints/flash-vqg-20260526-gdn-flash-fairness-phase4-banked-s124-2026-05-26-19-26-19/banked-h2-b4-k256-v64-sharedv-s124-d123-b64-ga4-fp32-noearly4ep/train_config.json,d324452e1d0027e5b872767d782f416ad31701fd8ce0453df818b2bee08affb8,sha256:c8623401fab0490fbedef24b4a3af0b2cd23b8c5afa952206087fc9d84a43c9a,last.pt_epoch4_final,checkpoints/flash-vqg-20260526-gdn-flash-fairness-phase4-banked-s124-2026-05-26-19-26-19/banked-h2-b4-k256-v64-sharedv-s124-d123-b64-ga4-fp32-noearly4ep/last.pt,/home/lyj/mnt/project/zoology/checkpoints/flash-vqg-20260526-gdn-flash-fairness-phase4-banked-s124-2026-05-26-19-26-19/banked-h2-b4-k256-v64-sharedv-s124-d123-b64-ga4-fp32-noearly4ep/last.pt,true,c8623401fab0490fbedef24b4a3af0b2cd23b8c5afa952206087fc9d84a43c9a,10780668,2026-05-26T20:02:09.520784+00:00,3,,0.26756468415260315,0.9728310546875,0.786109375,1643992.0,131072,131072,mqar-vocab8192-pass1-seed123-rnq1-power0.01-8190x2047-n8,multiquery_ar,8192,8190,2047,1,8,8,true,123,true,0.01,,,completed,8190x2047,8190,2047,8,8;4;2;1,8,4153.3642578125,,same_gpu_same_dtype_same_runner_only,true,0,0,NVIDIA GeForce RTX 2080 Ti,11264,7.5,GPU-57c29499-bcb3-27f6-4360-e60939528a9b,2.6.0+cu118,11.8,550.120,float32,float32,gdn_flash_fairness_phase4_banked_k_multiseed,NVIDIA_GeForce_RTX_2080_Ti-11264MiB-cc7.5-driver550.120-torch2.6.0+cu118-cuda11.8,10.137825012207031,0.0005495847581827064,10.137825012207031,0.0005495847581827064,51.03955698013306,00:00:51,4153.3642578125,4153.3642578125,8410.0,NVIDIA_GeForce_RTX_2080_Ti-11264MiB-cc7.5-driver550.120-torch2.6.0+cu118-cuda11.8,measured_current_host,0,0,NVIDIA GeForce RTX 2080 Ti,11264,7.5,GPU-57c29499-bcb3-27f6-4360-e60939528a9b,2.6.0+cu118,11.8,550.120,b83328a02358ed088169372940d5876f7633859e,b83328a02358ed088169372940d5876f7633859e,811e1ce5f140e97d93ad6f1adae07b95b4219143,docs/artifacts/gdn-flash-fairness-20260526/phase5-longer-mqar,docs/artifacts/gdn-flash-fairness-20260526/phase4-banked-k-final.csv,tmp/20260526-gdn-flash-fairness-phase5-longer-mqar/logs/batch-search-candidate-banked-h2-b4-k256-v64-sharedv-s124-d123-b64-ga4-fp32-noearly4ep-8190x2047-n8-b8-gpu0.log,,,,123,663eacf2a7ca61fe02e95a8d35f047f2b3c8966f1fa28b952493e824adc09e88,"sha256(inputs,labels)",8x8190,8x8190,8,torch.int64/torch.int64,c8623401fab0490fbedef24b4a3af0b2cd23b8c5afa952206087fc9d84a43c9a,sha256,passed,true,,,,,2026-05-26T20:27:14.676737+00:00,2026-05-26T20:28:05.716294+00:00,completed,created_at_utc_minus_wall_clock_sec
2,20260526-gdn-flash-fairness-phase5-longer-mqar:formal:banked-h2-b4-k256-v64-sharedv-s125-d123-b64-ga4-fp32-noearly4ep:4096x1024:n500,20260526-gdn-flash-fairness-phase5-longer-mqar:formal:banked-h2-b4-k256-v64-sharedv-s125-d123-b64-ga4-fp32-noearly4ep:4096x1024:n500,20260526-gdn-flash-fairness-phase5-longer-mqar,longer_mqar_eval_only,longer_mqar_eval_only_gdn_flash_fairness_phase5_20260526,formal,completed,2026-05-26T20:28:40.765719+00:00,gdn,banked-h2-b4-k256-v64-sharedv-s125-d123-b64-ga4-fp32-noearly4ep,banked_k_shared_v_multiseed_followup,banked-h2-b4-k256-v64-sharedv-usegate0-s125-d123,gdn_flash_fairness_phase4_banked_k_multiseed,gdn_flash_fairness_phase4_b64_ga4_fp32,official_gdn_flash_fairness_phase4_b64_ga4_fp32,64,16,4,256,b64_ga4,float32,float32,float32,float32,float32,float32,125,123,gdn-banked-k-h2-b4-k256-v64-sharedv-usegate0,banked-h2-b4-k256-v64-sharedv-usegate0-s125-d123,,,2,,False,True,4,4,4,2,True,checkpoints/flash-vqg-20260526-gdn-flash-fairness-phase4-banked-s125-2026-05-26-19-26-19/banked-h2-b4-k256-v64-sharedv-s125-d123-b64-ga4-fp32-noearly4ep/train_config.json,/home/lyj/mnt/project/zoology/checkpoints/flash-vqg-20260526-gdn-flash-fairness-phase4-banked-s125-2026-05-26-19-26-19/banked-h2-b4-k256-v64-sharedv-s125-d123-b64-ga4-fp32-noearly4ep/train_config.json,f120fc9a345fe986cd9e90008ae5121e289c44ebcf7aa572c3faed1041eb27b3,sha256:fdc827defab41877c79ba97249c47b0770cc9002c8cc8f5578b2e3aaf60cab3d,last.pt_epoch4_final,checkpoints/flash-vqg-20260526-gdn-flash-fairness-phase4-banked-s125-2026-05-26-19-26-19/banked-h2-b4-k256-v64-sharedv-s125-d123-b64-ga4-fp32-noearly4ep/last.pt,/home/lyj/mnt/project/zoology/checkpoints/flash-vqg-20260526-gdn-flash-fairness-phase4-banked-s125-2026-05-26-19-26-19/banked-h2-b4-k256-v64-sharedv-s125-d123-b64-ga4-fp32-noearly4ep/last.pt,true,fdc827defab41877c79ba97249c47b0770cc9002c8cc8f5578b2e3aaf60cab3d,10780668,2026-05-26T19:47:00.384045+00:00,3,,0.3376331925392151,0.9502275390625,0.615984375,1643992.0,131072,131072,mqar-vocab8192-pass1-seed123-rnq1-power0.01-4096x1024-n500,multiquery_ar,8192,4096,1024,1,500,8,true,123,true,0.01,,,completed,4096x1024,4096,1024,8,8;4;2;1,8,2211.89794921875,,same_gpu_same_dtype_same_runner_only,true,1,1,NVIDIA GeForce RTX 2080 Ti,11264,7.5,GPU-0def3eeb-c2d0-4f49-ec2a-ebc1d8453b98,2.6.0+cu118,11.8,550.120,float32,float32,gdn_flash_fairness_phase4_banked_k_multiseed,NVIDIA_GeForce_RTX_2080_Ti-11264MiB-cc7.5-driver550.120-torch2.6.0+cu118-cuda11.8,9.424603462219238,0.00262109375,9.424603462219238,0.00262109375,43.57048034667969,00:00:43,2211.89794921875,2211.89794921875,4548.0,NVIDIA_GeForce_RTX_2080_Ti-11264MiB-cc7.5-driver550.120-torch2.6.0+cu118-cuda11.8,measured_current_host,1,1,NVIDIA GeForce RTX 2080 Ti,11264,7.5,GPU-0def3eeb-c2d0-4f49-ec2a-ebc1d8453b98,2.6.0+cu118,11.8,550.120,b83328a02358ed088169372940d5876f7633859e,b83328a02358ed088169372940d5876f7633859e,811e1ce5f140e97d93ad6f1adae07b95b4219143,docs/artifacts/gdn-flash-fairness-20260526/phase5-longer-mqar,docs/artifacts/gdn-flash-fairness-20260526/phase4-banked-k-final.csv,tmp/20260526-gdn-flash-fairness-phase5-longer-mqar/logs/formal-banked-h2-b4-k256-v64-sharedv-s125-d123-b64-ga4-fp32-noearly4ep-4096x1024-n500-b8-gpu1.log,,,,123,0981292ce8ebea1402a4c3a7a6655dfc1de42688c329bd5ea921541a0f1d16ed,"sha256(inputs,labels)",500x4096,500x4096,500,torch.int64/torch.int64,fdc827defab41877c79ba97249c47b0770cc9002c8cc8f5578b2e3aaf60cab3d,sha256,passed,true,,,,,2026-05-26T20:27:57.195239+00:00,2026-05-26T20:28:40.765719+00:00,completed,created_at_utc_minus_wall_clock_sec
2,20260526-gdn-flash-fairness-phase5-longer-mqar:formal:banked-h2-b4-k256-v64-sharedv-s124-d123-b64-ga4-fp32-noearly4ep:1024x256:n500,20260526-gdn-flash-fairness-phase5-longer-mqar:formal:banked-h2-b4-k256-v64-sharedv-s124-d123-b64-ga4-fp32-noearly4ep:1024x256:n500,20260526-gdn-flash-fairness-phase5-longer-mqar,longer_mqar_eval_only,longer_mqar_eval_only_gdn_flash_fairness_phase5_20260526,formal,completed,2026-05-26T20:28:41.819390+00:00,gdn,banked-h2-b4-k256-v64-sharedv-s124-d123-b64-ga4-fp32-noearly4ep,banked_k_shared_v_multiseed_followup,banked-h2-b4-k256-v64-sharedv-usegate0-s124-d123,gdn_flash_fairness_phase4_banked_k_multiseed,gdn_flash_fairness_phase4_b64_ga4_fp32,official_gdn_flash_fairness_phase4_b64_ga4_fp32,64,16,4,256,b64_ga4,float32,float32,float32,float32,float32,float32,124,123,gdn-banked-k-h2-b4-k256-v64-sharedv-usegate0,banked-h2-b4-k256-v64-sharedv-usegate0-s124-d123,,,2,,False,True,4,4,4,2,True,checkpoints/flash-vqg-20260526-gdn-flash-fairness-phase4-banked-s124-2026-05-26-19-26-19/banked-h2-b4-k256-v64-sharedv-s124-d123-b64-ga4-fp32-noearly4ep/train_config.json,/home/lyj/mnt/project/zoology/checkpoints/flash-vqg-20260526-gdn-flash-fairness-phase4-banked-s124-2026-05-26-19-26-19/banked-h2-b4-k256-v64-sharedv-s124-d123-b64-ga4-fp32-noearly4ep/train_config.json,d324452e1d0027e5b872767d782f416ad31701fd8ce0453df818b2bee08affb8,sha256:c8623401fab0490fbedef24b4a3af0b2cd23b8c5afa952206087fc9d84a43c9a,last.pt_epoch4_final,checkpoints/flash-vqg-20260526-gdn-flash-fairness-phase4-banked-s124-2026-05-26-19-26-19/banked-h2-b4-k256-v64-sharedv-s124-d123-b64-ga4-fp32-noearly4ep/last.pt,/home/lyj/mnt/project/zoology/checkpoints/flash-vqg-20260526-gdn-flash-fairness-phase4-banked-s124-2026-05-26-19-26-19/banked-h2-b4-k256-v64-sharedv-s124-d123-b64-ga4-fp32-noearly4ep/last.pt,true,c8623401fab0490fbedef24b4a3af0b2cd23b8c5afa952206087fc9d84a43c9a,10780668,2026-05-26T20:02:09.520784+00:00,3,,0.26756468415260315,0.9728310546875,0.786109375,1643992.0,131072,131072,mqar-vocab8192-pass1-seed123-rnq1-power0.01-1024x256-n500,multiquery_ar,8192,1024,256,1,500,8,true,123,true,0.01,,,completed,1024x256,1024,256,8,8;4;2;1,8,755.78076171875,,same_gpu_same_dtype_same_runner_only,true,0,0,NVIDIA GeForce RTX 2080 Ti,11264,7.5,GPU-57c29499-bcb3-27f6-4360-e60939528a9b,2.6.0+cu118,11.8,550.120,float32,float32,gdn_flash_fairness_phase4_banked_k_multiseed,NVIDIA_GeForce_RTX_2080_Ti-11264MiB-cc7.5-driver550.120-torch2.6.0+cu118-cuda11.8,1.8411964178085327,0.787703125,1.8411964178085327,0.787703125,35.20303559303284,00:00:35,755.78076171875,755.78076171875,940.0,NVIDIA_GeForce_RTX_2080_Ti-11264MiB-cc7.5-driver550.120-torch2.6.0+cu118-cuda11.8,measured_current_host,0,0,NVIDIA GeForce RTX 2080 Ti,11264,7.5,GPU-57c29499-bcb3-27f6-4360-e60939528a9b,2.6.0+cu118,11.8,550.120,b83328a02358ed088169372940d5876f7633859e,b83328a02358ed088169372940d5876f7633859e,811e1ce5f140e97d93ad6f1adae07b95b4219143,docs/artifacts/gdn-flash-fairness-20260526/phase5-longer-mqar,docs/artifacts/gdn-flash-fairness-20260526/phase4-banked-k-final.csv,tmp/20260526-gdn-flash-fairness-phase5-longer-mqar/logs/formal-banked-h2-b4-k256-v64-sharedv-s124-d123-b64-ga4-fp32-noearly4ep-1024x256-n500-b8-gpu0.log,,,,123,f30f1e09e1300deb2e0f430d7c50c47a77f58f43657aa4d6f425f938a91a9acb,"sha256(inputs,labels)",500x1024,500x1024,500,torch.int64/torch.int64,c8623401fab0490fbedef24b4a3af0b2cd23b8c5afa952206087fc9d84a43c9a,sha256,passed,true,,,,,2026-05-26T20:28:06.616354+00:00,2026-05-26T20:28:41.819390+00:00,completed,created_at_utc_minus_wall_clock_sec
2,20260526-gdn-flash-fairness-phase5-longer-mqar:formal:banked-h2-b4-k256-v64-sharedv-s124-d123-b64-ga4-fp32-noearly4ep:2048x512:n500,20260526-gdn-flash-fairness-phase5-longer-mqar:formal:banked-h2-b4-k256-v64-sharedv-s124-d123-b64-ga4-fp32-noearly4ep:2048x512:n500,20260526-gdn-flash-fairness-phase5-longer-mqar,longer_mqar_eval_only,longer_mqar_eval_only_gdn_flash_fairness_phase5_20260526,formal,completed,2026-05-26T20:29:25.166989+00:00,gdn,banked-h2-b4-k256-v64-sharedv-s124-d123-b64-ga4-fp32-noearly4ep,banked_k_shared_v_multiseed_followup,banked-h2-b4-k256-v64-sharedv-usegate0-s124-d123,gdn_flash_fairness_phase4_banked_k_multiseed,gdn_flash_fairness_phase4_b64_ga4_fp32,official_gdn_flash_fairness_phase4_b64_ga4_fp32,64,16,4,256,b64_ga4,float32,float32,float32,float32,float32,float32,124,123,gdn-banked-k-h2-b4-k256-v64-sharedv-usegate0,banked-h2-b4-k256-v64-sharedv-usegate0-s124-d123,,,2,,False,True,4,4,4,2,True,checkpoints/flash-vqg-20260526-gdn-flash-fairness-phase4-banked-s124-2026-05-26-19-26-19/banked-h2-b4-k256-v64-sharedv-s124-d123-b64-ga4-fp32-noearly4ep/train_config.json,/home/lyj/mnt/project/zoology/checkpoints/flash-vqg-20260526-gdn-flash-fairness-phase4-banked-s124-2026-05-26-19-26-19/banked-h2-b4-k256-v64-sharedv-s124-d123-b64-ga4-fp32-noearly4ep/train_config.json,d324452e1d0027e5b872767d782f416ad31701fd8ce0453df818b2bee08affb8,sha256:c8623401fab0490fbedef24b4a3af0b2cd23b8c5afa952206087fc9d84a43c9a,last.pt_epoch4_final,checkpoints/flash-vqg-20260526-gdn-flash-fairness-phase4-banked-s124-2026-05-26-19-26-19/banked-h2-b4-k256-v64-sharedv-s124-d123-b64-ga4-fp32-noearly4ep/last.pt,/home/lyj/mnt/project/zoology/checkpoints/flash-vqg-20260526-gdn-flash-fairness-phase4-banked-s124-2026-05-26-19-26-19/banked-h2-b4-k256-v64-sharedv-s124-d123-b64-ga4-fp32-noearly4ep/last.pt,true,c8623401fab0490fbedef24b4a3af0b2cd23b8c5afa952206087fc9d84a43c9a,10780668,2026-05-26T20:02:09.520784+00:00,3,,0.26756468415260315,0.9728310546875,0.786109375,1643992.0,131072,131072,mqar-vocab8192-pass1-seed123-rnq1-power0.01-2048x512-n500,multiquery_ar,8192,2048,512,1,500,8,true,123,true,0.01,,,completed,2048x512,2048,512,8,8;4;2;1,8,1241.14794921875,,same_gpu_same_dtype_same_runner_only,true,0,0,NVIDIA GeForce RTX 2080 Ti,11264,7.5,GPU-57c29499-bcb3-27f6-4360-e60939528a9b,2.6.0+cu118,11.8,550.120,float32,float32,gdn_flash_fairness_phase4_banked_k_multiseed,NVIDIA_GeForce_RTX_2080_Ti-11264MiB-cc7.5-driver550.120-torch2.6.0+cu118-cuda11.8,5.5706963539123535,0.127859375,5.5706963539123535,0.127859375,42.50223684310913,00:00:42,1241.14794921875,1241.14794921875,2390.0,NVIDIA_GeForce_RTX_2080_Ti-11264MiB-cc7.5-driver550.120-torch2.6.0+cu118-cuda11.8,measured_current_host,0,0,NVIDIA GeForce RTX 2080 Ti,11264,7.5,GPU-57c29499-bcb3-27f6-4360-e60939528a9b,2.6.0+cu118,11.8,550.120,b83328a02358ed088169372940d5876f7633859e,b83328a02358ed088169372940d5876f7633859e,811e1ce5f140e97d93ad6f1adae07b95b4219143,docs/artifacts/gdn-flash-fairness-20260526/phase5-longer-mqar,docs/artifacts/gdn-flash-fairness-20260526/phase4-banked-k-final.csv,tmp/20260526-gdn-flash-fairness-phase5-longer-mqar/logs/formal-banked-h2-b4-k256-v64-sharedv-s124-d123-b64-ga4-fp32-noearly4ep-2048x512-n500-b8-gpu0.log,,,,123,e446efc9f4dc774377c56c403a468c747870beb18ff0320f15df794dcb69f015,"sha256(inputs,labels)",500x2048,500x2048,500,torch.int64/torch.int64,c8623401fab0490fbedef24b4a3af0b2cd23b8c5afa952206087fc9d84a43c9a,sha256,passed,true,,,,,2026-05-26T20:28:42.664752+00:00,2026-05-26T20:29:25.166989+00:00,completed,created_at_utc_minus_wall_clock_sec
2,20260526-gdn-flash-fairness-phase5-longer-mqar:formal:banked-h2-b4-k256-v64-sharedv-s125-d123-b64-ga4-fp32-noearly4ep:8190x512:n500,20260526-gdn-flash-fairness-phase5-longer-mqar:formal:banked-h2-b4-k256-v64-sharedv-s125-d123-b64-ga4-fp32-noearly4ep:8190x512:n500,20260526-gdn-flash-fairness-phase5-longer-mqar,longer_mqar_eval_only,longer_mqar_eval_only_gdn_flash_fairness_phase5_20260526,formal,completed,2026-05-26T20:29:40.793228+00:00,gdn,banked-h2-b4-k256-v64-sharedv-s125-d123-b64-ga4-fp32-noearly4ep,banked_k_shared_v_multiseed_followup,banked-h2-b4-k256-v64-sharedv-usegate0-s125-d123,gdn_flash_fairness_phase4_banked_k_multiseed,gdn_flash_fairness_phase4_b64_ga4_fp32,official_gdn_flash_fairness_phase4_b64_ga4_fp32,64,16,4,256,b64_ga4,float32,float32,float32,float32,float32,float32,125,123,gdn-banked-k-h2-b4-k256-v64-sharedv-usegate0,banked-h2-b4-k256-v64-sharedv-usegate0-s125-d123,,,2,,False,True,4,4,4,2,True,checkpoints/flash-vqg-20260526-gdn-flash-fairness-phase4-banked-s125-2026-05-26-19-26-19/banked-h2-b4-k256-v64-sharedv-s125-d123-b64-ga4-fp32-noearly4ep/train_config.json,/home/lyj/mnt/project/zoology/checkpoints/flash-vqg-20260526-gdn-flash-fairness-phase4-banked-s125-2026-05-26-19-26-19/banked-h2-b4-k256-v64-sharedv-s125-d123-b64-ga4-fp32-noearly4ep/train_config.json,f120fc9a345fe986cd9e90008ae5121e289c44ebcf7aa572c3faed1041eb27b3,sha256:fdc827defab41877c79ba97249c47b0770cc9002c8cc8f5578b2e3aaf60cab3d,last.pt_epoch4_final,checkpoints/flash-vqg-20260526-gdn-flash-fairness-phase4-banked-s125-2026-05-26-19-26-19/banked-h2-b4-k256-v64-sharedv-s125-d123-b64-ga4-fp32-noearly4ep/last.pt,/home/lyj/mnt/project/zoology/checkpoints/flash-vqg-20260526-gdn-flash-fairness-phase4-banked-s125-2026-05-26-19-26-19/banked-h2-b4-k256-v64-sharedv-s125-d123-b64-ga4-fp32-noearly4ep/last.pt,true,fdc827defab41877c79ba97249c47b0770cc9002c8cc8f5578b2e3aaf60cab3d,10780668,2026-05-26T19:47:00.384045+00:00,3,,0.3376331925392151,0.9502275390625,0.615984375,1643992.0,131072,131072,mqar-vocab8192-pass1-seed123-rnq1-power0.01-8190x512-n500,multiquery_ar,8192,8190,512,1,500,8,true,123,true,0.01,,,completed,8190x2047,8190,2047,8,8;4;2;1,8,4153.3642578125,,same_gpu_same_dtype_same_runner_only,true,1,1,NVIDIA GeForce RTX 2080 Ti,11264,7.5,GPU-0def3eeb-c2d0-4f49-ec2a-ebc1d8453b98,2.6.0+cu118,11.8,550.120,float32,float32,gdn_flash_fairness_phase4_banked_k_multiseed,NVIDIA_GeForce_RTX_2080_Ti-11264MiB-cc7.5-driver550.120-torch2.6.0+cu118-cuda11.8,7.761498928070068,0.0506484375,7.761498928070068,0.0506484375,59.15368723869324,00:00:59,4153.3642578125,4153.3642578125,8414.0,NVIDIA_GeForce_RTX_2080_Ti-11264MiB-cc7.5-driver550.120-torch2.6.0+cu118-cuda11.8,measured_current_host,1,1,NVIDIA GeForce RTX 2080 Ti,11264,7.5,GPU-0def3eeb-c2d0-4f49-ec2a-ebc1d8453b98,2.6.0+cu118,11.8,550.120,b83328a02358ed088169372940d5876f7633859e,b83328a02358ed088169372940d5876f7633859e,811e1ce5f140e97d93ad6f1adae07b95b4219143,docs/artifacts/gdn-flash-fairness-20260526/phase5-longer-mqar,docs/artifacts/gdn-flash-fairness-20260526/phase4-banked-k-final.csv,tmp/20260526-gdn-flash-fairness-phase5-longer-mqar/logs/formal-banked-h2-b4-k256-v64-sharedv-s125-d123-b64-ga4-fp32-noearly4ep-8190x512-n500-b8-gpu1.log,,,,123,37a8533a985fabd3db03daf9dfd3a8e0936513ab724039c63b9a22bf352d002d,"sha256(inputs,labels)",500x8190,500x8190,500,torch.int64/torch.int64,fdc827defab41877c79ba97249c47b0770cc9002c8cc8f5578b2e3aaf60cab3d,sha256,passed,true,,,,,2026-05-26T20:28:41.639541+00:00,2026-05-26T20:29:40.793228+00:00,completed,created_at_utc_minus_wall_clock_sec
2,20260526-gdn-flash-fairness-phase5-longer-mqar:formal:banked-h2-b4-k256-v64-sharedv-s124-d123-b64-ga4-fp32-noearly4ep:4096x1024:n500,20260526-gdn-flash-fairness-phase5-longer-mqar:formal:banked-h2-b4-k256-v64-sharedv-s124-d123-b64-ga4-fp32-noearly4ep:4096x1024:n500,20260526-gdn-flash-fairness-phase5-longer-mqar,longer_mqar_eval_only,longer_mqar_eval_only_gdn_flash_fairness_phase5_20260526,formal,completed,2026-05-26T20:30:24.167358+00:00,gdn,banked-h2-b4-k256-v64-sharedv-s124-d123-b64-ga4-fp32-noearly4ep,banked_k_shared_v_multiseed_followup,banked-h2-b4-k256-v64-sharedv-usegate0-s124-d123,gdn_flash_fairness_phase4_banked_k_multiseed,gdn_flash_fairness_phase4_b64_ga4_fp32,official_gdn_flash_fairness_phase4_b64_ga4_fp32,64,16,4,256,b64_ga4,float32,float32,float32,float32,float32,float32,124,123,gdn-banked-k-h2-b4-k256-v64-sharedv-usegate0,banked-h2-b4-k256-v64-sharedv-usegate0-s124-d123,,,2,,False,True,4,4,4,2,True,checkpoints/flash-vqg-20260526-gdn-flash-fairness-phase4-banked-s124-2026-05-26-19-26-19/banked-h2-b4-k256-v64-sharedv-s124-d123-b64-ga4-fp32-noearly4ep/train_config.json,/home/lyj/mnt/project/zoology/checkpoints/flash-vqg-20260526-gdn-flash-fairness-phase4-banked-s124-2026-05-26-19-26-19/banked-h2-b4-k256-v64-sharedv-s124-d123-b64-ga4-fp32-noearly4ep/train_config.json,d324452e1d0027e5b872767d782f416ad31701fd8ce0453df818b2bee08affb8,sha256:c8623401fab0490fbedef24b4a3af0b2cd23b8c5afa952206087fc9d84a43c9a,last.pt_epoch4_final,checkpoints/flash-vqg-20260526-gdn-flash-fairness-phase4-banked-s124-2026-05-26-19-26-19/banked-h2-b4-k256-v64-sharedv-s124-d123-b64-ga4-fp32-noearly4ep/last.pt,/home/lyj/mnt/project/zoology/checkpoints/flash-vqg-20260526-gdn-flash-fairness-phase4-banked-s124-2026-05-26-19-26-19/banked-h2-b4-k256-v64-sharedv-s124-d123-b64-ga4-fp32-noearly4ep/last.pt,true,c8623401fab0490fbedef24b4a3af0b2cd23b8c5afa952206087fc9d84a43c9a,10780668,2026-05-26T20:02:09.520784+00:00,3,,0.26756468415260315,0.9728310546875,0.786109375,1643992.0,131072,131072,mqar-vocab8192-pass1-seed123-rnq1-power0.01-4096x1024-n500,multiquery_ar,8192,4096,1024,1,500,8,true,123,true,0.01,,,completed,4096x1024,4096,1024,8,8;4;2;1,8,2211.89794921875,,same_gpu_same_dtype_same_runner_only,true,0,0,NVIDIA GeForce RTX 2080 Ti,11264,7.5,GPU-57c29499-bcb3-27f6-4360-e60939528a9b,2.6.0+cu118,11.8,550.120,float32,float32,gdn_flash_fairness_phase4_banked_k_multiseed,NVIDIA_GeForce_RTX_2080_Ti-11264MiB-cc7.5-driver550.120-torch2.6.0+cu118-cuda11.8,8.819086074829102,0.0058515625,8.819086074829102,0.0058515625,58.14438056945801,00:00:58,2211.89794921875,2211.89794921875,4548.0,NVIDIA_GeForce_RTX_2080_Ti-11264MiB-cc7.5-driver550.120-torch2.6.0+cu118-cuda11.8,measured_current_host,0,0,NVIDIA GeForce RTX 2080 Ti,11264,7.5,GPU-57c29499-bcb3-27f6-4360-e60939528a9b,2.6.0+cu118,11.8,550.120,b83328a02358ed088169372940d5876f7633859e,b83328a02358ed088169372940d5876f7633859e,811e1ce5f140e97d93ad6f1adae07b95b4219143,docs/artifacts/gdn-flash-fairness-20260526/phase5-longer-mqar,docs/artifacts/gdn-flash-fairness-20260526/phase4-banked-k-final.csv,tmp/20260526-gdn-flash-fairness-phase5-longer-mqar/logs/formal-banked-h2-b4-k256-v64-sharedv-s124-d123-b64-ga4-fp32-noearly4ep-4096x1024-n500-b8-gpu0.log,,,,123,0981292ce8ebea1402a4c3a7a6655dfc1de42688c329bd5ea921541a0f1d16ed,"sha256(inputs,labels)",500x4096,500x4096,500,torch.int64/torch.int64,c8623401fab0490fbedef24b4a3af0b2cd23b8c5afa952206087fc9d84a43c9a,sha256,passed,true,,,,,2026-05-26T20:29:26.022977+00:00,2026-05-26T20:30:24.167358+00:00,completed,created_at_utc_minus_wall_clock_sec
2,20260526-gdn-flash-fairness-phase5-longer-mqar:formal:banked-h2-b4-k256-v64-sharedv-s125-d123-b64-ga4-fp32-noearly4ep:8190x2047:n500,20260526-gdn-flash-fairness-phase5-longer-mqar:formal:banked-h2-b4-k256-v64-sharedv-s125-d123-b64-ga4-fp32-noearly4ep:8190x2047:n500,20260526-gdn-flash-fairness-phase5-longer-mqar,longer_mqar_eval_only,longer_mqar_eval_only_gdn_flash_fairness_phase5_20260526,formal,completed,2026-05-26T20:30:40.835448+00:00,gdn,banked-h2-b4-k256-v64-sharedv-s125-d123-b64-ga4-fp32-noearly4ep,banked_k_shared_v_multiseed_followup,banked-h2-b4-k256-v64-sharedv-usegate0-s125-d123,gdn_flash_fairness_phase4_banked_k_multiseed,gdn_flash_fairness_phase4_b64_ga4_fp32,official_gdn_flash_fairness_phase4_b64_ga4_fp32,64,16,4,256,b64_ga4,float32,float32,float32,float32,float32,float32,125,123,gdn-banked-k-h2-b4-k256-v64-sharedv-usegate0,banked-h2-b4-k256-v64-sharedv-usegate0-s125-d123,,,2,,False,True,4,4,4,2,True,checkpoints/flash-vqg-20260526-gdn-flash-fairness-phase4-banked-s125-2026-05-26-19-26-19/banked-h2-b4-k256-v64-sharedv-s125-d123-b64-ga4-fp32-noearly4ep/train_config.json,/home/lyj/mnt/project/zoology/checkpoints/flash-vqg-20260526-gdn-flash-fairness-phase4-banked-s125-2026-05-26-19-26-19/banked-h2-b4-k256-v64-sharedv-s125-d123-b64-ga4-fp32-noearly4ep/train_config.json,f120fc9a345fe986cd9e90008ae5121e289c44ebcf7aa572c3faed1041eb27b3,sha256:fdc827defab41877c79ba97249c47b0770cc9002c8cc8f5578b2e3aaf60cab3d,last.pt_epoch4_final,checkpoints/flash-vqg-20260526-gdn-flash-fairness-phase4-banked-s125-2026-05-26-19-26-19/banked-h2-b4-k256-v64-sharedv-s125-d123-b64-ga4-fp32-noearly4ep/last.pt,/home/lyj/mnt/project/zoology/checkpoints/flash-vqg-20260526-gdn-flash-fairness-phase4-banked-s125-2026-05-26-19-26-19/banked-h2-b4-k256-v64-sharedv-s125-d123-b64-ga4-fp32-noearly4ep/last.pt,true,fdc827defab41877c79ba97249c47b0770cc9002c8cc8f5578b2e3aaf60cab3d,10780668,2026-05-26T19:47:00.384045+00:00,3,,0.3376331925392151,0.9502275390625,0.615984375,1643992.0,131072,131072,mqar-vocab8192-pass1-seed123-rnq1-power0.01-8190x2047-n500,multiquery_ar,8192,8190,2047,1,500,8,true,123,true,0.01,,,completed,8190x2047,8190,2047,8,8;4;2;1,8,4153.3642578125,,same_gpu_same_dtype_same_runner_only,true,1,1,NVIDIA GeForce RTX 2080 Ti,11264,7.5,GPU-0def3eeb-c2d0-4f49-ec2a-ebc1d8453b98,2.6.0+cu118,11.8,550.120,float32,float32,gdn_flash_fairness_phase4_banked_k_multiseed,NVIDIA_GeForce_RTX_2080_Ti-11264MiB-cc7.5-driver550.120-torch2.6.0+cu118-cuda11.8,10.822089195251465,0.000416218856863703,10.822089195251465,0.000416218856863703,59.16855430603027,00:00:59,4153.3642578125,4153.3642578125,8414.0,NVIDIA_GeForce_RTX_2080_Ti-11264MiB-cc7.5-driver550.120-torch2.6.0+cu118-cuda11.8,measured_current_host,1,1,NVIDIA GeForce RTX 2080 Ti,11264,7.5,GPU-0def3eeb-c2d0-4f49-ec2a-ebc1d8453b98,2.6.0+cu118,11.8,550.120,b83328a02358ed088169372940d5876f7633859e,b83328a02358ed088169372940d5876f7633859e,811e1ce5f140e97d93ad6f1adae07b95b4219143,docs/artifacts/gdn-flash-fairness-20260526/phase5-longer-mqar,docs/artifacts/gdn-flash-fairness-20260526/phase4-banked-k-final.csv,tmp/20260526-gdn-flash-fairness-phase5-longer-mqar/logs/formal-banked-h2-b4-k256-v64-sharedv-s125-d123-b64-ga4-fp32-noearly4ep-8190x2047-n500-b8-gpu1.log,,,,123,8c16a91ea127bb7bf2130238ecd56b49fb1fd73bb3e0c2f4c586ddba8e9b97a9,"sha256(inputs,labels)",500x8190,500x8190,500,torch.int64/torch.int64,fdc827defab41877c79ba97249c47b0770cc9002c8cc8f5578b2e3aaf60cab3d,sha256,passed,true,,,,,2026-05-26T20:29:41.666894+00:00,2026-05-26T20:30:40.835448+00:00,completed,created_at_utc_minus_wall_clock_sec
2,20260526-gdn-flash-fairness-phase5-longer-mqar:formal:banked-h2-b4-k256-v64-sharedv-s124-d123-b64-ga4-fp32-noearly4ep:8190x512:n500,20260526-gdn-flash-fairness-phase5-longer-mqar:formal:banked-h2-b4-k256-v64-sharedv-s124-d123-b64-ga4-fp32-noearly4ep:8190x512:n500,20260526-gdn-flash-fairness-phase5-longer-mqar,longer_mqar_eval_only,longer_mqar_eval_only_gdn_flash_fairness_phase5_20260526,formal,completed,2026-05-26T20:31:44.332112+00:00,gdn,banked-h2-b4-k256-v64-sharedv-s124-d123-b64-ga4-fp32-noearly4ep,banked_k_shared_v_multiseed_followup,banked-h2-b4-k256-v64-sharedv-usegate0-s124-d123,gdn_flash_fairness_phase4_banked_k_multiseed,gdn_flash_fairness_phase4_b64_ga4_fp32,official_gdn_flash_fairness_phase4_b64_ga4_fp32,64,16,4,256,b64_ga4,float32,float32,float32,float32,float32,float32,124,123,gdn-banked-k-h2-b4-k256-v64-sharedv-usegate0,banked-h2-b4-k256-v64-sharedv-usegate0-s124-d123,,,2,,False,True,4,4,4,2,True,checkpoints/flash-vqg-20260526-gdn-flash-fairness-phase4-banked-s124-2026-05-26-19-26-19/banked-h2-b4-k256-v64-sharedv-s124-d123-b64-ga4-fp32-noearly4ep/train_config.json,/home/lyj/mnt/project/zoology/checkpoints/flash-vqg-20260526-gdn-flash-fairness-phase4-banked-s124-2026-05-26-19-26-19/banked-h2-b4-k256-v64-sharedv-s124-d123-b64-ga4-fp32-noearly4ep/train_config.json,d324452e1d0027e5b872767d782f416ad31701fd8ce0453df818b2bee08affb8,sha256:c8623401fab0490fbedef24b4a3af0b2cd23b8c5afa952206087fc9d84a43c9a,last.pt_epoch4_final,checkpoints/flash-vqg-20260526-gdn-flash-fairness-phase4-banked-s124-2026-05-26-19-26-19/banked-h2-b4-k256-v64-sharedv-s124-d123-b64-ga4-fp32-noearly4ep/last.pt,/home/lyj/mnt/project/zoology/checkpoints/flash-vqg-20260526-gdn-flash-fairness-phase4-banked-s124-2026-05-26-19-26-19/banked-h2-b4-k256-v64-sharedv-s124-d123-b64-ga4-fp32-noearly4ep/last.pt,true,c8623401fab0490fbedef24b4a3af0b2cd23b8c5afa952206087fc9d84a43c9a,10780668,2026-05-26T20:02:09.520784+00:00,3,,0.26756468415260315,0.9728310546875,0.786109375,1643992.0,131072,131072,mqar-vocab8192-pass1-seed123-rnq1-power0.01-8190x512-n500,multiquery_ar,8192,8190,512,1,500,8,true,123,true,0.01,,,completed,8190x2047,8190,2047,8,8;4;2;1,8,4153.3642578125,,same_gpu_same_dtype_same_runner_only,true,0,0,NVIDIA GeForce RTX 2080 Ti,11264,7.5,GPU-57c29499-bcb3-27f6-4360-e60939528a9b,2.6.0+cu118,11.8,550.120,float32,float32,gdn_flash_fairness_phase4_banked_k_multiseed,NVIDIA_GeForce_RTX_2080_Ti-11264MiB-cc7.5-driver550.120-torch2.6.0+cu118-cuda11.8,7.089316368103027,0.08527734375,7.089316368103027,0.08527734375,79.31084251403809,00:01:19,4153.3642578125,4153.3642578125,8414.0,NVIDIA_GeForce_RTX_2080_Ti-11264MiB-cc7.5-driver550.120-torch2.6.0+cu118-cuda11.8,measured_current_host,0,0,NVIDIA GeForce RTX 2080 Ti,11264,7.5,GPU-57c29499-bcb3-27f6-4360-e60939528a9b,2.6.0+cu118,11.8,550.120,b83328a02358ed088169372940d5876f7633859e,b83328a02358ed088169372940d5876f7633859e,811e1ce5f140e97d93ad6f1adae07b95b4219143,docs/artifacts/gdn-flash-fairness-20260526/phase5-longer-mqar,docs/artifacts/gdn-flash-fairness-20260526/phase4-banked-k-final.csv,tmp/20260526-gdn-flash-fairness-phase5-longer-mqar/logs/formal-banked-h2-b4-k256-v64-sharedv-s124-d123-b64-ga4-fp32-noearly4ep-8190x512-n500-b8-gpu0.log,,,,123,37a8533a985fabd3db03daf9dfd3a8e0936513ab724039c63b9a22bf352d002d,"sha256(inputs,labels)",500x8190,500x8190,500,torch.int64/torch.int64,c8623401fab0490fbedef24b4a3af0b2cd23b8c5afa952206087fc9d84a43c9a,sha256,passed,true,,,,,2026-05-26T20:30:25.021269+00:00,2026-05-26T20:31:44.332112+00:00,completed,created_at_utc_minus_wall_clock_sec
2,20260526-gdn-flash-fairness-phase5-longer-mqar:formal:banked-h2-b4-k256-v64-sharedv-s124-d123-b64-ga4-fp32-noearly4ep:8190x2047:n500,20260526-gdn-flash-fairness-phase5-longer-mqar:formal:banked-h2-b4-k256-v64-sharedv-s124-d123-b64-ga4-fp32-noearly4ep:8190x2047:n500,20260526-gdn-flash-fairness-phase5-longer-mqar,longer_mqar_eval_only,longer_mqar_eval_only_gdn_flash_fairness_phase5_20260526,formal,completed,2026-05-26T20:32:52.290530+00:00,gdn,banked-h2-b4-k256-v64-sharedv-s124-d123-b64-ga4-fp32-noearly4ep,banked_k_shared_v_multiseed_followup,banked-h2-b4-k256-v64-sharedv-usegate0-s124-d123,gdn_flash_fairness_phase4_banked_k_multiseed,gdn_flash_fairness_phase4_b64_ga4_fp32,official_gdn_flash_fairness_phase4_b64_ga4_fp32,64,16,4,256,b64_ga4,float32,float32,float32,float32,float32,float32,124,123,gdn-banked-k-h2-b4-k256-v64-sharedv-usegate0,banked-h2-b4-k256-v64-sharedv-usegate0-s124-d123,,,2,,False,True,4,4,4,2,True,checkpoints/flash-vqg-20260526-gdn-flash-fairness-phase4-banked-s124-2026-05-26-19-26-19/banked-h2-b4-k256-v64-sharedv-s124-d123-b64-ga4-fp32-noearly4ep/train_config.json,/home/lyj/mnt/project/zoology/checkpoints/flash-vqg-20260526-gdn-flash-fairness-phase4-banked-s124-2026-05-26-19-26-19/banked-h2-b4-k256-v64-sharedv-s124-d123-b64-ga4-fp32-noearly4ep/train_config.json,d324452e1d0027e5b872767d782f416ad31701fd8ce0453df818b2bee08affb8,sha256:c8623401fab0490fbedef24b4a3af0b2cd23b8c5afa952206087fc9d84a43c9a,last.pt_epoch4_final,checkpoints/flash-vqg-20260526-gdn-flash-fairness-phase4-banked-s124-2026-05-26-19-26-19/banked-h2-b4-k256-v64-sharedv-s124-d123-b64-ga4-fp32-noearly4ep/last.pt,/home/lyj/mnt/project/zoology/checkpoints/flash-vqg-20260526-gdn-flash-fairness-phase4-banked-s124-2026-05-26-19-26-19/banked-h2-b4-k256-v64-sharedv-s124-d123-b64-ga4-fp32-noearly4ep/last.pt,true,c8623401fab0490fbedef24b4a3af0b2cd23b8c5afa952206087fc9d84a43c9a,10780668,2026-05-26T20:02:09.520784+00:00,3,,0.26756468415260315,0.9728310546875,0.786109375,1643992.0,131072,131072,mqar-vocab8192-pass1-seed123-rnq1-power0.01-8190x2047-n500,multiquery_ar,8192,8190,2047,1,500,8,true,123,true,0.01,,,completed,8190x2047,8190,2047,8,8;4;2;1,8,4153.3642578125,,same_gpu_same_dtype_same_runner_only,true,0,0,NVIDIA GeForce RTX 2080 Ti,11264,7.5,GPU-57c29499-bcb3-27f6-4360-e60939528a9b,2.6.0+cu118,11.8,550.120,float32,float32,gdn_flash_fairness_phase4_banked_k_multiseed,NVIDIA_GeForce_RTX_2080_Ti-11264MiB-cc7.5-driver550.120-torch2.6.0+cu118-cuda11.8,10.143839836120605,0.0005373717635564241,10.143839836120605,0.0005373717635564241,67.03163743019104,00:01:07,4153.3642578125,4153.3642578125,8414.0,NVIDIA_GeForce_RTX_2080_Ti-11264MiB-cc7.5-driver550.120-torch2.6.0+cu118-cuda11.8,measured_current_host,0,0,NVIDIA GeForce RTX 2080 Ti,11264,7.5,GPU-57c29499-bcb3-27f6-4360-e60939528a9b,2.6.0+cu118,11.8,550.120,b83328a02358ed088169372940d5876f7633859e,b83328a02358ed088169372940d5876f7633859e,811e1ce5f140e97d93ad6f1adae07b95b4219143,docs/artifacts/gdn-flash-fairness-20260526/phase5-longer-mqar,docs/artifacts/gdn-flash-fairness-20260526/phase4-banked-k-final.csv,tmp/20260526-gdn-flash-fairness-phase5-longer-mqar/logs/formal-banked-h2-b4-k256-v64-sharedv-s124-d123-b64-ga4-fp32-noearly4ep-8190x2047-n500-b8-gpu0.log,,,,123,8c16a91ea127bb7bf2130238ecd56b49fb1fd73bb3e0c2f4c586ddba8e9b97a9,"sha256(inputs,labels)",500x8190,500x8190,500,torch.int64/torch.int64,c8623401fab0490fbedef24b4a3af0b2cd23b8c5afa952206087fc9d84a43c9a,sha256,passed,true,,,,,2026-05-26T20:31:45.258893+00:00,2026-05-26T20:32:52.290530+00:00,completed,created_at_utc_minus_wall_clock_sec
2,20260526-gdn-flash-fairness-phase5-longer-mqar:batch_search:banked-h2-b4-k256-v64-sharedv-s126-d123-b64-ga4-fp32-noearly4ep:1024x256:n8,20260526-gdn-flash-fairness-phase5-longer-mqar:batch_search:banked-h2-b4-k256-v64-sharedv-s126-d123-b64-ga4-fp32-noearly4ep:1024x256:n8,20260526-gdn-flash-fairness-phase5-longer-mqar,longer_mqar_eval_only,longer_mqar_eval_only_gdn_flash_fairness_phase5_20260526,batch_search,completed,2026-05-26T20:33:16.272294+00:00,gdn,banked-h2-b4-k256-v64-sharedv-s126-d123-b64-ga4-fp32-noearly4ep,banked_k_shared_v_multiseed_followup,banked-h2-b4-k256-v64-sharedv-usegate0-s126-d123,gdn_flash_fairness_phase4_banked_k_multiseed,gdn_flash_fairness_phase4_b64_ga4_fp32,official_gdn_flash_fairness_phase4_b64_ga4_fp32,64,16,4,256,b64_ga4,float32,float32,float32,float32,float32,float32,126,123,gdn-banked-k-h2-b4-k256-v64-sharedv-usegate0,banked-h2-b4-k256-v64-sharedv-usegate0-s126-d123,,,2,,False,True,4,4,4,2,True,checkpoints/flash-vqg-20260526-gdn-flash-fairness-phase4-banked-s126-2026-05-26-19-47-32/banked-h2-b4-k256-v64-sharedv-s126-d123-b64-ga4-fp32-noearly4ep/train_config.json,/home/lyj/mnt/project/zoology/checkpoints/flash-vqg-20260526-gdn-flash-fairness-phase4-banked-s126-2026-05-26-19-47-32/banked-h2-b4-k256-v64-sharedv-s126-d123-b64-ga4-fp32-noearly4ep/train_config.json,3f0bcb14aab3b3b23eef8a90207bb64ba9dc1cad437cdee3dde27d3a2e427e63,sha256:8e47f40acaf5f6278bcea329f5efe261dc817d7ceb7daff237e9ed9fd2da6394,last.pt_epoch4_final,checkpoints/flash-vqg-20260526-gdn-flash-fairness-phase4-banked-s126-2026-05-26-19-47-32/banked-h2-b4-k256-v64-sharedv-s126-d123-b64-ga4-fp32-noearly4ep/last.pt,/home/lyj/mnt/project/zoology/checkpoints/flash-vqg-20260526-gdn-flash-fairness-phase4-banked-s126-2026-05-26-19-47-32/banked-h2-b4-k256-v64-sharedv-s126-d123-b64-ga4-fp32-noearly4ep/last.pt,true,8e47f40acaf5f6278bcea329f5efe261dc817d7ceb7daff237e9ed9fd2da6394,10780668,2026-05-26T20:08:13.932276+00:00,3,,0.06190958619117737,0.99880712890625,0.99187890625,1643992.0,131072,131072,mqar-vocab8192-pass1-seed123-rnq1-power0.01-1024x256-n8,multiquery_ar,8192,1024,256,1,8,8,true,123,true,0.01,,,completed,1024x256,1024,256,8,8;4;2;1,8,755.78076171875,,same_gpu_same_dtype_same_runner_only,true,0,0,NVIDIA GeForce RTX 2080 Ti,11264,7.5,GPU-57c29499-bcb3-27f6-4360-e60939528a9b,2.6.0+cu118,11.8,550.120,float32,float32,gdn_flash_fairness_phase4_banked_k_multiseed,NVIDIA_GeForce_RTX_2080_Ti-11264MiB-cc7.5-driver550.120-torch2.6.0+cu118-cuda11.8,0.4083726108074188,0.994140625,0.4083726108074188,0.994140625,23.140300512313843,00:00:23,755.78076171875,755.78076171875,940.0,NVIDIA_GeForce_RTX_2080_Ti-11264MiB-cc7.5-driver550.120-torch2.6.0+cu118-cuda11.8,measured_current_host,0,0,NVIDIA GeForce RTX 2080 Ti,11264,7.5,GPU-57c29499-bcb3-27f6-4360-e60939528a9b,2.6.0+cu118,11.8,550.120,b83328a02358ed088169372940d5876f7633859e,b83328a02358ed088169372940d5876f7633859e,811e1ce5f140e97d93ad6f1adae07b95b4219143,docs/artifacts/gdn-flash-fairness-20260526/phase5-longer-mqar,docs/artifacts/gdn-flash-fairness-20260526/phase4-banked-k-final.csv,tmp/20260526-gdn-flash-fairness-phase5-longer-mqar/logs/batch-search-candidate-banked-h2-b4-k256-v64-sharedv-s126-d123-b64-ga4-fp32-noearly4ep-1024x256-n8-b8-gpu0.log,,,,123,72c79482cf352f40dae639ab98d4eda880432b0d3424f5649f5648f5a4d456d0,"sha256(inputs,labels)",8x1024,8x1024,8,torch.int64/torch.int64,8e47f40acaf5f6278bcea329f5efe261dc817d7ceb7daff237e9ed9fd2da6394,sha256,passed,true,,,,,2026-05-26T20:32:53.131993+00:00,2026-05-26T20:33:16.272294+00:00,completed,created_at_utc_minus_wall_clock_sec
2,20260526-gdn-flash-fairness-phase5-longer-mqar:batch_search:banked-h2-b4-k256-v64-sharedv-s126-d123-b64-ga4-fp32-noearly4ep:2048x512:n8,20260526-gdn-flash-fairness-phase5-longer-mqar:batch_search:banked-h2-b4-k256-v64-sharedv-s126-d123-b64-ga4-fp32-noearly4ep:2048x512:n8,20260526-gdn-flash-fairness-phase5-longer-mqar,longer_mqar_eval_only,longer_mqar_eval_only_gdn_flash_fairness_phase5_20260526,batch_search,completed,2026-05-26T20:33:42.520951+00:00,gdn,banked-h2-b4-k256-v64-sharedv-s126-d123-b64-ga4-fp32-noearly4ep,banked_k_shared_v_multiseed_followup,banked-h2-b4-k256-v64-sharedv-usegate0-s126-d123,gdn_flash_fairness_phase4_banked_k_multiseed,gdn_flash_fairness_phase4_b64_ga4_fp32,official_gdn_flash_fairness_phase4_b64_ga4_fp32,64,16,4,256,b64_ga4,float32,float32,float32,float32,float32,float32,126,123,gdn-banked-k-h2-b4-k256-v64-sharedv-usegate0,banked-h2-b4-k256-v64-sharedv-usegate0-s126-d123,,,2,,False,True,4,4,4,2,True,checkpoints/flash-vqg-20260526-gdn-flash-fairness-phase4-banked-s126-2026-05-26-19-47-32/banked-h2-b4-k256-v64-sharedv-s126-d123-b64-ga4-fp32-noearly4ep/train_config.json,/home/lyj/mnt/project/zoology/checkpoints/flash-vqg-20260526-gdn-flash-fairness-phase4-banked-s126-2026-05-26-19-47-32/banked-h2-b4-k256-v64-sharedv-s126-d123-b64-ga4-fp32-noearly4ep/train_config.json,3f0bcb14aab3b3b23eef8a90207bb64ba9dc1cad437cdee3dde27d3a2e427e63,sha256:8e47f40acaf5f6278bcea329f5efe261dc817d7ceb7daff237e9ed9fd2da6394,last.pt_epoch4_final,checkpoints/flash-vqg-20260526-gdn-flash-fairness-phase4-banked-s126-2026-05-26-19-47-32/banked-h2-b4-k256-v64-sharedv-s126-d123-b64-ga4-fp32-noearly4ep/last.pt,/home/lyj/mnt/project/zoology/checkpoints/flash-vqg-20260526-gdn-flash-fairness-phase4-banked-s126-2026-05-26-19-47-32/banked-h2-b4-k256-v64-sharedv-s126-d123-b64-ga4-fp32-noearly4ep/last.pt,true,8e47f40acaf5f6278bcea329f5efe261dc817d7ceb7daff237e9ed9fd2da6394,10780668,2026-05-26T20:08:13.932276+00:00,3,,0.06190958619117737,0.99880712890625,0.99187890625,1643992.0,131072,131072,mqar-vocab8192-pass1-seed123-rnq1-power0.01-2048x512-n8,multiquery_ar,8192,2048,512,1,8,8,true,123,true,0.01,,,completed,2048x512,2048,512,8,8;4;2;1,8,1241.14794921875,,same_gpu_same_dtype_same_runner_only,true,0,0,NVIDIA GeForce RTX 2080 Ti,11264,7.5,GPU-57c29499-bcb3-27f6-4360-e60939528a9b,2.6.0+cu118,11.8,550.120,float32,float32,gdn_flash_fairness_phase4_banked_k_multiseed,NVIDIA_GeForce_RTX_2080_Ti-11264MiB-cc7.5-driver550.120-torch2.6.0+cu118-cuda11.8,2.781433343887329,0.6181640625,2.781433343887329,0.6181640625,25.405322313308716,00:00:25,1241.14794921875,1241.14794921875,2390.0,NVIDIA_GeForce_RTX_2080_Ti-11264MiB-cc7.5-driver550.120-torch2.6.0+cu118-cuda11.8,measured_current_host,0,0,NVIDIA GeForce RTX 2080 Ti,11264,7.5,GPU-57c29499-bcb3-27f6-4360-e60939528a9b,2.6.0+cu118,11.8,550.120,b83328a02358ed088169372940d5876f7633859e,b83328a02358ed088169372940d5876f7633859e,811e1ce5f140e97d93ad6f1adae07b95b4219143,docs/artifacts/gdn-flash-fairness-20260526/phase5-longer-mqar,docs/artifacts/gdn-flash-fairness-20260526/phase4-banked-k-final.csv,tmp/20260526-gdn-flash-fairness-phase5-longer-mqar/logs/batch-search-candidate-banked-h2-b4-k256-v64-sharedv-s126-d123-b64-ga4-fp32-noearly4ep-2048x512-n8-b8-gpu0.log,,,,123,27fa3ea859c23bc51e38e1c3774b40fb3890d0cbc8b41dd8d5e454bf64621917,"sha256(inputs,labels)",8x2048,8x2048,8,torch.int64/torch.int64,8e47f40acaf5f6278bcea329f5efe261dc817d7ceb7daff237e9ed9fd2da6394,sha256,passed,true,,,,,2026-05-26T20:33:17.115629+00:00,2026-05-26T20:33:42.520951+00:00,completed,created_at_utc_minus_wall_clock_sec
2,20260526-gdn-flash-fairness-phase5-longer-mqar:batch_search:banked-h2-b4-k256-v64-sharedv-s126-d123-b64-ga4-fp32-noearly4ep:4096x1024:n8,20260526-gdn-flash-fairness-phase5-longer-mqar:batch_search:banked-h2-b4-k256-v64-sharedv-s126-d123-b64-ga4-fp32-noearly4ep:4096x1024:n8,20260526-gdn-flash-fairness-phase5-longer-mqar,longer_mqar_eval_only,longer_mqar_eval_only_gdn_flash_fairness_phase5_20260526,batch_search,completed,2026-05-26T20:34:12.771686+00:00,gdn,banked-h2-b4-k256-v64-sharedv-s126-d123-b64-ga4-fp32-noearly4ep,banked_k_shared_v_multiseed_followup,banked-h2-b4-k256-v64-sharedv-usegate0-s126-d123,gdn_flash_fairness_phase4_banked_k_multiseed,gdn_flash_fairness_phase4_b64_ga4_fp32,official_gdn_flash_fairness_phase4_b64_ga4_fp32,64,16,4,256,b64_ga4,float32,float32,float32,float32,float32,float32,126,123,gdn-banked-k-h2-b4-k256-v64-sharedv-usegate0,banked-h2-b4-k256-v64-sharedv-usegate0-s126-d123,,,2,,False,True,4,4,4,2,True,checkpoints/flash-vqg-20260526-gdn-flash-fairness-phase4-banked-s126-2026-05-26-19-47-32/banked-h2-b4-k256-v64-sharedv-s126-d123-b64-ga4-fp32-noearly4ep/train_config.json,/home/lyj/mnt/project/zoology/checkpoints/flash-vqg-20260526-gdn-flash-fairness-phase4-banked-s126-2026-05-26-19-47-32/banked-h2-b4-k256-v64-sharedv-s126-d123-b64-ga4-fp32-noearly4ep/train_config.json,3f0bcb14aab3b3b23eef8a90207bb64ba9dc1cad437cdee3dde27d3a2e427e63,sha256:8e47f40acaf5f6278bcea329f5efe261dc817d7ceb7daff237e9ed9fd2da6394,last.pt_epoch4_final,checkpoints/flash-vqg-20260526-gdn-flash-fairness-phase4-banked-s126-2026-05-26-19-47-32/banked-h2-b4-k256-v64-sharedv-s126-d123-b64-ga4-fp32-noearly4ep/last.pt,/home/lyj/mnt/project/zoology/checkpoints/flash-vqg-20260526-gdn-flash-fairness-phase4-banked-s126-2026-05-26-19-47-32/banked-h2-b4-k256-v64-sharedv-s126-d123-b64-ga4-fp32-noearly4ep/last.pt,true,8e47f40acaf5f6278bcea329f5efe261dc817d7ceb7daff237e9ed9fd2da6394,10780668,2026-05-26T20:08:13.932276+00:00,3,,0.06190958619117737,0.99880712890625,0.99187890625,1643992.0,131072,131072,mqar-vocab8192-pass1-seed123-rnq1-power0.01-4096x1024-n8,multiquery_ar,8192,4096,1024,1,8,8,true,123,true,0.01,,,completed,4096x1024,4096,1024,8,8;4;2;1,8,2211.89794921875,,same_gpu_same_dtype_same_runner_only,true,0,0,NVIDIA GeForce RTX 2080 Ti,11264,7.5,GPU-57c29499-bcb3-27f6-4360-e60939528a9b,2.6.0+cu118,11.8,550.120,float32,float32,gdn_flash_fairness_phase4_banked_k_multiseed,NVIDIA_GeForce_RTX_2080_Ti-11264MiB-cc7.5-driver550.120-torch2.6.0+cu118-cuda11.8,7.038282871246338,0.052001953125,7.038282871246338,0.052001953125,29.399802923202515,00:00:29,2211.89794921875,2211.89794921875,4546.0,NVIDIA_GeForce_RTX_2080_Ti-11264MiB-cc7.5-driver550.120-torch2.6.0+cu118-cuda11.8,measured_current_host,0,0,NVIDIA GeForce RTX 2080 Ti,11264,7.5,GPU-57c29499-bcb3-27f6-4360-e60939528a9b,2.6.0+cu118,11.8,550.120,b83328a02358ed088169372940d5876f7633859e,b83328a02358ed088169372940d5876f7633859e,811e1ce5f140e97d93ad6f1adae07b95b4219143,docs/artifacts/gdn-flash-fairness-20260526/phase5-longer-mqar,docs/artifacts/gdn-flash-fairness-20260526/phase4-banked-k-final.csv,tmp/20260526-gdn-flash-fairness-phase5-longer-mqar/logs/batch-search-candidate-banked-h2-b4-k256-v64-sharedv-s126-d123-b64-ga4-fp32-noearly4ep-4096x1024-n8-b8-gpu0.log,,,,123,8b3b88e822143a04aca442bf560e9b745331342bc5f480f6067d681340d73cba,"sha256(inputs,labels)",8x4096,8x4096,8,torch.int64/torch.int64,8e47f40acaf5f6278bcea329f5efe261dc817d7ceb7daff237e9ed9fd2da6394,sha256,passed,true,,,,,2026-05-26T20:33:43.371883+00:00,2026-05-26T20:34:12.771686+00:00,completed,created_at_utc_minus_wall_clock_sec
2,20260526-gdn-flash-fairness-phase5-longer-mqar:batch_search:banked-h2-b4-k256-v64-sharedv-s126-d123-b64-ga4-fp32-noearly4ep:8190x512:n8,20260526-gdn-flash-fairness-phase5-longer-mqar:batch_search:banked-h2-b4-k256-v64-sharedv-s126-d123-b64-ga4-fp32-noearly4ep:8190x512:n8,20260526-gdn-flash-fairness-phase5-longer-mqar,longer_mqar_eval_only,longer_mqar_eval_only_gdn_flash_fairness_phase5_20260526,batch_search,completed,2026-05-26T20:34:52.281860+00:00,gdn,banked-h2-b4-k256-v64-sharedv-s126-d123-b64-ga4-fp32-noearly4ep,banked_k_shared_v_multiseed_followup,banked-h2-b4-k256-v64-sharedv-usegate0-s126-d123,gdn_flash_fairness_phase4_banked_k_multiseed,gdn_flash_fairness_phase4_b64_ga4_fp32,official_gdn_flash_fairness_phase4_b64_ga4_fp32,64,16,4,256,b64_ga4,float32,float32,float32,float32,float32,float32,126,123,gdn-banked-k-h2-b4-k256-v64-sharedv-usegate0,banked-h2-b4-k256-v64-sharedv-usegate0-s126-d123,,,2,,False,True,4,4,4,2,True,checkpoints/flash-vqg-20260526-gdn-flash-fairness-phase4-banked-s126-2026-05-26-19-47-32/banked-h2-b4-k256-v64-sharedv-s126-d123-b64-ga4-fp32-noearly4ep/train_config.json,/home/lyj/mnt/project/zoology/checkpoints/flash-vqg-20260526-gdn-flash-fairness-phase4-banked-s126-2026-05-26-19-47-32/banked-h2-b4-k256-v64-sharedv-s126-d123-b64-ga4-fp32-noearly4ep/train_config.json,3f0bcb14aab3b3b23eef8a90207bb64ba9dc1cad437cdee3dde27d3a2e427e63,sha256:8e47f40acaf5f6278bcea329f5efe261dc817d7ceb7daff237e9ed9fd2da6394,last.pt_epoch4_final,checkpoints/flash-vqg-20260526-gdn-flash-fairness-phase4-banked-s126-2026-05-26-19-47-32/banked-h2-b4-k256-v64-sharedv-s126-d123-b64-ga4-fp32-noearly4ep/last.pt,/home/lyj/mnt/project/zoology/checkpoints/flash-vqg-20260526-gdn-flash-fairness-phase4-banked-s126-2026-05-26-19-47-32/banked-h2-b4-k256-v64-sharedv-s126-d123-b64-ga4-fp32-noearly4ep/last.pt,true,8e47f40acaf5f6278bcea329f5efe261dc817d7ceb7daff237e9ed9fd2da6394,10780668,2026-05-26T20:08:13.932276+00:00,3,,0.06190958619117737,0.99880712890625,0.99187890625,1643992.0,131072,131072,mqar-vocab8192-pass1-seed123-rnq1-power0.01-8190x512-n8,multiquery_ar,8192,8190,512,1,8,8,true,123,true,0.01,,,completed,8190x512,8190,512,8,8;4;2;1,8,4153.3642578125,,same_gpu_same_dtype_same_runner_only,true,0,0,NVIDIA GeForce RTX 2080 Ti,11264,7.5,GPU-57c29499-bcb3-27f6-4360-e60939528a9b,2.6.0+cu118,11.8,550.120,float32,float32,gdn_flash_fairness_phase4_banked_k_multiseed,NVIDIA_GeForce_RTX_2080_Ti-11264MiB-cc7.5-driver550.120-torch2.6.0+cu118-cuda11.8,5.111626625061035,0.344970703125,5.111626625061035,0.344970703125,38.63623666763306,00:00:38,4153.3642578125,4153.3642578125,8410.0,NVIDIA_GeForce_RTX_2080_Ti-11264MiB-cc7.5-driver550.120-torch2.6.0+cu118-cuda11.8,measured_current_host,0,0,NVIDIA GeForce RTX 2080 Ti,11264,7.5,GPU-57c29499-bcb3-27f6-4360-e60939528a9b,2.6.0+cu118,11.8,550.120,b83328a02358ed088169372940d5876f7633859e,b83328a02358ed088169372940d5876f7633859e,811e1ce5f140e97d93ad6f1adae07b95b4219143,docs/artifacts/gdn-flash-fairness-20260526/phase5-longer-mqar,docs/artifacts/gdn-flash-fairness-20260526/phase4-banked-k-final.csv,tmp/20260526-gdn-flash-fairness-phase5-longer-mqar/logs/batch-search-candidate-banked-h2-b4-k256-v64-sharedv-s126-d123-b64-ga4-fp32-noearly4ep-8190x512-n8-b8-gpu0.log,,,,123,ec5e87372eb79531362f722e999bb8c564260102003ea68ccc89db3341756a7b,"sha256(inputs,labels)",8x8190,8x8190,8,torch.int64/torch.int64,8e47f40acaf5f6278bcea329f5efe261dc817d7ceb7daff237e9ed9fd2da6394,sha256,passed,true,,,,,2026-05-26T20:34:13.645623+00:00,2026-05-26T20:34:52.281860+00:00,completed,created_at_utc_minus_wall_clock_sec
2,20260526-gdn-flash-fairness-phase5-longer-mqar:batch_search:banked-h2-b4-k256-v64-sharedv-s126-d123-b64-ga4-fp32-noearly4ep:8190x2047:n8,20260526-gdn-flash-fairness-phase5-longer-mqar:batch_search:banked-h2-b4-k256-v64-sharedv-s126-d123-b64-ga4-fp32-noearly4ep:8190x2047:n8,20260526-gdn-flash-fairness-phase5-longer-mqar,longer_mqar_eval_only,longer_mqar_eval_only_gdn_flash_fairness_phase5_20260526,batch_search,completed,2026-05-26T20:35:32.033735+00:00,gdn,banked-h2-b4-k256-v64-sharedv-s126-d123-b64-ga4-fp32-noearly4ep,banked_k_shared_v_multiseed_followup,banked-h2-b4-k256-v64-sharedv-usegate0-s126-d123,gdn_flash_fairness_phase4_banked_k_multiseed,gdn_flash_fairness_phase4_b64_ga4_fp32,official_gdn_flash_fairness_phase4_b64_ga4_fp32,64,16,4,256,b64_ga4,float32,float32,float32,float32,float32,float32,126,123,gdn-banked-k-h2-b4-k256-v64-sharedv-usegate0,banked-h2-b4-k256-v64-sharedv-usegate0-s126-d123,,,2,,False,True,4,4,4,2,True,checkpoints/flash-vqg-20260526-gdn-flash-fairness-phase4-banked-s126-2026-05-26-19-47-32/banked-h2-b4-k256-v64-sharedv-s126-d123-b64-ga4-fp32-noearly4ep/train_config.json,/home/lyj/mnt/project/zoology/checkpoints/flash-vqg-20260526-gdn-flash-fairness-phase4-banked-s126-2026-05-26-19-47-32/banked-h2-b4-k256-v64-sharedv-s126-d123-b64-ga4-fp32-noearly4ep/train_config.json,3f0bcb14aab3b3b23eef8a90207bb64ba9dc1cad437cdee3dde27d3a2e427e63,sha256:8e47f40acaf5f6278bcea329f5efe261dc817d7ceb7daff237e9ed9fd2da6394,last.pt_epoch4_final,checkpoints/flash-vqg-20260526-gdn-flash-fairness-phase4-banked-s126-2026-05-26-19-47-32/banked-h2-b4-k256-v64-sharedv-s126-d123-b64-ga4-fp32-noearly4ep/last.pt,/home/lyj/mnt/project/zoology/checkpoints/flash-vqg-20260526-gdn-flash-fairness-phase4-banked-s126-2026-05-26-19-47-32/banked-h2-b4-k256-v64-sharedv-s126-d123-b64-ga4-fp32-noearly4ep/last.pt,true,8e47f40acaf5f6278bcea329f5efe261dc817d7ceb7daff237e9ed9fd2da6394,10780668,2026-05-26T20:08:13.932276+00:00,3,,0.06190958619117737,0.99880712890625,0.99187890625,1643992.0,131072,131072,mqar-vocab8192-pass1-seed123-rnq1-power0.01-8190x2047-n8,multiquery_ar,8192,8190,2047,1,8,8,true,123,true,0.01,,,completed,8190x2047,8190,2047,8,8;4;2;1,8,4153.3642578125,,same_gpu_same_dtype_same_runner_only,true,0,0,NVIDIA GeForce RTX 2080 Ti,11264,7.5,GPU-57c29499-bcb3-27f6-4360-e60939528a9b,2.6.0+cu118,11.8,550.120,float32,float32,gdn_flash_fairness_phase4_banked_k_multiseed,NVIDIA_GeForce_RTX_2080_Ti-11264MiB-cc7.5-driver550.120-torch2.6.0+cu118-cuda11.8,9.819093704223633,0.0008549096238397655,9.819093704223633,0.0008549096238397655,38.89566946029663,00:00:38,4153.3642578125,4153.3642578125,8410.0,NVIDIA_GeForce_RTX_2080_Ti-11264MiB-cc7.5-driver550.120-torch2.6.0+cu118-cuda11.8,measured_current_host,0,0,NVIDIA GeForce RTX 2080 Ti,11264,7.5,GPU-57c29499-bcb3-27f6-4360-e60939528a9b,2.6.0+cu118,11.8,550.120,b83328a02358ed088169372940d5876f7633859e,b83328a02358ed088169372940d5876f7633859e,811e1ce5f140e97d93ad6f1adae07b95b4219143,docs/artifacts/gdn-flash-fairness-20260526/phase5-longer-mqar,docs/artifacts/gdn-flash-fairness-20260526/phase4-banked-k-final.csv,tmp/20260526-gdn-flash-fairness-phase5-longer-mqar/logs/batch-search-candidate-banked-h2-b4-k256-v64-sharedv-s126-d123-b64-ga4-fp32-noearly4ep-8190x2047-n8-b8-gpu0.log,,,,123,663eacf2a7ca61fe02e95a8d35f047f2b3c8966f1fa28b952493e824adc09e88,"sha256(inputs,labels)",8x8190,8x8190,8,torch.int64/torch.int64,8e47f40acaf5f6278bcea329f5efe261dc817d7ceb7daff237e9ed9fd2da6394,sha256,passed,true,,,,,2026-05-26T20:34:53.138066+00:00,2026-05-26T20:35:32.033735+00:00,completed,created_at_utc_minus_wall_clock_sec
2,20260526-gdn-flash-fairness-phase5-longer-mqar:formal:banked-h2-b4-k256-v64-sharedv-s126-d123-b64-ga4-fp32-noearly4ep:1024x256:n500,20260526-gdn-flash-fairness-phase5-longer-mqar:formal:banked-h2-b4-k256-v64-sharedv-s126-d123-b64-ga4-fp32-noearly4ep:1024x256:n500,20260526-gdn-flash-fairness-phase5-longer-mqar,longer_mqar_eval_only,longer_mqar_eval_only_gdn_flash_fairness_phase5_20260526,formal,completed,2026-05-26T20:36:05.640957+00:00,gdn,banked-h2-b4-k256-v64-sharedv-s126-d123-b64-ga4-fp32-noearly4ep,banked_k_shared_v_multiseed_followup,banked-h2-b4-k256-v64-sharedv-usegate0-s126-d123,gdn_flash_fairness_phase4_banked_k_multiseed,gdn_flash_fairness_phase4_b64_ga4_fp32,official_gdn_flash_fairness_phase4_b64_ga4_fp32,64,16,4,256,b64_ga4,float32,float32,float32,float32,float32,float32,126,123,gdn-banked-k-h2-b4-k256-v64-sharedv-usegate0,banked-h2-b4-k256-v64-sharedv-usegate0-s126-d123,,,2,,False,True,4,4,4,2,True,checkpoints/flash-vqg-20260526-gdn-flash-fairness-phase4-banked-s126-2026-05-26-19-47-32/banked-h2-b4-k256-v64-sharedv-s126-d123-b64-ga4-fp32-noearly4ep/train_config.json,/home/lyj/mnt/project/zoology/checkpoints/flash-vqg-20260526-gdn-flash-fairness-phase4-banked-s126-2026-05-26-19-47-32/banked-h2-b4-k256-v64-sharedv-s126-d123-b64-ga4-fp32-noearly4ep/train_config.json,3f0bcb14aab3b3b23eef8a90207bb64ba9dc1cad437cdee3dde27d3a2e427e63,sha256:8e47f40acaf5f6278bcea329f5efe261dc817d7ceb7daff237e9ed9fd2da6394,last.pt_epoch4_final,checkpoints/flash-vqg-20260526-gdn-flash-fairness-phase4-banked-s126-2026-05-26-19-47-32/banked-h2-b4-k256-v64-sharedv-s126-d123-b64-ga4-fp32-noearly4ep/last.pt,/home/lyj/mnt/project/zoology/checkpoints/flash-vqg-20260526-gdn-flash-fairness-phase4-banked-s126-2026-05-26-19-47-32/banked-h2-b4-k256-v64-sharedv-s126-d123-b64-ga4-fp32-noearly4ep/last.pt,true,8e47f40acaf5f6278bcea329f5efe261dc817d7ceb7daff237e9ed9fd2da6394,10780668,2026-05-26T20:08:13.932276+00:00,3,,0.06190958619117737,0.99880712890625,0.99187890625,1643992.0,131072,131072,mqar-vocab8192-pass1-seed123-rnq1-power0.01-1024x256-n500,multiquery_ar,8192,1024,256,1,500,8,true,123,true,0.01,,,completed,1024x256,1024,256,8,8;4;2;1,8,755.78076171875,,same_gpu_same_dtype_same_runner_only,true,0,0,NVIDIA GeForce RTX 2080 Ti,11264,7.5,GPU-57c29499-bcb3-27f6-4360-e60939528a9b,2.6.0+cu118,11.8,550.120,float32,float32,gdn_flash_fairness_phase4_banked_k_multiseed,NVIDIA_GeForce_RTX_2080_Ti-11264MiB-cc7.5-driver550.120-torch2.6.0+cu118-cuda11.8,0.4103093445301056,0.9919609375,0.4103093445301056,0.9919609375,32.59676194190979,00:00:32,755.78076171875,755.78076171875,940.0,NVIDIA_GeForce_RTX_2080_Ti-11264MiB-cc7.5-driver550.120-torch2.6.0+cu118-cuda11.8,measured_current_host,0,0,NVIDIA GeForce RTX 2080 Ti,11264,7.5,GPU-57c29499-bcb3-27f6-4360-e60939528a9b,2.6.0+cu118,11.8,550.120,b83328a02358ed088169372940d5876f7633859e,b83328a02358ed088169372940d5876f7633859e,811e1ce5f140e97d93ad6f1adae07b95b4219143,docs/artifacts/gdn-flash-fairness-20260526/phase5-longer-mqar,docs/artifacts/gdn-flash-fairness-20260526/phase4-banked-k-final.csv,tmp/20260526-gdn-flash-fairness-phase5-longer-mqar/logs/formal-banked-h2-b4-k256-v64-sharedv-s126-d123-b64-ga4-fp32-noearly4ep-1024x256-n500-b8-gpu0.log,,,,123,f30f1e09e1300deb2e0f430d7c50c47a77f58f43657aa4d6f425f938a91a9acb,"sha256(inputs,labels)",500x1024,500x1024,500,torch.int64/torch.int64,8e47f40acaf5f6278bcea329f5efe261dc817d7ceb7daff237e9ed9fd2da6394,sha256,passed,true,,,,,2026-05-26T20:35:33.044195+00:00,2026-05-26T20:36:05.640957+00:00,completed,created_at_utc_minus_wall_clock_sec
2,20260526-gdn-flash-fairness-phase5-longer-mqar:formal:banked-h2-b4-k256-v64-sharedv-s126-d123-b64-ga4-fp32-noearly4ep:2048x512:n500,20260526-gdn-flash-fairness-phase5-longer-mqar:formal:banked-h2-b4-k256-v64-sharedv-s126-d123-b64-ga4-fp32-noearly4ep:2048x512:n500,20260526-gdn-flash-fairness-phase5-longer-mqar,longer_mqar_eval_only,longer_mqar_eval_only_gdn_flash_fairness_phase5_20260526,formal,completed,2026-05-26T20:36:43.416765+00:00,gdn,banked-h2-b4-k256-v64-sharedv-s126-d123-b64-ga4-fp32-noearly4ep,banked_k_shared_v_multiseed_followup,banked-h2-b4-k256-v64-sharedv-usegate0-s126-d123,gdn_flash_fairness_phase4_banked_k_multiseed,gdn_flash_fairness_phase4_b64_ga4_fp32,official_gdn_flash_fairness_phase4_b64_ga4_fp32,64,16,4,256,b64_ga4,float32,float32,float32,float32,float32,float32,126,123,gdn-banked-k-h2-b4-k256-v64-sharedv-usegate0,banked-h2-b4-k256-v64-sharedv-usegate0-s126-d123,,,2,,False,True,4,4,4,2,True,checkpoints/flash-vqg-20260526-gdn-flash-fairness-phase4-banked-s126-2026-05-26-19-47-32/banked-h2-b4-k256-v64-sharedv-s126-d123-b64-ga4-fp32-noearly4ep/train_config.json,/home/lyj/mnt/project/zoology/checkpoints/flash-vqg-20260526-gdn-flash-fairness-phase4-banked-s126-2026-05-26-19-47-32/banked-h2-b4-k256-v64-sharedv-s126-d123-b64-ga4-fp32-noearly4ep/train_config.json,3f0bcb14aab3b3b23eef8a90207bb64ba9dc1cad437cdee3dde27d3a2e427e63,sha256:8e47f40acaf5f6278bcea329f5efe261dc817d7ceb7daff237e9ed9fd2da6394,last.pt_epoch4_final,checkpoints/flash-vqg-20260526-gdn-flash-fairness-phase4-banked-s126-2026-05-26-19-47-32/banked-h2-b4-k256-v64-sharedv-s126-d123-b64-ga4-fp32-noearly4ep/last.pt,/home/lyj/mnt/project/zoology/checkpoints/flash-vqg-20260526-gdn-flash-fairness-phase4-banked-s126-2026-05-26-19-47-32/banked-h2-b4-k256-v64-sharedv-s126-d123-b64-ga4-fp32-noearly4ep/last.pt,true,8e47f40acaf5f6278bcea329f5efe261dc817d7ceb7daff237e9ed9fd2da6394,10780668,2026-05-26T20:08:13.932276+00:00,3,,0.06190958619117737,0.99880712890625,0.99187890625,1643992.0,131072,131072,mqar-vocab8192-pass1-seed123-rnq1-power0.01-2048x512-n500,multiquery_ar,8192,2048,512,1,500,8,true,123,true,0.01,,,completed,2048x512,2048,512,8,8;4;2;1,8,1241.14794921875,,same_gpu_same_dtype_same_runner_only,true,0,0,NVIDIA GeForce RTX 2080 Ti,11264,7.5,GPU-57c29499-bcb3-27f6-4360-e60939528a9b,2.6.0+cu118,11.8,550.120,float32,float32,gdn_flash_fairness_phase4_banked_k_multiseed,NVIDIA_GeForce_RTX_2080_Ti-11264MiB-cc7.5-driver550.120-torch2.6.0+cu118-cuda11.8,2.771772623062134,0.6140546875,2.771772623062134,0.6140546875,36.90600371360779,00:00:36,1241.14794921875,1241.14794921875,2390.0,NVIDIA_GeForce_RTX_2080_Ti-11264MiB-cc7.5-driver550.120-torch2.6.0+cu118-cuda11.8,measured_current_host,0,0,NVIDIA GeForce RTX 2080 Ti,11264,7.5,GPU-57c29499-bcb3-27f6-4360-e60939528a9b,2.6.0+cu118,11.8,550.120,b83328a02358ed088169372940d5876f7633859e,b83328a02358ed088169372940d5876f7633859e,811e1ce5f140e97d93ad6f1adae07b95b4219143,docs/artifacts/gdn-flash-fairness-20260526/phase5-longer-mqar,docs/artifacts/gdn-flash-fairness-20260526/phase4-banked-k-final.csv,tmp/20260526-gdn-flash-fairness-phase5-longer-mqar/logs/formal-banked-h2-b4-k256-v64-sharedv-s126-d123-b64-ga4-fp32-noearly4ep-2048x512-n500-b8-gpu0.log,,,,123,e446efc9f4dc774377c56c403a468c747870beb18ff0320f15df794dcb69f015,"sha256(inputs,labels)",500x2048,500x2048,500,torch.int64/torch.int64,8e47f40acaf5f6278bcea329f5efe261dc817d7ceb7daff237e9ed9fd2da6394,sha256,passed,true,,,,,2026-05-26T20:36:06.510761+00:00,2026-05-26T20:36:43.416765+00:00,completed,created_at_utc_minus_wall_clock_sec
2,20260526-gdn-flash-fairness-phase5-longer-mqar:formal:banked-h2-b4-k256-v64-sharedv-s126-d123-b64-ga4-fp32-noearly4ep:4096x1024:n500,20260526-gdn-flash-fairness-phase5-longer-mqar:formal:banked-h2-b4-k256-v64-sharedv-s126-d123-b64-ga4-fp32-noearly4ep:4096x1024:n500,20260526-gdn-flash-fairness-phase5-longer-mqar,longer_mqar_eval_only,longer_mqar_eval_only_gdn_flash_fairness_phase5_20260526,formal,completed,2026-05-26T20:37:28.971593+00:00,gdn,banked-h2-b4-k256-v64-sharedv-s126-d123-b64-ga4-fp32-noearly4ep,banked_k_shared_v_multiseed_followup,banked-h2-b4-k256-v64-sharedv-usegate0-s126-d123,gdn_flash_fairness_phase4_banked_k_multiseed,gdn_flash_fairness_phase4_b64_ga4_fp32,official_gdn_flash_fairness_phase4_b64_ga4_fp32,64,16,4,256,b64_ga4,float32,float32,float32,float32,float32,float32,126,123,gdn-banked-k-h2-b4-k256-v64-sharedv-usegate0,banked-h2-b4-k256-v64-sharedv-usegate0-s126-d123,,,2,,False,True,4,4,4,2,True,checkpoints/flash-vqg-20260526-gdn-flash-fairness-phase4-banked-s126-2026-05-26-19-47-32/banked-h2-b4-k256-v64-sharedv-s126-d123-b64-ga4-fp32-noearly4ep/train_config.json,/home/lyj/mnt/project/zoology/checkpoints/flash-vqg-20260526-gdn-flash-fairness-phase4-banked-s126-2026-05-26-19-47-32/banked-h2-b4-k256-v64-sharedv-s126-d123-b64-ga4-fp32-noearly4ep/train_config.json,3f0bcb14aab3b3b23eef8a90207bb64ba9dc1cad437cdee3dde27d3a2e427e63,sha256:8e47f40acaf5f6278bcea329f5efe261dc817d7ceb7daff237e9ed9fd2da6394,last.pt_epoch4_final,checkpoints/flash-vqg-20260526-gdn-flash-fairness-phase4-banked-s126-2026-05-26-19-47-32/banked-h2-b4-k256-v64-sharedv-s126-d123-b64-ga4-fp32-noearly4ep/last.pt,/home/lyj/mnt/project/zoology/checkpoints/flash-vqg-20260526-gdn-flash-fairness-phase4-banked-s126-2026-05-26-19-47-32/banked-h2-b4-k256-v64-sharedv-s126-d123-b64-ga4-fp32-noearly4ep/last.pt,true,8e47f40acaf5f6278bcea329f5efe261dc817d7ceb7daff237e9ed9fd2da6394,10780668,2026-05-26T20:08:13.932276+00:00,3,,0.06190958619117737,0.99880712890625,0.99187890625,1643992.0,131072,131072,mqar-vocab8192-pass1-seed123-rnq1-power0.01-4096x1024-n500,multiquery_ar,8192,4096,1024,1,500,8,true,123,true,0.01,,,completed,4096x1024,4096,1024,8,8;4;2;1,8,2211.89794921875,,same_gpu_same_dtype_same_runner_only,true,0,0,NVIDIA GeForce RTX 2080 Ti,11264,7.5,GPU-57c29499-bcb3-27f6-4360-e60939528a9b,2.6.0+cu118,11.8,550.120,float32,float32,gdn_flash_fairness_phase4_banked_k_multiseed,NVIDIA_GeForce_RTX_2080_Ti-11264MiB-cc7.5-driver550.120-torch2.6.0+cu118-cuda11.8,7.03691291809082,0.048927734375,7.03691291809082,0.048927734375,44.695114612579346,00:00:44,2211.89794921875,2211.89794921875,4548.0,NVIDIA_GeForce_RTX_2080_Ti-11264MiB-cc7.5-driver550.120-torch2.6.0+cu118-cuda11.8,measured_current_host,0,0,NVIDIA GeForce RTX 2080 Ti,11264,7.5,GPU-57c29499-bcb3-27f6-4360-e60939528a9b,2.6.0+cu118,11.8,550.120,b83328a02358ed088169372940d5876f7633859e,b83328a02358ed088169372940d5876f7633859e,811e1ce5f140e97d93ad6f1adae07b95b4219143,docs/artifacts/gdn-flash-fairness-20260526/phase5-longer-mqar,docs/artifacts/gdn-flash-fairness-20260526/phase4-banked-k-final.csv,tmp/20260526-gdn-flash-fairness-phase5-longer-mqar/logs/formal-banked-h2-b4-k256-v64-sharedv-s126-d123-b64-ga4-fp32-noearly4ep-4096x1024-n500-b8-gpu0.log,,,,123,0981292ce8ebea1402a4c3a7a6655dfc1de42688c329bd5ea921541a0f1d16ed,"sha256(inputs,labels)",500x4096,500x4096,500,torch.int64/torch.int64,8e47f40acaf5f6278bcea329f5efe261dc817d7ceb7daff237e9ed9fd2da6394,sha256,passed,true,,,,,2026-05-26T20:36:44.276478+00:00,2026-05-26T20:37:28.971593+00:00,completed,created_at_utc_minus_wall_clock_sec
2,20260526-gdn-flash-fairness-phase5-longer-mqar:formal:banked-h2-b4-k256-v64-sharedv-s126-d123-b64-ga4-fp32-noearly4ep:8190x512:n500,20260526-gdn-flash-fairness-phase5-longer-mqar:formal:banked-h2-b4-k256-v64-sharedv-s126-d123-b64-ga4-fp32-noearly4ep:8190x512:n500,20260526-gdn-flash-fairness-phase5-longer-mqar,longer_mqar_eval_only,longer_mqar_eval_only_gdn_flash_fairness_phase5_20260526,formal,completed,2026-05-26T20:38:31.267375+00:00,gdn,banked-h2-b4-k256-v64-sharedv-s126-d123-b64-ga4-fp32-noearly4ep,banked_k_shared_v_multiseed_followup,banked-h2-b4-k256-v64-sharedv-usegate0-s126-d123,gdn_flash_fairness_phase4_banked_k_multiseed,gdn_flash_fairness_phase4_b64_ga4_fp32,official_gdn_flash_fairness_phase4_b64_ga4_fp32,64,16,4,256,b64_ga4,float32,float32,float32,float32,float32,float32,126,123,gdn-banked-k-h2-b4-k256-v64-sharedv-usegate0,banked-h2-b4-k256-v64-sharedv-usegate0-s126-d123,,,2,,False,True,4,4,4,2,True,checkpoints/flash-vqg-20260526-gdn-flash-fairness-phase4-banked-s126-2026-05-26-19-47-32/banked-h2-b4-k256-v64-sharedv-s126-d123-b64-ga4-fp32-noearly4ep/train_config.json,/home/lyj/mnt/project/zoology/checkpoints/flash-vqg-20260526-gdn-flash-fairness-phase4-banked-s126-2026-05-26-19-47-32/banked-h2-b4-k256-v64-sharedv-s126-d123-b64-ga4-fp32-noearly4ep/train_config.json,3f0bcb14aab3b3b23eef8a90207bb64ba9dc1cad437cdee3dde27d3a2e427e63,sha256:8e47f40acaf5f6278bcea329f5efe261dc817d7ceb7daff237e9ed9fd2da6394,last.pt_epoch4_final,checkpoints/flash-vqg-20260526-gdn-flash-fairness-phase4-banked-s126-2026-05-26-19-47-32/banked-h2-b4-k256-v64-sharedv-s126-d123-b64-ga4-fp32-noearly4ep/last.pt,/home/lyj/mnt/project/zoology/checkpoints/flash-vqg-20260526-gdn-flash-fairness-phase4-banked-s126-2026-05-26-19-47-32/banked-h2-b4-k256-v64-sharedv-s126-d123-b64-ga4-fp32-noearly4ep/last.pt,true,8e47f40acaf5f6278bcea329f5efe261dc817d7ceb7daff237e9ed9fd2da6394,10780668,2026-05-26T20:08:13.932276+00:00,3,,0.06190958619117737,0.99880712890625,0.99187890625,1643992.0,131072,131072,mqar-vocab8192-pass1-seed123-rnq1-power0.01-8190x512-n500,multiquery_ar,8192,8190,512,1,500,8,true,123,true,0.01,,,completed,8190x2047,8190,2047,8,8;4;2;1,8,4153.3642578125,,same_gpu_same_dtype_same_runner_only,true,0,0,NVIDIA GeForce RTX 2080 Ti,11264,7.5,GPU-57c29499-bcb3-27f6-4360-e60939528a9b,2.6.0+cu118,11.8,550.120,float32,float32,gdn_flash_fairness_phase4_banked_k_multiseed,NVIDIA_GeForce_RTX_2080_Ti-11264MiB-cc7.5-driver550.120-torch2.6.0+cu118-cuda11.8,5.069477558135986,0.3469296875,5.069477558135986,0.3469296875,61.40067100524902,00:01:01,4153.3642578125,4153.3642578125,8414.0,NVIDIA_GeForce_RTX_2080_Ti-11264MiB-cc7.5-driver550.120-torch2.6.0+cu118-cuda11.8,measured_current_host,0,0,NVIDIA GeForce RTX 2080 Ti,11264,7.5,GPU-57c29499-bcb3-27f6-4360-e60939528a9b,2.6.0+cu118,11.8,550.120,b83328a02358ed088169372940d5876f7633859e,b83328a02358ed088169372940d5876f7633859e,811e1ce5f140e97d93ad6f1adae07b95b4219143,docs/artifacts/gdn-flash-fairness-20260526/phase5-longer-mqar,docs/artifacts/gdn-flash-fairness-20260526/phase4-banked-k-final.csv,tmp/20260526-gdn-flash-fairness-phase5-longer-mqar/logs/formal-banked-h2-b4-k256-v64-sharedv-s126-d123-b64-ga4-fp32-noearly4ep-8190x512-n500-b8-gpu0.log,,,,123,37a8533a985fabd3db03daf9dfd3a8e0936513ab724039c63b9a22bf352d002d,"sha256(inputs,labels)",500x8190,500x8190,500,torch.int64/torch.int64,8e47f40acaf5f6278bcea329f5efe261dc817d7ceb7daff237e9ed9fd2da6394,sha256,passed,true,,,,,2026-05-26T20:37:29.866704+00:00,2026-05-26T20:38:31.267375+00:00,completed,created_at_utc_minus_wall_clock_sec
2,20260526-gdn-flash-fairness-phase5-longer-mqar:formal:banked-h2-b4-k256-v64-sharedv-s126-d123-b64-ga4-fp32-noearly4ep:8190x2047:n500,20260526-gdn-flash-fairness-phase5-longer-mqar:formal:banked-h2-b4-k256-v64-sharedv-s126-d123-b64-ga4-fp32-noearly4ep:8190x2047:n500,20260526-gdn-flash-fairness-phase5-longer-mqar,longer_mqar_eval_only,longer_mqar_eval_only_gdn_flash_fairness_phase5_20260526,formal,completed,2026-05-26T20:39:34.231386+00:00,gdn,banked-h2-b4-k256-v64-sharedv-s126-d123-b64-ga4-fp32-noearly4ep,banked_k_shared_v_multiseed_followup,banked-h2-b4-k256-v64-sharedv-usegate0-s126-d123,gdn_flash_fairness_phase4_banked_k_multiseed,gdn_flash_fairness_phase4_b64_ga4_fp32,official_gdn_flash_fairness_phase4_b64_ga4_fp32,64,16,4,256,b64_ga4,float32,float32,float32,float32,float32,float32,126,123,gdn-banked-k-h2-b4-k256-v64-sharedv-usegate0,banked-h2-b4-k256-v64-sharedv-usegate0-s126-d123,,,2,,False,True,4,4,4,2,True,checkpoints/flash-vqg-20260526-gdn-flash-fairness-phase4-banked-s126-2026-05-26-19-47-32/banked-h2-b4-k256-v64-sharedv-s126-d123-b64-ga4-fp32-noearly4ep/train_config.json,/home/lyj/mnt/project/zoology/checkpoints/flash-vqg-20260526-gdn-flash-fairness-phase4-banked-s126-2026-05-26-19-47-32/banked-h2-b4-k256-v64-sharedv-s126-d123-b64-ga4-fp32-noearly4ep/train_config.json,3f0bcb14aab3b3b23eef8a90207bb64ba9dc1cad437cdee3dde27d3a2e427e63,sha256:8e47f40acaf5f6278bcea329f5efe261dc817d7ceb7daff237e9ed9fd2da6394,last.pt_epoch4_final,checkpoints/flash-vqg-20260526-gdn-flash-fairness-phase4-banked-s126-2026-05-26-19-47-32/banked-h2-b4-k256-v64-sharedv-s126-d123-b64-ga4-fp32-noearly4ep/last.pt,/home/lyj/mnt/project/zoology/checkpoints/flash-vqg-20260526-gdn-flash-fairness-phase4-banked-s126-2026-05-26-19-47-32/banked-h2-b4-k256-v64-sharedv-s126-d123-b64-ga4-fp32-noearly4ep/last.pt,true,8e47f40acaf5f6278bcea329f5efe261dc817d7ceb7daff237e9ed9fd2da6394,10780668,2026-05-26T20:08:13.932276+00:00,3,,0.06190958619117737,0.99880712890625,0.99187890625,1643992.0,131072,131072,mqar-vocab8192-pass1-seed123-rnq1-power0.01-8190x2047-n500,multiquery_ar,8192,8190,2047,1,500,8,true,123,true,0.01,,,completed,8190x2047,8190,2047,8,8;4;2;1,8,4153.3642578125,,same_gpu_same_dtype_same_runner_only,true,0,0,NVIDIA GeForce RTX 2080 Ti,11264,7.5,GPU-57c29499-bcb3-27f6-4360-e60939528a9b,2.6.0+cu118,11.8,550.120,float32,float32,gdn_flash_fairness_phase4_banked_k_multiseed,NVIDIA_GeForce_RTX_2080_Ti-11264MiB-cc7.5-driver550.120-torch2.6.0+cu118-cuda11.8,9.799717903137207,0.0012574499267220323,9.799717903137207,0.0012574499267220323,62.05743217468262,00:01:02,4153.3642578125,4153.3642578125,8414.0,NVIDIA_GeForce_RTX_2080_Ti-11264MiB-cc7.5-driver550.120-torch2.6.0+cu118-cuda11.8,measured_current_host,0,0,NVIDIA GeForce RTX 2080 Ti,11264,7.5,GPU-57c29499-bcb3-27f6-4360-e60939528a9b,2.6.0+cu118,11.8,550.120,b83328a02358ed088169372940d5876f7633859e,b83328a02358ed088169372940d5876f7633859e,811e1ce5f140e97d93ad6f1adae07b95b4219143,docs/artifacts/gdn-flash-fairness-20260526/phase5-longer-mqar,docs/artifacts/gdn-flash-fairness-20260526/phase4-banked-k-final.csv,tmp/20260526-gdn-flash-fairness-phase5-longer-mqar/logs/formal-banked-h2-b4-k256-v64-sharedv-s126-d123-b64-ga4-fp32-noearly4ep-8190x2047-n500-b8-gpu0.log,,,,123,8c16a91ea127bb7bf2130238ecd56b49fb1fd73bb3e0c2f4c586ddba8e9b97a9,"sha256(inputs,labels)",500x8190,500x8190,500,torch.int64/torch.int64,8e47f40acaf5f6278bcea329f5efe261dc817d7ceb7daff237e9ed9fd2da6394,sha256,passed,true,,,,,2026-05-26T20:38:32.173954+00:00,2026-05-26T20:39:34.231386+00:00,completed,created_at_utc_minus_wall_clock_sec
