schema_version,eval_event_id,eval_run_id,eval_batch_id,run_type,eval_scope,eval_mode,eval_status,created_at_utc,source_model_family,source_run_id,source_role,source_config_id,source_scope,source_comparison_scope,source_run_type,source_train_batch_size,source_eval_batch_size,source_gradient_accumulation_steps,source_effective_train_batch_size,source_batch_accum_profile,source_dtype_policy,source_outer_model_dtype,source_hidden_states_dtype,source_kernel_input_dtype,source_actual_kernel_dtype,source_gdn_kernel_dtype,source_seed,source_data_seed,source_config_family,source_config,source_num_codebook_vectors,source_rank,source_num_heads,source_expand_v,source_use_gate,source_use_short_conv,source_conv_size,source_configured_max_epochs,source_final_epoch,source_validations_per_epoch,source_early_stopping_disabled,source_train_config_path,source_train_config_path_abs,source_train_config_sha256,source_ckpt_identity,source_ckpt_type,source_ckpt_path,source_ckpt_path_abs,source_ckpt_exists,source_ckpt_sha256,source_ckpt_size_bytes,source_ckpt_mtime_utc,source_ckpt_epoch,source_ckpt_step,source_final_valid_loss,source_final_valid_accuracy,source_final_valid_mqar_case_accuracy_1024x256,source_trainable_params,source_dynamic_capacity_per_layer,source_dynamic_capacity_total,eval_protocol_id,eval_dataset,vocab_size,input_seq_len,num_kv_pairs,num_passes,num_examples,eval_batch_size,adaptive_batch_search,eval_data_seed,random_non_queries,power_a,sanity_reference_accuracy_1024x256,sanity_delta_abs,batch_search_status,batch_search_slice,batch_search_input_seq_len,batch_search_num_kv_pairs,batch_search_num_examples,batch_search_candidates,batch_search_best_eval_batch_size,batch_search_peak_memory_mb,batch_search_failure_detail,batch_search_reusable_scope,batch_search_hardware_dependent,batch_search_gpu,batch_search_cuda_device,batch_search_gpu_name,batch_search_gpu_total_memory_mb,batch_search_gpu_compute_capability,batch_search_gpu_uuid,batch_search_torch_version,batch_search_cuda_version,batch_search_driver_version,batch_search_dtype_policy,batch_search_kernel_dtype,batch_search_source_scope,batch_search_hardware_profile_id,loss,accuracy,aggregate_loss,aggregate_accuracy,wall_clock_sec,wall_clock,peak_memory_mb,torch_peak_memory_allocated_mib,torch_peak_memory_reserved_mib,eval_hardware_profile_id,eval_hardware_backfill_status,gpu,cuda_device,gpu_name,gpu_total_memory_mb,gpu_compute_capability,gpu_uuid,torch_version,cuda_version,driver_version,runner_commit,commit_zoology,commit_flash_vqg,artifact_dir,source_artifact,log_path,failure_type,failure_detail,notes,eval_seed,dataset_hash,dataset_hash_algorithm,dataset_input_shape,dataset_label_shape,dataset_num_examples,dataset_dtype,checkpoint_hash,checkpoint_hash_algorithm,official_core_constraint_status,selected_core_subset,repro_check_reference_event_id,repro_check_dataset_hash_match,repro_check_accuracy_delta_abs,repro_check_accuracy_match
2,20260526-longer-mqar-official-core:batch_search:gd-r10-s123-d123-b64-ga4-fp32-noearly4ep:1024x256:n32,20260526-longer-mqar-official-core:batch_search:gd-r10-s123-d123-b64-ga4-fp32-noearly4ep:1024x256:n32,20260526-longer-mqar-official-core,longer_mqar_eval_only,longer_mqar_eval_only_vocab8192_official_core_20260526,batch_search,completed,2026-05-25T20:24:48.114321+00:00,flash,gd-r10-s123-d123-b64-ga4-fp32-noearly4ep,cb256-r10,cb256-r10-s123-d123,b64_ga4_fp32_official,gd_residual_v1_cb256_r10_noearly4ep_b64_ga4_fp32,r10_seed_stability_official_b64_ga4_fp32,64,16,4,256,b64_ga4,float32,float32,float32,float32,float32,float32,123,123,cb256-r10,cb256-r10-s123-d123,256,10,,,,,,4,4,2,true,checkpoints/flash-vqg-20260519-gd-r10-gdn-official-b64-fp32-flash-r10-s123-2026-05-19-17-43-20/gd-r10-s123-d123-b64-ga4-fp32-noearly4ep/train_config.json,/home/lyj/mnt/project/zoology/checkpoints/flash-vqg-20260519-gd-r10-gdn-official-b64-fp32-flash-r10-s123-2026-05-19-17-43-20/gd-r10-s123-d123-b64-ga4-fp32-noearly4ep/train_config.json,0a42aed61895c9a330e6a4a7922893c2171ef5f3a58e1e65d56a263bb6437db6,sha256:443ea8bd8d6482e9df08577a3e075bc34fd68ca42c5793b6d39b3142037b2147,last.pt_epoch4_final,checkpoints/flash-vqg-20260519-gd-r10-gdn-official-b64-fp32-flash-r10-s123-2026-05-19-17-43-20/gd-r10-s123-d123-b64-ga4-fp32-noearly4ep/last.pt,/home/lyj/mnt/project/zoology/checkpoints/flash-vqg-20260519-gd-r10-gdn-official-b64-fp32-flash-r10-s123-2026-05-19-17-43-20/gd-r10-s123-d123-b64-ga4-fp32-noearly4ep/last.pt,true,443ea8bd8d6482e9df08577a3e075bc34fd68ca42c5793b6d39b3142037b2147,8943045,2026-05-19T21:14:14.088861+00:00,3,,0.14956353604793549,0.98174560546875,0.89201953125,1184198,,327680,mqar-vocab8192-pass1-seed123-rnq1-power0.01-1024x256-n32,multiquery_ar,8192,1024,256,1,32,32,true,123,true,0.01,,,completed,1024x256,1024,256,32,32;16;8;4;2;1,32,3942.7080078125,,same_gpu_same_dtype_same_runner_only,true,0,0,NVIDIA GeForce RTX 2080 Ti,11264,7.5,GPU-57c29499-bcb3-27f6-4360-e60939528a9b,2.6.0+cu118,11.8,550.120,float32,float32,b64_ga4_fp32_official,NVIDIA_GeForce_RTX_2080_Ti-11264MiB-cc7.5-driver550.120-torch2.6.0+cu118-cuda11.8,0.8371977210044861,0.8856201171875,0.8371977210044861,0.8856201171875,10.020374774932861,00:00:10,3942.7080078125,3942.7080078125,4422.0,NVIDIA_GeForce_RTX_2080_Ti-11264MiB-cc7.5-driver550.120-torch2.6.0+cu118-cuda11.8,measured_current_host,0,0,NVIDIA GeForce RTX 2080 Ti,11264,7.5,GPU-57c29499-bcb3-27f6-4360-e60939528a9b,2.6.0+cu118,11.8,550.120,8eb730be36bbb0876ed83a332d364c65acb36b28,8eb730be36bbb0876ed83a332d364c65acb36b28,811e1ce5f140e97d93ad6f1adae07b95b4219143,docs/artifacts/longer-mqar/official-core-20260526,docs/artifacts/20260519-gd-r10-gdn-official-b64-fp32/flash-r10-final.csv,tmp/20260526-longer-mqar-official-core/logs/batch-search-candidate-gd-r10-s123-d123-b64-ga4-fp32-noearly4ep-1024x256-n32-b32-gpu0.log,,,,123,68500f1bc9fdc7ff4edc301ab7303d253d578a27cbbbf7613c74e3e6a04cc9f3,"sha256(inputs,labels)",32x1024,32x1024,32,torch.int64/torch.int64,443ea8bd8d6482e9df08577a3e075bc34fd68ca42c5793b6d39b3142037b2147,sha256,passed,true,,,,
2,20260526-longer-mqar-official-core:batch_search:gd-r10-s124-d123-b64-ga4-fp32-noearly4ep:1024x256:n32,20260526-longer-mqar-official-core:batch_search:gd-r10-s124-d123-b64-ga4-fp32-noearly4ep:1024x256:n32,20260526-longer-mqar-official-core,longer_mqar_eval_only,longer_mqar_eval_only_vocab8192_official_core_20260526,batch_search,completed,2026-05-25T20:24:48.794915+00:00,flash,gd-r10-s124-d123-b64-ga4-fp32-noearly4ep,cb256-r10,cb256-r10-s124-d123,b64_ga4_fp32_official,gd_residual_v1_cb256_r10_noearly4ep_b64_ga4_fp32,r10_seed_stability_official_b64_ga4_fp32,64,16,4,256,b64_ga4,float32,float32,float32,float32,float32,float32,124,123,cb256-r10,cb256-r10-s124-d123,256,10,,,,,,4,4,2,true,checkpoints/flash-vqg-20260519-gd-r10-gdn-official-b64-fp32-flash-r10-s124-2026-05-19-17-43-20/gd-r10-s124-d123-b64-ga4-fp32-noearly4ep/train_config.json,/home/lyj/mnt/project/zoology/checkpoints/flash-vqg-20260519-gd-r10-gdn-official-b64-fp32-flash-r10-s124-2026-05-19-17-43-20/gd-r10-s124-d123-b64-ga4-fp32-noearly4ep/train_config.json,ddfd988e258f268333818af61cddb139c0fe01db4174baecedac1660353f8529,sha256:7a748a0cfb6fac43633bc0844a63ce2f0b6e0ce8eee27134cd213fb93c93f7cf,last.pt_epoch4_final,checkpoints/flash-vqg-20260519-gd-r10-gdn-official-b64-fp32-flash-r10-s124-2026-05-19-17-43-20/gd-r10-s124-d123-b64-ga4-fp32-noearly4ep/last.pt,/home/lyj/mnt/project/zoology/checkpoints/flash-vqg-20260519-gd-r10-gdn-official-b64-fp32-flash-r10-s124-2026-05-19-17-43-20/gd-r10-s124-d123-b64-ga4-fp32-noearly4ep/last.pt,true,7a748a0cfb6fac43633bc0844a63ce2f0b6e0ce8eee27134cd213fb93c93f7cf,8943045,2026-05-19T22:14:17.873500+00:00,3,,0.04493362084031105,0.99668359375,0.9852421875,1184198,,327680,mqar-vocab8192-pass1-seed123-rnq1-power0.01-1024x256-n32,multiquery_ar,8192,1024,256,1,32,32,true,123,true,0.01,,,completed,1024x256,1024,256,32,32;16;8;4;2;1,32,3942.7080078125,,same_gpu_same_dtype_same_runner_only,true,1,1,NVIDIA GeForce RTX 2080 Ti,11264,7.5,GPU-0def3eeb-c2d0-4f49-ec2a-ebc1d8453b98,2.6.0+cu118,11.8,550.120,float32,float32,b64_ga4_fp32_official,NVIDIA_GeForce_RTX_2080_Ti-11264MiB-cc7.5-driver550.120-torch2.6.0+cu118-cuda11.8,0.1989167332649231,0.9852294921875,0.1989167332649231,0.9852294921875,10.613083362579346,00:00:10,3942.7080078125,3942.7080078125,4422.0,NVIDIA_GeForce_RTX_2080_Ti-11264MiB-cc7.5-driver550.120-torch2.6.0+cu118-cuda11.8,measured_current_host,1,1,NVIDIA GeForce RTX 2080 Ti,11264,7.5,GPU-0def3eeb-c2d0-4f49-ec2a-ebc1d8453b98,2.6.0+cu118,11.8,550.120,8eb730be36bbb0876ed83a332d364c65acb36b28,8eb730be36bbb0876ed83a332d364c65acb36b28,811e1ce5f140e97d93ad6f1adae07b95b4219143,docs/artifacts/longer-mqar/official-core-20260526,docs/artifacts/20260519-gd-r10-gdn-official-b64-fp32/flash-r10-final.csv,tmp/20260526-longer-mqar-official-core/logs/batch-search-candidate-gd-r10-s124-d123-b64-ga4-fp32-noearly4ep-1024x256-n32-b32-gpu1.log,,,,123,68500f1bc9fdc7ff4edc301ab7303d253d578a27cbbbf7613c74e3e6a04cc9f3,"sha256(inputs,labels)",32x1024,32x1024,32,torch.int64/torch.int64,7a748a0cfb6fac43633bc0844a63ce2f0b6e0ce8eee27134cd213fb93c93f7cf,sha256,passed,true,,,,
2,20260526-longer-mqar-official-core:batch_search:gd-r10-s123-d123-b64-ga4-fp32-noearly4ep:2048x512:n32,20260526-longer-mqar-official-core:batch_search:gd-r10-s123-d123-b64-ga4-fp32-noearly4ep:2048x512:n32,20260526-longer-mqar-official-core,longer_mqar_eval_only,longer_mqar_eval_only_vocab8192_official_core_20260526,batch_search,completed,2026-05-25T20:25:00.141910+00:00,flash,gd-r10-s123-d123-b64-ga4-fp32-noearly4ep,cb256-r10,cb256-r10-s123-d123,b64_ga4_fp32_official,gd_residual_v1_cb256_r10_noearly4ep_b64_ga4_fp32,r10_seed_stability_official_b64_ga4_fp32,64,16,4,256,b64_ga4,float32,float32,float32,float32,float32,float32,123,123,cb256-r10,cb256-r10-s123-d123,256,10,,,,,,4,4,2,true,checkpoints/flash-vqg-20260519-gd-r10-gdn-official-b64-fp32-flash-r10-s123-2026-05-19-17-43-20/gd-r10-s123-d123-b64-ga4-fp32-noearly4ep/train_config.json,/home/lyj/mnt/project/zoology/checkpoints/flash-vqg-20260519-gd-r10-gdn-official-b64-fp32-flash-r10-s123-2026-05-19-17-43-20/gd-r10-s123-d123-b64-ga4-fp32-noearly4ep/train_config.json,0a42aed61895c9a330e6a4a7922893c2171ef5f3a58e1e65d56a263bb6437db6,sha256:443ea8bd8d6482e9df08577a3e075bc34fd68ca42c5793b6d39b3142037b2147,last.pt_epoch4_final,checkpoints/flash-vqg-20260519-gd-r10-gdn-official-b64-fp32-flash-r10-s123-2026-05-19-17-43-20/gd-r10-s123-d123-b64-ga4-fp32-noearly4ep/last.pt,/home/lyj/mnt/project/zoology/checkpoints/flash-vqg-20260519-gd-r10-gdn-official-b64-fp32-flash-r10-s123-2026-05-19-17-43-20/gd-r10-s123-d123-b64-ga4-fp32-noearly4ep/last.pt,true,443ea8bd8d6482e9df08577a3e075bc34fd68ca42c5793b6d39b3142037b2147,8943045,2026-05-19T21:14:14.088861+00:00,3,,0.14956353604793549,0.98174560546875,0.89201953125,1184198,,327680,mqar-vocab8192-pass1-seed123-rnq1-power0.01-2048x512-n32,multiquery_ar,8192,2048,512,1,32,32,true,123,true,0.01,,,completed,2048x512,2048,512,32,32;16;8;4;2;1,32,7870.7568359375,,same_gpu_same_dtype_same_runner_only,true,0,0,NVIDIA GeForce RTX 2080 Ti,11264,7.5,GPU-57c29499-bcb3-27f6-4360-e60939528a9b,2.6.0+cu118,11.8,550.120,float32,float32,b64_ga4_fp32_official,NVIDIA_GeForce_RTX_2080_Ti-11264MiB-cc7.5-driver550.120-torch2.6.0+cu118-cuda11.8,2.3768699169158936,0.59295654296875,2.3768699169158936,0.59295654296875,11.168165445327759,00:00:11,7870.7568359375,7870.7568359375,9062.0,NVIDIA_GeForce_RTX_2080_Ti-11264MiB-cc7.5-driver550.120-torch2.6.0+cu118-cuda11.8,measured_current_host,0,0,NVIDIA GeForce RTX 2080 Ti,11264,7.5,GPU-57c29499-bcb3-27f6-4360-e60939528a9b,2.6.0+cu118,11.8,550.120,8eb730be36bbb0876ed83a332d364c65acb36b28,8eb730be36bbb0876ed83a332d364c65acb36b28,811e1ce5f140e97d93ad6f1adae07b95b4219143,docs/artifacts/longer-mqar/official-core-20260526,docs/artifacts/20260519-gd-r10-gdn-official-b64-fp32/flash-r10-final.csv,tmp/20260526-longer-mqar-official-core/logs/batch-search-candidate-gd-r10-s123-d123-b64-ga4-fp32-noearly4ep-2048x512-n32-b32-gpu0.log,,,,123,34ea18c38dae38e2860b711425f27d090597975373a954d128324e3a04dcb012,"sha256(inputs,labels)",32x2048,32x2048,32,torch.int64/torch.int64,443ea8bd8d6482e9df08577a3e075bc34fd68ca42c5793b6d39b3142037b2147,sha256,passed,true,,,,
2,20260526-longer-mqar-official-core:batch_search:gd-r10-s124-d123-b64-ga4-fp32-noearly4ep:2048x512:n32,20260526-longer-mqar-official-core:batch_search:gd-r10-s124-d123-b64-ga4-fp32-noearly4ep:2048x512:n32,20260526-longer-mqar-official-core,longer_mqar_eval_only,longer_mqar_eval_only_vocab8192_official_core_20260526,batch_search,completed,2026-05-25T20:25:01.952317+00:00,flash,gd-r10-s124-d123-b64-ga4-fp32-noearly4ep,cb256-r10,cb256-r10-s124-d123,b64_ga4_fp32_official,gd_residual_v1_cb256_r10_noearly4ep_b64_ga4_fp32,r10_seed_stability_official_b64_ga4_fp32,64,16,4,256,b64_ga4,float32,float32,float32,float32,float32,float32,124,123,cb256-r10,cb256-r10-s124-d123,256,10,,,,,,4,4,2,true,checkpoints/flash-vqg-20260519-gd-r10-gdn-official-b64-fp32-flash-r10-s124-2026-05-19-17-43-20/gd-r10-s124-d123-b64-ga4-fp32-noearly4ep/train_config.json,/home/lyj/mnt/project/zoology/checkpoints/flash-vqg-20260519-gd-r10-gdn-official-b64-fp32-flash-r10-s124-2026-05-19-17-43-20/gd-r10-s124-d123-b64-ga4-fp32-noearly4ep/train_config.json,ddfd988e258f268333818af61cddb139c0fe01db4174baecedac1660353f8529,sha256:7a748a0cfb6fac43633bc0844a63ce2f0b6e0ce8eee27134cd213fb93c93f7cf,last.pt_epoch4_final,checkpoints/flash-vqg-20260519-gd-r10-gdn-official-b64-fp32-flash-r10-s124-2026-05-19-17-43-20/gd-r10-s124-d123-b64-ga4-fp32-noearly4ep/last.pt,/home/lyj/mnt/project/zoology/checkpoints/flash-vqg-20260519-gd-r10-gdn-official-b64-fp32-flash-r10-s124-2026-05-19-17-43-20/gd-r10-s124-d123-b64-ga4-fp32-noearly4ep/last.pt,true,7a748a0cfb6fac43633bc0844a63ce2f0b6e0ce8eee27134cd213fb93c93f7cf,8943045,2026-05-19T22:14:17.873500+00:00,3,,0.04493362084031105,0.99668359375,0.9852421875,1184198,,327680,mqar-vocab8192-pass1-seed123-rnq1-power0.01-2048x512-n32,multiquery_ar,8192,2048,512,1,32,32,true,123,true,0.01,,,completed,2048x512,2048,512,32,32;16;8;4;2;1,32,7870.7568359375,,same_gpu_same_dtype_same_runner_only,true,1,1,NVIDIA GeForce RTX 2080 Ti,11264,7.5,GPU-0def3eeb-c2d0-4f49-ec2a-ebc1d8453b98,2.6.0+cu118,11.8,550.120,float32,float32,b64_ga4_fp32_official,NVIDIA_GeForce_RTX_2080_Ti-11264MiB-cc7.5-driver550.120-torch2.6.0+cu118-cuda11.8,0.7015213370323181,0.9112548828125,0.7015213370323181,0.9112548828125,12.274281978607178,00:00:12,7870.7568359375,7870.7568359375,9062.0,NVIDIA_GeForce_RTX_2080_Ti-11264MiB-cc7.5-driver550.120-torch2.6.0+cu118-cuda11.8,measured_current_host,1,1,NVIDIA GeForce RTX 2080 Ti,11264,7.5,GPU-0def3eeb-c2d0-4f49-ec2a-ebc1d8453b98,2.6.0+cu118,11.8,550.120,8eb730be36bbb0876ed83a332d364c65acb36b28,8eb730be36bbb0876ed83a332d364c65acb36b28,811e1ce5f140e97d93ad6f1adae07b95b4219143,docs/artifacts/longer-mqar/official-core-20260526,docs/artifacts/20260519-gd-r10-gdn-official-b64-fp32/flash-r10-final.csv,tmp/20260526-longer-mqar-official-core/logs/batch-search-candidate-gd-r10-s124-d123-b64-ga4-fp32-noearly4ep-2048x512-n32-b32-gpu1.log,,,,123,34ea18c38dae38e2860b711425f27d090597975373a954d128324e3a04dcb012,"sha256(inputs,labels)",32x2048,32x2048,32,torch.int64/torch.int64,7a748a0cfb6fac43633bc0844a63ce2f0b6e0ce8eee27134cd213fb93c93f7cf,sha256,passed,true,,,,
2,20260526-longer-mqar-official-core:batch_search:gd-r10-s123-d123-b64-ga4-fp32-noearly4ep:4096x1024:n32,20260526-longer-mqar-official-core:batch_search:gd-r10-s123-d123-b64-ga4-fp32-noearly4ep:4096x1024:n32,20260526-longer-mqar-official-core,longer_mqar_eval_only,longer_mqar_eval_only_vocab8192_official_core_20260526,batch_search,completed,2026-05-25T20:25:31.884981+00:00,flash,gd-r10-s123-d123-b64-ga4-fp32-noearly4ep,cb256-r10,cb256-r10-s123-d123,b64_ga4_fp32_official,gd_residual_v1_cb256_r10_noearly4ep_b64_ga4_fp32,r10_seed_stability_official_b64_ga4_fp32,64,16,4,256,b64_ga4,float32,float32,float32,float32,float32,float32,123,123,cb256-r10,cb256-r10-s123-d123,256,10,,,,,,4,4,2,true,checkpoints/flash-vqg-20260519-gd-r10-gdn-official-b64-fp32-flash-r10-s123-2026-05-19-17-43-20/gd-r10-s123-d123-b64-ga4-fp32-noearly4ep/train_config.json,/home/lyj/mnt/project/zoology/checkpoints/flash-vqg-20260519-gd-r10-gdn-official-b64-fp32-flash-r10-s123-2026-05-19-17-43-20/gd-r10-s123-d123-b64-ga4-fp32-noearly4ep/train_config.json,0a42aed61895c9a330e6a4a7922893c2171ef5f3a58e1e65d56a263bb6437db6,sha256:443ea8bd8d6482e9df08577a3e075bc34fd68ca42c5793b6d39b3142037b2147,last.pt_epoch4_final,checkpoints/flash-vqg-20260519-gd-r10-gdn-official-b64-fp32-flash-r10-s123-2026-05-19-17-43-20/gd-r10-s123-d123-b64-ga4-fp32-noearly4ep/last.pt,/home/lyj/mnt/project/zoology/checkpoints/flash-vqg-20260519-gd-r10-gdn-official-b64-fp32-flash-r10-s123-2026-05-19-17-43-20/gd-r10-s123-d123-b64-ga4-fp32-noearly4ep/last.pt,true,443ea8bd8d6482e9df08577a3e075bc34fd68ca42c5793b6d39b3142037b2147,8943045,2026-05-19T21:14:14.088861+00:00,3,,0.14956353604793549,0.98174560546875,0.89201953125,1184198,,327680,mqar-vocab8192-pass1-seed123-rnq1-power0.01-4096x1024-n32,multiquery_ar,8192,4096,1024,1,32,16,true,123,true,0.01,,,completed,4096x1024,4096,1024,32,32;16;8;4;2;1,16,7870.7626953125,"b32:oom:oom:torch.OutOfMemoryError: CUDA out of memory. Tried to allocate 5.00 GiB. GPU 0 has a total capacity of 10.74 GiB of which 3.62 GiB is free. Process 1214145 has 7.10 GiB memory in use. Of the allocated memory 6.72 GiB is allocated by PyTorch, and 197.55 MiB is reserved by PyTorch but unallocated. If reserved but unallocated memory is large try setting PYTORCH_CUDA_ALLOC_CONF=expandable_segments:True to avoid fragmentation.  See documentation for Memory Management  (https://pytorch.org/docs/stable/notes/cuda.html#environment-variables)",same_gpu_same_dtype_same_runner_only,true,0,0,NVIDIA GeForce RTX 2080 Ti,11264,7.5,GPU-57c29499-bcb3-27f6-4360-e60939528a9b,2.6.0+cu118,11.8,550.120,float32,float32,b64_ga4_fp32_official,NVIDIA_GeForce_RTX_2080_Ti-11264MiB-cc7.5-driver550.120-torch2.6.0+cu118-cuda11.8,4.4422149658203125,0.2744140625,4.4422149658203125,0.2744140625,17.42572808265686,00:00:17,7870.7626953125,7870.7626953125,9074.0,NVIDIA_GeForce_RTX_2080_Ti-11264MiB-cc7.5-driver550.120-torch2.6.0+cu118-cuda11.8,measured_current_host,0,0,NVIDIA GeForce RTX 2080 Ti,11264,7.5,GPU-57c29499-bcb3-27f6-4360-e60939528a9b,2.6.0+cu118,11.8,550.120,8eb730be36bbb0876ed83a332d364c65acb36b28,8eb730be36bbb0876ed83a332d364c65acb36b28,811e1ce5f140e97d93ad6f1adae07b95b4219143,docs/artifacts/longer-mqar/official-core-20260526,docs/artifacts/20260519-gd-r10-gdn-official-b64-fp32/flash-r10-final.csv,tmp/20260526-longer-mqar-official-core/logs/batch-search-candidate-gd-r10-s123-d123-b64-ga4-fp32-noearly4ep-4096x1024-n32-b16-gpu0.log,,,,123,55274181d24158d3fe53491784d87fabe3a981427663df2ac8ed40876e72a1b8,"sha256(inputs,labels)",32x4096,32x4096,32,torch.int64/torch.int64,443ea8bd8d6482e9df08577a3e075bc34fd68ca42c5793b6d39b3142037b2147,sha256,passed,true,,,,
2,20260526-longer-mqar-official-core:batch_search:gd-r10-s124-d123-b64-ga4-fp32-noearly4ep:4096x1024:n32,20260526-longer-mqar-official-core:batch_search:gd-r10-s124-d123-b64-ga4-fp32-noearly4ep:4096x1024:n32,20260526-longer-mqar-official-core,longer_mqar_eval_only,longer_mqar_eval_only_vocab8192_official_core_20260526,batch_search,completed,2026-05-25T20:25:39.851849+00:00,flash,gd-r10-s124-d123-b64-ga4-fp32-noearly4ep,cb256-r10,cb256-r10-s124-d123,b64_ga4_fp32_official,gd_residual_v1_cb256_r10_noearly4ep_b64_ga4_fp32,r10_seed_stability_official_b64_ga4_fp32,64,16,4,256,b64_ga4,float32,float32,float32,float32,float32,float32,124,123,cb256-r10,cb256-r10-s124-d123,256,10,,,,,,4,4,2,true,checkpoints/flash-vqg-20260519-gd-r10-gdn-official-b64-fp32-flash-r10-s124-2026-05-19-17-43-20/gd-r10-s124-d123-b64-ga4-fp32-noearly4ep/train_config.json,/home/lyj/mnt/project/zoology/checkpoints/flash-vqg-20260519-gd-r10-gdn-official-b64-fp32-flash-r10-s124-2026-05-19-17-43-20/gd-r10-s124-d123-b64-ga4-fp32-noearly4ep/train_config.json,ddfd988e258f268333818af61cddb139c0fe01db4174baecedac1660353f8529,sha256:7a748a0cfb6fac43633bc0844a63ce2f0b6e0ce8eee27134cd213fb93c93f7cf,last.pt_epoch4_final,checkpoints/flash-vqg-20260519-gd-r10-gdn-official-b64-fp32-flash-r10-s124-2026-05-19-17-43-20/gd-r10-s124-d123-b64-ga4-fp32-noearly4ep/last.pt,/home/lyj/mnt/project/zoology/checkpoints/flash-vqg-20260519-gd-r10-gdn-official-b64-fp32-flash-r10-s124-2026-05-19-17-43-20/gd-r10-s124-d123-b64-ga4-fp32-noearly4ep/last.pt,true,7a748a0cfb6fac43633bc0844a63ce2f0b6e0ce8eee27134cd213fb93c93f7cf,8943045,2026-05-19T22:14:17.873500+00:00,3,,0.04493362084031105,0.99668359375,0.9852421875,1184198,,327680,mqar-vocab8192-pass1-seed123-rnq1-power0.01-4096x1024-n32,multiquery_ar,8192,4096,1024,1,32,16,true,123,true,0.01,,,completed,4096x1024,4096,1024,32,32;16;8;4;2;1,16,7870.7626953125,"b32:oom:oom:torch.OutOfMemoryError: CUDA out of memory. Tried to allocate 5.00 GiB. GPU 0 has a total capacity of 10.75 GiB of which 3.64 GiB is free. Process 1214164 has 7.10 GiB memory in use. Of the allocated memory 6.72 GiB is allocated by PyTorch, and 197.86 MiB is reserved by PyTorch but unallocated. If reserved but unallocated memory is large try setting PYTORCH_CUDA_ALLOC_CONF=expandable_segments:True to avoid fragmentation.  See documentation for Memory Management  (https://pytorch.org/docs/stable/notes/cuda.html#environment-variables)",same_gpu_same_dtype_same_runner_only,true,1,1,NVIDIA GeForce RTX 2080 Ti,11264,7.5,GPU-0def3eeb-c2d0-4f49-ec2a-ebc1d8453b98,2.6.0+cu118,11.8,550.120,float32,float32,b64_ga4_fp32_official,NVIDIA_GeForce_RTX_2080_Ti-11264MiB-cc7.5-driver550.120-torch2.6.0+cu118-cuda11.8,1.841415286064148,0.699127197265625,1.841415286064148,0.699127197265625,21.642667293548584,00:00:21,7870.7626953125,7870.7626953125,9074.0,NVIDIA_GeForce_RTX_2080_Ti-11264MiB-cc7.5-driver550.120-torch2.6.0+cu118-cuda11.8,measured_current_host,1,1,NVIDIA GeForce RTX 2080 Ti,11264,7.5,GPU-0def3eeb-c2d0-4f49-ec2a-ebc1d8453b98,2.6.0+cu118,11.8,550.120,8eb730be36bbb0876ed83a332d364c65acb36b28,8eb730be36bbb0876ed83a332d364c65acb36b28,811e1ce5f140e97d93ad6f1adae07b95b4219143,docs/artifacts/longer-mqar/official-core-20260526,docs/artifacts/20260519-gd-r10-gdn-official-b64-fp32/flash-r10-final.csv,tmp/20260526-longer-mqar-official-core/logs/batch-search-candidate-gd-r10-s124-d123-b64-ga4-fp32-noearly4ep-4096x1024-n32-b16-gpu1.log,,,,123,55274181d24158d3fe53491784d87fabe3a981427663df2ac8ed40876e72a1b8,"sha256(inputs,labels)",32x4096,32x4096,32,torch.int64/torch.int64,7a748a0cfb6fac43633bc0844a63ce2f0b6e0ce8eee27134cd213fb93c93f7cf,sha256,passed,true,,,,
2,20260526-longer-mqar-official-core:batch_search:gd-r10-s123-d123-b64-ga4-fp32-noearly4ep:8190x512:n32,20260526-longer-mqar-official-core:batch_search:gd-r10-s123-d123-b64-ga4-fp32-noearly4ep:8190x512:n32,20260526-longer-mqar-official-core,longer_mqar_eval_only,longer_mqar_eval_only_vocab8192_official_core_20260526,batch_search,completed,2026-05-25T20:26:43.092390+00:00,flash,gd-r10-s123-d123-b64-ga4-fp32-noearly4ep,cb256-r10,cb256-r10-s123-d123,b64_ga4_fp32_official,gd_residual_v1_cb256_r10_noearly4ep_b64_ga4_fp32,r10_seed_stability_official_b64_ga4_fp32,64,16,4,256,b64_ga4,float32,float32,float32,float32,float32,float32,123,123,cb256-r10,cb256-r10-s123-d123,256,10,,,,,,4,4,2,true,checkpoints/flash-vqg-20260519-gd-r10-gdn-official-b64-fp32-flash-r10-s123-2026-05-19-17-43-20/gd-r10-s123-d123-b64-ga4-fp32-noearly4ep/train_config.json,/home/lyj/mnt/project/zoology/checkpoints/flash-vqg-20260519-gd-r10-gdn-official-b64-fp32-flash-r10-s123-2026-05-19-17-43-20/gd-r10-s123-d123-b64-ga4-fp32-noearly4ep/train_config.json,0a42aed61895c9a330e6a4a7922893c2171ef5f3a58e1e65d56a263bb6437db6,sha256:443ea8bd8d6482e9df08577a3e075bc34fd68ca42c5793b6d39b3142037b2147,last.pt_epoch4_final,checkpoints/flash-vqg-20260519-gd-r10-gdn-official-b64-fp32-flash-r10-s123-2026-05-19-17-43-20/gd-r10-s123-d123-b64-ga4-fp32-noearly4ep/last.pt,/home/lyj/mnt/project/zoology/checkpoints/flash-vqg-20260519-gd-r10-gdn-official-b64-fp32-flash-r10-s123-2026-05-19-17-43-20/gd-r10-s123-d123-b64-ga4-fp32-noearly4ep/last.pt,true,443ea8bd8d6482e9df08577a3e075bc34fd68ca42c5793b6d39b3142037b2147,8943045,2026-05-19T21:14:14.088861+00:00,3,,0.14956353604793549,0.98174560546875,0.89201953125,1184198,,327680,mqar-vocab8192-pass1-seed123-rnq1-power0.01-8190x512-n32,multiquery_ar,8192,8190,512,1,32,8,true,123,true,0.01,,,completed,8190x512,8190,512,32,32;16;8;4;2;1,8,7903.4677734375,"b32:oom:oom:torch.OutOfMemoryError: CUDA out of memory. Tried to allocate 10.00 GiB. GPU 0 has a total capacity of 10.74 GiB of which 6.99 GiB is free. Process 1214441 has 3.73 GiB memory in use. Of the allocated memory 3.42 GiB is allocated by PyTorch, and 122.85 MiB is reserved by PyTorch but unallocated. If reserved but unallocated memory is large try setting PYTORCH_CUDA_ALLOC_CONF=expandable_segments:True to avoid fragmentation.  See documentation for Memory Management  (https://pytorch.org/docs/stable/notes/cuda.html#environment-variables) | b16:oom:oom:torch.OutOfMemoryError: CUDA out of memory. Tried to allocate 5.00 GiB. GPU 0 has a total capacity of 10.74 GiB of which 3.73 GiB is free. Process 1214524 has 6.99 GiB memory in use. Of the allocated memory 6.76 GiB is allocated by PyTorch, and 54.09 MiB is reserved by PyTorch but unallocated. If reserved but unallocated memory is large try setting PYTORCH_CUDA_ALLOC_CONF=expandable_segments:True to avoid fragmentation.  See documentation for Memory Management  (https://pytorch.org/docs/stable/notes/cuda.html#environment-variables)",same_gpu_same_dtype_same_runner_only,true,0,0,NVIDIA GeForce RTX 2080 Ti,11264,7.5,GPU-57c29499-bcb3-27f6-4360-e60939528a9b,2.6.0+cu118,11.8,550.120,float32,float32,b64_ga4_fp32_official,NVIDIA_GeForce_RTX_2080_Ti-11264MiB-cc7.5-driver550.120-torch2.6.0+cu118-cuda11.8,3.1214449405670166,0.48443603515625,3.1214449405670166,0.48443603515625,43.571223974227905,00:00:43,7903.4677734375,7903.4677734375,8754.0,NVIDIA_GeForce_RTX_2080_Ti-11264MiB-cc7.5-driver550.120-torch2.6.0+cu118-cuda11.8,measured_current_host,0,0,NVIDIA GeForce RTX 2080 Ti,11264,7.5,GPU-57c29499-bcb3-27f6-4360-e60939528a9b,2.6.0+cu118,11.8,550.120,8eb730be36bbb0876ed83a332d364c65acb36b28,8eb730be36bbb0876ed83a332d364c65acb36b28,811e1ce5f140e97d93ad6f1adae07b95b4219143,docs/artifacts/longer-mqar/official-core-20260526,docs/artifacts/20260519-gd-r10-gdn-official-b64-fp32/flash-r10-final.csv,tmp/20260526-longer-mqar-official-core/logs/batch-search-candidate-gd-r10-s123-d123-b64-ga4-fp32-noearly4ep-8190x512-n32-b8-gpu0.log,,,,123,23d7ffc7467f8e355ec7cb4c739cf5494449c559427d204883d63d7dca4f4351,"sha256(inputs,labels)",32x8190,32x8190,32,torch.int64/torch.int64,443ea8bd8d6482e9df08577a3e075bc34fd68ca42c5793b6d39b3142037b2147,sha256,passed,true,,,,
2,20260526-longer-mqar-official-core:batch_search:gd-r10-s124-d123-b64-ga4-fp32-noearly4ep:8190x512:n32,20260526-longer-mqar-official-core:batch_search:gd-r10-s124-d123-b64-ga4-fp32-noearly4ep:8190x512:n32,20260526-longer-mqar-official-core,longer_mqar_eval_only,longer_mqar_eval_only_vocab8192_official_core_20260526,batch_search,completed,2026-05-25T20:27:17.719321+00:00,flash,gd-r10-s124-d123-b64-ga4-fp32-noearly4ep,cb256-r10,cb256-r10-s124-d123,b64_ga4_fp32_official,gd_residual_v1_cb256_r10_noearly4ep_b64_ga4_fp32,r10_seed_stability_official_b64_ga4_fp32,64,16,4,256,b64_ga4,float32,float32,float32,float32,float32,float32,124,123,cb256-r10,cb256-r10-s124-d123,256,10,,,,,,4,4,2,true,checkpoints/flash-vqg-20260519-gd-r10-gdn-official-b64-fp32-flash-r10-s124-2026-05-19-17-43-20/gd-r10-s124-d123-b64-ga4-fp32-noearly4ep/train_config.json,/home/lyj/mnt/project/zoology/checkpoints/flash-vqg-20260519-gd-r10-gdn-official-b64-fp32-flash-r10-s124-2026-05-19-17-43-20/gd-r10-s124-d123-b64-ga4-fp32-noearly4ep/train_config.json,ddfd988e258f268333818af61cddb139c0fe01db4174baecedac1660353f8529,sha256:7a748a0cfb6fac43633bc0844a63ce2f0b6e0ce8eee27134cd213fb93c93f7cf,last.pt_epoch4_final,checkpoints/flash-vqg-20260519-gd-r10-gdn-official-b64-fp32-flash-r10-s124-2026-05-19-17-43-20/gd-r10-s124-d123-b64-ga4-fp32-noearly4ep/last.pt,/home/lyj/mnt/project/zoology/checkpoints/flash-vqg-20260519-gd-r10-gdn-official-b64-fp32-flash-r10-s124-2026-05-19-17-43-20/gd-r10-s124-d123-b64-ga4-fp32-noearly4ep/last.pt,true,7a748a0cfb6fac43633bc0844a63ce2f0b6e0ce8eee27134cd213fb93c93f7cf,8943045,2026-05-19T22:14:17.873500+00:00,3,,0.04493362084031105,0.99668359375,0.9852421875,1184198,,327680,mqar-vocab8192-pass1-seed123-rnq1-power0.01-8190x512-n32,multiquery_ar,8192,8190,512,1,32,8,true,123,true,0.01,,,completed,8190x512,8190,512,32,32;16;8;4;2;1,8,7903.4677734375,"b32:oom:oom:torch.OutOfMemoryError: CUDA out of memory. Tried to allocate 10.00 GiB. GPU 0 has a total capacity of 10.75 GiB of which 7.01 GiB is free. Process 1214512 has 3.73 GiB memory in use. Of the allocated memory 3.42 GiB is allocated by PyTorch, and 122.85 MiB is reserved by PyTorch but unallocated. If reserved but unallocated memory is large try setting PYTORCH_CUDA_ALLOC_CONF=expandable_segments:True to avoid fragmentation.  See documentation for Memory Management  (https://pytorch.org/docs/stable/notes/cuda.html#environment-variables) | b16:oom:oom:torch.OutOfMemoryError: CUDA out of memory. Tried to allocate 5.00 GiB. GPU 0 has a total capacity of 10.75 GiB of which 3.75 GiB is free. Process 1214648 has 6.99 GiB memory in use. Of the allocated memory 6.76 GiB is allocated by PyTorch, and 48.22 MiB is reserved by PyTorch but unallocated. If reserved but unallocated memory is large try setting PYTORCH_CUDA_ALLOC_CONF=expandable_segments:True to avoid fragmentation.  See documentation for Memory Management  (https://pytorch.org/docs/stable/notes/cuda.html#environment-variables)",same_gpu_same_dtype_same_runner_only,true,1,1,NVIDIA GeForce RTX 2080 Ti,11264,7.5,GPU-0def3eeb-c2d0-4f49-ec2a-ebc1d8453b98,2.6.0+cu118,11.8,550.120,float32,float32,b64_ga4_fp32_official,NVIDIA_GeForce_RTX_2080_Ti-11264MiB-cc7.5-driver550.120-torch2.6.0+cu118-cuda11.8,1.110689640045166,0.83404541015625,1.110689640045166,0.83404541015625,63.79243206977844,00:01:03,7903.4677734375,7903.4677734375,8752.0,NVIDIA_GeForce_RTX_2080_Ti-11264MiB-cc7.5-driver550.120-torch2.6.0+cu118-cuda11.8,measured_current_host,1,1,NVIDIA GeForce RTX 2080 Ti,11264,7.5,GPU-0def3eeb-c2d0-4f49-ec2a-ebc1d8453b98,2.6.0+cu118,11.8,550.120,8eb730be36bbb0876ed83a332d364c65acb36b28,8eb730be36bbb0876ed83a332d364c65acb36b28,811e1ce5f140e97d93ad6f1adae07b95b4219143,docs/artifacts/longer-mqar/official-core-20260526,docs/artifacts/20260519-gd-r10-gdn-official-b64-fp32/flash-r10-final.csv,tmp/20260526-longer-mqar-official-core/logs/batch-search-candidate-gd-r10-s124-d123-b64-ga4-fp32-noearly4ep-8190x512-n32-b8-gpu1.log,,,,123,23d7ffc7467f8e355ec7cb4c739cf5494449c559427d204883d63d7dca4f4351,"sha256(inputs,labels)",32x8190,32x8190,32,torch.int64/torch.int64,7a748a0cfb6fac43633bc0844a63ce2f0b6e0ce8eee27134cd213fb93c93f7cf,sha256,passed,true,,,,
2,20260526-longer-mqar-official-core:batch_search:gd-r10-s123-d123-b64-ga4-fp32-noearly4ep:8190x2047:n32,20260526-longer-mqar-official-core:batch_search:gd-r10-s123-d123-b64-ga4-fp32-noearly4ep:8190x2047:n32,20260526-longer-mqar-official-core,longer_mqar_eval_only,longer_mqar_eval_only_vocab8192_official_core_20260526,batch_search,completed,2026-05-25T20:27:48.044100+00:00,flash,gd-r10-s123-d123-b64-ga4-fp32-noearly4ep,cb256-r10,cb256-r10-s123-d123,b64_ga4_fp32_official,gd_residual_v1_cb256_r10_noearly4ep_b64_ga4_fp32,r10_seed_stability_official_b64_ga4_fp32,64,16,4,256,b64_ga4,float32,float32,float32,float32,float32,float32,123,123,cb256-r10,cb256-r10-s123-d123,256,10,,,,,,4,4,2,true,checkpoints/flash-vqg-20260519-gd-r10-gdn-official-b64-fp32-flash-r10-s123-2026-05-19-17-43-20/gd-r10-s123-d123-b64-ga4-fp32-noearly4ep/train_config.json,/home/lyj/mnt/project/zoology/checkpoints/flash-vqg-20260519-gd-r10-gdn-official-b64-fp32-flash-r10-s123-2026-05-19-17-43-20/gd-r10-s123-d123-b64-ga4-fp32-noearly4ep/train_config.json,0a42aed61895c9a330e6a4a7922893c2171ef5f3a58e1e65d56a263bb6437db6,sha256:443ea8bd8d6482e9df08577a3e075bc34fd68ca42c5793b6d39b3142037b2147,last.pt_epoch4_final,checkpoints/flash-vqg-20260519-gd-r10-gdn-official-b64-fp32-flash-r10-s123-2026-05-19-17-43-20/gd-r10-s123-d123-b64-ga4-fp32-noearly4ep/last.pt,/home/lyj/mnt/project/zoology/checkpoints/flash-vqg-20260519-gd-r10-gdn-official-b64-fp32-flash-r10-s123-2026-05-19-17-43-20/gd-r10-s123-d123-b64-ga4-fp32-noearly4ep/last.pt,true,443ea8bd8d6482e9df08577a3e075bc34fd68ca42c5793b6d39b3142037b2147,8943045,2026-05-19T21:14:14.088861+00:00,3,,0.14956353604793549,0.98174560546875,0.89201953125,1184198,,327680,mqar-vocab8192-pass1-seed123-rnq1-power0.01-8190x2047-n32,multiquery_ar,8192,8190,2047,1,32,8,true,123,true,0.01,,,completed,8190x2047,8190,2047,32,32;16;8;4;2;1,8,7903.4677734375,"b32:oom:oom:torch.OutOfMemoryError: CUDA out of memory. Tried to allocate 10.00 GiB. GPU 0 has a total capacity of 10.74 GiB of which 6.99 GiB is free. Process 1214865 has 3.73 GiB memory in use. Of the allocated memory 3.42 GiB is allocated by PyTorch, and 122.85 MiB is reserved by PyTorch but unallocated. If reserved but unallocated memory is large try setting PYTORCH_CUDA_ALLOC_CONF=expandable_segments:True to avoid fragmentation.  See documentation for Memory Management  (https://pytorch.org/docs/stable/notes/cuda.html#environment-variables) | b16:oom:oom:torch.OutOfMemoryError: CUDA out of memory. Tried to allocate 5.00 GiB. GPU 0 has a total capacity of 10.74 GiB of which 3.73 GiB is free. Process 1214937 has 6.99 GiB memory in use. Of the allocated memory 6.76 GiB is allocated by PyTorch, and 49.83 MiB is reserved by PyTorch but unallocated. If reserved but unallocated memory is large try setting PYTORCH_CUDA_ALLOC_CONF=expandable_segments:True to avoid fragmentation.  See documentation for Memory Management  (https://pytorch.org/docs/stable/notes/cuda.html#environment-variables)",same_gpu_same_dtype_same_runner_only,true,0,0,NVIDIA GeForce RTX 2080 Ti,11264,7.5,GPU-57c29499-bcb3-27f6-4360-e60939528a9b,2.6.0+cu118,11.8,550.120,float32,float32,b64_ga4_fp32_official,NVIDIA_GeForce_RTX_2080_Ti-11264MiB-cc7.5-driver550.120-torch2.6.0+cu118-cuda11.8,6.425185680389404,0.11048180263800683,6.425185680389404,0.11048180263800683,38.43644142150879,00:00:38,7903.4677734375,7903.4677734375,8754.0,NVIDIA_GeForce_RTX_2080_Ti-11264MiB-cc7.5-driver550.120-torch2.6.0+cu118-cuda11.8,measured_current_host,0,0,NVIDIA GeForce RTX 2080 Ti,11264,7.5,GPU-57c29499-bcb3-27f6-4360-e60939528a9b,2.6.0+cu118,11.8,550.120,8eb730be36bbb0876ed83a332d364c65acb36b28,8eb730be36bbb0876ed83a332d364c65acb36b28,811e1ce5f140e97d93ad6f1adae07b95b4219143,docs/artifacts/longer-mqar/official-core-20260526,docs/artifacts/20260519-gd-r10-gdn-official-b64-fp32/flash-r10-final.csv,tmp/20260526-longer-mqar-official-core/logs/batch-search-candidate-gd-r10-s123-d123-b64-ga4-fp32-noearly4ep-8190x2047-n32-b8-gpu0.log,,,,123,70999303f8fadb4cbae8f973c8267ef97a6209a3b8e05f5385a1f26fa38408f5,"sha256(inputs,labels)",32x8190,32x8190,32,torch.int64/torch.int64,443ea8bd8d6482e9df08577a3e075bc34fd68ca42c5793b6d39b3142037b2147,sha256,passed,true,,,,
2,20260526-longer-mqar-official-core:formal:gd-r10-s123-d123-b64-ga4-fp32-noearly4ep:1024x256:n500,20260526-longer-mqar-official-core:formal:gd-r10-s123-d123-b64-ga4-fp32-noearly4ep:1024x256:n500,20260526-longer-mqar-official-core,longer_mqar_eval_only,longer_mqar_eval_only_vocab8192_official_core_20260526,formal,completed,2026-05-25T20:28:20.662921+00:00,flash,gd-r10-s123-d123-b64-ga4-fp32-noearly4ep,cb256-r10,cb256-r10-s123-d123,b64_ga4_fp32_official,gd_residual_v1_cb256_r10_noearly4ep_b64_ga4_fp32,r10_seed_stability_official_b64_ga4_fp32,64,16,4,256,b64_ga4,float32,float32,float32,float32,float32,float32,123,123,cb256-r10,cb256-r10-s123-d123,256,10,,,,,,4,4,2,true,checkpoints/flash-vqg-20260519-gd-r10-gdn-official-b64-fp32-flash-r10-s123-2026-05-19-17-43-20/gd-r10-s123-d123-b64-ga4-fp32-noearly4ep/train_config.json,/home/lyj/mnt/project/zoology/checkpoints/flash-vqg-20260519-gd-r10-gdn-official-b64-fp32-flash-r10-s123-2026-05-19-17-43-20/gd-r10-s123-d123-b64-ga4-fp32-noearly4ep/train_config.json,0a42aed61895c9a330e6a4a7922893c2171ef5f3a58e1e65d56a263bb6437db6,sha256:443ea8bd8d6482e9df08577a3e075bc34fd68ca42c5793b6d39b3142037b2147,last.pt_epoch4_final,checkpoints/flash-vqg-20260519-gd-r10-gdn-official-b64-fp32-flash-r10-s123-2026-05-19-17-43-20/gd-r10-s123-d123-b64-ga4-fp32-noearly4ep/last.pt,/home/lyj/mnt/project/zoology/checkpoints/flash-vqg-20260519-gd-r10-gdn-official-b64-fp32-flash-r10-s123-2026-05-19-17-43-20/gd-r10-s123-d123-b64-ga4-fp32-noearly4ep/last.pt,true,443ea8bd8d6482e9df08577a3e075bc34fd68ca42c5793b6d39b3142037b2147,8943045,2026-05-19T21:14:14.088861+00:00,3,,0.14956353604793549,0.98174560546875,0.89201953125,1184198,,327680,mqar-vocab8192-pass1-seed123-rnq1-power0.01-1024x256-n500,multiquery_ar,8192,1024,256,1,500,32,true,123,true,0.01,,,completed,1024x256,1024,256,32,32;16;8;4;2;1,32,3942.7080078125,,same_gpu_same_dtype_same_runner_only,true,0,0,NVIDIA GeForce RTX 2080 Ti,11264,7.5,GPU-57c29499-bcb3-27f6-4360-e60939528a9b,2.6.0+cu118,11.8,550.120,float32,float32,b64_ga4_fp32_official,NVIDIA_GeForce_RTX_2080_Ti-11264MiB-cc7.5-driver550.120-torch2.6.0+cu118-cuda11.8,0.8084754347801208,0.891703125,0.8084754347801208,0.891703125,31.72755193710327,00:00:31,3942.958984375,3942.958984375,4422.0,NVIDIA_GeForce_RTX_2080_Ti-11264MiB-cc7.5-driver550.120-torch2.6.0+cu118-cuda11.8,measured_current_host,0,0,NVIDIA GeForce RTX 2080 Ti,11264,7.5,GPU-57c29499-bcb3-27f6-4360-e60939528a9b,2.6.0+cu118,11.8,550.120,8eb730be36bbb0876ed83a332d364c65acb36b28,8eb730be36bbb0876ed83a332d364c65acb36b28,811e1ce5f140e97d93ad6f1adae07b95b4219143,docs/artifacts/longer-mqar/official-core-20260526,docs/artifacts/20260519-gd-r10-gdn-official-b64-fp32/flash-r10-final.csv,tmp/20260526-longer-mqar-official-core/logs/formal-gd-r10-s123-d123-b64-ga4-fp32-noearly4ep-1024x256-n500-b32-gpu0.log,,,,123,f30f1e09e1300deb2e0f430d7c50c47a77f58f43657aa4d6f425f938a91a9acb,"sha256(inputs,labels)",500x1024,500x1024,500,torch.int64/torch.int64,443ea8bd8d6482e9df08577a3e075bc34fd68ca42c5793b6d39b3142037b2147,sha256,passed,true,,,,
2,20260526-longer-mqar-official-core:batch_search:gd-r10-s124-d123-b64-ga4-fp32-noearly4ep:8190x2047:n32,20260526-longer-mqar-official-core:batch_search:gd-r10-s124-d123-b64-ga4-fp32-noearly4ep:8190x2047:n32,20260526-longer-mqar-official-core,longer_mqar_eval_only,longer_mqar_eval_only_vocab8192_official_core_20260526,batch_search,completed,2026-05-25T20:28:40.734545+00:00,flash,gd-r10-s124-d123-b64-ga4-fp32-noearly4ep,cb256-r10,cb256-r10-s124-d123,b64_ga4_fp32_official,gd_residual_v1_cb256_r10_noearly4ep_b64_ga4_fp32,r10_seed_stability_official_b64_ga4_fp32,64,16,4,256,b64_ga4,float32,float32,float32,float32,float32,float32,124,123,cb256-r10,cb256-r10-s124-d123,256,10,,,,,,4,4,2,true,checkpoints/flash-vqg-20260519-gd-r10-gdn-official-b64-fp32-flash-r10-s124-2026-05-19-17-43-20/gd-r10-s124-d123-b64-ga4-fp32-noearly4ep/train_config.json,/home/lyj/mnt/project/zoology/checkpoints/flash-vqg-20260519-gd-r10-gdn-official-b64-fp32-flash-r10-s124-2026-05-19-17-43-20/gd-r10-s124-d123-b64-ga4-fp32-noearly4ep/train_config.json,ddfd988e258f268333818af61cddb139c0fe01db4174baecedac1660353f8529,sha256:7a748a0cfb6fac43633bc0844a63ce2f0b6e0ce8eee27134cd213fb93c93f7cf,last.pt_epoch4_final,checkpoints/flash-vqg-20260519-gd-r10-gdn-official-b64-fp32-flash-r10-s124-2026-05-19-17-43-20/gd-r10-s124-d123-b64-ga4-fp32-noearly4ep/last.pt,/home/lyj/mnt/project/zoology/checkpoints/flash-vqg-20260519-gd-r10-gdn-official-b64-fp32-flash-r10-s124-2026-05-19-17-43-20/gd-r10-s124-d123-b64-ga4-fp32-noearly4ep/last.pt,true,7a748a0cfb6fac43633bc0844a63ce2f0b6e0ce8eee27134cd213fb93c93f7cf,8943045,2026-05-19T22:14:17.873500+00:00,3,,0.04493362084031105,0.99668359375,0.9852421875,1184198,,327680,mqar-vocab8192-pass1-seed123-rnq1-power0.01-8190x2047-n32,multiquery_ar,8192,8190,2047,1,32,8,true,123,true,0.01,,,completed,8190x2047,8190,2047,32,32;16;8;4;2;1,8,7903.4677734375,"b32:oom:oom:torch.OutOfMemoryError: CUDA out of memory. Tried to allocate 10.00 GiB. GPU 0 has a total capacity of 10.75 GiB of which 7.01 GiB is free. Process 1215082 has 3.73 GiB memory in use. Of the allocated memory 3.42 GiB is allocated by PyTorch, and 122.85 MiB is reserved by PyTorch but unallocated. If reserved but unallocated memory is large try setting PYTORCH_CUDA_ALLOC_CONF=expandable_segments:True to avoid fragmentation.  See documentation for Memory Management  (https://pytorch.org/docs/stable/notes/cuda.html#environment-variables) | b16:oom:oom:torch.OutOfMemoryError: CUDA out of memory. Tried to allocate 5.00 GiB. GPU 0 has a total capacity of 10.75 GiB of which 3.75 GiB is free. Process 1215150 has 6.99 GiB memory in use. Of the allocated memory 6.76 GiB is allocated by PyTorch, and 47.76 MiB is reserved by PyTorch but unallocated. If reserved but unallocated memory is large try setting PYTORCH_CUDA_ALLOC_CONF=expandable_segments:True to avoid fragmentation.  See documentation for Memory Management  (https://pytorch.org/docs/stable/notes/cuda.html#environment-variables)",same_gpu_same_dtype_same_runner_only,true,1,1,NVIDIA GeForce RTX 2080 Ti,11264,7.5,GPU-0def3eeb-c2d0-4f49-ec2a-ebc1d8453b98,2.6.0+cu118,11.8,550.120,float32,float32,b64_ga4_fp32_official,NVIDIA_GeForce_RTX_2080_Ti-11264MiB-cc7.5-driver550.120-torch2.6.0+cu118-cuda11.8,3.589372158050537,0.3902204445530044,3.589372158050537,0.3902204445530044,51.05318093299866,00:00:51,7903.4677734375,7903.4677734375,8750.0,NVIDIA_GeForce_RTX_2080_Ti-11264MiB-cc7.5-driver550.120-torch2.6.0+cu118-cuda11.8,measured_current_host,1,1,NVIDIA GeForce RTX 2080 Ti,11264,7.5,GPU-0def3eeb-c2d0-4f49-ec2a-ebc1d8453b98,2.6.0+cu118,11.8,550.120,8eb730be36bbb0876ed83a332d364c65acb36b28,8eb730be36bbb0876ed83a332d364c65acb36b28,811e1ce5f140e97d93ad6f1adae07b95b4219143,docs/artifacts/longer-mqar/official-core-20260526,docs/artifacts/20260519-gd-r10-gdn-official-b64-fp32/flash-r10-final.csv,tmp/20260526-longer-mqar-official-core/logs/batch-search-candidate-gd-r10-s124-d123-b64-ga4-fp32-noearly4ep-8190x2047-n32-b8-gpu1.log,,,,123,70999303f8fadb4cbae8f973c8267ef97a6209a3b8e05f5385a1f26fa38408f5,"sha256(inputs,labels)",32x8190,32x8190,32,torch.int64/torch.int64,7a748a0cfb6fac43633bc0844a63ce2f0b6e0ce8eee27134cd213fb93c93f7cf,sha256,passed,true,,,,
2,20260526-longer-mqar-official-core:formal:gd-r10-s123-d123-b64-ga4-fp32-noearly4ep:2048x512:n500,20260526-longer-mqar-official-core:formal:gd-r10-s123-d123-b64-ga4-fp32-noearly4ep:2048x512:n500,20260526-longer-mqar-official-core,longer_mqar_eval_only,longer_mqar_eval_only_vocab8192_official_core_20260526,formal,completed,2026-05-25T20:29:11.158459+00:00,flash,gd-r10-s123-d123-b64-ga4-fp32-noearly4ep,cb256-r10,cb256-r10-s123-d123,b64_ga4_fp32_official,gd_residual_v1_cb256_r10_noearly4ep_b64_ga4_fp32,r10_seed_stability_official_b64_ga4_fp32,64,16,4,256,b64_ga4,float32,float32,float32,float32,float32,float32,123,123,cb256-r10,cb256-r10-s123-d123,256,10,,,,,,4,4,2,true,checkpoints/flash-vqg-20260519-gd-r10-gdn-official-b64-fp32-flash-r10-s123-2026-05-19-17-43-20/gd-r10-s123-d123-b64-ga4-fp32-noearly4ep/train_config.json,/home/lyj/mnt/project/zoology/checkpoints/flash-vqg-20260519-gd-r10-gdn-official-b64-fp32-flash-r10-s123-2026-05-19-17-43-20/gd-r10-s123-d123-b64-ga4-fp32-noearly4ep/train_config.json,0a42aed61895c9a330e6a4a7922893c2171ef5f3a58e1e65d56a263bb6437db6,sha256:443ea8bd8d6482e9df08577a3e075bc34fd68ca42c5793b6d39b3142037b2147,last.pt_epoch4_final,checkpoints/flash-vqg-20260519-gd-r10-gdn-official-b64-fp32-flash-r10-s123-2026-05-19-17-43-20/gd-r10-s123-d123-b64-ga4-fp32-noearly4ep/last.pt,/home/lyj/mnt/project/zoology/checkpoints/flash-vqg-20260519-gd-r10-gdn-official-b64-fp32-flash-r10-s123-2026-05-19-17-43-20/gd-r10-s123-d123-b64-ga4-fp32-noearly4ep/last.pt,true,443ea8bd8d6482e9df08577a3e075bc34fd68ca42c5793b6d39b3142037b2147,8943045,2026-05-19T21:14:14.088861+00:00,3,,0.14956353604793549,0.98174560546875,0.89201953125,1184198,,327680,mqar-vocab8192-pass1-seed123-rnq1-power0.01-2048x512-n500,multiquery_ar,8192,2048,512,1,500,32,true,123,true,0.01,,,completed,2048x512,2048,512,32,32;16;8;4;2;1,32,7870.7568359375,,same_gpu_same_dtype_same_runner_only,true,0,0,NVIDIA GeForce RTX 2080 Ti,11264,7.5,GPU-57c29499-bcb3-27f6-4360-e60939528a9b,2.6.0+cu118,11.8,550.120,float32,float32,b64_ga4_fp32_official,NVIDIA_GeForce_RTX_2080_Ti-11264MiB-cc7.5-driver550.120-torch2.6.0+cu118-cuda11.8,2.341681718826294,0.5986484375,2.341681718826294,0.5986484375,49.60674262046814,00:00:49,7871.2578125,7871.2578125,9062.0,NVIDIA_GeForce_RTX_2080_Ti-11264MiB-cc7.5-driver550.120-torch2.6.0+cu118-cuda11.8,measured_current_host,0,0,NVIDIA GeForce RTX 2080 Ti,11264,7.5,GPU-57c29499-bcb3-27f6-4360-e60939528a9b,2.6.0+cu118,11.8,550.120,8eb730be36bbb0876ed83a332d364c65acb36b28,8eb730be36bbb0876ed83a332d364c65acb36b28,811e1ce5f140e97d93ad6f1adae07b95b4219143,docs/artifacts/longer-mqar/official-core-20260526,docs/artifacts/20260519-gd-r10-gdn-official-b64-fp32/flash-r10-final.csv,tmp/20260526-longer-mqar-official-core/logs/formal-gd-r10-s123-d123-b64-ga4-fp32-noearly4ep-2048x512-n500-b32-gpu0.log,,,,123,e446efc9f4dc774377c56c403a468c747870beb18ff0320f15df794dcb69f015,"sha256(inputs,labels)",500x2048,500x2048,500,torch.int64/torch.int64,443ea8bd8d6482e9df08577a3e075bc34fd68ca42c5793b6d39b3142037b2147,sha256,passed,true,,,,
2,20260526-longer-mqar-official-core:formal:gd-r10-s124-d123-b64-ga4-fp32-noearly4ep:1024x256:n500,20260526-longer-mqar-official-core:formal:gd-r10-s124-d123-b64-ga4-fp32-noearly4ep:1024x256:n500,20260526-longer-mqar-official-core,longer_mqar_eval_only,longer_mqar_eval_only_vocab8192_official_core_20260526,formal,completed,2026-05-25T20:29:21.173952+00:00,flash,gd-r10-s124-d123-b64-ga4-fp32-noearly4ep,cb256-r10,cb256-r10-s124-d123,b64_ga4_fp32_official,gd_residual_v1_cb256_r10_noearly4ep_b64_ga4_fp32,r10_seed_stability_official_b64_ga4_fp32,64,16,4,256,b64_ga4,float32,float32,float32,float32,float32,float32,124,123,cb256-r10,cb256-r10-s124-d123,256,10,,,,,,4,4,2,true,checkpoints/flash-vqg-20260519-gd-r10-gdn-official-b64-fp32-flash-r10-s124-2026-05-19-17-43-20/gd-r10-s124-d123-b64-ga4-fp32-noearly4ep/train_config.json,/home/lyj/mnt/project/zoology/checkpoints/flash-vqg-20260519-gd-r10-gdn-official-b64-fp32-flash-r10-s124-2026-05-19-17-43-20/gd-r10-s124-d123-b64-ga4-fp32-noearly4ep/train_config.json,ddfd988e258f268333818af61cddb139c0fe01db4174baecedac1660353f8529,sha256:7a748a0cfb6fac43633bc0844a63ce2f0b6e0ce8eee27134cd213fb93c93f7cf,last.pt_epoch4_final,checkpoints/flash-vqg-20260519-gd-r10-gdn-official-b64-fp32-flash-r10-s124-2026-05-19-17-43-20/gd-r10-s124-d123-b64-ga4-fp32-noearly4ep/last.pt,/home/lyj/mnt/project/zoology/checkpoints/flash-vqg-20260519-gd-r10-gdn-official-b64-fp32-flash-r10-s124-2026-05-19-17-43-20/gd-r10-s124-d123-b64-ga4-fp32-noearly4ep/last.pt,true,7a748a0cfb6fac43633bc0844a63ce2f0b6e0ce8eee27134cd213fb93c93f7cf,8943045,2026-05-19T22:14:17.873500+00:00,3,,0.04493362084031105,0.99668359375,0.9852421875,1184198,,327680,mqar-vocab8192-pass1-seed123-rnq1-power0.01-1024x256-n500,multiquery_ar,8192,1024,256,1,500,32,true,123,true,0.01,,,completed,1024x256,1024,256,32,32;16;8;4;2;1,32,3942.7080078125,,same_gpu_same_dtype_same_runner_only,true,1,1,NVIDIA GeForce RTX 2080 Ti,11264,7.5,GPU-0def3eeb-c2d0-4f49-ec2a-ebc1d8453b98,2.6.0+cu118,11.8,550.120,float32,float32,b64_ga4_fp32_official,NVIDIA_GeForce_RTX_2080_Ti-11264MiB-cc7.5-driver550.120-torch2.6.0+cu118-cuda11.8,0.19437359273433685,0.9853984375,0.19437359273433685,0.9853984375,39.565131425857544,00:00:39,3942.958984375,3942.958984375,4422.0,NVIDIA_GeForce_RTX_2080_Ti-11264MiB-cc7.5-driver550.120-torch2.6.0+cu118-cuda11.8,measured_current_host,1,1,NVIDIA GeForce RTX 2080 Ti,11264,7.5,GPU-0def3eeb-c2d0-4f49-ec2a-ebc1d8453b98,2.6.0+cu118,11.8,550.120,8eb730be36bbb0876ed83a332d364c65acb36b28,8eb730be36bbb0876ed83a332d364c65acb36b28,811e1ce5f140e97d93ad6f1adae07b95b4219143,docs/artifacts/longer-mqar/official-core-20260526,docs/artifacts/20260519-gd-r10-gdn-official-b64-fp32/flash-r10-final.csv,tmp/20260526-longer-mqar-official-core/logs/formal-gd-r10-s124-d123-b64-ga4-fp32-noearly4ep-1024x256-n500-b32-gpu1.log,,,,123,f30f1e09e1300deb2e0f430d7c50c47a77f58f43657aa4d6f425f938a91a9acb,"sha256(inputs,labels)",500x1024,500x1024,500,torch.int64/torch.int64,7a748a0cfb6fac43633bc0844a63ce2f0b6e0ce8eee27134cd213fb93c93f7cf,sha256,passed,true,,,,
2,20260526-longer-mqar-official-core:formal:gd-r10-s124-d123-b64-ga4-fp32-noearly4ep:2048x512:n500,20260526-longer-mqar-official-core:formal:gd-r10-s124-d123-b64-ga4-fp32-noearly4ep:2048x512:n500,20260526-longer-mqar-official-core,longer_mqar_eval_only,longer_mqar_eval_only_vocab8192_official_core_20260526,formal,completed,2026-05-25T20:30:28.994448+00:00,flash,gd-r10-s124-d123-b64-ga4-fp32-noearly4ep,cb256-r10,cb256-r10-s124-d123,b64_ga4_fp32_official,gd_residual_v1_cb256_r10_noearly4ep_b64_ga4_fp32,r10_seed_stability_official_b64_ga4_fp32,64,16,4,256,b64_ga4,float32,float32,float32,float32,float32,float32,124,123,cb256-r10,cb256-r10-s124-d123,256,10,,,,,,4,4,2,true,checkpoints/flash-vqg-20260519-gd-r10-gdn-official-b64-fp32-flash-r10-s124-2026-05-19-17-43-20/gd-r10-s124-d123-b64-ga4-fp32-noearly4ep/train_config.json,/home/lyj/mnt/project/zoology/checkpoints/flash-vqg-20260519-gd-r10-gdn-official-b64-fp32-flash-r10-s124-2026-05-19-17-43-20/gd-r10-s124-d123-b64-ga4-fp32-noearly4ep/train_config.json,ddfd988e258f268333818af61cddb139c0fe01db4174baecedac1660353f8529,sha256:7a748a0cfb6fac43633bc0844a63ce2f0b6e0ce8eee27134cd213fb93c93f7cf,last.pt_epoch4_final,checkpoints/flash-vqg-20260519-gd-r10-gdn-official-b64-fp32-flash-r10-s124-2026-05-19-17-43-20/gd-r10-s124-d123-b64-ga4-fp32-noearly4ep/last.pt,/home/lyj/mnt/project/zoology/checkpoints/flash-vqg-20260519-gd-r10-gdn-official-b64-fp32-flash-r10-s124-2026-05-19-17-43-20/gd-r10-s124-d123-b64-ga4-fp32-noearly4ep/last.pt,true,7a748a0cfb6fac43633bc0844a63ce2f0b6e0ce8eee27134cd213fb93c93f7cf,8943045,2026-05-19T22:14:17.873500+00:00,3,,0.04493362084031105,0.99668359375,0.9852421875,1184198,,327680,mqar-vocab8192-pass1-seed123-rnq1-power0.01-2048x512-n500,multiquery_ar,8192,2048,512,1,500,32,true,123,true,0.01,,,completed,2048x512,2048,512,32,32;16;8;4;2;1,32,7870.7568359375,,same_gpu_same_dtype_same_runner_only,true,1,1,NVIDIA GeForce RTX 2080 Ti,11264,7.5,GPU-0def3eeb-c2d0-4f49-ec2a-ebc1d8453b98,2.6.0+cu118,11.8,550.120,float32,float32,b64_ga4_fp32_official,NVIDIA_GeForce_RTX_2080_Ti-11264MiB-cc7.5-driver550.120-torch2.6.0+cu118-cuda11.8,0.6823861598968506,0.9154921875,0.6823861598968506,0.9154921875,66.89436268806458,00:01:06,7871.2578125,7871.2578125,9062.0,NVIDIA_GeForce_RTX_2080_Ti-11264MiB-cc7.5-driver550.120-torch2.6.0+cu118-cuda11.8,measured_current_host,1,1,NVIDIA GeForce RTX 2080 Ti,11264,7.5,GPU-0def3eeb-c2d0-4f49-ec2a-ebc1d8453b98,2.6.0+cu118,11.8,550.120,8eb730be36bbb0876ed83a332d364c65acb36b28,8eb730be36bbb0876ed83a332d364c65acb36b28,811e1ce5f140e97d93ad6f1adae07b95b4219143,docs/artifacts/longer-mqar/official-core-20260526,docs/artifacts/20260519-gd-r10-gdn-official-b64-fp32/flash-r10-final.csv,tmp/20260526-longer-mqar-official-core/logs/formal-gd-r10-s124-d123-b64-ga4-fp32-noearly4ep-2048x512-n500-b32-gpu1.log,,,,123,e446efc9f4dc774377c56c403a468c747870beb18ff0320f15df794dcb69f015,"sha256(inputs,labels)",500x2048,500x2048,500,torch.int64/torch.int64,7a748a0cfb6fac43633bc0844a63ce2f0b6e0ce8eee27134cd213fb93c93f7cf,sha256,passed,true,,,,
2,20260526-longer-mqar-official-core:formal:gd-r10-s123-d123-b64-ga4-fp32-noearly4ep:4096x1024:n500,20260526-longer-mqar-official-core:formal:gd-r10-s123-d123-b64-ga4-fp32-noearly4ep:4096x1024:n500,20260526-longer-mqar-official-core,longer_mqar_eval_only,longer_mqar_eval_only_vocab8192_official_core_20260526,formal,completed,2026-05-25T20:31:39.113363+00:00,flash,gd-r10-s123-d123-b64-ga4-fp32-noearly4ep,cb256-r10,cb256-r10-s123-d123,b64_ga4_fp32_official,gd_residual_v1_cb256_r10_noearly4ep_b64_ga4_fp32,r10_seed_stability_official_b64_ga4_fp32,64,16,4,256,b64_ga4,float32,float32,float32,float32,float32,float32,123,123,cb256-r10,cb256-r10-s123-d123,256,10,,,,,,4,4,2,true,checkpoints/flash-vqg-20260519-gd-r10-gdn-official-b64-fp32-flash-r10-s123-2026-05-19-17-43-20/gd-r10-s123-d123-b64-ga4-fp32-noearly4ep/train_config.json,/home/lyj/mnt/project/zoology/checkpoints/flash-vqg-20260519-gd-r10-gdn-official-b64-fp32-flash-r10-s123-2026-05-19-17-43-20/gd-r10-s123-d123-b64-ga4-fp32-noearly4ep/train_config.json,0a42aed61895c9a330e6a4a7922893c2171ef5f3a58e1e65d56a263bb6437db6,sha256:443ea8bd8d6482e9df08577a3e075bc34fd68ca42c5793b6d39b3142037b2147,last.pt_epoch4_final,checkpoints/flash-vqg-20260519-gd-r10-gdn-official-b64-fp32-flash-r10-s123-2026-05-19-17-43-20/gd-r10-s123-d123-b64-ga4-fp32-noearly4ep/last.pt,/home/lyj/mnt/project/zoology/checkpoints/flash-vqg-20260519-gd-r10-gdn-official-b64-fp32-flash-r10-s123-2026-05-19-17-43-20/gd-r10-s123-d123-b64-ga4-fp32-noearly4ep/last.pt,true,443ea8bd8d6482e9df08577a3e075bc34fd68ca42c5793b6d39b3142037b2147,8943045,2026-05-19T21:14:14.088861+00:00,3,,0.14956353604793549,0.98174560546875,0.89201953125,1184198,,327680,mqar-vocab8192-pass1-seed123-rnq1-power0.01-4096x1024-n500,multiquery_ar,8192,4096,1024,1,500,16,true,123,true,0.01,,,completed,4096x1024,4096,1024,32,32;16;8;4;2;1,16,7870.7626953125,"b32:oom:oom:torch.OutOfMemoryError: CUDA out of memory. Tried to allocate 5.00 GiB. GPU 0 has a total capacity of 10.74 GiB of which 3.62 GiB is free. Process 1214145 has 7.10 GiB memory in use. Of the allocated memory 6.72 GiB is allocated by PyTorch, and 197.55 MiB is reserved by PyTorch but unallocated. If reserved but unallocated memory is large try setting PYTORCH_CUDA_ALLOC_CONF=expandable_segments:True to avoid fragmentation.  See documentation for Memory Management  (https://pytorch.org/docs/stable/notes/cuda.html#environment-variables)",same_gpu_same_dtype_same_runner_only,true,0,0,NVIDIA GeForce RTX 2080 Ti,11264,7.5,GPU-57c29499-bcb3-27f6-4360-e60939528a9b,2.6.0+cu118,11.8,550.120,float32,float32,b64_ga4_fp32_official,NVIDIA_GeForce_RTX_2080_Ti-11264MiB-cc7.5-driver550.120-torch2.6.0+cu118-cuda11.8,4.4143266677856445,0.278982421875,4.4143266677856445,0.278982421875,147.06407928466797,00:02:27,7870.7626953125,7870.7626953125,9074.0,NVIDIA_GeForce_RTX_2080_Ti-11264MiB-cc7.5-driver550.120-torch2.6.0+cu118-cuda11.8,measured_current_host,0,0,NVIDIA GeForce RTX 2080 Ti,11264,7.5,GPU-57c29499-bcb3-27f6-4360-e60939528a9b,2.6.0+cu118,11.8,550.120,8eb730be36bbb0876ed83a332d364c65acb36b28,8eb730be36bbb0876ed83a332d364c65acb36b28,811e1ce5f140e97d93ad6f1adae07b95b4219143,docs/artifacts/longer-mqar/official-core-20260526,docs/artifacts/20260519-gd-r10-gdn-official-b64-fp32/flash-r10-final.csv,tmp/20260526-longer-mqar-official-core/logs/formal-gd-r10-s123-d123-b64-ga4-fp32-noearly4ep-4096x1024-n500-b16-gpu0.log,,,,123,0981292ce8ebea1402a4c3a7a6655dfc1de42688c329bd5ea921541a0f1d16ed,"sha256(inputs,labels)",500x4096,500x4096,500,torch.int64/torch.int64,443ea8bd8d6482e9df08577a3e075bc34fd68ca42c5793b6d39b3142037b2147,sha256,passed,true,,,,
2,20260526-longer-mqar-official-core:formal:gd-r10-s124-d123-b64-ga4-fp32-noearly4ep:4096x1024:n500,20260526-longer-mqar-official-core:formal:gd-r10-s124-d123-b64-ga4-fp32-noearly4ep:4096x1024:n500,20260526-longer-mqar-official-core,longer_mqar_eval_only,longer_mqar_eval_only_vocab8192_official_core_20260526,formal,completed,2026-05-25T20:34:08.042935+00:00,flash,gd-r10-s124-d123-b64-ga4-fp32-noearly4ep,cb256-r10,cb256-r10-s124-d123,b64_ga4_fp32_official,gd_residual_v1_cb256_r10_noearly4ep_b64_ga4_fp32,r10_seed_stability_official_b64_ga4_fp32,64,16,4,256,b64_ga4,float32,float32,float32,float32,float32,float32,124,123,cb256-r10,cb256-r10-s124-d123,256,10,,,,,,4,4,2,true,checkpoints/flash-vqg-20260519-gd-r10-gdn-official-b64-fp32-flash-r10-s124-2026-05-19-17-43-20/gd-r10-s124-d123-b64-ga4-fp32-noearly4ep/train_config.json,/home/lyj/mnt/project/zoology/checkpoints/flash-vqg-20260519-gd-r10-gdn-official-b64-fp32-flash-r10-s124-2026-05-19-17-43-20/gd-r10-s124-d123-b64-ga4-fp32-noearly4ep/train_config.json,ddfd988e258f268333818af61cddb139c0fe01db4174baecedac1660353f8529,sha256:7a748a0cfb6fac43633bc0844a63ce2f0b6e0ce8eee27134cd213fb93c93f7cf,last.pt_epoch4_final,checkpoints/flash-vqg-20260519-gd-r10-gdn-official-b64-fp32-flash-r10-s124-2026-05-19-17-43-20/gd-r10-s124-d123-b64-ga4-fp32-noearly4ep/last.pt,/home/lyj/mnt/project/zoology/checkpoints/flash-vqg-20260519-gd-r10-gdn-official-b64-fp32-flash-r10-s124-2026-05-19-17-43-20/gd-r10-s124-d123-b64-ga4-fp32-noearly4ep/last.pt,true,7a748a0cfb6fac43633bc0844a63ce2f0b6e0ce8eee27134cd213fb93c93f7cf,8943045,2026-05-19T22:14:17.873500+00:00,3,,0.04493362084031105,0.99668359375,0.9852421875,1184198,,327680,mqar-vocab8192-pass1-seed123-rnq1-power0.01-4096x1024-n500,multiquery_ar,8192,4096,1024,1,500,16,true,123,true,0.01,,,completed,4096x1024,4096,1024,32,32;16;8;4;2;1,16,7870.7626953125,"b32:oom:oom:torch.OutOfMemoryError: CUDA out of memory. Tried to allocate 5.00 GiB. GPU 0 has a total capacity of 10.75 GiB of which 3.64 GiB is free. Process 1214164 has 7.10 GiB memory in use. Of the allocated memory 6.72 GiB is allocated by PyTorch, and 197.86 MiB is reserved by PyTorch but unallocated. If reserved but unallocated memory is large try setting PYTORCH_CUDA_ALLOC_CONF=expandable_segments:True to avoid fragmentation.  See documentation for Memory Management  (https://pytorch.org/docs/stable/notes/cuda.html#environment-variables)",same_gpu_same_dtype_same_runner_only,true,1,1,NVIDIA GeForce RTX 2080 Ti,11264,7.5,GPU-0def3eeb-c2d0-4f49-ec2a-ebc1d8453b98,2.6.0+cu118,11.8,550.120,float32,float32,b64_ga4_fp32_official,NVIDIA_GeForce_RTX_2080_Ti-11264MiB-cc7.5-driver550.120-torch2.6.0+cu118-cuda11.8,1.8355365991592407,0.69865234375,1.8355365991592407,0.69865234375,218.1520881652832,00:03:38,7870.7626953125,7870.7626953125,9074.0,NVIDIA_GeForce_RTX_2080_Ti-11264MiB-cc7.5-driver550.120-torch2.6.0+cu118-cuda11.8,measured_current_host,1,1,NVIDIA GeForce RTX 2080 Ti,11264,7.5,GPU-0def3eeb-c2d0-4f49-ec2a-ebc1d8453b98,2.6.0+cu118,11.8,550.120,8eb730be36bbb0876ed83a332d364c65acb36b28,8eb730be36bbb0876ed83a332d364c65acb36b28,811e1ce5f140e97d93ad6f1adae07b95b4219143,docs/artifacts/longer-mqar/official-core-20260526,docs/artifacts/20260519-gd-r10-gdn-official-b64-fp32/flash-r10-final.csv,tmp/20260526-longer-mqar-official-core/logs/formal-gd-r10-s124-d123-b64-ga4-fp32-noearly4ep-4096x1024-n500-b16-gpu1.log,,,,123,0981292ce8ebea1402a4c3a7a6655dfc1de42688c329bd5ea921541a0f1d16ed,"sha256(inputs,labels)",500x4096,500x4096,500,torch.int64/torch.int64,7a748a0cfb6fac43633bc0844a63ce2f0b6e0ce8eee27134cd213fb93c93f7cf,sha256,passed,true,,,,
2,20260526-longer-mqar-official-core:formal:gd-r10-s123-d123-b64-ga4-fp32-noearly4ep:8190x512:n500,20260526-longer-mqar-official-core:formal:gd-r10-s123-d123-b64-ga4-fp32-noearly4ep:8190x512:n500,20260526-longer-mqar-official-core,longer_mqar_eval_only,longer_mqar_eval_only_vocab8192_official_core_20260526,formal,completed,2026-05-25T20:40:36.366564+00:00,flash,gd-r10-s123-d123-b64-ga4-fp32-noearly4ep,cb256-r10,cb256-r10-s123-d123,b64_ga4_fp32_official,gd_residual_v1_cb256_r10_noearly4ep_b64_ga4_fp32,r10_seed_stability_official_b64_ga4_fp32,64,16,4,256,b64_ga4,float32,float32,float32,float32,float32,float32,123,123,cb256-r10,cb256-r10-s123-d123,256,10,,,,,,4,4,2,true,checkpoints/flash-vqg-20260519-gd-r10-gdn-official-b64-fp32-flash-r10-s123-2026-05-19-17-43-20/gd-r10-s123-d123-b64-ga4-fp32-noearly4ep/train_config.json,/home/lyj/mnt/project/zoology/checkpoints/flash-vqg-20260519-gd-r10-gdn-official-b64-fp32-flash-r10-s123-2026-05-19-17-43-20/gd-r10-s123-d123-b64-ga4-fp32-noearly4ep/train_config.json,0a42aed61895c9a330e6a4a7922893c2171ef5f3a58e1e65d56a263bb6437db6,sha256:443ea8bd8d6482e9df08577a3e075bc34fd68ca42c5793b6d39b3142037b2147,last.pt_epoch4_final,checkpoints/flash-vqg-20260519-gd-r10-gdn-official-b64-fp32-flash-r10-s123-2026-05-19-17-43-20/gd-r10-s123-d123-b64-ga4-fp32-noearly4ep/last.pt,/home/lyj/mnt/project/zoology/checkpoints/flash-vqg-20260519-gd-r10-gdn-official-b64-fp32-flash-r10-s123-2026-05-19-17-43-20/gd-r10-s123-d123-b64-ga4-fp32-noearly4ep/last.pt,true,443ea8bd8d6482e9df08577a3e075bc34fd68ca42c5793b6d39b3142037b2147,8943045,2026-05-19T21:14:14.088861+00:00,3,,0.14956353604793549,0.98174560546875,0.89201953125,1184198,,327680,mqar-vocab8192-pass1-seed123-rnq1-power0.01-8190x512-n500,multiquery_ar,8192,8190,512,1,500,8,true,123,true,0.01,,,completed,8190x2047,8190,2047,32,32;16;8;4;2;1,8,7903.4677734375,"b32:oom:oom:torch.OutOfMemoryError: CUDA out of memory. Tried to allocate 10.00 GiB. GPU 0 has a total capacity of 10.74 GiB of which 6.99 GiB is free. Process 1214865 has 3.73 GiB memory in use. Of the allocated memory 3.42 GiB is allocated by PyTorch, and 122.85 MiB is reserved by PyTorch but unallocated. If reserved but unallocated memory is large try setting PYTORCH_CUDA_ALLOC_CONF=expandable_segments:True to avoid fragmentation.  See documentation for Memory Management  (https://pytorch.org/docs/stable/notes/cuda.html#environment-variables) | b16:oom:oom:torch.OutOfMemoryError: CUDA out of memory. Tried to allocate 5.00 GiB. GPU 0 has a total capacity of 10.74 GiB of which 3.73 GiB is free. Process 1214937 has 6.99 GiB memory in use. Of the allocated memory 6.76 GiB is allocated by PyTorch, and 49.83 MiB is reserved by PyTorch but unallocated. If reserved but unallocated memory is large try setting PYTORCH_CUDA_ALLOC_CONF=expandable_segments:True to avoid fragmentation.  See documentation for Memory Management  (https://pytorch.org/docs/stable/notes/cuda.html#environment-variables)",same_gpu_same_dtype_same_runner_only,true,0,0,NVIDIA GeForce RTX 2080 Ti,11264,7.5,GPU-57c29499-bcb3-27f6-4360-e60939528a9b,2.6.0+cu118,11.8,550.120,float32,float32,b64_ga4_fp32_official,NVIDIA_GeForce_RTX_2080_Ti-11264MiB-cc7.5-driver550.120-torch2.6.0+cu118-cuda11.8,3.0784692764282227,0.4934453125,3.0784692764282227,0.4934453125,536.3669505119324,00:08:56,7903.4677734375,7903.4677734375,8754.0,NVIDIA_GeForce_RTX_2080_Ti-11264MiB-cc7.5-driver550.120-torch2.6.0+cu118-cuda11.8,measured_current_host,0,0,NVIDIA GeForce RTX 2080 Ti,11264,7.5,GPU-57c29499-bcb3-27f6-4360-e60939528a9b,2.6.0+cu118,11.8,550.120,8eb730be36bbb0876ed83a332d364c65acb36b28,8eb730be36bbb0876ed83a332d364c65acb36b28,811e1ce5f140e97d93ad6f1adae07b95b4219143,docs/artifacts/longer-mqar/official-core-20260526,docs/artifacts/20260519-gd-r10-gdn-official-b64-fp32/flash-r10-final.csv,tmp/20260526-longer-mqar-official-core/logs/formal-gd-r10-s123-d123-b64-ga4-fp32-noearly4ep-8190x512-n500-b8-gpu0.log,,,,123,37a8533a985fabd3db03daf9dfd3a8e0936513ab724039c63b9a22bf352d002d,"sha256(inputs,labels)",500x8190,500x8190,500,torch.int64/torch.int64,443ea8bd8d6482e9df08577a3e075bc34fd68ca42c5793b6d39b3142037b2147,sha256,passed,true,,,,
2,20260526-longer-mqar-official-core:formal:gd-r10-s124-d123-b64-ga4-fp32-noearly4ep:8190x512:n500,20260526-longer-mqar-official-core:formal:gd-r10-s124-d123-b64-ga4-fp32-noearly4ep:8190x512:n500,20260526-longer-mqar-official-core,longer_mqar_eval_only,longer_mqar_eval_only_vocab8192_official_core_20260526,formal,completed,2026-05-25T20:48:21.982371+00:00,flash,gd-r10-s124-d123-b64-ga4-fp32-noearly4ep,cb256-r10,cb256-r10-s124-d123,b64_ga4_fp32_official,gd_residual_v1_cb256_r10_noearly4ep_b64_ga4_fp32,r10_seed_stability_official_b64_ga4_fp32,64,16,4,256,b64_ga4,float32,float32,float32,float32,float32,float32,124,123,cb256-r10,cb256-r10-s124-d123,256,10,,,,,,4,4,2,true,checkpoints/flash-vqg-20260519-gd-r10-gdn-official-b64-fp32-flash-r10-s124-2026-05-19-17-43-20/gd-r10-s124-d123-b64-ga4-fp32-noearly4ep/train_config.json,/home/lyj/mnt/project/zoology/checkpoints/flash-vqg-20260519-gd-r10-gdn-official-b64-fp32-flash-r10-s124-2026-05-19-17-43-20/gd-r10-s124-d123-b64-ga4-fp32-noearly4ep/train_config.json,ddfd988e258f268333818af61cddb139c0fe01db4174baecedac1660353f8529,sha256:7a748a0cfb6fac43633bc0844a63ce2f0b6e0ce8eee27134cd213fb93c93f7cf,last.pt_epoch4_final,checkpoints/flash-vqg-20260519-gd-r10-gdn-official-b64-fp32-flash-r10-s124-2026-05-19-17-43-20/gd-r10-s124-d123-b64-ga4-fp32-noearly4ep/last.pt,/home/lyj/mnt/project/zoology/checkpoints/flash-vqg-20260519-gd-r10-gdn-official-b64-fp32-flash-r10-s124-2026-05-19-17-43-20/gd-r10-s124-d123-b64-ga4-fp32-noearly4ep/last.pt,true,7a748a0cfb6fac43633bc0844a63ce2f0b6e0ce8eee27134cd213fb93c93f7cf,8943045,2026-05-19T22:14:17.873500+00:00,3,,0.04493362084031105,0.99668359375,0.9852421875,1184198,,327680,mqar-vocab8192-pass1-seed123-rnq1-power0.01-8190x512-n500,multiquery_ar,8192,8190,512,1,500,8,true,123,true,0.01,,,completed,8190x2047,8190,2047,32,32;16;8;4;2;1,8,7903.4677734375,"b32:oom:oom:torch.OutOfMemoryError: CUDA out of memory. Tried to allocate 10.00 GiB. GPU 0 has a total capacity of 10.75 GiB of which 7.01 GiB is free. Process 1215082 has 3.73 GiB memory in use. Of the allocated memory 3.42 GiB is allocated by PyTorch, and 122.85 MiB is reserved by PyTorch but unallocated. If reserved but unallocated memory is large try setting PYTORCH_CUDA_ALLOC_CONF=expandable_segments:True to avoid fragmentation.  See documentation for Memory Management  (https://pytorch.org/docs/stable/notes/cuda.html#environment-variables) | b16:oom:oom:torch.OutOfMemoryError: CUDA out of memory. Tried to allocate 5.00 GiB. GPU 0 has a total capacity of 10.75 GiB of which 3.75 GiB is free. Process 1215150 has 6.99 GiB memory in use. Of the allocated memory 6.76 GiB is allocated by PyTorch, and 47.76 MiB is reserved by PyTorch but unallocated. If reserved but unallocated memory is large try setting PYTORCH_CUDA_ALLOC_CONF=expandable_segments:True to avoid fragmentation.  See documentation for Memory Management  (https://pytorch.org/docs/stable/notes/cuda.html#environment-variables)",same_gpu_same_dtype_same_runner_only,true,1,1,NVIDIA GeForce RTX 2080 Ti,11264,7.5,GPU-0def3eeb-c2d0-4f49-ec2a-ebc1d8453b98,2.6.0+cu118,11.8,550.120,float32,float32,b64_ga4_fp32_official,NVIDIA_GeForce_RTX_2080_Ti-11264MiB-cc7.5-driver550.120-torch2.6.0+cu118-cuda11.8,1.0815457105636597,0.84016796875,1.0815457105636597,0.84016796875,853.0414476394653,00:14:13,7903.4677734375,7903.4677734375,8752.0,NVIDIA_GeForce_RTX_2080_Ti-11264MiB-cc7.5-driver550.120-torch2.6.0+cu118-cuda11.8,measured_current_host,1,1,NVIDIA GeForce RTX 2080 Ti,11264,7.5,GPU-0def3eeb-c2d0-4f49-ec2a-ebc1d8453b98,2.6.0+cu118,11.8,550.120,8eb730be36bbb0876ed83a332d364c65acb36b28,8eb730be36bbb0876ed83a332d364c65acb36b28,811e1ce5f140e97d93ad6f1adae07b95b4219143,docs/artifacts/longer-mqar/official-core-20260526,docs/artifacts/20260519-gd-r10-gdn-official-b64-fp32/flash-r10-final.csv,tmp/20260526-longer-mqar-official-core/logs/formal-gd-r10-s124-d123-b64-ga4-fp32-noearly4ep-8190x512-n500-b8-gpu1.log,,,,123,37a8533a985fabd3db03daf9dfd3a8e0936513ab724039c63b9a22bf352d002d,"sha256(inputs,labels)",500x8190,500x8190,500,torch.int64/torch.int64,7a748a0cfb6fac43633bc0844a63ce2f0b6e0ce8eee27134cd213fb93c93f7cf,sha256,passed,true,,,,
2,20260526-longer-mqar-official-core:formal:gd-r10-s123-d123-b64-ga4-fp32-noearly4ep:8190x2047:n500,20260526-longer-mqar-official-core:formal:gd-r10-s123-d123-b64-ga4-fp32-noearly4ep:8190x2047:n500,20260526-longer-mqar-official-core,longer_mqar_eval_only,longer_mqar_eval_only_vocab8192_official_core_20260526,formal,completed,2026-05-25T20:48:40.964592+00:00,flash,gd-r10-s123-d123-b64-ga4-fp32-noearly4ep,cb256-r10,cb256-r10-s123-d123,b64_ga4_fp32_official,gd_residual_v1_cb256_r10_noearly4ep_b64_ga4_fp32,r10_seed_stability_official_b64_ga4_fp32,64,16,4,256,b64_ga4,float32,float32,float32,float32,float32,float32,123,123,cb256-r10,cb256-r10-s123-d123,256,10,,,,,,4,4,2,true,checkpoints/flash-vqg-20260519-gd-r10-gdn-official-b64-fp32-flash-r10-s123-2026-05-19-17-43-20/gd-r10-s123-d123-b64-ga4-fp32-noearly4ep/train_config.json,/home/lyj/mnt/project/zoology/checkpoints/flash-vqg-20260519-gd-r10-gdn-official-b64-fp32-flash-r10-s123-2026-05-19-17-43-20/gd-r10-s123-d123-b64-ga4-fp32-noearly4ep/train_config.json,0a42aed61895c9a330e6a4a7922893c2171ef5f3a58e1e65d56a263bb6437db6,sha256:443ea8bd8d6482e9df08577a3e075bc34fd68ca42c5793b6d39b3142037b2147,last.pt_epoch4_final,checkpoints/flash-vqg-20260519-gd-r10-gdn-official-b64-fp32-flash-r10-s123-2026-05-19-17-43-20/gd-r10-s123-d123-b64-ga4-fp32-noearly4ep/last.pt,/home/lyj/mnt/project/zoology/checkpoints/flash-vqg-20260519-gd-r10-gdn-official-b64-fp32-flash-r10-s123-2026-05-19-17-43-20/gd-r10-s123-d123-b64-ga4-fp32-noearly4ep/last.pt,true,443ea8bd8d6482e9df08577a3e075bc34fd68ca42c5793b6d39b3142037b2147,8943045,2026-05-19T21:14:14.088861+00:00,3,,0.14956353604793549,0.98174560546875,0.89201953125,1184198,,327680,mqar-vocab8192-pass1-seed123-rnq1-power0.01-8190x2047-n500,multiquery_ar,8192,8190,2047,1,500,8,true,123,true,0.01,,,completed,8190x2047,8190,2047,32,32;16;8;4;2;1,8,7903.4677734375,"b32:oom:oom:torch.OutOfMemoryError: CUDA out of memory. Tried to allocate 10.00 GiB. GPU 0 has a total capacity of 10.74 GiB of which 6.99 GiB is free. Process 1214865 has 3.73 GiB memory in use. Of the allocated memory 3.42 GiB is allocated by PyTorch, and 122.85 MiB is reserved by PyTorch but unallocated. If reserved but unallocated memory is large try setting PYTORCH_CUDA_ALLOC_CONF=expandable_segments:True to avoid fragmentation.  See documentation for Memory Management  (https://pytorch.org/docs/stable/notes/cuda.html#environment-variables) | b16:oom:oom:torch.OutOfMemoryError: CUDA out of memory. Tried to allocate 5.00 GiB. GPU 0 has a total capacity of 10.74 GiB of which 3.73 GiB is free. Process 1214937 has 6.99 GiB memory in use. Of the allocated memory 6.76 GiB is allocated by PyTorch, and 49.83 MiB is reserved by PyTorch but unallocated. If reserved but unallocated memory is large try setting PYTORCH_CUDA_ALLOC_CONF=expandable_segments:True to avoid fragmentation.  See documentation for Memory Management  (https://pytorch.org/docs/stable/notes/cuda.html#environment-variables)",same_gpu_same_dtype_same_runner_only,true,0,0,NVIDIA GeForce RTX 2080 Ti,11264,7.5,GPU-57c29499-bcb3-27f6-4360-e60939528a9b,2.6.0+cu118,11.8,550.120,float32,float32,b64_ga4_fp32_official,NVIDIA_GeForce_RTX_2080_Ti-11264MiB-cc7.5-driver550.120-torch2.6.0+cu118-cuda11.8,6.435269355773926,0.11088715192965315,6.435269355773926,0.11088715192965316,483.68310022354126,00:08:03,7903.4677734375,7903.4677734375,8756.0,NVIDIA_GeForce_RTX_2080_Ti-11264MiB-cc7.5-driver550.120-torch2.6.0+cu118-cuda11.8,measured_current_host,0,0,NVIDIA GeForce RTX 2080 Ti,11264,7.5,GPU-57c29499-bcb3-27f6-4360-e60939528a9b,2.6.0+cu118,11.8,550.120,8eb730be36bbb0876ed83a332d364c65acb36b28,8eb730be36bbb0876ed83a332d364c65acb36b28,811e1ce5f140e97d93ad6f1adae07b95b4219143,docs/artifacts/longer-mqar/official-core-20260526,docs/artifacts/20260519-gd-r10-gdn-official-b64-fp32/flash-r10-final.csv,tmp/20260526-longer-mqar-official-core/logs/formal-gd-r10-s123-d123-b64-ga4-fp32-noearly4ep-8190x2047-n500-b8-gpu0.log,,,,123,8c16a91ea127bb7bf2130238ecd56b49fb1fd73bb3e0c2f4c586ddba8e9b97a9,"sha256(inputs,labels)",500x8190,500x8190,500,torch.int64/torch.int64,443ea8bd8d6482e9df08577a3e075bc34fd68ca42c5793b6d39b3142037b2147,sha256,passed,true,,,,
2,20260526-longer-mqar-official-core:repro:gd-r10-s123-d123-b64-ga4-fp32-noearly4ep:1024x256:n500,20260526-longer-mqar-official-core:repro:gd-r10-s123-d123-b64-ga4-fp32-noearly4ep:1024x256:n500,20260526-longer-mqar-official-core,longer_mqar_eval_only,longer_mqar_eval_only_vocab8192_official_core_20260526,repro,completed,2026-05-25T20:49:10.500083+00:00,flash,gd-r10-s123-d123-b64-ga4-fp32-noearly4ep,cb256-r10,cb256-r10-s123-d123,b64_ga4_fp32_official,gd_residual_v1_cb256_r10_noearly4ep_b64_ga4_fp32,r10_seed_stability_official_b64_ga4_fp32,64,16,4,256,b64_ga4,float32,float32,float32,float32,float32,float32,123,123,cb256-r10,cb256-r10-s123-d123,256,10,,,,,,4,4,2,true,checkpoints/flash-vqg-20260519-gd-r10-gdn-official-b64-fp32-flash-r10-s123-2026-05-19-17-43-20/gd-r10-s123-d123-b64-ga4-fp32-noearly4ep/train_config.json,/home/lyj/mnt/project/zoology/checkpoints/flash-vqg-20260519-gd-r10-gdn-official-b64-fp32-flash-r10-s123-2026-05-19-17-43-20/gd-r10-s123-d123-b64-ga4-fp32-noearly4ep/train_config.json,0a42aed61895c9a330e6a4a7922893c2171ef5f3a58e1e65d56a263bb6437db6,sha256:443ea8bd8d6482e9df08577a3e075bc34fd68ca42c5793b6d39b3142037b2147,last.pt_epoch4_final,checkpoints/flash-vqg-20260519-gd-r10-gdn-official-b64-fp32-flash-r10-s123-2026-05-19-17-43-20/gd-r10-s123-d123-b64-ga4-fp32-noearly4ep/last.pt,/home/lyj/mnt/project/zoology/checkpoints/flash-vqg-20260519-gd-r10-gdn-official-b64-fp32-flash-r10-s123-2026-05-19-17-43-20/gd-r10-s123-d123-b64-ga4-fp32-noearly4ep/last.pt,true,443ea8bd8d6482e9df08577a3e075bc34fd68ca42c5793b6d39b3142037b2147,8943045,2026-05-19T21:14:14.088861+00:00,3,,0.14956353604793549,0.98174560546875,0.89201953125,1184198,,327680,mqar-vocab8192-pass1-seed123-rnq1-power0.01-1024x256-n500,multiquery_ar,8192,1024,256,1,500,32,false,123,true,0.01,,,,,,,,,,,,,,,,,,,,,,,,,,,0.8084754347801208,0.891703125,0.8084754347801208,0.891703125,28.637755632400513,00:00:28,3942.958984375,3942.958984375,4422.0,NVIDIA_GeForce_RTX_2080_Ti-11264MiB-cc7.5-driver550.120-torch2.6.0+cu118-cuda11.8,measured_current_host,0,0,NVIDIA GeForce RTX 2080 Ti,11264,7.5,GPU-57c29499-bcb3-27f6-4360-e60939528a9b,2.6.0+cu118,11.8,550.120,8eb730be36bbb0876ed83a332d364c65acb36b28,8eb730be36bbb0876ed83a332d364c65acb36b28,811e1ce5f140e97d93ad6f1adae07b95b4219143,docs/artifacts/longer-mqar/official-core-20260526,docs/artifacts/20260519-gd-r10-gdn-official-b64-fp32/flash-r10-final.csv,tmp/20260526-longer-mqar-official-core/logs/repro-gd-r10-s123-d123-b64-ga4-fp32-noearly4ep-1024x256-n500-b32-gpu0.log,,,,123,f30f1e09e1300deb2e0f430d7c50c47a77f58f43657aa4d6f425f938a91a9acb,"sha256(inputs,labels)",500x1024,500x1024,500,torch.int64/torch.int64,443ea8bd8d6482e9df08577a3e075bc34fd68ca42c5793b6d39b3142037b2147,sha256,passed,true,20260526-longer-mqar-official-core:formal:gd-r10-s123-d123-b64-ga4-fp32-noearly4ep:1024x256:n500,true,0.0,true
2,20260526-longer-mqar-official-core:batch_search:gd-r10-s125-d123-b64-ga4-fp32-noearly4ep:1024x256:n32,20260526-longer-mqar-official-core:batch_search:gd-r10-s125-d123-b64-ga4-fp32-noearly4ep:1024x256:n32,20260526-longer-mqar-official-core,longer_mqar_eval_only,longer_mqar_eval_only_vocab8192_official_core_20260526,batch_search,completed,2026-05-25T20:49:21.806897+00:00,flash,gd-r10-s125-d123-b64-ga4-fp32-noearly4ep,cb256-r10,cb256-r10-s125-d123,b64_ga4_fp32_official,gd_residual_v1_cb256_r10_noearly4ep_b64_ga4_fp32,r10_seed_stability_official_b64_ga4_fp32,64,16,4,256,b64_ga4,float32,float32,float32,float32,float32,float32,125,123,cb256-r10,cb256-r10-s125-d123,256,10,,,,,,4,4,2,true,checkpoints/flash-vqg-20260519-gd-r10-gdn-official-b64-fp32-flash-r10-s125-2026-05-19-21-14-43/gd-r10-s125-d123-b64-ga4-fp32-noearly4ep/train_config.json,/home/lyj/mnt/project/zoology/checkpoints/flash-vqg-20260519-gd-r10-gdn-official-b64-fp32-flash-r10-s125-2026-05-19-21-14-43/gd-r10-s125-d123-b64-ga4-fp32-noearly4ep/train_config.json,7be09050e0c50c57823780272007f138822b8e053bfd177f26591a812988f9b7,sha256:0f2f6d9d594b0ecbb11af94ebb2f4324b92d730c9b1d533104a91ca69c6b39b9,last.pt_epoch4_final,checkpoints/flash-vqg-20260519-gd-r10-gdn-official-b64-fp32-flash-r10-s125-2026-05-19-21-14-43/gd-r10-s125-d123-b64-ga4-fp32-noearly4ep/last.pt,/home/lyj/mnt/project/zoology/checkpoints/flash-vqg-20260519-gd-r10-gdn-official-b64-fp32-flash-r10-s125-2026-05-19-21-14-43/gd-r10-s125-d123-b64-ga4-fp32-noearly4ep/last.pt,true,0f2f6d9d594b0ecbb11af94ebb2f4324b92d730c9b1d533104a91ca69c6b39b9,8943045,2026-05-20T01:00:40.279221+00:00,3,,0.039301443845033646,0.99725146484375,0.99073046875,1184198,,327680,mqar-vocab8192-pass1-seed123-rnq1-power0.01-1024x256-n32,multiquery_ar,8192,1024,256,1,32,32,true,123,true,0.01,,,completed,1024x256,1024,256,32,32;16;8;4;2;1,32,3941.7080078125,,same_gpu_same_dtype_same_runner_only,true,0,0,NVIDIA GeForce RTX 2080 Ti,11264,7.5,GPU-57c29499-bcb3-27f6-4360-e60939528a9b,2.6.0+cu118,11.8,550.120,float32,float32,b64_ga4_fp32_official,NVIDIA_GeForce_RTX_2080_Ti-11264MiB-cc7.5-driver550.120-torch2.6.0+cu118-cuda11.8,0.14960509538650513,0.990966796875,0.14960509538650513,0.990966796875,10.41522765159607,00:00:10,3941.7080078125,3941.7080078125,4462.0,NVIDIA_GeForce_RTX_2080_Ti-11264MiB-cc7.5-driver550.120-torch2.6.0+cu118-cuda11.8,measured_current_host,0,0,NVIDIA GeForce RTX 2080 Ti,11264,7.5,GPU-57c29499-bcb3-27f6-4360-e60939528a9b,2.6.0+cu118,11.8,550.120,8eb730be36bbb0876ed83a332d364c65acb36b28,8eb730be36bbb0876ed83a332d364c65acb36b28,811e1ce5f140e97d93ad6f1adae07b95b4219143,docs/artifacts/longer-mqar/official-core-20260526,docs/artifacts/20260519-gd-r10-gdn-official-b64-fp32/flash-r10-final.csv,tmp/20260526-longer-mqar-official-core/logs/batch-search-candidate-gd-r10-s125-d123-b64-ga4-fp32-noearly4ep-1024x256-n32-b32-gpu0.log,,,,123,68500f1bc9fdc7ff4edc301ab7303d253d578a27cbbbf7613c74e3e6a04cc9f3,"sha256(inputs,labels)",32x1024,32x1024,32,torch.int64/torch.int64,0f2f6d9d594b0ecbb11af94ebb2f4324b92d730c9b1d533104a91ca69c6b39b9,sha256,passed,true,,,,
2,20260526-longer-mqar-official-core:batch_search:gd-r10-s125-d123-b64-ga4-fp32-noearly4ep:2048x512:n32,20260526-longer-mqar-official-core:batch_search:gd-r10-s125-d123-b64-ga4-fp32-noearly4ep:2048x512:n32,20260526-longer-mqar-official-core,longer_mqar_eval_only,longer_mqar_eval_only_vocab8192_official_core_20260526,batch_search,completed,2026-05-25T20:49:34.572227+00:00,flash,gd-r10-s125-d123-b64-ga4-fp32-noearly4ep,cb256-r10,cb256-r10-s125-d123,b64_ga4_fp32_official,gd_residual_v1_cb256_r10_noearly4ep_b64_ga4_fp32,r10_seed_stability_official_b64_ga4_fp32,64,16,4,256,b64_ga4,float32,float32,float32,float32,float32,float32,125,123,cb256-r10,cb256-r10-s125-d123,256,10,,,,,,4,4,2,true,checkpoints/flash-vqg-20260519-gd-r10-gdn-official-b64-fp32-flash-r10-s125-2026-05-19-21-14-43/gd-r10-s125-d123-b64-ga4-fp32-noearly4ep/train_config.json,/home/lyj/mnt/project/zoology/checkpoints/flash-vqg-20260519-gd-r10-gdn-official-b64-fp32-flash-r10-s125-2026-05-19-21-14-43/gd-r10-s125-d123-b64-ga4-fp32-noearly4ep/train_config.json,7be09050e0c50c57823780272007f138822b8e053bfd177f26591a812988f9b7,sha256:0f2f6d9d594b0ecbb11af94ebb2f4324b92d730c9b1d533104a91ca69c6b39b9,last.pt_epoch4_final,checkpoints/flash-vqg-20260519-gd-r10-gdn-official-b64-fp32-flash-r10-s125-2026-05-19-21-14-43/gd-r10-s125-d123-b64-ga4-fp32-noearly4ep/last.pt,/home/lyj/mnt/project/zoology/checkpoints/flash-vqg-20260519-gd-r10-gdn-official-b64-fp32-flash-r10-s125-2026-05-19-21-14-43/gd-r10-s125-d123-b64-ga4-fp32-noearly4ep/last.pt,true,0f2f6d9d594b0ecbb11af94ebb2f4324b92d730c9b1d533104a91ca69c6b39b9,8943045,2026-05-20T01:00:40.279221+00:00,3,,0.039301443845033646,0.99725146484375,0.99073046875,1184198,,327680,mqar-vocab8192-pass1-seed123-rnq1-power0.01-2048x512-n32,multiquery_ar,8192,2048,512,1,32,32,true,123,true,0.01,,,completed,2048x512,2048,512,32,32;16;8;4;2;1,32,7870.7568359375,,same_gpu_same_dtype_same_runner_only,true,0,0,NVIDIA GeForce RTX 2080 Ti,11264,7.5,GPU-57c29499-bcb3-27f6-4360-e60939528a9b,2.6.0+cu118,11.8,550.120,float32,float32,b64_ga4_fp32_official,NVIDIA_GeForce_RTX_2080_Ti-11264MiB-cc7.5-driver550.120-torch2.6.0+cu118-cuda11.8,0.5344688296318054,0.94622802734375,0.5344688296318054,0.94622802734375,11.87745189666748,00:00:11,7870.7568359375,7870.7568359375,9062.0,NVIDIA_GeForce_RTX_2080_Ti-11264MiB-cc7.5-driver550.120-torch2.6.0+cu118-cuda11.8,measured_current_host,0,0,NVIDIA GeForce RTX 2080 Ti,11264,7.5,GPU-57c29499-bcb3-27f6-4360-e60939528a9b,2.6.0+cu118,11.8,550.120,8eb730be36bbb0876ed83a332d364c65acb36b28,8eb730be36bbb0876ed83a332d364c65acb36b28,811e1ce5f140e97d93ad6f1adae07b95b4219143,docs/artifacts/longer-mqar/official-core-20260526,docs/artifacts/20260519-gd-r10-gdn-official-b64-fp32/flash-r10-final.csv,tmp/20260526-longer-mqar-official-core/logs/batch-search-candidate-gd-r10-s125-d123-b64-ga4-fp32-noearly4ep-2048x512-n32-b32-gpu0.log,,,,123,34ea18c38dae38e2860b711425f27d090597975373a954d128324e3a04dcb012,"sha256(inputs,labels)",32x2048,32x2048,32,torch.int64/torch.int64,0f2f6d9d594b0ecbb11af94ebb2f4324b92d730c9b1d533104a91ca69c6b39b9,sha256,passed,true,,,,
2,20260526-longer-mqar-official-core:batch_search:gd-r10-s125-d123-b64-ga4-fp32-noearly4ep:4096x1024:n32,20260526-longer-mqar-official-core:batch_search:gd-r10-s125-d123-b64-ga4-fp32-noearly4ep:4096x1024:n32,20260526-longer-mqar-official-core,longer_mqar_eval_only,longer_mqar_eval_only_vocab8192_official_core_20260526,batch_search,completed,2026-05-25T20:50:09.985479+00:00,flash,gd-r10-s125-d123-b64-ga4-fp32-noearly4ep,cb256-r10,cb256-r10-s125-d123,b64_ga4_fp32_official,gd_residual_v1_cb256_r10_noearly4ep_b64_ga4_fp32,r10_seed_stability_official_b64_ga4_fp32,64,16,4,256,b64_ga4,float32,float32,float32,float32,float32,float32,125,123,cb256-r10,cb256-r10-s125-d123,256,10,,,,,,4,4,2,true,checkpoints/flash-vqg-20260519-gd-r10-gdn-official-b64-fp32-flash-r10-s125-2026-05-19-21-14-43/gd-r10-s125-d123-b64-ga4-fp32-noearly4ep/train_config.json,/home/lyj/mnt/project/zoology/checkpoints/flash-vqg-20260519-gd-r10-gdn-official-b64-fp32-flash-r10-s125-2026-05-19-21-14-43/gd-r10-s125-d123-b64-ga4-fp32-noearly4ep/train_config.json,7be09050e0c50c57823780272007f138822b8e053bfd177f26591a812988f9b7,sha256:0f2f6d9d594b0ecbb11af94ebb2f4324b92d730c9b1d533104a91ca69c6b39b9,last.pt_epoch4_final,checkpoints/flash-vqg-20260519-gd-r10-gdn-official-b64-fp32-flash-r10-s125-2026-05-19-21-14-43/gd-r10-s125-d123-b64-ga4-fp32-noearly4ep/last.pt,/home/lyj/mnt/project/zoology/checkpoints/flash-vqg-20260519-gd-r10-gdn-official-b64-fp32-flash-r10-s125-2026-05-19-21-14-43/gd-r10-s125-d123-b64-ga4-fp32-noearly4ep/last.pt,true,0f2f6d9d594b0ecbb11af94ebb2f4324b92d730c9b1d533104a91ca69c6b39b9,8943045,2026-05-20T01:00:40.279221+00:00,3,,0.039301443845033646,0.99725146484375,0.99073046875,1184198,,327680,mqar-vocab8192-pass1-seed123-rnq1-power0.01-4096x1024-n32,multiquery_ar,8192,4096,1024,1,32,16,true,123,true,0.01,,,completed,4096x1024,4096,1024,32,32;16;8;4;2;1,16,7870.7626953125,"b32:oom:oom:torch.OutOfMemoryError: CUDA out of memory. Tried to allocate 5.00 GiB. GPU 0 has a total capacity of 10.74 GiB of which 3.62 GiB is free. Process 1216709 has 7.10 GiB memory in use. Of the allocated memory 6.72 GiB is allocated by PyTorch, and 197.65 MiB is reserved by PyTorch but unallocated. If reserved but unallocated memory is large try setting PYTORCH_CUDA_ALLOC_CONF=expandable_segments:True to avoid fragmentation.  See documentation for Memory Management  (https://pytorch.org/docs/stable/notes/cuda.html#environment-variables)",same_gpu_same_dtype_same_runner_only,true,0,0,NVIDIA GeForce RTX 2080 Ti,11264,7.5,GPU-57c29499-bcb3-27f6-4360-e60939528a9b,2.6.0+cu118,11.8,550.120,float32,float32,b64_ga4_fp32_official,NVIDIA_GeForce_RTX_2080_Ti-11264MiB-cc7.5-driver550.120-torch2.6.0+cu118-cuda11.8,1.6197021007537842,0.74658203125,1.6197021007537842,0.74658203125,19.91103744506836,00:00:19,7870.7626953125,7870.7626953125,9072.0,NVIDIA_GeForce_RTX_2080_Ti-11264MiB-cc7.5-driver550.120-torch2.6.0+cu118-cuda11.8,measured_current_host,0,0,NVIDIA GeForce RTX 2080 Ti,11264,7.5,GPU-57c29499-bcb3-27f6-4360-e60939528a9b,2.6.0+cu118,11.8,550.120,8eb730be36bbb0876ed83a332d364c65acb36b28,8eb730be36bbb0876ed83a332d364c65acb36b28,811e1ce5f140e97d93ad6f1adae07b95b4219143,docs/artifacts/longer-mqar/official-core-20260526,docs/artifacts/20260519-gd-r10-gdn-official-b64-fp32/flash-r10-final.csv,tmp/20260526-longer-mqar-official-core/logs/batch-search-candidate-gd-r10-s125-d123-b64-ga4-fp32-noearly4ep-4096x1024-n32-b16-gpu0.log,,,,123,55274181d24158d3fe53491784d87fabe3a981427663df2ac8ed40876e72a1b8,"sha256(inputs,labels)",32x4096,32x4096,32,torch.int64/torch.int64,0f2f6d9d594b0ecbb11af94ebb2f4324b92d730c9b1d533104a91ca69c6b39b9,sha256,passed,true,,,,
2,20260526-longer-mqar-official-core:batch_search:gd-r10-s125-d123-b64-ga4-fp32-noearly4ep:8190x512:n32,20260526-longer-mqar-official-core:batch_search:gd-r10-s125-d123-b64-ga4-fp32-noearly4ep:8190x512:n32,20260526-longer-mqar-official-core,longer_mqar_eval_only,longer_mqar_eval_only_vocab8192_official_core_20260526,batch_search,completed,2026-05-25T20:51:18.293389+00:00,flash,gd-r10-s125-d123-b64-ga4-fp32-noearly4ep,cb256-r10,cb256-r10-s125-d123,b64_ga4_fp32_official,gd_residual_v1_cb256_r10_noearly4ep_b64_ga4_fp32,r10_seed_stability_official_b64_ga4_fp32,64,16,4,256,b64_ga4,float32,float32,float32,float32,float32,float32,125,123,cb256-r10,cb256-r10-s125-d123,256,10,,,,,,4,4,2,true,checkpoints/flash-vqg-20260519-gd-r10-gdn-official-b64-fp32-flash-r10-s125-2026-05-19-21-14-43/gd-r10-s125-d123-b64-ga4-fp32-noearly4ep/train_config.json,/home/lyj/mnt/project/zoology/checkpoints/flash-vqg-20260519-gd-r10-gdn-official-b64-fp32-flash-r10-s125-2026-05-19-21-14-43/gd-r10-s125-d123-b64-ga4-fp32-noearly4ep/train_config.json,7be09050e0c50c57823780272007f138822b8e053bfd177f26591a812988f9b7,sha256:0f2f6d9d594b0ecbb11af94ebb2f4324b92d730c9b1d533104a91ca69c6b39b9,last.pt_epoch4_final,checkpoints/flash-vqg-20260519-gd-r10-gdn-official-b64-fp32-flash-r10-s125-2026-05-19-21-14-43/gd-r10-s125-d123-b64-ga4-fp32-noearly4ep/last.pt,/home/lyj/mnt/project/zoology/checkpoints/flash-vqg-20260519-gd-r10-gdn-official-b64-fp32-flash-r10-s125-2026-05-19-21-14-43/gd-r10-s125-d123-b64-ga4-fp32-noearly4ep/last.pt,true,0f2f6d9d594b0ecbb11af94ebb2f4324b92d730c9b1d533104a91ca69c6b39b9,8943045,2026-05-20T01:00:40.279221+00:00,3,,0.039301443845033646,0.99725146484375,0.99073046875,1184198,,327680,mqar-vocab8192-pass1-seed123-rnq1-power0.01-8190x512-n32,multiquery_ar,8192,8190,512,1,32,8,true,123,true,0.01,,,completed,8190x512,8190,512,32,32;16;8;4;2;1,8,7903.4677734375,"b32:oom:oom:torch.OutOfMemoryError: CUDA out of memory. Tried to allocate 10.00 GiB. GPU 0 has a total capacity of 10.74 GiB of which 6.99 GiB is free. Process 1216860 has 3.73 GiB memory in use. Of the allocated memory 3.42 GiB is allocated by PyTorch, and 122.85 MiB is reserved by PyTorch but unallocated. If reserved but unallocated memory is large try setting PYTORCH_CUDA_ALLOC_CONF=expandable_segments:True to avoid fragmentation.  See documentation for Memory Management  (https://pytorch.org/docs/stable/notes/cuda.html#environment-variables) | b16:oom:oom:torch.OutOfMemoryError: CUDA out of memory. Tried to allocate 5.00 GiB. GPU 0 has a total capacity of 10.74 GiB of which 3.74 GiB is free. Process 1216928 has 6.99 GiB memory in use. Of the allocated memory 6.76 GiB is allocated by PyTorch, and 46.34 MiB is reserved by PyTorch but unallocated. If reserved but unallocated memory is large try setting PYTORCH_CUDA_ALLOC_CONF=expandable_segments:True to avoid fragmentation.  See documentation for Memory Management  (https://pytorch.org/docs/stable/notes/cuda.html#environment-variables)",same_gpu_same_dtype_same_runner_only,true,0,0,NVIDIA GeForce RTX 2080 Ti,11264,7.5,GPU-57c29499-bcb3-27f6-4360-e60939528a9b,2.6.0+cu118,11.8,550.120,float32,float32,b64_ga4_fp32_official,NVIDIA_GeForce_RTX_2080_Ti-11264MiB-cc7.5-driver550.120-torch2.6.0+cu118-cuda11.8,0.8028640747070312,0.8978271484375,0.8028640747070312,0.8978271484375,41.193830490112305,00:00:41,7903.4677734375,7903.4677734375,8750.0,NVIDIA_GeForce_RTX_2080_Ti-11264MiB-cc7.5-driver550.120-torch2.6.0+cu118-cuda11.8,measured_current_host,0,0,NVIDIA GeForce RTX 2080 Ti,11264,7.5,GPU-57c29499-bcb3-27f6-4360-e60939528a9b,2.6.0+cu118,11.8,550.120,8eb730be36bbb0876ed83a332d364c65acb36b28,8eb730be36bbb0876ed83a332d364c65acb36b28,811e1ce5f140e97d93ad6f1adae07b95b4219143,docs/artifacts/longer-mqar/official-core-20260526,docs/artifacts/20260519-gd-r10-gdn-official-b64-fp32/flash-r10-final.csv,tmp/20260526-longer-mqar-official-core/logs/batch-search-candidate-gd-r10-s125-d123-b64-ga4-fp32-noearly4ep-8190x512-n32-b8-gpu0.log,,,,123,23d7ffc7467f8e355ec7cb4c739cf5494449c559427d204883d63d7dca4f4351,"sha256(inputs,labels)",32x8190,32x8190,32,torch.int64/torch.int64,0f2f6d9d594b0ecbb11af94ebb2f4324b92d730c9b1d533104a91ca69c6b39b9,sha256,passed,true,,,,
2,20260526-longer-mqar-official-core:batch_search:gd-r10-s125-d123-b64-ga4-fp32-noearly4ep:8190x2047:n32,20260526-longer-mqar-official-core:batch_search:gd-r10-s125-d123-b64-ga4-fp32-noearly4ep:8190x2047:n32,20260526-longer-mqar-official-core,longer_mqar_eval_only,longer_mqar_eval_only_vocab8192_official_core_20260526,batch_search,completed,2026-05-25T20:52:33.899178+00:00,flash,gd-r10-s125-d123-b64-ga4-fp32-noearly4ep,cb256-r10,cb256-r10-s125-d123,b64_ga4_fp32_official,gd_residual_v1_cb256_r10_noearly4ep_b64_ga4_fp32,r10_seed_stability_official_b64_ga4_fp32,64,16,4,256,b64_ga4,float32,float32,float32,float32,float32,float32,125,123,cb256-r10,cb256-r10-s125-d123,256,10,,,,,,4,4,2,true,checkpoints/flash-vqg-20260519-gd-r10-gdn-official-b64-fp32-flash-r10-s125-2026-05-19-21-14-43/gd-r10-s125-d123-b64-ga4-fp32-noearly4ep/train_config.json,/home/lyj/mnt/project/zoology/checkpoints/flash-vqg-20260519-gd-r10-gdn-official-b64-fp32-flash-r10-s125-2026-05-19-21-14-43/gd-r10-s125-d123-b64-ga4-fp32-noearly4ep/train_config.json,7be09050e0c50c57823780272007f138822b8e053bfd177f26591a812988f9b7,sha256:0f2f6d9d594b0ecbb11af94ebb2f4324b92d730c9b1d533104a91ca69c6b39b9,last.pt_epoch4_final,checkpoints/flash-vqg-20260519-gd-r10-gdn-official-b64-fp32-flash-r10-s125-2026-05-19-21-14-43/gd-r10-s125-d123-b64-ga4-fp32-noearly4ep/last.pt,/home/lyj/mnt/project/zoology/checkpoints/flash-vqg-20260519-gd-r10-gdn-official-b64-fp32-flash-r10-s125-2026-05-19-21-14-43/gd-r10-s125-d123-b64-ga4-fp32-noearly4ep/last.pt,true,0f2f6d9d594b0ecbb11af94ebb2f4324b92d730c9b1d533104a91ca69c6b39b9,8943045,2026-05-20T01:00:40.279221+00:00,3,,0.039301443845033646,0.99725146484375,0.99073046875,1184198,,327680,mqar-vocab8192-pass1-seed123-rnq1-power0.01-8190x2047-n32,multiquery_ar,8192,8190,2047,1,32,8,true,123,true,0.01,,,completed,8190x2047,8190,2047,32,32;16;8;4;2;1,8,7903.4677734375,"b32:oom:oom:torch.OutOfMemoryError: CUDA out of memory. Tried to allocate 10.00 GiB. GPU 0 has a total capacity of 10.74 GiB of which 6.99 GiB is free. Process 1217082 has 3.73 GiB memory in use. Of the allocated memory 3.42 GiB is allocated by PyTorch, and 122.85 MiB is reserved by PyTorch but unallocated. If reserved but unallocated memory is large try setting PYTORCH_CUDA_ALLOC_CONF=expandable_segments:True to avoid fragmentation.  See documentation for Memory Management  (https://pytorch.org/docs/stable/notes/cuda.html#environment-variables) | b16:oom:oom:torch.OutOfMemoryError: CUDA out of memory. Tried to allocate 5.00 GiB. GPU 0 has a total capacity of 10.74 GiB of which 3.73 GiB is free. Process 1217157 has 6.99 GiB memory in use. Of the allocated memory 6.76 GiB is allocated by PyTorch, and 49.74 MiB is reserved by PyTorch but unallocated. If reserved but unallocated memory is large try setting PYTORCH_CUDA_ALLOC_CONF=expandable_segments:True to avoid fragmentation.  See documentation for Memory Management  (https://pytorch.org/docs/stable/notes/cuda.html#environment-variables)",same_gpu_same_dtype_same_runner_only,true,0,0,NVIDIA GeForce RTX 2080 Ti,11264,7.5,GPU-57c29499-bcb3-27f6-4360-e60939528a9b,2.6.0+cu118,11.8,550.120,float32,float32,b64_ga4_fp32_official,NVIDIA_GeForce_RTX_2080_Ti-11264MiB-cc7.5-driver550.120-torch2.6.0+cu118-cuda11.8,3.429448127746582,0.39663226673180263,3.429448127746582,0.39663226673180263,45.88938546180725,00:00:45,7903.4677734375,7903.4677734375,8752.0,NVIDIA_GeForce_RTX_2080_Ti-11264MiB-cc7.5-driver550.120-torch2.6.0+cu118-cuda11.8,measured_current_host,0,0,NVIDIA GeForce RTX 2080 Ti,11264,7.5,GPU-57c29499-bcb3-27f6-4360-e60939528a9b,2.6.0+cu118,11.8,550.120,8eb730be36bbb0876ed83a332d364c65acb36b28,8eb730be36bbb0876ed83a332d364c65acb36b28,811e1ce5f140e97d93ad6f1adae07b95b4219143,docs/artifacts/longer-mqar/official-core-20260526,docs/artifacts/20260519-gd-r10-gdn-official-b64-fp32/flash-r10-final.csv,tmp/20260526-longer-mqar-official-core/logs/batch-search-candidate-gd-r10-s125-d123-b64-ga4-fp32-noearly4ep-8190x2047-n32-b8-gpu0.log,,,,123,70999303f8fadb4cbae8f973c8267ef97a6209a3b8e05f5385a1f26fa38408f5,"sha256(inputs,labels)",32x8190,32x8190,32,torch.int64/torch.int64,0f2f6d9d594b0ecbb11af94ebb2f4324b92d730c9b1d533104a91ca69c6b39b9,sha256,passed,true,,,,
2,20260526-longer-mqar-official-core:formal:gd-r10-s125-d123-b64-ga4-fp32-noearly4ep:1024x256:n500,20260526-longer-mqar-official-core:formal:gd-r10-s125-d123-b64-ga4-fp32-noearly4ep:1024x256:n500,20260526-longer-mqar-official-core,longer_mqar_eval_only,longer_mqar_eval_only_vocab8192_official_core_20260526,formal,completed,2026-05-25T20:53:10.624990+00:00,flash,gd-r10-s125-d123-b64-ga4-fp32-noearly4ep,cb256-r10,cb256-r10-s125-d123,b64_ga4_fp32_official,gd_residual_v1_cb256_r10_noearly4ep_b64_ga4_fp32,r10_seed_stability_official_b64_ga4_fp32,64,16,4,256,b64_ga4,float32,float32,float32,float32,float32,float32,125,123,cb256-r10,cb256-r10-s125-d123,256,10,,,,,,4,4,2,true,checkpoints/flash-vqg-20260519-gd-r10-gdn-official-b64-fp32-flash-r10-s125-2026-05-19-21-14-43/gd-r10-s125-d123-b64-ga4-fp32-noearly4ep/train_config.json,/home/lyj/mnt/project/zoology/checkpoints/flash-vqg-20260519-gd-r10-gdn-official-b64-fp32-flash-r10-s125-2026-05-19-21-14-43/gd-r10-s125-d123-b64-ga4-fp32-noearly4ep/train_config.json,7be09050e0c50c57823780272007f138822b8e053bfd177f26591a812988f9b7,sha256:0f2f6d9d594b0ecbb11af94ebb2f4324b92d730c9b1d533104a91ca69c6b39b9,last.pt_epoch4_final,checkpoints/flash-vqg-20260519-gd-r10-gdn-official-b64-fp32-flash-r10-s125-2026-05-19-21-14-43/gd-r10-s125-d123-b64-ga4-fp32-noearly4ep/last.pt,/home/lyj/mnt/project/zoology/checkpoints/flash-vqg-20260519-gd-r10-gdn-official-b64-fp32-flash-r10-s125-2026-05-19-21-14-43/gd-r10-s125-d123-b64-ga4-fp32-noearly4ep/last.pt,true,0f2f6d9d594b0ecbb11af94ebb2f4324b92d730c9b1d533104a91ca69c6b39b9,8943045,2026-05-20T01:00:40.279221+00:00,3,,0.039301443845033646,0.99725146484375,0.99073046875,1184198,,327680,mqar-vocab8192-pass1-seed123-rnq1-power0.01-1024x256-n500,multiquery_ar,8192,1024,256,1,500,32,true,123,true,0.01,,,completed,1024x256,1024,256,32,32;16;8;4;2;1,32,3941.7080078125,,same_gpu_same_dtype_same_runner_only,true,0,0,NVIDIA GeForce RTX 2080 Ti,11264,7.5,GPU-57c29499-bcb3-27f6-4360-e60939528a9b,2.6.0+cu118,11.8,550.120,float32,float32,b64_ga4_fp32_official,NVIDIA_GeForce_RTX_2080_Ti-11264MiB-cc7.5-driver550.120-torch2.6.0+cu118-cuda11.8,0.14906983077526093,0.9908671875,0.14906983077526093,0.9908671875,35.83477306365967,00:00:35,3942.458984375,3942.458984375,4462.0,NVIDIA_GeForce_RTX_2080_Ti-11264MiB-cc7.5-driver550.120-torch2.6.0+cu118-cuda11.8,measured_current_host,0,0,NVIDIA GeForce RTX 2080 Ti,11264,7.5,GPU-57c29499-bcb3-27f6-4360-e60939528a9b,2.6.0+cu118,11.8,550.120,8eb730be36bbb0876ed83a332d364c65acb36b28,8eb730be36bbb0876ed83a332d364c65acb36b28,811e1ce5f140e97d93ad6f1adae07b95b4219143,docs/artifacts/longer-mqar/official-core-20260526,docs/artifacts/20260519-gd-r10-gdn-official-b64-fp32/flash-r10-final.csv,tmp/20260526-longer-mqar-official-core/logs/formal-gd-r10-s125-d123-b64-ga4-fp32-noearly4ep-1024x256-n500-b32-gpu0.log,,,,123,f30f1e09e1300deb2e0f430d7c50c47a77f58f43657aa4d6f425f938a91a9acb,"sha256(inputs,labels)",500x1024,500x1024,500,torch.int64/torch.int64,0f2f6d9d594b0ecbb11af94ebb2f4324b92d730c9b1d533104a91ca69c6b39b9,sha256,passed,true,,,,
2,20260526-longer-mqar-official-core:formal:gd-r10-s125-d123-b64-ga4-fp32-noearly4ep:2048x512:n500,20260526-longer-mqar-official-core:formal:gd-r10-s125-d123-b64-ga4-fp32-noearly4ep:2048x512:n500,20260526-longer-mqar-official-core,longer_mqar_eval_only,longer_mqar_eval_only_vocab8192_official_core_20260526,formal,completed,2026-05-25T20:54:13.930908+00:00,flash,gd-r10-s125-d123-b64-ga4-fp32-noearly4ep,cb256-r10,cb256-r10-s125-d123,b64_ga4_fp32_official,gd_residual_v1_cb256_r10_noearly4ep_b64_ga4_fp32,r10_seed_stability_official_b64_ga4_fp32,64,16,4,256,b64_ga4,float32,float32,float32,float32,float32,float32,125,123,cb256-r10,cb256-r10-s125-d123,256,10,,,,,,4,4,2,true,checkpoints/flash-vqg-20260519-gd-r10-gdn-official-b64-fp32-flash-r10-s125-2026-05-19-21-14-43/gd-r10-s125-d123-b64-ga4-fp32-noearly4ep/train_config.json,/home/lyj/mnt/project/zoology/checkpoints/flash-vqg-20260519-gd-r10-gdn-official-b64-fp32-flash-r10-s125-2026-05-19-21-14-43/gd-r10-s125-d123-b64-ga4-fp32-noearly4ep/train_config.json,7be09050e0c50c57823780272007f138822b8e053bfd177f26591a812988f9b7,sha256:0f2f6d9d594b0ecbb11af94ebb2f4324b92d730c9b1d533104a91ca69c6b39b9,last.pt_epoch4_final,checkpoints/flash-vqg-20260519-gd-r10-gdn-official-b64-fp32-flash-r10-s125-2026-05-19-21-14-43/gd-r10-s125-d123-b64-ga4-fp32-noearly4ep/last.pt,/home/lyj/mnt/project/zoology/checkpoints/flash-vqg-20260519-gd-r10-gdn-official-b64-fp32-flash-r10-s125-2026-05-19-21-14-43/gd-r10-s125-d123-b64-ga4-fp32-noearly4ep/last.pt,true,0f2f6d9d594b0ecbb11af94ebb2f4324b92d730c9b1d533104a91ca69c6b39b9,8943045,2026-05-20T01:00:40.279221+00:00,3,,0.039301443845033646,0.99725146484375,0.99073046875,1184198,,327680,mqar-vocab8192-pass1-seed123-rnq1-power0.01-2048x512-n500,multiquery_ar,8192,2048,512,1,500,32,true,123,true,0.01,,,completed,2048x512,2048,512,32,32;16;8;4;2;1,32,7870.7568359375,,same_gpu_same_dtype_same_runner_only,true,0,0,NVIDIA GeForce RTX 2080 Ti,11264,7.5,GPU-57c29499-bcb3-27f6-4360-e60939528a9b,2.6.0+cu118,11.8,550.120,float32,float32,b64_ga4_fp32_official,NVIDIA_GeForce_RTX_2080_Ti-11264MiB-cc7.5-driver550.120-torch2.6.0+cu118-cuda11.8,0.5432122945785522,0.9442890625,0.5432122945785522,0.9442890625,62.35098314285278,00:01:02,7871.2578125,7871.2578125,9062.0,NVIDIA_GeForce_RTX_2080_Ti-11264MiB-cc7.5-driver550.120-torch2.6.0+cu118-cuda11.8,measured_current_host,0,0,NVIDIA GeForce RTX 2080 Ti,11264,7.5,GPU-57c29499-bcb3-27f6-4360-e60939528a9b,2.6.0+cu118,11.8,550.120,8eb730be36bbb0876ed83a332d364c65acb36b28,8eb730be36bbb0876ed83a332d364c65acb36b28,811e1ce5f140e97d93ad6f1adae07b95b4219143,docs/artifacts/longer-mqar/official-core-20260526,docs/artifacts/20260519-gd-r10-gdn-official-b64-fp32/flash-r10-final.csv,tmp/20260526-longer-mqar-official-core/logs/formal-gd-r10-s125-d123-b64-ga4-fp32-noearly4ep-2048x512-n500-b32-gpu0.log,,,,123,e446efc9f4dc774377c56c403a468c747870beb18ff0320f15df794dcb69f015,"sha256(inputs,labels)",500x2048,500x2048,500,torch.int64/torch.int64,0f2f6d9d594b0ecbb11af94ebb2f4324b92d730c9b1d533104a91ca69c6b39b9,sha256,passed,true,,,,
2,20260526-longer-mqar-official-core:formal:gd-r10-s125-d123-b64-ga4-fp32-noearly4ep:4096x1024:n500,20260526-longer-mqar-official-core:formal:gd-r10-s125-d123-b64-ga4-fp32-noearly4ep:4096x1024:n500,20260526-longer-mqar-official-core,longer_mqar_eval_only,longer_mqar_eval_only_vocab8192_official_core_20260526,formal,completed,2026-05-25T20:57:24.137450+00:00,flash,gd-r10-s125-d123-b64-ga4-fp32-noearly4ep,cb256-r10,cb256-r10-s125-d123,b64_ga4_fp32_official,gd_residual_v1_cb256_r10_noearly4ep_b64_ga4_fp32,r10_seed_stability_official_b64_ga4_fp32,64,16,4,256,b64_ga4,float32,float32,float32,float32,float32,float32,125,123,cb256-r10,cb256-r10-s125-d123,256,10,,,,,,4,4,2,true,checkpoints/flash-vqg-20260519-gd-r10-gdn-official-b64-fp32-flash-r10-s125-2026-05-19-21-14-43/gd-r10-s125-d123-b64-ga4-fp32-noearly4ep/train_config.json,/home/lyj/mnt/project/zoology/checkpoints/flash-vqg-20260519-gd-r10-gdn-official-b64-fp32-flash-r10-s125-2026-05-19-21-14-43/gd-r10-s125-d123-b64-ga4-fp32-noearly4ep/train_config.json,7be09050e0c50c57823780272007f138822b8e053bfd177f26591a812988f9b7,sha256:0f2f6d9d594b0ecbb11af94ebb2f4324b92d730c9b1d533104a91ca69c6b39b9,last.pt_epoch4_final,checkpoints/flash-vqg-20260519-gd-r10-gdn-official-b64-fp32-flash-r10-s125-2026-05-19-21-14-43/gd-r10-s125-d123-b64-ga4-fp32-noearly4ep/last.pt,/home/lyj/mnt/project/zoology/checkpoints/flash-vqg-20260519-gd-r10-gdn-official-b64-fp32-flash-r10-s125-2026-05-19-21-14-43/gd-r10-s125-d123-b64-ga4-fp32-noearly4ep/last.pt,true,0f2f6d9d594b0ecbb11af94ebb2f4324b92d730c9b1d533104a91ca69c6b39b9,8943045,2026-05-20T01:00:40.279221+00:00,3,,0.039301443845033646,0.99725146484375,0.99073046875,1184198,,327680,mqar-vocab8192-pass1-seed123-rnq1-power0.01-4096x1024-n500,multiquery_ar,8192,4096,1024,1,500,16,true,123,true,0.01,,,completed,4096x1024,4096,1024,32,32;16;8;4;2;1,16,7870.7626953125,"b32:oom:oom:torch.OutOfMemoryError: CUDA out of memory. Tried to allocate 5.00 GiB. GPU 0 has a total capacity of 10.74 GiB of which 3.62 GiB is free. Process 1216709 has 7.10 GiB memory in use. Of the allocated memory 6.72 GiB is allocated by PyTorch, and 197.65 MiB is reserved by PyTorch but unallocated. If reserved but unallocated memory is large try setting PYTORCH_CUDA_ALLOC_CONF=expandable_segments:True to avoid fragmentation.  See documentation for Memory Management  (https://pytorch.org/docs/stable/notes/cuda.html#environment-variables)",same_gpu_same_dtype_same_runner_only,true,0,0,NVIDIA GeForce RTX 2080 Ti,11264,7.5,GPU-57c29499-bcb3-27f6-4360-e60939528a9b,2.6.0+cu118,11.8,550.120,float32,float32,b64_ga4_fp32_official,NVIDIA_GeForce_RTX_2080_Ti-11264MiB-cc7.5-driver550.120-torch2.6.0+cu118-cuda11.8,1.6197478771209717,0.748025390625,1.6197478771209717,0.748025390625,189.30019783973694,00:03:09,7870.7626953125,7870.7626953125,9074.0,NVIDIA_GeForce_RTX_2080_Ti-11264MiB-cc7.5-driver550.120-torch2.6.0+cu118-cuda11.8,measured_current_host,0,0,NVIDIA GeForce RTX 2080 Ti,11264,7.5,GPU-57c29499-bcb3-27f6-4360-e60939528a9b,2.6.0+cu118,11.8,550.120,8eb730be36bbb0876ed83a332d364c65acb36b28,8eb730be36bbb0876ed83a332d364c65acb36b28,811e1ce5f140e97d93ad6f1adae07b95b4219143,docs/artifacts/longer-mqar/official-core-20260526,docs/artifacts/20260519-gd-r10-gdn-official-b64-fp32/flash-r10-final.csv,tmp/20260526-longer-mqar-official-core/logs/formal-gd-r10-s125-d123-b64-ga4-fp32-noearly4ep-4096x1024-n500-b16-gpu0.log,,,,123,0981292ce8ebea1402a4c3a7a6655dfc1de42688c329bd5ea921541a0f1d16ed,"sha256(inputs,labels)",500x4096,500x4096,500,torch.int64/torch.int64,0f2f6d9d594b0ecbb11af94ebb2f4324b92d730c9b1d533104a91ca69c6b39b9,sha256,passed,true,,,,
2,20260526-longer-mqar-official-core:formal:gd-r10-s124-d123-b64-ga4-fp32-noearly4ep:8190x2047:n500,20260526-longer-mqar-official-core:formal:gd-r10-s124-d123-b64-ga4-fp32-noearly4ep:8190x2047:n500,20260526-longer-mqar-official-core,longer_mqar_eval_only,longer_mqar_eval_only_vocab8192_official_core_20260526,formal,completed,2026-05-25T21:00:05.275584+00:00,flash,gd-r10-s124-d123-b64-ga4-fp32-noearly4ep,cb256-r10,cb256-r10-s124-d123,b64_ga4_fp32_official,gd_residual_v1_cb256_r10_noearly4ep_b64_ga4_fp32,r10_seed_stability_official_b64_ga4_fp32,64,16,4,256,b64_ga4,float32,float32,float32,float32,float32,float32,124,123,cb256-r10,cb256-r10-s124-d123,256,10,,,,,,4,4,2,true,checkpoints/flash-vqg-20260519-gd-r10-gdn-official-b64-fp32-flash-r10-s124-2026-05-19-17-43-20/gd-r10-s124-d123-b64-ga4-fp32-noearly4ep/train_config.json,/home/lyj/mnt/project/zoology/checkpoints/flash-vqg-20260519-gd-r10-gdn-official-b64-fp32-flash-r10-s124-2026-05-19-17-43-20/gd-r10-s124-d123-b64-ga4-fp32-noearly4ep/train_config.json,ddfd988e258f268333818af61cddb139c0fe01db4174baecedac1660353f8529,sha256:7a748a0cfb6fac43633bc0844a63ce2f0b6e0ce8eee27134cd213fb93c93f7cf,last.pt_epoch4_final,checkpoints/flash-vqg-20260519-gd-r10-gdn-official-b64-fp32-flash-r10-s124-2026-05-19-17-43-20/gd-r10-s124-d123-b64-ga4-fp32-noearly4ep/last.pt,/home/lyj/mnt/project/zoology/checkpoints/flash-vqg-20260519-gd-r10-gdn-official-b64-fp32-flash-r10-s124-2026-05-19-17-43-20/gd-r10-s124-d123-b64-ga4-fp32-noearly4ep/last.pt,true,7a748a0cfb6fac43633bc0844a63ce2f0b6e0ce8eee27134cd213fb93c93f7cf,8943045,2026-05-19T22:14:17.873500+00:00,3,,0.04493362084031105,0.99668359375,0.9852421875,1184198,,327680,mqar-vocab8192-pass1-seed123-rnq1-power0.01-8190x2047-n500,multiquery_ar,8192,8190,2047,1,500,8,true,123,true,0.01,,,completed,8190x2047,8190,2047,32,32;16;8;4;2;1,8,7903.4677734375,"b32:oom:oom:torch.OutOfMemoryError: CUDA out of memory. Tried to allocate 10.00 GiB. GPU 0 has a total capacity of 10.75 GiB of which 7.01 GiB is free. Process 1215082 has 3.73 GiB memory in use. Of the allocated memory 3.42 GiB is allocated by PyTorch, and 122.85 MiB is reserved by PyTorch but unallocated. If reserved but unallocated memory is large try setting PYTORCH_CUDA_ALLOC_CONF=expandable_segments:True to avoid fragmentation.  See documentation for Memory Management  (https://pytorch.org/docs/stable/notes/cuda.html#environment-variables) | b16:oom:oom:torch.OutOfMemoryError: CUDA out of memory. Tried to allocate 5.00 GiB. GPU 0 has a total capacity of 10.75 GiB of which 3.75 GiB is free. Process 1215150 has 6.99 GiB memory in use. Of the allocated memory 6.76 GiB is allocated by PyTorch, and 47.76 MiB is reserved by PyTorch but unallocated. If reserved but unallocated memory is large try setting PYTORCH_CUDA_ALLOC_CONF=expandable_segments:True to avoid fragmentation.  See documentation for Memory Management  (https://pytorch.org/docs/stable/notes/cuda.html#environment-variables)",same_gpu_same_dtype_same_runner_only,true,1,1,NVIDIA GeForce RTX 2080 Ti,11264,7.5,GPU-0def3eeb-c2d0-4f49-ec2a-ebc1d8453b98,2.6.0+cu118,11.8,550.120,float32,float32,b64_ga4_fp32_official,NVIDIA_GeForce_RTX_2080_Ti-11264MiB-cc7.5-driver550.120-torch2.6.0+cu118-cuda11.8,3.5829155445098877,0.3926770884220811,3.5829155445098877,0.39267708842208104,702.3980422019958,00:11:42,7903.4677734375,7903.4677734375,8754.0,NVIDIA_GeForce_RTX_2080_Ti-11264MiB-cc7.5-driver550.120-torch2.6.0+cu118-cuda11.8,measured_current_host,1,1,NVIDIA GeForce RTX 2080 Ti,11264,7.5,GPU-0def3eeb-c2d0-4f49-ec2a-ebc1d8453b98,2.6.0+cu118,11.8,550.120,8eb730be36bbb0876ed83a332d364c65acb36b28,8eb730be36bbb0876ed83a332d364c65acb36b28,811e1ce5f140e97d93ad6f1adae07b95b4219143,docs/artifacts/longer-mqar/official-core-20260526,docs/artifacts/20260519-gd-r10-gdn-official-b64-fp32/flash-r10-final.csv,tmp/20260526-longer-mqar-official-core/logs/formal-gd-r10-s124-d123-b64-ga4-fp32-noearly4ep-8190x2047-n500-b8-gpu1.log,,,,123,8c16a91ea127bb7bf2130238ecd56b49fb1fd73bb3e0c2f4c586ddba8e9b97a9,"sha256(inputs,labels)",500x8190,500x8190,500,torch.int64/torch.int64,7a748a0cfb6fac43633bc0844a63ce2f0b6e0ce8eee27134cd213fb93c93f7cf,sha256,passed,true,,,,
2,20260526-longer-mqar-official-core:repro:gd-r10-s124-d123-b64-ga4-fp32-noearly4ep:1024x256:n500,20260526-longer-mqar-official-core:repro:gd-r10-s124-d123-b64-ga4-fp32-noearly4ep:1024x256:n500,20260526-longer-mqar-official-core,longer_mqar_eval_only,longer_mqar_eval_only_vocab8192_official_core_20260526,repro,completed,2026-05-25T21:00:45.935269+00:00,flash,gd-r10-s124-d123-b64-ga4-fp32-noearly4ep,cb256-r10,cb256-r10-s124-d123,b64_ga4_fp32_official,gd_residual_v1_cb256_r10_noearly4ep_b64_ga4_fp32,r10_seed_stability_official_b64_ga4_fp32,64,16,4,256,b64_ga4,float32,float32,float32,float32,float32,float32,124,123,cb256-r10,cb256-r10-s124-d123,256,10,,,,,,4,4,2,true,checkpoints/flash-vqg-20260519-gd-r10-gdn-official-b64-fp32-flash-r10-s124-2026-05-19-17-43-20/gd-r10-s124-d123-b64-ga4-fp32-noearly4ep/train_config.json,/home/lyj/mnt/project/zoology/checkpoints/flash-vqg-20260519-gd-r10-gdn-official-b64-fp32-flash-r10-s124-2026-05-19-17-43-20/gd-r10-s124-d123-b64-ga4-fp32-noearly4ep/train_config.json,ddfd988e258f268333818af61cddb139c0fe01db4174baecedac1660353f8529,sha256:7a748a0cfb6fac43633bc0844a63ce2f0b6e0ce8eee27134cd213fb93c93f7cf,last.pt_epoch4_final,checkpoints/flash-vqg-20260519-gd-r10-gdn-official-b64-fp32-flash-r10-s124-2026-05-19-17-43-20/gd-r10-s124-d123-b64-ga4-fp32-noearly4ep/last.pt,/home/lyj/mnt/project/zoology/checkpoints/flash-vqg-20260519-gd-r10-gdn-official-b64-fp32-flash-r10-s124-2026-05-19-17-43-20/gd-r10-s124-d123-b64-ga4-fp32-noearly4ep/last.pt,true,7a748a0cfb6fac43633bc0844a63ce2f0b6e0ce8eee27134cd213fb93c93f7cf,8943045,2026-05-19T22:14:17.873500+00:00,3,,0.04493362084031105,0.99668359375,0.9852421875,1184198,,327680,mqar-vocab8192-pass1-seed123-rnq1-power0.01-1024x256-n500,multiquery_ar,8192,1024,256,1,500,32,false,123,true,0.01,,,,,,,,,,,,,,,,,,,,,,,,,,,0.19437359273433685,0.9853984375,0.19437359273433685,0.9853984375,39.73219156265259,00:00:39,3942.958984375,3942.958984375,4422.0,NVIDIA_GeForce_RTX_2080_Ti-11264MiB-cc7.5-driver550.120-torch2.6.0+cu118-cuda11.8,measured_current_host,1,1,NVIDIA GeForce RTX 2080 Ti,11264,7.5,GPU-0def3eeb-c2d0-4f49-ec2a-ebc1d8453b98,2.6.0+cu118,11.8,550.120,8eb730be36bbb0876ed83a332d364c65acb36b28,8eb730be36bbb0876ed83a332d364c65acb36b28,811e1ce5f140e97d93ad6f1adae07b95b4219143,docs/artifacts/longer-mqar/official-core-20260526,docs/artifacts/20260519-gd-r10-gdn-official-b64-fp32/flash-r10-final.csv,tmp/20260526-longer-mqar-official-core/logs/repro-gd-r10-s124-d123-b64-ga4-fp32-noearly4ep-1024x256-n500-b32-gpu1.log,,,,123,f30f1e09e1300deb2e0f430d7c50c47a77f58f43657aa4d6f425f938a91a9acb,"sha256(inputs,labels)",500x1024,500x1024,500,torch.int64/torch.int64,7a748a0cfb6fac43633bc0844a63ce2f0b6e0ce8eee27134cd213fb93c93f7cf,sha256,passed,true,20260526-longer-mqar-official-core:formal:gd-r10-s124-d123-b64-ga4-fp32-noearly4ep:1024x256:n500,true,0.0,true
2,20260526-longer-mqar-official-core:batch_search:gd-r10-s126-d123-b64-ga4-fp32-noearly4ep:1024x256:n32,20260526-longer-mqar-official-core:batch_search:gd-r10-s126-d123-b64-ga4-fp32-noearly4ep:1024x256:n32,20260526-longer-mqar-official-core,longer_mqar_eval_only,longer_mqar_eval_only_vocab8192_official_core_20260526,batch_search,completed,2026-05-25T21:00:57.952310+00:00,flash,gd-r10-s126-d123-b64-ga4-fp32-noearly4ep,cb256-r10,cb256-r10-s126-d123,b64_ga4_fp32_official,gd_residual_v1_cb256_r10_noearly4ep_b64_ga4_fp32,r10_seed_stability_official_b64_ga4_fp32,64,16,4,256,b64_ga4,float32,float32,float32,float32,float32,float32,126,123,cb256-r10,cb256-r10-s126-d123,256,10,,,,,,4,4,2,true,checkpoints/flash-vqg-20260519-gd-r10-gdn-official-b64-fp32-flash-r10-s126-2026-05-19-22-14-47/gd-r10-s126-d123-b64-ga4-fp32-noearly4ep/train_config.json,/home/lyj/mnt/project/zoology/checkpoints/flash-vqg-20260519-gd-r10-gdn-official-b64-fp32-flash-r10-s126-2026-05-19-22-14-47/gd-r10-s126-d123-b64-ga4-fp32-noearly4ep/train_config.json,919c5c08a7aec30828a3da67753260e6a559a67badf804e04702b5762a83e88d,sha256:d6c4ce3ec3b2805a2b23b6dc5cc15f2ef2d5769569c074c0796c509d79856b4a,last.pt_epoch4_final,checkpoints/flash-vqg-20260519-gd-r10-gdn-official-b64-fp32-flash-r10-s126-2026-05-19-22-14-47/gd-r10-s126-d123-b64-ga4-fp32-noearly4ep/last.pt,/home/lyj/mnt/project/zoology/checkpoints/flash-vqg-20260519-gd-r10-gdn-official-b64-fp32-flash-r10-s126-2026-05-19-22-14-47/gd-r10-s126-d123-b64-ga4-fp32-noearly4ep/last.pt,true,d6c4ce3ec3b2805a2b23b6dc5cc15f2ef2d5769569c074c0796c509d79856b4a,8943045,2026-05-20T03:39:00.094897+00:00,3,,0.24004417657852173,0.96753125,0.7871953125,1184198,,327680,mqar-vocab8192-pass1-seed123-rnq1-power0.01-1024x256-n32,multiquery_ar,8192,1024,256,1,32,32,true,123,true,0.01,,,completed,1024x256,1024,256,32,32;16;8;4;2;1,32,3942.7080078125,,same_gpu_same_dtype_same_runner_only,true,1,1,NVIDIA GeForce RTX 2080 Ti,11264,7.5,GPU-0def3eeb-c2d0-4f49-ec2a-ebc1d8453b98,2.6.0+cu118,11.8,550.120,float32,float32,b64_ga4_fp32_official,NVIDIA_GeForce_RTX_2080_Ti-11264MiB-cc7.5-driver550.120-torch2.6.0+cu118-cuda11.8,1.4236302375793457,0.7857666015625,1.4236302375793457,0.7857666015625,11.127335548400879,00:00:11,3942.7080078125,3942.7080078125,4422.0,NVIDIA_GeForce_RTX_2080_Ti-11264MiB-cc7.5-driver550.120-torch2.6.0+cu118-cuda11.8,measured_current_host,1,1,NVIDIA GeForce RTX 2080 Ti,11264,7.5,GPU-0def3eeb-c2d0-4f49-ec2a-ebc1d8453b98,2.6.0+cu118,11.8,550.120,8eb730be36bbb0876ed83a332d364c65acb36b28,8eb730be36bbb0876ed83a332d364c65acb36b28,811e1ce5f140e97d93ad6f1adae07b95b4219143,docs/artifacts/longer-mqar/official-core-20260526,docs/artifacts/20260519-gd-r10-gdn-official-b64-fp32/flash-r10-final.csv,tmp/20260526-longer-mqar-official-core/logs/batch-search-candidate-gd-r10-s126-d123-b64-ga4-fp32-noearly4ep-1024x256-n32-b32-gpu1.log,,,,123,68500f1bc9fdc7ff4edc301ab7303d253d578a27cbbbf7613c74e3e6a04cc9f3,"sha256(inputs,labels)",32x1024,32x1024,32,torch.int64/torch.int64,d6c4ce3ec3b2805a2b23b6dc5cc15f2ef2d5769569c074c0796c509d79856b4a,sha256,passed,true,,,,
2,20260526-longer-mqar-official-core:batch_search:gd-r10-s126-d123-b64-ga4-fp32-noearly4ep:2048x512:n32,20260526-longer-mqar-official-core:batch_search:gd-r10-s126-d123-b64-ga4-fp32-noearly4ep:2048x512:n32,20260526-longer-mqar-official-core,longer_mqar_eval_only,longer_mqar_eval_only_vocab8192_official_core_20260526,batch_search,completed,2026-05-25T21:01:12.277226+00:00,flash,gd-r10-s126-d123-b64-ga4-fp32-noearly4ep,cb256-r10,cb256-r10-s126-d123,b64_ga4_fp32_official,gd_residual_v1_cb256_r10_noearly4ep_b64_ga4_fp32,r10_seed_stability_official_b64_ga4_fp32,64,16,4,256,b64_ga4,float32,float32,float32,float32,float32,float32,126,123,cb256-r10,cb256-r10-s126-d123,256,10,,,,,,4,4,2,true,checkpoints/flash-vqg-20260519-gd-r10-gdn-official-b64-fp32-flash-r10-s126-2026-05-19-22-14-47/gd-r10-s126-d123-b64-ga4-fp32-noearly4ep/train_config.json,/home/lyj/mnt/project/zoology/checkpoints/flash-vqg-20260519-gd-r10-gdn-official-b64-fp32-flash-r10-s126-2026-05-19-22-14-47/gd-r10-s126-d123-b64-ga4-fp32-noearly4ep/train_config.json,919c5c08a7aec30828a3da67753260e6a559a67badf804e04702b5762a83e88d,sha256:d6c4ce3ec3b2805a2b23b6dc5cc15f2ef2d5769569c074c0796c509d79856b4a,last.pt_epoch4_final,checkpoints/flash-vqg-20260519-gd-r10-gdn-official-b64-fp32-flash-r10-s126-2026-05-19-22-14-47/gd-r10-s126-d123-b64-ga4-fp32-noearly4ep/last.pt,/home/lyj/mnt/project/zoology/checkpoints/flash-vqg-20260519-gd-r10-gdn-official-b64-fp32-flash-r10-s126-2026-05-19-22-14-47/gd-r10-s126-d123-b64-ga4-fp32-noearly4ep/last.pt,true,d6c4ce3ec3b2805a2b23b6dc5cc15f2ef2d5769569c074c0796c509d79856b4a,8943045,2026-05-20T03:39:00.094897+00:00,3,,0.24004417657852173,0.96753125,0.7871953125,1184198,,327680,mqar-vocab8192-pass1-seed123-rnq1-power0.01-2048x512-n32,multiquery_ar,8192,2048,512,1,32,32,true,123,true,0.01,,,completed,2048x512,2048,512,32,32;16;8;4;2;1,32,7870.7568359375,,same_gpu_same_dtype_same_runner_only,true,1,1,NVIDIA GeForce RTX 2080 Ti,11264,7.5,GPU-0def3eeb-c2d0-4f49-ec2a-ebc1d8453b98,2.6.0+cu118,11.8,550.120,float32,float32,b64_ga4_fp32_official,NVIDIA_GeForce_RTX_2080_Ti-11264MiB-cc7.5-driver550.120-torch2.6.0+cu118-cuda11.8,3.7520852088928223,0.37420654296875,3.7520852088928223,0.37420654296875,13.439443111419678,00:00:13,7870.7568359375,7870.7568359375,9060.0,NVIDIA_GeForce_RTX_2080_Ti-11264MiB-cc7.5-driver550.120-torch2.6.0+cu118-cuda11.8,measured_current_host,1,1,NVIDIA GeForce RTX 2080 Ti,11264,7.5,GPU-0def3eeb-c2d0-4f49-ec2a-ebc1d8453b98,2.6.0+cu118,11.8,550.120,8eb730be36bbb0876ed83a332d364c65acb36b28,8eb730be36bbb0876ed83a332d364c65acb36b28,811e1ce5f140e97d93ad6f1adae07b95b4219143,docs/artifacts/longer-mqar/official-core-20260526,docs/artifacts/20260519-gd-r10-gdn-official-b64-fp32/flash-r10-final.csv,tmp/20260526-longer-mqar-official-core/logs/batch-search-candidate-gd-r10-s126-d123-b64-ga4-fp32-noearly4ep-2048x512-n32-b32-gpu1.log,,,,123,34ea18c38dae38e2860b711425f27d090597975373a954d128324e3a04dcb012,"sha256(inputs,labels)",32x2048,32x2048,32,torch.int64/torch.int64,d6c4ce3ec3b2805a2b23b6dc5cc15f2ef2d5769569c074c0796c509d79856b4a,sha256,passed,true,,,,
2,20260526-longer-mqar-official-core:batch_search:gd-r10-s126-d123-b64-ga4-fp32-noearly4ep:4096x1024:n32,20260526-longer-mqar-official-core:batch_search:gd-r10-s126-d123-b64-ga4-fp32-noearly4ep:4096x1024:n32,20260526-longer-mqar-official-core,longer_mqar_eval_only,longer_mqar_eval_only_vocab8192_official_core_20260526,batch_search,completed,2026-05-25T21:01:56.526431+00:00,flash,gd-r10-s126-d123-b64-ga4-fp32-noearly4ep,cb256-r10,cb256-r10-s126-d123,b64_ga4_fp32_official,gd_residual_v1_cb256_r10_noearly4ep_b64_ga4_fp32,r10_seed_stability_official_b64_ga4_fp32,64,16,4,256,b64_ga4,float32,float32,float32,float32,float32,float32,126,123,cb256-r10,cb256-r10-s126-d123,256,10,,,,,,4,4,2,true,checkpoints/flash-vqg-20260519-gd-r10-gdn-official-b64-fp32-flash-r10-s126-2026-05-19-22-14-47/gd-r10-s126-d123-b64-ga4-fp32-noearly4ep/train_config.json,/home/lyj/mnt/project/zoology/checkpoints/flash-vqg-20260519-gd-r10-gdn-official-b64-fp32-flash-r10-s126-2026-05-19-22-14-47/gd-r10-s126-d123-b64-ga4-fp32-noearly4ep/train_config.json,919c5c08a7aec30828a3da67753260e6a559a67badf804e04702b5762a83e88d,sha256:d6c4ce3ec3b2805a2b23b6dc5cc15f2ef2d5769569c074c0796c509d79856b4a,last.pt_epoch4_final,checkpoints/flash-vqg-20260519-gd-r10-gdn-official-b64-fp32-flash-r10-s126-2026-05-19-22-14-47/gd-r10-s126-d123-b64-ga4-fp32-noearly4ep/last.pt,/home/lyj/mnt/project/zoology/checkpoints/flash-vqg-20260519-gd-r10-gdn-official-b64-fp32-flash-r10-s126-2026-05-19-22-14-47/gd-r10-s126-d123-b64-ga4-fp32-noearly4ep/last.pt,true,d6c4ce3ec3b2805a2b23b6dc5cc15f2ef2d5769569c074c0796c509d79856b4a,8943045,2026-05-20T03:39:00.094897+00:00,3,,0.24004417657852173,0.96753125,0.7871953125,1184198,,327680,mqar-vocab8192-pass1-seed123-rnq1-power0.01-4096x1024-n32,multiquery_ar,8192,4096,1024,1,32,16,true,123,true,0.01,,,completed,4096x1024,4096,1024,32,32;16;8;4;2;1,16,7870.7626953125,"b32:oom:oom:torch.OutOfMemoryError: CUDA out of memory. Tried to allocate 5.00 GiB. GPU 0 has a total capacity of 10.75 GiB of which 3.64 GiB is free. Process 1217956 has 7.10 GiB memory in use. Of the allocated memory 6.72 GiB is allocated by PyTorch, and 197.20 MiB is reserved by PyTorch but unallocated. If reserved but unallocated memory is large try setting PYTORCH_CUDA_ALLOC_CONF=expandable_segments:True to avoid fragmentation.  See documentation for Memory Management  (https://pytorch.org/docs/stable/notes/cuda.html#environment-variables)",same_gpu_same_dtype_same_runner_only,true,1,1,NVIDIA GeForce RTX 2080 Ti,11264,7.5,GPU-0def3eeb-c2d0-4f49-ec2a-ebc1d8453b98,2.6.0+cu118,11.8,550.120,float32,float32,b64_ga4_fp32_official,NVIDIA_GeForce_RTX_2080_Ti-11264MiB-cc7.5-driver550.120-torch2.6.0+cu118-cuda11.8,6.5730180740356445,0.110504150390625,6.5730180740356445,0.110504150390625,25.771371603012085,00:00:25,7870.7626953125,7870.7626953125,9070.0,NVIDIA_GeForce_RTX_2080_Ti-11264MiB-cc7.5-driver550.120-torch2.6.0+cu118-cuda11.8,measured_current_host,1,1,NVIDIA GeForce RTX 2080 Ti,11264,7.5,GPU-0def3eeb-c2d0-4f49-ec2a-ebc1d8453b98,2.6.0+cu118,11.8,550.120,8eb730be36bbb0876ed83a332d364c65acb36b28,8eb730be36bbb0876ed83a332d364c65acb36b28,811e1ce5f140e97d93ad6f1adae07b95b4219143,docs/artifacts/longer-mqar/official-core-20260526,docs/artifacts/20260519-gd-r10-gdn-official-b64-fp32/flash-r10-final.csv,tmp/20260526-longer-mqar-official-core/logs/batch-search-candidate-gd-r10-s126-d123-b64-ga4-fp32-noearly4ep-4096x1024-n32-b16-gpu1.log,,,,123,55274181d24158d3fe53491784d87fabe3a981427663df2ac8ed40876e72a1b8,"sha256(inputs,labels)",32x4096,32x4096,32,torch.int64/torch.int64,d6c4ce3ec3b2805a2b23b6dc5cc15f2ef2d5769569c074c0796c509d79856b4a,sha256,passed,true,,,,
2,20260526-longer-mqar-official-core:batch_search:gd-r10-s126-d123-b64-ga4-fp32-noearly4ep:8190x512:n32,20260526-longer-mqar-official-core:batch_search:gd-r10-s126-d123-b64-ga4-fp32-noearly4ep:8190x512:n32,20260526-longer-mqar-official-core,longer_mqar_eval_only,longer_mqar_eval_only_vocab8192_official_core_20260526,batch_search,completed,2026-05-25T21:03:44.193560+00:00,flash,gd-r10-s126-d123-b64-ga4-fp32-noearly4ep,cb256-r10,cb256-r10-s126-d123,b64_ga4_fp32_official,gd_residual_v1_cb256_r10_noearly4ep_b64_ga4_fp32,r10_seed_stability_official_b64_ga4_fp32,64,16,4,256,b64_ga4,float32,float32,float32,float32,float32,float32,126,123,cb256-r10,cb256-r10-s126-d123,256,10,,,,,,4,4,2,true,checkpoints/flash-vqg-20260519-gd-r10-gdn-official-b64-fp32-flash-r10-s126-2026-05-19-22-14-47/gd-r10-s126-d123-b64-ga4-fp32-noearly4ep/train_config.json,/home/lyj/mnt/project/zoology/checkpoints/flash-vqg-20260519-gd-r10-gdn-official-b64-fp32-flash-r10-s126-2026-05-19-22-14-47/gd-r10-s126-d123-b64-ga4-fp32-noearly4ep/train_config.json,919c5c08a7aec30828a3da67753260e6a559a67badf804e04702b5762a83e88d,sha256:d6c4ce3ec3b2805a2b23b6dc5cc15f2ef2d5769569c074c0796c509d79856b4a,last.pt_epoch4_final,checkpoints/flash-vqg-20260519-gd-r10-gdn-official-b64-fp32-flash-r10-s126-2026-05-19-22-14-47/gd-r10-s126-d123-b64-ga4-fp32-noearly4ep/last.pt,/home/lyj/mnt/project/zoology/checkpoints/flash-vqg-20260519-gd-r10-gdn-official-b64-fp32-flash-r10-s126-2026-05-19-22-14-47/gd-r10-s126-d123-b64-ga4-fp32-noearly4ep/last.pt,true,d6c4ce3ec3b2805a2b23b6dc5cc15f2ef2d5769569c074c0796c509d79856b4a,8943045,2026-05-20T03:39:00.094897+00:00,3,,0.24004417657852173,0.96753125,0.7871953125,1184198,,327680,mqar-vocab8192-pass1-seed123-rnq1-power0.01-8190x512-n32,multiquery_ar,8192,8190,512,1,32,8,true,123,true,0.01,,,completed,8190x512,8190,512,32,32;16;8;4;2;1,8,7903.4677734375,"b32:oom:oom:torch.OutOfMemoryError: CUDA out of memory. Tried to allocate 10.00 GiB. GPU 0 has a total capacity of 10.75 GiB of which 7.01 GiB is free. Process 1218108 has 3.73 GiB memory in use. Of the allocated memory 3.42 GiB is allocated by PyTorch, and 122.85 MiB is reserved by PyTorch but unallocated. If reserved but unallocated memory is large try setting PYTORCH_CUDA_ALLOC_CONF=expandable_segments:True to avoid fragmentation.  See documentation for Memory Management  (https://pytorch.org/docs/stable/notes/cuda.html#environment-variables) | b16:oom:oom:torch.OutOfMemoryError: CUDA out of memory. Tried to allocate 5.00 GiB. GPU 0 has a total capacity of 10.75 GiB of which 3.75 GiB is free. Process 1218176 has 6.99 GiB memory in use. Of the allocated memory 6.76 GiB is allocated by PyTorch, and 46.17 MiB is reserved by PyTorch but unallocated. If reserved but unallocated memory is large try setting PYTORCH_CUDA_ALLOC_CONF=expandable_segments:True to avoid fragmentation.  See documentation for Memory Management  (https://pytorch.org/docs/stable/notes/cuda.html#environment-variables)",same_gpu_same_dtype_same_runner_only,true,1,1,NVIDIA GeForce RTX 2080 Ti,11264,7.5,GPU-0def3eeb-c2d0-4f49-ec2a-ebc1d8453b98,2.6.0+cu118,11.8,550.120,float32,float32,b64_ga4_fp32_official,NVIDIA_GeForce_RTX_2080_Ti-11264MiB-cc7.5-driver550.120-torch2.6.0+cu118-cuda11.8,5.065924644470215,0.25897216796875,5.065924644470215,0.25897216796875,72.01062965393066,00:01:12,7903.4677734375,7903.4677734375,8752.0,NVIDIA_GeForce_RTX_2080_Ti-11264MiB-cc7.5-driver550.120-torch2.6.0+cu118-cuda11.8,measured_current_host,1,1,NVIDIA GeForce RTX 2080 Ti,11264,7.5,GPU-0def3eeb-c2d0-4f49-ec2a-ebc1d8453b98,2.6.0+cu118,11.8,550.120,8eb730be36bbb0876ed83a332d364c65acb36b28,8eb730be36bbb0876ed83a332d364c65acb36b28,811e1ce5f140e97d93ad6f1adae07b95b4219143,docs/artifacts/longer-mqar/official-core-20260526,docs/artifacts/20260519-gd-r10-gdn-official-b64-fp32/flash-r10-final.csv,tmp/20260526-longer-mqar-official-core/logs/batch-search-candidate-gd-r10-s126-d123-b64-ga4-fp32-noearly4ep-8190x512-n32-b8-gpu1.log,,,,123,23d7ffc7467f8e355ec7cb4c739cf5494449c559427d204883d63d7dca4f4351,"sha256(inputs,labels)",32x8190,32x8190,32,torch.int64/torch.int64,d6c4ce3ec3b2805a2b23b6dc5cc15f2ef2d5769569c074c0796c509d79856b4a,sha256,passed,true,,,,
2,20260526-longer-mqar-official-core:batch_search:gd-r10-s126-d123-b64-ga4-fp32-noearly4ep:8190x2047:n32,20260526-longer-mqar-official-core:batch_search:gd-r10-s126-d123-b64-ga4-fp32-noearly4ep:8190x2047:n32,20260526-longer-mqar-official-core,longer_mqar_eval_only,longer_mqar_eval_only_vocab8192_official_core_20260526,batch_search,completed,2026-05-25T21:05:29.844349+00:00,flash,gd-r10-s126-d123-b64-ga4-fp32-noearly4ep,cb256-r10,cb256-r10-s126-d123,b64_ga4_fp32_official,gd_residual_v1_cb256_r10_noearly4ep_b64_ga4_fp32,r10_seed_stability_official_b64_ga4_fp32,64,16,4,256,b64_ga4,float32,float32,float32,float32,float32,float32,126,123,cb256-r10,cb256-r10-s126-d123,256,10,,,,,,4,4,2,true,checkpoints/flash-vqg-20260519-gd-r10-gdn-official-b64-fp32-flash-r10-s126-2026-05-19-22-14-47/gd-r10-s126-d123-b64-ga4-fp32-noearly4ep/train_config.json,/home/lyj/mnt/project/zoology/checkpoints/flash-vqg-20260519-gd-r10-gdn-official-b64-fp32-flash-r10-s126-2026-05-19-22-14-47/gd-r10-s126-d123-b64-ga4-fp32-noearly4ep/train_config.json,919c5c08a7aec30828a3da67753260e6a559a67badf804e04702b5762a83e88d,sha256:d6c4ce3ec3b2805a2b23b6dc5cc15f2ef2d5769569c074c0796c509d79856b4a,last.pt_epoch4_final,checkpoints/flash-vqg-20260519-gd-r10-gdn-official-b64-fp32-flash-r10-s126-2026-05-19-22-14-47/gd-r10-s126-d123-b64-ga4-fp32-noearly4ep/last.pt,/home/lyj/mnt/project/zoology/checkpoints/flash-vqg-20260519-gd-r10-gdn-official-b64-fp32-flash-r10-s126-2026-05-19-22-14-47/gd-r10-s126-d123-b64-ga4-fp32-noearly4ep/last.pt,true,d6c4ce3ec3b2805a2b23b6dc5cc15f2ef2d5769569c074c0796c509d79856b4a,8943045,2026-05-20T03:39:00.094897+00:00,3,,0.24004417657852173,0.96753125,0.7871953125,1184198,,327680,mqar-vocab8192-pass1-seed123-rnq1-power0.01-8190x2047-n32,multiquery_ar,8192,8190,2047,1,32,8,true,123,true,0.01,,,completed,8190x2047,8190,2047,32,32;16;8;4;2;1,8,7903.4677734375,"b32:oom:oom:torch.OutOfMemoryError: CUDA out of memory. Tried to allocate 10.00 GiB. GPU 0 has a total capacity of 10.75 GiB of which 7.01 GiB is free. Process 1218336 has 3.73 GiB memory in use. Of the allocated memory 3.42 GiB is allocated by PyTorch, and 122.85 MiB is reserved by PyTorch but unallocated. If reserved but unallocated memory is large try setting PYTORCH_CUDA_ALLOC_CONF=expandable_segments:True to avoid fragmentation.  See documentation for Memory Management  (https://pytorch.org/docs/stable/notes/cuda.html#environment-variables) | b16:oom:oom:torch.OutOfMemoryError: CUDA out of memory. Tried to allocate 5.00 GiB. GPU 0 has a total capacity of 10.75 GiB of which 3.75 GiB is free. Process 1218408 has 6.99 GiB memory in use. Of the allocated memory 6.76 GiB is allocated by PyTorch, and 45.96 MiB is reserved by PyTorch but unallocated. If reserved but unallocated memory is large try setting PYTORCH_CUDA_ALLOC_CONF=expandable_segments:True to avoid fragmentation.  See documentation for Memory Management  (https://pytorch.org/docs/stable/notes/cuda.html#environment-variables)",same_gpu_same_dtype_same_runner_only,true,1,1,NVIDIA GeForce RTX 2080 Ti,11264,7.5,GPU-0def3eeb-c2d0-4f49-ec2a-ebc1d8453b98,2.6.0+cu118,11.8,550.120,float32,float32,b64_ga4_fp32_official,NVIDIA_GeForce_RTX_2080_Ti-11264MiB-cc7.5-driver550.120-torch2.6.0+cu118-cuda11.8,9.122637748718262,0.029433317049340497,9.122637748718262,0.029433317049340497,70.80392241477966,00:01:10,7903.4677734375,7903.4677734375,8750.0,NVIDIA_GeForce_RTX_2080_Ti-11264MiB-cc7.5-driver550.120-torch2.6.0+cu118-cuda11.8,measured_current_host,1,1,NVIDIA GeForce RTX 2080 Ti,11264,7.5,GPU-0def3eeb-c2d0-4f49-ec2a-ebc1d8453b98,2.6.0+cu118,11.8,550.120,8eb730be36bbb0876ed83a332d364c65acb36b28,8eb730be36bbb0876ed83a332d364c65acb36b28,811e1ce5f140e97d93ad6f1adae07b95b4219143,docs/artifacts/longer-mqar/official-core-20260526,docs/artifacts/20260519-gd-r10-gdn-official-b64-fp32/flash-r10-final.csv,tmp/20260526-longer-mqar-official-core/logs/batch-search-candidate-gd-r10-s126-d123-b64-ga4-fp32-noearly4ep-8190x2047-n32-b8-gpu1.log,,,,123,70999303f8fadb4cbae8f973c8267ef97a6209a3b8e05f5385a1f26fa38408f5,"sha256(inputs,labels)",32x8190,32x8190,32,torch.int64/torch.int64,d6c4ce3ec3b2805a2b23b6dc5cc15f2ef2d5769569c074c0796c509d79856b4a,sha256,passed,true,,,,
2,20260526-longer-mqar-official-core:formal:gd-r10-s125-d123-b64-ga4-fp32-noearly4ep:8190x512:n500,20260526-longer-mqar-official-core:formal:gd-r10-s125-d123-b64-ga4-fp32-noearly4ep:8190x512:n500,20260526-longer-mqar-official-core,longer_mqar_eval_only,longer_mqar_eval_only_vocab8192_official_core_20260526,formal,completed,2026-05-25T21:06:02.071939+00:00,flash,gd-r10-s125-d123-b64-ga4-fp32-noearly4ep,cb256-r10,cb256-r10-s125-d123,b64_ga4_fp32_official,gd_residual_v1_cb256_r10_noearly4ep_b64_ga4_fp32,r10_seed_stability_official_b64_ga4_fp32,64,16,4,256,b64_ga4,float32,float32,float32,float32,float32,float32,125,123,cb256-r10,cb256-r10-s125-d123,256,10,,,,,,4,4,2,true,checkpoints/flash-vqg-20260519-gd-r10-gdn-official-b64-fp32-flash-r10-s125-2026-05-19-21-14-43/gd-r10-s125-d123-b64-ga4-fp32-noearly4ep/train_config.json,/home/lyj/mnt/project/zoology/checkpoints/flash-vqg-20260519-gd-r10-gdn-official-b64-fp32-flash-r10-s125-2026-05-19-21-14-43/gd-r10-s125-d123-b64-ga4-fp32-noearly4ep/train_config.json,7be09050e0c50c57823780272007f138822b8e053bfd177f26591a812988f9b7,sha256:0f2f6d9d594b0ecbb11af94ebb2f4324b92d730c9b1d533104a91ca69c6b39b9,last.pt_epoch4_final,checkpoints/flash-vqg-20260519-gd-r10-gdn-official-b64-fp32-flash-r10-s125-2026-05-19-21-14-43/gd-r10-s125-d123-b64-ga4-fp32-noearly4ep/last.pt,/home/lyj/mnt/project/zoology/checkpoints/flash-vqg-20260519-gd-r10-gdn-official-b64-fp32-flash-r10-s125-2026-05-19-21-14-43/gd-r10-s125-d123-b64-ga4-fp32-noearly4ep/last.pt,true,0f2f6d9d594b0ecbb11af94ebb2f4324b92d730c9b1d533104a91ca69c6b39b9,8943045,2026-05-20T01:00:40.279221+00:00,3,,0.039301443845033646,0.99725146484375,0.99073046875,1184198,,327680,mqar-vocab8192-pass1-seed123-rnq1-power0.01-8190x512-n500,multiquery_ar,8192,8190,512,1,500,8,true,123,true,0.01,,,completed,8190x2047,8190,2047,32,32;16;8;4;2;1,8,7903.4677734375,"b32:oom:oom:torch.OutOfMemoryError: CUDA out of memory. Tried to allocate 10.00 GiB. GPU 0 has a total capacity of 10.74 GiB of which 6.99 GiB is free. Process 1217082 has 3.73 GiB memory in use. Of the allocated memory 3.42 GiB is allocated by PyTorch, and 122.85 MiB is reserved by PyTorch but unallocated. If reserved but unallocated memory is large try setting PYTORCH_CUDA_ALLOC_CONF=expandable_segments:True to avoid fragmentation.  See documentation for Memory Management  (https://pytorch.org/docs/stable/notes/cuda.html#environment-variables) | b16:oom:oom:torch.OutOfMemoryError: CUDA out of memory. Tried to allocate 5.00 GiB. GPU 0 has a total capacity of 10.74 GiB of which 3.73 GiB is free. Process 1217157 has 6.99 GiB memory in use. Of the allocated memory 6.76 GiB is allocated by PyTorch, and 49.74 MiB is reserved by PyTorch but unallocated. If reserved but unallocated memory is large try setting PYTORCH_CUDA_ALLOC_CONF=expandable_segments:True to avoid fragmentation.  See documentation for Memory Management  (https://pytorch.org/docs/stable/notes/cuda.html#environment-variables)",same_gpu_same_dtype_same_runner_only,true,0,0,NVIDIA GeForce RTX 2080 Ti,11264,7.5,GPU-57c29499-bcb3-27f6-4360-e60939528a9b,2.6.0+cu118,11.8,550.120,float32,float32,b64_ga4_fp32_official,NVIDIA_GeForce_RTX_2080_Ti-11264MiB-cc7.5-driver550.120-torch2.6.0+cu118-cuda11.8,0.8046841621398926,0.898734375,0.8046841621398926,0.898734375,517.0292615890503,00:08:37,7903.4677734375,7903.4677734375,8752.0,NVIDIA_GeForce_RTX_2080_Ti-11264MiB-cc7.5-driver550.120-torch2.6.0+cu118-cuda11.8,measured_current_host,0,0,NVIDIA GeForce RTX 2080 Ti,11264,7.5,GPU-57c29499-bcb3-27f6-4360-e60939528a9b,2.6.0+cu118,11.8,550.120,8eb730be36bbb0876ed83a332d364c65acb36b28,8eb730be36bbb0876ed83a332d364c65acb36b28,811e1ce5f140e97d93ad6f1adae07b95b4219143,docs/artifacts/longer-mqar/official-core-20260526,docs/artifacts/20260519-gd-r10-gdn-official-b64-fp32/flash-r10-final.csv,tmp/20260526-longer-mqar-official-core/logs/formal-gd-r10-s125-d123-b64-ga4-fp32-noearly4ep-8190x512-n500-b8-gpu0.log,,,,123,37a8533a985fabd3db03daf9dfd3a8e0936513ab724039c63b9a22bf352d002d,"sha256(inputs,labels)",500x8190,500x8190,500,torch.int64/torch.int64,0f2f6d9d594b0ecbb11af94ebb2f4324b92d730c9b1d533104a91ca69c6b39b9,sha256,passed,true,,,,
2,20260526-longer-mqar-official-core:formal:gd-r10-s126-d123-b64-ga4-fp32-noearly4ep:1024x256:n500,20260526-longer-mqar-official-core:formal:gd-r10-s126-d123-b64-ga4-fp32-noearly4ep:1024x256:n500,20260526-longer-mqar-official-core,longer_mqar_eval_only,longer_mqar_eval_only_vocab8192_official_core_20260526,formal,completed,2026-05-25T21:06:18.303151+00:00,flash,gd-r10-s126-d123-b64-ga4-fp32-noearly4ep,cb256-r10,cb256-r10-s126-d123,b64_ga4_fp32_official,gd_residual_v1_cb256_r10_noearly4ep_b64_ga4_fp32,r10_seed_stability_official_b64_ga4_fp32,64,16,4,256,b64_ga4,float32,float32,float32,float32,float32,float32,126,123,cb256-r10,cb256-r10-s126-d123,256,10,,,,,,4,4,2,true,checkpoints/flash-vqg-20260519-gd-r10-gdn-official-b64-fp32-flash-r10-s126-2026-05-19-22-14-47/gd-r10-s126-d123-b64-ga4-fp32-noearly4ep/train_config.json,/home/lyj/mnt/project/zoology/checkpoints/flash-vqg-20260519-gd-r10-gdn-official-b64-fp32-flash-r10-s126-2026-05-19-22-14-47/gd-r10-s126-d123-b64-ga4-fp32-noearly4ep/train_config.json,919c5c08a7aec30828a3da67753260e6a559a67badf804e04702b5762a83e88d,sha256:d6c4ce3ec3b2805a2b23b6dc5cc15f2ef2d5769569c074c0796c509d79856b4a,last.pt_epoch4_final,checkpoints/flash-vqg-20260519-gd-r10-gdn-official-b64-fp32-flash-r10-s126-2026-05-19-22-14-47/gd-r10-s126-d123-b64-ga4-fp32-noearly4ep/last.pt,/home/lyj/mnt/project/zoology/checkpoints/flash-vqg-20260519-gd-r10-gdn-official-b64-fp32-flash-r10-s126-2026-05-19-22-14-47/gd-r10-s126-d123-b64-ga4-fp32-noearly4ep/last.pt,true,d6c4ce3ec3b2805a2b23b6dc5cc15f2ef2d5769569c074c0796c509d79856b4a,8943045,2026-05-20T03:39:00.094897+00:00,3,,0.24004417657852173,0.96753125,0.7871953125,1184198,,327680,mqar-vocab8192-pass1-seed123-rnq1-power0.01-1024x256-n500,multiquery_ar,8192,1024,256,1,500,32,true,123,true,0.01,,,completed,1024x256,1024,256,32,32;16;8;4;2;1,32,3942.7080078125,,same_gpu_same_dtype_same_runner_only,true,1,1,NVIDIA GeForce RTX 2080 Ti,11264,7.5,GPU-0def3eeb-c2d0-4f49-ec2a-ebc1d8453b98,2.6.0+cu118,11.8,550.120,float32,float32,b64_ga4_fp32_official,NVIDIA_GeForce_RTX_2080_Ti-11264MiB-cc7.5-driver550.120-torch2.6.0+cu118-cuda11.8,1.407680869102478,0.7888984375,1.407680869102478,0.7888984375,47.55422234535217,00:00:47,3942.958984375,3942.958984375,4422.0,NVIDIA_GeForce_RTX_2080_Ti-11264MiB-cc7.5-driver550.120-torch2.6.0+cu118-cuda11.8,measured_current_host,1,1,NVIDIA GeForce RTX 2080 Ti,11264,7.5,GPU-0def3eeb-c2d0-4f49-ec2a-ebc1d8453b98,2.6.0+cu118,11.8,550.120,8eb730be36bbb0876ed83a332d364c65acb36b28,8eb730be36bbb0876ed83a332d364c65acb36b28,811e1ce5f140e97d93ad6f1adae07b95b4219143,docs/artifacts/longer-mqar/official-core-20260526,docs/artifacts/20260519-gd-r10-gdn-official-b64-fp32/flash-r10-final.csv,tmp/20260526-longer-mqar-official-core/logs/formal-gd-r10-s126-d123-b64-ga4-fp32-noearly4ep-1024x256-n500-b32-gpu1.log,,,,123,f30f1e09e1300deb2e0f430d7c50c47a77f58f43657aa4d6f425f938a91a9acb,"sha256(inputs,labels)",500x1024,500x1024,500,torch.int64/torch.int64,d6c4ce3ec3b2805a2b23b6dc5cc15f2ef2d5769569c074c0796c509d79856b4a,sha256,passed,true,,,,
2,20260526-longer-mqar-official-core:formal:gd-r10-s126-d123-b64-ga4-fp32-noearly4ep:2048x512:n500,20260526-longer-mqar-official-core:formal:gd-r10-s126-d123-b64-ga4-fp32-noearly4ep:2048x512:n500,20260526-longer-mqar-official-core,longer_mqar_eval_only,longer_mqar_eval_only_vocab8192_official_core_20260526,formal,completed,2026-05-25T21:07:45.060155+00:00,flash,gd-r10-s126-d123-b64-ga4-fp32-noearly4ep,cb256-r10,cb256-r10-s126-d123,b64_ga4_fp32_official,gd_residual_v1_cb256_r10_noearly4ep_b64_ga4_fp32,r10_seed_stability_official_b64_ga4_fp32,64,16,4,256,b64_ga4,float32,float32,float32,float32,float32,float32,126,123,cb256-r10,cb256-r10-s126-d123,256,10,,,,,,4,4,2,true,checkpoints/flash-vqg-20260519-gd-r10-gdn-official-b64-fp32-flash-r10-s126-2026-05-19-22-14-47/gd-r10-s126-d123-b64-ga4-fp32-noearly4ep/train_config.json,/home/lyj/mnt/project/zoology/checkpoints/flash-vqg-20260519-gd-r10-gdn-official-b64-fp32-flash-r10-s126-2026-05-19-22-14-47/gd-r10-s126-d123-b64-ga4-fp32-noearly4ep/train_config.json,919c5c08a7aec30828a3da67753260e6a559a67badf804e04702b5762a83e88d,sha256:d6c4ce3ec3b2805a2b23b6dc5cc15f2ef2d5769569c074c0796c509d79856b4a,last.pt_epoch4_final,checkpoints/flash-vqg-20260519-gd-r10-gdn-official-b64-fp32-flash-r10-s126-2026-05-19-22-14-47/gd-r10-s126-d123-b64-ga4-fp32-noearly4ep/last.pt,/home/lyj/mnt/project/zoology/checkpoints/flash-vqg-20260519-gd-r10-gdn-official-b64-fp32-flash-r10-s126-2026-05-19-22-14-47/gd-r10-s126-d123-b64-ga4-fp32-noearly4ep/last.pt,true,d6c4ce3ec3b2805a2b23b6dc5cc15f2ef2d5769569c074c0796c509d79856b4a,8943045,2026-05-20T03:39:00.094897+00:00,3,,0.24004417657852173,0.96753125,0.7871953125,1184198,,327680,mqar-vocab8192-pass1-seed123-rnq1-power0.01-2048x512-n500,multiquery_ar,8192,2048,512,1,500,32,true,123,true,0.01,,,completed,2048x512,2048,512,32,32;16;8;4;2;1,32,7870.7568359375,,same_gpu_same_dtype_same_runner_only,true,1,1,NVIDIA GeForce RTX 2080 Ti,11264,7.5,GPU-0def3eeb-c2d0-4f49-ec2a-ebc1d8453b98,2.6.0+cu118,11.8,550.120,float32,float32,b64_ga4_fp32_official,NVIDIA_GeForce_RTX_2080_Ti-11264MiB-cc7.5-driver550.120-torch2.6.0+cu118-cuda11.8,3.758234977722168,0.3733828125,3.758234977722168,0.3733828125,85.83171677589417,00:01:25,7871.2578125,7871.2578125,9062.0,NVIDIA_GeForce_RTX_2080_Ti-11264MiB-cc7.5-driver550.120-torch2.6.0+cu118-cuda11.8,measured_current_host,1,1,NVIDIA GeForce RTX 2080 Ti,11264,7.5,GPU-0def3eeb-c2d0-4f49-ec2a-ebc1d8453b98,2.6.0+cu118,11.8,550.120,8eb730be36bbb0876ed83a332d364c65acb36b28,8eb730be36bbb0876ed83a332d364c65acb36b28,811e1ce5f140e97d93ad6f1adae07b95b4219143,docs/artifacts/longer-mqar/official-core-20260526,docs/artifacts/20260519-gd-r10-gdn-official-b64-fp32/flash-r10-final.csv,tmp/20260526-longer-mqar-official-core/logs/formal-gd-r10-s126-d123-b64-ga4-fp32-noearly4ep-2048x512-n500-b32-gpu1.log,,,,123,e446efc9f4dc774377c56c403a468c747870beb18ff0320f15df794dcb69f015,"sha256(inputs,labels)",500x2048,500x2048,500,torch.int64/torch.int64,d6c4ce3ec3b2805a2b23b6dc5cc15f2ef2d5769569c074c0796c509d79856b4a,sha256,passed,true,,,,
2,20260526-longer-mqar-official-core:formal:gd-r10-s126-d123-b64-ga4-fp32-noearly4ep:4096x1024:n500,20260526-longer-mqar-official-core:formal:gd-r10-s126-d123-b64-ga4-fp32-noearly4ep:4096x1024:n500,20260526-longer-mqar-official-core,longer_mqar_eval_only,longer_mqar_eval_only_vocab8192_official_core_20260526,formal,completed,2026-05-25T21:12:28.652244+00:00,flash,gd-r10-s126-d123-b64-ga4-fp32-noearly4ep,cb256-r10,cb256-r10-s126-d123,b64_ga4_fp32_official,gd_residual_v1_cb256_r10_noearly4ep_b64_ga4_fp32,r10_seed_stability_official_b64_ga4_fp32,64,16,4,256,b64_ga4,float32,float32,float32,float32,float32,float32,126,123,cb256-r10,cb256-r10-s126-d123,256,10,,,,,,4,4,2,true,checkpoints/flash-vqg-20260519-gd-r10-gdn-official-b64-fp32-flash-r10-s126-2026-05-19-22-14-47/gd-r10-s126-d123-b64-ga4-fp32-noearly4ep/train_config.json,/home/lyj/mnt/project/zoology/checkpoints/flash-vqg-20260519-gd-r10-gdn-official-b64-fp32-flash-r10-s126-2026-05-19-22-14-47/gd-r10-s126-d123-b64-ga4-fp32-noearly4ep/train_config.json,919c5c08a7aec30828a3da67753260e6a559a67badf804e04702b5762a83e88d,sha256:d6c4ce3ec3b2805a2b23b6dc5cc15f2ef2d5769569c074c0796c509d79856b4a,last.pt_epoch4_final,checkpoints/flash-vqg-20260519-gd-r10-gdn-official-b64-fp32-flash-r10-s126-2026-05-19-22-14-47/gd-r10-s126-d123-b64-ga4-fp32-noearly4ep/last.pt,/home/lyj/mnt/project/zoology/checkpoints/flash-vqg-20260519-gd-r10-gdn-official-b64-fp32-flash-r10-s126-2026-05-19-22-14-47/gd-r10-s126-d123-b64-ga4-fp32-noearly4ep/last.pt,true,d6c4ce3ec3b2805a2b23b6dc5cc15f2ef2d5769569c074c0796c509d79856b4a,8943045,2026-05-20T03:39:00.094897+00:00,3,,0.24004417657852173,0.96753125,0.7871953125,1184198,,327680,mqar-vocab8192-pass1-seed123-rnq1-power0.01-4096x1024-n500,multiquery_ar,8192,4096,1024,1,500,16,true,123,true,0.01,,,completed,4096x1024,4096,1024,32,32;16;8;4;2;1,16,7870.7626953125,"b32:oom:oom:torch.OutOfMemoryError: CUDA out of memory. Tried to allocate 5.00 GiB. GPU 0 has a total capacity of 10.75 GiB of which 3.64 GiB is free. Process 1217956 has 7.10 GiB memory in use. Of the allocated memory 6.72 GiB is allocated by PyTorch, and 197.20 MiB is reserved by PyTorch but unallocated. If reserved but unallocated memory is large try setting PYTORCH_CUDA_ALLOC_CONF=expandable_segments:True to avoid fragmentation.  See documentation for Memory Management  (https://pytorch.org/docs/stable/notes/cuda.html#environment-variables)",same_gpu_same_dtype_same_runner_only,true,1,1,NVIDIA GeForce RTX 2080 Ti,11264,7.5,GPU-0def3eeb-c2d0-4f49-ec2a-ebc1d8453b98,2.6.0+cu118,11.8,550.120,float32,float32,b64_ga4_fp32_official,NVIDIA_GeForce_RTX_2080_Ti-11264MiB-cc7.5-driver550.120-torch2.6.0+cu118-cuda11.8,6.600649356842041,0.11008984375,6.600649356842041,0.11008984375,282.7001745700836,00:04:42,7870.7626953125,7870.7626953125,9070.0,NVIDIA_GeForce_RTX_2080_Ti-11264MiB-cc7.5-driver550.120-torch2.6.0+cu118-cuda11.8,measured_current_host,1,1,NVIDIA GeForce RTX 2080 Ti,11264,7.5,GPU-0def3eeb-c2d0-4f49-ec2a-ebc1d8453b98,2.6.0+cu118,11.8,550.120,8eb730be36bbb0876ed83a332d364c65acb36b28,8eb730be36bbb0876ed83a332d364c65acb36b28,811e1ce5f140e97d93ad6f1adae07b95b4219143,docs/artifacts/longer-mqar/official-core-20260526,docs/artifacts/20260519-gd-r10-gdn-official-b64-fp32/flash-r10-final.csv,tmp/20260526-longer-mqar-official-core/logs/formal-gd-r10-s126-d123-b64-ga4-fp32-noearly4ep-4096x1024-n500-b16-gpu1.log,,,,123,0981292ce8ebea1402a4c3a7a6655dfc1de42688c329bd5ea921541a0f1d16ed,"sha256(inputs,labels)",500x4096,500x4096,500,torch.int64/torch.int64,d6c4ce3ec3b2805a2b23b6dc5cc15f2ef2d5769569c074c0796c509d79856b4a,sha256,passed,true,,,,
2,20260526-longer-mqar-official-core:formal:gd-r10-s125-d123-b64-ga4-fp32-noearly4ep:8190x2047:n500,20260526-longer-mqar-official-core:formal:gd-r10-s125-d123-b64-ga4-fp32-noearly4ep:8190x2047:n500,20260526-longer-mqar-official-core,longer_mqar_eval_only,longer_mqar_eval_only_vocab8192_official_core_20260526,formal,completed,2026-05-25T21:15:59.552917+00:00,flash,gd-r10-s125-d123-b64-ga4-fp32-noearly4ep,cb256-r10,cb256-r10-s125-d123,b64_ga4_fp32_official,gd_residual_v1_cb256_r10_noearly4ep_b64_ga4_fp32,r10_seed_stability_official_b64_ga4_fp32,64,16,4,256,b64_ga4,float32,float32,float32,float32,float32,float32,125,123,cb256-r10,cb256-r10-s125-d123,256,10,,,,,,4,4,2,true,checkpoints/flash-vqg-20260519-gd-r10-gdn-official-b64-fp32-flash-r10-s125-2026-05-19-21-14-43/gd-r10-s125-d123-b64-ga4-fp32-noearly4ep/train_config.json,/home/lyj/mnt/project/zoology/checkpoints/flash-vqg-20260519-gd-r10-gdn-official-b64-fp32-flash-r10-s125-2026-05-19-21-14-43/gd-r10-s125-d123-b64-ga4-fp32-noearly4ep/train_config.json,7be09050e0c50c57823780272007f138822b8e053bfd177f26591a812988f9b7,sha256:0f2f6d9d594b0ecbb11af94ebb2f4324b92d730c9b1d533104a91ca69c6b39b9,last.pt_epoch4_final,checkpoints/flash-vqg-20260519-gd-r10-gdn-official-b64-fp32-flash-r10-s125-2026-05-19-21-14-43/gd-r10-s125-d123-b64-ga4-fp32-noearly4ep/last.pt,/home/lyj/mnt/project/zoology/checkpoints/flash-vqg-20260519-gd-r10-gdn-official-b64-fp32-flash-r10-s125-2026-05-19-21-14-43/gd-r10-s125-d123-b64-ga4-fp32-noearly4ep/last.pt,true,0f2f6d9d594b0ecbb11af94ebb2f4324b92d730c9b1d533104a91ca69c6b39b9,8943045,2026-05-20T01:00:40.279221+00:00,3,,0.039301443845033646,0.99725146484375,0.99073046875,1184198,,327680,mqar-vocab8192-pass1-seed123-rnq1-power0.01-8190x2047-n500,multiquery_ar,8192,8190,2047,1,500,8,true,123,true,0.01,,,completed,8190x2047,8190,2047,32,32;16;8;4;2;1,8,7903.4677734375,"b32:oom:oom:torch.OutOfMemoryError: CUDA out of memory. Tried to allocate 10.00 GiB. GPU 0 has a total capacity of 10.74 GiB of which 6.99 GiB is free. Process 1217082 has 3.73 GiB memory in use. Of the allocated memory 3.42 GiB is allocated by PyTorch, and 122.85 MiB is reserved by PyTorch but unallocated. If reserved but unallocated memory is large try setting PYTORCH_CUDA_ALLOC_CONF=expandable_segments:True to avoid fragmentation.  See documentation for Memory Management  (https://pytorch.org/docs/stable/notes/cuda.html#environment-variables) | b16:oom:oom:torch.OutOfMemoryError: CUDA out of memory. Tried to allocate 5.00 GiB. GPU 0 has a total capacity of 10.74 GiB of which 3.73 GiB is free. Process 1217157 has 6.99 GiB memory in use. Of the allocated memory 6.76 GiB is allocated by PyTorch, and 49.74 MiB is reserved by PyTorch but unallocated. If reserved but unallocated memory is large try setting PYTORCH_CUDA_ALLOC_CONF=expandable_segments:True to avoid fragmentation.  See documentation for Memory Management  (https://pytorch.org/docs/stable/notes/cuda.html#environment-variables)",same_gpu_same_dtype_same_runner_only,true,0,0,NVIDIA GeForce RTX 2080 Ti,11264,7.5,GPU-57c29499-bcb3-27f6-4360-e60939528a9b,2.6.0+cu118,11.8,550.120,float32,float32,b64_ga4_fp32_official,NVIDIA_GeForce_RTX_2080_Ti-11264MiB-cc7.5-driver550.120-torch2.6.0+cu118-cuda11.8,3.4228427410125732,0.39922911577918907,3.4228427410125732,0.399229115779189,596.5782752037048,00:09:56,7903.4677734375,7903.4677734375,8754.0,NVIDIA_GeForce_RTX_2080_Ti-11264MiB-cc7.5-driver550.120-torch2.6.0+cu118-cuda11.8,measured_current_host,0,0,NVIDIA GeForce RTX 2080 Ti,11264,7.5,GPU-57c29499-bcb3-27f6-4360-e60939528a9b,2.6.0+cu118,11.8,550.120,8eb730be36bbb0876ed83a332d364c65acb36b28,8eb730be36bbb0876ed83a332d364c65acb36b28,811e1ce5f140e97d93ad6f1adae07b95b4219143,docs/artifacts/longer-mqar/official-core-20260526,docs/artifacts/20260519-gd-r10-gdn-official-b64-fp32/flash-r10-final.csv,tmp/20260526-longer-mqar-official-core/logs/formal-gd-r10-s125-d123-b64-ga4-fp32-noearly4ep-8190x2047-n500-b8-gpu0.log,,,,123,8c16a91ea127bb7bf2130238ecd56b49fb1fd73bb3e0c2f4c586ddba8e9b97a9,"sha256(inputs,labels)",500x8190,500x8190,500,torch.int64/torch.int64,0f2f6d9d594b0ecbb11af94ebb2f4324b92d730c9b1d533104a91ca69c6b39b9,sha256,passed,true,,,,
2,20260526-longer-mqar-official-core:repro:gd-r10-s125-d123-b64-ga4-fp32-noearly4ep:1024x256:n500,20260526-longer-mqar-official-core:repro:gd-r10-s125-d123-b64-ga4-fp32-noearly4ep:1024x256:n500,20260526-longer-mqar-official-core,longer_mqar_eval_only,longer_mqar_eval_only_vocab8192_official_core_20260526,repro,completed,2026-05-25T21:16:37.251571+00:00,flash,gd-r10-s125-d123-b64-ga4-fp32-noearly4ep,cb256-r10,cb256-r10-s125-d123,b64_ga4_fp32_official,gd_residual_v1_cb256_r10_noearly4ep_b64_ga4_fp32,r10_seed_stability_official_b64_ga4_fp32,64,16,4,256,b64_ga4,float32,float32,float32,float32,float32,float32,125,123,cb256-r10,cb256-r10-s125-d123,256,10,,,,,,4,4,2,true,checkpoints/flash-vqg-20260519-gd-r10-gdn-official-b64-fp32-flash-r10-s125-2026-05-19-21-14-43/gd-r10-s125-d123-b64-ga4-fp32-noearly4ep/train_config.json,/home/lyj/mnt/project/zoology/checkpoints/flash-vqg-20260519-gd-r10-gdn-official-b64-fp32-flash-r10-s125-2026-05-19-21-14-43/gd-r10-s125-d123-b64-ga4-fp32-noearly4ep/train_config.json,7be09050e0c50c57823780272007f138822b8e053bfd177f26591a812988f9b7,sha256:0f2f6d9d594b0ecbb11af94ebb2f4324b92d730c9b1d533104a91ca69c6b39b9,last.pt_epoch4_final,checkpoints/flash-vqg-20260519-gd-r10-gdn-official-b64-fp32-flash-r10-s125-2026-05-19-21-14-43/gd-r10-s125-d123-b64-ga4-fp32-noearly4ep/last.pt,/home/lyj/mnt/project/zoology/checkpoints/flash-vqg-20260519-gd-r10-gdn-official-b64-fp32-flash-r10-s125-2026-05-19-21-14-43/gd-r10-s125-d123-b64-ga4-fp32-noearly4ep/last.pt,true,0f2f6d9d594b0ecbb11af94ebb2f4324b92d730c9b1d533104a91ca69c6b39b9,8943045,2026-05-20T01:00:40.279221+00:00,3,,0.039301443845033646,0.99725146484375,0.99073046875,1184198,,327680,mqar-vocab8192-pass1-seed123-rnq1-power0.01-1024x256-n500,multiquery_ar,8192,1024,256,1,500,32,false,123,true,0.01,,,,,,,,,,,,,,,,,,,,,,,,,,,0.14906983077526093,0.9908671875,0.14906983077526093,0.9908671875,36.801090717315674,00:00:36,3942.458984375,3942.458984375,4462.0,NVIDIA_GeForce_RTX_2080_Ti-11264MiB-cc7.5-driver550.120-torch2.6.0+cu118-cuda11.8,measured_current_host,0,0,NVIDIA GeForce RTX 2080 Ti,11264,7.5,GPU-57c29499-bcb3-27f6-4360-e60939528a9b,2.6.0+cu118,11.8,550.120,8eb730be36bbb0876ed83a332d364c65acb36b28,8eb730be36bbb0876ed83a332d364c65acb36b28,811e1ce5f140e97d93ad6f1adae07b95b4219143,docs/artifacts/longer-mqar/official-core-20260526,docs/artifacts/20260519-gd-r10-gdn-official-b64-fp32/flash-r10-final.csv,tmp/20260526-longer-mqar-official-core/logs/repro-gd-r10-s125-d123-b64-ga4-fp32-noearly4ep-1024x256-n500-b32-gpu0.log,,,,123,f30f1e09e1300deb2e0f430d7c50c47a77f58f43657aa4d6f425f938a91a9acb,"sha256(inputs,labels)",500x1024,500x1024,500,torch.int64/torch.int64,0f2f6d9d594b0ecbb11af94ebb2f4324b92d730c9b1d533104a91ca69c6b39b9,sha256,passed,true,20260526-longer-mqar-official-core:formal:gd-r10-s125-d123-b64-ga4-fp32-noearly4ep:1024x256:n500,true,0.0,true
2,20260526-longer-mqar-official-core:batch_search:gd-cb256-r4-s123-d123-b64-ga4-fp32-noearly4ep:1024x256:n32,20260526-longer-mqar-official-core:batch_search:gd-cb256-r4-s123-d123-b64-ga4-fp32-noearly4ep:1024x256:n32,20260526-longer-mqar-official-core,longer_mqar_eval_only,longer_mqar_eval_only_vocab8192_official_core_20260526,batch_search,completed,2026-05-25T21:16:49.198537+00:00,flash,gd-cb256-r4-s123-d123-b64-ga4-fp32-noearly4ep,cb256-r4,cb256-r4-s123-d123,b64_ga4_fp32_official,gd_residual_v1_capacity_decomposition_b64_ga4_fp32,flash_capacity_decomposition_official_b64_ga4_fp32,64,16,4,256,b64_ga4,float32,float32,float32,float32,float32,float32,123,123,cb256-r4,cb256-r4-s123-d123,256,4,,,,,,4,4,2,true,checkpoints/flash-vqg-20260520-flash-capacity-decomposition-gd-cb256-r4-s123-2026-05-20-13-04-52/gd-cb256-r4-s123-d123-b64-ga4-fp32-noearly4ep/train_config.json,/home/lyj/mnt/project/zoology/checkpoints/flash-vqg-20260520-flash-capacity-decomposition-gd-cb256-r4-s123-2026-05-20-13-04-52/gd-cb256-r4-s123-d123-b64-ga4-fp32-noearly4ep/train_config.json,441ac0b57c1d085b19c0fdd6ee4439b72384342309a80277914594a5502de5eb,sha256:d3dc1bbc0cdb8167724ce29ec83deeb980d6f957719441e259bde63ed8d22281,last.pt_epoch4_final,checkpoints/flash-vqg-20260520-flash-capacity-decomposition-gd-cb256-r4-s123-2026-05-20-13-04-52/gd-cb256-r4-s123-d123-b64-ga4-fp32-noearly4ep/last.pt,/home/lyj/mnt/project/zoology/checkpoints/flash-vqg-20260520-flash-capacity-decomposition-gd-cb256-r4-s123-2026-05-20-13-04-52/gd-cb256-r4-s123-d123-b64-ga4-fp32-noearly4ep/last.pt,true,d3dc1bbc0cdb8167724ce29ec83deeb980d6f957719441e259bde63ed8d22281,8939973,2026-05-20T18:11:36.975921+00:00,3,,0.14954757690429688,0.98034765625,0.8950234375,1183430,,131072,mqar-vocab8192-pass1-seed123-rnq1-power0.01-1024x256-n32,multiquery_ar,8192,1024,256,1,32,32,true,123,true,0.01,,,completed,1024x256,1024,256,32,32;16;8;4;2;1,32,2207.705078125,,same_gpu_same_dtype_same_runner_only,true,0,0,NVIDIA GeForce RTX 2080 Ti,11264,7.5,GPU-57c29499-bcb3-27f6-4360-e60939528a9b,2.6.0+cu118,11.8,550.120,float32,float32,b64_ga4_fp32_official,NVIDIA_GeForce_RTX_2080_Ti-11264MiB-cc7.5-driver550.120-torch2.6.0+cu118-cuda11.8,0.764747142791748,0.8944091796875,0.764747142791748,0.8944091796875,11.064131736755371,00:00:11,2207.705078125,2207.705078125,4294.0,NVIDIA_GeForce_RTX_2080_Ti-11264MiB-cc7.5-driver550.120-torch2.6.0+cu118-cuda11.8,measured_current_host,0,0,NVIDIA GeForce RTX 2080 Ti,11264,7.5,GPU-57c29499-bcb3-27f6-4360-e60939528a9b,2.6.0+cu118,11.8,550.120,8eb730be36bbb0876ed83a332d364c65acb36b28,8eb730be36bbb0876ed83a332d364c65acb36b28,811e1ce5f140e97d93ad6f1adae07b95b4219143,docs/artifacts/longer-mqar/official-core-20260526,docs/artifacts/20260520-flash-capacity-decomposition/flash-capacity-decomp-final.csv,tmp/20260526-longer-mqar-official-core/logs/batch-search-candidate-gd-cb256-r4-s123-d123-b64-ga4-fp32-noearly4ep-1024x256-n32-b32-gpu0.log,,,,123,68500f1bc9fdc7ff4edc301ab7303d253d578a27cbbbf7613c74e3e6a04cc9f3,"sha256(inputs,labels)",32x1024,32x1024,32,torch.int64/torch.int64,d3dc1bbc0cdb8167724ce29ec83deeb980d6f957719441e259bde63ed8d22281,sha256,passed,true,,,,
2,20260526-longer-mqar-official-core:batch_search:gd-cb256-r4-s123-d123-b64-ga4-fp32-noearly4ep:2048x512:n32,20260526-longer-mqar-official-core:batch_search:gd-cb256-r4-s123-d123-b64-ga4-fp32-noearly4ep:2048x512:n32,20260526-longer-mqar-official-core,longer_mqar_eval_only,longer_mqar_eval_only_vocab8192_official_core_20260526,batch_search,completed,2026-05-25T21:17:03.375799+00:00,flash,gd-cb256-r4-s123-d123-b64-ga4-fp32-noearly4ep,cb256-r4,cb256-r4-s123-d123,b64_ga4_fp32_official,gd_residual_v1_capacity_decomposition_b64_ga4_fp32,flash_capacity_decomposition_official_b64_ga4_fp32,64,16,4,256,b64_ga4,float32,float32,float32,float32,float32,float32,123,123,cb256-r4,cb256-r4-s123-d123,256,4,,,,,,4,4,2,true,checkpoints/flash-vqg-20260520-flash-capacity-decomposition-gd-cb256-r4-s123-2026-05-20-13-04-52/gd-cb256-r4-s123-d123-b64-ga4-fp32-noearly4ep/train_config.json,/home/lyj/mnt/project/zoology/checkpoints/flash-vqg-20260520-flash-capacity-decomposition-gd-cb256-r4-s123-2026-05-20-13-04-52/gd-cb256-r4-s123-d123-b64-ga4-fp32-noearly4ep/train_config.json,441ac0b57c1d085b19c0fdd6ee4439b72384342309a80277914594a5502de5eb,sha256:d3dc1bbc0cdb8167724ce29ec83deeb980d6f957719441e259bde63ed8d22281,last.pt_epoch4_final,checkpoints/flash-vqg-20260520-flash-capacity-decomposition-gd-cb256-r4-s123-2026-05-20-13-04-52/gd-cb256-r4-s123-d123-b64-ga4-fp32-noearly4ep/last.pt,/home/lyj/mnt/project/zoology/checkpoints/flash-vqg-20260520-flash-capacity-decomposition-gd-cb256-r4-s123-2026-05-20-13-04-52/gd-cb256-r4-s123-d123-b64-ga4-fp32-noearly4ep/last.pt,true,d3dc1bbc0cdb8167724ce29ec83deeb980d6f957719441e259bde63ed8d22281,8939973,2026-05-20T18:11:36.975921+00:00,3,,0.14954757690429688,0.98034765625,0.8950234375,1183430,,131072,mqar-vocab8192-pass1-seed123-rnq1-power0.01-2048x512-n32,multiquery_ar,8192,2048,512,1,32,32,true,123,true,0.01,,,completed,2048x512,2048,512,32,32;16;8;4;2;1,32,4402.75390625,,same_gpu_same_dtype_same_runner_only,true,0,0,NVIDIA GeForce RTX 2080 Ti,11264,7.5,GPU-57c29499-bcb3-27f6-4360-e60939528a9b,2.6.0+cu118,11.8,550.120,float32,float32,b64_ga4_fp32_official,NVIDIA_GeForce_RTX_2080_Ti-11264MiB-cc7.5-driver550.120-torch2.6.0+cu118-cuda11.8,1.9752107858657837,0.6732177734375,1.9752107858657837,0.6732177734375,13.299844980239868,00:00:13,4402.75390625,4402.75390625,8550.0,NVIDIA_GeForce_RTX_2080_Ti-11264MiB-cc7.5-driver550.120-torch2.6.0+cu118-cuda11.8,measured_current_host,0,0,NVIDIA GeForce RTX 2080 Ti,11264,7.5,GPU-57c29499-bcb3-27f6-4360-e60939528a9b,2.6.0+cu118,11.8,550.120,8eb730be36bbb0876ed83a332d364c65acb36b28,8eb730be36bbb0876ed83a332d364c65acb36b28,811e1ce5f140e97d93ad6f1adae07b95b4219143,docs/artifacts/longer-mqar/official-core-20260526,docs/artifacts/20260520-flash-capacity-decomposition/flash-capacity-decomp-final.csv,tmp/20260526-longer-mqar-official-core/logs/batch-search-candidate-gd-cb256-r4-s123-d123-b64-ga4-fp32-noearly4ep-2048x512-n32-b32-gpu0.log,,,,123,34ea18c38dae38e2860b711425f27d090597975373a954d128324e3a04dcb012,"sha256(inputs,labels)",32x2048,32x2048,32,torch.int64/torch.int64,d3dc1bbc0cdb8167724ce29ec83deeb980d6f957719441e259bde63ed8d22281,sha256,passed,true,,,,
2,20260526-longer-mqar-official-core:batch_search:gd-cb256-r4-s123-d123-b64-ga4-fp32-noearly4ep:4096x1024:n32,20260526-longer-mqar-official-core:batch_search:gd-cb256-r4-s123-d123-b64-ga4-fp32-noearly4ep:4096x1024:n32,20260526-longer-mqar-official-core,longer_mqar_eval_only,longer_mqar_eval_only_vocab8192_official_core_20260526,batch_search,completed,2026-05-25T21:17:22.155959+00:00,flash,gd-cb256-r4-s123-d123-b64-ga4-fp32-noearly4ep,cb256-r4,cb256-r4-s123-d123,b64_ga4_fp32_official,gd_residual_v1_capacity_decomposition_b64_ga4_fp32,flash_capacity_decomposition_official_b64_ga4_fp32,64,16,4,256,b64_ga4,float32,float32,float32,float32,float32,float32,123,123,cb256-r4,cb256-r4-s123-d123,256,4,,,,,,4,4,2,true,checkpoints/flash-vqg-20260520-flash-capacity-decomposition-gd-cb256-r4-s123-2026-05-20-13-04-52/gd-cb256-r4-s123-d123-b64-ga4-fp32-noearly4ep/train_config.json,/home/lyj/mnt/project/zoology/checkpoints/flash-vqg-20260520-flash-capacity-decomposition-gd-cb256-r4-s123-2026-05-20-13-04-52/gd-cb256-r4-s123-d123-b64-ga4-fp32-noearly4ep/train_config.json,441ac0b57c1d085b19c0fdd6ee4439b72384342309a80277914594a5502de5eb,sha256:d3dc1bbc0cdb8167724ce29ec83deeb980d6f957719441e259bde63ed8d22281,last.pt_epoch4_final,checkpoints/flash-vqg-20260520-flash-capacity-decomposition-gd-cb256-r4-s123-2026-05-20-13-04-52/gd-cb256-r4-s123-d123-b64-ga4-fp32-noearly4ep/last.pt,/home/lyj/mnt/project/zoology/checkpoints/flash-vqg-20260520-flash-capacity-decomposition-gd-cb256-r4-s123-2026-05-20-13-04-52/gd-cb256-r4-s123-d123-b64-ga4-fp32-noearly4ep/last.pt,true,d3dc1bbc0cdb8167724ce29ec83deeb980d6f957719441e259bde63ed8d22281,8939973,2026-05-20T18:11:36.975921+00:00,3,,0.14954757690429688,0.98034765625,0.8950234375,1183430,,131072,mqar-vocab8192-pass1-seed123-rnq1-power0.01-4096x1024-n32,multiquery_ar,8192,4096,1024,1,32,32,true,123,true,0.01,,,completed,4096x1024,4096,1024,32,32;16;8;4;2;1,32,8789.8525390625,,same_gpu_same_dtype_same_runner_only,true,0,0,NVIDIA GeForce RTX 2080 Ti,11264,7.5,GPU-57c29499-bcb3-27f6-4360-e60939528a9b,2.6.0+cu118,11.8,550.120,float32,float32,b64_ga4_fp32_official,NVIDIA_GeForce_RTX_2080_Ti-11264MiB-cc7.5-driver550.120-torch2.6.0+cu118-cuda11.8,3.730164051055908,0.38214111328125,3.730164051055908,0.38214111328125,17.888336896896362,00:00:17,8789.8525390625,8789.8525390625,8876.0,NVIDIA_GeForce_RTX_2080_Ti-11264MiB-cc7.5-driver550.120-torch2.6.0+cu118-cuda11.8,measured_current_host,0,0,NVIDIA GeForce RTX 2080 Ti,11264,7.5,GPU-57c29499-bcb3-27f6-4360-e60939528a9b,2.6.0+cu118,11.8,550.120,8eb730be36bbb0876ed83a332d364c65acb36b28,8eb730be36bbb0876ed83a332d364c65acb36b28,811e1ce5f140e97d93ad6f1adae07b95b4219143,docs/artifacts/longer-mqar/official-core-20260526,docs/artifacts/20260520-flash-capacity-decomposition/flash-capacity-decomp-final.csv,tmp/20260526-longer-mqar-official-core/logs/batch-search-candidate-gd-cb256-r4-s123-d123-b64-ga4-fp32-noearly4ep-4096x1024-n32-b32-gpu0.log,,,,123,55274181d24158d3fe53491784d87fabe3a981427663df2ac8ed40876e72a1b8,"sha256(inputs,labels)",32x4096,32x4096,32,torch.int64/torch.int64,d3dc1bbc0cdb8167724ce29ec83deeb980d6f957719441e259bde63ed8d22281,sha256,passed,true,,,,
2,20260526-longer-mqar-official-core:batch_search:gd-cb256-r4-s123-d123-b64-ga4-fp32-noearly4ep:8190x512:n32,20260526-longer-mqar-official-core:batch_search:gd-cb256-r4-s123-d123-b64-ga4-fp32-noearly4ep:8190x512:n32,20260526-longer-mqar-official-core,longer_mqar_eval_only,longer_mqar_eval_only_vocab8192_official_core_20260526,batch_search,completed,2026-05-25T21:18:34.286722+00:00,flash,gd-cb256-r4-s123-d123-b64-ga4-fp32-noearly4ep,cb256-r4,cb256-r4-s123-d123,b64_ga4_fp32_official,gd_residual_v1_capacity_decomposition_b64_ga4_fp32,flash_capacity_decomposition_official_b64_ga4_fp32,64,16,4,256,b64_ga4,float32,float32,float32,float32,float32,float32,123,123,cb256-r4,cb256-r4-s123-d123,256,4,,,,,,4,4,2,true,checkpoints/flash-vqg-20260520-flash-capacity-decomposition-gd-cb256-r4-s123-2026-05-20-13-04-52/gd-cb256-r4-s123-d123-b64-ga4-fp32-noearly4ep/train_config.json,/home/lyj/mnt/project/zoology/checkpoints/flash-vqg-20260520-flash-capacity-decomposition-gd-cb256-r4-s123-2026-05-20-13-04-52/gd-cb256-r4-s123-d123-b64-ga4-fp32-noearly4ep/train_config.json,441ac0b57c1d085b19c0fdd6ee4439b72384342309a80277914594a5502de5eb,sha256:d3dc1bbc0cdb8167724ce29ec83deeb980d6f957719441e259bde63ed8d22281,last.pt_epoch4_final,checkpoints/flash-vqg-20260520-flash-capacity-decomposition-gd-cb256-r4-s123-2026-05-20-13-04-52/gd-cb256-r4-s123-d123-b64-ga4-fp32-noearly4ep/last.pt,/home/lyj/mnt/project/zoology/checkpoints/flash-vqg-20260520-flash-capacity-decomposition-gd-cb256-r4-s123-2026-05-20-13-04-52/gd-cb256-r4-s123-d123-b64-ga4-fp32-noearly4ep/last.pt,true,d3dc1bbc0cdb8167724ce29ec83deeb980d6f957719441e259bde63ed8d22281,8939973,2026-05-20T18:11:36.975921+00:00,3,,0.14954757690429688,0.98034765625,0.8950234375,1183430,,131072,mqar-vocab8192-pass1-seed123-rnq1-power0.01-8190x512-n32,multiquery_ar,8192,8190,512,1,32,16,true,123,true,0.01,,,completed,8190x512,8190,512,32,32;16;8;4;2;1,16,8856.19140625,"b32:oom:oom:torch.OutOfMemoryError: CUDA out of memory. Tried to allocate 4.00 GiB. GPU 0 has a total capacity of 10.74 GiB of which 2.98 GiB is free. Process 1219394 has 7.75 GiB memory in use. Of the allocated memory 7.47 GiB is allocated by PyTorch, and 88.23 MiB is reserved by PyTorch but unallocated. If reserved but unallocated memory is large try setting PYTORCH_CUDA_ALLOC_CONF=expandable_segments:True to avoid fragmentation.  See documentation for Memory Management  (https://pytorch.org/docs/stable/notes/cuda.html#environment-variables)",same_gpu_same_dtype_same_runner_only,true,0,0,NVIDIA GeForce RTX 2080 Ti,11264,7.5,GPU-57c29499-bcb3-27f6-4360-e60939528a9b,2.6.0+cu118,11.8,550.120,float32,float32,b64_ga4_fp32_official,NVIDIA_GeForce_RTX_2080_Ti-11264MiB-cc7.5-driver550.120-torch2.6.0+cu118-cuda11.8,2.622123956680298,0.5718994140625,2.622123956680298,0.5718994140625,44.38957405090332,00:00:44,8856.19140625,8856.19140625,8946.0,NVIDIA_GeForce_RTX_2080_Ti-11264MiB-cc7.5-driver550.120-torch2.6.0+cu118-cuda11.8,measured_current_host,0,0,NVIDIA GeForce RTX 2080 Ti,11264,7.5,GPU-57c29499-bcb3-27f6-4360-e60939528a9b,2.6.0+cu118,11.8,550.120,8eb730be36bbb0876ed83a332d364c65acb36b28,8eb730be36bbb0876ed83a332d364c65acb36b28,811e1ce5f140e97d93ad6f1adae07b95b4219143,docs/artifacts/longer-mqar/official-core-20260526,docs/artifacts/20260520-flash-capacity-decomposition/flash-capacity-decomp-final.csv,tmp/20260526-longer-mqar-official-core/logs/batch-search-candidate-gd-cb256-r4-s123-d123-b64-ga4-fp32-noearly4ep-8190x512-n32-b16-gpu0.log,,,,123,23d7ffc7467f8e355ec7cb4c739cf5494449c559427d204883d63d7dca4f4351,"sha256(inputs,labels)",32x8190,32x8190,32,torch.int64/torch.int64,d3dc1bbc0cdb8167724ce29ec83deeb980d6f957719441e259bde63ed8d22281,sha256,passed,true,,,,
2,20260526-longer-mqar-official-core:batch_search:gd-cb256-r4-s123-d123-b64-ga4-fp32-noearly4ep:8190x2047:n32,20260526-longer-mqar-official-core:batch_search:gd-cb256-r4-s123-d123-b64-ga4-fp32-noearly4ep:8190x2047:n32,20260526-longer-mqar-official-core,longer_mqar_eval_only,longer_mqar_eval_only_vocab8192_official_core_20260526,batch_search,completed,2026-05-25T21:19:43.849972+00:00,flash,gd-cb256-r4-s123-d123-b64-ga4-fp32-noearly4ep,cb256-r4,cb256-r4-s123-d123,b64_ga4_fp32_official,gd_residual_v1_capacity_decomposition_b64_ga4_fp32,flash_capacity_decomposition_official_b64_ga4_fp32,64,16,4,256,b64_ga4,float32,float32,float32,float32,float32,float32,123,123,cb256-r4,cb256-r4-s123-d123,256,4,,,,,,4,4,2,true,checkpoints/flash-vqg-20260520-flash-capacity-decomposition-gd-cb256-r4-s123-2026-05-20-13-04-52/gd-cb256-r4-s123-d123-b64-ga4-fp32-noearly4ep/train_config.json,/home/lyj/mnt/project/zoology/checkpoints/flash-vqg-20260520-flash-capacity-decomposition-gd-cb256-r4-s123-2026-05-20-13-04-52/gd-cb256-r4-s123-d123-b64-ga4-fp32-noearly4ep/train_config.json,441ac0b57c1d085b19c0fdd6ee4439b72384342309a80277914594a5502de5eb,sha256:d3dc1bbc0cdb8167724ce29ec83deeb980d6f957719441e259bde63ed8d22281,last.pt_epoch4_final,checkpoints/flash-vqg-20260520-flash-capacity-decomposition-gd-cb256-r4-s123-2026-05-20-13-04-52/gd-cb256-r4-s123-d123-b64-ga4-fp32-noearly4ep/last.pt,/home/lyj/mnt/project/zoology/checkpoints/flash-vqg-20260520-flash-capacity-decomposition-gd-cb256-r4-s123-2026-05-20-13-04-52/gd-cb256-r4-s123-d123-b64-ga4-fp32-noearly4ep/last.pt,true,d3dc1bbc0cdb8167724ce29ec83deeb980d6f957719441e259bde63ed8d22281,8939973,2026-05-20T18:11:36.975921+00:00,3,,0.14954757690429688,0.98034765625,0.8950234375,1183430,,131072,mqar-vocab8192-pass1-seed123-rnq1-power0.01-8190x2047-n32,multiquery_ar,8192,8190,2047,1,32,16,true,123,true,0.01,,,completed,8190x2047,8190,2047,32,32;16;8;4;2;1,16,8856.19140625,"b32:oom:oom:torch.OutOfMemoryError: CUDA out of memory. Tried to allocate 4.00 GiB. GPU 0 has a total capacity of 10.74 GiB of which 2.97 GiB is free. Process 1219553 has 7.75 GiB memory in use. Of the allocated memory 7.47 GiB is allocated by PyTorch, and 90.38 MiB is reserved by PyTorch but unallocated. If reserved but unallocated memory is large try setting PYTORCH_CUDA_ALLOC_CONF=expandable_segments:True to avoid fragmentation.  See documentation for Memory Management  (https://pytorch.org/docs/stable/notes/cuda.html#environment-variables)",same_gpu_same_dtype_same_runner_only,true,0,0,NVIDIA GeForce RTX 2080 Ti,11264,7.5,GPU-57c29499-bcb3-27f6-4360-e60939528a9b,2.6.0+cu118,11.8,550.120,float32,float32,b64_ga4_fp32_official,NVIDIA_GeForce_RTX_2080_Ti-11264MiB-cc7.5-driver550.120-torch2.6.0+cu118-cuda11.8,5.5539398193359375,0.1730581338544211,5.5539398193359375,0.1730581338544211,42.6659677028656,00:00:42,8856.19140625,8856.19140625,8950.0,NVIDIA_GeForce_RTX_2080_Ti-11264MiB-cc7.5-driver550.120-torch2.6.0+cu118-cuda11.8,measured_current_host,0,0,NVIDIA GeForce RTX 2080 Ti,11264,7.5,GPU-57c29499-bcb3-27f6-4360-e60939528a9b,2.6.0+cu118,11.8,550.120,8eb730be36bbb0876ed83a332d364c65acb36b28,8eb730be36bbb0876ed83a332d364c65acb36b28,811e1ce5f140e97d93ad6f1adae07b95b4219143,docs/artifacts/longer-mqar/official-core-20260526,docs/artifacts/20260520-flash-capacity-decomposition/flash-capacity-decomp-final.csv,tmp/20260526-longer-mqar-official-core/logs/batch-search-candidate-gd-cb256-r4-s123-d123-b64-ga4-fp32-noearly4ep-8190x2047-n32-b16-gpu0.log,,,,123,70999303f8fadb4cbae8f973c8267ef97a6209a3b8e05f5385a1f26fa38408f5,"sha256(inputs,labels)",32x8190,32x8190,32,torch.int64/torch.int64,d3dc1bbc0cdb8167724ce29ec83deeb980d6f957719441e259bde63ed8d22281,sha256,passed,true,,,,
2,20260526-longer-mqar-official-core:formal:gd-cb256-r4-s123-d123-b64-ga4-fp32-noearly4ep:1024x256:n500,20260526-longer-mqar-official-core:formal:gd-cb256-r4-s123-d123-b64-ga4-fp32-noearly4ep:1024x256:n500,20260526-longer-mqar-official-core,longer_mqar_eval_only,longer_mqar_eval_only_vocab8192_official_core_20260526,formal,completed,2026-05-25T21:20:31.374210+00:00,flash,gd-cb256-r4-s123-d123-b64-ga4-fp32-noearly4ep,cb256-r4,cb256-r4-s123-d123,b64_ga4_fp32_official,gd_residual_v1_capacity_decomposition_b64_ga4_fp32,flash_capacity_decomposition_official_b64_ga4_fp32,64,16,4,256,b64_ga4,float32,float32,float32,float32,float32,float32,123,123,cb256-r4,cb256-r4-s123-d123,256,4,,,,,,4,4,2,true,checkpoints/flash-vqg-20260520-flash-capacity-decomposition-gd-cb256-r4-s123-2026-05-20-13-04-52/gd-cb256-r4-s123-d123-b64-ga4-fp32-noearly4ep/train_config.json,/home/lyj/mnt/project/zoology/checkpoints/flash-vqg-20260520-flash-capacity-decomposition-gd-cb256-r4-s123-2026-05-20-13-04-52/gd-cb256-r4-s123-d123-b64-ga4-fp32-noearly4ep/train_config.json,441ac0b57c1d085b19c0fdd6ee4439b72384342309a80277914594a5502de5eb,sha256:d3dc1bbc0cdb8167724ce29ec83deeb980d6f957719441e259bde63ed8d22281,last.pt_epoch4_final,checkpoints/flash-vqg-20260520-flash-capacity-decomposition-gd-cb256-r4-s123-2026-05-20-13-04-52/gd-cb256-r4-s123-d123-b64-ga4-fp32-noearly4ep/last.pt,/home/lyj/mnt/project/zoology/checkpoints/flash-vqg-20260520-flash-capacity-decomposition-gd-cb256-r4-s123-2026-05-20-13-04-52/gd-cb256-r4-s123-d123-b64-ga4-fp32-noearly4ep/last.pt,true,d3dc1bbc0cdb8167724ce29ec83deeb980d6f957719441e259bde63ed8d22281,8939973,2026-05-20T18:11:36.975921+00:00,3,,0.14954757690429688,0.98034765625,0.8950234375,1183430,,131072,mqar-vocab8192-pass1-seed123-rnq1-power0.01-1024x256-n500,multiquery_ar,8192,1024,256,1,500,32,true,123,true,0.01,,,completed,1024x256,1024,256,32,32;16;8;4;2;1,32,2207.705078125,,same_gpu_same_dtype_same_runner_only,true,0,0,NVIDIA GeForce RTX 2080 Ti,11264,7.5,GPU-57c29499-bcb3-27f6-4360-e60939528a9b,2.6.0+cu118,11.8,550.120,float32,float32,b64_ga4_fp32_official,NVIDIA_GeForce_RTX_2080_Ti-11264MiB-cc7.5-driver550.120-torch2.6.0+cu118-cuda11.8,0.7658779621124268,0.89415625,0.7658779621124268,0.89415625,46.58279085159302,00:00:46,2207.9560546875,2207.9560546875,4296.0,NVIDIA_GeForce_RTX_2080_Ti-11264MiB-cc7.5-driver550.120-torch2.6.0+cu118-cuda11.8,measured_current_host,0,0,NVIDIA GeForce RTX 2080 Ti,11264,7.5,GPU-57c29499-bcb3-27f6-4360-e60939528a9b,2.6.0+cu118,11.8,550.120,8eb730be36bbb0876ed83a332d364c65acb36b28,8eb730be36bbb0876ed83a332d364c65acb36b28,811e1ce5f140e97d93ad6f1adae07b95b4219143,docs/artifacts/longer-mqar/official-core-20260526,docs/artifacts/20260520-flash-capacity-decomposition/flash-capacity-decomp-final.csv,tmp/20260526-longer-mqar-official-core/logs/formal-gd-cb256-r4-s123-d123-b64-ga4-fp32-noearly4ep-1024x256-n500-b32-gpu0.log,,,,123,f30f1e09e1300deb2e0f430d7c50c47a77f58f43657aa4d6f425f938a91a9acb,"sha256(inputs,labels)",500x1024,500x1024,500,torch.int64/torch.int64,d3dc1bbc0cdb8167724ce29ec83deeb980d6f957719441e259bde63ed8d22281,sha256,passed,true,,,,
2,20260526-longer-mqar-official-core:formal:gd-cb256-r4-s123-d123-b64-ga4-fp32-noearly4ep:2048x512:n500,20260526-longer-mqar-official-core:formal:gd-cb256-r4-s123-d123-b64-ga4-fp32-noearly4ep:2048x512:n500,20260526-longer-mqar-official-core,longer_mqar_eval_only,longer_mqar_eval_only_vocab8192_official_core_20260526,formal,completed,2026-05-25T21:21:53.124021+00:00,flash,gd-cb256-r4-s123-d123-b64-ga4-fp32-noearly4ep,cb256-r4,cb256-r4-s123-d123,b64_ga4_fp32_official,gd_residual_v1_capacity_decomposition_b64_ga4_fp32,flash_capacity_decomposition_official_b64_ga4_fp32,64,16,4,256,b64_ga4,float32,float32,float32,float32,float32,float32,123,123,cb256-r4,cb256-r4-s123-d123,256,4,,,,,,4,4,2,true,checkpoints/flash-vqg-20260520-flash-capacity-decomposition-gd-cb256-r4-s123-2026-05-20-13-04-52/gd-cb256-r4-s123-d123-b64-ga4-fp32-noearly4ep/train_config.json,/home/lyj/mnt/project/zoology/checkpoints/flash-vqg-20260520-flash-capacity-decomposition-gd-cb256-r4-s123-2026-05-20-13-04-52/gd-cb256-r4-s123-d123-b64-ga4-fp32-noearly4ep/train_config.json,441ac0b57c1d085b19c0fdd6ee4439b72384342309a80277914594a5502de5eb,sha256:d3dc1bbc0cdb8167724ce29ec83deeb980d6f957719441e259bde63ed8d22281,last.pt_epoch4_final,checkpoints/flash-vqg-20260520-flash-capacity-decomposition-gd-cb256-r4-s123-2026-05-20-13-04-52/gd-cb256-r4-s123-d123-b64-ga4-fp32-noearly4ep/last.pt,/home/lyj/mnt/project/zoology/checkpoints/flash-vqg-20260520-flash-capacity-decomposition-gd-cb256-r4-s123-2026-05-20-13-04-52/gd-cb256-r4-s123-d123-b64-ga4-fp32-noearly4ep/last.pt,true,d3dc1bbc0cdb8167724ce29ec83deeb980d6f957719441e259bde63ed8d22281,8939973,2026-05-20T18:11:36.975921+00:00,3,,0.14954757690429688,0.98034765625,0.8950234375,1183430,,131072,mqar-vocab8192-pass1-seed123-rnq1-power0.01-2048x512-n500,multiquery_ar,8192,2048,512,1,500,32,true,123,true,0.01,,,completed,2048x512,2048,512,32,32;16;8;4;2;1,32,4402.75390625,,same_gpu_same_dtype_same_runner_only,true,0,0,NVIDIA GeForce RTX 2080 Ti,11264,7.5,GPU-57c29499-bcb3-27f6-4360-e60939528a9b,2.6.0+cu118,11.8,550.120,float32,float32,b64_ga4_fp32_official,NVIDIA_GeForce_RTX_2080_Ti-11264MiB-cc7.5-driver550.120-torch2.6.0+cu118-cuda11.8,1.999088168144226,0.66669140625,1.999088168144226,0.66669140625,80.86958813667297,00:01:20,4404.2548828125,4404.2548828125,8552.0,NVIDIA_GeForce_RTX_2080_Ti-11264MiB-cc7.5-driver550.120-torch2.6.0+cu118-cuda11.8,measured_current_host,0,0,NVIDIA GeForce RTX 2080 Ti,11264,7.5,GPU-57c29499-bcb3-27f6-4360-e60939528a9b,2.6.0+cu118,11.8,550.120,8eb730be36bbb0876ed83a332d364c65acb36b28,8eb730be36bbb0876ed83a332d364c65acb36b28,811e1ce5f140e97d93ad6f1adae07b95b4219143,docs/artifacts/longer-mqar/official-core-20260526,docs/artifacts/20260520-flash-capacity-decomposition/flash-capacity-decomp-final.csv,tmp/20260526-longer-mqar-official-core/logs/formal-gd-cb256-r4-s123-d123-b64-ga4-fp32-noearly4ep-2048x512-n500-b32-gpu0.log,,,,123,e446efc9f4dc774377c56c403a468c747870beb18ff0320f15df794dcb69f015,"sha256(inputs,labels)",500x2048,500x2048,500,torch.int64/torch.int64,d3dc1bbc0cdb8167724ce29ec83deeb980d6f957719441e259bde63ed8d22281,sha256,passed,true,,,,
2,20260526-longer-mqar-official-core:formal:gd-cb256-r4-s123-d123-b64-ga4-fp32-noearly4ep:4096x1024:n500,20260526-longer-mqar-official-core:formal:gd-cb256-r4-s123-d123-b64-ga4-fp32-noearly4ep:4096x1024:n500,20260526-longer-mqar-official-core,longer_mqar_eval_only,longer_mqar_eval_only_vocab8192_official_core_20260526,formal,completed,2026-05-25T21:24:25.959243+00:00,flash,gd-cb256-r4-s123-d123-b64-ga4-fp32-noearly4ep,cb256-r4,cb256-r4-s123-d123,b64_ga4_fp32_official,gd_residual_v1_capacity_decomposition_b64_ga4_fp32,flash_capacity_decomposition_official_b64_ga4_fp32,64,16,4,256,b64_ga4,float32,float32,float32,float32,float32,float32,123,123,cb256-r4,cb256-r4-s123-d123,256,4,,,,,,4,4,2,true,checkpoints/flash-vqg-20260520-flash-capacity-decomposition-gd-cb256-r4-s123-2026-05-20-13-04-52/gd-cb256-r4-s123-d123-b64-ga4-fp32-noearly4ep/train_config.json,/home/lyj/mnt/project/zoology/checkpoints/flash-vqg-20260520-flash-capacity-decomposition-gd-cb256-r4-s123-2026-05-20-13-04-52/gd-cb256-r4-s123-d123-b64-ga4-fp32-noearly4ep/train_config.json,441ac0b57c1d085b19c0fdd6ee4439b72384342309a80277914594a5502de5eb,sha256:d3dc1bbc0cdb8167724ce29ec83deeb980d6f957719441e259bde63ed8d22281,last.pt_epoch4_final,checkpoints/flash-vqg-20260520-flash-capacity-decomposition-gd-cb256-r4-s123-2026-05-20-13-04-52/gd-cb256-r4-s123-d123-b64-ga4-fp32-noearly4ep/last.pt,/home/lyj/mnt/project/zoology/checkpoints/flash-vqg-20260520-flash-capacity-decomposition-gd-cb256-r4-s123-2026-05-20-13-04-52/gd-cb256-r4-s123-d123-b64-ga4-fp32-noearly4ep/last.pt,true,d3dc1bbc0cdb8167724ce29ec83deeb980d6f957719441e259bde63ed8d22281,8939973,2026-05-20T18:11:36.975921+00:00,3,,0.14954757690429688,0.98034765625,0.8950234375,1183430,,131072,mqar-vocab8192-pass1-seed123-rnq1-power0.01-4096x1024-n500,multiquery_ar,8192,4096,1024,1,500,32,true,123,true,0.01,,,completed,4096x1024,4096,1024,32,32;16;8;4;2;1,32,8789.8525390625,,same_gpu_same_dtype_same_runner_only,true,0,0,NVIDIA GeForce RTX 2080 Ti,11264,7.5,GPU-57c29499-bcb3-27f6-4360-e60939528a9b,2.6.0+cu118,11.8,550.120,float32,float32,b64_ga4_fp32_official,NVIDIA_GeForce_RTX_2080_Ti-11264MiB-cc7.5-driver550.120-torch2.6.0+cu118-cuda11.8,3.738774299621582,0.380677734375,3.738774299621582,0.380677734375,151.9437005519867,00:02:31,8790.853515625,8790.853515625,8876.0,NVIDIA_GeForce_RTX_2080_Ti-11264MiB-cc7.5-driver550.120-torch2.6.0+cu118-cuda11.8,measured_current_host,0,0,NVIDIA GeForce RTX 2080 Ti,11264,7.5,GPU-57c29499-bcb3-27f6-4360-e60939528a9b,2.6.0+cu118,11.8,550.120,8eb730be36bbb0876ed83a332d364c65acb36b28,8eb730be36bbb0876ed83a332d364c65acb36b28,811e1ce5f140e97d93ad6f1adae07b95b4219143,docs/artifacts/longer-mqar/official-core-20260526,docs/artifacts/20260520-flash-capacity-decomposition/flash-capacity-decomp-final.csv,tmp/20260526-longer-mqar-official-core/logs/formal-gd-cb256-r4-s123-d123-b64-ga4-fp32-noearly4ep-4096x1024-n500-b32-gpu0.log,,,,123,0981292ce8ebea1402a4c3a7a6655dfc1de42688c329bd5ea921541a0f1d16ed,"sha256(inputs,labels)",500x4096,500x4096,500,torch.int64/torch.int64,d3dc1bbc0cdb8167724ce29ec83deeb980d6f957719441e259bde63ed8d22281,sha256,passed,true,,,,
2,20260526-longer-mqar-official-core:formal:gd-r10-s126-d123-b64-ga4-fp32-noearly4ep:8190x512:n500,20260526-longer-mqar-official-core:formal:gd-r10-s126-d123-b64-ga4-fp32-noearly4ep:8190x512:n500,20260526-longer-mqar-official-core,longer_mqar_eval_only,longer_mqar_eval_only_vocab8192_official_core_20260526,formal,completed,2026-05-25T21:29:00.526176+00:00,flash,gd-r10-s126-d123-b64-ga4-fp32-noearly4ep,cb256-r10,cb256-r10-s126-d123,b64_ga4_fp32_official,gd_residual_v1_cb256_r10_noearly4ep_b64_ga4_fp32,r10_seed_stability_official_b64_ga4_fp32,64,16,4,256,b64_ga4,float32,float32,float32,float32,float32,float32,126,123,cb256-r10,cb256-r10-s126-d123,256,10,,,,,,4,4,2,true,checkpoints/flash-vqg-20260519-gd-r10-gdn-official-b64-fp32-flash-r10-s126-2026-05-19-22-14-47/gd-r10-s126-d123-b64-ga4-fp32-noearly4ep/train_config.json,/home/lyj/mnt/project/zoology/checkpoints/flash-vqg-20260519-gd-r10-gdn-official-b64-fp32-flash-r10-s126-2026-05-19-22-14-47/gd-r10-s126-d123-b64-ga4-fp32-noearly4ep/train_config.json,919c5c08a7aec30828a3da67753260e6a559a67badf804e04702b5762a83e88d,sha256:d6c4ce3ec3b2805a2b23b6dc5cc15f2ef2d5769569c074c0796c509d79856b4a,last.pt_epoch4_final,checkpoints/flash-vqg-20260519-gd-r10-gdn-official-b64-fp32-flash-r10-s126-2026-05-19-22-14-47/gd-r10-s126-d123-b64-ga4-fp32-noearly4ep/last.pt,/home/lyj/mnt/project/zoology/checkpoints/flash-vqg-20260519-gd-r10-gdn-official-b64-fp32-flash-r10-s126-2026-05-19-22-14-47/gd-r10-s126-d123-b64-ga4-fp32-noearly4ep/last.pt,true,d6c4ce3ec3b2805a2b23b6dc5cc15f2ef2d5769569c074c0796c509d79856b4a,8943045,2026-05-20T03:39:00.094897+00:00,3,,0.24004417657852173,0.96753125,0.7871953125,1184198,,327680,mqar-vocab8192-pass1-seed123-rnq1-power0.01-8190x512-n500,multiquery_ar,8192,8190,512,1,500,8,true,123,true,0.01,,,completed,8190x2047,8190,2047,32,32;16;8;4;2;1,8,7903.4677734375,"b32:oom:oom:torch.OutOfMemoryError: CUDA out of memory. Tried to allocate 10.00 GiB. GPU 0 has a total capacity of 10.75 GiB of which 7.01 GiB is free. Process 1218336 has 3.73 GiB memory in use. Of the allocated memory 3.42 GiB is allocated by PyTorch, and 122.85 MiB is reserved by PyTorch but unallocated. If reserved but unallocated memory is large try setting PYTORCH_CUDA_ALLOC_CONF=expandable_segments:True to avoid fragmentation.  See documentation for Memory Management  (https://pytorch.org/docs/stable/notes/cuda.html#environment-variables) | b16:oom:oom:torch.OutOfMemoryError: CUDA out of memory. Tried to allocate 5.00 GiB. GPU 0 has a total capacity of 10.75 GiB of which 3.75 GiB is free. Process 1218408 has 6.99 GiB memory in use. Of the allocated memory 6.76 GiB is allocated by PyTorch, and 45.96 MiB is reserved by PyTorch but unallocated. If reserved but unallocated memory is large try setting PYTORCH_CUDA_ALLOC_CONF=expandable_segments:True to avoid fragmentation.  See documentation for Memory Management  (https://pytorch.org/docs/stable/notes/cuda.html#environment-variables)",same_gpu_same_dtype_same_runner_only,true,1,1,NVIDIA GeForce RTX 2080 Ti,11264,7.5,GPU-0def3eeb-c2d0-4f49-ec2a-ebc1d8453b98,2.6.0+cu118,11.8,550.120,float32,float32,b64_ga4_fp32_official,NVIDIA_GeForce_RTX_2080_Ti-11264MiB-cc7.5-driver550.120-torch2.6.0+cu118-cuda11.8,5.045126914978027,0.26051953125,5.045126914978027,0.26051953125,990.9830152988434,00:16:30,7903.4677734375,7903.4677734375,8752.0,NVIDIA_GeForce_RTX_2080_Ti-11264MiB-cc7.5-driver550.120-torch2.6.0+cu118-cuda11.8,measured_current_host,1,1,NVIDIA GeForce RTX 2080 Ti,11264,7.5,GPU-0def3eeb-c2d0-4f49-ec2a-ebc1d8453b98,2.6.0+cu118,11.8,550.120,8eb730be36bbb0876ed83a332d364c65acb36b28,8eb730be36bbb0876ed83a332d364c65acb36b28,811e1ce5f140e97d93ad6f1adae07b95b4219143,docs/artifacts/longer-mqar/official-core-20260526,docs/artifacts/20260519-gd-r10-gdn-official-b64-fp32/flash-r10-final.csv,tmp/20260526-longer-mqar-official-core/logs/formal-gd-r10-s126-d123-b64-ga4-fp32-noearly4ep-8190x512-n500-b8-gpu1.log,,,,123,37a8533a985fabd3db03daf9dfd3a8e0936513ab724039c63b9a22bf352d002d,"sha256(inputs,labels)",500x8190,500x8190,500,torch.int64/torch.int64,d6c4ce3ec3b2805a2b23b6dc5cc15f2ef2d5769569c074c0796c509d79856b4a,sha256,passed,true,,,,
2,20260526-longer-mqar-official-core:formal:gd-cb256-r4-s123-d123-b64-ga4-fp32-noearly4ep:8190x512:n500,20260526-longer-mqar-official-core:formal:gd-cb256-r4-s123-d123-b64-ga4-fp32-noearly4ep:8190x512:n500,20260526-longer-mqar-official-core,longer_mqar_eval_only,longer_mqar_eval_only_vocab8192_official_core_20260526,formal,completed,2026-05-25T21:34:08.141775+00:00,flash,gd-cb256-r4-s123-d123-b64-ga4-fp32-noearly4ep,cb256-r4,cb256-r4-s123-d123,b64_ga4_fp32_official,gd_residual_v1_capacity_decomposition_b64_ga4_fp32,flash_capacity_decomposition_official_b64_ga4_fp32,64,16,4,256,b64_ga4,float32,float32,float32,float32,float32,float32,123,123,cb256-r4,cb256-r4-s123-d123,256,4,,,,,,4,4,2,true,checkpoints/flash-vqg-20260520-flash-capacity-decomposition-gd-cb256-r4-s123-2026-05-20-13-04-52/gd-cb256-r4-s123-d123-b64-ga4-fp32-noearly4ep/train_config.json,/home/lyj/mnt/project/zoology/checkpoints/flash-vqg-20260520-flash-capacity-decomposition-gd-cb256-r4-s123-2026-05-20-13-04-52/gd-cb256-r4-s123-d123-b64-ga4-fp32-noearly4ep/train_config.json,441ac0b57c1d085b19c0fdd6ee4439b72384342309a80277914594a5502de5eb,sha256:d3dc1bbc0cdb8167724ce29ec83deeb980d6f957719441e259bde63ed8d22281,last.pt_epoch4_final,checkpoints/flash-vqg-20260520-flash-capacity-decomposition-gd-cb256-r4-s123-2026-05-20-13-04-52/gd-cb256-r4-s123-d123-b64-ga4-fp32-noearly4ep/last.pt,/home/lyj/mnt/project/zoology/checkpoints/flash-vqg-20260520-flash-capacity-decomposition-gd-cb256-r4-s123-2026-05-20-13-04-52/gd-cb256-r4-s123-d123-b64-ga4-fp32-noearly4ep/last.pt,true,d3dc1bbc0cdb8167724ce29ec83deeb980d6f957719441e259bde63ed8d22281,8939973,2026-05-20T18:11:36.975921+00:00,3,,0.14954757690429688,0.98034765625,0.8950234375,1183430,,131072,mqar-vocab8192-pass1-seed123-rnq1-power0.01-8190x512-n500,multiquery_ar,8192,8190,512,1,500,16,true,123,true,0.01,,,completed,8190x2047,8190,2047,32,32;16;8;4;2;1,16,8856.19140625,"b32:oom:oom:torch.OutOfMemoryError: CUDA out of memory. Tried to allocate 4.00 GiB. GPU 0 has a total capacity of 10.74 GiB of which 2.97 GiB is free. Process 1219553 has 7.75 GiB memory in use. Of the allocated memory 7.47 GiB is allocated by PyTorch, and 90.38 MiB is reserved by PyTorch but unallocated. If reserved but unallocated memory is large try setting PYTORCH_CUDA_ALLOC_CONF=expandable_segments:True to avoid fragmentation.  See documentation for Memory Management  (https://pytorch.org/docs/stable/notes/cuda.html#environment-variables)",same_gpu_same_dtype_same_runner_only,true,0,0,NVIDIA GeForce RTX 2080 Ti,11264,7.5,GPU-57c29499-bcb3-27f6-4360-e60939528a9b,2.6.0+cu118,11.8,550.120,float32,float32,b64_ga4_fp32_official,NVIDIA_GeForce_RTX_2080_Ti-11264MiB-cc7.5-driver550.120-torch2.6.0+cu118-cuda11.8,2.6469719409942627,0.566734375,2.6469719409942627,0.566734375,581.2930703163147,00:09:41,8856.22265625,8856.22265625,8946.0,NVIDIA_GeForce_RTX_2080_Ti-11264MiB-cc7.5-driver550.120-torch2.6.0+cu118-cuda11.8,measured_current_host,0,0,NVIDIA GeForce RTX 2080 Ti,11264,7.5,GPU-57c29499-bcb3-27f6-4360-e60939528a9b,2.6.0+cu118,11.8,550.120,8eb730be36bbb0876ed83a332d364c65acb36b28,8eb730be36bbb0876ed83a332d364c65acb36b28,811e1ce5f140e97d93ad6f1adae07b95b4219143,docs/artifacts/longer-mqar/official-core-20260526,docs/artifacts/20260520-flash-capacity-decomposition/flash-capacity-decomp-final.csv,tmp/20260526-longer-mqar-official-core/logs/formal-gd-cb256-r4-s123-d123-b64-ga4-fp32-noearly4ep-8190x512-n500-b16-gpu0.log,,,,123,37a8533a985fabd3db03daf9dfd3a8e0936513ab724039c63b9a22bf352d002d,"sha256(inputs,labels)",500x8190,500x8190,500,torch.int64/torch.int64,d3dc1bbc0cdb8167724ce29ec83deeb980d6f957719441e259bde63ed8d22281,sha256,passed,true,,,,
2,20260526-longer-mqar-official-core:formal:gd-cb256-r4-s123-d123-b64-ga4-fp32-noearly4ep:8190x2047:n500,20260526-longer-mqar-official-core:formal:gd-cb256-r4-s123-d123-b64-ga4-fp32-noearly4ep:8190x2047:n500,20260526-longer-mqar-official-core,longer_mqar_eval_only,longer_mqar_eval_only_vocab8192_official_core_20260526,formal,completed,2026-05-25T21:42:59.195017+00:00,flash,gd-cb256-r4-s123-d123-b64-ga4-fp32-noearly4ep,cb256-r4,cb256-r4-s123-d123,b64_ga4_fp32_official,gd_residual_v1_capacity_decomposition_b64_ga4_fp32,flash_capacity_decomposition_official_b64_ga4_fp32,64,16,4,256,b64_ga4,float32,float32,float32,float32,float32,float32,123,123,cb256-r4,cb256-r4-s123-d123,256,4,,,,,,4,4,2,true,checkpoints/flash-vqg-20260520-flash-capacity-decomposition-gd-cb256-r4-s123-2026-05-20-13-04-52/gd-cb256-r4-s123-d123-b64-ga4-fp32-noearly4ep/train_config.json,/home/lyj/mnt/project/zoology/checkpoints/flash-vqg-20260520-flash-capacity-decomposition-gd-cb256-r4-s123-2026-05-20-13-04-52/gd-cb256-r4-s123-d123-b64-ga4-fp32-noearly4ep/train_config.json,441ac0b57c1d085b19c0fdd6ee4439b72384342309a80277914594a5502de5eb,sha256:d3dc1bbc0cdb8167724ce29ec83deeb980d6f957719441e259bde63ed8d22281,last.pt_epoch4_final,checkpoints/flash-vqg-20260520-flash-capacity-decomposition-gd-cb256-r4-s123-2026-05-20-13-04-52/gd-cb256-r4-s123-d123-b64-ga4-fp32-noearly4ep/last.pt,/home/lyj/mnt/project/zoology/checkpoints/flash-vqg-20260520-flash-capacity-decomposition-gd-cb256-r4-s123-2026-05-20-13-04-52/gd-cb256-r4-s123-d123-b64-ga4-fp32-noearly4ep/last.pt,true,d3dc1bbc0cdb8167724ce29ec83deeb980d6f957719441e259bde63ed8d22281,8939973,2026-05-20T18:11:36.975921+00:00,3,,0.14954757690429688,0.98034765625,0.8950234375,1183430,,131072,mqar-vocab8192-pass1-seed123-rnq1-power0.01-8190x2047-n500,multiquery_ar,8192,8190,2047,1,500,16,true,123,true,0.01,,,completed,8190x2047,8190,2047,32,32;16;8;4;2;1,16,8856.19140625,"b32:oom:oom:torch.OutOfMemoryError: CUDA out of memory. Tried to allocate 4.00 GiB. GPU 0 has a total capacity of 10.74 GiB of which 2.97 GiB is free. Process 1219553 has 7.75 GiB memory in use. Of the allocated memory 7.47 GiB is allocated by PyTorch, and 90.38 MiB is reserved by PyTorch but unallocated. If reserved but unallocated memory is large try setting PYTORCH_CUDA_ALLOC_CONF=expandable_segments:True to avoid fragmentation.  See documentation for Memory Management  (https://pytorch.org/docs/stable/notes/cuda.html#environment-variables)",same_gpu_same_dtype_same_runner_only,true,0,0,NVIDIA GeForce RTX 2080 Ti,11264,7.5,GPU-57c29499-bcb3-27f6-4360-e60939528a9b,2.6.0+cu118,11.8,550.120,float32,float32,b64_ga4_fp32_official,NVIDIA_GeForce_RTX_2080_Ti-11264MiB-cc7.5-driver550.120-torch2.6.0+cu118-cuda11.8,5.555904865264893,0.1717020029311187,5.555904865264893,0.17170200293111873,530.116623878479,00:08:50,8856.22265625,8856.22265625,8952.0,NVIDIA_GeForce_RTX_2080_Ti-11264MiB-cc7.5-driver550.120-torch2.6.0+cu118-cuda11.8,measured_current_host,0,0,NVIDIA GeForce RTX 2080 Ti,11264,7.5,GPU-57c29499-bcb3-27f6-4360-e60939528a9b,2.6.0+cu118,11.8,550.120,8eb730be36bbb0876ed83a332d364c65acb36b28,8eb730be36bbb0876ed83a332d364c65acb36b28,811e1ce5f140e97d93ad6f1adae07b95b4219143,docs/artifacts/longer-mqar/official-core-20260526,docs/artifacts/20260520-flash-capacity-decomposition/flash-capacity-decomp-final.csv,tmp/20260526-longer-mqar-official-core/logs/formal-gd-cb256-r4-s123-d123-b64-ga4-fp32-noearly4ep-8190x2047-n500-b16-gpu0.log,,,,123,8c16a91ea127bb7bf2130238ecd56b49fb1fd73bb3e0c2f4c586ddba8e9b97a9,"sha256(inputs,labels)",500x8190,500x8190,500,torch.int64/torch.int64,d3dc1bbc0cdb8167724ce29ec83deeb980d6f957719441e259bde63ed8d22281,sha256,passed,true,,,,
2,20260526-longer-mqar-official-core:repro:gd-cb256-r4-s123-d123-b64-ga4-fp32-noearly4ep:1024x256:n500,20260526-longer-mqar-official-core:repro:gd-cb256-r4-s123-d123-b64-ga4-fp32-noearly4ep:1024x256:n500,20260526-longer-mqar-official-core,longer_mqar_eval_only,longer_mqar_eval_only_vocab8192_official_core_20260526,repro,completed,2026-05-25T21:43:45.017183+00:00,flash,gd-cb256-r4-s123-d123-b64-ga4-fp32-noearly4ep,cb256-r4,cb256-r4-s123-d123,b64_ga4_fp32_official,gd_residual_v1_capacity_decomposition_b64_ga4_fp32,flash_capacity_decomposition_official_b64_ga4_fp32,64,16,4,256,b64_ga4,float32,float32,float32,float32,float32,float32,123,123,cb256-r4,cb256-r4-s123-d123,256,4,,,,,,4,4,2,true,checkpoints/flash-vqg-20260520-flash-capacity-decomposition-gd-cb256-r4-s123-2026-05-20-13-04-52/gd-cb256-r4-s123-d123-b64-ga4-fp32-noearly4ep/train_config.json,/home/lyj/mnt/project/zoology/checkpoints/flash-vqg-20260520-flash-capacity-decomposition-gd-cb256-r4-s123-2026-05-20-13-04-52/gd-cb256-r4-s123-d123-b64-ga4-fp32-noearly4ep/train_config.json,441ac0b57c1d085b19c0fdd6ee4439b72384342309a80277914594a5502de5eb,sha256:d3dc1bbc0cdb8167724ce29ec83deeb980d6f957719441e259bde63ed8d22281,last.pt_epoch4_final,checkpoints/flash-vqg-20260520-flash-capacity-decomposition-gd-cb256-r4-s123-2026-05-20-13-04-52/gd-cb256-r4-s123-d123-b64-ga4-fp32-noearly4ep/last.pt,/home/lyj/mnt/project/zoology/checkpoints/flash-vqg-20260520-flash-capacity-decomposition-gd-cb256-r4-s123-2026-05-20-13-04-52/gd-cb256-r4-s123-d123-b64-ga4-fp32-noearly4ep/last.pt,true,d3dc1bbc0cdb8167724ce29ec83deeb980d6f957719441e259bde63ed8d22281,8939973,2026-05-20T18:11:36.975921+00:00,3,,0.14954757690429688,0.98034765625,0.8950234375,1183430,,131072,mqar-vocab8192-pass1-seed123-rnq1-power0.01-1024x256-n500,multiquery_ar,8192,1024,256,1,500,32,false,123,true,0.01,,,,,,,,,,,,,,,,,,,,,,,,,,,0.7658779621124268,0.89415625,0.7658779621124268,0.89415625,44.946521520614624,00:00:44,2207.9560546875,2207.9560546875,4296.0,NVIDIA_GeForce_RTX_2080_Ti-11264MiB-cc7.5-driver550.120-torch2.6.0+cu118-cuda11.8,measured_current_host,0,0,NVIDIA GeForce RTX 2080 Ti,11264,7.5,GPU-57c29499-bcb3-27f6-4360-e60939528a9b,2.6.0+cu118,11.8,550.120,8eb730be36bbb0876ed83a332d364c65acb36b28,8eb730be36bbb0876ed83a332d364c65acb36b28,811e1ce5f140e97d93ad6f1adae07b95b4219143,docs/artifacts/longer-mqar/official-core-20260526,docs/artifacts/20260520-flash-capacity-decomposition/flash-capacity-decomp-final.csv,tmp/20260526-longer-mqar-official-core/logs/repro-gd-cb256-r4-s123-d123-b64-ga4-fp32-noearly4ep-1024x256-n500-b32-gpu0.log,,,,123,f30f1e09e1300deb2e0f430d7c50c47a77f58f43657aa4d6f425f938a91a9acb,"sha256(inputs,labels)",500x1024,500x1024,500,torch.int64/torch.int64,d3dc1bbc0cdb8167724ce29ec83deeb980d6f957719441e259bde63ed8d22281,sha256,passed,true,20260526-longer-mqar-official-core:formal:gd-cb256-r4-s123-d123-b64-ga4-fp32-noearly4ep:1024x256:n500,true,0.0,true
2,20260526-longer-mqar-official-core:batch_search:gdn-h2-ev8-s123-d123-b64-ga4-fp32-noearly4ep:1024x256:n32,20260526-longer-mqar-official-core:batch_search:gdn-h2-ev8-s123-d123-b64-ga4-fp32-noearly4ep:1024x256:n32,20260526-longer-mqar-official-core,longer_mqar_eval_only,longer_mqar_eval_only_vocab8192_official_core_20260526,batch_search,completed,2026-05-25T21:44:09.922544+00:00,gdn,gdn-h2-ev8-s123-d123-b64-ga4-fp32-noearly4ep,current_float32_capacity_up_official,gdn-h2-ev8-usegate0-s123-d123,b64_ga4_fp32_official,b64_ga4_fp32_official,capacity_up_official_b64_ga4_fp32,64,16,4,256,b64_ga4,float32,float32,float32,float32,float32,float32,123,123,gdn-h2-ev8-usegate0,gdn-h2-ev8-usegate0-s123-d123,,,2,8,false,true,4,4,4,2,true,checkpoints/flash-vqg-20260519-gd-r10-gdn-official-b64-fp32-gdn-h2-ev8-s123-2026-05-20-01-08-57/gdn-h2-ev8-s123-d123-b64-ga4-fp32-noearly4ep/train_config.json,/home/lyj/mnt/project/zoology/checkpoints/flash-vqg-20260519-gd-r10-gdn-official-b64-fp32-gdn-h2-ev8-s123-2026-05-20-01-08-57/gdn-h2-ev8-s123-d123-b64-ga4-fp32-noearly4ep/train_config.json,d8299eb6fde6ee773902b3a947a5ace6491007c2e4f1a9246aedd50a4d1dc518,sha256:250673e5758e635a85ce6830c733f5549a7a0393a3776ed0fceeb3ab43c5fd9e,last.pt_epoch4_final,checkpoints/flash-vqg-20260519-gd-r10-gdn-official-b64-fp32-gdn-h2-ev8-s123-2026-05-20-01-08-57/gdn-h2-ev8-s123-d123-b64-ga4-fp32-noearly4ep/last.pt,/home/lyj/mnt/project/zoology/checkpoints/flash-vqg-20260519-gd-r10-gdn-official-b64-fp32-gdn-h2-ev8-s123-2026-05-20-01-08-57/gdn-h2-ev8-s123-d123-b64-ga4-fp32-noearly4ep/last.pt,true,250673e5758e635a85ce6830c733f5549a7a0393a3776ed0fceeb3ab43c5fd9e,9676223,2026-05-20T01:20:18.938136+00:00,3,,0.2898484170436859,0.97862255859375,0.83168359375,1367942,65536,65536,mqar-vocab8192-pass1-seed123-rnq1-power0.01-1024x256-n32,multiquery_ar,8192,1024,256,1,32,32,true,123,true,0.01,,,completed,1024x256,1024,256,32,32;16;8;4;2;1,32,2061.845703125,,same_gpu_same_dtype_same_runner_only,true,0,0,NVIDIA GeForce RTX 2080 Ti,11264,7.5,GPU-57c29499-bcb3-27f6-4360-e60939528a9b,2.6.0+cu118,11.8,550.120,float32,float32,b64_ga4_fp32_official,NVIDIA_GeForce_RTX_2080_Ti-11264MiB-cc7.5-driver550.120-torch2.6.0+cu118-cuda11.8,1.9469741582870483,0.8323974609375,1.9469741582870483,0.8323974609375,24.024927139282227,00:00:24,2061.845703125,2061.845703125,3342.0,NVIDIA_GeForce_RTX_2080_Ti-11264MiB-cc7.5-driver550.120-torch2.6.0+cu118-cuda11.8,measured_current_host,0,0,NVIDIA GeForce RTX 2080 Ti,11264,7.5,GPU-57c29499-bcb3-27f6-4360-e60939528a9b,2.6.0+cu118,11.8,550.120,8eb730be36bbb0876ed83a332d364c65acb36b28,8eb730be36bbb0876ed83a332d364c65acb36b28,811e1ce5f140e97d93ad6f1adae07b95b4219143,docs/artifacts/longer-mqar/official-core-20260526,docs/artifacts/20260519-gd-r10-gdn-official-b64-fp32/gdn-official-final.csv,tmp/20260526-longer-mqar-official-core/logs/batch-search-candidate-gdn-h2-ev8-s123-d123-b64-ga4-fp32-noearly4ep-1024x256-n32-b32-gpu0.log,,,,123,68500f1bc9fdc7ff4edc301ab7303d253d578a27cbbbf7613c74e3e6a04cc9f3,"sha256(inputs,labels)",32x1024,32x1024,32,torch.int64/torch.int64,250673e5758e635a85ce6830c733f5549a7a0393a3776ed0fceeb3ab43c5fd9e,sha256,passed,true,,,,
2,20260526-longer-mqar-official-core:batch_search:gdn-h2-ev8-s123-d123-b64-ga4-fp32-noearly4ep:2048x512:n32,20260526-longer-mqar-official-core:batch_search:gdn-h2-ev8-s123-d123-b64-ga4-fp32-noearly4ep:2048x512:n32,20260526-longer-mqar-official-core,longer_mqar_eval_only,longer_mqar_eval_only_vocab8192_official_core_20260526,batch_search,completed,2026-05-25T21:44:37.093241+00:00,gdn,gdn-h2-ev8-s123-d123-b64-ga4-fp32-noearly4ep,current_float32_capacity_up_official,gdn-h2-ev8-usegate0-s123-d123,b64_ga4_fp32_official,b64_ga4_fp32_official,capacity_up_official_b64_ga4_fp32,64,16,4,256,b64_ga4,float32,float32,float32,float32,float32,float32,123,123,gdn-h2-ev8-usegate0,gdn-h2-ev8-usegate0-s123-d123,,,2,8,false,true,4,4,4,2,true,checkpoints/flash-vqg-20260519-gd-r10-gdn-official-b64-fp32-gdn-h2-ev8-s123-2026-05-20-01-08-57/gdn-h2-ev8-s123-d123-b64-ga4-fp32-noearly4ep/train_config.json,/home/lyj/mnt/project/zoology/checkpoints/flash-vqg-20260519-gd-r10-gdn-official-b64-fp32-gdn-h2-ev8-s123-2026-05-20-01-08-57/gdn-h2-ev8-s123-d123-b64-ga4-fp32-noearly4ep/train_config.json,d8299eb6fde6ee773902b3a947a5ace6491007c2e4f1a9246aedd50a4d1dc518,sha256:250673e5758e635a85ce6830c733f5549a7a0393a3776ed0fceeb3ab43c5fd9e,last.pt_epoch4_final,checkpoints/flash-vqg-20260519-gd-r10-gdn-official-b64-fp32-gdn-h2-ev8-s123-2026-05-20-01-08-57/gdn-h2-ev8-s123-d123-b64-ga4-fp32-noearly4ep/last.pt,/home/lyj/mnt/project/zoology/checkpoints/flash-vqg-20260519-gd-r10-gdn-official-b64-fp32-gdn-h2-ev8-s123-2026-05-20-01-08-57/gdn-h2-ev8-s123-d123-b64-ga4-fp32-noearly4ep/last.pt,true,250673e5758e635a85ce6830c733f5549a7a0393a3776ed0fceeb3ab43c5fd9e,9676223,2026-05-20T01:20:18.938136+00:00,3,,0.2898484170436859,0.97862255859375,0.83168359375,1367942,65536,65536,mqar-vocab8192-pass1-seed123-rnq1-power0.01-2048x512-n32,multiquery_ar,8192,2048,512,1,32,32,true,123,true,0.01,,,completed,2048x512,2048,512,32,32;16;8;4;2;1,32,4110.345703125,,same_gpu_same_dtype_same_runner_only,true,0,0,NVIDIA GeForce RTX 2080 Ti,11264,7.5,GPU-57c29499-bcb3-27f6-4360-e60939528a9b,2.6.0+cu118,11.8,550.120,float32,float32,b64_ga4_fp32_official,NVIDIA_GeForce_RTX_2080_Ti-11264MiB-cc7.5-driver550.120-torch2.6.0+cu118-cuda11.8,4.670354843139648,0.36834716796875,4.670354843139648,0.36834716796875,26.27415633201599,00:00:26,4110.345703125,4110.345703125,6140.0,NVIDIA_GeForce_RTX_2080_Ti-11264MiB-cc7.5-driver550.120-torch2.6.0+cu118-cuda11.8,measured_current_host,0,0,NVIDIA GeForce RTX 2080 Ti,11264,7.5,GPU-57c29499-bcb3-27f6-4360-e60939528a9b,2.6.0+cu118,11.8,550.120,8eb730be36bbb0876ed83a332d364c65acb36b28,8eb730be36bbb0876ed83a332d364c65acb36b28,811e1ce5f140e97d93ad6f1adae07b95b4219143,docs/artifacts/longer-mqar/official-core-20260526,docs/artifacts/20260519-gd-r10-gdn-official-b64-fp32/gdn-official-final.csv,tmp/20260526-longer-mqar-official-core/logs/batch-search-candidate-gdn-h2-ev8-s123-d123-b64-ga4-fp32-noearly4ep-2048x512-n32-b32-gpu0.log,,,,123,34ea18c38dae38e2860b711425f27d090597975373a954d128324e3a04dcb012,"sha256(inputs,labels)",32x2048,32x2048,32,torch.int64/torch.int64,250673e5758e635a85ce6830c733f5549a7a0393a3776ed0fceeb3ab43c5fd9e,sha256,passed,true,,,,
2,20260526-longer-mqar-official-core:batch_search:gdn-h2-ev8-s123-d123-b64-ga4-fp32-noearly4ep:4096x1024:n32,20260526-longer-mqar-official-core:batch_search:gdn-h2-ev8-s123-d123-b64-ga4-fp32-noearly4ep:4096x1024:n32,20260526-longer-mqar-official-core,longer_mqar_eval_only,longer_mqar_eval_only_vocab8192_official_core_20260526,batch_search,completed,2026-05-25T21:45:09.769486+00:00,gdn,gdn-h2-ev8-s123-d123-b64-ga4-fp32-noearly4ep,current_float32_capacity_up_official,gdn-h2-ev8-usegate0-s123-d123,b64_ga4_fp32_official,b64_ga4_fp32_official,capacity_up_official_b64_ga4_fp32,64,16,4,256,b64_ga4,float32,float32,float32,float32,float32,float32,123,123,gdn-h2-ev8-usegate0,gdn-h2-ev8-usegate0-s123-d123,,,2,8,false,true,4,4,4,2,true,checkpoints/flash-vqg-20260519-gd-r10-gdn-official-b64-fp32-gdn-h2-ev8-s123-2026-05-20-01-08-57/gdn-h2-ev8-s123-d123-b64-ga4-fp32-noearly4ep/train_config.json,/home/lyj/mnt/project/zoology/checkpoints/flash-vqg-20260519-gd-r10-gdn-official-b64-fp32-gdn-h2-ev8-s123-2026-05-20-01-08-57/gdn-h2-ev8-s123-d123-b64-ga4-fp32-noearly4ep/train_config.json,d8299eb6fde6ee773902b3a947a5ace6491007c2e4f1a9246aedd50a4d1dc518,sha256:250673e5758e635a85ce6830c733f5549a7a0393a3776ed0fceeb3ab43c5fd9e,last.pt_epoch4_final,checkpoints/flash-vqg-20260519-gd-r10-gdn-official-b64-fp32-gdn-h2-ev8-s123-2026-05-20-01-08-57/gdn-h2-ev8-s123-d123-b64-ga4-fp32-noearly4ep/last.pt,/home/lyj/mnt/project/zoology/checkpoints/flash-vqg-20260519-gd-r10-gdn-official-b64-fp32-gdn-h2-ev8-s123-2026-05-20-01-08-57/gdn-h2-ev8-s123-d123-b64-ga4-fp32-noearly4ep/last.pt,true,250673e5758e635a85ce6830c733f5549a7a0393a3776ed0fceeb3ab43c5fd9e,9676223,2026-05-20T01:20:18.938136+00:00,3,,0.2898484170436859,0.97862255859375,0.83168359375,1367942,65536,65536,mqar-vocab8192-pass1-seed123-rnq1-power0.01-4096x1024-n32,multiquery_ar,8192,4096,1024,1,32,32,true,123,true,0.01,,,completed,4096x1024,4096,1024,32,32;16;8;4;2;1,32,8207.345703125,,same_gpu_same_dtype_same_runner_only,true,0,0,NVIDIA GeForce RTX 2080 Ti,11264,7.5,GPU-57c29499-bcb3-27f6-4360-e60939528a9b,2.6.0+cu118,11.8,550.120,float32,float32,b64_ga4_fp32_official,NVIDIA_GeForce_RTX_2080_Ti-11264MiB-cc7.5-driver550.120-torch2.6.0+cu118-cuda11.8,7.353166580200195,0.1038818359375,7.353166580200195,0.1038818359375,31.735421419143677,00:00:31,8207.345703125,8207.345703125,8218.0,NVIDIA_GeForce_RTX_2080_Ti-11264MiB-cc7.5-driver550.120-torch2.6.0+cu118-cuda11.8,measured_current_host,0,0,NVIDIA GeForce RTX 2080 Ti,11264,7.5,GPU-57c29499-bcb3-27f6-4360-e60939528a9b,2.6.0+cu118,11.8,550.120,8eb730be36bbb0876ed83a332d364c65acb36b28,8eb730be36bbb0876ed83a332d364c65acb36b28,811e1ce5f140e97d93ad6f1adae07b95b4219143,docs/artifacts/longer-mqar/official-core-20260526,docs/artifacts/20260519-gd-r10-gdn-official-b64-fp32/gdn-official-final.csv,tmp/20260526-longer-mqar-official-core/logs/batch-search-candidate-gdn-h2-ev8-s123-d123-b64-ga4-fp32-noearly4ep-4096x1024-n32-b32-gpu0.log,,,,123,55274181d24158d3fe53491784d87fabe3a981427663df2ac8ed40876e72a1b8,"sha256(inputs,labels)",32x4096,32x4096,32,torch.int64/torch.int64,250673e5758e635a85ce6830c733f5549a7a0393a3776ed0fceeb3ab43c5fd9e,sha256,passed,true,,,,
2,20260526-longer-mqar-official-core:formal:gd-r10-s126-d123-b64-ga4-fp32-noearly4ep:8190x2047:n500,20260526-longer-mqar-official-core:formal:gd-r10-s126-d123-b64-ga4-fp32-noearly4ep:8190x2047:n500,20260526-longer-mqar-official-core,longer_mqar_eval_only,longer_mqar_eval_only_vocab8192_official_core_20260526,formal,completed,2026-05-25T21:45:29.220786+00:00,flash,gd-r10-s126-d123-b64-ga4-fp32-noearly4ep,cb256-r10,cb256-r10-s126-d123,b64_ga4_fp32_official,gd_residual_v1_cb256_r10_noearly4ep_b64_ga4_fp32,r10_seed_stability_official_b64_ga4_fp32,64,16,4,256,b64_ga4,float32,float32,float32,float32,float32,float32,126,123,cb256-r10,cb256-r10-s126-d123,256,10,,,,,,4,4,2,true,checkpoints/flash-vqg-20260519-gd-r10-gdn-official-b64-fp32-flash-r10-s126-2026-05-19-22-14-47/gd-r10-s126-d123-b64-ga4-fp32-noearly4ep/train_config.json,/home/lyj/mnt/project/zoology/checkpoints/flash-vqg-20260519-gd-r10-gdn-official-b64-fp32-flash-r10-s126-2026-05-19-22-14-47/gd-r10-s126-d123-b64-ga4-fp32-noearly4ep/train_config.json,919c5c08a7aec30828a3da67753260e6a559a67badf804e04702b5762a83e88d,sha256:d6c4ce3ec3b2805a2b23b6dc5cc15f2ef2d5769569c074c0796c509d79856b4a,last.pt_epoch4_final,checkpoints/flash-vqg-20260519-gd-r10-gdn-official-b64-fp32-flash-r10-s126-2026-05-19-22-14-47/gd-r10-s126-d123-b64-ga4-fp32-noearly4ep/last.pt,/home/lyj/mnt/project/zoology/checkpoints/flash-vqg-20260519-gd-r10-gdn-official-b64-fp32-flash-r10-s126-2026-05-19-22-14-47/gd-r10-s126-d123-b64-ga4-fp32-noearly4ep/last.pt,true,d6c4ce3ec3b2805a2b23b6dc5cc15f2ef2d5769569c074c0796c509d79856b4a,8943045,2026-05-20T03:39:00.094897+00:00,3,,0.24004417657852173,0.96753125,0.7871953125,1184198,,327680,mqar-vocab8192-pass1-seed123-rnq1-power0.01-8190x2047-n500,multiquery_ar,8192,8190,2047,1,500,8,true,123,true,0.01,,,completed,8190x2047,8190,2047,32,32;16;8;4;2;1,8,7903.4677734375,"b32:oom:oom:torch.OutOfMemoryError: CUDA out of memory. Tried to allocate 10.00 GiB. GPU 0 has a total capacity of 10.75 GiB of which 7.01 GiB is free. Process 1218336 has 3.73 GiB memory in use. Of the allocated memory 3.42 GiB is allocated by PyTorch, and 122.85 MiB is reserved by PyTorch but unallocated. If reserved but unallocated memory is large try setting PYTORCH_CUDA_ALLOC_CONF=expandable_segments:True to avoid fragmentation.  See documentation for Memory Management  (https://pytorch.org/docs/stable/notes/cuda.html#environment-variables) | b16:oom:oom:torch.OutOfMemoryError: CUDA out of memory. Tried to allocate 5.00 GiB. GPU 0 has a total capacity of 10.75 GiB of which 3.75 GiB is free. Process 1218408 has 6.99 GiB memory in use. Of the allocated memory 6.76 GiB is allocated by PyTorch, and 45.96 MiB is reserved by PyTorch but unallocated. If reserved but unallocated memory is large try setting PYTORCH_CUDA_ALLOC_CONF=expandable_segments:True to avoid fragmentation.  See documentation for Memory Management  (https://pytorch.org/docs/stable/notes/cuda.html#environment-variables)",same_gpu_same_dtype_same_runner_only,true,1,1,NVIDIA GeForce RTX 2080 Ti,11264,7.5,GPU-0def3eeb-c2d0-4f49-ec2a-ebc1d8453b98,2.6.0+cu118,11.8,550.120,float32,float32,b64_ga4_fp32_official,NVIDIA_GeForce_RTX_2080_Ti-11264MiB-cc7.5-driver550.120-torch2.6.0+cu118-cuda11.8,9.13157844543457,0.028369320957498778,9.13157844543457,0.028369320957498778,987.7913587093353,00:16:27,7903.4677734375,7903.4677734375,8752.0,NVIDIA_GeForce_RTX_2080_Ti-11264MiB-cc7.5-driver550.120-torch2.6.0+cu118-cuda11.8,measured_current_host,1,1,NVIDIA GeForce RTX 2080 Ti,11264,7.5,GPU-0def3eeb-c2d0-4f49-ec2a-ebc1d8453b98,2.6.0+cu118,11.8,550.120,8eb730be36bbb0876ed83a332d364c65acb36b28,8eb730be36bbb0876ed83a332d364c65acb36b28,811e1ce5f140e97d93ad6f1adae07b95b4219143,docs/artifacts/longer-mqar/official-core-20260526,docs/artifacts/20260519-gd-r10-gdn-official-b64-fp32/flash-r10-final.csv,tmp/20260526-longer-mqar-official-core/logs/formal-gd-r10-s126-d123-b64-ga4-fp32-noearly4ep-8190x2047-n500-b8-gpu1.log,,,,123,8c16a91ea127bb7bf2130238ecd56b49fb1fd73bb3e0c2f4c586ddba8e9b97a9,"sha256(inputs,labels)",500x8190,500x8190,500,torch.int64/torch.int64,d6c4ce3ec3b2805a2b23b6dc5cc15f2ef2d5769569c074c0796c509d79856b4a,sha256,passed,true,,,,
2,20260526-longer-mqar-official-core:repro:gd-r10-s126-d123-b64-ga4-fp32-noearly4ep:1024x256:n500,20260526-longer-mqar-official-core:repro:gd-r10-s126-d123-b64-ga4-fp32-noearly4ep:1024x256:n500,20260526-longer-mqar-official-core,longer_mqar_eval_only,longer_mqar_eval_only_vocab8192_official_core_20260526,repro,completed,2026-05-25T21:46:18.151638+00:00,flash,gd-r10-s126-d123-b64-ga4-fp32-noearly4ep,cb256-r10,cb256-r10-s126-d123,b64_ga4_fp32_official,gd_residual_v1_cb256_r10_noearly4ep_b64_ga4_fp32,r10_seed_stability_official_b64_ga4_fp32,64,16,4,256,b64_ga4,float32,float32,float32,float32,float32,float32,126,123,cb256-r10,cb256-r10-s126-d123,256,10,,,,,,4,4,2,true,checkpoints/flash-vqg-20260519-gd-r10-gdn-official-b64-fp32-flash-r10-s126-2026-05-19-22-14-47/gd-r10-s126-d123-b64-ga4-fp32-noearly4ep/train_config.json,/home/lyj/mnt/project/zoology/checkpoints/flash-vqg-20260519-gd-r10-gdn-official-b64-fp32-flash-r10-s126-2026-05-19-22-14-47/gd-r10-s126-d123-b64-ga4-fp32-noearly4ep/train_config.json,919c5c08a7aec30828a3da67753260e6a559a67badf804e04702b5762a83e88d,sha256:d6c4ce3ec3b2805a2b23b6dc5cc15f2ef2d5769569c074c0796c509d79856b4a,last.pt_epoch4_final,checkpoints/flash-vqg-20260519-gd-r10-gdn-official-b64-fp32-flash-r10-s126-2026-05-19-22-14-47/gd-r10-s126-d123-b64-ga4-fp32-noearly4ep/last.pt,/home/lyj/mnt/project/zoology/checkpoints/flash-vqg-20260519-gd-r10-gdn-official-b64-fp32-flash-r10-s126-2026-05-19-22-14-47/gd-r10-s126-d123-b64-ga4-fp32-noearly4ep/last.pt,true,d6c4ce3ec3b2805a2b23b6dc5cc15f2ef2d5769569c074c0796c509d79856b4a,8943045,2026-05-20T03:39:00.094897+00:00,3,,0.24004417657852173,0.96753125,0.7871953125,1184198,,327680,mqar-vocab8192-pass1-seed123-rnq1-power0.01-1024x256-n500,multiquery_ar,8192,1024,256,1,500,32,false,123,true,0.01,,,,,,,,,,,,,,,,,,,,,,,,,,,1.407680869102478,0.7888984375,1.407680869102478,0.7888984375,48.040109157562256,00:00:48,3942.958984375,3942.958984375,4422.0,NVIDIA_GeForce_RTX_2080_Ti-11264MiB-cc7.5-driver550.120-torch2.6.0+cu118-cuda11.8,measured_current_host,1,1,NVIDIA GeForce RTX 2080 Ti,11264,7.5,GPU-0def3eeb-c2d0-4f49-ec2a-ebc1d8453b98,2.6.0+cu118,11.8,550.120,8eb730be36bbb0876ed83a332d364c65acb36b28,8eb730be36bbb0876ed83a332d364c65acb36b28,811e1ce5f140e97d93ad6f1adae07b95b4219143,docs/artifacts/longer-mqar/official-core-20260526,docs/artifacts/20260519-gd-r10-gdn-official-b64-fp32/flash-r10-final.csv,tmp/20260526-longer-mqar-official-core/logs/repro-gd-r10-s126-d123-b64-ga4-fp32-noearly4ep-1024x256-n500-b32-gpu1.log,,,,123,f30f1e09e1300deb2e0f430d7c50c47a77f58f43657aa4d6f425f938a91a9acb,"sha256(inputs,labels)",500x1024,500x1024,500,torch.int64/torch.int64,d6c4ce3ec3b2805a2b23b6dc5cc15f2ef2d5769569c074c0796c509d79856b4a,sha256,passed,true,20260526-longer-mqar-official-core:formal:gd-r10-s126-d123-b64-ga4-fp32-noearly4ep:1024x256:n500,true,0.0,true
2,20260526-longer-mqar-official-core:batch_search:gd-cb64-r16-s123-d123-b64-ga4-fp32-noearly4ep:1024x256:n32,20260526-longer-mqar-official-core:batch_search:gd-cb64-r16-s123-d123-b64-ga4-fp32-noearly4ep:1024x256:n32,20260526-longer-mqar-official-core,longer_mqar_eval_only,longer_mqar_eval_only_vocab8192_official_core_20260526,batch_search,completed,2026-05-25T21:46:29.420093+00:00,flash,gd-cb64-r16-s123-d123-b64-ga4-fp32-noearly4ep,cb64-r16,cb64-r16-s123-d123,b64_ga4_fp32_official,gd_residual_v1_capacity_decomposition_b64_ga4_fp32,flash_capacity_decomposition_official_b64_ga4_fp32,64,16,4,256,b64_ga4,float32,float32,float32,float32,float32,float32,123,123,cb64-r16,cb64-r16-s123-d123,64,16,,,,,,4,4,2,true,checkpoints/flash-vqg-20260520-flash-capacity-decomposition-gd-cb64-r16-s123-2026-05-20-18-12-06/gd-cb64-r16-s123-d123-b64-ga4-fp32-noearly4ep/train_config.json,/home/lyj/mnt/project/zoology/checkpoints/flash-vqg-20260520-flash-capacity-decomposition-gd-cb64-r16-s123-2026-05-20-18-12-06/gd-cb64-r16-s123-d123-b64-ga4-fp32-noearly4ep/train_config.json,a04a7a0c1fdaccbc84058929608d3b4474008ed29cda80231e07a67dff0ca6f7,sha256:46c1a28c3fa4b8ebf62b0e69c53c879b60504d4f27d1e1b76ddbc6a1bd2e89e1,last.pt_epoch4_final,checkpoints/flash-vqg-20260520-flash-capacity-decomposition-gd-cb64-r16-s123-2026-05-20-18-12-06/gd-cb64-r16-s123-d123-b64-ga4-fp32-noearly4ep/last.pt,/home/lyj/mnt/project/zoology/checkpoints/flash-vqg-20260520-flash-capacity-decomposition-gd-cb64-r16-s123-2026-05-20-18-12-06/gd-cb64-r16-s123-d123-b64-ga4-fp32-noearly4ep/last.pt,true,46c1a28c3fa4b8ebf62b0e69c53c879b60504d4f27d1e1b76ddbc6a1bd2e89e1,8847813,2026-05-20T22:21:28.345289+00:00,3,,0.07076781243085861,0.99387890625,0.9687109375,1160390,,131072,mqar-vocab8192-pass1-seed123-rnq1-power0.01-1024x256-n32,multiquery_ar,8192,1024,256,1,32,32,true,123,true,0.01,,,completed,1024x256,1024,256,32,32;16;8;4;2;1,32,2166.7421875,,same_gpu_same_dtype_same_runner_only,true,1,1,NVIDIA GeForce RTX 2080 Ti,11264,7.5,GPU-0def3eeb-c2d0-4f49-ec2a-ebc1d8453b98,2.6.0+cu118,11.8,550.120,float32,float32,b64_ga4_fp32_official,NVIDIA_GeForce_RTX_2080_Ti-11264MiB-cc7.5-driver550.120-torch2.6.0+cu118-cuda11.8,0.3628444969654083,0.9686279296875,0.3628444969654083,0.9686279296875,10.399600505828857,00:00:10,2166.7421875,2166.7421875,4234.0,NVIDIA_GeForce_RTX_2080_Ti-11264MiB-cc7.5-driver550.120-torch2.6.0+cu118-cuda11.8,measured_current_host,1,1,NVIDIA GeForce RTX 2080 Ti,11264,7.5,GPU-0def3eeb-c2d0-4f49-ec2a-ebc1d8453b98,2.6.0+cu118,11.8,550.120,8eb730be36bbb0876ed83a332d364c65acb36b28,8eb730be36bbb0876ed83a332d364c65acb36b28,811e1ce5f140e97d93ad6f1adae07b95b4219143,docs/artifacts/longer-mqar/official-core-20260526,docs/artifacts/20260520-flash-capacity-decomposition/flash-capacity-decomp-final.csv,tmp/20260526-longer-mqar-official-core/logs/batch-search-candidate-gd-cb64-r16-s123-d123-b64-ga4-fp32-noearly4ep-1024x256-n32-b32-gpu1.log,,,,123,68500f1bc9fdc7ff4edc301ab7303d253d578a27cbbbf7613c74e3e6a04cc9f3,"sha256(inputs,labels)",32x1024,32x1024,32,torch.int64/torch.int64,46c1a28c3fa4b8ebf62b0e69c53c879b60504d4f27d1e1b76ddbc6a1bd2e89e1,sha256,passed,true,,,,
2,20260526-longer-mqar-official-core:batch_search:gd-cb64-r16-s123-d123-b64-ga4-fp32-noearly4ep:2048x512:n32,20260526-longer-mqar-official-core:batch_search:gd-cb64-r16-s123-d123-b64-ga4-fp32-noearly4ep:2048x512:n32,20260526-longer-mqar-official-core,longer_mqar_eval_only,longer_mqar_eval_only_vocab8192_official_core_20260526,batch_search,completed,2026-05-25T21:46:42.254597+00:00,flash,gd-cb64-r16-s123-d123-b64-ga4-fp32-noearly4ep,cb64-r16,cb64-r16-s123-d123,b64_ga4_fp32_official,gd_residual_v1_capacity_decomposition_b64_ga4_fp32,flash_capacity_decomposition_official_b64_ga4_fp32,64,16,4,256,b64_ga4,float32,float32,float32,float32,float32,float32,123,123,cb64-r16,cb64-r16-s123-d123,64,16,,,,,,4,4,2,true,checkpoints/flash-vqg-20260520-flash-capacity-decomposition-gd-cb64-r16-s123-2026-05-20-18-12-06/gd-cb64-r16-s123-d123-b64-ga4-fp32-noearly4ep/train_config.json,/home/lyj/mnt/project/zoology/checkpoints/flash-vqg-20260520-flash-capacity-decomposition-gd-cb64-r16-s123-2026-05-20-18-12-06/gd-cb64-r16-s123-d123-b64-ga4-fp32-noearly4ep/train_config.json,a04a7a0c1fdaccbc84058929608d3b4474008ed29cda80231e07a67dff0ca6f7,sha256:46c1a28c3fa4b8ebf62b0e69c53c879b60504d4f27d1e1b76ddbc6a1bd2e89e1,last.pt_epoch4_final,checkpoints/flash-vqg-20260520-flash-capacity-decomposition-gd-cb64-r16-s123-2026-05-20-18-12-06/gd-cb64-r16-s123-d123-b64-ga4-fp32-noearly4ep/last.pt,/home/lyj/mnt/project/zoology/checkpoints/flash-vqg-20260520-flash-capacity-decomposition-gd-cb64-r16-s123-2026-05-20-18-12-06/gd-cb64-r16-s123-d123-b64-ga4-fp32-noearly4ep/last.pt,true,46c1a28c3fa4b8ebf62b0e69c53c879b60504d4f27d1e1b76ddbc6a1bd2e89e1,8847813,2026-05-20T22:21:28.345289+00:00,3,,0.07076781243085861,0.99387890625,0.9687109375,1160390,,131072,mqar-vocab8192-pass1-seed123-rnq1-power0.01-2048x512-n32,multiquery_ar,8192,2048,512,1,32,32,true,123,true,0.01,,,completed,2048x512,2048,512,32,32;16;8;4;2;1,32,4320.916015625,,same_gpu_same_dtype_same_runner_only,true,1,1,NVIDIA GeForce RTX 2080 Ti,11264,7.5,GPU-0def3eeb-c2d0-4f49-ec2a-ebc1d8453b98,2.6.0+cu118,11.8,550.120,float32,float32,b64_ga4_fp32_official,NVIDIA_GeForce_RTX_2080_Ti-11264MiB-cc7.5-driver550.120-torch2.6.0+cu118-cuda11.8,1.302466869354248,0.82159423828125,1.302466869354248,0.82159423828125,11.978124618530273,00:00:11,4320.916015625,4320.916015625,8938.0,NVIDIA_GeForce_RTX_2080_Ti-11264MiB-cc7.5-driver550.120-torch2.6.0+cu118-cuda11.8,measured_current_host,1,1,NVIDIA GeForce RTX 2080 Ti,11264,7.5,GPU-0def3eeb-c2d0-4f49-ec2a-ebc1d8453b98,2.6.0+cu118,11.8,550.120,8eb730be36bbb0876ed83a332d364c65acb36b28,8eb730be36bbb0876ed83a332d364c65acb36b28,811e1ce5f140e97d93ad6f1adae07b95b4219143,docs/artifacts/longer-mqar/official-core-20260526,docs/artifacts/20260520-flash-capacity-decomposition/flash-capacity-decomp-final.csv,tmp/20260526-longer-mqar-official-core/logs/batch-search-candidate-gd-cb64-r16-s123-d123-b64-ga4-fp32-noearly4ep-2048x512-n32-b32-gpu1.log,,,,123,34ea18c38dae38e2860b711425f27d090597975373a954d128324e3a04dcb012,"sha256(inputs,labels)",32x2048,32x2048,32,torch.int64/torch.int64,46c1a28c3fa4b8ebf62b0e69c53c879b60504d4f27d1e1b76ddbc6a1bd2e89e1,sha256,passed,true,,,,
2,20260526-longer-mqar-official-core:batch_search:gdn-h2-ev8-s123-d123-b64-ga4-fp32-noearly4ep:8190x512:n32,20260526-longer-mqar-official-core:batch_search:gdn-h2-ev8-s123-d123-b64-ga4-fp32-noearly4ep:8190x512:n32,20260526-longer-mqar-official-core,longer_mqar_eval_only,longer_mqar_eval_only_vocab8192_official_core_20260526,batch_search,completed,2026-05-25T21:46:44.928783+00:00,gdn,gdn-h2-ev8-s123-d123-b64-ga4-fp32-noearly4ep,current_float32_capacity_up_official,gdn-h2-ev8-usegate0-s123-d123,b64_ga4_fp32_official,b64_ga4_fp32_official,capacity_up_official_b64_ga4_fp32,64,16,4,256,b64_ga4,float32,float32,float32,float32,float32,float32,123,123,gdn-h2-ev8-usegate0,gdn-h2-ev8-usegate0-s123-d123,,,2,8,false,true,4,4,4,2,true,checkpoints/flash-vqg-20260519-gd-r10-gdn-official-b64-fp32-gdn-h2-ev8-s123-2026-05-20-01-08-57/gdn-h2-ev8-s123-d123-b64-ga4-fp32-noearly4ep/train_config.json,/home/lyj/mnt/project/zoology/checkpoints/flash-vqg-20260519-gd-r10-gdn-official-b64-fp32-gdn-h2-ev8-s123-2026-05-20-01-08-57/gdn-h2-ev8-s123-d123-b64-ga4-fp32-noearly4ep/train_config.json,d8299eb6fde6ee773902b3a947a5ace6491007c2e4f1a9246aedd50a4d1dc518,sha256:250673e5758e635a85ce6830c733f5549a7a0393a3776ed0fceeb3ab43c5fd9e,last.pt_epoch4_final,checkpoints/flash-vqg-20260519-gd-r10-gdn-official-b64-fp32-gdn-h2-ev8-s123-2026-05-20-01-08-57/gdn-h2-ev8-s123-d123-b64-ga4-fp32-noearly4ep/last.pt,/home/lyj/mnt/project/zoology/checkpoints/flash-vqg-20260519-gd-r10-gdn-official-b64-fp32-gdn-h2-ev8-s123-2026-05-20-01-08-57/gdn-h2-ev8-s123-d123-b64-ga4-fp32-noearly4ep/last.pt,true,250673e5758e635a85ce6830c733f5549a7a0393a3776ed0fceeb3ab43c5fd9e,9676223,2026-05-20T01:20:18.938136+00:00,3,,0.2898484170436859,0.97862255859375,0.83168359375,1367942,65536,65536,mqar-vocab8192-pass1-seed123-rnq1-power0.01-8190x512-n32,multiquery_ar,8192,8190,512,1,32,16,true,123,true,0.01,,,completed,8190x512,8190,512,32,32;16;8;4;2;1,16,8208.3466796875,"b32:oom:oom:torch.OutOfMemoryError: CUDA out of memory. Tried to allocate 8.00 GiB. GPU 0 has a total capacity of 10.74 GiB of which 1.90 GiB is free. Process 1221588 has 8.82 GiB memory in use. Of the allocated memory 8.01 GiB is allocated by PyTorch, and 4.66 MiB is reserved by PyTorch but unallocated. If reserved but unallocated memory is large try setting PYTORCH_CUDA_ALLOC_CONF=expandable_segments:True to avoid fragmentation.  See documentation for Memory Management  (https://pytorch.org/docs/stable/notes/cuda.html#environment-variables)",same_gpu_same_dtype_same_runner_only,true,0,0,NVIDIA GeForce RTX 2080 Ti,11264,7.5,GPU-57c29499-bcb3-27f6-4360-e60939528a9b,2.6.0+cu118,11.8,550.120,float32,float32,b64_ga4_fp32_official,NVIDIA_GeForce_RTX_2080_Ti-11264MiB-cc7.5-driver550.120-torch2.6.0+cu118-cuda11.8,5.5205488204956055,0.25897216796875,5.5205488204956055,0.25897216796875,41.11341953277588,00:00:41,8208.3466796875,8208.3466796875,8222.0,NVIDIA_GeForce_RTX_2080_Ti-11264MiB-cc7.5-driver550.120-torch2.6.0+cu118-cuda11.8,measured_current_host,0,0,NVIDIA GeForce RTX 2080 Ti,11264,7.5,GPU-57c29499-bcb3-27f6-4360-e60939528a9b,2.6.0+cu118,11.8,550.120,8eb730be36bbb0876ed83a332d364c65acb36b28,8eb730be36bbb0876ed83a332d364c65acb36b28,811e1ce5f140e97d93ad6f1adae07b95b4219143,docs/artifacts/longer-mqar/official-core-20260526,docs/artifacts/20260519-gd-r10-gdn-official-b64-fp32/gdn-official-final.csv,tmp/20260526-longer-mqar-official-core/logs/batch-search-candidate-gdn-h2-ev8-s123-d123-b64-ga4-fp32-noearly4ep-8190x512-n32-b16-gpu0.log,,,,123,23d7ffc7467f8e355ec7cb4c739cf5494449c559427d204883d63d7dca4f4351,"sha256(inputs,labels)",32x8190,32x8190,32,torch.int64/torch.int64,250673e5758e635a85ce6830c733f5549a7a0393a3776ed0fceeb3ab43c5fd9e,sha256,passed,true,,,,
2,20260526-longer-mqar-official-core:batch_search:gd-cb64-r16-s123-d123-b64-ga4-fp32-noearly4ep:4096x1024:n32,20260526-longer-mqar-official-core:batch_search:gd-cb64-r16-s123-d123-b64-ga4-fp32-noearly4ep:4096x1024:n32,20260526-longer-mqar-official-core,longer_mqar_eval_only,longer_mqar_eval_only_vocab8192_official_core_20260526,batch_search,completed,2026-05-25T21:46:58.913717+00:00,flash,gd-cb64-r16-s123-d123-b64-ga4-fp32-noearly4ep,cb64-r16,cb64-r16-s123-d123,b64_ga4_fp32_official,gd_residual_v1_capacity_decomposition_b64_ga4_fp32,flash_capacity_decomposition_official_b64_ga4_fp32,64,16,4,256,b64_ga4,float32,float32,float32,float32,float32,float32,123,123,cb64-r16,cb64-r16-s123-d123,64,16,,,,,,4,4,2,true,checkpoints/flash-vqg-20260520-flash-capacity-decomposition-gd-cb64-r16-s123-2026-05-20-18-12-06/gd-cb64-r16-s123-d123-b64-ga4-fp32-noearly4ep/train_config.json,/home/lyj/mnt/project/zoology/checkpoints/flash-vqg-20260520-flash-capacity-decomposition-gd-cb64-r16-s123-2026-05-20-18-12-06/gd-cb64-r16-s123-d123-b64-ga4-fp32-noearly4ep/train_config.json,a04a7a0c1fdaccbc84058929608d3b4474008ed29cda80231e07a67dff0ca6f7,sha256:46c1a28c3fa4b8ebf62b0e69c53c879b60504d4f27d1e1b76ddbc6a1bd2e89e1,last.pt_epoch4_final,checkpoints/flash-vqg-20260520-flash-capacity-decomposition-gd-cb64-r16-s123-2026-05-20-18-12-06/gd-cb64-r16-s123-d123-b64-ga4-fp32-noearly4ep/last.pt,/home/lyj/mnt/project/zoology/checkpoints/flash-vqg-20260520-flash-capacity-decomposition-gd-cb64-r16-s123-2026-05-20-18-12-06/gd-cb64-r16-s123-d123-b64-ga4-fp32-noearly4ep/last.pt,true,46c1a28c3fa4b8ebf62b0e69c53c879b60504d4f27d1e1b76ddbc6a1bd2e89e1,8847813,2026-05-20T22:21:28.345289+00:00,3,,0.07076781243085861,0.99387890625,0.9687109375,1160390,,131072,mqar-vocab8192-pass1-seed123-rnq1-power0.01-4096x1024-n32,multiquery_ar,8192,4096,1024,1,32,32,true,123,true,0.01,,,completed,4096x1024,4096,1024,32,32;16;8;4;2;1,32,8626.2646484375,,same_gpu_same_dtype_same_runner_only,true,1,1,NVIDIA GeForce RTX 2080 Ti,11264,7.5,GPU-0def3eeb-c2d0-4f49-ec2a-ebc1d8453b98,2.6.0+cu118,11.8,550.120,float32,float32,b64_ga4_fp32_official,NVIDIA_GeForce_RTX_2080_Ti-11264MiB-cc7.5-driver550.120-torch2.6.0+cu118-cuda11.8,3.0658390522003174,0.47137451171875,3.0658390522003174,0.47137451171875,15.780295372009277,00:00:15,8626.2646484375,8626.2646484375,9518.0,NVIDIA_GeForce_RTX_2080_Ti-11264MiB-cc7.5-driver550.120-torch2.6.0+cu118-cuda11.8,measured_current_host,1,1,NVIDIA GeForce RTX 2080 Ti,11264,7.5,GPU-0def3eeb-c2d0-4f49-ec2a-ebc1d8453b98,2.6.0+cu118,11.8,550.120,8eb730be36bbb0876ed83a332d364c65acb36b28,8eb730be36bbb0876ed83a332d364c65acb36b28,811e1ce5f140e97d93ad6f1adae07b95b4219143,docs/artifacts/longer-mqar/official-core-20260526,docs/artifacts/20260520-flash-capacity-decomposition/flash-capacity-decomp-final.csv,tmp/20260526-longer-mqar-official-core/logs/batch-search-candidate-gd-cb64-r16-s123-d123-b64-ga4-fp32-noearly4ep-4096x1024-n32-b32-gpu1.log,,,,123,55274181d24158d3fe53491784d87fabe3a981427663df2ac8ed40876e72a1b8,"sha256(inputs,labels)",32x4096,32x4096,32,torch.int64/torch.int64,46c1a28c3fa4b8ebf62b0e69c53c879b60504d4f27d1e1b76ddbc6a1bd2e89e1,sha256,passed,true,,,,
2,20260526-longer-mqar-official-core:batch_search:gdn-h2-ev8-s123-d123-b64-ga4-fp32-noearly4ep:8190x2047:n32,20260526-longer-mqar-official-core:batch_search:gdn-h2-ev8-s123-d123-b64-ga4-fp32-noearly4ep:8190x2047:n32,20260526-longer-mqar-official-core,longer_mqar_eval_only,longer_mqar_eval_only_vocab8192_official_core_20260526,batch_search,completed,2026-05-25T21:48:01.716134+00:00,gdn,gdn-h2-ev8-s123-d123-b64-ga4-fp32-noearly4ep,current_float32_capacity_up_official,gdn-h2-ev8-usegate0-s123-d123,b64_ga4_fp32_official,b64_ga4_fp32_official,capacity_up_official_b64_ga4_fp32,64,16,4,256,b64_ga4,float32,float32,float32,float32,float32,float32,123,123,gdn-h2-ev8-usegate0,gdn-h2-ev8-usegate0-s123-d123,,,2,8,false,true,4,4,4,2,true,checkpoints/flash-vqg-20260519-gd-r10-gdn-official-b64-fp32-gdn-h2-ev8-s123-2026-05-20-01-08-57/gdn-h2-ev8-s123-d123-b64-ga4-fp32-noearly4ep/train_config.json,/home/lyj/mnt/project/zoology/checkpoints/flash-vqg-20260519-gd-r10-gdn-official-b64-fp32-gdn-h2-ev8-s123-2026-05-20-01-08-57/gdn-h2-ev8-s123-d123-b64-ga4-fp32-noearly4ep/train_config.json,d8299eb6fde6ee773902b3a947a5ace6491007c2e4f1a9246aedd50a4d1dc518,sha256:250673e5758e635a85ce6830c733f5549a7a0393a3776ed0fceeb3ab43c5fd9e,last.pt_epoch4_final,checkpoints/flash-vqg-20260519-gd-r10-gdn-official-b64-fp32-gdn-h2-ev8-s123-2026-05-20-01-08-57/gdn-h2-ev8-s123-d123-b64-ga4-fp32-noearly4ep/last.pt,/home/lyj/mnt/project/zoology/checkpoints/flash-vqg-20260519-gd-r10-gdn-official-b64-fp32-gdn-h2-ev8-s123-2026-05-20-01-08-57/gdn-h2-ev8-s123-d123-b64-ga4-fp32-noearly4ep/last.pt,true,250673e5758e635a85ce6830c733f5549a7a0393a3776ed0fceeb3ab43c5fd9e,9676223,2026-05-20T01:20:18.938136+00:00,3,,0.2898484170436859,0.97862255859375,0.83168359375,1367942,65536,65536,mqar-vocab8192-pass1-seed123-rnq1-power0.01-8190x2047-n32,multiquery_ar,8192,8190,2047,1,32,16,true,123,true,0.01,,,completed,8190x2047,8190,2047,32,32;16;8;4;2;1,16,8208.3466796875,"b32:oom:oom:torch.OutOfMemoryError: CUDA out of memory. Tried to allocate 8.00 GiB. GPU 0 has a total capacity of 10.74 GiB of which 1.90 GiB is free. Process 1222364 has 8.82 GiB memory in use. Of the allocated memory 8.01 GiB is allocated by PyTorch, and 4.66 MiB is reserved by PyTorch but unallocated. If reserved but unallocated memory is large try setting PYTORCH_CUDA_ALLOC_CONF=expandable_segments:True to avoid fragmentation.  See documentation for Memory Management  (https://pytorch.org/docs/stable/notes/cuda.html#environment-variables)",same_gpu_same_dtype_same_runner_only,true,0,0,NVIDIA GeForce RTX 2080 Ti,11264,7.5,GPU-57c29499-bcb3-27f6-4360-e60939528a9b,2.6.0+cu118,11.8,550.120,float32,float32,b64_ga4_fp32_official,NVIDIA_GeForce_RTX_2080_Ti-11264MiB-cc7.5-driver550.120-torch2.6.0+cu118-cuda11.8,9.0264892578125,0.012289325842696628,9.0264892578125,0.012289325842696628,31.853805780410767,00:00:31,8208.3466796875,8208.3466796875,8222.0,NVIDIA_GeForce_RTX_2080_Ti-11264MiB-cc7.5-driver550.120-torch2.6.0+cu118-cuda11.8,measured_current_host,0,0,NVIDIA GeForce RTX 2080 Ti,11264,7.5,GPU-57c29499-bcb3-27f6-4360-e60939528a9b,2.6.0+cu118,11.8,550.120,8eb730be36bbb0876ed83a332d364c65acb36b28,8eb730be36bbb0876ed83a332d364c65acb36b28,811e1ce5f140e97d93ad6f1adae07b95b4219143,docs/artifacts/longer-mqar/official-core-20260526,docs/artifacts/20260519-gd-r10-gdn-official-b64-fp32/gdn-official-final.csv,tmp/20260526-longer-mqar-official-core/logs/batch-search-candidate-gdn-h2-ev8-s123-d123-b64-ga4-fp32-noearly4ep-8190x2047-n32-b16-gpu0.log,,,,123,70999303f8fadb4cbae8f973c8267ef97a6209a3b8e05f5385a1f26fa38408f5,"sha256(inputs,labels)",32x8190,32x8190,32,torch.int64/torch.int64,250673e5758e635a85ce6830c733f5549a7a0393a3776ed0fceeb3ab43c5fd9e,sha256,passed,true,,,,
2,20260526-longer-mqar-official-core:batch_search:gd-cb64-r16-s123-d123-b64-ga4-fp32-noearly4ep:8190x512:n32,20260526-longer-mqar-official-core:batch_search:gd-cb64-r16-s123-d123-b64-ga4-fp32-noearly4ep:8190x512:n32,20260526-longer-mqar-official-core,longer_mqar_eval_only,longer_mqar_eval_only_vocab8192_official_core_20260526,batch_search,completed,2026-05-25T21:48:02.516670+00:00,flash,gd-cb64-r16-s123-d123-b64-ga4-fp32-noearly4ep,cb64-r16,cb64-r16-s123-d123,b64_ga4_fp32_official,gd_residual_v1_capacity_decomposition_b64_ga4_fp32,flash_capacity_decomposition_official_b64_ga4_fp32,64,16,4,256,b64_ga4,float32,float32,float32,float32,float32,float32,123,123,cb64-r16,cb64-r16-s123-d123,64,16,,,,,,4,4,2,true,checkpoints/flash-vqg-20260520-flash-capacity-decomposition-gd-cb64-r16-s123-2026-05-20-18-12-06/gd-cb64-r16-s123-d123-b64-ga4-fp32-noearly4ep/train_config.json,/home/lyj/mnt/project/zoology/checkpoints/flash-vqg-20260520-flash-capacity-decomposition-gd-cb64-r16-s123-2026-05-20-18-12-06/gd-cb64-r16-s123-d123-b64-ga4-fp32-noearly4ep/train_config.json,a04a7a0c1fdaccbc84058929608d3b4474008ed29cda80231e07a67dff0ca6f7,sha256:46c1a28c3fa4b8ebf62b0e69c53c879b60504d4f27d1e1b76ddbc6a1bd2e89e1,last.pt_epoch4_final,checkpoints/flash-vqg-20260520-flash-capacity-decomposition-gd-cb64-r16-s123-2026-05-20-18-12-06/gd-cb64-r16-s123-d123-b64-ga4-fp32-noearly4ep/last.pt,/home/lyj/mnt/project/zoology/checkpoints/flash-vqg-20260520-flash-capacity-decomposition-gd-cb64-r16-s123-2026-05-20-18-12-06/gd-cb64-r16-s123-d123-b64-ga4-fp32-noearly4ep/last.pt,true,46c1a28c3fa4b8ebf62b0e69c53c879b60504d4f27d1e1b76ddbc6a1bd2e89e1,8847813,2026-05-20T22:21:28.345289+00:00,3,,0.07076781243085861,0.99387890625,0.9687109375,1160390,,131072,mqar-vocab8192-pass1-seed123-rnq1-power0.01-8190x512-n32,multiquery_ar,8192,8190,512,1,32,16,true,123,true,0.01,,,completed,8190x512,8190,512,32,32;16;8;4;2;1,16,8692.353515625,"b32:oom:oom:torch.OutOfMemoryError: CUDA out of memory. Tried to allocate 4.00 GiB. GPU 0 has a total capacity of 10.75 GiB of which 257.75 MiB is free. Process 1222497 has 10.49 GiB memory in use. Of the allocated memory 6.79 GiB is allocated by PyTorch, and 3.51 GiB is reserved by PyTorch but unallocated. If reserved but unallocated memory is large try setting PYTORCH_CUDA_ALLOC_CONF=expandable_segments:True to avoid fragmentation.  See documentation for Memory Management  (https://pytorch.org/docs/stable/notes/cuda.html#environment-variables)",same_gpu_same_dtype_same_runner_only,true,1,1,NVIDIA GeForce RTX 2080 Ti,11264,7.5,GPU-0def3eeb-c2d0-4f49-ec2a-ebc1d8453b98,2.6.0+cu118,11.8,550.120,float32,float32,b64_ga4_fp32_official,NVIDIA_GeForce_RTX_2080_Ti-11264MiB-cc7.5-driver550.120-torch2.6.0+cu118-cuda11.8,1.8621594905853271,0.71759033203125,1.8621594905853271,0.71759033203125,37.814244747161865,00:00:37,8692.353515625,8692.353515625,10354.0,NVIDIA_GeForce_RTX_2080_Ti-11264MiB-cc7.5-driver550.120-torch2.6.0+cu118-cuda11.8,measured_current_host,1,1,NVIDIA GeForce RTX 2080 Ti,11264,7.5,GPU-0def3eeb-c2d0-4f49-ec2a-ebc1d8453b98,2.6.0+cu118,11.8,550.120,8eb730be36bbb0876ed83a332d364c65acb36b28,8eb730be36bbb0876ed83a332d364c65acb36b28,811e1ce5f140e97d93ad6f1adae07b95b4219143,docs/artifacts/longer-mqar/official-core-20260526,docs/artifacts/20260520-flash-capacity-decomposition/flash-capacity-decomp-final.csv,tmp/20260526-longer-mqar-official-core/logs/batch-search-candidate-gd-cb64-r16-s123-d123-b64-ga4-fp32-noearly4ep-8190x512-n32-b16-gpu1.log,,,,123,23d7ffc7467f8e355ec7cb4c739cf5494449c559427d204883d63d7dca4f4351,"sha256(inputs,labels)",32x8190,32x8190,32,torch.int64/torch.int64,46c1a28c3fa4b8ebf62b0e69c53c879b60504d4f27d1e1b76ddbc6a1bd2e89e1,sha256,passed,true,,,,
2,20260526-longer-mqar-official-core:batch_search:gd-cb64-r16-s123-d123-b64-ga4-fp32-noearly4ep:8190x2047:n32,20260526-longer-mqar-official-core:batch_search:gd-cb64-r16-s123-d123-b64-ga4-fp32-noearly4ep:8190x2047:n32,20260526-longer-mqar-official-core,longer_mqar_eval_only,longer_mqar_eval_only_vocab8192_official_core_20260526,batch_search,completed,2026-05-25T21:48:58.077634+00:00,flash,gd-cb64-r16-s123-d123-b64-ga4-fp32-noearly4ep,cb64-r16,cb64-r16-s123-d123,b64_ga4_fp32_official,gd_residual_v1_capacity_decomposition_b64_ga4_fp32,flash_capacity_decomposition_official_b64_ga4_fp32,64,16,4,256,b64_ga4,float32,float32,float32,float32,float32,float32,123,123,cb64-r16,cb64-r16-s123-d123,64,16,,,,,,4,4,2,true,checkpoints/flash-vqg-20260520-flash-capacity-decomposition-gd-cb64-r16-s123-2026-05-20-18-12-06/gd-cb64-r16-s123-d123-b64-ga4-fp32-noearly4ep/train_config.json,/home/lyj/mnt/project/zoology/checkpoints/flash-vqg-20260520-flash-capacity-decomposition-gd-cb64-r16-s123-2026-05-20-18-12-06/gd-cb64-r16-s123-d123-b64-ga4-fp32-noearly4ep/train_config.json,a04a7a0c1fdaccbc84058929608d3b4474008ed29cda80231e07a67dff0ca6f7,sha256:46c1a28c3fa4b8ebf62b0e69c53c879b60504d4f27d1e1b76ddbc6a1bd2e89e1,last.pt_epoch4_final,checkpoints/flash-vqg-20260520-flash-capacity-decomposition-gd-cb64-r16-s123-2026-05-20-18-12-06/gd-cb64-r16-s123-d123-b64-ga4-fp32-noearly4ep/last.pt,/home/lyj/mnt/project/zoology/checkpoints/flash-vqg-20260520-flash-capacity-decomposition-gd-cb64-r16-s123-2026-05-20-18-12-06/gd-cb64-r16-s123-d123-b64-ga4-fp32-noearly4ep/last.pt,true,46c1a28c3fa4b8ebf62b0e69c53c879b60504d4f27d1e1b76ddbc6a1bd2e89e1,8847813,2026-05-20T22:21:28.345289+00:00,3,,0.07076781243085861,0.99387890625,0.9687109375,1160390,,131072,mqar-vocab8192-pass1-seed123-rnq1-power0.01-8190x2047-n32,multiquery_ar,8192,8190,2047,1,32,16,true,123,true,0.01,,,completed,8190x2047,8190,2047,32,32;16;8;4;2;1,16,8692.353515625,"b32:oom:oom:torch.OutOfMemoryError: CUDA out of memory. Tried to allocate 4.00 GiB. GPU 0 has a total capacity of 10.75 GiB of which 261.75 MiB is free. Process 1222732 has 10.48 GiB memory in use. Of the allocated memory 6.79 GiB is allocated by PyTorch, and 3.51 GiB is reserved by PyTorch but unallocated. If reserved but unallocated memory is large try setting PYTORCH_CUDA_ALLOC_CONF=expandable_segments:True to avoid fragmentation.  See documentation for Memory Management  (https://pytorch.org/docs/stable/notes/cuda.html#environment-variables)",same_gpu_same_dtype_same_runner_only,true,1,1,NVIDIA GeForce RTX 2080 Ti,11264,7.5,GPU-0def3eeb-c2d0-4f49-ec2a-ebc1d8453b98,2.6.0+cu118,11.8,550.120,float32,float32,b64_ga4_fp32_official,NVIDIA_GeForce_RTX_2080_Ti-11264MiB-cc7.5-driver550.120-torch2.6.0+cu118-cuda11.8,5.121095657348633,0.1627076209086468,5.121095657348633,0.16270762090864682,32.87986779212952,00:00:32,8692.353515625,8692.353515625,10352.0,NVIDIA_GeForce_RTX_2080_Ti-11264MiB-cc7.5-driver550.120-torch2.6.0+cu118-cuda11.8,measured_current_host,1,1,NVIDIA GeForce RTX 2080 Ti,11264,7.5,GPU-0def3eeb-c2d0-4f49-ec2a-ebc1d8453b98,2.6.0+cu118,11.8,550.120,8eb730be36bbb0876ed83a332d364c65acb36b28,8eb730be36bbb0876ed83a332d364c65acb36b28,811e1ce5f140e97d93ad6f1adae07b95b4219143,docs/artifacts/longer-mqar/official-core-20260526,docs/artifacts/20260520-flash-capacity-decomposition/flash-capacity-decomp-final.csv,tmp/20260526-longer-mqar-official-core/logs/batch-search-candidate-gd-cb64-r16-s123-d123-b64-ga4-fp32-noearly4ep-8190x2047-n32-b16-gpu1.log,,,,123,70999303f8fadb4cbae8f973c8267ef97a6209a3b8e05f5385a1f26fa38408f5,"sha256(inputs,labels)",32x8190,32x8190,32,torch.int64/torch.int64,46c1a28c3fa4b8ebf62b0e69c53c879b60504d4f27d1e1b76ddbc6a1bd2e89e1,sha256,passed,true,,,,
2,20260526-longer-mqar-official-core:formal:gdn-h2-ev8-s123-d123-b64-ga4-fp32-noearly4ep:1024x256:n500,20260526-longer-mqar-official-core:formal:gdn-h2-ev8-s123-d123-b64-ga4-fp32-noearly4ep:1024x256:n500,20260526-longer-mqar-official-core,longer_mqar_eval_only,longer_mqar_eval_only_vocab8192_official_core_20260526,formal,completed,2026-05-25T21:48:59.037483+00:00,gdn,gdn-h2-ev8-s123-d123-b64-ga4-fp32-noearly4ep,current_float32_capacity_up_official,gdn-h2-ev8-usegate0-s123-d123,b64_ga4_fp32_official,b64_ga4_fp32_official,capacity_up_official_b64_ga4_fp32,64,16,4,256,b64_ga4,float32,float32,float32,float32,float32,float32,123,123,gdn-h2-ev8-usegate0,gdn-h2-ev8-usegate0-s123-d123,,,2,8,false,true,4,4,4,2,true,checkpoints/flash-vqg-20260519-gd-r10-gdn-official-b64-fp32-gdn-h2-ev8-s123-2026-05-20-01-08-57/gdn-h2-ev8-s123-d123-b64-ga4-fp32-noearly4ep/train_config.json,/home/lyj/mnt/project/zoology/checkpoints/flash-vqg-20260519-gd-r10-gdn-official-b64-fp32-gdn-h2-ev8-s123-2026-05-20-01-08-57/gdn-h2-ev8-s123-d123-b64-ga4-fp32-noearly4ep/train_config.json,d8299eb6fde6ee773902b3a947a5ace6491007c2e4f1a9246aedd50a4d1dc518,sha256:250673e5758e635a85ce6830c733f5549a7a0393a3776ed0fceeb3ab43c5fd9e,last.pt_epoch4_final,checkpoints/flash-vqg-20260519-gd-r10-gdn-official-b64-fp32-gdn-h2-ev8-s123-2026-05-20-01-08-57/gdn-h2-ev8-s123-d123-b64-ga4-fp32-noearly4ep/last.pt,/home/lyj/mnt/project/zoology/checkpoints/flash-vqg-20260519-gd-r10-gdn-official-b64-fp32-gdn-h2-ev8-s123-2026-05-20-01-08-57/gdn-h2-ev8-s123-d123-b64-ga4-fp32-noearly4ep/last.pt,true,250673e5758e635a85ce6830c733f5549a7a0393a3776ed0fceeb3ab43c5fd9e,9676223,2026-05-20T01:20:18.938136+00:00,3,,0.2898484170436859,0.97862255859375,0.83168359375,1367942,65536,65536,mqar-vocab8192-pass1-seed123-rnq1-power0.01-1024x256-n500,multiquery_ar,8192,1024,256,1,500,32,true,123,true,0.01,,,completed,1024x256,1024,256,32,32;16;8;4;2;1,32,2061.845703125,,same_gpu_same_dtype_same_runner_only,true,0,0,NVIDIA GeForce RTX 2080 Ti,11264,7.5,GPU-57c29499-bcb3-27f6-4360-e60939528a9b,2.6.0+cu118,11.8,550.120,float32,float32,b64_ga4_fp32_official,NVIDIA_GeForce_RTX_2080_Ti-11264MiB-cc7.5-driver550.120-torch2.6.0+cu118-cuda11.8,1.9131438732147217,0.8341796875,1.9131438732147217,0.8341796875,56.37221717834473,00:00:56,2062.0966796875,2062.0966796875,3342.0,NVIDIA_GeForce_RTX_2080_Ti-11264MiB-cc7.5-driver550.120-torch2.6.0+cu118-cuda11.8,measured_current_host,0,0,NVIDIA GeForce RTX 2080 Ti,11264,7.5,GPU-57c29499-bcb3-27f6-4360-e60939528a9b,2.6.0+cu118,11.8,550.120,8eb730be36bbb0876ed83a332d364c65acb36b28,8eb730be36bbb0876ed83a332d364c65acb36b28,811e1ce5f140e97d93ad6f1adae07b95b4219143,docs/artifacts/longer-mqar/official-core-20260526,docs/artifacts/20260519-gd-r10-gdn-official-b64-fp32/gdn-official-final.csv,tmp/20260526-longer-mqar-official-core/logs/formal-gdn-h2-ev8-s123-d123-b64-ga4-fp32-noearly4ep-1024x256-n500-b32-gpu0.log,,,,123,f30f1e09e1300deb2e0f430d7c50c47a77f58f43657aa4d6f425f938a91a9acb,"sha256(inputs,labels)",500x1024,500x1024,500,torch.int64/torch.int64,250673e5758e635a85ce6830c733f5549a7a0393a3776ed0fceeb3ab43c5fd9e,sha256,passed,true,,,,
2,20260526-longer-mqar-official-core:formal:gd-cb64-r16-s123-d123-b64-ga4-fp32-noearly4ep:1024x256:n500,20260526-longer-mqar-official-core:formal:gd-cb64-r16-s123-d123-b64-ga4-fp32-noearly4ep:1024x256:n500,20260526-longer-mqar-official-core,longer_mqar_eval_only,longer_mqar_eval_only_vocab8192_official_core_20260526,formal,completed,2026-05-25T21:49:35.412499+00:00,flash,gd-cb64-r16-s123-d123-b64-ga4-fp32-noearly4ep,cb64-r16,cb64-r16-s123-d123,b64_ga4_fp32_official,gd_residual_v1_capacity_decomposition_b64_ga4_fp32,flash_capacity_decomposition_official_b64_ga4_fp32,64,16,4,256,b64_ga4,float32,float32,float32,float32,float32,float32,123,123,cb64-r16,cb64-r16-s123-d123,64,16,,,,,,4,4,2,true,checkpoints/flash-vqg-20260520-flash-capacity-decomposition-gd-cb64-r16-s123-2026-05-20-18-12-06/gd-cb64-r16-s123-d123-b64-ga4-fp32-noearly4ep/train_config.json,/home/lyj/mnt/project/zoology/checkpoints/flash-vqg-20260520-flash-capacity-decomposition-gd-cb64-r16-s123-2026-05-20-18-12-06/gd-cb64-r16-s123-d123-b64-ga4-fp32-noearly4ep/train_config.json,a04a7a0c1fdaccbc84058929608d3b4474008ed29cda80231e07a67dff0ca6f7,sha256:46c1a28c3fa4b8ebf62b0e69c53c879b60504d4f27d1e1b76ddbc6a1bd2e89e1,last.pt_epoch4_final,checkpoints/flash-vqg-20260520-flash-capacity-decomposition-gd-cb64-r16-s123-2026-05-20-18-12-06/gd-cb64-r16-s123-d123-b64-ga4-fp32-noearly4ep/last.pt,/home/lyj/mnt/project/zoology/checkpoints/flash-vqg-20260520-flash-capacity-decomposition-gd-cb64-r16-s123-2026-05-20-18-12-06/gd-cb64-r16-s123-d123-b64-ga4-fp32-noearly4ep/last.pt,true,46c1a28c3fa4b8ebf62b0e69c53c879b60504d4f27d1e1b76ddbc6a1bd2e89e1,8847813,2026-05-20T22:21:28.345289+00:00,3,,0.07076781243085861,0.99387890625,0.9687109375,1160390,,131072,mqar-vocab8192-pass1-seed123-rnq1-power0.01-1024x256-n500,multiquery_ar,8192,1024,256,1,500,32,true,123,true,0.01,,,completed,1024x256,1024,256,32,32;16;8;4;2;1,32,2166.7421875,,same_gpu_same_dtype_same_runner_only,true,1,1,NVIDIA GeForce RTX 2080 Ti,11264,7.5,GPU-0def3eeb-c2d0-4f49-ec2a-ebc1d8453b98,2.6.0+cu118,11.8,550.120,float32,float32,b64_ga4_fp32_official,NVIDIA_GeForce_RTX_2080_Ti-11264MiB-cc7.5-driver550.120-torch2.6.0+cu118-cuda11.8,0.3626084625720978,0.969625,0.3626084625720978,0.969625,36.43501663208008,00:00:36,2166.7421875,2166.7421875,4236.0,NVIDIA_GeForce_RTX_2080_Ti-11264MiB-cc7.5-driver550.120-torch2.6.0+cu118-cuda11.8,measured_current_host,1,1,NVIDIA GeForce RTX 2080 Ti,11264,7.5,GPU-0def3eeb-c2d0-4f49-ec2a-ebc1d8453b98,2.6.0+cu118,11.8,550.120,8eb730be36bbb0876ed83a332d364c65acb36b28,8eb730be36bbb0876ed83a332d364c65acb36b28,811e1ce5f140e97d93ad6f1adae07b95b4219143,docs/artifacts/longer-mqar/official-core-20260526,docs/artifacts/20260520-flash-capacity-decomposition/flash-capacity-decomp-final.csv,tmp/20260526-longer-mqar-official-core/logs/formal-gd-cb64-r16-s123-d123-b64-ga4-fp32-noearly4ep-1024x256-n500-b32-gpu1.log,,,,123,f30f1e09e1300deb2e0f430d7c50c47a77f58f43657aa4d6f425f938a91a9acb,"sha256(inputs,labels)",500x1024,500x1024,500,torch.int64/torch.int64,46c1a28c3fa4b8ebf62b0e69c53c879b60504d4f27d1e1b76ddbc6a1bd2e89e1,sha256,passed,true,,,,
2,20260526-longer-mqar-official-core:formal:gdn-h2-ev8-s123-d123-b64-ga4-fp32-noearly4ep:2048x512:n500,20260526-longer-mqar-official-core:formal:gdn-h2-ev8-s123-d123-b64-ga4-fp32-noearly4ep:2048x512:n500,20260526-longer-mqar-official-core,longer_mqar_eval_only,longer_mqar_eval_only_vocab8192_official_core_20260526,formal,completed,2026-05-25T21:49:59.626054+00:00,gdn,gdn-h2-ev8-s123-d123-b64-ga4-fp32-noearly4ep,current_float32_capacity_up_official,gdn-h2-ev8-usegate0-s123-d123,b64_ga4_fp32_official,b64_ga4_fp32_official,capacity_up_official_b64_ga4_fp32,64,16,4,256,b64_ga4,float32,float32,float32,float32,float32,float32,123,123,gdn-h2-ev8-usegate0,gdn-h2-ev8-usegate0-s123-d123,,,2,8,false,true,4,4,4,2,true,checkpoints/flash-vqg-20260519-gd-r10-gdn-official-b64-fp32-gdn-h2-ev8-s123-2026-05-20-01-08-57/gdn-h2-ev8-s123-d123-b64-ga4-fp32-noearly4ep/train_config.json,/home/lyj/mnt/project/zoology/checkpoints/flash-vqg-20260519-gd-r10-gdn-official-b64-fp32-gdn-h2-ev8-s123-2026-05-20-01-08-57/gdn-h2-ev8-s123-d123-b64-ga4-fp32-noearly4ep/train_config.json,d8299eb6fde6ee773902b3a947a5ace6491007c2e4f1a9246aedd50a4d1dc518,sha256:250673e5758e635a85ce6830c733f5549a7a0393a3776ed0fceeb3ab43c5fd9e,last.pt_epoch4_final,checkpoints/flash-vqg-20260519-gd-r10-gdn-official-b64-fp32-gdn-h2-ev8-s123-2026-05-20-01-08-57/gdn-h2-ev8-s123-d123-b64-ga4-fp32-noearly4ep/last.pt,/home/lyj/mnt/project/zoology/checkpoints/flash-vqg-20260519-gd-r10-gdn-official-b64-fp32-gdn-h2-ev8-s123-2026-05-20-01-08-57/gdn-h2-ev8-s123-d123-b64-ga4-fp32-noearly4ep/last.pt,true,250673e5758e635a85ce6830c733f5549a7a0393a3776ed0fceeb3ab43c5fd9e,9676223,2026-05-20T01:20:18.938136+00:00,3,,0.2898484170436859,0.97862255859375,0.83168359375,1367942,65536,65536,mqar-vocab8192-pass1-seed123-rnq1-power0.01-2048x512-n500,multiquery_ar,8192,2048,512,1,500,32,true,123,true,0.01,,,completed,2048x512,2048,512,32,32;16;8;4;2;1,32,4110.345703125,,same_gpu_same_dtype_same_runner_only,true,0,0,NVIDIA GeForce RTX 2080 Ti,11264,7.5,GPU-57c29499-bcb3-27f6-4360-e60939528a9b,2.6.0+cu118,11.8,550.120,float32,float32,b64_ga4_fp32_official,NVIDIA_GeForce_RTX_2080_Ti-11264MiB-cc7.5-driver550.120-torch2.6.0+cu118-cuda11.8,4.676721572875977,0.36530859375,4.676721572875977,0.36530859375,59.68668508529663,00:00:59,4110.8466796875,4110.8466796875,6140.0,NVIDIA_GeForce_RTX_2080_Ti-11264MiB-cc7.5-driver550.120-torch2.6.0+cu118-cuda11.8,measured_current_host,0,0,NVIDIA GeForce RTX 2080 Ti,11264,7.5,GPU-57c29499-bcb3-27f6-4360-e60939528a9b,2.6.0+cu118,11.8,550.120,8eb730be36bbb0876ed83a332d364c65acb36b28,8eb730be36bbb0876ed83a332d364c65acb36b28,811e1ce5f140e97d93ad6f1adae07b95b4219143,docs/artifacts/longer-mqar/official-core-20260526,docs/artifacts/20260519-gd-r10-gdn-official-b64-fp32/gdn-official-final.csv,tmp/20260526-longer-mqar-official-core/logs/formal-gdn-h2-ev8-s123-d123-b64-ga4-fp32-noearly4ep-2048x512-n500-b32-gpu0.log,,,,123,e446efc9f4dc774377c56c403a468c747870beb18ff0320f15df794dcb69f015,"sha256(inputs,labels)",500x2048,500x2048,500,torch.int64/torch.int64,250673e5758e635a85ce6830c733f5549a7a0393a3776ed0fceeb3ab43c5fd9e,sha256,passed,true,,,,
2,20260526-longer-mqar-official-core:formal:gd-cb64-r16-s123-d123-b64-ga4-fp32-noearly4ep:2048x512:n500,20260526-longer-mqar-official-core:formal:gd-cb64-r16-s123-d123-b64-ga4-fp32-noearly4ep:2048x512:n500,20260526-longer-mqar-official-core,longer_mqar_eval_only,longer_mqar_eval_only_vocab8192_official_core_20260526,formal,completed,2026-05-25T21:50:38.876958+00:00,flash,gd-cb64-r16-s123-d123-b64-ga4-fp32-noearly4ep,cb64-r16,cb64-r16-s123-d123,b64_ga4_fp32_official,gd_residual_v1_capacity_decomposition_b64_ga4_fp32,flash_capacity_decomposition_official_b64_ga4_fp32,64,16,4,256,b64_ga4,float32,float32,float32,float32,float32,float32,123,123,cb64-r16,cb64-r16-s123-d123,64,16,,,,,,4,4,2,true,checkpoints/flash-vqg-20260520-flash-capacity-decomposition-gd-cb64-r16-s123-2026-05-20-18-12-06/gd-cb64-r16-s123-d123-b64-ga4-fp32-noearly4ep/train_config.json,/home/lyj/mnt/project/zoology/checkpoints/flash-vqg-20260520-flash-capacity-decomposition-gd-cb64-r16-s123-2026-05-20-18-12-06/gd-cb64-r16-s123-d123-b64-ga4-fp32-noearly4ep/train_config.json,a04a7a0c1fdaccbc84058929608d3b4474008ed29cda80231e07a67dff0ca6f7,sha256:46c1a28c3fa4b8ebf62b0e69c53c879b60504d4f27d1e1b76ddbc6a1bd2e89e1,last.pt_epoch4_final,checkpoints/flash-vqg-20260520-flash-capacity-decomposition-gd-cb64-r16-s123-2026-05-20-18-12-06/gd-cb64-r16-s123-d123-b64-ga4-fp32-noearly4ep/last.pt,/home/lyj/mnt/project/zoology/checkpoints/flash-vqg-20260520-flash-capacity-decomposition-gd-cb64-r16-s123-2026-05-20-18-12-06/gd-cb64-r16-s123-d123-b64-ga4-fp32-noearly4ep/last.pt,true,46c1a28c3fa4b8ebf62b0e69c53c879b60504d4f27d1e1b76ddbc6a1bd2e89e1,8847813,2026-05-20T22:21:28.345289+00:00,3,,0.07076781243085861,0.99387890625,0.9687109375,1160390,,131072,mqar-vocab8192-pass1-seed123-rnq1-power0.01-2048x512-n500,multiquery_ar,8192,2048,512,1,500,32,true,123,true,0.01,,,completed,2048x512,2048,512,32,32;16;8;4;2;1,32,4320.916015625,,same_gpu_same_dtype_same_runner_only,true,1,1,NVIDIA GeForce RTX 2080 Ti,11264,7.5,GPU-0def3eeb-c2d0-4f49-ec2a-ebc1d8453b98,2.6.0+cu118,11.8,550.120,float32,float32,b64_ga4_fp32_official,NVIDIA_GeForce_RTX_2080_Ti-11264MiB-cc7.5-driver550.120-torch2.6.0+cu118-cuda11.8,1.303441047668457,0.82264453125,1.303441047668457,0.82264453125,62.55378842353821,00:01:02,4321.4169921875,4321.4169921875,8938.0,NVIDIA_GeForce_RTX_2080_Ti-11264MiB-cc7.5-driver550.120-torch2.6.0+cu118-cuda11.8,measured_current_host,1,1,NVIDIA GeForce RTX 2080 Ti,11264,7.5,GPU-0def3eeb-c2d0-4f49-ec2a-ebc1d8453b98,2.6.0+cu118,11.8,550.120,8eb730be36bbb0876ed83a332d364c65acb36b28,8eb730be36bbb0876ed83a332d364c65acb36b28,811e1ce5f140e97d93ad6f1adae07b95b4219143,docs/artifacts/longer-mqar/official-core-20260526,docs/artifacts/20260520-flash-capacity-decomposition/flash-capacity-decomp-final.csv,tmp/20260526-longer-mqar-official-core/logs/formal-gd-cb64-r16-s123-d123-b64-ga4-fp32-noearly4ep-2048x512-n500-b32-gpu1.log,,,,123,e446efc9f4dc774377c56c403a468c747870beb18ff0320f15df794dcb69f015,"sha256(inputs,labels)",500x2048,500x2048,500,torch.int64/torch.int64,46c1a28c3fa4b8ebf62b0e69c53c879b60504d4f27d1e1b76ddbc6a1bd2e89e1,sha256,passed,true,,,,
2,20260526-longer-mqar-official-core:formal:gdn-h2-ev8-s123-d123-b64-ga4-fp32-noearly4ep:4096x1024:n500,20260526-longer-mqar-official-core:formal:gdn-h2-ev8-s123-d123-b64-ga4-fp32-noearly4ep:4096x1024:n500,20260526-longer-mqar-official-core,longer_mqar_eval_only,longer_mqar_eval_only_vocab8192_official_core_20260526,formal,completed,2026-05-25T21:51:07.316283+00:00,gdn,gdn-h2-ev8-s123-d123-b64-ga4-fp32-noearly4ep,current_float32_capacity_up_official,gdn-h2-ev8-usegate0-s123-d123,b64_ga4_fp32_official,b64_ga4_fp32_official,capacity_up_official_b64_ga4_fp32,64,16,4,256,b64_ga4,float32,float32,float32,float32,float32,float32,123,123,gdn-h2-ev8-usegate0,gdn-h2-ev8-usegate0-s123-d123,,,2,8,false,true,4,4,4,2,true,checkpoints/flash-vqg-20260519-gd-r10-gdn-official-b64-fp32-gdn-h2-ev8-s123-2026-05-20-01-08-57/gdn-h2-ev8-s123-d123-b64-ga4-fp32-noearly4ep/train_config.json,/home/lyj/mnt/project/zoology/checkpoints/flash-vqg-20260519-gd-r10-gdn-official-b64-fp32-gdn-h2-ev8-s123-2026-05-20-01-08-57/gdn-h2-ev8-s123-d123-b64-ga4-fp32-noearly4ep/train_config.json,d8299eb6fde6ee773902b3a947a5ace6491007c2e4f1a9246aedd50a4d1dc518,sha256:250673e5758e635a85ce6830c733f5549a7a0393a3776ed0fceeb3ab43c5fd9e,last.pt_epoch4_final,checkpoints/flash-vqg-20260519-gd-r10-gdn-official-b64-fp32-gdn-h2-ev8-s123-2026-05-20-01-08-57/gdn-h2-ev8-s123-d123-b64-ga4-fp32-noearly4ep/last.pt,/home/lyj/mnt/project/zoology/checkpoints/flash-vqg-20260519-gd-r10-gdn-official-b64-fp32-gdn-h2-ev8-s123-2026-05-20-01-08-57/gdn-h2-ev8-s123-d123-b64-ga4-fp32-noearly4ep/last.pt,true,250673e5758e635a85ce6830c733f5549a7a0393a3776ed0fceeb3ab43c5fd9e,9676223,2026-05-20T01:20:18.938136+00:00,3,,0.2898484170436859,0.97862255859375,0.83168359375,1367942,65536,65536,mqar-vocab8192-pass1-seed123-rnq1-power0.01-4096x1024-n500,multiquery_ar,8192,4096,1024,1,500,32,true,123,true,0.01,,,completed,4096x1024,4096,1024,32,32;16;8;4;2;1,32,8207.345703125,,same_gpu_same_dtype_same_runner_only,true,0,0,NVIDIA GeForce RTX 2080 Ti,11264,7.5,GPU-57c29499-bcb3-27f6-4360-e60939528a9b,2.6.0+cu118,11.8,550.120,float32,float32,b64_ga4_fp32_official,NVIDIA_GeForce_RTX_2080_Ti-11264MiB-cc7.5-driver550.120-torch2.6.0+cu118-cuda11.8,7.342600345611572,0.10373046875,7.342600345611572,0.10373046875,66.78142476081848,00:01:06,8208.3466796875,8208.3466796875,8222.0,NVIDIA_GeForce_RTX_2080_Ti-11264MiB-cc7.5-driver550.120-torch2.6.0+cu118-cuda11.8,measured_current_host,0,0,NVIDIA GeForce RTX 2080 Ti,11264,7.5,GPU-57c29499-bcb3-27f6-4360-e60939528a9b,2.6.0+cu118,11.8,550.120,8eb730be36bbb0876ed83a332d364c65acb36b28,8eb730be36bbb0876ed83a332d364c65acb36b28,811e1ce5f140e97d93ad6f1adae07b95b4219143,docs/artifacts/longer-mqar/official-core-20260526,docs/artifacts/20260519-gd-r10-gdn-official-b64-fp32/gdn-official-final.csv,tmp/20260526-longer-mqar-official-core/logs/formal-gdn-h2-ev8-s123-d123-b64-ga4-fp32-noearly4ep-4096x1024-n500-b32-gpu0.log,,,,123,0981292ce8ebea1402a4c3a7a6655dfc1de42688c329bd5ea921541a0f1d16ed,"sha256(inputs,labels)",500x4096,500x4096,500,torch.int64/torch.int64,250673e5758e635a85ce6830c733f5549a7a0393a3776ed0fceeb3ab43c5fd9e,sha256,passed,true,,,,
2,20260526-longer-mqar-official-core:formal:gdn-h2-ev8-s123-d123-b64-ga4-fp32-noearly4ep:8190x512:n500,20260526-longer-mqar-official-core:formal:gdn-h2-ev8-s123-d123-b64-ga4-fp32-noearly4ep:8190x512:n500,20260526-longer-mqar-official-core,longer_mqar_eval_only,longer_mqar_eval_only_vocab8192_official_core_20260526,formal,completed,2026-05-25T21:51:53.328585+00:00,gdn,gdn-h2-ev8-s123-d123-b64-ga4-fp32-noearly4ep,current_float32_capacity_up_official,gdn-h2-ev8-usegate0-s123-d123,b64_ga4_fp32_official,b64_ga4_fp32_official,capacity_up_official_b64_ga4_fp32,64,16,4,256,b64_ga4,float32,float32,float32,float32,float32,float32,123,123,gdn-h2-ev8-usegate0,gdn-h2-ev8-usegate0-s123-d123,,,2,8,false,true,4,4,4,2,true,checkpoints/flash-vqg-20260519-gd-r10-gdn-official-b64-fp32-gdn-h2-ev8-s123-2026-05-20-01-08-57/gdn-h2-ev8-s123-d123-b64-ga4-fp32-noearly4ep/train_config.json,/home/lyj/mnt/project/zoology/checkpoints/flash-vqg-20260519-gd-r10-gdn-official-b64-fp32-gdn-h2-ev8-s123-2026-05-20-01-08-57/gdn-h2-ev8-s123-d123-b64-ga4-fp32-noearly4ep/train_config.json,d8299eb6fde6ee773902b3a947a5ace6491007c2e4f1a9246aedd50a4d1dc518,sha256:250673e5758e635a85ce6830c733f5549a7a0393a3776ed0fceeb3ab43c5fd9e,last.pt_epoch4_final,checkpoints/flash-vqg-20260519-gd-r10-gdn-official-b64-fp32-gdn-h2-ev8-s123-2026-05-20-01-08-57/gdn-h2-ev8-s123-d123-b64-ga4-fp32-noearly4ep/last.pt,/home/lyj/mnt/project/zoology/checkpoints/flash-vqg-20260519-gd-r10-gdn-official-b64-fp32-gdn-h2-ev8-s123-2026-05-20-01-08-57/gdn-h2-ev8-s123-d123-b64-ga4-fp32-noearly4ep/last.pt,true,250673e5758e635a85ce6830c733f5549a7a0393a3776ed0fceeb3ab43c5fd9e,9676223,2026-05-20T01:20:18.938136+00:00,3,,0.2898484170436859,0.97862255859375,0.83168359375,1367942,65536,65536,mqar-vocab8192-pass1-seed123-rnq1-power0.01-8190x512-n500,multiquery_ar,8192,8190,512,1,500,16,true,123,true,0.01,,,completed,8190x2047,8190,2047,32,32;16;8;4;2;1,16,8208.3466796875,"b32:oom:oom:torch.OutOfMemoryError: CUDA out of memory. Tried to allocate 8.00 GiB. GPU 0 has a total capacity of 10.74 GiB of which 1.90 GiB is free. Process 1222364 has 8.82 GiB memory in use. Of the allocated memory 8.01 GiB is allocated by PyTorch, and 4.66 MiB is reserved by PyTorch but unallocated. If reserved but unallocated memory is large try setting PYTORCH_CUDA_ALLOC_CONF=expandable_segments:True to avoid fragmentation.  See documentation for Memory Management  (https://pytorch.org/docs/stable/notes/cuda.html#environment-variables)",same_gpu_same_dtype_same_runner_only,true,0,0,NVIDIA GeForce RTX 2080 Ti,11264,7.5,GPU-57c29499-bcb3-27f6-4360-e60939528a9b,2.6.0+cu118,11.8,550.120,float32,float32,b64_ga4_fp32_official,NVIDIA_GeForce_RTX_2080_Ti-11264MiB-cc7.5-driver550.120-torch2.6.0+cu118-cuda11.8,5.503519058227539,0.258609375,5.503519058227539,0.258609375,45.12416410446167,00:00:45,8208.3466796875,8208.3466796875,8222.0,NVIDIA_GeForce_RTX_2080_Ti-11264MiB-cc7.5-driver550.120-torch2.6.0+cu118-cuda11.8,measured_current_host,0,0,NVIDIA GeForce RTX 2080 Ti,11264,7.5,GPU-57c29499-bcb3-27f6-4360-e60939528a9b,2.6.0+cu118,11.8,550.120,8eb730be36bbb0876ed83a332d364c65acb36b28,8eb730be36bbb0876ed83a332d364c65acb36b28,811e1ce5f140e97d93ad6f1adae07b95b4219143,docs/artifacts/longer-mqar/official-core-20260526,docs/artifacts/20260519-gd-r10-gdn-official-b64-fp32/gdn-official-final.csv,tmp/20260526-longer-mqar-official-core/logs/formal-gdn-h2-ev8-s123-d123-b64-ga4-fp32-noearly4ep-8190x512-n500-b16-gpu0.log,,,,123,37a8533a985fabd3db03daf9dfd3a8e0936513ab724039c63b9a22bf352d002d,"sha256(inputs,labels)",500x8190,500x8190,500,torch.int64/torch.int64,250673e5758e635a85ce6830c733f5549a7a0393a3776ed0fceeb3ab43c5fd9e,sha256,passed,true,,,,
2,20260526-longer-mqar-official-core:formal:gd-cb64-r16-s123-d123-b64-ga4-fp32-noearly4ep:4096x1024:n500,20260526-longer-mqar-official-core:formal:gd-cb64-r16-s123-d123-b64-ga4-fp32-noearly4ep:4096x1024:n500,20260526-longer-mqar-official-core,longer_mqar_eval_only,longer_mqar_eval_only_vocab8192_official_core_20260526,formal,completed,2026-05-25T21:52:31.869094+00:00,flash,gd-cb64-r16-s123-d123-b64-ga4-fp32-noearly4ep,cb64-r16,cb64-r16-s123-d123,b64_ga4_fp32_official,gd_residual_v1_capacity_decomposition_b64_ga4_fp32,flash_capacity_decomposition_official_b64_ga4_fp32,64,16,4,256,b64_ga4,float32,float32,float32,float32,float32,float32,123,123,cb64-r16,cb64-r16-s123-d123,64,16,,,,,,4,4,2,true,checkpoints/flash-vqg-20260520-flash-capacity-decomposition-gd-cb64-r16-s123-2026-05-20-18-12-06/gd-cb64-r16-s123-d123-b64-ga4-fp32-noearly4ep/train_config.json,/home/lyj/mnt/project/zoology/checkpoints/flash-vqg-20260520-flash-capacity-decomposition-gd-cb64-r16-s123-2026-05-20-18-12-06/gd-cb64-r16-s123-d123-b64-ga4-fp32-noearly4ep/train_config.json,a04a7a0c1fdaccbc84058929608d3b4474008ed29cda80231e07a67dff0ca6f7,sha256:46c1a28c3fa4b8ebf62b0e69c53c879b60504d4f27d1e1b76ddbc6a1bd2e89e1,last.pt_epoch4_final,checkpoints/flash-vqg-20260520-flash-capacity-decomposition-gd-cb64-r16-s123-2026-05-20-18-12-06/gd-cb64-r16-s123-d123-b64-ga4-fp32-noearly4ep/last.pt,/home/lyj/mnt/project/zoology/checkpoints/flash-vqg-20260520-flash-capacity-decomposition-gd-cb64-r16-s123-2026-05-20-18-12-06/gd-cb64-r16-s123-d123-b64-ga4-fp32-noearly4ep/last.pt,true,46c1a28c3fa4b8ebf62b0e69c53c879b60504d4f27d1e1b76ddbc6a1bd2e89e1,8847813,2026-05-20T22:21:28.345289+00:00,3,,0.07076781243085861,0.99387890625,0.9687109375,1160390,,131072,mqar-vocab8192-pass1-seed123-rnq1-power0.01-4096x1024-n500,multiquery_ar,8192,4096,1024,1,500,32,true,123,true,0.01,,,completed,4096x1024,4096,1024,32,32;16;8;4;2;1,32,8626.2646484375,,same_gpu_same_dtype_same_runner_only,true,1,1,NVIDIA GeForce RTX 2080 Ti,11264,7.5,GPU-0def3eeb-c2d0-4f49-ec2a-ebc1d8453b98,2.6.0+cu118,11.8,550.120,float32,float32,b64_ga4_fp32_official,NVIDIA_GeForce_RTX_2080_Ti-11264MiB-cc7.5-driver550.120-torch2.6.0+cu118-cuda11.8,3.090178966522217,0.468923828125,3.090178966522217,0.468923828125,112.12309694290161,00:01:52,8627.265625,8627.265625,9518.0,NVIDIA_GeForce_RTX_2080_Ti-11264MiB-cc7.5-driver550.120-torch2.6.0+cu118-cuda11.8,measured_current_host,1,1,NVIDIA GeForce RTX 2080 Ti,11264,7.5,GPU-0def3eeb-c2d0-4f49-ec2a-ebc1d8453b98,2.6.0+cu118,11.8,550.120,8eb730be36bbb0876ed83a332d364c65acb36b28,8eb730be36bbb0876ed83a332d364c65acb36b28,811e1ce5f140e97d93ad6f1adae07b95b4219143,docs/artifacts/longer-mqar/official-core-20260526,docs/artifacts/20260520-flash-capacity-decomposition/flash-capacity-decomp-final.csv,tmp/20260526-longer-mqar-official-core/logs/formal-gd-cb64-r16-s123-d123-b64-ga4-fp32-noearly4ep-4096x1024-n500-b32-gpu1.log,,,,123,0981292ce8ebea1402a4c3a7a6655dfc1de42688c329bd5ea921541a0f1d16ed,"sha256(inputs,labels)",500x4096,500x4096,500,torch.int64/torch.int64,46c1a28c3fa4b8ebf62b0e69c53c879b60504d4f27d1e1b76ddbc6a1bd2e89e1,sha256,passed,true,,,,
2,20260526-longer-mqar-official-core:formal:gdn-h2-ev8-s123-d123-b64-ga4-fp32-noearly4ep:8190x2047:n500,20260526-longer-mqar-official-core:formal:gdn-h2-ev8-s123-d123-b64-ga4-fp32-noearly4ep:8190x2047:n500,20260526-longer-mqar-official-core,longer_mqar_eval_only,longer_mqar_eval_only_vocab8192_official_core_20260526,formal,completed,2026-05-25T21:52:40.389269+00:00,gdn,gdn-h2-ev8-s123-d123-b64-ga4-fp32-noearly4ep,current_float32_capacity_up_official,gdn-h2-ev8-usegate0-s123-d123,b64_ga4_fp32_official,b64_ga4_fp32_official,capacity_up_official_b64_ga4_fp32,64,16,4,256,b64_ga4,float32,float32,float32,float32,float32,float32,123,123,gdn-h2-ev8-usegate0,gdn-h2-ev8-usegate0-s123-d123,,,2,8,false,true,4,4,4,2,true,checkpoints/flash-vqg-20260519-gd-r10-gdn-official-b64-fp32-gdn-h2-ev8-s123-2026-05-20-01-08-57/gdn-h2-ev8-s123-d123-b64-ga4-fp32-noearly4ep/train_config.json,/home/lyj/mnt/project/zoology/checkpoints/flash-vqg-20260519-gd-r10-gdn-official-b64-fp32-gdn-h2-ev8-s123-2026-05-20-01-08-57/gdn-h2-ev8-s123-d123-b64-ga4-fp32-noearly4ep/train_config.json,d8299eb6fde6ee773902b3a947a5ace6491007c2e4f1a9246aedd50a4d1dc518,sha256:250673e5758e635a85ce6830c733f5549a7a0393a3776ed0fceeb3ab43c5fd9e,last.pt_epoch4_final,checkpoints/flash-vqg-20260519-gd-r10-gdn-official-b64-fp32-gdn-h2-ev8-s123-2026-05-20-01-08-57/gdn-h2-ev8-s123-d123-b64-ga4-fp32-noearly4ep/last.pt,/home/lyj/mnt/project/zoology/checkpoints/flash-vqg-20260519-gd-r10-gdn-official-b64-fp32-gdn-h2-ev8-s123-2026-05-20-01-08-57/gdn-h2-ev8-s123-d123-b64-ga4-fp32-noearly4ep/last.pt,true,250673e5758e635a85ce6830c733f5549a7a0393a3776ed0fceeb3ab43c5fd9e,9676223,2026-05-20T01:20:18.938136+00:00,3,,0.2898484170436859,0.97862255859375,0.83168359375,1367942,65536,65536,mqar-vocab8192-pass1-seed123-rnq1-power0.01-8190x2047-n500,multiquery_ar,8192,8190,2047,1,500,16,true,123,true,0.01,,,completed,8190x2047,8190,2047,32,32;16;8;4;2;1,16,8208.3466796875,"b32:oom:oom:torch.OutOfMemoryError: CUDA out of memory. Tried to allocate 8.00 GiB. GPU 0 has a total capacity of 10.74 GiB of which 1.90 GiB is free. Process 1222364 has 8.82 GiB memory in use. Of the allocated memory 8.01 GiB is allocated by PyTorch, and 4.66 MiB is reserved by PyTorch but unallocated. If reserved but unallocated memory is large try setting PYTORCH_CUDA_ALLOC_CONF=expandable_segments:True to avoid fragmentation.  See documentation for Memory Management  (https://pytorch.org/docs/stable/notes/cuda.html#environment-variables)",same_gpu_same_dtype_same_runner_only,true,0,0,NVIDIA GeForce RTX 2080 Ti,11264,7.5,GPU-57c29499-bcb3-27f6-4360-e60939528a9b,2.6.0+cu118,11.8,550.120,float32,float32,b64_ga4_fp32_official,NVIDIA_GeForce_RTX_2080_Ti-11264MiB-cc7.5-driver550.120-torch2.6.0+cu118-cuda11.8,9.025108337402344,0.012080117244748412,9.025108337402344,0.012080117244748412,46.1675591468811,00:00:46,8208.3466796875,8208.3466796875,8222.0,NVIDIA_GeForce_RTX_2080_Ti-11264MiB-cc7.5-driver550.120-torch2.6.0+cu118-cuda11.8,measured_current_host,0,0,NVIDIA GeForce RTX 2080 Ti,11264,7.5,GPU-57c29499-bcb3-27f6-4360-e60939528a9b,2.6.0+cu118,11.8,550.120,8eb730be36bbb0876ed83a332d364c65acb36b28,8eb730be36bbb0876ed83a332d364c65acb36b28,811e1ce5f140e97d93ad6f1adae07b95b4219143,docs/artifacts/longer-mqar/official-core-20260526,docs/artifacts/20260519-gd-r10-gdn-official-b64-fp32/gdn-official-final.csv,tmp/20260526-longer-mqar-official-core/logs/formal-gdn-h2-ev8-s123-d123-b64-ga4-fp32-noearly4ep-8190x2047-n500-b16-gpu0.log,,,,123,8c16a91ea127bb7bf2130238ecd56b49fb1fd73bb3e0c2f4c586ddba8e9b97a9,"sha256(inputs,labels)",500x8190,500x8190,500,torch.int64/torch.int64,250673e5758e635a85ce6830c733f5549a7a0393a3776ed0fceeb3ab43c5fd9e,sha256,passed,true,,,,
2,20260526-longer-mqar-official-core:repro:gdn-h2-ev8-s123-d123-b64-ga4-fp32-noearly4ep:1024x256:n500,20260526-longer-mqar-official-core:repro:gdn-h2-ev8-s123-d123-b64-ga4-fp32-noearly4ep:1024x256:n500,20260526-longer-mqar-official-core,longer_mqar_eval_only,longer_mqar_eval_only_vocab8192_official_core_20260526,repro,completed,2026-05-25T21:53:13.555072+00:00,gdn,gdn-h2-ev8-s123-d123-b64-ga4-fp32-noearly4ep,current_float32_capacity_up_official,gdn-h2-ev8-usegate0-s123-d123,b64_ga4_fp32_official,b64_ga4_fp32_official,capacity_up_official_b64_ga4_fp32,64,16,4,256,b64_ga4,float32,float32,float32,float32,float32,float32,123,123,gdn-h2-ev8-usegate0,gdn-h2-ev8-usegate0-s123-d123,,,2,8,false,true,4,4,4,2,true,checkpoints/flash-vqg-20260519-gd-r10-gdn-official-b64-fp32-gdn-h2-ev8-s123-2026-05-20-01-08-57/gdn-h2-ev8-s123-d123-b64-ga4-fp32-noearly4ep/train_config.json,/home/lyj/mnt/project/zoology/checkpoints/flash-vqg-20260519-gd-r10-gdn-official-b64-fp32-gdn-h2-ev8-s123-2026-05-20-01-08-57/gdn-h2-ev8-s123-d123-b64-ga4-fp32-noearly4ep/train_config.json,d8299eb6fde6ee773902b3a947a5ace6491007c2e4f1a9246aedd50a4d1dc518,sha256:250673e5758e635a85ce6830c733f5549a7a0393a3776ed0fceeb3ab43c5fd9e,last.pt_epoch4_final,checkpoints/flash-vqg-20260519-gd-r10-gdn-official-b64-fp32-gdn-h2-ev8-s123-2026-05-20-01-08-57/gdn-h2-ev8-s123-d123-b64-ga4-fp32-noearly4ep/last.pt,/home/lyj/mnt/project/zoology/checkpoints/flash-vqg-20260519-gd-r10-gdn-official-b64-fp32-gdn-h2-ev8-s123-2026-05-20-01-08-57/gdn-h2-ev8-s123-d123-b64-ga4-fp32-noearly4ep/last.pt,true,250673e5758e635a85ce6830c733f5549a7a0393a3776ed0fceeb3ab43c5fd9e,9676223,2026-05-20T01:20:18.938136+00:00,3,,0.2898484170436859,0.97862255859375,0.83168359375,1367942,65536,65536,mqar-vocab8192-pass1-seed123-rnq1-power0.01-1024x256-n500,multiquery_ar,8192,1024,256,1,500,32,false,123,true,0.01,,,,,,,,,,,,,,,,,,,,,,,,,,,1.9131438732147217,0.8341796875,1.9131438732147217,0.8341796875,32.273643016815186,00:00:32,2062.0966796875,2062.0966796875,3342.0,NVIDIA_GeForce_RTX_2080_Ti-11264MiB-cc7.5-driver550.120-torch2.6.0+cu118-cuda11.8,measured_current_host,0,0,NVIDIA GeForce RTX 2080 Ti,11264,7.5,GPU-57c29499-bcb3-27f6-4360-e60939528a9b,2.6.0+cu118,11.8,550.120,8eb730be36bbb0876ed83a332d364c65acb36b28,8eb730be36bbb0876ed83a332d364c65acb36b28,811e1ce5f140e97d93ad6f1adae07b95b4219143,docs/artifacts/longer-mqar/official-core-20260526,docs/artifacts/20260519-gd-r10-gdn-official-b64-fp32/gdn-official-final.csv,tmp/20260526-longer-mqar-official-core/logs/repro-gdn-h2-ev8-s123-d123-b64-ga4-fp32-noearly4ep-1024x256-n500-b32-gpu0.log,,,,123,f30f1e09e1300deb2e0f430d7c50c47a77f58f43657aa4d6f425f938a91a9acb,"sha256(inputs,labels)",500x1024,500x1024,500,torch.int64/torch.int64,250673e5758e635a85ce6830c733f5549a7a0393a3776ed0fceeb3ab43c5fd9e,sha256,passed,true,20260526-longer-mqar-official-core:formal:gdn-h2-ev8-s123-d123-b64-ga4-fp32-noearly4ep:1024x256:n500,true,0.0,true
2,20260526-longer-mqar-official-core:batch_search:gdn-h2-ev8-s124-d123-b64-ga4-fp32-noearly4ep:1024x256:n32,20260526-longer-mqar-official-core:batch_search:gdn-h2-ev8-s124-d123-b64-ga4-fp32-noearly4ep:1024x256:n32,20260526-longer-mqar-official-core,longer_mqar_eval_only,longer_mqar_eval_only_vocab8192_official_core_20260526,batch_search,completed,2026-05-25T21:53:37.963411+00:00,gdn,gdn-h2-ev8-s124-d123-b64-ga4-fp32-noearly4ep,current_float32_capacity_up_official,gdn-h2-ev8-usegate0-s124-d123,b64_ga4_fp32_official,b64_ga4_fp32_official,capacity_up_official_b64_ga4_fp32,64,16,4,256,b64_ga4,float32,float32,float32,float32,float32,float32,124,123,gdn-h2-ev8-usegate0,gdn-h2-ev8-usegate0-s124-d123,,,2,8,false,true,4,4,4,2,true,checkpoints/flash-vqg-20260519-gd-r10-gdn-official-b64-fp32-gdn-h2-ev8-s124-2026-05-20-03-45-27/gdn-h2-ev8-s124-d123-b64-ga4-fp32-noearly4ep/train_config.json,/home/lyj/mnt/project/zoology/checkpoints/flash-vqg-20260519-gd-r10-gdn-official-b64-fp32-gdn-h2-ev8-s124-2026-05-20-03-45-27/gdn-h2-ev8-s124-d123-b64-ga4-fp32-noearly4ep/train_config.json,96657b7532a2c8f760cc2034ca0053238b5c22eaa1aae153e2065ed0514b31d2,sha256:6a756b66241f78b96cc91d73ee2918ee4c74e805fac043c72b659a62fb3ec8e5,last.pt_epoch4_final,checkpoints/flash-vqg-20260519-gd-r10-gdn-official-b64-fp32-gdn-h2-ev8-s124-2026-05-20-03-45-27/gdn-h2-ev8-s124-d123-b64-ga4-fp32-noearly4ep/last.pt,/home/lyj/mnt/project/zoology/checkpoints/flash-vqg-20260519-gd-r10-gdn-official-b64-fp32-gdn-h2-ev8-s124-2026-05-20-03-45-27/gdn-h2-ev8-s124-d123-b64-ga4-fp32-noearly4ep/last.pt,true,6a756b66241f78b96cc91d73ee2918ee4c74e805fac043c72b659a62fb3ec8e5,9676223,2026-05-20T03:53:15.168131+00:00,3,,0.2921281158924103,0.97751611328125,0.82370703125,1367942,65536,65536,mqar-vocab8192-pass1-seed123-rnq1-power0.01-1024x256-n32,multiquery_ar,8192,1024,256,1,32,32,true,123,true,0.01,,,completed,1024x256,1024,256,32,32;16;8;4;2;1,32,2061.845703125,,same_gpu_same_dtype_same_runner_only,true,0,0,NVIDIA GeForce RTX 2080 Ti,11264,7.5,GPU-57c29499-bcb3-27f6-4360-e60939528a9b,2.6.0+cu118,11.8,550.120,float32,float32,b64_ga4_fp32_official,NVIDIA_GeForce_RTX_2080_Ti-11264MiB-cc7.5-driver550.120-torch2.6.0+cu118-cuda11.8,1.9374430179595947,0.8233642578125,1.9374430179595947,0.8233642578125,23.53777313232422,00:00:23,2061.845703125,2061.845703125,3342.0,NVIDIA_GeForce_RTX_2080_Ti-11264MiB-cc7.5-driver550.120-torch2.6.0+cu118-cuda11.8,measured_current_host,0,0,NVIDIA GeForce RTX 2080 Ti,11264,7.5,GPU-57c29499-bcb3-27f6-4360-e60939528a9b,2.6.0+cu118,11.8,550.120,8eb730be36bbb0876ed83a332d364c65acb36b28,8eb730be36bbb0876ed83a332d364c65acb36b28,811e1ce5f140e97d93ad6f1adae07b95b4219143,docs/artifacts/longer-mqar/official-core-20260526,docs/artifacts/20260519-gd-r10-gdn-official-b64-fp32/gdn-official-final.csv,tmp/20260526-longer-mqar-official-core/logs/batch-search-candidate-gdn-h2-ev8-s124-d123-b64-ga4-fp32-noearly4ep-1024x256-n32-b32-gpu0.log,,,,123,68500f1bc9fdc7ff4edc301ab7303d253d578a27cbbbf7613c74e3e6a04cc9f3,"sha256(inputs,labels)",32x1024,32x1024,32,torch.int64/torch.int64,6a756b66241f78b96cc91d73ee2918ee4c74e805fac043c72b659a62fb3ec8e5,sha256,passed,true,,,,
2,20260526-longer-mqar-official-core:batch_search:gdn-h2-ev8-s124-d123-b64-ga4-fp32-noearly4ep:2048x512:n32,20260526-longer-mqar-official-core:batch_search:gdn-h2-ev8-s124-d123-b64-ga4-fp32-noearly4ep:2048x512:n32,20260526-longer-mqar-official-core,longer_mqar_eval_only,longer_mqar_eval_only_vocab8192_official_core_20260526,batch_search,completed,2026-05-25T21:54:04.996821+00:00,gdn,gdn-h2-ev8-s124-d123-b64-ga4-fp32-noearly4ep,current_float32_capacity_up_official,gdn-h2-ev8-usegate0-s124-d123,b64_ga4_fp32_official,b64_ga4_fp32_official,capacity_up_official_b64_ga4_fp32,64,16,4,256,b64_ga4,float32,float32,float32,float32,float32,float32,124,123,gdn-h2-ev8-usegate0,gdn-h2-ev8-usegate0-s124-d123,,,2,8,false,true,4,4,4,2,true,checkpoints/flash-vqg-20260519-gd-r10-gdn-official-b64-fp32-gdn-h2-ev8-s124-2026-05-20-03-45-27/gdn-h2-ev8-s124-d123-b64-ga4-fp32-noearly4ep/train_config.json,/home/lyj/mnt/project/zoology/checkpoints/flash-vqg-20260519-gd-r10-gdn-official-b64-fp32-gdn-h2-ev8-s124-2026-05-20-03-45-27/gdn-h2-ev8-s124-d123-b64-ga4-fp32-noearly4ep/train_config.json,96657b7532a2c8f760cc2034ca0053238b5c22eaa1aae153e2065ed0514b31d2,sha256:6a756b66241f78b96cc91d73ee2918ee4c74e805fac043c72b659a62fb3ec8e5,last.pt_epoch4_final,checkpoints/flash-vqg-20260519-gd-r10-gdn-official-b64-fp32-gdn-h2-ev8-s124-2026-05-20-03-45-27/gdn-h2-ev8-s124-d123-b64-ga4-fp32-noearly4ep/last.pt,/home/lyj/mnt/project/zoology/checkpoints/flash-vqg-20260519-gd-r10-gdn-official-b64-fp32-gdn-h2-ev8-s124-2026-05-20-03-45-27/gdn-h2-ev8-s124-d123-b64-ga4-fp32-noearly4ep/last.pt,true,6a756b66241f78b96cc91d73ee2918ee4c74e805fac043c72b659a62fb3ec8e5,9676223,2026-05-20T03:53:15.168131+00:00,3,,0.2921281158924103,0.97751611328125,0.82370703125,1367942,65536,65536,mqar-vocab8192-pass1-seed123-rnq1-power0.01-2048x512-n32,multiquery_ar,8192,2048,512,1,32,32,true,123,true,0.01,,,completed,2048x512,2048,512,32,32;16;8;4;2;1,32,4110.345703125,,same_gpu_same_dtype_same_runner_only,true,0,0,NVIDIA GeForce RTX 2080 Ti,11264,7.5,GPU-57c29499-bcb3-27f6-4360-e60939528a9b,2.6.0+cu118,11.8,550.120,float32,float32,b64_ga4_fp32_official,NVIDIA_GeForce_RTX_2080_Ti-11264MiB-cc7.5-driver550.120-torch2.6.0+cu118-cuda11.8,4.672447204589844,0.36676025390625,4.672447204589844,0.36676025390625,26.168373346328735,00:00:26,4110.345703125,4110.345703125,6140.0,NVIDIA_GeForce_RTX_2080_Ti-11264MiB-cc7.5-driver550.120-torch2.6.0+cu118-cuda11.8,measured_current_host,0,0,NVIDIA GeForce RTX 2080 Ti,11264,7.5,GPU-57c29499-bcb3-27f6-4360-e60939528a9b,2.6.0+cu118,11.8,550.120,8eb730be36bbb0876ed83a332d364c65acb36b28,8eb730be36bbb0876ed83a332d364c65acb36b28,811e1ce5f140e97d93ad6f1adae07b95b4219143,docs/artifacts/longer-mqar/official-core-20260526,docs/artifacts/20260519-gd-r10-gdn-official-b64-fp32/gdn-official-final.csv,tmp/20260526-longer-mqar-official-core/logs/batch-search-candidate-gdn-h2-ev8-s124-d123-b64-ga4-fp32-noearly4ep-2048x512-n32-b32-gpu0.log,,,,123,34ea18c38dae38e2860b711425f27d090597975373a954d128324e3a04dcb012,"sha256(inputs,labels)",32x2048,32x2048,32,torch.int64/torch.int64,6a756b66241f78b96cc91d73ee2918ee4c74e805fac043c72b659a62fb3ec8e5,sha256,passed,true,,,,
2,20260526-longer-mqar-official-core:batch_search:gdn-h2-ev8-s124-d123-b64-ga4-fp32-noearly4ep:4096x1024:n32,20260526-longer-mqar-official-core:batch_search:gdn-h2-ev8-s124-d123-b64-ga4-fp32-noearly4ep:4096x1024:n32,20260526-longer-mqar-official-core,longer_mqar_eval_only,longer_mqar_eval_only_vocab8192_official_core_20260526,batch_search,completed,2026-05-25T21:54:37.426611+00:00,gdn,gdn-h2-ev8-s124-d123-b64-ga4-fp32-noearly4ep,current_float32_capacity_up_official,gdn-h2-ev8-usegate0-s124-d123,b64_ga4_fp32_official,b64_ga4_fp32_official,capacity_up_official_b64_ga4_fp32,64,16,4,256,b64_ga4,float32,float32,float32,float32,float32,float32,124,123,gdn-h2-ev8-usegate0,gdn-h2-ev8-usegate0-s124-d123,,,2,8,false,true,4,4,4,2,true,checkpoints/flash-vqg-20260519-gd-r10-gdn-official-b64-fp32-gdn-h2-ev8-s124-2026-05-20-03-45-27/gdn-h2-ev8-s124-d123-b64-ga4-fp32-noearly4ep/train_config.json,/home/lyj/mnt/project/zoology/checkpoints/flash-vqg-20260519-gd-r10-gdn-official-b64-fp32-gdn-h2-ev8-s124-2026-05-20-03-45-27/gdn-h2-ev8-s124-d123-b64-ga4-fp32-noearly4ep/train_config.json,96657b7532a2c8f760cc2034ca0053238b5c22eaa1aae153e2065ed0514b31d2,sha256:6a756b66241f78b96cc91d73ee2918ee4c74e805fac043c72b659a62fb3ec8e5,last.pt_epoch4_final,checkpoints/flash-vqg-20260519-gd-r10-gdn-official-b64-fp32-gdn-h2-ev8-s124-2026-05-20-03-45-27/gdn-h2-ev8-s124-d123-b64-ga4-fp32-noearly4ep/last.pt,/home/lyj/mnt/project/zoology/checkpoints/flash-vqg-20260519-gd-r10-gdn-official-b64-fp32-gdn-h2-ev8-s124-2026-05-20-03-45-27/gdn-h2-ev8-s124-d123-b64-ga4-fp32-noearly4ep/last.pt,true,6a756b66241f78b96cc91d73ee2918ee4c74e805fac043c72b659a62fb3ec8e5,9676223,2026-05-20T03:53:15.168131+00:00,3,,0.2921281158924103,0.97751611328125,0.82370703125,1367942,65536,65536,mqar-vocab8192-pass1-seed123-rnq1-power0.01-4096x1024-n32,multiquery_ar,8192,4096,1024,1,32,32,true,123,true,0.01,,,completed,4096x1024,4096,1024,32,32;16;8;4;2;1,32,8207.345703125,,same_gpu_same_dtype_same_runner_only,true,0,0,NVIDIA GeForce RTX 2080 Ti,11264,7.5,GPU-57c29499-bcb3-27f6-4360-e60939528a9b,2.6.0+cu118,11.8,550.120,float32,float32,b64_ga4_fp32_official,NVIDIA_GeForce_RTX_2080_Ti-11264MiB-cc7.5-driver550.120-torch2.6.0+cu118-cuda11.8,7.330915927886963,0.106201171875,7.330915927886963,0.106201171875,31.548074960708618,00:00:31,8207.345703125,8207.345703125,8218.0,NVIDIA_GeForce_RTX_2080_Ti-11264MiB-cc7.5-driver550.120-torch2.6.0+cu118-cuda11.8,measured_current_host,0,0,NVIDIA GeForce RTX 2080 Ti,11264,7.5,GPU-57c29499-bcb3-27f6-4360-e60939528a9b,2.6.0+cu118,11.8,550.120,8eb730be36bbb0876ed83a332d364c65acb36b28,8eb730be36bbb0876ed83a332d364c65acb36b28,811e1ce5f140e97d93ad6f1adae07b95b4219143,docs/artifacts/longer-mqar/official-core-20260526,docs/artifacts/20260519-gd-r10-gdn-official-b64-fp32/gdn-official-final.csv,tmp/20260526-longer-mqar-official-core/logs/batch-search-candidate-gdn-h2-ev8-s124-d123-b64-ga4-fp32-noearly4ep-4096x1024-n32-b32-gpu0.log,,,,123,55274181d24158d3fe53491784d87fabe3a981427663df2ac8ed40876e72a1b8,"sha256(inputs,labels)",32x4096,32x4096,32,torch.int64/torch.int64,6a756b66241f78b96cc91d73ee2918ee4c74e805fac043c72b659a62fb3ec8e5,sha256,passed,true,,,,
2,20260526-longer-mqar-official-core:batch_search:gdn-h2-ev8-s124-d123-b64-ga4-fp32-noearly4ep:8190x512:n32,20260526-longer-mqar-official-core:batch_search:gdn-h2-ev8-s124-d123-b64-ga4-fp32-noearly4ep:8190x512:n32,20260526-longer-mqar-official-core,longer_mqar_eval_only,longer_mqar_eval_only_vocab8192_official_core_20260526,batch_search,completed,2026-05-25T21:55:53.820956+00:00,gdn,gdn-h2-ev8-s124-d123-b64-ga4-fp32-noearly4ep,current_float32_capacity_up_official,gdn-h2-ev8-usegate0-s124-d123,b64_ga4_fp32_official,b64_ga4_fp32_official,capacity_up_official_b64_ga4_fp32,64,16,4,256,b64_ga4,float32,float32,float32,float32,float32,float32,124,123,gdn-h2-ev8-usegate0,gdn-h2-ev8-usegate0-s124-d123,,,2,8,false,true,4,4,4,2,true,checkpoints/flash-vqg-20260519-gd-r10-gdn-official-b64-fp32-gdn-h2-ev8-s124-2026-05-20-03-45-27/gdn-h2-ev8-s124-d123-b64-ga4-fp32-noearly4ep/train_config.json,/home/lyj/mnt/project/zoology/checkpoints/flash-vqg-20260519-gd-r10-gdn-official-b64-fp32-gdn-h2-ev8-s124-2026-05-20-03-45-27/gdn-h2-ev8-s124-d123-b64-ga4-fp32-noearly4ep/train_config.json,96657b7532a2c8f760cc2034ca0053238b5c22eaa1aae153e2065ed0514b31d2,sha256:6a756b66241f78b96cc91d73ee2918ee4c74e805fac043c72b659a62fb3ec8e5,last.pt_epoch4_final,checkpoints/flash-vqg-20260519-gd-r10-gdn-official-b64-fp32-gdn-h2-ev8-s124-2026-05-20-03-45-27/gdn-h2-ev8-s124-d123-b64-ga4-fp32-noearly4ep/last.pt,/home/lyj/mnt/project/zoology/checkpoints/flash-vqg-20260519-gd-r10-gdn-official-b64-fp32-gdn-h2-ev8-s124-2026-05-20-03-45-27/gdn-h2-ev8-s124-d123-b64-ga4-fp32-noearly4ep/last.pt,true,6a756b66241f78b96cc91d73ee2918ee4c74e805fac043c72b659a62fb3ec8e5,9676223,2026-05-20T03:53:15.168131+00:00,3,,0.2921281158924103,0.97751611328125,0.82370703125,1367942,65536,65536,mqar-vocab8192-pass1-seed123-rnq1-power0.01-8190x512-n32,multiquery_ar,8192,8190,512,1,32,16,true,123,true,0.01,,,completed,8190x512,8190,512,32,32;16;8;4;2;1,16,8208.3466796875,"b32:oom:oom:torch.OutOfMemoryError: CUDA out of memory. Tried to allocate 8.00 GiB. GPU 0 has a total capacity of 10.74 GiB of which 1.90 GiB is free. Process 1224582 has 8.82 GiB memory in use. Of the allocated memory 8.01 GiB is allocated by PyTorch, and 4.66 MiB is reserved by PyTorch but unallocated. If reserved but unallocated memory is large try setting PYTORCH_CUDA_ALLOC_CONF=expandable_segments:True to avoid fragmentation.  See documentation for Memory Management  (https://pytorch.org/docs/stable/notes/cuda.html#environment-variables)",same_gpu_same_dtype_same_runner_only,true,0,0,NVIDIA GeForce RTX 2080 Ti,11264,7.5,GPU-57c29499-bcb3-27f6-4360-e60939528a9b,2.6.0+cu118,11.8,550.120,float32,float32,b64_ga4_fp32_official,NVIDIA_GeForce_RTX_2080_Ti-11264MiB-cc7.5-driver550.120-torch2.6.0+cu118-cuda11.8,5.55314826965332,0.2530517578125,5.55314826965332,0.2530517578125,31.522916078567505,00:00:31,8208.3466796875,8208.3466796875,8222.0,NVIDIA_GeForce_RTX_2080_Ti-11264MiB-cc7.5-driver550.120-torch2.6.0+cu118-cuda11.8,measured_current_host,0,0,NVIDIA GeForce RTX 2080 Ti,11264,7.5,GPU-57c29499-bcb3-27f6-4360-e60939528a9b,2.6.0+cu118,11.8,550.120,8eb730be36bbb0876ed83a332d364c65acb36b28,8eb730be36bbb0876ed83a332d364c65acb36b28,811e1ce5f140e97d93ad6f1adae07b95b4219143,docs/artifacts/longer-mqar/official-core-20260526,docs/artifacts/20260519-gd-r10-gdn-official-b64-fp32/gdn-official-final.csv,tmp/20260526-longer-mqar-official-core/logs/batch-search-candidate-gdn-h2-ev8-s124-d123-b64-ga4-fp32-noearly4ep-8190x512-n32-b16-gpu0.log,,,,123,23d7ffc7467f8e355ec7cb4c739cf5494449c559427d204883d63d7dca4f4351,"sha256(inputs,labels)",32x8190,32x8190,32,torch.int64/torch.int64,6a756b66241f78b96cc91d73ee2918ee4c74e805fac043c72b659a62fb3ec8e5,sha256,passed,true,,,,
2,20260526-longer-mqar-official-core:batch_search:gdn-h2-ev8-s124-d123-b64-ga4-fp32-noearly4ep:8190x2047:n32,20260526-longer-mqar-official-core:batch_search:gdn-h2-ev8-s124-d123-b64-ga4-fp32-noearly4ep:8190x2047:n32,20260526-longer-mqar-official-core,longer_mqar_eval_only,longer_mqar_eval_only_vocab8192_official_core_20260526,batch_search,completed,2026-05-25T21:57:10.013060+00:00,gdn,gdn-h2-ev8-s124-d123-b64-ga4-fp32-noearly4ep,current_float32_capacity_up_official,gdn-h2-ev8-usegate0-s124-d123,b64_ga4_fp32_official,b64_ga4_fp32_official,capacity_up_official_b64_ga4_fp32,64,16,4,256,b64_ga4,float32,float32,float32,float32,float32,float32,124,123,gdn-h2-ev8-usegate0,gdn-h2-ev8-usegate0-s124-d123,,,2,8,false,true,4,4,4,2,true,checkpoints/flash-vqg-20260519-gd-r10-gdn-official-b64-fp32-gdn-h2-ev8-s124-2026-05-20-03-45-27/gdn-h2-ev8-s124-d123-b64-ga4-fp32-noearly4ep/train_config.json,/home/lyj/mnt/project/zoology/checkpoints/flash-vqg-20260519-gd-r10-gdn-official-b64-fp32-gdn-h2-ev8-s124-2026-05-20-03-45-27/gdn-h2-ev8-s124-d123-b64-ga4-fp32-noearly4ep/train_config.json,96657b7532a2c8f760cc2034ca0053238b5c22eaa1aae153e2065ed0514b31d2,sha256:6a756b66241f78b96cc91d73ee2918ee4c74e805fac043c72b659a62fb3ec8e5,last.pt_epoch4_final,checkpoints/flash-vqg-20260519-gd-r10-gdn-official-b64-fp32-gdn-h2-ev8-s124-2026-05-20-03-45-27/gdn-h2-ev8-s124-d123-b64-ga4-fp32-noearly4ep/last.pt,/home/lyj/mnt/project/zoology/checkpoints/flash-vqg-20260519-gd-r10-gdn-official-b64-fp32-gdn-h2-ev8-s124-2026-05-20-03-45-27/gdn-h2-ev8-s124-d123-b64-ga4-fp32-noearly4ep/last.pt,true,6a756b66241f78b96cc91d73ee2918ee4c74e805fac043c72b659a62fb3ec8e5,9676223,2026-05-20T03:53:15.168131+00:00,3,,0.2921281158924103,0.97751611328125,0.82370703125,1367942,65536,65536,mqar-vocab8192-pass1-seed123-rnq1-power0.01-8190x2047-n32,multiquery_ar,8192,8190,2047,1,32,16,true,123,true,0.01,,,completed,8190x2047,8190,2047,32,32;16;8;4;2;1,16,8208.3466796875,"b32:oom:oom:torch.OutOfMemoryError: CUDA out of memory. Tried to allocate 8.00 GiB. GPU 0 has a total capacity of 10.74 GiB of which 1.90 GiB is free. Process 1224724 has 8.82 GiB memory in use. Of the allocated memory 8.01 GiB is allocated by PyTorch, and 4.66 MiB is reserved by PyTorch but unallocated. If reserved but unallocated memory is large try setting PYTORCH_CUDA_ALLOC_CONF=expandable_segments:True to avoid fragmentation.  See documentation for Memory Management  (https://pytorch.org/docs/stable/notes/cuda.html#environment-variables)",same_gpu_same_dtype_same_runner_only,true,0,0,NVIDIA GeForce RTX 2080 Ti,11264,7.5,GPU-57c29499-bcb3-27f6-4360-e60939528a9b,2.6.0+cu118,11.8,550.120,float32,float32,b64_ga4_fp32_official,NVIDIA_GeForce_RTX_2080_Ti-11264MiB-cc7.5-driver550.120-torch2.6.0+cu118-cuda11.8,9.040060043334961,0.012212994626282364,9.040060043334961,0.012212994626282364,31.70630979537964,00:00:31,8208.3466796875,8208.3466796875,8222.0,NVIDIA_GeForce_RTX_2080_Ti-11264MiB-cc7.5-driver550.120-torch2.6.0+cu118-cuda11.8,measured_current_host,0,0,NVIDIA GeForce RTX 2080 Ti,11264,7.5,GPU-57c29499-bcb3-27f6-4360-e60939528a9b,2.6.0+cu118,11.8,550.120,8eb730be36bbb0876ed83a332d364c65acb36b28,8eb730be36bbb0876ed83a332d364c65acb36b28,811e1ce5f140e97d93ad6f1adae07b95b4219143,docs/artifacts/longer-mqar/official-core-20260526,docs/artifacts/20260519-gd-r10-gdn-official-b64-fp32/gdn-official-final.csv,tmp/20260526-longer-mqar-official-core/logs/batch-search-candidate-gdn-h2-ev8-s124-d123-b64-ga4-fp32-noearly4ep-8190x2047-n32-b16-gpu0.log,,,,123,70999303f8fadb4cbae8f973c8267ef97a6209a3b8e05f5385a1f26fa38408f5,"sha256(inputs,labels)",32x8190,32x8190,32,torch.int64/torch.int64,6a756b66241f78b96cc91d73ee2918ee4c74e805fac043c72b659a62fb3ec8e5,sha256,passed,true,,,,
2,20260526-longer-mqar-official-core:formal:gdn-h2-ev8-s124-d123-b64-ga4-fp32-noearly4ep:1024x256:n500,20260526-longer-mqar-official-core:formal:gdn-h2-ev8-s124-d123-b64-ga4-fp32-noearly4ep:1024x256:n500,20260526-longer-mqar-official-core,longer_mqar_eval_only,longer_mqar_eval_only_vocab8192_official_core_20260526,formal,completed,2026-05-25T21:57:42.957981+00:00,gdn,gdn-h2-ev8-s124-d123-b64-ga4-fp32-noearly4ep,current_float32_capacity_up_official,gdn-h2-ev8-usegate0-s124-d123,b64_ga4_fp32_official,b64_ga4_fp32_official,capacity_up_official_b64_ga4_fp32,64,16,4,256,b64_ga4,float32,float32,float32,float32,float32,float32,124,123,gdn-h2-ev8-usegate0,gdn-h2-ev8-usegate0-s124-d123,,,2,8,false,true,4,4,4,2,true,checkpoints/flash-vqg-20260519-gd-r10-gdn-official-b64-fp32-gdn-h2-ev8-s124-2026-05-20-03-45-27/gdn-h2-ev8-s124-d123-b64-ga4-fp32-noearly4ep/train_config.json,/home/lyj/mnt/project/zoology/checkpoints/flash-vqg-20260519-gd-r10-gdn-official-b64-fp32-gdn-h2-ev8-s124-2026-05-20-03-45-27/gdn-h2-ev8-s124-d123-b64-ga4-fp32-noearly4ep/train_config.json,96657b7532a2c8f760cc2034ca0053238b5c22eaa1aae153e2065ed0514b31d2,sha256:6a756b66241f78b96cc91d73ee2918ee4c74e805fac043c72b659a62fb3ec8e5,last.pt_epoch4_final,checkpoints/flash-vqg-20260519-gd-r10-gdn-official-b64-fp32-gdn-h2-ev8-s124-2026-05-20-03-45-27/gdn-h2-ev8-s124-d123-b64-ga4-fp32-noearly4ep/last.pt,/home/lyj/mnt/project/zoology/checkpoints/flash-vqg-20260519-gd-r10-gdn-official-b64-fp32-gdn-h2-ev8-s124-2026-05-20-03-45-27/gdn-h2-ev8-s124-d123-b64-ga4-fp32-noearly4ep/last.pt,true,6a756b66241f78b96cc91d73ee2918ee4c74e805fac043c72b659a62fb3ec8e5,9676223,2026-05-20T03:53:15.168131+00:00,3,,0.2921281158924103,0.97751611328125,0.82370703125,1367942,65536,65536,mqar-vocab8192-pass1-seed123-rnq1-power0.01-1024x256-n500,multiquery_ar,8192,1024,256,1,500,32,true,123,true,0.01,,,completed,1024x256,1024,256,32,32;16;8;4;2;1,32,2061.845703125,,same_gpu_same_dtype_same_runner_only,true,0,0,NVIDIA GeForce RTX 2080 Ti,11264,7.5,GPU-57c29499-bcb3-27f6-4360-e60939528a9b,2.6.0+cu118,11.8,550.120,float32,float32,b64_ga4_fp32_official,NVIDIA_GeForce_RTX_2080_Ti-11264MiB-cc7.5-driver550.120-torch2.6.0+cu118-cuda11.8,1.9269824028015137,0.825828125,1.9269824028015137,0.825828125,32.01891851425171,00:00:32,2062.0966796875,2062.0966796875,3342.0,NVIDIA_GeForce_RTX_2080_Ti-11264MiB-cc7.5-driver550.120-torch2.6.0+cu118-cuda11.8,measured_current_host,0,0,NVIDIA GeForce RTX 2080 Ti,11264,7.5,GPU-57c29499-bcb3-27f6-4360-e60939528a9b,2.6.0+cu118,11.8,550.120,8eb730be36bbb0876ed83a332d364c65acb36b28,8eb730be36bbb0876ed83a332d364c65acb36b28,811e1ce5f140e97d93ad6f1adae07b95b4219143,docs/artifacts/longer-mqar/official-core-20260526,docs/artifacts/20260519-gd-r10-gdn-official-b64-fp32/gdn-official-final.csv,tmp/20260526-longer-mqar-official-core/logs/formal-gdn-h2-ev8-s124-d123-b64-ga4-fp32-noearly4ep-1024x256-n500-b32-gpu0.log,,,,123,f30f1e09e1300deb2e0f430d7c50c47a77f58f43657aa4d6f425f938a91a9acb,"sha256(inputs,labels)",500x1024,500x1024,500,torch.int64/torch.int64,6a756b66241f78b96cc91d73ee2918ee4c74e805fac043c72b659a62fb3ec8e5,sha256,passed,true,,,,
2,20260526-longer-mqar-official-core:formal:gdn-h2-ev8-s124-d123-b64-ga4-fp32-noearly4ep:2048x512:n500,20260526-longer-mqar-official-core:formal:gdn-h2-ev8-s124-d123-b64-ga4-fp32-noearly4ep:2048x512:n500,20260526-longer-mqar-official-core,longer_mqar_eval_only,longer_mqar_eval_only_vocab8192_official_core_20260526,formal,completed,2026-05-25T21:58:19.566907+00:00,gdn,gdn-h2-ev8-s124-d123-b64-ga4-fp32-noearly4ep,current_float32_capacity_up_official,gdn-h2-ev8-usegate0-s124-d123,b64_ga4_fp32_official,b64_ga4_fp32_official,capacity_up_official_b64_ga4_fp32,64,16,4,256,b64_ga4,float32,float32,float32,float32,float32,float32,124,123,gdn-h2-ev8-usegate0,gdn-h2-ev8-usegate0-s124-d123,,,2,8,false,true,4,4,4,2,true,checkpoints/flash-vqg-20260519-gd-r10-gdn-official-b64-fp32-gdn-h2-ev8-s124-2026-05-20-03-45-27/gdn-h2-ev8-s124-d123-b64-ga4-fp32-noearly4ep/train_config.json,/home/lyj/mnt/project/zoology/checkpoints/flash-vqg-20260519-gd-r10-gdn-official-b64-fp32-gdn-h2-ev8-s124-2026-05-20-03-45-27/gdn-h2-ev8-s124-d123-b64-ga4-fp32-noearly4ep/train_config.json,96657b7532a2c8f760cc2034ca0053238b5c22eaa1aae153e2065ed0514b31d2,sha256:6a756b66241f78b96cc91d73ee2918ee4c74e805fac043c72b659a62fb3ec8e5,last.pt_epoch4_final,checkpoints/flash-vqg-20260519-gd-r10-gdn-official-b64-fp32-gdn-h2-ev8-s124-2026-05-20-03-45-27/gdn-h2-ev8-s124-d123-b64-ga4-fp32-noearly4ep/last.pt,/home/lyj/mnt/project/zoology/checkpoints/flash-vqg-20260519-gd-r10-gdn-official-b64-fp32-gdn-h2-ev8-s124-2026-05-20-03-45-27/gdn-h2-ev8-s124-d123-b64-ga4-fp32-noearly4ep/last.pt,true,6a756b66241f78b96cc91d73ee2918ee4c74e805fac043c72b659a62fb3ec8e5,9676223,2026-05-20T03:53:15.168131+00:00,3,,0.2921281158924103,0.97751611328125,0.82370703125,1367942,65536,65536,mqar-vocab8192-pass1-seed123-rnq1-power0.01-2048x512-n500,multiquery_ar,8192,2048,512,1,500,32,true,123,true,0.01,,,completed,2048x512,2048,512,32,32;16;8;4;2;1,32,4110.345703125,,same_gpu_same_dtype_same_runner_only,true,0,0,NVIDIA GeForce RTX 2080 Ti,11264,7.5,GPU-57c29499-bcb3-27f6-4360-e60939528a9b,2.6.0+cu118,11.8,550.120,float32,float32,b64_ga4_fp32_official,NVIDIA_GeForce_RTX_2080_Ti-11264MiB-cc7.5-driver550.120-torch2.6.0+cu118-cuda11.8,4.664288520812988,0.36681640625,4.664288520812988,0.36681640625,35.734766721725464,00:00:35,4110.8466796875,4110.8466796875,6140.0,NVIDIA_GeForce_RTX_2080_Ti-11264MiB-cc7.5-driver550.120-torch2.6.0+cu118-cuda11.8,measured_current_host,0,0,NVIDIA GeForce RTX 2080 Ti,11264,7.5,GPU-57c29499-bcb3-27f6-4360-e60939528a9b,2.6.0+cu118,11.8,550.120,8eb730be36bbb0876ed83a332d364c65acb36b28,8eb730be36bbb0876ed83a332d364c65acb36b28,811e1ce5f140e97d93ad6f1adae07b95b4219143,docs/artifacts/longer-mqar/official-core-20260526,docs/artifacts/20260519-gd-r10-gdn-official-b64-fp32/gdn-official-final.csv,tmp/20260526-longer-mqar-official-core/logs/formal-gdn-h2-ev8-s124-d123-b64-ga4-fp32-noearly4ep-2048x512-n500-b32-gpu0.log,,,,123,e446efc9f4dc774377c56c403a468c747870beb18ff0320f15df794dcb69f015,"sha256(inputs,labels)",500x2048,500x2048,500,torch.int64/torch.int64,6a756b66241f78b96cc91d73ee2918ee4c74e805fac043c72b659a62fb3ec8e5,sha256,passed,true,,,,
2,20260526-longer-mqar-official-core:formal:gdn-h2-ev8-s124-d123-b64-ga4-fp32-noearly4ep:4096x1024:n500,20260526-longer-mqar-official-core:formal:gdn-h2-ev8-s124-d123-b64-ga4-fp32-noearly4ep:4096x1024:n500,20260526-longer-mqar-official-core,longer_mqar_eval_only,longer_mqar_eval_only_vocab8192_official_core_20260526,formal,completed,2026-05-25T21:59:03.660946+00:00,gdn,gdn-h2-ev8-s124-d123-b64-ga4-fp32-noearly4ep,current_float32_capacity_up_official,gdn-h2-ev8-usegate0-s124-d123,b64_ga4_fp32_official,b64_ga4_fp32_official,capacity_up_official_b64_ga4_fp32,64,16,4,256,b64_ga4,float32,float32,float32,float32,float32,float32,124,123,gdn-h2-ev8-usegate0,gdn-h2-ev8-usegate0-s124-d123,,,2,8,false,true,4,4,4,2,true,checkpoints/flash-vqg-20260519-gd-r10-gdn-official-b64-fp32-gdn-h2-ev8-s124-2026-05-20-03-45-27/gdn-h2-ev8-s124-d123-b64-ga4-fp32-noearly4ep/train_config.json,/home/lyj/mnt/project/zoology/checkpoints/flash-vqg-20260519-gd-r10-gdn-official-b64-fp32-gdn-h2-ev8-s124-2026-05-20-03-45-27/gdn-h2-ev8-s124-d123-b64-ga4-fp32-noearly4ep/train_config.json,96657b7532a2c8f760cc2034ca0053238b5c22eaa1aae153e2065ed0514b31d2,sha256:6a756b66241f78b96cc91d73ee2918ee4c74e805fac043c72b659a62fb3ec8e5,last.pt_epoch4_final,checkpoints/flash-vqg-20260519-gd-r10-gdn-official-b64-fp32-gdn-h2-ev8-s124-2026-05-20-03-45-27/gdn-h2-ev8-s124-d123-b64-ga4-fp32-noearly4ep/last.pt,/home/lyj/mnt/project/zoology/checkpoints/flash-vqg-20260519-gd-r10-gdn-official-b64-fp32-gdn-h2-ev8-s124-2026-05-20-03-45-27/gdn-h2-ev8-s124-d123-b64-ga4-fp32-noearly4ep/last.pt,true,6a756b66241f78b96cc91d73ee2918ee4c74e805fac043c72b659a62fb3ec8e5,9676223,2026-05-20T03:53:15.168131+00:00,3,,0.2921281158924103,0.97751611328125,0.82370703125,1367942,65536,65536,mqar-vocab8192-pass1-seed123-rnq1-power0.01-4096x1024-n500,multiquery_ar,8192,4096,1024,1,500,32,true,123,true,0.01,,,completed,4096x1024,4096,1024,32,32;16;8;4;2;1,32,8207.345703125,,same_gpu_same_dtype_same_runner_only,true,0,0,NVIDIA GeForce RTX 2080 Ti,11264,7.5,GPU-57c29499-bcb3-27f6-4360-e60939528a9b,2.6.0+cu118,11.8,550.120,float32,float32,b64_ga4_fp32_official,NVIDIA_GeForce_RTX_2080_Ti-11264MiB-cc7.5-driver550.120-torch2.6.0+cu118-cuda11.8,7.331182479858398,0.105216796875,7.331182479858398,0.105216796875,43.21915006637573,00:00:43,8208.3466796875,8208.3466796875,8222.0,NVIDIA_GeForce_RTX_2080_Ti-11264MiB-cc7.5-driver550.120-torch2.6.0+cu118-cuda11.8,measured_current_host,0,0,NVIDIA GeForce RTX 2080 Ti,11264,7.5,GPU-57c29499-bcb3-27f6-4360-e60939528a9b,2.6.0+cu118,11.8,550.120,8eb730be36bbb0876ed83a332d364c65acb36b28,8eb730be36bbb0876ed83a332d364c65acb36b28,811e1ce5f140e97d93ad6f1adae07b95b4219143,docs/artifacts/longer-mqar/official-core-20260526,docs/artifacts/20260519-gd-r10-gdn-official-b64-fp32/gdn-official-final.csv,tmp/20260526-longer-mqar-official-core/logs/formal-gdn-h2-ev8-s124-d123-b64-ga4-fp32-noearly4ep-4096x1024-n500-b32-gpu0.log,,,,123,0981292ce8ebea1402a4c3a7a6655dfc1de42688c329bd5ea921541a0f1d16ed,"sha256(inputs,labels)",500x4096,500x4096,500,torch.int64/torch.int64,6a756b66241f78b96cc91d73ee2918ee4c74e805fac043c72b659a62fb3ec8e5,sha256,passed,true,,,,
2,20260526-longer-mqar-official-core:formal:gdn-h2-ev8-s124-d123-b64-ga4-fp32-noearly4ep:8190x512:n500,20260526-longer-mqar-official-core:formal:gdn-h2-ev8-s124-d123-b64-ga4-fp32-noearly4ep:8190x512:n500,20260526-longer-mqar-official-core,longer_mqar_eval_only,longer_mqar_eval_only_vocab8192_official_core_20260526,formal,completed,2026-05-25T21:59:50.118841+00:00,gdn,gdn-h2-ev8-s124-d123-b64-ga4-fp32-noearly4ep,current_float32_capacity_up_official,gdn-h2-ev8-usegate0-s124-d123,b64_ga4_fp32_official,b64_ga4_fp32_official,capacity_up_official_b64_ga4_fp32,64,16,4,256,b64_ga4,float32,float32,float32,float32,float32,float32,124,123,gdn-h2-ev8-usegate0,gdn-h2-ev8-usegate0-s124-d123,,,2,8,false,true,4,4,4,2,true,checkpoints/flash-vqg-20260519-gd-r10-gdn-official-b64-fp32-gdn-h2-ev8-s124-2026-05-20-03-45-27/gdn-h2-ev8-s124-d123-b64-ga4-fp32-noearly4ep/train_config.json,/home/lyj/mnt/project/zoology/checkpoints/flash-vqg-20260519-gd-r10-gdn-official-b64-fp32-gdn-h2-ev8-s124-2026-05-20-03-45-27/gdn-h2-ev8-s124-d123-b64-ga4-fp32-noearly4ep/train_config.json,96657b7532a2c8f760cc2034ca0053238b5c22eaa1aae153e2065ed0514b31d2,sha256:6a756b66241f78b96cc91d73ee2918ee4c74e805fac043c72b659a62fb3ec8e5,last.pt_epoch4_final,checkpoints/flash-vqg-20260519-gd-r10-gdn-official-b64-fp32-gdn-h2-ev8-s124-2026-05-20-03-45-27/gdn-h2-ev8-s124-d123-b64-ga4-fp32-noearly4ep/last.pt,/home/lyj/mnt/project/zoology/checkpoints/flash-vqg-20260519-gd-r10-gdn-official-b64-fp32-gdn-h2-ev8-s124-2026-05-20-03-45-27/gdn-h2-ev8-s124-d123-b64-ga4-fp32-noearly4ep/last.pt,true,6a756b66241f78b96cc91d73ee2918ee4c74e805fac043c72b659a62fb3ec8e5,9676223,2026-05-20T03:53:15.168131+00:00,3,,0.2921281158924103,0.97751611328125,0.82370703125,1367942,65536,65536,mqar-vocab8192-pass1-seed123-rnq1-power0.01-8190x512-n500,multiquery_ar,8192,8190,512,1,500,16,true,123,true,0.01,,,completed,8190x2047,8190,2047,32,32;16;8;4;2;1,16,8208.3466796875,"b32:oom:oom:torch.OutOfMemoryError: CUDA out of memory. Tried to allocate 8.00 GiB. GPU 0 has a total capacity of 10.74 GiB of which 1.90 GiB is free. Process 1224724 has 8.82 GiB memory in use. Of the allocated memory 8.01 GiB is allocated by PyTorch, and 4.66 MiB is reserved by PyTorch but unallocated. If reserved but unallocated memory is large try setting PYTORCH_CUDA_ALLOC_CONF=expandable_segments:True to avoid fragmentation.  See documentation for Memory Management  (https://pytorch.org/docs/stable/notes/cuda.html#environment-variables)",same_gpu_same_dtype_same_runner_only,true,0,0,NVIDIA GeForce RTX 2080 Ti,11264,7.5,GPU-57c29499-bcb3-27f6-4360-e60939528a9b,2.6.0+cu118,11.8,550.120,float32,float32,b64_ga4_fp32_official,NVIDIA_GeForce_RTX_2080_Ti-11264MiB-cc7.5-driver550.120-torch2.6.0+cu118-cuda11.8,5.507221221923828,0.259546875,5.507221221923828,0.259546875,45.56590414047241,00:00:45,8208.3466796875,8208.3466796875,8222.0,NVIDIA_GeForce_RTX_2080_Ti-11264MiB-cc7.5-driver550.120-torch2.6.0+cu118-cuda11.8,measured_current_host,0,0,NVIDIA GeForce RTX 2080 Ti,11264,7.5,GPU-57c29499-bcb3-27f6-4360-e60939528a9b,2.6.0+cu118,11.8,550.120,8eb730be36bbb0876ed83a332d364c65acb36b28,8eb730be36bbb0876ed83a332d364c65acb36b28,811e1ce5f140e97d93ad6f1adae07b95b4219143,docs/artifacts/longer-mqar/official-core-20260526,docs/artifacts/20260519-gd-r10-gdn-official-b64-fp32/gdn-official-final.csv,tmp/20260526-longer-mqar-official-core/logs/formal-gdn-h2-ev8-s124-d123-b64-ga4-fp32-noearly4ep-8190x512-n500-b16-gpu0.log,,,,123,37a8533a985fabd3db03daf9dfd3a8e0936513ab724039c63b9a22bf352d002d,"sha256(inputs,labels)",500x8190,500x8190,500,torch.int64/torch.int64,6a756b66241f78b96cc91d73ee2918ee4c74e805fac043c72b659a62fb3ec8e5,sha256,passed,true,,,,
2,20260526-longer-mqar-official-core:formal:gd-cb64-r16-s123-d123-b64-ga4-fp32-noearly4ep:8190x512:n500,20260526-longer-mqar-official-core:formal:gd-cb64-r16-s123-d123-b64-ga4-fp32-noearly4ep:8190x512:n500,20260526-longer-mqar-official-core,longer_mqar_eval_only,longer_mqar_eval_only_vocab8192_official_core_20260526,formal,completed,2026-05-25T22:00:15.373048+00:00,flash,gd-cb64-r16-s123-d123-b64-ga4-fp32-noearly4ep,cb64-r16,cb64-r16-s123-d123,b64_ga4_fp32_official,gd_residual_v1_capacity_decomposition_b64_ga4_fp32,flash_capacity_decomposition_official_b64_ga4_fp32,64,16,4,256,b64_ga4,float32,float32,float32,float32,float32,float32,123,123,cb64-r16,cb64-r16-s123-d123,64,16,,,,,,4,4,2,true,checkpoints/flash-vqg-20260520-flash-capacity-decomposition-gd-cb64-r16-s123-2026-05-20-18-12-06/gd-cb64-r16-s123-d123-b64-ga4-fp32-noearly4ep/train_config.json,/home/lyj/mnt/project/zoology/checkpoints/flash-vqg-20260520-flash-capacity-decomposition-gd-cb64-r16-s123-2026-05-20-18-12-06/gd-cb64-r16-s123-d123-b64-ga4-fp32-noearly4ep/train_config.json,a04a7a0c1fdaccbc84058929608d3b4474008ed29cda80231e07a67dff0ca6f7,sha256:46c1a28c3fa4b8ebf62b0e69c53c879b60504d4f27d1e1b76ddbc6a1bd2e89e1,last.pt_epoch4_final,checkpoints/flash-vqg-20260520-flash-capacity-decomposition-gd-cb64-r16-s123-2026-05-20-18-12-06/gd-cb64-r16-s123-d123-b64-ga4-fp32-noearly4ep/last.pt,/home/lyj/mnt/project/zoology/checkpoints/flash-vqg-20260520-flash-capacity-decomposition-gd-cb64-r16-s123-2026-05-20-18-12-06/gd-cb64-r16-s123-d123-b64-ga4-fp32-noearly4ep/last.pt,true,46c1a28c3fa4b8ebf62b0e69c53c879b60504d4f27d1e1b76ddbc6a1bd2e89e1,8847813,2026-05-20T22:21:28.345289+00:00,3,,0.07076781243085861,0.99387890625,0.9687109375,1160390,,131072,mqar-vocab8192-pass1-seed123-rnq1-power0.01-8190x512-n500,multiquery_ar,8192,8190,512,1,500,16,true,123,true,0.01,,,completed,8190x2047,8190,2047,32,32;16;8;4;2;1,16,8692.353515625,"b32:oom:oom:torch.OutOfMemoryError: CUDA out of memory. Tried to allocate 4.00 GiB. GPU 0 has a total capacity of 10.75 GiB of which 261.75 MiB is free. Process 1222732 has 10.48 GiB memory in use. Of the allocated memory 6.79 GiB is allocated by PyTorch, and 3.51 GiB is reserved by PyTorch but unallocated. If reserved but unallocated memory is large try setting PYTORCH_CUDA_ALLOC_CONF=expandable_segments:True to avoid fragmentation.  See documentation for Memory Management  (https://pytorch.org/docs/stable/notes/cuda.html#environment-variables)",same_gpu_same_dtype_same_runner_only,true,1,1,NVIDIA GeForce RTX 2080 Ti,11264,7.5,GPU-0def3eeb-c2d0-4f49-ec2a-ebc1d8453b98,2.6.0+cu118,11.8,550.120,float32,float32,b64_ga4_fp32_official,NVIDIA_GeForce_RTX_2080_Ti-11264MiB-cc7.5-driver550.120-torch2.6.0+cu118-cuda11.8,1.8453689813613892,0.71726171875,1.8453689813613892,0.71726171875,462.6338288784027,00:07:42,8692.353515625,8692.353515625,10354.0,NVIDIA_GeForce_RTX_2080_Ti-11264MiB-cc7.5-driver550.120-torch2.6.0+cu118-cuda11.8,measured_current_host,1,1,NVIDIA GeForce RTX 2080 Ti,11264,7.5,GPU-0def3eeb-c2d0-4f49-ec2a-ebc1d8453b98,2.6.0+cu118,11.8,550.120,8eb730be36bbb0876ed83a332d364c65acb36b28,8eb730be36bbb0876ed83a332d364c65acb36b28,811e1ce5f140e97d93ad6f1adae07b95b4219143,docs/artifacts/longer-mqar/official-core-20260526,docs/artifacts/20260520-flash-capacity-decomposition/flash-capacity-decomp-final.csv,tmp/20260526-longer-mqar-official-core/logs/formal-gd-cb64-r16-s123-d123-b64-ga4-fp32-noearly4ep-8190x512-n500-b16-gpu1.log,,,,123,37a8533a985fabd3db03daf9dfd3a8e0936513ab724039c63b9a22bf352d002d,"sha256(inputs,labels)",500x8190,500x8190,500,torch.int64/torch.int64,46c1a28c3fa4b8ebf62b0e69c53c879b60504d4f27d1e1b76ddbc6a1bd2e89e1,sha256,passed,true,,,,
2,20260526-longer-mqar-official-core:formal:gdn-h2-ev8-s124-d123-b64-ga4-fp32-noearly4ep:8190x2047:n500,20260526-longer-mqar-official-core:formal:gdn-h2-ev8-s124-d123-b64-ga4-fp32-noearly4ep:8190x2047:n500,20260526-longer-mqar-official-core,longer_mqar_eval_only,longer_mqar_eval_only_vocab8192_official_core_20260526,formal,completed,2026-05-25T22:00:36.990878+00:00,gdn,gdn-h2-ev8-s124-d123-b64-ga4-fp32-noearly4ep,current_float32_capacity_up_official,gdn-h2-ev8-usegate0-s124-d123,b64_ga4_fp32_official,b64_ga4_fp32_official,capacity_up_official_b64_ga4_fp32,64,16,4,256,b64_ga4,float32,float32,float32,float32,float32,float32,124,123,gdn-h2-ev8-usegate0,gdn-h2-ev8-usegate0-s124-d123,,,2,8,false,true,4,4,4,2,true,checkpoints/flash-vqg-20260519-gd-r10-gdn-official-b64-fp32-gdn-h2-ev8-s124-2026-05-20-03-45-27/gdn-h2-ev8-s124-d123-b64-ga4-fp32-noearly4ep/train_config.json,/home/lyj/mnt/project/zoology/checkpoints/flash-vqg-20260519-gd-r10-gdn-official-b64-fp32-gdn-h2-ev8-s124-2026-05-20-03-45-27/gdn-h2-ev8-s124-d123-b64-ga4-fp32-noearly4ep/train_config.json,96657b7532a2c8f760cc2034ca0053238b5c22eaa1aae153e2065ed0514b31d2,sha256:6a756b66241f78b96cc91d73ee2918ee4c74e805fac043c72b659a62fb3ec8e5,last.pt_epoch4_final,checkpoints/flash-vqg-20260519-gd-r10-gdn-official-b64-fp32-gdn-h2-ev8-s124-2026-05-20-03-45-27/gdn-h2-ev8-s124-d123-b64-ga4-fp32-noearly4ep/last.pt,/home/lyj/mnt/project/zoology/checkpoints/flash-vqg-20260519-gd-r10-gdn-official-b64-fp32-gdn-h2-ev8-s124-2026-05-20-03-45-27/gdn-h2-ev8-s124-d123-b64-ga4-fp32-noearly4ep/last.pt,true,6a756b66241f78b96cc91d73ee2918ee4c74e805fac043c72b659a62fb3ec8e5,9676223,2026-05-20T03:53:15.168131+00:00,3,,0.2921281158924103,0.97751611328125,0.82370703125,1367942,65536,65536,mqar-vocab8192-pass1-seed123-rnq1-power0.01-8190x2047-n500,multiquery_ar,8192,8190,2047,1,500,16,true,123,true,0.01,,,completed,8190x2047,8190,2047,32,32;16;8;4;2;1,16,8208.3466796875,"b32:oom:oom:torch.OutOfMemoryError: CUDA out of memory. Tried to allocate 8.00 GiB. GPU 0 has a total capacity of 10.74 GiB of which 1.90 GiB is free. Process 1224724 has 8.82 GiB memory in use. Of the allocated memory 8.01 GiB is allocated by PyTorch, and 4.66 MiB is reserved by PyTorch but unallocated. If reserved but unallocated memory is large try setting PYTORCH_CUDA_ALLOC_CONF=expandable_segments:True to avoid fragmentation.  See documentation for Memory Management  (https://pytorch.org/docs/stable/notes/cuda.html#environment-variables)",same_gpu_same_dtype_same_runner_only,true,0,0,NVIDIA GeForce RTX 2080 Ti,11264,7.5,GPU-57c29499-bcb3-27f6-4360-e60939528a9b,2.6.0+cu118,11.8,550.120,float32,float32,b64_ga4_fp32_official,NVIDIA_GeForce_RTX_2080_Ti-11264MiB-cc7.5-driver550.120-torch2.6.0+cu118-cuda11.8,9.043510437011719,0.01220420127015144,9.043510437011719,0.01220420127015144,45.93719530105591,00:00:45,8208.3466796875,8208.3466796875,8222.0,NVIDIA_GeForce_RTX_2080_Ti-11264MiB-cc7.5-driver550.120-torch2.6.0+cu118-cuda11.8,measured_current_host,0,0,NVIDIA GeForce RTX 2080 Ti,11264,7.5,GPU-57c29499-bcb3-27f6-4360-e60939528a9b,2.6.0+cu118,11.8,550.120,8eb730be36bbb0876ed83a332d364c65acb36b28,8eb730be36bbb0876ed83a332d364c65acb36b28,811e1ce5f140e97d93ad6f1adae07b95b4219143,docs/artifacts/longer-mqar/official-core-20260526,docs/artifacts/20260519-gd-r10-gdn-official-b64-fp32/gdn-official-final.csv,tmp/20260526-longer-mqar-official-core/logs/formal-gdn-h2-ev8-s124-d123-b64-ga4-fp32-noearly4ep-8190x2047-n500-b16-gpu0.log,,,,123,8c16a91ea127bb7bf2130238ecd56b49fb1fd73bb3e0c2f4c586ddba8e9b97a9,"sha256(inputs,labels)",500x8190,500x8190,500,torch.int64/torch.int64,6a756b66241f78b96cc91d73ee2918ee4c74e805fac043c72b659a62fb3ec8e5,sha256,passed,true,,,,
2,20260526-longer-mqar-official-core:repro:gdn-h2-ev8-s124-d123-b64-ga4-fp32-noearly4ep:1024x256:n500,20260526-longer-mqar-official-core:repro:gdn-h2-ev8-s124-d123-b64-ga4-fp32-noearly4ep:1024x256:n500,20260526-longer-mqar-official-core,longer_mqar_eval_only,longer_mqar_eval_only_vocab8192_official_core_20260526,repro,completed,2026-05-25T22:01:10.075434+00:00,gdn,gdn-h2-ev8-s124-d123-b64-ga4-fp32-noearly4ep,current_float32_capacity_up_official,gdn-h2-ev8-usegate0-s124-d123,b64_ga4_fp32_official,b64_ga4_fp32_official,capacity_up_official_b64_ga4_fp32,64,16,4,256,b64_ga4,float32,float32,float32,float32,float32,float32,124,123,gdn-h2-ev8-usegate0,gdn-h2-ev8-usegate0-s124-d123,,,2,8,false,true,4,4,4,2,true,checkpoints/flash-vqg-20260519-gd-r10-gdn-official-b64-fp32-gdn-h2-ev8-s124-2026-05-20-03-45-27/gdn-h2-ev8-s124-d123-b64-ga4-fp32-noearly4ep/train_config.json,/home/lyj/mnt/project/zoology/checkpoints/flash-vqg-20260519-gd-r10-gdn-official-b64-fp32-gdn-h2-ev8-s124-2026-05-20-03-45-27/gdn-h2-ev8-s124-d123-b64-ga4-fp32-noearly4ep/train_config.json,96657b7532a2c8f760cc2034ca0053238b5c22eaa1aae153e2065ed0514b31d2,sha256:6a756b66241f78b96cc91d73ee2918ee4c74e805fac043c72b659a62fb3ec8e5,last.pt_epoch4_final,checkpoints/flash-vqg-20260519-gd-r10-gdn-official-b64-fp32-gdn-h2-ev8-s124-2026-05-20-03-45-27/gdn-h2-ev8-s124-d123-b64-ga4-fp32-noearly4ep/last.pt,/home/lyj/mnt/project/zoology/checkpoints/flash-vqg-20260519-gd-r10-gdn-official-b64-fp32-gdn-h2-ev8-s124-2026-05-20-03-45-27/gdn-h2-ev8-s124-d123-b64-ga4-fp32-noearly4ep/last.pt,true,6a756b66241f78b96cc91d73ee2918ee4c74e805fac043c72b659a62fb3ec8e5,9676223,2026-05-20T03:53:15.168131+00:00,3,,0.2921281158924103,0.97751611328125,0.82370703125,1367942,65536,65536,mqar-vocab8192-pass1-seed123-rnq1-power0.01-1024x256-n500,multiquery_ar,8192,1024,256,1,500,32,false,123,true,0.01,,,,,,,,,,,,,,,,,,,,,,,,,,,1.9269824028015137,0.825828125,1.9269824028015137,0.825828125,32.20943593978882,00:00:32,2062.0966796875,2062.0966796875,3342.0,NVIDIA_GeForce_RTX_2080_Ti-11264MiB-cc7.5-driver550.120-torch2.6.0+cu118-cuda11.8,measured_current_host,0,0,NVIDIA GeForce RTX 2080 Ti,11264,7.5,GPU-57c29499-bcb3-27f6-4360-e60939528a9b,2.6.0+cu118,11.8,550.120,8eb730be36bbb0876ed83a332d364c65acb36b28,8eb730be36bbb0876ed83a332d364c65acb36b28,811e1ce5f140e97d93ad6f1adae07b95b4219143,docs/artifacts/longer-mqar/official-core-20260526,docs/artifacts/20260519-gd-r10-gdn-official-b64-fp32/gdn-official-final.csv,tmp/20260526-longer-mqar-official-core/logs/repro-gdn-h2-ev8-s124-d123-b64-ga4-fp32-noearly4ep-1024x256-n500-b32-gpu0.log,,,,123,f30f1e09e1300deb2e0f430d7c50c47a77f58f43657aa4d6f425f938a91a9acb,"sha256(inputs,labels)",500x1024,500x1024,500,torch.int64/torch.int64,6a756b66241f78b96cc91d73ee2918ee4c74e805fac043c72b659a62fb3ec8e5,sha256,passed,true,20260526-longer-mqar-official-core:formal:gdn-h2-ev8-s124-d123-b64-ga4-fp32-noearly4ep:1024x256:n500,true,0.0,true
2,20260526-longer-mqar-official-core:batch_search:gdn-h2-ev8-s126-d123-b64-ga4-fp32-noearly4ep:1024x256:n32,20260526-longer-mqar-official-core:batch_search:gdn-h2-ev8-s126-d123-b64-ga4-fp32-noearly4ep:1024x256:n32,20260526-longer-mqar-official-core,longer_mqar_eval_only,longer_mqar_eval_only_vocab8192_official_core_20260526,batch_search,completed,2026-05-25T22:01:34.458072+00:00,gdn,gdn-h2-ev8-s126-d123-b64-ga4-fp32-noearly4ep,gdn_capacity_layout_followup_candidate,gdn-h2-ev8-usegate0-s126-d123,b64_ga4_fp32_official,b64_ga4_fp32_official,official_gdn_capacity_layout_followup_b64_ga4_fp32,64,16,4,256,b64_ga4,float32,float32,float32,float32,float32,float32,126,123,gdn-h2-ev8-usegate0,gdn-h2-ev8-usegate0-s126-d123,,,2,8,false,true,4,4,4,2,true,checkpoints/flash-vqg-20260520-gdn-capacity-layout-followup-gdn-h2-ev8-s126-2026-05-20-07-34-01/gdn-h2-ev8-s126-d123-b64-ga4-fp32-noearly4ep/train_config.json,/home/lyj/mnt/project/zoology/checkpoints/flash-vqg-20260520-gdn-capacity-layout-followup-gdn-h2-ev8-s126-2026-05-20-07-34-01/gdn-h2-ev8-s126-d123-b64-ga4-fp32-noearly4ep/train_config.json,5818170667d9a4e3304d6d3c3d00a9c978dc5a4b09154ea6bf33b3cc8a850e7a,sha256:8a6477a36c8151df52965576c9b25611af25dce750f53a1878957d69bfad54e2,last.pt_epoch4_final,checkpoints/flash-vqg-20260520-gdn-capacity-layout-followup-gdn-h2-ev8-s126-2026-05-20-07-34-01/gdn-h2-ev8-s126-d123-b64-ga4-fp32-noearly4ep/last.pt,/home/lyj/mnt/project/zoology/checkpoints/flash-vqg-20260520-gdn-capacity-layout-followup-gdn-h2-ev8-s126-2026-05-20-07-34-01/gdn-h2-ev8-s126-d123-b64-ga4-fp32-noearly4ep/last.pt,true,8a6477a36c8151df52965576c9b25611af25dce750f53a1878957d69bfad54e2,9676223,2026-05-20T07:50:15.398260+00:00,3,,0.2867046892642975,0.97841259765625,0.83156640625,1367942,65536,65536,mqar-vocab8192-pass1-seed123-rnq1-power0.01-1024x256-n32,multiquery_ar,8192,1024,256,1,32,32,true,123,true,0.01,,,completed,1024x256,1024,256,32,32;16;8;4;2;1,32,2061.845703125,,same_gpu_same_dtype_same_runner_only,true,0,0,NVIDIA GeForce RTX 2080 Ti,11264,7.5,GPU-57c29499-bcb3-27f6-4360-e60939528a9b,2.6.0+cu118,11.8,550.120,float32,float32,b64_ga4_fp32_official,NVIDIA_GeForce_RTX_2080_Ti-11264MiB-cc7.5-driver550.120-torch2.6.0+cu118-cuda11.8,1.8879989385604858,0.8271484375,1.8879989385604858,0.8271484375,23.508059978485107,00:00:23,2061.845703125,2061.845703125,3342.0,NVIDIA_GeForce_RTX_2080_Ti-11264MiB-cc7.5-driver550.120-torch2.6.0+cu118-cuda11.8,measured_current_host,0,0,NVIDIA GeForce RTX 2080 Ti,11264,7.5,GPU-57c29499-bcb3-27f6-4360-e60939528a9b,2.6.0+cu118,11.8,550.120,8eb730be36bbb0876ed83a332d364c65acb36b28,8eb730be36bbb0876ed83a332d364c65acb36b28,811e1ce5f140e97d93ad6f1adae07b95b4219143,docs/artifacts/longer-mqar/official-core-20260526,docs/artifacts/20260520-gdn-capacity-layout-followup/gdn-followup-final.csv,tmp/20260526-longer-mqar-official-core/logs/batch-search-candidate-gdn-h2-ev8-s126-d123-b64-ga4-fp32-noearly4ep-1024x256-n32-b32-gpu0.log,,,,123,68500f1bc9fdc7ff4edc301ab7303d253d578a27cbbbf7613c74e3e6a04cc9f3,"sha256(inputs,labels)",32x1024,32x1024,32,torch.int64/torch.int64,8a6477a36c8151df52965576c9b25611af25dce750f53a1878957d69bfad54e2,sha256,passed,true,,,,
2,20260526-longer-mqar-official-core:batch_search:gdn-h2-ev8-s126-d123-b64-ga4-fp32-noearly4ep:2048x512:n32,20260526-longer-mqar-official-core:batch_search:gdn-h2-ev8-s126-d123-b64-ga4-fp32-noearly4ep:2048x512:n32,20260526-longer-mqar-official-core,longer_mqar_eval_only,longer_mqar_eval_only_vocab8192_official_core_20260526,batch_search,completed,2026-05-25T22:02:01.548749+00:00,gdn,gdn-h2-ev8-s126-d123-b64-ga4-fp32-noearly4ep,gdn_capacity_layout_followup_candidate,gdn-h2-ev8-usegate0-s126-d123,b64_ga4_fp32_official,b64_ga4_fp32_official,official_gdn_capacity_layout_followup_b64_ga4_fp32,64,16,4,256,b64_ga4,float32,float32,float32,float32,float32,float32,126,123,gdn-h2-ev8-usegate0,gdn-h2-ev8-usegate0-s126-d123,,,2,8,false,true,4,4,4,2,true,checkpoints/flash-vqg-20260520-gdn-capacity-layout-followup-gdn-h2-ev8-s126-2026-05-20-07-34-01/gdn-h2-ev8-s126-d123-b64-ga4-fp32-noearly4ep/train_config.json,/home/lyj/mnt/project/zoology/checkpoints/flash-vqg-20260520-gdn-capacity-layout-followup-gdn-h2-ev8-s126-2026-05-20-07-34-01/gdn-h2-ev8-s126-d123-b64-ga4-fp32-noearly4ep/train_config.json,5818170667d9a4e3304d6d3c3d00a9c978dc5a4b09154ea6bf33b3cc8a850e7a,sha256:8a6477a36c8151df52965576c9b25611af25dce750f53a1878957d69bfad54e2,last.pt_epoch4_final,checkpoints/flash-vqg-20260520-gdn-capacity-layout-followup-gdn-h2-ev8-s126-2026-05-20-07-34-01/gdn-h2-ev8-s126-d123-b64-ga4-fp32-noearly4ep/last.pt,/home/lyj/mnt/project/zoology/checkpoints/flash-vqg-20260520-gdn-capacity-layout-followup-gdn-h2-ev8-s126-2026-05-20-07-34-01/gdn-h2-ev8-s126-d123-b64-ga4-fp32-noearly4ep/last.pt,true,8a6477a36c8151df52965576c9b25611af25dce750f53a1878957d69bfad54e2,9676223,2026-05-20T07:50:15.398260+00:00,3,,0.2867046892642975,0.97841259765625,0.83156640625,1367942,65536,65536,mqar-vocab8192-pass1-seed123-rnq1-power0.01-2048x512-n32,multiquery_ar,8192,2048,512,1,32,32,true,123,true,0.01,,,completed,2048x512,2048,512,32,32;16;8;4;2;1,32,4110.345703125,,same_gpu_same_dtype_same_runner_only,true,0,0,NVIDIA GeForce RTX 2080 Ti,11264,7.5,GPU-57c29499-bcb3-27f6-4360-e60939528a9b,2.6.0+cu118,11.8,550.120,float32,float32,b64_ga4_fp32_official,NVIDIA_GeForce_RTX_2080_Ti-11264MiB-cc7.5-driver550.120-torch2.6.0+cu118-cuda11.8,4.535831928253174,0.3765869140625,4.535831928253174,0.3765869140625,26.22593879699707,00:00:26,4110.345703125,4110.345703125,6140.0,NVIDIA_GeForce_RTX_2080_Ti-11264MiB-cc7.5-driver550.120-torch2.6.0+cu118-cuda11.8,measured_current_host,0,0,NVIDIA GeForce RTX 2080 Ti,11264,7.5,GPU-57c29499-bcb3-27f6-4360-e60939528a9b,2.6.0+cu118,11.8,550.120,8eb730be36bbb0876ed83a332d364c65acb36b28,8eb730be36bbb0876ed83a332d364c65acb36b28,811e1ce5f140e97d93ad6f1adae07b95b4219143,docs/artifacts/longer-mqar/official-core-20260526,docs/artifacts/20260520-gdn-capacity-layout-followup/gdn-followup-final.csv,tmp/20260526-longer-mqar-official-core/logs/batch-search-candidate-gdn-h2-ev8-s126-d123-b64-ga4-fp32-noearly4ep-2048x512-n32-b32-gpu0.log,,,,123,34ea18c38dae38e2860b711425f27d090597975373a954d128324e3a04dcb012,"sha256(inputs,labels)",32x2048,32x2048,32,torch.int64/torch.int64,8a6477a36c8151df52965576c9b25611af25dce750f53a1878957d69bfad54e2,sha256,passed,true,,,,
2,20260526-longer-mqar-official-core:batch_search:gdn-h2-ev8-s126-d123-b64-ga4-fp32-noearly4ep:4096x1024:n32,20260526-longer-mqar-official-core:batch_search:gdn-h2-ev8-s126-d123-b64-ga4-fp32-noearly4ep:4096x1024:n32,20260526-longer-mqar-official-core,longer_mqar_eval_only,longer_mqar_eval_only_vocab8192_official_core_20260526,batch_search,completed,2026-05-25T22:02:33.907419+00:00,gdn,gdn-h2-ev8-s126-d123-b64-ga4-fp32-noearly4ep,gdn_capacity_layout_followup_candidate,gdn-h2-ev8-usegate0-s126-d123,b64_ga4_fp32_official,b64_ga4_fp32_official,official_gdn_capacity_layout_followup_b64_ga4_fp32,64,16,4,256,b64_ga4,float32,float32,float32,float32,float32,float32,126,123,gdn-h2-ev8-usegate0,gdn-h2-ev8-usegate0-s126-d123,,,2,8,false,true,4,4,4,2,true,checkpoints/flash-vqg-20260520-gdn-capacity-layout-followup-gdn-h2-ev8-s126-2026-05-20-07-34-01/gdn-h2-ev8-s126-d123-b64-ga4-fp32-noearly4ep/train_config.json,/home/lyj/mnt/project/zoology/checkpoints/flash-vqg-20260520-gdn-capacity-layout-followup-gdn-h2-ev8-s126-2026-05-20-07-34-01/gdn-h2-ev8-s126-d123-b64-ga4-fp32-noearly4ep/train_config.json,5818170667d9a4e3304d6d3c3d00a9c978dc5a4b09154ea6bf33b3cc8a850e7a,sha256:8a6477a36c8151df52965576c9b25611af25dce750f53a1878957d69bfad54e2,last.pt_epoch4_final,checkpoints/flash-vqg-20260520-gdn-capacity-layout-followup-gdn-h2-ev8-s126-2026-05-20-07-34-01/gdn-h2-ev8-s126-d123-b64-ga4-fp32-noearly4ep/last.pt,/home/lyj/mnt/project/zoology/checkpoints/flash-vqg-20260520-gdn-capacity-layout-followup-gdn-h2-ev8-s126-2026-05-20-07-34-01/gdn-h2-ev8-s126-d123-b64-ga4-fp32-noearly4ep/last.pt,true,8a6477a36c8151df52965576c9b25611af25dce750f53a1878957d69bfad54e2,9676223,2026-05-20T07:50:15.398260+00:00,3,,0.2867046892642975,0.97841259765625,0.83156640625,1367942,65536,65536,mqar-vocab8192-pass1-seed123-rnq1-power0.01-4096x1024-n32,multiquery_ar,8192,4096,1024,1,32,32,true,123,true,0.01,,,completed,4096x1024,4096,1024,32,32;16;8;4;2;1,32,8207.345703125,,same_gpu_same_dtype_same_runner_only,true,0,0,NVIDIA GeForce RTX 2080 Ti,11264,7.5,GPU-57c29499-bcb3-27f6-4360-e60939528a9b,2.6.0+cu118,11.8,550.120,float32,float32,b64_ga4_fp32_official,NVIDIA_GeForce_RTX_2080_Ti-11264MiB-cc7.5-driver550.120-torch2.6.0+cu118-cuda11.8,7.16719388961792,0.1142578125,7.16719388961792,0.1142578125,31.48540425300598,00:00:31,8207.345703125,8207.345703125,8218.0,NVIDIA_GeForce_RTX_2080_Ti-11264MiB-cc7.5-driver550.120-torch2.6.0+cu118-cuda11.8,measured_current_host,0,0,NVIDIA GeForce RTX 2080 Ti,11264,7.5,GPU-57c29499-bcb3-27f6-4360-e60939528a9b,2.6.0+cu118,11.8,550.120,8eb730be36bbb0876ed83a332d364c65acb36b28,8eb730be36bbb0876ed83a332d364c65acb36b28,811e1ce5f140e97d93ad6f1adae07b95b4219143,docs/artifacts/longer-mqar/official-core-20260526,docs/artifacts/20260520-gdn-capacity-layout-followup/gdn-followup-final.csv,tmp/20260526-longer-mqar-official-core/logs/batch-search-candidate-gdn-h2-ev8-s126-d123-b64-ga4-fp32-noearly4ep-4096x1024-n32-b32-gpu0.log,,,,123,55274181d24158d3fe53491784d87fabe3a981427663df2ac8ed40876e72a1b8,"sha256(inputs,labels)",32x4096,32x4096,32,torch.int64/torch.int64,8a6477a36c8151df52965576c9b25611af25dce750f53a1878957d69bfad54e2,sha256,passed,true,,,,
2,20260526-longer-mqar-official-core:batch_search:gdn-h2-ev8-s126-d123-b64-ga4-fp32-noearly4ep:8190x512:n32,20260526-longer-mqar-official-core:batch_search:gdn-h2-ev8-s126-d123-b64-ga4-fp32-noearly4ep:8190x512:n32,20260526-longer-mqar-official-core,longer_mqar_eval_only,longer_mqar_eval_only_vocab8192_official_core_20260526,batch_search,completed,2026-05-25T22:03:50.326025+00:00,gdn,gdn-h2-ev8-s126-d123-b64-ga4-fp32-noearly4ep,gdn_capacity_layout_followup_candidate,gdn-h2-ev8-usegate0-s126-d123,b64_ga4_fp32_official,b64_ga4_fp32_official,official_gdn_capacity_layout_followup_b64_ga4_fp32,64,16,4,256,b64_ga4,float32,float32,float32,float32,float32,float32,126,123,gdn-h2-ev8-usegate0,gdn-h2-ev8-usegate0-s126-d123,,,2,8,false,true,4,4,4,2,true,checkpoints/flash-vqg-20260520-gdn-capacity-layout-followup-gdn-h2-ev8-s126-2026-05-20-07-34-01/gdn-h2-ev8-s126-d123-b64-ga4-fp32-noearly4ep/train_config.json,/home/lyj/mnt/project/zoology/checkpoints/flash-vqg-20260520-gdn-capacity-layout-followup-gdn-h2-ev8-s126-2026-05-20-07-34-01/gdn-h2-ev8-s126-d123-b64-ga4-fp32-noearly4ep/train_config.json,5818170667d9a4e3304d6d3c3d00a9c978dc5a4b09154ea6bf33b3cc8a850e7a,sha256:8a6477a36c8151df52965576c9b25611af25dce750f53a1878957d69bfad54e2,last.pt_epoch4_final,checkpoints/flash-vqg-20260520-gdn-capacity-layout-followup-gdn-h2-ev8-s126-2026-05-20-07-34-01/gdn-h2-ev8-s126-d123-b64-ga4-fp32-noearly4ep/last.pt,/home/lyj/mnt/project/zoology/checkpoints/flash-vqg-20260520-gdn-capacity-layout-followup-gdn-h2-ev8-s126-2026-05-20-07-34-01/gdn-h2-ev8-s126-d123-b64-ga4-fp32-noearly4ep/last.pt,true,8a6477a36c8151df52965576c9b25611af25dce750f53a1878957d69bfad54e2,9676223,2026-05-20T07:50:15.398260+00:00,3,,0.2867046892642975,0.97841259765625,0.83156640625,1367942,65536,65536,mqar-vocab8192-pass1-seed123-rnq1-power0.01-8190x512-n32,multiquery_ar,8192,8190,512,1,32,16,true,123,true,0.01,,,completed,8190x512,8190,512,32,32;16;8;4;2;1,16,8208.3466796875,"b32:oom:oom:torch.OutOfMemoryError: CUDA out of memory. Tried to allocate 8.00 GiB. GPU 0 has a total capacity of 10.74 GiB of which 1.90 GiB is free. Process 1225900 has 8.82 GiB memory in use. Of the allocated memory 8.01 GiB is allocated by PyTorch, and 4.66 MiB is reserved by PyTorch but unallocated. If reserved but unallocated memory is large try setting PYTORCH_CUDA_ALLOC_CONF=expandable_segments:True to avoid fragmentation.  See documentation for Memory Management  (https://pytorch.org/docs/stable/notes/cuda.html#environment-variables)",same_gpu_same_dtype_same_runner_only,true,0,0,NVIDIA GeForce RTX 2080 Ti,11264,7.5,GPU-57c29499-bcb3-27f6-4360-e60939528a9b,2.6.0+cu118,11.8,550.120,float32,float32,b64_ga4_fp32_official,NVIDIA_GeForce_RTX_2080_Ti-11264MiB-cc7.5-driver550.120-torch2.6.0+cu118-cuda11.8,5.363134384155273,0.26763916015625,5.363134384155273,0.26763916015625,31.692919731140137,00:00:31,8208.3466796875,8208.3466796875,8222.0,NVIDIA_GeForce_RTX_2080_Ti-11264MiB-cc7.5-driver550.120-torch2.6.0+cu118-cuda11.8,measured_current_host,0,0,NVIDIA GeForce RTX 2080 Ti,11264,7.5,GPU-57c29499-bcb3-27f6-4360-e60939528a9b,2.6.0+cu118,11.8,550.120,8eb730be36bbb0876ed83a332d364c65acb36b28,8eb730be36bbb0876ed83a332d364c65acb36b28,811e1ce5f140e97d93ad6f1adae07b95b4219143,docs/artifacts/longer-mqar/official-core-20260526,docs/artifacts/20260520-gdn-capacity-layout-followup/gdn-followup-final.csv,tmp/20260526-longer-mqar-official-core/logs/batch-search-candidate-gdn-h2-ev8-s126-d123-b64-ga4-fp32-noearly4ep-8190x512-n32-b16-gpu0.log,,,,123,23d7ffc7467f8e355ec7cb4c739cf5494449c559427d204883d63d7dca4f4351,"sha256(inputs,labels)",32x8190,32x8190,32,torch.int64/torch.int64,8a6477a36c8151df52965576c9b25611af25dce750f53a1878957d69bfad54e2,sha256,passed,true,,,,
2,20260526-longer-mqar-official-core:batch_search:gdn-h2-ev8-s126-d123-b64-ga4-fp32-noearly4ep:8190x2047:n32,20260526-longer-mqar-official-core:batch_search:gdn-h2-ev8-s126-d123-b64-ga4-fp32-noearly4ep:8190x2047:n32,20260526-longer-mqar-official-core,longer_mqar_eval_only,longer_mqar_eval_only_vocab8192_official_core_20260526,batch_search,completed,2026-05-25T22:05:06.570772+00:00,gdn,gdn-h2-ev8-s126-d123-b64-ga4-fp32-noearly4ep,gdn_capacity_layout_followup_candidate,gdn-h2-ev8-usegate0-s126-d123,b64_ga4_fp32_official,b64_ga4_fp32_official,official_gdn_capacity_layout_followup_b64_ga4_fp32,64,16,4,256,b64_ga4,float32,float32,float32,float32,float32,float32,126,123,gdn-h2-ev8-usegate0,gdn-h2-ev8-usegate0-s126-d123,,,2,8,false,true,4,4,4,2,true,checkpoints/flash-vqg-20260520-gdn-capacity-layout-followup-gdn-h2-ev8-s126-2026-05-20-07-34-01/gdn-h2-ev8-s126-d123-b64-ga4-fp32-noearly4ep/train_config.json,/home/lyj/mnt/project/zoology/checkpoints/flash-vqg-20260520-gdn-capacity-layout-followup-gdn-h2-ev8-s126-2026-05-20-07-34-01/gdn-h2-ev8-s126-d123-b64-ga4-fp32-noearly4ep/train_config.json,5818170667d9a4e3304d6d3c3d00a9c978dc5a4b09154ea6bf33b3cc8a850e7a,sha256:8a6477a36c8151df52965576c9b25611af25dce750f53a1878957d69bfad54e2,last.pt_epoch4_final,checkpoints/flash-vqg-20260520-gdn-capacity-layout-followup-gdn-h2-ev8-s126-2026-05-20-07-34-01/gdn-h2-ev8-s126-d123-b64-ga4-fp32-noearly4ep/last.pt,/home/lyj/mnt/project/zoology/checkpoints/flash-vqg-20260520-gdn-capacity-layout-followup-gdn-h2-ev8-s126-2026-05-20-07-34-01/gdn-h2-ev8-s126-d123-b64-ga4-fp32-noearly4ep/last.pt,true,8a6477a36c8151df52965576c9b25611af25dce750f53a1878957d69bfad54e2,9676223,2026-05-20T07:50:15.398260+00:00,3,,0.2867046892642975,0.97841259765625,0.83156640625,1367942,65536,65536,mqar-vocab8192-pass1-seed123-rnq1-power0.01-8190x2047-n32,multiquery_ar,8192,8190,2047,1,32,16,true,123,true,0.01,,,completed,8190x2047,8190,2047,32,32;16;8;4;2;1,16,8208.3466796875,"b32:oom:oom:torch.OutOfMemoryError: CUDA out of memory. Tried to allocate 8.00 GiB. GPU 0 has a total capacity of 10.74 GiB of which 1.90 GiB is free. Process 1226045 has 8.82 GiB memory in use. Of the allocated memory 8.01 GiB is allocated by PyTorch, and 4.66 MiB is reserved by PyTorch but unallocated. If reserved but unallocated memory is large try setting PYTORCH_CUDA_ALLOC_CONF=expandable_segments:True to avoid fragmentation.  See documentation for Memory Management  (https://pytorch.org/docs/stable/notes/cuda.html#environment-variables)",same_gpu_same_dtype_same_runner_only,true,0,0,NVIDIA GeForce RTX 2080 Ti,11264,7.5,GPU-57c29499-bcb3-27f6-4360-e60939528a9b,2.6.0+cu118,11.8,550.120,float32,float32,b64_ga4_fp32_official,NVIDIA_GeForce_RTX_2080_Ti-11264MiB-cc7.5-driver550.120-torch2.6.0+cu118-cuda11.8,8.912615776062012,0.01761724474841231,8.912615776062012,0.01761724474841231,31.621885299682617,00:00:31,8208.3466796875,8208.3466796875,8222.0,NVIDIA_GeForce_RTX_2080_Ti-11264MiB-cc7.5-driver550.120-torch2.6.0+cu118-cuda11.8,measured_current_host,0,0,NVIDIA GeForce RTX 2080 Ti,11264,7.5,GPU-57c29499-bcb3-27f6-4360-e60939528a9b,2.6.0+cu118,11.8,550.120,8eb730be36bbb0876ed83a332d364c65acb36b28,8eb730be36bbb0876ed83a332d364c65acb36b28,811e1ce5f140e97d93ad6f1adae07b95b4219143,docs/artifacts/longer-mqar/official-core-20260526,docs/artifacts/20260520-gdn-capacity-layout-followup/gdn-followup-final.csv,tmp/20260526-longer-mqar-official-core/logs/batch-search-candidate-gdn-h2-ev8-s126-d123-b64-ga4-fp32-noearly4ep-8190x2047-n32-b16-gpu0.log,,,,123,70999303f8fadb4cbae8f973c8267ef97a6209a3b8e05f5385a1f26fa38408f5,"sha256(inputs,labels)",32x8190,32x8190,32,torch.int64/torch.int64,8a6477a36c8151df52965576c9b25611af25dce750f53a1878957d69bfad54e2,sha256,passed,true,,,,
2,20260526-longer-mqar-official-core:formal:gdn-h2-ev8-s126-d123-b64-ga4-fp32-noearly4ep:1024x256:n500,20260526-longer-mqar-official-core:formal:gdn-h2-ev8-s126-d123-b64-ga4-fp32-noearly4ep:1024x256:n500,20260526-longer-mqar-official-core,longer_mqar_eval_only,longer_mqar_eval_only_vocab8192_official_core_20260526,formal,completed,2026-05-25T22:05:39.600856+00:00,gdn,gdn-h2-ev8-s126-d123-b64-ga4-fp32-noearly4ep,gdn_capacity_layout_followup_candidate,gdn-h2-ev8-usegate0-s126-d123,b64_ga4_fp32_official,b64_ga4_fp32_official,official_gdn_capacity_layout_followup_b64_ga4_fp32,64,16,4,256,b64_ga4,float32,float32,float32,float32,float32,float32,126,123,gdn-h2-ev8-usegate0,gdn-h2-ev8-usegate0-s126-d123,,,2,8,false,true,4,4,4,2,true,checkpoints/flash-vqg-20260520-gdn-capacity-layout-followup-gdn-h2-ev8-s126-2026-05-20-07-34-01/gdn-h2-ev8-s126-d123-b64-ga4-fp32-noearly4ep/train_config.json,/home/lyj/mnt/project/zoology/checkpoints/flash-vqg-20260520-gdn-capacity-layout-followup-gdn-h2-ev8-s126-2026-05-20-07-34-01/gdn-h2-ev8-s126-d123-b64-ga4-fp32-noearly4ep/train_config.json,5818170667d9a4e3304d6d3c3d00a9c978dc5a4b09154ea6bf33b3cc8a850e7a,sha256:8a6477a36c8151df52965576c9b25611af25dce750f53a1878957d69bfad54e2,last.pt_epoch4_final,checkpoints/flash-vqg-20260520-gdn-capacity-layout-followup-gdn-h2-ev8-s126-2026-05-20-07-34-01/gdn-h2-ev8-s126-d123-b64-ga4-fp32-noearly4ep/last.pt,/home/lyj/mnt/project/zoology/checkpoints/flash-vqg-20260520-gdn-capacity-layout-followup-gdn-h2-ev8-s126-2026-05-20-07-34-01/gdn-h2-ev8-s126-d123-b64-ga4-fp32-noearly4ep/last.pt,true,8a6477a36c8151df52965576c9b25611af25dce750f53a1878957d69bfad54e2,9676223,2026-05-20T07:50:15.398260+00:00,3,,0.2867046892642975,0.97841259765625,0.83156640625,1367942,65536,65536,mqar-vocab8192-pass1-seed123-rnq1-power0.01-1024x256-n500,multiquery_ar,8192,1024,256,1,500,32,true,123,true,0.01,,,completed,1024x256,1024,256,32,32;16;8;4;2;1,32,2061.845703125,,same_gpu_same_dtype_same_runner_only,true,0,0,NVIDIA GeForce RTX 2080 Ti,11264,7.5,GPU-57c29499-bcb3-27f6-4360-e60939528a9b,2.6.0+cu118,11.8,550.120,float32,float32,b64_ga4_fp32_official,NVIDIA_GeForce_RTX_2080_Ti-11264MiB-cc7.5-driver550.120-torch2.6.0+cu118-cuda11.8,1.8798177242279053,0.83328125,1.8798177242279053,0.83328125,32.15487551689148,00:00:32,2062.0966796875,2062.0966796875,3342.0,NVIDIA_GeForce_RTX_2080_Ti-11264MiB-cc7.5-driver550.120-torch2.6.0+cu118-cuda11.8,measured_current_host,0,0,NVIDIA GeForce RTX 2080 Ti,11264,7.5,GPU-57c29499-bcb3-27f6-4360-e60939528a9b,2.6.0+cu118,11.8,550.120,8eb730be36bbb0876ed83a332d364c65acb36b28,8eb730be36bbb0876ed83a332d364c65acb36b28,811e1ce5f140e97d93ad6f1adae07b95b4219143,docs/artifacts/longer-mqar/official-core-20260526,docs/artifacts/20260520-gdn-capacity-layout-followup/gdn-followup-final.csv,tmp/20260526-longer-mqar-official-core/logs/formal-gdn-h2-ev8-s126-d123-b64-ga4-fp32-noearly4ep-1024x256-n500-b32-gpu0.log,,,,123,f30f1e09e1300deb2e0f430d7c50c47a77f58f43657aa4d6f425f938a91a9acb,"sha256(inputs,labels)",500x1024,500x1024,500,torch.int64/torch.int64,8a6477a36c8151df52965576c9b25611af25dce750f53a1878957d69bfad54e2,sha256,passed,true,,,,
2,20260526-longer-mqar-official-core:formal:gdn-h2-ev8-s126-d123-b64-ga4-fp32-noearly4ep:2048x512:n500,20260526-longer-mqar-official-core:formal:gdn-h2-ev8-s126-d123-b64-ga4-fp32-noearly4ep:2048x512:n500,20260526-longer-mqar-official-core,longer_mqar_eval_only,longer_mqar_eval_only_vocab8192_official_core_20260526,formal,completed,2026-05-25T22:06:16.814262+00:00,gdn,gdn-h2-ev8-s126-d123-b64-ga4-fp32-noearly4ep,gdn_capacity_layout_followup_candidate,gdn-h2-ev8-usegate0-s126-d123,b64_ga4_fp32_official,b64_ga4_fp32_official,official_gdn_capacity_layout_followup_b64_ga4_fp32,64,16,4,256,b64_ga4,float32,float32,float32,float32,float32,float32,126,123,gdn-h2-ev8-usegate0,gdn-h2-ev8-usegate0-s126-d123,,,2,8,false,true,4,4,4,2,true,checkpoints/flash-vqg-20260520-gdn-capacity-layout-followup-gdn-h2-ev8-s126-2026-05-20-07-34-01/gdn-h2-ev8-s126-d123-b64-ga4-fp32-noearly4ep/train_config.json,/home/lyj/mnt/project/zoology/checkpoints/flash-vqg-20260520-gdn-capacity-layout-followup-gdn-h2-ev8-s126-2026-05-20-07-34-01/gdn-h2-ev8-s126-d123-b64-ga4-fp32-noearly4ep/train_config.json,5818170667d9a4e3304d6d3c3d00a9c978dc5a4b09154ea6bf33b3cc8a850e7a,sha256:8a6477a36c8151df52965576c9b25611af25dce750f53a1878957d69bfad54e2,last.pt_epoch4_final,checkpoints/flash-vqg-20260520-gdn-capacity-layout-followup-gdn-h2-ev8-s126-2026-05-20-07-34-01/gdn-h2-ev8-s126-d123-b64-ga4-fp32-noearly4ep/last.pt,/home/lyj/mnt/project/zoology/checkpoints/flash-vqg-20260520-gdn-capacity-layout-followup-gdn-h2-ev8-s126-2026-05-20-07-34-01/gdn-h2-ev8-s126-d123-b64-ga4-fp32-noearly4ep/last.pt,true,8a6477a36c8151df52965576c9b25611af25dce750f53a1878957d69bfad54e2,9676223,2026-05-20T07:50:15.398260+00:00,3,,0.2867046892642975,0.97841259765625,0.83156640625,1367942,65536,65536,mqar-vocab8192-pass1-seed123-rnq1-power0.01-2048x512-n500,multiquery_ar,8192,2048,512,1,500,32,true,123,true,0.01,,,completed,2048x512,2048,512,32,32;16;8;4;2;1,32,4110.345703125,,same_gpu_same_dtype_same_runner_only,true,0,0,NVIDIA GeForce RTX 2080 Ti,11264,7.5,GPU-57c29499-bcb3-27f6-4360-e60939528a9b,2.6.0+cu118,11.8,550.120,float32,float32,b64_ga4_fp32_official,NVIDIA_GeForce_RTX_2080_Ti-11264MiB-cc7.5-driver550.120-torch2.6.0+cu118-cuda11.8,4.544732093811035,0.37432421875,4.544732093811035,0.37432421875,36.31703972816467,00:00:36,4110.8466796875,4110.8466796875,6140.0,NVIDIA_GeForce_RTX_2080_Ti-11264MiB-cc7.5-driver550.120-torch2.6.0+cu118-cuda11.8,measured_current_host,0,0,NVIDIA GeForce RTX 2080 Ti,11264,7.5,GPU-57c29499-bcb3-27f6-4360-e60939528a9b,2.6.0+cu118,11.8,550.120,8eb730be36bbb0876ed83a332d364c65acb36b28,8eb730be36bbb0876ed83a332d364c65acb36b28,811e1ce5f140e97d93ad6f1adae07b95b4219143,docs/artifacts/longer-mqar/official-core-20260526,docs/artifacts/20260520-gdn-capacity-layout-followup/gdn-followup-final.csv,tmp/20260526-longer-mqar-official-core/logs/formal-gdn-h2-ev8-s126-d123-b64-ga4-fp32-noearly4ep-2048x512-n500-b32-gpu0.log,,,,123,e446efc9f4dc774377c56c403a468c747870beb18ff0320f15df794dcb69f015,"sha256(inputs,labels)",500x2048,500x2048,500,torch.int64/torch.int64,8a6477a36c8151df52965576c9b25611af25dce750f53a1878957d69bfad54e2,sha256,passed,true,,,,
2,20260526-longer-mqar-official-core:formal:gd-cb64-r16-s123-d123-b64-ga4-fp32-noearly4ep:8190x2047:n500,20260526-longer-mqar-official-core:formal:gd-cb64-r16-s123-d123-b64-ga4-fp32-noearly4ep:8190x2047:n500,20260526-longer-mqar-official-core,longer_mqar_eval_only,longer_mqar_eval_only_vocab8192_official_core_20260526,formal,completed,2026-05-25T22:06:22.360208+00:00,flash,gd-cb64-r16-s123-d123-b64-ga4-fp32-noearly4ep,cb64-r16,cb64-r16-s123-d123,b64_ga4_fp32_official,gd_residual_v1_capacity_decomposition_b64_ga4_fp32,flash_capacity_decomposition_official_b64_ga4_fp32,64,16,4,256,b64_ga4,float32,float32,float32,float32,float32,float32,123,123,cb64-r16,cb64-r16-s123-d123,64,16,,,,,,4,4,2,true,checkpoints/flash-vqg-20260520-flash-capacity-decomposition-gd-cb64-r16-s123-2026-05-20-18-12-06/gd-cb64-r16-s123-d123-b64-ga4-fp32-noearly4ep/train_config.json,/home/lyj/mnt/project/zoology/checkpoints/flash-vqg-20260520-flash-capacity-decomposition-gd-cb64-r16-s123-2026-05-20-18-12-06/gd-cb64-r16-s123-d123-b64-ga4-fp32-noearly4ep/train_config.json,a04a7a0c1fdaccbc84058929608d3b4474008ed29cda80231e07a67dff0ca6f7,sha256:46c1a28c3fa4b8ebf62b0e69c53c879b60504d4f27d1e1b76ddbc6a1bd2e89e1,last.pt_epoch4_final,checkpoints/flash-vqg-20260520-flash-capacity-decomposition-gd-cb64-r16-s123-2026-05-20-18-12-06/gd-cb64-r16-s123-d123-b64-ga4-fp32-noearly4ep/last.pt,/home/lyj/mnt/project/zoology/checkpoints/flash-vqg-20260520-flash-capacity-decomposition-gd-cb64-r16-s123-2026-05-20-18-12-06/gd-cb64-r16-s123-d123-b64-ga4-fp32-noearly4ep/last.pt,true,46c1a28c3fa4b8ebf62b0e69c53c879b60504d4f27d1e1b76ddbc6a1bd2e89e1,8847813,2026-05-20T22:21:28.345289+00:00,3,,0.07076781243085861,0.99387890625,0.9687109375,1160390,,131072,mqar-vocab8192-pass1-seed123-rnq1-power0.01-8190x2047-n500,multiquery_ar,8192,8190,2047,1,500,16,true,123,true,0.01,,,completed,8190x2047,8190,2047,32,32;16;8;4;2;1,16,8692.353515625,"b32:oom:oom:torch.OutOfMemoryError: CUDA out of memory. Tried to allocate 4.00 GiB. GPU 0 has a total capacity of 10.75 GiB of which 261.75 MiB is free. Process 1222732 has 10.48 GiB memory in use. Of the allocated memory 6.79 GiB is allocated by PyTorch, and 3.51 GiB is reserved by PyTorch but unallocated. If reserved but unallocated memory is large try setting PYTORCH_CUDA_ALLOC_CONF=expandable_segments:True to avoid fragmentation.  See documentation for Memory Management  (https://pytorch.org/docs/stable/notes/cuda.html#environment-variables)",same_gpu_same_dtype_same_runner_only,true,1,1,NVIDIA GeForce RTX 2080 Ti,11264,7.5,GPU-0def3eeb-c2d0-4f49-ec2a-ebc1d8453b98,2.6.0+cu118,11.8,550.120,float32,float32,b64_ga4_fp32_official,NVIDIA_GeForce_RTX_2080_Ti-11264MiB-cc7.5-driver550.120-torch2.6.0+cu118-cuda11.8,5.126338958740234,0.16228822667318024,5.126338958740234,0.16228822667318024,366.06039571762085,00:06:06,8692.353515625,8692.353515625,10354.0,NVIDIA_GeForce_RTX_2080_Ti-11264MiB-cc7.5-driver550.120-torch2.6.0+cu118-cuda11.8,measured_current_host,1,1,NVIDIA GeForce RTX 2080 Ti,11264,7.5,GPU-0def3eeb-c2d0-4f49-ec2a-ebc1d8453b98,2.6.0+cu118,11.8,550.120,8eb730be36bbb0876ed83a332d364c65acb36b28,8eb730be36bbb0876ed83a332d364c65acb36b28,811e1ce5f140e97d93ad6f1adae07b95b4219143,docs/artifacts/longer-mqar/official-core-20260526,docs/artifacts/20260520-flash-capacity-decomposition/flash-capacity-decomp-final.csv,tmp/20260526-longer-mqar-official-core/logs/formal-gd-cb64-r16-s123-d123-b64-ga4-fp32-noearly4ep-8190x2047-n500-b16-gpu1.log,,,,123,8c16a91ea127bb7bf2130238ecd56b49fb1fd73bb3e0c2f4c586ddba8e9b97a9,"sha256(inputs,labels)",500x8190,500x8190,500,torch.int64/torch.int64,46c1a28c3fa4b8ebf62b0e69c53c879b60504d4f27d1e1b76ddbc6a1bd2e89e1,sha256,passed,true,,,,
2,20260526-longer-mqar-official-core:repro:gd-cb64-r16-s123-d123-b64-ga4-fp32-noearly4ep:1024x256:n500,20260526-longer-mqar-official-core:repro:gd-cb64-r16-s123-d123-b64-ga4-fp32-noearly4ep:1024x256:n500,20260526-longer-mqar-official-core,longer_mqar_eval_only,longer_mqar_eval_only_vocab8192_official_core_20260526,repro,completed,2026-05-25T22:06:59.404907+00:00,flash,gd-cb64-r16-s123-d123-b64-ga4-fp32-noearly4ep,cb64-r16,cb64-r16-s123-d123,b64_ga4_fp32_official,gd_residual_v1_capacity_decomposition_b64_ga4_fp32,flash_capacity_decomposition_official_b64_ga4_fp32,64,16,4,256,b64_ga4,float32,float32,float32,float32,float32,float32,123,123,cb64-r16,cb64-r16-s123-d123,64,16,,,,,,4,4,2,true,checkpoints/flash-vqg-20260520-flash-capacity-decomposition-gd-cb64-r16-s123-2026-05-20-18-12-06/gd-cb64-r16-s123-d123-b64-ga4-fp32-noearly4ep/train_config.json,/home/lyj/mnt/project/zoology/checkpoints/flash-vqg-20260520-flash-capacity-decomposition-gd-cb64-r16-s123-2026-05-20-18-12-06/gd-cb64-r16-s123-d123-b64-ga4-fp32-noearly4ep/train_config.json,a04a7a0c1fdaccbc84058929608d3b4474008ed29cda80231e07a67dff0ca6f7,sha256:46c1a28c3fa4b8ebf62b0e69c53c879b60504d4f27d1e1b76ddbc6a1bd2e89e1,last.pt_epoch4_final,checkpoints/flash-vqg-20260520-flash-capacity-decomposition-gd-cb64-r16-s123-2026-05-20-18-12-06/gd-cb64-r16-s123-d123-b64-ga4-fp32-noearly4ep/last.pt,/home/lyj/mnt/project/zoology/checkpoints/flash-vqg-20260520-flash-capacity-decomposition-gd-cb64-r16-s123-2026-05-20-18-12-06/gd-cb64-r16-s123-d123-b64-ga4-fp32-noearly4ep/last.pt,true,46c1a28c3fa4b8ebf62b0e69c53c879b60504d4f27d1e1b76ddbc6a1bd2e89e1,8847813,2026-05-20T22:21:28.345289+00:00,3,,0.07076781243085861,0.99387890625,0.9687109375,1160390,,131072,mqar-vocab8192-pass1-seed123-rnq1-power0.01-1024x256-n500,multiquery_ar,8192,1024,256,1,500,32,false,123,true,0.01,,,,,,,,,,,,,,,,,,,,,,,,,,,0.3626084625720978,0.969625,0.3626084625720978,0.969625,36.172284841537476,00:00:36,2166.7421875,2166.7421875,4236.0,NVIDIA_GeForce_RTX_2080_Ti-11264MiB-cc7.5-driver550.120-torch2.6.0+cu118-cuda11.8,measured_current_host,1,1,NVIDIA GeForce RTX 2080 Ti,11264,7.5,GPU-0def3eeb-c2d0-4f49-ec2a-ebc1d8453b98,2.6.0+cu118,11.8,550.120,8eb730be36bbb0876ed83a332d364c65acb36b28,8eb730be36bbb0876ed83a332d364c65acb36b28,811e1ce5f140e97d93ad6f1adae07b95b4219143,docs/artifacts/longer-mqar/official-core-20260526,docs/artifacts/20260520-flash-capacity-decomposition/flash-capacity-decomp-final.csv,tmp/20260526-longer-mqar-official-core/logs/repro-gd-cb64-r16-s123-d123-b64-ga4-fp32-noearly4ep-1024x256-n500-b32-gpu1.log,,,,123,f30f1e09e1300deb2e0f430d7c50c47a77f58f43657aa4d6f425f938a91a9acb,"sha256(inputs,labels)",500x1024,500x1024,500,torch.int64/torch.int64,46c1a28c3fa4b8ebf62b0e69c53c879b60504d4f27d1e1b76ddbc6a1bd2e89e1,sha256,passed,true,20260526-longer-mqar-official-core:formal:gd-cb64-r16-s123-d123-b64-ga4-fp32-noearly4ep:1024x256:n500,true,0.0,true
2,20260526-longer-mqar-official-core:formal:gdn-h2-ev8-s126-d123-b64-ga4-fp32-noearly4ep:4096x1024:n500,20260526-longer-mqar-official-core:formal:gdn-h2-ev8-s126-d123-b64-ga4-fp32-noearly4ep:4096x1024:n500,20260526-longer-mqar-official-core,longer_mqar_eval_only,longer_mqar_eval_only_vocab8192_official_core_20260526,formal,completed,2026-05-25T22:07:00.855047+00:00,gdn,gdn-h2-ev8-s126-d123-b64-ga4-fp32-noearly4ep,gdn_capacity_layout_followup_candidate,gdn-h2-ev8-usegate0-s126-d123,b64_ga4_fp32_official,b64_ga4_fp32_official,official_gdn_capacity_layout_followup_b64_ga4_fp32,64,16,4,256,b64_ga4,float32,float32,float32,float32,float32,float32,126,123,gdn-h2-ev8-usegate0,gdn-h2-ev8-usegate0-s126-d123,,,2,8,false,true,4,4,4,2,true,checkpoints/flash-vqg-20260520-gdn-capacity-layout-followup-gdn-h2-ev8-s126-2026-05-20-07-34-01/gdn-h2-ev8-s126-d123-b64-ga4-fp32-noearly4ep/train_config.json,/home/lyj/mnt/project/zoology/checkpoints/flash-vqg-20260520-gdn-capacity-layout-followup-gdn-h2-ev8-s126-2026-05-20-07-34-01/gdn-h2-ev8-s126-d123-b64-ga4-fp32-noearly4ep/train_config.json,5818170667d9a4e3304d6d3c3d00a9c978dc5a4b09154ea6bf33b3cc8a850e7a,sha256:8a6477a36c8151df52965576c9b25611af25dce750f53a1878957d69bfad54e2,last.pt_epoch4_final,checkpoints/flash-vqg-20260520-gdn-capacity-layout-followup-gdn-h2-ev8-s126-2026-05-20-07-34-01/gdn-h2-ev8-s126-d123-b64-ga4-fp32-noearly4ep/last.pt,/home/lyj/mnt/project/zoology/checkpoints/flash-vqg-20260520-gdn-capacity-layout-followup-gdn-h2-ev8-s126-2026-05-20-07-34-01/gdn-h2-ev8-s126-d123-b64-ga4-fp32-noearly4ep/last.pt,true,8a6477a36c8151df52965576c9b25611af25dce750f53a1878957d69bfad54e2,9676223,2026-05-20T07:50:15.398260+00:00,3,,0.2867046892642975,0.97841259765625,0.83156640625,1367942,65536,65536,mqar-vocab8192-pass1-seed123-rnq1-power0.01-4096x1024-n500,multiquery_ar,8192,4096,1024,1,500,32,true,123,true,0.01,,,completed,4096x1024,4096,1024,32,32;16;8;4;2;1,32,8207.345703125,,same_gpu_same_dtype_same_runner_only,true,0,0,NVIDIA GeForce RTX 2080 Ti,11264,7.5,GPU-57c29499-bcb3-27f6-4360-e60939528a9b,2.6.0+cu118,11.8,550.120,float32,float32,b64_ga4_fp32_official,NVIDIA_GeForce_RTX_2080_Ti-11264MiB-cc7.5-driver550.120-torch2.6.0+cu118-cuda11.8,7.170665264129639,0.1137421875,7.170665264129639,0.1137421875,43.142104148864746,00:00:43,8208.3466796875,8208.3466796875,8222.0,NVIDIA_GeForce_RTX_2080_Ti-11264MiB-cc7.5-driver550.120-torch2.6.0+cu118-cuda11.8,measured_current_host,0,0,NVIDIA GeForce RTX 2080 Ti,11264,7.5,GPU-57c29499-bcb3-27f6-4360-e60939528a9b,2.6.0+cu118,11.8,550.120,8eb730be36bbb0876ed83a332d364c65acb36b28,8eb730be36bbb0876ed83a332d364c65acb36b28,811e1ce5f140e97d93ad6f1adae07b95b4219143,docs/artifacts/longer-mqar/official-core-20260526,docs/artifacts/20260520-gdn-capacity-layout-followup/gdn-followup-final.csv,tmp/20260526-longer-mqar-official-core/logs/formal-gdn-h2-ev8-s126-d123-b64-ga4-fp32-noearly4ep-4096x1024-n500-b32-gpu0.log,,,,123,0981292ce8ebea1402a4c3a7a6655dfc1de42688c329bd5ea921541a0f1d16ed,"sha256(inputs,labels)",500x4096,500x4096,500,torch.int64/torch.int64,8a6477a36c8151df52965576c9b25611af25dce750f53a1878957d69bfad54e2,sha256,passed,true,,,,
2,20260526-longer-mqar-official-core:batch_search:gdn-h2-ev8-s125-d123-b64-ga4-fp32-noearly4ep:1024x256:n32,20260526-longer-mqar-official-core:batch_search:gdn-h2-ev8-s125-d123-b64-ga4-fp32-noearly4ep:1024x256:n32,20260526-longer-mqar-official-core,longer_mqar_eval_only,longer_mqar_eval_only_vocab8192_official_core_20260526,batch_search,completed,2026-05-25T22:07:23.736428+00:00,gdn,gdn-h2-ev8-s125-d123-b64-ga4-fp32-noearly4ep,current_float32_capacity_up_official,gdn-h2-ev8-usegate0-s125-d123,b64_ga4_fp32_official,b64_ga4_fp32_official,capacity_up_official_b64_ga4_fp32,64,16,4,256,b64_ga4,float32,float32,float32,float32,float32,float32,125,123,gdn-h2-ev8-usegate0,gdn-h2-ev8-usegate0-s125-d123,,,2,8,false,true,4,4,4,2,true,checkpoints/flash-vqg-20260519-gd-r10-gdn-official-b64-fp32-gdn-h2-ev8-s125-2026-05-20-01-20-33/gdn-h2-ev8-s125-d123-b64-ga4-fp32-noearly4ep/train_config.json,/home/lyj/mnt/project/zoology/checkpoints/flash-vqg-20260519-gd-r10-gdn-official-b64-fp32-gdn-h2-ev8-s125-2026-05-20-01-20-33/gdn-h2-ev8-s125-d123-b64-ga4-fp32-noearly4ep/train_config.json,2be2a8ea68b07786c51b01ba927bd493d00662f29a6caf9972355ada8ae60d14,sha256:9ceeb074d2d8c2d404eea89d1785e8efc75572d9516782d966df81b34e64fd71,last.pt_epoch4_final,checkpoints/flash-vqg-20260519-gd-r10-gdn-official-b64-fp32-gdn-h2-ev8-s125-2026-05-20-01-20-33/gdn-h2-ev8-s125-d123-b64-ga4-fp32-noearly4ep/last.pt,/home/lyj/mnt/project/zoology/checkpoints/flash-vqg-20260519-gd-r10-gdn-official-b64-fp32-gdn-h2-ev8-s125-2026-05-20-01-20-33/gdn-h2-ev8-s125-d123-b64-ga4-fp32-noearly4ep/last.pt,true,9ceeb074d2d8c2d404eea89d1785e8efc75572d9516782d966df81b34e64fd71,9676223,2026-05-20T01:31:00.352360+00:00,3,,0.2838285267353058,0.9805283203125,0.8473984375,1367942,65536,65536,mqar-vocab8192-pass1-seed123-rnq1-power0.01-1024x256-n32,multiquery_ar,8192,1024,256,1,32,32,true,123,true,0.01,,,completed,1024x256,1024,256,32,32;16;8;4;2;1,32,2061.845703125,,same_gpu_same_dtype_same_runner_only,true,1,1,NVIDIA GeForce RTX 2080 Ti,11264,7.5,GPU-0def3eeb-c2d0-4f49-ec2a-ebc1d8453b98,2.6.0+cu118,11.8,550.120,float32,float32,b64_ga4_fp32_official,NVIDIA_GeForce_RTX_2080_Ti-11264MiB-cc7.5-driver550.120-torch2.6.0+cu118-cuda11.8,1.8913997411727905,0.8421630859375,1.8913997411727905,0.8421630859375,23.47564196586609,00:00:23,2061.845703125,2061.845703125,3342.0,NVIDIA_GeForce_RTX_2080_Ti-11264MiB-cc7.5-driver550.120-torch2.6.0+cu118-cuda11.8,measured_current_host,1,1,NVIDIA GeForce RTX 2080 Ti,11264,7.5,GPU-0def3eeb-c2d0-4f49-ec2a-ebc1d8453b98,2.6.0+cu118,11.8,550.120,8eb730be36bbb0876ed83a332d364c65acb36b28,8eb730be36bbb0876ed83a332d364c65acb36b28,811e1ce5f140e97d93ad6f1adae07b95b4219143,docs/artifacts/longer-mqar/official-core-20260526,docs/artifacts/20260519-gd-r10-gdn-official-b64-fp32/gdn-official-final.csv,tmp/20260526-longer-mqar-official-core/logs/batch-search-candidate-gdn-h2-ev8-s125-d123-b64-ga4-fp32-noearly4ep-1024x256-n32-b32-gpu1.log,,,,123,68500f1bc9fdc7ff4edc301ab7303d253d578a27cbbbf7613c74e3e6a04cc9f3,"sha256(inputs,labels)",32x1024,32x1024,32,torch.int64/torch.int64,9ceeb074d2d8c2d404eea89d1785e8efc75572d9516782d966df81b34e64fd71,sha256,passed,true,,,,
2,20260526-longer-mqar-official-core:formal:gdn-h2-ev8-s126-d123-b64-ga4-fp32-noearly4ep:8190x512:n500,20260526-longer-mqar-official-core:formal:gdn-h2-ev8-s126-d123-b64-ga4-fp32-noearly4ep:8190x512:n500,20260526-longer-mqar-official-core,longer_mqar_eval_only,longer_mqar_eval_only_vocab8192_official_core_20260526,formal,completed,2026-05-25T22:07:49.198587+00:00,gdn,gdn-h2-ev8-s126-d123-b64-ga4-fp32-noearly4ep,gdn_capacity_layout_followup_candidate,gdn-h2-ev8-usegate0-s126-d123,b64_ga4_fp32_official,b64_ga4_fp32_official,official_gdn_capacity_layout_followup_b64_ga4_fp32,64,16,4,256,b64_ga4,float32,float32,float32,float32,float32,float32,126,123,gdn-h2-ev8-usegate0,gdn-h2-ev8-usegate0-s126-d123,,,2,8,false,true,4,4,4,2,true,checkpoints/flash-vqg-20260520-gdn-capacity-layout-followup-gdn-h2-ev8-s126-2026-05-20-07-34-01/gdn-h2-ev8-s126-d123-b64-ga4-fp32-noearly4ep/train_config.json,/home/lyj/mnt/project/zoology/checkpoints/flash-vqg-20260520-gdn-capacity-layout-followup-gdn-h2-ev8-s126-2026-05-20-07-34-01/gdn-h2-ev8-s126-d123-b64-ga4-fp32-noearly4ep/train_config.json,5818170667d9a4e3304d6d3c3d00a9c978dc5a4b09154ea6bf33b3cc8a850e7a,sha256:8a6477a36c8151df52965576c9b25611af25dce750f53a1878957d69bfad54e2,last.pt_epoch4_final,checkpoints/flash-vqg-20260520-gdn-capacity-layout-followup-gdn-h2-ev8-s126-2026-05-20-07-34-01/gdn-h2-ev8-s126-d123-b64-ga4-fp32-noearly4ep/last.pt,/home/lyj/mnt/project/zoology/checkpoints/flash-vqg-20260520-gdn-capacity-layout-followup-gdn-h2-ev8-s126-2026-05-20-07-34-01/gdn-h2-ev8-s126-d123-b64-ga4-fp32-noearly4ep/last.pt,true,8a6477a36c8151df52965576c9b25611af25dce750f53a1878957d69bfad54e2,9676223,2026-05-20T07:50:15.398260+00:00,3,,0.2867046892642975,0.97841259765625,0.83156640625,1367942,65536,65536,mqar-vocab8192-pass1-seed123-rnq1-power0.01-8190x512-n500,multiquery_ar,8192,8190,512,1,500,16,true,123,true,0.01,,,completed,8190x2047,8190,2047,32,32;16;8;4;2;1,16,8208.3466796875,"b32:oom:oom:torch.OutOfMemoryError: CUDA out of memory. Tried to allocate 8.00 GiB. GPU 0 has a total capacity of 10.74 GiB of which 1.90 GiB is free. Process 1226045 has 8.82 GiB memory in use. Of the allocated memory 8.01 GiB is allocated by PyTorch, and 4.66 MiB is reserved by PyTorch but unallocated. If reserved but unallocated memory is large try setting PYTORCH_CUDA_ALLOC_CONF=expandable_segments:True to avoid fragmentation.  See documentation for Memory Management  (https://pytorch.org/docs/stable/notes/cuda.html#environment-variables)",same_gpu_same_dtype_same_runner_only,true,0,0,NVIDIA GeForce RTX 2080 Ti,11264,7.5,GPU-57c29499-bcb3-27f6-4360-e60939528a9b,2.6.0+cu118,11.8,550.120,float32,float32,b64_ga4_fp32_official,NVIDIA_GeForce_RTX_2080_Ti-11264MiB-cc7.5-driver550.120-torch2.6.0+cu118-cuda11.8,5.358895778656006,0.26677734375,5.358895778656006,0.26677734375,47.484448194503784,00:00:47,8208.3466796875,8208.3466796875,8222.0,NVIDIA_GeForce_RTX_2080_Ti-11264MiB-cc7.5-driver550.120-torch2.6.0+cu118-cuda11.8,measured_current_host,0,0,NVIDIA GeForce RTX 2080 Ti,11264,7.5,GPU-57c29499-bcb3-27f6-4360-e60939528a9b,2.6.0+cu118,11.8,550.120,8eb730be36bbb0876ed83a332d364c65acb36b28,8eb730be36bbb0876ed83a332d364c65acb36b28,811e1ce5f140e97d93ad6f1adae07b95b4219143,docs/artifacts/longer-mqar/official-core-20260526,docs/artifacts/20260520-gdn-capacity-layout-followup/gdn-followup-final.csv,tmp/20260526-longer-mqar-official-core/logs/formal-gdn-h2-ev8-s126-d123-b64-ga4-fp32-noearly4ep-8190x512-n500-b16-gpu0.log,,,,123,37a8533a985fabd3db03daf9dfd3a8e0936513ab724039c63b9a22bf352d002d,"sha256(inputs,labels)",500x8190,500x8190,500,torch.int64/torch.int64,8a6477a36c8151df52965576c9b25611af25dce750f53a1878957d69bfad54e2,sha256,passed,true,,,,
2,20260526-longer-mqar-official-core:batch_search:gdn-h2-ev8-s125-d123-b64-ga4-fp32-noearly4ep:2048x512:n32,20260526-longer-mqar-official-core:batch_search:gdn-h2-ev8-s125-d123-b64-ga4-fp32-noearly4ep:2048x512:n32,20260526-longer-mqar-official-core,longer_mqar_eval_only,longer_mqar_eval_only_vocab8192_official_core_20260526,batch_search,completed,2026-05-25T22:07:50.396173+00:00,gdn,gdn-h2-ev8-s125-d123-b64-ga4-fp32-noearly4ep,current_float32_capacity_up_official,gdn-h2-ev8-usegate0-s125-d123,b64_ga4_fp32_official,b64_ga4_fp32_official,capacity_up_official_b64_ga4_fp32,64,16,4,256,b64_ga4,float32,float32,float32,float32,float32,float32,125,123,gdn-h2-ev8-usegate0,gdn-h2-ev8-usegate0-s125-d123,,,2,8,false,true,4,4,4,2,true,checkpoints/flash-vqg-20260519-gd-r10-gdn-official-b64-fp32-gdn-h2-ev8-s125-2026-05-20-01-20-33/gdn-h2-ev8-s125-d123-b64-ga4-fp32-noearly4ep/train_config.json,/home/lyj/mnt/project/zoology/checkpoints/flash-vqg-20260519-gd-r10-gdn-official-b64-fp32-gdn-h2-ev8-s125-2026-05-20-01-20-33/gdn-h2-ev8-s125-d123-b64-ga4-fp32-noearly4ep/train_config.json,2be2a8ea68b07786c51b01ba927bd493d00662f29a6caf9972355ada8ae60d14,sha256:9ceeb074d2d8c2d404eea89d1785e8efc75572d9516782d966df81b34e64fd71,last.pt_epoch4_final,checkpoints/flash-vqg-20260519-gd-r10-gdn-official-b64-fp32-gdn-h2-ev8-s125-2026-05-20-01-20-33/gdn-h2-ev8-s125-d123-b64-ga4-fp32-noearly4ep/last.pt,/home/lyj/mnt/project/zoology/checkpoints/flash-vqg-20260519-gd-r10-gdn-official-b64-fp32-gdn-h2-ev8-s125-2026-05-20-01-20-33/gdn-h2-ev8-s125-d123-b64-ga4-fp32-noearly4ep/last.pt,true,9ceeb074d2d8c2d404eea89d1785e8efc75572d9516782d966df81b34e64fd71,9676223,2026-05-20T01:31:00.352360+00:00,3,,0.2838285267353058,0.9805283203125,0.8473984375,1367942,65536,65536,mqar-vocab8192-pass1-seed123-rnq1-power0.01-2048x512-n32,multiquery_ar,8192,2048,512,1,32,32,true,123,true,0.01,,,completed,2048x512,2048,512,32,32;16;8;4;2;1,32,4110.345703125,,same_gpu_same_dtype_same_runner_only,true,1,1,NVIDIA GeForce RTX 2080 Ti,11264,7.5,GPU-0def3eeb-c2d0-4f49-ec2a-ebc1d8453b98,2.6.0+cu118,11.8,550.120,float32,float32,b64_ga4_fp32_official,NVIDIA_GeForce_RTX_2080_Ti-11264MiB-cc7.5-driver550.120-torch2.6.0+cu118-cuda11.8,4.648969650268555,0.363525390625,4.648969650268555,0.363525390625,25.757571697235107,00:00:25,4110.345703125,4110.345703125,6140.0,NVIDIA_GeForce_RTX_2080_Ti-11264MiB-cc7.5-driver550.120-torch2.6.0+cu118-cuda11.8,measured_current_host,1,1,NVIDIA GeForce RTX 2080 Ti,11264,7.5,GPU-0def3eeb-c2d0-4f49-ec2a-ebc1d8453b98,2.6.0+cu118,11.8,550.120,8eb730be36bbb0876ed83a332d364c65acb36b28,8eb730be36bbb0876ed83a332d364c65acb36b28,811e1ce5f140e97d93ad6f1adae07b95b4219143,docs/artifacts/longer-mqar/official-core-20260526,docs/artifacts/20260519-gd-r10-gdn-official-b64-fp32/gdn-official-final.csv,tmp/20260526-longer-mqar-official-core/logs/batch-search-candidate-gdn-h2-ev8-s125-d123-b64-ga4-fp32-noearly4ep-2048x512-n32-b32-gpu1.log,,,,123,34ea18c38dae38e2860b711425f27d090597975373a954d128324e3a04dcb012,"sha256(inputs,labels)",32x2048,32x2048,32,torch.int64/torch.int64,9ceeb074d2d8c2d404eea89d1785e8efc75572d9516782d966df81b34e64fd71,sha256,passed,true,,,,
2,20260526-longer-mqar-official-core:batch_search:gdn-h2-ev8-s125-d123-b64-ga4-fp32-noearly4ep:4096x1024:n32,20260526-longer-mqar-official-core:batch_search:gdn-h2-ev8-s125-d123-b64-ga4-fp32-noearly4ep:4096x1024:n32,20260526-longer-mqar-official-core,longer_mqar_eval_only,longer_mqar_eval_only_vocab8192_official_core_20260526,batch_search,completed,2026-05-25T22:08:22.050146+00:00,gdn,gdn-h2-ev8-s125-d123-b64-ga4-fp32-noearly4ep,current_float32_capacity_up_official,gdn-h2-ev8-usegate0-s125-d123,b64_ga4_fp32_official,b64_ga4_fp32_official,capacity_up_official_b64_ga4_fp32,64,16,4,256,b64_ga4,float32,float32,float32,float32,float32,float32,125,123,gdn-h2-ev8-usegate0,gdn-h2-ev8-usegate0-s125-d123,,,2,8,false,true,4,4,4,2,true,checkpoints/flash-vqg-20260519-gd-r10-gdn-official-b64-fp32-gdn-h2-ev8-s125-2026-05-20-01-20-33/gdn-h2-ev8-s125-d123-b64-ga4-fp32-noearly4ep/train_config.json,/home/lyj/mnt/project/zoology/checkpoints/flash-vqg-20260519-gd-r10-gdn-official-b64-fp32-gdn-h2-ev8-s125-2026-05-20-01-20-33/gdn-h2-ev8-s125-d123-b64-ga4-fp32-noearly4ep/train_config.json,2be2a8ea68b07786c51b01ba927bd493d00662f29a6caf9972355ada8ae60d14,sha256:9ceeb074d2d8c2d404eea89d1785e8efc75572d9516782d966df81b34e64fd71,last.pt_epoch4_final,checkpoints/flash-vqg-20260519-gd-r10-gdn-official-b64-fp32-gdn-h2-ev8-s125-2026-05-20-01-20-33/gdn-h2-ev8-s125-d123-b64-ga4-fp32-noearly4ep/last.pt,/home/lyj/mnt/project/zoology/checkpoints/flash-vqg-20260519-gd-r10-gdn-official-b64-fp32-gdn-h2-ev8-s125-2026-05-20-01-20-33/gdn-h2-ev8-s125-d123-b64-ga4-fp32-noearly4ep/last.pt,true,9ceeb074d2d8c2d404eea89d1785e8efc75572d9516782d966df81b34e64fd71,9676223,2026-05-20T01:31:00.352360+00:00,3,,0.2838285267353058,0.9805283203125,0.8473984375,1367942,65536,65536,mqar-vocab8192-pass1-seed123-rnq1-power0.01-4096x1024-n32,multiquery_ar,8192,4096,1024,1,32,32,true,123,true,0.01,,,completed,4096x1024,4096,1024,32,32;16;8;4;2;1,32,8207.345703125,,same_gpu_same_dtype_same_runner_only,true,1,1,NVIDIA GeForce RTX 2080 Ti,11264,7.5,GPU-0def3eeb-c2d0-4f49-ec2a-ebc1d8453b98,2.6.0+cu118,11.8,550.120,float32,float32,b64_ga4_fp32_official,NVIDIA_GeForce_RTX_2080_Ti-11264MiB-cc7.5-driver550.120-torch2.6.0+cu118-cuda11.8,7.400102615356445,0.08038330078125,7.400102615356445,0.08038330078125,30.758076429367065,00:00:30,8207.345703125,8207.345703125,8218.0,NVIDIA_GeForce_RTX_2080_Ti-11264MiB-cc7.5-driver550.120-torch2.6.0+cu118-cuda11.8,measured_current_host,1,1,NVIDIA GeForce RTX 2080 Ti,11264,7.5,GPU-0def3eeb-c2d0-4f49-ec2a-ebc1d8453b98,2.6.0+cu118,11.8,550.120,8eb730be36bbb0876ed83a332d364c65acb36b28,8eb730be36bbb0876ed83a332d364c65acb36b28,811e1ce5f140e97d93ad6f1adae07b95b4219143,docs/artifacts/longer-mqar/official-core-20260526,docs/artifacts/20260519-gd-r10-gdn-official-b64-fp32/gdn-official-final.csv,tmp/20260526-longer-mqar-official-core/logs/batch-search-candidate-gdn-h2-ev8-s125-d123-b64-ga4-fp32-noearly4ep-4096x1024-n32-b32-gpu1.log,,,,123,55274181d24158d3fe53491784d87fabe3a981427663df2ac8ed40876e72a1b8,"sha256(inputs,labels)",32x4096,32x4096,32,torch.int64/torch.int64,9ceeb074d2d8c2d404eea89d1785e8efc75572d9516782d966df81b34e64fd71,sha256,passed,true,,,,
2,20260526-longer-mqar-official-core:formal:gdn-h2-ev8-s126-d123-b64-ga4-fp32-noearly4ep:8190x2047:n500,20260526-longer-mqar-official-core:formal:gdn-h2-ev8-s126-d123-b64-ga4-fp32-noearly4ep:8190x2047:n500,20260526-longer-mqar-official-core,longer_mqar_eval_only,longer_mqar_eval_only_vocab8192_official_core_20260526,formal,completed,2026-05-25T22:08:39.934130+00:00,gdn,gdn-h2-ev8-s126-d123-b64-ga4-fp32-noearly4ep,gdn_capacity_layout_followup_candidate,gdn-h2-ev8-usegate0-s126-d123,b64_ga4_fp32_official,b64_ga4_fp32_official,official_gdn_capacity_layout_followup_b64_ga4_fp32,64,16,4,256,b64_ga4,float32,float32,float32,float32,float32,float32,126,123,gdn-h2-ev8-usegate0,gdn-h2-ev8-usegate0-s126-d123,,,2,8,false,true,4,4,4,2,true,checkpoints/flash-vqg-20260520-gdn-capacity-layout-followup-gdn-h2-ev8-s126-2026-05-20-07-34-01/gdn-h2-ev8-s126-d123-b64-ga4-fp32-noearly4ep/train_config.json,/home/lyj/mnt/project/zoology/checkpoints/flash-vqg-20260520-gdn-capacity-layout-followup-gdn-h2-ev8-s126-2026-05-20-07-34-01/gdn-h2-ev8-s126-d123-b64-ga4-fp32-noearly4ep/train_config.json,5818170667d9a4e3304d6d3c3d00a9c978dc5a4b09154ea6bf33b3cc8a850e7a,sha256:8a6477a36c8151df52965576c9b25611af25dce750f53a1878957d69bfad54e2,last.pt_epoch4_final,checkpoints/flash-vqg-20260520-gdn-capacity-layout-followup-gdn-h2-ev8-s126-2026-05-20-07-34-01/gdn-h2-ev8-s126-d123-b64-ga4-fp32-noearly4ep/last.pt,/home/lyj/mnt/project/zoology/checkpoints/flash-vqg-20260520-gdn-capacity-layout-followup-gdn-h2-ev8-s126-2026-05-20-07-34-01/gdn-h2-ev8-s126-d123-b64-ga4-fp32-noearly4ep/last.pt,true,8a6477a36c8151df52965576c9b25611af25dce750f53a1878957d69bfad54e2,9676223,2026-05-20T07:50:15.398260+00:00,3,,0.2867046892642975,0.97841259765625,0.83156640625,1367942,65536,65536,mqar-vocab8192-pass1-seed123-rnq1-power0.01-8190x2047-n500,multiquery_ar,8192,8190,2047,1,500,16,true,123,true,0.01,,,completed,8190x2047,8190,2047,32,32;16;8;4;2;1,16,8208.3466796875,"b32:oom:oom:torch.OutOfMemoryError: CUDA out of memory. Tried to allocate 8.00 GiB. GPU 0 has a total capacity of 10.74 GiB of which 1.90 GiB is free. Process 1226045 has 8.82 GiB memory in use. Of the allocated memory 8.01 GiB is allocated by PyTorch, and 4.66 MiB is reserved by PyTorch but unallocated. If reserved but unallocated memory is large try setting PYTORCH_CUDA_ALLOC_CONF=expandable_segments:True to avoid fragmentation.  See documentation for Memory Management  (https://pytorch.org/docs/stable/notes/cuda.html#environment-variables)",same_gpu_same_dtype_same_runner_only,true,0,0,NVIDIA GeForce RTX 2080 Ti,11264,7.5,GPU-57c29499-bcb3-27f6-4360-e60939528a9b,2.6.0+cu118,11.8,550.120,float32,float32,b64_ga4_fp32_official,NVIDIA_GeForce_RTX_2080_Ti-11264MiB-cc7.5-driver550.120-torch2.6.0+cu118-cuda11.8,8.906148910522461,0.017704934049829018,8.906148910522461,0.017704934049829014,49.83115005493164,00:00:49,8208.3466796875,8208.3466796875,8222.0,NVIDIA_GeForce_RTX_2080_Ti-11264MiB-cc7.5-driver550.120-torch2.6.0+cu118-cuda11.8,measured_current_host,0,0,NVIDIA GeForce RTX 2080 Ti,11264,7.5,GPU-57c29499-bcb3-27f6-4360-e60939528a9b,2.6.0+cu118,11.8,550.120,8eb730be36bbb0876ed83a332d364c65acb36b28,8eb730be36bbb0876ed83a332d364c65acb36b28,811e1ce5f140e97d93ad6f1adae07b95b4219143,docs/artifacts/longer-mqar/official-core-20260526,docs/artifacts/20260520-gdn-capacity-layout-followup/gdn-followup-final.csv,tmp/20260526-longer-mqar-official-core/logs/formal-gdn-h2-ev8-s126-d123-b64-ga4-fp32-noearly4ep-8190x2047-n500-b16-gpu0.log,,,,123,8c16a91ea127bb7bf2130238ecd56b49fb1fd73bb3e0c2f4c586ddba8e9b97a9,"sha256(inputs,labels)",500x8190,500x8190,500,torch.int64/torch.int64,8a6477a36c8151df52965576c9b25611af25dce750f53a1878957d69bfad54e2,sha256,passed,true,,,,
2,20260526-longer-mqar-official-core:repro:gdn-h2-ev8-s126-d123-b64-ga4-fp32-noearly4ep:1024x256:n500,20260526-longer-mqar-official-core:repro:gdn-h2-ev8-s126-d123-b64-ga4-fp32-noearly4ep:1024x256:n500,20260526-longer-mqar-official-core,longer_mqar_eval_only,longer_mqar_eval_only_vocab8192_official_core_20260526,repro,completed,2026-05-25T22:09:14.060572+00:00,gdn,gdn-h2-ev8-s126-d123-b64-ga4-fp32-noearly4ep,gdn_capacity_layout_followup_candidate,gdn-h2-ev8-usegate0-s126-d123,b64_ga4_fp32_official,b64_ga4_fp32_official,official_gdn_capacity_layout_followup_b64_ga4_fp32,64,16,4,256,b64_ga4,float32,float32,float32,float32,float32,float32,126,123,gdn-h2-ev8-usegate0,gdn-h2-ev8-usegate0-s126-d123,,,2,8,false,true,4,4,4,2,true,checkpoints/flash-vqg-20260520-gdn-capacity-layout-followup-gdn-h2-ev8-s126-2026-05-20-07-34-01/gdn-h2-ev8-s126-d123-b64-ga4-fp32-noearly4ep/train_config.json,/home/lyj/mnt/project/zoology/checkpoints/flash-vqg-20260520-gdn-capacity-layout-followup-gdn-h2-ev8-s126-2026-05-20-07-34-01/gdn-h2-ev8-s126-d123-b64-ga4-fp32-noearly4ep/train_config.json,5818170667d9a4e3304d6d3c3d00a9c978dc5a4b09154ea6bf33b3cc8a850e7a,sha256:8a6477a36c8151df52965576c9b25611af25dce750f53a1878957d69bfad54e2,last.pt_epoch4_final,checkpoints/flash-vqg-20260520-gdn-capacity-layout-followup-gdn-h2-ev8-s126-2026-05-20-07-34-01/gdn-h2-ev8-s126-d123-b64-ga4-fp32-noearly4ep/last.pt,/home/lyj/mnt/project/zoology/checkpoints/flash-vqg-20260520-gdn-capacity-layout-followup-gdn-h2-ev8-s126-2026-05-20-07-34-01/gdn-h2-ev8-s126-d123-b64-ga4-fp32-noearly4ep/last.pt,true,8a6477a36c8151df52965576c9b25611af25dce750f53a1878957d69bfad54e2,9676223,2026-05-20T07:50:15.398260+00:00,3,,0.2867046892642975,0.97841259765625,0.83156640625,1367942,65536,65536,mqar-vocab8192-pass1-seed123-rnq1-power0.01-1024x256-n500,multiquery_ar,8192,1024,256,1,500,32,false,123,true,0.01,,,,,,,,,,,,,,,,,,,,,,,,,,,1.8798177242279053,0.83328125,1.8798177242279053,0.83328125,33.27041697502136,00:00:33,2062.0966796875,2062.0966796875,3342.0,NVIDIA_GeForce_RTX_2080_Ti-11264MiB-cc7.5-driver550.120-torch2.6.0+cu118-cuda11.8,measured_current_host,0,0,NVIDIA GeForce RTX 2080 Ti,11264,7.5,GPU-57c29499-bcb3-27f6-4360-e60939528a9b,2.6.0+cu118,11.8,550.120,8eb730be36bbb0876ed83a332d364c65acb36b28,8eb730be36bbb0876ed83a332d364c65acb36b28,811e1ce5f140e97d93ad6f1adae07b95b4219143,docs/artifacts/longer-mqar/official-core-20260526,docs/artifacts/20260520-gdn-capacity-layout-followup/gdn-followup-final.csv,tmp/20260526-longer-mqar-official-core/logs/repro-gdn-h2-ev8-s126-d123-b64-ga4-fp32-noearly4ep-1024x256-n500-b32-gpu0.log,,,,123,f30f1e09e1300deb2e0f430d7c50c47a77f58f43657aa4d6f425f938a91a9acb,"sha256(inputs,labels)",500x1024,500x1024,500,torch.int64/torch.int64,8a6477a36c8151df52965576c9b25611af25dce750f53a1878957d69bfad54e2,sha256,passed,true,20260526-longer-mqar-official-core:formal:gdn-h2-ev8-s126-d123-b64-ga4-fp32-noearly4ep:1024x256:n500,true,0.0,true
2,20260526-longer-mqar-official-core:batch_search:gdn-h2-ev8-s125-d123-b64-ga4-fp32-noearly4ep:8190x512:n32,20260526-longer-mqar-official-core:batch_search:gdn-h2-ev8-s125-d123-b64-ga4-fp32-noearly4ep:8190x512:n32,20260526-longer-mqar-official-core,longer_mqar_eval_only,longer_mqar_eval_only_vocab8192_official_core_20260526,batch_search,completed,2026-05-25T22:09:36.063661+00:00,gdn,gdn-h2-ev8-s125-d123-b64-ga4-fp32-noearly4ep,current_float32_capacity_up_official,gdn-h2-ev8-usegate0-s125-d123,b64_ga4_fp32_official,b64_ga4_fp32_official,capacity_up_official_b64_ga4_fp32,64,16,4,256,b64_ga4,float32,float32,float32,float32,float32,float32,125,123,gdn-h2-ev8-usegate0,gdn-h2-ev8-usegate0-s125-d123,,,2,8,false,true,4,4,4,2,true,checkpoints/flash-vqg-20260519-gd-r10-gdn-official-b64-fp32-gdn-h2-ev8-s125-2026-05-20-01-20-33/gdn-h2-ev8-s125-d123-b64-ga4-fp32-noearly4ep/train_config.json,/home/lyj/mnt/project/zoology/checkpoints/flash-vqg-20260519-gd-r10-gdn-official-b64-fp32-gdn-h2-ev8-s125-2026-05-20-01-20-33/gdn-h2-ev8-s125-d123-b64-ga4-fp32-noearly4ep/train_config.json,2be2a8ea68b07786c51b01ba927bd493d00662f29a6caf9972355ada8ae60d14,sha256:9ceeb074d2d8c2d404eea89d1785e8efc75572d9516782d966df81b34e64fd71,last.pt_epoch4_final,checkpoints/flash-vqg-20260519-gd-r10-gdn-official-b64-fp32-gdn-h2-ev8-s125-2026-05-20-01-20-33/gdn-h2-ev8-s125-d123-b64-ga4-fp32-noearly4ep/last.pt,/home/lyj/mnt/project/zoology/checkpoints/flash-vqg-20260519-gd-r10-gdn-official-b64-fp32-gdn-h2-ev8-s125-2026-05-20-01-20-33/gdn-h2-ev8-s125-d123-b64-ga4-fp32-noearly4ep/last.pt,true,9ceeb074d2d8c2d404eea89d1785e8efc75572d9516782d966df81b34e64fd71,9676223,2026-05-20T01:31:00.352360+00:00,3,,0.2838285267353058,0.9805283203125,0.8473984375,1367942,65536,65536,mqar-vocab8192-pass1-seed123-rnq1-power0.01-8190x512-n32,multiquery_ar,8192,8190,512,1,32,16,true,123,true,0.01,,,completed,8190x512,8190,512,32,32;16;8;4;2;1,16,8208.3466796875,"b32:oom:oom:torch.OutOfMemoryError: CUDA out of memory. Tried to allocate 8.00 GiB. GPU 0 has a total capacity of 10.75 GiB of which 1.92 GiB is free. Process 1226878 has 8.82 GiB memory in use. Of the allocated memory 8.01 GiB is allocated by PyTorch, and 4.66 MiB is reserved by PyTorch but unallocated. If reserved but unallocated memory is large try setting PYTORCH_CUDA_ALLOC_CONF=expandable_segments:True to avoid fragmentation.  See documentation for Memory Management  (https://pytorch.org/docs/stable/notes/cuda.html#environment-variables)",same_gpu_same_dtype_same_runner_only,true,1,1,NVIDIA GeForce RTX 2080 Ti,11264,7.5,GPU-0def3eeb-c2d0-4f49-ec2a-ebc1d8453b98,2.6.0+cu118,11.8,550.120,float32,float32,b64_ga4_fp32_official,NVIDIA_GeForce_RTX_2080_Ti-11264MiB-cc7.5-driver550.120-torch2.6.0+cu118-cuda11.8,5.666699409484863,0.2369384765625,5.666699409484863,0.2369384765625,30.87070059776306,00:00:30,8208.3466796875,8208.3466796875,8222.0,NVIDIA_GeForce_RTX_2080_Ti-11264MiB-cc7.5-driver550.120-torch2.6.0+cu118-cuda11.8,measured_current_host,1,1,NVIDIA GeForce RTX 2080 Ti,11264,7.5,GPU-0def3eeb-c2d0-4f49-ec2a-ebc1d8453b98,2.6.0+cu118,11.8,550.120,8eb730be36bbb0876ed83a332d364c65acb36b28,8eb730be36bbb0876ed83a332d364c65acb36b28,811e1ce5f140e97d93ad6f1adae07b95b4219143,docs/artifacts/longer-mqar/official-core-20260526,docs/artifacts/20260519-gd-r10-gdn-official-b64-fp32/gdn-official-final.csv,tmp/20260526-longer-mqar-official-core/logs/batch-search-candidate-gdn-h2-ev8-s125-d123-b64-ga4-fp32-noearly4ep-8190x512-n32-b16-gpu1.log,,,,123,23d7ffc7467f8e355ec7cb4c739cf5494449c559427d204883d63d7dca4f4351,"sha256(inputs,labels)",32x8190,32x8190,32,torch.int64/torch.int64,9ceeb074d2d8c2d404eea89d1785e8efc75572d9516782d966df81b34e64fd71,sha256,passed,true,,,,
2,20260526-longer-mqar-official-core:batch_search:gdn-h2-ev16-s124-d123-b64-ga4-fp32-noearly4ep:1024x256:n32,20260526-longer-mqar-official-core:batch_search:gdn-h2-ev16-s124-d123-b64-ga4-fp32-noearly4ep:1024x256:n32,20260526-longer-mqar-official-core,longer_mqar_eval_only,longer_mqar_eval_only_vocab8192_official_core_20260526,batch_search,completed,2026-05-25T22:09:44.256211+00:00,gdn,gdn-h2-ev16-s124-d123-b64-ga4-fp32-noearly4ep,gdn_capacity_layout_followup_candidate,gdn-h2-ev16-usegate0-s124-d123,b64_ga4_fp32_official,b64_ga4_fp32_official,official_gdn_capacity_layout_followup_b64_ga4_fp32,64,16,4,256,b64_ga4,float32,float32,float32,float32,float32,float32,124,123,gdn-h2-ev16-usegate0,gdn-h2-ev16-usegate0-s124-d123,,,2,16,false,true,4,4,4,2,true,checkpoints/flash-vqg-20260520-gdn-capacity-layout-followup-gdn-h2-ev16-s124-2026-05-20-07-50-29/gdn-h2-ev16-s124-d123-b64-ga4-fp32-noearly4ep/train_config.json,/home/lyj/mnt/project/zoology/checkpoints/flash-vqg-20260520-gdn-capacity-layout-followup-gdn-h2-ev16-s124-2026-05-20-07-50-29/gdn-h2-ev16-s124-d123-b64-ga4-fp32-noearly4ep/train_config.json,ddbe63a77af3a3c1e10905e97ef0dc455b20cebf68260de0ba8ec8fd6c8c319f,sha256:a01e241fec714b08bbc82b38875e16a8a04c8c050e44074cfd728ea1942b1038,last.pt_epoch4_final,checkpoints/flash-vqg-20260520-gdn-capacity-layout-followup-gdn-h2-ev16-s124-2026-05-20-07-50-29/gdn-h2-ev16-s124-d123-b64-ga4-fp32-noearly4ep/last.pt,/home/lyj/mnt/project/zoology/checkpoints/flash-vqg-20260520-gdn-capacity-layout-followup-gdn-h2-ev16-s124-2026-05-20-07-50-29/gdn-h2-ev16-s124-d123-b64-ga4-fp32-noearly4ep/last.pt,true,a01e241fec714b08bbc82b38875e16a8a04c8c050e44074cfd728ea1942b1038,10743231,2026-05-20T08:12:32.601784+00:00,3,,0.2798021733760834,0.98009228515625,0.84472265625,1634694,131072,131072,mqar-vocab8192-pass1-seed123-rnq1-power0.01-1024x256-n32,multiquery_ar,8192,1024,256,1,32,32,true,123,true,0.01,,,completed,1024x256,1024,256,32,32;16;8;4;2;1,32,2062.86328125,,same_gpu_same_dtype_same_runner_only,true,0,0,NVIDIA GeForce RTX 2080 Ti,11264,7.5,GPU-57c29499-bcb3-27f6-4360-e60939528a9b,2.6.0+cu118,11.8,550.120,float32,float32,b64_ga4_fp32_official,NVIDIA_GeForce_RTX_2080_Ti-11264MiB-cc7.5-driver550.120-torch2.6.0+cu118-cuda11.8,1.8586924076080322,0.844482421875,1.8586924076080322,0.844482421875,29.336084365844727,00:00:29,2062.86328125,2062.86328125,3982.0,NVIDIA_GeForce_RTX_2080_Ti-11264MiB-cc7.5-driver550.120-torch2.6.0+cu118-cuda11.8,measured_current_host,0,0,NVIDIA GeForce RTX 2080 Ti,11264,7.5,GPU-57c29499-bcb3-27f6-4360-e60939528a9b,2.6.0+cu118,11.8,550.120,8eb730be36bbb0876ed83a332d364c65acb36b28,8eb730be36bbb0876ed83a332d364c65acb36b28,811e1ce5f140e97d93ad6f1adae07b95b4219143,docs/artifacts/longer-mqar/official-core-20260526,docs/artifacts/20260520-gdn-capacity-layout-followup/gdn-followup-final.csv,tmp/20260526-longer-mqar-official-core/logs/batch-search-candidate-gdn-h2-ev16-s124-d123-b64-ga4-fp32-noearly4ep-1024x256-n32-b32-gpu0.log,,,,123,68500f1bc9fdc7ff4edc301ab7303d253d578a27cbbbf7613c74e3e6a04cc9f3,"sha256(inputs,labels)",32x1024,32x1024,32,torch.int64/torch.int64,a01e241fec714b08bbc82b38875e16a8a04c8c050e44074cfd728ea1942b1038,sha256,passed,true,,,,
2,20260526-longer-mqar-official-core:batch_search:gdn-h2-ev16-s124-d123-b64-ga4-fp32-noearly4ep:2048x512:n32,20260526-longer-mqar-official-core:batch_search:gdn-h2-ev16-s124-d123-b64-ga4-fp32-noearly4ep:2048x512:n32,20260526-longer-mqar-official-core,longer_mqar_eval_only,longer_mqar_eval_only_vocab8192_official_core_20260526,batch_search,completed,2026-05-25T22:10:20.100434+00:00,gdn,gdn-h2-ev16-s124-d123-b64-ga4-fp32-noearly4ep,gdn_capacity_layout_followup_candidate,gdn-h2-ev16-usegate0-s124-d123,b64_ga4_fp32_official,b64_ga4_fp32_official,official_gdn_capacity_layout_followup_b64_ga4_fp32,64,16,4,256,b64_ga4,float32,float32,float32,float32,float32,float32,124,123,gdn-h2-ev16-usegate0,gdn-h2-ev16-usegate0-s124-d123,,,2,16,false,true,4,4,4,2,true,checkpoints/flash-vqg-20260520-gdn-capacity-layout-followup-gdn-h2-ev16-s124-2026-05-20-07-50-29/gdn-h2-ev16-s124-d123-b64-ga4-fp32-noearly4ep/train_config.json,/home/lyj/mnt/project/zoology/checkpoints/flash-vqg-20260520-gdn-capacity-layout-followup-gdn-h2-ev16-s124-2026-05-20-07-50-29/gdn-h2-ev16-s124-d123-b64-ga4-fp32-noearly4ep/train_config.json,ddbe63a77af3a3c1e10905e97ef0dc455b20cebf68260de0ba8ec8fd6c8c319f,sha256:a01e241fec714b08bbc82b38875e16a8a04c8c050e44074cfd728ea1942b1038,last.pt_epoch4_final,checkpoints/flash-vqg-20260520-gdn-capacity-layout-followup-gdn-h2-ev16-s124-2026-05-20-07-50-29/gdn-h2-ev16-s124-d123-b64-ga4-fp32-noearly4ep/last.pt,/home/lyj/mnt/project/zoology/checkpoints/flash-vqg-20260520-gdn-capacity-layout-followup-gdn-h2-ev16-s124-2026-05-20-07-50-29/gdn-h2-ev16-s124-d123-b64-ga4-fp32-noearly4ep/last.pt,true,a01e241fec714b08bbc82b38875e16a8a04c8c050e44074cfd728ea1942b1038,10743231,2026-05-20T08:12:32.601784+00:00,3,,0.2798021733760834,0.98009228515625,0.84472265625,1634694,131072,131072,mqar-vocab8192-pass1-seed123-rnq1-power0.01-2048x512-n32,multiquery_ar,8192,2048,512,1,32,32,true,123,true,0.01,,,completed,2048x512,2048,512,32,32;16;8;4;2;1,32,4111.36328125,,same_gpu_same_dtype_same_runner_only,true,0,0,NVIDIA GeForce RTX 2080 Ti,11264,7.5,GPU-57c29499-bcb3-27f6-4360-e60939528a9b,2.6.0+cu118,11.8,550.120,float32,float32,b64_ga4_fp32_official,NVIDIA_GeForce_RTX_2080_Ti-11264MiB-cc7.5-driver550.120-torch2.6.0+cu118-cuda11.8,4.447885513305664,0.38824462890625,4.447885513305664,0.38824462890625,34.94246530532837,00:00:34,4111.36328125,4111.36328125,7420.0,NVIDIA_GeForce_RTX_2080_Ti-11264MiB-cc7.5-driver550.120-torch2.6.0+cu118-cuda11.8,measured_current_host,0,0,NVIDIA GeForce RTX 2080 Ti,11264,7.5,GPU-57c29499-bcb3-27f6-4360-e60939528a9b,2.6.0+cu118,11.8,550.120,8eb730be36bbb0876ed83a332d364c65acb36b28,8eb730be36bbb0876ed83a332d364c65acb36b28,811e1ce5f140e97d93ad6f1adae07b95b4219143,docs/artifacts/longer-mqar/official-core-20260526,docs/artifacts/20260520-gdn-capacity-layout-followup/gdn-followup-final.csv,tmp/20260526-longer-mqar-official-core/logs/batch-search-candidate-gdn-h2-ev16-s124-d123-b64-ga4-fp32-noearly4ep-2048x512-n32-b32-gpu0.log,,,,123,34ea18c38dae38e2860b711425f27d090597975373a954d128324e3a04dcb012,"sha256(inputs,labels)",32x2048,32x2048,32,torch.int64/torch.int64,a01e241fec714b08bbc82b38875e16a8a04c8c050e44074cfd728ea1942b1038,sha256,passed,true,,,,
2,20260526-longer-mqar-official-core:batch_search:gdn-h2-ev8-s125-d123-b64-ga4-fp32-noearly4ep:8190x2047:n32,20260526-longer-mqar-official-core:batch_search:gdn-h2-ev8-s125-d123-b64-ga4-fp32-noearly4ep:8190x2047:n32,20260526-longer-mqar-official-core,longer_mqar_eval_only,longer_mqar_eval_only_vocab8192_official_core_20260526,batch_search,completed,2026-05-25T22:10:50.347028+00:00,gdn,gdn-h2-ev8-s125-d123-b64-ga4-fp32-noearly4ep,current_float32_capacity_up_official,gdn-h2-ev8-usegate0-s125-d123,b64_ga4_fp32_official,b64_ga4_fp32_official,capacity_up_official_b64_ga4_fp32,64,16,4,256,b64_ga4,float32,float32,float32,float32,float32,float32,125,123,gdn-h2-ev8-usegate0,gdn-h2-ev8-usegate0-s125-d123,,,2,8,false,true,4,4,4,2,true,checkpoints/flash-vqg-20260519-gd-r10-gdn-official-b64-fp32-gdn-h2-ev8-s125-2026-05-20-01-20-33/gdn-h2-ev8-s125-d123-b64-ga4-fp32-noearly4ep/train_config.json,/home/lyj/mnt/project/zoology/checkpoints/flash-vqg-20260519-gd-r10-gdn-official-b64-fp32-gdn-h2-ev8-s125-2026-05-20-01-20-33/gdn-h2-ev8-s125-d123-b64-ga4-fp32-noearly4ep/train_config.json,2be2a8ea68b07786c51b01ba927bd493d00662f29a6caf9972355ada8ae60d14,sha256:9ceeb074d2d8c2d404eea89d1785e8efc75572d9516782d966df81b34e64fd71,last.pt_epoch4_final,checkpoints/flash-vqg-20260519-gd-r10-gdn-official-b64-fp32-gdn-h2-ev8-s125-2026-05-20-01-20-33/gdn-h2-ev8-s125-d123-b64-ga4-fp32-noearly4ep/last.pt,/home/lyj/mnt/project/zoology/checkpoints/flash-vqg-20260519-gd-r10-gdn-official-b64-fp32-gdn-h2-ev8-s125-2026-05-20-01-20-33/gdn-h2-ev8-s125-d123-b64-ga4-fp32-noearly4ep/last.pt,true,9ceeb074d2d8c2d404eea89d1785e8efc75572d9516782d966df81b34e64fd71,9676223,2026-05-20T01:31:00.352360+00:00,3,,0.2838285267353058,0.9805283203125,0.8473984375,1367942,65536,65536,mqar-vocab8192-pass1-seed123-rnq1-power0.01-8190x2047-n32,multiquery_ar,8192,8190,2047,1,32,16,true,123,true,0.01,,,completed,8190x2047,8190,2047,32,32;16;8;4;2;1,16,8208.3466796875,"b32:oom:oom:torch.OutOfMemoryError: CUDA out of memory. Tried to allocate 8.00 GiB. GPU 0 has a total capacity of 10.75 GiB of which 1.92 GiB is free. Process 1227207 has 8.82 GiB memory in use. Of the allocated memory 8.01 GiB is allocated by PyTorch, and 4.66 MiB is reserved by PyTorch but unallocated. If reserved but unallocated memory is large try setting PYTORCH_CUDA_ALLOC_CONF=expandable_segments:True to avoid fragmentation.  See documentation for Memory Management  (https://pytorch.org/docs/stable/notes/cuda.html#environment-variables)",same_gpu_same_dtype_same_runner_only,true,1,1,NVIDIA GeForce RTX 2080 Ti,11264,7.5,GPU-0def3eeb-c2d0-4f49-ec2a-ebc1d8453b98,2.6.0+cu118,11.8,550.120,float32,float32,b64_ga4_fp32_official,NVIDIA_GeForce_RTX_2080_Ti-11264MiB-cc7.5-driver550.120-torch2.6.0+cu118-cuda11.8,9.136147499084473,0.0067171470444553,9.136147499084473,0.0067171470444553,31.034167766571045,00:00:31,8208.3466796875,8208.3466796875,8222.0,NVIDIA_GeForce_RTX_2080_Ti-11264MiB-cc7.5-driver550.120-torch2.6.0+cu118-cuda11.8,measured_current_host,1,1,NVIDIA GeForce RTX 2080 Ti,11264,7.5,GPU-0def3eeb-c2d0-4f49-ec2a-ebc1d8453b98,2.6.0+cu118,11.8,550.120,8eb730be36bbb0876ed83a332d364c65acb36b28,8eb730be36bbb0876ed83a332d364c65acb36b28,811e1ce5f140e97d93ad6f1adae07b95b4219143,docs/artifacts/longer-mqar/official-core-20260526,docs/artifacts/20260519-gd-r10-gdn-official-b64-fp32/gdn-official-final.csv,tmp/20260526-longer-mqar-official-core/logs/batch-search-candidate-gdn-h2-ev8-s125-d123-b64-ga4-fp32-noearly4ep-8190x2047-n32-b16-gpu1.log,,,,123,70999303f8fadb4cbae8f973c8267ef97a6209a3b8e05f5385a1f26fa38408f5,"sha256(inputs,labels)",32x8190,32x8190,32,torch.int64/torch.int64,9ceeb074d2d8c2d404eea89d1785e8efc75572d9516782d966df81b34e64fd71,sha256,passed,true,,,,
2,20260526-longer-mqar-official-core:batch_search:gdn-h2-ev16-s124-d123-b64-ga4-fp32-noearly4ep:4096x1024:n32,20260526-longer-mqar-official-core:batch_search:gdn-h2-ev16-s124-d123-b64-ga4-fp32-noearly4ep:4096x1024:n32,20260526-longer-mqar-official-core,longer_mqar_eval_only,longer_mqar_eval_only_vocab8192_official_core_20260526,batch_search,completed,2026-05-25T22:11:10.069702+00:00,gdn,gdn-h2-ev16-s124-d123-b64-ga4-fp32-noearly4ep,gdn_capacity_layout_followup_candidate,gdn-h2-ev16-usegate0-s124-d123,b64_ga4_fp32_official,b64_ga4_fp32_official,official_gdn_capacity_layout_followup_b64_ga4_fp32,64,16,4,256,b64_ga4,float32,float32,float32,float32,float32,float32,124,123,gdn-h2-ev16-usegate0,gdn-h2-ev16-usegate0-s124-d123,,,2,16,false,true,4,4,4,2,true,checkpoints/flash-vqg-20260520-gdn-capacity-layout-followup-gdn-h2-ev16-s124-2026-05-20-07-50-29/gdn-h2-ev16-s124-d123-b64-ga4-fp32-noearly4ep/train_config.json,/home/lyj/mnt/project/zoology/checkpoints/flash-vqg-20260520-gdn-capacity-layout-followup-gdn-h2-ev16-s124-2026-05-20-07-50-29/gdn-h2-ev16-s124-d123-b64-ga4-fp32-noearly4ep/train_config.json,ddbe63a77af3a3c1e10905e97ef0dc455b20cebf68260de0ba8ec8fd6c8c319f,sha256:a01e241fec714b08bbc82b38875e16a8a04c8c050e44074cfd728ea1942b1038,last.pt_epoch4_final,checkpoints/flash-vqg-20260520-gdn-capacity-layout-followup-gdn-h2-ev16-s124-2026-05-20-07-50-29/gdn-h2-ev16-s124-d123-b64-ga4-fp32-noearly4ep/last.pt,/home/lyj/mnt/project/zoology/checkpoints/flash-vqg-20260520-gdn-capacity-layout-followup-gdn-h2-ev16-s124-2026-05-20-07-50-29/gdn-h2-ev16-s124-d123-b64-ga4-fp32-noearly4ep/last.pt,true,a01e241fec714b08bbc82b38875e16a8a04c8c050e44074cfd728ea1942b1038,10743231,2026-05-20T08:12:32.601784+00:00,3,,0.2798021733760834,0.98009228515625,0.84472265625,1634694,131072,131072,mqar-vocab8192-pass1-seed123-rnq1-power0.01-4096x1024-n32,multiquery_ar,8192,4096,1024,1,32,32,true,123,true,0.01,,,completed,4096x1024,4096,1024,32,32;16;8;4;2;1,32,8208.36328125,,same_gpu_same_dtype_same_runner_only,true,0,0,NVIDIA GeForce RTX 2080 Ti,11264,7.5,GPU-57c29499-bcb3-27f6-4360-e60939528a9b,2.6.0+cu118,11.8,550.120,float32,float32,b64_ga4_fp32_official,NVIDIA_GeForce_RTX_2080_Ti-11264MiB-cc7.5-driver550.120-torch2.6.0+cu118-cuda11.8,7.02741003036499,0.12286376953125,7.02741003036499,0.12286376953125,49.114096879959106,00:00:49,8208.36328125,8208.36328125,8282.0,NVIDIA_GeForce_RTX_2080_Ti-11264MiB-cc7.5-driver550.120-torch2.6.0+cu118-cuda11.8,measured_current_host,0,0,NVIDIA GeForce RTX 2080 Ti,11264,7.5,GPU-57c29499-bcb3-27f6-4360-e60939528a9b,2.6.0+cu118,11.8,550.120,8eb730be36bbb0876ed83a332d364c65acb36b28,8eb730be36bbb0876ed83a332d364c65acb36b28,811e1ce5f140e97d93ad6f1adae07b95b4219143,docs/artifacts/longer-mqar/official-core-20260526,docs/artifacts/20260520-gdn-capacity-layout-followup/gdn-followup-final.csv,tmp/20260526-longer-mqar-official-core/logs/batch-search-candidate-gdn-h2-ev16-s124-d123-b64-ga4-fp32-noearly4ep-4096x1024-n32-b32-gpu0.log,,,,123,55274181d24158d3fe53491784d87fabe3a981427663df2ac8ed40876e72a1b8,"sha256(inputs,labels)",32x4096,32x4096,32,torch.int64/torch.int64,a01e241fec714b08bbc82b38875e16a8a04c8c050e44074cfd728ea1942b1038,sha256,passed,true,,,,
2,20260526-longer-mqar-official-core:formal:gdn-h2-ev8-s125-d123-b64-ga4-fp32-noearly4ep:1024x256:n500,20260526-longer-mqar-official-core:formal:gdn-h2-ev8-s125-d123-b64-ga4-fp32-noearly4ep:1024x256:n500,20260526-longer-mqar-official-core,longer_mqar_eval_only,longer_mqar_eval_only_vocab8192_official_core_20260526,formal,completed,2026-05-25T22:11:23.055287+00:00,gdn,gdn-h2-ev8-s125-d123-b64-ga4-fp32-noearly4ep,current_float32_capacity_up_official,gdn-h2-ev8-usegate0-s125-d123,b64_ga4_fp32_official,b64_ga4_fp32_official,capacity_up_official_b64_ga4_fp32,64,16,4,256,b64_ga4,float32,float32,float32,float32,float32,float32,125,123,gdn-h2-ev8-usegate0,gdn-h2-ev8-usegate0-s125-d123,,,2,8,false,true,4,4,4,2,true,checkpoints/flash-vqg-20260519-gd-r10-gdn-official-b64-fp32-gdn-h2-ev8-s125-2026-05-20-01-20-33/gdn-h2-ev8-s125-d123-b64-ga4-fp32-noearly4ep/train_config.json,/home/lyj/mnt/project/zoology/checkpoints/flash-vqg-20260519-gd-r10-gdn-official-b64-fp32-gdn-h2-ev8-s125-2026-05-20-01-20-33/gdn-h2-ev8-s125-d123-b64-ga4-fp32-noearly4ep/train_config.json,2be2a8ea68b07786c51b01ba927bd493d00662f29a6caf9972355ada8ae60d14,sha256:9ceeb074d2d8c2d404eea89d1785e8efc75572d9516782d966df81b34e64fd71,last.pt_epoch4_final,checkpoints/flash-vqg-20260519-gd-r10-gdn-official-b64-fp32-gdn-h2-ev8-s125-2026-05-20-01-20-33/gdn-h2-ev8-s125-d123-b64-ga4-fp32-noearly4ep/last.pt,/home/lyj/mnt/project/zoology/checkpoints/flash-vqg-20260519-gd-r10-gdn-official-b64-fp32-gdn-h2-ev8-s125-2026-05-20-01-20-33/gdn-h2-ev8-s125-d123-b64-ga4-fp32-noearly4ep/last.pt,true,9ceeb074d2d8c2d404eea89d1785e8efc75572d9516782d966df81b34e64fd71,9676223,2026-05-20T01:31:00.352360+00:00,3,,0.2838285267353058,0.9805283203125,0.8473984375,1367942,65536,65536,mqar-vocab8192-pass1-seed123-rnq1-power0.01-1024x256-n500,multiquery_ar,8192,1024,256,1,500,32,true,123,true,0.01,,,completed,1024x256,1024,256,32,32;16;8;4;2;1,32,2061.845703125,,same_gpu_same_dtype_same_runner_only,true,1,1,NVIDIA GeForce RTX 2080 Ti,11264,7.5,GPU-0def3eeb-c2d0-4f49-ec2a-ebc1d8453b98,2.6.0+cu118,11.8,550.120,float32,float32,b64_ga4_fp32_official,NVIDIA_GeForce_RTX_2080_Ti-11264MiB-cc7.5-driver550.120-torch2.6.0+cu118-cuda11.8,1.8820720911026,0.8478359375,1.8820720911026,0.8478359375,31.777915954589844,00:00:31,2062.0966796875,2062.0966796875,3342.0,NVIDIA_GeForce_RTX_2080_Ti-11264MiB-cc7.5-driver550.120-torch2.6.0+cu118-cuda11.8,measured_current_host,1,1,NVIDIA GeForce RTX 2080 Ti,11264,7.5,GPU-0def3eeb-c2d0-4f49-ec2a-ebc1d8453b98,2.6.0+cu118,11.8,550.120,8eb730be36bbb0876ed83a332d364c65acb36b28,8eb730be36bbb0876ed83a332d364c65acb36b28,811e1ce5f140e97d93ad6f1adae07b95b4219143,docs/artifacts/longer-mqar/official-core-20260526,docs/artifacts/20260519-gd-r10-gdn-official-b64-fp32/gdn-official-final.csv,tmp/20260526-longer-mqar-official-core/logs/formal-gdn-h2-ev8-s125-d123-b64-ga4-fp32-noearly4ep-1024x256-n500-b32-gpu1.log,,,,123,f30f1e09e1300deb2e0f430d7c50c47a77f58f43657aa4d6f425f938a91a9acb,"sha256(inputs,labels)",500x1024,500x1024,500,torch.int64/torch.int64,9ceeb074d2d8c2d404eea89d1785e8efc75572d9516782d966df81b34e64fd71,sha256,passed,true,,,,
2,20260526-longer-mqar-official-core:formal:gdn-h2-ev8-s125-d123-b64-ga4-fp32-noearly4ep:2048x512:n500,20260526-longer-mqar-official-core:formal:gdn-h2-ev8-s125-d123-b64-ga4-fp32-noearly4ep:2048x512:n500,20260526-longer-mqar-official-core,longer_mqar_eval_only,longer_mqar_eval_only_vocab8192_official_core_20260526,formal,completed,2026-05-25T22:11:58.973078+00:00,gdn,gdn-h2-ev8-s125-d123-b64-ga4-fp32-noearly4ep,current_float32_capacity_up_official,gdn-h2-ev8-usegate0-s125-d123,b64_ga4_fp32_official,b64_ga4_fp32_official,capacity_up_official_b64_ga4_fp32,64,16,4,256,b64_ga4,float32,float32,float32,float32,float32,float32,125,123,gdn-h2-ev8-usegate0,gdn-h2-ev8-usegate0-s125-d123,,,2,8,false,true,4,4,4,2,true,checkpoints/flash-vqg-20260519-gd-r10-gdn-official-b64-fp32-gdn-h2-ev8-s125-2026-05-20-01-20-33/gdn-h2-ev8-s125-d123-b64-ga4-fp32-noearly4ep/train_config.json,/home/lyj/mnt/project/zoology/checkpoints/flash-vqg-20260519-gd-r10-gdn-official-b64-fp32-gdn-h2-ev8-s125-2026-05-20-01-20-33/gdn-h2-ev8-s125-d123-b64-ga4-fp32-noearly4ep/train_config.json,2be2a8ea68b07786c51b01ba927bd493d00662f29a6caf9972355ada8ae60d14,sha256:9ceeb074d2d8c2d404eea89d1785e8efc75572d9516782d966df81b34e64fd71,last.pt_epoch4_final,checkpoints/flash-vqg-20260519-gd-r10-gdn-official-b64-fp32-gdn-h2-ev8-s125-2026-05-20-01-20-33/gdn-h2-ev8-s125-d123-b64-ga4-fp32-noearly4ep/last.pt,/home/lyj/mnt/project/zoology/checkpoints/flash-vqg-20260519-gd-r10-gdn-official-b64-fp32-gdn-h2-ev8-s125-2026-05-20-01-20-33/gdn-h2-ev8-s125-d123-b64-ga4-fp32-noearly4ep/last.pt,true,9ceeb074d2d8c2d404eea89d1785e8efc75572d9516782d966df81b34e64fd71,9676223,2026-05-20T01:31:00.352360+00:00,3,,0.2838285267353058,0.9805283203125,0.8473984375,1367942,65536,65536,mqar-vocab8192-pass1-seed123-rnq1-power0.01-2048x512-n500,multiquery_ar,8192,2048,512,1,500,32,true,123,true,0.01,,,completed,2048x512,2048,512,32,32;16;8;4;2;1,32,4110.345703125,,same_gpu_same_dtype_same_runner_only,true,1,1,NVIDIA GeForce RTX 2080 Ti,11264,7.5,GPU-0def3eeb-c2d0-4f49-ec2a-ebc1d8453b98,2.6.0+cu118,11.8,550.120,float32,float32,b64_ga4_fp32_official,NVIDIA_GeForce_RTX_2080_Ti-11264MiB-cc7.5-driver550.120-torch2.6.0+cu118-cuda11.8,4.660942077636719,0.35875,4.660942077636719,0.35875,35.00291967391968,00:00:35,4110.8466796875,4110.8466796875,6140.0,NVIDIA_GeForce_RTX_2080_Ti-11264MiB-cc7.5-driver550.120-torch2.6.0+cu118-cuda11.8,measured_current_host,1,1,NVIDIA GeForce RTX 2080 Ti,11264,7.5,GPU-0def3eeb-c2d0-4f49-ec2a-ebc1d8453b98,2.6.0+cu118,11.8,550.120,8eb730be36bbb0876ed83a332d364c65acb36b28,8eb730be36bbb0876ed83a332d364c65acb36b28,811e1ce5f140e97d93ad6f1adae07b95b4219143,docs/artifacts/longer-mqar/official-core-20260526,docs/artifacts/20260519-gd-r10-gdn-official-b64-fp32/gdn-official-final.csv,tmp/20260526-longer-mqar-official-core/logs/formal-gdn-h2-ev8-s125-d123-b64-ga4-fp32-noearly4ep-2048x512-n500-b32-gpu1.log,,,,123,e446efc9f4dc774377c56c403a468c747870beb18ff0320f15df794dcb69f015,"sha256(inputs,labels)",500x2048,500x2048,500,torch.int64/torch.int64,9ceeb074d2d8c2d404eea89d1785e8efc75572d9516782d966df81b34e64fd71,sha256,passed,true,,,,
2,20260526-longer-mqar-official-core:batch_search:gdn-h2-ev16-s124-d123-b64-ga4-fp32-noearly4ep:8190x512:n32,20260526-longer-mqar-official-core:batch_search:gdn-h2-ev16-s124-d123-b64-ga4-fp32-noearly4ep:8190x512:n32,20260526-longer-mqar-official-core,longer_mqar_eval_only,longer_mqar_eval_only_vocab8192_official_core_20260526,batch_search,completed,2026-05-25T22:12:37.785051+00:00,gdn,gdn-h2-ev16-s124-d123-b64-ga4-fp32-noearly4ep,gdn_capacity_layout_followup_candidate,gdn-h2-ev16-usegate0-s124-d123,b64_ga4_fp32_official,b64_ga4_fp32_official,official_gdn_capacity_layout_followup_b64_ga4_fp32,64,16,4,256,b64_ga4,float32,float32,float32,float32,float32,float32,124,123,gdn-h2-ev16-usegate0,gdn-h2-ev16-usegate0-s124-d123,,,2,16,false,true,4,4,4,2,true,checkpoints/flash-vqg-20260520-gdn-capacity-layout-followup-gdn-h2-ev16-s124-2026-05-20-07-50-29/gdn-h2-ev16-s124-d123-b64-ga4-fp32-noearly4ep/train_config.json,/home/lyj/mnt/project/zoology/checkpoints/flash-vqg-20260520-gdn-capacity-layout-followup-gdn-h2-ev16-s124-2026-05-20-07-50-29/gdn-h2-ev16-s124-d123-b64-ga4-fp32-noearly4ep/train_config.json,ddbe63a77af3a3c1e10905e97ef0dc455b20cebf68260de0ba8ec8fd6c8c319f,sha256:a01e241fec714b08bbc82b38875e16a8a04c8c050e44074cfd728ea1942b1038,last.pt_epoch4_final,checkpoints/flash-vqg-20260520-gdn-capacity-layout-followup-gdn-h2-ev16-s124-2026-05-20-07-50-29/gdn-h2-ev16-s124-d123-b64-ga4-fp32-noearly4ep/last.pt,/home/lyj/mnt/project/zoology/checkpoints/flash-vqg-20260520-gdn-capacity-layout-followup-gdn-h2-ev16-s124-2026-05-20-07-50-29/gdn-h2-ev16-s124-d123-b64-ga4-fp32-noearly4ep/last.pt,true,a01e241fec714b08bbc82b38875e16a8a04c8c050e44074cfd728ea1942b1038,10743231,2026-05-20T08:12:32.601784+00:00,3,,0.2798021733760834,0.98009228515625,0.84472265625,1634694,131072,131072,mqar-vocab8192-pass1-seed123-rnq1-power0.01-8190x512-n32,multiquery_ar,8192,8190,512,1,32,16,true,123,true,0.01,,,completed,8190x512,8190,512,32,32;16;8;4;2;1,16,8209.3642578125,"b32:oom:oom:torch.OutOfMemoryError: CUDA out of memory. Tried to allocate 2.00 GiB. GPU 0 has a total capacity of 10.74 GiB of which 539.38 MiB is free. Process 1227672 has 10.20 GiB memory in use. Of the allocated memory 7.40 GiB is allocated by PyTorch, and 2.00 GiB is reserved by PyTorch but unallocated. If reserved but unallocated memory is large try setting PYTORCH_CUDA_ALLOC_CONF=expandable_segments:True to avoid fragmentation.  See documentation for Memory Management  (https://pytorch.org/docs/stable/notes/cuda.html#environment-variables)",same_gpu_same_dtype_same_runner_only,true,0,0,NVIDIA GeForce RTX 2080 Ti,11264,7.5,GPU-57c29499-bcb3-27f6-4360-e60939528a9b,2.6.0+cu118,11.8,550.120,float32,float32,b64_ga4_fp32_official,NVIDIA_GeForce_RTX_2080_Ti-11264MiB-cc7.5-driver550.120-torch2.6.0+cu118-cuda11.8,5.359296798706055,0.26275634765625,5.359296798706055,0.26275634765625,49.583945989608765,00:00:49,8209.3642578125,8209.3642578125,8288.0,NVIDIA_GeForce_RTX_2080_Ti-11264MiB-cc7.5-driver550.120-torch2.6.0+cu118-cuda11.8,measured_current_host,0,0,NVIDIA GeForce RTX 2080 Ti,11264,7.5,GPU-57c29499-bcb3-27f6-4360-e60939528a9b,2.6.0+cu118,11.8,550.120,8eb730be36bbb0876ed83a332d364c65acb36b28,8eb730be36bbb0876ed83a332d364c65acb36b28,811e1ce5f140e97d93ad6f1adae07b95b4219143,docs/artifacts/longer-mqar/official-core-20260526,docs/artifacts/20260520-gdn-capacity-layout-followup/gdn-followup-final.csv,tmp/20260526-longer-mqar-official-core/logs/batch-search-candidate-gdn-h2-ev16-s124-d123-b64-ga4-fp32-noearly4ep-8190x512-n32-b16-gpu0.log,,,,123,23d7ffc7467f8e355ec7cb4c739cf5494449c559427d204883d63d7dca4f4351,"sha256(inputs,labels)",32x8190,32x8190,32,torch.int64/torch.int64,a01e241fec714b08bbc82b38875e16a8a04c8c050e44074cfd728ea1942b1038,sha256,passed,true,,,,
2,20260526-longer-mqar-official-core:formal:gdn-h2-ev8-s125-d123-b64-ga4-fp32-noearly4ep:4096x1024:n500,20260526-longer-mqar-official-core:formal:gdn-h2-ev8-s125-d123-b64-ga4-fp32-noearly4ep:4096x1024:n500,20260526-longer-mqar-official-core,longer_mqar_eval_only,longer_mqar_eval_only_vocab8192_official_core_20260526,formal,completed,2026-05-25T22:12:41.360369+00:00,gdn,gdn-h2-ev8-s125-d123-b64-ga4-fp32-noearly4ep,current_float32_capacity_up_official,gdn-h2-ev8-usegate0-s125-d123,b64_ga4_fp32_official,b64_ga4_fp32_official,capacity_up_official_b64_ga4_fp32,64,16,4,256,b64_ga4,float32,float32,float32,float32,float32,float32,125,123,gdn-h2-ev8-usegate0,gdn-h2-ev8-usegate0-s125-d123,,,2,8,false,true,4,4,4,2,true,checkpoints/flash-vqg-20260519-gd-r10-gdn-official-b64-fp32-gdn-h2-ev8-s125-2026-05-20-01-20-33/gdn-h2-ev8-s125-d123-b64-ga4-fp32-noearly4ep/train_config.json,/home/lyj/mnt/project/zoology/checkpoints/flash-vqg-20260519-gd-r10-gdn-official-b64-fp32-gdn-h2-ev8-s125-2026-05-20-01-20-33/gdn-h2-ev8-s125-d123-b64-ga4-fp32-noearly4ep/train_config.json,2be2a8ea68b07786c51b01ba927bd493d00662f29a6caf9972355ada8ae60d14,sha256:9ceeb074d2d8c2d404eea89d1785e8efc75572d9516782d966df81b34e64fd71,last.pt_epoch4_final,checkpoints/flash-vqg-20260519-gd-r10-gdn-official-b64-fp32-gdn-h2-ev8-s125-2026-05-20-01-20-33/gdn-h2-ev8-s125-d123-b64-ga4-fp32-noearly4ep/last.pt,/home/lyj/mnt/project/zoology/checkpoints/flash-vqg-20260519-gd-r10-gdn-official-b64-fp32-gdn-h2-ev8-s125-2026-05-20-01-20-33/gdn-h2-ev8-s125-d123-b64-ga4-fp32-noearly4ep/last.pt,true,9ceeb074d2d8c2d404eea89d1785e8efc75572d9516782d966df81b34e64fd71,9676223,2026-05-20T01:31:00.352360+00:00,3,,0.2838285267353058,0.9805283203125,0.8473984375,1367942,65536,65536,mqar-vocab8192-pass1-seed123-rnq1-power0.01-4096x1024-n500,multiquery_ar,8192,4096,1024,1,500,32,true,123,true,0.01,,,completed,4096x1024,4096,1024,32,32;16;8;4;2;1,32,8207.345703125,,same_gpu_same_dtype_same_runner_only,true,1,1,NVIDIA GeForce RTX 2080 Ti,11264,7.5,GPU-0def3eeb-c2d0-4f49-ec2a-ebc1d8453b98,2.6.0+cu118,11.8,550.120,float32,float32,b64_ga4_fp32_official,NVIDIA_GeForce_RTX_2080_Ti-11264MiB-cc7.5-driver550.120-torch2.6.0+cu118-cuda11.8,7.405506610870361,0.080427734375,7.405506610870361,0.080427734375,41.482452154159546,00:00:41,8208.3466796875,8208.3466796875,8222.0,NVIDIA_GeForce_RTX_2080_Ti-11264MiB-cc7.5-driver550.120-torch2.6.0+cu118-cuda11.8,measured_current_host,1,1,NVIDIA GeForce RTX 2080 Ti,11264,7.5,GPU-0def3eeb-c2d0-4f49-ec2a-ebc1d8453b98,2.6.0+cu118,11.8,550.120,8eb730be36bbb0876ed83a332d364c65acb36b28,8eb730be36bbb0876ed83a332d364c65acb36b28,811e1ce5f140e97d93ad6f1adae07b95b4219143,docs/artifacts/longer-mqar/official-core-20260526,docs/artifacts/20260519-gd-r10-gdn-official-b64-fp32/gdn-official-final.csv,tmp/20260526-longer-mqar-official-core/logs/formal-gdn-h2-ev8-s125-d123-b64-ga4-fp32-noearly4ep-4096x1024-n500-b32-gpu1.log,,,,123,0981292ce8ebea1402a4c3a7a6655dfc1de42688c329bd5ea921541a0f1d16ed,"sha256(inputs,labels)",500x4096,500x4096,500,torch.int64/torch.int64,9ceeb074d2d8c2d404eea89d1785e8efc75572d9516782d966df81b34e64fd71,sha256,passed,true,,,,
2,20260526-longer-mqar-official-core:formal:gdn-h2-ev8-s125-d123-b64-ga4-fp32-noearly4ep:8190x512:n500,20260526-longer-mqar-official-core:formal:gdn-h2-ev8-s125-d123-b64-ga4-fp32-noearly4ep:8190x512:n500,20260526-longer-mqar-official-core,longer_mqar_eval_only,longer_mqar_eval_only_vocab8192_official_core_20260526,formal,completed,2026-05-25T22:13:25.243598+00:00,gdn,gdn-h2-ev8-s125-d123-b64-ga4-fp32-noearly4ep,current_float32_capacity_up_official,gdn-h2-ev8-usegate0-s125-d123,b64_ga4_fp32_official,b64_ga4_fp32_official,capacity_up_official_b64_ga4_fp32,64,16,4,256,b64_ga4,float32,float32,float32,float32,float32,float32,125,123,gdn-h2-ev8-usegate0,gdn-h2-ev8-usegate0-s125-d123,,,2,8,false,true,4,4,4,2,true,checkpoints/flash-vqg-20260519-gd-r10-gdn-official-b64-fp32-gdn-h2-ev8-s125-2026-05-20-01-20-33/gdn-h2-ev8-s125-d123-b64-ga4-fp32-noearly4ep/train_config.json,/home/lyj/mnt/project/zoology/checkpoints/flash-vqg-20260519-gd-r10-gdn-official-b64-fp32-gdn-h2-ev8-s125-2026-05-20-01-20-33/gdn-h2-ev8-s125-d123-b64-ga4-fp32-noearly4ep/train_config.json,2be2a8ea68b07786c51b01ba927bd493d00662f29a6caf9972355ada8ae60d14,sha256:9ceeb074d2d8c2d404eea89d1785e8efc75572d9516782d966df81b34e64fd71,last.pt_epoch4_final,checkpoints/flash-vqg-20260519-gd-r10-gdn-official-b64-fp32-gdn-h2-ev8-s125-2026-05-20-01-20-33/gdn-h2-ev8-s125-d123-b64-ga4-fp32-noearly4ep/last.pt,/home/lyj/mnt/project/zoology/checkpoints/flash-vqg-20260519-gd-r10-gdn-official-b64-fp32-gdn-h2-ev8-s125-2026-05-20-01-20-33/gdn-h2-ev8-s125-d123-b64-ga4-fp32-noearly4ep/last.pt,true,9ceeb074d2d8c2d404eea89d1785e8efc75572d9516782d966df81b34e64fd71,9676223,2026-05-20T01:31:00.352360+00:00,3,,0.2838285267353058,0.9805283203125,0.8473984375,1367942,65536,65536,mqar-vocab8192-pass1-seed123-rnq1-power0.01-8190x512-n500,multiquery_ar,8192,8190,512,1,500,16,true,123,true,0.01,,,completed,8190x2047,8190,2047,32,32;16;8;4;2;1,16,8208.3466796875,"b32:oom:oom:torch.OutOfMemoryError: CUDA out of memory. Tried to allocate 8.00 GiB. GPU 0 has a total capacity of 10.75 GiB of which 1.92 GiB is free. Process 1227207 has 8.82 GiB memory in use. Of the allocated memory 8.01 GiB is allocated by PyTorch, and 4.66 MiB is reserved by PyTorch but unallocated. If reserved but unallocated memory is large try setting PYTORCH_CUDA_ALLOC_CONF=expandable_segments:True to avoid fragmentation.  See documentation for Memory Management  (https://pytorch.org/docs/stable/notes/cuda.html#environment-variables)",same_gpu_same_dtype_same_runner_only,true,1,1,NVIDIA GeForce RTX 2080 Ti,11264,7.5,GPU-0def3eeb-c2d0-4f49-ec2a-ebc1d8453b98,2.6.0+cu118,11.8,550.120,float32,float32,b64_ga4_fp32_official,NVIDIA_GeForce_RTX_2080_Ti-11264MiB-cc7.5-driver550.120-torch2.6.0+cu118-cuda11.8,5.6424031257629395,0.24406640625,5.6424031257629395,0.24406640625,43.02100992202759,00:00:43,8208.3466796875,8208.3466796875,8222.0,NVIDIA_GeForce_RTX_2080_Ti-11264MiB-cc7.5-driver550.120-torch2.6.0+cu118-cuda11.8,measured_current_host,1,1,NVIDIA GeForce RTX 2080 Ti,11264,7.5,GPU-0def3eeb-c2d0-4f49-ec2a-ebc1d8453b98,2.6.0+cu118,11.8,550.120,8eb730be36bbb0876ed83a332d364c65acb36b28,8eb730be36bbb0876ed83a332d364c65acb36b28,811e1ce5f140e97d93ad6f1adae07b95b4219143,docs/artifacts/longer-mqar/official-core-20260526,docs/artifacts/20260519-gd-r10-gdn-official-b64-fp32/gdn-official-final.csv,tmp/20260526-longer-mqar-official-core/logs/formal-gdn-h2-ev8-s125-d123-b64-ga4-fp32-noearly4ep-8190x512-n500-b16-gpu1.log,,,,123,37a8533a985fabd3db03daf9dfd3a8e0936513ab724039c63b9a22bf352d002d,"sha256(inputs,labels)",500x8190,500x8190,500,torch.int64/torch.int64,9ceeb074d2d8c2d404eea89d1785e8efc75572d9516782d966df81b34e64fd71,sha256,passed,true,,,,
2,20260526-longer-mqar-official-core:batch_search:gdn-h2-ev16-s124-d123-b64-ga4-fp32-noearly4ep:8190x2047:n32,20260526-longer-mqar-official-core:batch_search:gdn-h2-ev16-s124-d123-b64-ga4-fp32-noearly4ep:8190x2047:n32,20260526-longer-mqar-official-core,longer_mqar_eval_only,longer_mqar_eval_only_vocab8192_official_core_20260526,batch_search,completed,2026-05-25T22:13:59.519034+00:00,gdn,gdn-h2-ev16-s124-d123-b64-ga4-fp32-noearly4ep,gdn_capacity_layout_followup_candidate,gdn-h2-ev16-usegate0-s124-d123,b64_ga4_fp32_official,b64_ga4_fp32_official,official_gdn_capacity_layout_followup_b64_ga4_fp32,64,16,4,256,b64_ga4,float32,float32,float32,float32,float32,float32,124,123,gdn-h2-ev16-usegate0,gdn-h2-ev16-usegate0-s124-d123,,,2,16,false,true,4,4,4,2,true,checkpoints/flash-vqg-20260520-gdn-capacity-layout-followup-gdn-h2-ev16-s124-2026-05-20-07-50-29/gdn-h2-ev16-s124-d123-b64-ga4-fp32-noearly4ep/train_config.json,/home/lyj/mnt/project/zoology/checkpoints/flash-vqg-20260520-gdn-capacity-layout-followup-gdn-h2-ev16-s124-2026-05-20-07-50-29/gdn-h2-ev16-s124-d123-b64-ga4-fp32-noearly4ep/train_config.json,ddbe63a77af3a3c1e10905e97ef0dc455b20cebf68260de0ba8ec8fd6c8c319f,sha256:a01e241fec714b08bbc82b38875e16a8a04c8c050e44074cfd728ea1942b1038,last.pt_epoch4_final,checkpoints/flash-vqg-20260520-gdn-capacity-layout-followup-gdn-h2-ev16-s124-2026-05-20-07-50-29/gdn-h2-ev16-s124-d123-b64-ga4-fp32-noearly4ep/last.pt,/home/lyj/mnt/project/zoology/checkpoints/flash-vqg-20260520-gdn-capacity-layout-followup-gdn-h2-ev16-s124-2026-05-20-07-50-29/gdn-h2-ev16-s124-d123-b64-ga4-fp32-noearly4ep/last.pt,true,a01e241fec714b08bbc82b38875e16a8a04c8c050e44074cfd728ea1942b1038,10743231,2026-05-20T08:12:32.601784+00:00,3,,0.2798021733760834,0.98009228515625,0.84472265625,1634694,131072,131072,mqar-vocab8192-pass1-seed123-rnq1-power0.01-8190x2047-n32,multiquery_ar,8192,8190,2047,1,32,16,true,123,true,0.01,,,completed,8190x2047,8190,2047,32,32;16;8;4;2;1,16,8209.3642578125,"b32:oom:oom:torch.OutOfMemoryError: CUDA out of memory. Tried to allocate 2.00 GiB. GPU 0 has a total capacity of 10.74 GiB of which 539.38 MiB is free. Process 1228053 has 10.20 GiB memory in use. Of the allocated memory 7.40 GiB is allocated by PyTorch, and 2.00 GiB is reserved by PyTorch but unallocated. If reserved but unallocated memory is large try setting PYTORCH_CUDA_ALLOC_CONF=expandable_segments:True to avoid fragmentation.  See documentation for Memory Management  (https://pytorch.org/docs/stable/notes/cuda.html#environment-variables)",same_gpu_same_dtype_same_runner_only,true,0,0,NVIDIA GeForce RTX 2080 Ti,11264,7.5,GPU-57c29499-bcb3-27f6-4360-e60939528a9b,2.6.0+cu118,11.8,550.120,float32,float32,b64_ga4_fp32_official,NVIDIA_GeForce_RTX_2080_Ti-11264MiB-cc7.5-driver550.120-torch2.6.0+cu118-cuda11.8,8.78900146484375,0.019494992672203223,8.78900146484375,0.019494992672203226,45.70332407951355,00:00:45,8209.3642578125,8209.3642578125,8288.0,NVIDIA_GeForce_RTX_2080_Ti-11264MiB-cc7.5-driver550.120-torch2.6.0+cu118-cuda11.8,measured_current_host,0,0,NVIDIA GeForce RTX 2080 Ti,11264,7.5,GPU-57c29499-bcb3-27f6-4360-e60939528a9b,2.6.0+cu118,11.8,550.120,8eb730be36bbb0876ed83a332d364c65acb36b28,8eb730be36bbb0876ed83a332d364c65acb36b28,811e1ce5f140e97d93ad6f1adae07b95b4219143,docs/artifacts/longer-mqar/official-core-20260526,docs/artifacts/20260520-gdn-capacity-layout-followup/gdn-followup-final.csv,tmp/20260526-longer-mqar-official-core/logs/batch-search-candidate-gdn-h2-ev16-s124-d123-b64-ga4-fp32-noearly4ep-8190x2047-n32-b16-gpu0.log,,,,123,70999303f8fadb4cbae8f973c8267ef97a6209a3b8e05f5385a1f26fa38408f5,"sha256(inputs,labels)",32x8190,32x8190,32,torch.int64/torch.int64,a01e241fec714b08bbc82b38875e16a8a04c8c050e44074cfd728ea1942b1038,sha256,passed,true,,,,
2,20260526-longer-mqar-official-core:formal:gdn-h2-ev8-s125-d123-b64-ga4-fp32-noearly4ep:8190x2047:n500,20260526-longer-mqar-official-core:formal:gdn-h2-ev8-s125-d123-b64-ga4-fp32-noearly4ep:8190x2047:n500,20260526-longer-mqar-official-core,longer_mqar_eval_only,longer_mqar_eval_only_vocab8192_official_core_20260526,formal,completed,2026-05-25T22:14:09.303440+00:00,gdn,gdn-h2-ev8-s125-d123-b64-ga4-fp32-noearly4ep,current_float32_capacity_up_official,gdn-h2-ev8-usegate0-s125-d123,b64_ga4_fp32_official,b64_ga4_fp32_official,capacity_up_official_b64_ga4_fp32,64,16,4,256,b64_ga4,float32,float32,float32,float32,float32,float32,125,123,gdn-h2-ev8-usegate0,gdn-h2-ev8-usegate0-s125-d123,,,2,8,false,true,4,4,4,2,true,checkpoints/flash-vqg-20260519-gd-r10-gdn-official-b64-fp32-gdn-h2-ev8-s125-2026-05-20-01-20-33/gdn-h2-ev8-s125-d123-b64-ga4-fp32-noearly4ep/train_config.json,/home/lyj/mnt/project/zoology/checkpoints/flash-vqg-20260519-gd-r10-gdn-official-b64-fp32-gdn-h2-ev8-s125-2026-05-20-01-20-33/gdn-h2-ev8-s125-d123-b64-ga4-fp32-noearly4ep/train_config.json,2be2a8ea68b07786c51b01ba927bd493d00662f29a6caf9972355ada8ae60d14,sha256:9ceeb074d2d8c2d404eea89d1785e8efc75572d9516782d966df81b34e64fd71,last.pt_epoch4_final,checkpoints/flash-vqg-20260519-gd-r10-gdn-official-b64-fp32-gdn-h2-ev8-s125-2026-05-20-01-20-33/gdn-h2-ev8-s125-d123-b64-ga4-fp32-noearly4ep/last.pt,/home/lyj/mnt/project/zoology/checkpoints/flash-vqg-20260519-gd-r10-gdn-official-b64-fp32-gdn-h2-ev8-s125-2026-05-20-01-20-33/gdn-h2-ev8-s125-d123-b64-ga4-fp32-noearly4ep/last.pt,true,9ceeb074d2d8c2d404eea89d1785e8efc75572d9516782d966df81b34e64fd71,9676223,2026-05-20T01:31:00.352360+00:00,3,,0.2838285267353058,0.9805283203125,0.8473984375,1367942,65536,65536,mqar-vocab8192-pass1-seed123-rnq1-power0.01-8190x2047-n500,multiquery_ar,8192,8190,2047,1,500,16,true,123,true,0.01,,,completed,8190x2047,8190,2047,32,32;16;8;4;2;1,16,8208.3466796875,"b32:oom:oom:torch.OutOfMemoryError: CUDA out of memory. Tried to allocate 8.00 GiB. GPU 0 has a total capacity of 10.75 GiB of which 1.92 GiB is free. Process 1227207 has 8.82 GiB memory in use. Of the allocated memory 8.01 GiB is allocated by PyTorch, and 4.66 MiB is reserved by PyTorch but unallocated. If reserved but unallocated memory is large try setting PYTORCH_CUDA_ALLOC_CONF=expandable_segments:True to avoid fragmentation.  See documentation for Memory Management  (https://pytorch.org/docs/stable/notes/cuda.html#environment-variables)",same_gpu_same_dtype_same_runner_only,true,1,1,NVIDIA GeForce RTX 2080 Ti,11264,7.5,GPU-0def3eeb-c2d0-4f49-ec2a-ebc1d8453b98,2.6.0+cu118,11.8,550.120,float32,float32,b64_ga4_fp32_official,NVIDIA_GeForce_RTX_2080_Ti-11264MiB-cc7.5-driver550.120-torch2.6.0+cu118-cuda11.8,9.151040077209473,0.0062364435759648265,9.151040077209473,0.0062364435759648265,43.1893105506897,00:00:43,8208.3466796875,8208.3466796875,8222.0,NVIDIA_GeForce_RTX_2080_Ti-11264MiB-cc7.5-driver550.120-torch2.6.0+cu118-cuda11.8,measured_current_host,1,1,NVIDIA GeForce RTX 2080 Ti,11264,7.5,GPU-0def3eeb-c2d0-4f49-ec2a-ebc1d8453b98,2.6.0+cu118,11.8,550.120,8eb730be36bbb0876ed83a332d364c65acb36b28,8eb730be36bbb0876ed83a332d364c65acb36b28,811e1ce5f140e97d93ad6f1adae07b95b4219143,docs/artifacts/longer-mqar/official-core-20260526,docs/artifacts/20260519-gd-r10-gdn-official-b64-fp32/gdn-official-final.csv,tmp/20260526-longer-mqar-official-core/logs/formal-gdn-h2-ev8-s125-d123-b64-ga4-fp32-noearly4ep-8190x2047-n500-b16-gpu1.log,,,,123,8c16a91ea127bb7bf2130238ecd56b49fb1fd73bb3e0c2f4c586ddba8e9b97a9,"sha256(inputs,labels)",500x8190,500x8190,500,torch.int64/torch.int64,9ceeb074d2d8c2d404eea89d1785e8efc75572d9516782d966df81b34e64fd71,sha256,passed,true,,,,
2,20260526-longer-mqar-official-core:formal:gdn-h2-ev16-s124-d123-b64-ga4-fp32-noearly4ep:1024x256:n500,20260526-longer-mqar-official-core:formal:gdn-h2-ev16-s124-d123-b64-ga4-fp32-noearly4ep:1024x256:n500,20260526-longer-mqar-official-core,longer_mqar_eval_only,longer_mqar_eval_only_vocab8192_official_core_20260526,formal,completed,2026-05-25T22:14:38.315678+00:00,gdn,gdn-h2-ev16-s124-d123-b64-ga4-fp32-noearly4ep,gdn_capacity_layout_followup_candidate,gdn-h2-ev16-usegate0-s124-d123,b64_ga4_fp32_official,b64_ga4_fp32_official,official_gdn_capacity_layout_followup_b64_ga4_fp32,64,16,4,256,b64_ga4,float32,float32,float32,float32,float32,float32,124,123,gdn-h2-ev16-usegate0,gdn-h2-ev16-usegate0-s124-d123,,,2,16,false,true,4,4,4,2,true,checkpoints/flash-vqg-20260520-gdn-capacity-layout-followup-gdn-h2-ev16-s124-2026-05-20-07-50-29/gdn-h2-ev16-s124-d123-b64-ga4-fp32-noearly4ep/train_config.json,/home/lyj/mnt/project/zoology/checkpoints/flash-vqg-20260520-gdn-capacity-layout-followup-gdn-h2-ev16-s124-2026-05-20-07-50-29/gdn-h2-ev16-s124-d123-b64-ga4-fp32-noearly4ep/train_config.json,ddbe63a77af3a3c1e10905e97ef0dc455b20cebf68260de0ba8ec8fd6c8c319f,sha256:a01e241fec714b08bbc82b38875e16a8a04c8c050e44074cfd728ea1942b1038,last.pt_epoch4_final,checkpoints/flash-vqg-20260520-gdn-capacity-layout-followup-gdn-h2-ev16-s124-2026-05-20-07-50-29/gdn-h2-ev16-s124-d123-b64-ga4-fp32-noearly4ep/last.pt,/home/lyj/mnt/project/zoology/checkpoints/flash-vqg-20260520-gdn-capacity-layout-followup-gdn-h2-ev16-s124-2026-05-20-07-50-29/gdn-h2-ev16-s124-d123-b64-ga4-fp32-noearly4ep/last.pt,true,a01e241fec714b08bbc82b38875e16a8a04c8c050e44074cfd728ea1942b1038,10743231,2026-05-20T08:12:32.601784+00:00,3,,0.2798021733760834,0.98009228515625,0.84472265625,1634694,131072,131072,mqar-vocab8192-pass1-seed123-rnq1-power0.01-1024x256-n500,multiquery_ar,8192,1024,256,1,500,32,true,123,true,0.01,,,completed,1024x256,1024,256,32,32;16;8;4;2;1,32,2062.86328125,,same_gpu_same_dtype_same_runner_only,true,0,0,NVIDIA GeForce RTX 2080 Ti,11264,7.5,GPU-57c29499-bcb3-27f6-4360-e60939528a9b,2.6.0+cu118,11.8,550.120,float32,float32,b64_ga4_fp32_official,NVIDIA_GeForce_RTX_2080_Ti-11264MiB-cc7.5-driver550.120-torch2.6.0+cu118-cuda11.8,1.8297524452209473,0.846375,1.8297524452209473,0.846375,37.920624017715454,00:00:37,2063.1142578125,2063.1142578125,3984.0,NVIDIA_GeForce_RTX_2080_Ti-11264MiB-cc7.5-driver550.120-torch2.6.0+cu118-cuda11.8,measured_current_host,0,0,NVIDIA GeForce RTX 2080 Ti,11264,7.5,GPU-57c29499-bcb3-27f6-4360-e60939528a9b,2.6.0+cu118,11.8,550.120,8eb730be36bbb0876ed83a332d364c65acb36b28,8eb730be36bbb0876ed83a332d364c65acb36b28,811e1ce5f140e97d93ad6f1adae07b95b4219143,docs/artifacts/longer-mqar/official-core-20260526,docs/artifacts/20260520-gdn-capacity-layout-followup/gdn-followup-final.csv,tmp/20260526-longer-mqar-official-core/logs/formal-gdn-h2-ev16-s124-d123-b64-ga4-fp32-noearly4ep-1024x256-n500-b32-gpu0.log,,,,123,f30f1e09e1300deb2e0f430d7c50c47a77f58f43657aa4d6f425f938a91a9acb,"sha256(inputs,labels)",500x1024,500x1024,500,torch.int64/torch.int64,a01e241fec714b08bbc82b38875e16a8a04c8c050e44074cfd728ea1942b1038,sha256,passed,true,,,,
2,20260526-longer-mqar-official-core:repro:gdn-h2-ev8-s125-d123-b64-ga4-fp32-noearly4ep:1024x256:n500,20260526-longer-mqar-official-core:repro:gdn-h2-ev8-s125-d123-b64-ga4-fp32-noearly4ep:1024x256:n500,20260526-longer-mqar-official-core,longer_mqar_eval_only,longer_mqar_eval_only_vocab8192_official_core_20260526,repro,completed,2026-05-25T22:14:41.925000+00:00,gdn,gdn-h2-ev8-s125-d123-b64-ga4-fp32-noearly4ep,current_float32_capacity_up_official,gdn-h2-ev8-usegate0-s125-d123,b64_ga4_fp32_official,b64_ga4_fp32_official,capacity_up_official_b64_ga4_fp32,64,16,4,256,b64_ga4,float32,float32,float32,float32,float32,float32,125,123,gdn-h2-ev8-usegate0,gdn-h2-ev8-usegate0-s125-d123,,,2,8,false,true,4,4,4,2,true,checkpoints/flash-vqg-20260519-gd-r10-gdn-official-b64-fp32-gdn-h2-ev8-s125-2026-05-20-01-20-33/gdn-h2-ev8-s125-d123-b64-ga4-fp32-noearly4ep/train_config.json,/home/lyj/mnt/project/zoology/checkpoints/flash-vqg-20260519-gd-r10-gdn-official-b64-fp32-gdn-h2-ev8-s125-2026-05-20-01-20-33/gdn-h2-ev8-s125-d123-b64-ga4-fp32-noearly4ep/train_config.json,2be2a8ea68b07786c51b01ba927bd493d00662f29a6caf9972355ada8ae60d14,sha256:9ceeb074d2d8c2d404eea89d1785e8efc75572d9516782d966df81b34e64fd71,last.pt_epoch4_final,checkpoints/flash-vqg-20260519-gd-r10-gdn-official-b64-fp32-gdn-h2-ev8-s125-2026-05-20-01-20-33/gdn-h2-ev8-s125-d123-b64-ga4-fp32-noearly4ep/last.pt,/home/lyj/mnt/project/zoology/checkpoints/flash-vqg-20260519-gd-r10-gdn-official-b64-fp32-gdn-h2-ev8-s125-2026-05-20-01-20-33/gdn-h2-ev8-s125-d123-b64-ga4-fp32-noearly4ep/last.pt,true,9ceeb074d2d8c2d404eea89d1785e8efc75572d9516782d966df81b34e64fd71,9676223,2026-05-20T01:31:00.352360+00:00,3,,0.2838285267353058,0.9805283203125,0.8473984375,1367942,65536,65536,mqar-vocab8192-pass1-seed123-rnq1-power0.01-1024x256-n500,multiquery_ar,8192,1024,256,1,500,32,false,123,true,0.01,,,,,,,,,,,,,,,,,,,,,,,,,,,1.8820720911026,0.8478359375,1.8820720911026,0.8478359375,31.708760023117065,00:00:31,2062.0966796875,2062.0966796875,3342.0,NVIDIA_GeForce_RTX_2080_Ti-11264MiB-cc7.5-driver550.120-torch2.6.0+cu118-cuda11.8,measured_current_host,1,1,NVIDIA GeForce RTX 2080 Ti,11264,7.5,GPU-0def3eeb-c2d0-4f49-ec2a-ebc1d8453b98,2.6.0+cu118,11.8,550.120,8eb730be36bbb0876ed83a332d364c65acb36b28,8eb730be36bbb0876ed83a332d364c65acb36b28,811e1ce5f140e97d93ad6f1adae07b95b4219143,docs/artifacts/longer-mqar/official-core-20260526,docs/artifacts/20260519-gd-r10-gdn-official-b64-fp32/gdn-official-final.csv,tmp/20260526-longer-mqar-official-core/logs/repro-gdn-h2-ev8-s125-d123-b64-ga4-fp32-noearly4ep-1024x256-n500-b32-gpu1.log,,,,123,f30f1e09e1300deb2e0f430d7c50c47a77f58f43657aa4d6f425f938a91a9acb,"sha256(inputs,labels)",500x1024,500x1024,500,torch.int64/torch.int64,9ceeb074d2d8c2d404eea89d1785e8efc75572d9516782d966df81b34e64fd71,sha256,passed,true,20260526-longer-mqar-official-core:formal:gdn-h2-ev8-s125-d123-b64-ga4-fp32-noearly4ep:1024x256:n500,true,0.0,true
2,20260526-longer-mqar-official-core:batch_search:gdn-h2-ev16-s123-d123-b64-ga4-fp32-noearly4ep:1024x256:n32,20260526-longer-mqar-official-core:batch_search:gdn-h2-ev16-s123-d123-b64-ga4-fp32-noearly4ep:1024x256:n32,20260526-longer-mqar-official-core,longer_mqar_eval_only,longer_mqar_eval_only_vocab8192_official_core_20260526,batch_search,completed,2026-05-25T22:15:07.443306+00:00,gdn,gdn-h2-ev16-s123-d123-b64-ga4-fp32-noearly4ep,current_float32_capacity_up_official,gdn-h2-ev16-usegate0-s123-d123,b64_ga4_fp32_official,b64_ga4_fp32_official,capacity_up_official_b64_ga4_fp32,64,16,4,256,b64_ga4,float32,float32,float32,float32,float32,float32,123,123,gdn-h2-ev16-usegate0,gdn-h2-ev16-usegate0-s123-d123,,,2,16,false,true,4,4,4,2,true,checkpoints/flash-vqg-20260519-gd-r10-gdn-official-b64-fp32-gdn-h2-ev16-s123-2026-05-20-05-11-12/gdn-h2-ev16-s123-d123-b64-ga4-fp32-noearly4ep/train_config.json,/home/lyj/mnt/project/zoology/checkpoints/flash-vqg-20260519-gd-r10-gdn-official-b64-fp32-gdn-h2-ev16-s123-2026-05-20-05-11-12/gdn-h2-ev16-s123-d123-b64-ga4-fp32-noearly4ep/train_config.json,cadbed60aedced0b97b394762a82a34fd411db5f4d0c12fc4fa96bcea066f038,sha256:01e210b0ddc0e41864436ae94c1e7b4ad811155735db5d91ba1b71bad87a782d,last.pt_epoch4_final,checkpoints/flash-vqg-20260519-gd-r10-gdn-official-b64-fp32-gdn-h2-ev16-s123-2026-05-20-05-11-12/gdn-h2-ev16-s123-d123-b64-ga4-fp32-noearly4ep/last.pt,/home/lyj/mnt/project/zoology/checkpoints/flash-vqg-20260519-gd-r10-gdn-official-b64-fp32-gdn-h2-ev16-s123-2026-05-20-05-11-12/gdn-h2-ev16-s123-d123-b64-ga4-fp32-noearly4ep/last.pt,true,01e210b0ddc0e41864436ae94c1e7b4ad811155735db5d91ba1b71bad87a782d,10743231,2026-05-20T05:24:51.593791+00:00,3,,0.4089028239250183,0.960376953125,0.7049296875,1634694,131072,131072,mqar-vocab8192-pass1-seed123-rnq1-power0.01-1024x256-n32,multiquery_ar,8192,1024,256,1,32,32,true,123,true,0.01,,,completed,1024x256,1024,256,32,32;16;8;4;2;1,32,2062.86328125,,same_gpu_same_dtype_same_runner_only,true,1,1,NVIDIA GeForce RTX 2080 Ti,11264,7.5,GPU-0def3eeb-c2d0-4f49-ec2a-ebc1d8453b98,2.6.0+cu118,11.8,550.120,float32,float32,b64_ga4_fp32_official,NVIDIA_GeForce_RTX_2080_Ti-11264MiB-cc7.5-driver550.120-torch2.6.0+cu118-cuda11.8,2.50551438331604,0.6951904296875,2.50551438331604,0.6951904296875,24.659680366516113,00:00:24,2062.86328125,2062.86328125,3982.0,NVIDIA_GeForce_RTX_2080_Ti-11264MiB-cc7.5-driver550.120-torch2.6.0+cu118-cuda11.8,measured_current_host,1,1,NVIDIA GeForce RTX 2080 Ti,11264,7.5,GPU-0def3eeb-c2d0-4f49-ec2a-ebc1d8453b98,2.6.0+cu118,11.8,550.120,8eb730be36bbb0876ed83a332d364c65acb36b28,8eb730be36bbb0876ed83a332d364c65acb36b28,811e1ce5f140e97d93ad6f1adae07b95b4219143,docs/artifacts/longer-mqar/official-core-20260526,docs/artifacts/20260519-gd-r10-gdn-official-b64-fp32/gdn-official-final.csv,tmp/20260526-longer-mqar-official-core/logs/batch-search-candidate-gdn-h2-ev16-s123-d123-b64-ga4-fp32-noearly4ep-1024x256-n32-b32-gpu1.log,,,,123,68500f1bc9fdc7ff4edc301ab7303d253d578a27cbbbf7613c74e3e6a04cc9f3,"sha256(inputs,labels)",32x1024,32x1024,32,torch.int64/torch.int64,01e210b0ddc0e41864436ae94c1e7b4ad811155735db5d91ba1b71bad87a782d,sha256,passed,true,,,,
2,20260526-longer-mqar-official-core:formal:gdn-h2-ev16-s124-d123-b64-ga4-fp32-noearly4ep:2048x512:n500,20260526-longer-mqar-official-core:formal:gdn-h2-ev16-s124-d123-b64-ga4-fp32-noearly4ep:2048x512:n500,20260526-longer-mqar-official-core,longer_mqar_eval_only,longer_mqar_eval_only_vocab8192_official_core_20260526,formal,completed,2026-05-25T22:15:24.744720+00:00,gdn,gdn-h2-ev16-s124-d123-b64-ga4-fp32-noearly4ep,gdn_capacity_layout_followup_candidate,gdn-h2-ev16-usegate0-s124-d123,b64_ga4_fp32_official,b64_ga4_fp32_official,official_gdn_capacity_layout_followup_b64_ga4_fp32,64,16,4,256,b64_ga4,float32,float32,float32,float32,float32,float32,124,123,gdn-h2-ev16-usegate0,gdn-h2-ev16-usegate0-s124-d123,,,2,16,false,true,4,4,4,2,true,checkpoints/flash-vqg-20260520-gdn-capacity-layout-followup-gdn-h2-ev16-s124-2026-05-20-07-50-29/gdn-h2-ev16-s124-d123-b64-ga4-fp32-noearly4ep/train_config.json,/home/lyj/mnt/project/zoology/checkpoints/flash-vqg-20260520-gdn-capacity-layout-followup-gdn-h2-ev16-s124-2026-05-20-07-50-29/gdn-h2-ev16-s124-d123-b64-ga4-fp32-noearly4ep/train_config.json,ddbe63a77af3a3c1e10905e97ef0dc455b20cebf68260de0ba8ec8fd6c8c319f,sha256:a01e241fec714b08bbc82b38875e16a8a04c8c050e44074cfd728ea1942b1038,last.pt_epoch4_final,checkpoints/flash-vqg-20260520-gdn-capacity-layout-followup-gdn-h2-ev16-s124-2026-05-20-07-50-29/gdn-h2-ev16-s124-d123-b64-ga4-fp32-noearly4ep/last.pt,/home/lyj/mnt/project/zoology/checkpoints/flash-vqg-20260520-gdn-capacity-layout-followup-gdn-h2-ev16-s124-2026-05-20-07-50-29/gdn-h2-ev16-s124-d123-b64-ga4-fp32-noearly4ep/last.pt,true,a01e241fec714b08bbc82b38875e16a8a04c8c050e44074cfd728ea1942b1038,10743231,2026-05-20T08:12:32.601784+00:00,3,,0.2798021733760834,0.98009228515625,0.84472265625,1634694,131072,131072,mqar-vocab8192-pass1-seed123-rnq1-power0.01-2048x512-n500,multiquery_ar,8192,2048,512,1,500,32,true,123,true,0.01,,,completed,2048x512,2048,512,32,32;16;8;4;2;1,32,4111.36328125,,same_gpu_same_dtype_same_runner_only,true,0,0,NVIDIA GeForce RTX 2080 Ti,11264,7.5,GPU-57c29499-bcb3-27f6-4360-e60939528a9b,2.6.0+cu118,11.8,550.120,float32,float32,b64_ga4_fp32_official,NVIDIA_GeForce_RTX_2080_Ti-11264MiB-cc7.5-driver550.120-torch2.6.0+cu118-cuda11.8,4.43937349319458,0.39109375,4.43937349319458,0.39109375,45.56901693344116,00:00:45,4111.8642578125,4111.8642578125,7422.0,NVIDIA_GeForce_RTX_2080_Ti-11264MiB-cc7.5-driver550.120-torch2.6.0+cu118-cuda11.8,measured_current_host,0,0,NVIDIA GeForce RTX 2080 Ti,11264,7.5,GPU-57c29499-bcb3-27f6-4360-e60939528a9b,2.6.0+cu118,11.8,550.120,8eb730be36bbb0876ed83a332d364c65acb36b28,8eb730be36bbb0876ed83a332d364c65acb36b28,811e1ce5f140e97d93ad6f1adae07b95b4219143,docs/artifacts/longer-mqar/official-core-20260526,docs/artifacts/20260520-gdn-capacity-layout-followup/gdn-followup-final.csv,tmp/20260526-longer-mqar-official-core/logs/formal-gdn-h2-ev16-s124-d123-b64-ga4-fp32-noearly4ep-2048x512-n500-b32-gpu0.log,,,,123,e446efc9f4dc774377c56c403a468c747870beb18ff0320f15df794dcb69f015,"sha256(inputs,labels)",500x2048,500x2048,500,torch.int64/torch.int64,a01e241fec714b08bbc82b38875e16a8a04c8c050e44074cfd728ea1942b1038,sha256,passed,true,,,,
2,20260526-longer-mqar-official-core:batch_search:gdn-h2-ev16-s123-d123-b64-ga4-fp32-noearly4ep:2048x512:n32,20260526-longer-mqar-official-core:batch_search:gdn-h2-ev16-s123-d123-b64-ga4-fp32-noearly4ep:2048x512:n32,20260526-longer-mqar-official-core,longer_mqar_eval_only,longer_mqar_eval_only_vocab8192_official_core_20260526,batch_search,completed,2026-05-25T22:15:37.388494+00:00,gdn,gdn-h2-ev16-s123-d123-b64-ga4-fp32-noearly4ep,current_float32_capacity_up_official,gdn-h2-ev16-usegate0-s123-d123,b64_ga4_fp32_official,b64_ga4_fp32_official,capacity_up_official_b64_ga4_fp32,64,16,4,256,b64_ga4,float32,float32,float32,float32,float32,float32,123,123,gdn-h2-ev16-usegate0,gdn-h2-ev16-usegate0-s123-d123,,,2,16,false,true,4,4,4,2,true,checkpoints/flash-vqg-20260519-gd-r10-gdn-official-b64-fp32-gdn-h2-ev16-s123-2026-05-20-05-11-12/gdn-h2-ev16-s123-d123-b64-ga4-fp32-noearly4ep/train_config.json,/home/lyj/mnt/project/zoology/checkpoints/flash-vqg-20260519-gd-r10-gdn-official-b64-fp32-gdn-h2-ev16-s123-2026-05-20-05-11-12/gdn-h2-ev16-s123-d123-b64-ga4-fp32-noearly4ep/train_config.json,cadbed60aedced0b97b394762a82a34fd411db5f4d0c12fc4fa96bcea066f038,sha256:01e210b0ddc0e41864436ae94c1e7b4ad811155735db5d91ba1b71bad87a782d,last.pt_epoch4_final,checkpoints/flash-vqg-20260519-gd-r10-gdn-official-b64-fp32-gdn-h2-ev16-s123-2026-05-20-05-11-12/gdn-h2-ev16-s123-d123-b64-ga4-fp32-noearly4ep/last.pt,/home/lyj/mnt/project/zoology/checkpoints/flash-vqg-20260519-gd-r10-gdn-official-b64-fp32-gdn-h2-ev16-s123-2026-05-20-05-11-12/gdn-h2-ev16-s123-d123-b64-ga4-fp32-noearly4ep/last.pt,true,01e210b0ddc0e41864436ae94c1e7b4ad811155735db5d91ba1b71bad87a782d,10743231,2026-05-20T05:24:51.593791+00:00,3,,0.4089028239250183,0.960376953125,0.7049296875,1634694,131072,131072,mqar-vocab8192-pass1-seed123-rnq1-power0.01-2048x512-n32,multiquery_ar,8192,2048,512,1,32,32,true,123,true,0.01,,,completed,2048x512,2048,512,32,32;16;8;4;2;1,32,4111.36328125,,same_gpu_same_dtype_same_runner_only,true,1,1,NVIDIA GeForce RTX 2080 Ti,11264,7.5,GPU-0def3eeb-c2d0-4f49-ec2a-ebc1d8453b98,2.6.0+cu118,11.8,550.120,float32,float32,b64_ga4_fp32_official,NVIDIA_GeForce_RTX_2080_Ti-11264MiB-cc7.5-driver550.120-torch2.6.0+cu118-cuda11.8,4.966233730316162,0.2833251953125,4.966233730316162,0.2833251953125,29.051732778549194,00:00:29,4111.36328125,4111.36328125,7420.0,NVIDIA_GeForce_RTX_2080_Ti-11264MiB-cc7.5-driver550.120-torch2.6.0+cu118-cuda11.8,measured_current_host,1,1,NVIDIA GeForce RTX 2080 Ti,11264,7.5,GPU-0def3eeb-c2d0-4f49-ec2a-ebc1d8453b98,2.6.0+cu118,11.8,550.120,8eb730be36bbb0876ed83a332d364c65acb36b28,8eb730be36bbb0876ed83a332d364c65acb36b28,811e1ce5f140e97d93ad6f1adae07b95b4219143,docs/artifacts/longer-mqar/official-core-20260526,docs/artifacts/20260519-gd-r10-gdn-official-b64-fp32/gdn-official-final.csv,tmp/20260526-longer-mqar-official-core/logs/batch-search-candidate-gdn-h2-ev16-s123-d123-b64-ga4-fp32-noearly4ep-2048x512-n32-b32-gpu1.log,,,,123,34ea18c38dae38e2860b711425f27d090597975373a954d128324e3a04dcb012,"sha256(inputs,labels)",32x2048,32x2048,32,torch.int64/torch.int64,01e210b0ddc0e41864436ae94c1e7b4ad811155735db5d91ba1b71bad87a782d,sha256,passed,true,,,,
2,20260526-longer-mqar-official-core:batch_search:gdn-h2-ev16-s123-d123-b64-ga4-fp32-noearly4ep:4096x1024:n32,20260526-longer-mqar-official-core:batch_search:gdn-h2-ev16-s123-d123-b64-ga4-fp32-noearly4ep:4096x1024:n32,20260526-longer-mqar-official-core,longer_mqar_eval_only,longer_mqar_eval_only_vocab8192_official_core_20260526,batch_search,completed,2026-05-25T22:16:17.074287+00:00,gdn,gdn-h2-ev16-s123-d123-b64-ga4-fp32-noearly4ep,current_float32_capacity_up_official,gdn-h2-ev16-usegate0-s123-d123,b64_ga4_fp32_official,b64_ga4_fp32_official,capacity_up_official_b64_ga4_fp32,64,16,4,256,b64_ga4,float32,float32,float32,float32,float32,float32,123,123,gdn-h2-ev16-usegate0,gdn-h2-ev16-usegate0-s123-d123,,,2,16,false,true,4,4,4,2,true,checkpoints/flash-vqg-20260519-gd-r10-gdn-official-b64-fp32-gdn-h2-ev16-s123-2026-05-20-05-11-12/gdn-h2-ev16-s123-d123-b64-ga4-fp32-noearly4ep/train_config.json,/home/lyj/mnt/project/zoology/checkpoints/flash-vqg-20260519-gd-r10-gdn-official-b64-fp32-gdn-h2-ev16-s123-2026-05-20-05-11-12/gdn-h2-ev16-s123-d123-b64-ga4-fp32-noearly4ep/train_config.json,cadbed60aedced0b97b394762a82a34fd411db5f4d0c12fc4fa96bcea066f038,sha256:01e210b0ddc0e41864436ae94c1e7b4ad811155735db5d91ba1b71bad87a782d,last.pt_epoch4_final,checkpoints/flash-vqg-20260519-gd-r10-gdn-official-b64-fp32-gdn-h2-ev16-s123-2026-05-20-05-11-12/gdn-h2-ev16-s123-d123-b64-ga4-fp32-noearly4ep/last.pt,/home/lyj/mnt/project/zoology/checkpoints/flash-vqg-20260519-gd-r10-gdn-official-b64-fp32-gdn-h2-ev16-s123-2026-05-20-05-11-12/gdn-h2-ev16-s123-d123-b64-ga4-fp32-noearly4ep/last.pt,true,01e210b0ddc0e41864436ae94c1e7b4ad811155735db5d91ba1b71bad87a782d,10743231,2026-05-20T05:24:51.593791+00:00,3,,0.4089028239250183,0.960376953125,0.7049296875,1634694,131072,131072,mqar-vocab8192-pass1-seed123-rnq1-power0.01-4096x1024-n32,multiquery_ar,8192,4096,1024,1,32,32,true,123,true,0.01,,,completed,4096x1024,4096,1024,32,32;16;8;4;2;1,32,8208.36328125,,same_gpu_same_dtype_same_runner_only,true,1,1,NVIDIA GeForce RTX 2080 Ti,11264,7.5,GPU-0def3eeb-c2d0-4f49-ec2a-ebc1d8453b98,2.6.0+cu118,11.8,550.120,float32,float32,b64_ga4_fp32_official,NVIDIA_GeForce_RTX_2080_Ti-11264MiB-cc7.5-driver550.120-torch2.6.0+cu118-cuda11.8,7.285438060760498,0.083526611328125,7.285438060760498,0.083526611328125,38.823256731033325,00:00:38,8208.36328125,8208.36328125,8282.0,NVIDIA_GeForce_RTX_2080_Ti-11264MiB-cc7.5-driver550.120-torch2.6.0+cu118-cuda11.8,measured_current_host,1,1,NVIDIA GeForce RTX 2080 Ti,11264,7.5,GPU-0def3eeb-c2d0-4f49-ec2a-ebc1d8453b98,2.6.0+cu118,11.8,550.120,8eb730be36bbb0876ed83a332d364c65acb36b28,8eb730be36bbb0876ed83a332d364c65acb36b28,811e1ce5f140e97d93ad6f1adae07b95b4219143,docs/artifacts/longer-mqar/official-core-20260526,docs/artifacts/20260519-gd-r10-gdn-official-b64-fp32/gdn-official-final.csv,tmp/20260526-longer-mqar-official-core/logs/batch-search-candidate-gdn-h2-ev16-s123-d123-b64-ga4-fp32-noearly4ep-4096x1024-n32-b32-gpu1.log,,,,123,55274181d24158d3fe53491784d87fabe3a981427663df2ac8ed40876e72a1b8,"sha256(inputs,labels)",32x4096,32x4096,32,torch.int64/torch.int64,01e210b0ddc0e41864436ae94c1e7b4ad811155735db5d91ba1b71bad87a782d,sha256,passed,true,,,,
2,20260526-longer-mqar-official-core:formal:gdn-h2-ev16-s124-d123-b64-ga4-fp32-noearly4ep:4096x1024:n500,20260526-longer-mqar-official-core:formal:gdn-h2-ev16-s124-d123-b64-ga4-fp32-noearly4ep:4096x1024:n500,20260526-longer-mqar-official-core,longer_mqar_eval_only,longer_mqar_eval_only_vocab8192_official_core_20260526,formal,completed,2026-05-25T22:16:27.718940+00:00,gdn,gdn-h2-ev16-s124-d123-b64-ga4-fp32-noearly4ep,gdn_capacity_layout_followup_candidate,gdn-h2-ev16-usegate0-s124-d123,b64_ga4_fp32_official,b64_ga4_fp32_official,official_gdn_capacity_layout_followup_b64_ga4_fp32,64,16,4,256,b64_ga4,float32,float32,float32,float32,float32,float32,124,123,gdn-h2-ev16-usegate0,gdn-h2-ev16-usegate0-s124-d123,,,2,16,false,true,4,4,4,2,true,checkpoints/flash-vqg-20260520-gdn-capacity-layout-followup-gdn-h2-ev16-s124-2026-05-20-07-50-29/gdn-h2-ev16-s124-d123-b64-ga4-fp32-noearly4ep/train_config.json,/home/lyj/mnt/project/zoology/checkpoints/flash-vqg-20260520-gdn-capacity-layout-followup-gdn-h2-ev16-s124-2026-05-20-07-50-29/gdn-h2-ev16-s124-d123-b64-ga4-fp32-noearly4ep/train_config.json,ddbe63a77af3a3c1e10905e97ef0dc455b20cebf68260de0ba8ec8fd6c8c319f,sha256:a01e241fec714b08bbc82b38875e16a8a04c8c050e44074cfd728ea1942b1038,last.pt_epoch4_final,checkpoints/flash-vqg-20260520-gdn-capacity-layout-followup-gdn-h2-ev16-s124-2026-05-20-07-50-29/gdn-h2-ev16-s124-d123-b64-ga4-fp32-noearly4ep/last.pt,/home/lyj/mnt/project/zoology/checkpoints/flash-vqg-20260520-gdn-capacity-layout-followup-gdn-h2-ev16-s124-2026-05-20-07-50-29/gdn-h2-ev16-s124-d123-b64-ga4-fp32-noearly4ep/last.pt,true,a01e241fec714b08bbc82b38875e16a8a04c8c050e44074cfd728ea1942b1038,10743231,2026-05-20T08:12:32.601784+00:00,3,,0.2798021733760834,0.98009228515625,0.84472265625,1634694,131072,131072,mqar-vocab8192-pass1-seed123-rnq1-power0.01-4096x1024-n500,multiquery_ar,8192,4096,1024,1,500,32,true,123,true,0.01,,,completed,4096x1024,4096,1024,32,32;16;8;4;2;1,32,8208.36328125,,same_gpu_same_dtype_same_runner_only,true,0,0,NVIDIA GeForce RTX 2080 Ti,11264,7.5,GPU-57c29499-bcb3-27f6-4360-e60939528a9b,2.6.0+cu118,11.8,550.120,float32,float32,b64_ga4_fp32_official,NVIDIA_GeForce_RTX_2080_Ti-11264MiB-cc7.5-driver550.120-torch2.6.0+cu118-cuda11.8,7.025879859924316,0.12396875,7.025879859924316,0.12396875,62.098713636398315,00:01:02,8209.3642578125,8209.3642578125,8288.0,NVIDIA_GeForce_RTX_2080_Ti-11264MiB-cc7.5-driver550.120-torch2.6.0+cu118-cuda11.8,measured_current_host,0,0,NVIDIA GeForce RTX 2080 Ti,11264,7.5,GPU-57c29499-bcb3-27f6-4360-e60939528a9b,2.6.0+cu118,11.8,550.120,8eb730be36bbb0876ed83a332d364c65acb36b28,8eb730be36bbb0876ed83a332d364c65acb36b28,811e1ce5f140e97d93ad6f1adae07b95b4219143,docs/artifacts/longer-mqar/official-core-20260526,docs/artifacts/20260520-gdn-capacity-layout-followup/gdn-followup-final.csv,tmp/20260526-longer-mqar-official-core/logs/formal-gdn-h2-ev16-s124-d123-b64-ga4-fp32-noearly4ep-4096x1024-n500-b32-gpu0.log,,,,123,0981292ce8ebea1402a4c3a7a6655dfc1de42688c329bd5ea921541a0f1d16ed,"sha256(inputs,labels)",500x4096,500x4096,500,torch.int64/torch.int64,a01e241fec714b08bbc82b38875e16a8a04c8c050e44074cfd728ea1942b1038,sha256,passed,true,,,,
2,20260526-longer-mqar-official-core:batch_search:gdn-h2-ev16-s123-d123-b64-ga4-fp32-noearly4ep:8190x512:n32,20260526-longer-mqar-official-core:batch_search:gdn-h2-ev16-s123-d123-b64-ga4-fp32-noearly4ep:8190x512:n32,20260526-longer-mqar-official-core,longer_mqar_eval_only,longer_mqar_eval_only_vocab8192_official_core_20260526,batch_search,completed,2026-05-25T22:17:27.872988+00:00,gdn,gdn-h2-ev16-s123-d123-b64-ga4-fp32-noearly4ep,current_float32_capacity_up_official,gdn-h2-ev16-usegate0-s123-d123,b64_ga4_fp32_official,b64_ga4_fp32_official,capacity_up_official_b64_ga4_fp32,64,16,4,256,b64_ga4,float32,float32,float32,float32,float32,float32,123,123,gdn-h2-ev16-usegate0,gdn-h2-ev16-usegate0-s123-d123,,,2,16,false,true,4,4,4,2,true,checkpoints/flash-vqg-20260519-gd-r10-gdn-official-b64-fp32-gdn-h2-ev16-s123-2026-05-20-05-11-12/gdn-h2-ev16-s123-d123-b64-ga4-fp32-noearly4ep/train_config.json,/home/lyj/mnt/project/zoology/checkpoints/flash-vqg-20260519-gd-r10-gdn-official-b64-fp32-gdn-h2-ev16-s123-2026-05-20-05-11-12/gdn-h2-ev16-s123-d123-b64-ga4-fp32-noearly4ep/train_config.json,cadbed60aedced0b97b394762a82a34fd411db5f4d0c12fc4fa96bcea066f038,sha256:01e210b0ddc0e41864436ae94c1e7b4ad811155735db5d91ba1b71bad87a782d,last.pt_epoch4_final,checkpoints/flash-vqg-20260519-gd-r10-gdn-official-b64-fp32-gdn-h2-ev16-s123-2026-05-20-05-11-12/gdn-h2-ev16-s123-d123-b64-ga4-fp32-noearly4ep/last.pt,/home/lyj/mnt/project/zoology/checkpoints/flash-vqg-20260519-gd-r10-gdn-official-b64-fp32-gdn-h2-ev16-s123-2026-05-20-05-11-12/gdn-h2-ev16-s123-d123-b64-ga4-fp32-noearly4ep/last.pt,true,01e210b0ddc0e41864436ae94c1e7b4ad811155735db5d91ba1b71bad87a782d,10743231,2026-05-20T05:24:51.593791+00:00,3,,0.4089028239250183,0.960376953125,0.7049296875,1634694,131072,131072,mqar-vocab8192-pass1-seed123-rnq1-power0.01-8190x512-n32,multiquery_ar,8192,8190,512,1,32,16,true,123,true,0.01,,,completed,8190x512,8190,512,32,32;16;8;4;2;1,16,8209.3642578125,"b32:oom:oom:torch.OutOfMemoryError: CUDA out of memory. Tried to allocate 2.00 GiB. GPU 0 has a total capacity of 10.75 GiB of which 555.75 MiB is free. Process 1229065 has 10.20 GiB memory in use. Of the allocated memory 7.40 GiB is allocated by PyTorch, and 2.00 GiB is reserved by PyTorch but unallocated. If reserved but unallocated memory is large try setting PYTORCH_CUDA_ALLOC_CONF=expandable_segments:True to avoid fragmentation.  See documentation for Memory Management  (https://pytorch.org/docs/stable/notes/cuda.html#environment-variables)",same_gpu_same_dtype_same_runner_only,true,1,1,NVIDIA GeForce RTX 2080 Ti,11264,7.5,GPU-0def3eeb-c2d0-4f49-ec2a-ebc1d8453b98,2.6.0+cu118,11.8,550.120,float32,float32,b64_ga4_fp32_official,NVIDIA_GeForce_RTX_2080_Ti-11264MiB-cc7.5-driver550.120-torch2.6.0+cu118-cuda11.8,5.633114814758301,0.2034912109375,5.633114814758301,0.2034912109375,38.709492921829224,00:00:38,8209.3642578125,8209.3642578125,8288.0,NVIDIA_GeForce_RTX_2080_Ti-11264MiB-cc7.5-driver550.120-torch2.6.0+cu118-cuda11.8,measured_current_host,1,1,NVIDIA GeForce RTX 2080 Ti,11264,7.5,GPU-0def3eeb-c2d0-4f49-ec2a-ebc1d8453b98,2.6.0+cu118,11.8,550.120,8eb730be36bbb0876ed83a332d364c65acb36b28,8eb730be36bbb0876ed83a332d364c65acb36b28,811e1ce5f140e97d93ad6f1adae07b95b4219143,docs/artifacts/longer-mqar/official-core-20260526,docs/artifacts/20260519-gd-r10-gdn-official-b64-fp32/gdn-official-final.csv,tmp/20260526-longer-mqar-official-core/logs/batch-search-candidate-gdn-h2-ev16-s123-d123-b64-ga4-fp32-noearly4ep-8190x512-n32-b16-gpu1.log,,,,123,23d7ffc7467f8e355ec7cb4c739cf5494449c559427d204883d63d7dca4f4351,"sha256(inputs,labels)",32x8190,32x8190,32,torch.int64/torch.int64,01e210b0ddc0e41864436ae94c1e7b4ad811155735db5d91ba1b71bad87a782d,sha256,passed,true,,,,
2,20260526-longer-mqar-official-core:formal:gdn-h2-ev16-s124-d123-b64-ga4-fp32-noearly4ep:8190x512:n500,20260526-longer-mqar-official-core:formal:gdn-h2-ev16-s124-d123-b64-ga4-fp32-noearly4ep:8190x512:n500,20260526-longer-mqar-official-core,longer_mqar_eval_only,longer_mqar_eval_only_vocab8192_official_core_20260526,formal,completed,2026-05-25T22:17:34.421217+00:00,gdn,gdn-h2-ev16-s124-d123-b64-ga4-fp32-noearly4ep,gdn_capacity_layout_followup_candidate,gdn-h2-ev16-usegate0-s124-d123,b64_ga4_fp32_official,b64_ga4_fp32_official,official_gdn_capacity_layout_followup_b64_ga4_fp32,64,16,4,256,b64_ga4,float32,float32,float32,float32,float32,float32,124,123,gdn-h2-ev16-usegate0,gdn-h2-ev16-usegate0-s124-d123,,,2,16,false,true,4,4,4,2,true,checkpoints/flash-vqg-20260520-gdn-capacity-layout-followup-gdn-h2-ev16-s124-2026-05-20-07-50-29/gdn-h2-ev16-s124-d123-b64-ga4-fp32-noearly4ep/train_config.json,/home/lyj/mnt/project/zoology/checkpoints/flash-vqg-20260520-gdn-capacity-layout-followup-gdn-h2-ev16-s124-2026-05-20-07-50-29/gdn-h2-ev16-s124-d123-b64-ga4-fp32-noearly4ep/train_config.json,ddbe63a77af3a3c1e10905e97ef0dc455b20cebf68260de0ba8ec8fd6c8c319f,sha256:a01e241fec714b08bbc82b38875e16a8a04c8c050e44074cfd728ea1942b1038,last.pt_epoch4_final,checkpoints/flash-vqg-20260520-gdn-capacity-layout-followup-gdn-h2-ev16-s124-2026-05-20-07-50-29/gdn-h2-ev16-s124-d123-b64-ga4-fp32-noearly4ep/last.pt,/home/lyj/mnt/project/zoology/checkpoints/flash-vqg-20260520-gdn-capacity-layout-followup-gdn-h2-ev16-s124-2026-05-20-07-50-29/gdn-h2-ev16-s124-d123-b64-ga4-fp32-noearly4ep/last.pt,true,a01e241fec714b08bbc82b38875e16a8a04c8c050e44074cfd728ea1942b1038,10743231,2026-05-20T08:12:32.601784+00:00,3,,0.2798021733760834,0.98009228515625,0.84472265625,1634694,131072,131072,mqar-vocab8192-pass1-seed123-rnq1-power0.01-8190x512-n500,multiquery_ar,8192,8190,512,1,500,16,true,123,true,0.01,,,completed,8190x2047,8190,2047,32,32;16;8;4;2;1,16,8209.3642578125,"b32:oom:oom:torch.OutOfMemoryError: CUDA out of memory. Tried to allocate 2.00 GiB. GPU 0 has a total capacity of 10.74 GiB of which 539.38 MiB is free. Process 1228053 has 10.20 GiB memory in use. Of the allocated memory 7.40 GiB is allocated by PyTorch, and 2.00 GiB is reserved by PyTorch but unallocated. If reserved but unallocated memory is large try setting PYTORCH_CUDA_ALLOC_CONF=expandable_segments:True to avoid fragmentation.  See documentation for Memory Management  (https://pytorch.org/docs/stable/notes/cuda.html#environment-variables)",same_gpu_same_dtype_same_runner_only,true,0,0,NVIDIA GeForce RTX 2080 Ti,11264,7.5,GPU-57c29499-bcb3-27f6-4360-e60939528a9b,2.6.0+cu118,11.8,550.120,float32,float32,b64_ga4_fp32_official,NVIDIA_GeForce_RTX_2080_Ti-11264MiB-cc7.5-driver550.120-torch2.6.0+cu118-cuda11.8,5.324252128601074,0.27147265625,5.324252128601074,0.27147265625,65.79733920097351,00:01:05,8209.3642578125,8209.3642578125,8288.0,NVIDIA_GeForce_RTX_2080_Ti-11264MiB-cc7.5-driver550.120-torch2.6.0+cu118-cuda11.8,measured_current_host,0,0,NVIDIA GeForce RTX 2080 Ti,11264,7.5,GPU-57c29499-bcb3-27f6-4360-e60939528a9b,2.6.0+cu118,11.8,550.120,8eb730be36bbb0876ed83a332d364c65acb36b28,8eb730be36bbb0876ed83a332d364c65acb36b28,811e1ce5f140e97d93ad6f1adae07b95b4219143,docs/artifacts/longer-mqar/official-core-20260526,docs/artifacts/20260520-gdn-capacity-layout-followup/gdn-followup-final.csv,tmp/20260526-longer-mqar-official-core/logs/formal-gdn-h2-ev16-s124-d123-b64-ga4-fp32-noearly4ep-8190x512-n500-b16-gpu0.log,,,,123,37a8533a985fabd3db03daf9dfd3a8e0936513ab724039c63b9a22bf352d002d,"sha256(inputs,labels)",500x8190,500x8190,500,torch.int64/torch.int64,a01e241fec714b08bbc82b38875e16a8a04c8c050e44074cfd728ea1942b1038,sha256,passed,true,,,,
2,20260526-longer-mqar-official-core:batch_search:gdn-h2-ev16-s123-d123-b64-ga4-fp32-noearly4ep:8190x2047:n32,20260526-longer-mqar-official-core:batch_search:gdn-h2-ev16-s123-d123-b64-ga4-fp32-noearly4ep:8190x2047:n32,20260526-longer-mqar-official-core,longer_mqar_eval_only,longer_mqar_eval_only_vocab8192_official_core_20260526,batch_search,completed,2026-05-25T22:18:38.951072+00:00,gdn,gdn-h2-ev16-s123-d123-b64-ga4-fp32-noearly4ep,current_float32_capacity_up_official,gdn-h2-ev16-usegate0-s123-d123,b64_ga4_fp32_official,b64_ga4_fp32_official,capacity_up_official_b64_ga4_fp32,64,16,4,256,b64_ga4,float32,float32,float32,float32,float32,float32,123,123,gdn-h2-ev16-usegate0,gdn-h2-ev16-usegate0-s123-d123,,,2,16,false,true,4,4,4,2,true,checkpoints/flash-vqg-20260519-gd-r10-gdn-official-b64-fp32-gdn-h2-ev16-s123-2026-05-20-05-11-12/gdn-h2-ev16-s123-d123-b64-ga4-fp32-noearly4ep/train_config.json,/home/lyj/mnt/project/zoology/checkpoints/flash-vqg-20260519-gd-r10-gdn-official-b64-fp32-gdn-h2-ev16-s123-2026-05-20-05-11-12/gdn-h2-ev16-s123-d123-b64-ga4-fp32-noearly4ep/train_config.json,cadbed60aedced0b97b394762a82a34fd411db5f4d0c12fc4fa96bcea066f038,sha256:01e210b0ddc0e41864436ae94c1e7b4ad811155735db5d91ba1b71bad87a782d,last.pt_epoch4_final,checkpoints/flash-vqg-20260519-gd-r10-gdn-official-b64-fp32-gdn-h2-ev16-s123-2026-05-20-05-11-12/gdn-h2-ev16-s123-d123-b64-ga4-fp32-noearly4ep/last.pt,/home/lyj/mnt/project/zoology/checkpoints/flash-vqg-20260519-gd-r10-gdn-official-b64-fp32-gdn-h2-ev16-s123-2026-05-20-05-11-12/gdn-h2-ev16-s123-d123-b64-ga4-fp32-noearly4ep/last.pt,true,01e210b0ddc0e41864436ae94c1e7b4ad811155735db5d91ba1b71bad87a782d,10743231,2026-05-20T05:24:51.593791+00:00,3,,0.4089028239250183,0.960376953125,0.7049296875,1634694,131072,131072,mqar-vocab8192-pass1-seed123-rnq1-power0.01-8190x2047-n32,multiquery_ar,8192,8190,2047,1,32,16,true,123,true,0.01,,,completed,8190x2047,8190,2047,32,32;16;8;4;2;1,16,8209.3642578125,"b32:oom:oom:torch.OutOfMemoryError: CUDA out of memory. Tried to allocate 2.00 GiB. GPU 0 has a total capacity of 10.75 GiB of which 555.75 MiB is free. Process 1229323 has 10.20 GiB memory in use. Of the allocated memory 7.40 GiB is allocated by PyTorch, and 2.00 GiB is reserved by PyTorch but unallocated. If reserved but unallocated memory is large try setting PYTORCH_CUDA_ALLOC_CONF=expandable_segments:True to avoid fragmentation.  See documentation for Memory Management  (https://pytorch.org/docs/stable/notes/cuda.html#environment-variables)",same_gpu_same_dtype_same_runner_only,true,1,1,NVIDIA GeForce RTX 2080 Ti,11264,7.5,GPU-0def3eeb-c2d0-4f49-ec2a-ebc1d8453b98,2.6.0+cu118,11.8,550.120,float32,float32,b64_ga4_fp32_official,NVIDIA_GeForce_RTX_2080_Ti-11264MiB-cc7.5-driver550.120-torch2.6.0+cu118-cuda11.8,8.963631629943848,0.013815950170981924,8.963631629943848,0.013815950170981924,38.99253964424133,00:00:38,8209.3642578125,8209.3642578125,8288.0,NVIDIA_GeForce_RTX_2080_Ti-11264MiB-cc7.5-driver550.120-torch2.6.0+cu118-cuda11.8,measured_current_host,1,1,NVIDIA GeForce RTX 2080 Ti,11264,7.5,GPU-0def3eeb-c2d0-4f49-ec2a-ebc1d8453b98,2.6.0+cu118,11.8,550.120,8eb730be36bbb0876ed83a332d364c65acb36b28,8eb730be36bbb0876ed83a332d364c65acb36b28,811e1ce5f140e97d93ad6f1adae07b95b4219143,docs/artifacts/longer-mqar/official-core-20260526,docs/artifacts/20260519-gd-r10-gdn-official-b64-fp32/gdn-official-final.csv,tmp/20260526-longer-mqar-official-core/logs/batch-search-candidate-gdn-h2-ev16-s123-d123-b64-ga4-fp32-noearly4ep-8190x2047-n32-b16-gpu1.log,,,,123,70999303f8fadb4cbae8f973c8267ef97a6209a3b8e05f5385a1f26fa38408f5,"sha256(inputs,labels)",32x8190,32x8190,32,torch.int64/torch.int64,01e210b0ddc0e41864436ae94c1e7b4ad811155735db5d91ba1b71bad87a782d,sha256,passed,true,,,,
2,20260526-longer-mqar-official-core:formal:gdn-h2-ev16-s124-d123-b64-ga4-fp32-noearly4ep:8190x2047:n500,20260526-longer-mqar-official-core:formal:gdn-h2-ev16-s124-d123-b64-ga4-fp32-noearly4ep:8190x2047:n500,20260526-longer-mqar-official-core,longer_mqar_eval_only,longer_mqar_eval_only_vocab8192_official_core_20260526,formal,completed,2026-05-25T22:18:41.649453+00:00,gdn,gdn-h2-ev16-s124-d123-b64-ga4-fp32-noearly4ep,gdn_capacity_layout_followup_candidate,gdn-h2-ev16-usegate0-s124-d123,b64_ga4_fp32_official,b64_ga4_fp32_official,official_gdn_capacity_layout_followup_b64_ga4_fp32,64,16,4,256,b64_ga4,float32,float32,float32,float32,float32,float32,124,123,gdn-h2-ev16-usegate0,gdn-h2-ev16-usegate0-s124-d123,,,2,16,false,true,4,4,4,2,true,checkpoints/flash-vqg-20260520-gdn-capacity-layout-followup-gdn-h2-ev16-s124-2026-05-20-07-50-29/gdn-h2-ev16-s124-d123-b64-ga4-fp32-noearly4ep/train_config.json,/home/lyj/mnt/project/zoology/checkpoints/flash-vqg-20260520-gdn-capacity-layout-followup-gdn-h2-ev16-s124-2026-05-20-07-50-29/gdn-h2-ev16-s124-d123-b64-ga4-fp32-noearly4ep/train_config.json,ddbe63a77af3a3c1e10905e97ef0dc455b20cebf68260de0ba8ec8fd6c8c319f,sha256:a01e241fec714b08bbc82b38875e16a8a04c8c050e44074cfd728ea1942b1038,last.pt_epoch4_final,checkpoints/flash-vqg-20260520-gdn-capacity-layout-followup-gdn-h2-ev16-s124-2026-05-20-07-50-29/gdn-h2-ev16-s124-d123-b64-ga4-fp32-noearly4ep/last.pt,/home/lyj/mnt/project/zoology/checkpoints/flash-vqg-20260520-gdn-capacity-layout-followup-gdn-h2-ev16-s124-2026-05-20-07-50-29/gdn-h2-ev16-s124-d123-b64-ga4-fp32-noearly4ep/last.pt,true,a01e241fec714b08bbc82b38875e16a8a04c8c050e44074cfd728ea1942b1038,10743231,2026-05-20T08:12:32.601784+00:00,3,,0.2798021733760834,0.98009228515625,0.84472265625,1634694,131072,131072,mqar-vocab8192-pass1-seed123-rnq1-power0.01-8190x2047-n500,multiquery_ar,8192,8190,2047,1,500,16,true,123,true,0.01,,,completed,8190x2047,8190,2047,32,32;16;8;4;2;1,16,8209.3642578125,"b32:oom:oom:torch.OutOfMemoryError: CUDA out of memory. Tried to allocate 2.00 GiB. GPU 0 has a total capacity of 10.74 GiB of which 539.38 MiB is free. Process 1228053 has 10.20 GiB memory in use. Of the allocated memory 7.40 GiB is allocated by PyTorch, and 2.00 GiB is reserved by PyTorch but unallocated. If reserved but unallocated memory is large try setting PYTORCH_CUDA_ALLOC_CONF=expandable_segments:True to avoid fragmentation.  See documentation for Memory Management  (https://pytorch.org/docs/stable/notes/cuda.html#environment-variables)",same_gpu_same_dtype_same_runner_only,true,0,0,NVIDIA GeForce RTX 2080 Ti,11264,7.5,GPU-57c29499-bcb3-27f6-4360-e60939528a9b,2.6.0+cu118,11.8,550.120,float32,float32,b64_ga4_fp32_official,NVIDIA_GeForce_RTX_2080_Ti-11264MiB-cc7.5-driver550.120-torch2.6.0+cu118-cuda11.8,8.789047241210938,0.019612115290669273,8.789047241210938,0.019612115290669273,66.30369591712952,00:01:06,8209.3642578125,8209.3642578125,8288.0,NVIDIA_GeForce_RTX_2080_Ti-11264MiB-cc7.5-driver550.120-torch2.6.0+cu118-cuda11.8,measured_current_host,0,0,NVIDIA GeForce RTX 2080 Ti,11264,7.5,GPU-57c29499-bcb3-27f6-4360-e60939528a9b,2.6.0+cu118,11.8,550.120,8eb730be36bbb0876ed83a332d364c65acb36b28,8eb730be36bbb0876ed83a332d364c65acb36b28,811e1ce5f140e97d93ad6f1adae07b95b4219143,docs/artifacts/longer-mqar/official-core-20260526,docs/artifacts/20260520-gdn-capacity-layout-followup/gdn-followup-final.csv,tmp/20260526-longer-mqar-official-core/logs/formal-gdn-h2-ev16-s124-d123-b64-ga4-fp32-noearly4ep-8190x2047-n500-b16-gpu0.log,,,,123,8c16a91ea127bb7bf2130238ecd56b49fb1fd73bb3e0c2f4c586ddba8e9b97a9,"sha256(inputs,labels)",500x8190,500x8190,500,torch.int64/torch.int64,a01e241fec714b08bbc82b38875e16a8a04c8c050e44074cfd728ea1942b1038,sha256,passed,true,,,,
2,20260526-longer-mqar-official-core:formal:gdn-h2-ev16-s123-d123-b64-ga4-fp32-noearly4ep:1024x256:n500,20260526-longer-mqar-official-core:formal:gdn-h2-ev16-s123-d123-b64-ga4-fp32-noearly4ep:1024x256:n500,20260526-longer-mqar-official-core,longer_mqar_eval_only,longer_mqar_eval_only_vocab8192_official_core_20260526,formal,completed,2026-05-25T22:19:12.068228+00:00,gdn,gdn-h2-ev16-s123-d123-b64-ga4-fp32-noearly4ep,current_float32_capacity_up_official,gdn-h2-ev16-usegate0-s123-d123,b64_ga4_fp32_official,b64_ga4_fp32_official,capacity_up_official_b64_ga4_fp32,64,16,4,256,b64_ga4,float32,float32,float32,float32,float32,float32,123,123,gdn-h2-ev16-usegate0,gdn-h2-ev16-usegate0-s123-d123,,,2,16,false,true,4,4,4,2,true,checkpoints/flash-vqg-20260519-gd-r10-gdn-official-b64-fp32-gdn-h2-ev16-s123-2026-05-20-05-11-12/gdn-h2-ev16-s123-d123-b64-ga4-fp32-noearly4ep/train_config.json,/home/lyj/mnt/project/zoology/checkpoints/flash-vqg-20260519-gd-r10-gdn-official-b64-fp32-gdn-h2-ev16-s123-2026-05-20-05-11-12/gdn-h2-ev16-s123-d123-b64-ga4-fp32-noearly4ep/train_config.json,cadbed60aedced0b97b394762a82a34fd411db5f4d0c12fc4fa96bcea066f038,sha256:01e210b0ddc0e41864436ae94c1e7b4ad811155735db5d91ba1b71bad87a782d,last.pt_epoch4_final,checkpoints/flash-vqg-20260519-gd-r10-gdn-official-b64-fp32-gdn-h2-ev16-s123-2026-05-20-05-11-12/gdn-h2-ev16-s123-d123-b64-ga4-fp32-noearly4ep/last.pt,/home/lyj/mnt/project/zoology/checkpoints/flash-vqg-20260519-gd-r10-gdn-official-b64-fp32-gdn-h2-ev16-s123-2026-05-20-05-11-12/gdn-h2-ev16-s123-d123-b64-ga4-fp32-noearly4ep/last.pt,true,01e210b0ddc0e41864436ae94c1e7b4ad811155735db5d91ba1b71bad87a782d,10743231,2026-05-20T05:24:51.593791+00:00,3,,0.4089028239250183,0.960376953125,0.7049296875,1634694,131072,131072,mqar-vocab8192-pass1-seed123-rnq1-power0.01-1024x256-n500,multiquery_ar,8192,1024,256,1,500,32,true,123,true,0.01,,,completed,1024x256,1024,256,32,32;16;8;4;2;1,32,2062.86328125,,same_gpu_same_dtype_same_runner_only,true,1,1,NVIDIA GeForce RTX 2080 Ti,11264,7.5,GPU-0def3eeb-c2d0-4f49-ec2a-ebc1d8453b98,2.6.0+cu118,11.8,550.120,float32,float32,b64_ga4_fp32_official,NVIDIA_GeForce_RTX_2080_Ti-11264MiB-cc7.5-driver550.120-torch2.6.0+cu118-cuda11.8,2.490771532058716,0.7044140625,2.490771532058716,0.7044140625,32.26480960845947,00:00:32,2063.1142578125,2063.1142578125,3984.0,NVIDIA_GeForce_RTX_2080_Ti-11264MiB-cc7.5-driver550.120-torch2.6.0+cu118-cuda11.8,measured_current_host,1,1,NVIDIA GeForce RTX 2080 Ti,11264,7.5,GPU-0def3eeb-c2d0-4f49-ec2a-ebc1d8453b98,2.6.0+cu118,11.8,550.120,8eb730be36bbb0876ed83a332d364c65acb36b28,8eb730be36bbb0876ed83a332d364c65acb36b28,811e1ce5f140e97d93ad6f1adae07b95b4219143,docs/artifacts/longer-mqar/official-core-20260526,docs/artifacts/20260519-gd-r10-gdn-official-b64-fp32/gdn-official-final.csv,tmp/20260526-longer-mqar-official-core/logs/formal-gdn-h2-ev16-s123-d123-b64-ga4-fp32-noearly4ep-1024x256-n500-b32-gpu1.log,,,,123,f30f1e09e1300deb2e0f430d7c50c47a77f58f43657aa4d6f425f938a91a9acb,"sha256(inputs,labels)",500x1024,500x1024,500,torch.int64/torch.int64,01e210b0ddc0e41864436ae94c1e7b4ad811155735db5d91ba1b71bad87a782d,sha256,passed,true,,,,
2,20260526-longer-mqar-official-core:repro:gdn-h2-ev16-s124-d123-b64-ga4-fp32-noearly4ep:1024x256:n500,20260526-longer-mqar-official-core:repro:gdn-h2-ev16-s124-d123-b64-ga4-fp32-noearly4ep:1024x256:n500,20260526-longer-mqar-official-core,longer_mqar_eval_only,longer_mqar_eval_only_vocab8192_official_core_20260526,repro,completed,2026-05-25T22:19:17.531988+00:00,gdn,gdn-h2-ev16-s124-d123-b64-ga4-fp32-noearly4ep,gdn_capacity_layout_followup_candidate,gdn-h2-ev16-usegate0-s124-d123,b64_ga4_fp32_official,b64_ga4_fp32_official,official_gdn_capacity_layout_followup_b64_ga4_fp32,64,16,4,256,b64_ga4,float32,float32,float32,float32,float32,float32,124,123,gdn-h2-ev16-usegate0,gdn-h2-ev16-usegate0-s124-d123,,,2,16,false,true,4,4,4,2,true,checkpoints/flash-vqg-20260520-gdn-capacity-layout-followup-gdn-h2-ev16-s124-2026-05-20-07-50-29/gdn-h2-ev16-s124-d123-b64-ga4-fp32-noearly4ep/train_config.json,/home/lyj/mnt/project/zoology/checkpoints/flash-vqg-20260520-gdn-capacity-layout-followup-gdn-h2-ev16-s124-2026-05-20-07-50-29/gdn-h2-ev16-s124-d123-b64-ga4-fp32-noearly4ep/train_config.json,ddbe63a77af3a3c1e10905e97ef0dc455b20cebf68260de0ba8ec8fd6c8c319f,sha256:a01e241fec714b08bbc82b38875e16a8a04c8c050e44074cfd728ea1942b1038,last.pt_epoch4_final,checkpoints/flash-vqg-20260520-gdn-capacity-layout-followup-gdn-h2-ev16-s124-2026-05-20-07-50-29/gdn-h2-ev16-s124-d123-b64-ga4-fp32-noearly4ep/last.pt,/home/lyj/mnt/project/zoology/checkpoints/flash-vqg-20260520-gdn-capacity-layout-followup-gdn-h2-ev16-s124-2026-05-20-07-50-29/gdn-h2-ev16-s124-d123-b64-ga4-fp32-noearly4ep/last.pt,true,a01e241fec714b08bbc82b38875e16a8a04c8c050e44074cfd728ea1942b1038,10743231,2026-05-20T08:12:32.601784+00:00,3,,0.2798021733760834,0.98009228515625,0.84472265625,1634694,131072,131072,mqar-vocab8192-pass1-seed123-rnq1-power0.01-1024x256-n500,multiquery_ar,8192,1024,256,1,500,32,false,123,true,0.01,,,,,,,,,,,,,,,,,,,,,,,,,,,1.8297524452209473,0.846375,1.8297524452209473,0.846375,34.97176718711853,00:00:34,2063.1142578125,2063.1142578125,3984.0,NVIDIA_GeForce_RTX_2080_Ti-11264MiB-cc7.5-driver550.120-torch2.6.0+cu118-cuda11.8,measured_current_host,0,0,NVIDIA GeForce RTX 2080 Ti,11264,7.5,GPU-57c29499-bcb3-27f6-4360-e60939528a9b,2.6.0+cu118,11.8,550.120,8eb730be36bbb0876ed83a332d364c65acb36b28,8eb730be36bbb0876ed83a332d364c65acb36b28,811e1ce5f140e97d93ad6f1adae07b95b4219143,docs/artifacts/longer-mqar/official-core-20260526,docs/artifacts/20260520-gdn-capacity-layout-followup/gdn-followup-final.csv,tmp/20260526-longer-mqar-official-core/logs/repro-gdn-h2-ev16-s124-d123-b64-ga4-fp32-noearly4ep-1024x256-n500-b32-gpu0.log,,,,123,f30f1e09e1300deb2e0f430d7c50c47a77f58f43657aa4d6f425f938a91a9acb,"sha256(inputs,labels)",500x1024,500x1024,500,torch.int64/torch.int64,a01e241fec714b08bbc82b38875e16a8a04c8c050e44074cfd728ea1942b1038,sha256,passed,true,20260526-longer-mqar-official-core:formal:gdn-h2-ev16-s124-d123-b64-ga4-fp32-noearly4ep:1024x256:n500,true,0.0,true
2,20260526-longer-mqar-official-core:batch_search:gdn-h2-ev10-s123-d123-b64-ga4-fp32-noearly4ep:1024x256:n32,20260526-longer-mqar-official-core:batch_search:gdn-h2-ev10-s123-d123-b64-ga4-fp32-noearly4ep:1024x256:n32,20260526-longer-mqar-official-core,longer_mqar_eval_only,longer_mqar_eval_only_vocab8192_official_core_20260526,batch_search,completed,2026-05-25T22:19:42.575872+00:00,gdn,gdn-h2-ev10-s123-d123-b64-ga4-fp32-noearly4ep,gdn_capacity_layout_followup_candidate,gdn-h2-ev10-usegate0-s123-d123,b64_ga4_fp32_official,b64_ga4_fp32_official,official_gdn_capacity_layout_followup_b64_ga4_fp32,64,16,4,256,b64_ga4,float32,float32,float32,float32,float32,float32,123,123,gdn-h2-ev10-usegate0,gdn-h2-ev10-usegate0-s123-d123,,,2,10,false,true,4,4,4,2,true,checkpoints/flash-vqg-20260520-gdn-capacity-layout-followup-gdn-h2-ev10-s123-2026-05-20-08-36-24/gdn-h2-ev10-s123-d123-b64-ga4-fp32-noearly4ep/train_config.json,/home/lyj/mnt/project/zoology/checkpoints/flash-vqg-20260520-gdn-capacity-layout-followup-gdn-h2-ev10-s123-2026-05-20-08-36-24/gdn-h2-ev10-s123-d123-b64-ga4-fp32-noearly4ep/train_config.json,2c60882922bb6e58b193b16f98fc13a0d632d98e3b4d19ffe0c415fcefe8da8e,sha256:98ff23b8e6f033f6c87a3f3597bc5ce4efba730477b810dd39fc1cb866d6d54a,last.pt_epoch4_final,checkpoints/flash-vqg-20260520-gdn-capacity-layout-followup-gdn-h2-ev10-s123-2026-05-20-08-36-24/gdn-h2-ev10-s123-d123-b64-ga4-fp32-noearly4ep/last.pt,/home/lyj/mnt/project/zoology/checkpoints/flash-vqg-20260520-gdn-capacity-layout-followup-gdn-h2-ev10-s123-2026-05-20-08-36-24/gdn-h2-ev10-s123-d123-b64-ga4-fp32-noearly4ep/last.pt,true,98ff23b8e6f033f6c87a3f3597bc5ce4efba730477b810dd39fc1cb866d6d54a,9942975,2026-05-20T08:48:12.754877+00:00,3,,0.27598169445991516,0.981970703125,0.858921875,1434630,81920,81920,mqar-vocab8192-pass1-seed123-rnq1-power0.01-1024x256-n32,multiquery_ar,8192,1024,256,1,32,32,true,123,true,0.01,,,completed,1024x256,1024,256,32,32;16;8;4;2;1,32,2062.10009765625,,same_gpu_same_dtype_same_runner_only,true,0,0,NVIDIA GeForce RTX 2080 Ti,11264,7.5,GPU-57c29499-bcb3-27f6-4360-e60939528a9b,2.6.0+cu118,11.8,550.120,float32,float32,b64_ga4_fp32_official,NVIDIA_GeForce_RTX_2080_Ti-11264MiB-cc7.5-driver550.120-torch2.6.0+cu118-cuda11.8,1.8453289270401,0.8590087890625,1.8453289270401,0.8590087890625,24.19633197784424,00:00:24,2062.10009765625,2062.10009765625,3534.0,NVIDIA_GeForce_RTX_2080_Ti-11264MiB-cc7.5-driver550.120-torch2.6.0+cu118-cuda11.8,measured_current_host,0,0,NVIDIA GeForce RTX 2080 Ti,11264,7.5,GPU-57c29499-bcb3-27f6-4360-e60939528a9b,2.6.0+cu118,11.8,550.120,8eb730be36bbb0876ed83a332d364c65acb36b28,8eb730be36bbb0876ed83a332d364c65acb36b28,811e1ce5f140e97d93ad6f1adae07b95b4219143,docs/artifacts/longer-mqar/official-core-20260526,docs/artifacts/20260520-gdn-capacity-layout-followup/gdn-followup-final.csv,tmp/20260526-longer-mqar-official-core/logs/batch-search-candidate-gdn-h2-ev10-s123-d123-b64-ga4-fp32-noearly4ep-1024x256-n32-b32-gpu0.log,,,,123,68500f1bc9fdc7ff4edc301ab7303d253d578a27cbbbf7613c74e3e6a04cc9f3,"sha256(inputs,labels)",32x1024,32x1024,32,torch.int64/torch.int64,98ff23b8e6f033f6c87a3f3597bc5ce4efba730477b810dd39fc1cb866d6d54a,sha256,passed,true,,,,
2,20260526-longer-mqar-official-core:formal:gdn-h2-ev16-s123-d123-b64-ga4-fp32-noearly4ep:2048x512:n500,20260526-longer-mqar-official-core:formal:gdn-h2-ev16-s123-d123-b64-ga4-fp32-noearly4ep:2048x512:n500,20260526-longer-mqar-official-core,longer_mqar_eval_only,longer_mqar_eval_only_vocab8192_official_core_20260526,formal,completed,2026-05-25T22:19:50.644459+00:00,gdn,gdn-h2-ev16-s123-d123-b64-ga4-fp32-noearly4ep,current_float32_capacity_up_official,gdn-h2-ev16-usegate0-s123-d123,b64_ga4_fp32_official,b64_ga4_fp32_official,capacity_up_official_b64_ga4_fp32,64,16,4,256,b64_ga4,float32,float32,float32,float32,float32,float32,123,123,gdn-h2-ev16-usegate0,gdn-h2-ev16-usegate0-s123-d123,,,2,16,false,true,4,4,4,2,true,checkpoints/flash-vqg-20260519-gd-r10-gdn-official-b64-fp32-gdn-h2-ev16-s123-2026-05-20-05-11-12/gdn-h2-ev16-s123-d123-b64-ga4-fp32-noearly4ep/train_config.json,/home/lyj/mnt/project/zoology/checkpoints/flash-vqg-20260519-gd-r10-gdn-official-b64-fp32-gdn-h2-ev16-s123-2026-05-20-05-11-12/gdn-h2-ev16-s123-d123-b64-ga4-fp32-noearly4ep/train_config.json,cadbed60aedced0b97b394762a82a34fd411db5f4d0c12fc4fa96bcea066f038,sha256:01e210b0ddc0e41864436ae94c1e7b4ad811155735db5d91ba1b71bad87a782d,last.pt_epoch4_final,checkpoints/flash-vqg-20260519-gd-r10-gdn-official-b64-fp32-gdn-h2-ev16-s123-2026-05-20-05-11-12/gdn-h2-ev16-s123-d123-b64-ga4-fp32-noearly4ep/last.pt,/home/lyj/mnt/project/zoology/checkpoints/flash-vqg-20260519-gd-r10-gdn-official-b64-fp32-gdn-h2-ev16-s123-2026-05-20-05-11-12/gdn-h2-ev16-s123-d123-b64-ga4-fp32-noearly4ep/last.pt,true,01e210b0ddc0e41864436ae94c1e7b4ad811155735db5d91ba1b71bad87a782d,10743231,2026-05-20T05:24:51.593791+00:00,3,,0.4089028239250183,0.960376953125,0.7049296875,1634694,131072,131072,mqar-vocab8192-pass1-seed123-rnq1-power0.01-2048x512-n500,multiquery_ar,8192,2048,512,1,500,32,true,123,true,0.01,,,completed,2048x512,2048,512,32,32;16;8;4;2;1,32,4111.36328125,,same_gpu_same_dtype_same_runner_only,true,1,1,NVIDIA GeForce RTX 2080 Ti,11264,7.5,GPU-0def3eeb-c2d0-4f49-ec2a-ebc1d8453b98,2.6.0+cu118,11.8,550.120,float32,float32,b64_ga4_fp32_official,NVIDIA_GeForce_RTX_2080_Ti-11264MiB-cc7.5-driver550.120-torch2.6.0+cu118-cuda11.8,4.967329025268555,0.28591015625,4.967329025268555,0.28591015625,37.69797468185425,00:00:37,4111.8642578125,4111.8642578125,7422.0,NVIDIA_GeForce_RTX_2080_Ti-11264MiB-cc7.5-driver550.120-torch2.6.0+cu118-cuda11.8,measured_current_host,1,1,NVIDIA GeForce RTX 2080 Ti,11264,7.5,GPU-0def3eeb-c2d0-4f49-ec2a-ebc1d8453b98,2.6.0+cu118,11.8,550.120,8eb730be36bbb0876ed83a332d364c65acb36b28,8eb730be36bbb0876ed83a332d364c65acb36b28,811e1ce5f140e97d93ad6f1adae07b95b4219143,docs/artifacts/longer-mqar/official-core-20260526,docs/artifacts/20260519-gd-r10-gdn-official-b64-fp32/gdn-official-final.csv,tmp/20260526-longer-mqar-official-core/logs/formal-gdn-h2-ev16-s123-d123-b64-ga4-fp32-noearly4ep-2048x512-n500-b32-gpu1.log,,,,123,e446efc9f4dc774377c56c403a468c747870beb18ff0320f15df794dcb69f015,"sha256(inputs,labels)",500x2048,500x2048,500,torch.int64/torch.int64,01e210b0ddc0e41864436ae94c1e7b4ad811155735db5d91ba1b71bad87a782d,sha256,passed,true,,,,
2,20260526-longer-mqar-official-core:batch_search:gdn-h2-ev10-s123-d123-b64-ga4-fp32-noearly4ep:2048x512:n32,20260526-longer-mqar-official-core:batch_search:gdn-h2-ev10-s123-d123-b64-ga4-fp32-noearly4ep:2048x512:n32,20260526-longer-mqar-official-core,longer_mqar_eval_only,longer_mqar_eval_only_vocab8192_official_core_20260526,batch_search,completed,2026-05-25T22:20:11.102421+00:00,gdn,gdn-h2-ev10-s123-d123-b64-ga4-fp32-noearly4ep,gdn_capacity_layout_followup_candidate,gdn-h2-ev10-usegate0-s123-d123,b64_ga4_fp32_official,b64_ga4_fp32_official,official_gdn_capacity_layout_followup_b64_ga4_fp32,64,16,4,256,b64_ga4,float32,float32,float32,float32,float32,float32,123,123,gdn-h2-ev10-usegate0,gdn-h2-ev10-usegate0-s123-d123,,,2,10,false,true,4,4,4,2,true,checkpoints/flash-vqg-20260520-gdn-capacity-layout-followup-gdn-h2-ev10-s123-2026-05-20-08-36-24/gdn-h2-ev10-s123-d123-b64-ga4-fp32-noearly4ep/train_config.json,/home/lyj/mnt/project/zoology/checkpoints/flash-vqg-20260520-gdn-capacity-layout-followup-gdn-h2-ev10-s123-2026-05-20-08-36-24/gdn-h2-ev10-s123-d123-b64-ga4-fp32-noearly4ep/train_config.json,2c60882922bb6e58b193b16f98fc13a0d632d98e3b4d19ffe0c415fcefe8da8e,sha256:98ff23b8e6f033f6c87a3f3597bc5ce4efba730477b810dd39fc1cb866d6d54a,last.pt_epoch4_final,checkpoints/flash-vqg-20260520-gdn-capacity-layout-followup-gdn-h2-ev10-s123-2026-05-20-08-36-24/gdn-h2-ev10-s123-d123-b64-ga4-fp32-noearly4ep/last.pt,/home/lyj/mnt/project/zoology/checkpoints/flash-vqg-20260520-gdn-capacity-layout-followup-gdn-h2-ev10-s123-2026-05-20-08-36-24/gdn-h2-ev10-s123-d123-b64-ga4-fp32-noearly4ep/last.pt,true,98ff23b8e6f033f6c87a3f3597bc5ce4efba730477b810dd39fc1cb866d6d54a,9942975,2026-05-20T08:48:12.754877+00:00,3,,0.27598169445991516,0.981970703125,0.858921875,1434630,81920,81920,mqar-vocab8192-pass1-seed123-rnq1-power0.01-2048x512-n32,multiquery_ar,8192,2048,512,1,32,32,true,123,true,0.01,,,completed,2048x512,2048,512,32,32;16;8;4;2;1,32,4110.60009765625,,same_gpu_same_dtype_same_runner_only,true,0,0,NVIDIA GeForce RTX 2080 Ti,11264,7.5,GPU-57c29499-bcb3-27f6-4360-e60939528a9b,2.6.0+cu118,11.8,550.120,float32,float32,b64_ga4_fp32_official,NVIDIA_GeForce_RTX_2080_Ti-11264MiB-cc7.5-driver550.120-torch2.6.0+cu118-cuda11.8,4.636765480041504,0.36083984375,4.636765480041504,0.36083984375,27.67137908935547,00:00:27,4110.60009765625,4110.60009765625,6460.0,NVIDIA_GeForce_RTX_2080_Ti-11264MiB-cc7.5-driver550.120-torch2.6.0+cu118-cuda11.8,measured_current_host,0,0,NVIDIA GeForce RTX 2080 Ti,11264,7.5,GPU-57c29499-bcb3-27f6-4360-e60939528a9b,2.6.0+cu118,11.8,550.120,8eb730be36bbb0876ed83a332d364c65acb36b28,8eb730be36bbb0876ed83a332d364c65acb36b28,811e1ce5f140e97d93ad6f1adae07b95b4219143,docs/artifacts/longer-mqar/official-core-20260526,docs/artifacts/20260520-gdn-capacity-layout-followup/gdn-followup-final.csv,tmp/20260526-longer-mqar-official-core/logs/batch-search-candidate-gdn-h2-ev10-s123-d123-b64-ga4-fp32-noearly4ep-2048x512-n32-b32-gpu0.log,,,,123,34ea18c38dae38e2860b711425f27d090597975373a954d128324e3a04dcb012,"sha256(inputs,labels)",32x2048,32x2048,32,torch.int64/torch.int64,98ff23b8e6f033f6c87a3f3597bc5ce4efba730477b810dd39fc1cb866d6d54a,sha256,passed,true,,,,
2,20260526-longer-mqar-official-core:formal:gdn-h2-ev16-s123-d123-b64-ga4-fp32-noearly4ep:4096x1024:n500,20260526-longer-mqar-official-core:formal:gdn-h2-ev16-s123-d123-b64-ga4-fp32-noearly4ep:4096x1024:n500,20260526-longer-mqar-official-core,longer_mqar_eval_only,longer_mqar_eval_only_vocab8192_official_core_20260526,formal,completed,2026-05-25T22:20:40.682404+00:00,gdn,gdn-h2-ev16-s123-d123-b64-ga4-fp32-noearly4ep,current_float32_capacity_up_official,gdn-h2-ev16-usegate0-s123-d123,b64_ga4_fp32_official,b64_ga4_fp32_official,capacity_up_official_b64_ga4_fp32,64,16,4,256,b64_ga4,float32,float32,float32,float32,float32,float32,123,123,gdn-h2-ev16-usegate0,gdn-h2-ev16-usegate0-s123-d123,,,2,16,false,true,4,4,4,2,true,checkpoints/flash-vqg-20260519-gd-r10-gdn-official-b64-fp32-gdn-h2-ev16-s123-2026-05-20-05-11-12/gdn-h2-ev16-s123-d123-b64-ga4-fp32-noearly4ep/train_config.json,/home/lyj/mnt/project/zoology/checkpoints/flash-vqg-20260519-gd-r10-gdn-official-b64-fp32-gdn-h2-ev16-s123-2026-05-20-05-11-12/gdn-h2-ev16-s123-d123-b64-ga4-fp32-noearly4ep/train_config.json,cadbed60aedced0b97b394762a82a34fd411db5f4d0c12fc4fa96bcea066f038,sha256:01e210b0ddc0e41864436ae94c1e7b4ad811155735db5d91ba1b71bad87a782d,last.pt_epoch4_final,checkpoints/flash-vqg-20260519-gd-r10-gdn-official-b64-fp32-gdn-h2-ev16-s123-2026-05-20-05-11-12/gdn-h2-ev16-s123-d123-b64-ga4-fp32-noearly4ep/last.pt,/home/lyj/mnt/project/zoology/checkpoints/flash-vqg-20260519-gd-r10-gdn-official-b64-fp32-gdn-h2-ev16-s123-2026-05-20-05-11-12/gdn-h2-ev16-s123-d123-b64-ga4-fp32-noearly4ep/last.pt,true,01e210b0ddc0e41864436ae94c1e7b4ad811155735db5d91ba1b71bad87a782d,10743231,2026-05-20T05:24:51.593791+00:00,3,,0.4089028239250183,0.960376953125,0.7049296875,1634694,131072,131072,mqar-vocab8192-pass1-seed123-rnq1-power0.01-4096x1024-n500,multiquery_ar,8192,4096,1024,1,500,32,true,123,true,0.01,,,completed,4096x1024,4096,1024,32,32;16;8;4;2;1,32,8208.36328125,,same_gpu_same_dtype_same_runner_only,true,1,1,NVIDIA GeForce RTX 2080 Ti,11264,7.5,GPU-0def3eeb-c2d0-4f49-ec2a-ebc1d8453b98,2.6.0+cu118,11.8,550.120,float32,float32,b64_ga4_fp32_official,NVIDIA_GeForce_RTX_2080_Ti-11264MiB-cc7.5-driver550.120-torch2.6.0+cu118-cuda11.8,7.287055969238281,0.08493359375,7.287055969238281,0.08493359375,49.120742321014404,00:00:49,8209.3642578125,8209.3642578125,8288.0,NVIDIA_GeForce_RTX_2080_Ti-11264MiB-cc7.5-driver550.120-torch2.6.0+cu118-cuda11.8,measured_current_host,1,1,NVIDIA GeForce RTX 2080 Ti,11264,7.5,GPU-0def3eeb-c2d0-4f49-ec2a-ebc1d8453b98,2.6.0+cu118,11.8,550.120,8eb730be36bbb0876ed83a332d364c65acb36b28,8eb730be36bbb0876ed83a332d364c65acb36b28,811e1ce5f140e97d93ad6f1adae07b95b4219143,docs/artifacts/longer-mqar/official-core-20260526,docs/artifacts/20260519-gd-r10-gdn-official-b64-fp32/gdn-official-final.csv,tmp/20260526-longer-mqar-official-core/logs/formal-gdn-h2-ev16-s123-d123-b64-ga4-fp32-noearly4ep-4096x1024-n500-b32-gpu1.log,,,,123,0981292ce8ebea1402a4c3a7a6655dfc1de42688c329bd5ea921541a0f1d16ed,"sha256(inputs,labels)",500x4096,500x4096,500,torch.int64/torch.int64,01e210b0ddc0e41864436ae94c1e7b4ad811155735db5d91ba1b71bad87a782d,sha256,passed,true,,,,
2,20260526-longer-mqar-official-core:batch_search:gdn-h2-ev10-s123-d123-b64-ga4-fp32-noearly4ep:4096x1024:n32,20260526-longer-mqar-official-core:batch_search:gdn-h2-ev10-s123-d123-b64-ga4-fp32-noearly4ep:4096x1024:n32,20260526-longer-mqar-official-core,longer_mqar_eval_only,longer_mqar_eval_only_vocab8192_official_core_20260526,batch_search,completed,2026-05-25T22:20:48.040030+00:00,gdn,gdn-h2-ev10-s123-d123-b64-ga4-fp32-noearly4ep,gdn_capacity_layout_followup_candidate,gdn-h2-ev10-usegate0-s123-d123,b64_ga4_fp32_official,b64_ga4_fp32_official,official_gdn_capacity_layout_followup_b64_ga4_fp32,64,16,4,256,b64_ga4,float32,float32,float32,float32,float32,float32,123,123,gdn-h2-ev10-usegate0,gdn-h2-ev10-usegate0-s123-d123,,,2,10,false,true,4,4,4,2,true,checkpoints/flash-vqg-20260520-gdn-capacity-layout-followup-gdn-h2-ev10-s123-2026-05-20-08-36-24/gdn-h2-ev10-s123-d123-b64-ga4-fp32-noearly4ep/train_config.json,/home/lyj/mnt/project/zoology/checkpoints/flash-vqg-20260520-gdn-capacity-layout-followup-gdn-h2-ev10-s123-2026-05-20-08-36-24/gdn-h2-ev10-s123-d123-b64-ga4-fp32-noearly4ep/train_config.json,2c60882922bb6e58b193b16f98fc13a0d632d98e3b4d19ffe0c415fcefe8da8e,sha256:98ff23b8e6f033f6c87a3f3597bc5ce4efba730477b810dd39fc1cb866d6d54a,last.pt_epoch4_final,checkpoints/flash-vqg-20260520-gdn-capacity-layout-followup-gdn-h2-ev10-s123-2026-05-20-08-36-24/gdn-h2-ev10-s123-d123-b64-ga4-fp32-noearly4ep/last.pt,/home/lyj/mnt/project/zoology/checkpoints/flash-vqg-20260520-gdn-capacity-layout-followup-gdn-h2-ev10-s123-2026-05-20-08-36-24/gdn-h2-ev10-s123-d123-b64-ga4-fp32-noearly4ep/last.pt,true,98ff23b8e6f033f6c87a3f3597bc5ce4efba730477b810dd39fc1cb866d6d54a,9942975,2026-05-20T08:48:12.754877+00:00,3,,0.27598169445991516,0.981970703125,0.858921875,1434630,81920,81920,mqar-vocab8192-pass1-seed123-rnq1-power0.01-4096x1024-n32,multiquery_ar,8192,4096,1024,1,32,32,true,123,true,0.01,,,completed,4096x1024,4096,1024,32,32;16;8;4;2;1,32,8207.60009765625,,same_gpu_same_dtype_same_runner_only,true,0,0,NVIDIA GeForce RTX 2080 Ti,11264,7.5,GPU-57c29499-bcb3-27f6-4360-e60939528a9b,2.6.0+cu118,11.8,550.120,float32,float32,b64_ga4_fp32_official,NVIDIA_GeForce_RTX_2080_Ti-11264MiB-cc7.5-driver550.120-torch2.6.0+cu118-cuda11.8,7.405564785003662,0.076934814453125,7.405564785003662,0.076934814453125,36.065088987350464,00:00:36,8207.60009765625,8207.60009765625,8288.0,NVIDIA_GeForce_RTX_2080_Ti-11264MiB-cc7.5-driver550.120-torch2.6.0+cu118-cuda11.8,measured_current_host,0,0,NVIDIA GeForce RTX 2080 Ti,11264,7.5,GPU-57c29499-bcb3-27f6-4360-e60939528a9b,2.6.0+cu118,11.8,550.120,8eb730be36bbb0876ed83a332d364c65acb36b28,8eb730be36bbb0876ed83a332d364c65acb36b28,811e1ce5f140e97d93ad6f1adae07b95b4219143,docs/artifacts/longer-mqar/official-core-20260526,docs/artifacts/20260520-gdn-capacity-layout-followup/gdn-followup-final.csv,tmp/20260526-longer-mqar-official-core/logs/batch-search-candidate-gdn-h2-ev10-s123-d123-b64-ga4-fp32-noearly4ep-4096x1024-n32-b32-gpu0.log,,,,123,55274181d24158d3fe53491784d87fabe3a981427663df2ac8ed40876e72a1b8,"sha256(inputs,labels)",32x4096,32x4096,32,torch.int64/torch.int64,98ff23b8e6f033f6c87a3f3597bc5ce4efba730477b810dd39fc1cb866d6d54a,sha256,passed,true,,,,
2,20260526-longer-mqar-official-core:formal:gdn-h2-ev16-s123-d123-b64-ga4-fp32-noearly4ep:8190x512:n500,20260526-longer-mqar-official-core:formal:gdn-h2-ev16-s123-d123-b64-ga4-fp32-noearly4ep:8190x512:n500,20260526-longer-mqar-official-core,longer_mqar_eval_only,longer_mqar_eval_only_vocab8192_official_core_20260526,formal,completed,2026-05-25T22:21:33.304960+00:00,gdn,gdn-h2-ev16-s123-d123-b64-ga4-fp32-noearly4ep,current_float32_capacity_up_official,gdn-h2-ev16-usegate0-s123-d123,b64_ga4_fp32_official,b64_ga4_fp32_official,capacity_up_official_b64_ga4_fp32,64,16,4,256,b64_ga4,float32,float32,float32,float32,float32,float32,123,123,gdn-h2-ev16-usegate0,gdn-h2-ev16-usegate0-s123-d123,,,2,16,false,true,4,4,4,2,true,checkpoints/flash-vqg-20260519-gd-r10-gdn-official-b64-fp32-gdn-h2-ev16-s123-2026-05-20-05-11-12/gdn-h2-ev16-s123-d123-b64-ga4-fp32-noearly4ep/train_config.json,/home/lyj/mnt/project/zoology/checkpoints/flash-vqg-20260519-gd-r10-gdn-official-b64-fp32-gdn-h2-ev16-s123-2026-05-20-05-11-12/gdn-h2-ev16-s123-d123-b64-ga4-fp32-noearly4ep/train_config.json,cadbed60aedced0b97b394762a82a34fd411db5f4d0c12fc4fa96bcea066f038,sha256:01e210b0ddc0e41864436ae94c1e7b4ad811155735db5d91ba1b71bad87a782d,last.pt_epoch4_final,checkpoints/flash-vqg-20260519-gd-r10-gdn-official-b64-fp32-gdn-h2-ev16-s123-2026-05-20-05-11-12/gdn-h2-ev16-s123-d123-b64-ga4-fp32-noearly4ep/last.pt,/home/lyj/mnt/project/zoology/checkpoints/flash-vqg-20260519-gd-r10-gdn-official-b64-fp32-gdn-h2-ev16-s123-2026-05-20-05-11-12/gdn-h2-ev16-s123-d123-b64-ga4-fp32-noearly4ep/last.pt,true,01e210b0ddc0e41864436ae94c1e7b4ad811155735db5d91ba1b71bad87a782d,10743231,2026-05-20T05:24:51.593791+00:00,3,,0.4089028239250183,0.960376953125,0.7049296875,1634694,131072,131072,mqar-vocab8192-pass1-seed123-rnq1-power0.01-8190x512-n500,multiquery_ar,8192,8190,512,1,500,16,true,123,true,0.01,,,completed,8190x2047,8190,2047,32,32;16;8;4;2;1,16,8209.3642578125,"b32:oom:oom:torch.OutOfMemoryError: CUDA out of memory. Tried to allocate 2.00 GiB. GPU 0 has a total capacity of 10.75 GiB of which 555.75 MiB is free. Process 1229323 has 10.20 GiB memory in use. Of the allocated memory 7.40 GiB is allocated by PyTorch, and 2.00 GiB is reserved by PyTorch but unallocated. If reserved but unallocated memory is large try setting PYTORCH_CUDA_ALLOC_CONF=expandable_segments:True to avoid fragmentation.  See documentation for Memory Management  (https://pytorch.org/docs/stable/notes/cuda.html#environment-variables)",same_gpu_same_dtype_same_runner_only,true,1,1,NVIDIA GeForce RTX 2080 Ti,11264,7.5,GPU-0def3eeb-c2d0-4f49-ec2a-ebc1d8453b98,2.6.0+cu118,11.8,550.120,float32,float32,b64_ga4_fp32_official,NVIDIA_GeForce_RTX_2080_Ti-11264MiB-cc7.5-driver550.120-torch2.6.0+cu118-cuda11.8,5.602991580963135,0.2088203125,5.602991580963135,0.2088203125,51.74221229553223,00:00:51,8209.3642578125,8209.3642578125,8288.0,NVIDIA_GeForce_RTX_2080_Ti-11264MiB-cc7.5-driver550.120-torch2.6.0+cu118-cuda11.8,measured_current_host,1,1,NVIDIA GeForce RTX 2080 Ti,11264,7.5,GPU-0def3eeb-c2d0-4f49-ec2a-ebc1d8453b98,2.6.0+cu118,11.8,550.120,8eb730be36bbb0876ed83a332d364c65acb36b28,8eb730be36bbb0876ed83a332d364c65acb36b28,811e1ce5f140e97d93ad6f1adae07b95b4219143,docs/artifacts/longer-mqar/official-core-20260526,docs/artifacts/20260519-gd-r10-gdn-official-b64-fp32/gdn-official-final.csv,tmp/20260526-longer-mqar-official-core/logs/formal-gdn-h2-ev16-s123-d123-b64-ga4-fp32-noearly4ep-8190x512-n500-b16-gpu1.log,,,,123,37a8533a985fabd3db03daf9dfd3a8e0936513ab724039c63b9a22bf352d002d,"sha256(inputs,labels)",500x8190,500x8190,500,torch.int64/torch.int64,01e210b0ddc0e41864436ae94c1e7b4ad811155735db5d91ba1b71bad87a782d,sha256,passed,true,,,,
2,20260526-longer-mqar-official-core:batch_search:gdn-h2-ev10-s123-d123-b64-ga4-fp32-noearly4ep:8190x512:n32,20260526-longer-mqar-official-core:batch_search:gdn-h2-ev10-s123-d123-b64-ga4-fp32-noearly4ep:8190x512:n32,20260526-longer-mqar-official-core,longer_mqar_eval_only,longer_mqar_eval_only_vocab8192_official_core_20260526,batch_search,completed,2026-05-25T22:22:24.093269+00:00,gdn,gdn-h2-ev10-s123-d123-b64-ga4-fp32-noearly4ep,gdn_capacity_layout_followup_candidate,gdn-h2-ev10-usegate0-s123-d123,b64_ga4_fp32_official,b64_ga4_fp32_official,official_gdn_capacity_layout_followup_b64_ga4_fp32,64,16,4,256,b64_ga4,float32,float32,float32,float32,float32,float32,123,123,gdn-h2-ev10-usegate0,gdn-h2-ev10-usegate0-s123-d123,,,2,10,false,true,4,4,4,2,true,checkpoints/flash-vqg-20260520-gdn-capacity-layout-followup-gdn-h2-ev10-s123-2026-05-20-08-36-24/gdn-h2-ev10-s123-d123-b64-ga4-fp32-noearly4ep/train_config.json,/home/lyj/mnt/project/zoology/checkpoints/flash-vqg-20260520-gdn-capacity-layout-followup-gdn-h2-ev10-s123-2026-05-20-08-36-24/gdn-h2-ev10-s123-d123-b64-ga4-fp32-noearly4ep/train_config.json,2c60882922bb6e58b193b16f98fc13a0d632d98e3b4d19ffe0c415fcefe8da8e,sha256:98ff23b8e6f033f6c87a3f3597bc5ce4efba730477b810dd39fc1cb866d6d54a,last.pt_epoch4_final,checkpoints/flash-vqg-20260520-gdn-capacity-layout-followup-gdn-h2-ev10-s123-2026-05-20-08-36-24/gdn-h2-ev10-s123-d123-b64-ga4-fp32-noearly4ep/last.pt,/home/lyj/mnt/project/zoology/checkpoints/flash-vqg-20260520-gdn-capacity-layout-followup-gdn-h2-ev10-s123-2026-05-20-08-36-24/gdn-h2-ev10-s123-d123-b64-ga4-fp32-noearly4ep/last.pt,true,98ff23b8e6f033f6c87a3f3597bc5ce4efba730477b810dd39fc1cb866d6d54a,9942975,2026-05-20T08:48:12.754877+00:00,3,,0.27598169445991516,0.981970703125,0.858921875,1434630,81920,81920,mqar-vocab8192-pass1-seed123-rnq1-power0.01-8190x512-n32,multiquery_ar,8192,8190,512,1,32,16,true,123,true,0.01,,,completed,8190x512,8190,512,32,32;16;8;4;2;1,16,8208.60107421875,"b32:oom:oom:torch.OutOfMemoryError: CUDA out of memory. Tried to allocate 8.00 GiB. GPU 0 has a total capacity of 10.74 GiB of which 1.90 GiB is free. Process 1230122 has 8.82 GiB memory in use. Of the allocated memory 8.02 GiB is allocated by PyTorch, and 4.40 MiB is reserved by PyTorch but unallocated. If reserved but unallocated memory is large try setting PYTORCH_CUDA_ALLOC_CONF=expandable_segments:True to avoid fragmentation.  See documentation for Memory Management  (https://pytorch.org/docs/stable/notes/cuda.html#environment-variables)",same_gpu_same_dtype_same_runner_only,true,0,0,NVIDIA GeForce RTX 2080 Ti,11264,7.5,GPU-57c29499-bcb3-27f6-4360-e60939528a9b,2.6.0+cu118,11.8,550.120,float32,float32,b64_ga4_fp32_official,NVIDIA_GeForce_RTX_2080_Ti-11264MiB-cc7.5-driver550.120-torch2.6.0+cu118-cuda11.8,5.81333065032959,0.22686767578125,5.81333065032959,0.22686767578125,39.103445053100586,00:00:39,8208.60107421875,8208.60107421875,8286.0,NVIDIA_GeForce_RTX_2080_Ti-11264MiB-cc7.5-driver550.120-torch2.6.0+cu118-cuda11.8,measured_current_host,0,0,NVIDIA GeForce RTX 2080 Ti,11264,7.5,GPU-57c29499-bcb3-27f6-4360-e60939528a9b,2.6.0+cu118,11.8,550.120,8eb730be36bbb0876ed83a332d364c65acb36b28,8eb730be36bbb0876ed83a332d364c65acb36b28,811e1ce5f140e97d93ad6f1adae07b95b4219143,docs/artifacts/longer-mqar/official-core-20260526,docs/artifacts/20260520-gdn-capacity-layout-followup/gdn-followup-final.csv,tmp/20260526-longer-mqar-official-core/logs/batch-search-candidate-gdn-h2-ev10-s123-d123-b64-ga4-fp32-noearly4ep-8190x512-n32-b16-gpu0.log,,,,123,23d7ffc7467f8e355ec7cb4c739cf5494449c559427d204883d63d7dca4f4351,"sha256(inputs,labels)",32x8190,32x8190,32,torch.int64/torch.int64,98ff23b8e6f033f6c87a3f3597bc5ce4efba730477b810dd39fc1cb866d6d54a,sha256,passed,true,,,,
2,20260526-longer-mqar-official-core:formal:gdn-h2-ev16-s123-d123-b64-ga4-fp32-noearly4ep:8190x2047:n500,20260526-longer-mqar-official-core:formal:gdn-h2-ev16-s123-d123-b64-ga4-fp32-noearly4ep:8190x2047:n500,20260526-longer-mqar-official-core,longer_mqar_eval_only,longer_mqar_eval_only_vocab8192_official_core_20260526,formal,completed,2026-05-25T22:22:26.398704+00:00,gdn,gdn-h2-ev16-s123-d123-b64-ga4-fp32-noearly4ep,current_float32_capacity_up_official,gdn-h2-ev16-usegate0-s123-d123,b64_ga4_fp32_official,b64_ga4_fp32_official,capacity_up_official_b64_ga4_fp32,64,16,4,256,b64_ga4,float32,float32,float32,float32,float32,float32,123,123,gdn-h2-ev16-usegate0,gdn-h2-ev16-usegate0-s123-d123,,,2,16,false,true,4,4,4,2,true,checkpoints/flash-vqg-20260519-gd-r10-gdn-official-b64-fp32-gdn-h2-ev16-s123-2026-05-20-05-11-12/gdn-h2-ev16-s123-d123-b64-ga4-fp32-noearly4ep/train_config.json,/home/lyj/mnt/project/zoology/checkpoints/flash-vqg-20260519-gd-r10-gdn-official-b64-fp32-gdn-h2-ev16-s123-2026-05-20-05-11-12/gdn-h2-ev16-s123-d123-b64-ga4-fp32-noearly4ep/train_config.json,cadbed60aedced0b97b394762a82a34fd411db5f4d0c12fc4fa96bcea066f038,sha256:01e210b0ddc0e41864436ae94c1e7b4ad811155735db5d91ba1b71bad87a782d,last.pt_epoch4_final,checkpoints/flash-vqg-20260519-gd-r10-gdn-official-b64-fp32-gdn-h2-ev16-s123-2026-05-20-05-11-12/gdn-h2-ev16-s123-d123-b64-ga4-fp32-noearly4ep/last.pt,/home/lyj/mnt/project/zoology/checkpoints/flash-vqg-20260519-gd-r10-gdn-official-b64-fp32-gdn-h2-ev16-s123-2026-05-20-05-11-12/gdn-h2-ev16-s123-d123-b64-ga4-fp32-noearly4ep/last.pt,true,01e210b0ddc0e41864436ae94c1e7b4ad811155735db5d91ba1b71bad87a782d,10743231,2026-05-20T05:24:51.593791+00:00,3,,0.4089028239250183,0.960376953125,0.7049296875,1634694,131072,131072,mqar-vocab8192-pass1-seed123-rnq1-power0.01-8190x2047-n500,multiquery_ar,8192,8190,2047,1,500,16,true,123,true,0.01,,,completed,8190x2047,8190,2047,32,32;16;8;4;2;1,16,8209.3642578125,"b32:oom:oom:torch.OutOfMemoryError: CUDA out of memory. Tried to allocate 2.00 GiB. GPU 0 has a total capacity of 10.75 GiB of which 555.75 MiB is free. Process 1229323 has 10.20 GiB memory in use. Of the allocated memory 7.40 GiB is allocated by PyTorch, and 2.00 GiB is reserved by PyTorch but unallocated. If reserved but unallocated memory is large try setting PYTORCH_CUDA_ALLOC_CONF=expandable_segments:True to avoid fragmentation.  See documentation for Memory Management  (https://pytorch.org/docs/stable/notes/cuda.html#environment-variables)",same_gpu_same_dtype_same_runner_only,true,1,1,NVIDIA GeForce RTX 2080 Ti,11264,7.5,GPU-0def3eeb-c2d0-4f49-ec2a-ebc1d8453b98,2.6.0+cu118,11.8,550.120,float32,float32,b64_ga4_fp32_official,NVIDIA_GeForce_RTX_2080_Ti-11264MiB-cc7.5-driver550.120-torch2.6.0+cu118-cuda11.8,8.970255851745605,0.014005862237420615,8.970255851745605,0.014005862237420615,52.19379806518555,00:00:52,8209.3642578125,8209.3642578125,8288.0,NVIDIA_GeForce_RTX_2080_Ti-11264MiB-cc7.5-driver550.120-torch2.6.0+cu118-cuda11.8,measured_current_host,1,1,NVIDIA GeForce RTX 2080 Ti,11264,7.5,GPU-0def3eeb-c2d0-4f49-ec2a-ebc1d8453b98,2.6.0+cu118,11.8,550.120,8eb730be36bbb0876ed83a332d364c65acb36b28,8eb730be36bbb0876ed83a332d364c65acb36b28,811e1ce5f140e97d93ad6f1adae07b95b4219143,docs/artifacts/longer-mqar/official-core-20260526,docs/artifacts/20260519-gd-r10-gdn-official-b64-fp32/gdn-official-final.csv,tmp/20260526-longer-mqar-official-core/logs/formal-gdn-h2-ev16-s123-d123-b64-ga4-fp32-noearly4ep-8190x2047-n500-b16-gpu1.log,,,,123,8c16a91ea127bb7bf2130238ecd56b49fb1fd73bb3e0c2f4c586ddba8e9b97a9,"sha256(inputs,labels)",500x8190,500x8190,500,torch.int64/torch.int64,01e210b0ddc0e41864436ae94c1e7b4ad811155735db5d91ba1b71bad87a782d,sha256,passed,true,,,,
2,20260526-longer-mqar-official-core:repro:gdn-h2-ev16-s123-d123-b64-ga4-fp32-noearly4ep:1024x256:n500,20260526-longer-mqar-official-core:repro:gdn-h2-ev16-s123-d123-b64-ga4-fp32-noearly4ep:1024x256:n500,20260526-longer-mqar-official-core,longer_mqar_eval_only,longer_mqar_eval_only_vocab8192_official_core_20260526,repro,completed,2026-05-25T22:22:59.533133+00:00,gdn,gdn-h2-ev16-s123-d123-b64-ga4-fp32-noearly4ep,current_float32_capacity_up_official,gdn-h2-ev16-usegate0-s123-d123,b64_ga4_fp32_official,b64_ga4_fp32_official,capacity_up_official_b64_ga4_fp32,64,16,4,256,b64_ga4,float32,float32,float32,float32,float32,float32,123,123,gdn-h2-ev16-usegate0,gdn-h2-ev16-usegate0-s123-d123,,,2,16,false,true,4,4,4,2,true,checkpoints/flash-vqg-20260519-gd-r10-gdn-official-b64-fp32-gdn-h2-ev16-s123-2026-05-20-05-11-12/gdn-h2-ev16-s123-d123-b64-ga4-fp32-noearly4ep/train_config.json,/home/lyj/mnt/project/zoology/checkpoints/flash-vqg-20260519-gd-r10-gdn-official-b64-fp32-gdn-h2-ev16-s123-2026-05-20-05-11-12/gdn-h2-ev16-s123-d123-b64-ga4-fp32-noearly4ep/train_config.json,cadbed60aedced0b97b394762a82a34fd411db5f4d0c12fc4fa96bcea066f038,sha256:01e210b0ddc0e41864436ae94c1e7b4ad811155735db5d91ba1b71bad87a782d,last.pt_epoch4_final,checkpoints/flash-vqg-20260519-gd-r10-gdn-official-b64-fp32-gdn-h2-ev16-s123-2026-05-20-05-11-12/gdn-h2-ev16-s123-d123-b64-ga4-fp32-noearly4ep/last.pt,/home/lyj/mnt/project/zoology/checkpoints/flash-vqg-20260519-gd-r10-gdn-official-b64-fp32-gdn-h2-ev16-s123-2026-05-20-05-11-12/gdn-h2-ev16-s123-d123-b64-ga4-fp32-noearly4ep/last.pt,true,01e210b0ddc0e41864436ae94c1e7b4ad811155735db5d91ba1b71bad87a782d,10743231,2026-05-20T05:24:51.593791+00:00,3,,0.4089028239250183,0.960376953125,0.7049296875,1634694,131072,131072,mqar-vocab8192-pass1-seed123-rnq1-power0.01-1024x256-n500,multiquery_ar,8192,1024,256,1,500,32,false,123,true,0.01,,,,,,,,,,,,,,,,,,,,,,,,,,,2.490771532058716,0.7044140625,2.490771532058716,0.7044140625,32.20707559585571,00:00:32,2063.1142578125,2063.1142578125,3984.0,NVIDIA_GeForce_RTX_2080_Ti-11264MiB-cc7.5-driver550.120-torch2.6.0+cu118-cuda11.8,measured_current_host,1,1,NVIDIA GeForce RTX 2080 Ti,11264,7.5,GPU-0def3eeb-c2d0-4f49-ec2a-ebc1d8453b98,2.6.0+cu118,11.8,550.120,8eb730be36bbb0876ed83a332d364c65acb36b28,8eb730be36bbb0876ed83a332d364c65acb36b28,811e1ce5f140e97d93ad6f1adae07b95b4219143,docs/artifacts/longer-mqar/official-core-20260526,docs/artifacts/20260519-gd-r10-gdn-official-b64-fp32/gdn-official-final.csv,tmp/20260526-longer-mqar-official-core/logs/repro-gdn-h2-ev16-s123-d123-b64-ga4-fp32-noearly4ep-1024x256-n500-b32-gpu1.log,,,,123,f30f1e09e1300deb2e0f430d7c50c47a77f58f43657aa4d6f425f938a91a9acb,"sha256(inputs,labels)",500x1024,500x1024,500,torch.int64/torch.int64,01e210b0ddc0e41864436ae94c1e7b4ad811155735db5d91ba1b71bad87a782d,sha256,passed,true,20260526-longer-mqar-official-core:formal:gdn-h2-ev16-s123-d123-b64-ga4-fp32-noearly4ep:1024x256:n500,true,0.0,true
2,20260526-longer-mqar-official-core:batch_search:gdn-h2-ev8-s127-d123-b64-ga4-fp32-noearly4ep:1024x256:n32,20260526-longer-mqar-official-core:batch_search:gdn-h2-ev8-s127-d123-b64-ga4-fp32-noearly4ep:1024x256:n32,20260526-longer-mqar-official-core,longer_mqar_eval_only,longer_mqar_eval_only_vocab8192_official_core_20260526,batch_search,completed,2026-05-25T22:23:23.978390+00:00,gdn,gdn-h2-ev8-s127-d123-b64-ga4-fp32-noearly4ep,gdn_capacity_layout_followup_candidate,gdn-h2-ev8-usegate0-s127-d123,b64_ga4_fp32_official,b64_ga4_fp32_official,official_gdn_capacity_layout_followup_b64_ga4_fp32,64,16,4,256,b64_ga4,float32,float32,float32,float32,float32,float32,127,123,gdn-h2-ev8-usegate0,gdn-h2-ev8-usegate0-s127-d123,,,2,8,false,true,4,4,4,2,true,checkpoints/flash-vqg-20260520-gdn-capacity-layout-followup-gdn-h2-ev8-s127-2026-05-20-07-34-01/gdn-h2-ev8-s127-d123-b64-ga4-fp32-noearly4ep/train_config.json,/home/lyj/mnt/project/zoology/checkpoints/flash-vqg-20260520-gdn-capacity-layout-followup-gdn-h2-ev8-s127-2026-05-20-07-34-01/gdn-h2-ev8-s127-d123-b64-ga4-fp32-noearly4ep/train_config.json,2f41f8d923d9a11b406bd56e042a65ca3ee027e4d9e0dc2f92bd9b5aaea27fad,sha256:48b0f1b0ffd588488183989011054315034b0de053ed45ab0a111f31440e55c8,last.pt_epoch4_final,checkpoints/flash-vqg-20260520-gdn-capacity-layout-followup-gdn-h2-ev8-s127-2026-05-20-07-34-01/gdn-h2-ev8-s127-d123-b64-ga4-fp32-noearly4ep/last.pt,/home/lyj/mnt/project/zoology/checkpoints/flash-vqg-20260520-gdn-capacity-layout-followup-gdn-h2-ev8-s127-2026-05-20-07-34-01/gdn-h2-ev8-s127-d123-b64-ga4-fp32-noearly4ep/last.pt,true,48b0f1b0ffd588488183989011054315034b0de053ed45ab0a111f31440e55c8,9676223,2026-05-20T07:41:41.802525+00:00,3,,0.30102211236953735,0.97508056640625,0.80641796875,1367942,65536,65536,mqar-vocab8192-pass1-seed123-rnq1-power0.01-1024x256-n32,multiquery_ar,8192,1024,256,1,32,32,true,123,true,0.01,,,completed,1024x256,1024,256,32,32;16;8;4;2;1,32,2061.845703125,,same_gpu_same_dtype_same_runner_only,true,1,1,NVIDIA GeForce RTX 2080 Ti,11264,7.5,GPU-0def3eeb-c2d0-4f49-ec2a-ebc1d8453b98,2.6.0+cu118,11.8,550.120,float32,float32,b64_ga4_fp32_official,NVIDIA_GeForce_RTX_2080_Ti-11264MiB-cc7.5-driver550.120-torch2.6.0+cu118-cuda11.8,1.9786239862442017,0.8065185546875,1.9786239862442017,0.8065185546875,23.526283979415894,00:00:23,2061.845703125,2061.845703125,3342.0,NVIDIA_GeForce_RTX_2080_Ti-11264MiB-cc7.5-driver550.120-torch2.6.0+cu118-cuda11.8,measured_current_host,1,1,NVIDIA GeForce RTX 2080 Ti,11264,7.5,GPU-0def3eeb-c2d0-4f49-ec2a-ebc1d8453b98,2.6.0+cu118,11.8,550.120,8eb730be36bbb0876ed83a332d364c65acb36b28,8eb730be36bbb0876ed83a332d364c65acb36b28,811e1ce5f140e97d93ad6f1adae07b95b4219143,docs/artifacts/longer-mqar/official-core-20260526,docs/artifacts/20260520-gdn-capacity-layout-followup/gdn-followup-final.csv,tmp/20260526-longer-mqar-official-core/logs/batch-search-candidate-gdn-h2-ev8-s127-d123-b64-ga4-fp32-noearly4ep-1024x256-n32-b32-gpu1.log,,,,123,68500f1bc9fdc7ff4edc301ab7303d253d578a27cbbbf7613c74e3e6a04cc9f3,"sha256(inputs,labels)",32x1024,32x1024,32,torch.int64/torch.int64,48b0f1b0ffd588488183989011054315034b0de053ed45ab0a111f31440e55c8,sha256,passed,true,,,,
2,20260526-longer-mqar-official-core:batch_search:gdn-h2-ev8-s127-d123-b64-ga4-fp32-noearly4ep:2048x512:n32,20260526-longer-mqar-official-core:batch_search:gdn-h2-ev8-s127-d123-b64-ga4-fp32-noearly4ep:2048x512:n32,20260526-longer-mqar-official-core,longer_mqar_eval_only,longer_mqar_eval_only_vocab8192_official_core_20260526,batch_search,completed,2026-05-25T22:23:50.580219+00:00,gdn,gdn-h2-ev8-s127-d123-b64-ga4-fp32-noearly4ep,gdn_capacity_layout_followup_candidate,gdn-h2-ev8-usegate0-s127-d123,b64_ga4_fp32_official,b64_ga4_fp32_official,official_gdn_capacity_layout_followup_b64_ga4_fp32,64,16,4,256,b64_ga4,float32,float32,float32,float32,float32,float32,127,123,gdn-h2-ev8-usegate0,gdn-h2-ev8-usegate0-s127-d123,,,2,8,false,true,4,4,4,2,true,checkpoints/flash-vqg-20260520-gdn-capacity-layout-followup-gdn-h2-ev8-s127-2026-05-20-07-34-01/gdn-h2-ev8-s127-d123-b64-ga4-fp32-noearly4ep/train_config.json,/home/lyj/mnt/project/zoology/checkpoints/flash-vqg-20260520-gdn-capacity-layout-followup-gdn-h2-ev8-s127-2026-05-20-07-34-01/gdn-h2-ev8-s127-d123-b64-ga4-fp32-noearly4ep/train_config.json,2f41f8d923d9a11b406bd56e042a65ca3ee027e4d9e0dc2f92bd9b5aaea27fad,sha256:48b0f1b0ffd588488183989011054315034b0de053ed45ab0a111f31440e55c8,last.pt_epoch4_final,checkpoints/flash-vqg-20260520-gdn-capacity-layout-followup-gdn-h2-ev8-s127-2026-05-20-07-34-01/gdn-h2-ev8-s127-d123-b64-ga4-fp32-noearly4ep/last.pt,/home/lyj/mnt/project/zoology/checkpoints/flash-vqg-20260520-gdn-capacity-layout-followup-gdn-h2-ev8-s127-2026-05-20-07-34-01/gdn-h2-ev8-s127-d123-b64-ga4-fp32-noearly4ep/last.pt,true,48b0f1b0ffd588488183989011054315034b0de053ed45ab0a111f31440e55c8,9676223,2026-05-20T07:41:41.802525+00:00,3,,0.30102211236953735,0.97508056640625,0.80641796875,1367942,65536,65536,mqar-vocab8192-pass1-seed123-rnq1-power0.01-2048x512-n32,multiquery_ar,8192,2048,512,1,32,32,true,123,true,0.01,,,completed,2048x512,2048,512,32,32;16;8;4;2;1,32,4110.345703125,,same_gpu_same_dtype_same_runner_only,true,1,1,NVIDIA GeForce RTX 2080 Ti,11264,7.5,GPU-0def3eeb-c2d0-4f49-ec2a-ebc1d8453b98,2.6.0+cu118,11.8,550.120,float32,float32,b64_ga4_fp32_official,NVIDIA_GeForce_RTX_2080_Ti-11264MiB-cc7.5-driver550.120-torch2.6.0+cu118-cuda11.8,4.814219951629639,0.339111328125,4.814219951629639,0.339111328125,25.742286920547485,00:00:25,4110.345703125,4110.345703125,6140.0,NVIDIA_GeForce_RTX_2080_Ti-11264MiB-cc7.5-driver550.120-torch2.6.0+cu118-cuda11.8,measured_current_host,1,1,NVIDIA GeForce RTX 2080 Ti,11264,7.5,GPU-0def3eeb-c2d0-4f49-ec2a-ebc1d8453b98,2.6.0+cu118,11.8,550.120,8eb730be36bbb0876ed83a332d364c65acb36b28,8eb730be36bbb0876ed83a332d364c65acb36b28,811e1ce5f140e97d93ad6f1adae07b95b4219143,docs/artifacts/longer-mqar/official-core-20260526,docs/artifacts/20260520-gdn-capacity-layout-followup/gdn-followup-final.csv,tmp/20260526-longer-mqar-official-core/logs/batch-search-candidate-gdn-h2-ev8-s127-d123-b64-ga4-fp32-noearly4ep-2048x512-n32-b32-gpu1.log,,,,123,34ea18c38dae38e2860b711425f27d090597975373a954d128324e3a04dcb012,"sha256(inputs,labels)",32x2048,32x2048,32,torch.int64/torch.int64,48b0f1b0ffd588488183989011054315034b0de053ed45ab0a111f31440e55c8,sha256,passed,true,,,,
2,20260526-longer-mqar-official-core:batch_search:gdn-h2-ev10-s123-d123-b64-ga4-fp32-noearly4ep:8190x2047:n32,20260526-longer-mqar-official-core:batch_search:gdn-h2-ev10-s123-d123-b64-ga4-fp32-noearly4ep:8190x2047:n32,20260526-longer-mqar-official-core,longer_mqar_eval_only,longer_mqar_eval_only_vocab8192_official_core_20260526,batch_search,completed,2026-05-25T22:23:54.429416+00:00,gdn,gdn-h2-ev10-s123-d123-b64-ga4-fp32-noearly4ep,gdn_capacity_layout_followup_candidate,gdn-h2-ev10-usegate0-s123-d123,b64_ga4_fp32_official,b64_ga4_fp32_official,official_gdn_capacity_layout_followup_b64_ga4_fp32,64,16,4,256,b64_ga4,float32,float32,float32,float32,float32,float32,123,123,gdn-h2-ev10-usegate0,gdn-h2-ev10-usegate0-s123-d123,,,2,10,false,true,4,4,4,2,true,checkpoints/flash-vqg-20260520-gdn-capacity-layout-followup-gdn-h2-ev10-s123-2026-05-20-08-36-24/gdn-h2-ev10-s123-d123-b64-ga4-fp32-noearly4ep/train_config.json,/home/lyj/mnt/project/zoology/checkpoints/flash-vqg-20260520-gdn-capacity-layout-followup-gdn-h2-ev10-s123-2026-05-20-08-36-24/gdn-h2-ev10-s123-d123-b64-ga4-fp32-noearly4ep/train_config.json,2c60882922bb6e58b193b16f98fc13a0d632d98e3b4d19ffe0c415fcefe8da8e,sha256:98ff23b8e6f033f6c87a3f3597bc5ce4efba730477b810dd39fc1cb866d6d54a,last.pt_epoch4_final,checkpoints/flash-vqg-20260520-gdn-capacity-layout-followup-gdn-h2-ev10-s123-2026-05-20-08-36-24/gdn-h2-ev10-s123-d123-b64-ga4-fp32-noearly4ep/last.pt,/home/lyj/mnt/project/zoology/checkpoints/flash-vqg-20260520-gdn-capacity-layout-followup-gdn-h2-ev10-s123-2026-05-20-08-36-24/gdn-h2-ev10-s123-d123-b64-ga4-fp32-noearly4ep/last.pt,true,98ff23b8e6f033f6c87a3f3597bc5ce4efba730477b810dd39fc1cb866d6d54a,9942975,2026-05-20T08:48:12.754877+00:00,3,,0.27598169445991516,0.981970703125,0.858921875,1434630,81920,81920,mqar-vocab8192-pass1-seed123-rnq1-power0.01-8190x2047-n32,multiquery_ar,8192,8190,2047,1,32,16,true,123,true,0.01,,,completed,8190x2047,8190,2047,32,32;16;8;4;2;1,16,8208.60107421875,"b32:oom:oom:torch.OutOfMemoryError: CUDA out of memory. Tried to allocate 8.00 GiB. GPU 0 has a total capacity of 10.74 GiB of which 1.90 GiB is free. Process 1230428 has 8.82 GiB memory in use. Of the allocated memory 8.02 GiB is allocated by PyTorch, and 4.40 MiB is reserved by PyTorch but unallocated. If reserved but unallocated memory is large try setting PYTORCH_CUDA_ALLOC_CONF=expandable_segments:True to avoid fragmentation.  See documentation for Memory Management  (https://pytorch.org/docs/stable/notes/cuda.html#environment-variables)",same_gpu_same_dtype_same_runner_only,true,0,0,NVIDIA GeForce RTX 2080 Ti,11264,7.5,GPU-57c29499-bcb3-27f6-4360-e60939528a9b,2.6.0+cu118,11.8,550.120,float32,float32,b64_ga4_fp32_official,NVIDIA_GeForce_RTX_2080_Ti-11264MiB-cc7.5-driver550.120-torch2.6.0+cu118-cuda11.8,9.12956428527832,0.00578590620420127,9.12956428527832,0.00578590620420127,35.44634389877319,00:00:35,8208.60107421875,8208.60107421875,8286.0,NVIDIA_GeForce_RTX_2080_Ti-11264MiB-cc7.5-driver550.120-torch2.6.0+cu118-cuda11.8,measured_current_host,0,0,NVIDIA GeForce RTX 2080 Ti,11264,7.5,GPU-57c29499-bcb3-27f6-4360-e60939528a9b,2.6.0+cu118,11.8,550.120,8eb730be36bbb0876ed83a332d364c65acb36b28,8eb730be36bbb0876ed83a332d364c65acb36b28,811e1ce5f140e97d93ad6f1adae07b95b4219143,docs/artifacts/longer-mqar/official-core-20260526,docs/artifacts/20260520-gdn-capacity-layout-followup/gdn-followup-final.csv,tmp/20260526-longer-mqar-official-core/logs/batch-search-candidate-gdn-h2-ev10-s123-d123-b64-ga4-fp32-noearly4ep-8190x2047-n32-b16-gpu0.log,,,,123,70999303f8fadb4cbae8f973c8267ef97a6209a3b8e05f5385a1f26fa38408f5,"sha256(inputs,labels)",32x8190,32x8190,32,torch.int64/torch.int64,98ff23b8e6f033f6c87a3f3597bc5ce4efba730477b810dd39fc1cb866d6d54a,sha256,passed,true,,,,
2,20260526-longer-mqar-official-core:batch_search:gdn-h2-ev8-s127-d123-b64-ga4-fp32-noearly4ep:4096x1024:n32,20260526-longer-mqar-official-core:batch_search:gdn-h2-ev8-s127-d123-b64-ga4-fp32-noearly4ep:4096x1024:n32,20260526-longer-mqar-official-core,longer_mqar_eval_only,longer_mqar_eval_only_vocab8192_official_core_20260526,batch_search,completed,2026-05-25T22:24:22.255757+00:00,gdn,gdn-h2-ev8-s127-d123-b64-ga4-fp32-noearly4ep,gdn_capacity_layout_followup_candidate,gdn-h2-ev8-usegate0-s127-d123,b64_ga4_fp32_official,b64_ga4_fp32_official,official_gdn_capacity_layout_followup_b64_ga4_fp32,64,16,4,256,b64_ga4,float32,float32,float32,float32,float32,float32,127,123,gdn-h2-ev8-usegate0,gdn-h2-ev8-usegate0-s127-d123,,,2,8,false,true,4,4,4,2,true,checkpoints/flash-vqg-20260520-gdn-capacity-layout-followup-gdn-h2-ev8-s127-2026-05-20-07-34-01/gdn-h2-ev8-s127-d123-b64-ga4-fp32-noearly4ep/train_config.json,/home/lyj/mnt/project/zoology/checkpoints/flash-vqg-20260520-gdn-capacity-layout-followup-gdn-h2-ev8-s127-2026-05-20-07-34-01/gdn-h2-ev8-s127-d123-b64-ga4-fp32-noearly4ep/train_config.json,2f41f8d923d9a11b406bd56e042a65ca3ee027e4d9e0dc2f92bd9b5aaea27fad,sha256:48b0f1b0ffd588488183989011054315034b0de053ed45ab0a111f31440e55c8,last.pt_epoch4_final,checkpoints/flash-vqg-20260520-gdn-capacity-layout-followup-gdn-h2-ev8-s127-2026-05-20-07-34-01/gdn-h2-ev8-s127-d123-b64-ga4-fp32-noearly4ep/last.pt,/home/lyj/mnt/project/zoology/checkpoints/flash-vqg-20260520-gdn-capacity-layout-followup-gdn-h2-ev8-s127-2026-05-20-07-34-01/gdn-h2-ev8-s127-d123-b64-ga4-fp32-noearly4ep/last.pt,true,48b0f1b0ffd588488183989011054315034b0de053ed45ab0a111f31440e55c8,9676223,2026-05-20T07:41:41.802525+00:00,3,,0.30102211236953735,0.97508056640625,0.80641796875,1367942,65536,65536,mqar-vocab8192-pass1-seed123-rnq1-power0.01-4096x1024-n32,multiquery_ar,8192,4096,1024,1,32,32,true,123,true,0.01,,,completed,4096x1024,4096,1024,32,32;16;8;4;2;1,32,8207.345703125,,same_gpu_same_dtype_same_runner_only,true,1,1,NVIDIA GeForce RTX 2080 Ti,11264,7.5,GPU-0def3eeb-c2d0-4f49-ec2a-ebc1d8453b98,2.6.0+cu118,11.8,550.120,float32,float32,b64_ga4_fp32_official,NVIDIA_GeForce_RTX_2080_Ti-11264MiB-cc7.5-driver550.120-torch2.6.0+cu118-cuda11.8,7.5174241065979,0.08343505859375,7.5174241065979,0.08343505859375,30.780401945114136,00:00:30,8207.345703125,8207.345703125,8218.0,NVIDIA_GeForce_RTX_2080_Ti-11264MiB-cc7.5-driver550.120-torch2.6.0+cu118-cuda11.8,measured_current_host,1,1,NVIDIA GeForce RTX 2080 Ti,11264,7.5,GPU-0def3eeb-c2d0-4f49-ec2a-ebc1d8453b98,2.6.0+cu118,11.8,550.120,8eb730be36bbb0876ed83a332d364c65acb36b28,8eb730be36bbb0876ed83a332d364c65acb36b28,811e1ce5f140e97d93ad6f1adae07b95b4219143,docs/artifacts/longer-mqar/official-core-20260526,docs/artifacts/20260520-gdn-capacity-layout-followup/gdn-followup-final.csv,tmp/20260526-longer-mqar-official-core/logs/batch-search-candidate-gdn-h2-ev8-s127-d123-b64-ga4-fp32-noearly4ep-4096x1024-n32-b32-gpu1.log,,,,123,55274181d24158d3fe53491784d87fabe3a981427663df2ac8ed40876e72a1b8,"sha256(inputs,labels)",32x4096,32x4096,32,torch.int64/torch.int64,48b0f1b0ffd588488183989011054315034b0de053ed45ab0a111f31440e55c8,sha256,passed,true,,,,
2,20260526-longer-mqar-official-core:formal:gdn-h2-ev10-s123-d123-b64-ga4-fp32-noearly4ep:1024x256:n500,20260526-longer-mqar-official-core:formal:gdn-h2-ev10-s123-d123-b64-ga4-fp32-noearly4ep:1024x256:n500,20260526-longer-mqar-official-core,longer_mqar_eval_only,longer_mqar_eval_only_vocab8192_official_core_20260526,formal,completed,2026-05-25T22:24:30.368808+00:00,gdn,gdn-h2-ev10-s123-d123-b64-ga4-fp32-noearly4ep,gdn_capacity_layout_followup_candidate,gdn-h2-ev10-usegate0-s123-d123,b64_ga4_fp32_official,b64_ga4_fp32_official,official_gdn_capacity_layout_followup_b64_ga4_fp32,64,16,4,256,b64_ga4,float32,float32,float32,float32,float32,float32,123,123,gdn-h2-ev10-usegate0,gdn-h2-ev10-usegate0-s123-d123,,,2,10,false,true,4,4,4,2,true,checkpoints/flash-vqg-20260520-gdn-capacity-layout-followup-gdn-h2-ev10-s123-2026-05-20-08-36-24/gdn-h2-ev10-s123-d123-b64-ga4-fp32-noearly4ep/train_config.json,/home/lyj/mnt/project/zoology/checkpoints/flash-vqg-20260520-gdn-capacity-layout-followup-gdn-h2-ev10-s123-2026-05-20-08-36-24/gdn-h2-ev10-s123-d123-b64-ga4-fp32-noearly4ep/train_config.json,2c60882922bb6e58b193b16f98fc13a0d632d98e3b4d19ffe0c415fcefe8da8e,sha256:98ff23b8e6f033f6c87a3f3597bc5ce4efba730477b810dd39fc1cb866d6d54a,last.pt_epoch4_final,checkpoints/flash-vqg-20260520-gdn-capacity-layout-followup-gdn-h2-ev10-s123-2026-05-20-08-36-24/gdn-h2-ev10-s123-d123-b64-ga4-fp32-noearly4ep/last.pt,/home/lyj/mnt/project/zoology/checkpoints/flash-vqg-20260520-gdn-capacity-layout-followup-gdn-h2-ev10-s123-2026-05-20-08-36-24/gdn-h2-ev10-s123-d123-b64-ga4-fp32-noearly4ep/last.pt,true,98ff23b8e6f033f6c87a3f3597bc5ce4efba730477b810dd39fc1cb866d6d54a,9942975,2026-05-20T08:48:12.754877+00:00,3,,0.27598169445991516,0.981970703125,0.858921875,1434630,81920,81920,mqar-vocab8192-pass1-seed123-rnq1-power0.01-1024x256-n500,multiquery_ar,8192,1024,256,1,500,32,true,123,true,0.01,,,completed,1024x256,1024,256,32,32;16;8;4;2;1,32,2062.10009765625,,same_gpu_same_dtype_same_runner_only,true,0,0,NVIDIA GeForce RTX 2080 Ti,11264,7.5,GPU-57c29499-bcb3-27f6-4360-e60939528a9b,2.6.0+cu118,11.8,550.120,float32,float32,b64_ga4_fp32_official,NVIDIA_GeForce_RTX_2080_Ti-11264MiB-cc7.5-driver550.120-torch2.6.0+cu118-cuda11.8,1.830575704574585,0.8611328125,1.830575704574585,0.8611328125,35.05018472671509,00:00:35,2062.35107421875,2062.35107421875,3534.0,NVIDIA_GeForce_RTX_2080_Ti-11264MiB-cc7.5-driver550.120-torch2.6.0+cu118-cuda11.8,measured_current_host,0,0,NVIDIA GeForce RTX 2080 Ti,11264,7.5,GPU-57c29499-bcb3-27f6-4360-e60939528a9b,2.6.0+cu118,11.8,550.120,8eb730be36bbb0876ed83a332d364c65acb36b28,8eb730be36bbb0876ed83a332d364c65acb36b28,811e1ce5f140e97d93ad6f1adae07b95b4219143,docs/artifacts/longer-mqar/official-core-20260526,docs/artifacts/20260520-gdn-capacity-layout-followup/gdn-followup-final.csv,tmp/20260526-longer-mqar-official-core/logs/formal-gdn-h2-ev10-s123-d123-b64-ga4-fp32-noearly4ep-1024x256-n500-b32-gpu0.log,,,,123,f30f1e09e1300deb2e0f430d7c50c47a77f58f43657aa4d6f425f938a91a9acb,"sha256(inputs,labels)",500x1024,500x1024,500,torch.int64/torch.int64,98ff23b8e6f033f6c87a3f3597bc5ce4efba730477b810dd39fc1cb866d6d54a,sha256,passed,true,,,,
2,20260526-longer-mqar-official-core:formal:gdn-h2-ev10-s123-d123-b64-ga4-fp32-noearly4ep:2048x512:n500,20260526-longer-mqar-official-core:formal:gdn-h2-ev10-s123-d123-b64-ga4-fp32-noearly4ep:2048x512:n500,20260526-longer-mqar-official-core,longer_mqar_eval_only,longer_mqar_eval_only_vocab8192_official_core_20260526,formal,completed,2026-05-25T22:25:11.906443+00:00,gdn,gdn-h2-ev10-s123-d123-b64-ga4-fp32-noearly4ep,gdn_capacity_layout_followup_candidate,gdn-h2-ev10-usegate0-s123-d123,b64_ga4_fp32_official,b64_ga4_fp32_official,official_gdn_capacity_layout_followup_b64_ga4_fp32,64,16,4,256,b64_ga4,float32,float32,float32,float32,float32,float32,123,123,gdn-h2-ev10-usegate0,gdn-h2-ev10-usegate0-s123-d123,,,2,10,false,true,4,4,4,2,true,checkpoints/flash-vqg-20260520-gdn-capacity-layout-followup-gdn-h2-ev10-s123-2026-05-20-08-36-24/gdn-h2-ev10-s123-d123-b64-ga4-fp32-noearly4ep/train_config.json,/home/lyj/mnt/project/zoology/checkpoints/flash-vqg-20260520-gdn-capacity-layout-followup-gdn-h2-ev10-s123-2026-05-20-08-36-24/gdn-h2-ev10-s123-d123-b64-ga4-fp32-noearly4ep/train_config.json,2c60882922bb6e58b193b16f98fc13a0d632d98e3b4d19ffe0c415fcefe8da8e,sha256:98ff23b8e6f033f6c87a3f3597bc5ce4efba730477b810dd39fc1cb866d6d54a,last.pt_epoch4_final,checkpoints/flash-vqg-20260520-gdn-capacity-layout-followup-gdn-h2-ev10-s123-2026-05-20-08-36-24/gdn-h2-ev10-s123-d123-b64-ga4-fp32-noearly4ep/last.pt,/home/lyj/mnt/project/zoology/checkpoints/flash-vqg-20260520-gdn-capacity-layout-followup-gdn-h2-ev10-s123-2026-05-20-08-36-24/gdn-h2-ev10-s123-d123-b64-ga4-fp32-noearly4ep/last.pt,true,98ff23b8e6f033f6c87a3f3597bc5ce4efba730477b810dd39fc1cb866d6d54a,9942975,2026-05-20T08:48:12.754877+00:00,3,,0.27598169445991516,0.981970703125,0.858921875,1434630,81920,81920,mqar-vocab8192-pass1-seed123-rnq1-power0.01-2048x512-n500,multiquery_ar,8192,2048,512,1,500,32,true,123,true,0.01,,,completed,2048x512,2048,512,32,32;16;8;4;2;1,32,4110.60009765625,,same_gpu_same_dtype_same_runner_only,true,0,0,NVIDIA GeForce RTX 2080 Ti,11264,7.5,GPU-57c29499-bcb3-27f6-4360-e60939528a9b,2.6.0+cu118,11.8,550.120,float32,float32,b64_ga4_fp32_official,NVIDIA_GeForce_RTX_2080_Ti-11264MiB-cc7.5-driver550.120-torch2.6.0+cu118-cuda11.8,4.628694534301758,0.36369140625,4.628694534301758,0.36369140625,40.67608404159546,00:00:40,4111.10107421875,4111.10107421875,6460.0,NVIDIA_GeForce_RTX_2080_Ti-11264MiB-cc7.5-driver550.120-torch2.6.0+cu118-cuda11.8,measured_current_host,0,0,NVIDIA GeForce RTX 2080 Ti,11264,7.5,GPU-57c29499-bcb3-27f6-4360-e60939528a9b,2.6.0+cu118,11.8,550.120,8eb730be36bbb0876ed83a332d364c65acb36b28,8eb730be36bbb0876ed83a332d364c65acb36b28,811e1ce5f140e97d93ad6f1adae07b95b4219143,docs/artifacts/longer-mqar/official-core-20260526,docs/artifacts/20260520-gdn-capacity-layout-followup/gdn-followup-final.csv,tmp/20260526-longer-mqar-official-core/logs/formal-gdn-h2-ev10-s123-d123-b64-ga4-fp32-noearly4ep-2048x512-n500-b32-gpu0.log,,,,123,e446efc9f4dc774377c56c403a468c747870beb18ff0320f15df794dcb69f015,"sha256(inputs,labels)",500x2048,500x2048,500,torch.int64/torch.int64,98ff23b8e6f033f6c87a3f3597bc5ce4efba730477b810dd39fc1cb866d6d54a,sha256,passed,true,,,,
2,20260526-longer-mqar-official-core:batch_search:gdn-h2-ev8-s127-d123-b64-ga4-fp32-noearly4ep:8190x512:n32,20260526-longer-mqar-official-core:batch_search:gdn-h2-ev8-s127-d123-b64-ga4-fp32-noearly4ep:8190x512:n32,20260526-longer-mqar-official-core,longer_mqar_eval_only,longer_mqar_eval_only_vocab8192_official_core_20260526,batch_search,completed,2026-05-25T22:25:36.477654+00:00,gdn,gdn-h2-ev8-s127-d123-b64-ga4-fp32-noearly4ep,gdn_capacity_layout_followup_candidate,gdn-h2-ev8-usegate0-s127-d123,b64_ga4_fp32_official,b64_ga4_fp32_official,official_gdn_capacity_layout_followup_b64_ga4_fp32,64,16,4,256,b64_ga4,float32,float32,float32,float32,float32,float32,127,123,gdn-h2-ev8-usegate0,gdn-h2-ev8-usegate0-s127-d123,,,2,8,false,true,4,4,4,2,true,checkpoints/flash-vqg-20260520-gdn-capacity-layout-followup-gdn-h2-ev8-s127-2026-05-20-07-34-01/gdn-h2-ev8-s127-d123-b64-ga4-fp32-noearly4ep/train_config.json,/home/lyj/mnt/project/zoology/checkpoints/flash-vqg-20260520-gdn-capacity-layout-followup-gdn-h2-ev8-s127-2026-05-20-07-34-01/gdn-h2-ev8-s127-d123-b64-ga4-fp32-noearly4ep/train_config.json,2f41f8d923d9a11b406bd56e042a65ca3ee027e4d9e0dc2f92bd9b5aaea27fad,sha256:48b0f1b0ffd588488183989011054315034b0de053ed45ab0a111f31440e55c8,last.pt_epoch4_final,checkpoints/flash-vqg-20260520-gdn-capacity-layout-followup-gdn-h2-ev8-s127-2026-05-20-07-34-01/gdn-h2-ev8-s127-d123-b64-ga4-fp32-noearly4ep/last.pt,/home/lyj/mnt/project/zoology/checkpoints/flash-vqg-20260520-gdn-capacity-layout-followup-gdn-h2-ev8-s127-2026-05-20-07-34-01/gdn-h2-ev8-s127-d123-b64-ga4-fp32-noearly4ep/last.pt,true,48b0f1b0ffd588488183989011054315034b0de053ed45ab0a111f31440e55c8,9676223,2026-05-20T07:41:41.802525+00:00,3,,0.30102211236953735,0.97508056640625,0.80641796875,1367942,65536,65536,mqar-vocab8192-pass1-seed123-rnq1-power0.01-8190x512-n32,multiquery_ar,8192,8190,512,1,32,16,true,123,true,0.01,,,completed,8190x512,8190,512,32,32;16;8;4;2;1,16,8208.3466796875,"b32:oom:oom:torch.OutOfMemoryError: CUDA out of memory. Tried to allocate 8.00 GiB. GPU 0 has a total capacity of 10.75 GiB of which 1.92 GiB is free. Process 1230951 has 8.82 GiB memory in use. Of the allocated memory 8.01 GiB is allocated by PyTorch, and 4.66 MiB is reserved by PyTorch but unallocated. If reserved but unallocated memory is large try setting PYTORCH_CUDA_ALLOC_CONF=expandable_segments:True to avoid fragmentation.  See documentation for Memory Management  (https://pytorch.org/docs/stable/notes/cuda.html#environment-variables)",same_gpu_same_dtype_same_runner_only,true,1,1,NVIDIA GeForce RTX 2080 Ti,11264,7.5,GPU-0def3eeb-c2d0-4f49-ec2a-ebc1d8453b98,2.6.0+cu118,11.8,550.120,float32,float32,b64_ga4_fp32_official,NVIDIA_GeForce_RTX_2080_Ti-11264MiB-cc7.5-driver550.120-torch2.6.0+cu118-cuda11.8,5.95898962020874,0.212646484375,5.95898962020874,0.212646484375,30.953434228897095,00:00:30,8208.3466796875,8208.3466796875,8222.0,NVIDIA_GeForce_RTX_2080_Ti-11264MiB-cc7.5-driver550.120-torch2.6.0+cu118-cuda11.8,measured_current_host,1,1,NVIDIA GeForce RTX 2080 Ti,11264,7.5,GPU-0def3eeb-c2d0-4f49-ec2a-ebc1d8453b98,2.6.0+cu118,11.8,550.120,8eb730be36bbb0876ed83a332d364c65acb36b28,8eb730be36bbb0876ed83a332d364c65acb36b28,811e1ce5f140e97d93ad6f1adae07b95b4219143,docs/artifacts/longer-mqar/official-core-20260526,docs/artifacts/20260520-gdn-capacity-layout-followup/gdn-followup-final.csv,tmp/20260526-longer-mqar-official-core/logs/batch-search-candidate-gdn-h2-ev8-s127-d123-b64-ga4-fp32-noearly4ep-8190x512-n32-b16-gpu1.log,,,,123,23d7ffc7467f8e355ec7cb4c739cf5494449c559427d204883d63d7dca4f4351,"sha256(inputs,labels)",32x8190,32x8190,32,torch.int64/torch.int64,48b0f1b0ffd588488183989011054315034b0de053ed45ab0a111f31440e55c8,sha256,passed,true,,,,
2,20260526-longer-mqar-official-core:formal:gdn-h2-ev10-s123-d123-b64-ga4-fp32-noearly4ep:4096x1024:n500,20260526-longer-mqar-official-core:formal:gdn-h2-ev10-s123-d123-b64-ga4-fp32-noearly4ep:4096x1024:n500,20260526-longer-mqar-official-core,longer_mqar_eval_only,longer_mqar_eval_only_vocab8192_official_core_20260526,formal,completed,2026-05-25T22:26:03.900313+00:00,gdn,gdn-h2-ev10-s123-d123-b64-ga4-fp32-noearly4ep,gdn_capacity_layout_followup_candidate,gdn-h2-ev10-usegate0-s123-d123,b64_ga4_fp32_official,b64_ga4_fp32_official,official_gdn_capacity_layout_followup_b64_ga4_fp32,64,16,4,256,b64_ga4,float32,float32,float32,float32,float32,float32,123,123,gdn-h2-ev10-usegate0,gdn-h2-ev10-usegate0-s123-d123,,,2,10,false,true,4,4,4,2,true,checkpoints/flash-vqg-20260520-gdn-capacity-layout-followup-gdn-h2-ev10-s123-2026-05-20-08-36-24/gdn-h2-ev10-s123-d123-b64-ga4-fp32-noearly4ep/train_config.json,/home/lyj/mnt/project/zoology/checkpoints/flash-vqg-20260520-gdn-capacity-layout-followup-gdn-h2-ev10-s123-2026-05-20-08-36-24/gdn-h2-ev10-s123-d123-b64-ga4-fp32-noearly4ep/train_config.json,2c60882922bb6e58b193b16f98fc13a0d632d98e3b4d19ffe0c415fcefe8da8e,sha256:98ff23b8e6f033f6c87a3f3597bc5ce4efba730477b810dd39fc1cb866d6d54a,last.pt_epoch4_final,checkpoints/flash-vqg-20260520-gdn-capacity-layout-followup-gdn-h2-ev10-s123-2026-05-20-08-36-24/gdn-h2-ev10-s123-d123-b64-ga4-fp32-noearly4ep/last.pt,/home/lyj/mnt/project/zoology/checkpoints/flash-vqg-20260520-gdn-capacity-layout-followup-gdn-h2-ev10-s123-2026-05-20-08-36-24/gdn-h2-ev10-s123-d123-b64-ga4-fp32-noearly4ep/last.pt,true,98ff23b8e6f033f6c87a3f3597bc5ce4efba730477b810dd39fc1cb866d6d54a,9942975,2026-05-20T08:48:12.754877+00:00,3,,0.27598169445991516,0.981970703125,0.858921875,1434630,81920,81920,mqar-vocab8192-pass1-seed123-rnq1-power0.01-4096x1024-n500,multiquery_ar,8192,4096,1024,1,500,32,true,123,true,0.01,,,completed,4096x1024,4096,1024,32,32;16;8;4;2;1,32,8207.60009765625,,same_gpu_same_dtype_same_runner_only,true,0,0,NVIDIA GeForce RTX 2080 Ti,11264,7.5,GPU-57c29499-bcb3-27f6-4360-e60939528a9b,2.6.0+cu118,11.8,550.120,float32,float32,b64_ga4_fp32_official,NVIDIA_GeForce_RTX_2080_Ti-11264MiB-cc7.5-driver550.120-torch2.6.0+cu118-cuda11.8,7.3980937004089355,0.076576171875,7.3980937004089355,0.076576171875,51.11673069000244,00:00:51,8208.60107421875,8208.60107421875,8288.0,NVIDIA_GeForce_RTX_2080_Ti-11264MiB-cc7.5-driver550.120-torch2.6.0+cu118-cuda11.8,measured_current_host,0,0,NVIDIA GeForce RTX 2080 Ti,11264,7.5,GPU-57c29499-bcb3-27f6-4360-e60939528a9b,2.6.0+cu118,11.8,550.120,8eb730be36bbb0876ed83a332d364c65acb36b28,8eb730be36bbb0876ed83a332d364c65acb36b28,811e1ce5f140e97d93ad6f1adae07b95b4219143,docs/artifacts/longer-mqar/official-core-20260526,docs/artifacts/20260520-gdn-capacity-layout-followup/gdn-followup-final.csv,tmp/20260526-longer-mqar-official-core/logs/formal-gdn-h2-ev10-s123-d123-b64-ga4-fp32-noearly4ep-4096x1024-n500-b32-gpu0.log,,,,123,0981292ce8ebea1402a4c3a7a6655dfc1de42688c329bd5ea921541a0f1d16ed,"sha256(inputs,labels)",500x4096,500x4096,500,torch.int64/torch.int64,98ff23b8e6f033f6c87a3f3597bc5ce4efba730477b810dd39fc1cb866d6d54a,sha256,passed,true,,,,
2,20260526-longer-mqar-official-core:batch_search:gdn-h2-ev8-s127-d123-b64-ga4-fp32-noearly4ep:8190x2047:n32,20260526-longer-mqar-official-core:batch_search:gdn-h2-ev8-s127-d123-b64-ga4-fp32-noearly4ep:8190x2047:n32,20260526-longer-mqar-official-core,longer_mqar_eval_only,longer_mqar_eval_only_vocab8192_official_core_20260526,batch_search,completed,2026-05-25T22:26:50.585458+00:00,gdn,gdn-h2-ev8-s127-d123-b64-ga4-fp32-noearly4ep,gdn_capacity_layout_followup_candidate,gdn-h2-ev8-usegate0-s127-d123,b64_ga4_fp32_official,b64_ga4_fp32_official,official_gdn_capacity_layout_followup_b64_ga4_fp32,64,16,4,256,b64_ga4,float32,float32,float32,float32,float32,float32,127,123,gdn-h2-ev8-usegate0,gdn-h2-ev8-usegate0-s127-d123,,,2,8,false,true,4,4,4,2,true,checkpoints/flash-vqg-20260520-gdn-capacity-layout-followup-gdn-h2-ev8-s127-2026-05-20-07-34-01/gdn-h2-ev8-s127-d123-b64-ga4-fp32-noearly4ep/train_config.json,/home/lyj/mnt/project/zoology/checkpoints/flash-vqg-20260520-gdn-capacity-layout-followup-gdn-h2-ev8-s127-2026-05-20-07-34-01/gdn-h2-ev8-s127-d123-b64-ga4-fp32-noearly4ep/train_config.json,2f41f8d923d9a11b406bd56e042a65ca3ee027e4d9e0dc2f92bd9b5aaea27fad,sha256:48b0f1b0ffd588488183989011054315034b0de053ed45ab0a111f31440e55c8,last.pt_epoch4_final,checkpoints/flash-vqg-20260520-gdn-capacity-layout-followup-gdn-h2-ev8-s127-2026-05-20-07-34-01/gdn-h2-ev8-s127-d123-b64-ga4-fp32-noearly4ep/last.pt,/home/lyj/mnt/project/zoology/checkpoints/flash-vqg-20260520-gdn-capacity-layout-followup-gdn-h2-ev8-s127-2026-05-20-07-34-01/gdn-h2-ev8-s127-d123-b64-ga4-fp32-noearly4ep/last.pt,true,48b0f1b0ffd588488183989011054315034b0de053ed45ab0a111f31440e55c8,9676223,2026-05-20T07:41:41.802525+00:00,3,,0.30102211236953735,0.97508056640625,0.80641796875,1367942,65536,65536,mqar-vocab8192-pass1-seed123-rnq1-power0.01-8190x2047-n32,multiquery_ar,8192,8190,2047,1,32,16,true,123,true,0.01,,,completed,8190x2047,8190,2047,32,32;16;8;4;2;1,16,8208.3466796875,"b32:oom:oom:torch.OutOfMemoryError: CUDA out of memory. Tried to allocate 8.00 GiB. GPU 0 has a total capacity of 10.75 GiB of which 1.92 GiB is free. Process 1231330 has 8.82 GiB memory in use. Of the allocated memory 8.01 GiB is allocated by PyTorch, and 4.66 MiB is reserved by PyTorch but unallocated. If reserved but unallocated memory is large try setting PYTORCH_CUDA_ALLOC_CONF=expandable_segments:True to avoid fragmentation.  See documentation for Memory Management  (https://pytorch.org/docs/stable/notes/cuda.html#environment-variables)",same_gpu_same_dtype_same_runner_only,true,1,1,NVIDIA GeForce RTX 2080 Ti,11264,7.5,GPU-0def3eeb-c2d0-4f49-ec2a-ebc1d8453b98,2.6.0+cu118,11.8,550.120,float32,float32,b64_ga4_fp32_official,NVIDIA_GeForce_RTX_2080_Ti-11264MiB-cc7.5-driver550.120-torch2.6.0+cu118-cuda11.8,9.198135375976562,0.007785784074255007,9.198135375976562,0.007785784074255007,30.880345344543457,00:00:30,8208.3466796875,8208.3466796875,8222.0,NVIDIA_GeForce_RTX_2080_Ti-11264MiB-cc7.5-driver550.120-torch2.6.0+cu118-cuda11.8,measured_current_host,1,1,NVIDIA GeForce RTX 2080 Ti,11264,7.5,GPU-0def3eeb-c2d0-4f49-ec2a-ebc1d8453b98,2.6.0+cu118,11.8,550.120,8eb730be36bbb0876ed83a332d364c65acb36b28,8eb730be36bbb0876ed83a332d364c65acb36b28,811e1ce5f140e97d93ad6f1adae07b95b4219143,docs/artifacts/longer-mqar/official-core-20260526,docs/artifacts/20260520-gdn-capacity-layout-followup/gdn-followup-final.csv,tmp/20260526-longer-mqar-official-core/logs/batch-search-candidate-gdn-h2-ev8-s127-d123-b64-ga4-fp32-noearly4ep-8190x2047-n32-b16-gpu1.log,,,,123,70999303f8fadb4cbae8f973c8267ef97a6209a3b8e05f5385a1f26fa38408f5,"sha256(inputs,labels)",32x8190,32x8190,32,torch.int64/torch.int64,48b0f1b0ffd588488183989011054315034b0de053ed45ab0a111f31440e55c8,sha256,passed,true,,,,
2,20260526-longer-mqar-official-core:formal:gdn-h2-ev10-s123-d123-b64-ga4-fp32-noearly4ep:8190x512:n500,20260526-longer-mqar-official-core:formal:gdn-h2-ev10-s123-d123-b64-ga4-fp32-noearly4ep:8190x512:n500,20260526-longer-mqar-official-core,longer_mqar_eval_only,longer_mqar_eval_only_vocab8192_official_core_20260526,formal,completed,2026-05-25T22:26:57.193458+00:00,gdn,gdn-h2-ev10-s123-d123-b64-ga4-fp32-noearly4ep,gdn_capacity_layout_followup_candidate,gdn-h2-ev10-usegate0-s123-d123,b64_ga4_fp32_official,b64_ga4_fp32_official,official_gdn_capacity_layout_followup_b64_ga4_fp32,64,16,4,256,b64_ga4,float32,float32,float32,float32,float32,float32,123,123,gdn-h2-ev10-usegate0,gdn-h2-ev10-usegate0-s123-d123,,,2,10,false,true,4,4,4,2,true,checkpoints/flash-vqg-20260520-gdn-capacity-layout-followup-gdn-h2-ev10-s123-2026-05-20-08-36-24/gdn-h2-ev10-s123-d123-b64-ga4-fp32-noearly4ep/train_config.json,/home/lyj/mnt/project/zoology/checkpoints/flash-vqg-20260520-gdn-capacity-layout-followup-gdn-h2-ev10-s123-2026-05-20-08-36-24/gdn-h2-ev10-s123-d123-b64-ga4-fp32-noearly4ep/train_config.json,2c60882922bb6e58b193b16f98fc13a0d632d98e3b4d19ffe0c415fcefe8da8e,sha256:98ff23b8e6f033f6c87a3f3597bc5ce4efba730477b810dd39fc1cb866d6d54a,last.pt_epoch4_final,checkpoints/flash-vqg-20260520-gdn-capacity-layout-followup-gdn-h2-ev10-s123-2026-05-20-08-36-24/gdn-h2-ev10-s123-d123-b64-ga4-fp32-noearly4ep/last.pt,/home/lyj/mnt/project/zoology/checkpoints/flash-vqg-20260520-gdn-capacity-layout-followup-gdn-h2-ev10-s123-2026-05-20-08-36-24/gdn-h2-ev10-s123-d123-b64-ga4-fp32-noearly4ep/last.pt,true,98ff23b8e6f033f6c87a3f3597bc5ce4efba730477b810dd39fc1cb866d6d54a,9942975,2026-05-20T08:48:12.754877+00:00,3,,0.27598169445991516,0.981970703125,0.858921875,1434630,81920,81920,mqar-vocab8192-pass1-seed123-rnq1-power0.01-8190x512-n500,multiquery_ar,8192,8190,512,1,500,16,true,123,true,0.01,,,completed,8190x2047,8190,2047,32,32;16;8;4;2;1,16,8208.60107421875,"b32:oom:oom:torch.OutOfMemoryError: CUDA out of memory. Tried to allocate 8.00 GiB. GPU 0 has a total capacity of 10.74 GiB of which 1.90 GiB is free. Process 1230428 has 8.82 GiB memory in use. Of the allocated memory 8.02 GiB is allocated by PyTorch, and 4.40 MiB is reserved by PyTorch but unallocated. If reserved but unallocated memory is large try setting PYTORCH_CUDA_ALLOC_CONF=expandable_segments:True to avoid fragmentation.  See documentation for Memory Management  (https://pytorch.org/docs/stable/notes/cuda.html#environment-variables)",same_gpu_same_dtype_same_runner_only,true,0,0,NVIDIA GeForce RTX 2080 Ti,11264,7.5,GPU-57c29499-bcb3-27f6-4360-e60939528a9b,2.6.0+cu118,11.8,550.120,float32,float32,b64_ga4_fp32_official,NVIDIA_GeForce_RTX_2080_Ti-11264MiB-cc7.5-driver550.120-torch2.6.0+cu118-cuda11.8,5.795017719268799,0.23253125,5.795017719268799,0.23253125,52.374818563461304,00:00:52,8208.60107421875,8208.60107421875,8286.0,NVIDIA_GeForce_RTX_2080_Ti-11264MiB-cc7.5-driver550.120-torch2.6.0+cu118-cuda11.8,measured_current_host,0,0,NVIDIA GeForce RTX 2080 Ti,11264,7.5,GPU-57c29499-bcb3-27f6-4360-e60939528a9b,2.6.0+cu118,11.8,550.120,8eb730be36bbb0876ed83a332d364c65acb36b28,8eb730be36bbb0876ed83a332d364c65acb36b28,811e1ce5f140e97d93ad6f1adae07b95b4219143,docs/artifacts/longer-mqar/official-core-20260526,docs/artifacts/20260520-gdn-capacity-layout-followup/gdn-followup-final.csv,tmp/20260526-longer-mqar-official-core/logs/formal-gdn-h2-ev10-s123-d123-b64-ga4-fp32-noearly4ep-8190x512-n500-b16-gpu0.log,,,,123,37a8533a985fabd3db03daf9dfd3a8e0936513ab724039c63b9a22bf352d002d,"sha256(inputs,labels)",500x8190,500x8190,500,torch.int64/torch.int64,98ff23b8e6f033f6c87a3f3597bc5ce4efba730477b810dd39fc1cb866d6d54a,sha256,passed,true,,,,
2,20260526-longer-mqar-official-core:formal:gdn-h2-ev8-s127-d123-b64-ga4-fp32-noearly4ep:1024x256:n500,20260526-longer-mqar-official-core:formal:gdn-h2-ev8-s127-d123-b64-ga4-fp32-noearly4ep:1024x256:n500,20260526-longer-mqar-official-core,longer_mqar_eval_only,longer_mqar_eval_only_vocab8192_official_core_20260526,formal,completed,2026-05-25T22:27:23.515140+00:00,gdn,gdn-h2-ev8-s127-d123-b64-ga4-fp32-noearly4ep,gdn_capacity_layout_followup_candidate,gdn-h2-ev8-usegate0-s127-d123,b64_ga4_fp32_official,b64_ga4_fp32_official,official_gdn_capacity_layout_followup_b64_ga4_fp32,64,16,4,256,b64_ga4,float32,float32,float32,float32,float32,float32,127,123,gdn-h2-ev8-usegate0,gdn-h2-ev8-usegate0-s127-d123,,,2,8,false,true,4,4,4,2,true,checkpoints/flash-vqg-20260520-gdn-capacity-layout-followup-gdn-h2-ev8-s127-2026-05-20-07-34-01/gdn-h2-ev8-s127-d123-b64-ga4-fp32-noearly4ep/train_config.json,/home/lyj/mnt/project/zoology/checkpoints/flash-vqg-20260520-gdn-capacity-layout-followup-gdn-h2-ev8-s127-2026-05-20-07-34-01/gdn-h2-ev8-s127-d123-b64-ga4-fp32-noearly4ep/train_config.json,2f41f8d923d9a11b406bd56e042a65ca3ee027e4d9e0dc2f92bd9b5aaea27fad,sha256:48b0f1b0ffd588488183989011054315034b0de053ed45ab0a111f31440e55c8,last.pt_epoch4_final,checkpoints/flash-vqg-20260520-gdn-capacity-layout-followup-gdn-h2-ev8-s127-2026-05-20-07-34-01/gdn-h2-ev8-s127-d123-b64-ga4-fp32-noearly4ep/last.pt,/home/lyj/mnt/project/zoology/checkpoints/flash-vqg-20260520-gdn-capacity-layout-followup-gdn-h2-ev8-s127-2026-05-20-07-34-01/gdn-h2-ev8-s127-d123-b64-ga4-fp32-noearly4ep/last.pt,true,48b0f1b0ffd588488183989011054315034b0de053ed45ab0a111f31440e55c8,9676223,2026-05-20T07:41:41.802525+00:00,3,,0.30102211236953735,0.97508056640625,0.80641796875,1367942,65536,65536,mqar-vocab8192-pass1-seed123-rnq1-power0.01-1024x256-n500,multiquery_ar,8192,1024,256,1,500,32,true,123,true,0.01,,,completed,1024x256,1024,256,32,32;16;8;4;2;1,32,2061.845703125,,same_gpu_same_dtype_same_runner_only,true,1,1,NVIDIA GeForce RTX 2080 Ti,11264,7.5,GPU-0def3eeb-c2d0-4f49-ec2a-ebc1d8453b98,2.6.0+cu118,11.8,550.120,float32,float32,b64_ga4_fp32_official,NVIDIA_GeForce_RTX_2080_Ti-11264MiB-cc7.5-driver550.120-torch2.6.0+cu118-cuda11.8,1.984123945236206,0.808140625,1.984123945236206,0.808140625,32.073593616485596,00:00:32,2062.0966796875,2062.0966796875,3342.0,NVIDIA_GeForce_RTX_2080_Ti-11264MiB-cc7.5-driver550.120-torch2.6.0+cu118-cuda11.8,measured_current_host,1,1,NVIDIA GeForce RTX 2080 Ti,11264,7.5,GPU-0def3eeb-c2d0-4f49-ec2a-ebc1d8453b98,2.6.0+cu118,11.8,550.120,8eb730be36bbb0876ed83a332d364c65acb36b28,8eb730be36bbb0876ed83a332d364c65acb36b28,811e1ce5f140e97d93ad6f1adae07b95b4219143,docs/artifacts/longer-mqar/official-core-20260526,docs/artifacts/20260520-gdn-capacity-layout-followup/gdn-followup-final.csv,tmp/20260526-longer-mqar-official-core/logs/formal-gdn-h2-ev8-s127-d123-b64-ga4-fp32-noearly4ep-1024x256-n500-b32-gpu1.log,,,,123,f30f1e09e1300deb2e0f430d7c50c47a77f58f43657aa4d6f425f938a91a9acb,"sha256(inputs,labels)",500x1024,500x1024,500,torch.int64/torch.int64,48b0f1b0ffd588488183989011054315034b0de053ed45ab0a111f31440e55c8,sha256,passed,true,,,,
2,20260526-longer-mqar-official-core:formal:gdn-h2-ev10-s123-d123-b64-ga4-fp32-noearly4ep:8190x2047:n500,20260526-longer-mqar-official-core:formal:gdn-h2-ev10-s123-d123-b64-ga4-fp32-noearly4ep:8190x2047:n500,20260526-longer-mqar-official-core,longer_mqar_eval_only,longer_mqar_eval_only_vocab8192_official_core_20260526,formal,completed,2026-05-25T22:27:49.986885+00:00,gdn,gdn-h2-ev10-s123-d123-b64-ga4-fp32-noearly4ep,gdn_capacity_layout_followup_candidate,gdn-h2-ev10-usegate0-s123-d123,b64_ga4_fp32_official,b64_ga4_fp32_official,official_gdn_capacity_layout_followup_b64_ga4_fp32,64,16,4,256,b64_ga4,float32,float32,float32,float32,float32,float32,123,123,gdn-h2-ev10-usegate0,gdn-h2-ev10-usegate0-s123-d123,,,2,10,false,true,4,4,4,2,true,checkpoints/flash-vqg-20260520-gdn-capacity-layout-followup-gdn-h2-ev10-s123-2026-05-20-08-36-24/gdn-h2-ev10-s123-d123-b64-ga4-fp32-noearly4ep/train_config.json,/home/lyj/mnt/project/zoology/checkpoints/flash-vqg-20260520-gdn-capacity-layout-followup-gdn-h2-ev10-s123-2026-05-20-08-36-24/gdn-h2-ev10-s123-d123-b64-ga4-fp32-noearly4ep/train_config.json,2c60882922bb6e58b193b16f98fc13a0d632d98e3b4d19ffe0c415fcefe8da8e,sha256:98ff23b8e6f033f6c87a3f3597bc5ce4efba730477b810dd39fc1cb866d6d54a,last.pt_epoch4_final,checkpoints/flash-vqg-20260520-gdn-capacity-layout-followup-gdn-h2-ev10-s123-2026-05-20-08-36-24/gdn-h2-ev10-s123-d123-b64-ga4-fp32-noearly4ep/last.pt,/home/lyj/mnt/project/zoology/checkpoints/flash-vqg-20260520-gdn-capacity-layout-followup-gdn-h2-ev10-s123-2026-05-20-08-36-24/gdn-h2-ev10-s123-d123-b64-ga4-fp32-noearly4ep/last.pt,true,98ff23b8e6f033f6c87a3f3597bc5ce4efba730477b810dd39fc1cb866d6d54a,9942975,2026-05-20T08:48:12.754877+00:00,3,,0.27598169445991516,0.981970703125,0.858921875,1434630,81920,81920,mqar-vocab8192-pass1-seed123-rnq1-power0.01-8190x2047-n500,multiquery_ar,8192,8190,2047,1,500,16,true,123,true,0.01,,,completed,8190x2047,8190,2047,32,32;16;8;4;2;1,16,8208.60107421875,"b32:oom:oom:torch.OutOfMemoryError: CUDA out of memory. Tried to allocate 8.00 GiB. GPU 0 has a total capacity of 10.74 GiB of which 1.90 GiB is free. Process 1230428 has 8.82 GiB memory in use. Of the allocated memory 8.02 GiB is allocated by PyTorch, and 4.40 MiB is reserved by PyTorch but unallocated. If reserved but unallocated memory is large try setting PYTORCH_CUDA_ALLOC_CONF=expandable_segments:True to avoid fragmentation.  See documentation for Memory Management  (https://pytorch.org/docs/stable/notes/cuda.html#environment-variables)",same_gpu_same_dtype_same_runner_only,true,0,0,NVIDIA GeForce RTX 2080 Ti,11264,7.5,GPU-57c29499-bcb3-27f6-4360-e60939528a9b,2.6.0+cu118,11.8,550.120,float32,float32,b64_ga4_fp32_official,NVIDIA_GeForce_RTX_2080_Ti-11264MiB-cc7.5-driver550.120-torch2.6.0+cu118-cuda11.8,9.137235641479492,0.005663898387884709,9.137235641479492,0.005663898387884709,51.91814303398132,00:00:51,8208.60107421875,8208.60107421875,8286.0,NVIDIA_GeForce_RTX_2080_Ti-11264MiB-cc7.5-driver550.120-torch2.6.0+cu118-cuda11.8,measured_current_host,0,0,NVIDIA GeForce RTX 2080 Ti,11264,7.5,GPU-57c29499-bcb3-27f6-4360-e60939528a9b,2.6.0+cu118,11.8,550.120,8eb730be36bbb0876ed83a332d364c65acb36b28,8eb730be36bbb0876ed83a332d364c65acb36b28,811e1ce5f140e97d93ad6f1adae07b95b4219143,docs/artifacts/longer-mqar/official-core-20260526,docs/artifacts/20260520-gdn-capacity-layout-followup/gdn-followup-final.csv,tmp/20260526-longer-mqar-official-core/logs/formal-gdn-h2-ev10-s123-d123-b64-ga4-fp32-noearly4ep-8190x2047-n500-b16-gpu0.log,,,,123,8c16a91ea127bb7bf2130238ecd56b49fb1fd73bb3e0c2f4c586ddba8e9b97a9,"sha256(inputs,labels)",500x8190,500x8190,500,torch.int64/torch.int64,98ff23b8e6f033f6c87a3f3597bc5ce4efba730477b810dd39fc1cb866d6d54a,sha256,passed,true,,,,
2,20260526-longer-mqar-official-core:formal:gdn-h2-ev8-s127-d123-b64-ga4-fp32-noearly4ep:2048x512:n500,20260526-longer-mqar-official-core:formal:gdn-h2-ev8-s127-d123-b64-ga4-fp32-noearly4ep:2048x512:n500,20260526-longer-mqar-official-core,longer_mqar_eval_only,longer_mqar_eval_only_vocab8192_official_core_20260526,formal,completed,2026-05-25T22:27:59.448278+00:00,gdn,gdn-h2-ev8-s127-d123-b64-ga4-fp32-noearly4ep,gdn_capacity_layout_followup_candidate,gdn-h2-ev8-usegate0-s127-d123,b64_ga4_fp32_official,b64_ga4_fp32_official,official_gdn_capacity_layout_followup_b64_ga4_fp32,64,16,4,256,b64_ga4,float32,float32,float32,float32,float32,float32,127,123,gdn-h2-ev8-usegate0,gdn-h2-ev8-usegate0-s127-d123,,,2,8,false,true,4,4,4,2,true,checkpoints/flash-vqg-20260520-gdn-capacity-layout-followup-gdn-h2-ev8-s127-2026-05-20-07-34-01/gdn-h2-ev8-s127-d123-b64-ga4-fp32-noearly4ep/train_config.json,/home/lyj/mnt/project/zoology/checkpoints/flash-vqg-20260520-gdn-capacity-layout-followup-gdn-h2-ev8-s127-2026-05-20-07-34-01/gdn-h2-ev8-s127-d123-b64-ga4-fp32-noearly4ep/train_config.json,2f41f8d923d9a11b406bd56e042a65ca3ee027e4d9e0dc2f92bd9b5aaea27fad,sha256:48b0f1b0ffd588488183989011054315034b0de053ed45ab0a111f31440e55c8,last.pt_epoch4_final,checkpoints/flash-vqg-20260520-gdn-capacity-layout-followup-gdn-h2-ev8-s127-2026-05-20-07-34-01/gdn-h2-ev8-s127-d123-b64-ga4-fp32-noearly4ep/last.pt,/home/lyj/mnt/project/zoology/checkpoints/flash-vqg-20260520-gdn-capacity-layout-followup-gdn-h2-ev8-s127-2026-05-20-07-34-01/gdn-h2-ev8-s127-d123-b64-ga4-fp32-noearly4ep/last.pt,true,48b0f1b0ffd588488183989011054315034b0de053ed45ab0a111f31440e55c8,9676223,2026-05-20T07:41:41.802525+00:00,3,,0.30102211236953735,0.97508056640625,0.80641796875,1367942,65536,65536,mqar-vocab8192-pass1-seed123-rnq1-power0.01-2048x512-n500,multiquery_ar,8192,2048,512,1,500,32,true,123,true,0.01,,,completed,2048x512,2048,512,32,32;16;8;4;2;1,32,4110.345703125,,same_gpu_same_dtype_same_runner_only,true,1,1,NVIDIA GeForce RTX 2080 Ti,11264,7.5,GPU-0def3eeb-c2d0-4f49-ec2a-ebc1d8453b98,2.6.0+cu118,11.8,550.120,float32,float32,b64_ga4_fp32_official,NVIDIA_GeForce_RTX_2080_Ti-11264MiB-cc7.5-driver550.120-torch2.6.0+cu118-cuda11.8,4.810935020446777,0.33979296875,4.810935020446777,0.33979296875,35.04871082305908,00:00:35,4110.8466796875,4110.8466796875,6140.0,NVIDIA_GeForce_RTX_2080_Ti-11264MiB-cc7.5-driver550.120-torch2.6.0+cu118-cuda11.8,measured_current_host,1,1,NVIDIA GeForce RTX 2080 Ti,11264,7.5,GPU-0def3eeb-c2d0-4f49-ec2a-ebc1d8453b98,2.6.0+cu118,11.8,550.120,8eb730be36bbb0876ed83a332d364c65acb36b28,8eb730be36bbb0876ed83a332d364c65acb36b28,811e1ce5f140e97d93ad6f1adae07b95b4219143,docs/artifacts/longer-mqar/official-core-20260526,docs/artifacts/20260520-gdn-capacity-layout-followup/gdn-followup-final.csv,tmp/20260526-longer-mqar-official-core/logs/formal-gdn-h2-ev8-s127-d123-b64-ga4-fp32-noearly4ep-2048x512-n500-b32-gpu1.log,,,,123,e446efc9f4dc774377c56c403a468c747870beb18ff0320f15df794dcb69f015,"sha256(inputs,labels)",500x2048,500x2048,500,torch.int64/torch.int64,48b0f1b0ffd588488183989011054315034b0de053ed45ab0a111f31440e55c8,sha256,passed,true,,,,
2,20260526-longer-mqar-official-core:repro:gdn-h2-ev10-s123-d123-b64-ga4-fp32-noearly4ep:1024x256:n500,20260526-longer-mqar-official-core:repro:gdn-h2-ev10-s123-d123-b64-ga4-fp32-noearly4ep:1024x256:n500,20260526-longer-mqar-official-core,longer_mqar_eval_only,longer_mqar_eval_only_vocab8192_official_core_20260526,repro,completed,2026-05-25T22:28:22.795444+00:00,gdn,gdn-h2-ev10-s123-d123-b64-ga4-fp32-noearly4ep,gdn_capacity_layout_followup_candidate,gdn-h2-ev10-usegate0-s123-d123,b64_ga4_fp32_official,b64_ga4_fp32_official,official_gdn_capacity_layout_followup_b64_ga4_fp32,64,16,4,256,b64_ga4,float32,float32,float32,float32,float32,float32,123,123,gdn-h2-ev10-usegate0,gdn-h2-ev10-usegate0-s123-d123,,,2,10,false,true,4,4,4,2,true,checkpoints/flash-vqg-20260520-gdn-capacity-layout-followup-gdn-h2-ev10-s123-2026-05-20-08-36-24/gdn-h2-ev10-s123-d123-b64-ga4-fp32-noearly4ep/train_config.json,/home/lyj/mnt/project/zoology/checkpoints/flash-vqg-20260520-gdn-capacity-layout-followup-gdn-h2-ev10-s123-2026-05-20-08-36-24/gdn-h2-ev10-s123-d123-b64-ga4-fp32-noearly4ep/train_config.json,2c60882922bb6e58b193b16f98fc13a0d632d98e3b4d19ffe0c415fcefe8da8e,sha256:98ff23b8e6f033f6c87a3f3597bc5ce4efba730477b810dd39fc1cb866d6d54a,last.pt_epoch4_final,checkpoints/flash-vqg-20260520-gdn-capacity-layout-followup-gdn-h2-ev10-s123-2026-05-20-08-36-24/gdn-h2-ev10-s123-d123-b64-ga4-fp32-noearly4ep/last.pt,/home/lyj/mnt/project/zoology/checkpoints/flash-vqg-20260520-gdn-capacity-layout-followup-gdn-h2-ev10-s123-2026-05-20-08-36-24/gdn-h2-ev10-s123-d123-b64-ga4-fp32-noearly4ep/last.pt,true,98ff23b8e6f033f6c87a3f3597bc5ce4efba730477b810dd39fc1cb866d6d54a,9942975,2026-05-20T08:48:12.754877+00:00,3,,0.27598169445991516,0.981970703125,0.858921875,1434630,81920,81920,mqar-vocab8192-pass1-seed123-rnq1-power0.01-1024x256-n500,multiquery_ar,8192,1024,256,1,500,32,false,123,true,0.01,,,,,,,,,,,,,,,,,,,,,,,,,,,1.830575704574585,0.8611328125,1.830575704574585,0.8611328125,31.927358150482178,00:00:31,2062.35107421875,2062.35107421875,3534.0,NVIDIA_GeForce_RTX_2080_Ti-11264MiB-cc7.5-driver550.120-torch2.6.0+cu118-cuda11.8,measured_current_host,0,0,NVIDIA GeForce RTX 2080 Ti,11264,7.5,GPU-57c29499-bcb3-27f6-4360-e60939528a9b,2.6.0+cu118,11.8,550.120,8eb730be36bbb0876ed83a332d364c65acb36b28,8eb730be36bbb0876ed83a332d364c65acb36b28,811e1ce5f140e97d93ad6f1adae07b95b4219143,docs/artifacts/longer-mqar/official-core-20260526,docs/artifacts/20260520-gdn-capacity-layout-followup/gdn-followup-final.csv,tmp/20260526-longer-mqar-official-core/logs/repro-gdn-h2-ev10-s123-d123-b64-ga4-fp32-noearly4ep-1024x256-n500-b32-gpu0.log,,,,123,f30f1e09e1300deb2e0f430d7c50c47a77f58f43657aa4d6f425f938a91a9acb,"sha256(inputs,labels)",500x1024,500x1024,500,torch.int64/torch.int64,98ff23b8e6f033f6c87a3f3597bc5ce4efba730477b810dd39fc1cb866d6d54a,sha256,passed,true,20260526-longer-mqar-official-core:formal:gdn-h2-ev10-s123-d123-b64-ga4-fp32-noearly4ep:1024x256:n500,true,0.0,true
2,20260526-longer-mqar-official-core:formal:gdn-h2-ev8-s127-d123-b64-ga4-fp32-noearly4ep:4096x1024:n500,20260526-longer-mqar-official-core:formal:gdn-h2-ev8-s127-d123-b64-ga4-fp32-noearly4ep:4096x1024:n500,20260526-longer-mqar-official-core,longer_mqar_eval_only,longer_mqar_eval_only_vocab8192_official_core_20260526,formal,completed,2026-05-25T22:28:41.677462+00:00,gdn,gdn-h2-ev8-s127-d123-b64-ga4-fp32-noearly4ep,gdn_capacity_layout_followup_candidate,gdn-h2-ev8-usegate0-s127-d123,b64_ga4_fp32_official,b64_ga4_fp32_official,official_gdn_capacity_layout_followup_b64_ga4_fp32,64,16,4,256,b64_ga4,float32,float32,float32,float32,float32,float32,127,123,gdn-h2-ev8-usegate0,gdn-h2-ev8-usegate0-s127-d123,,,2,8,false,true,4,4,4,2,true,checkpoints/flash-vqg-20260520-gdn-capacity-layout-followup-gdn-h2-ev8-s127-2026-05-20-07-34-01/gdn-h2-ev8-s127-d123-b64-ga4-fp32-noearly4ep/train_config.json,/home/lyj/mnt/project/zoology/checkpoints/flash-vqg-20260520-gdn-capacity-layout-followup-gdn-h2-ev8-s127-2026-05-20-07-34-01/gdn-h2-ev8-s127-d123-b64-ga4-fp32-noearly4ep/train_config.json,2f41f8d923d9a11b406bd56e042a65ca3ee027e4d9e0dc2f92bd9b5aaea27fad,sha256:48b0f1b0ffd588488183989011054315034b0de053ed45ab0a111f31440e55c8,last.pt_epoch4_final,checkpoints/flash-vqg-20260520-gdn-capacity-layout-followup-gdn-h2-ev8-s127-2026-05-20-07-34-01/gdn-h2-ev8-s127-d123-b64-ga4-fp32-noearly4ep/last.pt,/home/lyj/mnt/project/zoology/checkpoints/flash-vqg-20260520-gdn-capacity-layout-followup-gdn-h2-ev8-s127-2026-05-20-07-34-01/gdn-h2-ev8-s127-d123-b64-ga4-fp32-noearly4ep/last.pt,true,48b0f1b0ffd588488183989011054315034b0de053ed45ab0a111f31440e55c8,9676223,2026-05-20T07:41:41.802525+00:00,3,,0.30102211236953735,0.97508056640625,0.80641796875,1367942,65536,65536,mqar-vocab8192-pass1-seed123-rnq1-power0.01-4096x1024-n500,multiquery_ar,8192,4096,1024,1,500,32,true,123,true,0.01,,,completed,4096x1024,4096,1024,32,32;16;8;4;2;1,32,8207.345703125,,same_gpu_same_dtype_same_runner_only,true,1,1,NVIDIA GeForce RTX 2080 Ti,11264,7.5,GPU-0def3eeb-c2d0-4f49-ec2a-ebc1d8453b98,2.6.0+cu118,11.8,550.120,float32,float32,b64_ga4_fp32_official,NVIDIA_GeForce_RTX_2080_Ti-11264MiB-cc7.5-driver550.120-torch2.6.0+cu118-cuda11.8,7.511361122131348,0.083830078125,7.511361122131348,0.083830078125,41.309940814971924,00:00:41,8208.3466796875,8208.3466796875,8222.0,NVIDIA_GeForce_RTX_2080_Ti-11264MiB-cc7.5-driver550.120-torch2.6.0+cu118-cuda11.8,measured_current_host,1,1,NVIDIA GeForce RTX 2080 Ti,11264,7.5,GPU-0def3eeb-c2d0-4f49-ec2a-ebc1d8453b98,2.6.0+cu118,11.8,550.120,8eb730be36bbb0876ed83a332d364c65acb36b28,8eb730be36bbb0876ed83a332d364c65acb36b28,811e1ce5f140e97d93ad6f1adae07b95b4219143,docs/artifacts/longer-mqar/official-core-20260526,docs/artifacts/20260520-gdn-capacity-layout-followup/gdn-followup-final.csv,tmp/20260526-longer-mqar-official-core/logs/formal-gdn-h2-ev8-s127-d123-b64-ga4-fp32-noearly4ep-4096x1024-n500-b32-gpu1.log,,,,123,0981292ce8ebea1402a4c3a7a6655dfc1de42688c329bd5ea921541a0f1d16ed,"sha256(inputs,labels)",500x4096,500x4096,500,torch.int64/torch.int64,48b0f1b0ffd588488183989011054315034b0de053ed45ab0a111f31440e55c8,sha256,passed,true,,,,
2,20260526-longer-mqar-official-core:batch_search:gdn-h2-ev10-s125-d123-b64-ga4-fp32-noearly4ep:1024x256:n32,20260526-longer-mqar-official-core:batch_search:gdn-h2-ev10-s125-d123-b64-ga4-fp32-noearly4ep:1024x256:n32,20260526-longer-mqar-official-core,longer_mqar_eval_only,longer_mqar_eval_only_vocab8192_official_core_20260526,batch_search,completed,2026-05-25T22:28:47.582977+00:00,gdn,gdn-h2-ev10-s125-d123-b64-ga4-fp32-noearly4ep,h2_ev10_multiseed_candidate,gdn-h2-ev10-usegate0-s125-d123,b64_ga4_fp32_official,b64_ga4_fp32_official,official_gdn_h2_ev10_multiseed_followup_b64_ga4_fp32,64,16,4,256,b64_ga4,float32,float32,float32,float32,float32,float32,125,123,gdn-h2-ev10-usegate0,gdn-h2-ev10-usegate0-s125-d123,,,2,10,false,true,4,4,4,2,true,checkpoints/flash-vqg-20260520-gdn-h2-ev10-multiseed-followup-gdn-h2-ev10-s125-2026-05-20-12-05-09/gdn-h2-ev10-s125-d123-b64-ga4-fp32-noearly4ep/train_config.json,/home/lyj/mnt/project/zoology/checkpoints/flash-vqg-20260520-gdn-h2-ev10-multiseed-followup-gdn-h2-ev10-s125-2026-05-20-12-05-09/gdn-h2-ev10-s125-d123-b64-ga4-fp32-noearly4ep/train_config.json,d4c6e658e0d8e8bdd3a77294202ef94c350bed0a16144ebae73cce652d14cd58,sha256:f1e0523bda6284c8f6fe3ee986a3cd195d8b00b0af23819b7a978d4bdf837dfe,last.pt_epoch4_final,checkpoints/flash-vqg-20260520-gdn-h2-ev10-multiseed-followup-gdn-h2-ev10-s125-2026-05-20-12-05-09/gdn-h2-ev10-s125-d123-b64-ga4-fp32-noearly4ep/last.pt,/home/lyj/mnt/project/zoology/checkpoints/flash-vqg-20260520-gdn-h2-ev10-multiseed-followup-gdn-h2-ev10-s125-2026-05-20-12-05-09/gdn-h2-ev10-s125-d123-b64-ga4-fp32-noearly4ep/last.pt,true,f1e0523bda6284c8f6fe3ee986a3cd195d8b00b0af23819b7a978d4bdf837dfe,9942975,2026-05-20T12:13:17.001058+00:00,3,,0.30318450927734375,0.97770751953125,0.82569921875,1434630,81920,81920,mqar-vocab8192-pass1-seed123-rnq1-power0.01-1024x256-n32,multiquery_ar,8192,1024,256,1,32,32,true,123,true,0.01,,,completed,1024x256,1024,256,32,32;16;8;4;2;1,32,2062.10009765625,,same_gpu_same_dtype_same_runner_only,true,0,0,NVIDIA GeForce RTX 2080 Ti,11264,7.5,GPU-57c29499-bcb3-27f6-4360-e60939528a9b,2.6.0+cu118,11.8,550.120,float32,float32,b64_ga4_fp32_official,NVIDIA_GeForce_RTX_2080_Ti-11264MiB-cc7.5-driver550.120-torch2.6.0+cu118-cuda11.8,1.999982237815857,0.82373046875,1.999982237815857,0.82373046875,23.869932413101196,00:00:23,2062.10009765625,2062.10009765625,3534.0,NVIDIA_GeForce_RTX_2080_Ti-11264MiB-cc7.5-driver550.120-torch2.6.0+cu118-cuda11.8,measured_current_host,0,0,NVIDIA GeForce RTX 2080 Ti,11264,7.5,GPU-57c29499-bcb3-27f6-4360-e60939528a9b,2.6.0+cu118,11.8,550.120,8eb730be36bbb0876ed83a332d364c65acb36b28,8eb730be36bbb0876ed83a332d364c65acb36b28,811e1ce5f140e97d93ad6f1adae07b95b4219143,docs/artifacts/longer-mqar/official-core-20260526,docs/artifacts/20260520-gdn-h2-ev10-multiseed-followup/gdn-h2-ev10-final.csv,tmp/20260526-longer-mqar-official-core/logs/batch-search-candidate-gdn-h2-ev10-s125-d123-b64-ga4-fp32-noearly4ep-1024x256-n32-b32-gpu0.log,,,,123,68500f1bc9fdc7ff4edc301ab7303d253d578a27cbbbf7613c74e3e6a04cc9f3,"sha256(inputs,labels)",32x1024,32x1024,32,torch.int64/torch.int64,f1e0523bda6284c8f6fe3ee986a3cd195d8b00b0af23819b7a978d4bdf837dfe,sha256,passed,true,,,,
2,20260526-longer-mqar-official-core:batch_search:gdn-h2-ev10-s125-d123-b64-ga4-fp32-noearly4ep:2048x512:n32,20260526-longer-mqar-official-core:batch_search:gdn-h2-ev10-s125-d123-b64-ga4-fp32-noearly4ep:2048x512:n32,20260526-longer-mqar-official-core,longer_mqar_eval_only,longer_mqar_eval_only_vocab8192_official_core_20260526,batch_search,completed,2026-05-25T22:29:16.043113+00:00,gdn,gdn-h2-ev10-s125-d123-b64-ga4-fp32-noearly4ep,h2_ev10_multiseed_candidate,gdn-h2-ev10-usegate0-s125-d123,b64_ga4_fp32_official,b64_ga4_fp32_official,official_gdn_h2_ev10_multiseed_followup_b64_ga4_fp32,64,16,4,256,b64_ga4,float32,float32,float32,float32,float32,float32,125,123,gdn-h2-ev10-usegate0,gdn-h2-ev10-usegate0-s125-d123,,,2,10,false,true,4,4,4,2,true,checkpoints/flash-vqg-20260520-gdn-h2-ev10-multiseed-followup-gdn-h2-ev10-s125-2026-05-20-12-05-09/gdn-h2-ev10-s125-d123-b64-ga4-fp32-noearly4ep/train_config.json,/home/lyj/mnt/project/zoology/checkpoints/flash-vqg-20260520-gdn-h2-ev10-multiseed-followup-gdn-h2-ev10-s125-2026-05-20-12-05-09/gdn-h2-ev10-s125-d123-b64-ga4-fp32-noearly4ep/train_config.json,d4c6e658e0d8e8bdd3a77294202ef94c350bed0a16144ebae73cce652d14cd58,sha256:f1e0523bda6284c8f6fe3ee986a3cd195d8b00b0af23819b7a978d4bdf837dfe,last.pt_epoch4_final,checkpoints/flash-vqg-20260520-gdn-h2-ev10-multiseed-followup-gdn-h2-ev10-s125-2026-05-20-12-05-09/gdn-h2-ev10-s125-d123-b64-ga4-fp32-noearly4ep/last.pt,/home/lyj/mnt/project/zoology/checkpoints/flash-vqg-20260520-gdn-h2-ev10-multiseed-followup-gdn-h2-ev10-s125-2026-05-20-12-05-09/gdn-h2-ev10-s125-d123-b64-ga4-fp32-noearly4ep/last.pt,true,f1e0523bda6284c8f6fe3ee986a3cd195d8b00b0af23819b7a978d4bdf837dfe,9942975,2026-05-20T12:13:17.001058+00:00,3,,0.30318450927734375,0.97770751953125,0.82569921875,1434630,81920,81920,mqar-vocab8192-pass1-seed123-rnq1-power0.01-2048x512-n32,multiquery_ar,8192,2048,512,1,32,32,true,123,true,0.01,,,completed,2048x512,2048,512,32,32;16;8;4;2;1,32,4110.60009765625,,same_gpu_same_dtype_same_runner_only,true,0,0,NVIDIA GeForce RTX 2080 Ti,11264,7.5,GPU-57c29499-bcb3-27f6-4360-e60939528a9b,2.6.0+cu118,11.8,550.120,float32,float32,b64_ga4_fp32_official,NVIDIA_GeForce_RTX_2080_Ti-11264MiB-cc7.5-driver550.120-torch2.6.0+cu118-cuda11.8,4.850395202636719,0.32928466796875,4.850395202636719,0.32928466796875,27.61664128303528,00:00:27,4110.60009765625,4110.60009765625,6460.0,NVIDIA_GeForce_RTX_2080_Ti-11264MiB-cc7.5-driver550.120-torch2.6.0+cu118-cuda11.8,measured_current_host,0,0,NVIDIA GeForce RTX 2080 Ti,11264,7.5,GPU-57c29499-bcb3-27f6-4360-e60939528a9b,2.6.0+cu118,11.8,550.120,8eb730be36bbb0876ed83a332d364c65acb36b28,8eb730be36bbb0876ed83a332d364c65acb36b28,811e1ce5f140e97d93ad6f1adae07b95b4219143,docs/artifacts/longer-mqar/official-core-20260526,docs/artifacts/20260520-gdn-h2-ev10-multiseed-followup/gdn-h2-ev10-final.csv,tmp/20260526-longer-mqar-official-core/logs/batch-search-candidate-gdn-h2-ev10-s125-d123-b64-ga4-fp32-noearly4ep-2048x512-n32-b32-gpu0.log,,,,123,34ea18c38dae38e2860b711425f27d090597975373a954d128324e3a04dcb012,"sha256(inputs,labels)",32x2048,32x2048,32,torch.int64/torch.int64,f1e0523bda6284c8f6fe3ee986a3cd195d8b00b0af23819b7a978d4bdf837dfe,sha256,passed,true,,,,
2,20260526-longer-mqar-official-core:formal:gdn-h2-ev8-s127-d123-b64-ga4-fp32-noearly4ep:8190x512:n500,20260526-longer-mqar-official-core:formal:gdn-h2-ev8-s127-d123-b64-ga4-fp32-noearly4ep:8190x512:n500,20260526-longer-mqar-official-core,longer_mqar_eval_only,longer_mqar_eval_only_vocab8192_official_core_20260526,formal,completed,2026-05-25T22:29:25.618048+00:00,gdn,gdn-h2-ev8-s127-d123-b64-ga4-fp32-noearly4ep,gdn_capacity_layout_followup_candidate,gdn-h2-ev8-usegate0-s127-d123,b64_ga4_fp32_official,b64_ga4_fp32_official,official_gdn_capacity_layout_followup_b64_ga4_fp32,64,16,4,256,b64_ga4,float32,float32,float32,float32,float32,float32,127,123,gdn-h2-ev8-usegate0,gdn-h2-ev8-usegate0-s127-d123,,,2,8,false,true,4,4,4,2,true,checkpoints/flash-vqg-20260520-gdn-capacity-layout-followup-gdn-h2-ev8-s127-2026-05-20-07-34-01/gdn-h2-ev8-s127-d123-b64-ga4-fp32-noearly4ep/train_config.json,/home/lyj/mnt/project/zoology/checkpoints/flash-vqg-20260520-gdn-capacity-layout-followup-gdn-h2-ev8-s127-2026-05-20-07-34-01/gdn-h2-ev8-s127-d123-b64-ga4-fp32-noearly4ep/train_config.json,2f41f8d923d9a11b406bd56e042a65ca3ee027e4d9e0dc2f92bd9b5aaea27fad,sha256:48b0f1b0ffd588488183989011054315034b0de053ed45ab0a111f31440e55c8,last.pt_epoch4_final,checkpoints/flash-vqg-20260520-gdn-capacity-layout-followup-gdn-h2-ev8-s127-2026-05-20-07-34-01/gdn-h2-ev8-s127-d123-b64-ga4-fp32-noearly4ep/last.pt,/home/lyj/mnt/project/zoology/checkpoints/flash-vqg-20260520-gdn-capacity-layout-followup-gdn-h2-ev8-s127-2026-05-20-07-34-01/gdn-h2-ev8-s127-d123-b64-ga4-fp32-noearly4ep/last.pt,true,48b0f1b0ffd588488183989011054315034b0de053ed45ab0a111f31440e55c8,9676223,2026-05-20T07:41:41.802525+00:00,3,,0.30102211236953735,0.97508056640625,0.80641796875,1367942,65536,65536,mqar-vocab8192-pass1-seed123-rnq1-power0.01-8190x512-n500,multiquery_ar,8192,8190,512,1,500,16,true,123,true,0.01,,,completed,8190x2047,8190,2047,32,32;16;8;4;2;1,16,8208.3466796875,"b32:oom:oom:torch.OutOfMemoryError: CUDA out of memory. Tried to allocate 8.00 GiB. GPU 0 has a total capacity of 10.75 GiB of which 1.92 GiB is free. Process 1231330 has 8.82 GiB memory in use. Of the allocated memory 8.01 GiB is allocated by PyTorch, and 4.66 MiB is reserved by PyTorch but unallocated. If reserved but unallocated memory is large try setting PYTORCH_CUDA_ALLOC_CONF=expandable_segments:True to avoid fragmentation.  See documentation for Memory Management  (https://pytorch.org/docs/stable/notes/cuda.html#environment-variables)",same_gpu_same_dtype_same_runner_only,true,1,1,NVIDIA GeForce RTX 2080 Ti,11264,7.5,GPU-0def3eeb-c2d0-4f49-ec2a-ebc1d8453b98,2.6.0+cu118,11.8,550.120,float32,float32,b64_ga4_fp32_official,NVIDIA_GeForce_RTX_2080_Ti-11264MiB-cc7.5-driver550.120-torch2.6.0+cu118-cuda11.8,5.923856258392334,0.21734375,5.923856258392334,0.21734375,43.07312560081482,00:00:43,8208.3466796875,8208.3466796875,8222.0,NVIDIA_GeForce_RTX_2080_Ti-11264MiB-cc7.5-driver550.120-torch2.6.0+cu118-cuda11.8,measured_current_host,1,1,NVIDIA GeForce RTX 2080 Ti,11264,7.5,GPU-0def3eeb-c2d0-4f49-ec2a-ebc1d8453b98,2.6.0+cu118,11.8,550.120,8eb730be36bbb0876ed83a332d364c65acb36b28,8eb730be36bbb0876ed83a332d364c65acb36b28,811e1ce5f140e97d93ad6f1adae07b95b4219143,docs/artifacts/longer-mqar/official-core-20260526,docs/artifacts/20260520-gdn-capacity-layout-followup/gdn-followup-final.csv,tmp/20260526-longer-mqar-official-core/logs/formal-gdn-h2-ev8-s127-d123-b64-ga4-fp32-noearly4ep-8190x512-n500-b16-gpu1.log,,,,123,37a8533a985fabd3db03daf9dfd3a8e0936513ab724039c63b9a22bf352d002d,"sha256(inputs,labels)",500x8190,500x8190,500,torch.int64/torch.int64,48b0f1b0ffd588488183989011054315034b0de053ed45ab0a111f31440e55c8,sha256,passed,true,,,,
2,20260526-longer-mqar-official-core:batch_search:gdn-h2-ev10-s125-d123-b64-ga4-fp32-noearly4ep:4096x1024:n32,20260526-longer-mqar-official-core:batch_search:gdn-h2-ev10-s125-d123-b64-ga4-fp32-noearly4ep:4096x1024:n32,20260526-longer-mqar-official-core,longer_mqar_eval_only,longer_mqar_eval_only_vocab8192_official_core_20260526,batch_search,completed,2026-05-25T22:29:52.509781+00:00,gdn,gdn-h2-ev10-s125-d123-b64-ga4-fp32-noearly4ep,h2_ev10_multiseed_candidate,gdn-h2-ev10-usegate0-s125-d123,b64_ga4_fp32_official,b64_ga4_fp32_official,official_gdn_h2_ev10_multiseed_followup_b64_ga4_fp32,64,16,4,256,b64_ga4,float32,float32,float32,float32,float32,float32,125,123,gdn-h2-ev10-usegate0,gdn-h2-ev10-usegate0-s125-d123,,,2,10,false,true,4,4,4,2,true,checkpoints/flash-vqg-20260520-gdn-h2-ev10-multiseed-followup-gdn-h2-ev10-s125-2026-05-20-12-05-09/gdn-h2-ev10-s125-d123-b64-ga4-fp32-noearly4ep/train_config.json,/home/lyj/mnt/project/zoology/checkpoints/flash-vqg-20260520-gdn-h2-ev10-multiseed-followup-gdn-h2-ev10-s125-2026-05-20-12-05-09/gdn-h2-ev10-s125-d123-b64-ga4-fp32-noearly4ep/train_config.json,d4c6e658e0d8e8bdd3a77294202ef94c350bed0a16144ebae73cce652d14cd58,sha256:f1e0523bda6284c8f6fe3ee986a3cd195d8b00b0af23819b7a978d4bdf837dfe,last.pt_epoch4_final,checkpoints/flash-vqg-20260520-gdn-h2-ev10-multiseed-followup-gdn-h2-ev10-s125-2026-05-20-12-05-09/gdn-h2-ev10-s125-d123-b64-ga4-fp32-noearly4ep/last.pt,/home/lyj/mnt/project/zoology/checkpoints/flash-vqg-20260520-gdn-h2-ev10-multiseed-followup-gdn-h2-ev10-s125-2026-05-20-12-05-09/gdn-h2-ev10-s125-d123-b64-ga4-fp32-noearly4ep/last.pt,true,f1e0523bda6284c8f6fe3ee986a3cd195d8b00b0af23819b7a978d4bdf837dfe,9942975,2026-05-20T12:13:17.001058+00:00,3,,0.30318450927734375,0.97770751953125,0.82569921875,1434630,81920,81920,mqar-vocab8192-pass1-seed123-rnq1-power0.01-4096x1024-n32,multiquery_ar,8192,4096,1024,1,32,32,true,123,true,0.01,,,completed,4096x1024,4096,1024,32,32;16;8;4;2;1,32,8207.60009765625,,same_gpu_same_dtype_same_runner_only,true,0,0,NVIDIA GeForce RTX 2080 Ti,11264,7.5,GPU-57c29499-bcb3-27f6-4360-e60939528a9b,2.6.0+cu118,11.8,550.120,float32,float32,b64_ga4_fp32_official,NVIDIA_GeForce_RTX_2080_Ti-11264MiB-cc7.5-driver550.120-torch2.6.0+cu118-cuda11.8,7.596156597137451,0.06500244140625,7.596156597137451,0.06500244140625,35.60542416572571,00:00:35,8207.60009765625,8207.60009765625,8288.0,NVIDIA_GeForce_RTX_2080_Ti-11264MiB-cc7.5-driver550.120-torch2.6.0+cu118-cuda11.8,measured_current_host,0,0,NVIDIA GeForce RTX 2080 Ti,11264,7.5,GPU-57c29499-bcb3-27f6-4360-e60939528a9b,2.6.0+cu118,11.8,550.120,8eb730be36bbb0876ed83a332d364c65acb36b28,8eb730be36bbb0876ed83a332d364c65acb36b28,811e1ce5f140e97d93ad6f1adae07b95b4219143,docs/artifacts/longer-mqar/official-core-20260526,docs/artifacts/20260520-gdn-h2-ev10-multiseed-followup/gdn-h2-ev10-final.csv,tmp/20260526-longer-mqar-official-core/logs/batch-search-candidate-gdn-h2-ev10-s125-d123-b64-ga4-fp32-noearly4ep-4096x1024-n32-b32-gpu0.log,,,,123,55274181d24158d3fe53491784d87fabe3a981427663df2ac8ed40876e72a1b8,"sha256(inputs,labels)",32x4096,32x4096,32,torch.int64/torch.int64,f1e0523bda6284c8f6fe3ee986a3cd195d8b00b0af23819b7a978d4bdf837dfe,sha256,passed,true,,,,
2,20260526-longer-mqar-official-core:formal:gdn-h2-ev8-s127-d123-b64-ga4-fp32-noearly4ep:8190x2047:n500,20260526-longer-mqar-official-core:formal:gdn-h2-ev8-s127-d123-b64-ga4-fp32-noearly4ep:8190x2047:n500,20260526-longer-mqar-official-core,longer_mqar_eval_only,longer_mqar_eval_only_vocab8192_official_core_20260526,formal,completed,2026-05-25T22:30:09.648236+00:00,gdn,gdn-h2-ev8-s127-d123-b64-ga4-fp32-noearly4ep,gdn_capacity_layout_followup_candidate,gdn-h2-ev8-usegate0-s127-d123,b64_ga4_fp32_official,b64_ga4_fp32_official,official_gdn_capacity_layout_followup_b64_ga4_fp32,64,16,4,256,b64_ga4,float32,float32,float32,float32,float32,float32,127,123,gdn-h2-ev8-usegate0,gdn-h2-ev8-usegate0-s127-d123,,,2,8,false,true,4,4,4,2,true,checkpoints/flash-vqg-20260520-gdn-capacity-layout-followup-gdn-h2-ev8-s127-2026-05-20-07-34-01/gdn-h2-ev8-s127-d123-b64-ga4-fp32-noearly4ep/train_config.json,/home/lyj/mnt/project/zoology/checkpoints/flash-vqg-20260520-gdn-capacity-layout-followup-gdn-h2-ev8-s127-2026-05-20-07-34-01/gdn-h2-ev8-s127-d123-b64-ga4-fp32-noearly4ep/train_config.json,2f41f8d923d9a11b406bd56e042a65ca3ee027e4d9e0dc2f92bd9b5aaea27fad,sha256:48b0f1b0ffd588488183989011054315034b0de053ed45ab0a111f31440e55c8,last.pt_epoch4_final,checkpoints/flash-vqg-20260520-gdn-capacity-layout-followup-gdn-h2-ev8-s127-2026-05-20-07-34-01/gdn-h2-ev8-s127-d123-b64-ga4-fp32-noearly4ep/last.pt,/home/lyj/mnt/project/zoology/checkpoints/flash-vqg-20260520-gdn-capacity-layout-followup-gdn-h2-ev8-s127-2026-05-20-07-34-01/gdn-h2-ev8-s127-d123-b64-ga4-fp32-noearly4ep/last.pt,true,48b0f1b0ffd588488183989011054315034b0de053ed45ab0a111f31440e55c8,9676223,2026-05-20T07:41:41.802525+00:00,3,,0.30102211236953735,0.97508056640625,0.80641796875,1367942,65536,65536,mqar-vocab8192-pass1-seed123-rnq1-power0.01-8190x2047-n500,multiquery_ar,8192,8190,2047,1,500,16,true,123,true,0.01,,,completed,8190x2047,8190,2047,32,32;16;8;4;2;1,16,8208.3466796875,"b32:oom:oom:torch.OutOfMemoryError: CUDA out of memory. Tried to allocate 8.00 GiB. GPU 0 has a total capacity of 10.75 GiB of which 1.92 GiB is free. Process 1231330 has 8.82 GiB memory in use. Of the allocated memory 8.01 GiB is allocated by PyTorch, and 4.66 MiB is reserved by PyTorch but unallocated. If reserved but unallocated memory is large try setting PYTORCH_CUDA_ALLOC_CONF=expandable_segments:True to avoid fragmentation.  See documentation for Memory Management  (https://pytorch.org/docs/stable/notes/cuda.html#environment-variables)",same_gpu_same_dtype_same_runner_only,true,1,1,NVIDIA GeForce RTX 2080 Ti,11264,7.5,GPU-0def3eeb-c2d0-4f49-ec2a-ebc1d8453b98,2.6.0+cu118,11.8,550.120,float32,float32,b64_ga4_fp32_official,NVIDIA_GeForce_RTX_2080_Ti-11264MiB-cc7.5-driver550.120-torch2.6.0+cu118-cuda11.8,9.202072143554688,0.007699071812408402,9.202072143554688,0.007699071812408403,43.16254162788391,00:00:43,8208.3466796875,8208.3466796875,8222.0,NVIDIA_GeForce_RTX_2080_Ti-11264MiB-cc7.5-driver550.120-torch2.6.0+cu118-cuda11.8,measured_current_host,1,1,NVIDIA GeForce RTX 2080 Ti,11264,7.5,GPU-0def3eeb-c2d0-4f49-ec2a-ebc1d8453b98,2.6.0+cu118,11.8,550.120,8eb730be36bbb0876ed83a332d364c65acb36b28,8eb730be36bbb0876ed83a332d364c65acb36b28,811e1ce5f140e97d93ad6f1adae07b95b4219143,docs/artifacts/longer-mqar/official-core-20260526,docs/artifacts/20260520-gdn-capacity-layout-followup/gdn-followup-final.csv,tmp/20260526-longer-mqar-official-core/logs/formal-gdn-h2-ev8-s127-d123-b64-ga4-fp32-noearly4ep-8190x2047-n500-b16-gpu1.log,,,,123,8c16a91ea127bb7bf2130238ecd56b49fb1fd73bb3e0c2f4c586ddba8e9b97a9,"sha256(inputs,labels)",500x8190,500x8190,500,torch.int64/torch.int64,48b0f1b0ffd588488183989011054315034b0de053ed45ab0a111f31440e55c8,sha256,passed,true,,,,
2,20260526-longer-mqar-official-core:repro:gdn-h2-ev8-s127-d123-b64-ga4-fp32-noearly4ep:1024x256:n500,20260526-longer-mqar-official-core:repro:gdn-h2-ev8-s127-d123-b64-ga4-fp32-noearly4ep:1024x256:n500,20260526-longer-mqar-official-core,longer_mqar_eval_only,longer_mqar_eval_only_vocab8192_official_core_20260526,repro,completed,2026-05-25T22:30:42.213875+00:00,gdn,gdn-h2-ev8-s127-d123-b64-ga4-fp32-noearly4ep,gdn_capacity_layout_followup_candidate,gdn-h2-ev8-usegate0-s127-d123,b64_ga4_fp32_official,b64_ga4_fp32_official,official_gdn_capacity_layout_followup_b64_ga4_fp32,64,16,4,256,b64_ga4,float32,float32,float32,float32,float32,float32,127,123,gdn-h2-ev8-usegate0,gdn-h2-ev8-usegate0-s127-d123,,,2,8,false,true,4,4,4,2,true,checkpoints/flash-vqg-20260520-gdn-capacity-layout-followup-gdn-h2-ev8-s127-2026-05-20-07-34-01/gdn-h2-ev8-s127-d123-b64-ga4-fp32-noearly4ep/train_config.json,/home/lyj/mnt/project/zoology/checkpoints/flash-vqg-20260520-gdn-capacity-layout-followup-gdn-h2-ev8-s127-2026-05-20-07-34-01/gdn-h2-ev8-s127-d123-b64-ga4-fp32-noearly4ep/train_config.json,2f41f8d923d9a11b406bd56e042a65ca3ee027e4d9e0dc2f92bd9b5aaea27fad,sha256:48b0f1b0ffd588488183989011054315034b0de053ed45ab0a111f31440e55c8,last.pt_epoch4_final,checkpoints/flash-vqg-20260520-gdn-capacity-layout-followup-gdn-h2-ev8-s127-2026-05-20-07-34-01/gdn-h2-ev8-s127-d123-b64-ga4-fp32-noearly4ep/last.pt,/home/lyj/mnt/project/zoology/checkpoints/flash-vqg-20260520-gdn-capacity-layout-followup-gdn-h2-ev8-s127-2026-05-20-07-34-01/gdn-h2-ev8-s127-d123-b64-ga4-fp32-noearly4ep/last.pt,true,48b0f1b0ffd588488183989011054315034b0de053ed45ab0a111f31440e55c8,9676223,2026-05-20T07:41:41.802525+00:00,3,,0.30102211236953735,0.97508056640625,0.80641796875,1367942,65536,65536,mqar-vocab8192-pass1-seed123-rnq1-power0.01-1024x256-n500,multiquery_ar,8192,1024,256,1,500,32,false,123,true,0.01,,,,,,,,,,,,,,,,,,,,,,,,,,,1.984123945236206,0.808140625,1.984123945236206,0.808140625,31.677257537841797,00:00:31,2062.0966796875,2062.0966796875,3342.0,NVIDIA_GeForce_RTX_2080_Ti-11264MiB-cc7.5-driver550.120-torch2.6.0+cu118-cuda11.8,measured_current_host,1,1,NVIDIA GeForce RTX 2080 Ti,11264,7.5,GPU-0def3eeb-c2d0-4f49-ec2a-ebc1d8453b98,2.6.0+cu118,11.8,550.120,8eb730be36bbb0876ed83a332d364c65acb36b28,8eb730be36bbb0876ed83a332d364c65acb36b28,811e1ce5f140e97d93ad6f1adae07b95b4219143,docs/artifacts/longer-mqar/official-core-20260526,docs/artifacts/20260520-gdn-capacity-layout-followup/gdn-followup-final.csv,tmp/20260526-longer-mqar-official-core/logs/repro-gdn-h2-ev8-s127-d123-b64-ga4-fp32-noearly4ep-1024x256-n500-b32-gpu1.log,,,,123,f30f1e09e1300deb2e0f430d7c50c47a77f58f43657aa4d6f425f938a91a9acb,"sha256(inputs,labels)",500x1024,500x1024,500,torch.int64/torch.int64,48b0f1b0ffd588488183989011054315034b0de053ed45ab0a111f31440e55c8,sha256,passed,true,20260526-longer-mqar-official-core:formal:gdn-h2-ev8-s127-d123-b64-ga4-fp32-noearly4ep:1024x256:n500,true,0.0,true
2,20260526-longer-mqar-official-core:batch_search:gdn-h2-ev16-s125-d123-b64-ga4-fp32-noearly4ep:1024x256:n32,20260526-longer-mqar-official-core:batch_search:gdn-h2-ev16-s125-d123-b64-ga4-fp32-noearly4ep:1024x256:n32,20260526-longer-mqar-official-core,longer_mqar_eval_only,longer_mqar_eval_only_vocab8192_official_core_20260526,batch_search,completed,2026-05-25T22:31:07.762997+00:00,gdn,gdn-h2-ev16-s125-d123-b64-ga4-fp32-noearly4ep,gdn_capacity_layout_followup_candidate,gdn-h2-ev16-usegate0-s125-d123,b64_ga4_fp32_official,b64_ga4_fp32_official,official_gdn_capacity_layout_followup_b64_ga4_fp32,64,16,4,256,b64_ga4,float32,float32,float32,float32,float32,float32,125,123,gdn-h2-ev16-usegate0,gdn-h2-ev16-usegate0-s125-d123,,,2,16,false,true,4,4,4,2,true,checkpoints/flash-vqg-20260520-gdn-capacity-layout-followup-gdn-h2-ev16-s125-2026-05-20-07-41-56/gdn-h2-ev16-s125-d123-b64-ga4-fp32-noearly4ep/train_config.json,/home/lyj/mnt/project/zoology/checkpoints/flash-vqg-20260520-gdn-capacity-layout-followup-gdn-h2-ev16-s125-2026-05-20-07-41-56/gdn-h2-ev16-s125-d123-b64-ga4-fp32-noearly4ep/train_config.json,b009d286cc10a3a379c60fdf09a7e5a40b7b0a61123d9c406c12a16d6e74855b,sha256:6c6c7f20081a8f048a61737e2613ad9de5d90c0d4e6426a470d8fbdd0b61e220,last.pt_epoch4_final,checkpoints/flash-vqg-20260520-gdn-capacity-layout-followup-gdn-h2-ev16-s125-2026-05-20-07-41-56/gdn-h2-ev16-s125-d123-b64-ga4-fp32-noearly4ep/last.pt,/home/lyj/mnt/project/zoology/checkpoints/flash-vqg-20260520-gdn-capacity-layout-followup-gdn-h2-ev16-s125-2026-05-20-07-41-56/gdn-h2-ev16-s125-d123-b64-ga4-fp32-noearly4ep/last.pt,true,6c6c7f20081a8f048a61737e2613ad9de5d90c0d4e6426a470d8fbdd0b61e220,10743231,2026-05-20T07:52:06.310276+00:00,3,,0.27388736605644226,0.980462890625,0.8467578125,1634694,131072,131072,mqar-vocab8192-pass1-seed123-rnq1-power0.01-1024x256-n32,multiquery_ar,8192,1024,256,1,32,32,true,123,true,0.01,,,completed,1024x256,1024,256,32,32;16;8;4;2;1,32,2062.86328125,,same_gpu_same_dtype_same_runner_only,true,1,1,NVIDIA GeForce RTX 2080 Ti,11264,7.5,GPU-0def3eeb-c2d0-4f49-ec2a-ebc1d8453b98,2.6.0+cu118,11.8,550.120,float32,float32,b64_ga4_fp32_official,NVIDIA_GeForce_RTX_2080_Ti-11264MiB-cc7.5-driver550.120-torch2.6.0+cu118-cuda11.8,1.814291000366211,0.84912109375,1.814291000366211,0.84912109375,24.698784589767456,00:00:24,2062.86328125,2062.86328125,3982.0,NVIDIA_GeForce_RTX_2080_Ti-11264MiB-cc7.5-driver550.120-torch2.6.0+cu118-cuda11.8,measured_current_host,1,1,NVIDIA GeForce RTX 2080 Ti,11264,7.5,GPU-0def3eeb-c2d0-4f49-ec2a-ebc1d8453b98,2.6.0+cu118,11.8,550.120,8eb730be36bbb0876ed83a332d364c65acb36b28,8eb730be36bbb0876ed83a332d364c65acb36b28,811e1ce5f140e97d93ad6f1adae07b95b4219143,docs/artifacts/longer-mqar/official-core-20260526,docs/artifacts/20260520-gdn-capacity-layout-followup/gdn-followup-final.csv,tmp/20260526-longer-mqar-official-core/logs/batch-search-candidate-gdn-h2-ev16-s125-d123-b64-ga4-fp32-noearly4ep-1024x256-n32-b32-gpu1.log,,,,123,68500f1bc9fdc7ff4edc301ab7303d253d578a27cbbbf7613c74e3e6a04cc9f3,"sha256(inputs,labels)",32x1024,32x1024,32,torch.int64/torch.int64,6c6c7f20081a8f048a61737e2613ad9de5d90c0d4e6426a470d8fbdd0b61e220,sha256,passed,true,,,,
2,20260526-longer-mqar-official-core:batch_search:gdn-h2-ev10-s125-d123-b64-ga4-fp32-noearly4ep:8190x512:n32,20260526-longer-mqar-official-core:batch_search:gdn-h2-ev10-s125-d123-b64-ga4-fp32-noearly4ep:8190x512:n32,20260526-longer-mqar-official-core,longer_mqar_eval_only,longer_mqar_eval_only_vocab8192_official_core_20260526,batch_search,completed,2026-05-25T22:31:23.577528+00:00,gdn,gdn-h2-ev10-s125-d123-b64-ga4-fp32-noearly4ep,h2_ev10_multiseed_candidate,gdn-h2-ev10-usegate0-s125-d123,b64_ga4_fp32_official,b64_ga4_fp32_official,official_gdn_h2_ev10_multiseed_followup_b64_ga4_fp32,64,16,4,256,b64_ga4,float32,float32,float32,float32,float32,float32,125,123,gdn-h2-ev10-usegate0,gdn-h2-ev10-usegate0-s125-d123,,,2,10,false,true,4,4,4,2,true,checkpoints/flash-vqg-20260520-gdn-h2-ev10-multiseed-followup-gdn-h2-ev10-s125-2026-05-20-12-05-09/gdn-h2-ev10-s125-d123-b64-ga4-fp32-noearly4ep/train_config.json,/home/lyj/mnt/project/zoology/checkpoints/flash-vqg-20260520-gdn-h2-ev10-multiseed-followup-gdn-h2-ev10-s125-2026-05-20-12-05-09/gdn-h2-ev10-s125-d123-b64-ga4-fp32-noearly4ep/train_config.json,d4c6e658e0d8e8bdd3a77294202ef94c350bed0a16144ebae73cce652d14cd58,sha256:f1e0523bda6284c8f6fe3ee986a3cd195d8b00b0af23819b7a978d4bdf837dfe,last.pt_epoch4_final,checkpoints/flash-vqg-20260520-gdn-h2-ev10-multiseed-followup-gdn-h2-ev10-s125-2026-05-20-12-05-09/gdn-h2-ev10-s125-d123-b64-ga4-fp32-noearly4ep/last.pt,/home/lyj/mnt/project/zoology/checkpoints/flash-vqg-20260520-gdn-h2-ev10-multiseed-followup-gdn-h2-ev10-s125-2026-05-20-12-05-09/gdn-h2-ev10-s125-d123-b64-ga4-fp32-noearly4ep/last.pt,true,f1e0523bda6284c8f6fe3ee986a3cd195d8b00b0af23819b7a978d4bdf837dfe,9942975,2026-05-20T12:13:17.001058+00:00,3,,0.30318450927734375,0.97770751953125,0.82569921875,1434630,81920,81920,mqar-vocab8192-pass1-seed123-rnq1-power0.01-8190x512-n32,multiquery_ar,8192,8190,512,1,32,16,true,123,true,0.01,,,completed,8190x512,8190,512,32,32;16;8;4;2;1,16,8208.60107421875,"b32:oom:oom:torch.OutOfMemoryError: CUDA out of memory. Tried to allocate 8.00 GiB. GPU 0 has a total capacity of 10.74 GiB of which 1.90 GiB is free. Process 1232315 has 8.82 GiB memory in use. Of the allocated memory 8.02 GiB is allocated by PyTorch, and 4.40 MiB is reserved by PyTorch but unallocated. If reserved but unallocated memory is large try setting PYTORCH_CUDA_ALLOC_CONF=expandable_segments:True to avoid fragmentation.  See documentation for Memory Management  (https://pytorch.org/docs/stable/notes/cuda.html#environment-variables)",same_gpu_same_dtype_same_runner_only,true,0,0,NVIDIA GeForce RTX 2080 Ti,11264,7.5,GPU-57c29499-bcb3-27f6-4360-e60939528a9b,2.6.0+cu118,11.8,550.120,float32,float32,b64_ga4_fp32_official,NVIDIA_GeForce_RTX_2080_Ti-11264MiB-cc7.5-driver550.120-torch2.6.0+cu118-cuda11.8,5.865180969238281,0.221923828125,5.865180969238281,0.221923828125,36.34179353713989,00:00:36,8208.60107421875,8208.60107421875,8286.0,NVIDIA_GeForce_RTX_2080_Ti-11264MiB-cc7.5-driver550.120-torch2.6.0+cu118-cuda11.8,measured_current_host,0,0,NVIDIA GeForce RTX 2080 Ti,11264,7.5,GPU-57c29499-bcb3-27f6-4360-e60939528a9b,2.6.0+cu118,11.8,550.120,8eb730be36bbb0876ed83a332d364c65acb36b28,8eb730be36bbb0876ed83a332d364c65acb36b28,811e1ce5f140e97d93ad6f1adae07b95b4219143,docs/artifacts/longer-mqar/official-core-20260526,docs/artifacts/20260520-gdn-h2-ev10-multiseed-followup/gdn-h2-ev10-final.csv,tmp/20260526-longer-mqar-official-core/logs/batch-search-candidate-gdn-h2-ev10-s125-d123-b64-ga4-fp32-noearly4ep-8190x512-n32-b16-gpu0.log,,,,123,23d7ffc7467f8e355ec7cb4c739cf5494449c559427d204883d63d7dca4f4351,"sha256(inputs,labels)",32x8190,32x8190,32,torch.int64/torch.int64,f1e0523bda6284c8f6fe3ee986a3cd195d8b00b0af23819b7a978d4bdf837dfe,sha256,passed,true,,,,
2,20260526-longer-mqar-official-core:batch_search:gdn-h2-ev16-s125-d123-b64-ga4-fp32-noearly4ep:2048x512:n32,20260526-longer-mqar-official-core:batch_search:gdn-h2-ev16-s125-d123-b64-ga4-fp32-noearly4ep:2048x512:n32,20260526-longer-mqar-official-core,longer_mqar_eval_only,longer_mqar_eval_only_vocab8192_official_core_20260526,batch_search,completed,2026-05-25T22:31:37.738452+00:00,gdn,gdn-h2-ev16-s125-d123-b64-ga4-fp32-noearly4ep,gdn_capacity_layout_followup_candidate,gdn-h2-ev16-usegate0-s125-d123,b64_ga4_fp32_official,b64_ga4_fp32_official,official_gdn_capacity_layout_followup_b64_ga4_fp32,64,16,4,256,b64_ga4,float32,float32,float32,float32,float32,float32,125,123,gdn-h2-ev16-usegate0,gdn-h2-ev16-usegate0-s125-d123,,,2,16,false,true,4,4,4,2,true,checkpoints/flash-vqg-20260520-gdn-capacity-layout-followup-gdn-h2-ev16-s125-2026-05-20-07-41-56/gdn-h2-ev16-s125-d123-b64-ga4-fp32-noearly4ep/train_config.json,/home/lyj/mnt/project/zoology/checkpoints/flash-vqg-20260520-gdn-capacity-layout-followup-gdn-h2-ev16-s125-2026-05-20-07-41-56/gdn-h2-ev16-s125-d123-b64-ga4-fp32-noearly4ep/train_config.json,b009d286cc10a3a379c60fdf09a7e5a40b7b0a61123d9c406c12a16d6e74855b,sha256:6c6c7f20081a8f048a61737e2613ad9de5d90c0d4e6426a470d8fbdd0b61e220,last.pt_epoch4_final,checkpoints/flash-vqg-20260520-gdn-capacity-layout-followup-gdn-h2-ev16-s125-2026-05-20-07-41-56/gdn-h2-ev16-s125-d123-b64-ga4-fp32-noearly4ep/last.pt,/home/lyj/mnt/project/zoology/checkpoints/flash-vqg-20260520-gdn-capacity-layout-followup-gdn-h2-ev16-s125-2026-05-20-07-41-56/gdn-h2-ev16-s125-d123-b64-ga4-fp32-noearly4ep/last.pt,true,6c6c7f20081a8f048a61737e2613ad9de5d90c0d4e6426a470d8fbdd0b61e220,10743231,2026-05-20T07:52:06.310276+00:00,3,,0.27388736605644226,0.980462890625,0.8467578125,1634694,131072,131072,mqar-vocab8192-pass1-seed123-rnq1-power0.01-2048x512-n32,multiquery_ar,8192,2048,512,1,32,32,true,123,true,0.01,,,completed,2048x512,2048,512,32,32;16;8;4;2;1,32,4111.36328125,,same_gpu_same_dtype_same_runner_only,true,1,1,NVIDIA GeForce RTX 2080 Ti,11264,7.5,GPU-0def3eeb-c2d0-4f49-ec2a-ebc1d8453b98,2.6.0+cu118,11.8,550.120,float32,float32,b64_ga4_fp32_official,NVIDIA_GeForce_RTX_2080_Ti-11264MiB-cc7.5-driver550.120-torch2.6.0+cu118-cuda11.8,4.507862567901611,0.38531494140625,4.507862567901611,0.38531494140625,29.133071422576904,00:00:29,4111.36328125,4111.36328125,7420.0,NVIDIA_GeForce_RTX_2080_Ti-11264MiB-cc7.5-driver550.120-torch2.6.0+cu118-cuda11.8,measured_current_host,1,1,NVIDIA GeForce RTX 2080 Ti,11264,7.5,GPU-0def3eeb-c2d0-4f49-ec2a-ebc1d8453b98,2.6.0+cu118,11.8,550.120,8eb730be36bbb0876ed83a332d364c65acb36b28,8eb730be36bbb0876ed83a332d364c65acb36b28,811e1ce5f140e97d93ad6f1adae07b95b4219143,docs/artifacts/longer-mqar/official-core-20260526,docs/artifacts/20260520-gdn-capacity-layout-followup/gdn-followup-final.csv,tmp/20260526-longer-mqar-official-core/logs/batch-search-candidate-gdn-h2-ev16-s125-d123-b64-ga4-fp32-noearly4ep-2048x512-n32-b32-gpu1.log,,,,123,34ea18c38dae38e2860b711425f27d090597975373a954d128324e3a04dcb012,"sha256(inputs,labels)",32x2048,32x2048,32,torch.int64/torch.int64,6c6c7f20081a8f048a61737e2613ad9de5d90c0d4e6426a470d8fbdd0b61e220,sha256,passed,true,,,,
2,20260526-longer-mqar-official-core:batch_search:gdn-h2-ev16-s125-d123-b64-ga4-fp32-noearly4ep:4096x1024:n32,20260526-longer-mqar-official-core:batch_search:gdn-h2-ev16-s125-d123-b64-ga4-fp32-noearly4ep:4096x1024:n32,20260526-longer-mqar-official-core,longer_mqar_eval_only,longer_mqar_eval_only_vocab8192_official_core_20260526,batch_search,completed,2026-05-25T22:32:17.679072+00:00,gdn,gdn-h2-ev16-s125-d123-b64-ga4-fp32-noearly4ep,gdn_capacity_layout_followup_candidate,gdn-h2-ev16-usegate0-s125-d123,b64_ga4_fp32_official,b64_ga4_fp32_official,official_gdn_capacity_layout_followup_b64_ga4_fp32,64,16,4,256,b64_ga4,float32,float32,float32,float32,float32,float32,125,123,gdn-h2-ev16-usegate0,gdn-h2-ev16-usegate0-s125-d123,,,2,16,false,true,4,4,4,2,true,checkpoints/flash-vqg-20260520-gdn-capacity-layout-followup-gdn-h2-ev16-s125-2026-05-20-07-41-56/gdn-h2-ev16-s125-d123-b64-ga4-fp32-noearly4ep/train_config.json,/home/lyj/mnt/project/zoology/checkpoints/flash-vqg-20260520-gdn-capacity-layout-followup-gdn-h2-ev16-s125-2026-05-20-07-41-56/gdn-h2-ev16-s125-d123-b64-ga4-fp32-noearly4ep/train_config.json,b009d286cc10a3a379c60fdf09a7e5a40b7b0a61123d9c406c12a16d6e74855b,sha256:6c6c7f20081a8f048a61737e2613ad9de5d90c0d4e6426a470d8fbdd0b61e220,last.pt_epoch4_final,checkpoints/flash-vqg-20260520-gdn-capacity-layout-followup-gdn-h2-ev16-s125-2026-05-20-07-41-56/gdn-h2-ev16-s125-d123-b64-ga4-fp32-noearly4ep/last.pt,/home/lyj/mnt/project/zoology/checkpoints/flash-vqg-20260520-gdn-capacity-layout-followup-gdn-h2-ev16-s125-2026-05-20-07-41-56/gdn-h2-ev16-s125-d123-b64-ga4-fp32-noearly4ep/last.pt,true,6c6c7f20081a8f048a61737e2613ad9de5d90c0d4e6426a470d8fbdd0b61e220,10743231,2026-05-20T07:52:06.310276+00:00,3,,0.27388736605644226,0.980462890625,0.8467578125,1634694,131072,131072,mqar-vocab8192-pass1-seed123-rnq1-power0.01-4096x1024-n32,multiquery_ar,8192,4096,1024,1,32,32,true,123,true,0.01,,,completed,4096x1024,4096,1024,32,32;16;8;4;2;1,32,8208.36328125,,same_gpu_same_dtype_same_runner_only,true,1,1,NVIDIA GeForce RTX 2080 Ti,11264,7.5,GPU-0def3eeb-c2d0-4f49-ec2a-ebc1d8453b98,2.6.0+cu118,11.8,550.120,float32,float32,b64_ga4_fp32_official,NVIDIA_GeForce_RTX_2080_Ti-11264MiB-cc7.5-driver550.120-torch2.6.0+cu118-cuda11.8,7.152339935302734,0.11370849609375,7.152339935302734,0.11370849609375,38.980979919433594,00:00:38,8208.36328125,8208.36328125,8282.0,NVIDIA_GeForce_RTX_2080_Ti-11264MiB-cc7.5-driver550.120-torch2.6.0+cu118-cuda11.8,measured_current_host,1,1,NVIDIA GeForce RTX 2080 Ti,11264,7.5,GPU-0def3eeb-c2d0-4f49-ec2a-ebc1d8453b98,2.6.0+cu118,11.8,550.120,8eb730be36bbb0876ed83a332d364c65acb36b28,8eb730be36bbb0876ed83a332d364c65acb36b28,811e1ce5f140e97d93ad6f1adae07b95b4219143,docs/artifacts/longer-mqar/official-core-20260526,docs/artifacts/20260520-gdn-capacity-layout-followup/gdn-followup-final.csv,tmp/20260526-longer-mqar-official-core/logs/batch-search-candidate-gdn-h2-ev16-s125-d123-b64-ga4-fp32-noearly4ep-4096x1024-n32-b32-gpu1.log,,,,123,55274181d24158d3fe53491784d87fabe3a981427663df2ac8ed40876e72a1b8,"sha256(inputs,labels)",32x4096,32x4096,32,torch.int64/torch.int64,6c6c7f20081a8f048a61737e2613ad9de5d90c0d4e6426a470d8fbdd0b61e220,sha256,passed,true,,,,
2,20260526-longer-mqar-official-core:batch_search:gdn-h2-ev10-s125-d123-b64-ga4-fp32-noearly4ep:8190x2047:n32,20260526-longer-mqar-official-core:batch_search:gdn-h2-ev10-s125-d123-b64-ga4-fp32-noearly4ep:8190x2047:n32,20260526-longer-mqar-official-core,longer_mqar_eval_only,longer_mqar_eval_only_vocab8192_official_core_20260526,batch_search,completed,2026-05-25T22:32:54.856837+00:00,gdn,gdn-h2-ev10-s125-d123-b64-ga4-fp32-noearly4ep,h2_ev10_multiseed_candidate,gdn-h2-ev10-usegate0-s125-d123,b64_ga4_fp32_official,b64_ga4_fp32_official,official_gdn_h2_ev10_multiseed_followup_b64_ga4_fp32,64,16,4,256,b64_ga4,float32,float32,float32,float32,float32,float32,125,123,gdn-h2-ev10-usegate0,gdn-h2-ev10-usegate0-s125-d123,,,2,10,false,true,4,4,4,2,true,checkpoints/flash-vqg-20260520-gdn-h2-ev10-multiseed-followup-gdn-h2-ev10-s125-2026-05-20-12-05-09/gdn-h2-ev10-s125-d123-b64-ga4-fp32-noearly4ep/train_config.json,/home/lyj/mnt/project/zoology/checkpoints/flash-vqg-20260520-gdn-h2-ev10-multiseed-followup-gdn-h2-ev10-s125-2026-05-20-12-05-09/gdn-h2-ev10-s125-d123-b64-ga4-fp32-noearly4ep/train_config.json,d4c6e658e0d8e8bdd3a77294202ef94c350bed0a16144ebae73cce652d14cd58,sha256:f1e0523bda6284c8f6fe3ee986a3cd195d8b00b0af23819b7a978d4bdf837dfe,last.pt_epoch4_final,checkpoints/flash-vqg-20260520-gdn-h2-ev10-multiseed-followup-gdn-h2-ev10-s125-2026-05-20-12-05-09/gdn-h2-ev10-s125-d123-b64-ga4-fp32-noearly4ep/last.pt,/home/lyj/mnt/project/zoology/checkpoints/flash-vqg-20260520-gdn-h2-ev10-multiseed-followup-gdn-h2-ev10-s125-2026-05-20-12-05-09/gdn-h2-ev10-s125-d123-b64-ga4-fp32-noearly4ep/last.pt,true,f1e0523bda6284c8f6fe3ee986a3cd195d8b00b0af23819b7a978d4bdf837dfe,9942975,2026-05-20T12:13:17.001058+00:00,3,,0.30318450927734375,0.97770751953125,0.82569921875,1434630,81920,81920,mqar-vocab8192-pass1-seed123-rnq1-power0.01-8190x2047-n32,multiquery_ar,8192,8190,2047,1,32,16,true,123,true,0.01,,,completed,8190x2047,8190,2047,32,32;16;8;4;2;1,16,8208.60107421875,"b32:oom:oom:torch.OutOfMemoryError: CUDA out of memory. Tried to allocate 8.00 GiB. GPU 0 has a total capacity of 10.74 GiB of which 1.90 GiB is free. Process 1232671 has 8.82 GiB memory in use. Of the allocated memory 8.02 GiB is allocated by PyTorch, and 4.40 MiB is reserved by PyTorch but unallocated. If reserved but unallocated memory is large try setting PYTORCH_CUDA_ALLOC_CONF=expandable_segments:True to avoid fragmentation.  See documentation for Memory Management  (https://pytorch.org/docs/stable/notes/cuda.html#environment-variables)",same_gpu_same_dtype_same_runner_only,true,0,0,NVIDIA GeForce RTX 2080 Ti,11264,7.5,GPU-57c29499-bcb3-27f6-4360-e60939528a9b,2.6.0+cu118,11.8,550.120,float32,float32,b64_ga4_fp32_official,NVIDIA_GeForce_RTX_2080_Ti-11264MiB-cc7.5-driver550.120-torch2.6.0+cu118-cuda11.8,9.226792335510254,0.004320346849047386,9.226792335510254,0.004320346849047386,36.60731101036072,00:00:36,8208.60107421875,8208.60107421875,8286.0,NVIDIA_GeForce_RTX_2080_Ti-11264MiB-cc7.5-driver550.120-torch2.6.0+cu118-cuda11.8,measured_current_host,0,0,NVIDIA GeForce RTX 2080 Ti,11264,7.5,GPU-57c29499-bcb3-27f6-4360-e60939528a9b,2.6.0+cu118,11.8,550.120,8eb730be36bbb0876ed83a332d364c65acb36b28,8eb730be36bbb0876ed83a332d364c65acb36b28,811e1ce5f140e97d93ad6f1adae07b95b4219143,docs/artifacts/longer-mqar/official-core-20260526,docs/artifacts/20260520-gdn-h2-ev10-multiseed-followup/gdn-h2-ev10-final.csv,tmp/20260526-longer-mqar-official-core/logs/batch-search-candidate-gdn-h2-ev10-s125-d123-b64-ga4-fp32-noearly4ep-8190x2047-n32-b16-gpu0.log,,,,123,70999303f8fadb4cbae8f973c8267ef97a6209a3b8e05f5385a1f26fa38408f5,"sha256(inputs,labels)",32x8190,32x8190,32,torch.int64/torch.int64,f1e0523bda6284c8f6fe3ee986a3cd195d8b00b0af23819b7a978d4bdf837dfe,sha256,passed,true,,,,
2,20260526-longer-mqar-official-core:formal:gdn-h2-ev10-s125-d123-b64-ga4-fp32-noearly4ep:1024x256:n500,20260526-longer-mqar-official-core:formal:gdn-h2-ev10-s125-d123-b64-ga4-fp32-noearly4ep:1024x256:n500,20260526-longer-mqar-official-core,longer_mqar_eval_only,longer_mqar_eval_only_vocab8192_official_core_20260526,formal,completed,2026-05-25T22:33:27.748139+00:00,gdn,gdn-h2-ev10-s125-d123-b64-ga4-fp32-noearly4ep,h2_ev10_multiseed_candidate,gdn-h2-ev10-usegate0-s125-d123,b64_ga4_fp32_official,b64_ga4_fp32_official,official_gdn_h2_ev10_multiseed_followup_b64_ga4_fp32,64,16,4,256,b64_ga4,float32,float32,float32,float32,float32,float32,125,123,gdn-h2-ev10-usegate0,gdn-h2-ev10-usegate0-s125-d123,,,2,10,false,true,4,4,4,2,true,checkpoints/flash-vqg-20260520-gdn-h2-ev10-multiseed-followup-gdn-h2-ev10-s125-2026-05-20-12-05-09/gdn-h2-ev10-s125-d123-b64-ga4-fp32-noearly4ep/train_config.json,/home/lyj/mnt/project/zoology/checkpoints/flash-vqg-20260520-gdn-h2-ev10-multiseed-followup-gdn-h2-ev10-s125-2026-05-20-12-05-09/gdn-h2-ev10-s125-d123-b64-ga4-fp32-noearly4ep/train_config.json,d4c6e658e0d8e8bdd3a77294202ef94c350bed0a16144ebae73cce652d14cd58,sha256:f1e0523bda6284c8f6fe3ee986a3cd195d8b00b0af23819b7a978d4bdf837dfe,last.pt_epoch4_final,checkpoints/flash-vqg-20260520-gdn-h2-ev10-multiseed-followup-gdn-h2-ev10-s125-2026-05-20-12-05-09/gdn-h2-ev10-s125-d123-b64-ga4-fp32-noearly4ep/last.pt,/home/lyj/mnt/project/zoology/checkpoints/flash-vqg-20260520-gdn-h2-ev10-multiseed-followup-gdn-h2-ev10-s125-2026-05-20-12-05-09/gdn-h2-ev10-s125-d123-b64-ga4-fp32-noearly4ep/last.pt,true,f1e0523bda6284c8f6fe3ee986a3cd195d8b00b0af23819b7a978d4bdf837dfe,9942975,2026-05-20T12:13:17.001058+00:00,3,,0.30318450927734375,0.97770751953125,0.82569921875,1434630,81920,81920,mqar-vocab8192-pass1-seed123-rnq1-power0.01-1024x256-n500,multiquery_ar,8192,1024,256,1,500,32,true,123,true,0.01,,,completed,1024x256,1024,256,32,32;16;8;4;2;1,32,2062.10009765625,,same_gpu_same_dtype_same_runner_only,true,0,0,NVIDIA GeForce RTX 2080 Ti,11264,7.5,GPU-57c29499-bcb3-27f6-4360-e60939528a9b,2.6.0+cu118,11.8,550.120,float32,float32,b64_ga4_fp32_official,NVIDIA_GeForce_RTX_2080_Ti-11264MiB-cc7.5-driver550.120-torch2.6.0+cu118-cuda11.8,1.989410400390625,0.82909375,1.989410400390625,0.82909375,32.026185512542725,00:00:32,2062.35107421875,2062.35107421875,3534.0,NVIDIA_GeForce_RTX_2080_Ti-11264MiB-cc7.5-driver550.120-torch2.6.0+cu118-cuda11.8,measured_current_host,0,0,NVIDIA GeForce RTX 2080 Ti,11264,7.5,GPU-57c29499-bcb3-27f6-4360-e60939528a9b,2.6.0+cu118,11.8,550.120,8eb730be36bbb0876ed83a332d364c65acb36b28,8eb730be36bbb0876ed83a332d364c65acb36b28,811e1ce5f140e97d93ad6f1adae07b95b4219143,docs/artifacts/longer-mqar/official-core-20260526,docs/artifacts/20260520-gdn-h2-ev10-multiseed-followup/gdn-h2-ev10-final.csv,tmp/20260526-longer-mqar-official-core/logs/formal-gdn-h2-ev10-s125-d123-b64-ga4-fp32-noearly4ep-1024x256-n500-b32-gpu0.log,,,,123,f30f1e09e1300deb2e0f430d7c50c47a77f58f43657aa4d6f425f938a91a9acb,"sha256(inputs,labels)",500x1024,500x1024,500,torch.int64/torch.int64,f1e0523bda6284c8f6fe3ee986a3cd195d8b00b0af23819b7a978d4bdf837dfe,sha256,passed,true,,,,
2,20260526-longer-mqar-official-core:batch_search:gdn-h2-ev16-s125-d123-b64-ga4-fp32-noearly4ep:8190x512:n32,20260526-longer-mqar-official-core:batch_search:gdn-h2-ev16-s125-d123-b64-ga4-fp32-noearly4ep:8190x512:n32,20260526-longer-mqar-official-core,longer_mqar_eval_only,longer_mqar_eval_only_vocab8192_official_core_20260526,batch_search,completed,2026-05-25T22:33:28.719944+00:00,gdn,gdn-h2-ev16-s125-d123-b64-ga4-fp32-noearly4ep,gdn_capacity_layout_followup_candidate,gdn-h2-ev16-usegate0-s125-d123,b64_ga4_fp32_official,b64_ga4_fp32_official,official_gdn_capacity_layout_followup_b64_ga4_fp32,64,16,4,256,b64_ga4,float32,float32,float32,float32,float32,float32,125,123,gdn-h2-ev16-usegate0,gdn-h2-ev16-usegate0-s125-d123,,,2,16,false,true,4,4,4,2,true,checkpoints/flash-vqg-20260520-gdn-capacity-layout-followup-gdn-h2-ev16-s125-2026-05-20-07-41-56/gdn-h2-ev16-s125-d123-b64-ga4-fp32-noearly4ep/train_config.json,/home/lyj/mnt/project/zoology/checkpoints/flash-vqg-20260520-gdn-capacity-layout-followup-gdn-h2-ev16-s125-2026-05-20-07-41-56/gdn-h2-ev16-s125-d123-b64-ga4-fp32-noearly4ep/train_config.json,b009d286cc10a3a379c60fdf09a7e5a40b7b0a61123d9c406c12a16d6e74855b,sha256:6c6c7f20081a8f048a61737e2613ad9de5d90c0d4e6426a470d8fbdd0b61e220,last.pt_epoch4_final,checkpoints/flash-vqg-20260520-gdn-capacity-layout-followup-gdn-h2-ev16-s125-2026-05-20-07-41-56/gdn-h2-ev16-s125-d123-b64-ga4-fp32-noearly4ep/last.pt,/home/lyj/mnt/project/zoology/checkpoints/flash-vqg-20260520-gdn-capacity-layout-followup-gdn-h2-ev16-s125-2026-05-20-07-41-56/gdn-h2-ev16-s125-d123-b64-ga4-fp32-noearly4ep/last.pt,true,6c6c7f20081a8f048a61737e2613ad9de5d90c0d4e6426a470d8fbdd0b61e220,10743231,2026-05-20T07:52:06.310276+00:00,3,,0.27388736605644226,0.980462890625,0.8467578125,1634694,131072,131072,mqar-vocab8192-pass1-seed123-rnq1-power0.01-8190x512-n32,multiquery_ar,8192,8190,512,1,32,16,true,123,true,0.01,,,completed,8190x512,8190,512,32,32;16;8;4;2;1,16,8209.3642578125,"b32:oom:oom:torch.OutOfMemoryError: CUDA out of memory. Tried to allocate 2.00 GiB. GPU 0 has a total capacity of 10.75 GiB of which 555.75 MiB is free. Process 1232826 has 10.20 GiB memory in use. Of the allocated memory 7.40 GiB is allocated by PyTorch, and 2.00 GiB is reserved by PyTorch but unallocated. If reserved but unallocated memory is large try setting PYTORCH_CUDA_ALLOC_CONF=expandable_segments:True to avoid fragmentation.  See documentation for Memory Management  (https://pytorch.org/docs/stable/notes/cuda.html#environment-variables)",same_gpu_same_dtype_same_runner_only,true,1,1,NVIDIA GeForce RTX 2080 Ti,11264,7.5,GPU-0def3eeb-c2d0-4f49-ec2a-ebc1d8453b98,2.6.0+cu118,11.8,550.120,float32,float32,b64_ga4_fp32_official,NVIDIA_GeForce_RTX_2080_Ti-11264MiB-cc7.5-driver550.120-torch2.6.0+cu118-cuda11.8,5.428610801696777,0.26611328125,5.428610801696777,0.26611328125,38.96283268928528,00:00:38,8209.3642578125,8209.3642578125,8288.0,NVIDIA_GeForce_RTX_2080_Ti-11264MiB-cc7.5-driver550.120-torch2.6.0+cu118-cuda11.8,measured_current_host,1,1,NVIDIA GeForce RTX 2080 Ti,11264,7.5,GPU-0def3eeb-c2d0-4f49-ec2a-ebc1d8453b98,2.6.0+cu118,11.8,550.120,8eb730be36bbb0876ed83a332d364c65acb36b28,8eb730be36bbb0876ed83a332d364c65acb36b28,811e1ce5f140e97d93ad6f1adae07b95b4219143,docs/artifacts/longer-mqar/official-core-20260526,docs/artifacts/20260520-gdn-capacity-layout-followup/gdn-followup-final.csv,tmp/20260526-longer-mqar-official-core/logs/batch-search-candidate-gdn-h2-ev16-s125-d123-b64-ga4-fp32-noearly4ep-8190x512-n32-b16-gpu1.log,,,,123,23d7ffc7467f8e355ec7cb4c739cf5494449c559427d204883d63d7dca4f4351,"sha256(inputs,labels)",32x8190,32x8190,32,torch.int64/torch.int64,6c6c7f20081a8f048a61737e2613ad9de5d90c0d4e6426a470d8fbdd0b61e220,sha256,passed,true,,,,
2,20260526-longer-mqar-official-core:formal:gdn-h2-ev10-s125-d123-b64-ga4-fp32-noearly4ep:2048x512:n500,20260526-longer-mqar-official-core:formal:gdn-h2-ev10-s125-d123-b64-ga4-fp32-noearly4ep:2048x512:n500,20260526-longer-mqar-official-core,longer_mqar_eval_only,longer_mqar_eval_only_vocab8192_official_core_20260526,formal,completed,2026-05-25T22:34:06.354751+00:00,gdn,gdn-h2-ev10-s125-d123-b64-ga4-fp32-noearly4ep,h2_ev10_multiseed_candidate,gdn-h2-ev10-usegate0-s125-d123,b64_ga4_fp32_official,b64_ga4_fp32_official,official_gdn_h2_ev10_multiseed_followup_b64_ga4_fp32,64,16,4,256,b64_ga4,float32,float32,float32,float32,float32,float32,125,123,gdn-h2-ev10-usegate0,gdn-h2-ev10-usegate0-s125-d123,,,2,10,false,true,4,4,4,2,true,checkpoints/flash-vqg-20260520-gdn-h2-ev10-multiseed-followup-gdn-h2-ev10-s125-2026-05-20-12-05-09/gdn-h2-ev10-s125-d123-b64-ga4-fp32-noearly4ep/train_config.json,/home/lyj/mnt/project/zoology/checkpoints/flash-vqg-20260520-gdn-h2-ev10-multiseed-followup-gdn-h2-ev10-s125-2026-05-20-12-05-09/gdn-h2-ev10-s125-d123-b64-ga4-fp32-noearly4ep/train_config.json,d4c6e658e0d8e8bdd3a77294202ef94c350bed0a16144ebae73cce652d14cd58,sha256:f1e0523bda6284c8f6fe3ee986a3cd195d8b00b0af23819b7a978d4bdf837dfe,last.pt_epoch4_final,checkpoints/flash-vqg-20260520-gdn-h2-ev10-multiseed-followup-gdn-h2-ev10-s125-2026-05-20-12-05-09/gdn-h2-ev10-s125-d123-b64-ga4-fp32-noearly4ep/last.pt,/home/lyj/mnt/project/zoology/checkpoints/flash-vqg-20260520-gdn-h2-ev10-multiseed-followup-gdn-h2-ev10-s125-2026-05-20-12-05-09/gdn-h2-ev10-s125-d123-b64-ga4-fp32-noearly4ep/last.pt,true,f1e0523bda6284c8f6fe3ee986a3cd195d8b00b0af23819b7a978d4bdf837dfe,9942975,2026-05-20T12:13:17.001058+00:00,3,,0.30318450927734375,0.97770751953125,0.82569921875,1434630,81920,81920,mqar-vocab8192-pass1-seed123-rnq1-power0.01-2048x512-n500,multiquery_ar,8192,2048,512,1,500,32,true,123,true,0.01,,,completed,2048x512,2048,512,32,32;16;8;4;2;1,32,4110.60009765625,,same_gpu_same_dtype_same_runner_only,true,0,0,NVIDIA GeForce RTX 2080 Ti,11264,7.5,GPU-57c29499-bcb3-27f6-4360-e60939528a9b,2.6.0+cu118,11.8,550.120,float32,float32,b64_ga4_fp32_official,NVIDIA_GeForce_RTX_2080_Ti-11264MiB-cc7.5-driver550.120-torch2.6.0+cu118-cuda11.8,4.850142478942871,0.33095703125,4.850142478942871,0.33095703125,37.70815682411194,00:00:37,4111.10107421875,4111.10107421875,6460.0,NVIDIA_GeForce_RTX_2080_Ti-11264MiB-cc7.5-driver550.120-torch2.6.0+cu118-cuda11.8,measured_current_host,0,0,NVIDIA GeForce RTX 2080 Ti,11264,7.5,GPU-57c29499-bcb3-27f6-4360-e60939528a9b,2.6.0+cu118,11.8,550.120,8eb730be36bbb0876ed83a332d364c65acb36b28,8eb730be36bbb0876ed83a332d364c65acb36b28,811e1ce5f140e97d93ad6f1adae07b95b4219143,docs/artifacts/longer-mqar/official-core-20260526,docs/artifacts/20260520-gdn-h2-ev10-multiseed-followup/gdn-h2-ev10-final.csv,tmp/20260526-longer-mqar-official-core/logs/formal-gdn-h2-ev10-s125-d123-b64-ga4-fp32-noearly4ep-2048x512-n500-b32-gpu0.log,,,,123,e446efc9f4dc774377c56c403a468c747870beb18ff0320f15df794dcb69f015,"sha256(inputs,labels)",500x2048,500x2048,500,torch.int64/torch.int64,f1e0523bda6284c8f6fe3ee986a3cd195d8b00b0af23819b7a978d4bdf837dfe,sha256,passed,true,,,,
2,20260526-longer-mqar-official-core:batch_search:gdn-h2-ev16-s125-d123-b64-ga4-fp32-noearly4ep:8190x2047:n32,20260526-longer-mqar-official-core:batch_search:gdn-h2-ev16-s125-d123-b64-ga4-fp32-noearly4ep:8190x2047:n32,20260526-longer-mqar-official-core,longer_mqar_eval_only,longer_mqar_eval_only_vocab8192_official_core_20260526,batch_search,completed,2026-05-25T22:34:39.816484+00:00,gdn,gdn-h2-ev16-s125-d123-b64-ga4-fp32-noearly4ep,gdn_capacity_layout_followup_candidate,gdn-h2-ev16-usegate0-s125-d123,b64_ga4_fp32_official,b64_ga4_fp32_official,official_gdn_capacity_layout_followup_b64_ga4_fp32,64,16,4,256,b64_ga4,float32,float32,float32,float32,float32,float32,125,123,gdn-h2-ev16-usegate0,gdn-h2-ev16-usegate0-s125-d123,,,2,16,false,true,4,4,4,2,true,checkpoints/flash-vqg-20260520-gdn-capacity-layout-followup-gdn-h2-ev16-s125-2026-05-20-07-41-56/gdn-h2-ev16-s125-d123-b64-ga4-fp32-noearly4ep/train_config.json,/home/lyj/mnt/project/zoology/checkpoints/flash-vqg-20260520-gdn-capacity-layout-followup-gdn-h2-ev16-s125-2026-05-20-07-41-56/gdn-h2-ev16-s125-d123-b64-ga4-fp32-noearly4ep/train_config.json,b009d286cc10a3a379c60fdf09a7e5a40b7b0a61123d9c406c12a16d6e74855b,sha256:6c6c7f20081a8f048a61737e2613ad9de5d90c0d4e6426a470d8fbdd0b61e220,last.pt_epoch4_final,checkpoints/flash-vqg-20260520-gdn-capacity-layout-followup-gdn-h2-ev16-s125-2026-05-20-07-41-56/gdn-h2-ev16-s125-d123-b64-ga4-fp32-noearly4ep/last.pt,/home/lyj/mnt/project/zoology/checkpoints/flash-vqg-20260520-gdn-capacity-layout-followup-gdn-h2-ev16-s125-2026-05-20-07-41-56/gdn-h2-ev16-s125-d123-b64-ga4-fp32-noearly4ep/last.pt,true,6c6c7f20081a8f048a61737e2613ad9de5d90c0d4e6426a470d8fbdd0b61e220,10743231,2026-05-20T07:52:06.310276+00:00,3,,0.27388736605644226,0.980462890625,0.8467578125,1634694,131072,131072,mqar-vocab8192-pass1-seed123-rnq1-power0.01-8190x2047-n32,multiquery_ar,8192,8190,2047,1,32,16,true,123,true,0.01,,,completed,8190x2047,8190,2047,32,32;16;8;4;2;1,16,8209.3642578125,"b32:oom:oom:torch.OutOfMemoryError: CUDA out of memory. Tried to allocate 2.00 GiB. GPU 0 has a total capacity of 10.75 GiB of which 555.75 MiB is free. Process 1233122 has 10.20 GiB memory in use. Of the allocated memory 7.40 GiB is allocated by PyTorch, and 2.00 GiB is reserved by PyTorch but unallocated. If reserved but unallocated memory is large try setting PYTORCH_CUDA_ALLOC_CONF=expandable_segments:True to avoid fragmentation.  See documentation for Memory Management  (https://pytorch.org/docs/stable/notes/cuda.html#environment-variables)",same_gpu_same_dtype_same_runner_only,true,1,1,NVIDIA GeForce RTX 2080 Ti,11264,7.5,GPU-0def3eeb-c2d0-4f49-ec2a-ebc1d8453b98,2.6.0+cu118,11.8,550.120,float32,float32,b64_ga4_fp32_official,NVIDIA_GeForce_RTX_2080_Ti-11264MiB-cc7.5-driver550.120-torch2.6.0+cu118-cuda11.8,8.873995780944824,0.013938080117244747,8.873995780944824,0.013938080117244747,38.90971803665161,00:00:38,8209.3642578125,8209.3642578125,8288.0,NVIDIA_GeForce_RTX_2080_Ti-11264MiB-cc7.5-driver550.120-torch2.6.0+cu118-cuda11.8,measured_current_host,1,1,NVIDIA GeForce RTX 2080 Ti,11264,7.5,GPU-0def3eeb-c2d0-4f49-ec2a-ebc1d8453b98,2.6.0+cu118,11.8,550.120,8eb730be36bbb0876ed83a332d364c65acb36b28,8eb730be36bbb0876ed83a332d364c65acb36b28,811e1ce5f140e97d93ad6f1adae07b95b4219143,docs/artifacts/longer-mqar/official-core-20260526,docs/artifacts/20260520-gdn-capacity-layout-followup/gdn-followup-final.csv,tmp/20260526-longer-mqar-official-core/logs/batch-search-candidate-gdn-h2-ev16-s125-d123-b64-ga4-fp32-noearly4ep-8190x2047-n32-b16-gpu1.log,,,,123,70999303f8fadb4cbae8f973c8267ef97a6209a3b8e05f5385a1f26fa38408f5,"sha256(inputs,labels)",32x8190,32x8190,32,torch.int64/torch.int64,6c6c7f20081a8f048a61737e2613ad9de5d90c0d4e6426a470d8fbdd0b61e220,sha256,passed,true,,,,
2,20260526-longer-mqar-official-core:formal:gdn-h2-ev10-s125-d123-b64-ga4-fp32-noearly4ep:4096x1024:n500,20260526-longer-mqar-official-core:formal:gdn-h2-ev10-s125-d123-b64-ga4-fp32-noearly4ep:4096x1024:n500,20260526-longer-mqar-official-core,longer_mqar_eval_only,longer_mqar_eval_only_vocab8192_official_core_20260526,formal,completed,2026-05-25T22:34:55.914991+00:00,gdn,gdn-h2-ev10-s125-d123-b64-ga4-fp32-noearly4ep,h2_ev10_multiseed_candidate,gdn-h2-ev10-usegate0-s125-d123,b64_ga4_fp32_official,b64_ga4_fp32_official,official_gdn_h2_ev10_multiseed_followup_b64_ga4_fp32,64,16,4,256,b64_ga4,float32,float32,float32,float32,float32,float32,125,123,gdn-h2-ev10-usegate0,gdn-h2-ev10-usegate0-s125-d123,,,2,10,false,true,4,4,4,2,true,checkpoints/flash-vqg-20260520-gdn-h2-ev10-multiseed-followup-gdn-h2-ev10-s125-2026-05-20-12-05-09/gdn-h2-ev10-s125-d123-b64-ga4-fp32-noearly4ep/train_config.json,/home/lyj/mnt/project/zoology/checkpoints/flash-vqg-20260520-gdn-h2-ev10-multiseed-followup-gdn-h2-ev10-s125-2026-05-20-12-05-09/gdn-h2-ev10-s125-d123-b64-ga4-fp32-noearly4ep/train_config.json,d4c6e658e0d8e8bdd3a77294202ef94c350bed0a16144ebae73cce652d14cd58,sha256:f1e0523bda6284c8f6fe3ee986a3cd195d8b00b0af23819b7a978d4bdf837dfe,last.pt_epoch4_final,checkpoints/flash-vqg-20260520-gdn-h2-ev10-multiseed-followup-gdn-h2-ev10-s125-2026-05-20-12-05-09/gdn-h2-ev10-s125-d123-b64-ga4-fp32-noearly4ep/last.pt,/home/lyj/mnt/project/zoology/checkpoints/flash-vqg-20260520-gdn-h2-ev10-multiseed-followup-gdn-h2-ev10-s125-2026-05-20-12-05-09/gdn-h2-ev10-s125-d123-b64-ga4-fp32-noearly4ep/last.pt,true,f1e0523bda6284c8f6fe3ee986a3cd195d8b00b0af23819b7a978d4bdf837dfe,9942975,2026-05-20T12:13:17.001058+00:00,3,,0.30318450927734375,0.97770751953125,0.82569921875,1434630,81920,81920,mqar-vocab8192-pass1-seed123-rnq1-power0.01-4096x1024-n500,multiquery_ar,8192,4096,1024,1,500,32,true,123,true,0.01,,,completed,4096x1024,4096,1024,32,32;16;8;4;2;1,32,8207.60009765625,,same_gpu_same_dtype_same_runner_only,true,0,0,NVIDIA GeForce RTX 2080 Ti,11264,7.5,GPU-57c29499-bcb3-27f6-4360-e60939528a9b,2.6.0+cu118,11.8,550.120,float32,float32,b64_ga4_fp32_official,NVIDIA_GeForce_RTX_2080_Ti-11264MiB-cc7.5-driver550.120-torch2.6.0+cu118-cuda11.8,7.601317882537842,0.065513671875,7.601317882537842,0.065513671875,48.68293309211731,00:00:48,8208.60107421875,8208.60107421875,8288.0,NVIDIA_GeForce_RTX_2080_Ti-11264MiB-cc7.5-driver550.120-torch2.6.0+cu118-cuda11.8,measured_current_host,0,0,NVIDIA GeForce RTX 2080 Ti,11264,7.5,GPU-57c29499-bcb3-27f6-4360-e60939528a9b,2.6.0+cu118,11.8,550.120,8eb730be36bbb0876ed83a332d364c65acb36b28,8eb730be36bbb0876ed83a332d364c65acb36b28,811e1ce5f140e97d93ad6f1adae07b95b4219143,docs/artifacts/longer-mqar/official-core-20260526,docs/artifacts/20260520-gdn-h2-ev10-multiseed-followup/gdn-h2-ev10-final.csv,tmp/20260526-longer-mqar-official-core/logs/formal-gdn-h2-ev10-s125-d123-b64-ga4-fp32-noearly4ep-4096x1024-n500-b32-gpu0.log,,,,123,0981292ce8ebea1402a4c3a7a6655dfc1de42688c329bd5ea921541a0f1d16ed,"sha256(inputs,labels)",500x4096,500x4096,500,torch.int64/torch.int64,f1e0523bda6284c8f6fe3ee986a3cd195d8b00b0af23819b7a978d4bdf837dfe,sha256,passed,true,,,,
2,20260526-longer-mqar-official-core:formal:gdn-h2-ev16-s125-d123-b64-ga4-fp32-noearly4ep:1024x256:n500,20260526-longer-mqar-official-core:formal:gdn-h2-ev16-s125-d123-b64-ga4-fp32-noearly4ep:1024x256:n500,20260526-longer-mqar-official-core,longer_mqar_eval_only,longer_mqar_eval_only_vocab8192_official_core_20260526,formal,completed,2026-05-25T22:35:12.939348+00:00,gdn,gdn-h2-ev16-s125-d123-b64-ga4-fp32-noearly4ep,gdn_capacity_layout_followup_candidate,gdn-h2-ev16-usegate0-s125-d123,b64_ga4_fp32_official,b64_ga4_fp32_official,official_gdn_capacity_layout_followup_b64_ga4_fp32,64,16,4,256,b64_ga4,float32,float32,float32,float32,float32,float32,125,123,gdn-h2-ev16-usegate0,gdn-h2-ev16-usegate0-s125-d123,,,2,16,false,true,4,4,4,2,true,checkpoints/flash-vqg-20260520-gdn-capacity-layout-followup-gdn-h2-ev16-s125-2026-05-20-07-41-56/gdn-h2-ev16-s125-d123-b64-ga4-fp32-noearly4ep/train_config.json,/home/lyj/mnt/project/zoology/checkpoints/flash-vqg-20260520-gdn-capacity-layout-followup-gdn-h2-ev16-s125-2026-05-20-07-41-56/gdn-h2-ev16-s125-d123-b64-ga4-fp32-noearly4ep/train_config.json,b009d286cc10a3a379c60fdf09a7e5a40b7b0a61123d9c406c12a16d6e74855b,sha256:6c6c7f20081a8f048a61737e2613ad9de5d90c0d4e6426a470d8fbdd0b61e220,last.pt_epoch4_final,checkpoints/flash-vqg-20260520-gdn-capacity-layout-followup-gdn-h2-ev16-s125-2026-05-20-07-41-56/gdn-h2-ev16-s125-d123-b64-ga4-fp32-noearly4ep/last.pt,/home/lyj/mnt/project/zoology/checkpoints/flash-vqg-20260520-gdn-capacity-layout-followup-gdn-h2-ev16-s125-2026-05-20-07-41-56/gdn-h2-ev16-s125-d123-b64-ga4-fp32-noearly4ep/last.pt,true,6c6c7f20081a8f048a61737e2613ad9de5d90c0d4e6426a470d8fbdd0b61e220,10743231,2026-05-20T07:52:06.310276+00:00,3,,0.27388736605644226,0.980462890625,0.8467578125,1634694,131072,131072,mqar-vocab8192-pass1-seed123-rnq1-power0.01-1024x256-n500,multiquery_ar,8192,1024,256,1,500,32,true,123,true,0.01,,,completed,1024x256,1024,256,32,32;16;8;4;2;1,32,2062.86328125,,same_gpu_same_dtype_same_runner_only,true,1,1,NVIDIA GeForce RTX 2080 Ti,11264,7.5,GPU-0def3eeb-c2d0-4f49-ec2a-ebc1d8453b98,2.6.0+cu118,11.8,550.120,float32,float32,b64_ga4_fp32_official,NVIDIA_GeForce_RTX_2080_Ti-11264MiB-cc7.5-driver550.120-torch2.6.0+cu118-cuda11.8,1.8119698762893677,0.8487734375,1.8119698762893677,0.8487734375,32.221959352493286,00:00:32,2063.1142578125,2063.1142578125,3984.0,NVIDIA_GeForce_RTX_2080_Ti-11264MiB-cc7.5-driver550.120-torch2.6.0+cu118-cuda11.8,measured_current_host,1,1,NVIDIA GeForce RTX 2080 Ti,11264,7.5,GPU-0def3eeb-c2d0-4f49-ec2a-ebc1d8453b98,2.6.0+cu118,11.8,550.120,8eb730be36bbb0876ed83a332d364c65acb36b28,8eb730be36bbb0876ed83a332d364c65acb36b28,811e1ce5f140e97d93ad6f1adae07b95b4219143,docs/artifacts/longer-mqar/official-core-20260526,docs/artifacts/20260520-gdn-capacity-layout-followup/gdn-followup-final.csv,tmp/20260526-longer-mqar-official-core/logs/formal-gdn-h2-ev16-s125-d123-b64-ga4-fp32-noearly4ep-1024x256-n500-b32-gpu1.log,,,,123,f30f1e09e1300deb2e0f430d7c50c47a77f58f43657aa4d6f425f938a91a9acb,"sha256(inputs,labels)",500x1024,500x1024,500,torch.int64/torch.int64,6c6c7f20081a8f048a61737e2613ad9de5d90c0d4e6426a470d8fbdd0b61e220,sha256,passed,true,,,,
2,20260526-longer-mqar-official-core:formal:gdn-h2-ev10-s125-d123-b64-ga4-fp32-noearly4ep:8190x512:n500,20260526-longer-mqar-official-core:formal:gdn-h2-ev10-s125-d123-b64-ga4-fp32-noearly4ep:8190x512:n500,20260526-longer-mqar-official-core,longer_mqar_eval_only,longer_mqar_eval_only_vocab8192_official_core_20260526,formal,completed,2026-05-25T22:35:49.380233+00:00,gdn,gdn-h2-ev10-s125-d123-b64-ga4-fp32-noearly4ep,h2_ev10_multiseed_candidate,gdn-h2-ev10-usegate0-s125-d123,b64_ga4_fp32_official,b64_ga4_fp32_official,official_gdn_h2_ev10_multiseed_followup_b64_ga4_fp32,64,16,4,256,b64_ga4,float32,float32,float32,float32,float32,float32,125,123,gdn-h2-ev10-usegate0,gdn-h2-ev10-usegate0-s125-d123,,,2,10,false,true,4,4,4,2,true,checkpoints/flash-vqg-20260520-gdn-h2-ev10-multiseed-followup-gdn-h2-ev10-s125-2026-05-20-12-05-09/gdn-h2-ev10-s125-d123-b64-ga4-fp32-noearly4ep/train_config.json,/home/lyj/mnt/project/zoology/checkpoints/flash-vqg-20260520-gdn-h2-ev10-multiseed-followup-gdn-h2-ev10-s125-2026-05-20-12-05-09/gdn-h2-ev10-s125-d123-b64-ga4-fp32-noearly4ep/train_config.json,d4c6e658e0d8e8bdd3a77294202ef94c350bed0a16144ebae73cce652d14cd58,sha256:f1e0523bda6284c8f6fe3ee986a3cd195d8b00b0af23819b7a978d4bdf837dfe,last.pt_epoch4_final,checkpoints/flash-vqg-20260520-gdn-h2-ev10-multiseed-followup-gdn-h2-ev10-s125-2026-05-20-12-05-09/gdn-h2-ev10-s125-d123-b64-ga4-fp32-noearly4ep/last.pt,/home/lyj/mnt/project/zoology/checkpoints/flash-vqg-20260520-gdn-h2-ev10-multiseed-followup-gdn-h2-ev10-s125-2026-05-20-12-05-09/gdn-h2-ev10-s125-d123-b64-ga4-fp32-noearly4ep/last.pt,true,f1e0523bda6284c8f6fe3ee986a3cd195d8b00b0af23819b7a978d4bdf837dfe,9942975,2026-05-20T12:13:17.001058+00:00,3,,0.30318450927734375,0.97770751953125,0.82569921875,1434630,81920,81920,mqar-vocab8192-pass1-seed123-rnq1-power0.01-8190x512-n500,multiquery_ar,8192,8190,512,1,500,16,true,123,true,0.01,,,completed,8190x2047,8190,2047,32,32;16;8;4;2;1,16,8208.60107421875,"b32:oom:oom:torch.OutOfMemoryError: CUDA out of memory. Tried to allocate 8.00 GiB. GPU 0 has a total capacity of 10.74 GiB of which 1.90 GiB is free. Process 1232671 has 8.82 GiB memory in use. Of the allocated memory 8.02 GiB is allocated by PyTorch, and 4.40 MiB is reserved by PyTorch but unallocated. If reserved but unallocated memory is large try setting PYTORCH_CUDA_ALLOC_CONF=expandable_segments:True to avoid fragmentation.  See documentation for Memory Management  (https://pytorch.org/docs/stable/notes/cuda.html#environment-variables)",same_gpu_same_dtype_same_runner_only,true,0,0,NVIDIA GeForce RTX 2080 Ti,11264,7.5,GPU-57c29499-bcb3-27f6-4360-e60939528a9b,2.6.0+cu118,11.8,550.120,float32,float32,b64_ga4_fp32_official,NVIDIA_GeForce_RTX_2080_Ti-11264MiB-cc7.5-driver550.120-torch2.6.0+cu118-cuda11.8,5.839441776275635,0.22366796875,5.839441776275635,0.22366796875,52.578917026519775,00:00:52,8208.60107421875,8208.60107421875,8286.0,NVIDIA_GeForce_RTX_2080_Ti-11264MiB-cc7.5-driver550.120-torch2.6.0+cu118-cuda11.8,measured_current_host,0,0,NVIDIA GeForce RTX 2080 Ti,11264,7.5,GPU-57c29499-bcb3-27f6-4360-e60939528a9b,2.6.0+cu118,11.8,550.120,8eb730be36bbb0876ed83a332d364c65acb36b28,8eb730be36bbb0876ed83a332d364c65acb36b28,811e1ce5f140e97d93ad6f1adae07b95b4219143,docs/artifacts/longer-mqar/official-core-20260526,docs/artifacts/20260520-gdn-h2-ev10-multiseed-followup/gdn-h2-ev10-final.csv,tmp/20260526-longer-mqar-official-core/logs/formal-gdn-h2-ev10-s125-d123-b64-ga4-fp32-noearly4ep-8190x512-n500-b16-gpu0.log,,,,123,37a8533a985fabd3db03daf9dfd3a8e0936513ab724039c63b9a22bf352d002d,"sha256(inputs,labels)",500x8190,500x8190,500,torch.int64/torch.int64,f1e0523bda6284c8f6fe3ee986a3cd195d8b00b0af23819b7a978d4bdf837dfe,sha256,passed,true,,,,
2,20260526-longer-mqar-official-core:formal:gdn-h2-ev16-s125-d123-b64-ga4-fp32-noearly4ep:2048x512:n500,20260526-longer-mqar-official-core:formal:gdn-h2-ev16-s125-d123-b64-ga4-fp32-noearly4ep:2048x512:n500,20260526-longer-mqar-official-core,longer_mqar_eval_only,longer_mqar_eval_only_vocab8192_official_core_20260526,formal,completed,2026-05-25T22:35:51.442732+00:00,gdn,gdn-h2-ev16-s125-d123-b64-ga4-fp32-noearly4ep,gdn_capacity_layout_followup_candidate,gdn-h2-ev16-usegate0-s125-d123,b64_ga4_fp32_official,b64_ga4_fp32_official,official_gdn_capacity_layout_followup_b64_ga4_fp32,64,16,4,256,b64_ga4,float32,float32,float32,float32,float32,float32,125,123,gdn-h2-ev16-usegate0,gdn-h2-ev16-usegate0-s125-d123,,,2,16,false,true,4,4,4,2,true,checkpoints/flash-vqg-20260520-gdn-capacity-layout-followup-gdn-h2-ev16-s125-2026-05-20-07-41-56/gdn-h2-ev16-s125-d123-b64-ga4-fp32-noearly4ep/train_config.json,/home/lyj/mnt/project/zoology/checkpoints/flash-vqg-20260520-gdn-capacity-layout-followup-gdn-h2-ev16-s125-2026-05-20-07-41-56/gdn-h2-ev16-s125-d123-b64-ga4-fp32-noearly4ep/train_config.json,b009d286cc10a3a379c60fdf09a7e5a40b7b0a61123d9c406c12a16d6e74855b,sha256:6c6c7f20081a8f048a61737e2613ad9de5d90c0d4e6426a470d8fbdd0b61e220,last.pt_epoch4_final,checkpoints/flash-vqg-20260520-gdn-capacity-layout-followup-gdn-h2-ev16-s125-2026-05-20-07-41-56/gdn-h2-ev16-s125-d123-b64-ga4-fp32-noearly4ep/last.pt,/home/lyj/mnt/project/zoology/checkpoints/flash-vqg-20260520-gdn-capacity-layout-followup-gdn-h2-ev16-s125-2026-05-20-07-41-56/gdn-h2-ev16-s125-d123-b64-ga4-fp32-noearly4ep/last.pt,true,6c6c7f20081a8f048a61737e2613ad9de5d90c0d4e6426a470d8fbdd0b61e220,10743231,2026-05-20T07:52:06.310276+00:00,3,,0.27388736605644226,0.980462890625,0.8467578125,1634694,131072,131072,mqar-vocab8192-pass1-seed123-rnq1-power0.01-2048x512-n500,multiquery_ar,8192,2048,512,1,500,32,true,123,true,0.01,,,completed,2048x512,2048,512,32,32;16;8;4;2;1,32,4111.36328125,,same_gpu_same_dtype_same_runner_only,true,1,1,NVIDIA GeForce RTX 2080 Ti,11264,7.5,GPU-0def3eeb-c2d0-4f49-ec2a-ebc1d8453b98,2.6.0+cu118,11.8,550.120,float32,float32,b64_ga4_fp32_official,NVIDIA_GeForce_RTX_2080_Ti-11264MiB-cc7.5-driver550.120-torch2.6.0+cu118-cuda11.8,4.5042805671691895,0.38780078125,4.5042805671691895,0.38780078125,37.598652362823486,00:00:37,4111.8642578125,4111.8642578125,7422.0,NVIDIA_GeForce_RTX_2080_Ti-11264MiB-cc7.5-driver550.120-torch2.6.0+cu118-cuda11.8,measured_current_host,1,1,NVIDIA GeForce RTX 2080 Ti,11264,7.5,GPU-0def3eeb-c2d0-4f49-ec2a-ebc1d8453b98,2.6.0+cu118,11.8,550.120,8eb730be36bbb0876ed83a332d364c65acb36b28,8eb730be36bbb0876ed83a332d364c65acb36b28,811e1ce5f140e97d93ad6f1adae07b95b4219143,docs/artifacts/longer-mqar/official-core-20260526,docs/artifacts/20260520-gdn-capacity-layout-followup/gdn-followup-final.csv,tmp/20260526-longer-mqar-official-core/logs/formal-gdn-h2-ev16-s125-d123-b64-ga4-fp32-noearly4ep-2048x512-n500-b32-gpu1.log,,,,123,e446efc9f4dc774377c56c403a468c747870beb18ff0320f15df794dcb69f015,"sha256(inputs,labels)",500x2048,500x2048,500,torch.int64/torch.int64,6c6c7f20081a8f048a61737e2613ad9de5d90c0d4e6426a470d8fbdd0b61e220,sha256,passed,true,,,,
2,20260526-longer-mqar-official-core:formal:gdn-h2-ev16-s125-d123-b64-ga4-fp32-noearly4ep:4096x1024:n500,20260526-longer-mqar-official-core:formal:gdn-h2-ev16-s125-d123-b64-ga4-fp32-noearly4ep:4096x1024:n500,20260526-longer-mqar-official-core,longer_mqar_eval_only,longer_mqar_eval_only_vocab8192_official_core_20260526,formal,completed,2026-05-25T22:36:41.582731+00:00,gdn,gdn-h2-ev16-s125-d123-b64-ga4-fp32-noearly4ep,gdn_capacity_layout_followup_candidate,gdn-h2-ev16-usegate0-s125-d123,b64_ga4_fp32_official,b64_ga4_fp32_official,official_gdn_capacity_layout_followup_b64_ga4_fp32,64,16,4,256,b64_ga4,float32,float32,float32,float32,float32,float32,125,123,gdn-h2-ev16-usegate0,gdn-h2-ev16-usegate0-s125-d123,,,2,16,false,true,4,4,4,2,true,checkpoints/flash-vqg-20260520-gdn-capacity-layout-followup-gdn-h2-ev16-s125-2026-05-20-07-41-56/gdn-h2-ev16-s125-d123-b64-ga4-fp32-noearly4ep/train_config.json,/home/lyj/mnt/project/zoology/checkpoints/flash-vqg-20260520-gdn-capacity-layout-followup-gdn-h2-ev16-s125-2026-05-20-07-41-56/gdn-h2-ev16-s125-d123-b64-ga4-fp32-noearly4ep/train_config.json,b009d286cc10a3a379c60fdf09a7e5a40b7b0a61123d9c406c12a16d6e74855b,sha256:6c6c7f20081a8f048a61737e2613ad9de5d90c0d4e6426a470d8fbdd0b61e220,last.pt_epoch4_final,checkpoints/flash-vqg-20260520-gdn-capacity-layout-followup-gdn-h2-ev16-s125-2026-05-20-07-41-56/gdn-h2-ev16-s125-d123-b64-ga4-fp32-noearly4ep/last.pt,/home/lyj/mnt/project/zoology/checkpoints/flash-vqg-20260520-gdn-capacity-layout-followup-gdn-h2-ev16-s125-2026-05-20-07-41-56/gdn-h2-ev16-s125-d123-b64-ga4-fp32-noearly4ep/last.pt,true,6c6c7f20081a8f048a61737e2613ad9de5d90c0d4e6426a470d8fbdd0b61e220,10743231,2026-05-20T07:52:06.310276+00:00,3,,0.27388736605644226,0.980462890625,0.8467578125,1634694,131072,131072,mqar-vocab8192-pass1-seed123-rnq1-power0.01-4096x1024-n500,multiquery_ar,8192,4096,1024,1,500,32,true,123,true,0.01,,,completed,4096x1024,4096,1024,32,32;16;8;4;2;1,32,8208.36328125,,same_gpu_same_dtype_same_runner_only,true,1,1,NVIDIA GeForce RTX 2080 Ti,11264,7.5,GPU-0def3eeb-c2d0-4f49-ec2a-ebc1d8453b98,2.6.0+cu118,11.8,550.120,float32,float32,b64_ga4_fp32_official,NVIDIA_GeForce_RTX_2080_Ti-11264MiB-cc7.5-driver550.120-torch2.6.0+cu118-cuda11.8,7.159046173095703,0.11298828125,7.159046173095703,0.11298828125,49.26419377326965,00:00:49,8209.3642578125,8209.3642578125,8288.0,NVIDIA_GeForce_RTX_2080_Ti-11264MiB-cc7.5-driver550.120-torch2.6.0+cu118-cuda11.8,measured_current_host,1,1,NVIDIA GeForce RTX 2080 Ti,11264,7.5,GPU-0def3eeb-c2d0-4f49-ec2a-ebc1d8453b98,2.6.0+cu118,11.8,550.120,8eb730be36bbb0876ed83a332d364c65acb36b28,8eb730be36bbb0876ed83a332d364c65acb36b28,811e1ce5f140e97d93ad6f1adae07b95b4219143,docs/artifacts/longer-mqar/official-core-20260526,docs/artifacts/20260520-gdn-capacity-layout-followup/gdn-followup-final.csv,tmp/20260526-longer-mqar-official-core/logs/formal-gdn-h2-ev16-s125-d123-b64-ga4-fp32-noearly4ep-4096x1024-n500-b32-gpu1.log,,,,123,0981292ce8ebea1402a4c3a7a6655dfc1de42688c329bd5ea921541a0f1d16ed,"sha256(inputs,labels)",500x4096,500x4096,500,torch.int64/torch.int64,6c6c7f20081a8f048a61737e2613ad9de5d90c0d4e6426a470d8fbdd0b61e220,sha256,passed,true,,,,
2,20260526-longer-mqar-official-core:formal:gdn-h2-ev10-s125-d123-b64-ga4-fp32-noearly4ep:8190x2047:n500,20260526-longer-mqar-official-core:formal:gdn-h2-ev10-s125-d123-b64-ga4-fp32-noearly4ep:8190x2047:n500,20260526-longer-mqar-official-core,longer_mqar_eval_only,longer_mqar_eval_only_vocab8192_official_core_20260526,formal,completed,2026-05-25T22:36:42.585929+00:00,gdn,gdn-h2-ev10-s125-d123-b64-ga4-fp32-noearly4ep,h2_ev10_multiseed_candidate,gdn-h2-ev10-usegate0-s125-d123,b64_ga4_fp32_official,b64_ga4_fp32_official,official_gdn_h2_ev10_multiseed_followup_b64_ga4_fp32,64,16,4,256,b64_ga4,float32,float32,float32,float32,float32,float32,125,123,gdn-h2-ev10-usegate0,gdn-h2-ev10-usegate0-s125-d123,,,2,10,false,true,4,4,4,2,true,checkpoints/flash-vqg-20260520-gdn-h2-ev10-multiseed-followup-gdn-h2-ev10-s125-2026-05-20-12-05-09/gdn-h2-ev10-s125-d123-b64-ga4-fp32-noearly4ep/train_config.json,/home/lyj/mnt/project/zoology/checkpoints/flash-vqg-20260520-gdn-h2-ev10-multiseed-followup-gdn-h2-ev10-s125-2026-05-20-12-05-09/gdn-h2-ev10-s125-d123-b64-ga4-fp32-noearly4ep/train_config.json,d4c6e658e0d8e8bdd3a77294202ef94c350bed0a16144ebae73cce652d14cd58,sha256:f1e0523bda6284c8f6fe3ee986a3cd195d8b00b0af23819b7a978d4bdf837dfe,last.pt_epoch4_final,checkpoints/flash-vqg-20260520-gdn-h2-ev10-multiseed-followup-gdn-h2-ev10-s125-2026-05-20-12-05-09/gdn-h2-ev10-s125-d123-b64-ga4-fp32-noearly4ep/last.pt,/home/lyj/mnt/project/zoology/checkpoints/flash-vqg-20260520-gdn-h2-ev10-multiseed-followup-gdn-h2-ev10-s125-2026-05-20-12-05-09/gdn-h2-ev10-s125-d123-b64-ga4-fp32-noearly4ep/last.pt,true,f1e0523bda6284c8f6fe3ee986a3cd195d8b00b0af23819b7a978d4bdf837dfe,9942975,2026-05-20T12:13:17.001058+00:00,3,,0.30318450927734375,0.97770751953125,0.82569921875,1434630,81920,81920,mqar-vocab8192-pass1-seed123-rnq1-power0.01-8190x2047-n500,multiquery_ar,8192,8190,2047,1,500,16,true,123,true,0.01,,,completed,8190x2047,8190,2047,32,32;16;8;4;2;1,16,8208.60107421875,"b32:oom:oom:torch.OutOfMemoryError: CUDA out of memory. Tried to allocate 8.00 GiB. GPU 0 has a total capacity of 10.74 GiB of which 1.90 GiB is free. Process 1232671 has 8.82 GiB memory in use. Of the allocated memory 8.02 GiB is allocated by PyTorch, and 4.40 MiB is reserved by PyTorch but unallocated. If reserved but unallocated memory is large try setting PYTORCH_CUDA_ALLOC_CONF=expandable_segments:True to avoid fragmentation.  See documentation for Memory Management  (https://pytorch.org/docs/stable/notes/cuda.html#environment-variables)",same_gpu_same_dtype_same_runner_only,true,0,0,NVIDIA GeForce RTX 2080 Ti,11264,7.5,GPU-57c29499-bcb3-27f6-4360-e60939528a9b,2.6.0+cu118,11.8,550.120,float32,float32,b64_ga4_fp32_official,NVIDIA_GeForce_RTX_2080_Ti-11264MiB-cc7.5-driver550.120-torch2.6.0+cu118-cuda11.8,9.244585037231445,0.004429897410845139,9.244585037231445,0.004429897410845139,52.28682088851929,00:00:52,8208.60107421875,8208.60107421875,8286.0,NVIDIA_GeForce_RTX_2080_Ti-11264MiB-cc7.5-driver550.120-torch2.6.0+cu118-cuda11.8,measured_current_host,0,0,NVIDIA GeForce RTX 2080 Ti,11264,7.5,GPU-57c29499-bcb3-27f6-4360-e60939528a9b,2.6.0+cu118,11.8,550.120,8eb730be36bbb0876ed83a332d364c65acb36b28,8eb730be36bbb0876ed83a332d364c65acb36b28,811e1ce5f140e97d93ad6f1adae07b95b4219143,docs/artifacts/longer-mqar/official-core-20260526,docs/artifacts/20260520-gdn-h2-ev10-multiseed-followup/gdn-h2-ev10-final.csv,tmp/20260526-longer-mqar-official-core/logs/formal-gdn-h2-ev10-s125-d123-b64-ga4-fp32-noearly4ep-8190x2047-n500-b16-gpu0.log,,,,123,8c16a91ea127bb7bf2130238ecd56b49fb1fd73bb3e0c2f4c586ddba8e9b97a9,"sha256(inputs,labels)",500x8190,500x8190,500,torch.int64/torch.int64,f1e0523bda6284c8f6fe3ee986a3cd195d8b00b0af23819b7a978d4bdf837dfe,sha256,passed,true,,,,
2,20260526-longer-mqar-official-core:repro:gdn-h2-ev10-s125-d123-b64-ga4-fp32-noearly4ep:1024x256:n500,20260526-longer-mqar-official-core:repro:gdn-h2-ev10-s125-d123-b64-ga4-fp32-noearly4ep:1024x256:n500,20260526-longer-mqar-official-core,longer_mqar_eval_only,longer_mqar_eval_only_vocab8192_official_core_20260526,repro,completed,2026-05-25T22:37:15.478996+00:00,gdn,gdn-h2-ev10-s125-d123-b64-ga4-fp32-noearly4ep,h2_ev10_multiseed_candidate,gdn-h2-ev10-usegate0-s125-d123,b64_ga4_fp32_official,b64_ga4_fp32_official,official_gdn_h2_ev10_multiseed_followup_b64_ga4_fp32,64,16,4,256,b64_ga4,float32,float32,float32,float32,float32,float32,125,123,gdn-h2-ev10-usegate0,gdn-h2-ev10-usegate0-s125-d123,,,2,10,false,true,4,4,4,2,true,checkpoints/flash-vqg-20260520-gdn-h2-ev10-multiseed-followup-gdn-h2-ev10-s125-2026-05-20-12-05-09/gdn-h2-ev10-s125-d123-b64-ga4-fp32-noearly4ep/train_config.json,/home/lyj/mnt/project/zoology/checkpoints/flash-vqg-20260520-gdn-h2-ev10-multiseed-followup-gdn-h2-ev10-s125-2026-05-20-12-05-09/gdn-h2-ev10-s125-d123-b64-ga4-fp32-noearly4ep/train_config.json,d4c6e658e0d8e8bdd3a77294202ef94c350bed0a16144ebae73cce652d14cd58,sha256:f1e0523bda6284c8f6fe3ee986a3cd195d8b00b0af23819b7a978d4bdf837dfe,last.pt_epoch4_final,checkpoints/flash-vqg-20260520-gdn-h2-ev10-multiseed-followup-gdn-h2-ev10-s125-2026-05-20-12-05-09/gdn-h2-ev10-s125-d123-b64-ga4-fp32-noearly4ep/last.pt,/home/lyj/mnt/project/zoology/checkpoints/flash-vqg-20260520-gdn-h2-ev10-multiseed-followup-gdn-h2-ev10-s125-2026-05-20-12-05-09/gdn-h2-ev10-s125-d123-b64-ga4-fp32-noearly4ep/last.pt,true,f1e0523bda6284c8f6fe3ee986a3cd195d8b00b0af23819b7a978d4bdf837dfe,9942975,2026-05-20T12:13:17.001058+00:00,3,,0.30318450927734375,0.97770751953125,0.82569921875,1434630,81920,81920,mqar-vocab8192-pass1-seed123-rnq1-power0.01-1024x256-n500,multiquery_ar,8192,1024,256,1,500,32,false,123,true,0.01,,,,,,,,,,,,,,,,,,,,,,,,,,,1.989410400390625,0.82909375,1.989410400390625,0.82909375,32.03312706947327,00:00:32,2062.35107421875,2062.35107421875,3534.0,NVIDIA_GeForce_RTX_2080_Ti-11264MiB-cc7.5-driver550.120-torch2.6.0+cu118-cuda11.8,measured_current_host,0,0,NVIDIA GeForce RTX 2080 Ti,11264,7.5,GPU-57c29499-bcb3-27f6-4360-e60939528a9b,2.6.0+cu118,11.8,550.120,8eb730be36bbb0876ed83a332d364c65acb36b28,8eb730be36bbb0876ed83a332d364c65acb36b28,811e1ce5f140e97d93ad6f1adae07b95b4219143,docs/artifacts/longer-mqar/official-core-20260526,docs/artifacts/20260520-gdn-h2-ev10-multiseed-followup/gdn-h2-ev10-final.csv,tmp/20260526-longer-mqar-official-core/logs/repro-gdn-h2-ev10-s125-d123-b64-ga4-fp32-noearly4ep-1024x256-n500-b32-gpu0.log,,,,123,f30f1e09e1300deb2e0f430d7c50c47a77f58f43657aa4d6f425f938a91a9acb,"sha256(inputs,labels)",500x1024,500x1024,500,torch.int64/torch.int64,f1e0523bda6284c8f6fe3ee986a3cd195d8b00b0af23819b7a978d4bdf837dfe,sha256,passed,true,20260526-longer-mqar-official-core:formal:gdn-h2-ev10-s125-d123-b64-ga4-fp32-noearly4ep:1024x256:n500,true,0.0,true
2,20260526-longer-mqar-official-core:formal:gdn-h2-ev16-s125-d123-b64-ga4-fp32-noearly4ep:8190x512:n500,20260526-longer-mqar-official-core:formal:gdn-h2-ev16-s125-d123-b64-ga4-fp32-noearly4ep:8190x512:n500,20260526-longer-mqar-official-core,longer_mqar_eval_only,longer_mqar_eval_only_vocab8192_official_core_20260526,formal,completed,2026-05-25T22:37:34.380352+00:00,gdn,gdn-h2-ev16-s125-d123-b64-ga4-fp32-noearly4ep,gdn_capacity_layout_followup_candidate,gdn-h2-ev16-usegate0-s125-d123,b64_ga4_fp32_official,b64_ga4_fp32_official,official_gdn_capacity_layout_followup_b64_ga4_fp32,64,16,4,256,b64_ga4,float32,float32,float32,float32,float32,float32,125,123,gdn-h2-ev16-usegate0,gdn-h2-ev16-usegate0-s125-d123,,,2,16,false,true,4,4,4,2,true,checkpoints/flash-vqg-20260520-gdn-capacity-layout-followup-gdn-h2-ev16-s125-2026-05-20-07-41-56/gdn-h2-ev16-s125-d123-b64-ga4-fp32-noearly4ep/train_config.json,/home/lyj/mnt/project/zoology/checkpoints/flash-vqg-20260520-gdn-capacity-layout-followup-gdn-h2-ev16-s125-2026-05-20-07-41-56/gdn-h2-ev16-s125-d123-b64-ga4-fp32-noearly4ep/train_config.json,b009d286cc10a3a379c60fdf09a7e5a40b7b0a61123d9c406c12a16d6e74855b,sha256:6c6c7f20081a8f048a61737e2613ad9de5d90c0d4e6426a470d8fbdd0b61e220,last.pt_epoch4_final,checkpoints/flash-vqg-20260520-gdn-capacity-layout-followup-gdn-h2-ev16-s125-2026-05-20-07-41-56/gdn-h2-ev16-s125-d123-b64-ga4-fp32-noearly4ep/last.pt,/home/lyj/mnt/project/zoology/checkpoints/flash-vqg-20260520-gdn-capacity-layout-followup-gdn-h2-ev16-s125-2026-05-20-07-41-56/gdn-h2-ev16-s125-d123-b64-ga4-fp32-noearly4ep/last.pt,true,6c6c7f20081a8f048a61737e2613ad9de5d90c0d4e6426a470d8fbdd0b61e220,10743231,2026-05-20T07:52:06.310276+00:00,3,,0.27388736605644226,0.980462890625,0.8467578125,1634694,131072,131072,mqar-vocab8192-pass1-seed123-rnq1-power0.01-8190x512-n500,multiquery_ar,8192,8190,512,1,500,16,true,123,true,0.01,,,completed,8190x2047,8190,2047,32,32;16;8;4;2;1,16,8209.3642578125,"b32:oom:oom:torch.OutOfMemoryError: CUDA out of memory. Tried to allocate 2.00 GiB. GPU 0 has a total capacity of 10.75 GiB of which 555.75 MiB is free. Process 1233122 has 10.20 GiB memory in use. Of the allocated memory 7.40 GiB is allocated by PyTorch, and 2.00 GiB is reserved by PyTorch but unallocated. If reserved but unallocated memory is large try setting PYTORCH_CUDA_ALLOC_CONF=expandable_segments:True to avoid fragmentation.  See documentation for Memory Management  (https://pytorch.org/docs/stable/notes/cuda.html#environment-variables)",same_gpu_same_dtype_same_runner_only,true,1,1,NVIDIA GeForce RTX 2080 Ti,11264,7.5,GPU-0def3eeb-c2d0-4f49-ec2a-ebc1d8453b98,2.6.0+cu118,11.8,550.120,float32,float32,b64_ga4_fp32_official,NVIDIA_GeForce_RTX_2080_Ti-11264MiB-cc7.5-driver550.120-torch2.6.0+cu118-cuda11.8,5.421637535095215,0.26697265625,5.421637535095215,0.26697265625,51.92187213897705,00:00:51,8209.3642578125,8209.3642578125,8288.0,NVIDIA_GeForce_RTX_2080_Ti-11264MiB-cc7.5-driver550.120-torch2.6.0+cu118-cuda11.8,measured_current_host,1,1,NVIDIA GeForce RTX 2080 Ti,11264,7.5,GPU-0def3eeb-c2d0-4f49-ec2a-ebc1d8453b98,2.6.0+cu118,11.8,550.120,8eb730be36bbb0876ed83a332d364c65acb36b28,8eb730be36bbb0876ed83a332d364c65acb36b28,811e1ce5f140e97d93ad6f1adae07b95b4219143,docs/artifacts/longer-mqar/official-core-20260526,docs/artifacts/20260520-gdn-capacity-layout-followup/gdn-followup-final.csv,tmp/20260526-longer-mqar-official-core/logs/formal-gdn-h2-ev16-s125-d123-b64-ga4-fp32-noearly4ep-8190x512-n500-b16-gpu1.log,,,,123,37a8533a985fabd3db03daf9dfd3a8e0936513ab724039c63b9a22bf352d002d,"sha256(inputs,labels)",500x8190,500x8190,500,torch.int64/torch.int64,6c6c7f20081a8f048a61737e2613ad9de5d90c0d4e6426a470d8fbdd0b61e220,sha256,passed,true,,,,
2,20260526-longer-mqar-official-core:batch_search:gdn-h2-ev10-s127-d123-b64-ga4-fp32-noearly4ep:1024x256:n32,20260526-longer-mqar-official-core:batch_search:gdn-h2-ev10-s127-d123-b64-ga4-fp32-noearly4ep:1024x256:n32,20260526-longer-mqar-official-core,longer_mqar_eval_only,longer_mqar_eval_only_vocab8192_official_core_20260526,batch_search,completed,2026-05-25T22:37:40.263771+00:00,gdn,gdn-h2-ev10-s127-d123-b64-ga4-fp32-noearly4ep,h2_ev10_multiseed_candidate,gdn-h2-ev10-usegate0-s127-d123,b64_ga4_fp32_official,b64_ga4_fp32_official,official_gdn_h2_ev10_multiseed_followup_b64_ga4_fp32,64,16,4,256,b64_ga4,float32,float32,float32,float32,float32,float32,127,123,gdn-h2-ev10-usegate0,gdn-h2-ev10-usegate0-s127-d123,,,2,10,false,true,4,4,4,2,true,checkpoints/flash-vqg-20260520-gdn-h2-ev10-multiseed-followup-gdn-h2-ev10-s127-2026-05-20-12-13-31/gdn-h2-ev10-s127-d123-b64-ga4-fp32-noearly4ep/train_config.json,/home/lyj/mnt/project/zoology/checkpoints/flash-vqg-20260520-gdn-h2-ev10-multiseed-followup-gdn-h2-ev10-s127-2026-05-20-12-13-31/gdn-h2-ev10-s127-d123-b64-ga4-fp32-noearly4ep/train_config.json,be24e72f826e9ec0e4093c8edc8ef05229d7c7c546a0e9815bce72b134b2da3c,sha256:7959dd3001a4fb28ed4a6981edb24a793f35fe3900ee295c9ff42d08928d0850,last.pt_epoch4_final,checkpoints/flash-vqg-20260520-gdn-h2-ev10-multiseed-followup-gdn-h2-ev10-s127-2026-05-20-12-13-31/gdn-h2-ev10-s127-d123-b64-ga4-fp32-noearly4ep/last.pt,/home/lyj/mnt/project/zoology/checkpoints/flash-vqg-20260520-gdn-h2-ev10-multiseed-followup-gdn-h2-ev10-s127-2026-05-20-12-13-31/gdn-h2-ev10-s127-d123-b64-ga4-fp32-noearly4ep/last.pt,true,7959dd3001a4fb28ed4a6981edb24a793f35fe3900ee295c9ff42d08928d0850,9942975,2026-05-20T12:21:41.615609+00:00,3,,0.29440808296203613,0.9793193359375,0.83834375,1434630,81920,81920,mqar-vocab8192-pass1-seed123-rnq1-power0.01-1024x256-n32,multiquery_ar,8192,1024,256,1,32,32,true,123,true,0.01,,,completed,1024x256,1024,256,32,32;16;8;4;2;1,32,2062.10009765625,,same_gpu_same_dtype_same_runner_only,true,0,0,NVIDIA GeForce RTX 2080 Ti,11264,7.5,GPU-57c29499-bcb3-27f6-4360-e60939528a9b,2.6.0+cu118,11.8,550.120,float32,float32,b64_ga4_fp32_official,NVIDIA_GeForce_RTX_2080_Ti-11264MiB-cc7.5-driver550.120-torch2.6.0+cu118-cuda11.8,1.9354749917984009,0.8450927734375,1.9354749917984009,0.8450927734375,23.877004623413086,00:00:23,2062.10009765625,2062.10009765625,3534.0,NVIDIA_GeForce_RTX_2080_Ti-11264MiB-cc7.5-driver550.120-torch2.6.0+cu118-cuda11.8,measured_current_host,0,0,NVIDIA GeForce RTX 2080 Ti,11264,7.5,GPU-57c29499-bcb3-27f6-4360-e60939528a9b,2.6.0+cu118,11.8,550.120,8eb730be36bbb0876ed83a332d364c65acb36b28,8eb730be36bbb0876ed83a332d364c65acb36b28,811e1ce5f140e97d93ad6f1adae07b95b4219143,docs/artifacts/longer-mqar/official-core-20260526,docs/artifacts/20260520-gdn-h2-ev10-multiseed-followup/gdn-h2-ev10-final.csv,tmp/20260526-longer-mqar-official-core/logs/batch-search-candidate-gdn-h2-ev10-s127-d123-b64-ga4-fp32-noearly4ep-1024x256-n32-b32-gpu0.log,,,,123,68500f1bc9fdc7ff4edc301ab7303d253d578a27cbbbf7613c74e3e6a04cc9f3,"sha256(inputs,labels)",32x1024,32x1024,32,torch.int64/torch.int64,7959dd3001a4fb28ed4a6981edb24a793f35fe3900ee295c9ff42d08928d0850,sha256,passed,true,,,,
2,20260526-longer-mqar-official-core:batch_search:gdn-h2-ev10-s127-d123-b64-ga4-fp32-noearly4ep:2048x512:n32,20260526-longer-mqar-official-core:batch_search:gdn-h2-ev10-s127-d123-b64-ga4-fp32-noearly4ep:2048x512:n32,20260526-longer-mqar-official-core,longer_mqar_eval_only,longer_mqar_eval_only_vocab8192_official_core_20260526,batch_search,completed,2026-05-25T22:38:08.653099+00:00,gdn,gdn-h2-ev10-s127-d123-b64-ga4-fp32-noearly4ep,h2_ev10_multiseed_candidate,gdn-h2-ev10-usegate0-s127-d123,b64_ga4_fp32_official,b64_ga4_fp32_official,official_gdn_h2_ev10_multiseed_followup_b64_ga4_fp32,64,16,4,256,b64_ga4,float32,float32,float32,float32,float32,float32,127,123,gdn-h2-ev10-usegate0,gdn-h2-ev10-usegate0-s127-d123,,,2,10,false,true,4,4,4,2,true,checkpoints/flash-vqg-20260520-gdn-h2-ev10-multiseed-followup-gdn-h2-ev10-s127-2026-05-20-12-13-31/gdn-h2-ev10-s127-d123-b64-ga4-fp32-noearly4ep/train_config.json,/home/lyj/mnt/project/zoology/checkpoints/flash-vqg-20260520-gdn-h2-ev10-multiseed-followup-gdn-h2-ev10-s127-2026-05-20-12-13-31/gdn-h2-ev10-s127-d123-b64-ga4-fp32-noearly4ep/train_config.json,be24e72f826e9ec0e4093c8edc8ef05229d7c7c546a0e9815bce72b134b2da3c,sha256:7959dd3001a4fb28ed4a6981edb24a793f35fe3900ee295c9ff42d08928d0850,last.pt_epoch4_final,checkpoints/flash-vqg-20260520-gdn-h2-ev10-multiseed-followup-gdn-h2-ev10-s127-2026-05-20-12-13-31/gdn-h2-ev10-s127-d123-b64-ga4-fp32-noearly4ep/last.pt,/home/lyj/mnt/project/zoology/checkpoints/flash-vqg-20260520-gdn-h2-ev10-multiseed-followup-gdn-h2-ev10-s127-2026-05-20-12-13-31/gdn-h2-ev10-s127-d123-b64-ga4-fp32-noearly4ep/last.pt,true,7959dd3001a4fb28ed4a6981edb24a793f35fe3900ee295c9ff42d08928d0850,9942975,2026-05-20T12:21:41.615609+00:00,3,,0.29440808296203613,0.9793193359375,0.83834375,1434630,81920,81920,mqar-vocab8192-pass1-seed123-rnq1-power0.01-2048x512-n32,multiquery_ar,8192,2048,512,1,32,32,true,123,true,0.01,,,completed,2048x512,2048,512,32,32;16;8;4;2;1,32,4110.60009765625,,same_gpu_same_dtype_same_runner_only,true,0,0,NVIDIA GeForce RTX 2080 Ti,11264,7.5,GPU-57c29499-bcb3-27f6-4360-e60939528a9b,2.6.0+cu118,11.8,550.120,float32,float32,b64_ga4_fp32_official,NVIDIA_GeForce_RTX_2080_Ti-11264MiB-cc7.5-driver550.120-torch2.6.0+cu118-cuda11.8,4.750522613525391,0.33612060546875,4.750522613525391,0.33612060546875,27.530944108963013,00:00:27,4110.60009765625,4110.60009765625,6460.0,NVIDIA_GeForce_RTX_2080_Ti-11264MiB-cc7.5-driver550.120-torch2.6.0+cu118-cuda11.8,measured_current_host,0,0,NVIDIA GeForce RTX 2080 Ti,11264,7.5,GPU-57c29499-bcb3-27f6-4360-e60939528a9b,2.6.0+cu118,11.8,550.120,8eb730be36bbb0876ed83a332d364c65acb36b28,8eb730be36bbb0876ed83a332d364c65acb36b28,811e1ce5f140e97d93ad6f1adae07b95b4219143,docs/artifacts/longer-mqar/official-core-20260526,docs/artifacts/20260520-gdn-h2-ev10-multiseed-followup/gdn-h2-ev10-final.csv,tmp/20260526-longer-mqar-official-core/logs/batch-search-candidate-gdn-h2-ev10-s127-d123-b64-ga4-fp32-noearly4ep-2048x512-n32-b32-gpu0.log,,,,123,34ea18c38dae38e2860b711425f27d090597975373a954d128324e3a04dcb012,"sha256(inputs,labels)",32x2048,32x2048,32,torch.int64/torch.int64,7959dd3001a4fb28ed4a6981edb24a793f35fe3900ee295c9ff42d08928d0850,sha256,passed,true,,,,
2,20260526-longer-mqar-official-core:formal:gdn-h2-ev16-s125-d123-b64-ga4-fp32-noearly4ep:8190x2047:n500,20260526-longer-mqar-official-core:formal:gdn-h2-ev16-s125-d123-b64-ga4-fp32-noearly4ep:8190x2047:n500,20260526-longer-mqar-official-core,longer_mqar_eval_only,longer_mqar_eval_only_vocab8192_official_core_20260526,formal,completed,2026-05-25T22:38:27.561570+00:00,gdn,gdn-h2-ev16-s125-d123-b64-ga4-fp32-noearly4ep,gdn_capacity_layout_followup_candidate,gdn-h2-ev16-usegate0-s125-d123,b64_ga4_fp32_official,b64_ga4_fp32_official,official_gdn_capacity_layout_followup_b64_ga4_fp32,64,16,4,256,b64_ga4,float32,float32,float32,float32,float32,float32,125,123,gdn-h2-ev16-usegate0,gdn-h2-ev16-usegate0-s125-d123,,,2,16,false,true,4,4,4,2,true,checkpoints/flash-vqg-20260520-gdn-capacity-layout-followup-gdn-h2-ev16-s125-2026-05-20-07-41-56/gdn-h2-ev16-s125-d123-b64-ga4-fp32-noearly4ep/train_config.json,/home/lyj/mnt/project/zoology/checkpoints/flash-vqg-20260520-gdn-capacity-layout-followup-gdn-h2-ev16-s125-2026-05-20-07-41-56/gdn-h2-ev16-s125-d123-b64-ga4-fp32-noearly4ep/train_config.json,b009d286cc10a3a379c60fdf09a7e5a40b7b0a61123d9c406c12a16d6e74855b,sha256:6c6c7f20081a8f048a61737e2613ad9de5d90c0d4e6426a470d8fbdd0b61e220,last.pt_epoch4_final,checkpoints/flash-vqg-20260520-gdn-capacity-layout-followup-gdn-h2-ev16-s125-2026-05-20-07-41-56/gdn-h2-ev16-s125-d123-b64-ga4-fp32-noearly4ep/last.pt,/home/lyj/mnt/project/zoology/checkpoints/flash-vqg-20260520-gdn-capacity-layout-followup-gdn-h2-ev16-s125-2026-05-20-07-41-56/gdn-h2-ev16-s125-d123-b64-ga4-fp32-noearly4ep/last.pt,true,6c6c7f20081a8f048a61737e2613ad9de5d90c0d4e6426a470d8fbdd0b61e220,10743231,2026-05-20T07:52:06.310276+00:00,3,,0.27388736605644226,0.980462890625,0.8467578125,1634694,131072,131072,mqar-vocab8192-pass1-seed123-rnq1-power0.01-8190x2047-n500,multiquery_ar,8192,8190,2047,1,500,16,true,123,true,0.01,,,completed,8190x2047,8190,2047,32,32;16;8;4;2;1,16,8209.3642578125,"b32:oom:oom:torch.OutOfMemoryError: CUDA out of memory. Tried to allocate 2.00 GiB. GPU 0 has a total capacity of 10.75 GiB of which 555.75 MiB is free. Process 1233122 has 10.20 GiB memory in use. Of the allocated memory 7.40 GiB is allocated by PyTorch, and 2.00 GiB is reserved by PyTorch but unallocated. If reserved but unallocated memory is large try setting PYTORCH_CUDA_ALLOC_CONF=expandable_segments:True to avoid fragmentation.  See documentation for Memory Management  (https://pytorch.org/docs/stable/notes/cuda.html#environment-variables)",same_gpu_same_dtype_same_runner_only,true,1,1,NVIDIA GeForce RTX 2080 Ti,11264,7.5,GPU-0def3eeb-c2d0-4f49-ec2a-ebc1d8453b98,2.6.0+cu118,11.8,550.120,float32,float32,b64_ga4_fp32_official,NVIDIA_GeForce_RTX_2080_Ti-11264MiB-cc7.5-driver550.120-torch2.6.0+cu118-cuda11.8,8.884086608886719,0.014153395212506107,8.884086608886719,0.014153395212506106,52.264822483062744,00:00:52,8209.3642578125,8209.3642578125,8288.0,NVIDIA_GeForce_RTX_2080_Ti-11264MiB-cc7.5-driver550.120-torch2.6.0+cu118-cuda11.8,measured_current_host,1,1,NVIDIA GeForce RTX 2080 Ti,11264,7.5,GPU-0def3eeb-c2d0-4f49-ec2a-ebc1d8453b98,2.6.0+cu118,11.8,550.120,8eb730be36bbb0876ed83a332d364c65acb36b28,8eb730be36bbb0876ed83a332d364c65acb36b28,811e1ce5f140e97d93ad6f1adae07b95b4219143,docs/artifacts/longer-mqar/official-core-20260526,docs/artifacts/20260520-gdn-capacity-layout-followup/gdn-followup-final.csv,tmp/20260526-longer-mqar-official-core/logs/formal-gdn-h2-ev16-s125-d123-b64-ga4-fp32-noearly4ep-8190x2047-n500-b16-gpu1.log,,,,123,8c16a91ea127bb7bf2130238ecd56b49fb1fd73bb3e0c2f4c586ddba8e9b97a9,"sha256(inputs,labels)",500x8190,500x8190,500,torch.int64/torch.int64,6c6c7f20081a8f048a61737e2613ad9de5d90c0d4e6426a470d8fbdd0b61e220,sha256,passed,true,,,,
2,20260526-longer-mqar-official-core:batch_search:gdn-h2-ev10-s127-d123-b64-ga4-fp32-noearly4ep:4096x1024:n32,20260526-longer-mqar-official-core:batch_search:gdn-h2-ev10-s127-d123-b64-ga4-fp32-noearly4ep:4096x1024:n32,20260526-longer-mqar-official-core,longer_mqar_eval_only,longer_mqar_eval_only_vocab8192_official_core_20260526,batch_search,completed,2026-05-25T22:38:45.404917+00:00,gdn,gdn-h2-ev10-s127-d123-b64-ga4-fp32-noearly4ep,h2_ev10_multiseed_candidate,gdn-h2-ev10-usegate0-s127-d123,b64_ga4_fp32_official,b64_ga4_fp32_official,official_gdn_h2_ev10_multiseed_followup_b64_ga4_fp32,64,16,4,256,b64_ga4,float32,float32,float32,float32,float32,float32,127,123,gdn-h2-ev10-usegate0,gdn-h2-ev10-usegate0-s127-d123,,,2,10,false,true,4,4,4,2,true,checkpoints/flash-vqg-20260520-gdn-h2-ev10-multiseed-followup-gdn-h2-ev10-s127-2026-05-20-12-13-31/gdn-h2-ev10-s127-d123-b64-ga4-fp32-noearly4ep/train_config.json,/home/lyj/mnt/project/zoology/checkpoints/flash-vqg-20260520-gdn-h2-ev10-multiseed-followup-gdn-h2-ev10-s127-2026-05-20-12-13-31/gdn-h2-ev10-s127-d123-b64-ga4-fp32-noearly4ep/train_config.json,be24e72f826e9ec0e4093c8edc8ef05229d7c7c546a0e9815bce72b134b2da3c,sha256:7959dd3001a4fb28ed4a6981edb24a793f35fe3900ee295c9ff42d08928d0850,last.pt_epoch4_final,checkpoints/flash-vqg-20260520-gdn-h2-ev10-multiseed-followup-gdn-h2-ev10-s127-2026-05-20-12-13-31/gdn-h2-ev10-s127-d123-b64-ga4-fp32-noearly4ep/last.pt,/home/lyj/mnt/project/zoology/checkpoints/flash-vqg-20260520-gdn-h2-ev10-multiseed-followup-gdn-h2-ev10-s127-2026-05-20-12-13-31/gdn-h2-ev10-s127-d123-b64-ga4-fp32-noearly4ep/last.pt,true,7959dd3001a4fb28ed4a6981edb24a793f35fe3900ee295c9ff42d08928d0850,9942975,2026-05-20T12:21:41.615609+00:00,3,,0.29440808296203613,0.9793193359375,0.83834375,1434630,81920,81920,mqar-vocab8192-pass1-seed123-rnq1-power0.01-4096x1024-n32,multiquery_ar,8192,4096,1024,1,32,32,true,123,true,0.01,,,completed,4096x1024,4096,1024,32,32;16;8;4;2;1,32,8207.60009765625,,same_gpu_same_dtype_same_runner_only,true,0,0,NVIDIA GeForce RTX 2080 Ti,11264,7.5,GPU-57c29499-bcb3-27f6-4360-e60939528a9b,2.6.0+cu118,11.8,550.120,float32,float32,b64_ga4_fp32_official,NVIDIA_GeForce_RTX_2080_Ti-11264MiB-cc7.5-driver550.120-torch2.6.0+cu118-cuda11.8,7.46019172668457,0.06744384765625,7.46019172668457,0.06744384765625,35.85392498970032,00:00:35,8207.60009765625,8207.60009765625,8288.0,NVIDIA_GeForce_RTX_2080_Ti-11264MiB-cc7.5-driver550.120-torch2.6.0+cu118-cuda11.8,measured_current_host,0,0,NVIDIA GeForce RTX 2080 Ti,11264,7.5,GPU-57c29499-bcb3-27f6-4360-e60939528a9b,2.6.0+cu118,11.8,550.120,8eb730be36bbb0876ed83a332d364c65acb36b28,8eb730be36bbb0876ed83a332d364c65acb36b28,811e1ce5f140e97d93ad6f1adae07b95b4219143,docs/artifacts/longer-mqar/official-core-20260526,docs/artifacts/20260520-gdn-h2-ev10-multiseed-followup/gdn-h2-ev10-final.csv,tmp/20260526-longer-mqar-official-core/logs/batch-search-candidate-gdn-h2-ev10-s127-d123-b64-ga4-fp32-noearly4ep-4096x1024-n32-b32-gpu0.log,,,,123,55274181d24158d3fe53491784d87fabe3a981427663df2ac8ed40876e72a1b8,"sha256(inputs,labels)",32x4096,32x4096,32,torch.int64/torch.int64,7959dd3001a4fb28ed4a6981edb24a793f35fe3900ee295c9ff42d08928d0850,sha256,passed,true,,,,
2,20260526-longer-mqar-official-core:repro:gdn-h2-ev16-s125-d123-b64-ga4-fp32-noearly4ep:1024x256:n500,20260526-longer-mqar-official-core:repro:gdn-h2-ev16-s125-d123-b64-ga4-fp32-noearly4ep:1024x256:n500,20260526-longer-mqar-official-core,longer_mqar_eval_only,longer_mqar_eval_only_vocab8192_official_core_20260526,repro,completed,2026-05-25T22:39:00.585359+00:00,gdn,gdn-h2-ev16-s125-d123-b64-ga4-fp32-noearly4ep,gdn_capacity_layout_followup_candidate,gdn-h2-ev16-usegate0-s125-d123,b64_ga4_fp32_official,b64_ga4_fp32_official,official_gdn_capacity_layout_followup_b64_ga4_fp32,64,16,4,256,b64_ga4,float32,float32,float32,float32,float32,float32,125,123,gdn-h2-ev16-usegate0,gdn-h2-ev16-usegate0-s125-d123,,,2,16,false,true,4,4,4,2,true,checkpoints/flash-vqg-20260520-gdn-capacity-layout-followup-gdn-h2-ev16-s125-2026-05-20-07-41-56/gdn-h2-ev16-s125-d123-b64-ga4-fp32-noearly4ep/train_config.json,/home/lyj/mnt/project/zoology/checkpoints/flash-vqg-20260520-gdn-capacity-layout-followup-gdn-h2-ev16-s125-2026-05-20-07-41-56/gdn-h2-ev16-s125-d123-b64-ga4-fp32-noearly4ep/train_config.json,b009d286cc10a3a379c60fdf09a7e5a40b7b0a61123d9c406c12a16d6e74855b,sha256:6c6c7f20081a8f048a61737e2613ad9de5d90c0d4e6426a470d8fbdd0b61e220,last.pt_epoch4_final,checkpoints/flash-vqg-20260520-gdn-capacity-layout-followup-gdn-h2-ev16-s125-2026-05-20-07-41-56/gdn-h2-ev16-s125-d123-b64-ga4-fp32-noearly4ep/last.pt,/home/lyj/mnt/project/zoology/checkpoints/flash-vqg-20260520-gdn-capacity-layout-followup-gdn-h2-ev16-s125-2026-05-20-07-41-56/gdn-h2-ev16-s125-d123-b64-ga4-fp32-noearly4ep/last.pt,true,6c6c7f20081a8f048a61737e2613ad9de5d90c0d4e6426a470d8fbdd0b61e220,10743231,2026-05-20T07:52:06.310276+00:00,3,,0.27388736605644226,0.980462890625,0.8467578125,1634694,131072,131072,mqar-vocab8192-pass1-seed123-rnq1-power0.01-1024x256-n500,multiquery_ar,8192,1024,256,1,500,32,false,123,true,0.01,,,,,,,,,,,,,,,,,,,,,,,,,,,1.8119698762893677,0.8487734375,1.8119698762893677,0.8487734375,32.15810251235962,00:00:32,2063.1142578125,2063.1142578125,3984.0,NVIDIA_GeForce_RTX_2080_Ti-11264MiB-cc7.5-driver550.120-torch2.6.0+cu118-cuda11.8,measured_current_host,1,1,NVIDIA GeForce RTX 2080 Ti,11264,7.5,GPU-0def3eeb-c2d0-4f49-ec2a-ebc1d8453b98,2.6.0+cu118,11.8,550.120,8eb730be36bbb0876ed83a332d364c65acb36b28,8eb730be36bbb0876ed83a332d364c65acb36b28,811e1ce5f140e97d93ad6f1adae07b95b4219143,docs/artifacts/longer-mqar/official-core-20260526,docs/artifacts/20260520-gdn-capacity-layout-followup/gdn-followup-final.csv,tmp/20260526-longer-mqar-official-core/logs/repro-gdn-h2-ev16-s125-d123-b64-ga4-fp32-noearly4ep-1024x256-n500-b32-gpu1.log,,,,123,f30f1e09e1300deb2e0f430d7c50c47a77f58f43657aa4d6f425f938a91a9acb,"sha256(inputs,labels)",500x1024,500x1024,500,torch.int64/torch.int64,6c6c7f20081a8f048a61737e2613ad9de5d90c0d4e6426a470d8fbdd0b61e220,sha256,passed,true,20260526-longer-mqar-official-core:formal:gdn-h2-ev16-s125-d123-b64-ga4-fp32-noearly4ep:1024x256:n500,true,0.0,true
2,20260526-longer-mqar-official-core:batch_search:gdn-h2-ev10-s124-d123-b64-ga4-fp32-noearly4ep:1024x256:n32,20260526-longer-mqar-official-core:batch_search:gdn-h2-ev10-s124-d123-b64-ga4-fp32-noearly4ep:1024x256:n32,20260526-longer-mqar-official-core,longer_mqar_eval_only,longer_mqar_eval_only_vocab8192_official_core_20260526,batch_search,completed,2026-05-25T22:39:24.535349+00:00,gdn,gdn-h2-ev10-s124-d123-b64-ga4-fp32-noearly4ep,h2_ev10_multiseed_candidate,gdn-h2-ev10-usegate0-s124-d123,b64_ga4_fp32_official,b64_ga4_fp32_official,official_gdn_h2_ev10_multiseed_followup_b64_ga4_fp32,64,16,4,256,b64_ga4,float32,float32,float32,float32,float32,float32,124,123,gdn-h2-ev10-usegate0,gdn-h2-ev10-usegate0-s124-d123,,,2,10,false,true,4,4,4,2,true,checkpoints/flash-vqg-20260520-gdn-h2-ev10-multiseed-followup-gdn-h2-ev10-s124-2026-05-20-12-05-09/gdn-h2-ev10-s124-d123-b64-ga4-fp32-noearly4ep/train_config.json,/home/lyj/mnt/project/zoology/checkpoints/flash-vqg-20260520-gdn-h2-ev10-multiseed-followup-gdn-h2-ev10-s124-2026-05-20-12-05-09/gdn-h2-ev10-s124-d123-b64-ga4-fp32-noearly4ep/train_config.json,95cb76517a1191c9ed43d85568b7eb5abfad5d5a589e170781627082223e567c,sha256:eb166ed3ddbf62bba916ba22c83217f959206c6a5eea51123ef20d9577e52d52,last.pt_epoch4_final,checkpoints/flash-vqg-20260520-gdn-h2-ev10-multiseed-followup-gdn-h2-ev10-s124-2026-05-20-12-05-09/gdn-h2-ev10-s124-d123-b64-ga4-fp32-noearly4ep/last.pt,/home/lyj/mnt/project/zoology/checkpoints/flash-vqg-20260520-gdn-h2-ev10-multiseed-followup-gdn-h2-ev10-s124-2026-05-20-12-05-09/gdn-h2-ev10-s124-d123-b64-ga4-fp32-noearly4ep/last.pt,true,eb166ed3ddbf62bba916ba22c83217f959206c6a5eea51123ef20d9577e52d52,9942975,2026-05-20T12:21:35.831556+00:00,3,,0.28105682134628296,0.97934130859375,0.83710546875,1434630,81920,81920,mqar-vocab8192-pass1-seed123-rnq1-power0.01-1024x256-n32,multiquery_ar,8192,1024,256,1,32,32,true,123,true,0.01,,,completed,1024x256,1024,256,32,32;16;8;4;2;1,32,2062.10009765625,,same_gpu_same_dtype_same_runner_only,true,1,1,NVIDIA GeForce RTX 2080 Ti,11264,7.5,GPU-0def3eeb-c2d0-4f49-ec2a-ebc1d8453b98,2.6.0+cu118,11.8,550.120,float32,float32,b64_ga4_fp32_official,NVIDIA_GeForce_RTX_2080_Ti-11264MiB-cc7.5-driver550.120-torch2.6.0+cu118-cuda11.8,1.8735220432281494,0.8380126953125,1.8735220432281494,0.8380126953125,23.057758569717407,00:00:23,2062.10009765625,2062.10009765625,3534.0,NVIDIA_GeForce_RTX_2080_Ti-11264MiB-cc7.5-driver550.120-torch2.6.0+cu118-cuda11.8,measured_current_host,1,1,NVIDIA GeForce RTX 2080 Ti,11264,7.5,GPU-0def3eeb-c2d0-4f49-ec2a-ebc1d8453b98,2.6.0+cu118,11.8,550.120,8eb730be36bbb0876ed83a332d364c65acb36b28,8eb730be36bbb0876ed83a332d364c65acb36b28,811e1ce5f140e97d93ad6f1adae07b95b4219143,docs/artifacts/longer-mqar/official-core-20260526,docs/artifacts/20260520-gdn-h2-ev10-multiseed-followup/gdn-h2-ev10-final.csv,tmp/20260526-longer-mqar-official-core/logs/batch-search-candidate-gdn-h2-ev10-s124-d123-b64-ga4-fp32-noearly4ep-1024x256-n32-b32-gpu1.log,,,,123,68500f1bc9fdc7ff4edc301ab7303d253d578a27cbbbf7613c74e3e6a04cc9f3,"sha256(inputs,labels)",32x1024,32x1024,32,torch.int64/torch.int64,eb166ed3ddbf62bba916ba22c83217f959206c6a5eea51123ef20d9577e52d52,sha256,passed,true,,,,
2,20260526-longer-mqar-official-core:batch_search:gdn-h2-ev10-s124-d123-b64-ga4-fp32-noearly4ep:2048x512:n32,20260526-longer-mqar-official-core:batch_search:gdn-h2-ev10-s124-d123-b64-ga4-fp32-noearly4ep:2048x512:n32,20260526-longer-mqar-official-core,longer_mqar_eval_only,longer_mqar_eval_only_vocab8192_official_core_20260526,batch_search,completed,2026-05-25T22:39:51.254967+00:00,gdn,gdn-h2-ev10-s124-d123-b64-ga4-fp32-noearly4ep,h2_ev10_multiseed_candidate,gdn-h2-ev10-usegate0-s124-d123,b64_ga4_fp32_official,b64_ga4_fp32_official,official_gdn_h2_ev10_multiseed_followup_b64_ga4_fp32,64,16,4,256,b64_ga4,float32,float32,float32,float32,float32,float32,124,123,gdn-h2-ev10-usegate0,gdn-h2-ev10-usegate0-s124-d123,,,2,10,false,true,4,4,4,2,true,checkpoints/flash-vqg-20260520-gdn-h2-ev10-multiseed-followup-gdn-h2-ev10-s124-2026-05-20-12-05-09/gdn-h2-ev10-s124-d123-b64-ga4-fp32-noearly4ep/train_config.json,/home/lyj/mnt/project/zoology/checkpoints/flash-vqg-20260520-gdn-h2-ev10-multiseed-followup-gdn-h2-ev10-s124-2026-05-20-12-05-09/gdn-h2-ev10-s124-d123-b64-ga4-fp32-noearly4ep/train_config.json,95cb76517a1191c9ed43d85568b7eb5abfad5d5a589e170781627082223e567c,sha256:eb166ed3ddbf62bba916ba22c83217f959206c6a5eea51123ef20d9577e52d52,last.pt_epoch4_final,checkpoints/flash-vqg-20260520-gdn-h2-ev10-multiseed-followup-gdn-h2-ev10-s124-2026-05-20-12-05-09/gdn-h2-ev10-s124-d123-b64-ga4-fp32-noearly4ep/last.pt,/home/lyj/mnt/project/zoology/checkpoints/flash-vqg-20260520-gdn-h2-ev10-multiseed-followup-gdn-h2-ev10-s124-2026-05-20-12-05-09/gdn-h2-ev10-s124-d123-b64-ga4-fp32-noearly4ep/last.pt,true,eb166ed3ddbf62bba916ba22c83217f959206c6a5eea51123ef20d9577e52d52,9942975,2026-05-20T12:21:35.831556+00:00,3,,0.28105682134628296,0.97934130859375,0.83710546875,1434630,81920,81920,mqar-vocab8192-pass1-seed123-rnq1-power0.01-2048x512-n32,multiquery_ar,8192,2048,512,1,32,32,true,123,true,0.01,,,completed,2048x512,2048,512,32,32;16;8;4;2;1,32,4110.60009765625,,same_gpu_same_dtype_same_runner_only,true,1,1,NVIDIA GeForce RTX 2080 Ti,11264,7.5,GPU-0def3eeb-c2d0-4f49-ec2a-ebc1d8453b98,2.6.0+cu118,11.8,550.120,float32,float32,b64_ga4_fp32_official,NVIDIA_GeForce_RTX_2080_Ti-11264MiB-cc7.5-driver550.120-torch2.6.0+cu118-cuda11.8,4.657050132751465,0.37322998046875,4.657050132751465,0.37322998046875,25.859641313552856,00:00:25,4110.60009765625,4110.60009765625,6460.0,NVIDIA_GeForce_RTX_2080_Ti-11264MiB-cc7.5-driver550.120-torch2.6.0+cu118-cuda11.8,measured_current_host,1,1,NVIDIA GeForce RTX 2080 Ti,11264,7.5,GPU-0def3eeb-c2d0-4f49-ec2a-ebc1d8453b98,2.6.0+cu118,11.8,550.120,8eb730be36bbb0876ed83a332d364c65acb36b28,8eb730be36bbb0876ed83a332d364c65acb36b28,811e1ce5f140e97d93ad6f1adae07b95b4219143,docs/artifacts/longer-mqar/official-core-20260526,docs/artifacts/20260520-gdn-h2-ev10-multiseed-followup/gdn-h2-ev10-final.csv,tmp/20260526-longer-mqar-official-core/logs/batch-search-candidate-gdn-h2-ev10-s124-d123-b64-ga4-fp32-noearly4ep-2048x512-n32-b32-gpu1.log,,,,123,34ea18c38dae38e2860b711425f27d090597975373a954d128324e3a04dcb012,"sha256(inputs,labels)",32x2048,32x2048,32,torch.int64/torch.int64,eb166ed3ddbf62bba916ba22c83217f959206c6a5eea51123ef20d9577e52d52,sha256,passed,true,,,,
2,20260526-longer-mqar-official-core:batch_search:gdn-h2-ev10-s127-d123-b64-ga4-fp32-noearly4ep:8190x512:n32,20260526-longer-mqar-official-core:batch_search:gdn-h2-ev10-s127-d123-b64-ga4-fp32-noearly4ep:8190x512:n32,20260526-longer-mqar-official-core,longer_mqar_eval_only,longer_mqar_eval_only_vocab8192_official_core_20260526,batch_search,completed,2026-05-25T22:40:15.173658+00:00,gdn,gdn-h2-ev10-s127-d123-b64-ga4-fp32-noearly4ep,h2_ev10_multiseed_candidate,gdn-h2-ev10-usegate0-s127-d123,b64_ga4_fp32_official,b64_ga4_fp32_official,official_gdn_h2_ev10_multiseed_followup_b64_ga4_fp32,64,16,4,256,b64_ga4,float32,float32,float32,float32,float32,float32,127,123,gdn-h2-ev10-usegate0,gdn-h2-ev10-usegate0-s127-d123,,,2,10,false,true,4,4,4,2,true,checkpoints/flash-vqg-20260520-gdn-h2-ev10-multiseed-followup-gdn-h2-ev10-s127-2026-05-20-12-13-31/gdn-h2-ev10-s127-d123-b64-ga4-fp32-noearly4ep/train_config.json,/home/lyj/mnt/project/zoology/checkpoints/flash-vqg-20260520-gdn-h2-ev10-multiseed-followup-gdn-h2-ev10-s127-2026-05-20-12-13-31/gdn-h2-ev10-s127-d123-b64-ga4-fp32-noearly4ep/train_config.json,be24e72f826e9ec0e4093c8edc8ef05229d7c7c546a0e9815bce72b134b2da3c,sha256:7959dd3001a4fb28ed4a6981edb24a793f35fe3900ee295c9ff42d08928d0850,last.pt_epoch4_final,checkpoints/flash-vqg-20260520-gdn-h2-ev10-multiseed-followup-gdn-h2-ev10-s127-2026-05-20-12-13-31/gdn-h2-ev10-s127-d123-b64-ga4-fp32-noearly4ep/last.pt,/home/lyj/mnt/project/zoology/checkpoints/flash-vqg-20260520-gdn-h2-ev10-multiseed-followup-gdn-h2-ev10-s127-2026-05-20-12-13-31/gdn-h2-ev10-s127-d123-b64-ga4-fp32-noearly4ep/last.pt,true,7959dd3001a4fb28ed4a6981edb24a793f35fe3900ee295c9ff42d08928d0850,9942975,2026-05-20T12:21:41.615609+00:00,3,,0.29440808296203613,0.9793193359375,0.83834375,1434630,81920,81920,mqar-vocab8192-pass1-seed123-rnq1-power0.01-8190x512-n32,multiquery_ar,8192,8190,512,1,32,16,true,123,true,0.01,,,completed,8190x512,8190,512,32,32;16;8;4;2;1,16,8208.60107421875,"b32:oom:oom:torch.OutOfMemoryError: CUDA out of memory. Tried to allocate 8.00 GiB. GPU 0 has a total capacity of 10.74 GiB of which 1.90 GiB is free. Process 1234263 has 8.82 GiB memory in use. Of the allocated memory 8.02 GiB is allocated by PyTorch, and 4.40 MiB is reserved by PyTorch but unallocated. If reserved but unallocated memory is large try setting PYTORCH_CUDA_ALLOC_CONF=expandable_segments:True to avoid fragmentation.  See documentation for Memory Management  (https://pytorch.org/docs/stable/notes/cuda.html#environment-variables)",same_gpu_same_dtype_same_runner_only,true,0,0,NVIDIA GeForce RTX 2080 Ti,11264,7.5,GPU-57c29499-bcb3-27f6-4360-e60939528a9b,2.6.0+cu118,11.8,550.120,float32,float32,b64_ga4_fp32_official,NVIDIA_GeForce_RTX_2080_Ti-11264MiB-cc7.5-driver550.120-torch2.6.0+cu118-cuda11.8,5.922741413116455,0.21331787109375,5.922741413116455,0.21331787109375,35.52718710899353,00:00:35,8208.60107421875,8208.60107421875,8286.0,NVIDIA_GeForce_RTX_2080_Ti-11264MiB-cc7.5-driver550.120-torch2.6.0+cu118-cuda11.8,measured_current_host,0,0,NVIDIA GeForce RTX 2080 Ti,11264,7.5,GPU-57c29499-bcb3-27f6-4360-e60939528a9b,2.6.0+cu118,11.8,550.120,8eb730be36bbb0876ed83a332d364c65acb36b28,8eb730be36bbb0876ed83a332d364c65acb36b28,811e1ce5f140e97d93ad6f1adae07b95b4219143,docs/artifacts/longer-mqar/official-core-20260526,docs/artifacts/20260520-gdn-h2-ev10-multiseed-followup/gdn-h2-ev10-final.csv,tmp/20260526-longer-mqar-official-core/logs/batch-search-candidate-gdn-h2-ev10-s127-d123-b64-ga4-fp32-noearly4ep-8190x512-n32-b16-gpu0.log,,,,123,23d7ffc7467f8e355ec7cb4c739cf5494449c559427d204883d63d7dca4f4351,"sha256(inputs,labels)",32x8190,32x8190,32,torch.int64/torch.int64,7959dd3001a4fb28ed4a6981edb24a793f35fe3900ee295c9ff42d08928d0850,sha256,passed,true,,,,
2,20260526-longer-mqar-official-core:batch_search:gdn-h2-ev10-s124-d123-b64-ga4-fp32-noearly4ep:4096x1024:n32,20260526-longer-mqar-official-core:batch_search:gdn-h2-ev10-s124-d123-b64-ga4-fp32-noearly4ep:4096x1024:n32,20260526-longer-mqar-official-core,longer_mqar_eval_only,longer_mqar_eval_only_vocab8192_official_core_20260526,batch_search,completed,2026-05-25T22:40:23.584324+00:00,gdn,gdn-h2-ev10-s124-d123-b64-ga4-fp32-noearly4ep,h2_ev10_multiseed_candidate,gdn-h2-ev10-usegate0-s124-d123,b64_ga4_fp32_official,b64_ga4_fp32_official,official_gdn_h2_ev10_multiseed_followup_b64_ga4_fp32,64,16,4,256,b64_ga4,float32,float32,float32,float32,float32,float32,124,123,gdn-h2-ev10-usegate0,gdn-h2-ev10-usegate0-s124-d123,,,2,10,false,true,4,4,4,2,true,checkpoints/flash-vqg-20260520-gdn-h2-ev10-multiseed-followup-gdn-h2-ev10-s124-2026-05-20-12-05-09/gdn-h2-ev10-s124-d123-b64-ga4-fp32-noearly4ep/train_config.json,/home/lyj/mnt/project/zoology/checkpoints/flash-vqg-20260520-gdn-h2-ev10-multiseed-followup-gdn-h2-ev10-s124-2026-05-20-12-05-09/gdn-h2-ev10-s124-d123-b64-ga4-fp32-noearly4ep/train_config.json,95cb76517a1191c9ed43d85568b7eb5abfad5d5a589e170781627082223e567c,sha256:eb166ed3ddbf62bba916ba22c83217f959206c6a5eea51123ef20d9577e52d52,last.pt_epoch4_final,checkpoints/flash-vqg-20260520-gdn-h2-ev10-multiseed-followup-gdn-h2-ev10-s124-2026-05-20-12-05-09/gdn-h2-ev10-s124-d123-b64-ga4-fp32-noearly4ep/last.pt,/home/lyj/mnt/project/zoology/checkpoints/flash-vqg-20260520-gdn-h2-ev10-multiseed-followup-gdn-h2-ev10-s124-2026-05-20-12-05-09/gdn-h2-ev10-s124-d123-b64-ga4-fp32-noearly4ep/last.pt,true,eb166ed3ddbf62bba916ba22c83217f959206c6a5eea51123ef20d9577e52d52,9942975,2026-05-20T12:21:35.831556+00:00,3,,0.28105682134628296,0.97934130859375,0.83710546875,1434630,81920,81920,mqar-vocab8192-pass1-seed123-rnq1-power0.01-4096x1024-n32,multiquery_ar,8192,4096,1024,1,32,32,true,123,true,0.01,,,completed,4096x1024,4096,1024,32,32;16;8;4;2;1,32,8207.60009765625,,same_gpu_same_dtype_same_runner_only,true,1,1,NVIDIA GeForce RTX 2080 Ti,11264,7.5,GPU-0def3eeb-c2d0-4f49-ec2a-ebc1d8453b98,2.6.0+cu118,11.8,550.120,float32,float32,b64_ga4_fp32_official,NVIDIA_GeForce_RTX_2080_Ti-11264MiB-cc7.5-driver550.120-torch2.6.0+cu118-cuda11.8,7.384795665740967,0.10784912109375,7.384795665740967,0.10784912109375,31.457630157470703,00:00:31,8207.60009765625,8207.60009765625,8288.0,NVIDIA_GeForce_RTX_2080_Ti-11264MiB-cc7.5-driver550.120-torch2.6.0+cu118-cuda11.8,measured_current_host,1,1,NVIDIA GeForce RTX 2080 Ti,11264,7.5,GPU-0def3eeb-c2d0-4f49-ec2a-ebc1d8453b98,2.6.0+cu118,11.8,550.120,8eb730be36bbb0876ed83a332d364c65acb36b28,8eb730be36bbb0876ed83a332d364c65acb36b28,811e1ce5f140e97d93ad6f1adae07b95b4219143,docs/artifacts/longer-mqar/official-core-20260526,docs/artifacts/20260520-gdn-h2-ev10-multiseed-followup/gdn-h2-ev10-final.csv,tmp/20260526-longer-mqar-official-core/logs/batch-search-candidate-gdn-h2-ev10-s124-d123-b64-ga4-fp32-noearly4ep-4096x1024-n32-b32-gpu1.log,,,,123,55274181d24158d3fe53491784d87fabe3a981427663df2ac8ed40876e72a1b8,"sha256(inputs,labels)",32x4096,32x4096,32,torch.int64/torch.int64,eb166ed3ddbf62bba916ba22c83217f959206c6a5eea51123ef20d9577e52d52,sha256,passed,true,,,,
2,20260526-longer-mqar-official-core:batch_search:gdn-h2-ev10-s124-d123-b64-ga4-fp32-noearly4ep:8190x512:n32,20260526-longer-mqar-official-core:batch_search:gdn-h2-ev10-s124-d123-b64-ga4-fp32-noearly4ep:8190x512:n32,20260526-longer-mqar-official-core,longer_mqar_eval_only,longer_mqar_eval_only_vocab8192_official_core_20260526,batch_search,completed,2026-05-25T22:41:40.701538+00:00,gdn,gdn-h2-ev10-s124-d123-b64-ga4-fp32-noearly4ep,h2_ev10_multiseed_candidate,gdn-h2-ev10-usegate0-s124-d123,b64_ga4_fp32_official,b64_ga4_fp32_official,official_gdn_h2_ev10_multiseed_followup_b64_ga4_fp32,64,16,4,256,b64_ga4,float32,float32,float32,float32,float32,float32,124,123,gdn-h2-ev10-usegate0,gdn-h2-ev10-usegate0-s124-d123,,,2,10,false,true,4,4,4,2,true,checkpoints/flash-vqg-20260520-gdn-h2-ev10-multiseed-followup-gdn-h2-ev10-s124-2026-05-20-12-05-09/gdn-h2-ev10-s124-d123-b64-ga4-fp32-noearly4ep/train_config.json,/home/lyj/mnt/project/zoology/checkpoints/flash-vqg-20260520-gdn-h2-ev10-multiseed-followup-gdn-h2-ev10-s124-2026-05-20-12-05-09/gdn-h2-ev10-s124-d123-b64-ga4-fp32-noearly4ep/train_config.json,95cb76517a1191c9ed43d85568b7eb5abfad5d5a589e170781627082223e567c,sha256:eb166ed3ddbf62bba916ba22c83217f959206c6a5eea51123ef20d9577e52d52,last.pt_epoch4_final,checkpoints/flash-vqg-20260520-gdn-h2-ev10-multiseed-followup-gdn-h2-ev10-s124-2026-05-20-12-05-09/gdn-h2-ev10-s124-d123-b64-ga4-fp32-noearly4ep/last.pt,/home/lyj/mnt/project/zoology/checkpoints/flash-vqg-20260520-gdn-h2-ev10-multiseed-followup-gdn-h2-ev10-s124-2026-05-20-12-05-09/gdn-h2-ev10-s124-d123-b64-ga4-fp32-noearly4ep/last.pt,true,eb166ed3ddbf62bba916ba22c83217f959206c6a5eea51123ef20d9577e52d52,9942975,2026-05-20T12:21:35.831556+00:00,3,,0.28105682134628296,0.97934130859375,0.83710546875,1434630,81920,81920,mqar-vocab8192-pass1-seed123-rnq1-power0.01-8190x512-n32,multiquery_ar,8192,8190,512,1,32,16,true,123,true,0.01,,,completed,8190x512,8190,512,32,32;16;8;4;2;1,16,8208.60107421875,"b32:oom:oom:torch.OutOfMemoryError: CUDA out of memory. Tried to allocate 8.00 GiB. GPU 0 has a total capacity of 10.75 GiB of which 1.92 GiB is free. Process 1234701 has 8.82 GiB memory in use. Of the allocated memory 8.02 GiB is allocated by PyTorch, and 4.40 MiB is reserved by PyTorch but unallocated. If reserved but unallocated memory is large try setting PYTORCH_CUDA_ALLOC_CONF=expandable_segments:True to avoid fragmentation.  See documentation for Memory Management  (https://pytorch.org/docs/stable/notes/cuda.html#environment-variables)",same_gpu_same_dtype_same_runner_only,true,1,1,NVIDIA GeForce RTX 2080 Ti,11264,7.5,GPU-0def3eeb-c2d0-4f49-ec2a-ebc1d8453b98,2.6.0+cu118,11.8,550.120,float32,float32,b64_ga4_fp32_official,NVIDIA_GeForce_RTX_2080_Ti-11264MiB-cc7.5-driver550.120-torch2.6.0+cu118-cuda11.8,5.612354755401611,0.2523193359375,5.612354755401611,0.2523193359375,32.14171886444092,00:00:32,8208.60107421875,8208.60107421875,8286.0,NVIDIA_GeForce_RTX_2080_Ti-11264MiB-cc7.5-driver550.120-torch2.6.0+cu118-cuda11.8,measured_current_host,1,1,NVIDIA GeForce RTX 2080 Ti,11264,7.5,GPU-0def3eeb-c2d0-4f49-ec2a-ebc1d8453b98,2.6.0+cu118,11.8,550.120,8eb730be36bbb0876ed83a332d364c65acb36b28,8eb730be36bbb0876ed83a332d364c65acb36b28,811e1ce5f140e97d93ad6f1adae07b95b4219143,docs/artifacts/longer-mqar/official-core-20260526,docs/artifacts/20260520-gdn-h2-ev10-multiseed-followup/gdn-h2-ev10-final.csv,tmp/20260526-longer-mqar-official-core/logs/batch-search-candidate-gdn-h2-ev10-s124-d123-b64-ga4-fp32-noearly4ep-8190x512-n32-b16-gpu1.log,,,,123,23d7ffc7467f8e355ec7cb4c739cf5494449c559427d204883d63d7dca4f4351,"sha256(inputs,labels)",32x8190,32x8190,32,torch.int64/torch.int64,eb166ed3ddbf62bba916ba22c83217f959206c6a5eea51123ef20d9577e52d52,sha256,passed,true,,,,
2,20260526-longer-mqar-official-core:batch_search:gdn-h2-ev10-s127-d123-b64-ga4-fp32-noearly4ep:8190x2047:n32,20260526-longer-mqar-official-core:batch_search:gdn-h2-ev10-s127-d123-b64-ga4-fp32-noearly4ep:8190x2047:n32,20260526-longer-mqar-official-core,longer_mqar_eval_only,longer_mqar_eval_only_vocab8192_official_core_20260526,batch_search,completed,2026-05-25T22:41:46.069534+00:00,gdn,gdn-h2-ev10-s127-d123-b64-ga4-fp32-noearly4ep,h2_ev10_multiseed_candidate,gdn-h2-ev10-usegate0-s127-d123,b64_ga4_fp32_official,b64_ga4_fp32_official,official_gdn_h2_ev10_multiseed_followup_b64_ga4_fp32,64,16,4,256,b64_ga4,float32,float32,float32,float32,float32,float32,127,123,gdn-h2-ev10-usegate0,gdn-h2-ev10-usegate0-s127-d123,,,2,10,false,true,4,4,4,2,true,checkpoints/flash-vqg-20260520-gdn-h2-ev10-multiseed-followup-gdn-h2-ev10-s127-2026-05-20-12-13-31/gdn-h2-ev10-s127-d123-b64-ga4-fp32-noearly4ep/train_config.json,/home/lyj/mnt/project/zoology/checkpoints/flash-vqg-20260520-gdn-h2-ev10-multiseed-followup-gdn-h2-ev10-s127-2026-05-20-12-13-31/gdn-h2-ev10-s127-d123-b64-ga4-fp32-noearly4ep/train_config.json,be24e72f826e9ec0e4093c8edc8ef05229d7c7c546a0e9815bce72b134b2da3c,sha256:7959dd3001a4fb28ed4a6981edb24a793f35fe3900ee295c9ff42d08928d0850,last.pt_epoch4_final,checkpoints/flash-vqg-20260520-gdn-h2-ev10-multiseed-followup-gdn-h2-ev10-s127-2026-05-20-12-13-31/gdn-h2-ev10-s127-d123-b64-ga4-fp32-noearly4ep/last.pt,/home/lyj/mnt/project/zoology/checkpoints/flash-vqg-20260520-gdn-h2-ev10-multiseed-followup-gdn-h2-ev10-s127-2026-05-20-12-13-31/gdn-h2-ev10-s127-d123-b64-ga4-fp32-noearly4ep/last.pt,true,7959dd3001a4fb28ed4a6981edb24a793f35fe3900ee295c9ff42d08928d0850,9942975,2026-05-20T12:21:41.615609+00:00,3,,0.29440808296203613,0.9793193359375,0.83834375,1434630,81920,81920,mqar-vocab8192-pass1-seed123-rnq1-power0.01-8190x2047-n32,multiquery_ar,8192,8190,2047,1,32,16,true,123,true,0.01,,,completed,8190x2047,8190,2047,32,32;16;8;4;2;1,16,8208.60107421875,"b32:oom:oom:torch.OutOfMemoryError: CUDA out of memory. Tried to allocate 8.00 GiB. GPU 0 has a total capacity of 10.74 GiB of which 1.90 GiB is free. Process 1234629 has 8.82 GiB memory in use. Of the allocated memory 8.02 GiB is allocated by PyTorch, and 4.40 MiB is reserved by PyTorch but unallocated. If reserved but unallocated memory is large try setting PYTORCH_CUDA_ALLOC_CONF=expandable_segments:True to avoid fragmentation.  See documentation for Memory Management  (https://pytorch.org/docs/stable/notes/cuda.html#environment-variables)",same_gpu_same_dtype_same_runner_only,true,0,0,NVIDIA GeForce RTX 2080 Ti,11264,7.5,GPU-57c29499-bcb3-27f6-4360-e60939528a9b,2.6.0+cu118,11.8,550.120,float32,float32,b64_ga4_fp32_official,NVIDIA_GeForce_RTX_2080_Ti-11264MiB-cc7.5-driver550.120-torch2.6.0+cu118-cuda11.8,9.165595054626465,0.005572178798241329,9.165595054626465,0.005572178798241329,36.565277338027954,00:00:36,8208.60107421875,8208.60107421875,8286.0,NVIDIA_GeForce_RTX_2080_Ti-11264MiB-cc7.5-driver550.120-torch2.6.0+cu118-cuda11.8,measured_current_host,0,0,NVIDIA GeForce RTX 2080 Ti,11264,7.5,GPU-57c29499-bcb3-27f6-4360-e60939528a9b,2.6.0+cu118,11.8,550.120,8eb730be36bbb0876ed83a332d364c65acb36b28,8eb730be36bbb0876ed83a332d364c65acb36b28,811e1ce5f140e97d93ad6f1adae07b95b4219143,docs/artifacts/longer-mqar/official-core-20260526,docs/artifacts/20260520-gdn-h2-ev10-multiseed-followup/gdn-h2-ev10-final.csv,tmp/20260526-longer-mqar-official-core/logs/batch-search-candidate-gdn-h2-ev10-s127-d123-b64-ga4-fp32-noearly4ep-8190x2047-n32-b16-gpu0.log,,,,123,70999303f8fadb4cbae8f973c8267ef97a6209a3b8e05f5385a1f26fa38408f5,"sha256(inputs,labels)",32x8190,32x8190,32,torch.int64/torch.int64,7959dd3001a4fb28ed4a6981edb24a793f35fe3900ee295c9ff42d08928d0850,sha256,passed,true,,,,
2,20260526-longer-mqar-official-core:formal:gdn-h2-ev10-s127-d123-b64-ga4-fp32-noearly4ep:1024x256:n500,20260526-longer-mqar-official-core:formal:gdn-h2-ev10-s127-d123-b64-ga4-fp32-noearly4ep:1024x256:n500,20260526-longer-mqar-official-core,longer_mqar_eval_only,longer_mqar_eval_only_vocab8192_official_core_20260526,formal,completed,2026-05-25T22:42:18.817157+00:00,gdn,gdn-h2-ev10-s127-d123-b64-ga4-fp32-noearly4ep,h2_ev10_multiseed_candidate,gdn-h2-ev10-usegate0-s127-d123,b64_ga4_fp32_official,b64_ga4_fp32_official,official_gdn_h2_ev10_multiseed_followup_b64_ga4_fp32,64,16,4,256,b64_ga4,float32,float32,float32,float32,float32,float32,127,123,gdn-h2-ev10-usegate0,gdn-h2-ev10-usegate0-s127-d123,,,2,10,false,true,4,4,4,2,true,checkpoints/flash-vqg-20260520-gdn-h2-ev10-multiseed-followup-gdn-h2-ev10-s127-2026-05-20-12-13-31/gdn-h2-ev10-s127-d123-b64-ga4-fp32-noearly4ep/train_config.json,/home/lyj/mnt/project/zoology/checkpoints/flash-vqg-20260520-gdn-h2-ev10-multiseed-followup-gdn-h2-ev10-s127-2026-05-20-12-13-31/gdn-h2-ev10-s127-d123-b64-ga4-fp32-noearly4ep/train_config.json,be24e72f826e9ec0e4093c8edc8ef05229d7c7c546a0e9815bce72b134b2da3c,sha256:7959dd3001a4fb28ed4a6981edb24a793f35fe3900ee295c9ff42d08928d0850,last.pt_epoch4_final,checkpoints/flash-vqg-20260520-gdn-h2-ev10-multiseed-followup-gdn-h2-ev10-s127-2026-05-20-12-13-31/gdn-h2-ev10-s127-d123-b64-ga4-fp32-noearly4ep/last.pt,/home/lyj/mnt/project/zoology/checkpoints/flash-vqg-20260520-gdn-h2-ev10-multiseed-followup-gdn-h2-ev10-s127-2026-05-20-12-13-31/gdn-h2-ev10-s127-d123-b64-ga4-fp32-noearly4ep/last.pt,true,7959dd3001a4fb28ed4a6981edb24a793f35fe3900ee295c9ff42d08928d0850,9942975,2026-05-20T12:21:41.615609+00:00,3,,0.29440808296203613,0.9793193359375,0.83834375,1434630,81920,81920,mqar-vocab8192-pass1-seed123-rnq1-power0.01-1024x256-n500,multiquery_ar,8192,1024,256,1,500,32,true,123,true,0.01,,,completed,1024x256,1024,256,32,32;16;8;4;2;1,32,2062.10009765625,,same_gpu_same_dtype_same_runner_only,true,0,0,NVIDIA GeForce RTX 2080 Ti,11264,7.5,GPU-57c29499-bcb3-27f6-4360-e60939528a9b,2.6.0+cu118,11.8,550.120,float32,float32,b64_ga4_fp32_official,NVIDIA_GeForce_RTX_2080_Ti-11264MiB-cc7.5-driver550.120-torch2.6.0+cu118-cuda11.8,1.9348037242889404,0.8402890625,1.9348037242889404,0.8402890625,31.90224313735962,00:00:31,2062.35107421875,2062.35107421875,3534.0,NVIDIA_GeForce_RTX_2080_Ti-11264MiB-cc7.5-driver550.120-torch2.6.0+cu118-cuda11.8,measured_current_host,0,0,NVIDIA GeForce RTX 2080 Ti,11264,7.5,GPU-57c29499-bcb3-27f6-4360-e60939528a9b,2.6.0+cu118,11.8,550.120,8eb730be36bbb0876ed83a332d364c65acb36b28,8eb730be36bbb0876ed83a332d364c65acb36b28,811e1ce5f140e97d93ad6f1adae07b95b4219143,docs/artifacts/longer-mqar/official-core-20260526,docs/artifacts/20260520-gdn-h2-ev10-multiseed-followup/gdn-h2-ev10-final.csv,tmp/20260526-longer-mqar-official-core/logs/formal-gdn-h2-ev10-s127-d123-b64-ga4-fp32-noearly4ep-1024x256-n500-b32-gpu0.log,,,,123,f30f1e09e1300deb2e0f430d7c50c47a77f58f43657aa4d6f425f938a91a9acb,"sha256(inputs,labels)",500x1024,500x1024,500,torch.int64/torch.int64,7959dd3001a4fb28ed4a6981edb24a793f35fe3900ee295c9ff42d08928d0850,sha256,passed,true,,,,
2,20260526-longer-mqar-official-core:formal:gdn-h2-ev10-s127-d123-b64-ga4-fp32-noearly4ep:2048x512:n500,20260526-longer-mqar-official-core:formal:gdn-h2-ev10-s127-d123-b64-ga4-fp32-noearly4ep:2048x512:n500,20260526-longer-mqar-official-core,longer_mqar_eval_only,longer_mqar_eval_only_vocab8192_official_core_20260526,formal,completed,2026-05-25T22:42:56.955133+00:00,gdn,gdn-h2-ev10-s127-d123-b64-ga4-fp32-noearly4ep,h2_ev10_multiseed_candidate,gdn-h2-ev10-usegate0-s127-d123,b64_ga4_fp32_official,b64_ga4_fp32_official,official_gdn_h2_ev10_multiseed_followup_b64_ga4_fp32,64,16,4,256,b64_ga4,float32,float32,float32,float32,float32,float32,127,123,gdn-h2-ev10-usegate0,gdn-h2-ev10-usegate0-s127-d123,,,2,10,false,true,4,4,4,2,true,checkpoints/flash-vqg-20260520-gdn-h2-ev10-multiseed-followup-gdn-h2-ev10-s127-2026-05-20-12-13-31/gdn-h2-ev10-s127-d123-b64-ga4-fp32-noearly4ep/train_config.json,/home/lyj/mnt/project/zoology/checkpoints/flash-vqg-20260520-gdn-h2-ev10-multiseed-followup-gdn-h2-ev10-s127-2026-05-20-12-13-31/gdn-h2-ev10-s127-d123-b64-ga4-fp32-noearly4ep/train_config.json,be24e72f826e9ec0e4093c8edc8ef05229d7c7c546a0e9815bce72b134b2da3c,sha256:7959dd3001a4fb28ed4a6981edb24a793f35fe3900ee295c9ff42d08928d0850,last.pt_epoch4_final,checkpoints/flash-vqg-20260520-gdn-h2-ev10-multiseed-followup-gdn-h2-ev10-s127-2026-05-20-12-13-31/gdn-h2-ev10-s127-d123-b64-ga4-fp32-noearly4ep/last.pt,/home/lyj/mnt/project/zoology/checkpoints/flash-vqg-20260520-gdn-h2-ev10-multiseed-followup-gdn-h2-ev10-s127-2026-05-20-12-13-31/gdn-h2-ev10-s127-d123-b64-ga4-fp32-noearly4ep/last.pt,true,7959dd3001a4fb28ed4a6981edb24a793f35fe3900ee295c9ff42d08928d0850,9942975,2026-05-20T12:21:41.615609+00:00,3,,0.29440808296203613,0.9793193359375,0.83834375,1434630,81920,81920,mqar-vocab8192-pass1-seed123-rnq1-power0.01-2048x512-n500,multiquery_ar,8192,2048,512,1,500,32,true,123,true,0.01,,,completed,2048x512,2048,512,32,32;16;8;4;2;1,32,4110.60009765625,,same_gpu_same_dtype_same_runner_only,true,0,0,NVIDIA GeForce RTX 2080 Ti,11264,7.5,GPU-57c29499-bcb3-27f6-4360-e60939528a9b,2.6.0+cu118,11.8,550.120,float32,float32,b64_ga4_fp32_official,NVIDIA_GeForce_RTX_2080_Ti-11264MiB-cc7.5-driver550.120-torch2.6.0+cu118-cuda11.8,4.758200168609619,0.33909765625,4.758200168609619,0.33909765625,37.25631880760193,00:00:37,4111.10107421875,4111.10107421875,6460.0,NVIDIA_GeForce_RTX_2080_Ti-11264MiB-cc7.5-driver550.120-torch2.6.0+cu118-cuda11.8,measured_current_host,0,0,NVIDIA GeForce RTX 2080 Ti,11264,7.5,GPU-57c29499-bcb3-27f6-4360-e60939528a9b,2.6.0+cu118,11.8,550.120,8eb730be36bbb0876ed83a332d364c65acb36b28,8eb730be36bbb0876ed83a332d364c65acb36b28,811e1ce5f140e97d93ad6f1adae07b95b4219143,docs/artifacts/longer-mqar/official-core-20260526,docs/artifacts/20260520-gdn-h2-ev10-multiseed-followup/gdn-h2-ev10-final.csv,tmp/20260526-longer-mqar-official-core/logs/formal-gdn-h2-ev10-s127-d123-b64-ga4-fp32-noearly4ep-2048x512-n500-b32-gpu0.log,,,,123,e446efc9f4dc774377c56c403a468c747870beb18ff0320f15df794dcb69f015,"sha256(inputs,labels)",500x2048,500x2048,500,torch.int64/torch.int64,7959dd3001a4fb28ed4a6981edb24a793f35fe3900ee295c9ff42d08928d0850,sha256,passed,true,,,,
2,20260526-longer-mqar-official-core:batch_search:gdn-h2-ev10-s124-d123-b64-ga4-fp32-noearly4ep:8190x2047:n32,20260526-longer-mqar-official-core:batch_search:gdn-h2-ev10-s124-d123-b64-ga4-fp32-noearly4ep:8190x2047:n32,20260526-longer-mqar-official-core,longer_mqar_eval_only,longer_mqar_eval_only_vocab8192_official_core_20260526,batch_search,completed,2026-05-25T22:42:57.820141+00:00,gdn,gdn-h2-ev10-s124-d123-b64-ga4-fp32-noearly4ep,h2_ev10_multiseed_candidate,gdn-h2-ev10-usegate0-s124-d123,b64_ga4_fp32_official,b64_ga4_fp32_official,official_gdn_h2_ev10_multiseed_followup_b64_ga4_fp32,64,16,4,256,b64_ga4,float32,float32,float32,float32,float32,float32,124,123,gdn-h2-ev10-usegate0,gdn-h2-ev10-usegate0-s124-d123,,,2,10,false,true,4,4,4,2,true,checkpoints/flash-vqg-20260520-gdn-h2-ev10-multiseed-followup-gdn-h2-ev10-s124-2026-05-20-12-05-09/gdn-h2-ev10-s124-d123-b64-ga4-fp32-noearly4ep/train_config.json,/home/lyj/mnt/project/zoology/checkpoints/flash-vqg-20260520-gdn-h2-ev10-multiseed-followup-gdn-h2-ev10-s124-2026-05-20-12-05-09/gdn-h2-ev10-s124-d123-b64-ga4-fp32-noearly4ep/train_config.json,95cb76517a1191c9ed43d85568b7eb5abfad5d5a589e170781627082223e567c,sha256:eb166ed3ddbf62bba916ba22c83217f959206c6a5eea51123ef20d9577e52d52,last.pt_epoch4_final,checkpoints/flash-vqg-20260520-gdn-h2-ev10-multiseed-followup-gdn-h2-ev10-s124-2026-05-20-12-05-09/gdn-h2-ev10-s124-d123-b64-ga4-fp32-noearly4ep/last.pt,/home/lyj/mnt/project/zoology/checkpoints/flash-vqg-20260520-gdn-h2-ev10-multiseed-followup-gdn-h2-ev10-s124-2026-05-20-12-05-09/gdn-h2-ev10-s124-d123-b64-ga4-fp32-noearly4ep/last.pt,true,eb166ed3ddbf62bba916ba22c83217f959206c6a5eea51123ef20d9577e52d52,9942975,2026-05-20T12:21:35.831556+00:00,3,,0.28105682134628296,0.97934130859375,0.83710546875,1434630,81920,81920,mqar-vocab8192-pass1-seed123-rnq1-power0.01-8190x2047-n32,multiquery_ar,8192,8190,2047,1,32,16,true,123,true,0.01,,,completed,8190x2047,8190,2047,32,32;16;8;4;2;1,16,8208.60107421875,"b32:oom:oom:torch.OutOfMemoryError: CUDA out of memory. Tried to allocate 8.00 GiB. GPU 0 has a total capacity of 10.75 GiB of which 1.92 GiB is free. Process 1234916 has 8.82 GiB memory in use. Of the allocated memory 8.02 GiB is allocated by PyTorch, and 4.40 MiB is reserved by PyTorch but unallocated. If reserved but unallocated memory is large try setting PYTORCH_CUDA_ALLOC_CONF=expandable_segments:True to avoid fragmentation.  See documentation for Memory Management  (https://pytorch.org/docs/stable/notes/cuda.html#environment-variables)",same_gpu_same_dtype_same_runner_only,true,1,1,NVIDIA GeForce RTX 2080 Ti,11264,7.5,GPU-0def3eeb-c2d0-4f49-ec2a-ebc1d8453b98,2.6.0+cu118,11.8,550.120,float32,float32,b64_ga4_fp32_official,NVIDIA_GeForce_RTX_2080_Ti-11264MiB-cc7.5-driver550.120-torch2.6.0+cu118-cuda11.8,9.09295654296875,0.012579384465070835,9.09295654296875,0.012579384465070835,31.904768705368042,00:00:31,8208.60107421875,8208.60107421875,8286.0,NVIDIA_GeForce_RTX_2080_Ti-11264MiB-cc7.5-driver550.120-torch2.6.0+cu118-cuda11.8,measured_current_host,1,1,NVIDIA GeForce RTX 2080 Ti,11264,7.5,GPU-0def3eeb-c2d0-4f49-ec2a-ebc1d8453b98,2.6.0+cu118,11.8,550.120,8eb730be36bbb0876ed83a332d364c65acb36b28,8eb730be36bbb0876ed83a332d364c65acb36b28,811e1ce5f140e97d93ad6f1adae07b95b4219143,docs/artifacts/longer-mqar/official-core-20260526,docs/artifacts/20260520-gdn-h2-ev10-multiseed-followup/gdn-h2-ev10-final.csv,tmp/20260526-longer-mqar-official-core/logs/batch-search-candidate-gdn-h2-ev10-s124-d123-b64-ga4-fp32-noearly4ep-8190x2047-n32-b16-gpu1.log,,,,123,70999303f8fadb4cbae8f973c8267ef97a6209a3b8e05f5385a1f26fa38408f5,"sha256(inputs,labels)",32x8190,32x8190,32,torch.int64/torch.int64,eb166ed3ddbf62bba916ba22c83217f959206c6a5eea51123ef20d9577e52d52,sha256,passed,true,,,,
2,20260526-longer-mqar-official-core:formal:gdn-h2-ev10-s124-d123-b64-ga4-fp32-noearly4ep:1024x256:n500,20260526-longer-mqar-official-core:formal:gdn-h2-ev10-s124-d123-b64-ga4-fp32-noearly4ep:1024x256:n500,20260526-longer-mqar-official-core,longer_mqar_eval_only,longer_mqar_eval_only_vocab8192_official_core_20260526,formal,completed,2026-05-25T22:43:29.228617+00:00,gdn,gdn-h2-ev10-s124-d123-b64-ga4-fp32-noearly4ep,h2_ev10_multiseed_candidate,gdn-h2-ev10-usegate0-s124-d123,b64_ga4_fp32_official,b64_ga4_fp32_official,official_gdn_h2_ev10_multiseed_followup_b64_ga4_fp32,64,16,4,256,b64_ga4,float32,float32,float32,float32,float32,float32,124,123,gdn-h2-ev10-usegate0,gdn-h2-ev10-usegate0-s124-d123,,,2,10,false,true,4,4,4,2,true,checkpoints/flash-vqg-20260520-gdn-h2-ev10-multiseed-followup-gdn-h2-ev10-s124-2026-05-20-12-05-09/gdn-h2-ev10-s124-d123-b64-ga4-fp32-noearly4ep/train_config.json,/home/lyj/mnt/project/zoology/checkpoints/flash-vqg-20260520-gdn-h2-ev10-multiseed-followup-gdn-h2-ev10-s124-2026-05-20-12-05-09/gdn-h2-ev10-s124-d123-b64-ga4-fp32-noearly4ep/train_config.json,95cb76517a1191c9ed43d85568b7eb5abfad5d5a589e170781627082223e567c,sha256:eb166ed3ddbf62bba916ba22c83217f959206c6a5eea51123ef20d9577e52d52,last.pt_epoch4_final,checkpoints/flash-vqg-20260520-gdn-h2-ev10-multiseed-followup-gdn-h2-ev10-s124-2026-05-20-12-05-09/gdn-h2-ev10-s124-d123-b64-ga4-fp32-noearly4ep/last.pt,/home/lyj/mnt/project/zoology/checkpoints/flash-vqg-20260520-gdn-h2-ev10-multiseed-followup-gdn-h2-ev10-s124-2026-05-20-12-05-09/gdn-h2-ev10-s124-d123-b64-ga4-fp32-noearly4ep/last.pt,true,eb166ed3ddbf62bba916ba22c83217f959206c6a5eea51123ef20d9577e52d52,9942975,2026-05-20T12:21:35.831556+00:00,3,,0.28105682134628296,0.97934130859375,0.83710546875,1434630,81920,81920,mqar-vocab8192-pass1-seed123-rnq1-power0.01-1024x256-n500,multiquery_ar,8192,1024,256,1,500,32,true,123,true,0.01,,,completed,1024x256,1024,256,32,32;16;8;4;2;1,32,2062.10009765625,,same_gpu_same_dtype_same_runner_only,true,1,1,NVIDIA GeForce RTX 2080 Ti,11264,7.5,GPU-0def3eeb-c2d0-4f49-ec2a-ebc1d8453b98,2.6.0+cu118,11.8,550.120,float32,float32,b64_ga4_fp32_official,NVIDIA_GeForce_RTX_2080_Ti-11264MiB-cc7.5-driver550.120-torch2.6.0+cu118-cuda11.8,1.8707407712936401,0.8379296875,1.8707407712936401,0.8379296875,30.530595302581787,00:00:30,2062.35107421875,2062.35107421875,3534.0,NVIDIA_GeForce_RTX_2080_Ti-11264MiB-cc7.5-driver550.120-torch2.6.0+cu118-cuda11.8,measured_current_host,1,1,NVIDIA GeForce RTX 2080 Ti,11264,7.5,GPU-0def3eeb-c2d0-4f49-ec2a-ebc1d8453b98,2.6.0+cu118,11.8,550.120,8eb730be36bbb0876ed83a332d364c65acb36b28,8eb730be36bbb0876ed83a332d364c65acb36b28,811e1ce5f140e97d93ad6f1adae07b95b4219143,docs/artifacts/longer-mqar/official-core-20260526,docs/artifacts/20260520-gdn-h2-ev10-multiseed-followup/gdn-h2-ev10-final.csv,tmp/20260526-longer-mqar-official-core/logs/formal-gdn-h2-ev10-s124-d123-b64-ga4-fp32-noearly4ep-1024x256-n500-b32-gpu1.log,,,,123,f30f1e09e1300deb2e0f430d7c50c47a77f58f43657aa4d6f425f938a91a9acb,"sha256(inputs,labels)",500x1024,500x1024,500,torch.int64/torch.int64,eb166ed3ddbf62bba916ba22c83217f959206c6a5eea51123ef20d9577e52d52,sha256,passed,true,,,,
2,20260526-longer-mqar-official-core:formal:gdn-h2-ev10-s127-d123-b64-ga4-fp32-noearly4ep:4096x1024:n500,20260526-longer-mqar-official-core:formal:gdn-h2-ev10-s127-d123-b64-ga4-fp32-noearly4ep:4096x1024:n500,20260526-longer-mqar-official-core,longer_mqar_eval_only,longer_mqar_eval_only_vocab8192_official_core_20260526,formal,completed,2026-05-25T22:43:46.451735+00:00,gdn,gdn-h2-ev10-s127-d123-b64-ga4-fp32-noearly4ep,h2_ev10_multiseed_candidate,gdn-h2-ev10-usegate0-s127-d123,b64_ga4_fp32_official,b64_ga4_fp32_official,official_gdn_h2_ev10_multiseed_followup_b64_ga4_fp32,64,16,4,256,b64_ga4,float32,float32,float32,float32,float32,float32,127,123,gdn-h2-ev10-usegate0,gdn-h2-ev10-usegate0-s127-d123,,,2,10,false,true,4,4,4,2,true,checkpoints/flash-vqg-20260520-gdn-h2-ev10-multiseed-followup-gdn-h2-ev10-s127-2026-05-20-12-13-31/gdn-h2-ev10-s127-d123-b64-ga4-fp32-noearly4ep/train_config.json,/home/lyj/mnt/project/zoology/checkpoints/flash-vqg-20260520-gdn-h2-ev10-multiseed-followup-gdn-h2-ev10-s127-2026-05-20-12-13-31/gdn-h2-ev10-s127-d123-b64-ga4-fp32-noearly4ep/train_config.json,be24e72f826e9ec0e4093c8edc8ef05229d7c7c546a0e9815bce72b134b2da3c,sha256:7959dd3001a4fb28ed4a6981edb24a793f35fe3900ee295c9ff42d08928d0850,last.pt_epoch4_final,checkpoints/flash-vqg-20260520-gdn-h2-ev10-multiseed-followup-gdn-h2-ev10-s127-2026-05-20-12-13-31/gdn-h2-ev10-s127-d123-b64-ga4-fp32-noearly4ep/last.pt,/home/lyj/mnt/project/zoology/checkpoints/flash-vqg-20260520-gdn-h2-ev10-multiseed-followup-gdn-h2-ev10-s127-2026-05-20-12-13-31/gdn-h2-ev10-s127-d123-b64-ga4-fp32-noearly4ep/last.pt,true,7959dd3001a4fb28ed4a6981edb24a793f35fe3900ee295c9ff42d08928d0850,9942975,2026-05-20T12:21:41.615609+00:00,3,,0.29440808296203613,0.9793193359375,0.83834375,1434630,81920,81920,mqar-vocab8192-pass1-seed123-rnq1-power0.01-4096x1024-n500,multiquery_ar,8192,4096,1024,1,500,32,true,123,true,0.01,,,completed,4096x1024,4096,1024,32,32;16;8;4;2;1,32,8207.60009765625,,same_gpu_same_dtype_same_runner_only,true,0,0,NVIDIA GeForce RTX 2080 Ti,11264,7.5,GPU-57c29499-bcb3-27f6-4360-e60939528a9b,2.6.0+cu118,11.8,550.120,float32,float32,b64_ga4_fp32_official,NVIDIA_GeForce_RTX_2080_Ti-11264MiB-cc7.5-driver550.120-torch2.6.0+cu118-cuda11.8,7.473625183105469,0.067822265625,7.473625183105469,0.067822265625,48.608107566833496,00:00:48,8208.60107421875,8208.60107421875,8288.0,NVIDIA_GeForce_RTX_2080_Ti-11264MiB-cc7.5-driver550.120-torch2.6.0+cu118-cuda11.8,measured_current_host,0,0,NVIDIA GeForce RTX 2080 Ti,11264,7.5,GPU-57c29499-bcb3-27f6-4360-e60939528a9b,2.6.0+cu118,11.8,550.120,8eb730be36bbb0876ed83a332d364c65acb36b28,8eb730be36bbb0876ed83a332d364c65acb36b28,811e1ce5f140e97d93ad6f1adae07b95b4219143,docs/artifacts/longer-mqar/official-core-20260526,docs/artifacts/20260520-gdn-h2-ev10-multiseed-followup/gdn-h2-ev10-final.csv,tmp/20260526-longer-mqar-official-core/logs/formal-gdn-h2-ev10-s127-d123-b64-ga4-fp32-noearly4ep-4096x1024-n500-b32-gpu0.log,,,,123,0981292ce8ebea1402a4c3a7a6655dfc1de42688c329bd5ea921541a0f1d16ed,"sha256(inputs,labels)",500x4096,500x4096,500,torch.int64/torch.int64,7959dd3001a4fb28ed4a6981edb24a793f35fe3900ee295c9ff42d08928d0850,sha256,passed,true,,,,
2,20260526-longer-mqar-official-core:formal:gdn-h2-ev10-s124-d123-b64-ga4-fp32-noearly4ep:2048x512:n500,20260526-longer-mqar-official-core:formal:gdn-h2-ev10-s124-d123-b64-ga4-fp32-noearly4ep:2048x512:n500,20260526-longer-mqar-official-core,longer_mqar_eval_only,longer_mqar_eval_only_vocab8192_official_core_20260526,formal,completed,2026-05-25T22:44:04.012383+00:00,gdn,gdn-h2-ev10-s124-d123-b64-ga4-fp32-noearly4ep,h2_ev10_multiseed_candidate,gdn-h2-ev10-usegate0-s124-d123,b64_ga4_fp32_official,b64_ga4_fp32_official,official_gdn_h2_ev10_multiseed_followup_b64_ga4_fp32,64,16,4,256,b64_ga4,float32,float32,float32,float32,float32,float32,124,123,gdn-h2-ev10-usegate0,gdn-h2-ev10-usegate0-s124-d123,,,2,10,false,true,4,4,4,2,true,checkpoints/flash-vqg-20260520-gdn-h2-ev10-multiseed-followup-gdn-h2-ev10-s124-2026-05-20-12-05-09/gdn-h2-ev10-s124-d123-b64-ga4-fp32-noearly4ep/train_config.json,/home/lyj/mnt/project/zoology/checkpoints/flash-vqg-20260520-gdn-h2-ev10-multiseed-followup-gdn-h2-ev10-s124-2026-05-20-12-05-09/gdn-h2-ev10-s124-d123-b64-ga4-fp32-noearly4ep/train_config.json,95cb76517a1191c9ed43d85568b7eb5abfad5d5a589e170781627082223e567c,sha256:eb166ed3ddbf62bba916ba22c83217f959206c6a5eea51123ef20d9577e52d52,last.pt_epoch4_final,checkpoints/flash-vqg-20260520-gdn-h2-ev10-multiseed-followup-gdn-h2-ev10-s124-2026-05-20-12-05-09/gdn-h2-ev10-s124-d123-b64-ga4-fp32-noearly4ep/last.pt,/home/lyj/mnt/project/zoology/checkpoints/flash-vqg-20260520-gdn-h2-ev10-multiseed-followup-gdn-h2-ev10-s124-2026-05-20-12-05-09/gdn-h2-ev10-s124-d123-b64-ga4-fp32-noearly4ep/last.pt,true,eb166ed3ddbf62bba916ba22c83217f959206c6a5eea51123ef20d9577e52d52,9942975,2026-05-20T12:21:35.831556+00:00,3,,0.28105682134628296,0.97934130859375,0.83710546875,1434630,81920,81920,mqar-vocab8192-pass1-seed123-rnq1-power0.01-2048x512-n500,multiquery_ar,8192,2048,512,1,500,32,true,123,true,0.01,,,completed,2048x512,2048,512,32,32;16;8;4;2;1,32,4110.60009765625,,same_gpu_same_dtype_same_runner_only,true,1,1,NVIDIA GeForce RTX 2080 Ti,11264,7.5,GPU-0def3eeb-c2d0-4f49-ec2a-ebc1d8453b98,2.6.0+cu118,11.8,550.120,float32,float32,b64_ga4_fp32_official,NVIDIA_GeForce_RTX_2080_Ti-11264MiB-cc7.5-driver550.120-torch2.6.0+cu118-cuda11.8,4.656805038452148,0.3732578125,4.656805038452148,0.3732578125,33.90570831298828,00:00:33,4111.10107421875,4111.10107421875,6460.0,NVIDIA_GeForce_RTX_2080_Ti-11264MiB-cc7.5-driver550.120-torch2.6.0+cu118-cuda11.8,measured_current_host,1,1,NVIDIA GeForce RTX 2080 Ti,11264,7.5,GPU-0def3eeb-c2d0-4f49-ec2a-ebc1d8453b98,2.6.0+cu118,11.8,550.120,8eb730be36bbb0876ed83a332d364c65acb36b28,8eb730be36bbb0876ed83a332d364c65acb36b28,811e1ce5f140e97d93ad6f1adae07b95b4219143,docs/artifacts/longer-mqar/official-core-20260526,docs/artifacts/20260520-gdn-h2-ev10-multiseed-followup/gdn-h2-ev10-final.csv,tmp/20260526-longer-mqar-official-core/logs/formal-gdn-h2-ev10-s124-d123-b64-ga4-fp32-noearly4ep-2048x512-n500-b32-gpu1.log,,,,123,e446efc9f4dc774377c56c403a468c747870beb18ff0320f15df794dcb69f015,"sha256(inputs,labels)",500x2048,500x2048,500,torch.int64/torch.int64,eb166ed3ddbf62bba916ba22c83217f959206c6a5eea51123ef20d9577e52d52,sha256,passed,true,,,,
2,20260526-longer-mqar-official-core:formal:gdn-h2-ev10-s127-d123-b64-ga4-fp32-noearly4ep:8190x512:n500,20260526-longer-mqar-official-core:formal:gdn-h2-ev10-s127-d123-b64-ga4-fp32-noearly4ep:8190x512:n500,20260526-longer-mqar-official-core,longer_mqar_eval_only,longer_mqar_eval_only_vocab8192_official_core_20260526,formal,completed,2026-05-25T22:44:39.616995+00:00,gdn,gdn-h2-ev10-s127-d123-b64-ga4-fp32-noearly4ep,h2_ev10_multiseed_candidate,gdn-h2-ev10-usegate0-s127-d123,b64_ga4_fp32_official,b64_ga4_fp32_official,official_gdn_h2_ev10_multiseed_followup_b64_ga4_fp32,64,16,4,256,b64_ga4,float32,float32,float32,float32,float32,float32,127,123,gdn-h2-ev10-usegate0,gdn-h2-ev10-usegate0-s127-d123,,,2,10,false,true,4,4,4,2,true,checkpoints/flash-vqg-20260520-gdn-h2-ev10-multiseed-followup-gdn-h2-ev10-s127-2026-05-20-12-13-31/gdn-h2-ev10-s127-d123-b64-ga4-fp32-noearly4ep/train_config.json,/home/lyj/mnt/project/zoology/checkpoints/flash-vqg-20260520-gdn-h2-ev10-multiseed-followup-gdn-h2-ev10-s127-2026-05-20-12-13-31/gdn-h2-ev10-s127-d123-b64-ga4-fp32-noearly4ep/train_config.json,be24e72f826e9ec0e4093c8edc8ef05229d7c7c546a0e9815bce72b134b2da3c,sha256:7959dd3001a4fb28ed4a6981edb24a793f35fe3900ee295c9ff42d08928d0850,last.pt_epoch4_final,checkpoints/flash-vqg-20260520-gdn-h2-ev10-multiseed-followup-gdn-h2-ev10-s127-2026-05-20-12-13-31/gdn-h2-ev10-s127-d123-b64-ga4-fp32-noearly4ep/last.pt,/home/lyj/mnt/project/zoology/checkpoints/flash-vqg-20260520-gdn-h2-ev10-multiseed-followup-gdn-h2-ev10-s127-2026-05-20-12-13-31/gdn-h2-ev10-s127-d123-b64-ga4-fp32-noearly4ep/last.pt,true,7959dd3001a4fb28ed4a6981edb24a793f35fe3900ee295c9ff42d08928d0850,9942975,2026-05-20T12:21:41.615609+00:00,3,,0.29440808296203613,0.9793193359375,0.83834375,1434630,81920,81920,mqar-vocab8192-pass1-seed123-rnq1-power0.01-8190x512-n500,multiquery_ar,8192,8190,512,1,500,16,true,123,true,0.01,,,completed,8190x2047,8190,2047,32,32;16;8;4;2;1,16,8208.60107421875,"b32:oom:oom:torch.OutOfMemoryError: CUDA out of memory. Tried to allocate 8.00 GiB. GPU 0 has a total capacity of 10.74 GiB of which 1.90 GiB is free. Process 1234629 has 8.82 GiB memory in use. Of the allocated memory 8.02 GiB is allocated by PyTorch, and 4.40 MiB is reserved by PyTorch but unallocated. If reserved but unallocated memory is large try setting PYTORCH_CUDA_ALLOC_CONF=expandable_segments:True to avoid fragmentation.  See documentation for Memory Management  (https://pytorch.org/docs/stable/notes/cuda.html#environment-variables)",same_gpu_same_dtype_same_runner_only,true,0,0,NVIDIA GeForce RTX 2080 Ti,11264,7.5,GPU-57c29499-bcb3-27f6-4360-e60939528a9b,2.6.0+cu118,11.8,550.120,float32,float32,b64_ga4_fp32_official,NVIDIA_GeForce_RTX_2080_Ti-11264MiB-cc7.5-driver550.120-torch2.6.0+cu118-cuda11.8,5.88898229598999,0.21753125,5.88898229598999,0.21753125,52.28799819946289,00:00:52,8208.60107421875,8208.60107421875,8286.0,NVIDIA_GeForce_RTX_2080_Ti-11264MiB-cc7.5-driver550.120-torch2.6.0+cu118-cuda11.8,measured_current_host,0,0,NVIDIA GeForce RTX 2080 Ti,11264,7.5,GPU-57c29499-bcb3-27f6-4360-e60939528a9b,2.6.0+cu118,11.8,550.120,8eb730be36bbb0876ed83a332d364c65acb36b28,8eb730be36bbb0876ed83a332d364c65acb36b28,811e1ce5f140e97d93ad6f1adae07b95b4219143,docs/artifacts/longer-mqar/official-core-20260526,docs/artifacts/20260520-gdn-h2-ev10-multiseed-followup/gdn-h2-ev10-final.csv,tmp/20260526-longer-mqar-official-core/logs/formal-gdn-h2-ev10-s127-d123-b64-ga4-fp32-noearly4ep-8190x512-n500-b16-gpu0.log,,,,123,37a8533a985fabd3db03daf9dfd3a8e0936513ab724039c63b9a22bf352d002d,"sha256(inputs,labels)",500x8190,500x8190,500,torch.int64/torch.int64,7959dd3001a4fb28ed4a6981edb24a793f35fe3900ee295c9ff42d08928d0850,sha256,passed,true,,,,
2,20260526-longer-mqar-official-core:formal:gdn-h2-ev10-s124-d123-b64-ga4-fp32-noearly4ep:4096x1024:n500,20260526-longer-mqar-official-core:formal:gdn-h2-ev10-s124-d123-b64-ga4-fp32-noearly4ep:4096x1024:n500,20260526-longer-mqar-official-core,longer_mqar_eval_only,longer_mqar_eval_only_vocab8192_official_core_20260526,formal,completed,2026-05-25T22:44:46.034644+00:00,gdn,gdn-h2-ev10-s124-d123-b64-ga4-fp32-noearly4ep,h2_ev10_multiseed_candidate,gdn-h2-ev10-usegate0-s124-d123,b64_ga4_fp32_official,b64_ga4_fp32_official,official_gdn_h2_ev10_multiseed_followup_b64_ga4_fp32,64,16,4,256,b64_ga4,float32,float32,float32,float32,float32,float32,124,123,gdn-h2-ev10-usegate0,gdn-h2-ev10-usegate0-s124-d123,,,2,10,false,true,4,4,4,2,true,checkpoints/flash-vqg-20260520-gdn-h2-ev10-multiseed-followup-gdn-h2-ev10-s124-2026-05-20-12-05-09/gdn-h2-ev10-s124-d123-b64-ga4-fp32-noearly4ep/train_config.json,/home/lyj/mnt/project/zoology/checkpoints/flash-vqg-20260520-gdn-h2-ev10-multiseed-followup-gdn-h2-ev10-s124-2026-05-20-12-05-09/gdn-h2-ev10-s124-d123-b64-ga4-fp32-noearly4ep/train_config.json,95cb76517a1191c9ed43d85568b7eb5abfad5d5a589e170781627082223e567c,sha256:eb166ed3ddbf62bba916ba22c83217f959206c6a5eea51123ef20d9577e52d52,last.pt_epoch4_final,checkpoints/flash-vqg-20260520-gdn-h2-ev10-multiseed-followup-gdn-h2-ev10-s124-2026-05-20-12-05-09/gdn-h2-ev10-s124-d123-b64-ga4-fp32-noearly4ep/last.pt,/home/lyj/mnt/project/zoology/checkpoints/flash-vqg-20260520-gdn-h2-ev10-multiseed-followup-gdn-h2-ev10-s124-2026-05-20-12-05-09/gdn-h2-ev10-s124-d123-b64-ga4-fp32-noearly4ep/last.pt,true,eb166ed3ddbf62bba916ba22c83217f959206c6a5eea51123ef20d9577e52d52,9942975,2026-05-20T12:21:35.831556+00:00,3,,0.28105682134628296,0.97934130859375,0.83710546875,1434630,81920,81920,mqar-vocab8192-pass1-seed123-rnq1-power0.01-4096x1024-n500,multiquery_ar,8192,4096,1024,1,500,32,true,123,true,0.01,,,completed,4096x1024,4096,1024,32,32;16;8;4;2;1,32,8207.60009765625,,same_gpu_same_dtype_same_runner_only,true,1,1,NVIDIA GeForce RTX 2080 Ti,11264,7.5,GPU-0def3eeb-c2d0-4f49-ec2a-ebc1d8453b98,2.6.0+cu118,11.8,550.120,float32,float32,b64_ga4_fp32_official,NVIDIA_GeForce_RTX_2080_Ti-11264MiB-cc7.5-driver550.120-torch2.6.0+cu118-cuda11.8,7.386111259460449,0.10676953125,7.386111259460449,0.10676953125,41.09640407562256,00:00:41,8208.60107421875,8208.60107421875,8288.0,NVIDIA_GeForce_RTX_2080_Ti-11264MiB-cc7.5-driver550.120-torch2.6.0+cu118-cuda11.8,measured_current_host,1,1,NVIDIA GeForce RTX 2080 Ti,11264,7.5,GPU-0def3eeb-c2d0-4f49-ec2a-ebc1d8453b98,2.6.0+cu118,11.8,550.120,8eb730be36bbb0876ed83a332d364c65acb36b28,8eb730be36bbb0876ed83a332d364c65acb36b28,811e1ce5f140e97d93ad6f1adae07b95b4219143,docs/artifacts/longer-mqar/official-core-20260526,docs/artifacts/20260520-gdn-h2-ev10-multiseed-followup/gdn-h2-ev10-final.csv,tmp/20260526-longer-mqar-official-core/logs/formal-gdn-h2-ev10-s124-d123-b64-ga4-fp32-noearly4ep-4096x1024-n500-b32-gpu1.log,,,,123,0981292ce8ebea1402a4c3a7a6655dfc1de42688c329bd5ea921541a0f1d16ed,"sha256(inputs,labels)",500x4096,500x4096,500,torch.int64/torch.int64,eb166ed3ddbf62bba916ba22c83217f959206c6a5eea51123ef20d9577e52d52,sha256,passed,true,,,,
2,20260526-longer-mqar-official-core:formal:gdn-h2-ev10-s124-d123-b64-ga4-fp32-noearly4ep:8190x512:n500,20260526-longer-mqar-official-core:formal:gdn-h2-ev10-s124-d123-b64-ga4-fp32-noearly4ep:8190x512:n500,20260526-longer-mqar-official-core,longer_mqar_eval_only,longer_mqar_eval_only_vocab8192_official_core_20260526,formal,completed,2026-05-25T22:45:30.233679+00:00,gdn,gdn-h2-ev10-s124-d123-b64-ga4-fp32-noearly4ep,h2_ev10_multiseed_candidate,gdn-h2-ev10-usegate0-s124-d123,b64_ga4_fp32_official,b64_ga4_fp32_official,official_gdn_h2_ev10_multiseed_followup_b64_ga4_fp32,64,16,4,256,b64_ga4,float32,float32,float32,float32,float32,float32,124,123,gdn-h2-ev10-usegate0,gdn-h2-ev10-usegate0-s124-d123,,,2,10,false,true,4,4,4,2,true,checkpoints/flash-vqg-20260520-gdn-h2-ev10-multiseed-followup-gdn-h2-ev10-s124-2026-05-20-12-05-09/gdn-h2-ev10-s124-d123-b64-ga4-fp32-noearly4ep/train_config.json,/home/lyj/mnt/project/zoology/checkpoints/flash-vqg-20260520-gdn-h2-ev10-multiseed-followup-gdn-h2-ev10-s124-2026-05-20-12-05-09/gdn-h2-ev10-s124-d123-b64-ga4-fp32-noearly4ep/train_config.json,95cb76517a1191c9ed43d85568b7eb5abfad5d5a589e170781627082223e567c,sha256:eb166ed3ddbf62bba916ba22c83217f959206c6a5eea51123ef20d9577e52d52,last.pt_epoch4_final,checkpoints/flash-vqg-20260520-gdn-h2-ev10-multiseed-followup-gdn-h2-ev10-s124-2026-05-20-12-05-09/gdn-h2-ev10-s124-d123-b64-ga4-fp32-noearly4ep/last.pt,/home/lyj/mnt/project/zoology/checkpoints/flash-vqg-20260520-gdn-h2-ev10-multiseed-followup-gdn-h2-ev10-s124-2026-05-20-12-05-09/gdn-h2-ev10-s124-d123-b64-ga4-fp32-noearly4ep/last.pt,true,eb166ed3ddbf62bba916ba22c83217f959206c6a5eea51123ef20d9577e52d52,9942975,2026-05-20T12:21:35.831556+00:00,3,,0.28105682134628296,0.97934130859375,0.83710546875,1434630,81920,81920,mqar-vocab8192-pass1-seed123-rnq1-power0.01-8190x512-n500,multiquery_ar,8192,8190,512,1,500,16,true,123,true,0.01,,,completed,8190x2047,8190,2047,32,32;16;8;4;2;1,16,8208.60107421875,"b32:oom:oom:torch.OutOfMemoryError: CUDA out of memory. Tried to allocate 8.00 GiB. GPU 0 has a total capacity of 10.75 GiB of which 1.92 GiB is free. Process 1234916 has 8.82 GiB memory in use. Of the allocated memory 8.02 GiB is allocated by PyTorch, and 4.40 MiB is reserved by PyTorch but unallocated. If reserved but unallocated memory is large try setting PYTORCH_CUDA_ALLOC_CONF=expandable_segments:True to avoid fragmentation.  See documentation for Memory Management  (https://pytorch.org/docs/stable/notes/cuda.html#environment-variables)",same_gpu_same_dtype_same_runner_only,true,1,1,NVIDIA GeForce RTX 2080 Ti,11264,7.5,GPU-0def3eeb-c2d0-4f49-ec2a-ebc1d8453b98,2.6.0+cu118,11.8,550.120,float32,float32,b64_ga4_fp32_official,NVIDIA_GeForce_RTX_2080_Ti-11264MiB-cc7.5-driver550.120-torch2.6.0+cu118-cuda11.8,5.5875396728515625,0.25651171875,5.5875396728515625,0.25651171875,43.30105209350586,00:00:43,8208.60107421875,8208.60107421875,8286.0,NVIDIA_GeForce_RTX_2080_Ti-11264MiB-cc7.5-driver550.120-torch2.6.0+cu118-cuda11.8,measured_current_host,1,1,NVIDIA GeForce RTX 2080 Ti,11264,7.5,GPU-0def3eeb-c2d0-4f49-ec2a-ebc1d8453b98,2.6.0+cu118,11.8,550.120,8eb730be36bbb0876ed83a332d364c65acb36b28,8eb730be36bbb0876ed83a332d364c65acb36b28,811e1ce5f140e97d93ad6f1adae07b95b4219143,docs/artifacts/longer-mqar/official-core-20260526,docs/artifacts/20260520-gdn-h2-ev10-multiseed-followup/gdn-h2-ev10-final.csv,tmp/20260526-longer-mqar-official-core/logs/formal-gdn-h2-ev10-s124-d123-b64-ga4-fp32-noearly4ep-8190x512-n500-b16-gpu1.log,,,,123,37a8533a985fabd3db03daf9dfd3a8e0936513ab724039c63b9a22bf352d002d,"sha256(inputs,labels)",500x8190,500x8190,500,torch.int64/torch.int64,eb166ed3ddbf62bba916ba22c83217f959206c6a5eea51123ef20d9577e52d52,sha256,passed,true,,,,
2,20260526-longer-mqar-official-core:formal:gdn-h2-ev10-s127-d123-b64-ga4-fp32-noearly4ep:8190x2047:n500,20260526-longer-mqar-official-core:formal:gdn-h2-ev10-s127-d123-b64-ga4-fp32-noearly4ep:8190x2047:n500,20260526-longer-mqar-official-core,longer_mqar_eval_only,longer_mqar_eval_only_vocab8192_official_core_20260526,formal,completed,2026-05-25T22:45:32.486054+00:00,gdn,gdn-h2-ev10-s127-d123-b64-ga4-fp32-noearly4ep,h2_ev10_multiseed_candidate,gdn-h2-ev10-usegate0-s127-d123,b64_ga4_fp32_official,b64_ga4_fp32_official,official_gdn_h2_ev10_multiseed_followup_b64_ga4_fp32,64,16,4,256,b64_ga4,float32,float32,float32,float32,float32,float32,127,123,gdn-h2-ev10-usegate0,gdn-h2-ev10-usegate0-s127-d123,,,2,10,false,true,4,4,4,2,true,checkpoints/flash-vqg-20260520-gdn-h2-ev10-multiseed-followup-gdn-h2-ev10-s127-2026-05-20-12-13-31/gdn-h2-ev10-s127-d123-b64-ga4-fp32-noearly4ep/train_config.json,/home/lyj/mnt/project/zoology/checkpoints/flash-vqg-20260520-gdn-h2-ev10-multiseed-followup-gdn-h2-ev10-s127-2026-05-20-12-13-31/gdn-h2-ev10-s127-d123-b64-ga4-fp32-noearly4ep/train_config.json,be24e72f826e9ec0e4093c8edc8ef05229d7c7c546a0e9815bce72b134b2da3c,sha256:7959dd3001a4fb28ed4a6981edb24a793f35fe3900ee295c9ff42d08928d0850,last.pt_epoch4_final,checkpoints/flash-vqg-20260520-gdn-h2-ev10-multiseed-followup-gdn-h2-ev10-s127-2026-05-20-12-13-31/gdn-h2-ev10-s127-d123-b64-ga4-fp32-noearly4ep/last.pt,/home/lyj/mnt/project/zoology/checkpoints/flash-vqg-20260520-gdn-h2-ev10-multiseed-followup-gdn-h2-ev10-s127-2026-05-20-12-13-31/gdn-h2-ev10-s127-d123-b64-ga4-fp32-noearly4ep/last.pt,true,7959dd3001a4fb28ed4a6981edb24a793f35fe3900ee295c9ff42d08928d0850,9942975,2026-05-20T12:21:41.615609+00:00,3,,0.29440808296203613,0.9793193359375,0.83834375,1434630,81920,81920,mqar-vocab8192-pass1-seed123-rnq1-power0.01-8190x2047-n500,multiquery_ar,8192,8190,2047,1,500,16,true,123,true,0.01,,,completed,8190x2047,8190,2047,32,32;16;8;4;2;1,16,8208.60107421875,"b32:oom:oom:torch.OutOfMemoryError: CUDA out of memory. Tried to allocate 8.00 GiB. GPU 0 has a total capacity of 10.74 GiB of which 1.90 GiB is free. Process 1234629 has 8.82 GiB memory in use. Of the allocated memory 8.02 GiB is allocated by PyTorch, and 4.40 MiB is reserved by PyTorch but unallocated. If reserved but unallocated memory is large try setting PYTORCH_CUDA_ALLOC_CONF=expandable_segments:True to avoid fragmentation.  See documentation for Memory Management  (https://pytorch.org/docs/stable/notes/cuda.html#environment-variables)",same_gpu_same_dtype_same_runner_only,true,0,0,NVIDIA GeForce RTX 2080 Ti,11264,7.5,GPU-57c29499-bcb3-27f6-4360-e60939528a9b,2.6.0+cu118,11.8,550.120,float32,float32,b64_ga4_fp32_official,NVIDIA_GeForce_RTX_2080_Ti-11264MiB-cc7.5-driver550.120-torch2.6.0+cu118-cuda11.8,9.162200927734375,0.00510210063507572,9.162200927734375,0.00510210063507572,51.946653604507446,00:00:51,8208.60107421875,8208.60107421875,8286.0,NVIDIA_GeForce_RTX_2080_Ti-11264MiB-cc7.5-driver550.120-torch2.6.0+cu118-cuda11.8,measured_current_host,0,0,NVIDIA GeForce RTX 2080 Ti,11264,7.5,GPU-57c29499-bcb3-27f6-4360-e60939528a9b,2.6.0+cu118,11.8,550.120,8eb730be36bbb0876ed83a332d364c65acb36b28,8eb730be36bbb0876ed83a332d364c65acb36b28,811e1ce5f140e97d93ad6f1adae07b95b4219143,docs/artifacts/longer-mqar/official-core-20260526,docs/artifacts/20260520-gdn-h2-ev10-multiseed-followup/gdn-h2-ev10-final.csv,tmp/20260526-longer-mqar-official-core/logs/formal-gdn-h2-ev10-s127-d123-b64-ga4-fp32-noearly4ep-8190x2047-n500-b16-gpu0.log,,,,123,8c16a91ea127bb7bf2130238ecd56b49fb1fd73bb3e0c2f4c586ddba8e9b97a9,"sha256(inputs,labels)",500x8190,500x8190,500,torch.int64/torch.int64,7959dd3001a4fb28ed4a6981edb24a793f35fe3900ee295c9ff42d08928d0850,sha256,passed,true,,,,
2,20260526-longer-mqar-official-core:repro:gdn-h2-ev10-s127-d123-b64-ga4-fp32-noearly4ep:1024x256:n500,20260526-longer-mqar-official-core:repro:gdn-h2-ev10-s127-d123-b64-ga4-fp32-noearly4ep:1024x256:n500,20260526-longer-mqar-official-core,longer_mqar_eval_only,longer_mqar_eval_only_vocab8192_official_core_20260526,repro,completed,2026-05-25T22:46:05.320103+00:00,gdn,gdn-h2-ev10-s127-d123-b64-ga4-fp32-noearly4ep,h2_ev10_multiseed_candidate,gdn-h2-ev10-usegate0-s127-d123,b64_ga4_fp32_official,b64_ga4_fp32_official,official_gdn_h2_ev10_multiseed_followup_b64_ga4_fp32,64,16,4,256,b64_ga4,float32,float32,float32,float32,float32,float32,127,123,gdn-h2-ev10-usegate0,gdn-h2-ev10-usegate0-s127-d123,,,2,10,false,true,4,4,4,2,true,checkpoints/flash-vqg-20260520-gdn-h2-ev10-multiseed-followup-gdn-h2-ev10-s127-2026-05-20-12-13-31/gdn-h2-ev10-s127-d123-b64-ga4-fp32-noearly4ep/train_config.json,/home/lyj/mnt/project/zoology/checkpoints/flash-vqg-20260520-gdn-h2-ev10-multiseed-followup-gdn-h2-ev10-s127-2026-05-20-12-13-31/gdn-h2-ev10-s127-d123-b64-ga4-fp32-noearly4ep/train_config.json,be24e72f826e9ec0e4093c8edc8ef05229d7c7c546a0e9815bce72b134b2da3c,sha256:7959dd3001a4fb28ed4a6981edb24a793f35fe3900ee295c9ff42d08928d0850,last.pt_epoch4_final,checkpoints/flash-vqg-20260520-gdn-h2-ev10-multiseed-followup-gdn-h2-ev10-s127-2026-05-20-12-13-31/gdn-h2-ev10-s127-d123-b64-ga4-fp32-noearly4ep/last.pt,/home/lyj/mnt/project/zoology/checkpoints/flash-vqg-20260520-gdn-h2-ev10-multiseed-followup-gdn-h2-ev10-s127-2026-05-20-12-13-31/gdn-h2-ev10-s127-d123-b64-ga4-fp32-noearly4ep/last.pt,true,7959dd3001a4fb28ed4a6981edb24a793f35fe3900ee295c9ff42d08928d0850,9942975,2026-05-20T12:21:41.615609+00:00,3,,0.29440808296203613,0.9793193359375,0.83834375,1434630,81920,81920,mqar-vocab8192-pass1-seed123-rnq1-power0.01-1024x256-n500,multiquery_ar,8192,1024,256,1,500,32,false,123,true,0.01,,,,,,,,,,,,,,,,,,,,,,,,,,,1.9348037242889404,0.8402890625,1.9348037242889404,0.8402890625,31.981430053710938,00:00:31,2062.35107421875,2062.35107421875,3534.0,NVIDIA_GeForce_RTX_2080_Ti-11264MiB-cc7.5-driver550.120-torch2.6.0+cu118-cuda11.8,measured_current_host,0,0,NVIDIA GeForce RTX 2080 Ti,11264,7.5,GPU-57c29499-bcb3-27f6-4360-e60939528a9b,2.6.0+cu118,11.8,550.120,8eb730be36bbb0876ed83a332d364c65acb36b28,8eb730be36bbb0876ed83a332d364c65acb36b28,811e1ce5f140e97d93ad6f1adae07b95b4219143,docs/artifacts/longer-mqar/official-core-20260526,docs/artifacts/20260520-gdn-h2-ev10-multiseed-followup/gdn-h2-ev10-final.csv,tmp/20260526-longer-mqar-official-core/logs/repro-gdn-h2-ev10-s127-d123-b64-ga4-fp32-noearly4ep-1024x256-n500-b32-gpu0.log,,,,123,f30f1e09e1300deb2e0f430d7c50c47a77f58f43657aa4d6f425f938a91a9acb,"sha256(inputs,labels)",500x1024,500x1024,500,torch.int64/torch.int64,7959dd3001a4fb28ed4a6981edb24a793f35fe3900ee295c9ff42d08928d0850,sha256,passed,true,20260526-longer-mqar-official-core:formal:gdn-h2-ev10-s127-d123-b64-ga4-fp32-noearly4ep:1024x256:n500,true,0.0,true
2,20260526-longer-mqar-official-core:formal:gdn-h2-ev10-s124-d123-b64-ga4-fp32-noearly4ep:8190x2047:n500,20260526-longer-mqar-official-core:formal:gdn-h2-ev10-s124-d123-b64-ga4-fp32-noearly4ep:8190x2047:n500,20260526-longer-mqar-official-core,longer_mqar_eval_only,longer_mqar_eval_only_vocab8192_official_core_20260526,formal,completed,2026-05-25T22:46:14.950427+00:00,gdn,gdn-h2-ev10-s124-d123-b64-ga4-fp32-noearly4ep,h2_ev10_multiseed_candidate,gdn-h2-ev10-usegate0-s124-d123,b64_ga4_fp32_official,b64_ga4_fp32_official,official_gdn_h2_ev10_multiseed_followup_b64_ga4_fp32,64,16,4,256,b64_ga4,float32,float32,float32,float32,float32,float32,124,123,gdn-h2-ev10-usegate0,gdn-h2-ev10-usegate0-s124-d123,,,2,10,false,true,4,4,4,2,true,checkpoints/flash-vqg-20260520-gdn-h2-ev10-multiseed-followup-gdn-h2-ev10-s124-2026-05-20-12-05-09/gdn-h2-ev10-s124-d123-b64-ga4-fp32-noearly4ep/train_config.json,/home/lyj/mnt/project/zoology/checkpoints/flash-vqg-20260520-gdn-h2-ev10-multiseed-followup-gdn-h2-ev10-s124-2026-05-20-12-05-09/gdn-h2-ev10-s124-d123-b64-ga4-fp32-noearly4ep/train_config.json,95cb76517a1191c9ed43d85568b7eb5abfad5d5a589e170781627082223e567c,sha256:eb166ed3ddbf62bba916ba22c83217f959206c6a5eea51123ef20d9577e52d52,last.pt_epoch4_final,checkpoints/flash-vqg-20260520-gdn-h2-ev10-multiseed-followup-gdn-h2-ev10-s124-2026-05-20-12-05-09/gdn-h2-ev10-s124-d123-b64-ga4-fp32-noearly4ep/last.pt,/home/lyj/mnt/project/zoology/checkpoints/flash-vqg-20260520-gdn-h2-ev10-multiseed-followup-gdn-h2-ev10-s124-2026-05-20-12-05-09/gdn-h2-ev10-s124-d123-b64-ga4-fp32-noearly4ep/last.pt,true,eb166ed3ddbf62bba916ba22c83217f959206c6a5eea51123ef20d9577e52d52,9942975,2026-05-20T12:21:35.831556+00:00,3,,0.28105682134628296,0.97934130859375,0.83710546875,1434630,81920,81920,mqar-vocab8192-pass1-seed123-rnq1-power0.01-8190x2047-n500,multiquery_ar,8192,8190,2047,1,500,16,true,123,true,0.01,,,completed,8190x2047,8190,2047,32,32;16;8;4;2;1,16,8208.60107421875,"b32:oom:oom:torch.OutOfMemoryError: CUDA out of memory. Tried to allocate 8.00 GiB. GPU 0 has a total capacity of 10.75 GiB of which 1.92 GiB is free. Process 1234916 has 8.82 GiB memory in use. Of the allocated memory 8.02 GiB is allocated by PyTorch, and 4.40 MiB is reserved by PyTorch but unallocated. If reserved but unallocated memory is large try setting PYTORCH_CUDA_ALLOC_CONF=expandable_segments:True to avoid fragmentation.  See documentation for Memory Management  (https://pytorch.org/docs/stable/notes/cuda.html#environment-variables)",same_gpu_same_dtype_same_runner_only,true,1,1,NVIDIA GeForce RTX 2080 Ti,11264,7.5,GPU-0def3eeb-c2d0-4f49-ec2a-ebc1d8453b98,2.6.0+cu118,11.8,550.120,float32,float32,b64_ga4_fp32_official,NVIDIA_GeForce_RTX_2080_Ti-11264MiB-cc7.5-driver550.120-torch2.6.0+cu118-cuda11.8,9.096307754516602,0.01191695163654128,9.096307754516602,0.01191695163654128,43.79719853401184,00:00:43,8208.60107421875,8208.60107421875,8286.0,NVIDIA_GeForce_RTX_2080_Ti-11264MiB-cc7.5-driver550.120-torch2.6.0+cu118-cuda11.8,measured_current_host,1,1,NVIDIA GeForce RTX 2080 Ti,11264,7.5,GPU-0def3eeb-c2d0-4f49-ec2a-ebc1d8453b98,2.6.0+cu118,11.8,550.120,8eb730be36bbb0876ed83a332d364c65acb36b28,8eb730be36bbb0876ed83a332d364c65acb36b28,811e1ce5f140e97d93ad6f1adae07b95b4219143,docs/artifacts/longer-mqar/official-core-20260526,docs/artifacts/20260520-gdn-h2-ev10-multiseed-followup/gdn-h2-ev10-final.csv,tmp/20260526-longer-mqar-official-core/logs/formal-gdn-h2-ev10-s124-d123-b64-ga4-fp32-noearly4ep-8190x2047-n500-b16-gpu1.log,,,,123,8c16a91ea127bb7bf2130238ecd56b49fb1fd73bb3e0c2f4c586ddba8e9b97a9,"sha256(inputs,labels)",500x8190,500x8190,500,torch.int64/torch.int64,eb166ed3ddbf62bba916ba22c83217f959206c6a5eea51123ef20d9577e52d52,sha256,passed,true,,,,
2,20260526-longer-mqar-official-core:repro:gdn-h2-ev10-s124-d123-b64-ga4-fp32-noearly4ep:1024x256:n500,20260526-longer-mqar-official-core:repro:gdn-h2-ev10-s124-d123-b64-ga4-fp32-noearly4ep:1024x256:n500,20260526-longer-mqar-official-core,longer_mqar_eval_only,longer_mqar_eval_only_vocab8192_official_core_20260526,repro,completed,2026-05-25T22:46:46.252599+00:00,gdn,gdn-h2-ev10-s124-d123-b64-ga4-fp32-noearly4ep,h2_ev10_multiseed_candidate,gdn-h2-ev10-usegate0-s124-d123,b64_ga4_fp32_official,b64_ga4_fp32_official,official_gdn_h2_ev10_multiseed_followup_b64_ga4_fp32,64,16,4,256,b64_ga4,float32,float32,float32,float32,float32,float32,124,123,gdn-h2-ev10-usegate0,gdn-h2-ev10-usegate0-s124-d123,,,2,10,false,true,4,4,4,2,true,checkpoints/flash-vqg-20260520-gdn-h2-ev10-multiseed-followup-gdn-h2-ev10-s124-2026-05-20-12-05-09/gdn-h2-ev10-s124-d123-b64-ga4-fp32-noearly4ep/train_config.json,/home/lyj/mnt/project/zoology/checkpoints/flash-vqg-20260520-gdn-h2-ev10-multiseed-followup-gdn-h2-ev10-s124-2026-05-20-12-05-09/gdn-h2-ev10-s124-d123-b64-ga4-fp32-noearly4ep/train_config.json,95cb76517a1191c9ed43d85568b7eb5abfad5d5a589e170781627082223e567c,sha256:eb166ed3ddbf62bba916ba22c83217f959206c6a5eea51123ef20d9577e52d52,last.pt_epoch4_final,checkpoints/flash-vqg-20260520-gdn-h2-ev10-multiseed-followup-gdn-h2-ev10-s124-2026-05-20-12-05-09/gdn-h2-ev10-s124-d123-b64-ga4-fp32-noearly4ep/last.pt,/home/lyj/mnt/project/zoology/checkpoints/flash-vqg-20260520-gdn-h2-ev10-multiseed-followup-gdn-h2-ev10-s124-2026-05-20-12-05-09/gdn-h2-ev10-s124-d123-b64-ga4-fp32-noearly4ep/last.pt,true,eb166ed3ddbf62bba916ba22c83217f959206c6a5eea51123ef20d9577e52d52,9942975,2026-05-20T12:21:35.831556+00:00,3,,0.28105682134628296,0.97934130859375,0.83710546875,1434630,81920,81920,mqar-vocab8192-pass1-seed123-rnq1-power0.01-1024x256-n500,multiquery_ar,8192,1024,256,1,500,32,false,123,true,0.01,,,,,,,,,,,,,,,,,,,,,,,,,,,1.8707407712936401,0.8379296875,1.8707407712936401,0.8379296875,30.420655488967896,00:00:30,2062.35107421875,2062.35107421875,3534.0,NVIDIA_GeForce_RTX_2080_Ti-11264MiB-cc7.5-driver550.120-torch2.6.0+cu118-cuda11.8,measured_current_host,1,1,NVIDIA GeForce RTX 2080 Ti,11264,7.5,GPU-0def3eeb-c2d0-4f49-ec2a-ebc1d8453b98,2.6.0+cu118,11.8,550.120,8eb730be36bbb0876ed83a332d364c65acb36b28,8eb730be36bbb0876ed83a332d364c65acb36b28,811e1ce5f140e97d93ad6f1adae07b95b4219143,docs/artifacts/longer-mqar/official-core-20260526,docs/artifacts/20260520-gdn-h2-ev10-multiseed-followup/gdn-h2-ev10-final.csv,tmp/20260526-longer-mqar-official-core/logs/repro-gdn-h2-ev10-s124-d123-b64-ga4-fp32-noearly4ep-1024x256-n500-b32-gpu1.log,,,,123,f30f1e09e1300deb2e0f430d7c50c47a77f58f43657aa4d6f425f938a91a9acb,"sha256(inputs,labels)",500x1024,500x1024,500,torch.int64/torch.int64,eb166ed3ddbf62bba916ba22c83217f959206c6a5eea51123ef20d9577e52d52,sha256,passed,true,20260526-longer-mqar-official-core:formal:gdn-h2-ev10-s124-d123-b64-ga4-fp32-noearly4ep:1024x256:n500,true,0.0,true
2,20260526-longer-mqar-official-core:batch_search:gdn-h2-ev10-s126-d123-b64-ga4-fp32-noearly4ep:1024x256:n32,20260526-longer-mqar-official-core:batch_search:gdn-h2-ev10-s126-d123-b64-ga4-fp32-noearly4ep:1024x256:n32,20260526-longer-mqar-official-core,longer_mqar_eval_only,longer_mqar_eval_only_vocab8192_official_core_20260526,batch_search,completed,2026-05-25T22:47:10.148532+00:00,gdn,gdn-h2-ev10-s126-d123-b64-ga4-fp32-noearly4ep,h2_ev10_multiseed_candidate,gdn-h2-ev10-usegate0-s126-d123,b64_ga4_fp32_official,b64_ga4_fp32_official,official_gdn_h2_ev10_multiseed_followup_b64_ga4_fp32,64,16,4,256,b64_ga4,float32,float32,float32,float32,float32,float32,126,123,gdn-h2-ev10-usegate0,gdn-h2-ev10-usegate0-s126-d123,,,2,10,false,true,4,4,4,2,true,checkpoints/flash-vqg-20260520-gdn-h2-ev10-multiseed-followup-gdn-h2-ev10-s126-2026-05-20-12-21-51/gdn-h2-ev10-s126-d123-b64-ga4-fp32-noearly4ep/train_config.json,/home/lyj/mnt/project/zoology/checkpoints/flash-vqg-20260520-gdn-h2-ev10-multiseed-followup-gdn-h2-ev10-s126-2026-05-20-12-21-51/gdn-h2-ev10-s126-d123-b64-ga4-fp32-noearly4ep/train_config.json,24bd2e732a551e5e0288ae46a5371f72a0e130237f6a9be88b56db7ac6464fbc,sha256:76c6a492b8da50d0826b4e28fd6626a01323c8245e819ed35c20c923dbe3b7fd,last.pt_epoch4_final,checkpoints/flash-vqg-20260520-gdn-h2-ev10-multiseed-followup-gdn-h2-ev10-s126-2026-05-20-12-21-51/gdn-h2-ev10-s126-d123-b64-ga4-fp32-noearly4ep/last.pt,/home/lyj/mnt/project/zoology/checkpoints/flash-vqg-20260520-gdn-h2-ev10-multiseed-followup-gdn-h2-ev10-s126-2026-05-20-12-21-51/gdn-h2-ev10-s126-d123-b64-ga4-fp32-noearly4ep/last.pt,true,76c6a492b8da50d0826b4e28fd6626a01323c8245e819ed35c20c923dbe3b7fd,9942975,2026-05-20T12:32:25.946429+00:00,3,,0.30599454045295715,0.976080078125,0.812796875,1434630,81920,81920,mqar-vocab8192-pass1-seed123-rnq1-power0.01-1024x256-n32,multiquery_ar,8192,1024,256,1,32,32,true,123,true,0.01,,,completed,1024x256,1024,256,32,32;16;8;4;2;1,32,2062.10009765625,,same_gpu_same_dtype_same_runner_only,true,1,1,NVIDIA GeForce RTX 2080 Ti,11264,7.5,GPU-0def3eeb-c2d0-4f49-ec2a-ebc1d8453b98,2.6.0+cu118,11.8,550.120,float32,float32,b64_ga4_fp32_official,NVIDIA_GeForce_RTX_2080_Ti-11264MiB-cc7.5-driver550.120-torch2.6.0+cu118-cuda11.8,2.0065255165100098,0.8192138671875,2.0065255165100098,0.8192138671875,22.9894962310791,00:00:22,2062.10009765625,2062.10009765625,3534.0,NVIDIA_GeForce_RTX_2080_Ti-11264MiB-cc7.5-driver550.120-torch2.6.0+cu118-cuda11.8,measured_current_host,1,1,NVIDIA GeForce RTX 2080 Ti,11264,7.5,GPU-0def3eeb-c2d0-4f49-ec2a-ebc1d8453b98,2.6.0+cu118,11.8,550.120,8eb730be36bbb0876ed83a332d364c65acb36b28,8eb730be36bbb0876ed83a332d364c65acb36b28,811e1ce5f140e97d93ad6f1adae07b95b4219143,docs/artifacts/longer-mqar/official-core-20260526,docs/artifacts/20260520-gdn-h2-ev10-multiseed-followup/gdn-h2-ev10-final.csv,tmp/20260526-longer-mqar-official-core/logs/batch-search-candidate-gdn-h2-ev10-s126-d123-b64-ga4-fp32-noearly4ep-1024x256-n32-b32-gpu1.log,,,,123,68500f1bc9fdc7ff4edc301ab7303d253d578a27cbbbf7613c74e3e6a04cc9f3,"sha256(inputs,labels)",32x1024,32x1024,32,torch.int64/torch.int64,76c6a492b8da50d0826b4e28fd6626a01323c8245e819ed35c20c923dbe3b7fd,sha256,passed,true,,,,
2,20260526-longer-mqar-official-core:batch_search:gdn-h2-ev10-s126-d123-b64-ga4-fp32-noearly4ep:2048x512:n32,20260526-longer-mqar-official-core:batch_search:gdn-h2-ev10-s126-d123-b64-ga4-fp32-noearly4ep:2048x512:n32,20260526-longer-mqar-official-core,longer_mqar_eval_only,longer_mqar_eval_only_vocab8192_official_core_20260526,batch_search,completed,2026-05-25T22:47:36.691481+00:00,gdn,gdn-h2-ev10-s126-d123-b64-ga4-fp32-noearly4ep,h2_ev10_multiseed_candidate,gdn-h2-ev10-usegate0-s126-d123,b64_ga4_fp32_official,b64_ga4_fp32_official,official_gdn_h2_ev10_multiseed_followup_b64_ga4_fp32,64,16,4,256,b64_ga4,float32,float32,float32,float32,float32,float32,126,123,gdn-h2-ev10-usegate0,gdn-h2-ev10-usegate0-s126-d123,,,2,10,false,true,4,4,4,2,true,checkpoints/flash-vqg-20260520-gdn-h2-ev10-multiseed-followup-gdn-h2-ev10-s126-2026-05-20-12-21-51/gdn-h2-ev10-s126-d123-b64-ga4-fp32-noearly4ep/train_config.json,/home/lyj/mnt/project/zoology/checkpoints/flash-vqg-20260520-gdn-h2-ev10-multiseed-followup-gdn-h2-ev10-s126-2026-05-20-12-21-51/gdn-h2-ev10-s126-d123-b64-ga4-fp32-noearly4ep/train_config.json,24bd2e732a551e5e0288ae46a5371f72a0e130237f6a9be88b56db7ac6464fbc,sha256:76c6a492b8da50d0826b4e28fd6626a01323c8245e819ed35c20c923dbe3b7fd,last.pt_epoch4_final,checkpoints/flash-vqg-20260520-gdn-h2-ev10-multiseed-followup-gdn-h2-ev10-s126-2026-05-20-12-21-51/gdn-h2-ev10-s126-d123-b64-ga4-fp32-noearly4ep/last.pt,/home/lyj/mnt/project/zoology/checkpoints/flash-vqg-20260520-gdn-h2-ev10-multiseed-followup-gdn-h2-ev10-s126-2026-05-20-12-21-51/gdn-h2-ev10-s126-d123-b64-ga4-fp32-noearly4ep/last.pt,true,76c6a492b8da50d0826b4e28fd6626a01323c8245e819ed35c20c923dbe3b7fd,9942975,2026-05-20T12:32:25.946429+00:00,3,,0.30599454045295715,0.976080078125,0.812796875,1434630,81920,81920,mqar-vocab8192-pass1-seed123-rnq1-power0.01-2048x512-n32,multiquery_ar,8192,2048,512,1,32,32,true,123,true,0.01,,,completed,2048x512,2048,512,32,32;16;8;4;2;1,32,4110.60009765625,,same_gpu_same_dtype_same_runner_only,true,1,1,NVIDIA GeForce RTX 2080 Ti,11264,7.5,GPU-0def3eeb-c2d0-4f49-ec2a-ebc1d8453b98,2.6.0+cu118,11.8,550.120,float32,float32,b64_ga4_fp32_official,NVIDIA_GeForce_RTX_2080_Ti-11264MiB-cc7.5-driver550.120-torch2.6.0+cu118-cuda11.8,4.8572096824646,0.33013916015625,4.8572096824646,0.33013916015625,25.6777126789093,00:00:25,4110.60009765625,4110.60009765625,6460.0,NVIDIA_GeForce_RTX_2080_Ti-11264MiB-cc7.5-driver550.120-torch2.6.0+cu118-cuda11.8,measured_current_host,1,1,NVIDIA GeForce RTX 2080 Ti,11264,7.5,GPU-0def3eeb-c2d0-4f49-ec2a-ebc1d8453b98,2.6.0+cu118,11.8,550.120,8eb730be36bbb0876ed83a332d364c65acb36b28,8eb730be36bbb0876ed83a332d364c65acb36b28,811e1ce5f140e97d93ad6f1adae07b95b4219143,docs/artifacts/longer-mqar/official-core-20260526,docs/artifacts/20260520-gdn-h2-ev10-multiseed-followup/gdn-h2-ev10-final.csv,tmp/20260526-longer-mqar-official-core/logs/batch-search-candidate-gdn-h2-ev10-s126-d123-b64-ga4-fp32-noearly4ep-2048x512-n32-b32-gpu1.log,,,,123,34ea18c38dae38e2860b711425f27d090597975373a954d128324e3a04dcb012,"sha256(inputs,labels)",32x2048,32x2048,32,torch.int64/torch.int64,76c6a492b8da50d0826b4e28fd6626a01323c8245e819ed35c20c923dbe3b7fd,sha256,passed,true,,,,
2,20260526-longer-mqar-official-core:batch_search:gdn-h2-ev10-s126-d123-b64-ga4-fp32-noearly4ep:4096x1024:n32,20260526-longer-mqar-official-core:batch_search:gdn-h2-ev10-s126-d123-b64-ga4-fp32-noearly4ep:4096x1024:n32,20260526-longer-mqar-official-core,longer_mqar_eval_only,longer_mqar_eval_only_vocab8192_official_core_20260526,batch_search,completed,2026-05-25T22:48:09.127382+00:00,gdn,gdn-h2-ev10-s126-d123-b64-ga4-fp32-noearly4ep,h2_ev10_multiseed_candidate,gdn-h2-ev10-usegate0-s126-d123,b64_ga4_fp32_official,b64_ga4_fp32_official,official_gdn_h2_ev10_multiseed_followup_b64_ga4_fp32,64,16,4,256,b64_ga4,float32,float32,float32,float32,float32,float32,126,123,gdn-h2-ev10-usegate0,gdn-h2-ev10-usegate0-s126-d123,,,2,10,false,true,4,4,4,2,true,checkpoints/flash-vqg-20260520-gdn-h2-ev10-multiseed-followup-gdn-h2-ev10-s126-2026-05-20-12-21-51/gdn-h2-ev10-s126-d123-b64-ga4-fp32-noearly4ep/train_config.json,/home/lyj/mnt/project/zoology/checkpoints/flash-vqg-20260520-gdn-h2-ev10-multiseed-followup-gdn-h2-ev10-s126-2026-05-20-12-21-51/gdn-h2-ev10-s126-d123-b64-ga4-fp32-noearly4ep/train_config.json,24bd2e732a551e5e0288ae46a5371f72a0e130237f6a9be88b56db7ac6464fbc,sha256:76c6a492b8da50d0826b4e28fd6626a01323c8245e819ed35c20c923dbe3b7fd,last.pt_epoch4_final,checkpoints/flash-vqg-20260520-gdn-h2-ev10-multiseed-followup-gdn-h2-ev10-s126-2026-05-20-12-21-51/gdn-h2-ev10-s126-d123-b64-ga4-fp32-noearly4ep/last.pt,/home/lyj/mnt/project/zoology/checkpoints/flash-vqg-20260520-gdn-h2-ev10-multiseed-followup-gdn-h2-ev10-s126-2026-05-20-12-21-51/gdn-h2-ev10-s126-d123-b64-ga4-fp32-noearly4ep/last.pt,true,76c6a492b8da50d0826b4e28fd6626a01323c8245e819ed35c20c923dbe3b7fd,9942975,2026-05-20T12:32:25.946429+00:00,3,,0.30599454045295715,0.976080078125,0.812796875,1434630,81920,81920,mqar-vocab8192-pass1-seed123-rnq1-power0.01-4096x1024-n32,multiquery_ar,8192,4096,1024,1,32,32,true,123,true,0.01,,,completed,4096x1024,4096,1024,32,32;16;8;4;2;1,32,8207.60009765625,,same_gpu_same_dtype_same_runner_only,true,1,1,NVIDIA GeForce RTX 2080 Ti,11264,7.5,GPU-0def3eeb-c2d0-4f49-ec2a-ebc1d8453b98,2.6.0+cu118,11.8,550.120,float32,float32,b64_ga4_fp32_official,NVIDIA_GeForce_RTX_2080_Ti-11264MiB-cc7.5-driver550.120-torch2.6.0+cu118-cuda11.8,7.607659816741943,0.069976806640625,7.607659816741943,0.069976806640625,31.544256687164307,00:00:31,8207.60009765625,8207.60009765625,8288.0,NVIDIA_GeForce_RTX_2080_Ti-11264MiB-cc7.5-driver550.120-torch2.6.0+cu118-cuda11.8,measured_current_host,1,1,NVIDIA GeForce RTX 2080 Ti,11264,7.5,GPU-0def3eeb-c2d0-4f49-ec2a-ebc1d8453b98,2.6.0+cu118,11.8,550.120,8eb730be36bbb0876ed83a332d364c65acb36b28,8eb730be36bbb0876ed83a332d364c65acb36b28,811e1ce5f140e97d93ad6f1adae07b95b4219143,docs/artifacts/longer-mqar/official-core-20260526,docs/artifacts/20260520-gdn-h2-ev10-multiseed-followup/gdn-h2-ev10-final.csv,tmp/20260526-longer-mqar-official-core/logs/batch-search-candidate-gdn-h2-ev10-s126-d123-b64-ga4-fp32-noearly4ep-4096x1024-n32-b32-gpu1.log,,,,123,55274181d24158d3fe53491784d87fabe3a981427663df2ac8ed40876e72a1b8,"sha256(inputs,labels)",32x4096,32x4096,32,torch.int64/torch.int64,76c6a492b8da50d0826b4e28fd6626a01323c8245e819ed35c20c923dbe3b7fd,sha256,passed,true,,,,
2,20260526-longer-mqar-official-core:batch_search:gdn-h2-ev10-s126-d123-b64-ga4-fp32-noearly4ep:8190x512:n32,20260526-longer-mqar-official-core:batch_search:gdn-h2-ev10-s126-d123-b64-ga4-fp32-noearly4ep:8190x512:n32,20260526-longer-mqar-official-core,longer_mqar_eval_only,longer_mqar_eval_only_vocab8192_official_core_20260526,batch_search,completed,2026-05-25T22:49:26.084471+00:00,gdn,gdn-h2-ev10-s126-d123-b64-ga4-fp32-noearly4ep,h2_ev10_multiseed_candidate,gdn-h2-ev10-usegate0-s126-d123,b64_ga4_fp32_official,b64_ga4_fp32_official,official_gdn_h2_ev10_multiseed_followup_b64_ga4_fp32,64,16,4,256,b64_ga4,float32,float32,float32,float32,float32,float32,126,123,gdn-h2-ev10-usegate0,gdn-h2-ev10-usegate0-s126-d123,,,2,10,false,true,4,4,4,2,true,checkpoints/flash-vqg-20260520-gdn-h2-ev10-multiseed-followup-gdn-h2-ev10-s126-2026-05-20-12-21-51/gdn-h2-ev10-s126-d123-b64-ga4-fp32-noearly4ep/train_config.json,/home/lyj/mnt/project/zoology/checkpoints/flash-vqg-20260520-gdn-h2-ev10-multiseed-followup-gdn-h2-ev10-s126-2026-05-20-12-21-51/gdn-h2-ev10-s126-d123-b64-ga4-fp32-noearly4ep/train_config.json,24bd2e732a551e5e0288ae46a5371f72a0e130237f6a9be88b56db7ac6464fbc,sha256:76c6a492b8da50d0826b4e28fd6626a01323c8245e819ed35c20c923dbe3b7fd,last.pt_epoch4_final,checkpoints/flash-vqg-20260520-gdn-h2-ev10-multiseed-followup-gdn-h2-ev10-s126-2026-05-20-12-21-51/gdn-h2-ev10-s126-d123-b64-ga4-fp32-noearly4ep/last.pt,/home/lyj/mnt/project/zoology/checkpoints/flash-vqg-20260520-gdn-h2-ev10-multiseed-followup-gdn-h2-ev10-s126-2026-05-20-12-21-51/gdn-h2-ev10-s126-d123-b64-ga4-fp32-noearly4ep/last.pt,true,76c6a492b8da50d0826b4e28fd6626a01323c8245e819ed35c20c923dbe3b7fd,9942975,2026-05-20T12:32:25.946429+00:00,3,,0.30599454045295715,0.976080078125,0.812796875,1434630,81920,81920,mqar-vocab8192-pass1-seed123-rnq1-power0.01-8190x512-n32,multiquery_ar,8192,8190,512,1,32,16,true,123,true,0.01,,,completed,8190x512,8190,512,32,32;16;8;4;2;1,16,8208.60107421875,"b32:oom:oom:torch.OutOfMemoryError: CUDA out of memory. Tried to allocate 8.00 GiB. GPU 0 has a total capacity of 10.75 GiB of which 1.92 GiB is free. Process 1236147 has 8.82 GiB memory in use. Of the allocated memory 8.02 GiB is allocated by PyTorch, and 4.40 MiB is reserved by PyTorch but unallocated. If reserved but unallocated memory is large try setting PYTORCH_CUDA_ALLOC_CONF=expandable_segments:True to avoid fragmentation.  See documentation for Memory Management  (https://pytorch.org/docs/stable/notes/cuda.html#environment-variables)",same_gpu_same_dtype_same_runner_only,true,1,1,NVIDIA GeForce RTX 2080 Ti,11264,7.5,GPU-0def3eeb-c2d0-4f49-ec2a-ebc1d8453b98,2.6.0+cu118,11.8,550.120,float32,float32,b64_ga4_fp32_official,NVIDIA_GeForce_RTX_2080_Ti-11264MiB-cc7.5-driver550.120-torch2.6.0+cu118-cuda11.8,5.991849899291992,0.20892333984375,5.991849899291992,0.20892333984375,31.9604332447052,00:00:31,8208.60107421875,8208.60107421875,8286.0,NVIDIA_GeForce_RTX_2080_Ti-11264MiB-cc7.5-driver550.120-torch2.6.0+cu118-cuda11.8,measured_current_host,1,1,NVIDIA GeForce RTX 2080 Ti,11264,7.5,GPU-0def3eeb-c2d0-4f49-ec2a-ebc1d8453b98,2.6.0+cu118,11.8,550.120,8eb730be36bbb0876ed83a332d364c65acb36b28,8eb730be36bbb0876ed83a332d364c65acb36b28,811e1ce5f140e97d93ad6f1adae07b95b4219143,docs/artifacts/longer-mqar/official-core-20260526,docs/artifacts/20260520-gdn-h2-ev10-multiseed-followup/gdn-h2-ev10-final.csv,tmp/20260526-longer-mqar-official-core/logs/batch-search-candidate-gdn-h2-ev10-s126-d123-b64-ga4-fp32-noearly4ep-8190x512-n32-b16-gpu1.log,,,,123,23d7ffc7467f8e355ec7cb4c739cf5494449c559427d204883d63d7dca4f4351,"sha256(inputs,labels)",32x8190,32x8190,32,torch.int64/torch.int64,76c6a492b8da50d0826b4e28fd6626a01323c8245e819ed35c20c923dbe3b7fd,sha256,passed,true,,,,
2,20260526-longer-mqar-official-core:batch_search:gdn-h2-ev10-s126-d123-b64-ga4-fp32-noearly4ep:8190x2047:n32,20260526-longer-mqar-official-core:batch_search:gdn-h2-ev10-s126-d123-b64-ga4-fp32-noearly4ep:8190x2047:n32,20260526-longer-mqar-official-core,longer_mqar_eval_only,longer_mqar_eval_only_vocab8192_official_core_20260526,batch_search,completed,2026-05-25T22:50:43.302340+00:00,gdn,gdn-h2-ev10-s126-d123-b64-ga4-fp32-noearly4ep,h2_ev10_multiseed_candidate,gdn-h2-ev10-usegate0-s126-d123,b64_ga4_fp32_official,b64_ga4_fp32_official,official_gdn_h2_ev10_multiseed_followup_b64_ga4_fp32,64,16,4,256,b64_ga4,float32,float32,float32,float32,float32,float32,126,123,gdn-h2-ev10-usegate0,gdn-h2-ev10-usegate0-s126-d123,,,2,10,false,true,4,4,4,2,true,checkpoints/flash-vqg-20260520-gdn-h2-ev10-multiseed-followup-gdn-h2-ev10-s126-2026-05-20-12-21-51/gdn-h2-ev10-s126-d123-b64-ga4-fp32-noearly4ep/train_config.json,/home/lyj/mnt/project/zoology/checkpoints/flash-vqg-20260520-gdn-h2-ev10-multiseed-followup-gdn-h2-ev10-s126-2026-05-20-12-21-51/gdn-h2-ev10-s126-d123-b64-ga4-fp32-noearly4ep/train_config.json,24bd2e732a551e5e0288ae46a5371f72a0e130237f6a9be88b56db7ac6464fbc,sha256:76c6a492b8da50d0826b4e28fd6626a01323c8245e819ed35c20c923dbe3b7fd,last.pt_epoch4_final,checkpoints/flash-vqg-20260520-gdn-h2-ev10-multiseed-followup-gdn-h2-ev10-s126-2026-05-20-12-21-51/gdn-h2-ev10-s126-d123-b64-ga4-fp32-noearly4ep/last.pt,/home/lyj/mnt/project/zoology/checkpoints/flash-vqg-20260520-gdn-h2-ev10-multiseed-followup-gdn-h2-ev10-s126-2026-05-20-12-21-51/gdn-h2-ev10-s126-d123-b64-ga4-fp32-noearly4ep/last.pt,true,76c6a492b8da50d0826b4e28fd6626a01323c8245e819ed35c20c923dbe3b7fd,9942975,2026-05-20T12:32:25.946429+00:00,3,,0.30599454045295715,0.976080078125,0.812796875,1434630,81920,81920,mqar-vocab8192-pass1-seed123-rnq1-power0.01-8190x2047-n32,multiquery_ar,8192,8190,2047,1,32,16,true,123,true,0.01,,,completed,8190x2047,8190,2047,32,32;16;8;4;2;1,16,8208.60107421875,"b32:oom:oom:torch.OutOfMemoryError: CUDA out of memory. Tried to allocate 8.00 GiB. GPU 0 has a total capacity of 10.75 GiB of which 1.92 GiB is free. Process 1236302 has 8.82 GiB memory in use. Of the allocated memory 8.02 GiB is allocated by PyTorch, and 4.40 MiB is reserved by PyTorch but unallocated. If reserved but unallocated memory is large try setting PYTORCH_CUDA_ALLOC_CONF=expandable_segments:True to avoid fragmentation.  See documentation for Memory Management  (https://pytorch.org/docs/stable/notes/cuda.html#environment-variables)",same_gpu_same_dtype_same_runner_only,true,1,1,NVIDIA GeForce RTX 2080 Ti,11264,7.5,GPU-0def3eeb-c2d0-4f49-ec2a-ebc1d8453b98,2.6.0+cu118,11.8,550.120,float32,float32,b64_ga4_fp32_official,NVIDIA_GeForce_RTX_2080_Ti-11264MiB-cc7.5-driver550.120-torch2.6.0+cu118-cuda11.8,9.207941055297852,0.005679042501221299,9.207941055297852,0.005679042501221299,32.12022066116333,00:00:32,8208.60107421875,8208.60107421875,8286.0,NVIDIA_GeForce_RTX_2080_Ti-11264MiB-cc7.5-driver550.120-torch2.6.0+cu118-cuda11.8,measured_current_host,1,1,NVIDIA GeForce RTX 2080 Ti,11264,7.5,GPU-0def3eeb-c2d0-4f49-ec2a-ebc1d8453b98,2.6.0+cu118,11.8,550.120,8eb730be36bbb0876ed83a332d364c65acb36b28,8eb730be36bbb0876ed83a332d364c65acb36b28,811e1ce5f140e97d93ad6f1adae07b95b4219143,docs/artifacts/longer-mqar/official-core-20260526,docs/artifacts/20260520-gdn-h2-ev10-multiseed-followup/gdn-h2-ev10-final.csv,tmp/20260526-longer-mqar-official-core/logs/batch-search-candidate-gdn-h2-ev10-s126-d123-b64-ga4-fp32-noearly4ep-8190x2047-n32-b16-gpu1.log,,,,123,70999303f8fadb4cbae8f973c8267ef97a6209a3b8e05f5385a1f26fa38408f5,"sha256(inputs,labels)",32x8190,32x8190,32,torch.int64/torch.int64,76c6a492b8da50d0826b4e28fd6626a01323c8245e819ed35c20c923dbe3b7fd,sha256,passed,true,,,,
2,20260526-longer-mqar-official-core:formal:gdn-h2-ev10-s126-d123-b64-ga4-fp32-noearly4ep:1024x256:n500,20260526-longer-mqar-official-core:formal:gdn-h2-ev10-s126-d123-b64-ga4-fp32-noearly4ep:1024x256:n500,20260526-longer-mqar-official-core,longer_mqar_eval_only,longer_mqar_eval_only_vocab8192_official_core_20260526,formal,completed,2026-05-25T22:51:14.669701+00:00,gdn,gdn-h2-ev10-s126-d123-b64-ga4-fp32-noearly4ep,h2_ev10_multiseed_candidate,gdn-h2-ev10-usegate0-s126-d123,b64_ga4_fp32_official,b64_ga4_fp32_official,official_gdn_h2_ev10_multiseed_followup_b64_ga4_fp32,64,16,4,256,b64_ga4,float32,float32,float32,float32,float32,float32,126,123,gdn-h2-ev10-usegate0,gdn-h2-ev10-usegate0-s126-d123,,,2,10,false,true,4,4,4,2,true,checkpoints/flash-vqg-20260520-gdn-h2-ev10-multiseed-followup-gdn-h2-ev10-s126-2026-05-20-12-21-51/gdn-h2-ev10-s126-d123-b64-ga4-fp32-noearly4ep/train_config.json,/home/lyj/mnt/project/zoology/checkpoints/flash-vqg-20260520-gdn-h2-ev10-multiseed-followup-gdn-h2-ev10-s126-2026-05-20-12-21-51/gdn-h2-ev10-s126-d123-b64-ga4-fp32-noearly4ep/train_config.json,24bd2e732a551e5e0288ae46a5371f72a0e130237f6a9be88b56db7ac6464fbc,sha256:76c6a492b8da50d0826b4e28fd6626a01323c8245e819ed35c20c923dbe3b7fd,last.pt_epoch4_final,checkpoints/flash-vqg-20260520-gdn-h2-ev10-multiseed-followup-gdn-h2-ev10-s126-2026-05-20-12-21-51/gdn-h2-ev10-s126-d123-b64-ga4-fp32-noearly4ep/last.pt,/home/lyj/mnt/project/zoology/checkpoints/flash-vqg-20260520-gdn-h2-ev10-multiseed-followup-gdn-h2-ev10-s126-2026-05-20-12-21-51/gdn-h2-ev10-s126-d123-b64-ga4-fp32-noearly4ep/last.pt,true,76c6a492b8da50d0826b4e28fd6626a01323c8245e819ed35c20c923dbe3b7fd,9942975,2026-05-20T12:32:25.946429+00:00,3,,0.30599454045295715,0.976080078125,0.812796875,1434630,81920,81920,mqar-vocab8192-pass1-seed123-rnq1-power0.01-1024x256-n500,multiquery_ar,8192,1024,256,1,500,32,true,123,true,0.01,,,completed,1024x256,1024,256,32,32;16;8;4;2;1,32,2062.10009765625,,same_gpu_same_dtype_same_runner_only,true,1,1,NVIDIA GeForce RTX 2080 Ti,11264,7.5,GPU-0def3eeb-c2d0-4f49-ec2a-ebc1d8453b98,2.6.0+cu118,11.8,550.120,float32,float32,b64_ga4_fp32_official,NVIDIA_GeForce_RTX_2080_Ti-11264MiB-cc7.5-driver550.120-torch2.6.0+cu118-cuda11.8,2.0092341899871826,0.8145390625,2.0092341899871826,0.8145390625,30.492640733718872,00:00:30,2062.35107421875,2062.35107421875,3534.0,NVIDIA_GeForce_RTX_2080_Ti-11264MiB-cc7.5-driver550.120-torch2.6.0+cu118-cuda11.8,measured_current_host,1,1,NVIDIA GeForce RTX 2080 Ti,11264,7.5,GPU-0def3eeb-c2d0-4f49-ec2a-ebc1d8453b98,2.6.0+cu118,11.8,550.120,8eb730be36bbb0876ed83a332d364c65acb36b28,8eb730be36bbb0876ed83a332d364c65acb36b28,811e1ce5f140e97d93ad6f1adae07b95b4219143,docs/artifacts/longer-mqar/official-core-20260526,docs/artifacts/20260520-gdn-h2-ev10-multiseed-followup/gdn-h2-ev10-final.csv,tmp/20260526-longer-mqar-official-core/logs/formal-gdn-h2-ev10-s126-d123-b64-ga4-fp32-noearly4ep-1024x256-n500-b32-gpu1.log,,,,123,f30f1e09e1300deb2e0f430d7c50c47a77f58f43657aa4d6f425f938a91a9acb,"sha256(inputs,labels)",500x1024,500x1024,500,torch.int64/torch.int64,76c6a492b8da50d0826b4e28fd6626a01323c8245e819ed35c20c923dbe3b7fd,sha256,passed,true,,,,
2,20260526-longer-mqar-official-core:formal:gdn-h2-ev10-s126-d123-b64-ga4-fp32-noearly4ep:2048x512:n500,20260526-longer-mqar-official-core:formal:gdn-h2-ev10-s126-d123-b64-ga4-fp32-noearly4ep:2048x512:n500,20260526-longer-mqar-official-core,longer_mqar_eval_only,longer_mqar_eval_only_vocab8192_official_core_20260526,formal,completed,2026-05-25T22:51:49.434122+00:00,gdn,gdn-h2-ev10-s126-d123-b64-ga4-fp32-noearly4ep,h2_ev10_multiseed_candidate,gdn-h2-ev10-usegate0-s126-d123,b64_ga4_fp32_official,b64_ga4_fp32_official,official_gdn_h2_ev10_multiseed_followup_b64_ga4_fp32,64,16,4,256,b64_ga4,float32,float32,float32,float32,float32,float32,126,123,gdn-h2-ev10-usegate0,gdn-h2-ev10-usegate0-s126-d123,,,2,10,false,true,4,4,4,2,true,checkpoints/flash-vqg-20260520-gdn-h2-ev10-multiseed-followup-gdn-h2-ev10-s126-2026-05-20-12-21-51/gdn-h2-ev10-s126-d123-b64-ga4-fp32-noearly4ep/train_config.json,/home/lyj/mnt/project/zoology/checkpoints/flash-vqg-20260520-gdn-h2-ev10-multiseed-followup-gdn-h2-ev10-s126-2026-05-20-12-21-51/gdn-h2-ev10-s126-d123-b64-ga4-fp32-noearly4ep/train_config.json,24bd2e732a551e5e0288ae46a5371f72a0e130237f6a9be88b56db7ac6464fbc,sha256:76c6a492b8da50d0826b4e28fd6626a01323c8245e819ed35c20c923dbe3b7fd,last.pt_epoch4_final,checkpoints/flash-vqg-20260520-gdn-h2-ev10-multiseed-followup-gdn-h2-ev10-s126-2026-05-20-12-21-51/gdn-h2-ev10-s126-d123-b64-ga4-fp32-noearly4ep/last.pt,/home/lyj/mnt/project/zoology/checkpoints/flash-vqg-20260520-gdn-h2-ev10-multiseed-followup-gdn-h2-ev10-s126-2026-05-20-12-21-51/gdn-h2-ev10-s126-d123-b64-ga4-fp32-noearly4ep/last.pt,true,76c6a492b8da50d0826b4e28fd6626a01323c8245e819ed35c20c923dbe3b7fd,9942975,2026-05-20T12:32:25.946429+00:00,3,,0.30599454045295715,0.976080078125,0.812796875,1434630,81920,81920,mqar-vocab8192-pass1-seed123-rnq1-power0.01-2048x512-n500,multiquery_ar,8192,2048,512,1,500,32,true,123,true,0.01,,,completed,2048x512,2048,512,32,32;16;8;4;2;1,32,4110.60009765625,,same_gpu_same_dtype_same_runner_only,true,1,1,NVIDIA GeForce RTX 2080 Ti,11264,7.5,GPU-0def3eeb-c2d0-4f49-ec2a-ebc1d8453b98,2.6.0+cu118,11.8,550.120,float32,float32,b64_ga4_fp32_official,NVIDIA_GeForce_RTX_2080_Ti-11264MiB-cc7.5-driver550.120-torch2.6.0+cu118-cuda11.8,4.8737030029296875,0.33010546875,4.8737030029296875,0.33010546875,33.864875078201294,00:00:33,4111.10107421875,4111.10107421875,6460.0,NVIDIA_GeForce_RTX_2080_Ti-11264MiB-cc7.5-driver550.120-torch2.6.0+cu118-cuda11.8,measured_current_host,1,1,NVIDIA GeForce RTX 2080 Ti,11264,7.5,GPU-0def3eeb-c2d0-4f49-ec2a-ebc1d8453b98,2.6.0+cu118,11.8,550.120,8eb730be36bbb0876ed83a332d364c65acb36b28,8eb730be36bbb0876ed83a332d364c65acb36b28,811e1ce5f140e97d93ad6f1adae07b95b4219143,docs/artifacts/longer-mqar/official-core-20260526,docs/artifacts/20260520-gdn-h2-ev10-multiseed-followup/gdn-h2-ev10-final.csv,tmp/20260526-longer-mqar-official-core/logs/formal-gdn-h2-ev10-s126-d123-b64-ga4-fp32-noearly4ep-2048x512-n500-b32-gpu1.log,,,,123,e446efc9f4dc774377c56c403a468c747870beb18ff0320f15df794dcb69f015,"sha256(inputs,labels)",500x2048,500x2048,500,torch.int64/torch.int64,76c6a492b8da50d0826b4e28fd6626a01323c8245e819ed35c20c923dbe3b7fd,sha256,passed,true,,,,
2,20260526-longer-mqar-official-core:formal:gdn-h2-ev10-s126-d123-b64-ga4-fp32-noearly4ep:4096x1024:n500,20260526-longer-mqar-official-core:formal:gdn-h2-ev10-s126-d123-b64-ga4-fp32-noearly4ep:4096x1024:n500,20260526-longer-mqar-official-core,longer_mqar_eval_only,longer_mqar_eval_only_vocab8192_official_core_20260526,formal,completed,2026-05-25T22:52:31.376771+00:00,gdn,gdn-h2-ev10-s126-d123-b64-ga4-fp32-noearly4ep,h2_ev10_multiseed_candidate,gdn-h2-ev10-usegate0-s126-d123,b64_ga4_fp32_official,b64_ga4_fp32_official,official_gdn_h2_ev10_multiseed_followup_b64_ga4_fp32,64,16,4,256,b64_ga4,float32,float32,float32,float32,float32,float32,126,123,gdn-h2-ev10-usegate0,gdn-h2-ev10-usegate0-s126-d123,,,2,10,false,true,4,4,4,2,true,checkpoints/flash-vqg-20260520-gdn-h2-ev10-multiseed-followup-gdn-h2-ev10-s126-2026-05-20-12-21-51/gdn-h2-ev10-s126-d123-b64-ga4-fp32-noearly4ep/train_config.json,/home/lyj/mnt/project/zoology/checkpoints/flash-vqg-20260520-gdn-h2-ev10-multiseed-followup-gdn-h2-ev10-s126-2026-05-20-12-21-51/gdn-h2-ev10-s126-d123-b64-ga4-fp32-noearly4ep/train_config.json,24bd2e732a551e5e0288ae46a5371f72a0e130237f6a9be88b56db7ac6464fbc,sha256:76c6a492b8da50d0826b4e28fd6626a01323c8245e819ed35c20c923dbe3b7fd,last.pt_epoch4_final,checkpoints/flash-vqg-20260520-gdn-h2-ev10-multiseed-followup-gdn-h2-ev10-s126-2026-05-20-12-21-51/gdn-h2-ev10-s126-d123-b64-ga4-fp32-noearly4ep/last.pt,/home/lyj/mnt/project/zoology/checkpoints/flash-vqg-20260520-gdn-h2-ev10-multiseed-followup-gdn-h2-ev10-s126-2026-05-20-12-21-51/gdn-h2-ev10-s126-d123-b64-ga4-fp32-noearly4ep/last.pt,true,76c6a492b8da50d0826b4e28fd6626a01323c8245e819ed35c20c923dbe3b7fd,9942975,2026-05-20T12:32:25.946429+00:00,3,,0.30599454045295715,0.976080078125,0.812796875,1434630,81920,81920,mqar-vocab8192-pass1-seed123-rnq1-power0.01-4096x1024-n500,multiquery_ar,8192,4096,1024,1,500,32,true,123,true,0.01,,,completed,4096x1024,4096,1024,32,32;16;8;4;2;1,32,8207.60009765625,,same_gpu_same_dtype_same_runner_only,true,1,1,NVIDIA GeForce RTX 2080 Ti,11264,7.5,GPU-0def3eeb-c2d0-4f49-ec2a-ebc1d8453b98,2.6.0+cu118,11.8,550.120,float32,float32,b64_ga4_fp32_official,NVIDIA_GeForce_RTX_2080_Ti-11264MiB-cc7.5-driver550.120-torch2.6.0+cu118-cuda11.8,7.587645530700684,0.070939453125,7.587645530700684,0.070939453125,41.074641942977905,00:00:41,8208.60107421875,8208.60107421875,8288.0,NVIDIA_GeForce_RTX_2080_Ti-11264MiB-cc7.5-driver550.120-torch2.6.0+cu118-cuda11.8,measured_current_host,1,1,NVIDIA GeForce RTX 2080 Ti,11264,7.5,GPU-0def3eeb-c2d0-4f49-ec2a-ebc1d8453b98,2.6.0+cu118,11.8,550.120,8eb730be36bbb0876ed83a332d364c65acb36b28,8eb730be36bbb0876ed83a332d364c65acb36b28,811e1ce5f140e97d93ad6f1adae07b95b4219143,docs/artifacts/longer-mqar/official-core-20260526,docs/artifacts/20260520-gdn-h2-ev10-multiseed-followup/gdn-h2-ev10-final.csv,tmp/20260526-longer-mqar-official-core/logs/formal-gdn-h2-ev10-s126-d123-b64-ga4-fp32-noearly4ep-4096x1024-n500-b32-gpu1.log,,,,123,0981292ce8ebea1402a4c3a7a6655dfc1de42688c329bd5ea921541a0f1d16ed,"sha256(inputs,labels)",500x4096,500x4096,500,torch.int64/torch.int64,76c6a492b8da50d0826b4e28fd6626a01323c8245e819ed35c20c923dbe3b7fd,sha256,passed,true,,,,
2,20260526-longer-mqar-official-core:formal:gdn-h2-ev10-s126-d123-b64-ga4-fp32-noearly4ep:8190x512:n500,20260526-longer-mqar-official-core:formal:gdn-h2-ev10-s126-d123-b64-ga4-fp32-noearly4ep:8190x512:n500,20260526-longer-mqar-official-core,longer_mqar_eval_only,longer_mqar_eval_only_vocab8192_official_core_20260526,formal,completed,2026-05-25T22:53:15.764231+00:00,gdn,gdn-h2-ev10-s126-d123-b64-ga4-fp32-noearly4ep,h2_ev10_multiseed_candidate,gdn-h2-ev10-usegate0-s126-d123,b64_ga4_fp32_official,b64_ga4_fp32_official,official_gdn_h2_ev10_multiseed_followup_b64_ga4_fp32,64,16,4,256,b64_ga4,float32,float32,float32,float32,float32,float32,126,123,gdn-h2-ev10-usegate0,gdn-h2-ev10-usegate0-s126-d123,,,2,10,false,true,4,4,4,2,true,checkpoints/flash-vqg-20260520-gdn-h2-ev10-multiseed-followup-gdn-h2-ev10-s126-2026-05-20-12-21-51/gdn-h2-ev10-s126-d123-b64-ga4-fp32-noearly4ep/train_config.json,/home/lyj/mnt/project/zoology/checkpoints/flash-vqg-20260520-gdn-h2-ev10-multiseed-followup-gdn-h2-ev10-s126-2026-05-20-12-21-51/gdn-h2-ev10-s126-d123-b64-ga4-fp32-noearly4ep/train_config.json,24bd2e732a551e5e0288ae46a5371f72a0e130237f6a9be88b56db7ac6464fbc,sha256:76c6a492b8da50d0826b4e28fd6626a01323c8245e819ed35c20c923dbe3b7fd,last.pt_epoch4_final,checkpoints/flash-vqg-20260520-gdn-h2-ev10-multiseed-followup-gdn-h2-ev10-s126-2026-05-20-12-21-51/gdn-h2-ev10-s126-d123-b64-ga4-fp32-noearly4ep/last.pt,/home/lyj/mnt/project/zoology/checkpoints/flash-vqg-20260520-gdn-h2-ev10-multiseed-followup-gdn-h2-ev10-s126-2026-05-20-12-21-51/gdn-h2-ev10-s126-d123-b64-ga4-fp32-noearly4ep/last.pt,true,76c6a492b8da50d0826b4e28fd6626a01323c8245e819ed35c20c923dbe3b7fd,9942975,2026-05-20T12:32:25.946429+00:00,3,,0.30599454045295715,0.976080078125,0.812796875,1434630,81920,81920,mqar-vocab8192-pass1-seed123-rnq1-power0.01-8190x512-n500,multiquery_ar,8192,8190,512,1,500,16,true,123,true,0.01,,,completed,8190x2047,8190,2047,32,32;16;8;4;2;1,16,8208.60107421875,"b32:oom:oom:torch.OutOfMemoryError: CUDA out of memory. Tried to allocate 8.00 GiB. GPU 0 has a total capacity of 10.75 GiB of which 1.92 GiB is free. Process 1236302 has 8.82 GiB memory in use. Of the allocated memory 8.02 GiB is allocated by PyTorch, and 4.40 MiB is reserved by PyTorch but unallocated. If reserved but unallocated memory is large try setting PYTORCH_CUDA_ALLOC_CONF=expandable_segments:True to avoid fragmentation.  See documentation for Memory Management  (https://pytorch.org/docs/stable/notes/cuda.html#environment-variables)",same_gpu_same_dtype_same_runner_only,true,1,1,NVIDIA GeForce RTX 2080 Ti,11264,7.5,GPU-0def3eeb-c2d0-4f49-ec2a-ebc1d8453b98,2.6.0+cu118,11.8,550.120,float32,float32,b64_ga4_fp32_official,NVIDIA_GeForce_RTX_2080_Ti-11264MiB-cc7.5-driver550.120-torch2.6.0+cu118-cuda11.8,5.96981143951416,0.2113203125,5.96981143951416,0.2113203125,43.504658937454224,00:00:43,8208.60107421875,8208.60107421875,8286.0,NVIDIA_GeForce_RTX_2080_Ti-11264MiB-cc7.5-driver550.120-torch2.6.0+cu118-cuda11.8,measured_current_host,1,1,NVIDIA GeForce RTX 2080 Ti,11264,7.5,GPU-0def3eeb-c2d0-4f49-ec2a-ebc1d8453b98,2.6.0+cu118,11.8,550.120,8eb730be36bbb0876ed83a332d364c65acb36b28,8eb730be36bbb0876ed83a332d364c65acb36b28,811e1ce5f140e97d93ad6f1adae07b95b4219143,docs/artifacts/longer-mqar/official-core-20260526,docs/artifacts/20260520-gdn-h2-ev10-multiseed-followup/gdn-h2-ev10-final.csv,tmp/20260526-longer-mqar-official-core/logs/formal-gdn-h2-ev10-s126-d123-b64-ga4-fp32-noearly4ep-8190x512-n500-b16-gpu1.log,,,,123,37a8533a985fabd3db03daf9dfd3a8e0936513ab724039c63b9a22bf352d002d,"sha256(inputs,labels)",500x8190,500x8190,500,torch.int64/torch.int64,76c6a492b8da50d0826b4e28fd6626a01323c8245e819ed35c20c923dbe3b7fd,sha256,passed,true,,,,
2,20260526-longer-mqar-official-core:formal:gdn-h2-ev10-s126-d123-b64-ga4-fp32-noearly4ep:8190x2047:n500,20260526-longer-mqar-official-core:formal:gdn-h2-ev10-s126-d123-b64-ga4-fp32-noearly4ep:8190x2047:n500,20260526-longer-mqar-official-core,longer_mqar_eval_only,longer_mqar_eval_only_vocab8192_official_core_20260526,formal,completed,2026-05-25T22:54:00.417232+00:00,gdn,gdn-h2-ev10-s126-d123-b64-ga4-fp32-noearly4ep,h2_ev10_multiseed_candidate,gdn-h2-ev10-usegate0-s126-d123,b64_ga4_fp32_official,b64_ga4_fp32_official,official_gdn_h2_ev10_multiseed_followup_b64_ga4_fp32,64,16,4,256,b64_ga4,float32,float32,float32,float32,float32,float32,126,123,gdn-h2-ev10-usegate0,gdn-h2-ev10-usegate0-s126-d123,,,2,10,false,true,4,4,4,2,true,checkpoints/flash-vqg-20260520-gdn-h2-ev10-multiseed-followup-gdn-h2-ev10-s126-2026-05-20-12-21-51/gdn-h2-ev10-s126-d123-b64-ga4-fp32-noearly4ep/train_config.json,/home/lyj/mnt/project/zoology/checkpoints/flash-vqg-20260520-gdn-h2-ev10-multiseed-followup-gdn-h2-ev10-s126-2026-05-20-12-21-51/gdn-h2-ev10-s126-d123-b64-ga4-fp32-noearly4ep/train_config.json,24bd2e732a551e5e0288ae46a5371f72a0e130237f6a9be88b56db7ac6464fbc,sha256:76c6a492b8da50d0826b4e28fd6626a01323c8245e819ed35c20c923dbe3b7fd,last.pt_epoch4_final,checkpoints/flash-vqg-20260520-gdn-h2-ev10-multiseed-followup-gdn-h2-ev10-s126-2026-05-20-12-21-51/gdn-h2-ev10-s126-d123-b64-ga4-fp32-noearly4ep/last.pt,/home/lyj/mnt/project/zoology/checkpoints/flash-vqg-20260520-gdn-h2-ev10-multiseed-followup-gdn-h2-ev10-s126-2026-05-20-12-21-51/gdn-h2-ev10-s126-d123-b64-ga4-fp32-noearly4ep/last.pt,true,76c6a492b8da50d0826b4e28fd6626a01323c8245e819ed35c20c923dbe3b7fd,9942975,2026-05-20T12:32:25.946429+00:00,3,,0.30599454045295715,0.976080078125,0.812796875,1434630,81920,81920,mqar-vocab8192-pass1-seed123-rnq1-power0.01-8190x2047-n500,multiquery_ar,8192,8190,2047,1,500,16,true,123,true,0.01,,,completed,8190x2047,8190,2047,32,32;16;8;4;2;1,16,8208.60107421875,"b32:oom:oom:torch.OutOfMemoryError: CUDA out of memory. Tried to allocate 8.00 GiB. GPU 0 has a total capacity of 10.75 GiB of which 1.92 GiB is free. Process 1236302 has 8.82 GiB memory in use. Of the allocated memory 8.02 GiB is allocated by PyTorch, and 4.40 MiB is reserved by PyTorch but unallocated. If reserved but unallocated memory is large try setting PYTORCH_CUDA_ALLOC_CONF=expandable_segments:True to avoid fragmentation.  See documentation for Memory Management  (https://pytorch.org/docs/stable/notes/cuda.html#environment-variables)",same_gpu_same_dtype_same_runner_only,true,1,1,NVIDIA GeForce RTX 2080 Ti,11264,7.5,GPU-0def3eeb-c2d0-4f49-ec2a-ebc1d8453b98,2.6.0+cu118,11.8,550.120,float32,float32,b64_ga4_fp32_official,NVIDIA_GeForce_RTX_2080_Ti-11264MiB-cc7.5-driver550.120-torch2.6.0+cu118-cuda11.8,9.207425117492676,0.005278944797264289,9.207425117492676,0.005278944797264289,43.754674673080444,00:00:43,8208.60107421875,8208.60107421875,8286.0,NVIDIA_GeForce_RTX_2080_Ti-11264MiB-cc7.5-driver550.120-torch2.6.0+cu118-cuda11.8,measured_current_host,1,1,NVIDIA GeForce RTX 2080 Ti,11264,7.5,GPU-0def3eeb-c2d0-4f49-ec2a-ebc1d8453b98,2.6.0+cu118,11.8,550.120,8eb730be36bbb0876ed83a332d364c65acb36b28,8eb730be36bbb0876ed83a332d364c65acb36b28,811e1ce5f140e97d93ad6f1adae07b95b4219143,docs/artifacts/longer-mqar/official-core-20260526,docs/artifacts/20260520-gdn-h2-ev10-multiseed-followup/gdn-h2-ev10-final.csv,tmp/20260526-longer-mqar-official-core/logs/formal-gdn-h2-ev10-s126-d123-b64-ga4-fp32-noearly4ep-8190x2047-n500-b16-gpu1.log,,,,123,8c16a91ea127bb7bf2130238ecd56b49fb1fd73bb3e0c2f4c586ddba8e9b97a9,"sha256(inputs,labels)",500x8190,500x8190,500,torch.int64/torch.int64,76c6a492b8da50d0826b4e28fd6626a01323c8245e819ed35c20c923dbe3b7fd,sha256,passed,true,,,,
2,20260526-longer-mqar-official-core:repro:gdn-h2-ev10-s126-d123-b64-ga4-fp32-noearly4ep:1024x256:n500,20260526-longer-mqar-official-core:repro:gdn-h2-ev10-s126-d123-b64-ga4-fp32-noearly4ep:1024x256:n500,20260526-longer-mqar-official-core,longer_mqar_eval_only,longer_mqar_eval_only_vocab8192_official_core_20260526,repro,completed,2026-05-25T22:54:32.104380+00:00,gdn,gdn-h2-ev10-s126-d123-b64-ga4-fp32-noearly4ep,h2_ev10_multiseed_candidate,gdn-h2-ev10-usegate0-s126-d123,b64_ga4_fp32_official,b64_ga4_fp32_official,official_gdn_h2_ev10_multiseed_followup_b64_ga4_fp32,64,16,4,256,b64_ga4,float32,float32,float32,float32,float32,float32,126,123,gdn-h2-ev10-usegate0,gdn-h2-ev10-usegate0-s126-d123,,,2,10,false,true,4,4,4,2,true,checkpoints/flash-vqg-20260520-gdn-h2-ev10-multiseed-followup-gdn-h2-ev10-s126-2026-05-20-12-21-51/gdn-h2-ev10-s126-d123-b64-ga4-fp32-noearly4ep/train_config.json,/home/lyj/mnt/project/zoology/checkpoints/flash-vqg-20260520-gdn-h2-ev10-multiseed-followup-gdn-h2-ev10-s126-2026-05-20-12-21-51/gdn-h2-ev10-s126-d123-b64-ga4-fp32-noearly4ep/train_config.json,24bd2e732a551e5e0288ae46a5371f72a0e130237f6a9be88b56db7ac6464fbc,sha256:76c6a492b8da50d0826b4e28fd6626a01323c8245e819ed35c20c923dbe3b7fd,last.pt_epoch4_final,checkpoints/flash-vqg-20260520-gdn-h2-ev10-multiseed-followup-gdn-h2-ev10-s126-2026-05-20-12-21-51/gdn-h2-ev10-s126-d123-b64-ga4-fp32-noearly4ep/last.pt,/home/lyj/mnt/project/zoology/checkpoints/flash-vqg-20260520-gdn-h2-ev10-multiseed-followup-gdn-h2-ev10-s126-2026-05-20-12-21-51/gdn-h2-ev10-s126-d123-b64-ga4-fp32-noearly4ep/last.pt,true,76c6a492b8da50d0826b4e28fd6626a01323c8245e819ed35c20c923dbe3b7fd,9942975,2026-05-20T12:32:25.946429+00:00,3,,0.30599454045295715,0.976080078125,0.812796875,1434630,81920,81920,mqar-vocab8192-pass1-seed123-rnq1-power0.01-1024x256-n500,multiquery_ar,8192,1024,256,1,500,32,false,123,true,0.01,,,,,,,,,,,,,,,,,,,,,,,,,,,2.0092341899871826,0.8145390625,2.0092341899871826,0.8145390625,30.834497690200806,00:00:30,2062.35107421875,2062.35107421875,3534.0,NVIDIA_GeForce_RTX_2080_Ti-11264MiB-cc7.5-driver550.120-torch2.6.0+cu118-cuda11.8,measured_current_host,1,1,NVIDIA GeForce RTX 2080 Ti,11264,7.5,GPU-0def3eeb-c2d0-4f49-ec2a-ebc1d8453b98,2.6.0+cu118,11.8,550.120,8eb730be36bbb0876ed83a332d364c65acb36b28,8eb730be36bbb0876ed83a332d364c65acb36b28,811e1ce5f140e97d93ad6f1adae07b95b4219143,docs/artifacts/longer-mqar/official-core-20260526,docs/artifacts/20260520-gdn-h2-ev10-multiseed-followup/gdn-h2-ev10-final.csv,tmp/20260526-longer-mqar-official-core/logs/repro-gdn-h2-ev10-s126-d123-b64-ga4-fp32-noearly4ep-1024x256-n500-b32-gpu1.log,,,,123,f30f1e09e1300deb2e0f430d7c50c47a77f58f43657aa4d6f425f938a91a9acb,"sha256(inputs,labels)",500x1024,500x1024,500,torch.int64/torch.int64,76c6a492b8da50d0826b4e28fd6626a01323c8245e819ed35c20c923dbe3b7fd,sha256,passed,true,20260526-longer-mqar-official-core:formal:gdn-h2-ev10-s126-d123-b64-ga4-fp32-noearly4ep:1024x256:n500,true,0.0,true
