experiment_id,source_machine,source_host,source_path,mirror_path,sha256,file_size,status
20260625-02-flash-vqg-1epoch-repro-screen,2080ti,mclab-2080ti,/home/lyj/mnt/project/zoology/zoology/experiments/flash_vqg/scripts/20260625-02-flash-vqg-1epoch-repro-screen/outputs/2080ti-container-preflight-20260625T144118Z/preflight-train.json,/home/lyj/mnt/project/zoology/zoology/experiments/flash_vqg/scripts/20260625-02-flash-vqg-1epoch-repro-screen/outputs/2080ti-container-preflight-20260625T144118Z/preflight-train.json,c6917efe32cce3a2445c9279691f6f5b02f79226f03b34d57a7beb6b9388bf3a,1582,source-local
20260625-02-flash-vqg-1epoch-repro-screen,2080ti,mclab-2080ti,/home/lyj/mnt/project/zoology/zoology/experiments/flash_vqg/scripts/20260625-02-flash-vqg-1epoch-repro-screen/outputs/2080ti-preflight-20260625T134932Z/preflight-train.json,/home/lyj/mnt/project/zoology/zoology/experiments/flash_vqg/scripts/20260625-02-flash-vqg-1epoch-repro-screen/outputs/2080ti-preflight-20260625T134932Z/preflight-train.json,c020ee2554549b5baa1ed2af059dea52f15394498873e3b83ee6e79067b478da,1416,source-local
20260625-02-flash-vqg-1epoch-repro-screen,3090,mclab-3090,mclab-3090:/home/lyj/mnt/project/zoology/zoology/experiments/flash_vqg/scripts/20260625-02-flash-vqg-1epoch-repro-screen/outputs/3090-preflight-20260625T135155Z/preflight-train.json,/home/lyj/mnt/project/zoology/zoology/experiments/flash_vqg/scripts/20260625-02-flash-vqg-1epoch-repro-screen/outputs/3090-preflight-20260625T135155Z/preflight-train.json,30f74fee112c53d95691dc1c1f7c23c229b1f4d0b67ef0d89987ae1d42e48d52,1413,mirrored-to-2080ti
20260625-02-flash-vqg-1epoch-repro-screen,,,/home/lyj/mnt/project/zoology/zoology/experiments/flash_vqg/scripts/20260625-02-flash-vqg-1epoch-repro-screen/outputs/local-preflight/preflight-train.json,/home/lyj/mnt/project/zoology/zoology/experiments/flash_vqg/scripts/20260625-02-flash-vqg-1epoch-repro-screen/outputs/local-preflight/preflight-train.json,6588fdf805ebcbfba06f6adb8cf541ac4c2ae9e45d030989ccda64e658b3e26c,1201,source-local
20260625-02-flash-vqg-1epoch-repro-screen,2080ti,mclab-2080ti,/home/lyj/mnt/project/zoology/zoology/experiments/flash_vqg/scripts/20260625-02-flash-vqg-1epoch-repro-screen/outputs/2080ti-gpu0-20260625T135503Z/queue-status.tsv,/home/lyj/mnt/project/zoology/zoology/experiments/flash_vqg/scripts/20260625-02-flash-vqg-1epoch-repro-screen/outputs/2080ti-gpu0-20260625T135503Z/queue-status.tsv,abf70302ad3af3d3e43a2e8f351208799b741479af53ce4550f9db8b8bb9f3b4,2318,source-local
20260625-02-flash-vqg-1epoch-repro-screen,2080ti,mclab-2080ti,/home/lyj/mnt/project/zoology/zoology/experiments/flash_vqg/scripts/20260625-02-flash-vqg-1epoch-repro-screen/outputs/2080ti-gpu0-20260625T135615Z/queue-status.tsv,/home/lyj/mnt/project/zoology/zoology/experiments/flash_vqg/scripts/20260625-02-flash-vqg-1epoch-repro-screen/outputs/2080ti-gpu0-20260625T135615Z/queue-status.tsv,61a1a05310f206105a19665596ddb14b4d329be6f43395be748c3a8022d2dfe5,1904,source-local
20260625-02-flash-vqg-1epoch-repro-screen,2080ti,mclab-2080ti,/home/lyj/mnt/project/zoology/zoology/experiments/flash_vqg/scripts/20260625-02-flash-vqg-1epoch-repro-screen/outputs/2080ti-gpu0-20260625T145800Z/queue-status.tsv,/home/lyj/mnt/project/zoology/zoology/experiments/flash_vqg/scripts/20260625-02-flash-vqg-1epoch-repro-screen/outputs/2080ti-gpu0-20260625T145800Z/queue-status.tsv,a831c3b76a97e0e117de372b6264445a03b60263c0863204be6b894fdfdd9735,4743,source-local
20260625-02-flash-vqg-1epoch-repro-screen,2080ti,mclab-2080ti,/home/lyj/mnt/project/zoology/zoology/experiments/flash_vqg/scripts/20260625-02-flash-vqg-1epoch-repro-screen/outputs/2080ti-gpu0-default-s124-r2-retry-20260625T194131Z/queue-status.tsv,/home/lyj/mnt/project/zoology/zoology/experiments/flash_vqg/scripts/20260625-02-flash-vqg-1epoch-repro-screen/outputs/2080ti-gpu0-default-s124-r2-retry-20260625T194131Z/queue-status.tsv,2a0114f5b958b4d4a5f008c064f8d69d4e95df5a19c13afb9d0004a5a1648ecc,1370,source-local
20260625-02-flash-vqg-1epoch-repro-screen,2080ti,mclab-2080ti,/home/lyj/mnt/project/zoology/zoology/experiments/flash_vqg/scripts/20260625-02-flash-vqg-1epoch-repro-screen/outputs/2080ti-gpu0-r3r4-20260625T204902Z/queue-status.tsv,/home/lyj/mnt/project/zoology/zoology/experiments/flash_vqg/scripts/20260625-02-flash-vqg-1epoch-repro-screen/outputs/2080ti-gpu0-r3r4-20260625T204902Z/queue-status.tsv,6cd86062bb1f493aaf5dc4131559f1417c7dda4919520d0dbf52b57c4c65cd8e,4864,source-local
20260625-02-flash-vqg-1epoch-repro-screen,2080ti,mclab-2080ti,/home/lyj/mnt/project/zoology/zoology/experiments/flash_vqg/scripts/20260625-02-flash-vqg-1epoch-repro-screen/outputs/2080ti-smoke-20260625T132525Z/queue-status.tsv,/home/lyj/mnt/project/zoology/zoology/experiments/flash_vqg/scripts/20260625-02-flash-vqg-1epoch-repro-screen/outputs/2080ti-smoke-20260625T132525Z/queue-status.tsv,c25b464dd15ffb0ad2c17223bbae3554b0d8b305eca3d3a0555e0cfdf62da25c,1276,source-local
20260625-02-flash-vqg-1epoch-repro-screen,2080ti,mclab-2080ti,/home/lyj/mnt/project/zoology/zoology/experiments/flash_vqg/scripts/20260625-02-flash-vqg-1epoch-repro-screen/outputs/2080ti-smoke-20260625T135156Z/queue-status.tsv,/home/lyj/mnt/project/zoology/zoology/experiments/flash_vqg/scripts/20260625-02-flash-vqg-1epoch-repro-screen/outputs/2080ti-smoke-20260625T135156Z/queue-status.tsv,a238e0daf782abaf74d7fdac182a58d229a8a240614c14fc0bfedb642a2f9fdf,1268,source-local
20260625-02-flash-vqg-1epoch-repro-screen,2080ti,mclab-2080ti,/home/lyj/mnt/project/zoology/zoology/experiments/flash_vqg/scripts/20260625-02-flash-vqg-1epoch-repro-screen/outputs/2080ti-smoke-20260625T135329Z/queue-status.tsv,/home/lyj/mnt/project/zoology/zoology/experiments/flash_vqg/scripts/20260625-02-flash-vqg-1epoch-repro-screen/outputs/2080ti-smoke-20260625T135329Z/queue-status.tsv,d3d591556ebf9239bfa19a52f1f0e7c5feb0bb85a6ef6dd653b670454c808f90,1269,source-local
20260625-02-flash-vqg-1epoch-repro-screen,2080ti,mclab-2080ti,/home/lyj/mnt/project/zoology/zoology/experiments/flash_vqg/scripts/20260625-02-flash-vqg-1epoch-repro-screen/outputs/2080ti-smoke-20260625T144200Z/queue-status.tsv,/home/lyj/mnt/project/zoology/zoology/experiments/flash_vqg/scripts/20260625-02-flash-vqg-1epoch-repro-screen/outputs/2080ti-smoke-20260625T144200Z/queue-status.tsv,94cfa1704720f5a4a98902bfaea9c17f4937c613246c434b2ca8773c7d38d1aa,1273,source-local
20260625-02-flash-vqg-1epoch-repro-screen,3090,mclab-3090,mclab-3090:/home/lyj/mnt/project/zoology/zoology/experiments/flash_vqg/scripts/20260625-02-flash-vqg-1epoch-repro-screen/outputs/3090-gpu0-20260625T135503Z/queue-status.tsv,/home/lyj/mnt/project/zoology/zoology/experiments/flash_vqg/scripts/20260625-02-flash-vqg-1epoch-repro-screen/outputs/3090-gpu0-20260625T135503Z/queue-status.tsv,6f46fed7c36a9f942f95a8164d01d1704b488305037436e32d2c3c2fcff126bf,2282,mirrored-to-2080ti
20260625-02-flash-vqg-1epoch-repro-screen,3090,mclab-3090,mclab-3090:/home/lyj/mnt/project/zoology/zoology/experiments/flash_vqg/scripts/20260625-02-flash-vqg-1epoch-repro-screen/outputs/3090-gpu0-20260625T135615Z/queue-status.tsv,/home/lyj/mnt/project/zoology/zoology/experiments/flash_vqg/scripts/20260625-02-flash-vqg-1epoch-repro-screen/outputs/3090-gpu0-20260625T135615Z/queue-status.tsv,c4845fd55ee51f2d3c823ae38c591cfe4801dba62783043b68180f511fd1eda8,1874,mirrored-to-2080ti
20260625-02-flash-vqg-1epoch-repro-screen,3090,mclab-3090,mclab-3090:/home/lyj/mnt/project/zoology/zoology/experiments/flash_vqg/scripts/20260625-02-flash-vqg-1epoch-repro-screen/outputs/3090-gpu0-20260625T145800Z/queue-status.tsv,/home/lyj/mnt/project/zoology/zoology/experiments/flash_vqg/scripts/20260625-02-flash-vqg-1epoch-repro-screen/outputs/3090-gpu0-20260625T145800Z/queue-status.tsv,704da97a7ed6f77b1bb4dde4e47253b2e2f9ab01e5e5cd341fa3c32d90dcbed8,4696,mirrored-to-2080ti
20260625-02-flash-vqg-1epoch-repro-screen,3090,mclab-3090,mclab-3090:/home/lyj/mnt/project/zoology/zoology/experiments/flash_vqg/scripts/20260625-02-flash-vqg-1epoch-repro-screen/outputs/3090-gpu0-r3r4-20260625T195034Z/queue-status.tsv,/home/lyj/mnt/project/zoology/zoology/experiments/flash_vqg/scripts/20260625-02-flash-vqg-1epoch-repro-screen/outputs/3090-gpu0-r3r4-20260625T195034Z/queue-status.tsv,d8222c87f851678b1d1898311925aa5ed8e8563aa081692906db80759a761225,4816,mirrored-to-2080ti
20260625-02-flash-vqg-1epoch-repro-screen,3090,mclab-3090,mclab-3090:/home/lyj/mnt/project/zoology/zoology/experiments/flash_vqg/scripts/20260625-02-flash-vqg-1epoch-repro-screen/outputs/3090-smoke-20260625T135155Z/queue-status.tsv,/home/lyj/mnt/project/zoology/zoology/experiments/flash_vqg/scripts/20260625-02-flash-vqg-1epoch-repro-screen/outputs/3090-smoke-20260625T135155Z/queue-status.tsv,47966c51b32bbd17685a0efc044f704e97d000f989dac70907785684ffc5803f,1251,mirrored-to-2080ti
20260625-02-flash-vqg-1epoch-repro-screen,2080ti,mclab-2080ti,/home/lyj/mnt/project/zoology/zoology/experiments/flash_vqg/scripts/20260625-02-flash-vqg-1epoch-repro-screen/outputs/2080ti-gpu0-20260625T135503Z/queue.log,/home/lyj/mnt/project/zoology/zoology/experiments/flash_vqg/scripts/20260625-02-flash-vqg-1epoch-repro-screen/outputs/2080ti-gpu0-20260625T135503Z/queue.log,22b20203136e8ac7ed68026b6e92d773bbc41fc2c3bd7f48c977d42aa6135460,452,source-local
20260625-02-flash-vqg-1epoch-repro-screen,2080ti,mclab-2080ti,/home/lyj/mnt/project/zoology/zoology/experiments/flash_vqg/scripts/20260625-02-flash-vqg-1epoch-repro-screen/outputs/2080ti-gpu0-20260625T135615Z/queue.log,/home/lyj/mnt/project/zoology/zoology/experiments/flash_vqg/scripts/20260625-02-flash-vqg-1epoch-repro-screen/outputs/2080ti-gpu0-20260625T135615Z/queue.log,f86ae144ec329f929996787b8cf4e37bea266ee48ce474997c3c7b6660a762da,392,source-local
20260625-02-flash-vqg-1epoch-repro-screen,2080ti,mclab-2080ti,/home/lyj/mnt/project/zoology/zoology/experiments/flash_vqg/scripts/20260625-02-flash-vqg-1epoch-repro-screen/outputs/2080ti-gpu0-20260625T145800Z/queue.log,/home/lyj/mnt/project/zoology/zoology/experiments/flash_vqg/scripts/20260625-02-flash-vqg-1epoch-repro-screen/outputs/2080ti-gpu0-20260625T145800Z/queue.log,5170fdf715b850f239eb1fb06b4e7cb66e73af41aab2dc307633dd41c659bc5e,2018,source-local
20260625-02-flash-vqg-1epoch-repro-screen,2080ti,mclab-2080ti,/home/lyj/mnt/project/zoology/zoology/experiments/flash_vqg/scripts/20260625-02-flash-vqg-1epoch-repro-screen/outputs/2080ti-smoke-20260625T132525Z/queue.log,/home/lyj/mnt/project/zoology/zoology/experiments/flash_vqg/scripts/20260625-02-flash-vqg-1epoch-repro-screen/outputs/2080ti-smoke-20260625T132525Z/queue.log,2256e1f278956db2e5862b83b5e6587b3d3081fd829fc0a1db57b43edd2a3fb1,471,source-local
20260625-02-flash-vqg-1epoch-repro-screen,2080ti,mclab-2080ti,/home/lyj/mnt/project/zoology/zoology/experiments/flash_vqg/scripts/20260625-02-flash-vqg-1epoch-repro-screen/outputs/2080ti-smoke-20260625T135156Z/queue.log,/home/lyj/mnt/project/zoology/zoology/experiments/flash_vqg/scripts/20260625-02-flash-vqg-1epoch-repro-screen/outputs/2080ti-smoke-20260625T135156Z/queue.log,44b3833082016019e42bedbd52d34705c75a455b9d292a14e22b8a2405301fe1,467,source-local
20260625-02-flash-vqg-1epoch-repro-screen,2080ti,mclab-2080ti,/home/lyj/mnt/project/zoology/zoology/experiments/flash_vqg/scripts/20260625-02-flash-vqg-1epoch-repro-screen/outputs/2080ti-smoke-20260625T135329Z/queue.log,/home/lyj/mnt/project/zoology/zoology/experiments/flash_vqg/scripts/20260625-02-flash-vqg-1epoch-repro-screen/outputs/2080ti-smoke-20260625T135329Z/queue.log,1e60a1d1e8bb4c5ced8492b63822c6c3fe09ad9b25353eae815c58bafff1d539,403,source-local
20260625-02-flash-vqg-1epoch-repro-screen,2080ti,mclab-2080ti,/home/lyj/mnt/project/zoology/zoology/experiments/flash_vqg/scripts/20260625-02-flash-vqg-1epoch-repro-screen/outputs/2080ti-smoke-20260625T144200Z/queue.log,/home/lyj/mnt/project/zoology/zoology/experiments/flash_vqg/scripts/20260625-02-flash-vqg-1epoch-repro-screen/outputs/2080ti-smoke-20260625T144200Z/queue.log,957603d4335430c1292d5d2f835796e67c8cd562db0c491f481bfb9c5e9fee03,405,source-local
20260625-02-flash-vqg-1epoch-repro-screen,3090,mclab-3090,mclab-3090:/home/lyj/mnt/project/zoology/zoology/experiments/flash_vqg/scripts/20260625-02-flash-vqg-1epoch-repro-screen/outputs/3090-gpu0-20260625T135503Z/queue.log,/home/lyj/mnt/project/zoology/zoology/experiments/flash_vqg/scripts/20260625-02-flash-vqg-1epoch-repro-screen/outputs/3090-gpu0-20260625T135503Z/queue.log,796f9817287e521d491bfe45cceded36d389c4e3fc8a7b34a3141716c2b2dbcd,444,mirrored-to-2080ti
20260625-02-flash-vqg-1epoch-repro-screen,3090,mclab-3090,mclab-3090:/home/lyj/mnt/project/zoology/zoology/experiments/flash_vqg/scripts/20260625-02-flash-vqg-1epoch-repro-screen/outputs/3090-gpu0-20260625T135615Z/queue.log,/home/lyj/mnt/project/zoology/zoology/experiments/flash_vqg/scripts/20260625-02-flash-vqg-1epoch-repro-screen/outputs/3090-gpu0-20260625T135615Z/queue.log,4145f28dc15cdaa91e8dc46e5a995cd592fa550c931b5d71db939fe9bf86513b,386,mirrored-to-2080ti
20260625-02-flash-vqg-1epoch-repro-screen,3090,mclab-3090,mclab-3090:/home/lyj/mnt/project/zoology/zoology/experiments/flash_vqg/scripts/20260625-02-flash-vqg-1epoch-repro-screen/outputs/3090-gpu0-20260625T145800Z/queue.log,/home/lyj/mnt/project/zoology/zoology/experiments/flash_vqg/scripts/20260625-02-flash-vqg-1epoch-repro-screen/outputs/3090-gpu0-20260625T145800Z/queue.log,0264e5e454aa27b3709d49f211300bf96d2501de52d3c7b674ae9ff5a4c9e621,1946,mirrored-to-2080ti
20260625-02-flash-vqg-1epoch-repro-screen,3090,mclab-3090,mclab-3090:/home/lyj/mnt/project/zoology/zoology/experiments/flash_vqg/scripts/20260625-02-flash-vqg-1epoch-repro-screen/outputs/3090-smoke-20260625T135155Z/queue.log,/home/lyj/mnt/project/zoology/zoology/experiments/flash_vqg/scripts/20260625-02-flash-vqg-1epoch-repro-screen/outputs/3090-smoke-20260625T135155Z/queue.log,1ebc0e5ab6daf3122eff98faa22a9ab281fe79efe8aedf3171ab43aed285f50f,397,mirrored-to-2080ti
20260625-02-flash-vqg-1epoch-repro-screen,2080ti,mclab-2080ti,/home/lyj/mnt/project/zoology/zoology/experiments/flash_vqg/scripts/20260625-02-flash-vqg-1epoch-repro-screen/outputs/2080ti-gpu0-20260625T135503Z/logs/default-s123-r1.log,/home/lyj/mnt/project/zoology/zoology/experiments/flash_vqg/scripts/20260625-02-flash-vqg-1epoch-repro-screen/outputs/2080ti-gpu0-20260625T135503Z/logs/default-s123-r1.log,7f7d961ca628174c273cd8861f1282150e7cea047e0676e2e5df9568213d7d08,5902,source-local
20260625-02-flash-vqg-1epoch-repro-screen,2080ti,mclab-2080ti,/home/lyj/mnt/project/zoology/zoology/experiments/flash_vqg/scripts/20260625-02-flash-vqg-1epoch-repro-screen/outputs/2080ti-gpu0-20260625T135615Z/logs/default-s123-r1.log,/home/lyj/mnt/project/zoology/zoology/experiments/flash_vqg/scripts/20260625-02-flash-vqg-1epoch-repro-screen/outputs/2080ti-gpu0-20260625T135615Z/logs/default-s123-r1.log,38fb5c4eab82effa551387f9fe9602e3ba3f32b6f9e734de9d291690261f4064,324842,source-local
20260625-02-flash-vqg-1epoch-repro-screen,2080ti,mclab-2080ti,/home/lyj/mnt/project/zoology/zoology/experiments/flash_vqg/scripts/20260625-02-flash-vqg-1epoch-repro-screen/outputs/2080ti-gpu0-20260625T145800Z/logs/default-s123-r1.log,/home/lyj/mnt/project/zoology/zoology/experiments/flash_vqg/scripts/20260625-02-flash-vqg-1epoch-repro-screen/outputs/2080ti-gpu0-20260625T145800Z/logs/default-s123-r1.log,19d5ca47f7f6883fb97c77957fcb60f22e48bf54d40cae25588e388bb548141a,604117,source-local
20260625-02-flash-vqg-1epoch-repro-screen,2080ti,mclab-2080ti,/home/lyj/mnt/project/zoology/zoology/experiments/flash_vqg/scripts/20260625-02-flash-vqg-1epoch-repro-screen/outputs/2080ti-gpu0-20260625T145800Z/logs/default-s123-r2.log,/home/lyj/mnt/project/zoology/zoology/experiments/flash_vqg/scripts/20260625-02-flash-vqg-1epoch-repro-screen/outputs/2080ti-gpu0-20260625T145800Z/logs/default-s123-r2.log,5ec19545f061f8f67cc9c27bbf1ad1a99b47264c8e1dd79e157b8c0599af4958,603187,source-local
20260625-02-flash-vqg-1epoch-repro-screen,2080ti,mclab-2080ti,/home/lyj/mnt/project/zoology/zoology/experiments/flash_vqg/scripts/20260625-02-flash-vqg-1epoch-repro-screen/outputs/2080ti-gpu0-20260625T145800Z/logs/default-s124-r1.log,/home/lyj/mnt/project/zoology/zoology/experiments/flash_vqg/scripts/20260625-02-flash-vqg-1epoch-repro-screen/outputs/2080ti-gpu0-20260625T145800Z/logs/default-s124-r1.log,298f7d57407cac519ccc05d4412d0c55dd533a46137328059aa47891a2d092b3,585338,source-local
20260625-02-flash-vqg-1epoch-repro-screen,2080ti,mclab-2080ti,/home/lyj/mnt/project/zoology/zoology/experiments/flash_vqg/scripts/20260625-02-flash-vqg-1epoch-repro-screen/outputs/2080ti-gpu0-20260625T145800Z/logs/default-s124-r2.log,/home/lyj/mnt/project/zoology/zoology/experiments/flash_vqg/scripts/20260625-02-flash-vqg-1epoch-repro-screen/outputs/2080ti-gpu0-20260625T145800Z/logs/default-s124-r2.log,63ec5d93e886d31a46996598779246bb584eb1b1d32769ea8c9fb98d9caf86e2,78,source-local
20260625-02-flash-vqg-1epoch-repro-screen,2080ti,mclab-2080ti,/home/lyj/mnt/project/zoology/zoology/experiments/flash_vqg/scripts/20260625-02-flash-vqg-1epoch-repro-screen/outputs/2080ti-gpu0-default-s124-r2-retry-20260625T194131Z/logs/default-s124-r2.log,/home/lyj/mnt/project/zoology/zoology/experiments/flash_vqg/scripts/20260625-02-flash-vqg-1epoch-repro-screen/outputs/2080ti-gpu0-default-s124-r2-retry-20260625T194131Z/logs/default-s124-r2.log,e7ab052dfb9c0d9f8daaa3f9bde9e14255dd7591e3616f79f8c9f3d26f901446,575453,source-local
20260625-02-flash-vqg-1epoch-repro-screen,2080ti,mclab-2080ti,/home/lyj/mnt/project/zoology/zoology/experiments/flash_vqg/scripts/20260625-02-flash-vqg-1epoch-repro-screen/outputs/2080ti-gpu0-r3r4-20260625T204902Z/logs/default-s123-r3.log,/home/lyj/mnt/project/zoology/zoology/experiments/flash_vqg/scripts/20260625-02-flash-vqg-1epoch-repro-screen/outputs/2080ti-gpu0-r3r4-20260625T204902Z/logs/default-s123-r3.log,c99298a156dd294c115cdf3f5b17b61887d1b3e42e18f59f77fa9ad072609afc,603382,source-local
20260625-02-flash-vqg-1epoch-repro-screen,2080ti,mclab-2080ti,/home/lyj/mnt/project/zoology/zoology/experiments/flash_vqg/scripts/20260625-02-flash-vqg-1epoch-repro-screen/outputs/2080ti-gpu0-r3r4-20260625T204902Z/logs/default-s123-r4.log,/home/lyj/mnt/project/zoology/zoology/experiments/flash_vqg/scripts/20260625-02-flash-vqg-1epoch-repro-screen/outputs/2080ti-gpu0-r3r4-20260625T204902Z/logs/default-s123-r4.log,9d0dc15ae6b09a7d91976a03405adf9202d94edc3db4ebdfd2281057af15d962,600738,source-local
20260625-02-flash-vqg-1epoch-repro-screen,2080ti,mclab-2080ti,/home/lyj/mnt/project/zoology/zoology/experiments/flash_vqg/scripts/20260625-02-flash-vqg-1epoch-repro-screen/outputs/2080ti-gpu0-r3r4-20260625T204902Z/logs/default-s124-r3.log,/home/lyj/mnt/project/zoology/zoology/experiments/flash_vqg/scripts/20260625-02-flash-vqg-1epoch-repro-screen/outputs/2080ti-gpu0-r3r4-20260625T204902Z/logs/default-s124-r3.log,714ad6889108f390974bacbd5acd8244a3d4bd7f88cc2b4cc3a4c01eaad485bd,580425,source-local
20260625-02-flash-vqg-1epoch-repro-screen,2080ti,mclab-2080ti,/home/lyj/mnt/project/zoology/zoology/experiments/flash_vqg/scripts/20260625-02-flash-vqg-1epoch-repro-screen/outputs/2080ti-gpu0-r3r4-20260625T204902Z/logs/default-s124-r4.log,/home/lyj/mnt/project/zoology/zoology/experiments/flash_vqg/scripts/20260625-02-flash-vqg-1epoch-repro-screen/outputs/2080ti-gpu0-r3r4-20260625T204902Z/logs/default-s124-r4.log,94782a73634785ff4a67b31b7b944d6aca39b4447590339396257c5f1ded59fc,585506,source-local
20260625-02-flash-vqg-1epoch-repro-screen,2080ti,mclab-2080ti,/home/lyj/mnt/project/zoology/zoology/experiments/flash_vqg/scripts/20260625-02-flash-vqg-1epoch-repro-screen/outputs/2080ti-smoke-20260625T132525Z/logs/smoke-default-s123.log,/home/lyj/mnt/project/zoology/zoology/experiments/flash_vqg/scripts/20260625-02-flash-vqg-1epoch-repro-screen/outputs/2080ti-smoke-20260625T132525Z/logs/smoke-default-s123.log,456ce313a0733c311e8aa24e90a0c0f9968d72f179fc4dd88738b7f7293f3044,30083,source-local
20260625-02-flash-vqg-1epoch-repro-screen,2080ti,mclab-2080ti,/home/lyj/mnt/project/zoology/zoology/experiments/flash_vqg/scripts/20260625-02-flash-vqg-1epoch-repro-screen/outputs/2080ti-smoke-20260625T135156Z/logs/smoke-default-s123.log,/home/lyj/mnt/project/zoology/zoology/experiments/flash_vqg/scripts/20260625-02-flash-vqg-1epoch-repro-screen/outputs/2080ti-smoke-20260625T135156Z/logs/smoke-default-s123.log,11fd8ae15615ba1af2134196325e6aae9b2ec3be402a0e22f8c07005c4b5f60d,30091,source-local
20260625-02-flash-vqg-1epoch-repro-screen,2080ti,mclab-2080ti,/home/lyj/mnt/project/zoology/zoology/experiments/flash_vqg/scripts/20260625-02-flash-vqg-1epoch-repro-screen/outputs/2080ti-smoke-20260625T135329Z/logs/smoke-default-s123.log,/home/lyj/mnt/project/zoology/zoology/experiments/flash_vqg/scripts/20260625-02-flash-vqg-1epoch-repro-screen/outputs/2080ti-smoke-20260625T135329Z/logs/smoke-default-s123.log,74bcbc172c511b2174391eb3bf6ad18e10a7391a8426131079d3861195a0b436,43316,source-local
20260625-02-flash-vqg-1epoch-repro-screen,2080ti,mclab-2080ti,/home/lyj/mnt/project/zoology/zoology/experiments/flash_vqg/scripts/20260625-02-flash-vqg-1epoch-repro-screen/outputs/2080ti-smoke-20260625T144200Z/logs/smoke-default-s123.log,/home/lyj/mnt/project/zoology/zoology/experiments/flash_vqg/scripts/20260625-02-flash-vqg-1epoch-repro-screen/outputs/2080ti-smoke-20260625T144200Z/logs/smoke-default-s123.log,2078a0f9e6b5971cd7a8c573ab4cbd7b4f2972f37b23fb6f10afc49292f21805,43310,source-local
20260625-02-flash-vqg-1epoch-repro-screen,3090,mclab-3090,mclab-3090:/home/lyj/mnt/project/zoology/zoology/experiments/flash_vqg/scripts/20260625-02-flash-vqg-1epoch-repro-screen/outputs/3090-gpu0-20260625T135503Z/logs/default-s123-r1.log,/home/lyj/mnt/project/zoology/zoology/experiments/flash_vqg/scripts/20260625-02-flash-vqg-1epoch-repro-screen/outputs/3090-gpu0-20260625T135503Z/logs/default-s123-r1.log,8dad9725f712a272c30033ec33851effa2274abe2485fc238cd34641c9ef9937,5888,mirrored-to-2080ti
20260625-02-flash-vqg-1epoch-repro-screen,3090,mclab-3090,mclab-3090:/home/lyj/mnt/project/zoology/zoology/experiments/flash_vqg/scripts/20260625-02-flash-vqg-1epoch-repro-screen/outputs/3090-gpu0-20260625T135615Z/logs/default-s123-r1.log,/home/lyj/mnt/project/zoology/zoology/experiments/flash_vqg/scripts/20260625-02-flash-vqg-1epoch-repro-screen/outputs/3090-gpu0-20260625T135615Z/logs/default-s123-r1.log,6ee202661d13c9bd4c8d8a295f1e4d154d659a139eafbdf93fdeb5092d4fb5aa,471408,mirrored-to-2080ti
20260625-02-flash-vqg-1epoch-repro-screen,3090,mclab-3090,mclab-3090:/home/lyj/mnt/project/zoology/zoology/experiments/flash_vqg/scripts/20260625-02-flash-vqg-1epoch-repro-screen/outputs/3090-gpu0-20260625T145800Z/logs/default-s123-r1.log,/home/lyj/mnt/project/zoology/zoology/experiments/flash_vqg/scripts/20260625-02-flash-vqg-1epoch-repro-screen/outputs/3090-gpu0-20260625T145800Z/logs/default-s123-r1.log,089677e5c1bbcadfa1a7a8665e0185bba53d3a7fad5139d5c8ebbaf93f545713,620864,mirrored-to-2080ti
20260625-02-flash-vqg-1epoch-repro-screen,3090,mclab-3090,mclab-3090:/home/lyj/mnt/project/zoology/zoology/experiments/flash_vqg/scripts/20260625-02-flash-vqg-1epoch-repro-screen/outputs/3090-gpu0-20260625T145800Z/logs/default-s123-r2.log,/home/lyj/mnt/project/zoology/zoology/experiments/flash_vqg/scripts/20260625-02-flash-vqg-1epoch-repro-screen/outputs/3090-gpu0-20260625T145800Z/logs/default-s123-r2.log,961cd269c4b69ee721de24a22cc032368a07c1aca48a563d26238803f3f5765b,619428,mirrored-to-2080ti
20260625-02-flash-vqg-1epoch-repro-screen,3090,mclab-3090,mclab-3090:/home/lyj/mnt/project/zoology/zoology/experiments/flash_vqg/scripts/20260625-02-flash-vqg-1epoch-repro-screen/outputs/3090-gpu0-20260625T145800Z/logs/default-s124-r1.log,/home/lyj/mnt/project/zoology/zoology/experiments/flash_vqg/scripts/20260625-02-flash-vqg-1epoch-repro-screen/outputs/3090-gpu0-20260625T145800Z/logs/default-s124-r1.log,885b15b62f09e653843e097d38d0458ac5618826ee1ba54cd05182590fbe63a5,519511,mirrored-to-2080ti
20260625-02-flash-vqg-1epoch-repro-screen,3090,mclab-3090,mclab-3090:/home/lyj/mnt/project/zoology/zoology/experiments/flash_vqg/scripts/20260625-02-flash-vqg-1epoch-repro-screen/outputs/3090-gpu0-20260625T145800Z/logs/default-s124-r2.log,/home/lyj/mnt/project/zoology/zoology/experiments/flash_vqg/scripts/20260625-02-flash-vqg-1epoch-repro-screen/outputs/3090-gpu0-20260625T145800Z/logs/default-s124-r2.log,290f0fcf25ba1a9fbbdab29e86300e2c6b320d580ac6ab5e88044730cb36f837,517479,mirrored-to-2080ti
20260625-02-flash-vqg-1epoch-repro-screen,3090,mclab-3090,mclab-3090:/home/lyj/mnt/project/zoology/zoology/experiments/flash_vqg/scripts/20260625-02-flash-vqg-1epoch-repro-screen/outputs/3090-gpu0-r3r4-20260625T195034Z/logs/default-s123-r3.log,/home/lyj/mnt/project/zoology/zoology/experiments/flash_vqg/scripts/20260625-02-flash-vqg-1epoch-repro-screen/outputs/3090-gpu0-r3r4-20260625T195034Z/logs/default-s123-r3.log,cd22e0d1a40c84bde223d035b84e4d0f94e710b233c1cc63f24412fda044f2e8,612036,mirrored-to-2080ti
20260625-02-flash-vqg-1epoch-repro-screen,3090,mclab-3090,mclab-3090:/home/lyj/mnt/project/zoology/zoology/experiments/flash_vqg/scripts/20260625-02-flash-vqg-1epoch-repro-screen/outputs/3090-gpu0-r3r4-20260625T195034Z/logs/default-s123-r4.log,/home/lyj/mnt/project/zoology/zoology/experiments/flash_vqg/scripts/20260625-02-flash-vqg-1epoch-repro-screen/outputs/3090-gpu0-r3r4-20260625T195034Z/logs/default-s123-r4.log,7b4259fa7dfdf2381bf5fa5d104d34634d4fc790bb08c94dccab4cab0fa0e81d,618516,mirrored-to-2080ti
20260625-02-flash-vqg-1epoch-repro-screen,3090,mclab-3090,mclab-3090:/home/lyj/mnt/project/zoology/zoology/experiments/flash_vqg/scripts/20260625-02-flash-vqg-1epoch-repro-screen/outputs/3090-gpu0-r3r4-20260625T195034Z/logs/default-s124-r3.log,/home/lyj/mnt/project/zoology/zoology/experiments/flash_vqg/scripts/20260625-02-flash-vqg-1epoch-repro-screen/outputs/3090-gpu0-r3r4-20260625T195034Z/logs/default-s124-r3.log,36da365a3766226ec39c4bbcb17fa1a5d23d030d36e44508c6fb00857b043d6a,516435,mirrored-to-2080ti
20260625-02-flash-vqg-1epoch-repro-screen,3090,mclab-3090,mclab-3090:/home/lyj/mnt/project/zoology/zoology/experiments/flash_vqg/scripts/20260625-02-flash-vqg-1epoch-repro-screen/outputs/3090-gpu0-r3r4-20260625T195034Z/logs/default-s124-r4.log,/home/lyj/mnt/project/zoology/zoology/experiments/flash_vqg/scripts/20260625-02-flash-vqg-1epoch-repro-screen/outputs/3090-gpu0-r3r4-20260625T195034Z/logs/default-s124-r4.log,c842e86b820e68a71ecb3aa704768bba4af5f8fe05f3513b11002a815b2ffbcc,478455,mirrored-to-2080ti
20260625-02-flash-vqg-1epoch-repro-screen,3090,mclab-3090,mclab-3090:/home/lyj/mnt/project/zoology/zoology/experiments/flash_vqg/scripts/20260625-02-flash-vqg-1epoch-repro-screen/outputs/3090-smoke-20260625T135155Z/logs/smoke-default-s123.log,/home/lyj/mnt/project/zoology/zoology/experiments/flash_vqg/scripts/20260625-02-flash-vqg-1epoch-repro-screen/outputs/3090-smoke-20260625T135155Z/logs/smoke-default-s123.log,994100a0e61b6c51c1ebfeaba8d6ba5e5f2e1310c127f05ad7a8b945ec697587,43185,mirrored-to-2080ti
20260625-02-flash-vqg-1epoch-repro-screen,2080ti,mclab-2080ti,/home/lyj/mnt/project/zoology/zoology/experiments/flash_vqg/scripts/20260625-02-flash-vqg-1epoch-repro-screen/outputs/traces/2080ti/default-s123-r1/early_window_metrics.jsonl,/home/lyj/mnt/project/zoology/zoology/experiments/flash_vqg/scripts/20260625-02-flash-vqg-1epoch-repro-screen/outputs/traces/2080ti/default-s123-r1/early_window_metrics.jsonl,42f766784087783843dac739fcbd44888edb06980e7503ffcda79a251d6081ad,91860,source-local
20260625-02-flash-vqg-1epoch-repro-screen,2080ti,mclab-2080ti,/home/lyj/mnt/project/zoology/zoology/experiments/flash_vqg/scripts/20260625-02-flash-vqg-1epoch-repro-screen/outputs/traces/2080ti/default-s123-r2/early_window_metrics.jsonl,/home/lyj/mnt/project/zoology/zoology/experiments/flash_vqg/scripts/20260625-02-flash-vqg-1epoch-repro-screen/outputs/traces/2080ti/default-s123-r2/early_window_metrics.jsonl,ca98f28003c7ffc5ff41194fb53601a62e7d78babf3b64b187d3bc6d5ba79701,91911,source-local
20260625-02-flash-vqg-1epoch-repro-screen,2080ti,mclab-2080ti,/home/lyj/mnt/project/zoology/zoology/experiments/flash_vqg/scripts/20260625-02-flash-vqg-1epoch-repro-screen/outputs/traces/2080ti/default-s123-r3/early_window_metrics.jsonl,/home/lyj/mnt/project/zoology/zoology/experiments/flash_vqg/scripts/20260625-02-flash-vqg-1epoch-repro-screen/outputs/traces/2080ti/default-s123-r3/early_window_metrics.jsonl,50e1f22ab856cf787fde94664a20ff77bb45e715a5f9cb30bc01ebdeb490a9e4,91932,source-local
20260625-02-flash-vqg-1epoch-repro-screen,2080ti,mclab-2080ti,/home/lyj/mnt/project/zoology/zoology/experiments/flash_vqg/scripts/20260625-02-flash-vqg-1epoch-repro-screen/outputs/traces/2080ti/default-s123-r4/early_window_metrics.jsonl,/home/lyj/mnt/project/zoology/zoology/experiments/flash_vqg/scripts/20260625-02-flash-vqg-1epoch-repro-screen/outputs/traces/2080ti/default-s123-r4/early_window_metrics.jsonl,415a804d62431c4a225a8c9dd9f06a557f5585f8fc1e5b796c98d265010bd72a,91798,source-local
20260625-02-flash-vqg-1epoch-repro-screen,2080ti,mclab-2080ti,/home/lyj/mnt/project/zoology/zoology/experiments/flash_vqg/scripts/20260625-02-flash-vqg-1epoch-repro-screen/outputs/traces/2080ti/default-s124-r1/early_window_metrics.jsonl,/home/lyj/mnt/project/zoology/zoology/experiments/flash_vqg/scripts/20260625-02-flash-vqg-1epoch-repro-screen/outputs/traces/2080ti/default-s124-r1/early_window_metrics.jsonl,e072da027f86d848d12b25bfe358f184faa84c2a30302a57488ace8e2bbb4522,91875,source-local
20260625-02-flash-vqg-1epoch-repro-screen,2080ti,mclab-2080ti,/home/lyj/mnt/project/zoology/zoology/experiments/flash_vqg/scripts/20260625-02-flash-vqg-1epoch-repro-screen/outputs/traces/2080ti/default-s124-r2/early_window_metrics.jsonl,/home/lyj/mnt/project/zoology/zoology/experiments/flash_vqg/scripts/20260625-02-flash-vqg-1epoch-repro-screen/outputs/traces/2080ti/default-s124-r2/early_window_metrics.jsonl,1f432e4ba77eb09bd596a3a90ea5080d5dfb6e3641ca06cb2e68b3e0b6e8ce2e,91812,source-local
20260625-02-flash-vqg-1epoch-repro-screen,2080ti,mclab-2080ti,/home/lyj/mnt/project/zoology/zoology/experiments/flash_vqg/scripts/20260625-02-flash-vqg-1epoch-repro-screen/outputs/traces/2080ti/default-s124-r3/early_window_metrics.jsonl,/home/lyj/mnt/project/zoology/zoology/experiments/flash_vqg/scripts/20260625-02-flash-vqg-1epoch-repro-screen/outputs/traces/2080ti/default-s124-r3/early_window_metrics.jsonl,11b3791fb689a8840517551045e491845870b8ad2d9a56916011dcaa349bff20,91863,source-local
20260625-02-flash-vqg-1epoch-repro-screen,2080ti,mclab-2080ti,/home/lyj/mnt/project/zoology/zoology/experiments/flash_vqg/scripts/20260625-02-flash-vqg-1epoch-repro-screen/outputs/traces/2080ti/default-s124-r4/early_window_metrics.jsonl,/home/lyj/mnt/project/zoology/zoology/experiments/flash_vqg/scripts/20260625-02-flash-vqg-1epoch-repro-screen/outputs/traces/2080ti/default-s124-r4/early_window_metrics.jsonl,78b2972b3d0d1b1575da17d3e4464bd6ea498719638441cc456f65f296369f88,91930,source-local
20260625-02-flash-vqg-1epoch-repro-screen,2080ti,mclab-2080ti,/home/lyj/mnt/project/zoology/zoology/experiments/flash_vqg/scripts/20260625-02-flash-vqg-1epoch-repro-screen/outputs/traces/2080ti/smoke-default-s123/early_window_metrics.jsonl,/home/lyj/mnt/project/zoology/zoology/experiments/flash_vqg/scripts/20260625-02-flash-vqg-1epoch-repro-screen/outputs/traces/2080ti/smoke-default-s123/early_window_metrics.jsonl,facfeb893085e6ccbf4a3732ff76e3084cfd3589528c2723e5a31fa2a85ee04d,38988,source-local
20260625-02-flash-vqg-1epoch-repro-screen,3090,mclab-3090,mclab-3090:/home/lyj/mnt/project/zoology/zoology/experiments/flash_vqg/scripts/20260625-02-flash-vqg-1epoch-repro-screen/outputs/traces/3090/default-s123-r1/early_window_metrics.jsonl,/home/lyj/mnt/project/zoology/zoology/experiments/flash_vqg/scripts/20260625-02-flash-vqg-1epoch-repro-screen/outputs/traces/3090/default-s123-r1/early_window_metrics.jsonl,eb838821213882a171d26afe10a6c0fce97d0f9e1f3259473b520809d245b1b6,91743,mirrored-to-2080ti
20260625-02-flash-vqg-1epoch-repro-screen,3090,mclab-3090,mclab-3090:/home/lyj/mnt/project/zoology/zoology/experiments/flash_vqg/scripts/20260625-02-flash-vqg-1epoch-repro-screen/outputs/traces/3090/default-s123-r2/early_window_metrics.jsonl,/home/lyj/mnt/project/zoology/zoology/experiments/flash_vqg/scripts/20260625-02-flash-vqg-1epoch-repro-screen/outputs/traces/3090/default-s123-r2/early_window_metrics.jsonl,ac2497c4f62190fd0e7caa9557855bd1724df47a228d6f46921532b597098964,91790,mirrored-to-2080ti
20260625-02-flash-vqg-1epoch-repro-screen,3090,mclab-3090,mclab-3090:/home/lyj/mnt/project/zoology/zoology/experiments/flash_vqg/scripts/20260625-02-flash-vqg-1epoch-repro-screen/outputs/traces/3090/default-s123-r3/early_window_metrics.jsonl,/home/lyj/mnt/project/zoology/zoology/experiments/flash_vqg/scripts/20260625-02-flash-vqg-1epoch-repro-screen/outputs/traces/3090/default-s123-r3/early_window_metrics.jsonl,5a42e0d479032c246317355ccaab0127e0f82d99a8456ca2a2ad934d84eac439,91745,mirrored-to-2080ti
20260625-02-flash-vqg-1epoch-repro-screen,3090,mclab-3090,mclab-3090:/home/lyj/mnt/project/zoology/zoology/experiments/flash_vqg/scripts/20260625-02-flash-vqg-1epoch-repro-screen/outputs/traces/3090/default-s123-r4/early_window_metrics.jsonl,/home/lyj/mnt/project/zoology/zoology/experiments/flash_vqg/scripts/20260625-02-flash-vqg-1epoch-repro-screen/outputs/traces/3090/default-s123-r4/early_window_metrics.jsonl,a2c2d6530563004f93f98944899e69a6e23f18347e23c8fa8ba0f33a8808ea51,91702,mirrored-to-2080ti
20260625-02-flash-vqg-1epoch-repro-screen,3090,mclab-3090,mclab-3090:/home/lyj/mnt/project/zoology/zoology/experiments/flash_vqg/scripts/20260625-02-flash-vqg-1epoch-repro-screen/outputs/traces/3090/default-s124-r1/early_window_metrics.jsonl,/home/lyj/mnt/project/zoology/zoology/experiments/flash_vqg/scripts/20260625-02-flash-vqg-1epoch-repro-screen/outputs/traces/3090/default-s124-r1/early_window_metrics.jsonl,abdbdfae157c777f7f1cd0dc641fc5056c442deb1d0a839bd2b6a065acb7375c,91809,mirrored-to-2080ti
20260625-02-flash-vqg-1epoch-repro-screen,3090,mclab-3090,mclab-3090:/home/lyj/mnt/project/zoology/zoology/experiments/flash_vqg/scripts/20260625-02-flash-vqg-1epoch-repro-screen/outputs/traces/3090/default-s124-r2/early_window_metrics.jsonl,/home/lyj/mnt/project/zoology/zoology/experiments/flash_vqg/scripts/20260625-02-flash-vqg-1epoch-repro-screen/outputs/traces/3090/default-s124-r2/early_window_metrics.jsonl,afcb0b94b9fbbd57b2695ecb9393ab437b1268b2022a1cc25a96fb8592d317ab,91966,mirrored-to-2080ti
20260625-02-flash-vqg-1epoch-repro-screen,3090,mclab-3090,mclab-3090:/home/lyj/mnt/project/zoology/zoology/experiments/flash_vqg/scripts/20260625-02-flash-vqg-1epoch-repro-screen/outputs/traces/3090/default-s124-r3/early_window_metrics.jsonl,/home/lyj/mnt/project/zoology/zoology/experiments/flash_vqg/scripts/20260625-02-flash-vqg-1epoch-repro-screen/outputs/traces/3090/default-s124-r3/early_window_metrics.jsonl,ce00f016aa9476f3cd60111355ac648fa76a3a05461b64614f39a434ddc6bea7,91781,mirrored-to-2080ti
20260625-02-flash-vqg-1epoch-repro-screen,3090,mclab-3090,mclab-3090:/home/lyj/mnt/project/zoology/zoology/experiments/flash_vqg/scripts/20260625-02-flash-vqg-1epoch-repro-screen/outputs/traces/3090/default-s124-r4/early_window_metrics.jsonl,/home/lyj/mnt/project/zoology/zoology/experiments/flash_vqg/scripts/20260625-02-flash-vqg-1epoch-repro-screen/outputs/traces/3090/default-s124-r4/early_window_metrics.jsonl,f58154421dfc1d950b7c69d5ff02138947168ada269779c8d043bc6aa97858e0,91796,mirrored-to-2080ti
20260625-02-flash-vqg-1epoch-repro-screen,2080ti,mclab-2080ti,/home/lyj/mnt/project/zoology/zoology/experiments/flash_vqg/scripts/20260625-02-flash-vqg-1epoch-repro-screen/outputs/traces/2080ti/default-s123-r1/train_step_0/read_trace.jsonl,/home/lyj/mnt/project/zoology/zoology/experiments/flash_vqg/scripts/20260625-02-flash-vqg-1epoch-repro-screen/outputs/traces/2080ti/default-s123-r1/train_step_0/read_trace.jsonl,52ef3adef6451ca795b496c84eccb6aca979b7a745cdffed45a221dfc1b9d1d1,36435,source-local
20260625-02-flash-vqg-1epoch-repro-screen,2080ti,mclab-2080ti,/home/lyj/mnt/project/zoology/zoology/experiments/flash_vqg/scripts/20260625-02-flash-vqg-1epoch-repro-screen/outputs/traces/2080ti/default-s123-r1/train_step_130/read_trace.jsonl,/home/lyj/mnt/project/zoology/zoology/experiments/flash_vqg/scripts/20260625-02-flash-vqg-1epoch-repro-screen/outputs/traces/2080ti/default-s123-r1/train_step_130/read_trace.jsonl,f73ffccd5851424547537e15f06bda062346b81946d2a2b39c05eb1444d6701d,36182,source-local
20260625-02-flash-vqg-1epoch-repro-screen,2080ti,mclab-2080ti,/home/lyj/mnt/project/zoology/zoology/experiments/flash_vqg/scripts/20260625-02-flash-vqg-1epoch-repro-screen/outputs/traces/2080ti/default-s123-r1/train_step_203/read_trace.jsonl,/home/lyj/mnt/project/zoology/zoology/experiments/flash_vqg/scripts/20260625-02-flash-vqg-1epoch-repro-screen/outputs/traces/2080ti/default-s123-r1/train_step_203/read_trace.jsonl,154f731363a513558fb0280b38dd875f4465e78e1215a9ae8c7fdc725a8fd74e,36472,source-local
20260625-02-flash-vqg-1epoch-repro-screen,2080ti,mclab-2080ti,/home/lyj/mnt/project/zoology/zoology/experiments/flash_vqg/scripts/20260625-02-flash-vqg-1epoch-repro-screen/outputs/traces/2080ti/default-s123-r1/train_step_352/read_trace.jsonl,/home/lyj/mnt/project/zoology/zoology/experiments/flash_vqg/scripts/20260625-02-flash-vqg-1epoch-repro-screen/outputs/traces/2080ti/default-s123-r1/train_step_352/read_trace.jsonl,8b3051aefb182382e402a0954fe74f17fe203fd2f31bd3fe5122147d27e4c69c,36202,source-local
20260625-02-flash-vqg-1epoch-repro-screen,2080ti,mclab-2080ti,/home/lyj/mnt/project/zoology/zoology/experiments/flash_vqg/scripts/20260625-02-flash-vqg-1epoch-repro-screen/outputs/traces/2080ti/default-s123-r1/train_step_448/read_trace.jsonl,/home/lyj/mnt/project/zoology/zoology/experiments/flash_vqg/scripts/20260625-02-flash-vqg-1epoch-repro-screen/outputs/traces/2080ti/default-s123-r1/train_step_448/read_trace.jsonl,89cfc0acdde111b5300a4d40a0732ccf0757793f8cbcf026ad215ae3ee12706d,36160,source-local
20260625-02-flash-vqg-1epoch-repro-screen,2080ti,mclab-2080ti,/home/lyj/mnt/project/zoology/zoology/experiments/flash_vqg/scripts/20260625-02-flash-vqg-1epoch-repro-screen/outputs/traces/2080ti/default-s123-r1/train_step_64/read_trace.jsonl,/home/lyj/mnt/project/zoology/zoology/experiments/flash_vqg/scripts/20260625-02-flash-vqg-1epoch-repro-screen/outputs/traces/2080ti/default-s123-r1/train_step_64/read_trace.jsonl,a6a953903d501386b38b2f8b5accad79665567162b5020d751826050af1a2163,36309,source-local
20260625-02-flash-vqg-1epoch-repro-screen,2080ti,mclab-2080ti,/home/lyj/mnt/project/zoology/zoology/experiments/flash_vqg/scripts/20260625-02-flash-vqg-1epoch-repro-screen/outputs/traces/2080ti/default-s123-r1/train_step_704/read_trace.jsonl,/home/lyj/mnt/project/zoology/zoology/experiments/flash_vqg/scripts/20260625-02-flash-vqg-1epoch-repro-screen/outputs/traces/2080ti/default-s123-r1/train_step_704/read_trace.jsonl,94a3fc9448ff87d5a9467171201e146d15f79306640c0fce20de06617e39a6e9,36124,source-local
20260625-02-flash-vqg-1epoch-repro-screen,2080ti,mclab-2080ti,/home/lyj/mnt/project/zoology/zoology/experiments/flash_vqg/scripts/20260625-02-flash-vqg-1epoch-repro-screen/outputs/traces/2080ti/default-s123-r2/train_step_0/read_trace.jsonl,/home/lyj/mnt/project/zoology/zoology/experiments/flash_vqg/scripts/20260625-02-flash-vqg-1epoch-repro-screen/outputs/traces/2080ti/default-s123-r2/train_step_0/read_trace.jsonl,5fc175b56e84541e5b5779ff0f5f8f475ff5047bfa4b5a481aecec3aed9f9e51,36435,source-local
20260625-02-flash-vqg-1epoch-repro-screen,2080ti,mclab-2080ti,/home/lyj/mnt/project/zoology/zoology/experiments/flash_vqg/scripts/20260625-02-flash-vqg-1epoch-repro-screen/outputs/traces/2080ti/default-s123-r2/train_step_130/read_trace.jsonl,/home/lyj/mnt/project/zoology/zoology/experiments/flash_vqg/scripts/20260625-02-flash-vqg-1epoch-repro-screen/outputs/traces/2080ti/default-s123-r2/train_step_130/read_trace.jsonl,fb11793276b1f77d98271da6cd7ede74a6d1f7251f4e1202219b71c6b4df6dc2,36174,source-local
20260625-02-flash-vqg-1epoch-repro-screen,2080ti,mclab-2080ti,/home/lyj/mnt/project/zoology/zoology/experiments/flash_vqg/scripts/20260625-02-flash-vqg-1epoch-repro-screen/outputs/traces/2080ti/default-s123-r2/train_step_203/read_trace.jsonl,/home/lyj/mnt/project/zoology/zoology/experiments/flash_vqg/scripts/20260625-02-flash-vqg-1epoch-repro-screen/outputs/traces/2080ti/default-s123-r2/train_step_203/read_trace.jsonl,aee7f94b6e10cbfbacbd1ea72747c0e1b4a55021e5349ec335fba8f49dcd621e,36472,source-local
20260625-02-flash-vqg-1epoch-repro-screen,2080ti,mclab-2080ti,/home/lyj/mnt/project/zoology/zoology/experiments/flash_vqg/scripts/20260625-02-flash-vqg-1epoch-repro-screen/outputs/traces/2080ti/default-s123-r2/train_step_352/read_trace.jsonl,/home/lyj/mnt/project/zoology/zoology/experiments/flash_vqg/scripts/20260625-02-flash-vqg-1epoch-repro-screen/outputs/traces/2080ti/default-s123-r2/train_step_352/read_trace.jsonl,7b239e6941662ee994561e86885bb4a1a4fa8b2e396a62842b1b02c40f71fa5e,36171,source-local
20260625-02-flash-vqg-1epoch-repro-screen,2080ti,mclab-2080ti,/home/lyj/mnt/project/zoology/zoology/experiments/flash_vqg/scripts/20260625-02-flash-vqg-1epoch-repro-screen/outputs/traces/2080ti/default-s123-r2/train_step_448/read_trace.jsonl,/home/lyj/mnt/project/zoology/zoology/experiments/flash_vqg/scripts/20260625-02-flash-vqg-1epoch-repro-screen/outputs/traces/2080ti/default-s123-r2/train_step_448/read_trace.jsonl,cfc486908f577b83ff0007a686bc9502dbabdbf57bcc2d2ae29939c8dd271a1b,36154,source-local
20260625-02-flash-vqg-1epoch-repro-screen,2080ti,mclab-2080ti,/home/lyj/mnt/project/zoology/zoology/experiments/flash_vqg/scripts/20260625-02-flash-vqg-1epoch-repro-screen/outputs/traces/2080ti/default-s123-r2/train_step_64/read_trace.jsonl,/home/lyj/mnt/project/zoology/zoology/experiments/flash_vqg/scripts/20260625-02-flash-vqg-1epoch-repro-screen/outputs/traces/2080ti/default-s123-r2/train_step_64/read_trace.jsonl,24b432a3b79bc23f1989dffa70b884336bc8297042989722d592b2120b4fe631,36299,source-local
20260625-02-flash-vqg-1epoch-repro-screen,2080ti,mclab-2080ti,/home/lyj/mnt/project/zoology/zoology/experiments/flash_vqg/scripts/20260625-02-flash-vqg-1epoch-repro-screen/outputs/traces/2080ti/default-s123-r2/train_step_704/read_trace.jsonl,/home/lyj/mnt/project/zoology/zoology/experiments/flash_vqg/scripts/20260625-02-flash-vqg-1epoch-repro-screen/outputs/traces/2080ti/default-s123-r2/train_step_704/read_trace.jsonl,8485905b3c71e59005c98b34fcedfed824c3375185205c6dc630eea5e7e5cc4d,36116,source-local
20260625-02-flash-vqg-1epoch-repro-screen,2080ti,mclab-2080ti,/home/lyj/mnt/project/zoology/zoology/experiments/flash_vqg/scripts/20260625-02-flash-vqg-1epoch-repro-screen/outputs/traces/2080ti/default-s123-r3/train_step_0/read_trace.jsonl,/home/lyj/mnt/project/zoology/zoology/experiments/flash_vqg/scripts/20260625-02-flash-vqg-1epoch-repro-screen/outputs/traces/2080ti/default-s123-r3/train_step_0/read_trace.jsonl,5bfd15a67a1efd320ceee9b46f45c27ef31870ea3214fb545e9705a0d44697f9,36435,source-local
20260625-02-flash-vqg-1epoch-repro-screen,2080ti,mclab-2080ti,/home/lyj/mnt/project/zoology/zoology/experiments/flash_vqg/scripts/20260625-02-flash-vqg-1epoch-repro-screen/outputs/traces/2080ti/default-s123-r3/train_step_130/read_trace.jsonl,/home/lyj/mnt/project/zoology/zoology/experiments/flash_vqg/scripts/20260625-02-flash-vqg-1epoch-repro-screen/outputs/traces/2080ti/default-s123-r3/train_step_130/read_trace.jsonl,3cd6b336ac9e189bcc5c30acd01d6ccff1e6bfd87b37204af01338cd536507c2,36189,source-local
20260625-02-flash-vqg-1epoch-repro-screen,2080ti,mclab-2080ti,/home/lyj/mnt/project/zoology/zoology/experiments/flash_vqg/scripts/20260625-02-flash-vqg-1epoch-repro-screen/outputs/traces/2080ti/default-s123-r3/train_step_203/read_trace.jsonl,/home/lyj/mnt/project/zoology/zoology/experiments/flash_vqg/scripts/20260625-02-flash-vqg-1epoch-repro-screen/outputs/traces/2080ti/default-s123-r3/train_step_203/read_trace.jsonl,93b00e90c7a8e11085a4580361c982ae754b46e85e0df69821463f77117d092b,36470,source-local
20260625-02-flash-vqg-1epoch-repro-screen,2080ti,mclab-2080ti,/home/lyj/mnt/project/zoology/zoology/experiments/flash_vqg/scripts/20260625-02-flash-vqg-1epoch-repro-screen/outputs/traces/2080ti/default-s123-r3/train_step_352/read_trace.jsonl,/home/lyj/mnt/project/zoology/zoology/experiments/flash_vqg/scripts/20260625-02-flash-vqg-1epoch-repro-screen/outputs/traces/2080ti/default-s123-r3/train_step_352/read_trace.jsonl,59d247d0a7829747cc1f11630e6daf18efbe11df0e80f97636f7704a3f1aed4e,36154,source-local
20260625-02-flash-vqg-1epoch-repro-screen,2080ti,mclab-2080ti,/home/lyj/mnt/project/zoology/zoology/experiments/flash_vqg/scripts/20260625-02-flash-vqg-1epoch-repro-screen/outputs/traces/2080ti/default-s123-r3/train_step_448/read_trace.jsonl,/home/lyj/mnt/project/zoology/zoology/experiments/flash_vqg/scripts/20260625-02-flash-vqg-1epoch-repro-screen/outputs/traces/2080ti/default-s123-r3/train_step_448/read_trace.jsonl,1d88d6c371fbba53bbd4ba4f0703022e831e7fd77d4d8edea2448ebf2139612c,36155,source-local
20260625-02-flash-vqg-1epoch-repro-screen,2080ti,mclab-2080ti,/home/lyj/mnt/project/zoology/zoology/experiments/flash_vqg/scripts/20260625-02-flash-vqg-1epoch-repro-screen/outputs/traces/2080ti/default-s123-r3/train_step_64/read_trace.jsonl,/home/lyj/mnt/project/zoology/zoology/experiments/flash_vqg/scripts/20260625-02-flash-vqg-1epoch-repro-screen/outputs/traces/2080ti/default-s123-r3/train_step_64/read_trace.jsonl,af17a4581f537904e61a8aa525d05bbc317fdc92ec5ca5a4c7e7b108334394d3,36297,source-local
20260625-02-flash-vqg-1epoch-repro-screen,2080ti,mclab-2080ti,/home/lyj/mnt/project/zoology/zoology/experiments/flash_vqg/scripts/20260625-02-flash-vqg-1epoch-repro-screen/outputs/traces/2080ti/default-s123-r3/train_step_704/read_trace.jsonl,/home/lyj/mnt/project/zoology/zoology/experiments/flash_vqg/scripts/20260625-02-flash-vqg-1epoch-repro-screen/outputs/traces/2080ti/default-s123-r3/train_step_704/read_trace.jsonl,299f4dc95797c705e43a80706815e60bf5f868b5f5126e904a497a86ee757d5d,36136,source-local
20260625-02-flash-vqg-1epoch-repro-screen,2080ti,mclab-2080ti,/home/lyj/mnt/project/zoology/zoology/experiments/flash_vqg/scripts/20260625-02-flash-vqg-1epoch-repro-screen/outputs/traces/2080ti/default-s123-r4/train_step_0/read_trace.jsonl,/home/lyj/mnt/project/zoology/zoology/experiments/flash_vqg/scripts/20260625-02-flash-vqg-1epoch-repro-screen/outputs/traces/2080ti/default-s123-r4/train_step_0/read_trace.jsonl,70f71f234576890ad233ba480928b489cdffa7fa18216c71dfbe0855db1e2f1b,36435,source-local
20260625-02-flash-vqg-1epoch-repro-screen,2080ti,mclab-2080ti,/home/lyj/mnt/project/zoology/zoology/experiments/flash_vqg/scripts/20260625-02-flash-vqg-1epoch-repro-screen/outputs/traces/2080ti/default-s123-r4/train_step_130/read_trace.jsonl,/home/lyj/mnt/project/zoology/zoology/experiments/flash_vqg/scripts/20260625-02-flash-vqg-1epoch-repro-screen/outputs/traces/2080ti/default-s123-r4/train_step_130/read_trace.jsonl,8ca35474f07fa0278705bc2092d7182543db47c31606afba7133fcb5b452f6d4,36175,source-local
20260625-02-flash-vqg-1epoch-repro-screen,2080ti,mclab-2080ti,/home/lyj/mnt/project/zoology/zoology/experiments/flash_vqg/scripts/20260625-02-flash-vqg-1epoch-repro-screen/outputs/traces/2080ti/default-s123-r4/train_step_203/read_trace.jsonl,/home/lyj/mnt/project/zoology/zoology/experiments/flash_vqg/scripts/20260625-02-flash-vqg-1epoch-repro-screen/outputs/traces/2080ti/default-s123-r4/train_step_203/read_trace.jsonl,d1d9c5858c1ab6fe3b160c3ab7e4d8beeb28062df0bbed0f8e77b44e09d3a4fc,36482,source-local
20260625-02-flash-vqg-1epoch-repro-screen,2080ti,mclab-2080ti,/home/lyj/mnt/project/zoology/zoology/experiments/flash_vqg/scripts/20260625-02-flash-vqg-1epoch-repro-screen/outputs/traces/2080ti/default-s123-r4/train_step_352/read_trace.jsonl,/home/lyj/mnt/project/zoology/zoology/experiments/flash_vqg/scripts/20260625-02-flash-vqg-1epoch-repro-screen/outputs/traces/2080ti/default-s123-r4/train_step_352/read_trace.jsonl,89a3f17c992743542b06bf8ecf33b1bb006e5139f1029f2876c8b12d28a604fe,36357,source-local
20260625-02-flash-vqg-1epoch-repro-screen,2080ti,mclab-2080ti,/home/lyj/mnt/project/zoology/zoology/experiments/flash_vqg/scripts/20260625-02-flash-vqg-1epoch-repro-screen/outputs/traces/2080ti/default-s123-r4/train_step_448/read_trace.jsonl,/home/lyj/mnt/project/zoology/zoology/experiments/flash_vqg/scripts/20260625-02-flash-vqg-1epoch-repro-screen/outputs/traces/2080ti/default-s123-r4/train_step_448/read_trace.jsonl,6b43ff897f4770304b5aad402320ee3be3fde958d04fd10ec7c4fe12d10aa3d7,36308,source-local
20260625-02-flash-vqg-1epoch-repro-screen,2080ti,mclab-2080ti,/home/lyj/mnt/project/zoology/zoology/experiments/flash_vqg/scripts/20260625-02-flash-vqg-1epoch-repro-screen/outputs/traces/2080ti/default-s123-r4/train_step_64/read_trace.jsonl,/home/lyj/mnt/project/zoology/zoology/experiments/flash_vqg/scripts/20260625-02-flash-vqg-1epoch-repro-screen/outputs/traces/2080ti/default-s123-r4/train_step_64/read_trace.jsonl,7717f57acca6616d649ab44fe4c44ee28ee0634716dae3dba390d3a7f9e5c832,36291,source-local
20260625-02-flash-vqg-1epoch-repro-screen,2080ti,mclab-2080ti,/home/lyj/mnt/project/zoology/zoology/experiments/flash_vqg/scripts/20260625-02-flash-vqg-1epoch-repro-screen/outputs/traces/2080ti/default-s123-r4/train_step_704/read_trace.jsonl,/home/lyj/mnt/project/zoology/zoology/experiments/flash_vqg/scripts/20260625-02-flash-vqg-1epoch-repro-screen/outputs/traces/2080ti/default-s123-r4/train_step_704/read_trace.jsonl,fbd9fef39999f09d4c1211a351527ea41c3d173f248c9814f7330a52f3f7fe97,36118,source-local
20260625-02-flash-vqg-1epoch-repro-screen,2080ti,mclab-2080ti,/home/lyj/mnt/project/zoology/zoology/experiments/flash_vqg/scripts/20260625-02-flash-vqg-1epoch-repro-screen/outputs/traces/2080ti/default-s124-r1/train_step_0/read_trace.jsonl,/home/lyj/mnt/project/zoology/zoology/experiments/flash_vqg/scripts/20260625-02-flash-vqg-1epoch-repro-screen/outputs/traces/2080ti/default-s124-r1/train_step_0/read_trace.jsonl,f3f5c75cd243dc641caa70629e99cf143f71f04f60707426420ba3793092aecf,36428,source-local
20260625-02-flash-vqg-1epoch-repro-screen,2080ti,mclab-2080ti,/home/lyj/mnt/project/zoology/zoology/experiments/flash_vqg/scripts/20260625-02-flash-vqg-1epoch-repro-screen/outputs/traces/2080ti/default-s124-r1/train_step_130/read_trace.jsonl,/home/lyj/mnt/project/zoology/zoology/experiments/flash_vqg/scripts/20260625-02-flash-vqg-1epoch-repro-screen/outputs/traces/2080ti/default-s124-r1/train_step_130/read_trace.jsonl,bcb18a623622fd598807e56ebf05240779e5b39e8451c4b5cab510cee02cfc6e,36219,source-local
20260625-02-flash-vqg-1epoch-repro-screen,2080ti,mclab-2080ti,/home/lyj/mnt/project/zoology/zoology/experiments/flash_vqg/scripts/20260625-02-flash-vqg-1epoch-repro-screen/outputs/traces/2080ti/default-s124-r1/train_step_203/read_trace.jsonl,/home/lyj/mnt/project/zoology/zoology/experiments/flash_vqg/scripts/20260625-02-flash-vqg-1epoch-repro-screen/outputs/traces/2080ti/default-s124-r1/train_step_203/read_trace.jsonl,d2e34337261b2f1ec72ad62fa17db663c7428159dabcd951244cfc709a967d19,36147,source-local
20260625-02-flash-vqg-1epoch-repro-screen,2080ti,mclab-2080ti,/home/lyj/mnt/project/zoology/zoology/experiments/flash_vqg/scripts/20260625-02-flash-vqg-1epoch-repro-screen/outputs/traces/2080ti/default-s124-r1/train_step_352/read_trace.jsonl,/home/lyj/mnt/project/zoology/zoology/experiments/flash_vqg/scripts/20260625-02-flash-vqg-1epoch-repro-screen/outputs/traces/2080ti/default-s124-r1/train_step_352/read_trace.jsonl,1d0f4772dde19f1f4a8b730b0c6c98ffdc0050bfa819e5aaa2e1267c72541274,36096,source-local
20260625-02-flash-vqg-1epoch-repro-screen,2080ti,mclab-2080ti,/home/lyj/mnt/project/zoology/zoology/experiments/flash_vqg/scripts/20260625-02-flash-vqg-1epoch-repro-screen/outputs/traces/2080ti/default-s124-r1/train_step_448/read_trace.jsonl,/home/lyj/mnt/project/zoology/zoology/experiments/flash_vqg/scripts/20260625-02-flash-vqg-1epoch-repro-screen/outputs/traces/2080ti/default-s124-r1/train_step_448/read_trace.jsonl,005f7dbed8155d53570cc3fdf4fd3c02d424f69f624438a0b0aa2574f3d70c47,36171,source-local
20260625-02-flash-vqg-1epoch-repro-screen,2080ti,mclab-2080ti,/home/lyj/mnt/project/zoology/zoology/experiments/flash_vqg/scripts/20260625-02-flash-vqg-1epoch-repro-screen/outputs/traces/2080ti/default-s124-r1/train_step_64/read_trace.jsonl,/home/lyj/mnt/project/zoology/zoology/experiments/flash_vqg/scripts/20260625-02-flash-vqg-1epoch-repro-screen/outputs/traces/2080ti/default-s124-r1/train_step_64/read_trace.jsonl,229698954e1ee6b898da1c12b1071365a58d072036234cc50651095462cde9f5,36309,source-local
20260625-02-flash-vqg-1epoch-repro-screen,2080ti,mclab-2080ti,/home/lyj/mnt/project/zoology/zoology/experiments/flash_vqg/scripts/20260625-02-flash-vqg-1epoch-repro-screen/outputs/traces/2080ti/default-s124-r1/train_step_704/read_trace.jsonl,/home/lyj/mnt/project/zoology/zoology/experiments/flash_vqg/scripts/20260625-02-flash-vqg-1epoch-repro-screen/outputs/traces/2080ti/default-s124-r1/train_step_704/read_trace.jsonl,54e921edbadab06702b6961bc8a1ed16ffa96c0d72703f7d1fe00035781c36b8,36139,source-local
20260625-02-flash-vqg-1epoch-repro-screen,2080ti,mclab-2080ti,/home/lyj/mnt/project/zoology/zoology/experiments/flash_vqg/scripts/20260625-02-flash-vqg-1epoch-repro-screen/outputs/traces/2080ti/default-s124-r2/train_step_0/read_trace.jsonl,/home/lyj/mnt/project/zoology/zoology/experiments/flash_vqg/scripts/20260625-02-flash-vqg-1epoch-repro-screen/outputs/traces/2080ti/default-s124-r2/train_step_0/read_trace.jsonl,306556607cc1cb6a2aa3ddbee873a7fe638986faf17bc5010189148f363e1206,36428,source-local
20260625-02-flash-vqg-1epoch-repro-screen,2080ti,mclab-2080ti,/home/lyj/mnt/project/zoology/zoology/experiments/flash_vqg/scripts/20260625-02-flash-vqg-1epoch-repro-screen/outputs/traces/2080ti/default-s124-r2/train_step_130/read_trace.jsonl,/home/lyj/mnt/project/zoology/zoology/experiments/flash_vqg/scripts/20260625-02-flash-vqg-1epoch-repro-screen/outputs/traces/2080ti/default-s124-r2/train_step_130/read_trace.jsonl,318e7695ca82305a6a2e5087d7ffb00a9e324423a2f5f32e4ab4c2734674828b,36198,source-local
20260625-02-flash-vqg-1epoch-repro-screen,2080ti,mclab-2080ti,/home/lyj/mnt/project/zoology/zoology/experiments/flash_vqg/scripts/20260625-02-flash-vqg-1epoch-repro-screen/outputs/traces/2080ti/default-s124-r2/train_step_203/read_trace.jsonl,/home/lyj/mnt/project/zoology/zoology/experiments/flash_vqg/scripts/20260625-02-flash-vqg-1epoch-repro-screen/outputs/traces/2080ti/default-s124-r2/train_step_203/read_trace.jsonl,11d69b29f38ebd0f58536b9ed3a3b4680bf52619b0c900b86b4d98253aa651bc,36143,source-local
20260625-02-flash-vqg-1epoch-repro-screen,2080ti,mclab-2080ti,/home/lyj/mnt/project/zoology/zoology/experiments/flash_vqg/scripts/20260625-02-flash-vqg-1epoch-repro-screen/outputs/traces/2080ti/default-s124-r2/train_step_352/read_trace.jsonl,/home/lyj/mnt/project/zoology/zoology/experiments/flash_vqg/scripts/20260625-02-flash-vqg-1epoch-repro-screen/outputs/traces/2080ti/default-s124-r2/train_step_352/read_trace.jsonl,5f164ead72bd79f308063dd0bef45197f96834e84fe767744a731b57b1b885fe,36080,source-local
20260625-02-flash-vqg-1epoch-repro-screen,2080ti,mclab-2080ti,/home/lyj/mnt/project/zoology/zoology/experiments/flash_vqg/scripts/20260625-02-flash-vqg-1epoch-repro-screen/outputs/traces/2080ti/default-s124-r2/train_step_448/read_trace.jsonl,/home/lyj/mnt/project/zoology/zoology/experiments/flash_vqg/scripts/20260625-02-flash-vqg-1epoch-repro-screen/outputs/traces/2080ti/default-s124-r2/train_step_448/read_trace.jsonl,8ac6a02f2c528dbf9a02547bbbb1a8c01cb8ee19573abe83a24c6de54f04757b,36113,source-local
20260625-02-flash-vqg-1epoch-repro-screen,2080ti,mclab-2080ti,/home/lyj/mnt/project/zoology/zoology/experiments/flash_vqg/scripts/20260625-02-flash-vqg-1epoch-repro-screen/outputs/traces/2080ti/default-s124-r2/train_step_64/read_trace.jsonl,/home/lyj/mnt/project/zoology/zoology/experiments/flash_vqg/scripts/20260625-02-flash-vqg-1epoch-repro-screen/outputs/traces/2080ti/default-s124-r2/train_step_64/read_trace.jsonl,ea5d503f324362dfc9db4ca7a4bd29b7a358fcb9c62b7a25c96ddce1376d5047,36316,source-local
20260625-02-flash-vqg-1epoch-repro-screen,2080ti,mclab-2080ti,/home/lyj/mnt/project/zoology/zoology/experiments/flash_vqg/scripts/20260625-02-flash-vqg-1epoch-repro-screen/outputs/traces/2080ti/default-s124-r2/train_step_704/read_trace.jsonl,/home/lyj/mnt/project/zoology/zoology/experiments/flash_vqg/scripts/20260625-02-flash-vqg-1epoch-repro-screen/outputs/traces/2080ti/default-s124-r2/train_step_704/read_trace.jsonl,3057e31519dcd9d2a94d7e89450ec137cf4145ce54419da041ac6d5760fccf83,36102,source-local
20260625-02-flash-vqg-1epoch-repro-screen,2080ti,mclab-2080ti,/home/lyj/mnt/project/zoology/zoology/experiments/flash_vqg/scripts/20260625-02-flash-vqg-1epoch-repro-screen/outputs/traces/2080ti/default-s124-r3/train_step_0/read_trace.jsonl,/home/lyj/mnt/project/zoology/zoology/experiments/flash_vqg/scripts/20260625-02-flash-vqg-1epoch-repro-screen/outputs/traces/2080ti/default-s124-r3/train_step_0/read_trace.jsonl,2bf1bd4657508ec27cdc305adcf51b942ba65a46c6fd7af00c17f52a849bb4f6,36428,source-local
20260625-02-flash-vqg-1epoch-repro-screen,2080ti,mclab-2080ti,/home/lyj/mnt/project/zoology/zoology/experiments/flash_vqg/scripts/20260625-02-flash-vqg-1epoch-repro-screen/outputs/traces/2080ti/default-s124-r3/train_step_130/read_trace.jsonl,/home/lyj/mnt/project/zoology/zoology/experiments/flash_vqg/scripts/20260625-02-flash-vqg-1epoch-repro-screen/outputs/traces/2080ti/default-s124-r3/train_step_130/read_trace.jsonl,60a406ac7302f07a87b17d9330fd1e5755115a46bf325445fefdee9951fb007d,36197,source-local
20260625-02-flash-vqg-1epoch-repro-screen,2080ti,mclab-2080ti,/home/lyj/mnt/project/zoology/zoology/experiments/flash_vqg/scripts/20260625-02-flash-vqg-1epoch-repro-screen/outputs/traces/2080ti/default-s124-r3/train_step_203/read_trace.jsonl,/home/lyj/mnt/project/zoology/zoology/experiments/flash_vqg/scripts/20260625-02-flash-vqg-1epoch-repro-screen/outputs/traces/2080ti/default-s124-r3/train_step_203/read_trace.jsonl,8102ae6262d444801b79cd14f24bdb178920341559b899843ebf5674d3877224,36143,source-local
20260625-02-flash-vqg-1epoch-repro-screen,2080ti,mclab-2080ti,/home/lyj/mnt/project/zoology/zoology/experiments/flash_vqg/scripts/20260625-02-flash-vqg-1epoch-repro-screen/outputs/traces/2080ti/default-s124-r3/train_step_352/read_trace.jsonl,/home/lyj/mnt/project/zoology/zoology/experiments/flash_vqg/scripts/20260625-02-flash-vqg-1epoch-repro-screen/outputs/traces/2080ti/default-s124-r3/train_step_352/read_trace.jsonl,b6ad07dc5841308ad4311e9590ac4e1eab166ae362ea877fa749eb37a52ede7b,36102,source-local
20260625-02-flash-vqg-1epoch-repro-screen,2080ti,mclab-2080ti,/home/lyj/mnt/project/zoology/zoology/experiments/flash_vqg/scripts/20260625-02-flash-vqg-1epoch-repro-screen/outputs/traces/2080ti/default-s124-r3/train_step_448/read_trace.jsonl,/home/lyj/mnt/project/zoology/zoology/experiments/flash_vqg/scripts/20260625-02-flash-vqg-1epoch-repro-screen/outputs/traces/2080ti/default-s124-r3/train_step_448/read_trace.jsonl,38ccfeec0f0f7d6ee7575cc5e44f87600f9c9e966d938c45372f24e641b2154c,36204,source-local
20260625-02-flash-vqg-1epoch-repro-screen,2080ti,mclab-2080ti,/home/lyj/mnt/project/zoology/zoology/experiments/flash_vqg/scripts/20260625-02-flash-vqg-1epoch-repro-screen/outputs/traces/2080ti/default-s124-r3/train_step_64/read_trace.jsonl,/home/lyj/mnt/project/zoology/zoology/experiments/flash_vqg/scripts/20260625-02-flash-vqg-1epoch-repro-screen/outputs/traces/2080ti/default-s124-r3/train_step_64/read_trace.jsonl,5bdaf349f7f8a3dc0cf7261c7f9a7233386bb505598f41400381a3107a8503b5,36307,source-local
20260625-02-flash-vqg-1epoch-repro-screen,2080ti,mclab-2080ti,/home/lyj/mnt/project/zoology/zoology/experiments/flash_vqg/scripts/20260625-02-flash-vqg-1epoch-repro-screen/outputs/traces/2080ti/default-s124-r3/train_step_704/read_trace.jsonl,/home/lyj/mnt/project/zoology/zoology/experiments/flash_vqg/scripts/20260625-02-flash-vqg-1epoch-repro-screen/outputs/traces/2080ti/default-s124-r3/train_step_704/read_trace.jsonl,9dcae7188a379a8fb946e2f7c1b9abdbe772c8b7a62069248f19e864b34d4620,36148,source-local
20260625-02-flash-vqg-1epoch-repro-screen,2080ti,mclab-2080ti,/home/lyj/mnt/project/zoology/zoology/experiments/flash_vqg/scripts/20260625-02-flash-vqg-1epoch-repro-screen/outputs/traces/2080ti/default-s124-r4/train_step_0/read_trace.jsonl,/home/lyj/mnt/project/zoology/zoology/experiments/flash_vqg/scripts/20260625-02-flash-vqg-1epoch-repro-screen/outputs/traces/2080ti/default-s124-r4/train_step_0/read_trace.jsonl,ca7f3e7f621e45960e609a83925795bbdfd48e90833ed4669cd4e5ae7a5a0116,36428,source-local
20260625-02-flash-vqg-1epoch-repro-screen,2080ti,mclab-2080ti,/home/lyj/mnt/project/zoology/zoology/experiments/flash_vqg/scripts/20260625-02-flash-vqg-1epoch-repro-screen/outputs/traces/2080ti/default-s124-r4/train_step_130/read_trace.jsonl,/home/lyj/mnt/project/zoology/zoology/experiments/flash_vqg/scripts/20260625-02-flash-vqg-1epoch-repro-screen/outputs/traces/2080ti/default-s124-r4/train_step_130/read_trace.jsonl,daf0f2656d131bf9bab918183c788b13e44f9bdb05ee4b7c387da000f3f41c7f,36197,source-local
20260625-02-flash-vqg-1epoch-repro-screen,2080ti,mclab-2080ti,/home/lyj/mnt/project/zoology/zoology/experiments/flash_vqg/scripts/20260625-02-flash-vqg-1epoch-repro-screen/outputs/traces/2080ti/default-s124-r4/train_step_203/read_trace.jsonl,/home/lyj/mnt/project/zoology/zoology/experiments/flash_vqg/scripts/20260625-02-flash-vqg-1epoch-repro-screen/outputs/traces/2080ti/default-s124-r4/train_step_203/read_trace.jsonl,2f5c10cd58f3e1e137a82ee7275445de97a5dd3bf167f5964b449fc948b61ac4,36141,source-local
20260625-02-flash-vqg-1epoch-repro-screen,2080ti,mclab-2080ti,/home/lyj/mnt/project/zoology/zoology/experiments/flash_vqg/scripts/20260625-02-flash-vqg-1epoch-repro-screen/outputs/traces/2080ti/default-s124-r4/train_step_352/read_trace.jsonl,/home/lyj/mnt/project/zoology/zoology/experiments/flash_vqg/scripts/20260625-02-flash-vqg-1epoch-repro-screen/outputs/traces/2080ti/default-s124-r4/train_step_352/read_trace.jsonl,48e67d70262b0ad1a4a0690893ad0cf2002203f2047ed176a6f52a3fb7c8fc2f,36101,source-local
20260625-02-flash-vqg-1epoch-repro-screen,2080ti,mclab-2080ti,/home/lyj/mnt/project/zoology/zoology/experiments/flash_vqg/scripts/20260625-02-flash-vqg-1epoch-repro-screen/outputs/traces/2080ti/default-s124-r4/train_step_448/read_trace.jsonl,/home/lyj/mnt/project/zoology/zoology/experiments/flash_vqg/scripts/20260625-02-flash-vqg-1epoch-repro-screen/outputs/traces/2080ti/default-s124-r4/train_step_448/read_trace.jsonl,7f2c08cb01e80e58fca769c7ce53ff363d02e0849b0581a74ca3a4b844e1d218,36173,source-local
20260625-02-flash-vqg-1epoch-repro-screen,2080ti,mclab-2080ti,/home/lyj/mnt/project/zoology/zoology/experiments/flash_vqg/scripts/20260625-02-flash-vqg-1epoch-repro-screen/outputs/traces/2080ti/default-s124-r4/train_step_64/read_trace.jsonl,/home/lyj/mnt/project/zoology/zoology/experiments/flash_vqg/scripts/20260625-02-flash-vqg-1epoch-repro-screen/outputs/traces/2080ti/default-s124-r4/train_step_64/read_trace.jsonl,ffce24442e2d0dd90250a76fe03bc371dafbfd8f22a32a1c873fa0773cbf6e0d,36314,source-local
20260625-02-flash-vqg-1epoch-repro-screen,2080ti,mclab-2080ti,/home/lyj/mnt/project/zoology/zoology/experiments/flash_vqg/scripts/20260625-02-flash-vqg-1epoch-repro-screen/outputs/traces/2080ti/default-s124-r4/train_step_704/read_trace.jsonl,/home/lyj/mnt/project/zoology/zoology/experiments/flash_vqg/scripts/20260625-02-flash-vqg-1epoch-repro-screen/outputs/traces/2080ti/default-s124-r4/train_step_704/read_trace.jsonl,4ebd0679b8e39db3f2ca7b007b09257ca57cf2210659b656fb760a0d69a20019,36150,source-local
20260625-02-flash-vqg-1epoch-repro-screen,2080ti,mclab-2080ti,/home/lyj/mnt/project/zoology/zoology/experiments/flash_vqg/scripts/20260625-02-flash-vqg-1epoch-repro-screen/outputs/traces/2080ti/smoke-default-s123/train_step_0/read_trace.jsonl,/home/lyj/mnt/project/zoology/zoology/experiments/flash_vqg/scripts/20260625-02-flash-vqg-1epoch-repro-screen/outputs/traces/2080ti/smoke-default-s123/train_step_0/read_trace.jsonl,ec057a5fdc304623bb3c127e4f66850033e57dd1821cc4d5437f22d0176a431a,1147,source-local
20260625-02-flash-vqg-1epoch-repro-screen,2080ti,mclab-2080ti,/home/lyj/mnt/project/zoology/zoology/experiments/flash_vqg/scripts/20260625-02-flash-vqg-1epoch-repro-screen/outputs/traces/2080ti/smoke-default-s123/train_step_1/read_trace.jsonl,/home/lyj/mnt/project/zoology/zoology/experiments/flash_vqg/scripts/20260625-02-flash-vqg-1epoch-repro-screen/outputs/traces/2080ti/smoke-default-s123/train_step_1/read_trace.jsonl,73c3ef2103a79e5d0e5b2439ec541ab0e9b9aa5f98a285e2373a341fce203a9d,1145,source-local
20260625-02-flash-vqg-1epoch-repro-screen,2080ti,mclab-2080ti,/home/lyj/mnt/project/zoology/zoology/experiments/flash_vqg/scripts/20260625-02-flash-vqg-1epoch-repro-screen/outputs/traces/2080ti/smoke-default-s123/train_step_2/read_trace.jsonl,/home/lyj/mnt/project/zoology/zoology/experiments/flash_vqg/scripts/20260625-02-flash-vqg-1epoch-repro-screen/outputs/traces/2080ti/smoke-default-s123/train_step_2/read_trace.jsonl,191c1ad83c240c9c2f75dda56de40d3e603acc7b86efad4b1efe9dfafabd0910,1146,source-local
20260625-02-flash-vqg-1epoch-repro-screen,3090,mclab-3090,mclab-3090:/home/lyj/mnt/project/zoology/zoology/experiments/flash_vqg/scripts/20260625-02-flash-vqg-1epoch-repro-screen/outputs/traces/3090/default-s123-r1/train_step_0/read_trace.jsonl,/home/lyj/mnt/project/zoology/zoology/experiments/flash_vqg/scripts/20260625-02-flash-vqg-1epoch-repro-screen/outputs/traces/3090/default-s123-r1/train_step_0/read_trace.jsonl,642bafb2b10b4a3574255e422158dd4de999e202e5ee7e2e2ebc7a25b23311cb,36317,mirrored-to-2080ti
20260625-02-flash-vqg-1epoch-repro-screen,3090,mclab-3090,mclab-3090:/home/lyj/mnt/project/zoology/zoology/experiments/flash_vqg/scripts/20260625-02-flash-vqg-1epoch-repro-screen/outputs/traces/3090/default-s123-r1/train_step_130/read_trace.jsonl,/home/lyj/mnt/project/zoology/zoology/experiments/flash_vqg/scripts/20260625-02-flash-vqg-1epoch-repro-screen/outputs/traces/3090/default-s123-r1/train_step_130/read_trace.jsonl,236fb5b7a77a0c4f6e6336b69f766d5fc30f6acb927b22c4f804b9f4bf25a8f4,36033,mirrored-to-2080ti
20260625-02-flash-vqg-1epoch-repro-screen,3090,mclab-3090,mclab-3090:/home/lyj/mnt/project/zoology/zoology/experiments/flash_vqg/scripts/20260625-02-flash-vqg-1epoch-repro-screen/outputs/traces/3090/default-s123-r1/train_step_203/read_trace.jsonl,/home/lyj/mnt/project/zoology/zoology/experiments/flash_vqg/scripts/20260625-02-flash-vqg-1epoch-repro-screen/outputs/traces/3090/default-s123-r1/train_step_203/read_trace.jsonl,e540f6fbd1e3845fc32c5ef89e0e79b2b0392fc046ee5a3154e492b5bdefea4f,36145,mirrored-to-2080ti
20260625-02-flash-vqg-1epoch-repro-screen,3090,mclab-3090,mclab-3090:/home/lyj/mnt/project/zoology/zoology/experiments/flash_vqg/scripts/20260625-02-flash-vqg-1epoch-repro-screen/outputs/traces/3090/default-s123-r1/train_step_352/read_trace.jsonl,/home/lyj/mnt/project/zoology/zoology/experiments/flash_vqg/scripts/20260625-02-flash-vqg-1epoch-repro-screen/outputs/traces/3090/default-s123-r1/train_step_352/read_trace.jsonl,298e4f23b6b1c933e53b0cafbeb7c66640c0eab8448697fbd49ac3f887b917ad,36131,mirrored-to-2080ti
20260625-02-flash-vqg-1epoch-repro-screen,3090,mclab-3090,mclab-3090:/home/lyj/mnt/project/zoology/zoology/experiments/flash_vqg/scripts/20260625-02-flash-vqg-1epoch-repro-screen/outputs/traces/3090/default-s123-r1/train_step_448/read_trace.jsonl,/home/lyj/mnt/project/zoology/zoology/experiments/flash_vqg/scripts/20260625-02-flash-vqg-1epoch-repro-screen/outputs/traces/3090/default-s123-r1/train_step_448/read_trace.jsonl,ef88dc75b11de0dd1b892b68a4b3dd4af9a42151598a1f933b2cbc27bc53fd1c,36165,mirrored-to-2080ti
20260625-02-flash-vqg-1epoch-repro-screen,3090,mclab-3090,mclab-3090:/home/lyj/mnt/project/zoology/zoology/experiments/flash_vqg/scripts/20260625-02-flash-vqg-1epoch-repro-screen/outputs/traces/3090/default-s123-r1/train_step_64/read_trace.jsonl,/home/lyj/mnt/project/zoology/zoology/experiments/flash_vqg/scripts/20260625-02-flash-vqg-1epoch-repro-screen/outputs/traces/3090/default-s123-r1/train_step_64/read_trace.jsonl,cff2e94e05a800ce8b990da99699847a92b1299143891b96a1fbf705e8139878,36154,mirrored-to-2080ti
20260625-02-flash-vqg-1epoch-repro-screen,3090,mclab-3090,mclab-3090:/home/lyj/mnt/project/zoology/zoology/experiments/flash_vqg/scripts/20260625-02-flash-vqg-1epoch-repro-screen/outputs/traces/3090/default-s123-r1/train_step_704/read_trace.jsonl,/home/lyj/mnt/project/zoology/zoology/experiments/flash_vqg/scripts/20260625-02-flash-vqg-1epoch-repro-screen/outputs/traces/3090/default-s123-r1/train_step_704/read_trace.jsonl,7f8b4324be08691ad995fc46afbb8d74a7855a60fe0979088f97534ab50d6f68,36000,mirrored-to-2080ti
20260625-02-flash-vqg-1epoch-repro-screen,3090,mclab-3090,mclab-3090:/home/lyj/mnt/project/zoology/zoology/experiments/flash_vqg/scripts/20260625-02-flash-vqg-1epoch-repro-screen/outputs/traces/3090/default-s123-r2/train_step_0/read_trace.jsonl,/home/lyj/mnt/project/zoology/zoology/experiments/flash_vqg/scripts/20260625-02-flash-vqg-1epoch-repro-screen/outputs/traces/3090/default-s123-r2/train_step_0/read_trace.jsonl,32199d626ece9820a120f8c77d67cbc8e385be0bc3c5508a64e87c564784a2d7,36317,mirrored-to-2080ti
20260625-02-flash-vqg-1epoch-repro-screen,3090,mclab-3090,mclab-3090:/home/lyj/mnt/project/zoology/zoology/experiments/flash_vqg/scripts/20260625-02-flash-vqg-1epoch-repro-screen/outputs/traces/3090/default-s123-r2/train_step_130/read_trace.jsonl,/home/lyj/mnt/project/zoology/zoology/experiments/flash_vqg/scripts/20260625-02-flash-vqg-1epoch-repro-screen/outputs/traces/3090/default-s123-r2/train_step_130/read_trace.jsonl,b3bf2595b39f5cf7318e5492e46e982c2a5cffb2e7516cdb9d58f47c7f596c8d,36007,mirrored-to-2080ti
20260625-02-flash-vqg-1epoch-repro-screen,3090,mclab-3090,mclab-3090:/home/lyj/mnt/project/zoology/zoology/experiments/flash_vqg/scripts/20260625-02-flash-vqg-1epoch-repro-screen/outputs/traces/3090/default-s123-r2/train_step_203/read_trace.jsonl,/home/lyj/mnt/project/zoology/zoology/experiments/flash_vqg/scripts/20260625-02-flash-vqg-1epoch-repro-screen/outputs/traces/3090/default-s123-r2/train_step_203/read_trace.jsonl,af7103af3e031381aa21d7b8c077a8f171647e67a164f62ac232f6b8d03d3e38,36147,mirrored-to-2080ti
20260625-02-flash-vqg-1epoch-repro-screen,3090,mclab-3090,mclab-3090:/home/lyj/mnt/project/zoology/zoology/experiments/flash_vqg/scripts/20260625-02-flash-vqg-1epoch-repro-screen/outputs/traces/3090/default-s123-r2/train_step_352/read_trace.jsonl,/home/lyj/mnt/project/zoology/zoology/experiments/flash_vqg/scripts/20260625-02-flash-vqg-1epoch-repro-screen/outputs/traces/3090/default-s123-r2/train_step_352/read_trace.jsonl,44915bdde2ddef570be58bb340434de7341b62c018446879aae64ed39b610531,36154,mirrored-to-2080ti
20260625-02-flash-vqg-1epoch-repro-screen,3090,mclab-3090,mclab-3090:/home/lyj/mnt/project/zoology/zoology/experiments/flash_vqg/scripts/20260625-02-flash-vqg-1epoch-repro-screen/outputs/traces/3090/default-s123-r2/train_step_448/read_trace.jsonl,/home/lyj/mnt/project/zoology/zoology/experiments/flash_vqg/scripts/20260625-02-flash-vqg-1epoch-repro-screen/outputs/traces/3090/default-s123-r2/train_step_448/read_trace.jsonl,9b7601c014aeca0fdb3ed6e2847cf64a74e9a0eb49c0d1e48e3d00bc13127573,36025,mirrored-to-2080ti
20260625-02-flash-vqg-1epoch-repro-screen,3090,mclab-3090,mclab-3090:/home/lyj/mnt/project/zoology/zoology/experiments/flash_vqg/scripts/20260625-02-flash-vqg-1epoch-repro-screen/outputs/traces/3090/default-s123-r2/train_step_64/read_trace.jsonl,/home/lyj/mnt/project/zoology/zoology/experiments/flash_vqg/scripts/20260625-02-flash-vqg-1epoch-repro-screen/outputs/traces/3090/default-s123-r2/train_step_64/read_trace.jsonl,93a777fd3b291d8b650d48c703ec7d956b238059fdaa3cbda000ea268915a041,36176,mirrored-to-2080ti
20260625-02-flash-vqg-1epoch-repro-screen,3090,mclab-3090,mclab-3090:/home/lyj/mnt/project/zoology/zoology/experiments/flash_vqg/scripts/20260625-02-flash-vqg-1epoch-repro-screen/outputs/traces/3090/default-s123-r2/train_step_704/read_trace.jsonl,/home/lyj/mnt/project/zoology/zoology/experiments/flash_vqg/scripts/20260625-02-flash-vqg-1epoch-repro-screen/outputs/traces/3090/default-s123-r2/train_step_704/read_trace.jsonl,14516711006b113469a785beabe244ed146aa71bc3e7b2d903fa38c796d4e572,35992,mirrored-to-2080ti
20260625-02-flash-vqg-1epoch-repro-screen,3090,mclab-3090,mclab-3090:/home/lyj/mnt/project/zoology/zoology/experiments/flash_vqg/scripts/20260625-02-flash-vqg-1epoch-repro-screen/outputs/traces/3090/default-s123-r3/train_step_0/read_trace.jsonl,/home/lyj/mnt/project/zoology/zoology/experiments/flash_vqg/scripts/20260625-02-flash-vqg-1epoch-repro-screen/outputs/traces/3090/default-s123-r3/train_step_0/read_trace.jsonl,be6c43ad3f12763add0a89d33c155eefb8972cf3ef84d87f639a56a8f572ed05,36317,mirrored-to-2080ti
20260625-02-flash-vqg-1epoch-repro-screen,3090,mclab-3090,mclab-3090:/home/lyj/mnt/project/zoology/zoology/experiments/flash_vqg/scripts/20260625-02-flash-vqg-1epoch-repro-screen/outputs/traces/3090/default-s123-r3/train_step_130/read_trace.jsonl,/home/lyj/mnt/project/zoology/zoology/experiments/flash_vqg/scripts/20260625-02-flash-vqg-1epoch-repro-screen/outputs/traces/3090/default-s123-r3/train_step_130/read_trace.jsonl,65c198b131eca62cf0c7d2759999961d076cd76a5f84a6c5159d02422143d3f5,36021,mirrored-to-2080ti
20260625-02-flash-vqg-1epoch-repro-screen,3090,mclab-3090,mclab-3090:/home/lyj/mnt/project/zoology/zoology/experiments/flash_vqg/scripts/20260625-02-flash-vqg-1epoch-repro-screen/outputs/traces/3090/default-s123-r3/train_step_203/read_trace.jsonl,/home/lyj/mnt/project/zoology/zoology/experiments/flash_vqg/scripts/20260625-02-flash-vqg-1epoch-repro-screen/outputs/traces/3090/default-s123-r3/train_step_203/read_trace.jsonl,254d53cf5dfe07eae899cbefe65a7be4af236e7f06281ba6aa83d7bbe9cb9784,36112,mirrored-to-2080ti
20260625-02-flash-vqg-1epoch-repro-screen,3090,mclab-3090,mclab-3090:/home/lyj/mnt/project/zoology/zoology/experiments/flash_vqg/scripts/20260625-02-flash-vqg-1epoch-repro-screen/outputs/traces/3090/default-s123-r3/train_step_352/read_trace.jsonl,/home/lyj/mnt/project/zoology/zoology/experiments/flash_vqg/scripts/20260625-02-flash-vqg-1epoch-repro-screen/outputs/traces/3090/default-s123-r3/train_step_352/read_trace.jsonl,0603be375c4dbbe4f658ca557e80b13f06a35f8c98f0276882147240edb4173d,36204,mirrored-to-2080ti
20260625-02-flash-vqg-1epoch-repro-screen,3090,mclab-3090,mclab-3090:/home/lyj/mnt/project/zoology/zoology/experiments/flash_vqg/scripts/20260625-02-flash-vqg-1epoch-repro-screen/outputs/traces/3090/default-s123-r3/train_step_448/read_trace.jsonl,/home/lyj/mnt/project/zoology/zoology/experiments/flash_vqg/scripts/20260625-02-flash-vqg-1epoch-repro-screen/outputs/traces/3090/default-s123-r3/train_step_448/read_trace.jsonl,a9260497206dbb96bbf1e0be251e0600a7cc99f828ab01518373a94f4c60be3a,36027,mirrored-to-2080ti
20260625-02-flash-vqg-1epoch-repro-screen,3090,mclab-3090,mclab-3090:/home/lyj/mnt/project/zoology/zoology/experiments/flash_vqg/scripts/20260625-02-flash-vqg-1epoch-repro-screen/outputs/traces/3090/default-s123-r3/train_step_64/read_trace.jsonl,/home/lyj/mnt/project/zoology/zoology/experiments/flash_vqg/scripts/20260625-02-flash-vqg-1epoch-repro-screen/outputs/traces/3090/default-s123-r3/train_step_64/read_trace.jsonl,e31ca8a23519e281b187248c7c36b412b69a0fca25b226330ac029f2224ad94e,36163,mirrored-to-2080ti
20260625-02-flash-vqg-1epoch-repro-screen,3090,mclab-3090,mclab-3090:/home/lyj/mnt/project/zoology/zoology/experiments/flash_vqg/scripts/20260625-02-flash-vqg-1epoch-repro-screen/outputs/traces/3090/default-s123-r3/train_step_704/read_trace.jsonl,/home/lyj/mnt/project/zoology/zoology/experiments/flash_vqg/scripts/20260625-02-flash-vqg-1epoch-repro-screen/outputs/traces/3090/default-s123-r3/train_step_704/read_trace.jsonl,dc256ef6c656132adb703a6fe305f213c4b938a1e2152d7d1962f7d75f4c1554,35976,mirrored-to-2080ti
20260625-02-flash-vqg-1epoch-repro-screen,3090,mclab-3090,mclab-3090:/home/lyj/mnt/project/zoology/zoology/experiments/flash_vqg/scripts/20260625-02-flash-vqg-1epoch-repro-screen/outputs/traces/3090/default-s123-r4/train_step_0/read_trace.jsonl,/home/lyj/mnt/project/zoology/zoology/experiments/flash_vqg/scripts/20260625-02-flash-vqg-1epoch-repro-screen/outputs/traces/3090/default-s123-r4/train_step_0/read_trace.jsonl,cab225da9a8b090f4117296cbd0245ccbc4cb89298bf882993db9955e47ff7bc,36317,mirrored-to-2080ti
20260625-02-flash-vqg-1epoch-repro-screen,3090,mclab-3090,mclab-3090:/home/lyj/mnt/project/zoology/zoology/experiments/flash_vqg/scripts/20260625-02-flash-vqg-1epoch-repro-screen/outputs/traces/3090/default-s123-r4/train_step_130/read_trace.jsonl,/home/lyj/mnt/project/zoology/zoology/experiments/flash_vqg/scripts/20260625-02-flash-vqg-1epoch-repro-screen/outputs/traces/3090/default-s123-r4/train_step_130/read_trace.jsonl,52e737d4b06e200a74952c743d40a33fa7f4c9304ef5ca99b2e45ffd4a64642e,36020,mirrored-to-2080ti
20260625-02-flash-vqg-1epoch-repro-screen,3090,mclab-3090,mclab-3090:/home/lyj/mnt/project/zoology/zoology/experiments/flash_vqg/scripts/20260625-02-flash-vqg-1epoch-repro-screen/outputs/traces/3090/default-s123-r4/train_step_203/read_trace.jsonl,/home/lyj/mnt/project/zoology/zoology/experiments/flash_vqg/scripts/20260625-02-flash-vqg-1epoch-repro-screen/outputs/traces/3090/default-s123-r4/train_step_203/read_trace.jsonl,e0ddec1af9abd343828ed71e2990572a5812abf839c073fd836ab727b0eaf835,36154,mirrored-to-2080ti
20260625-02-flash-vqg-1epoch-repro-screen,3090,mclab-3090,mclab-3090:/home/lyj/mnt/project/zoology/zoology/experiments/flash_vqg/scripts/20260625-02-flash-vqg-1epoch-repro-screen/outputs/traces/3090/default-s123-r4/train_step_352/read_trace.jsonl,/home/lyj/mnt/project/zoology/zoology/experiments/flash_vqg/scripts/20260625-02-flash-vqg-1epoch-repro-screen/outputs/traces/3090/default-s123-r4/train_step_352/read_trace.jsonl,ded565a92b6b23889ebb558ce69db14cde9da7df3532dc049ec912eab81f9773,36151,mirrored-to-2080ti
20260625-02-flash-vqg-1epoch-repro-screen,3090,mclab-3090,mclab-3090:/home/lyj/mnt/project/zoology/zoology/experiments/flash_vqg/scripts/20260625-02-flash-vqg-1epoch-repro-screen/outputs/traces/3090/default-s123-r4/train_step_448/read_trace.jsonl,/home/lyj/mnt/project/zoology/zoology/experiments/flash_vqg/scripts/20260625-02-flash-vqg-1epoch-repro-screen/outputs/traces/3090/default-s123-r4/train_step_448/read_trace.jsonl,49bf233fe41010d2e5054b6e27ead0ef02f649454899c443246e08efec44728d,36080,mirrored-to-2080ti
20260625-02-flash-vqg-1epoch-repro-screen,3090,mclab-3090,mclab-3090:/home/lyj/mnt/project/zoology/zoology/experiments/flash_vqg/scripts/20260625-02-flash-vqg-1epoch-repro-screen/outputs/traces/3090/default-s123-r4/train_step_64/read_trace.jsonl,/home/lyj/mnt/project/zoology/zoology/experiments/flash_vqg/scripts/20260625-02-flash-vqg-1epoch-repro-screen/outputs/traces/3090/default-s123-r4/train_step_64/read_trace.jsonl,ceed11fe79b238f5f3aa0520cf44552992dd5abb576cc44221e001af70b1c7eb,36154,mirrored-to-2080ti
20260625-02-flash-vqg-1epoch-repro-screen,3090,mclab-3090,mclab-3090:/home/lyj/mnt/project/zoology/zoology/experiments/flash_vqg/scripts/20260625-02-flash-vqg-1epoch-repro-screen/outputs/traces/3090/default-s123-r4/train_step_704/read_trace.jsonl,/home/lyj/mnt/project/zoology/zoology/experiments/flash_vqg/scripts/20260625-02-flash-vqg-1epoch-repro-screen/outputs/traces/3090/default-s123-r4/train_step_704/read_trace.jsonl,88e96fd55ec5f3342c2d16234637335b1a12222e01cc0ee7a02539889e9f1a6c,35997,mirrored-to-2080ti
20260625-02-flash-vqg-1epoch-repro-screen,3090,mclab-3090,mclab-3090:/home/lyj/mnt/project/zoology/zoology/experiments/flash_vqg/scripts/20260625-02-flash-vqg-1epoch-repro-screen/outputs/traces/3090/default-s124-r1/train_step_0/read_trace.jsonl,/home/lyj/mnt/project/zoology/zoology/experiments/flash_vqg/scripts/20260625-02-flash-vqg-1epoch-repro-screen/outputs/traces/3090/default-s124-r1/train_step_0/read_trace.jsonl,2d01384a3593f08c059dcf6ea14e9e289c9b2aef652e1278f895ce13d65e3bac,36314,mirrored-to-2080ti
20260625-02-flash-vqg-1epoch-repro-screen,3090,mclab-3090,mclab-3090:/home/lyj/mnt/project/zoology/zoology/experiments/flash_vqg/scripts/20260625-02-flash-vqg-1epoch-repro-screen/outputs/traces/3090/default-s124-r1/train_step_130/read_trace.jsonl,/home/lyj/mnt/project/zoology/zoology/experiments/flash_vqg/scripts/20260625-02-flash-vqg-1epoch-repro-screen/outputs/traces/3090/default-s124-r1/train_step_130/read_trace.jsonl,b3b8a651d221d17e07ad04f56b2a701a3c32c803d852933c414d94c3969de31a,36035,mirrored-to-2080ti
20260625-02-flash-vqg-1epoch-repro-screen,3090,mclab-3090,mclab-3090:/home/lyj/mnt/project/zoology/zoology/experiments/flash_vqg/scripts/20260625-02-flash-vqg-1epoch-repro-screen/outputs/traces/3090/default-s124-r1/train_step_203/read_trace.jsonl,/home/lyj/mnt/project/zoology/zoology/experiments/flash_vqg/scripts/20260625-02-flash-vqg-1epoch-repro-screen/outputs/traces/3090/default-s124-r1/train_step_203/read_trace.jsonl,79826b2d3a19f7079300c8ca8373c99f4324e1839a56f0c032ca777f7fc5c623,36002,mirrored-to-2080ti
20260625-02-flash-vqg-1epoch-repro-screen,3090,mclab-3090,mclab-3090:/home/lyj/mnt/project/zoology/zoology/experiments/flash_vqg/scripts/20260625-02-flash-vqg-1epoch-repro-screen/outputs/traces/3090/default-s124-r1/train_step_352/read_trace.jsonl,/home/lyj/mnt/project/zoology/zoology/experiments/flash_vqg/scripts/20260625-02-flash-vqg-1epoch-repro-screen/outputs/traces/3090/default-s124-r1/train_step_352/read_trace.jsonl,528d2bb970556e19cfb44f4ad5ef779ad2e157e9d9d523bb0d83fb071f5a5be1,36041,mirrored-to-2080ti
20260625-02-flash-vqg-1epoch-repro-screen,3090,mclab-3090,mclab-3090:/home/lyj/mnt/project/zoology/zoology/experiments/flash_vqg/scripts/20260625-02-flash-vqg-1epoch-repro-screen/outputs/traces/3090/default-s124-r1/train_step_448/read_trace.jsonl,/home/lyj/mnt/project/zoology/zoology/experiments/flash_vqg/scripts/20260625-02-flash-vqg-1epoch-repro-screen/outputs/traces/3090/default-s124-r1/train_step_448/read_trace.jsonl,651618e27d2e608716fff0ac0002f678ae77fa048adbca2e64f802447355c14b,36158,mirrored-to-2080ti
20260625-02-flash-vqg-1epoch-repro-screen,3090,mclab-3090,mclab-3090:/home/lyj/mnt/project/zoology/zoology/experiments/flash_vqg/scripts/20260625-02-flash-vqg-1epoch-repro-screen/outputs/traces/3090/default-s124-r1/train_step_64/read_trace.jsonl,/home/lyj/mnt/project/zoology/zoology/experiments/flash_vqg/scripts/20260625-02-flash-vqg-1epoch-repro-screen/outputs/traces/3090/default-s124-r1/train_step_64/read_trace.jsonl,3612ec4ef89b9cbc330d87c75b04afc63c3e48f7f0b566dd6befe24052db8b50,36167,mirrored-to-2080ti
20260625-02-flash-vqg-1epoch-repro-screen,3090,mclab-3090,mclab-3090:/home/lyj/mnt/project/zoology/zoology/experiments/flash_vqg/scripts/20260625-02-flash-vqg-1epoch-repro-screen/outputs/traces/3090/default-s124-r1/train_step_704/read_trace.jsonl,/home/lyj/mnt/project/zoology/zoology/experiments/flash_vqg/scripts/20260625-02-flash-vqg-1epoch-repro-screen/outputs/traces/3090/default-s124-r1/train_step_704/read_trace.jsonl,c42c44d69ae4defe4d5dead2276e6c8a0badb70de8798d36395f06f89648ac74,35999,mirrored-to-2080ti
20260625-02-flash-vqg-1epoch-repro-screen,3090,mclab-3090,mclab-3090:/home/lyj/mnt/project/zoology/zoology/experiments/flash_vqg/scripts/20260625-02-flash-vqg-1epoch-repro-screen/outputs/traces/3090/default-s124-r2/train_step_0/read_trace.jsonl,/home/lyj/mnt/project/zoology/zoology/experiments/flash_vqg/scripts/20260625-02-flash-vqg-1epoch-repro-screen/outputs/traces/3090/default-s124-r2/train_step_0/read_trace.jsonl,762eb37d65a800adfbc5d88ccabf427ac762fc1123b7378c7ea8eab1aa5352b0,36314,mirrored-to-2080ti
20260625-02-flash-vqg-1epoch-repro-screen,3090,mclab-3090,mclab-3090:/home/lyj/mnt/project/zoology/zoology/experiments/flash_vqg/scripts/20260625-02-flash-vqg-1epoch-repro-screen/outputs/traces/3090/default-s124-r2/train_step_130/read_trace.jsonl,/home/lyj/mnt/project/zoology/zoology/experiments/flash_vqg/scripts/20260625-02-flash-vqg-1epoch-repro-screen/outputs/traces/3090/default-s124-r2/train_step_130/read_trace.jsonl,d857d2d5672515d9ae3da3f87ac4ad3d1a290d1f5cf07e27dfb1984a67679acd,36063,mirrored-to-2080ti
20260625-02-flash-vqg-1epoch-repro-screen,3090,mclab-3090,mclab-3090:/home/lyj/mnt/project/zoology/zoology/experiments/flash_vqg/scripts/20260625-02-flash-vqg-1epoch-repro-screen/outputs/traces/3090/default-s124-r2/train_step_203/read_trace.jsonl,/home/lyj/mnt/project/zoology/zoology/experiments/flash_vqg/scripts/20260625-02-flash-vqg-1epoch-repro-screen/outputs/traces/3090/default-s124-r2/train_step_203/read_trace.jsonl,2da868626f6e01ebf9ac5887f9df7d83439e7a506b71804cdefaa9a4ba7ecfe7,36024,mirrored-to-2080ti
20260625-02-flash-vqg-1epoch-repro-screen,3090,mclab-3090,mclab-3090:/home/lyj/mnt/project/zoology/zoology/experiments/flash_vqg/scripts/20260625-02-flash-vqg-1epoch-repro-screen/outputs/traces/3090/default-s124-r2/train_step_352/read_trace.jsonl,/home/lyj/mnt/project/zoology/zoology/experiments/flash_vqg/scripts/20260625-02-flash-vqg-1epoch-repro-screen/outputs/traces/3090/default-s124-r2/train_step_352/read_trace.jsonl,5875cab47c19f2c4b769fa2b55913b5cb75508b98cb468c9e6e5aaffeb17c282,36063,mirrored-to-2080ti
20260625-02-flash-vqg-1epoch-repro-screen,3090,mclab-3090,mclab-3090:/home/lyj/mnt/project/zoology/zoology/experiments/flash_vqg/scripts/20260625-02-flash-vqg-1epoch-repro-screen/outputs/traces/3090/default-s124-r2/train_step_448/read_trace.jsonl,/home/lyj/mnt/project/zoology/zoology/experiments/flash_vqg/scripts/20260625-02-flash-vqg-1epoch-repro-screen/outputs/traces/3090/default-s124-r2/train_step_448/read_trace.jsonl,b4024bba83a43255aa07793529121d8a6046c49278919990bf5c9639480e13ad,36172,mirrored-to-2080ti
20260625-02-flash-vqg-1epoch-repro-screen,3090,mclab-3090,mclab-3090:/home/lyj/mnt/project/zoology/zoology/experiments/flash_vqg/scripts/20260625-02-flash-vqg-1epoch-repro-screen/outputs/traces/3090/default-s124-r2/train_step_64/read_trace.jsonl,/home/lyj/mnt/project/zoology/zoology/experiments/flash_vqg/scripts/20260625-02-flash-vqg-1epoch-repro-screen/outputs/traces/3090/default-s124-r2/train_step_64/read_trace.jsonl,afed82e4fc2333c7d5b18bf6a3a4d9c05f1397978a23a7e30945cd83a7116042,36169,mirrored-to-2080ti
20260625-02-flash-vqg-1epoch-repro-screen,3090,mclab-3090,mclab-3090:/home/lyj/mnt/project/zoology/zoology/experiments/flash_vqg/scripts/20260625-02-flash-vqg-1epoch-repro-screen/outputs/traces/3090/default-s124-r2/train_step_704/read_trace.jsonl,/home/lyj/mnt/project/zoology/zoology/experiments/flash_vqg/scripts/20260625-02-flash-vqg-1epoch-repro-screen/outputs/traces/3090/default-s124-r2/train_step_704/read_trace.jsonl,daadbc9c3a45d99a4b974a6e463b003103ff564813a2b698a12bd5fc25dc117b,36000,mirrored-to-2080ti
20260625-02-flash-vqg-1epoch-repro-screen,3090,mclab-3090,mclab-3090:/home/lyj/mnt/project/zoology/zoology/experiments/flash_vqg/scripts/20260625-02-flash-vqg-1epoch-repro-screen/outputs/traces/3090/default-s124-r3/train_step_0/read_trace.jsonl,/home/lyj/mnt/project/zoology/zoology/experiments/flash_vqg/scripts/20260625-02-flash-vqg-1epoch-repro-screen/outputs/traces/3090/default-s124-r3/train_step_0/read_trace.jsonl,306d2d82ca8d2c3b4409f66b929c0aebbfe461225cad103b1817f8a400f9e91f,36314,mirrored-to-2080ti
20260625-02-flash-vqg-1epoch-repro-screen,3090,mclab-3090,mclab-3090:/home/lyj/mnt/project/zoology/zoology/experiments/flash_vqg/scripts/20260625-02-flash-vqg-1epoch-repro-screen/outputs/traces/3090/default-s124-r3/train_step_130/read_trace.jsonl,/home/lyj/mnt/project/zoology/zoology/experiments/flash_vqg/scripts/20260625-02-flash-vqg-1epoch-repro-screen/outputs/traces/3090/default-s124-r3/train_step_130/read_trace.jsonl,eb7b0619694f9b7d6abff2d84e7efcf692d6f91b4c83d138ea509cd8a643296c,36050,mirrored-to-2080ti
20260625-02-flash-vqg-1epoch-repro-screen,3090,mclab-3090,mclab-3090:/home/lyj/mnt/project/zoology/zoology/experiments/flash_vqg/scripts/20260625-02-flash-vqg-1epoch-repro-screen/outputs/traces/3090/default-s124-r3/train_step_203/read_trace.jsonl,/home/lyj/mnt/project/zoology/zoology/experiments/flash_vqg/scripts/20260625-02-flash-vqg-1epoch-repro-screen/outputs/traces/3090/default-s124-r3/train_step_203/read_trace.jsonl,c2b5840db03aec36b15c68a8b53053c20ef493a12d0b042ea225e978b56b40de,35992,mirrored-to-2080ti
20260625-02-flash-vqg-1epoch-repro-screen,3090,mclab-3090,mclab-3090:/home/lyj/mnt/project/zoology/zoology/experiments/flash_vqg/scripts/20260625-02-flash-vqg-1epoch-repro-screen/outputs/traces/3090/default-s124-r3/train_step_352/read_trace.jsonl,/home/lyj/mnt/project/zoology/zoology/experiments/flash_vqg/scripts/20260625-02-flash-vqg-1epoch-repro-screen/outputs/traces/3090/default-s124-r3/train_step_352/read_trace.jsonl,ecae6bd263339f311e4acffbd6c697b0ad669fdcf2692258ad61ac28f8b70128,36034,mirrored-to-2080ti
20260625-02-flash-vqg-1epoch-repro-screen,3090,mclab-3090,mclab-3090:/home/lyj/mnt/project/zoology/zoology/experiments/flash_vqg/scripts/20260625-02-flash-vqg-1epoch-repro-screen/outputs/traces/3090/default-s124-r3/train_step_448/read_trace.jsonl,/home/lyj/mnt/project/zoology/zoology/experiments/flash_vqg/scripts/20260625-02-flash-vqg-1epoch-repro-screen/outputs/traces/3090/default-s124-r3/train_step_448/read_trace.jsonl,698418d349262642f57f61acca8caceb26616e92c06bb7dc053af223de058e0c,36146,mirrored-to-2080ti
20260625-02-flash-vqg-1epoch-repro-screen,3090,mclab-3090,mclab-3090:/home/lyj/mnt/project/zoology/zoology/experiments/flash_vqg/scripts/20260625-02-flash-vqg-1epoch-repro-screen/outputs/traces/3090/default-s124-r3/train_step_64/read_trace.jsonl,/home/lyj/mnt/project/zoology/zoology/experiments/flash_vqg/scripts/20260625-02-flash-vqg-1epoch-repro-screen/outputs/traces/3090/default-s124-r3/train_step_64/read_trace.jsonl,11c8652a376ee6fb6e73ea00642151c53232b9534d52613084a0cd8ec7d8405c,36178,mirrored-to-2080ti
20260625-02-flash-vqg-1epoch-repro-screen,3090,mclab-3090,mclab-3090:/home/lyj/mnt/project/zoology/zoology/experiments/flash_vqg/scripts/20260625-02-flash-vqg-1epoch-repro-screen/outputs/traces/3090/default-s124-r3/train_step_704/read_trace.jsonl,/home/lyj/mnt/project/zoology/zoology/experiments/flash_vqg/scripts/20260625-02-flash-vqg-1epoch-repro-screen/outputs/traces/3090/default-s124-r3/train_step_704/read_trace.jsonl,2037abd8e18a4cf7d29eaa590f85c9a3da2fd303246b12fa6c90044ae4afab57,36000,mirrored-to-2080ti
20260625-02-flash-vqg-1epoch-repro-screen,3090,mclab-3090,mclab-3090:/home/lyj/mnt/project/zoology/zoology/experiments/flash_vqg/scripts/20260625-02-flash-vqg-1epoch-repro-screen/outputs/traces/3090/default-s124-r4/train_step_0/read_trace.jsonl,/home/lyj/mnt/project/zoology/zoology/experiments/flash_vqg/scripts/20260625-02-flash-vqg-1epoch-repro-screen/outputs/traces/3090/default-s124-r4/train_step_0/read_trace.jsonl,7d9fec051cc76ba9400f8b06569913bee792abd5ed9d2ca488f628ae31d83a94,36314,mirrored-to-2080ti
20260625-02-flash-vqg-1epoch-repro-screen,3090,mclab-3090,mclab-3090:/home/lyj/mnt/project/zoology/zoology/experiments/flash_vqg/scripts/20260625-02-flash-vqg-1epoch-repro-screen/outputs/traces/3090/default-s124-r4/train_step_130/read_trace.jsonl,/home/lyj/mnt/project/zoology/zoology/experiments/flash_vqg/scripts/20260625-02-flash-vqg-1epoch-repro-screen/outputs/traces/3090/default-s124-r4/train_step_130/read_trace.jsonl,85ca909f2b23163f72f76ad9d6b39b51b1783ee0afc73ccc5aecda32dc992f5a,36061,mirrored-to-2080ti
20260625-02-flash-vqg-1epoch-repro-screen,3090,mclab-3090,mclab-3090:/home/lyj/mnt/project/zoology/zoology/experiments/flash_vqg/scripts/20260625-02-flash-vqg-1epoch-repro-screen/outputs/traces/3090/default-s124-r4/train_step_203/read_trace.jsonl,/home/lyj/mnt/project/zoology/zoology/experiments/flash_vqg/scripts/20260625-02-flash-vqg-1epoch-repro-screen/outputs/traces/3090/default-s124-r4/train_step_203/read_trace.jsonl,ad2985410b156afbb05febac62f8fdc5b1004945698883b1fee526aa55ada010,36121,mirrored-to-2080ti
20260625-02-flash-vqg-1epoch-repro-screen,3090,mclab-3090,mclab-3090:/home/lyj/mnt/project/zoology/zoology/experiments/flash_vqg/scripts/20260625-02-flash-vqg-1epoch-repro-screen/outputs/traces/3090/default-s124-r4/train_step_352/read_trace.jsonl,/home/lyj/mnt/project/zoology/zoology/experiments/flash_vqg/scripts/20260625-02-flash-vqg-1epoch-repro-screen/outputs/traces/3090/default-s124-r4/train_step_352/read_trace.jsonl,70490b28008f3b667a3f594e03ccfa25168809748a33837e5efa6fa307d45670,36281,mirrored-to-2080ti
20260625-02-flash-vqg-1epoch-repro-screen,3090,mclab-3090,mclab-3090:/home/lyj/mnt/project/zoology/zoology/experiments/flash_vqg/scripts/20260625-02-flash-vqg-1epoch-repro-screen/outputs/traces/3090/default-s124-r4/train_step_448/read_trace.jsonl,/home/lyj/mnt/project/zoology/zoology/experiments/flash_vqg/scripts/20260625-02-flash-vqg-1epoch-repro-screen/outputs/traces/3090/default-s124-r4/train_step_448/read_trace.jsonl,ad44a3403c7e18c3c515c8c3ddb21ef04387c946864ff2003762096479afa18a,36381,mirrored-to-2080ti
20260625-02-flash-vqg-1epoch-repro-screen,3090,mclab-3090,mclab-3090:/home/lyj/mnt/project/zoology/zoology/experiments/flash_vqg/scripts/20260625-02-flash-vqg-1epoch-repro-screen/outputs/traces/3090/default-s124-r4/train_step_64/read_trace.jsonl,/home/lyj/mnt/project/zoology/zoology/experiments/flash_vqg/scripts/20260625-02-flash-vqg-1epoch-repro-screen/outputs/traces/3090/default-s124-r4/train_step_64/read_trace.jsonl,b9e262dccef3fa47c358ca9cd363f4180c4b1815d00b2c78bfa1faa8eb67d741,36164,mirrored-to-2080ti
20260625-02-flash-vqg-1epoch-repro-screen,3090,mclab-3090,mclab-3090:/home/lyj/mnt/project/zoology/zoology/experiments/flash_vqg/scripts/20260625-02-flash-vqg-1epoch-repro-screen/outputs/traces/3090/default-s124-r4/train_step_704/read_trace.jsonl,/home/lyj/mnt/project/zoology/zoology/experiments/flash_vqg/scripts/20260625-02-flash-vqg-1epoch-repro-screen/outputs/traces/3090/default-s124-r4/train_step_704/read_trace.jsonl,c305f0303f62dbd0433d9f79dd89b1607705623e4a543375da3e802ed6beaefd,36227,mirrored-to-2080ti
20260625-02-flash-vqg-1epoch-repro-screen,2080ti,mclab-2080ti,/home/lyj/mnt/project/zoology/zoology/experiments/flash_vqg/scripts/20260625-02-flash-vqg-1epoch-repro-screen/outputs/interrupted-traces/2080ti-hostrunner-20260625T135615Z/default-s123-r1/early_window_metrics.jsonl,/home/lyj/mnt/project/zoology/zoology/experiments/flash_vqg/scripts/20260625-02-flash-vqg-1epoch-repro-screen/outputs/interrupted-traces/2080ti-hostrunner-20260625T135615Z/default-s123-r1/early_window_metrics.jsonl,e7a85860341b5d01969afbb1d329f0628648a2cc2cf01ab04449d98908abf015,65492,source-local
20260625-02-flash-vqg-1epoch-repro-screen,2080ti,mclab-2080ti,/home/lyj/mnt/project/zoology/zoology/experiments/flash_vqg/scripts/20260625-02-flash-vqg-1epoch-repro-screen/outputs/interrupted-traces/2080ti-hostrunner-20260625T135615Z/smoke-default-s123/early_window_metrics.jsonl,/home/lyj/mnt/project/zoology/zoology/experiments/flash_vqg/scripts/20260625-02-flash-vqg-1epoch-repro-screen/outputs/interrupted-traces/2080ti-hostrunner-20260625T135615Z/smoke-default-s123/early_window_metrics.jsonl,facfeb893085e6ccbf4a3732ff76e3084cfd3589528c2723e5a31fa2a85ee04d,38988,source-local
20260625-02-flash-vqg-1epoch-repro-screen,3090,mclab-3090,mclab-3090:/home/lyj/mnt/project/zoology/zoology/experiments/flash_vqg/scripts/20260625-02-flash-vqg-1epoch-repro-screen/outputs/interrupted-traces/3090-hostrunner-20260625T135615Z/default-s123-r1/early_window_metrics.jsonl,/home/lyj/mnt/project/zoology/zoology/experiments/flash_vqg/scripts/20260625-02-flash-vqg-1epoch-repro-screen/outputs/interrupted-traces/3090-hostrunner-20260625T135615Z/default-s123-r1/early_window_metrics.jsonl,cf31f65d4de48eb457c2b7922314fb5989868446681599e65a937916ee91e15e,78568,mirrored-to-2080ti
20260625-02-flash-vqg-1epoch-repro-screen,3090,mclab-3090,mclab-3090:/home/lyj/mnt/project/zoology/zoology/experiments/flash_vqg/scripts/20260625-02-flash-vqg-1epoch-repro-screen/outputs/interrupted-traces/3090-hostrunner-20260625T135615Z/smoke-default-s123/early_window_metrics.jsonl,/home/lyj/mnt/project/zoology/zoology/experiments/flash_vqg/scripts/20260625-02-flash-vqg-1epoch-repro-screen/outputs/interrupted-traces/3090-hostrunner-20260625T135615Z/smoke-default-s123/early_window_metrics.jsonl,914e2eed4456ba5f8da3cc4e9f59572c7c1c56b5593af6a3981f4247b0fbd6d0,38975,mirrored-to-2080ti
20260625-02-flash-vqg-1epoch-repro-screen,2080ti,mclab-2080ti,/home/lyj/mnt/project/zoology/zoology/experiments/flash_vqg/scripts/20260625-02-flash-vqg-1epoch-repro-screen/outputs/interrupted-traces/2080ti-hostrunner-20260625T135615Z/default-s123-r1/train_step_0/read_trace.jsonl,/home/lyj/mnt/project/zoology/zoology/experiments/flash_vqg/scripts/20260625-02-flash-vqg-1epoch-repro-screen/outputs/interrupted-traces/2080ti-hostrunner-20260625T135615Z/default-s123-r1/train_step_0/read_trace.jsonl,52ef3adef6451ca795b496c84eccb6aca979b7a745cdffed45a221dfc1b9d1d1,36435,source-local
20260625-02-flash-vqg-1epoch-repro-screen,2080ti,mclab-2080ti,/home/lyj/mnt/project/zoology/zoology/experiments/flash_vqg/scripts/20260625-02-flash-vqg-1epoch-repro-screen/outputs/interrupted-traces/2080ti-hostrunner-20260625T135615Z/default-s123-r1/train_step_130/read_trace.jsonl,/home/lyj/mnt/project/zoology/zoology/experiments/flash_vqg/scripts/20260625-02-flash-vqg-1epoch-repro-screen/outputs/interrupted-traces/2080ti-hostrunner-20260625T135615Z/default-s123-r1/train_step_130/read_trace.jsonl,b6bf0a17e5c9d6ce004ef81e3cf0d6327d3b21b6af34f2d2a6bde75c6cfe1061,36185,source-local
20260625-02-flash-vqg-1epoch-repro-screen,2080ti,mclab-2080ti,/home/lyj/mnt/project/zoology/zoology/experiments/flash_vqg/scripts/20260625-02-flash-vqg-1epoch-repro-screen/outputs/interrupted-traces/2080ti-hostrunner-20260625T135615Z/default-s123-r1/train_step_203/read_trace.jsonl,/home/lyj/mnt/project/zoology/zoology/experiments/flash_vqg/scripts/20260625-02-flash-vqg-1epoch-repro-screen/outputs/interrupted-traces/2080ti-hostrunner-20260625T135615Z/default-s123-r1/train_step_203/read_trace.jsonl,5284969b26b17442cc291e12121f75c118896b093d326ef744f8eaefdb4fab92,36477,source-local
20260625-02-flash-vqg-1epoch-repro-screen,2080ti,mclab-2080ti,/home/lyj/mnt/project/zoology/zoology/experiments/flash_vqg/scripts/20260625-02-flash-vqg-1epoch-repro-screen/outputs/interrupted-traces/2080ti-hostrunner-20260625T135615Z/default-s123-r1/train_step_352/read_trace.jsonl,/home/lyj/mnt/project/zoology/zoology/experiments/flash_vqg/scripts/20260625-02-flash-vqg-1epoch-repro-screen/outputs/interrupted-traces/2080ti-hostrunner-20260625T135615Z/default-s123-r1/train_step_352/read_trace.jsonl,a85764eb8bbd6f59fa44a8a9724e8921a954f7e665c4127b01b4b56bc5780d29,36228,source-local
20260625-02-flash-vqg-1epoch-repro-screen,2080ti,mclab-2080ti,/home/lyj/mnt/project/zoology/zoology/experiments/flash_vqg/scripts/20260625-02-flash-vqg-1epoch-repro-screen/outputs/interrupted-traces/2080ti-hostrunner-20260625T135615Z/default-s123-r1/train_step_64/read_trace.jsonl,/home/lyj/mnt/project/zoology/zoology/experiments/flash_vqg/scripts/20260625-02-flash-vqg-1epoch-repro-screen/outputs/interrupted-traces/2080ti-hostrunner-20260625T135615Z/default-s123-r1/train_step_64/read_trace.jsonl,b99f84705218ff4b8dd1403d4e23e7327d96544f0268ab6c8a3ad7d95f11d4ae,36295,source-local
20260625-02-flash-vqg-1epoch-repro-screen,2080ti,mclab-2080ti,/home/lyj/mnt/project/zoology/zoology/experiments/flash_vqg/scripts/20260625-02-flash-vqg-1epoch-repro-screen/outputs/interrupted-traces/2080ti-hostrunner-20260625T135615Z/smoke-default-s123/train_step_0/read_trace.jsonl,/home/lyj/mnt/project/zoology/zoology/experiments/flash_vqg/scripts/20260625-02-flash-vqg-1epoch-repro-screen/outputs/interrupted-traces/2080ti-hostrunner-20260625T135615Z/smoke-default-s123/train_step_0/read_trace.jsonl,ec057a5fdc304623bb3c127e4f66850033e57dd1821cc4d5437f22d0176a431a,1147,source-local
20260625-02-flash-vqg-1epoch-repro-screen,2080ti,mclab-2080ti,/home/lyj/mnt/project/zoology/zoology/experiments/flash_vqg/scripts/20260625-02-flash-vqg-1epoch-repro-screen/outputs/interrupted-traces/2080ti-hostrunner-20260625T135615Z/smoke-default-s123/train_step_1/read_trace.jsonl,/home/lyj/mnt/project/zoology/zoology/experiments/flash_vqg/scripts/20260625-02-flash-vqg-1epoch-repro-screen/outputs/interrupted-traces/2080ti-hostrunner-20260625T135615Z/smoke-default-s123/train_step_1/read_trace.jsonl,73c3ef2103a79e5d0e5b2439ec541ab0e9b9aa5f98a285e2373a341fce203a9d,1145,source-local
20260625-02-flash-vqg-1epoch-repro-screen,2080ti,mclab-2080ti,/home/lyj/mnt/project/zoology/zoology/experiments/flash_vqg/scripts/20260625-02-flash-vqg-1epoch-repro-screen/outputs/interrupted-traces/2080ti-hostrunner-20260625T135615Z/smoke-default-s123/train_step_2/read_trace.jsonl,/home/lyj/mnt/project/zoology/zoology/experiments/flash_vqg/scripts/20260625-02-flash-vqg-1epoch-repro-screen/outputs/interrupted-traces/2080ti-hostrunner-20260625T135615Z/smoke-default-s123/train_step_2/read_trace.jsonl,191c1ad83c240c9c2f75dda56de40d3e603acc7b86efad4b1efe9dfafabd0910,1146,source-local
20260625-02-flash-vqg-1epoch-repro-screen,3090,mclab-3090,mclab-3090:/home/lyj/mnt/project/zoology/zoology/experiments/flash_vqg/scripts/20260625-02-flash-vqg-1epoch-repro-screen/outputs/interrupted-traces/3090-hostrunner-20260625T135615Z/default-s123-r1/train_step_0/read_trace.jsonl,/home/lyj/mnt/project/zoology/zoology/experiments/flash_vqg/scripts/20260625-02-flash-vqg-1epoch-repro-screen/outputs/interrupted-traces/3090-hostrunner-20260625T135615Z/default-s123-r1/train_step_0/read_trace.jsonl,642bafb2b10b4a3574255e422158dd4de999e202e5ee7e2e2ebc7a25b23311cb,36317,mirrored-to-2080ti
20260625-02-flash-vqg-1epoch-repro-screen,3090,mclab-3090,mclab-3090:/home/lyj/mnt/project/zoology/zoology/experiments/flash_vqg/scripts/20260625-02-flash-vqg-1epoch-repro-screen/outputs/interrupted-traces/3090-hostrunner-20260625T135615Z/default-s123-r1/train_step_130/read_trace.jsonl,/home/lyj/mnt/project/zoology/zoology/experiments/flash_vqg/scripts/20260625-02-flash-vqg-1epoch-repro-screen/outputs/interrupted-traces/3090-hostrunner-20260625T135615Z/default-s123-r1/train_step_130/read_trace.jsonl,089f7eaf0a6e4940d8c648acda47de40623afa74cea77a3270e3bf65248df819,36007,mirrored-to-2080ti
20260625-02-flash-vqg-1epoch-repro-screen,3090,mclab-3090,mclab-3090:/home/lyj/mnt/project/zoology/zoology/experiments/flash_vqg/scripts/20260625-02-flash-vqg-1epoch-repro-screen/outputs/interrupted-traces/3090-hostrunner-20260625T135615Z/default-s123-r1/train_step_203/read_trace.jsonl,/home/lyj/mnt/project/zoology/zoology/experiments/flash_vqg/scripts/20260625-02-flash-vqg-1epoch-repro-screen/outputs/interrupted-traces/3090-hostrunner-20260625T135615Z/default-s123-r1/train_step_203/read_trace.jsonl,473f7a5e6564d86741df2ac7eac51a43fdf4e192fc5c0f9fa3773cedf2f56f06,36149,mirrored-to-2080ti
20260625-02-flash-vqg-1epoch-repro-screen,3090,mclab-3090,mclab-3090:/home/lyj/mnt/project/zoology/zoology/experiments/flash_vqg/scripts/20260625-02-flash-vqg-1epoch-repro-screen/outputs/interrupted-traces/3090-hostrunner-20260625T135615Z/default-s123-r1/train_step_352/read_trace.jsonl,/home/lyj/mnt/project/zoology/zoology/experiments/flash_vqg/scripts/20260625-02-flash-vqg-1epoch-repro-screen/outputs/interrupted-traces/3090-hostrunner-20260625T135615Z/default-s123-r1/train_step_352/read_trace.jsonl,29c99902e8aeee0a7840b4d1e6fe0c0e7a1ae4d2d8f845a6e6598eb4d99486fb,36129,mirrored-to-2080ti
20260625-02-flash-vqg-1epoch-repro-screen,3090,mclab-3090,mclab-3090:/home/lyj/mnt/project/zoology/zoology/experiments/flash_vqg/scripts/20260625-02-flash-vqg-1epoch-repro-screen/outputs/interrupted-traces/3090-hostrunner-20260625T135615Z/default-s123-r1/train_step_448/read_trace.jsonl,/home/lyj/mnt/project/zoology/zoology/experiments/flash_vqg/scripts/20260625-02-flash-vqg-1epoch-repro-screen/outputs/interrupted-traces/3090-hostrunner-20260625T135615Z/default-s123-r1/train_step_448/read_trace.jsonl,2c004fbe392126f2bea28816cd5dd57a70f9a788cd085c7efadcb0b493cd69da,36129,mirrored-to-2080ti
20260625-02-flash-vqg-1epoch-repro-screen,3090,mclab-3090,mclab-3090:/home/lyj/mnt/project/zoology/zoology/experiments/flash_vqg/scripts/20260625-02-flash-vqg-1epoch-repro-screen/outputs/interrupted-traces/3090-hostrunner-20260625T135615Z/default-s123-r1/train_step_64/read_trace.jsonl,/home/lyj/mnt/project/zoology/zoology/experiments/flash_vqg/scripts/20260625-02-flash-vqg-1epoch-repro-screen/outputs/interrupted-traces/3090-hostrunner-20260625T135615Z/default-s123-r1/train_step_64/read_trace.jsonl,304d8637dbb0df46da20208fdcea7f05c7eabc9040aba55540259264f6c123cd,36158,mirrored-to-2080ti
20260625-02-flash-vqg-1epoch-repro-screen,3090,mclab-3090,mclab-3090:/home/lyj/mnt/project/zoology/zoology/experiments/flash_vqg/scripts/20260625-02-flash-vqg-1epoch-repro-screen/outputs/interrupted-traces/3090-hostrunner-20260625T135615Z/smoke-default-s123/train_step_0/read_trace.jsonl,/home/lyj/mnt/project/zoology/zoology/experiments/flash_vqg/scripts/20260625-02-flash-vqg-1epoch-repro-screen/outputs/interrupted-traces/3090-hostrunner-20260625T135615Z/smoke-default-s123/train_step_0/read_trace.jsonl,04c768c761a55c219819ede93cac45419ad8de159454a0906e9ec1b567e7869b,1139,mirrored-to-2080ti
20260625-02-flash-vqg-1epoch-repro-screen,3090,mclab-3090,mclab-3090:/home/lyj/mnt/project/zoology/zoology/experiments/flash_vqg/scripts/20260625-02-flash-vqg-1epoch-repro-screen/outputs/interrupted-traces/3090-hostrunner-20260625T135615Z/smoke-default-s123/train_step_1/read_trace.jsonl,/home/lyj/mnt/project/zoology/zoology/experiments/flash_vqg/scripts/20260625-02-flash-vqg-1epoch-repro-screen/outputs/interrupted-traces/3090-hostrunner-20260625T135615Z/smoke-default-s123/train_step_1/read_trace.jsonl,cec963d41ce88e90d9adf8355c81bfe73fc1408e473295a45594bc59020ffb6c,1144,mirrored-to-2080ti
20260625-02-flash-vqg-1epoch-repro-screen,3090,mclab-3090,mclab-3090:/home/lyj/mnt/project/zoology/zoology/experiments/flash_vqg/scripts/20260625-02-flash-vqg-1epoch-repro-screen/outputs/interrupted-traces/3090-hostrunner-20260625T135615Z/smoke-default-s123/train_step_2/read_trace.jsonl,/home/lyj/mnt/project/zoology/zoology/experiments/flash_vqg/scripts/20260625-02-flash-vqg-1epoch-repro-screen/outputs/interrupted-traces/3090-hostrunner-20260625T135615Z/smoke-default-s123/train_step_2/read_trace.jsonl,ae88a5b585bfecc4ebb54e53103cc99b37d6fc225359cddba748a44a627a3269,1140,mirrored-to-2080ti
20260625-02-flash-vqg-1epoch-repro-screen,2080ti,mclab-2080ti,/home/lyj/mnt/project/zoology/zoology/experiments/flash_vqg/generated/fvqg-20260625-02-rscreen-2080ti-default-s123-r1-2026-06-25-13-55-06/manifest.json,/home/lyj/mnt/project/zoology/zoology/experiments/flash_vqg/generated/fvqg-20260625-02-rscreen-2080ti-default-s123-r1-2026-06-25-13-55-06/manifest.json,f62f96dac39aefe95355be7c48ebe67c8a5976a8b8d207d711c4bddbf5513189,1549,source-local
20260625-02-flash-vqg-1epoch-repro-screen,2080ti,mclab-2080ti,/home/lyj/mnt/project/zoology/zoology/experiments/flash_vqg/generated/fvqg-20260625-02-rscreen-2080ti-default-s123-r1-2026-06-25-13-56-18/manifest.json,/home/lyj/mnt/project/zoology/zoology/experiments/flash_vqg/generated/fvqg-20260625-02-rscreen-2080ti-default-s123-r1-2026-06-25-13-56-18/manifest.json,cb96749185520bdb0c52c055212091576f5e5aeb393ce5a0ce666d50d0ccc5b7,7152,source-local
20260625-02-flash-vqg-1epoch-repro-screen,2080ti,mclab-2080ti,/home/lyj/mnt/project/zoology/zoology/experiments/flash_vqg/generated/fvqg-20260625-02-rscreen-2080ti-default-s123-r1-2026-06-25-14-57-44/manifest.json,/home/lyj/mnt/project/zoology/zoology/experiments/flash_vqg/generated/fvqg-20260625-02-rscreen-2080ti-default-s123-r1-2026-06-25-14-57-44/manifest.json,862cfc5b944500c4b98e4cf06dec9b5bfe8078201f5f3d1bcafdb0a504117106,7191,source-local
20260625-02-flash-vqg-1epoch-repro-screen,2080ti,mclab-2080ti,/home/lyj/mnt/project/zoology/zoology/experiments/flash_vqg/generated/fvqg-20260625-02-rscreen-2080ti-default-s123-r2-2026-06-25-17-26-31/manifest.json,/home/lyj/mnt/project/zoology/zoology/experiments/flash_vqg/generated/fvqg-20260625-02-rscreen-2080ti-default-s123-r2-2026-06-25-17-26-31/manifest.json,572e22fd677f3fea7983a01c22b28031f6941a1637391c82157152d2bac7f4fa,7191,source-local
20260625-02-flash-vqg-1epoch-repro-screen,2080ti,mclab-2080ti,/home/lyj/mnt/project/zoology/zoology/experiments/flash_vqg/generated/fvqg-20260625-02-rscreen-2080ti-default-s123-r3-2026-06-25-20-49-06/manifest.json,/home/lyj/mnt/project/zoology/zoology/experiments/flash_vqg/generated/fvqg-20260625-02-rscreen-2080ti-default-s123-r3-2026-06-25-20-49-06/manifest.json,299ad5d0eab89f942c16a1940ee8bf584f60350f12b910245a1ea32caab1ac10,7191,source-local
20260625-02-flash-vqg-1epoch-repro-screen,2080ti,mclab-2080ti,/home/lyj/mnt/project/zoology/zoology/experiments/flash_vqg/generated/fvqg-20260625-02-rscreen-2080ti-default-s123-r4-2026-06-25-23-01-22/manifest.json,/home/lyj/mnt/project/zoology/zoology/experiments/flash_vqg/generated/fvqg-20260625-02-rscreen-2080ti-default-s123-r4-2026-06-25-23-01-22/manifest.json,e1bd6150e49126cf80713ccf20bd7d7c2395dd41fc7721c81e8196a6dfa44ae2,7191,source-local
20260625-02-flash-vqg-1epoch-repro-screen,2080ti,mclab-2080ti,/home/lyj/mnt/project/zoology/zoology/experiments/flash_vqg/generated/fvqg-20260625-02-rscreen-2080ti-default-s124-r1-2026-06-25-16-17-50/manifest.json,/home/lyj/mnt/project/zoology/zoology/experiments/flash_vqg/generated/fvqg-20260625-02-rscreen-2080ti-default-s124-r1-2026-06-25-16-17-50/manifest.json,66efa856b6c999951dcbd3de9a5d3156077e967a47d78ddf2781290d751c2eb7,7191,source-local
20260625-02-flash-vqg-1epoch-repro-screen,2080ti,mclab-2080ti,/home/lyj/mnt/project/zoology/zoology/experiments/flash_vqg/generated/fvqg-20260625-02-rscreen-2080ti-default-s124-r2-2026-06-25-19-41-35/manifest.json,/home/lyj/mnt/project/zoology/zoology/experiments/flash_vqg/generated/fvqg-20260625-02-rscreen-2080ti-default-s124-r2-2026-06-25-19-41-35/manifest.json,3d1576b62b20f1a8e493e56b2933517c7952e2712256b82f267ff32e8173e805,7191,source-local
20260625-02-flash-vqg-1epoch-repro-screen,2080ti,mclab-2080ti,/home/lyj/mnt/project/zoology/zoology/experiments/flash_vqg/generated/fvqg-20260625-02-rscreen-2080ti-default-s124-r3-2026-06-25-21-58-45/manifest.json,/home/lyj/mnt/project/zoology/zoology/experiments/flash_vqg/generated/fvqg-20260625-02-rscreen-2080ti-default-s124-r3-2026-06-25-21-58-45/manifest.json,14c405d4d33ca6583a0754fdfcd1d247b5cf87fe5ac3d67437970c21d8765e07,7191,source-local
20260625-02-flash-vqg-1epoch-repro-screen,2080ti,mclab-2080ti,/home/lyj/mnt/project/zoology/zoology/experiments/flash_vqg/generated/fvqg-20260625-02-rscreen-2080ti-default-s124-r4-2026-06-26-00-14-54/manifest.json,/home/lyj/mnt/project/zoology/zoology/experiments/flash_vqg/generated/fvqg-20260625-02-rscreen-2080ti-default-s124-r4-2026-06-26-00-14-54/manifest.json,0e74c26814c5fcd9e747ad551c51d36d92a6327a54e11a06c71ebade8c7ead16,7191,source-local
20260625-02-flash-vqg-1epoch-repro-screen,2080ti,mclab-2080ti,/home/lyj/mnt/project/zoology/zoology/experiments/flash_vqg/generated/fvqg-20260625-02-rscreen-2080ti-smoke-default-s123-2026-06-25-13-25-27/manifest.json,/home/lyj/mnt/project/zoology/zoology/experiments/flash_vqg/generated/fvqg-20260625-02-rscreen-2080ti-smoke-default-s123-2026-06-25-13-25-27/manifest.json,a1049e4722bdeb8fc8014b462bcf45231ac06d252cb393c82a672af65bbc1350,7219,source-local
20260625-02-flash-vqg-1epoch-repro-screen,2080ti,mclab-2080ti,/home/lyj/mnt/project/zoology/zoology/experiments/flash_vqg/generated/fvqg-20260625-02-rscreen-2080ti-smoke-default-s123-2026-06-25-13-51-58/manifest.json,/home/lyj/mnt/project/zoology/zoology/experiments/flash_vqg/generated/fvqg-20260625-02-rscreen-2080ti-smoke-default-s123-2026-06-25-13-51-58/manifest.json,da005e56c6022ac16a34b7f01762daaa2babf6521d5f20d6b8c9cf26436fead9,7200,source-local
20260625-02-flash-vqg-1epoch-repro-screen,2080ti,mclab-2080ti,/home/lyj/mnt/project/zoology/zoology/experiments/flash_vqg/generated/fvqg-20260625-02-rscreen-2080ti-smoke-default-s123-2026-06-25-13-53-31/manifest.json,/home/lyj/mnt/project/zoology/zoology/experiments/flash_vqg/generated/fvqg-20260625-02-rscreen-2080ti-smoke-default-s123-2026-06-25-13-53-31/manifest.json,218faa75f267903186ed6da7bb8048a0daac476fb0a2a4ee2ce97cf1505f4289,7168,source-local
20260625-02-flash-vqg-1epoch-repro-screen,2080ti,mclab-2080ti,/home/lyj/mnt/project/zoology/zoology/experiments/flash_vqg/generated/fvqg-20260625-02-rscreen-2080ti-smoke-default-s123-2026-06-25-14-41-46/manifest.json,/home/lyj/mnt/project/zoology/zoology/experiments/flash_vqg/generated/fvqg-20260625-02-rscreen-2080ti-smoke-default-s123-2026-06-25-14-41-46/manifest.json,775faf1736b20744860b09d55c70dad0a5be3b99cbe0a9d457b4dd8884507400,7161,source-local
20260625-02-flash-vqg-1epoch-repro-screen,3090,mclab-3090,mclab-3090:/home/lyj/mnt/project/zoology/zoology/experiments/flash_vqg/generated/fvqg-20260625-02-rscreen-3090-default-s123-r1-2026-06-25-13-55-05/manifest.json,/home/lyj/mnt/project/zoology/zoology/experiments/flash_vqg/generated/fvqg-20260625-02-rscreen-3090-default-s123-r1-2026-06-25-13-55-05/manifest.json,f45203497a1219a31f8799dd32045896b175e71ee8776f7edb4c0e2a5a5675e6,1541,mirrored-to-2080ti
20260625-02-flash-vqg-1epoch-repro-screen,3090,mclab-3090,mclab-3090:/home/lyj/mnt/project/zoology/zoology/experiments/flash_vqg/generated/fvqg-20260625-02-rscreen-3090-default-s123-r1-2026-06-25-13-56-17/manifest.json,/home/lyj/mnt/project/zoology/zoology/experiments/flash_vqg/generated/fvqg-20260625-02-rscreen-3090-default-s123-r1-2026-06-25-13-56-17/manifest.json,b7a529bac5f6822c8a20a6a667f6453e4e0b5f210c33956603d881f1318c0fc8,7124,mirrored-to-2080ti
20260625-02-flash-vqg-1epoch-repro-screen,3090,mclab-3090,mclab-3090:/home/lyj/mnt/project/zoology/zoology/experiments/flash_vqg/generated/fvqg-20260625-02-rscreen-3090-default-s123-r1-2026-06-25-14-57-44/manifest.json,/home/lyj/mnt/project/zoology/zoology/experiments/flash_vqg/generated/fvqg-20260625-02-rscreen-3090-default-s123-r1-2026-06-25-14-57-44/manifest.json,00091bd53b03370fb1c61facb4ac251bd2b6fd17d81341c8d53ac8a99877f606,7163,mirrored-to-2080ti
20260625-02-flash-vqg-1epoch-repro-screen,3090,mclab-3090,mclab-3090:/home/lyj/mnt/project/zoology/zoology/experiments/flash_vqg/generated/fvqg-20260625-02-rscreen-3090-default-s123-r2-2026-06-25-16-45-52/manifest.json,/home/lyj/mnt/project/zoology/zoology/experiments/flash_vqg/generated/fvqg-20260625-02-rscreen-3090-default-s123-r2-2026-06-25-16-45-52/manifest.json,604ef02edc018639ceebf0b46063635eddb11ed04a860993e144bc02c55e5950,7163,mirrored-to-2080ti
20260625-02-flash-vqg-1epoch-repro-screen,3090,mclab-3090,mclab-3090:/home/lyj/mnt/project/zoology/zoology/experiments/flash_vqg/generated/fvqg-20260625-02-rscreen-3090-default-s123-r3-2026-06-25-19-50-37/manifest.json,/home/lyj/mnt/project/zoology/zoology/experiments/flash_vqg/generated/fvqg-20260625-02-rscreen-3090-default-s123-r3-2026-06-25-19-50-37/manifest.json,6fabff5952da4f9b5bf4782544d2fba695fa1e04a610b2d68fa2906f0b6abc93,7163,mirrored-to-2080ti
20260625-02-flash-vqg-1epoch-repro-screen,3090,mclab-3090,mclab-3090:/home/lyj/mnt/project/zoology/zoology/experiments/flash_vqg/generated/fvqg-20260625-02-rscreen-3090-default-s123-r4-2026-06-25-21-31-54/manifest.json,/home/lyj/mnt/project/zoology/zoology/experiments/flash_vqg/generated/fvqg-20260625-02-rscreen-3090-default-s123-r4-2026-06-25-21-31-54/manifest.json,0919c45589bf6d406e45e9f36c721accd19b21ccd76cd2267adc9bc97a979ae3,7163,mirrored-to-2080ti
20260625-02-flash-vqg-1epoch-repro-screen,3090,mclab-3090,mclab-3090:/home/lyj/mnt/project/zoology/zoology/experiments/flash_vqg/generated/fvqg-20260625-02-rscreen-3090-default-s124-r1-2026-06-25-16-13-11/manifest.json,/home/lyj/mnt/project/zoology/zoology/experiments/flash_vqg/generated/fvqg-20260625-02-rscreen-3090-default-s124-r1-2026-06-25-16-13-11/manifest.json,36e9be1aaf1bc5cbee92b2e37418c9f718421b70ffceb48efcfb6d429680d4be,7163,mirrored-to-2080ti
20260625-02-flash-vqg-1epoch-repro-screen,3090,mclab-3090,mclab-3090:/home/lyj/mnt/project/zoology/zoology/experiments/flash_vqg/generated/fvqg-20260625-02-rscreen-3090-default-s124-r2-2026-06-25-17-58-39/manifest.json,/home/lyj/mnt/project/zoology/zoology/experiments/flash_vqg/generated/fvqg-20260625-02-rscreen-3090-default-s124-r2-2026-06-25-17-58-39/manifest.json,02de2cb68e3b6e9841c137a1aa20e57fbe7ff8e9191a91ee35f46406d3ea715c,7163,mirrored-to-2080ti
20260625-02-flash-vqg-1epoch-repro-screen,3090,mclab-3090,mclab-3090:/home/lyj/mnt/project/zoology/zoology/experiments/flash_vqg/generated/fvqg-20260625-02-rscreen-3090-default-s124-r3-2026-06-25-20-59-22/manifest.json,/home/lyj/mnt/project/zoology/zoology/experiments/flash_vqg/generated/fvqg-20260625-02-rscreen-3090-default-s124-r3-2026-06-25-20-59-22/manifest.json,a0c408db6e19a0b273961ab0a6999676cbffd728e4fa930781668cff463b94f7,7163,mirrored-to-2080ti
20260625-02-flash-vqg-1epoch-repro-screen,3090,mclab-3090,mclab-3090:/home/lyj/mnt/project/zoology/zoology/experiments/flash_vqg/generated/fvqg-20260625-02-rscreen-3090-default-s124-r4-2026-06-25-22-45-48/manifest.json,/home/lyj/mnt/project/zoology/zoology/experiments/flash_vqg/generated/fvqg-20260625-02-rscreen-3090-default-s124-r4-2026-06-25-22-45-48/manifest.json,22f94d9a474432f18f774f24cb487ccadbc0c97f5fbb4e581be9d780538c5ea8,7163,mirrored-to-2080ti
20260625-02-flash-vqg-1epoch-repro-screen,3090,mclab-3090,mclab-3090:/home/lyj/mnt/project/zoology/zoology/experiments/flash_vqg/generated/fvqg-20260625-02-rscreen-3090-smoke-default-s123-2026-06-25-13-51-58/manifest.json,/home/lyj/mnt/project/zoology/zoology/experiments/flash_vqg/generated/fvqg-20260625-02-rscreen-3090-smoke-default-s123-2026-06-25-13-51-58/manifest.json,4eb36cf963c68469c91d3d961aac86037ae25f9ea1165d796edd447e766669a9,7140,mirrored-to-2080ti
20260625-02-flash-vqg-1epoch-repro-screen,2080ti,mclab-2080ti,/home/lyj/mnt/project/zoology/zoology/experiments/flash_vqg/generated/fvqg-20260625-02-rscreen-2080ti-default-s123-r1-2026-06-25-13-55-06/launch_configs.py,/home/lyj/mnt/project/zoology/zoology/experiments/flash_vqg/generated/fvqg-20260625-02-rscreen-2080ti-default-s123-r1-2026-06-25-13-55-06/launch_configs.py,1491aa2243e9944e9f1708c1e4a9c5ee7b8faf0df44e36568d169e7dec6f20cf,5859,source-local
20260625-02-flash-vqg-1epoch-repro-screen,2080ti,mclab-2080ti,/home/lyj/mnt/project/zoology/zoology/experiments/flash_vqg/generated/fvqg-20260625-02-rscreen-2080ti-default-s123-r1-2026-06-25-13-56-18/launch_configs.py,/home/lyj/mnt/project/zoology/zoology/experiments/flash_vqg/generated/fvqg-20260625-02-rscreen-2080ti-default-s123-r1-2026-06-25-13-56-18/launch_configs.py,8d96207c25eb83c03e1dffabe5d922668bb2317174e015bf8796d5adfc0db135,5856,source-local
20260625-02-flash-vqg-1epoch-repro-screen,2080ti,mclab-2080ti,/home/lyj/mnt/project/zoology/zoology/experiments/flash_vqg/generated/fvqg-20260625-02-rscreen-2080ti-default-s123-r1-2026-06-25-14-57-44/launch_configs.py,/home/lyj/mnt/project/zoology/zoology/experiments/flash_vqg/generated/fvqg-20260625-02-rscreen-2080ti-default-s123-r1-2026-06-25-14-57-44/launch_configs.py,8d96207c25eb83c03e1dffabe5d922668bb2317174e015bf8796d5adfc0db135,5856,source-local
20260625-02-flash-vqg-1epoch-repro-screen,2080ti,mclab-2080ti,/home/lyj/mnt/project/zoology/zoology/experiments/flash_vqg/generated/fvqg-20260625-02-rscreen-2080ti-default-s123-r2-2026-06-25-17-26-31/launch_configs.py,/home/lyj/mnt/project/zoology/zoology/experiments/flash_vqg/generated/fvqg-20260625-02-rscreen-2080ti-default-s123-r2-2026-06-25-17-26-31/launch_configs.py,cb43994f33d4396c6d09af52ed7e2fb0c1a1722f1e82767d35e6ea05223278e3,5856,source-local
20260625-02-flash-vqg-1epoch-repro-screen,2080ti,mclab-2080ti,/home/lyj/mnt/project/zoology/zoology/experiments/flash_vqg/generated/fvqg-20260625-02-rscreen-2080ti-default-s123-r3-2026-06-25-20-49-06/launch_configs.py,/home/lyj/mnt/project/zoology/zoology/experiments/flash_vqg/generated/fvqg-20260625-02-rscreen-2080ti-default-s123-r3-2026-06-25-20-49-06/launch_configs.py,325ad023255e94c0dcafb2ff569391a3e5f3958e7e2ca0ffd1dab873c5ac9d3f,5856,source-local
20260625-02-flash-vqg-1epoch-repro-screen,2080ti,mclab-2080ti,/home/lyj/mnt/project/zoology/zoology/experiments/flash_vqg/generated/fvqg-20260625-02-rscreen-2080ti-default-s123-r4-2026-06-25-23-01-22/launch_configs.py,/home/lyj/mnt/project/zoology/zoology/experiments/flash_vqg/generated/fvqg-20260625-02-rscreen-2080ti-default-s123-r4-2026-06-25-23-01-22/launch_configs.py,5057f4f5c2a6b4c6f714be3e300192febac150f0f8d088d82543fd6b1d2d2bbe,5856,source-local
20260625-02-flash-vqg-1epoch-repro-screen,2080ti,mclab-2080ti,/home/lyj/mnt/project/zoology/zoology/experiments/flash_vqg/generated/fvqg-20260625-02-rscreen-2080ti-default-s124-r1-2026-06-25-16-17-50/launch_configs.py,/home/lyj/mnt/project/zoology/zoology/experiments/flash_vqg/generated/fvqg-20260625-02-rscreen-2080ti-default-s124-r1-2026-06-25-16-17-50/launch_configs.py,a51b4a7905cc2adce887451dc81ff05f6a87011584348d0ad7f7ed2f1f9ff96c,5856,source-local
20260625-02-flash-vqg-1epoch-repro-screen,2080ti,mclab-2080ti,/home/lyj/mnt/project/zoology/zoology/experiments/flash_vqg/generated/fvqg-20260625-02-rscreen-2080ti-default-s124-r2-2026-06-25-19-41-35/launch_configs.py,/home/lyj/mnt/project/zoology/zoology/experiments/flash_vqg/generated/fvqg-20260625-02-rscreen-2080ti-default-s124-r2-2026-06-25-19-41-35/launch_configs.py,8f964b24a3c9144f1ad8b7bd289438e46f15a176c4350682e9f0e0c96f45d1ce,5856,source-local
20260625-02-flash-vqg-1epoch-repro-screen,2080ti,mclab-2080ti,/home/lyj/mnt/project/zoology/zoology/experiments/flash_vqg/generated/fvqg-20260625-02-rscreen-2080ti-default-s124-r3-2026-06-25-21-58-45/launch_configs.py,/home/lyj/mnt/project/zoology/zoology/experiments/flash_vqg/generated/fvqg-20260625-02-rscreen-2080ti-default-s124-r3-2026-06-25-21-58-45/launch_configs.py,af6b9f1f784b0a227103fb6c10a38485a7dad45d4d1b882b48511a40a71491b2,5856,source-local
20260625-02-flash-vqg-1epoch-repro-screen,2080ti,mclab-2080ti,/home/lyj/mnt/project/zoology/zoology/experiments/flash_vqg/generated/fvqg-20260625-02-rscreen-2080ti-default-s124-r4-2026-06-26-00-14-54/launch_configs.py,/home/lyj/mnt/project/zoology/zoology/experiments/flash_vqg/generated/fvqg-20260625-02-rscreen-2080ti-default-s124-r4-2026-06-26-00-14-54/launch_configs.py,679d0df93470af59efe5be6dbdcdca2cfaf0e757eaa5fecbb2a0432189b4b647,5856,source-local
20260625-02-flash-vqg-1epoch-repro-screen,2080ti,mclab-2080ti,/home/lyj/mnt/project/zoology/zoology/experiments/flash_vqg/generated/fvqg-20260625-02-rscreen-2080ti-smoke-default-s123-2026-06-25-13-25-27/launch_configs.py,/home/lyj/mnt/project/zoology/zoology/experiments/flash_vqg/generated/fvqg-20260625-02-rscreen-2080ti-smoke-default-s123-2026-06-25-13-25-27/launch_configs.py,72404d8a13f41329f72a9797ebd948b377a4f5100b3ef7909deca72b693a2c58,5843,source-local
20260625-02-flash-vqg-1epoch-repro-screen,2080ti,mclab-2080ti,/home/lyj/mnt/project/zoology/zoology/experiments/flash_vqg/generated/fvqg-20260625-02-rscreen-2080ti-smoke-default-s123-2026-06-25-13-51-58/launch_configs.py,/home/lyj/mnt/project/zoology/zoology/experiments/flash_vqg/generated/fvqg-20260625-02-rscreen-2080ti-smoke-default-s123-2026-06-25-13-51-58/launch_configs.py,72404d8a13f41329f72a9797ebd948b377a4f5100b3ef7909deca72b693a2c58,5843,source-local
20260625-02-flash-vqg-1epoch-repro-screen,2080ti,mclab-2080ti,/home/lyj/mnt/project/zoology/zoology/experiments/flash_vqg/generated/fvqg-20260625-02-rscreen-2080ti-smoke-default-s123-2026-06-25-13-53-31/launch_configs.py,/home/lyj/mnt/project/zoology/zoology/experiments/flash_vqg/generated/fvqg-20260625-02-rscreen-2080ti-smoke-default-s123-2026-06-25-13-53-31/launch_configs.py,72404d8a13f41329f72a9797ebd948b377a4f5100b3ef7909deca72b693a2c58,5843,source-local
20260625-02-flash-vqg-1epoch-repro-screen,2080ti,mclab-2080ti,/home/lyj/mnt/project/zoology/zoology/experiments/flash_vqg/generated/fvqg-20260625-02-rscreen-2080ti-smoke-default-s123-2026-06-25-14-41-46/launch_configs.py,/home/lyj/mnt/project/zoology/zoology/experiments/flash_vqg/generated/fvqg-20260625-02-rscreen-2080ti-smoke-default-s123-2026-06-25-14-41-46/launch_configs.py,72404d8a13f41329f72a9797ebd948b377a4f5100b3ef7909deca72b693a2c58,5843,source-local
20260625-02-flash-vqg-1epoch-repro-screen,3090,mclab-3090,mclab-3090:/home/lyj/mnt/project/zoology/zoology/experiments/flash_vqg/generated/fvqg-20260625-02-rscreen-3090-default-s123-r1-2026-06-25-13-55-05/launch_configs.py,/home/lyj/mnt/project/zoology/zoology/experiments/flash_vqg/generated/fvqg-20260625-02-rscreen-3090-default-s123-r1-2026-06-25-13-55-05/launch_configs.py,f019701962beb4daba79ff90365dae3a07dd635d6d31abc4303af2456683b6c3,5851,mirrored-to-2080ti
20260625-02-flash-vqg-1epoch-repro-screen,3090,mclab-3090,mclab-3090:/home/lyj/mnt/project/zoology/zoology/experiments/flash_vqg/generated/fvqg-20260625-02-rscreen-3090-default-s123-r1-2026-06-25-13-56-17/launch_configs.py,/home/lyj/mnt/project/zoology/zoology/experiments/flash_vqg/generated/fvqg-20260625-02-rscreen-3090-default-s123-r1-2026-06-25-13-56-17/launch_configs.py,dcad449c244eb487507c0b35acc8ee23dcdfcac898d5197f7ea75f3c3fad49cd,5848,mirrored-to-2080ti
20260625-02-flash-vqg-1epoch-repro-screen,3090,mclab-3090,mclab-3090:/home/lyj/mnt/project/zoology/zoology/experiments/flash_vqg/generated/fvqg-20260625-02-rscreen-3090-default-s123-r1-2026-06-25-14-57-44/launch_configs.py,/home/lyj/mnt/project/zoology/zoology/experiments/flash_vqg/generated/fvqg-20260625-02-rscreen-3090-default-s123-r1-2026-06-25-14-57-44/launch_configs.py,dcad449c244eb487507c0b35acc8ee23dcdfcac898d5197f7ea75f3c3fad49cd,5848,mirrored-to-2080ti
20260625-02-flash-vqg-1epoch-repro-screen,3090,mclab-3090,mclab-3090:/home/lyj/mnt/project/zoology/zoology/experiments/flash_vqg/generated/fvqg-20260625-02-rscreen-3090-default-s123-r2-2026-06-25-16-45-52/launch_configs.py,/home/lyj/mnt/project/zoology/zoology/experiments/flash_vqg/generated/fvqg-20260625-02-rscreen-3090-default-s123-r2-2026-06-25-16-45-52/launch_configs.py,270d7af57e3ce6027e41d79cdd46f598481add7c151e416217349a7d13c043ed,5848,mirrored-to-2080ti
20260625-02-flash-vqg-1epoch-repro-screen,3090,mclab-3090,mclab-3090:/home/lyj/mnt/project/zoology/zoology/experiments/flash_vqg/generated/fvqg-20260625-02-rscreen-3090-default-s123-r3-2026-06-25-19-50-37/launch_configs.py,/home/lyj/mnt/project/zoology/zoology/experiments/flash_vqg/generated/fvqg-20260625-02-rscreen-3090-default-s123-r3-2026-06-25-19-50-37/launch_configs.py,0ac676813d9a781cacec1dc4ef0ca2a02adb169b595454fc20ffbd450d63b577,5848,mirrored-to-2080ti
20260625-02-flash-vqg-1epoch-repro-screen,3090,mclab-3090,mclab-3090:/home/lyj/mnt/project/zoology/zoology/experiments/flash_vqg/generated/fvqg-20260625-02-rscreen-3090-default-s123-r4-2026-06-25-21-31-54/launch_configs.py,/home/lyj/mnt/project/zoology/zoology/experiments/flash_vqg/generated/fvqg-20260625-02-rscreen-3090-default-s123-r4-2026-06-25-21-31-54/launch_configs.py,63248f47aec32e62f7ff3619f8762c2aa05eee12c9cbe1db6c0106c6216cd533,5848,mirrored-to-2080ti
20260625-02-flash-vqg-1epoch-repro-screen,3090,mclab-3090,mclab-3090:/home/lyj/mnt/project/zoology/zoology/experiments/flash_vqg/generated/fvqg-20260625-02-rscreen-3090-default-s124-r1-2026-06-25-16-13-11/launch_configs.py,/home/lyj/mnt/project/zoology/zoology/experiments/flash_vqg/generated/fvqg-20260625-02-rscreen-3090-default-s124-r1-2026-06-25-16-13-11/launch_configs.py,b8e0d0f93deeaea133592861eb82f1353197435562abe790c81e79266c2517e5,5848,mirrored-to-2080ti
20260625-02-flash-vqg-1epoch-repro-screen,3090,mclab-3090,mclab-3090:/home/lyj/mnt/project/zoology/zoology/experiments/flash_vqg/generated/fvqg-20260625-02-rscreen-3090-default-s124-r2-2026-06-25-17-58-39/launch_configs.py,/home/lyj/mnt/project/zoology/zoology/experiments/flash_vqg/generated/fvqg-20260625-02-rscreen-3090-default-s124-r2-2026-06-25-17-58-39/launch_configs.py,f7598f54455e3f02ba40e0a1d25e4f7f737deb399577d011e86ee403b46fc314,5848,mirrored-to-2080ti
20260625-02-flash-vqg-1epoch-repro-screen,3090,mclab-3090,mclab-3090:/home/lyj/mnt/project/zoology/zoology/experiments/flash_vqg/generated/fvqg-20260625-02-rscreen-3090-default-s124-r3-2026-06-25-20-59-22/launch_configs.py,/home/lyj/mnt/project/zoology/zoology/experiments/flash_vqg/generated/fvqg-20260625-02-rscreen-3090-default-s124-r3-2026-06-25-20-59-22/launch_configs.py,54178314758ccdb18d14940be1c4fc9b1cb0fb7ff9349c7db7bbe2e33e884388,5848,mirrored-to-2080ti
20260625-02-flash-vqg-1epoch-repro-screen,3090,mclab-3090,mclab-3090:/home/lyj/mnt/project/zoology/zoology/experiments/flash_vqg/generated/fvqg-20260625-02-rscreen-3090-default-s124-r4-2026-06-25-22-45-48/launch_configs.py,/home/lyj/mnt/project/zoology/zoology/experiments/flash_vqg/generated/fvqg-20260625-02-rscreen-3090-default-s124-r4-2026-06-25-22-45-48/launch_configs.py,6e0154e6e945ec1c609a2b1ed63f559dbe9660edf1ca3e3c8507cb298a55d569,5848,mirrored-to-2080ti
20260625-02-flash-vqg-1epoch-repro-screen,3090,mclab-3090,mclab-3090:/home/lyj/mnt/project/zoology/zoology/experiments/flash_vqg/generated/fvqg-20260625-02-rscreen-3090-smoke-default-s123-2026-06-25-13-51-58/launch_configs.py,/home/lyj/mnt/project/zoology/zoology/experiments/flash_vqg/generated/fvqg-20260625-02-rscreen-3090-smoke-default-s123-2026-06-25-13-51-58/launch_configs.py,bc13927efc523a37f7501e33c1d874339cddb09bcebcef0fe414cf46bf81ef23,5835,mirrored-to-2080ti
