accuracy,ci95_high,ci95_low,config_override,correct,dataset_hash,distance_bucket,distance_def,eval_batch_size,eval_seed,model_label,n,run_status,seed,slice_num_kv_pairs,slice_seq_len,source_config_family,source_model_family,source_run_id,stderr,variant,variant_label
,,,"{""layers"": {""layer_0"": {""after"": {""block_len"": 32, ""if_remote_enabled"": true, ""local_num_blocks"": 2}, ""before"": {""block_len"": 32, ""if_remote_enabled"": true, ""local_num_blocks"": 2}}}, ""num_flash_layers"": 1, ""override"": {}}",0,f30f1e09e1300deb2e0f430d7c50c47a77f58f43657aa4d6f425f938a91a9acb,<=32,query_pos-value_pos,8,123,cb256-r4-s123,0,completed,123,256,1024,cb256-r4,flash,gd-cb256-r4-s123-d123-b64-ga4-fp32-noearly4ep,,full,cb256-r4-s123:full
,,,"{""layers"": {""layer_0"": {""after"": {""block_len"": 32, ""if_remote_enabled"": true, ""local_num_blocks"": 2}, ""before"": {""block_len"": 32, ""if_remote_enabled"": true, ""local_num_blocks"": 2}}}, ""num_flash_layers"": 1, ""override"": {}}",0,f30f1e09e1300deb2e0f430d7c50c47a77f58f43657aa4d6f425f938a91a9acb,33-64,query_pos-value_pos,8,123,cb256-r4-s123,0,completed,123,256,1024,cb256-r4,flash,gd-cb256-r4-s123-d123-b64-ga4-fp32-noearly4ep,,full,cb256-r4-s123:full
1.0000000000,1.0000000000,1.0000000000,"{""layers"": {""layer_0"": {""after"": {""block_len"": 32, ""if_remote_enabled"": true, ""local_num_blocks"": 2}, ""before"": {""block_len"": 32, ""if_remote_enabled"": true, ""local_num_blocks"": 2}}}, ""num_flash_layers"": 1, ""override"": {}}",2,f30f1e09e1300deb2e0f430d7c50c47a77f58f43657aa4d6f425f938a91a9acb,65-128,query_pos-value_pos,8,123,cb256-r4-s123,2,completed,123,256,1024,cb256-r4,flash,gd-cb256-r4-s123-d123-b64-ga4-fp32-noearly4ep,0.0000000000,full,cb256-r4-s123:full
0.9254518072,0.9354411634,0.9154624510,"{""layers"": {""layer_0"": {""after"": {""block_len"": 32, ""if_remote_enabled"": true, ""local_num_blocks"": 2}, ""before"": {""block_len"": 32, ""if_remote_enabled"": true, ""local_num_blocks"": 2}}}, ""num_flash_layers"": 1, ""override"": {}}",2458,f30f1e09e1300deb2e0f430d7c50c47a77f58f43657aa4d6f425f938a91a9acb,129-256,query_pos-value_pos,8,123,cb256-r4-s123,2656,completed,123,256,1024,cb256-r4,flash,gd-cb256-r4-s123-d123-b64-ga4-fp32-noearly4ep,0.0050966103,full,cb256-r4-s123:full
0.9007995524,0.9030478330,0.8985512718,"{""layers"": {""layer_0"": {""after"": {""block_len"": 32, ""if_remote_enabled"": true, ""local_num_blocks"": 2}, ""before"": {""block_len"": 32, ""if_remote_enabled"": true, ""local_num_blocks"": 2}}}, ""num_flash_layers"": 1, ""override"": {}}",61176,f30f1e09e1300deb2e0f430d7c50c47a77f58f43657aa4d6f425f938a91a9acb,257-512,query_pos-value_pos,8,123,cb256-r4-s123,67913,completed,123,256,1024,cb256-r4,flash,gd-cb256-r4-s123-d123-b64-ga4-fp32-noearly4ep,0.0011470819,full,cb256-r4-s123:full
0.8848491180,0.8874598284,0.8822384077,"{""layers"": {""layer_0"": {""after"": {""block_len"": 32, ""if_remote_enabled"": true, ""local_num_blocks"": 2}, ""before"": {""block_len"": 32, ""if_remote_enabled"": true, ""local_num_blocks"": 2}}}, ""num_flash_layers"": 1, ""override"": {}}",50816,f30f1e09e1300deb2e0f430d7c50c47a77f58f43657aa4d6f425f938a91a9acb,513-1024,query_pos-value_pos,8,123,cb256-r4-s123,57429,completed,123,256,1024,cb256-r4,flash,gd-cb256-r4-s123-d123-b64-ga4-fp32-noearly4ep,0.0013319951,full,cb256-r4-s123:full
,,,"{""layers"": {""layer_0"": {""after"": {""block_len"": 32, ""if_remote_enabled"": true, ""local_num_blocks"": 2}, ""before"": {""block_len"": 32, ""if_remote_enabled"": true, ""local_num_blocks"": 2}}}, ""num_flash_layers"": 1, ""override"": {}}",0,f30f1e09e1300deb2e0f430d7c50c47a77f58f43657aa4d6f425f938a91a9acb,1025-2048,query_pos-value_pos,8,123,cb256-r4-s123,0,completed,123,256,1024,cb256-r4,flash,gd-cb256-r4-s123-d123-b64-ga4-fp32-noearly4ep,,full,cb256-r4-s123:full
,,,"{""layers"": {""layer_0"": {""after"": {""block_len"": 32, ""if_remote_enabled"": true, ""local_num_blocks"": 2}, ""before"": {""block_len"": 32, ""if_remote_enabled"": true, ""local_num_blocks"": 2}}}, ""num_flash_layers"": 1, ""override"": {}}",0,f30f1e09e1300deb2e0f430d7c50c47a77f58f43657aa4d6f425f938a91a9acb,2049-4096,query_pos-value_pos,8,123,cb256-r4-s123,0,completed,123,256,1024,cb256-r4,flash,gd-cb256-r4-s123-d123-b64-ga4-fp32-noearly4ep,,full,cb256-r4-s123:full
,,,"{""layers"": {""layer_0"": {""after"": {""block_len"": 32, ""if_remote_enabled"": true, ""local_num_blocks"": 2}, ""before"": {""block_len"": 32, ""if_remote_enabled"": true, ""local_num_blocks"": 2}}}, ""num_flash_layers"": 1, ""override"": {}}",0,f30f1e09e1300deb2e0f430d7c50c47a77f58f43657aa4d6f425f938a91a9acb,>4096,query_pos-value_pos,8,123,cb256-r4-s123,0,completed,123,256,1024,cb256-r4,flash,gd-cb256-r4-s123-d123-b64-ga4-fp32-noearly4ep,,full,cb256-r4-s123:full
,,,"{""layers"": {""layer_0"": {""after"": {""block_len"": 32, ""if_remote_enabled"": true, ""local_num_blocks"": 2}, ""before"": {""block_len"": 32, ""if_remote_enabled"": true, ""local_num_blocks"": 2}}}, ""num_flash_layers"": 1, ""override"": {}}",0,e446efc9f4dc774377c56c403a468c747870beb18ff0320f15df794dcb69f015,<=32,query_pos-value_pos,8,123,cb256-r4-s123,0,completed,123,512,2048,cb256-r4,flash,gd-cb256-r4-s123-d123-b64-ga4-fp32-noearly4ep,,full,cb256-r4-s123:full
,,,"{""layers"": {""layer_0"": {""after"": {""block_len"": 32, ""if_remote_enabled"": true, ""local_num_blocks"": 2}, ""before"": {""block_len"": 32, ""if_remote_enabled"": true, ""local_num_blocks"": 2}}}, ""num_flash_layers"": 1, ""override"": {}}",0,e446efc9f4dc774377c56c403a468c747870beb18ff0320f15df794dcb69f015,33-64,query_pos-value_pos,8,123,cb256-r4-s123,0,completed,123,512,2048,cb256-r4,flash,gd-cb256-r4-s123-d123-b64-ga4-fp32-noearly4ep,,full,cb256-r4-s123:full
,,,"{""layers"": {""layer_0"": {""after"": {""block_len"": 32, ""if_remote_enabled"": true, ""local_num_blocks"": 2}, ""before"": {""block_len"": 32, ""if_remote_enabled"": true, ""local_num_blocks"": 2}}}, ""num_flash_layers"": 1, ""override"": {}}",0,e446efc9f4dc774377c56c403a468c747870beb18ff0320f15df794dcb69f015,65-128,query_pos-value_pos,8,123,cb256-r4-s123,0,completed,123,512,2048,cb256-r4,flash,gd-cb256-r4-s123-d123-b64-ga4-fp32-noearly4ep,,full,cb256-r4-s123:full
0.7500000000,0.9950000000,0.5050000000,"{""layers"": {""layer_0"": {""after"": {""block_len"": 32, ""if_remote_enabled"": true, ""local_num_blocks"": 2}, ""before"": {""block_len"": 32, ""if_remote_enabled"": true, ""local_num_blocks"": 2}}}, ""num_flash_layers"": 1, ""override"": {}}",9,e446efc9f4dc774377c56c403a468c747870beb18ff0320f15df794dcb69f015,129-256,query_pos-value_pos,8,123,cb256-r4-s123,12,completed,123,512,2048,cb256-r4,flash,gd-cb256-r4-s123-d123-b64-ga4-fp32-noearly4ep,0.1250000000,full,cb256-r4-s123:full
0.6930730242,0.7054587583,0.6806872902,"{""layers"": {""layer_0"": {""after"": {""block_len"": 32, ""if_remote_enabled"": true, ""local_num_blocks"": 2}, ""before"": {""block_len"": 32, ""if_remote_enabled"": true, ""local_num_blocks"": 2}}}, ""num_flash_layers"": 1, ""override"": {}}",3692,e446efc9f4dc774377c56c403a468c747870beb18ff0320f15df794dcb69f015,257-512,query_pos-value_pos,8,123,cb256-r4-s123,5327,completed,123,512,2048,cb256-r4,flash,gd-cb256-r4-s123-d123-b64-ga4-fp32-noearly4ep,0.0063192521,full,cb256-r4-s123:full
0.6795246531,0.6820096073,0.6770396988,"{""layers"": {""layer_0"": {""after"": {""block_len"": 32, ""if_remote_enabled"": true, ""local_num_blocks"": 2}, ""before"": {""block_len"": 32, ""if_remote_enabled"": true, ""local_num_blocks"": 2}}}, ""num_flash_layers"": 1, ""override"": {}}",92062,e446efc9f4dc774377c56c403a468c747870beb18ff0320f15df794dcb69f015,513-1024,query_pos-value_pos,8,123,cb256-r4-s123,135480,completed,123,512,2048,cb256-r4,flash,gd-cb256-r4-s123-d123-b64-ga4-fp32-noearly4ep,0.0012678338,full,cb256-r4-s123:full
0.6503676822,0.6531215996,0.6476137648,"{""layers"": {""layer_0"": {""after"": {""block_len"": 32, ""if_remote_enabled"": true, ""local_num_blocks"": 2}, ""before"": {""block_len"": 32, ""if_remote_enabled"": true, ""local_num_blocks"": 2}}}, ""num_flash_layers"": 1, ""override"": {}}",74910,e446efc9f4dc774377c56c403a468c747870beb18ff0320f15df794dcb69f015,1025-2048,query_pos-value_pos,8,123,cb256-r4-s123,115181,completed,123,512,2048,cb256-r4,flash,gd-cb256-r4-s123-d123-b64-ga4-fp32-noearly4ep,0.0014050599,full,cb256-r4-s123:full
,,,"{""layers"": {""layer_0"": {""after"": {""block_len"": 32, ""if_remote_enabled"": true, ""local_num_blocks"": 2}, ""before"": {""block_len"": 32, ""if_remote_enabled"": true, ""local_num_blocks"": 2}}}, ""num_flash_layers"": 1, ""override"": {}}",0,e446efc9f4dc774377c56c403a468c747870beb18ff0320f15df794dcb69f015,2049-4096,query_pos-value_pos,8,123,cb256-r4-s123,0,completed,123,512,2048,cb256-r4,flash,gd-cb256-r4-s123-d123-b64-ga4-fp32-noearly4ep,,full,cb256-r4-s123:full
,,,"{""layers"": {""layer_0"": {""after"": {""block_len"": 32, ""if_remote_enabled"": true, ""local_num_blocks"": 2}, ""before"": {""block_len"": 32, ""if_remote_enabled"": true, ""local_num_blocks"": 2}}}, ""num_flash_layers"": 1, ""override"": {}}",0,e446efc9f4dc774377c56c403a468c747870beb18ff0320f15df794dcb69f015,>4096,query_pos-value_pos,8,123,cb256-r4-s123,0,completed,123,512,2048,cb256-r4,flash,gd-cb256-r4-s123-d123-b64-ga4-fp32-noearly4ep,,full,cb256-r4-s123:full
,,,"{""layers"": {""layer_0"": {""after"": {""block_len"": 32, ""if_remote_enabled"": true, ""local_num_blocks"": 2}, ""before"": {""block_len"": 32, ""if_remote_enabled"": true, ""local_num_blocks"": 2}}}, ""num_flash_layers"": 1, ""override"": {}}",0,c0d72f24f32e8afcd192453a15113cee60455375a8563fbf8b3cfd3ba191f68f,<=32,query_pos-value_pos,8,123,cb256-r4-s123,0,completed,123,512,4096,cb256-r4,flash,gd-cb256-r4-s123-d123-b64-ga4-fp32-noearly4ep,,full,cb256-r4-s123:full
1.0000000000,1.0000000000,1.0000000000,"{""layers"": {""layer_0"": {""after"": {""block_len"": 32, ""if_remote_enabled"": true, ""local_num_blocks"": 2}, ""before"": {""block_len"": 32, ""if_remote_enabled"": true, ""local_num_blocks"": 2}}}, ""num_flash_layers"": 1, ""override"": {}}",1,c0d72f24f32e8afcd192453a15113cee60455375a8563fbf8b3cfd3ba191f68f,33-64,query_pos-value_pos,8,123,cb256-r4-s123,1,completed,123,512,4096,cb256-r4,flash,gd-cb256-r4-s123-d123-b64-ga4-fp32-noearly4ep,0.0000000000,full,cb256-r4-s123:full
0.8085106383,0.9210028194,0.6960184572,"{""layers"": {""layer_0"": {""after"": {""block_len"": 32, ""if_remote_enabled"": true, ""local_num_blocks"": 2}, ""before"": {""block_len"": 32, ""if_remote_enabled"": true, ""local_num_blocks"": 2}}}, ""num_flash_layers"": 1, ""override"": {}}",38,c0d72f24f32e8afcd192453a15113cee60455375a8563fbf8b3cfd3ba191f68f,65-128,query_pos-value_pos,8,123,cb256-r4-s123,47,completed,123,512,4096,cb256-r4,flash,gd-cb256-r4-s123-d123-b64-ga4-fp32-noearly4ep,0.0573939700,full,cb256-r4-s123:full
0.6986531987,0.7247454750,0.6725609223,"{""layers"": {""layer_0"": {""after"": {""block_len"": 32, ""if_remote_enabled"": true, ""local_num_blocks"": 2}, ""before"": {""block_len"": 32, ""if_remote_enabled"": true, ""local_num_blocks"": 2}}}, ""num_flash_layers"": 1, ""override"": {}}",830,c0d72f24f32e8afcd192453a15113cee60455375a8563fbf8b3cfd3ba191f68f,129-256,query_pos-value_pos,8,123,cb256-r4-s123,1188,completed,123,512,4096,cb256-r4,flash,gd-cb256-r4-s123-d123-b64-ga4-fp32-noearly4ep,0.0133123859,full,cb256-r4-s123:full
0.7010362251,0.7093398925,0.6927325577,"{""layers"": {""layer_0"": {""after"": {""block_len"": 32, ""if_remote_enabled"": true, ""local_num_blocks"": 2}, ""before"": {""block_len"": 32, ""if_remote_enabled"": true, ""local_num_blocks"": 2}}}, ""num_flash_layers"": 1, ""override"": {}}",8186,c0d72f24f32e8afcd192453a15113cee60455375a8563fbf8b3cfd3ba191f68f,257-512,query_pos-value_pos,8,123,cb256-r4-s123,11677,completed,123,512,4096,cb256-r4,flash,gd-cb256-r4-s123-d123-b64-ga4-fp32-noearly4ep,0.0042365650,full,cb256-r4-s123:full
0.6895461172,0.6927335319,0.6863587024,"{""layers"": {""layer_0"": {""after"": {""block_len"": 32, ""if_remote_enabled"": true, ""local_num_blocks"": 2}, ""before"": {""block_len"": 32, ""if_remote_enabled"": true, ""local_num_blocks"": 2}}}, ""num_flash_layers"": 1, ""override"": {}}",55816,c0d72f24f32e8afcd192453a15113cee60455375a8563fbf8b3cfd3ba191f68f,513-1024,query_pos-value_pos,8,123,cb256-r4-s123,80946,completed,123,512,4096,cb256-r4,flash,gd-cb256-r4-s123-d123-b64-ga4-fp32-noearly4ep,0.0016262320,full,cb256-r4-s123:full
0.6278868619,0.6308740850,0.6248996387,"{""layers"": {""layer_0"": {""after"": {""block_len"": 32, ""if_remote_enabled"": true, ""local_num_blocks"": 2}, ""before"": {""block_len"": 32, ""if_remote_enabled"": true, ""local_num_blocks"": 2}}}, ""num_flash_layers"": 1, ""override"": {}}",63156,c0d72f24f32e8afcd192453a15113cee60455375a8563fbf8b3cfd3ba191f68f,1025-2048,query_pos-value_pos,8,123,cb256-r4-s123,100585,completed,123,512,4096,cb256-r4,flash,gd-cb256-r4-s123-d123-b64-ga4-fp32-noearly4ep,0.0015240934,full,cb256-r4-s123:full
0.4987166158,0.5026665462,0.4947666853,"{""layers"": {""layer_0"": {""after"": {""block_len"": 32, ""if_remote_enabled"": true, ""local_num_blocks"": 2}, ""before"": {""block_len"": 32, ""if_remote_enabled"": true, ""local_num_blocks"": 2}}}, ""num_flash_layers"": 1, ""override"": {}}",30699,c0d72f24f32e8afcd192453a15113cee60455375a8563fbf8b3cfd3ba191f68f,2049-4096,query_pos-value_pos,8,123,cb256-r4-s123,61556,completed,123,512,4096,cb256-r4,flash,gd-cb256-r4-s123-d123-b64-ga4-fp32-noearly4ep,0.0020152706,full,cb256-r4-s123:full
,,,"{""layers"": {""layer_0"": {""after"": {""block_len"": 32, ""if_remote_enabled"": true, ""local_num_blocks"": 2}, ""before"": {""block_len"": 32, ""if_remote_enabled"": true, ""local_num_blocks"": 2}}}, ""num_flash_layers"": 1, ""override"": {}}",0,c0d72f24f32e8afcd192453a15113cee60455375a8563fbf8b3cfd3ba191f68f,>4096,query_pos-value_pos,8,123,cb256-r4-s123,0,completed,123,512,4096,cb256-r4,flash,gd-cb256-r4-s123-d123-b64-ga4-fp32-noearly4ep,,full,cb256-r4-s123:full
,,,"{""layers"": {""layer_0"": {""after"": {""block_len"": 32, ""if_remote_enabled"": true, ""local_num_blocks"": 2}, ""before"": {""block_len"": 32, ""if_remote_enabled"": true, ""local_num_blocks"": 2}}}, ""num_flash_layers"": 1, ""override"": {}}",0,0981292ce8ebea1402a4c3a7a6655dfc1de42688c329bd5ea921541a0f1d16ed,<=32,query_pos-value_pos,8,123,cb256-r4-s123,0,completed,123,1024,4096,cb256-r4,flash,gd-cb256-r4-s123-d123-b64-ga4-fp32-noearly4ep,,full,cb256-r4-s123:full
,,,"{""layers"": {""layer_0"": {""after"": {""block_len"": 32, ""if_remote_enabled"": true, ""local_num_blocks"": 2}, ""before"": {""block_len"": 32, ""if_remote_enabled"": true, ""local_num_blocks"": 2}}}, ""num_flash_layers"": 1, ""override"": {}}",0,0981292ce8ebea1402a4c3a7a6655dfc1de42688c329bd5ea921541a0f1d16ed,33-64,query_pos-value_pos,8,123,cb256-r4-s123,0,completed,123,1024,4096,cb256-r4,flash,gd-cb256-r4-s123-d123-b64-ga4-fp32-noearly4ep,,full,cb256-r4-s123:full
,,,"{""layers"": {""layer_0"": {""after"": {""block_len"": 32, ""if_remote_enabled"": true, ""local_num_blocks"": 2}, ""before"": {""block_len"": 32, ""if_remote_enabled"": true, ""local_num_blocks"": 2}}}, ""num_flash_layers"": 1, ""override"": {}}",0,0981292ce8ebea1402a4c3a7a6655dfc1de42688c329bd5ea921541a0f1d16ed,65-128,query_pos-value_pos,8,123,cb256-r4-s123,0,completed,123,1024,4096,cb256-r4,flash,gd-cb256-r4-s123-d123-b64-ga4-fp32-noearly4ep,,full,cb256-r4-s123:full
,,,"{""layers"": {""layer_0"": {""after"": {""block_len"": 32, ""if_remote_enabled"": true, ""local_num_blocks"": 2}, ""before"": {""block_len"": 32, ""if_remote_enabled"": true, ""local_num_blocks"": 2}}}, ""num_flash_layers"": 1, ""override"": {}}",0,0981292ce8ebea1402a4c3a7a6655dfc1de42688c329bd5ea921541a0f1d16ed,129-256,query_pos-value_pos,8,123,cb256-r4-s123,0,completed,123,1024,4096,cb256-r4,flash,gd-cb256-r4-s123-d123-b64-ga4-fp32-noearly4ep,,full,cb256-r4-s123:full
0.3333333333,0.6413176203,0.0253490464,"{""layers"": {""layer_0"": {""after"": {""block_len"": 32, ""if_remote_enabled"": true, ""local_num_blocks"": 2}, ""before"": {""block_len"": 32, ""if_remote_enabled"": true, ""local_num_blocks"": 2}}}, ""num_flash_layers"": 1, ""override"": {}}",3,0981292ce8ebea1402a4c3a7a6655dfc1de42688c329bd5ea921541a0f1d16ed,257-512,query_pos-value_pos,8,123,cb256-r4-s123,9,completed,123,1024,4096,cb256-r4,flash,gd-cb256-r4-s123-d123-b64-ga4-fp32-noearly4ep,0.1571348403,full,cb256-r4-s123:full
0.3924829376,0.4018664710,0.3830994042,"{""layers"": {""layer_0"": {""after"": {""block_len"": 32, ""if_remote_enabled"": true, ""local_num_blocks"": 2}, ""before"": {""block_len"": 32, ""if_remote_enabled"": true, ""local_num_blocks"": 2}}}, ""num_flash_layers"": 1, ""override"": {}}",4083,0981292ce8ebea1402a4c3a7a6655dfc1de42688c329bd5ea921541a0f1d16ed,513-1024,query_pos-value_pos,8,123,cb256-r4-s123,10403,completed,123,1024,4096,cb256-r4,flash,gd-cb256-r4-s123-d123-b64-ga4-fp32-noearly4ep,0.0047875170,full,cb256-r4-s123:full
0.3909272110,0.3927646718,0.3890897502,"{""layers"": {""layer_0"": {""after"": {""block_len"": 32, ""if_remote_enabled"": true, ""local_num_blocks"": 2}, ""before"": {""block_len"": 32, ""if_remote_enabled"": true, ""local_num_blocks"": 2}}}, ""num_flash_layers"": 1, ""override"": {}}",105910,0981292ce8ebea1402a4c3a7a6655dfc1de42688c329bd5ea921541a0f1d16ed,1025-2048,query_pos-value_pos,8,123,cb256-r4-s123,270920,completed,123,1024,4096,cb256-r4,flash,gd-cb256-r4-s123-d123-b64-ga4-fp32-noearly4ep,0.0009374800,full,cb256-r4-s123:full
0.3681091439,0.3700773552,0.3661409325,"{""layers"": {""layer_0"": {""after"": {""block_len"": 32, ""if_remote_enabled"": true, ""local_num_blocks"": 2}, ""before"": {""block_len"": 32, ""if_remote_enabled"": true, ""local_num_blocks"": 2}}}, ""num_flash_layers"": 1, ""override"": {}}",84911,0981292ce8ebea1402a4c3a7a6655dfc1de42688c329bd5ea921541a0f1d16ed,2049-4096,query_pos-value_pos,8,123,cb256-r4-s123,230668,completed,123,1024,4096,cb256-r4,flash,gd-cb256-r4-s123-d123-b64-ga4-fp32-noearly4ep,0.0010041895,full,cb256-r4-s123:full
,,,"{""layers"": {""layer_0"": {""after"": {""block_len"": 32, ""if_remote_enabled"": true, ""local_num_blocks"": 2}, ""before"": {""block_len"": 32, ""if_remote_enabled"": true, ""local_num_blocks"": 2}}}, ""num_flash_layers"": 1, ""override"": {}}",0,0981292ce8ebea1402a4c3a7a6655dfc1de42688c329bd5ea921541a0f1d16ed,>4096,query_pos-value_pos,8,123,cb256-r4-s123,0,completed,123,1024,4096,cb256-r4,flash,gd-cb256-r4-s123-d123-b64-ga4-fp32-noearly4ep,,full,cb256-r4-s123:full
,,,"{""layers"": {""layer_0"": {""after"": {""block_len"": 32, ""if_remote_enabled"": false, ""local_num_blocks"": 2}, ""before"": {""block_len"": 32, ""if_remote_enabled"": true, ""local_num_blocks"": 2}}}, ""num_flash_layers"": 1, ""override"": {""if_remote_enabled"": false, ""local_num_blocks"": 2}}",0,f30f1e09e1300deb2e0f430d7c50c47a77f58f43657aa4d6f425f938a91a9acb,<=32,query_pos-value_pos,8,123,cb256-r4-s123,0,completed,123,256,1024,cb256-r4,flash,gd-cb256-r4-s123-d123-b64-ga4-fp32-noearly4ep,,local_only,cb256-r4-s123:local_only
,,,"{""layers"": {""layer_0"": {""after"": {""block_len"": 32, ""if_remote_enabled"": false, ""local_num_blocks"": 2}, ""before"": {""block_len"": 32, ""if_remote_enabled"": true, ""local_num_blocks"": 2}}}, ""num_flash_layers"": 1, ""override"": {""if_remote_enabled"": false, ""local_num_blocks"": 2}}",0,f30f1e09e1300deb2e0f430d7c50c47a77f58f43657aa4d6f425f938a91a9acb,33-64,query_pos-value_pos,8,123,cb256-r4-s123,0,completed,123,256,1024,cb256-r4,flash,gd-cb256-r4-s123-d123-b64-ga4-fp32-noearly4ep,,local_only,cb256-r4-s123:local_only
0.0000000000,0.0000000000,0.0000000000,"{""layers"": {""layer_0"": {""after"": {""block_len"": 32, ""if_remote_enabled"": false, ""local_num_blocks"": 2}, ""before"": {""block_len"": 32, ""if_remote_enabled"": true, ""local_num_blocks"": 2}}}, ""num_flash_layers"": 1, ""override"": {""if_remote_enabled"": false, ""local_num_blocks"": 2}}",0,f30f1e09e1300deb2e0f430d7c50c47a77f58f43657aa4d6f425f938a91a9acb,65-128,query_pos-value_pos,8,123,cb256-r4-s123,2,completed,123,256,1024,cb256-r4,flash,gd-cb256-r4-s123-d123-b64-ga4-fp32-noearly4ep,0.0000000000,local_only,cb256-r4-s123:local_only
0.0011295181,0.0024069660,0.0000000000,"{""layers"": {""layer_0"": {""after"": {""block_len"": 32, ""if_remote_enabled"": false, ""local_num_blocks"": 2}, ""before"": {""block_len"": 32, ""if_remote_enabled"": true, ""local_num_blocks"": 2}}}, ""num_flash_layers"": 1, ""override"": {""if_remote_enabled"": false, ""local_num_blocks"": 2}}",3,f30f1e09e1300deb2e0f430d7c50c47a77f58f43657aa4d6f425f938a91a9acb,129-256,query_pos-value_pos,8,123,cb256-r4-s123,2656,completed,123,256,1024,cb256-r4,flash,gd-cb256-r4-s123-d123-b64-ga4-fp32-noearly4ep,0.0006517592,local_only,cb256-r4-s123:local_only
0.0002061461,0.0003141209,0.0000981713,"{""layers"": {""layer_0"": {""after"": {""block_len"": 32, ""if_remote_enabled"": false, ""local_num_blocks"": 2}, ""before"": {""block_len"": 32, ""if_remote_enabled"": true, ""local_num_blocks"": 2}}}, ""num_flash_layers"": 1, ""override"": {""if_remote_enabled"": false, ""local_num_blocks"": 2}}",14,f30f1e09e1300deb2e0f430d7c50c47a77f58f43657aa4d6f425f938a91a9acb,257-512,query_pos-value_pos,8,123,cb256-r4-s123,67913,completed,123,256,1024,cb256-r4,flash,gd-cb256-r4-s123-d123-b64-ga4-fp32-noearly4ep,0.0000550892,local_only,cb256-r4-s123:local_only
0.0002786049,0.0004151023,0.0001421075,"{""layers"": {""layer_0"": {""after"": {""block_len"": 32, ""if_remote_enabled"": false, ""local_num_blocks"": 2}, ""before"": {""block_len"": 32, ""if_remote_enabled"": true, ""local_num_blocks"": 2}}}, ""num_flash_layers"": 1, ""override"": {""if_remote_enabled"": false, ""local_num_blocks"": 2}}",16,f30f1e09e1300deb2e0f430d7c50c47a77f58f43657aa4d6f425f938a91a9acb,513-1024,query_pos-value_pos,8,123,cb256-r4-s123,57429,completed,123,256,1024,cb256-r4,flash,gd-cb256-r4-s123-d123-b64-ga4-fp32-noearly4ep,0.0000696415,local_only,cb256-r4-s123:local_only
,,,"{""layers"": {""layer_0"": {""after"": {""block_len"": 32, ""if_remote_enabled"": false, ""local_num_blocks"": 2}, ""before"": {""block_len"": 32, ""if_remote_enabled"": true, ""local_num_blocks"": 2}}}, ""num_flash_layers"": 1, ""override"": {""if_remote_enabled"": false, ""local_num_blocks"": 2}}",0,f30f1e09e1300deb2e0f430d7c50c47a77f58f43657aa4d6f425f938a91a9acb,1025-2048,query_pos-value_pos,8,123,cb256-r4-s123,0,completed,123,256,1024,cb256-r4,flash,gd-cb256-r4-s123-d123-b64-ga4-fp32-noearly4ep,,local_only,cb256-r4-s123:local_only
,,,"{""layers"": {""layer_0"": {""after"": {""block_len"": 32, ""if_remote_enabled"": false, ""local_num_blocks"": 2}, ""before"": {""block_len"": 32, ""if_remote_enabled"": true, ""local_num_blocks"": 2}}}, ""num_flash_layers"": 1, ""override"": {""if_remote_enabled"": false, ""local_num_blocks"": 2}}",0,f30f1e09e1300deb2e0f430d7c50c47a77f58f43657aa4d6f425f938a91a9acb,2049-4096,query_pos-value_pos,8,123,cb256-r4-s123,0,completed,123,256,1024,cb256-r4,flash,gd-cb256-r4-s123-d123-b64-ga4-fp32-noearly4ep,,local_only,cb256-r4-s123:local_only
,,,"{""layers"": {""layer_0"": {""after"": {""block_len"": 32, ""if_remote_enabled"": false, ""local_num_blocks"": 2}, ""before"": {""block_len"": 32, ""if_remote_enabled"": true, ""local_num_blocks"": 2}}}, ""num_flash_layers"": 1, ""override"": {""if_remote_enabled"": false, ""local_num_blocks"": 2}}",0,f30f1e09e1300deb2e0f430d7c50c47a77f58f43657aa4d6f425f938a91a9acb,>4096,query_pos-value_pos,8,123,cb256-r4-s123,0,completed,123,256,1024,cb256-r4,flash,gd-cb256-r4-s123-d123-b64-ga4-fp32-noearly4ep,,local_only,cb256-r4-s123:local_only
,,,"{""layers"": {""layer_0"": {""after"": {""block_len"": 32, ""if_remote_enabled"": false, ""local_num_blocks"": 2}, ""before"": {""block_len"": 32, ""if_remote_enabled"": true, ""local_num_blocks"": 2}}}, ""num_flash_layers"": 1, ""override"": {""if_remote_enabled"": false, ""local_num_blocks"": 2}}",0,e446efc9f4dc774377c56c403a468c747870beb18ff0320f15df794dcb69f015,<=32,query_pos-value_pos,8,123,cb256-r4-s123,0,completed,123,512,2048,cb256-r4,flash,gd-cb256-r4-s123-d123-b64-ga4-fp32-noearly4ep,,local_only,cb256-r4-s123:local_only
,,,"{""layers"": {""layer_0"": {""after"": {""block_len"": 32, ""if_remote_enabled"": false, ""local_num_blocks"": 2}, ""before"": {""block_len"": 32, ""if_remote_enabled"": true, ""local_num_blocks"": 2}}}, ""num_flash_layers"": 1, ""override"": {""if_remote_enabled"": false, ""local_num_blocks"": 2}}",0,e446efc9f4dc774377c56c403a468c747870beb18ff0320f15df794dcb69f015,33-64,query_pos-value_pos,8,123,cb256-r4-s123,0,completed,123,512,2048,cb256-r4,flash,gd-cb256-r4-s123-d123-b64-ga4-fp32-noearly4ep,,local_only,cb256-r4-s123:local_only
,,,"{""layers"": {""layer_0"": {""after"": {""block_len"": 32, ""if_remote_enabled"": false, ""local_num_blocks"": 2}, ""before"": {""block_len"": 32, ""if_remote_enabled"": true, ""local_num_blocks"": 2}}}, ""num_flash_layers"": 1, ""override"": {""if_remote_enabled"": false, ""local_num_blocks"": 2}}",0,e446efc9f4dc774377c56c403a468c747870beb18ff0320f15df794dcb69f015,65-128,query_pos-value_pos,8,123,cb256-r4-s123,0,completed,123,512,2048,cb256-r4,flash,gd-cb256-r4-s123-d123-b64-ga4-fp32-noearly4ep,,local_only,cb256-r4-s123:local_only
0.0000000000,0.0000000000,0.0000000000,"{""layers"": {""layer_0"": {""after"": {""block_len"": 32, ""if_remote_enabled"": false, ""local_num_blocks"": 2}, ""before"": {""block_len"": 32, ""if_remote_enabled"": true, ""local_num_blocks"": 2}}}, ""num_flash_layers"": 1, ""override"": {""if_remote_enabled"": false, ""local_num_blocks"": 2}}",0,e446efc9f4dc774377c56c403a468c747870beb18ff0320f15df794dcb69f015,129-256,query_pos-value_pos,8,123,cb256-r4-s123,12,completed,123,512,2048,cb256-r4,flash,gd-cb256-r4-s123-d123-b64-ga4-fp32-noearly4ep,0.0000000000,local_only,cb256-r4-s123:local_only
0.0001877229,0.0005556253,0.0000000000,"{""layers"": {""layer_0"": {""after"": {""block_len"": 32, ""if_remote_enabled"": false, ""local_num_blocks"": 2}, ""before"": {""block_len"": 32, ""if_remote_enabled"": true, ""local_num_blocks"": 2}}}, ""num_flash_layers"": 1, ""override"": {""if_remote_enabled"": false, ""local_num_blocks"": 2}}",1,e446efc9f4dc774377c56c403a468c747870beb18ff0320f15df794dcb69f015,257-512,query_pos-value_pos,8,123,cb256-r4-s123,5327,completed,123,512,2048,cb256-r4,flash,gd-cb256-r4-s123-d123-b64-ga4-fp32-noearly4ep,0.0001877053,local_only,cb256-r4-s123:local_only
0.0002952465,0.0003867309,0.0002037622,"{""layers"": {""layer_0"": {""after"": {""block_len"": 32, ""if_remote_enabled"": false, ""local_num_blocks"": 2}, ""before"": {""block_len"": 32, ""if_remote_enabled"": true, ""local_num_blocks"": 2}}}, ""num_flash_layers"": 1, ""override"": {""if_remote_enabled"": false, ""local_num_blocks"": 2}}",40,e446efc9f4dc774377c56c403a468c747870beb18ff0320f15df794dcb69f015,513-1024,query_pos-value_pos,8,123,cb256-r4-s123,135480,completed,123,512,2048,cb256-r4,flash,gd-cb256-r4-s123-d123-b64-ga4-fp32-noearly4ep,0.0000466757,local_only,cb256-r4-s123:local_only
0.0002430956,0.0003331286,0.0001530627,"{""layers"": {""layer_0"": {""after"": {""block_len"": 32, ""if_remote_enabled"": false, ""local_num_blocks"": 2}, ""before"": {""block_len"": 32, ""if_remote_enabled"": true, ""local_num_blocks"": 2}}}, ""num_flash_layers"": 1, ""override"": {""if_remote_enabled"": false, ""local_num_blocks"": 2}}",28,e446efc9f4dc774377c56c403a468c747870beb18ff0320f15df794dcb69f015,1025-2048,query_pos-value_pos,8,123,cb256-r4-s123,115181,completed,123,512,2048,cb256-r4,flash,gd-cb256-r4-s123-d123-b64-ga4-fp32-noearly4ep,0.0000459352,local_only,cb256-r4-s123:local_only
,,,"{""layers"": {""layer_0"": {""after"": {""block_len"": 32, ""if_remote_enabled"": false, ""local_num_blocks"": 2}, ""before"": {""block_len"": 32, ""if_remote_enabled"": true, ""local_num_blocks"": 2}}}, ""num_flash_layers"": 1, ""override"": {""if_remote_enabled"": false, ""local_num_blocks"": 2}}",0,e446efc9f4dc774377c56c403a468c747870beb18ff0320f15df794dcb69f015,2049-4096,query_pos-value_pos,8,123,cb256-r4-s123,0,completed,123,512,2048,cb256-r4,flash,gd-cb256-r4-s123-d123-b64-ga4-fp32-noearly4ep,,local_only,cb256-r4-s123:local_only
,,,"{""layers"": {""layer_0"": {""after"": {""block_len"": 32, ""if_remote_enabled"": false, ""local_num_blocks"": 2}, ""before"": {""block_len"": 32, ""if_remote_enabled"": true, ""local_num_blocks"": 2}}}, ""num_flash_layers"": 1, ""override"": {""if_remote_enabled"": false, ""local_num_blocks"": 2}}",0,e446efc9f4dc774377c56c403a468c747870beb18ff0320f15df794dcb69f015,>4096,query_pos-value_pos,8,123,cb256-r4-s123,0,completed,123,512,2048,cb256-r4,flash,gd-cb256-r4-s123-d123-b64-ga4-fp32-noearly4ep,,local_only,cb256-r4-s123:local_only
,,,"{""layers"": {""layer_0"": {""after"": {""block_len"": 32, ""if_remote_enabled"": false, ""local_num_blocks"": 2}, ""before"": {""block_len"": 32, ""if_remote_enabled"": true, ""local_num_blocks"": 2}}}, ""num_flash_layers"": 1, ""override"": {""if_remote_enabled"": false, ""local_num_blocks"": 2}}",0,c0d72f24f32e8afcd192453a15113cee60455375a8563fbf8b3cfd3ba191f68f,<=32,query_pos-value_pos,8,123,cb256-r4-s123,0,completed,123,512,4096,cb256-r4,flash,gd-cb256-r4-s123-d123-b64-ga4-fp32-noearly4ep,,local_only,cb256-r4-s123:local_only
0.0000000000,0.0000000000,0.0000000000,"{""layers"": {""layer_0"": {""after"": {""block_len"": 32, ""if_remote_enabled"": false, ""local_num_blocks"": 2}, ""before"": {""block_len"": 32, ""if_remote_enabled"": true, ""local_num_blocks"": 2}}}, ""num_flash_layers"": 1, ""override"": {""if_remote_enabled"": false, ""local_num_blocks"": 2}}",0,c0d72f24f32e8afcd192453a15113cee60455375a8563fbf8b3cfd3ba191f68f,33-64,query_pos-value_pos,8,123,cb256-r4-s123,1,completed,123,512,4096,cb256-r4,flash,gd-cb256-r4-s123-d123-b64-ga4-fp32-noearly4ep,0.0000000000,local_only,cb256-r4-s123:local_only
0.0000000000,0.0000000000,0.0000000000,"{""layers"": {""layer_0"": {""after"": {""block_len"": 32, ""if_remote_enabled"": false, ""local_num_blocks"": 2}, ""before"": {""block_len"": 32, ""if_remote_enabled"": true, ""local_num_blocks"": 2}}}, ""num_flash_layers"": 1, ""override"": {""if_remote_enabled"": false, ""local_num_blocks"": 2}}",0,c0d72f24f32e8afcd192453a15113cee60455375a8563fbf8b3cfd3ba191f68f,65-128,query_pos-value_pos,8,123,cb256-r4-s123,47,completed,123,512,4096,cb256-r4,flash,gd-cb256-r4-s123-d123-b64-ga4-fp32-noearly4ep,0.0000000000,local_only,cb256-r4-s123:local_only
0.0000000000,0.0000000000,0.0000000000,"{""layers"": {""layer_0"": {""after"": {""block_len"": 32, ""if_remote_enabled"": false, ""local_num_blocks"": 2}, ""before"": {""block_len"": 32, ""if_remote_enabled"": true, ""local_num_blocks"": 2}}}, ""num_flash_layers"": 1, ""override"": {""if_remote_enabled"": false, ""local_num_blocks"": 2}}",0,c0d72f24f32e8afcd192453a15113cee60455375a8563fbf8b3cfd3ba191f68f,129-256,query_pos-value_pos,8,123,cb256-r4-s123,1188,completed,123,512,4096,cb256-r4,flash,gd-cb256-r4-s123-d123-b64-ga4-fp32-noearly4ep,0.0000000000,local_only,cb256-r4-s123:local_only
0.0001712769,0.0004086342,0.0000000000,"{""layers"": {""layer_0"": {""after"": {""block_len"": 32, ""if_remote_enabled"": false, ""local_num_blocks"": 2}, ""before"": {""block_len"": 32, ""if_remote_enabled"": true, ""local_num_blocks"": 2}}}, ""num_flash_layers"": 1, ""override"": {""if_remote_enabled"": false, ""local_num_blocks"": 2}}",2,c0d72f24f32e8afcd192453a15113cee60455375a8563fbf8b3cfd3ba191f68f,257-512,query_pos-value_pos,8,123,cb256-r4-s123,11677,completed,123,512,4096,cb256-r4,flash,gd-cb256-r4-s123-d123-b64-ga4-fp32-noearly4ep,0.0001211007,local_only,cb256-r4-s123:local_only
0.0001482470,0.0002321194,0.0000643746,"{""layers"": {""layer_0"": {""after"": {""block_len"": 32, ""if_remote_enabled"": false, ""local_num_blocks"": 2}, ""before"": {""block_len"": 32, ""if_remote_enabled"": true, ""local_num_blocks"": 2}}}, ""num_flash_layers"": 1, ""override"": {""if_remote_enabled"": false, ""local_num_blocks"": 2}}",12,c0d72f24f32e8afcd192453a15113cee60455375a8563fbf8b3cfd3ba191f68f,513-1024,query_pos-value_pos,8,123,cb256-r4-s123,80946,completed,123,512,4096,cb256-r4,flash,gd-cb256-r4-s123-d123-b64-ga4-fp32-noearly4ep,0.0000427920,local_only,cb256-r4-s123:local_only
0.0001391858,0.0002120907,0.0000662809,"{""layers"": {""layer_0"": {""after"": {""block_len"": 32, ""if_remote_enabled"": false, ""local_num_blocks"": 2}, ""before"": {""block_len"": 32, ""if_remote_enabled"": true, ""local_num_blocks"": 2}}}, ""num_flash_layers"": 1, ""override"": {""if_remote_enabled"": false, ""local_num_blocks"": 2}}",14,c0d72f24f32e8afcd192453a15113cee60455375a8563fbf8b3cfd3ba191f68f,1025-2048,query_pos-value_pos,8,123,cb256-r4-s123,100585,completed,123,512,4096,cb256-r4,flash,gd-cb256-r4-s123-d123-b64-ga4-fp32-noearly4ep,0.0000371964,local_only,cb256-r4-s123:local_only
0.0002761713,0.0004074367,0.0001449059,"{""layers"": {""layer_0"": {""after"": {""block_len"": 32, ""if_remote_enabled"": false, ""local_num_blocks"": 2}, ""before"": {""block_len"": 32, ""if_remote_enabled"": true, ""local_num_blocks"": 2}}}, ""num_flash_layers"": 1, ""override"": {""if_remote_enabled"": false, ""local_num_blocks"": 2}}",17,c0d72f24f32e8afcd192453a15113cee60455375a8563fbf8b3cfd3ba191f68f,2049-4096,query_pos-value_pos,8,123,cb256-r4-s123,61556,completed,123,512,4096,cb256-r4,flash,gd-cb256-r4-s123-d123-b64-ga4-fp32-noearly4ep,0.0000669721,local_only,cb256-r4-s123:local_only
,,,"{""layers"": {""layer_0"": {""after"": {""block_len"": 32, ""if_remote_enabled"": false, ""local_num_blocks"": 2}, ""before"": {""block_len"": 32, ""if_remote_enabled"": true, ""local_num_blocks"": 2}}}, ""num_flash_layers"": 1, ""override"": {""if_remote_enabled"": false, ""local_num_blocks"": 2}}",0,c0d72f24f32e8afcd192453a15113cee60455375a8563fbf8b3cfd3ba191f68f,>4096,query_pos-value_pos,8,123,cb256-r4-s123,0,completed,123,512,4096,cb256-r4,flash,gd-cb256-r4-s123-d123-b64-ga4-fp32-noearly4ep,,local_only,cb256-r4-s123:local_only
,,,"{""layers"": {""layer_0"": {""after"": {""block_len"": 32, ""if_remote_enabled"": false, ""local_num_blocks"": 2}, ""before"": {""block_len"": 32, ""if_remote_enabled"": true, ""local_num_blocks"": 2}}}, ""num_flash_layers"": 1, ""override"": {""if_remote_enabled"": false, ""local_num_blocks"": 2}}",0,0981292ce8ebea1402a4c3a7a6655dfc1de42688c329bd5ea921541a0f1d16ed,<=32,query_pos-value_pos,8,123,cb256-r4-s123,0,completed,123,1024,4096,cb256-r4,flash,gd-cb256-r4-s123-d123-b64-ga4-fp32-noearly4ep,,local_only,cb256-r4-s123:local_only
,,,"{""layers"": {""layer_0"": {""after"": {""block_len"": 32, ""if_remote_enabled"": false, ""local_num_blocks"": 2}, ""before"": {""block_len"": 32, ""if_remote_enabled"": true, ""local_num_blocks"": 2}}}, ""num_flash_layers"": 1, ""override"": {""if_remote_enabled"": false, ""local_num_blocks"": 2}}",0,0981292ce8ebea1402a4c3a7a6655dfc1de42688c329bd5ea921541a0f1d16ed,33-64,query_pos-value_pos,8,123,cb256-r4-s123,0,completed,123,1024,4096,cb256-r4,flash,gd-cb256-r4-s123-d123-b64-ga4-fp32-noearly4ep,,local_only,cb256-r4-s123:local_only
,,,"{""layers"": {""layer_0"": {""after"": {""block_len"": 32, ""if_remote_enabled"": false, ""local_num_blocks"": 2}, ""before"": {""block_len"": 32, ""if_remote_enabled"": true, ""local_num_blocks"": 2}}}, ""num_flash_layers"": 1, ""override"": {""if_remote_enabled"": false, ""local_num_blocks"": 2}}",0,0981292ce8ebea1402a4c3a7a6655dfc1de42688c329bd5ea921541a0f1d16ed,65-128,query_pos-value_pos,8,123,cb256-r4-s123,0,completed,123,1024,4096,cb256-r4,flash,gd-cb256-r4-s123-d123-b64-ga4-fp32-noearly4ep,,local_only,cb256-r4-s123:local_only
,,,"{""layers"": {""layer_0"": {""after"": {""block_len"": 32, ""if_remote_enabled"": false, ""local_num_blocks"": 2}, ""before"": {""block_len"": 32, ""if_remote_enabled"": true, ""local_num_blocks"": 2}}}, ""num_flash_layers"": 1, ""override"": {""if_remote_enabled"": false, ""local_num_blocks"": 2}}",0,0981292ce8ebea1402a4c3a7a6655dfc1de42688c329bd5ea921541a0f1d16ed,129-256,query_pos-value_pos,8,123,cb256-r4-s123,0,completed,123,1024,4096,cb256-r4,flash,gd-cb256-r4-s123-d123-b64-ga4-fp32-noearly4ep,,local_only,cb256-r4-s123:local_only
0.0000000000,0.0000000000,0.0000000000,"{""layers"": {""layer_0"": {""after"": {""block_len"": 32, ""if_remote_enabled"": false, ""local_num_blocks"": 2}, ""before"": {""block_len"": 32, ""if_remote_enabled"": true, ""local_num_blocks"": 2}}}, ""num_flash_layers"": 1, ""override"": {""if_remote_enabled"": false, ""local_num_blocks"": 2}}",0,0981292ce8ebea1402a4c3a7a6655dfc1de42688c329bd5ea921541a0f1d16ed,257-512,query_pos-value_pos,8,123,cb256-r4-s123,9,completed,123,1024,4096,cb256-r4,flash,gd-cb256-r4-s123-d123-b64-ga4-fp32-noearly4ep,0.0000000000,local_only,cb256-r4-s123:local_only
0.0002883784,0.0006146621,0.0000000000,"{""layers"": {""layer_0"": {""after"": {""block_len"": 32, ""if_remote_enabled"": false, ""local_num_blocks"": 2}, ""before"": {""block_len"": 32, ""if_remote_enabled"": true, ""local_num_blocks"": 2}}}, ""num_flash_layers"": 1, ""override"": {""if_remote_enabled"": false, ""local_num_blocks"": 2}}",3,0981292ce8ebea1402a4c3a7a6655dfc1de42688c329bd5ea921541a0f1d16ed,513-1024,query_pos-value_pos,8,123,cb256-r4-s123,10403,completed,123,1024,4096,cb256-r4,flash,gd-cb256-r4-s123-d123-b64-ga4-fp32-noearly4ep,0.0001664713,local_only,cb256-r4-s123:local_only
0.0002288498,0.0002858087,0.0001718910,"{""layers"": {""layer_0"": {""after"": {""block_len"": 32, ""if_remote_enabled"": false, ""local_num_blocks"": 2}, ""before"": {""block_len"": 32, ""if_remote_enabled"": true, ""local_num_blocks"": 2}}}, ""num_flash_layers"": 1, ""override"": {""if_remote_enabled"": false, ""local_num_blocks"": 2}}",62,0981292ce8ebea1402a4c3a7a6655dfc1de42688c329bd5ea921541a0f1d16ed,1025-2048,query_pos-value_pos,8,123,cb256-r4-s123,270920,completed,123,1024,4096,cb256-r4,flash,gd-cb256-r4-s123-d123-b64-ga4-fp32-noearly4ep,0.0000290606,local_only,cb256-r4-s123:local_only
0.0002167618,0.0002768385,0.0001566850,"{""layers"": {""layer_0"": {""after"": {""block_len"": 32, ""if_remote_enabled"": false, ""local_num_blocks"": 2}, ""before"": {""block_len"": 32, ""if_remote_enabled"": true, ""local_num_blocks"": 2}}}, ""num_flash_layers"": 1, ""override"": {""if_remote_enabled"": false, ""local_num_blocks"": 2}}",50,0981292ce8ebea1402a4c3a7a6655dfc1de42688c329bd5ea921541a0f1d16ed,2049-4096,query_pos-value_pos,8,123,cb256-r4-s123,230668,completed,123,1024,4096,cb256-r4,flash,gd-cb256-r4-s123-d123-b64-ga4-fp32-noearly4ep,0.0000306514,local_only,cb256-r4-s123:local_only
,,,"{""layers"": {""layer_0"": {""after"": {""block_len"": 32, ""if_remote_enabled"": false, ""local_num_blocks"": 2}, ""before"": {""block_len"": 32, ""if_remote_enabled"": true, ""local_num_blocks"": 2}}}, ""num_flash_layers"": 1, ""override"": {""if_remote_enabled"": false, ""local_num_blocks"": 2}}",0,0981292ce8ebea1402a4c3a7a6655dfc1de42688c329bd5ea921541a0f1d16ed,>4096,query_pos-value_pos,8,123,cb256-r4-s123,0,completed,123,1024,4096,cb256-r4,flash,gd-cb256-r4-s123-d123-b64-ga4-fp32-noearly4ep,,local_only,cb256-r4-s123:local_only
,,,"{""layers"": {""layer_0"": {""after"": {""block_len"": 32, ""if_remote_enabled"": true, ""local_num_blocks"": 1}, ""before"": {""block_len"": 32, ""if_remote_enabled"": true, ""local_num_blocks"": 2}}}, ""num_flash_layers"": 1, ""override"": {""if_remote_enabled"": true, ""local_num_blocks"": 1}}",0,f30f1e09e1300deb2e0f430d7c50c47a77f58f43657aa4d6f425f938a91a9acb,<=32,query_pos-value_pos,8,123,cb256-r4-s123,0,completed,123,256,1024,cb256-r4,flash,gd-cb256-r4-s123-d123-b64-ga4-fp32-noearly4ep,,local1,cb256-r4-s123:local1
,,,"{""layers"": {""layer_0"": {""after"": {""block_len"": 32, ""if_remote_enabled"": true, ""local_num_blocks"": 1}, ""before"": {""block_len"": 32, ""if_remote_enabled"": true, ""local_num_blocks"": 2}}}, ""num_flash_layers"": 1, ""override"": {""if_remote_enabled"": true, ""local_num_blocks"": 1}}",0,f30f1e09e1300deb2e0f430d7c50c47a77f58f43657aa4d6f425f938a91a9acb,33-64,query_pos-value_pos,8,123,cb256-r4-s123,0,completed,123,256,1024,cb256-r4,flash,gd-cb256-r4-s123-d123-b64-ga4-fp32-noearly4ep,,local1,cb256-r4-s123:local1
1.0000000000,1.0000000000,1.0000000000,"{""layers"": {""layer_0"": {""after"": {""block_len"": 32, ""if_remote_enabled"": true, ""local_num_blocks"": 1}, ""before"": {""block_len"": 32, ""if_remote_enabled"": true, ""local_num_blocks"": 2}}}, ""num_flash_layers"": 1, ""override"": {""if_remote_enabled"": true, ""local_num_blocks"": 1}}",2,f30f1e09e1300deb2e0f430d7c50c47a77f58f43657aa4d6f425f938a91a9acb,65-128,query_pos-value_pos,8,123,cb256-r4-s123,2,completed,123,256,1024,cb256-r4,flash,gd-cb256-r4-s123-d123-b64-ga4-fp32-noearly4ep,0.0000000000,local1,cb256-r4-s123:local1
0.9235692771,0.9336736824,0.9134648718,"{""layers"": {""layer_0"": {""after"": {""block_len"": 32, ""if_remote_enabled"": true, ""local_num_blocks"": 1}, ""before"": {""block_len"": 32, ""if_remote_enabled"": true, ""local_num_blocks"": 2}}}, ""num_flash_layers"": 1, ""override"": {""if_remote_enabled"": true, ""local_num_blocks"": 1}}",2453,f30f1e09e1300deb2e0f430d7c50c47a77f58f43657aa4d6f425f938a91a9acb,129-256,query_pos-value_pos,8,123,cb256-r4-s123,2656,completed,123,256,1024,cb256-r4,flash,gd-cb256-r4-s123-d123-b64-ga4-fp32-noearly4ep,0.0051553088,local1,cb256-r4-s123:local1
0.8966766304,0.8989658994,0.8943873614,"{""layers"": {""layer_0"": {""after"": {""block_len"": 32, ""if_remote_enabled"": true, ""local_num_blocks"": 1}, ""before"": {""block_len"": 32, ""if_remote_enabled"": true, ""local_num_blocks"": 2}}}, ""num_flash_layers"": 1, ""override"": {""if_remote_enabled"": true, ""local_num_blocks"": 1}}",60896,f30f1e09e1300deb2e0f430d7c50c47a77f58f43657aa4d6f425f938a91a9acb,257-512,query_pos-value_pos,8,123,cb256-r4-s123,67913,completed,123,256,1024,cb256-r4,flash,gd-cb256-r4-s123-d123-b64-ga4-fp32-noearly4ep,0.0011679944,local1,cb256-r4-s123:local1
0.8804262655,0.8830799839,0.8777725471,"{""layers"": {""layer_0"": {""after"": {""block_len"": 32, ""if_remote_enabled"": true, ""local_num_blocks"": 1}, ""before"": {""block_len"": 32, ""if_remote_enabled"": true, ""local_num_blocks"": 2}}}, ""num_flash_layers"": 1, ""override"": {""if_remote_enabled"": true, ""local_num_blocks"": 1}}",50562,f30f1e09e1300deb2e0f430d7c50c47a77f58f43657aa4d6f425f938a91a9acb,513-1024,query_pos-value_pos,8,123,cb256-r4-s123,57429,completed,123,256,1024,cb256-r4,flash,gd-cb256-r4-s123-d123-b64-ga4-fp32-noearly4ep,0.0013539380,local1,cb256-r4-s123:local1
,,,"{""layers"": {""layer_0"": {""after"": {""block_len"": 32, ""if_remote_enabled"": true, ""local_num_blocks"": 1}, ""before"": {""block_len"": 32, ""if_remote_enabled"": true, ""local_num_blocks"": 2}}}, ""num_flash_layers"": 1, ""override"": {""if_remote_enabled"": true, ""local_num_blocks"": 1}}",0,f30f1e09e1300deb2e0f430d7c50c47a77f58f43657aa4d6f425f938a91a9acb,1025-2048,query_pos-value_pos,8,123,cb256-r4-s123,0,completed,123,256,1024,cb256-r4,flash,gd-cb256-r4-s123-d123-b64-ga4-fp32-noearly4ep,,local1,cb256-r4-s123:local1
,,,"{""layers"": {""layer_0"": {""after"": {""block_len"": 32, ""if_remote_enabled"": true, ""local_num_blocks"": 1}, ""before"": {""block_len"": 32, ""if_remote_enabled"": true, ""local_num_blocks"": 2}}}, ""num_flash_layers"": 1, ""override"": {""if_remote_enabled"": true, ""local_num_blocks"": 1}}",0,f30f1e09e1300deb2e0f430d7c50c47a77f58f43657aa4d6f425f938a91a9acb,2049-4096,query_pos-value_pos,8,123,cb256-r4-s123,0,completed,123,256,1024,cb256-r4,flash,gd-cb256-r4-s123-d123-b64-ga4-fp32-noearly4ep,,local1,cb256-r4-s123:local1
,,,"{""layers"": {""layer_0"": {""after"": {""block_len"": 32, ""if_remote_enabled"": true, ""local_num_blocks"": 1}, ""before"": {""block_len"": 32, ""if_remote_enabled"": true, ""local_num_blocks"": 2}}}, ""num_flash_layers"": 1, ""override"": {""if_remote_enabled"": true, ""local_num_blocks"": 1}}",0,f30f1e09e1300deb2e0f430d7c50c47a77f58f43657aa4d6f425f938a91a9acb,>4096,query_pos-value_pos,8,123,cb256-r4-s123,0,completed,123,256,1024,cb256-r4,flash,gd-cb256-r4-s123-d123-b64-ga4-fp32-noearly4ep,,local1,cb256-r4-s123:local1
,,,"{""layers"": {""layer_0"": {""after"": {""block_len"": 32, ""if_remote_enabled"": true, ""local_num_blocks"": 1}, ""before"": {""block_len"": 32, ""if_remote_enabled"": true, ""local_num_blocks"": 2}}}, ""num_flash_layers"": 1, ""override"": {""if_remote_enabled"": true, ""local_num_blocks"": 1}}",0,e446efc9f4dc774377c56c403a468c747870beb18ff0320f15df794dcb69f015,<=32,query_pos-value_pos,8,123,cb256-r4-s123,0,completed,123,512,2048,cb256-r4,flash,gd-cb256-r4-s123-d123-b64-ga4-fp32-noearly4ep,,local1,cb256-r4-s123:local1
,,,"{""layers"": {""layer_0"": {""after"": {""block_len"": 32, ""if_remote_enabled"": true, ""local_num_blocks"": 1}, ""before"": {""block_len"": 32, ""if_remote_enabled"": true, ""local_num_blocks"": 2}}}, ""num_flash_layers"": 1, ""override"": {""if_remote_enabled"": true, ""local_num_blocks"": 1}}",0,e446efc9f4dc774377c56c403a468c747870beb18ff0320f15df794dcb69f015,33-64,query_pos-value_pos,8,123,cb256-r4-s123,0,completed,123,512,2048,cb256-r4,flash,gd-cb256-r4-s123-d123-b64-ga4-fp32-noearly4ep,,local1,cb256-r4-s123:local1
,,,"{""layers"": {""layer_0"": {""after"": {""block_len"": 32, ""if_remote_enabled"": true, ""local_num_blocks"": 1}, ""before"": {""block_len"": 32, ""if_remote_enabled"": true, ""local_num_blocks"": 2}}}, ""num_flash_layers"": 1, ""override"": {""if_remote_enabled"": true, ""local_num_blocks"": 1}}",0,e446efc9f4dc774377c56c403a468c747870beb18ff0320f15df794dcb69f015,65-128,query_pos-value_pos,8,123,cb256-r4-s123,0,completed,123,512,2048,cb256-r4,flash,gd-cb256-r4-s123-d123-b64-ga4-fp32-noearly4ep,,local1,cb256-r4-s123:local1
0.7500000000,0.9950000000,0.5050000000,"{""layers"": {""layer_0"": {""after"": {""block_len"": 32, ""if_remote_enabled"": true, ""local_num_blocks"": 1}, ""before"": {""block_len"": 32, ""if_remote_enabled"": true, ""local_num_blocks"": 2}}}, ""num_flash_layers"": 1, ""override"": {""if_remote_enabled"": true, ""local_num_blocks"": 1}}",9,e446efc9f4dc774377c56c403a468c747870beb18ff0320f15df794dcb69f015,129-256,query_pos-value_pos,8,123,cb256-r4-s123,12,completed,123,512,2048,cb256-r4,flash,gd-cb256-r4-s123-d123-b64-ga4-fp32-noearly4ep,0.1250000000,local1,cb256-r4-s123:local1
0.6896940116,0.7021173419,0.6772706814,"{""layers"": {""layer_0"": {""after"": {""block_len"": 32, ""if_remote_enabled"": true, ""local_num_blocks"": 1}, ""before"": {""block_len"": 32, ""if_remote_enabled"": true, ""local_num_blocks"": 2}}}, ""num_flash_layers"": 1, ""override"": {""if_remote_enabled"": true, ""local_num_blocks"": 1}}",3674,e446efc9f4dc774377c56c403a468c747870beb18ff0320f15df794dcb69f015,257-512,query_pos-value_pos,8,123,cb256-r4-s123,5327,completed,123,512,2048,cb256-r4,flash,gd-cb256-r4-s123-d123-b64-ga4-fp32-noearly4ep,0.0063384338,local1,cb256-r4-s123:local1
0.6755609684,0.6780539398,0.6730679970,"{""layers"": {""layer_0"": {""after"": {""block_len"": 32, ""if_remote_enabled"": true, ""local_num_blocks"": 1}, ""before"": {""block_len"": 32, ""if_remote_enabled"": true, ""local_num_blocks"": 2}}}, ""num_flash_layers"": 1, ""override"": {""if_remote_enabled"": true, ""local_num_blocks"": 1}}",91525,e446efc9f4dc774377c56c403a468c747870beb18ff0320f15df794dcb69f015,513-1024,query_pos-value_pos,8,123,cb256-r4-s123,135480,completed,123,512,2048,cb256-r4,flash,gd-cb256-r4-s123-d123-b64-ga4-fp32-noearly4ep,0.0012719242,local1,cb256-r4-s123:local1
0.6469209331,0.6496810485,0.6441608178,"{""layers"": {""layer_0"": {""after"": {""block_len"": 32, ""if_remote_enabled"": true, ""local_num_blocks"": 1}, ""before"": {""block_len"": 32, ""if_remote_enabled"": true, ""local_num_blocks"": 2}}}, ""num_flash_layers"": 1, ""override"": {""if_remote_enabled"": true, ""local_num_blocks"": 1}}",74513,e446efc9f4dc774377c56c403a468c747870beb18ff0320f15df794dcb69f015,1025-2048,query_pos-value_pos,8,123,cb256-r4-s123,115181,completed,123,512,2048,cb256-r4,flash,gd-cb256-r4-s123-d123-b64-ga4-fp32-noearly4ep,0.0014082221,local1,cb256-r4-s123:local1
,,,"{""layers"": {""layer_0"": {""after"": {""block_len"": 32, ""if_remote_enabled"": true, ""local_num_blocks"": 1}, ""before"": {""block_len"": 32, ""if_remote_enabled"": true, ""local_num_blocks"": 2}}}, ""num_flash_layers"": 1, ""override"": {""if_remote_enabled"": true, ""local_num_blocks"": 1}}",0,e446efc9f4dc774377c56c403a468c747870beb18ff0320f15df794dcb69f015,2049-4096,query_pos-value_pos,8,123,cb256-r4-s123,0,completed,123,512,2048,cb256-r4,flash,gd-cb256-r4-s123-d123-b64-ga4-fp32-noearly4ep,,local1,cb256-r4-s123:local1
,,,"{""layers"": {""layer_0"": {""after"": {""block_len"": 32, ""if_remote_enabled"": true, ""local_num_blocks"": 1}, ""before"": {""block_len"": 32, ""if_remote_enabled"": true, ""local_num_blocks"": 2}}}, ""num_flash_layers"": 1, ""override"": {""if_remote_enabled"": true, ""local_num_blocks"": 1}}",0,e446efc9f4dc774377c56c403a468c747870beb18ff0320f15df794dcb69f015,>4096,query_pos-value_pos,8,123,cb256-r4-s123,0,completed,123,512,2048,cb256-r4,flash,gd-cb256-r4-s123-d123-b64-ga4-fp32-noearly4ep,,local1,cb256-r4-s123:local1
,,,"{""layers"": {""layer_0"": {""after"": {""block_len"": 32, ""if_remote_enabled"": true, ""local_num_blocks"": 1}, ""before"": {""block_len"": 32, ""if_remote_enabled"": true, ""local_num_blocks"": 2}}}, ""num_flash_layers"": 1, ""override"": {""if_remote_enabled"": true, ""local_num_blocks"": 1}}",0,c0d72f24f32e8afcd192453a15113cee60455375a8563fbf8b3cfd3ba191f68f,<=32,query_pos-value_pos,8,123,cb256-r4-s123,0,completed,123,512,4096,cb256-r4,flash,gd-cb256-r4-s123-d123-b64-ga4-fp32-noearly4ep,,local1,cb256-r4-s123:local1
1.0000000000,1.0000000000,1.0000000000,"{""layers"": {""layer_0"": {""after"": {""block_len"": 32, ""if_remote_enabled"": true, ""local_num_blocks"": 1}, ""before"": {""block_len"": 32, ""if_remote_enabled"": true, ""local_num_blocks"": 2}}}, ""num_flash_layers"": 1, ""override"": {""if_remote_enabled"": true, ""local_num_blocks"": 1}}",1,c0d72f24f32e8afcd192453a15113cee60455375a8563fbf8b3cfd3ba191f68f,33-64,query_pos-value_pos,8,123,cb256-r4-s123,1,completed,123,512,4096,cb256-r4,flash,gd-cb256-r4-s123-d123-b64-ga4-fp32-noearly4ep,0.0000000000,local1,cb256-r4-s123:local1
0.7659574468,0.8870052403,0.6449096533,"{""layers"": {""layer_0"": {""after"": {""block_len"": 32, ""if_remote_enabled"": true, ""local_num_blocks"": 1}, ""before"": {""block_len"": 32, ""if_remote_enabled"": true, ""local_num_blocks"": 2}}}, ""num_flash_layers"": 1, ""override"": {""if_remote_enabled"": true, ""local_num_blocks"": 1}}",36,c0d72f24f32e8afcd192453a15113cee60455375a8563fbf8b3cfd3ba191f68f,65-128,query_pos-value_pos,8,123,cb256-r4-s123,47,completed,123,512,4096,cb256-r4,flash,gd-cb256-r4-s123-d123-b64-ga4-fp32-noearly4ep,0.0617590783,local1,cb256-r4-s123:local1
0.6986531987,0.7247454750,0.6725609223,"{""layers"": {""layer_0"": {""after"": {""block_len"": 32, ""if_remote_enabled"": true, ""local_num_blocks"": 1}, ""before"": {""block_len"": 32, ""if_remote_enabled"": true, ""local_num_blocks"": 2}}}, ""num_flash_layers"": 1, ""override"": {""if_remote_enabled"": true, ""local_num_blocks"": 1}}",830,c0d72f24f32e8afcd192453a15113cee60455375a8563fbf8b3cfd3ba191f68f,129-256,query_pos-value_pos,8,123,cb256-r4-s123,1188,completed,123,512,4096,cb256-r4,flash,gd-cb256-r4-s123-d123-b64-ga4-fp32-noearly4ep,0.0133123859,local1,cb256-r4-s123:local1
0.6969255802,0.7052615911,0.6885895693,"{""layers"": {""layer_0"": {""after"": {""block_len"": 32, ""if_remote_enabled"": true, ""local_num_blocks"": 1}, ""before"": {""block_len"": 32, ""if_remote_enabled"": true, ""local_num_blocks"": 2}}}, ""num_flash_layers"": 1, ""override"": {""if_remote_enabled"": true, ""local_num_blocks"": 1}}",8138,c0d72f24f32e8afcd192453a15113cee60455375a8563fbf8b3cfd3ba191f68f,257-512,query_pos-value_pos,8,123,cb256-r4-s123,11677,completed,123,512,4096,cb256-r4,flash,gd-cb256-r4-s123-d123-b64-ga4-fp32-noearly4ep,0.0042530668,local1,cb256-r4-s123:local1
0.6851604774,0.6883601029,0.6819608519,"{""layers"": {""layer_0"": {""after"": {""block_len"": 32, ""if_remote_enabled"": true, ""local_num_blocks"": 1}, ""before"": {""block_len"": 32, ""if_remote_enabled"": true, ""local_num_blocks"": 2}}}, ""num_flash_layers"": 1, ""override"": {""if_remote_enabled"": true, ""local_num_blocks"": 1}}",55461,c0d72f24f32e8afcd192453a15113cee60455375a8563fbf8b3cfd3ba191f68f,513-1024,query_pos-value_pos,8,123,cb256-r4-s123,80946,completed,123,512,4096,cb256-r4,flash,gd-cb256-r4-s123-d123-b64-ga4-fp32-noearly4ep,0.0016324620,local1,cb256-r4-s123:local1
0.6242382065,0.6272313045,0.6212451084,"{""layers"": {""layer_0"": {""after"": {""block_len"": 32, ""if_remote_enabled"": true, ""local_num_blocks"": 1}, ""before"": {""block_len"": 32, ""if_remote_enabled"": true, ""local_num_blocks"": 2}}}, ""num_flash_layers"": 1, ""override"": {""if_remote_enabled"": true, ""local_num_blocks"": 1}}",62789,c0d72f24f32e8afcd192453a15113cee60455375a8563fbf8b3cfd3ba191f68f,1025-2048,query_pos-value_pos,8,123,cb256-r4-s123,100585,completed,123,512,4096,cb256-r4,flash,gd-cb256-r4-s123-d123-b64-ga4-fp32-noearly4ep,0.0015270908,local1,cb256-r4-s123:local1
0.4957762038,0.4997260063,0.4918264013,"{""layers"": {""layer_0"": {""after"": {""block_len"": 32, ""if_remote_enabled"": true, ""local_num_blocks"": 1}, ""before"": {""block_len"": 32, ""if_remote_enabled"": true, ""local_num_blocks"": 2}}}, ""num_flash_layers"": 1, ""override"": {""if_remote_enabled"": true, ""local_num_blocks"": 1}}",30518,c0d72f24f32e8afcd192453a15113cee60455375a8563fbf8b3cfd3ba191f68f,2049-4096,query_pos-value_pos,8,123,cb256-r4-s123,61556,completed,123,512,4096,cb256-r4,flash,gd-cb256-r4-s123-d123-b64-ga4-fp32-noearly4ep,0.0020152054,local1,cb256-r4-s123:local1
,,,"{""layers"": {""layer_0"": {""after"": {""block_len"": 32, ""if_remote_enabled"": true, ""local_num_blocks"": 1}, ""before"": {""block_len"": 32, ""if_remote_enabled"": true, ""local_num_blocks"": 2}}}, ""num_flash_layers"": 1, ""override"": {""if_remote_enabled"": true, ""local_num_blocks"": 1}}",0,c0d72f24f32e8afcd192453a15113cee60455375a8563fbf8b3cfd3ba191f68f,>4096,query_pos-value_pos,8,123,cb256-r4-s123,0,completed,123,512,4096,cb256-r4,flash,gd-cb256-r4-s123-d123-b64-ga4-fp32-noearly4ep,,local1,cb256-r4-s123:local1
,,,"{""layers"": {""layer_0"": {""after"": {""block_len"": 32, ""if_remote_enabled"": true, ""local_num_blocks"": 1}, ""before"": {""block_len"": 32, ""if_remote_enabled"": true, ""local_num_blocks"": 2}}}, ""num_flash_layers"": 1, ""override"": {""if_remote_enabled"": true, ""local_num_blocks"": 1}}",0,0981292ce8ebea1402a4c3a7a6655dfc1de42688c329bd5ea921541a0f1d16ed,<=32,query_pos-value_pos,8,123,cb256-r4-s123,0,completed,123,1024,4096,cb256-r4,flash,gd-cb256-r4-s123-d123-b64-ga4-fp32-noearly4ep,,local1,cb256-r4-s123:local1
,,,"{""layers"": {""layer_0"": {""after"": {""block_len"": 32, ""if_remote_enabled"": true, ""local_num_blocks"": 1}, ""before"": {""block_len"": 32, ""if_remote_enabled"": true, ""local_num_blocks"": 2}}}, ""num_flash_layers"": 1, ""override"": {""if_remote_enabled"": true, ""local_num_blocks"": 1}}",0,0981292ce8ebea1402a4c3a7a6655dfc1de42688c329bd5ea921541a0f1d16ed,33-64,query_pos-value_pos,8,123,cb256-r4-s123,0,completed,123,1024,4096,cb256-r4,flash,gd-cb256-r4-s123-d123-b64-ga4-fp32-noearly4ep,,local1,cb256-r4-s123:local1
,,,"{""layers"": {""layer_0"": {""after"": {""block_len"": 32, ""if_remote_enabled"": true, ""local_num_blocks"": 1}, ""before"": {""block_len"": 32, ""if_remote_enabled"": true, ""local_num_blocks"": 2}}}, ""num_flash_layers"": 1, ""override"": {""if_remote_enabled"": true, ""local_num_blocks"": 1}}",0,0981292ce8ebea1402a4c3a7a6655dfc1de42688c329bd5ea921541a0f1d16ed,65-128,query_pos-value_pos,8,123,cb256-r4-s123,0,completed,123,1024,4096,cb256-r4,flash,gd-cb256-r4-s123-d123-b64-ga4-fp32-noearly4ep,,local1,cb256-r4-s123:local1
,,,"{""layers"": {""layer_0"": {""after"": {""block_len"": 32, ""if_remote_enabled"": true, ""local_num_blocks"": 1}, ""before"": {""block_len"": 32, ""if_remote_enabled"": true, ""local_num_blocks"": 2}}}, ""num_flash_layers"": 1, ""override"": {""if_remote_enabled"": true, ""local_num_blocks"": 1}}",0,0981292ce8ebea1402a4c3a7a6655dfc1de42688c329bd5ea921541a0f1d16ed,129-256,query_pos-value_pos,8,123,cb256-r4-s123,0,completed,123,1024,4096,cb256-r4,flash,gd-cb256-r4-s123-d123-b64-ga4-fp32-noearly4ep,,local1,cb256-r4-s123:local1
0.3333333333,0.6413176203,0.0253490464,"{""layers"": {""layer_0"": {""after"": {""block_len"": 32, ""if_remote_enabled"": true, ""local_num_blocks"": 1}, ""before"": {""block_len"": 32, ""if_remote_enabled"": true, ""local_num_blocks"": 2}}}, ""num_flash_layers"": 1, ""override"": {""if_remote_enabled"": true, ""local_num_blocks"": 1}}",3,0981292ce8ebea1402a4c3a7a6655dfc1de42688c329bd5ea921541a0f1d16ed,257-512,query_pos-value_pos,8,123,cb256-r4-s123,9,completed,123,1024,4096,cb256-r4,flash,gd-cb256-r4-s123-d123-b64-ga4-fp32-noearly4ep,0.1571348403,local1,cb256-r4-s123:local1
0.3921945593,0.4015768707,0.3828122478,"{""layers"": {""layer_0"": {""after"": {""block_len"": 32, ""if_remote_enabled"": true, ""local_num_blocks"": 1}, ""before"": {""block_len"": 32, ""if_remote_enabled"": true, ""local_num_blocks"": 2}}}, ""num_flash_layers"": 1, ""override"": {""if_remote_enabled"": true, ""local_num_blocks"": 1}}",4080,0981292ce8ebea1402a4c3a7a6655dfc1de42688c329bd5ea921541a0f1d16ed,513-1024,query_pos-value_pos,8,123,cb256-r4-s123,10403,completed,123,1024,4096,cb256-r4,flash,gd-cb256-r4-s123-d123-b64-ga4-fp32-noearly4ep,0.0047868936,local1,cb256-r4-s123:local1
0.3890225897,0.3908584326,0.3871867467,"{""layers"": {""layer_0"": {""after"": {""block_len"": 32, ""if_remote_enabled"": true, ""local_num_blocks"": 1}, ""before"": {""block_len"": 32, ""if_remote_enabled"": true, ""local_num_blocks"": 2}}}, ""num_flash_layers"": 1, ""override"": {""if_remote_enabled"": true, ""local_num_blocks"": 1}}",105394,0981292ce8ebea1402a4c3a7a6655dfc1de42688c329bd5ea921541a0f1d16ed,1025-2048,query_pos-value_pos,8,123,cb256-r4-s123,270920,completed,123,1024,4096,cb256-r4,flash,gd-cb256-r4-s123-d123-b64-ga4-fp32-noearly4ep,0.0009366546,local1,cb256-r4-s123:local1
0.3665094421,0.3684758566,0.3645430277,"{""layers"": {""layer_0"": {""after"": {""block_len"": 32, ""if_remote_enabled"": true, ""local_num_blocks"": 1}, ""before"": {""block_len"": 32, ""if_remote_enabled"": true, ""local_num_blocks"": 2}}}, ""num_flash_layers"": 1, ""override"": {""if_remote_enabled"": true, ""local_num_blocks"": 1}}",84542,0981292ce8ebea1402a4c3a7a6655dfc1de42688c329bd5ea921541a0f1d16ed,2049-4096,query_pos-value_pos,8,123,cb256-r4-s123,230668,completed,123,1024,4096,cb256-r4,flash,gd-cb256-r4-s123-d123-b64-ga4-fp32-noearly4ep,0.0010032727,local1,cb256-r4-s123:local1
,,,"{""layers"": {""layer_0"": {""after"": {""block_len"": 32, ""if_remote_enabled"": true, ""local_num_blocks"": 1}, ""before"": {""block_len"": 32, ""if_remote_enabled"": true, ""local_num_blocks"": 2}}}, ""num_flash_layers"": 1, ""override"": {""if_remote_enabled"": true, ""local_num_blocks"": 1}}",0,0981292ce8ebea1402a4c3a7a6655dfc1de42688c329bd5ea921541a0f1d16ed,>4096,query_pos-value_pos,8,123,cb256-r4-s123,0,completed,123,1024,4096,cb256-r4,flash,gd-cb256-r4-s123-d123-b64-ga4-fp32-noearly4ep,,local1,cb256-r4-s123:local1
,,,"{""layers"": {""layer_0"": {""after"": {""block_len"": 32, ""if_remote_enabled"": true, ""local_num_blocks"": 4}, ""before"": {""block_len"": 32, ""if_remote_enabled"": true, ""local_num_blocks"": 2}}}, ""num_flash_layers"": 1, ""override"": {""if_remote_enabled"": true, ""local_num_blocks"": 4}}",0,f30f1e09e1300deb2e0f430d7c50c47a77f58f43657aa4d6f425f938a91a9acb,<=32,query_pos-value_pos,8,123,cb256-r4-s123,0,completed,123,256,1024,cb256-r4,flash,gd-cb256-r4-s123-d123-b64-ga4-fp32-noearly4ep,,local4,cb256-r4-s123:local4
,,,"{""layers"": {""layer_0"": {""after"": {""block_len"": 32, ""if_remote_enabled"": true, ""local_num_blocks"": 4}, ""before"": {""block_len"": 32, ""if_remote_enabled"": true, ""local_num_blocks"": 2}}}, ""num_flash_layers"": 1, ""override"": {""if_remote_enabled"": true, ""local_num_blocks"": 4}}",0,f30f1e09e1300deb2e0f430d7c50c47a77f58f43657aa4d6f425f938a91a9acb,33-64,query_pos-value_pos,8,123,cb256-r4-s123,0,completed,123,256,1024,cb256-r4,flash,gd-cb256-r4-s123-d123-b64-ga4-fp32-noearly4ep,,local4,cb256-r4-s123:local4
0.5000000000,1.0000000000,0.0000000000,"{""layers"": {""layer_0"": {""after"": {""block_len"": 32, ""if_remote_enabled"": true, ""local_num_blocks"": 4}, ""before"": {""block_len"": 32, ""if_remote_enabled"": true, ""local_num_blocks"": 2}}}, ""num_flash_layers"": 1, ""override"": {""if_remote_enabled"": true, ""local_num_blocks"": 4}}",1,f30f1e09e1300deb2e0f430d7c50c47a77f58f43657aa4d6f425f938a91a9acb,65-128,query_pos-value_pos,8,123,cb256-r4-s123,2,completed,123,256,1024,cb256-r4,flash,gd-cb256-r4-s123-d123-b64-ga4-fp32-noearly4ep,0.3535533906,local4,cb256-r4-s123:local4
0.9299698795,0.9396754019,0.9202643572,"{""layers"": {""layer_0"": {""after"": {""block_len"": 32, ""if_remote_enabled"": true, ""local_num_blocks"": 4}, ""before"": {""block_len"": 32, ""if_remote_enabled"": true, ""local_num_blocks"": 2}}}, ""num_flash_layers"": 1, ""override"": {""if_remote_enabled"": true, ""local_num_blocks"": 4}}",2470,f30f1e09e1300deb2e0f430d7c50c47a77f58f43657aa4d6f425f938a91a9acb,129-256,query_pos-value_pos,8,123,cb256-r4-s123,2656,completed,123,256,1024,cb256-r4,flash,gd-cb256-r4-s123-d123-b64-ga4-fp32-noearly4ep,0.0049517971,local4,cb256-r4-s123:local4
0.9119461664,0.9140774358,0.9098148970,"{""layers"": {""layer_0"": {""after"": {""block_len"": 32, ""if_remote_enabled"": true, ""local_num_blocks"": 4}, ""before"": {""block_len"": 32, ""if_remote_enabled"": true, ""local_num_blocks"": 2}}}, ""num_flash_layers"": 1, ""override"": {""if_remote_enabled"": true, ""local_num_blocks"": 4}}",61933,f30f1e09e1300deb2e0f430d7c50c47a77f58f43657aa4d6f425f938a91a9acb,257-512,query_pos-value_pos,8,123,cb256-r4-s123,67913,completed,123,256,1024,cb256-r4,flash,gd-cb256-r4-s123-d123-b64-ga4-fp32-noearly4ep,0.0010873823,local4,cb256-r4-s123:local4
0.8934858695,0.8960089895,0.8909627495,"{""layers"": {""layer_0"": {""after"": {""block_len"": 32, ""if_remote_enabled"": true, ""local_num_blocks"": 4}, ""before"": {""block_len"": 32, ""if_remote_enabled"": true, ""local_num_blocks"": 2}}}, ""num_flash_layers"": 1, ""override"": {""if_remote_enabled"": true, ""local_num_blocks"": 4}}",51312,f30f1e09e1300deb2e0f430d7c50c47a77f58f43657aa4d6f425f938a91a9acb,513-1024,query_pos-value_pos,8,123,cb256-r4-s123,57429,completed,123,256,1024,cb256-r4,flash,gd-cb256-r4-s123-d123-b64-ga4-fp32-noearly4ep,0.0012873061,local4,cb256-r4-s123:local4
,,,"{""layers"": {""layer_0"": {""after"": {""block_len"": 32, ""if_remote_enabled"": true, ""local_num_blocks"": 4}, ""before"": {""block_len"": 32, ""if_remote_enabled"": true, ""local_num_blocks"": 2}}}, ""num_flash_layers"": 1, ""override"": {""if_remote_enabled"": true, ""local_num_blocks"": 4}}",0,f30f1e09e1300deb2e0f430d7c50c47a77f58f43657aa4d6f425f938a91a9acb,1025-2048,query_pos-value_pos,8,123,cb256-r4-s123,0,completed,123,256,1024,cb256-r4,flash,gd-cb256-r4-s123-d123-b64-ga4-fp32-noearly4ep,,local4,cb256-r4-s123:local4
,,,"{""layers"": {""layer_0"": {""after"": {""block_len"": 32, ""if_remote_enabled"": true, ""local_num_blocks"": 4}, ""before"": {""block_len"": 32, ""if_remote_enabled"": true, ""local_num_blocks"": 2}}}, ""num_flash_layers"": 1, ""override"": {""if_remote_enabled"": true, ""local_num_blocks"": 4}}",0,f30f1e09e1300deb2e0f430d7c50c47a77f58f43657aa4d6f425f938a91a9acb,2049-4096,query_pos-value_pos,8,123,cb256-r4-s123,0,completed,123,256,1024,cb256-r4,flash,gd-cb256-r4-s123-d123-b64-ga4-fp32-noearly4ep,,local4,cb256-r4-s123:local4
,,,"{""layers"": {""layer_0"": {""after"": {""block_len"": 32, ""if_remote_enabled"": true, ""local_num_blocks"": 4}, ""before"": {""block_len"": 32, ""if_remote_enabled"": true, ""local_num_blocks"": 2}}}, ""num_flash_layers"": 1, ""override"": {""if_remote_enabled"": true, ""local_num_blocks"": 4}}",0,f30f1e09e1300deb2e0f430d7c50c47a77f58f43657aa4d6f425f938a91a9acb,>4096,query_pos-value_pos,8,123,cb256-r4-s123,0,completed,123,256,1024,cb256-r4,flash,gd-cb256-r4-s123-d123-b64-ga4-fp32-noearly4ep,,local4,cb256-r4-s123:local4
,,,"{""layers"": {""layer_0"": {""after"": {""block_len"": 32, ""if_remote_enabled"": true, ""local_num_blocks"": 4}, ""before"": {""block_len"": 32, ""if_remote_enabled"": true, ""local_num_blocks"": 2}}}, ""num_flash_layers"": 1, ""override"": {""if_remote_enabled"": true, ""local_num_blocks"": 4}}",0,e446efc9f4dc774377c56c403a468c747870beb18ff0320f15df794dcb69f015,<=32,query_pos-value_pos,8,123,cb256-r4-s123,0,completed,123,512,2048,cb256-r4,flash,gd-cb256-r4-s123-d123-b64-ga4-fp32-noearly4ep,,local4,cb256-r4-s123:local4
,,,"{""layers"": {""layer_0"": {""after"": {""block_len"": 32, ""if_remote_enabled"": true, ""local_num_blocks"": 4}, ""before"": {""block_len"": 32, ""if_remote_enabled"": true, ""local_num_blocks"": 2}}}, ""num_flash_layers"": 1, ""override"": {""if_remote_enabled"": true, ""local_num_blocks"": 4}}",0,e446efc9f4dc774377c56c403a468c747870beb18ff0320f15df794dcb69f015,33-64,query_pos-value_pos,8,123,cb256-r4-s123,0,completed,123,512,2048,cb256-r4,flash,gd-cb256-r4-s123-d123-b64-ga4-fp32-noearly4ep,,local4,cb256-r4-s123:local4
,,,"{""layers"": {""layer_0"": {""after"": {""block_len"": 32, ""if_remote_enabled"": true, ""local_num_blocks"": 4}, ""before"": {""block_len"": 32, ""if_remote_enabled"": true, ""local_num_blocks"": 2}}}, ""num_flash_layers"": 1, ""override"": {""if_remote_enabled"": true, ""local_num_blocks"": 4}}",0,e446efc9f4dc774377c56c403a468c747870beb18ff0320f15df794dcb69f015,65-128,query_pos-value_pos,8,123,cb256-r4-s123,0,completed,123,512,2048,cb256-r4,flash,gd-cb256-r4-s123-d123-b64-ga4-fp32-noearly4ep,,local4,cb256-r4-s123:local4
0.7500000000,0.9950000000,0.5050000000,"{""layers"": {""layer_0"": {""after"": {""block_len"": 32, ""if_remote_enabled"": true, ""local_num_blocks"": 4}, ""before"": {""block_len"": 32, ""if_remote_enabled"": true, ""local_num_blocks"": 2}}}, ""num_flash_layers"": 1, ""override"": {""if_remote_enabled"": true, ""local_num_blocks"": 4}}",9,e446efc9f4dc774377c56c403a468c747870beb18ff0320f15df794dcb69f015,129-256,query_pos-value_pos,8,123,cb256-r4-s123,12,completed,123,512,2048,cb256-r4,flash,gd-cb256-r4-s123-d123-b64-ga4-fp32-noearly4ep,0.1250000000,local4,cb256-r4-s123:local4
0.7039609536,0.7162201925,0.6917017148,"{""layers"": {""layer_0"": {""after"": {""block_len"": 32, ""if_remote_enabled"": true, ""local_num_blocks"": 4}, ""before"": {""block_len"": 32, ""if_remote_enabled"": true, ""local_num_blocks"": 2}}}, ""num_flash_layers"": 1, ""override"": {""if_remote_enabled"": true, ""local_num_blocks"": 4}}",3750,e446efc9f4dc774377c56c403a468c747870beb18ff0320f15df794dcb69f015,257-512,query_pos-value_pos,8,123,cb256-r4-s123,5327,completed,123,512,2048,cb256-r4,flash,gd-cb256-r4-s123-d123-b64-ga4-fp32-noearly4ep,0.0062547137,local4,cb256-r4-s123:local4
0.6898582817,0.6923213616,0.6873952017,"{""layers"": {""layer_0"": {""after"": {""block_len"": 32, ""if_remote_enabled"": true, ""local_num_blocks"": 4}, ""before"": {""block_len"": 32, ""if_remote_enabled"": true, ""local_num_blocks"": 2}}}, ""num_flash_layers"": 1, ""override"": {""if_remote_enabled"": true, ""local_num_blocks"": 4}}",93462,e446efc9f4dc774377c56c403a468c747870beb18ff0320f15df794dcb69f015,513-1024,query_pos-value_pos,8,123,cb256-r4-s123,135480,completed,123,512,2048,cb256-r4,flash,gd-cb256-r4-s123-d123-b64-ga4-fp32-noearly4ep,0.0012566735,local4,cb256-r4-s123:local4
0.6585982063,0.6613366816,0.6558597311,"{""layers"": {""layer_0"": {""after"": {""block_len"": 32, ""if_remote_enabled"": true, ""local_num_blocks"": 4}, ""before"": {""block_len"": 32, ""if_remote_enabled"": true, ""local_num_blocks"": 2}}}, ""num_flash_layers"": 1, ""override"": {""if_remote_enabled"": true, ""local_num_blocks"": 4}}",75858,e446efc9f4dc774377c56c403a468c747870beb18ff0320f15df794dcb69f015,1025-2048,query_pos-value_pos,8,123,cb256-r4-s123,115181,completed,123,512,2048,cb256-r4,flash,gd-cb256-r4-s123-d123-b64-ga4-fp32-noearly4ep,0.0013971812,local4,cb256-r4-s123:local4
,,,"{""layers"": {""layer_0"": {""after"": {""block_len"": 32, ""if_remote_enabled"": true, ""local_num_blocks"": 4}, ""before"": {""block_len"": 32, ""if_remote_enabled"": true, ""local_num_blocks"": 2}}}, ""num_flash_layers"": 1, ""override"": {""if_remote_enabled"": true, ""local_num_blocks"": 4}}",0,e446efc9f4dc774377c56c403a468c747870beb18ff0320f15df794dcb69f015,2049-4096,query_pos-value_pos,8,123,cb256-r4-s123,0,completed,123,512,2048,cb256-r4,flash,gd-cb256-r4-s123-d123-b64-ga4-fp32-noearly4ep,,local4,cb256-r4-s123:local4
,,,"{""layers"": {""layer_0"": {""after"": {""block_len"": 32, ""if_remote_enabled"": true, ""local_num_blocks"": 4}, ""before"": {""block_len"": 32, ""if_remote_enabled"": true, ""local_num_blocks"": 2}}}, ""num_flash_layers"": 1, ""override"": {""if_remote_enabled"": true, ""local_num_blocks"": 4}}",0,e446efc9f4dc774377c56c403a468c747870beb18ff0320f15df794dcb69f015,>4096,query_pos-value_pos,8,123,cb256-r4-s123,0,completed,123,512,2048,cb256-r4,flash,gd-cb256-r4-s123-d123-b64-ga4-fp32-noearly4ep,,local4,cb256-r4-s123:local4
,,,"{""layers"": {""layer_0"": {""after"": {""block_len"": 32, ""if_remote_enabled"": true, ""local_num_blocks"": 4}, ""before"": {""block_len"": 32, ""if_remote_enabled"": true, ""local_num_blocks"": 2}}}, ""num_flash_layers"": 1, ""override"": {""if_remote_enabled"": true, ""local_num_blocks"": 4}}",0,c0d72f24f32e8afcd192453a15113cee60455375a8563fbf8b3cfd3ba191f68f,<=32,query_pos-value_pos,8,123,cb256-r4-s123,0,completed,123,512,4096,cb256-r4,flash,gd-cb256-r4-s123-d123-b64-ga4-fp32-noearly4ep,,local4,cb256-r4-s123:local4
0.0000000000,0.0000000000,0.0000000000,"{""layers"": {""layer_0"": {""after"": {""block_len"": 32, ""if_remote_enabled"": true, ""local_num_blocks"": 4}, ""before"": {""block_len"": 32, ""if_remote_enabled"": true, ""local_num_blocks"": 2}}}, ""num_flash_layers"": 1, ""override"": {""if_remote_enabled"": true, ""local_num_blocks"": 4}}",0,c0d72f24f32e8afcd192453a15113cee60455375a8563fbf8b3cfd3ba191f68f,33-64,query_pos-value_pos,8,123,cb256-r4-s123,1,completed,123,512,4096,cb256-r4,flash,gd-cb256-r4-s123-d123-b64-ga4-fp32-noearly4ep,0.0000000000,local4,cb256-r4-s123:local4
0.5106382979,0.6535536301,0.3677229656,"{""layers"": {""layer_0"": {""after"": {""block_len"": 32, ""if_remote_enabled"": true, ""local_num_blocks"": 4}, ""before"": {""block_len"": 32, ""if_remote_enabled"": true, ""local_num_blocks"": 2}}}, ""num_flash_layers"": 1, ""override"": {""if_remote_enabled"": true, ""local_num_blocks"": 4}}",24,c0d72f24f32e8afcd192453a15113cee60455375a8563fbf8b3cfd3ba191f68f,65-128,query_pos-value_pos,8,123,cb256-r4-s123,47,completed,123,512,4096,cb256-r4,flash,gd-cb256-r4-s123-d123-b64-ga4-fp32-noearly4ep,0.0729159858,local4,cb256-r4-s123:local4
0.7028619529,0.7288493032,0.6768746025,"{""layers"": {""layer_0"": {""after"": {""block_len"": 32, ""if_remote_enabled"": true, ""local_num_blocks"": 4}, ""before"": {""block_len"": 32, ""if_remote_enabled"": true, ""local_num_blocks"": 2}}}, ""num_flash_layers"": 1, ""override"": {""if_remote_enabled"": true, ""local_num_blocks"": 4}}",835,c0d72f24f32e8afcd192453a15113cee60455375a8563fbf8b3cfd3ba191f68f,129-256,query_pos-value_pos,8,123,cb256-r4-s123,1188,completed,123,512,4096,cb256-r4,flash,gd-cb256-r4-s123-d123-b64-ga4-fp32-noearly4ep,0.0132588522,local4,cb256-r4-s123:local4
0.7102851760,0.7185131359,0.7020572161,"{""layers"": {""layer_0"": {""after"": {""block_len"": 32, ""if_remote_enabled"": true, ""local_num_blocks"": 4}, ""before"": {""block_len"": 32, ""if_remote_enabled"": true, ""local_num_blocks"": 2}}}, ""num_flash_layers"": 1, ""override"": {""if_remote_enabled"": true, ""local_num_blocks"": 4}}",8294,c0d72f24f32e8afcd192453a15113cee60455375a8563fbf8b3cfd3ba191f68f,257-512,query_pos-value_pos,8,123,cb256-r4-s123,11677,completed,123,512,4096,cb256-r4,flash,gd-cb256-r4-s123-d123-b64-ga4-fp32-noearly4ep,0.0041979387,local4,cb256-r4-s123:local4
0.7014182294,0.7045708997,0.6982655592,"{""layers"": {""layer_0"": {""after"": {""block_len"": 32, ""if_remote_enabled"": true, ""local_num_blocks"": 4}, ""before"": {""block_len"": 32, ""if_remote_enabled"": true, ""local_num_blocks"": 2}}}, ""num_flash_layers"": 1, ""override"": {""if_remote_enabled"": true, ""local_num_blocks"": 4}}",56777,c0d72f24f32e8afcd192453a15113cee60455375a8563fbf8b3cfd3ba191f68f,513-1024,query_pos-value_pos,8,123,cb256-r4-s123,80946,completed,123,512,4096,cb256-r4,flash,gd-cb256-r4-s123-d123-b64-ga4-fp32-noearly4ep,0.0016085052,local4,cb256-r4-s123:local4
0.6349952776,0.6379705310,0.6320200243,"{""layers"": {""layer_0"": {""after"": {""block_len"": 32, ""if_remote_enabled"": true, ""local_num_blocks"": 4}, ""before"": {""block_len"": 32, ""if_remote_enabled"": true, ""local_num_blocks"": 2}}}, ""num_flash_layers"": 1, ""override"": {""if_remote_enabled"": true, ""local_num_blocks"": 4}}",63871,c0d72f24f32e8afcd192453a15113cee60455375a8563fbf8b3cfd3ba191f68f,1025-2048,query_pos-value_pos,8,123,cb256-r4-s123,100585,completed,123,512,4096,cb256-r4,flash,gd-cb256-r4-s123-d123-b64-ga4-fp32-noearly4ep,0.0015179864,local4,cb256-r4-s123:local4
0.5039313796,0.5078812009,0.4999815582,"{""layers"": {""layer_0"": {""after"": {""block_len"": 32, ""if_remote_enabled"": true, ""local_num_blocks"": 4}, ""before"": {""block_len"": 32, ""if_remote_enabled"": true, ""local_num_blocks"": 2}}}, ""num_flash_layers"": 1, ""override"": {""if_remote_enabled"": true, ""local_num_blocks"": 4}}",31020,c0d72f24f32e8afcd192453a15113cee60455375a8563fbf8b3cfd3ba191f68f,2049-4096,query_pos-value_pos,8,123,cb256-r4-s123,61556,completed,123,512,4096,cb256-r4,flash,gd-cb256-r4-s123-d123-b64-ga4-fp32-noearly4ep,0.0020152150,local4,cb256-r4-s123:local4
,,,"{""layers"": {""layer_0"": {""after"": {""block_len"": 32, ""if_remote_enabled"": true, ""local_num_blocks"": 4}, ""before"": {""block_len"": 32, ""if_remote_enabled"": true, ""local_num_blocks"": 2}}}, ""num_flash_layers"": 1, ""override"": {""if_remote_enabled"": true, ""local_num_blocks"": 4}}",0,c0d72f24f32e8afcd192453a15113cee60455375a8563fbf8b3cfd3ba191f68f,>4096,query_pos-value_pos,8,123,cb256-r4-s123,0,completed,123,512,4096,cb256-r4,flash,gd-cb256-r4-s123-d123-b64-ga4-fp32-noearly4ep,,local4,cb256-r4-s123:local4
,,,"{""layers"": {""layer_0"": {""after"": {""block_len"": 32, ""if_remote_enabled"": true, ""local_num_blocks"": 4}, ""before"": {""block_len"": 32, ""if_remote_enabled"": true, ""local_num_blocks"": 2}}}, ""num_flash_layers"": 1, ""override"": {""if_remote_enabled"": true, ""local_num_blocks"": 4}}",0,0981292ce8ebea1402a4c3a7a6655dfc1de42688c329bd5ea921541a0f1d16ed,<=32,query_pos-value_pos,8,123,cb256-r4-s123,0,completed,123,1024,4096,cb256-r4,flash,gd-cb256-r4-s123-d123-b64-ga4-fp32-noearly4ep,,local4,cb256-r4-s123:local4
,,,"{""layers"": {""layer_0"": {""after"": {""block_len"": 32, ""if_remote_enabled"": true, ""local_num_blocks"": 4}, ""before"": {""block_len"": 32, ""if_remote_enabled"": true, ""local_num_blocks"": 2}}}, ""num_flash_layers"": 1, ""override"": {""if_remote_enabled"": true, ""local_num_blocks"": 4}}",0,0981292ce8ebea1402a4c3a7a6655dfc1de42688c329bd5ea921541a0f1d16ed,33-64,query_pos-value_pos,8,123,cb256-r4-s123,0,completed,123,1024,4096,cb256-r4,flash,gd-cb256-r4-s123-d123-b64-ga4-fp32-noearly4ep,,local4,cb256-r4-s123:local4
,,,"{""layers"": {""layer_0"": {""after"": {""block_len"": 32, ""if_remote_enabled"": true, ""local_num_blocks"": 4}, ""before"": {""block_len"": 32, ""if_remote_enabled"": true, ""local_num_blocks"": 2}}}, ""num_flash_layers"": 1, ""override"": {""if_remote_enabled"": true, ""local_num_blocks"": 4}}",0,0981292ce8ebea1402a4c3a7a6655dfc1de42688c329bd5ea921541a0f1d16ed,65-128,query_pos-value_pos,8,123,cb256-r4-s123,0,completed,123,1024,4096,cb256-r4,flash,gd-cb256-r4-s123-d123-b64-ga4-fp32-noearly4ep,,local4,cb256-r4-s123:local4
,,,"{""layers"": {""layer_0"": {""after"": {""block_len"": 32, ""if_remote_enabled"": true, ""local_num_blocks"": 4}, ""before"": {""block_len"": 32, ""if_remote_enabled"": true, ""local_num_blocks"": 2}}}, ""num_flash_layers"": 1, ""override"": {""if_remote_enabled"": true, ""local_num_blocks"": 4}}",0,0981292ce8ebea1402a4c3a7a6655dfc1de42688c329bd5ea921541a0f1d16ed,129-256,query_pos-value_pos,8,123,cb256-r4-s123,0,completed,123,1024,4096,cb256-r4,flash,gd-cb256-r4-s123-d123-b64-ga4-fp32-noearly4ep,,local4,cb256-r4-s123:local4
0.3333333333,0.6413176203,0.0253490464,"{""layers"": {""layer_0"": {""after"": {""block_len"": 32, ""if_remote_enabled"": true, ""local_num_blocks"": 4}, ""before"": {""block_len"": 32, ""if_remote_enabled"": true, ""local_num_blocks"": 2}}}, ""num_flash_layers"": 1, ""override"": {""if_remote_enabled"": true, ""local_num_blocks"": 4}}",3,0981292ce8ebea1402a4c3a7a6655dfc1de42688c329bd5ea921541a0f1d16ed,257-512,query_pos-value_pos,8,123,cb256-r4-s123,9,completed,123,1024,4096,cb256-r4,flash,gd-cb256-r4-s123-d123-b64-ga4-fp32-noearly4ep,0.1571348403,local4,cb256-r4-s123:local4
0.3960396040,0.4054379258,0.3866412822,"{""layers"": {""layer_0"": {""after"": {""block_len"": 32, ""if_remote_enabled"": true, ""local_num_blocks"": 4}, ""before"": {""block_len"": 32, ""if_remote_enabled"": true, ""local_num_blocks"": 2}}}, ""num_flash_layers"": 1, ""override"": {""if_remote_enabled"": true, ""local_num_blocks"": 4}}",4120,0981292ce8ebea1402a4c3a7a6655dfc1de42688c329bd5ea921541a0f1d16ed,513-1024,query_pos-value_pos,8,123,cb256-r4-s123,10403,completed,123,1024,4096,cb256-r4,flash,gd-cb256-r4-s123-d123-b64-ga4-fp32-noearly4ep,0.0047950621,local4,cb256-r4-s123:local4
0.3952975048,0.3971385670,0.3934564426,"{""layers"": {""layer_0"": {""after"": {""block_len"": 32, ""if_remote_enabled"": true, ""local_num_blocks"": 4}, ""before"": {""block_len"": 32, ""if_remote_enabled"": true, ""local_num_blocks"": 2}}}, ""num_flash_layers"": 1, ""override"": {""if_remote_enabled"": true, ""local_num_blocks"": 4}}",107094,0981292ce8ebea1402a4c3a7a6655dfc1de42688c329bd5ea921541a0f1d16ed,1025-2048,query_pos-value_pos,8,123,cb256-r4-s123,270920,completed,123,1024,4096,cb256-r4,flash,gd-cb256-r4-s123-d123-b64-ga4-fp32-noearly4ep,0.0009393174,local4,cb256-r4-s123:local4
0.3714125930,0.3733844415,0.3694407445,"{""layers"": {""layer_0"": {""after"": {""block_len"": 32, ""if_remote_enabled"": true, ""local_num_blocks"": 4}, ""before"": {""block_len"": 32, ""if_remote_enabled"": true, ""local_num_blocks"": 2}}}, ""num_flash_layers"": 1, ""override"": {""if_remote_enabled"": true, ""local_num_blocks"": 4}}",85673,0981292ce8ebea1402a4c3a7a6655dfc1de42688c329bd5ea921541a0f1d16ed,2049-4096,query_pos-value_pos,8,123,cb256-r4-s123,230668,completed,123,1024,4096,cb256-r4,flash,gd-cb256-r4-s123-d123-b64-ga4-fp32-noearly4ep,0.0010060452,local4,cb256-r4-s123:local4
,,,"{""layers"": {""layer_0"": {""after"": {""block_len"": 32, ""if_remote_enabled"": true, ""local_num_blocks"": 4}, ""before"": {""block_len"": 32, ""if_remote_enabled"": true, ""local_num_blocks"": 2}}}, ""num_flash_layers"": 1, ""override"": {""if_remote_enabled"": true, ""local_num_blocks"": 4}}",0,0981292ce8ebea1402a4c3a7a6655dfc1de42688c329bd5ea921541a0f1d16ed,>4096,query_pos-value_pos,8,123,cb256-r4-s123,0,completed,123,1024,4096,cb256-r4,flash,gd-cb256-r4-s123-d123-b64-ga4-fp32-noearly4ep,,local4,cb256-r4-s123:local4
,,,"{""layers"": {""layer_0"": {""after"": {""block_len"": 32, ""if_remote_enabled"": true, ""local_num_blocks"": 2}, ""before"": {""block_len"": 32, ""if_remote_enabled"": true, ""local_num_blocks"": 2}}}, ""num_flash_layers"": 1, ""override"": {}}",0,f30f1e09e1300deb2e0f430d7c50c47a77f58f43657aa4d6f425f938a91a9acb,<=32,query_pos-value_pos,8,123,cb64-r16-s123,0,completed,123,256,1024,cb64-r16,flash,gd-cb64-r16-s123-d123-b64-ga4-fp32-noearly4ep,,full,cb64-r16-s123:full
,,,"{""layers"": {""layer_0"": {""after"": {""block_len"": 32, ""if_remote_enabled"": true, ""local_num_blocks"": 2}, ""before"": {""block_len"": 32, ""if_remote_enabled"": true, ""local_num_blocks"": 2}}}, ""num_flash_layers"": 1, ""override"": {}}",0,f30f1e09e1300deb2e0f430d7c50c47a77f58f43657aa4d6f425f938a91a9acb,33-64,query_pos-value_pos,8,123,cb64-r16-s123,0,completed,123,256,1024,cb64-r16,flash,gd-cb64-r16-s123-d123-b64-ga4-fp32-noearly4ep,,full,cb64-r16-s123:full
0.5000000000,1.0000000000,0.0000000000,"{""layers"": {""layer_0"": {""after"": {""block_len"": 32, ""if_remote_enabled"": true, ""local_num_blocks"": 2}, ""before"": {""block_len"": 32, ""if_remote_enabled"": true, ""local_num_blocks"": 2}}}, ""num_flash_layers"": 1, ""override"": {}}",1,f30f1e09e1300deb2e0f430d7c50c47a77f58f43657aa4d6f425f938a91a9acb,65-128,query_pos-value_pos,8,123,cb64-r16-s123,2,completed,123,256,1024,cb64-r16,flash,gd-cb64-r16-s123-d123-b64-ga4-fp32-noearly4ep,0.3535533906,full,cb64-r16-s123:full
0.9608433735,0.9682202238,0.9534665232,"{""layers"": {""layer_0"": {""after"": {""block_len"": 32, ""if_remote_enabled"": true, ""local_num_blocks"": 2}, ""before"": {""block_len"": 32, ""if_remote_enabled"": true, ""local_num_blocks"": 2}}}, ""num_flash_layers"": 1, ""override"": {}}",2552,f30f1e09e1300deb2e0f430d7c50c47a77f58f43657aa4d6f425f938a91a9acb,129-256,query_pos-value_pos,8,123,cb64-r16-s123,2656,completed,123,256,1024,cb64-r16,flash,gd-cb64-r16-s123-d123-b64-ga4-fp32-noearly4ep,0.0037636991,full,cb64-r16-s123:full
0.9669724500,0.9683165292,0.9656283709,"{""layers"": {""layer_0"": {""after"": {""block_len"": 32, ""if_remote_enabled"": true, ""local_num_blocks"": 2}, ""before"": {""block_len"": 32, ""if_remote_enabled"": true, ""local_num_blocks"": 2}}}, ""num_flash_layers"": 1, ""override"": {}}",65670,f30f1e09e1300deb2e0f430d7c50c47a77f58f43657aa4d6f425f938a91a9acb,257-512,query_pos-value_pos,8,123,cb64-r16-s123,67913,completed,123,256,1024,cb64-r16,flash,gd-cb64-r16-s123-d123-b64-ga4-fp32-noearly4ep,0.0006857547,full,cb64-r16-s123:full
0.9731842797,0.9745055228,0.9718630367,"{""layers"": {""layer_0"": {""after"": {""block_len"": 32, ""if_remote_enabled"": true, ""local_num_blocks"": 2}, ""before"": {""block_len"": 32, ""if_remote_enabled"": true, ""local_num_blocks"": 2}}}, ""num_flash_layers"": 1, ""override"": {}}",55889,f30f1e09e1300deb2e0f430d7c50c47a77f58f43657aa4d6f425f938a91a9acb,513-1024,query_pos-value_pos,8,123,cb64-r16-s123,57429,completed,123,256,1024,cb64-r16,flash,gd-cb64-r16-s123-d123-b64-ga4-fp32-noearly4ep,0.0006741036,full,cb64-r16-s123:full
,,,"{""layers"": {""layer_0"": {""after"": {""block_len"": 32, ""if_remote_enabled"": true, ""local_num_blocks"": 2}, ""before"": {""block_len"": 32, ""if_remote_enabled"": true, ""local_num_blocks"": 2}}}, ""num_flash_layers"": 1, ""override"": {}}",0,f30f1e09e1300deb2e0f430d7c50c47a77f58f43657aa4d6f425f938a91a9acb,1025-2048,query_pos-value_pos,8,123,cb64-r16-s123,0,completed,123,256,1024,cb64-r16,flash,gd-cb64-r16-s123-d123-b64-ga4-fp32-noearly4ep,,full,cb64-r16-s123:full
,,,"{""layers"": {""layer_0"": {""after"": {""block_len"": 32, ""if_remote_enabled"": true, ""local_num_blocks"": 2}, ""before"": {""block_len"": 32, ""if_remote_enabled"": true, ""local_num_blocks"": 2}}}, ""num_flash_layers"": 1, ""override"": {}}",0,f30f1e09e1300deb2e0f430d7c50c47a77f58f43657aa4d6f425f938a91a9acb,2049-4096,query_pos-value_pos,8,123,cb64-r16-s123,0,completed,123,256,1024,cb64-r16,flash,gd-cb64-r16-s123-d123-b64-ga4-fp32-noearly4ep,,full,cb64-r16-s123:full
,,,"{""layers"": {""layer_0"": {""after"": {""block_len"": 32, ""if_remote_enabled"": true, ""local_num_blocks"": 2}, ""before"": {""block_len"": 32, ""if_remote_enabled"": true, ""local_num_blocks"": 2}}}, ""num_flash_layers"": 1, ""override"": {}}",0,f30f1e09e1300deb2e0f430d7c50c47a77f58f43657aa4d6f425f938a91a9acb,>4096,query_pos-value_pos,8,123,cb64-r16-s123,0,completed,123,256,1024,cb64-r16,flash,gd-cb64-r16-s123-d123-b64-ga4-fp32-noearly4ep,,full,cb64-r16-s123:full
,,,"{""layers"": {""layer_0"": {""after"": {""block_len"": 32, ""if_remote_enabled"": true, ""local_num_blocks"": 2}, ""before"": {""block_len"": 32, ""if_remote_enabled"": true, ""local_num_blocks"": 2}}}, ""num_flash_layers"": 1, ""override"": {}}",0,e446efc9f4dc774377c56c403a468c747870beb18ff0320f15df794dcb69f015,<=32,query_pos-value_pos,8,123,cb64-r16-s123,0,completed,123,512,2048,cb64-r16,flash,gd-cb64-r16-s123-d123-b64-ga4-fp32-noearly4ep,,full,cb64-r16-s123:full
,,,"{""layers"": {""layer_0"": {""after"": {""block_len"": 32, ""if_remote_enabled"": true, ""local_num_blocks"": 2}, ""before"": {""block_len"": 32, ""if_remote_enabled"": true, ""local_num_blocks"": 2}}}, ""num_flash_layers"": 1, ""override"": {}}",0,e446efc9f4dc774377c56c403a468c747870beb18ff0320f15df794dcb69f015,33-64,query_pos-value_pos,8,123,cb64-r16-s123,0,completed,123,512,2048,cb64-r16,flash,gd-cb64-r16-s123-d123-b64-ga4-fp32-noearly4ep,,full,cb64-r16-s123:full
,,,"{""layers"": {""layer_0"": {""after"": {""block_len"": 32, ""if_remote_enabled"": true, ""local_num_blocks"": 2}, ""before"": {""block_len"": 32, ""if_remote_enabled"": true, ""local_num_blocks"": 2}}}, ""num_flash_layers"": 1, ""override"": {}}",0,e446efc9f4dc774377c56c403a468c747870beb18ff0320f15df794dcb69f015,65-128,query_pos-value_pos,8,123,cb64-r16-s123,0,completed,123,512,2048,cb64-r16,flash,gd-cb64-r16-s123-d123-b64-ga4-fp32-noearly4ep,,full,cb64-r16-s123:full
1.0000000000,1.0000000000,1.0000000000,"{""layers"": {""layer_0"": {""after"": {""block_len"": 32, ""if_remote_enabled"": true, ""local_num_blocks"": 2}, ""before"": {""block_len"": 32, ""if_remote_enabled"": true, ""local_num_blocks"": 2}}}, ""num_flash_layers"": 1, ""override"": {}}",12,e446efc9f4dc774377c56c403a468c747870beb18ff0320f15df794dcb69f015,129-256,query_pos-value_pos,8,123,cb64-r16-s123,12,completed,123,512,2048,cb64-r16,flash,gd-cb64-r16-s123-d123-b64-ga4-fp32-noearly4ep,0.0000000000,full,cb64-r16-s123:full
0.7584006007,0.7698956803,0.7469055211,"{""layers"": {""layer_0"": {""after"": {""block_len"": 32, ""if_remote_enabled"": true, ""local_num_blocks"": 2}, ""before"": {""block_len"": 32, ""if_remote_enabled"": true, ""local_num_blocks"": 2}}}, ""num_flash_layers"": 1, ""override"": {}}",4040,e446efc9f4dc774377c56c403a468c747870beb18ff0320f15df794dcb69f015,257-512,query_pos-value_pos,8,123,cb64-r16-s123,5327,completed,123,512,2048,cb64-r16,flash,gd-cb64-r16-s123-d123-b64-ga4-fp32-noearly4ep,0.0058648365,full,cb64-r16-s123:full
0.8131606141,0.8152362007,0.8110850275,"{""layers"": {""layer_0"": {""after"": {""block_len"": 32, ""if_remote_enabled"": true, ""local_num_blocks"": 2}, ""before"": {""block_len"": 32, ""if_remote_enabled"": true, ""local_num_blocks"": 2}}}, ""num_flash_layers"": 1, ""override"": {}}",110167,e446efc9f4dc774377c56c403a468c747870beb18ff0320f15df794dcb69f015,513-1024,query_pos-value_pos,8,123,cb64-r16-s123,135480,completed,123,512,2048,cb64-r16,flash,gd-cb64-r16-s123-d123-b64-ga4-fp32-noearly4ep,0.0010589728,full,cb64-r16-s123:full
0.8367525894,0.8388870460,0.8346181328,"{""layers"": {""layer_0"": {""after"": {""block_len"": 32, ""if_remote_enabled"": true, ""local_num_blocks"": 2}, ""before"": {""block_len"": 32, ""if_remote_enabled"": true, ""local_num_blocks"": 2}}}, ""num_flash_layers"": 1, ""override"": {}}",96378,e446efc9f4dc774377c56c403a468c747870beb18ff0320f15df794dcb69f015,1025-2048,query_pos-value_pos,8,123,cb64-r16-s123,115181,completed,123,512,2048,cb64-r16,flash,gd-cb64-r16-s123-d123-b64-ga4-fp32-noearly4ep,0.0010890085,full,cb64-r16-s123:full
,,,"{""layers"": {""layer_0"": {""after"": {""block_len"": 32, ""if_remote_enabled"": true, ""local_num_blocks"": 2}, ""before"": {""block_len"": 32, ""if_remote_enabled"": true, ""local_num_blocks"": 2}}}, ""num_flash_layers"": 1, ""override"": {}}",0,e446efc9f4dc774377c56c403a468c747870beb18ff0320f15df794dcb69f015,2049-4096,query_pos-value_pos,8,123,cb64-r16-s123,0,completed,123,512,2048,cb64-r16,flash,gd-cb64-r16-s123-d123-b64-ga4-fp32-noearly4ep,,full,cb64-r16-s123:full
,,,"{""layers"": {""layer_0"": {""after"": {""block_len"": 32, ""if_remote_enabled"": true, ""local_num_blocks"": 2}, ""before"": {""block_len"": 32, ""if_remote_enabled"": true, ""local_num_blocks"": 2}}}, ""num_flash_layers"": 1, ""override"": {}}",0,e446efc9f4dc774377c56c403a468c747870beb18ff0320f15df794dcb69f015,>4096,query_pos-value_pos,8,123,cb64-r16-s123,0,completed,123,512,2048,cb64-r16,flash,gd-cb64-r16-s123-d123-b64-ga4-fp32-noearly4ep,,full,cb64-r16-s123:full
,,,"{""layers"": {""layer_0"": {""after"": {""block_len"": 32, ""if_remote_enabled"": true, ""local_num_blocks"": 2}, ""before"": {""block_len"": 32, ""if_remote_enabled"": true, ""local_num_blocks"": 2}}}, ""num_flash_layers"": 1, ""override"": {}}",0,c0d72f24f32e8afcd192453a15113cee60455375a8563fbf8b3cfd3ba191f68f,<=32,query_pos-value_pos,8,123,cb64-r16-s123,0,completed,123,512,4096,cb64-r16,flash,gd-cb64-r16-s123-d123-b64-ga4-fp32-noearly4ep,,full,cb64-r16-s123:full
0.0000000000,0.0000000000,0.0000000000,"{""layers"": {""layer_0"": {""after"": {""block_len"": 32, ""if_remote_enabled"": true, ""local_num_blocks"": 2}, ""before"": {""block_len"": 32, ""if_remote_enabled"": true, ""local_num_blocks"": 2}}}, ""num_flash_layers"": 1, ""override"": {}}",0,c0d72f24f32e8afcd192453a15113cee60455375a8563fbf8b3cfd3ba191f68f,33-64,query_pos-value_pos,8,123,cb64-r16-s123,1,completed,123,512,4096,cb64-r16,flash,gd-cb64-r16-s123-d123-b64-ga4-fp32-noearly4ep,0.0000000000,full,cb64-r16-s123:full
0.7021276596,0.8328742199,0.5713810993,"{""layers"": {""layer_0"": {""after"": {""block_len"": 32, ""if_remote_enabled"": true, ""local_num_blocks"": 2}, ""before"": {""block_len"": 32, ""if_remote_enabled"": true, ""local_num_blocks"": 2}}}, ""num_flash_layers"": 1, ""override"": {}}",33,c0d72f24f32e8afcd192453a15113cee60455375a8563fbf8b3cfd3ba191f68f,65-128,query_pos-value_pos,8,123,cb64-r16-s123,47,completed,123,512,4096,cb64-r16,flash,gd-cb64-r16-s123-d123-b64-ga4-fp32-noearly4ep,0.0667074287,full,cb64-r16-s123:full
0.7845117845,0.8078925836,0.7611309855,"{""layers"": {""layer_0"": {""after"": {""block_len"": 32, ""if_remote_enabled"": true, ""local_num_blocks"": 2}, ""before"": {""block_len"": 32, ""if_remote_enabled"": true, ""local_num_blocks"": 2}}}, ""num_flash_layers"": 1, ""override"": {}}",932,c0d72f24f32e8afcd192453a15113cee60455375a8563fbf8b3cfd3ba191f68f,129-256,query_pos-value_pos,8,123,cb64-r16-s123,1188,completed,123,512,4096,cb64-r16,flash,gd-cb64-r16-s123-d123-b64-ga4-fp32-noearly4ep,0.0119289791,full,cb64-r16-s123:full
0.7814507151,0.7889464794,0.7739549508,"{""layers"": {""layer_0"": {""after"": {""block_len"": 32, ""if_remote_enabled"": true, ""local_num_blocks"": 2}, ""before"": {""block_len"": 32, ""if_remote_enabled"": true, ""local_num_blocks"": 2}}}, ""num_flash_layers"": 1, ""override"": {}}",9125,c0d72f24f32e8afcd192453a15113cee60455375a8563fbf8b3cfd3ba191f68f,257-512,query_pos-value_pos,8,123,cb64-r16-s123,11677,completed,123,512,4096,cb64-r16,flash,gd-cb64-r16-s123-d123-b64-ga4-fp32-noearly4ep,0.0038243695,full,cb64-r16-s123:full
0.8366194747,0.8391664369,0.8340725125,"{""layers"": {""layer_0"": {""after"": {""block_len"": 32, ""if_remote_enabled"": true, ""local_num_blocks"": 2}, ""before"": {""block_len"": 32, ""if_remote_enabled"": true, ""local_num_blocks"": 2}}}, ""num_flash_layers"": 1, ""override"": {}}",67721,c0d72f24f32e8afcd192453a15113cee60455375a8563fbf8b3cfd3ba191f68f,513-1024,query_pos-value_pos,8,123,cb64-r16-s123,80946,completed,123,512,4096,cb64-r16,flash,gd-cb64-r16-s123-d123-b64-ga4-fp32-noearly4ep,0.0012994705,full,cb64-r16-s123:full
0.7995923846,0.8020662775,0.7971184916,"{""layers"": {""layer_0"": {""after"": {""block_len"": 32, ""if_remote_enabled"": true, ""local_num_blocks"": 2}, ""before"": {""block_len"": 32, ""if_remote_enabled"": true, ""local_num_blocks"": 2}}}, ""num_flash_layers"": 1, ""override"": {}}",80427,c0d72f24f32e8afcd192453a15113cee60455375a8563fbf8b3cfd3ba191f68f,1025-2048,query_pos-value_pos,8,123,cb64-r16-s123,100585,completed,123,512,4096,cb64-r16,flash,gd-cb64-r16-s123-d123-b64-ga4-fp32-noearly4ep,0.0012621903,full,cb64-r16-s123:full
0.6762297745,0.6799262385,0.6725333106,"{""layers"": {""layer_0"": {""after"": {""block_len"": 32, ""if_remote_enabled"": true, ""local_num_blocks"": 2}, ""before"": {""block_len"": 32, ""if_remote_enabled"": true, ""local_num_blocks"": 2}}}, ""num_flash_layers"": 1, ""override"": {}}",41626,c0d72f24f32e8afcd192453a15113cee60455375a8563fbf8b3cfd3ba191f68f,2049-4096,query_pos-value_pos,8,123,cb64-r16-s123,61556,completed,123,512,4096,cb64-r16,flash,gd-cb64-r16-s123-d123-b64-ga4-fp32-noearly4ep,0.0018859510,full,cb64-r16-s123:full
,,,"{""layers"": {""layer_0"": {""after"": {""block_len"": 32, ""if_remote_enabled"": true, ""local_num_blocks"": 2}, ""before"": {""block_len"": 32, ""if_remote_enabled"": true, ""local_num_blocks"": 2}}}, ""num_flash_layers"": 1, ""override"": {}}",0,c0d72f24f32e8afcd192453a15113cee60455375a8563fbf8b3cfd3ba191f68f,>4096,query_pos-value_pos,8,123,cb64-r16-s123,0,completed,123,512,4096,cb64-r16,flash,gd-cb64-r16-s123-d123-b64-ga4-fp32-noearly4ep,,full,cb64-r16-s123:full
,,,"{""layers"": {""layer_0"": {""after"": {""block_len"": 32, ""if_remote_enabled"": true, ""local_num_blocks"": 2}, ""before"": {""block_len"": 32, ""if_remote_enabled"": true, ""local_num_blocks"": 2}}}, ""num_flash_layers"": 1, ""override"": {}}",0,0981292ce8ebea1402a4c3a7a6655dfc1de42688c329bd5ea921541a0f1d16ed,<=32,query_pos-value_pos,8,123,cb64-r16-s123,0,completed,123,1024,4096,cb64-r16,flash,gd-cb64-r16-s123-d123-b64-ga4-fp32-noearly4ep,,full,cb64-r16-s123:full
,,,"{""layers"": {""layer_0"": {""after"": {""block_len"": 32, ""if_remote_enabled"": true, ""local_num_blocks"": 2}, ""before"": {""block_len"": 32, ""if_remote_enabled"": true, ""local_num_blocks"": 2}}}, ""num_flash_layers"": 1, ""override"": {}}",0,0981292ce8ebea1402a4c3a7a6655dfc1de42688c329bd5ea921541a0f1d16ed,33-64,query_pos-value_pos,8,123,cb64-r16-s123,0,completed,123,1024,4096,cb64-r16,flash,gd-cb64-r16-s123-d123-b64-ga4-fp32-noearly4ep,,full,cb64-r16-s123:full
,,,"{""layers"": {""layer_0"": {""after"": {""block_len"": 32, ""if_remote_enabled"": true, ""local_num_blocks"": 2}, ""before"": {""block_len"": 32, ""if_remote_enabled"": true, ""local_num_blocks"": 2}}}, ""num_flash_layers"": 1, ""override"": {}}",0,0981292ce8ebea1402a4c3a7a6655dfc1de42688c329bd5ea921541a0f1d16ed,65-128,query_pos-value_pos,8,123,cb64-r16-s123,0,completed,123,1024,4096,cb64-r16,flash,gd-cb64-r16-s123-d123-b64-ga4-fp32-noearly4ep,,full,cb64-r16-s123:full
,,,"{""layers"": {""layer_0"": {""after"": {""block_len"": 32, ""if_remote_enabled"": true, ""local_num_blocks"": 2}, ""before"": {""block_len"": 32, ""if_remote_enabled"": true, ""local_num_blocks"": 2}}}, ""num_flash_layers"": 1, ""override"": {}}",0,0981292ce8ebea1402a4c3a7a6655dfc1de42688c329bd5ea921541a0f1d16ed,129-256,query_pos-value_pos,8,123,cb64-r16-s123,0,completed,123,1024,4096,cb64-r16,flash,gd-cb64-r16-s123-d123-b64-ga4-fp32-noearly4ep,,full,cb64-r16-s123:full
0.2222222222,0.4938388325,0.0000000000,"{""layers"": {""layer_0"": {""after"": {""block_len"": 32, ""if_remote_enabled"": true, ""local_num_blocks"": 2}, ""before"": {""block_len"": 32, ""if_remote_enabled"": true, ""local_num_blocks"": 2}}}, ""num_flash_layers"": 1, ""override"": {}}",2,0981292ce8ebea1402a4c3a7a6655dfc1de42688c329bd5ea921541a0f1d16ed,257-512,query_pos-value_pos,8,123,cb64-r16-s123,9,completed,123,1024,4096,cb64-r16,flash,gd-cb64-r16-s123-d123-b64-ga4-fp32-noearly4ep,0.1385799032,full,cb64-r16-s123:full
0.3995001442,0.4089123561,0.3900879323,"{""layers"": {""layer_0"": {""after"": {""block_len"": 32, ""if_remote_enabled"": true, ""local_num_blocks"": 2}, ""before"": {""block_len"": 32, ""if_remote_enabled"": true, ""local_num_blocks"": 2}}}, ""num_flash_layers"": 1, ""override"": {}}",4156,0981292ce8ebea1402a4c3a7a6655dfc1de42688c329bd5ea921541a0f1d16ed,513-1024,query_pos-value_pos,8,123,cb64-r16-s123,10403,completed,123,1024,4096,cb64-r16,flash,gd-cb64-r16-s123-d123-b64-ga4-fp32-noearly4ep,0.0048021489,full,cb64-r16-s123:full
0.4549055072,0.4567806400,0.4530303744,"{""layers"": {""layer_0"": {""after"": {""block_len"": 32, ""if_remote_enabled"": true, ""local_num_blocks"": 2}, ""before"": {""block_len"": 32, ""if_remote_enabled"": true, ""local_num_blocks"": 2}}}, ""num_flash_layers"": 1, ""override"": {}}",123243,0981292ce8ebea1402a4c3a7a6655dfc1de42688c329bd5ea921541a0f1d16ed,1025-2048,query_pos-value_pos,8,123,cb64-r16-s123,270920,completed,123,1024,4096,cb64-r16,flash,gd-cb64-r16-s123-d123-b64-ga4-fp32-noearly4ep,0.0009567004,full,cb64-r16-s123:full
0.4885289680,0.4905689113,0.4864890248,"{""layers"": {""layer_0"": {""after"": {""block_len"": 32, ""if_remote_enabled"": true, ""local_num_blocks"": 2}, ""before"": {""block_len"": 32, ""if_remote_enabled"": true, ""local_num_blocks"": 2}}}, ""num_flash_layers"": 1, ""override"": {}}",112688,0981292ce8ebea1402a4c3a7a6655dfc1de42688c329bd5ea921541a0f1d16ed,2049-4096,query_pos-value_pos,8,123,cb64-r16-s123,230668,completed,123,1024,4096,cb64-r16,flash,gd-cb64-r16-s123-d123-b64-ga4-fp32-noearly4ep,0.0010407874,full,cb64-r16-s123:full
,,,"{""layers"": {""layer_0"": {""after"": {""block_len"": 32, ""if_remote_enabled"": true, ""local_num_blocks"": 2}, ""before"": {""block_len"": 32, ""if_remote_enabled"": true, ""local_num_blocks"": 2}}}, ""num_flash_layers"": 1, ""override"": {}}",0,0981292ce8ebea1402a4c3a7a6655dfc1de42688c329bd5ea921541a0f1d16ed,>4096,query_pos-value_pos,8,123,cb64-r16-s123,0,completed,123,1024,4096,cb64-r16,flash,gd-cb64-r16-s123-d123-b64-ga4-fp32-noearly4ep,,full,cb64-r16-s123:full
,,,"{""layers"": {""layer_0"": {""after"": {""block_len"": 32, ""if_remote_enabled"": false, ""local_num_blocks"": 2}, ""before"": {""block_len"": 32, ""if_remote_enabled"": true, ""local_num_blocks"": 2}}}, ""num_flash_layers"": 1, ""override"": {""if_remote_enabled"": false, ""local_num_blocks"": 2}}",0,f30f1e09e1300deb2e0f430d7c50c47a77f58f43657aa4d6f425f938a91a9acb,<=32,query_pos-value_pos,8,123,cb64-r16-s123,0,completed,123,256,1024,cb64-r16,flash,gd-cb64-r16-s123-d123-b64-ga4-fp32-noearly4ep,,local_only,cb64-r16-s123:local_only
,,,"{""layers"": {""layer_0"": {""after"": {""block_len"": 32, ""if_remote_enabled"": false, ""local_num_blocks"": 2}, ""before"": {""block_len"": 32, ""if_remote_enabled"": true, ""local_num_blocks"": 2}}}, ""num_flash_layers"": 1, ""override"": {""if_remote_enabled"": false, ""local_num_blocks"": 2}}",0,f30f1e09e1300deb2e0f430d7c50c47a77f58f43657aa4d6f425f938a91a9acb,33-64,query_pos-value_pos,8,123,cb64-r16-s123,0,completed,123,256,1024,cb64-r16,flash,gd-cb64-r16-s123-d123-b64-ga4-fp32-noearly4ep,,local_only,cb64-r16-s123:local_only
0.0000000000,0.0000000000,0.0000000000,"{""layers"": {""layer_0"": {""after"": {""block_len"": 32, ""if_remote_enabled"": false, ""local_num_blocks"": 2}, ""before"": {""block_len"": 32, ""if_remote_enabled"": true, ""local_num_blocks"": 2}}}, ""num_flash_layers"": 1, ""override"": {""if_remote_enabled"": false, ""local_num_blocks"": 2}}",0,f30f1e09e1300deb2e0f430d7c50c47a77f58f43657aa4d6f425f938a91a9acb,65-128,query_pos-value_pos,8,123,cb64-r16-s123,2,completed,123,256,1024,cb64-r16,flash,gd-cb64-r16-s123-d123-b64-ga4-fp32-noearly4ep,0.0000000000,local_only,cb64-r16-s123:local_only
0.0003765060,0.0011143189,0.0000000000,"{""layers"": {""layer_0"": {""after"": {""block_len"": 32, ""if_remote_enabled"": false, ""local_num_blocks"": 2}, ""before"": {""block_len"": 32, ""if_remote_enabled"": true, ""local_num_blocks"": 2}}}, ""num_flash_layers"": 1, ""override"": {""if_remote_enabled"": false, ""local_num_blocks"": 2}}",1,f30f1e09e1300deb2e0f430d7c50c47a77f58f43657aa4d6f425f938a91a9acb,129-256,query_pos-value_pos,8,123,cb64-r16-s123,2656,completed,123,256,1024,cb64-r16,flash,gd-cb64-r16-s123-d123-b64-ga4-fp32-noearly4ep,0.0003764351,local_only,cb64-r16-s123:local_only
0.0002355955,0.0003510238,0.0001201673,"{""layers"": {""layer_0"": {""after"": {""block_len"": 32, ""if_remote_enabled"": false, ""local_num_blocks"": 2}, ""before"": {""block_len"": 32, ""if_remote_enabled"": true, ""local_num_blocks"": 2}}}, ""num_flash_layers"": 1, ""override"": {""if_remote_enabled"": false, ""local_num_blocks"": 2}}",16,f30f1e09e1300deb2e0f430d7c50c47a77f58f43657aa4d6f425f938a91a9acb,257-512,query_pos-value_pos,8,123,cb64-r16-s123,67913,completed,123,256,1024,cb64-r16,flash,gd-cb64-r16-s123-d123-b64-ga4-fp32-noearly4ep,0.0000588919,local_only,cb64-r16-s123:local_only
0.0002089537,0.0003271680,0.0000907394,"{""layers"": {""layer_0"": {""after"": {""block_len"": 32, ""if_remote_enabled"": false, ""local_num_blocks"": 2}, ""before"": {""block_len"": 32, ""if_remote_enabled"": true, ""local_num_blocks"": 2}}}, ""num_flash_layers"": 1, ""override"": {""if_remote_enabled"": false, ""local_num_blocks"": 2}}",12,f30f1e09e1300deb2e0f430d7c50c47a77f58f43657aa4d6f425f938a91a9acb,513-1024,query_pos-value_pos,8,123,cb64-r16-s123,57429,completed,123,256,1024,cb64-r16,flash,gd-cb64-r16-s123-d123-b64-ga4-fp32-noearly4ep,0.0000603134,local_only,cb64-r16-s123:local_only
,,,"{""layers"": {""layer_0"": {""after"": {""block_len"": 32, ""if_remote_enabled"": false, ""local_num_blocks"": 2}, ""before"": {""block_len"": 32, ""if_remote_enabled"": true, ""local_num_blocks"": 2}}}, ""num_flash_layers"": 1, ""override"": {""if_remote_enabled"": false, ""local_num_blocks"": 2}}",0,f30f1e09e1300deb2e0f430d7c50c47a77f58f43657aa4d6f425f938a91a9acb,1025-2048,query_pos-value_pos,8,123,cb64-r16-s123,0,completed,123,256,1024,cb64-r16,flash,gd-cb64-r16-s123-d123-b64-ga4-fp32-noearly4ep,,local_only,cb64-r16-s123:local_only
,,,"{""layers"": {""layer_0"": {""after"": {""block_len"": 32, ""if_remote_enabled"": false, ""local_num_blocks"": 2}, ""before"": {""block_len"": 32, ""if_remote_enabled"": true, ""local_num_blocks"": 2}}}, ""num_flash_layers"": 1, ""override"": {""if_remote_enabled"": false, ""local_num_blocks"": 2}}",0,f30f1e09e1300deb2e0f430d7c50c47a77f58f43657aa4d6f425f938a91a9acb,2049-4096,query_pos-value_pos,8,123,cb64-r16-s123,0,completed,123,256,1024,cb64-r16,flash,gd-cb64-r16-s123-d123-b64-ga4-fp32-noearly4ep,,local_only,cb64-r16-s123:local_only
,,,"{""layers"": {""layer_0"": {""after"": {""block_len"": 32, ""if_remote_enabled"": false, ""local_num_blocks"": 2}, ""before"": {""block_len"": 32, ""if_remote_enabled"": true, ""local_num_blocks"": 2}}}, ""num_flash_layers"": 1, ""override"": {""if_remote_enabled"": false, ""local_num_blocks"": 2}}",0,f30f1e09e1300deb2e0f430d7c50c47a77f58f43657aa4d6f425f938a91a9acb,>4096,query_pos-value_pos,8,123,cb64-r16-s123,0,completed,123,256,1024,cb64-r16,flash,gd-cb64-r16-s123-d123-b64-ga4-fp32-noearly4ep,,local_only,cb64-r16-s123:local_only
,,,"{""layers"": {""layer_0"": {""after"": {""block_len"": 32, ""if_remote_enabled"": false, ""local_num_blocks"": 2}, ""before"": {""block_len"": 32, ""if_remote_enabled"": true, ""local_num_blocks"": 2}}}, ""num_flash_layers"": 1, ""override"": {""if_remote_enabled"": false, ""local_num_blocks"": 2}}",0,e446efc9f4dc774377c56c403a468c747870beb18ff0320f15df794dcb69f015,<=32,query_pos-value_pos,8,123,cb64-r16-s123,0,completed,123,512,2048,cb64-r16,flash,gd-cb64-r16-s123-d123-b64-ga4-fp32-noearly4ep,,local_only,cb64-r16-s123:local_only
,,,"{""layers"": {""layer_0"": {""after"": {""block_len"": 32, ""if_remote_enabled"": false, ""local_num_blocks"": 2}, ""before"": {""block_len"": 32, ""if_remote_enabled"": true, ""local_num_blocks"": 2}}}, ""num_flash_layers"": 1, ""override"": {""if_remote_enabled"": false, ""local_num_blocks"": 2}}",0,e446efc9f4dc774377c56c403a468c747870beb18ff0320f15df794dcb69f015,33-64,query_pos-value_pos,8,123,cb64-r16-s123,0,completed,123,512,2048,cb64-r16,flash,gd-cb64-r16-s123-d123-b64-ga4-fp32-noearly4ep,,local_only,cb64-r16-s123:local_only
,,,"{""layers"": {""layer_0"": {""after"": {""block_len"": 32, ""if_remote_enabled"": false, ""local_num_blocks"": 2}, ""before"": {""block_len"": 32, ""if_remote_enabled"": true, ""local_num_blocks"": 2}}}, ""num_flash_layers"": 1, ""override"": {""if_remote_enabled"": false, ""local_num_blocks"": 2}}",0,e446efc9f4dc774377c56c403a468c747870beb18ff0320f15df794dcb69f015,65-128,query_pos-value_pos,8,123,cb64-r16-s123,0,completed,123,512,2048,cb64-r16,flash,gd-cb64-r16-s123-d123-b64-ga4-fp32-noearly4ep,,local_only,cb64-r16-s123:local_only
0.0000000000,0.0000000000,0.0000000000,"{""layers"": {""layer_0"": {""after"": {""block_len"": 32, ""if_remote_enabled"": false, ""local_num_blocks"": 2}, ""before"": {""block_len"": 32, ""if_remote_enabled"": true, ""local_num_blocks"": 2}}}, ""num_flash_layers"": 1, ""override"": {""if_remote_enabled"": false, ""local_num_blocks"": 2}}",0,e446efc9f4dc774377c56c403a468c747870beb18ff0320f15df794dcb69f015,129-256,query_pos-value_pos,8,123,cb64-r16-s123,12,completed,123,512,2048,cb64-r16,flash,gd-cb64-r16-s123-d123-b64-ga4-fp32-noearly4ep,0.0000000000,local_only,cb64-r16-s123:local_only
0.0001877229,0.0005556253,0.0000000000,"{""layers"": {""layer_0"": {""after"": {""block_len"": 32, ""if_remote_enabled"": false, ""local_num_blocks"": 2}, ""before"": {""block_len"": 32, ""if_remote_enabled"": true, ""local_num_blocks"": 2}}}, ""num_flash_layers"": 1, ""override"": {""if_remote_enabled"": false, ""local_num_blocks"": 2}}",1,e446efc9f4dc774377c56c403a468c747870beb18ff0320f15df794dcb69f015,257-512,query_pos-value_pos,8,123,cb64-r16-s123,5327,completed,123,512,2048,cb64-r16,flash,gd-cb64-r16-s123-d123-b64-ga4-fp32-noearly4ep,0.0001877053,local_only,cb64-r16-s123:local_only
0.0002214349,0.0003006656,0.0001422042,"{""layers"": {""layer_0"": {""after"": {""block_len"": 32, ""if_remote_enabled"": false, ""local_num_blocks"": 2}, ""before"": {""block_len"": 32, ""if_remote_enabled"": true, ""local_num_blocks"": 2}}}, ""num_flash_layers"": 1, ""override"": {""if_remote_enabled"": false, ""local_num_blocks"": 2}}",30,e446efc9f4dc774377c56c403a468c747870beb18ff0320f15df794dcb69f015,513-1024,query_pos-value_pos,8,123,cb64-r16-s123,135480,completed,123,512,2048,cb64-r16,flash,gd-cb64-r16-s123-d123-b64-ga4-fp32-noearly4ep,0.0000404238,local_only,cb64-r16-s123:local_only
0.0002691416,0.0003638738,0.0001744094,"{""layers"": {""layer_0"": {""after"": {""block_len"": 32, ""if_remote_enabled"": false, ""local_num_blocks"": 2}, ""before"": {""block_len"": 32, ""if_remote_enabled"": true, ""local_num_blocks"": 2}}}, ""num_flash_layers"": 1, ""override"": {""if_remote_enabled"": false, ""local_num_blocks"": 2}}",31,e446efc9f4dc774377c56c403a468c747870beb18ff0320f15df794dcb69f015,1025-2048,query_pos-value_pos,8,123,cb64-r16-s123,115181,completed,123,512,2048,cb64-r16,flash,gd-cb64-r16-s123-d123-b64-ga4-fp32-noearly4ep,0.0000483328,local_only,cb64-r16-s123:local_only
,,,"{""layers"": {""layer_0"": {""after"": {""block_len"": 32, ""if_remote_enabled"": false, ""local_num_blocks"": 2}, ""before"": {""block_len"": 32, ""if_remote_enabled"": true, ""local_num_blocks"": 2}}}, ""num_flash_layers"": 1, ""override"": {""if_remote_enabled"": false, ""local_num_blocks"": 2}}",0,e446efc9f4dc774377c56c403a468c747870beb18ff0320f15df794dcb69f015,2049-4096,query_pos-value_pos,8,123,cb64-r16-s123,0,completed,123,512,2048,cb64-r16,flash,gd-cb64-r16-s123-d123-b64-ga4-fp32-noearly4ep,,local_only,cb64-r16-s123:local_only
,,,"{""layers"": {""layer_0"": {""after"": {""block_len"": 32, ""if_remote_enabled"": false, ""local_num_blocks"": 2}, ""before"": {""block_len"": 32, ""if_remote_enabled"": true, ""local_num_blocks"": 2}}}, ""num_flash_layers"": 1, ""override"": {""if_remote_enabled"": false, ""local_num_blocks"": 2}}",0,e446efc9f4dc774377c56c403a468c747870beb18ff0320f15df794dcb69f015,>4096,query_pos-value_pos,8,123,cb64-r16-s123,0,completed,123,512,2048,cb64-r16,flash,gd-cb64-r16-s123-d123-b64-ga4-fp32-noearly4ep,,local_only,cb64-r16-s123:local_only
,,,"{""layers"": {""layer_0"": {""after"": {""block_len"": 32, ""if_remote_enabled"": false, ""local_num_blocks"": 2}, ""before"": {""block_len"": 32, ""if_remote_enabled"": true, ""local_num_blocks"": 2}}}, ""num_flash_layers"": 1, ""override"": {""if_remote_enabled"": false, ""local_num_blocks"": 2}}",0,c0d72f24f32e8afcd192453a15113cee60455375a8563fbf8b3cfd3ba191f68f,<=32,query_pos-value_pos,8,123,cb64-r16-s123,0,completed,123,512,4096,cb64-r16,flash,gd-cb64-r16-s123-d123-b64-ga4-fp32-noearly4ep,,local_only,cb64-r16-s123:local_only
0.0000000000,0.0000000000,0.0000000000,"{""layers"": {""layer_0"": {""after"": {""block_len"": 32, ""if_remote_enabled"": false, ""local_num_blocks"": 2}, ""before"": {""block_len"": 32, ""if_remote_enabled"": true, ""local_num_blocks"": 2}}}, ""num_flash_layers"": 1, ""override"": {""if_remote_enabled"": false, ""local_num_blocks"": 2}}",0,c0d72f24f32e8afcd192453a15113cee60455375a8563fbf8b3cfd3ba191f68f,33-64,query_pos-value_pos,8,123,cb64-r16-s123,1,completed,123,512,4096,cb64-r16,flash,gd-cb64-r16-s123-d123-b64-ga4-fp32-noearly4ep,0.0000000000,local_only,cb64-r16-s123:local_only
0.0000000000,0.0000000000,0.0000000000,"{""layers"": {""layer_0"": {""after"": {""block_len"": 32, ""if_remote_enabled"": false, ""local_num_blocks"": 2}, ""before"": {""block_len"": 32, ""if_remote_enabled"": true, ""local_num_blocks"": 2}}}, ""num_flash_layers"": 1, ""override"": {""if_remote_enabled"": false, ""local_num_blocks"": 2}}",0,c0d72f24f32e8afcd192453a15113cee60455375a8563fbf8b3cfd3ba191f68f,65-128,query_pos-value_pos,8,123,cb64-r16-s123,47,completed,123,512,4096,cb64-r16,flash,gd-cb64-r16-s123-d123-b64-ga4-fp32-noearly4ep,0.0000000000,local_only,cb64-r16-s123:local_only
0.0008417508,0.0024908880,0.0000000000,"{""layers"": {""layer_0"": {""after"": {""block_len"": 32, ""if_remote_enabled"": false, ""local_num_blocks"": 2}, ""before"": {""block_len"": 32, ""if_remote_enabled"": true, ""local_num_blocks"": 2}}}, ""num_flash_layers"": 1, ""override"": {""if_remote_enabled"": false, ""local_num_blocks"": 2}}",1,c0d72f24f32e8afcd192453a15113cee60455375a8563fbf8b3cfd3ba191f68f,129-256,query_pos-value_pos,8,123,cb64-r16-s123,1188,completed,123,512,4096,cb64-r16,flash,gd-cb64-r16-s123-d123-b64-ga4-fp32-noearly4ep,0.0008413965,local_only,cb64-r16-s123:local_only
0.0002569153,0.0005476050,0.0000000000,"{""layers"": {""layer_0"": {""after"": {""block_len"": 32, ""if_remote_enabled"": false, ""local_num_blocks"": 2}, ""before"": {""block_len"": 32, ""if_remote_enabled"": true, ""local_num_blocks"": 2}}}, ""num_flash_layers"": 1, ""override"": {""if_remote_enabled"": false, ""local_num_blocks"": 2}}",3,c0d72f24f32e8afcd192453a15113cee60455375a8563fbf8b3cfd3ba191f68f,257-512,query_pos-value_pos,8,123,cb64-r16-s123,11677,completed,123,512,4096,cb64-r16,flash,gd-cb64-r16-s123-d123-b64-ga4-fp32-noearly4ep,0.0001483111,local_only,cb64-r16-s123:local_only
0.0001853087,0.0002790792,0.0000915383,"{""layers"": {""layer_0"": {""after"": {""block_len"": 32, ""if_remote_enabled"": false, ""local_num_blocks"": 2}, ""before"": {""block_len"": 32, ""if_remote_enabled"": true, ""local_num_blocks"": 2}}}, ""num_flash_layers"": 1, ""override"": {""if_remote_enabled"": false, ""local_num_blocks"": 2}}",15,c0d72f24f32e8afcd192453a15113cee60455375a8563fbf8b3cfd3ba191f68f,513-1024,query_pos-value_pos,8,123,cb64-r16-s123,80946,completed,123,512,4096,cb64-r16,flash,gd-cb64-r16-s123-d123-b64-ga4-fp32-noearly4ep,0.0000478421,local_only,cb64-r16-s123:local_only
0.0002684297,0.0003696684,0.0001671910,"{""layers"": {""layer_0"": {""after"": {""block_len"": 32, ""if_remote_enabled"": false, ""local_num_blocks"": 2}, ""before"": {""block_len"": 32, ""if_remote_enabled"": true, ""local_num_blocks"": 2}}}, ""num_flash_layers"": 1, ""override"": {""if_remote_enabled"": false, ""local_num_blocks"": 2}}",27,c0d72f24f32e8afcd192453a15113cee60455375a8563fbf8b3cfd3ba191f68f,1025-2048,query_pos-value_pos,8,123,cb64-r16-s123,100585,completed,123,512,4096,cb64-r16,flash,gd-cb64-r16-s123-d123-b64-ga4-fp32-noearly4ep,0.0000516524,local_only,cb64-r16-s123:local_only
0.0002436806,0.0003669849,0.0001203762,"{""layers"": {""layer_0"": {""after"": {""block_len"": 32, ""if_remote_enabled"": false, ""local_num_blocks"": 2}, ""before"": {""block_len"": 32, ""if_remote_enabled"": true, ""local_num_blocks"": 2}}}, ""num_flash_layers"": 1, ""override"": {""if_remote_enabled"": false, ""local_num_blocks"": 2}}",15,c0d72f24f32e8afcd192453a15113cee60455375a8563fbf8b3cfd3ba191f68f,2049-4096,query_pos-value_pos,8,123,cb64-r16-s123,61556,completed,123,512,4096,cb64-r16,flash,gd-cb64-r16-s123-d123-b64-ga4-fp32-noearly4ep,0.0000629104,local_only,cb64-r16-s123:local_only
,,,"{""layers"": {""layer_0"": {""after"": {""block_len"": 32, ""if_remote_enabled"": false, ""local_num_blocks"": 2}, ""before"": {""block_len"": 32, ""if_remote_enabled"": true, ""local_num_blocks"": 2}}}, ""num_flash_layers"": 1, ""override"": {""if_remote_enabled"": false, ""local_num_blocks"": 2}}",0,c0d72f24f32e8afcd192453a15113cee60455375a8563fbf8b3cfd3ba191f68f,>4096,query_pos-value_pos,8,123,cb64-r16-s123,0,completed,123,512,4096,cb64-r16,flash,gd-cb64-r16-s123-d123-b64-ga4-fp32-noearly4ep,,local_only,cb64-r16-s123:local_only
,,,"{""layers"": {""layer_0"": {""after"": {""block_len"": 32, ""if_remote_enabled"": false, ""local_num_blocks"": 2}, ""before"": {""block_len"": 32, ""if_remote_enabled"": true, ""local_num_blocks"": 2}}}, ""num_flash_layers"": 1, ""override"": {""if_remote_enabled"": false, ""local_num_blocks"": 2}}",0,0981292ce8ebea1402a4c3a7a6655dfc1de42688c329bd5ea921541a0f1d16ed,<=32,query_pos-value_pos,8,123,cb64-r16-s123,0,completed,123,1024,4096,cb64-r16,flash,gd-cb64-r16-s123-d123-b64-ga4-fp32-noearly4ep,,local_only,cb64-r16-s123:local_only
,,,"{""layers"": {""layer_0"": {""after"": {""block_len"": 32, ""if_remote_enabled"": false, ""local_num_blocks"": 2}, ""before"": {""block_len"": 32, ""if_remote_enabled"": true, ""local_num_blocks"": 2}}}, ""num_flash_layers"": 1, ""override"": {""if_remote_enabled"": false, ""local_num_blocks"": 2}}",0,0981292ce8ebea1402a4c3a7a6655dfc1de42688c329bd5ea921541a0f1d16ed,33-64,query_pos-value_pos,8,123,cb64-r16-s123,0,completed,123,1024,4096,cb64-r16,flash,gd-cb64-r16-s123-d123-b64-ga4-fp32-noearly4ep,,local_only,cb64-r16-s123:local_only
,,,"{""layers"": {""layer_0"": {""after"": {""block_len"": 32, ""if_remote_enabled"": false, ""local_num_blocks"": 2}, ""before"": {""block_len"": 32, ""if_remote_enabled"": true, ""local_num_blocks"": 2}}}, ""num_flash_layers"": 1, ""override"": {""if_remote_enabled"": false, ""local_num_blocks"": 2}}",0,0981292ce8ebea1402a4c3a7a6655dfc1de42688c329bd5ea921541a0f1d16ed,65-128,query_pos-value_pos,8,123,cb64-r16-s123,0,completed,123,1024,4096,cb64-r16,flash,gd-cb64-r16-s123-d123-b64-ga4-fp32-noearly4ep,,local_only,cb64-r16-s123:local_only
,,,"{""layers"": {""layer_0"": {""after"": {""block_len"": 32, ""if_remote_enabled"": false, ""local_num_blocks"": 2}, ""before"": {""block_len"": 32, ""if_remote_enabled"": true, ""local_num_blocks"": 2}}}, ""num_flash_layers"": 1, ""override"": {""if_remote_enabled"": false, ""local_num_blocks"": 2}}",0,0981292ce8ebea1402a4c3a7a6655dfc1de42688c329bd5ea921541a0f1d16ed,129-256,query_pos-value_pos,8,123,cb64-r16-s123,0,completed,123,1024,4096,cb64-r16,flash,gd-cb64-r16-s123-d123-b64-ga4-fp32-noearly4ep,,local_only,cb64-r16-s123:local_only
0.0000000000,0.0000000000,0.0000000000,"{""layers"": {""layer_0"": {""after"": {""block_len"": 32, ""if_remote_enabled"": false, ""local_num_blocks"": 2}, ""before"": {""block_len"": 32, ""if_remote_enabled"": true, ""local_num_blocks"": 2}}}, ""num_flash_layers"": 1, ""override"": {""if_remote_enabled"": false, ""local_num_blocks"": 2}}",0,0981292ce8ebea1402a4c3a7a6655dfc1de42688c329bd5ea921541a0f1d16ed,257-512,query_pos-value_pos,8,123,cb64-r16-s123,9,completed,123,1024,4096,cb64-r16,flash,gd-cb64-r16-s123-d123-b64-ga4-fp32-noearly4ep,0.0000000000,local_only,cb64-r16-s123:local_only
0.0003845045,0.0007612464,0.0000077625,"{""layers"": {""layer_0"": {""after"": {""block_len"": 32, ""if_remote_enabled"": false, ""local_num_blocks"": 2}, ""before"": {""block_len"": 32, ""if_remote_enabled"": true, ""local_num_blocks"": 2}}}, ""num_flash_layers"": 1, ""override"": {""if_remote_enabled"": false, ""local_num_blocks"": 2}}",4,0981292ce8ebea1402a4c3a7a6655dfc1de42688c329bd5ea921541a0f1d16ed,513-1024,query_pos-value_pos,8,123,cb64-r16-s123,10403,completed,123,1024,4096,cb64-r16,flash,gd-cb64-r16-s123-d123-b64-ga4-fp32-noearly4ep,0.0001922153,local_only,cb64-r16-s123:local_only
0.0002214676,0.0002775004,0.0001654348,"{""layers"": {""layer_0"": {""after"": {""block_len"": 32, ""if_remote_enabled"": false, ""local_num_blocks"": 2}, ""before"": {""block_len"": 32, ""if_remote_enabled"": true, ""local_num_blocks"": 2}}}, ""num_flash_layers"": 1, ""override"": {""if_remote_enabled"": false, ""local_num_blocks"": 2}}",60,0981292ce8ebea1402a4c3a7a6655dfc1de42688c329bd5ea921541a0f1d16ed,1025-2048,query_pos-value_pos,8,123,cb64-r16-s123,270920,completed,123,1024,4096,cb64-r16,flash,gd-cb64-r16-s123-d123-b64-ga4-fp32-noearly4ep,0.0000285882,local_only,cb64-r16-s123:local_only
0.0002254322,0.0002866985,0.0001641660,"{""layers"": {""layer_0"": {""after"": {""block_len"": 32, ""if_remote_enabled"": false, ""local_num_blocks"": 2}, ""before"": {""block_len"": 32, ""if_remote_enabled"": true, ""local_num_blocks"": 2}}}, ""num_flash_layers"": 1, ""override"": {""if_remote_enabled"": false, ""local_num_blocks"": 2}}",52,0981292ce8ebea1402a4c3a7a6655dfc1de42688c329bd5ea921541a0f1d16ed,2049-4096,query_pos-value_pos,8,123,cb64-r16-s123,230668,completed,123,1024,4096,cb64-r16,flash,gd-cb64-r16-s123-d123-b64-ga4-fp32-noearly4ep,0.0000312583,local_only,cb64-r16-s123:local_only
,,,"{""layers"": {""layer_0"": {""after"": {""block_len"": 32, ""if_remote_enabled"": false, ""local_num_blocks"": 2}, ""before"": {""block_len"": 32, ""if_remote_enabled"": true, ""local_num_blocks"": 2}}}, ""num_flash_layers"": 1, ""override"": {""if_remote_enabled"": false, ""local_num_blocks"": 2}}",0,0981292ce8ebea1402a4c3a7a6655dfc1de42688c329bd5ea921541a0f1d16ed,>4096,query_pos-value_pos,8,123,cb64-r16-s123,0,completed,123,1024,4096,cb64-r16,flash,gd-cb64-r16-s123-d123-b64-ga4-fp32-noearly4ep,,local_only,cb64-r16-s123:local_only
,,,"{""layers"": {""layer_0"": {""after"": {""block_len"": 32, ""if_remote_enabled"": true, ""local_num_blocks"": 1}, ""before"": {""block_len"": 32, ""if_remote_enabled"": true, ""local_num_blocks"": 2}}}, ""num_flash_layers"": 1, ""override"": {""if_remote_enabled"": true, ""local_num_blocks"": 1}}",0,f30f1e09e1300deb2e0f430d7c50c47a77f58f43657aa4d6f425f938a91a9acb,<=32,query_pos-value_pos,8,123,cb64-r16-s123,0,completed,123,256,1024,cb64-r16,flash,gd-cb64-r16-s123-d123-b64-ga4-fp32-noearly4ep,,local1,cb64-r16-s123:local1
,,,"{""layers"": {""layer_0"": {""after"": {""block_len"": 32, ""if_remote_enabled"": true, ""local_num_blocks"": 1}, ""before"": {""block_len"": 32, ""if_remote_enabled"": true, ""local_num_blocks"": 2}}}, ""num_flash_layers"": 1, ""override"": {""if_remote_enabled"": true, ""local_num_blocks"": 1}}",0,f30f1e09e1300deb2e0f430d7c50c47a77f58f43657aa4d6f425f938a91a9acb,33-64,query_pos-value_pos,8,123,cb64-r16-s123,0,completed,123,256,1024,cb64-r16,flash,gd-cb64-r16-s123-d123-b64-ga4-fp32-noearly4ep,,local1,cb64-r16-s123:local1
0.5000000000,1.0000000000,0.0000000000,"{""layers"": {""layer_0"": {""after"": {""block_len"": 32, ""if_remote_enabled"": true, ""local_num_blocks"": 1}, ""before"": {""block_len"": 32, ""if_remote_enabled"": true, ""local_num_blocks"": 2}}}, ""num_flash_layers"": 1, ""override"": {""if_remote_enabled"": true, ""local_num_blocks"": 1}}",1,f30f1e09e1300deb2e0f430d7c50c47a77f58f43657aa4d6f425f938a91a9acb,65-128,query_pos-value_pos,8,123,cb64-r16-s123,2,completed,123,256,1024,cb64-r16,flash,gd-cb64-r16-s123-d123-b64-ga4-fp32-noearly4ep,0.3535533906,local1,cb64-r16-s123:local1
0.9582078313,0.9658184392,0.9505972234,"{""layers"": {""layer_0"": {""after"": {""block_len"": 32, ""if_remote_enabled"": true, ""local_num_blocks"": 1}, ""before"": {""block_len"": 32, ""if_remote_enabled"": true, ""local_num_blocks"": 2}}}, ""num_flash_layers"": 1, ""override"": {""if_remote_enabled"": true, ""local_num_blocks"": 1}}",2545,f30f1e09e1300deb2e0f430d7c50c47a77f58f43657aa4d6f425f938a91a9acb,129-256,query_pos-value_pos,8,123,cb64-r16-s123,2656,completed,123,256,1024,cb64-r16,flash,gd-cb64-r16-s123-d123-b64-ga4-fp32-noearly4ep,0.0038829632,local1,cb64-r16-s123:local1
0.9660447926,0.9674069630,0.9646826222,"{""layers"": {""layer_0"": {""after"": {""block_len"": 32, ""if_remote_enabled"": true, ""local_num_blocks"": 1}, ""before"": {""block_len"": 32, ""if_remote_enabled"": true, ""local_num_blocks"": 2}}}, ""num_flash_layers"": 1, ""override"": {""if_remote_enabled"": true, ""local_num_blocks"": 1}}",65607,f30f1e09e1300deb2e0f430d7c50c47a77f58f43657aa4d6f425f938a91a9acb,257-512,query_pos-value_pos,8,123,cb64-r16-s123,67913,completed,123,256,1024,cb64-r16,flash,gd-cb64-r16-s123-d123-b64-ga4-fp32-noearly4ep,0.0006949849,local1,cb64-r16-s123:local1
0.9723658779,0.9737065671,0.9710251886,"{""layers"": {""layer_0"": {""after"": {""block_len"": 32, ""if_remote_enabled"": true, ""local_num_blocks"": 1}, ""before"": {""block_len"": 32, ""if_remote_enabled"": true, ""local_num_blocks"": 2}}}, ""num_flash_layers"": 1, ""override"": {""if_remote_enabled"": true, ""local_num_blocks"": 1}}",55842,f30f1e09e1300deb2e0f430d7c50c47a77f58f43657aa4d6f425f938a91a9acb,513-1024,query_pos-value_pos,8,123,cb64-r16-s123,57429,completed,123,256,1024,cb64-r16,flash,gd-cb64-r16-s123-d123-b64-ga4-fp32-noearly4ep,0.0006840251,local1,cb64-r16-s123:local1
,,,"{""layers"": {""layer_0"": {""after"": {""block_len"": 32, ""if_remote_enabled"": true, ""local_num_blocks"": 1}, ""before"": {""block_len"": 32, ""if_remote_enabled"": true, ""local_num_blocks"": 2}}}, ""num_flash_layers"": 1, ""override"": {""if_remote_enabled"": true, ""local_num_blocks"": 1}}",0,f30f1e09e1300deb2e0f430d7c50c47a77f58f43657aa4d6f425f938a91a9acb,1025-2048,query_pos-value_pos,8,123,cb64-r16-s123,0,completed,123,256,1024,cb64-r16,flash,gd-cb64-r16-s123-d123-b64-ga4-fp32-noearly4ep,,local1,cb64-r16-s123:local1
,,,"{""layers"": {""layer_0"": {""after"": {""block_len"": 32, ""if_remote_enabled"": true, ""local_num_blocks"": 1}, ""before"": {""block_len"": 32, ""if_remote_enabled"": true, ""local_num_blocks"": 2}}}, ""num_flash_layers"": 1, ""override"": {""if_remote_enabled"": true, ""local_num_blocks"": 1}}",0,f30f1e09e1300deb2e0f430d7c50c47a77f58f43657aa4d6f425f938a91a9acb,2049-4096,query_pos-value_pos,8,123,cb64-r16-s123,0,completed,123,256,1024,cb64-r16,flash,gd-cb64-r16-s123-d123-b64-ga4-fp32-noearly4ep,,local1,cb64-r16-s123:local1
,,,"{""layers"": {""layer_0"": {""after"": {""block_len"": 32, ""if_remote_enabled"": true, ""local_num_blocks"": 1}, ""before"": {""block_len"": 32, ""if_remote_enabled"": true, ""local_num_blocks"": 2}}}, ""num_flash_layers"": 1, ""override"": {""if_remote_enabled"": true, ""local_num_blocks"": 1}}",0,f30f1e09e1300deb2e0f430d7c50c47a77f58f43657aa4d6f425f938a91a9acb,>4096,query_pos-value_pos,8,123,cb64-r16-s123,0,completed,123,256,1024,cb64-r16,flash,gd-cb64-r16-s123-d123-b64-ga4-fp32-noearly4ep,,local1,cb64-r16-s123:local1
,,,"{""layers"": {""layer_0"": {""after"": {""block_len"": 32, ""if_remote_enabled"": true, ""local_num_blocks"": 1}, ""before"": {""block_len"": 32, ""if_remote_enabled"": true, ""local_num_blocks"": 2}}}, ""num_flash_layers"": 1, ""override"": {""if_remote_enabled"": true, ""local_num_blocks"": 1}}",0,e446efc9f4dc774377c56c403a468c747870beb18ff0320f15df794dcb69f015,<=32,query_pos-value_pos,8,123,cb64-r16-s123,0,completed,123,512,2048,cb64-r16,flash,gd-cb64-r16-s123-d123-b64-ga4-fp32-noearly4ep,,local1,cb64-r16-s123:local1
,,,"{""layers"": {""layer_0"": {""after"": {""block_len"": 32, ""if_remote_enabled"": true, ""local_num_blocks"": 1}, ""before"": {""block_len"": 32, ""if_remote_enabled"": true, ""local_num_blocks"": 2}}}, ""num_flash_layers"": 1, ""override"": {""if_remote_enabled"": true, ""local_num_blocks"": 1}}",0,e446efc9f4dc774377c56c403a468c747870beb18ff0320f15df794dcb69f015,33-64,query_pos-value_pos,8,123,cb64-r16-s123,0,completed,123,512,2048,cb64-r16,flash,gd-cb64-r16-s123-d123-b64-ga4-fp32-noearly4ep,,local1,cb64-r16-s123:local1
,,,"{""layers"": {""layer_0"": {""after"": {""block_len"": 32, ""if_remote_enabled"": true, ""local_num_blocks"": 1}, ""before"": {""block_len"": 32, ""if_remote_enabled"": true, ""local_num_blocks"": 2}}}, ""num_flash_layers"": 1, ""override"": {""if_remote_enabled"": true, ""local_num_blocks"": 1}}",0,e446efc9f4dc774377c56c403a468c747870beb18ff0320f15df794dcb69f015,65-128,query_pos-value_pos,8,123,cb64-r16-s123,0,completed,123,512,2048,cb64-r16,flash,gd-cb64-r16-s123-d123-b64-ga4-fp32-noearly4ep,,local1,cb64-r16-s123:local1
1.0000000000,1.0000000000,1.0000000000,"{""layers"": {""layer_0"": {""after"": {""block_len"": 32, ""if_remote_enabled"": true, ""local_num_blocks"": 1}, ""before"": {""block_len"": 32, ""if_remote_enabled"": true, ""local_num_blocks"": 2}}}, ""num_flash_layers"": 1, ""override"": {""if_remote_enabled"": true, ""local_num_blocks"": 1}}",12,e446efc9f4dc774377c56c403a468c747870beb18ff0320f15df794dcb69f015,129-256,query_pos-value_pos,8,123,cb64-r16-s123,12,completed,123,512,2048,cb64-r16,flash,gd-cb64-r16-s123-d123-b64-ga4-fp32-noearly4ep,0.0000000000,local1,cb64-r16-s123:local1
0.7587760466,0.7702650337,0.7472870594,"{""layers"": {""layer_0"": {""after"": {""block_len"": 32, ""if_remote_enabled"": true, ""local_num_blocks"": 1}, ""before"": {""block_len"": 32, ""if_remote_enabled"": true, ""local_num_blocks"": 2}}}, ""num_flash_layers"": 1, ""override"": {""if_remote_enabled"": true, ""local_num_blocks"": 1}}",4042,e446efc9f4dc774377c56c403a468c747870beb18ff0320f15df794dcb69f015,257-512,query_pos-value_pos,8,123,cb64-r16-s123,5327,completed,123,512,2048,cb64-r16,flash,gd-cb64-r16-s123-d123-b64-ga4-fp32-noearly4ep,0.0058617281,local1,cb64-r16-s123:local1
0.8108576912,0.8129430709,0.8087723115,"{""layers"": {""layer_0"": {""after"": {""block_len"": 32, ""if_remote_enabled"": true, ""local_num_blocks"": 1}, ""before"": {""block_len"": 32, ""if_remote_enabled"": true, ""local_num_blocks"": 2}}}, ""num_flash_layers"": 1, ""override"": {""if_remote_enabled"": true, ""local_num_blocks"": 1}}",109855,e446efc9f4dc774377c56c403a468c747870beb18ff0320f15df794dcb69f015,513-1024,query_pos-value_pos,8,123,cb64-r16-s123,135480,completed,123,512,2048,cb64-r16,flash,gd-cb64-r16-s123-d123-b64-ga4-fp32-noearly4ep,0.0010639692,local1,cb64-r16-s123:local1
0.8341566751,0.8363046958,0.8320086544,"{""layers"": {""layer_0"": {""after"": {""block_len"": 32, ""if_remote_enabled"": true, ""local_num_blocks"": 1}, ""before"": {""block_len"": 32, ""if_remote_enabled"": true, ""local_num_blocks"": 2}}}, ""num_flash_layers"": 1, ""override"": {""if_remote_enabled"": true, ""local_num_blocks"": 1}}",96079,e446efc9f4dc774377c56c403a468c747870beb18ff0320f15df794dcb69f015,1025-2048,query_pos-value_pos,8,123,cb64-r16-s123,115181,completed,123,512,2048,cb64-r16,flash,gd-cb64-r16-s123-d123-b64-ga4-fp32-noearly4ep,0.0010959289,local1,cb64-r16-s123:local1
,,,"{""layers"": {""layer_0"": {""after"": {""block_len"": 32, ""if_remote_enabled"": true, ""local_num_blocks"": 1}, ""before"": {""block_len"": 32, ""if_remote_enabled"": true, ""local_num_blocks"": 2}}}, ""num_flash_layers"": 1, ""override"": {""if_remote_enabled"": true, ""local_num_blocks"": 1}}",0,e446efc9f4dc774377c56c403a468c747870beb18ff0320f15df794dcb69f015,2049-4096,query_pos-value_pos,8,123,cb64-r16-s123,0,completed,123,512,2048,cb64-r16,flash,gd-cb64-r16-s123-d123-b64-ga4-fp32-noearly4ep,,local1,cb64-r16-s123:local1
,,,"{""layers"": {""layer_0"": {""after"": {""block_len"": 32, ""if_remote_enabled"": true, ""local_num_blocks"": 1}, ""before"": {""block_len"": 32, ""if_remote_enabled"": true, ""local_num_blocks"": 2}}}, ""num_flash_layers"": 1, ""override"": {""if_remote_enabled"": true, ""local_num_blocks"": 1}}",0,e446efc9f4dc774377c56c403a468c747870beb18ff0320f15df794dcb69f015,>4096,query_pos-value_pos,8,123,cb64-r16-s123,0,completed,123,512,2048,cb64-r16,flash,gd-cb64-r16-s123-d123-b64-ga4-fp32-noearly4ep,,local1,cb64-r16-s123:local1
,,,"{""layers"": {""layer_0"": {""after"": {""block_len"": 32, ""if_remote_enabled"": true, ""local_num_blocks"": 1}, ""before"": {""block_len"": 32, ""if_remote_enabled"": true, ""local_num_blocks"": 2}}}, ""num_flash_layers"": 1, ""override"": {""if_remote_enabled"": true, ""local_num_blocks"": 1}}",0,c0d72f24f32e8afcd192453a15113cee60455375a8563fbf8b3cfd3ba191f68f,<=32,query_pos-value_pos,8,123,cb64-r16-s123,0,completed,123,512,4096,cb64-r16,flash,gd-cb64-r16-s123-d123-b64-ga4-fp32-noearly4ep,,local1,cb64-r16-s123:local1
0.0000000000,0.0000000000,0.0000000000,"{""layers"": {""layer_0"": {""after"": {""block_len"": 32, ""if_remote_enabled"": true, ""local_num_blocks"": 1}, ""before"": {""block_len"": 32, ""if_remote_enabled"": true, ""local_num_blocks"": 2}}}, ""num_flash_layers"": 1, ""override"": {""if_remote_enabled"": true, ""local_num_blocks"": 1}}",0,c0d72f24f32e8afcd192453a15113cee60455375a8563fbf8b3cfd3ba191f68f,33-64,query_pos-value_pos,8,123,cb64-r16-s123,1,completed,123,512,4096,cb64-r16,flash,gd-cb64-r16-s123-d123-b64-ga4-fp32-noearly4ep,0.0000000000,local1,cb64-r16-s123:local1
0.7021276596,0.8328742199,0.5713810993,"{""layers"": {""layer_0"": {""after"": {""block_len"": 32, ""if_remote_enabled"": true, ""local_num_blocks"": 1}, ""before"": {""block_len"": 32, ""if_remote_enabled"": true, ""local_num_blocks"": 2}}}, ""num_flash_layers"": 1, ""override"": {""if_remote_enabled"": true, ""local_num_blocks"": 1}}",33,c0d72f24f32e8afcd192453a15113cee60455375a8563fbf8b3cfd3ba191f68f,65-128,query_pos-value_pos,8,123,cb64-r16-s123,47,completed,123,512,4096,cb64-r16,flash,gd-cb64-r16-s123-d123-b64-ga4-fp32-noearly4ep,0.0667074287,local1,cb64-r16-s123:local1
0.7760942761,0.7997991522,0.7523894000,"{""layers"": {""layer_0"": {""after"": {""block_len"": 32, ""if_remote_enabled"": true, ""local_num_blocks"": 1}, ""before"": {""block_len"": 32, ""if_remote_enabled"": true, ""local_num_blocks"": 2}}}, ""num_flash_layers"": 1, ""override"": {""if_remote_enabled"": true, ""local_num_blocks"": 1}}",922,c0d72f24f32e8afcd192453a15113cee60455375a8563fbf8b3cfd3ba191f68f,129-256,query_pos-value_pos,8,123,cb64-r16-s123,1188,completed,123,512,4096,cb64-r16,flash,gd-cb64-r16-s123-d123-b64-ga4-fp32-noearly4ep,0.0120943245,local1,cb64-r16-s123:local1
0.7769975165,0.7845476581,0.7694473749,"{""layers"": {""layer_0"": {""after"": {""block_len"": 32, ""if_remote_enabled"": true, ""local_num_blocks"": 1}, ""before"": {""block_len"": 32, ""if_remote_enabled"": true, ""local_num_blocks"": 2}}}, ""num_flash_layers"": 1, ""override"": {""if_remote_enabled"": true, ""local_num_blocks"": 1}}",9073,c0d72f24f32e8afcd192453a15113cee60455375a8563fbf8b3cfd3ba191f68f,257-512,query_pos-value_pos,8,123,cb64-r16-s123,11677,completed,123,512,4096,cb64-r16,flash,gd-cb64-r16-s123-d123-b64-ga4-fp32-noearly4ep,0.0038521131,local1,cb64-r16-s123:local1
0.8334568725,0.8360235027,0.8308902423,"{""layers"": {""layer_0"": {""after"": {""block_len"": 32, ""if_remote_enabled"": true, ""local_num_blocks"": 1}, ""before"": {""block_len"": 32, ""if_remote_enabled"": true, ""local_num_blocks"": 2}}}, ""num_flash_layers"": 1, ""override"": {""if_remote_enabled"": true, ""local_num_blocks"": 1}}",67465,c0d72f24f32e8afcd192453a15113cee60455375a8563fbf8b3cfd3ba191f68f,513-1024,query_pos-value_pos,8,123,cb64-r16-s123,80946,completed,123,512,4096,cb64-r16,flash,gd-cb64-r16-s123-d123-b64-ga4-fp32-noearly4ep,0.0013095052,local1,cb64-r16-s123:local1
0.7968285530,0.7993151376,0.7943419684,"{""layers"": {""layer_0"": {""after"": {""block_len"": 32, ""if_remote_enabled"": true, ""local_num_blocks"": 1}, ""before"": {""block_len"": 32, ""if_remote_enabled"": true, ""local_num_blocks"": 2}}}, ""num_flash_layers"": 1, ""override"": {""if_remote_enabled"": true, ""local_num_blocks"": 1}}",80149,c0d72f24f32e8afcd192453a15113cee60455375a8563fbf8b3cfd3ba191f68f,1025-2048,query_pos-value_pos,8,123,cb64-r16-s123,100585,completed,123,512,4096,cb64-r16,flash,gd-cb64-r16-s123-d123-b64-ga4-fp32-noearly4ep,0.0012686656,local1,cb64-r16-s123:local1
0.6737442329,0.6774480327,0.6700404331,"{""layers"": {""layer_0"": {""after"": {""block_len"": 32, ""if_remote_enabled"": true, ""local_num_blocks"": 1}, ""before"": {""block_len"": 32, ""if_remote_enabled"": true, ""local_num_blocks"": 2}}}, ""num_flash_layers"": 1, ""override"": {""if_remote_enabled"": true, ""local_num_blocks"": 1}}",41473,c0d72f24f32e8afcd192453a15113cee60455375a8563fbf8b3cfd3ba191f68f,2049-4096,query_pos-value_pos,8,123,cb64-r16-s123,61556,completed,123,512,4096,cb64-r16,flash,gd-cb64-r16-s123-d123-b64-ga4-fp32-noearly4ep,0.0018896938,local1,cb64-r16-s123:local1
,,,"{""layers"": {""layer_0"": {""after"": {""block_len"": 32, ""if_remote_enabled"": true, ""local_num_blocks"": 1}, ""before"": {""block_len"": 32, ""if_remote_enabled"": true, ""local_num_blocks"": 2}}}, ""num_flash_layers"": 1, ""override"": {""if_remote_enabled"": true, ""local_num_blocks"": 1}}",0,c0d72f24f32e8afcd192453a15113cee60455375a8563fbf8b3cfd3ba191f68f,>4096,query_pos-value_pos,8,123,cb64-r16-s123,0,completed,123,512,4096,cb64-r16,flash,gd-cb64-r16-s123-d123-b64-ga4-fp32-noearly4ep,,local1,cb64-r16-s123:local1
,,,"{""layers"": {""layer_0"": {""after"": {""block_len"": 32, ""if_remote_enabled"": true, ""local_num_blocks"": 1}, ""before"": {""block_len"": 32, ""if_remote_enabled"": true, ""local_num_blocks"": 2}}}, ""num_flash_layers"": 1, ""override"": {""if_remote_enabled"": true, ""local_num_blocks"": 1}}",0,0981292ce8ebea1402a4c3a7a6655dfc1de42688c329bd5ea921541a0f1d16ed,<=32,query_pos-value_pos,8,123,cb64-r16-s123,0,completed,123,1024,4096,cb64-r16,flash,gd-cb64-r16-s123-d123-b64-ga4-fp32-noearly4ep,,local1,cb64-r16-s123:local1
,,,"{""layers"": {""layer_0"": {""after"": {""block_len"": 32, ""if_remote_enabled"": true, ""local_num_blocks"": 1}, ""before"": {""block_len"": 32, ""if_remote_enabled"": true, ""local_num_blocks"": 2}}}, ""num_flash_layers"": 1, ""override"": {""if_remote_enabled"": true, ""local_num_blocks"": 1}}",0,0981292ce8ebea1402a4c3a7a6655dfc1de42688c329bd5ea921541a0f1d16ed,33-64,query_pos-value_pos,8,123,cb64-r16-s123,0,completed,123,1024,4096,cb64-r16,flash,gd-cb64-r16-s123-d123-b64-ga4-fp32-noearly4ep,,local1,cb64-r16-s123:local1
,,,"{""layers"": {""layer_0"": {""after"": {""block_len"": 32, ""if_remote_enabled"": true, ""local_num_blocks"": 1}, ""before"": {""block_len"": 32, ""if_remote_enabled"": true, ""local_num_blocks"": 2}}}, ""num_flash_layers"": 1, ""override"": {""if_remote_enabled"": true, ""local_num_blocks"": 1}}",0,0981292ce8ebea1402a4c3a7a6655dfc1de42688c329bd5ea921541a0f1d16ed,65-128,query_pos-value_pos,8,123,cb64-r16-s123,0,completed,123,1024,4096,cb64-r16,flash,gd-cb64-r16-s123-d123-b64-ga4-fp32-noearly4ep,,local1,cb64-r16-s123:local1
,,,"{""layers"": {""layer_0"": {""after"": {""block_len"": 32, ""if_remote_enabled"": true, ""local_num_blocks"": 1}, ""before"": {""block_len"": 32, ""if_remote_enabled"": true, ""local_num_blocks"": 2}}}, ""num_flash_layers"": 1, ""override"": {""if_remote_enabled"": true, ""local_num_blocks"": 1}}",0,0981292ce8ebea1402a4c3a7a6655dfc1de42688c329bd5ea921541a0f1d16ed,129-256,query_pos-value_pos,8,123,cb64-r16-s123,0,completed,123,1024,4096,cb64-r16,flash,gd-cb64-r16-s123-d123-b64-ga4-fp32-noearly4ep,,local1,cb64-r16-s123:local1
0.2222222222,0.4938388325,0.0000000000,"{""layers"": {""layer_0"": {""after"": {""block_len"": 32, ""if_remote_enabled"": true, ""local_num_blocks"": 1}, ""before"": {""block_len"": 32, ""if_remote_enabled"": true, ""local_num_blocks"": 2}}}, ""num_flash_layers"": 1, ""override"": {""if_remote_enabled"": true, ""local_num_blocks"": 1}}",2,0981292ce8ebea1402a4c3a7a6655dfc1de42688c329bd5ea921541a0f1d16ed,257-512,query_pos-value_pos,8,123,cb64-r16-s123,9,completed,123,1024,4096,cb64-r16,flash,gd-cb64-r16-s123-d123-b64-ga4-fp32-noearly4ep,0.1385799032,local1,cb64-r16-s123:local1
0.3986350091,0.4080437945,0.3892262238,"{""layers"": {""layer_0"": {""after"": {""block_len"": 32, ""if_remote_enabled"": true, ""local_num_blocks"": 1}, ""before"": {""block_len"": 32, ""if_remote_enabled"": true, ""local_num_blocks"": 2}}}, ""num_flash_layers"": 1, ""override"": {""if_remote_enabled"": true, ""local_num_blocks"": 1}}",4147,0981292ce8ebea1402a4c3a7a6655dfc1de42688c329bd5ea921541a0f1d16ed,513-1024,query_pos-value_pos,8,123,cb64-r16-s123,10403,completed,123,1024,4096,cb64-r16,flash,gd-cb64-r16-s123-d123-b64-ga4-fp32-noearly4ep,0.0048004007,local1,cb64-r16-s123:local1
0.4531005463,0.4549750512,0.4512260414,"{""layers"": {""layer_0"": {""after"": {""block_len"": 32, ""if_remote_enabled"": true, ""local_num_blocks"": 1}, ""before"": {""block_len"": 32, ""if_remote_enabled"": true, ""local_num_blocks"": 2}}}, ""num_flash_layers"": 1, ""override"": {""if_remote_enabled"": true, ""local_num_blocks"": 1}}",122754,0981292ce8ebea1402a4c3a7a6655dfc1de42688c329bd5ea921541a0f1d16ed,1025-2048,query_pos-value_pos,8,123,cb64-r16-s123,270920,completed,123,1024,4096,cb64-r16,flash,gd-cb64-r16-s123-d123-b64-ga4-fp32-noearly4ep,0.0009563800,local1,cb64-r16-s123:local1
0.4862876515,0.4883273643,0.4842479387,"{""layers"": {""layer_0"": {""after"": {""block_len"": 32, ""if_remote_enabled"": true, ""local_num_blocks"": 1}, ""before"": {""block_len"": 32, ""if_remote_enabled"": true, ""local_num_blocks"": 2}}}, ""num_flash_layers"": 1, ""override"": {""if_remote_enabled"": true, ""local_num_blocks"": 1}}",112171,0981292ce8ebea1402a4c3a7a6655dfc1de42688c329bd5ea921541a0f1d16ed,2049-4096,query_pos-value_pos,8,123,cb64-r16-s123,230668,completed,123,1024,4096,cb64-r16,flash,gd-cb64-r16-s123-d123-b64-ga4-fp32-noearly4ep,0.0010406698,local1,cb64-r16-s123:local1
,,,"{""layers"": {""layer_0"": {""after"": {""block_len"": 32, ""if_remote_enabled"": true, ""local_num_blocks"": 1}, ""before"": {""block_len"": 32, ""if_remote_enabled"": true, ""local_num_blocks"": 2}}}, ""num_flash_layers"": 1, ""override"": {""if_remote_enabled"": true, ""local_num_blocks"": 1}}",0,0981292ce8ebea1402a4c3a7a6655dfc1de42688c329bd5ea921541a0f1d16ed,>4096,query_pos-value_pos,8,123,cb64-r16-s123,0,completed,123,1024,4096,cb64-r16,flash,gd-cb64-r16-s123-d123-b64-ga4-fp32-noearly4ep,,local1,cb64-r16-s123:local1
,,,"{""layers"": {""layer_0"": {""after"": {""block_len"": 32, ""if_remote_enabled"": true, ""local_num_blocks"": 4}, ""before"": {""block_len"": 32, ""if_remote_enabled"": true, ""local_num_blocks"": 2}}}, ""num_flash_layers"": 1, ""override"": {""if_remote_enabled"": true, ""local_num_blocks"": 4}}",0,f30f1e09e1300deb2e0f430d7c50c47a77f58f43657aa4d6f425f938a91a9acb,<=32,query_pos-value_pos,8,123,cb64-r16-s123,0,completed,123,256,1024,cb64-r16,flash,gd-cb64-r16-s123-d123-b64-ga4-fp32-noearly4ep,,local4,cb64-r16-s123:local4
,,,"{""layers"": {""layer_0"": {""after"": {""block_len"": 32, ""if_remote_enabled"": true, ""local_num_blocks"": 4}, ""before"": {""block_len"": 32, ""if_remote_enabled"": true, ""local_num_blocks"": 2}}}, ""num_flash_layers"": 1, ""override"": {""if_remote_enabled"": true, ""local_num_blocks"": 4}}",0,f30f1e09e1300deb2e0f430d7c50c47a77f58f43657aa4d6f425f938a91a9acb,33-64,query_pos-value_pos,8,123,cb64-r16-s123,0,completed,123,256,1024,cb64-r16,flash,gd-cb64-r16-s123-d123-b64-ga4-fp32-noearly4ep,,local4,cb64-r16-s123:local4
0.5000000000,1.0000000000,0.0000000000,"{""layers"": {""layer_0"": {""after"": {""block_len"": 32, ""if_remote_enabled"": true, ""local_num_blocks"": 4}, ""before"": {""block_len"": 32, ""if_remote_enabled"": true, ""local_num_blocks"": 2}}}, ""num_flash_layers"": 1, ""override"": {""if_remote_enabled"": true, ""local_num_blocks"": 4}}",1,f30f1e09e1300deb2e0f430d7c50c47a77f58f43657aa4d6f425f938a91a9acb,65-128,query_pos-value_pos,8,123,cb64-r16-s123,2,completed,123,256,1024,cb64-r16,flash,gd-cb64-r16-s123-d123-b64-ga4-fp32-noearly4ep,0.3535533906,local4,cb64-r16-s123:local4
0.9664909639,0.9733351514,0.9596467763,"{""layers"": {""layer_0"": {""after"": {""block_len"": 32, ""if_remote_enabled"": true, ""local_num_blocks"": 4}, ""before"": {""block_len"": 32, ""if_remote_enabled"": true, ""local_num_blocks"": 2}}}, ""num_flash_layers"": 1, ""override"": {""if_remote_enabled"": true, ""local_num_blocks"": 4}}",2567,f30f1e09e1300deb2e0f430d7c50c47a77f58f43657aa4d6f425f938a91a9acb,129-256,query_pos-value_pos,8,123,cb64-r16-s123,2656,completed,123,256,1024,cb64-r16,flash,gd-cb64-r16-s123-d123-b64-ga4-fp32-noearly4ep,0.0034919324,local4,cb64-r16-s123:local4
0.9697995965,0.9710867401,0.9685124530,"{""layers"": {""layer_0"": {""after"": {""block_len"": 32, ""if_remote_enabled"": true, ""local_num_blocks"": 4}, ""before"": {""block_len"": 32, ""if_remote_enabled"": true, ""local_num_blocks"": 2}}}, ""num_flash_layers"": 1, ""override"": {""if_remote_enabled"": true, ""local_num_blocks"": 4}}",65862,f30f1e09e1300deb2e0f430d7c50c47a77f58f43657aa4d6f425f938a91a9acb,257-512,query_pos-value_pos,8,123,cb64-r16-s123,67913,completed,123,256,1024,cb64-r16,flash,gd-cb64-r16-s123-d123-b64-ga4-fp32-noearly4ep,0.0006567059,local4,cb64-r16-s123:local4
0.9753608804,0.9766287824,0.9740929783,"{""layers"": {""layer_0"": {""after"": {""block_len"": 32, ""if_remote_enabled"": true, ""local_num_blocks"": 4}, ""before"": {""block_len"": 32, ""if_remote_enabled"": true, ""local_num_blocks"": 2}}}, ""num_flash_layers"": 1, ""override"": {""if_remote_enabled"": true, ""local_num_blocks"": 4}}",56014,f30f1e09e1300deb2e0f430d7c50c47a77f58f43657aa4d6f425f938a91a9acb,513-1024,query_pos-value_pos,8,123,cb64-r16-s123,57429,completed,123,256,1024,cb64-r16,flash,gd-cb64-r16-s123-d123-b64-ga4-fp32-noearly4ep,0.0006468888,local4,cb64-r16-s123:local4
,,,"{""layers"": {""layer_0"": {""after"": {""block_len"": 32, ""if_remote_enabled"": true, ""local_num_blocks"": 4}, ""before"": {""block_len"": 32, ""if_remote_enabled"": true, ""local_num_blocks"": 2}}}, ""num_flash_layers"": 1, ""override"": {""if_remote_enabled"": true, ""local_num_blocks"": 4}}",0,f30f1e09e1300deb2e0f430d7c50c47a77f58f43657aa4d6f425f938a91a9acb,1025-2048,query_pos-value_pos,8,123,cb64-r16-s123,0,completed,123,256,1024,cb64-r16,flash,gd-cb64-r16-s123-d123-b64-ga4-fp32-noearly4ep,,local4,cb64-r16-s123:local4
,,,"{""layers"": {""layer_0"": {""after"": {""block_len"": 32, ""if_remote_enabled"": true, ""local_num_blocks"": 4}, ""before"": {""block_len"": 32, ""if_remote_enabled"": true, ""local_num_blocks"": 2}}}, ""num_flash_layers"": 1, ""override"": {""if_remote_enabled"": true, ""local_num_blocks"": 4}}",0,f30f1e09e1300deb2e0f430d7c50c47a77f58f43657aa4d6f425f938a91a9acb,2049-4096,query_pos-value_pos,8,123,cb64-r16-s123,0,completed,123,256,1024,cb64-r16,flash,gd-cb64-r16-s123-d123-b64-ga4-fp32-noearly4ep,,local4,cb64-r16-s123:local4
,,,"{""layers"": {""layer_0"": {""after"": {""block_len"": 32, ""if_remote_enabled"": true, ""local_num_blocks"": 4}, ""before"": {""block_len"": 32, ""if_remote_enabled"": true, ""local_num_blocks"": 2}}}, ""num_flash_layers"": 1, ""override"": {""if_remote_enabled"": true, ""local_num_blocks"": 4}}",0,f30f1e09e1300deb2e0f430d7c50c47a77f58f43657aa4d6f425f938a91a9acb,>4096,query_pos-value_pos,8,123,cb64-r16-s123,0,completed,123,256,1024,cb64-r16,flash,gd-cb64-r16-s123-d123-b64-ga4-fp32-noearly4ep,,local4,cb64-r16-s123:local4
,,,"{""layers"": {""layer_0"": {""after"": {""block_len"": 32, ""if_remote_enabled"": true, ""local_num_blocks"": 4}, ""before"": {""block_len"": 32, ""if_remote_enabled"": true, ""local_num_blocks"": 2}}}, ""num_flash_layers"": 1, ""override"": {""if_remote_enabled"": true, ""local_num_blocks"": 4}}",0,e446efc9f4dc774377c56c403a468c747870beb18ff0320f15df794dcb69f015,<=32,query_pos-value_pos,8,123,cb64-r16-s123,0,completed,123,512,2048,cb64-r16,flash,gd-cb64-r16-s123-d123-b64-ga4-fp32-noearly4ep,,local4,cb64-r16-s123:local4
,,,"{""layers"": {""layer_0"": {""after"": {""block_len"": 32, ""if_remote_enabled"": true, ""local_num_blocks"": 4}, ""before"": {""block_len"": 32, ""if_remote_enabled"": true, ""local_num_blocks"": 2}}}, ""num_flash_layers"": 1, ""override"": {""if_remote_enabled"": true, ""local_num_blocks"": 4}}",0,e446efc9f4dc774377c56c403a468c747870beb18ff0320f15df794dcb69f015,33-64,query_pos-value_pos,8,123,cb64-r16-s123,0,completed,123,512,2048,cb64-r16,flash,gd-cb64-r16-s123-d123-b64-ga4-fp32-noearly4ep,,local4,cb64-r16-s123:local4
,,,"{""layers"": {""layer_0"": {""after"": {""block_len"": 32, ""if_remote_enabled"": true, ""local_num_blocks"": 4}, ""before"": {""block_len"": 32, ""if_remote_enabled"": true, ""local_num_blocks"": 2}}}, ""num_flash_layers"": 1, ""override"": {""if_remote_enabled"": true, ""local_num_blocks"": 4}}",0,e446efc9f4dc774377c56c403a468c747870beb18ff0320f15df794dcb69f015,65-128,query_pos-value_pos,8,123,cb64-r16-s123,0,completed,123,512,2048,cb64-r16,flash,gd-cb64-r16-s123-d123-b64-ga4-fp32-noearly4ep,,local4,cb64-r16-s123:local4
1.0000000000,1.0000000000,1.0000000000,"{""layers"": {""layer_0"": {""after"": {""block_len"": 32, ""if_remote_enabled"": true, ""local_num_blocks"": 4}, ""before"": {""block_len"": 32, ""if_remote_enabled"": true, ""local_num_blocks"": 2}}}, ""num_flash_layers"": 1, ""override"": {""if_remote_enabled"": true, ""local_num_blocks"": 4}}",12,e446efc9f4dc774377c56c403a468c747870beb18ff0320f15df794dcb69f015,129-256,query_pos-value_pos,8,123,cb64-r16-s123,12,completed,123,512,2048,cb64-r16,flash,gd-cb64-r16-s123-d123-b64-ga4-fp32-noearly4ep,0.0000000000,local4,cb64-r16-s123:local4
0.7675990238,0.7789413179,0.7562567297,"{""layers"": {""layer_0"": {""after"": {""block_len"": 32, ""if_remote_enabled"": true, ""local_num_blocks"": 4}, ""before"": {""block_len"": 32, ""if_remote_enabled"": true, ""local_num_blocks"": 2}}}, ""num_flash_layers"": 1, ""override"": {""if_remote_enabled"": true, ""local_num_blocks"": 4}}",4089,e446efc9f4dc774377c56c403a468c747870beb18ff0320f15df794dcb69f015,257-512,query_pos-value_pos,8,123,cb64-r16-s123,5327,completed,123,512,2048,cb64-r16,flash,gd-cb64-r16-s123-d123-b64-ga4-fp32-noearly4ep,0.0057868847,local4,cb64-r16-s123:local4
0.8186595807,0.8207112978,0.8166078637,"{""layers"": {""layer_0"": {""after"": {""block_len"": 32, ""if_remote_enabled"": true, ""local_num_blocks"": 4}, ""before"": {""block_len"": 32, ""if_remote_enabled"": true, ""local_num_blocks"": 2}}}, ""num_flash_layers"": 1, ""override"": {""if_remote_enabled"": true, ""local_num_blocks"": 4}}",110912,e446efc9f4dc774377c56c403a468c747870beb18ff0320f15df794dcb69f015,513-1024,query_pos-value_pos,8,123,cb64-r16-s123,135480,completed,123,512,2048,cb64-r16,flash,gd-cb64-r16-s123-d123-b64-ga4-fp32-noearly4ep,0.0010467944,local4,cb64-r16-s123:local4
0.8411022651,0.8432135601,0.8389909702,"{""layers"": {""layer_0"": {""after"": {""block_len"": 32, ""if_remote_enabled"": true, ""local_num_blocks"": 4}, ""before"": {""block_len"": 32, ""if_remote_enabled"": true, ""local_num_blocks"": 2}}}, ""num_flash_layers"": 1, ""override"": {""if_remote_enabled"": true, ""local_num_blocks"": 4}}",96879,e446efc9f4dc774377c56c403a468c747870beb18ff0320f15df794dcb69f015,1025-2048,query_pos-value_pos,8,123,cb64-r16-s123,115181,completed,123,512,2048,cb64-r16,flash,gd-cb64-r16-s123-d123-b64-ga4-fp32-noearly4ep,0.0010771913,local4,cb64-r16-s123:local4
,,,"{""layers"": {""layer_0"": {""after"": {""block_len"": 32, ""if_remote_enabled"": true, ""local_num_blocks"": 4}, ""before"": {""block_len"": 32, ""if_remote_enabled"": true, ""local_num_blocks"": 2}}}, ""num_flash_layers"": 1, ""override"": {""if_remote_enabled"": true, ""local_num_blocks"": 4}}",0,e446efc9f4dc774377c56c403a468c747870beb18ff0320f15df794dcb69f015,2049-4096,query_pos-value_pos,8,123,cb64-r16-s123,0,completed,123,512,2048,cb64-r16,flash,gd-cb64-r16-s123-d123-b64-ga4-fp32-noearly4ep,,local4,cb64-r16-s123:local4
,,,"{""layers"": {""layer_0"": {""after"": {""block_len"": 32, ""if_remote_enabled"": true, ""local_num_blocks"": 4}, ""before"": {""block_len"": 32, ""if_remote_enabled"": true, ""local_num_blocks"": 2}}}, ""num_flash_layers"": 1, ""override"": {""if_remote_enabled"": true, ""local_num_blocks"": 4}}",0,e446efc9f4dc774377c56c403a468c747870beb18ff0320f15df794dcb69f015,>4096,query_pos-value_pos,8,123,cb64-r16-s123,0,completed,123,512,2048,cb64-r16,flash,gd-cb64-r16-s123-d123-b64-ga4-fp32-noearly4ep,,local4,cb64-r16-s123:local4
,,,"{""layers"": {""layer_0"": {""after"": {""block_len"": 32, ""if_remote_enabled"": true, ""local_num_blocks"": 4}, ""before"": {""block_len"": 32, ""if_remote_enabled"": true, ""local_num_blocks"": 2}}}, ""num_flash_layers"": 1, ""override"": {""if_remote_enabled"": true, ""local_num_blocks"": 4}}",0,c0d72f24f32e8afcd192453a15113cee60455375a8563fbf8b3cfd3ba191f68f,<=32,query_pos-value_pos,8,123,cb64-r16-s123,0,completed,123,512,4096,cb64-r16,flash,gd-cb64-r16-s123-d123-b64-ga4-fp32-noearly4ep,,local4,cb64-r16-s123:local4
0.0000000000,0.0000000000,0.0000000000,"{""layers"": {""layer_0"": {""after"": {""block_len"": 32, ""if_remote_enabled"": true, ""local_num_blocks"": 4}, ""before"": {""block_len"": 32, ""if_remote_enabled"": true, ""local_num_blocks"": 2}}}, ""num_flash_layers"": 1, ""override"": {""if_remote_enabled"": true, ""local_num_blocks"": 4}}",0,c0d72f24f32e8afcd192453a15113cee60455375a8563fbf8b3cfd3ba191f68f,33-64,query_pos-value_pos,8,123,cb64-r16-s123,1,completed,123,512,4096,cb64-r16,flash,gd-cb64-r16-s123-d123-b64-ga4-fp32-noearly4ep,0.0000000000,local4,cb64-r16-s123:local4
0.4893617021,0.6322770344,0.3464463699,"{""layers"": {""layer_0"": {""after"": {""block_len"": 32, ""if_remote_enabled"": true, ""local_num_blocks"": 4}, ""before"": {""block_len"": 32, ""if_remote_enabled"": true, ""local_num_blocks"": 2}}}, ""num_flash_layers"": 1, ""override"": {""if_remote_enabled"": true, ""local_num_blocks"": 4}}",23,c0d72f24f32e8afcd192453a15113cee60455375a8563fbf8b3cfd3ba191f68f,65-128,query_pos-value_pos,8,123,cb64-r16-s123,47,completed,123,512,4096,cb64-r16,flash,gd-cb64-r16-s123-d123-b64-ga4-fp32-noearly4ep,0.0729159858,local4,cb64-r16-s123:local4
0.7946127946,0.8175855094,0.7716400798,"{""layers"": {""layer_0"": {""after"": {""block_len"": 32, ""if_remote_enabled"": true, ""local_num_blocks"": 4}, ""before"": {""block_len"": 32, ""if_remote_enabled"": true, ""local_num_blocks"": 2}}}, ""num_flash_layers"": 1, ""override"": {""if_remote_enabled"": true, ""local_num_blocks"": 4}}",944,c0d72f24f32e8afcd192453a15113cee60455375a8563fbf8b3cfd3ba191f68f,129-256,query_pos-value_pos,8,123,cb64-r16-s123,1188,completed,123,512,4096,cb64-r16,flash,gd-cb64-r16-s123-d123-b64-ga4-fp32-noearly4ep,0.0117207729,local4,cb64-r16-s123:local4
0.7875310439,0.7949504991,0.7801115888,"{""layers"": {""layer_0"": {""after"": {""block_len"": 32, ""if_remote_enabled"": true, ""local_num_blocks"": 4}, ""before"": {""block_len"": 32, ""if_remote_enabled"": true, ""local_num_blocks"": 2}}}, ""num_flash_layers"": 1, ""override"": {""if_remote_enabled"": true, ""local_num_blocks"": 4}}",9196,c0d72f24f32e8afcd192453a15113cee60455375a8563fbf8b3cfd3ba191f68f,257-512,query_pos-value_pos,8,123,cb64-r16-s123,11677,completed,123,512,4096,cb64-r16,flash,gd-cb64-r16-s123-d123-b64-ga4-fp32-noearly4ep,0.0037854363,local4,cb64-r16-s123:local4
0.8425493539,0.8450585134,0.8400401944,"{""layers"": {""layer_0"": {""after"": {""block_len"": 32, ""if_remote_enabled"": true, ""local_num_blocks"": 4}, ""before"": {""block_len"": 32, ""if_remote_enabled"": true, ""local_num_blocks"": 2}}}, ""num_flash_layers"": 1, ""override"": {""if_remote_enabled"": true, ""local_num_blocks"": 4}}",68201,c0d72f24f32e8afcd192453a15113cee60455375a8563fbf8b3cfd3ba191f68f,513-1024,query_pos-value_pos,8,123,cb64-r16-s123,80946,completed,123,512,4096,cb64-r16,flash,gd-cb64-r16-s123-d123-b64-ga4-fp32-noearly4ep,0.0012801834,local4,cb64-r16-s123:local4
0.8042749913,0.8067269599,0.8018230227,"{""layers"": {""layer_0"": {""after"": {""block_len"": 32, ""if_remote_enabled"": true, ""local_num_blocks"": 4}, ""before"": {""block_len"": 32, ""if_remote_enabled"": true, ""local_num_blocks"": 2}}}, ""num_flash_layers"": 1, ""override"": {""if_remote_enabled"": true, ""local_num_blocks"": 4}}",80898,c0d72f24f32e8afcd192453a15113cee60455375a8563fbf8b3cfd3ba191f68f,1025-2048,query_pos-value_pos,8,123,cb64-r16-s123,100585,completed,123,512,4096,cb64-r16,flash,gd-cb64-r16-s123-d123-b64-ga4-fp32-noearly4ep,0.0012510044,local4,cb64-r16-s123:local4
0.6806160244,0.6842992517,0.6769327971,"{""layers"": {""layer_0"": {""after"": {""block_len"": 32, ""if_remote_enabled"": true, ""local_num_blocks"": 4}, ""before"": {""block_len"": 32, ""if_remote_enabled"": true, ""local_num_blocks"": 2}}}, ""num_flash_layers"": 1, ""override"": {""if_remote_enabled"": true, ""local_num_blocks"": 4}}",41896,c0d72f24f32e8afcd192453a15113cee60455375a8563fbf8b3cfd3ba191f68f,2049-4096,query_pos-value_pos,8,123,cb64-r16-s123,61556,completed,123,512,4096,cb64-r16,flash,gd-cb64-r16-s123-d123-b64-ga4-fp32-noearly4ep,0.0018791976,local4,cb64-r16-s123:local4
,,,"{""layers"": {""layer_0"": {""after"": {""block_len"": 32, ""if_remote_enabled"": true, ""local_num_blocks"": 4}, ""before"": {""block_len"": 32, ""if_remote_enabled"": true, ""local_num_blocks"": 2}}}, ""num_flash_layers"": 1, ""override"": {""if_remote_enabled"": true, ""local_num_blocks"": 4}}",0,c0d72f24f32e8afcd192453a15113cee60455375a8563fbf8b3cfd3ba191f68f,>4096,query_pos-value_pos,8,123,cb64-r16-s123,0,completed,123,512,4096,cb64-r16,flash,gd-cb64-r16-s123-d123-b64-ga4-fp32-noearly4ep,,local4,cb64-r16-s123:local4
,,,"{""layers"": {""layer_0"": {""after"": {""block_len"": 32, ""if_remote_enabled"": true, ""local_num_blocks"": 4}, ""before"": {""block_len"": 32, ""if_remote_enabled"": true, ""local_num_blocks"": 2}}}, ""num_flash_layers"": 1, ""override"": {""if_remote_enabled"": true, ""local_num_blocks"": 4}}",0,0981292ce8ebea1402a4c3a7a6655dfc1de42688c329bd5ea921541a0f1d16ed,<=32,query_pos-value_pos,8,123,cb64-r16-s123,0,completed,123,1024,4096,cb64-r16,flash,gd-cb64-r16-s123-d123-b64-ga4-fp32-noearly4ep,,local4,cb64-r16-s123:local4
,,,"{""layers"": {""layer_0"": {""after"": {""block_len"": 32, ""if_remote_enabled"": true, ""local_num_blocks"": 4}, ""before"": {""block_len"": 32, ""if_remote_enabled"": true, ""local_num_blocks"": 2}}}, ""num_flash_layers"": 1, ""override"": {""if_remote_enabled"": true, ""local_num_blocks"": 4}}",0,0981292ce8ebea1402a4c3a7a6655dfc1de42688c329bd5ea921541a0f1d16ed,33-64,query_pos-value_pos,8,123,cb64-r16-s123,0,completed,123,1024,4096,cb64-r16,flash,gd-cb64-r16-s123-d123-b64-ga4-fp32-noearly4ep,,local4,cb64-r16-s123:local4
,,,"{""layers"": {""layer_0"": {""after"": {""block_len"": 32, ""if_remote_enabled"": true, ""local_num_blocks"": 4}, ""before"": {""block_len"": 32, ""if_remote_enabled"": true, ""local_num_blocks"": 2}}}, ""num_flash_layers"": 1, ""override"": {""if_remote_enabled"": true, ""local_num_blocks"": 4}}",0,0981292ce8ebea1402a4c3a7a6655dfc1de42688c329bd5ea921541a0f1d16ed,65-128,query_pos-value_pos,8,123,cb64-r16-s123,0,completed,123,1024,4096,cb64-r16,flash,gd-cb64-r16-s123-d123-b64-ga4-fp32-noearly4ep,,local4,cb64-r16-s123:local4
,,,"{""layers"": {""layer_0"": {""after"": {""block_len"": 32, ""if_remote_enabled"": true, ""local_num_blocks"": 4}, ""before"": {""block_len"": 32, ""if_remote_enabled"": true, ""local_num_blocks"": 2}}}, ""num_flash_layers"": 1, ""override"": {""if_remote_enabled"": true, ""local_num_blocks"": 4}}",0,0981292ce8ebea1402a4c3a7a6655dfc1de42688c329bd5ea921541a0f1d16ed,129-256,query_pos-value_pos,8,123,cb64-r16-s123,0,completed,123,1024,4096,cb64-r16,flash,gd-cb64-r16-s123-d123-b64-ga4-fp32-noearly4ep,,local4,cb64-r16-s123:local4
0.2222222222,0.4938388325,0.0000000000,"{""layers"": {""layer_0"": {""after"": {""block_len"": 32, ""if_remote_enabled"": true, ""local_num_blocks"": 4}, ""before"": {""block_len"": 32, ""if_remote_enabled"": true, ""local_num_blocks"": 2}}}, ""num_flash_layers"": 1, ""override"": {""if_remote_enabled"": true, ""local_num_blocks"": 4}}",2,0981292ce8ebea1402a4c3a7a6655dfc1de42688c329bd5ea921541a0f1d16ed,257-512,query_pos-value_pos,8,123,cb64-r16-s123,9,completed,123,1024,4096,cb64-r16,flash,gd-cb64-r16-s123-d123-b64-ga4-fp32-noearly4ep,0.1385799032,local4,cb64-r16-s123:local4
0.4009420360,0.4103598908,0.3915241811,"{""layers"": {""layer_0"": {""after"": {""block_len"": 32, ""if_remote_enabled"": true, ""local_num_blocks"": 4}, ""before"": {""block_len"": 32, ""if_remote_enabled"": true, ""local_num_blocks"": 2}}}, ""num_flash_layers"": 1, ""override"": {""if_remote_enabled"": true, ""local_num_blocks"": 4}}",4171,0981292ce8ebea1402a4c3a7a6655dfc1de42688c329bd5ea921541a0f1d16ed,513-1024,query_pos-value_pos,8,123,cb64-r16-s123,10403,completed,123,1024,4096,cb64-r16,flash,gd-cb64-r16-s123-d123-b64-ga4-fp32-noearly4ep,0.0048050280,local4,cb64-r16-s123:local4
0.4585634136,0.4604397428,0.4566870843,"{""layers"": {""layer_0"": {""after"": {""block_len"": 32, ""if_remote_enabled"": true, ""local_num_blocks"": 4}, ""before"": {""block_len"": 32, ""if_remote_enabled"": true, ""local_num_blocks"": 2}}}, ""num_flash_layers"": 1, ""override"": {""if_remote_enabled"": true, ""local_num_blocks"": 4}}",124234,0981292ce8ebea1402a4c3a7a6655dfc1de42688c329bd5ea921541a0f1d16ed,1025-2048,query_pos-value_pos,8,123,cb64-r16-s123,270920,completed,123,1024,4096,cb64-r16,flash,gd-cb64-r16-s123-d123-b64-ga4-fp32-noearly4ep,0.0009573108,local4,cb64-r16-s123:local4
0.4920708551,0.4941110788,0.4900306314,"{""layers"": {""layer_0"": {""after"": {""block_len"": 32, ""if_remote_enabled"": true, ""local_num_blocks"": 4}, ""before"": {""block_len"": 32, ""if_remote_enabled"": true, ""local_num_blocks"": 2}}}, ""num_flash_layers"": 1, ""override"": {""if_remote_enabled"": true, ""local_num_blocks"": 4}}",113505,0981292ce8ebea1402a4c3a7a6655dfc1de42688c329bd5ea921541a0f1d16ed,2049-4096,query_pos-value_pos,8,123,cb64-r16-s123,230668,completed,123,1024,4096,cb64-r16,flash,gd-cb64-r16-s123-d123-b64-ga4-fp32-noearly4ep,0.0010409305,local4,cb64-r16-s123:local4
,,,"{""layers"": {""layer_0"": {""after"": {""block_len"": 32, ""if_remote_enabled"": true, ""local_num_blocks"": 4}, ""before"": {""block_len"": 32, ""if_remote_enabled"": true, ""local_num_blocks"": 2}}}, ""num_flash_layers"": 1, ""override"": {""if_remote_enabled"": true, ""local_num_blocks"": 4}}",0,0981292ce8ebea1402a4c3a7a6655dfc1de42688c329bd5ea921541a0f1d16ed,>4096,query_pos-value_pos,8,123,cb64-r16-s123,0,completed,123,1024,4096,cb64-r16,flash,gd-cb64-r16-s123-d123-b64-ga4-fp32-noearly4ep,,local4,cb64-r16-s123:local4
